# Emergent specific intensity at surface (nd=0)  iter=11
# Col 1: E [eV]
# Col 2: I_corona (incident) [erg cm^-2 s^-1 eV^-1 sr^-1]
# Col 3: I_disk (incident) [erg cm^-2 s^-1 eV^-1 sr^-1]
# Col 4: I(mu=-0.960290) [erg cm^-2 s^-1 eV^-1 sr^-1]
# Col 5: I(mu=-0.796666) [erg cm^-2 s^-1 eV^-1 sr^-1]
# Col 6: I(mu=-0.525532) [erg cm^-2 s^-1 eV^-1 sr^-1]
# Col 7: I(mu=-0.183435) [erg cm^-2 s^-1 eV^-1 sr^-1]
# Col 8: I(mu=0.183435) [erg cm^-2 s^-1 eV^-1 sr^-1]
# Col 9: I(mu=0.525532) [erg cm^-2 s^-1 eV^-1 sr^-1]
# Col 10: I(mu=0.796666) [erg cm^-2 s^-1 eV^-1 sr^-1]
# Col 11: I(mu=0.960290) [erg cm^-2 s^-1 eV^-1 sr^-1]
1.004861e+00  5.554764e-32  0.000000e+00  0.000000e+00  4.995717e-31  0.000000e+00  0.000000e+00  2.406235e+10  2.055326e+10  1.981494e+10  1.946097e+10
1.014577e+00  1.426861e-31  0.000000e+00  0.000000e+00  1.283258e-30  0.000000e+00  0.000000e+00  2.431955e+10  2.085882e+10  2.014276e+10  1.979547e+10
1.024387e+00  3.631904e-31  0.000000e+00  0.000000e+00  3.266379e-30  0.000000e+00  0.000000e+00  2.463530e+10  2.126799e+10  2.059282e+10  2.025987e+10
1.034292e+00  9.161384e-31  0.000000e+00  0.000000e+00  8.239357e-30  0.000000e+00  0.000000e+00  2.970805e+10  2.677366e+10  2.606955e+10  2.565541e+10
1.044293e+00  2.290339e-30  0.000000e+00  0.000000e+00  2.059833e-29  0.000000e+00  0.000000e+00  2.981902e+10  2.700109e+10  2.639465e+10  2.602353e+10
1.054391e+00  5.675281e-30  0.000000e+00  0.000000e+00  5.104105e-29  0.000000e+00  0.000000e+00  2.545350e+10  2.224173e+10  2.163655e+10  2.132452e+10
1.064586e+00  1.393994e-29  0.000000e+00  0.000000e+00  1.253699e-28  0.000000e+00  0.000000e+00  2.621966e+10  2.273357e+10  2.206501e+10  2.172721e+10
1.074880e+00  3.394354e-29  0.000000e+00  0.000000e+00  3.052737e-28  0.000000e+00  0.000000e+00  2.594701e+10  2.278355e+10  2.219867e+10  2.188996e+10
1.085273e+00  8.194299e-29  0.000000e+00  0.000000e+00  7.369603e-28  0.000000e+00  0.000000e+00  2.622768e+10  2.311733e+10  2.255498e+10  2.225316e+10
1.095767e+00  1.961377e-28  0.000000e+00  0.000000e+00  1.763979e-27  0.000000e+00  0.000000e+00  2.777214e+10  2.407237e+10  2.338743e+10  2.303835e+10
1.106362e+00  4.655220e-28  0.000000e+00  0.000000e+00  4.186706e-27  0.000000e+00  0.000000e+00  2.714126e+10  2.414341e+10  2.364689e+10  2.336606e+10
1.117059e+00  1.095682e-27  0.000000e+00  0.000000e+00  9.854096e-27  0.000000e+00  0.000000e+00  3.127680e+10  2.929334e+10  2.930651e+10  2.921353e+10
1.127861e+00  2.557577e-27  0.000000e+00  0.000000e+00  2.300176e-26  0.000000e+00  0.000000e+00  2.117626e+11  1.979035e+11  1.910985e+11  1.868205e+11
1.138766e+00  5.921168e-27  0.000000e+00  0.000000e+00  5.325246e-26  0.000000e+00  0.000000e+00  3.884095e+10  3.631533e+10  3.604284e+10  3.576765e+10
1.149777e+00  1.359736e-26  0.000000e+00  0.000000e+00  1.222888e-25  0.000000e+00  0.000000e+00  3.223221e+10  2.746339e+10  2.665433e+10  2.625453e+10
1.160894e+00  3.097449e-26  0.000000e+00  0.000000e+00  2.785713e-25  0.000000e+00  0.000000e+00  2.926951e+10  2.629075e+10  2.580536e+10  2.550913e+10
1.172119e+00  6.999863e-26  0.000000e+00  0.000000e+00  6.295378e-25  0.000000e+00  0.000000e+00  2.853023e+10  2.583755e+10  2.544872e+10  2.519227e+10
1.183453e+00  1.569437e-25  0.000000e+00  0.000000e+00  1.411485e-24  0.000000e+00  0.000000e+00  2.880700e+10  2.616237e+10  2.579279e+10  2.554079e+10
1.194855e+00  3.481435e-25  0.000000e+00  0.000000e+00  3.131053e-24  0.000000e+00  0.000000e+00  2.917383e+10  2.659947e+10  2.626064e+10  2.601777e+10
1.206325e+00  7.642097e-25  0.000000e+00  0.000000e+00  6.872976e-24  0.000000e+00  0.000000e+00  3.383359e+10  3.078285e+10  3.024571e+10  2.988688e+10
1.217905e+00  1.664872e-24  0.000000e+00  0.000000e+00  1.497314e-23  0.000000e+00  0.000000e+00  3.270437e+10  3.088725e+10  3.091688e+10  3.080077e+10
1.229597e+00  3.599929e-24  0.000000e+00  0.000000e+00  3.237623e-23  0.000000e+00  0.000000e+00  1.570303e+11  1.370687e+11  1.307222e+11  1.272971e+11
1.241401e+00  7.726509e-24  0.000000e+00  0.000000e+00  6.948892e-23  0.000000e+00  0.000000e+00  3.625468e+10  3.422150e+10  3.416943e+10  3.398892e+10
1.253318e+00  1.646188e-23  0.000000e+00  0.000000e+00  1.480511e-22  0.000000e+00  0.000000e+00  3.070160e+10  2.840257e+10  2.817956e+10  2.796631e+10
1.265349e+00  3.481869e-23  0.000000e+00  0.000000e+00  3.131444e-22  0.000000e+00  0.000000e+00  3.078028e+10  2.846638e+10  2.822605e+10  2.800256e+10
1.277496e+00  7.311603e-23  0.000000e+00  0.000000e+00  6.575744e-22  0.000000e+00  0.000000e+00  3.107228e+10  2.885374e+10  2.865243e+10  2.844134e+10
1.289760e+00  1.524438e-22  0.000000e+00  0.000000e+00  1.371014e-21  0.000000e+00  0.000000e+00  3.384407e+10  3.193334e+10  3.190754e+10  3.174970e+10
1.302141e+00  3.155973e-22  0.000000e+00  0.000000e+00  2.838348e-21  0.000000e+00  0.000000e+00  1.214076e+11  1.041481e+11  9.918559e+10  9.657171e+10
1.314641e+00  6.488026e-22  0.000000e+00  0.000000e+00  5.835053e-21  0.000000e+00  0.000000e+00  3.438480e+10  3.271149e+10  3.275898e+10  3.262053e+10
1.327261e+00  1.324575e-21  0.000000e+00  0.000000e+00  1.191266e-20  0.000000e+00  0.000000e+00  3.388810e+10  3.198244e+10  3.195126e+10  3.178566e+10
1.340003e+00  2.685676e-21  0.000000e+00  0.000000e+00  2.415382e-20  0.000000e+00  0.000000e+00  9.955010e+10  8.266917e+10  7.829087e+10  7.611254e+10
1.352866e+00  5.408444e-21  0.000000e+00  0.000000e+00  4.864123e-20  0.000000e+00  0.000000e+00  3.344957e+10  3.194476e+10  3.202331e+10  3.189533e+10
1.365854e+00  1.081835e-20  0.000000e+00  0.000000e+00  9.729560e-20  0.000000e+00  0.000000e+00  3.563844e+10  3.356275e+10  3.345426e+10  3.323898e+10
1.378965e+00  2.149548e-20  0.000000e+00  0.000000e+00  1.933212e-19  0.000000e+00  0.000000e+00  7.741298e+10  6.683260e+10  6.419847e+10  6.277546e+10
1.392203e+00  4.242860e-20  0.000000e+00  0.000000e+00  3.815847e-19  0.000000e+00  0.000000e+00  5.983063e+10  5.416278e+10  5.296535e+10  5.217265e+10
1.405568e+00  8.319991e-20  0.000000e+00  0.000000e+00  7.482644e-19  0.000000e+00  0.000000e+00  4.090397e+10  3.882184e+10  3.871884e+10  3.846478e+10
1.419100e+00  1.624067e-19  0.000000e+00  0.000000e+00  1.460617e-18  0.000000e+00  0.000000e+00  5.612550e+10  5.057922e+10  4.941647e+10  4.866201e+10
1.432802e+00  3.155709e-19  0.000000e+00  0.000000e+00  2.838110e-18  0.000000e+00  0.000000e+00  5.153262e+10  4.679563e+10  4.592335e+10  4.531272e+10
1.446637e+00  6.092436e-19  0.000000e+00  0.000000e+00  5.479276e-18  0.000000e+00  0.000000e+00  6.058790e+10  5.375992e+10  5.227416e+10  5.137693e+10
1.460605e+00  1.168727e-18  0.000000e+00  0.000000e+00  1.051103e-17  0.000000e+00  0.000000e+00  5.276675e+10  4.745843e+10  4.643933e+10  4.576794e+10
1.474708e+00  2.227868e-18  0.000000e+00  0.000000e+00  2.003649e-17  0.000000e+00  0.000000e+00  5.637419e+10  5.008332e+10  4.874671e+10  4.793008e+10
1.488947e+00  4.220332e-18  0.000000e+00  0.000000e+00  3.795586e-17  0.000000e+00  0.000000e+00  3.737881e+10  3.512537e+10  3.494723e+10  3.467946e+10
1.503323e+00  7.945304e-18  0.000000e+00  0.000000e+00  7.145667e-17  0.000000e+00  0.000000e+00  3.638513e+10  3.434912e+10  3.424499e+10  3.401091e+10
1.517838e+00  1.486644e-17  0.000000e+00  0.000000e+00  1.337024e-16  0.000000e+00  0.000000e+00  5.014912e+10  4.674781e+10  4.609011e+10  4.553686e+10
1.532494e+00  2.764784e-17  0.000000e+00  0.000000e+00  2.486529e-16  0.000000e+00  0.000000e+00  5.101840e+10  4.759525e+10  4.695238e+10  4.640001e+10
1.547291e+00  5.110918e-17  0.000000e+00  0.000000e+00  4.596541e-16  0.000000e+00  0.000000e+00  5.094083e+10  4.750514e+10  4.686571e+10  4.631387e+10
1.562231e+00  9.391713e-17  0.000000e+00  0.000000e+00  8.446506e-16  0.000000e+00  0.000000e+00  5.065737e+10  4.718043e+10  4.654413e+10  4.599686e+10
1.577315e+00  1.715631e-16  0.000000e+00  0.000000e+00  1.542965e-15  0.000000e+00  0.000000e+00  5.030429e+10  4.695170e+10  4.634615e+10  4.581080e+10
1.592545e+00  3.115734e-16  0.000000e+00  0.000000e+00  2.802158e-15  0.000000e+00  0.000000e+00  5.423479e+10  4.897417e+10  4.793689e+10  4.723702e+10
1.607921e+00  5.625731e-16  0.000000e+00  0.000000e+00  5.059542e-15  0.000000e+00  0.000000e+00  5.050134e+10  4.703455e+10  4.639298e+10  4.583992e+10
1.623447e+00  1.009958e-15  0.000000e+00  0.000000e+00  9.083134e-15  0.000000e+00  0.000000e+00  5.039699e+10  4.688609e+10  4.623448e+10  4.567737e+10
1.639122e+00  1.802843e-15  0.000000e+00  0.000000e+00  1.621400e-14  0.000000e+00  0.000000e+00  5.042438e+10  4.682753e+10  4.615552e+10  4.558938e+10
1.654948e+00  3.200116e-15  0.000000e+00  0.000000e+00  2.878048e-14  0.000000e+00  0.000000e+00  5.049127e+10  4.683927e+10  4.614835e+10  4.557403e+10
1.670928e+00  5.648726e-15  0.000000e+00  0.000000e+00  5.080222e-14  0.000000e+00  0.000000e+00  5.006575e+10  4.645719e+10  4.578076e+10  4.521389e+10
1.687029e+00  9.904874e-15  0.000000e+00  0.000000e+00  8.908021e-14  0.000000e+00  0.000000e+00  4.997262e+10  4.635000e+10  4.567216e+10  4.510379e+10
1.703253e+00  1.725452e-14  0.000000e+00  0.000000e+00  1.551798e-13  0.000000e+00  0.000000e+00  5.516948e+10  4.939160e+10  4.816331e+10  4.737396e+10
1.719633e+00  2.989655e-14  0.000000e+00  0.000000e+00  2.688768e-13  0.000000e+00  0.000000e+00  4.977605e+10  4.603320e+10  4.532559e+10  4.474679e+10
1.736170e+00  5.152593e-14  0.000000e+00  0.000000e+00  4.634022e-13  0.000000e+00  0.000000e+00  4.970590e+10  4.595728e+10  4.524908e+10  4.466952e+10
1.752867e+00  8.833631e-14  0.000000e+00  0.000000e+00  7.944590e-13  0.000000e+00  0.000000e+00  5.712800e+10  5.051267e+10  4.915694e+10  4.832554e+10
1.769724e+00  1.506548e-13  0.000000e+00  0.000000e+00  1.354925e-12  0.000000e+00  0.000000e+00  4.923094e+10  4.543572e+10  4.471369e+10  4.412977e+10
1.786743e+00  2.556106e-13  0.000000e+00  0.000000e+00  2.298852e-12  0.000000e+00  0.000000e+00  4.890225e+10  4.503915e+10  4.429241e+10  4.370013e+10
1.803926e+00  4.314675e-13  0.000000e+00  0.000000e+00  3.880434e-12  0.000000e+00  0.000000e+00  4.877086e+10  4.483732e+10  4.407032e+10  4.347126e+10
1.821274e+00  7.246227e-13  0.000000e+00  0.000000e+00  6.516947e-12  0.000000e+00  0.000000e+00  4.849274e+10  4.458251e+10  4.382381e+10  4.322918e+10
1.838789e+00  1.210853e-12  0.000000e+00  0.000000e+00  1.088990e-11  0.000000e+00  0.000000e+00  4.895631e+10  4.529867e+10  4.463342e+10  4.406750e+10
1.856473e+00  2.013296e-12  0.000000e+00  0.000000e+00  1.810672e-11  0.000000e+00  0.000000e+00  1.175745e+11  8.598557e+10  7.858519e+10  7.536879e+10
1.874326e+00  3.331046e-12  0.000000e+00  0.000000e+00  2.995801e-11  0.000000e+00  0.000000e+00  6.283435e+10  6.823267e+10  7.202970e+10  7.326945e+10
1.892351e+00  5.484427e-12  0.000000e+00  0.000000e+00  4.932459e-11  0.000000e+00  0.000000e+00  3.862660e+11  4.486738e+11  4.833511e+11  4.960432e+11
1.910550e+00  8.986271e-12  0.000000e+00  0.000000e+00  8.081868e-11  0.000000e+00  0.000000e+00  6.240629e+10  6.749546e+10  7.120633e+10  7.241859e+10
1.928923e+00  1.465364e-11  0.000000e+00  0.000000e+00  1.317886e-10  0.000000e+00  0.000000e+00  4.815374e+10  4.473112e+10  4.427544e+10  4.381531e+10
1.947473e+00  2.378204e-11  0.000000e+00  0.000000e+00  2.138855e-10  0.000000e+00  0.000000e+00  4.839684e+10  4.354908e+10  4.253420e+10  4.184700e+10
1.966202e+00  3.841580e-11  0.000000e+00  0.000000e+00  3.454953e-10  0.000000e+00  0.000000e+00  4.605411e+10  4.193635e+10  4.110089e+10  4.048686e+10
1.985111e+00  6.176570e-11  0.000000e+00  0.000000e+00  5.554943e-10  0.000000e+00  0.000000e+00  4.565986e+10  4.151234e+10  4.066416e+10  4.004746e+10
2.004246e+00  9.895803e-11  0.000000e+00  0.000000e+00  8.899863e-10  0.000000e+00  0.000000e+00  4.536362e+10  4.116222e+10  4.029639e+10  3.967450e+10
2.023609e+00  1.579872e-10  0.000000e+00  0.000000e+00  1.420869e-09  0.000000e+00  0.000000e+00  4.497056e+10  4.075315e+10  3.987972e+10  3.925744e+10
2.043160e+00  2.510780e-10  0.000000e+00  0.000000e+00  2.258088e-09  0.000000e+00  0.000000e+00  4.449390e+10  4.029501e+10  3.942355e+10  3.880382e+10
2.062900e+00  3.972192e-10  0.000000e+00  0.000000e+00  3.572419e-09  0.000000e+00  0.000000e+00  4.412196e+10  3.993086e+10  3.906326e+10  3.844758e+10
2.082830e+00  6.256126e-10  0.000000e+00  0.000000e+00  5.626493e-09  0.000000e+00  0.000000e+00  4.433342e+10  4.041702e+10  3.966218e+10  3.908821e+10
2.102954e+00  9.809642e-10  0.000000e+00  0.000000e+00  8.822373e-09  0.000000e+00  0.000000e+00  8.214730e+10  6.646083e+10  6.307859e+10  6.142681e+10
2.123271e+00  1.531410e-09  0.000000e+00  0.000000e+00  1.377285e-08  0.000000e+00  0.000000e+00  4.348077e+10  3.954109e+10  3.877277e+10  3.819842e+10
2.143785e+00  2.380340e-09  0.000000e+00  0.000000e+00  2.140776e-08  0.000000e+00  0.000000e+00  4.237420e+10  3.813706e+10  3.724257e+10  3.662633e+10
2.164497e+00  3.683949e-09  0.000000e+00  0.000000e+00  3.313187e-08  0.000000e+00  0.000000e+00  4.187390e+10  3.760288e+10  3.669001e+10  3.606902e+10
2.185409e+00  5.677188e-09  0.000000e+00  0.000000e+00  5.105821e-08  0.000000e+00  0.000000e+00  4.141158e+10  3.712743e+10  3.620628e+10  3.558500e+10
2.206523e+00  8.711958e-09  0.000000e+00  0.000000e+00  7.835163e-08  0.000000e+00  0.000000e+00  4.093634e+10  3.664609e+10  3.571783e+10  3.509717e+10
2.227841e+00  1.331308e-08  0.000000e+00  0.000000e+00  1.197322e-07  0.000000e+00  0.000000e+00  4.046022e+10  3.616538e+10  3.523217e+10  3.461258e+10
2.249365e+00  2.025999e-08  0.000000e+00  0.000000e+00  1.822097e-07  0.000000e+00  0.000000e+00  3.996225e+10  3.566157e+10  3.472325e+10  3.410456e+10
2.271097e+00  3.070542e-08  0.000000e+00  0.000000e+00  2.761514e-07  0.000000e+00  0.000000e+00  3.946556e+10  3.516505e+10  3.422241e+10  3.360471e+10
2.293039e+00  4.634713e-08  0.000000e+00  0.000000e+00  4.168262e-07  0.000000e+00  0.000000e+00  3.955267e+10  3.496958e+10  3.395651e+10  3.331512e+10
2.315193e+00  6.967543e-08  0.000000e+00  0.000000e+00  6.266311e-07  0.000000e+00  0.000000e+00  3.846533e+10  3.415869e+10  3.320670e+10  3.259176e+10
2.337561e+00  1.043284e-07  0.000000e+00  0.000000e+00  9.382846e-07  0.000000e+00  0.000000e+00  3.806474e+10  3.369288e+10  3.272236e+10  3.210380e+10
2.360145e+00  1.555992e-07  0.000000e+00  0.000000e+00  1.399393e-06  0.000000e+00  0.000000e+00  3.749023e+10  3.315982e+10  3.219446e+10  3.158122e+10
2.382904e+00  2.309885e-07  0.000000e+00  0.000000e+00  2.077412e-06  0.000000e+00  0.000000e+00  3.780505e+10  3.306851e+10  3.200747e+10  3.136124e+10
2.405840e+00  3.413342e-07  0.000000e+00  0.000000e+00  3.069814e-06  0.000000e+00  0.000000e+00  3.841716e+10  3.313866e+10  3.194960e+10  3.125892e+10
2.428996e+00  5.024733e-07  0.000000e+00  0.000000e+00  4.519030e-06  0.000000e+00  0.000000e+00  3.583431e+10  3.157570e+10  3.061611e+10  3.001499e+10
2.452376e+00  7.368948e-07  0.000000e+00  0.000000e+00  6.627317e-06  0.000000e+00  0.000000e+00  3.770068e+10  3.253382e+10  3.133991e+10  3.064684e+10
2.475980e+00  1.076646e-06  0.000000e+00  0.000000e+00  9.682895e-06  0.000000e+00  0.000000e+00  4.029749e+10  3.357923e+10  3.210830e+10  3.132456e+10
2.499812e+00  1.567224e-06  0.000000e+00  0.000000e+00  1.409494e-05  0.000000e+00  0.000000e+00  3.755042e+10  3.494967e+10  3.474192e+10  3.443182e+10
2.523873e+00  2.272976e-06  0.000000e+00  0.000000e+00  2.044217e-05  0.000000e+00  0.000000e+00  1.067532e+11  1.069730e+11  1.096558e+11  1.100131e+11
2.548165e+00  3.284579e-06  0.000000e+00  0.000000e+00  2.954010e-05  0.000000e+00  0.000000e+00  1.234317e+12  1.218006e+12  1.188698e+12  1.162844e+12
2.572692e+00  4.729342e-06  0.000000e+00  0.000000e+00  4.253368e-05  0.000000e+00  0.000000e+00  7.380037e+10  8.664542e+10  9.255163e+10  9.422432e+10
2.597454e+00  6.785357e-06  0.000000e+00  0.000000e+00  6.102460e-05  0.000000e+00  0.000000e+00  3.503721e+10  3.242873e+10  3.220260e+10  3.190426e+10
2.622455e+00  9.700866e-06  0.000000e+00  0.000000e+00  8.724544e-05  0.000000e+00  0.000000e+00  3.904014e+10  3.276730e+10  3.131997e+10  3.053616e+10
2.647696e+00  1.382066e-05  0.000000e+00  0.000000e+00  1.242971e-04  0.000000e+00  0.000000e+00  3.737540e+10  2.990679e+10  2.823916e+10  2.741060e+10
2.673181e+00  1.962193e-05  0.000000e+00  0.000000e+00  1.764713e-04  0.000000e+00  0.000000e+00  3.034063e+10  2.617708e+10  2.520445e+10  2.463634e+10
2.698911e+00  2.776285e-05  0.000000e+00  0.000000e+00  2.496872e-04  0.000000e+00  0.000000e+00  2.974521e+10  2.560371e+10  2.463061e+10  2.406618e+10
2.724888e+00  3.914802e-05  0.000000e+00  0.000000e+00  3.520805e-04  0.000000e+00  0.000000e+00  2.935224e+10  2.520240e+10  2.423287e+10  2.367414e+10
2.751115e+00  5.501651e-05  0.000000e+00  0.000000e+00  4.947950e-04  0.000000e+00  0.000000e+00  2.955335e+10  2.587041e+10  2.506639e+10  2.456638e+10
2.777595e+00  7.705978e-05  0.000000e+00  0.000000e+00  6.930427e-04  0.000000e+00  0.000000e+00  7.864409e+10  5.937928e+10  5.490404e+10  5.285570e+10
2.804330e+00  1.075791e-04  0.000000e+00  0.000000e+00  9.675202e-04  0.000000e+00  0.000000e+00  3.168738e+10  2.847408e+10  2.795197e+10  2.755505e+10
2.831363e+00  1.497692e-04  0.000000e+00  0.000000e+00  1.346960e-03  0.000000e+00  0.000000e+00  6.654124e+10  6.501092e+10  6.585549e+10  6.573479e+10
2.858697e+00  2.079300e-04  0.000000e+00  0.000000e+00  1.870033e-03  0.000000e+00  0.000000e+00  6.937348e+11  6.358211e+11  6.118059e+11  5.959661e+11
2.886296e+00  2.877459e-04  0.000000e+00  0.000000e+00  2.587864e-03  0.000000e+00  0.000000e+00  4.742438e+10  5.183558e+10  5.427800e+10  5.485199e+10
2.914161e+00  3.969286e-04  0.000000e+00  0.000000e+00  3.569806e-03  0.000000e+00  0.000000e+00  2.679177e+10  2.365376e+10  2.308190e+10  2.270011e+10
2.942295e+00  5.458078e-04  0.000000e+00  0.000000e+00  4.908763e-03  0.000000e+00  0.000000e+00  2.530669e+10  2.135571e+10  2.043838e+10  1.993150e+10
2.970700e+00  7.481774e-04  0.000000e+00  0.000000e+00  6.728788e-03  0.000000e+00  0.000000e+00  2.608016e+10  2.267674e+10  2.198081e+10  2.155309e+10
2.999380e+00  1.022398e-03  0.000000e+00  0.000000e+00  9.195009e-03  0.000000e+00  0.000000e+00  5.278607e+10  5.020345e+10  5.030926e+10  4.999111e+10
3.028337e+00  1.392831e-03  0.000000e+00  0.000000e+00  1.252653e-02  0.000000e+00  0.000000e+00  5.701102e+11  4.587372e+11  4.280079e+11  4.125727e+11
3.057573e+00  1.891705e-03  0.000000e+00  0.000000e+00  1.701318e-02  0.000000e+00  0.000000e+00  3.881046e+10  4.104960e+10  4.256739e+10  4.286055e+10
3.087091e+00  2.561515e-03  0.000000e+00  0.000000e+00  2.303717e-02  0.000000e+00  0.000000e+00  7.518155e+10  6.362720e+10  6.138176e+10  6.010233e+10
3.116895e+00  3.458135e-03  0.000000e+00  0.000000e+00  3.110098e-02  0.000000e+00  0.000000e+00  3.422553e+11  2.723481e+11  2.536380e+11  2.443870e+11
3.146986e+00  4.654795e-03  0.000000e+00  0.000000e+00  4.186324e-02  0.000000e+00  0.000000e+00  4.147664e+10  4.004087e+10  4.047723e+10  4.037394e+10
3.177368e+00  6.247199e-03  0.000000e+00  0.000000e+00  5.618464e-02  0.000000e+00  0.000000e+00  2.175449e+11  1.724077e+11  1.604958e+11  1.546306e+11
3.208043e+00  8.360039e-03  0.000000e+00  0.000000e+00  7.518662e-02  0.000000e+00  0.000000e+00  3.529024e+10  3.349425e+10  3.355172e+10  3.333250e+10
3.239014e+00  1.115531e-02  0.000000e+00  0.000000e+00  1.003261e-01  0.000000e+00  0.000000e+00  2.020313e+11  1.544694e+11  1.422604e+11  1.365032e+11
3.270284e+00  1.484284e-02  0.000000e+00  0.000000e+00  1.334902e-01  0.000000e+00  0.000000e+00  1.168508e+11  9.628379e+10  9.118656e+10  8.850979e+10
3.301856e+00  1.969367e-02  0.000000e+00  0.000000e+00  1.771165e-01  0.000000e+00  0.000000e+00  1.356008e+11  1.106872e+11  1.042884e+11  1.009907e+11
3.333733e+00  2.605686e-02  0.000000e+00  0.000000e+00  2.343443e-01  0.000000e+00  0.000000e+00  1.464992e+11  1.165998e+11  1.088392e+11  1.049860e+11
3.362168e+00  3.329741e-02  0.000000e+00  0.000000e+00  2.994627e-01  0.000000e+00  0.000000e+00  9.441984e+10  7.544082e+10  7.057245e+10  6.814507e+10
3.387101e+00  4.114198e-02  0.000000e+00  0.000000e+00  3.700134e-01  0.000000e+00  0.000000e+00  2.736560e+10  2.663836e+10  2.689115e+10  2.679274e+10
3.416470e+00  5.257230e-02  0.000000e+00  0.000000e+00  4.728128e-01  0.000000e+00  0.000000e+00  1.037278e+11  8.626756e+10  8.110258e+10  7.840590e+10
3.450350e+00  6.938932e-02  0.000000e+00  0.000000e+00  6.240579e-01  0.000000e+00  0.000000e+00  9.694018e+10  8.210861e+10  7.781503e+10  7.548770e+10
3.484566e+00  9.132773e-02  0.000000e+00  0.000000e+00  8.213626e-01  0.000000e+00  0.000000e+00  9.210645e+10  7.768198e+10  7.354560e+10  7.131991e+10
3.519121e+00  1.198668e-01  0.000000e+00  0.000000e+00  1.078031e+00  0.000000e+00  0.000000e+00  9.048848e+10  7.569988e+10  7.147406e+10  6.923446e+10
3.554019e+00  1.568894e-01  0.000000e+00  0.000000e+00  1.410997e+00  0.000000e+00  0.000000e+00  8.760467e+10  7.279682e+10  6.858761e+10  6.638259e+10
3.589264e+00  2.047851e-01  0.000000e+00  0.000000e+00  1.841750e+00  0.000000e+00  0.000000e+00  8.558878e+10  7.039158e+10  6.608510e+10  6.386767e+10
3.624857e+00  2.665784e-01  0.000000e+00  0.000000e+00  2.397492e+00  0.000000e+00  0.000000e+00  6.839037e+10  5.736804e+10  5.433796e+10  5.273480e+10
3.660804e+00  3.460867e-01  0.000000e+00  0.000000e+00  3.112555e+00  0.000000e+00  0.000000e+00  6.836754e+10  5.661089e+10  5.336827e+10  5.169167e+10
3.697107e+00  4.481150e-01  0.000000e+00  0.000000e+00  4.030155e+00  0.000000e+00  0.000000e+00  6.724643e+10  5.523463e+10  5.192400e+10  5.023540e+10
3.733770e+00  5.786958e-01  0.000000e+00  0.000000e+00  5.204543e+00  0.000000e+00  0.000000e+00  6.385560e+10  5.215849e+10  4.895808e+10  4.733703e+10
3.770797e+00  7.453814e-01  0.000000e+00  0.000000e+00  6.703641e+00  0.000000e+00  0.000000e+00  6.242795e+10  5.057263e+10  4.733605e+10  4.571620e+10
3.808191e+00  9.576024e-01  0.000000e+00  0.000000e+00  8.612267e+00  0.000000e+00  0.000000e+00  6.000382e+10  4.830300e+10  4.512311e+10  4.354492e+10
3.845955e+00  1.227104e+00  0.000000e+00  0.000000e+00  1.103605e+01  0.000000e+00  0.000000e+00  5.823089e+10  4.654138e+10  4.337707e+10  4.182162e+10
3.884095e+00  1.568476e+00  0.000000e+00  0.000000e+00  1.410621e+01  0.000000e+00  0.000000e+00  6.433357e+10  4.880644e+10  4.479329e+10  4.293660e+10
3.922612e+00  1.999797e+00  0.000000e+00  0.000000e+00  1.798532e+01  0.000000e+00  0.000000e+00  5.556127e+10  4.346053e+10  4.022451e+10  3.867528e+10
3.961511e+00  2.543405e+00  0.000000e+00  0.000000e+00  2.287430e+01  0.000000e+00  0.000000e+00  5.081015e+10  3.957314e+10  3.657026e+10  3.513970e+10
4.000261e+00  3.216484e+00  0.000000e+00  0.000000e+00  2.892768e+01  0.000000e+00  0.000000e+00  4.913754e+10  3.796783e+10  3.498921e+10  3.358140e+10
4.038853e+00  4.045287e+00  0.000000e+00  0.000000e+00  3.638159e+01  0.000000e+00  0.000000e+00  4.734030e+10  3.633832e+10  3.341380e+10  3.204143e+10
4.077817e+00  5.076053e+00  0.000000e+00  0.000000e+00  4.565185e+01  0.000000e+00  0.000000e+00  4.558662e+10  3.476052e+10  3.189233e+10  3.055525e+10
4.117158e+00  6.355083e+00  0.000000e+00  0.000000e+00  5.715490e+01  0.000000e+00  0.000000e+00  4.388657e+10  3.324254e+10  3.043349e+10  2.913112e+10
4.156877e+00  7.938599e+00  0.000000e+00  0.000000e+00  7.139636e+01  0.000000e+00  0.000000e+00  4.235060e+10  3.186839e+10  2.911254e+10  2.784310e+10
4.196981e+00  9.894717e+00  0.000000e+00  0.000000e+00  8.898886e+01  0.000000e+00  0.000000e+00  4.432390e+10  3.242281e+10  2.935408e+10  2.797700e+10
4.237471e+00  1.230578e+01  0.000000e+00  0.000000e+00  1.106729e+02  0.000000e+00  0.000000e+00  4.337072e+10  3.120667e+10  2.811247e+10  2.674104e+10
4.278351e+00  1.527109e+01  0.000000e+00  0.000000e+00  1.373416e+02  0.000000e+00  0.000000e+00  3.754643e+10  2.772129e+10  2.516240e+10  2.400216e+10
4.319626e+00  1.891015e+01  0.000000e+00  0.000000e+00  1.700698e+02  0.000000e+00  0.000000e+00  3.621954e+10  2.658302e+10  2.408493e+10  2.295748e+10
4.361299e+00  2.336648e+01  0.000000e+00  0.000000e+00  2.101482e+02  0.000000e+00  0.000000e+00  4.269365e+10  2.989522e+10  2.664687e+10  2.523489e+10
4.403375e+00  2.881202e+01  0.000000e+00  0.000000e+00  2.591230e+02  0.000000e+00  0.000000e+00  4.051167e+10  2.753942e+10  2.438275e+10  2.303639e+10
4.445856e+00  3.545234e+01  0.000000e+00  0.000000e+00  3.188432e+02  0.000000e+00  0.000000e+00  5.017618e+10  3.155046e+10  2.721252e+10  2.544681e+10
4.488747e+00  4.353269e+01  0.000000e+00  0.000000e+00  3.915144e+02  0.000000e+00  0.000000e+00  3.849038e+10  2.704090e+10  2.409395e+10  2.280835e+10
4.532052e+00  5.334508e+01  0.000000e+00  0.000000e+00  4.797628e+02  0.000000e+00  0.000000e+00  3.247096e+10  2.280565e+10  2.035199e+10  1.928085e+10
4.575774e+00  6.523637e+01  0.000000e+00  0.000000e+00  5.867080e+02  0.000000e+00  0.000000e+00  3.101659e+10  2.169218e+10  1.931923e+10  1.828639e+10
4.619919e+00  7.961781e+01  0.000000e+00  0.000000e+00  7.160486e+02  0.000000e+00  0.000000e+00  2.855298e+10  1.993644e+10  1.775233e+10  1.680206e+10
4.664489e+00  9.697598e+01  0.000000e+00  0.000000e+00  8.721605e+02  0.000000e+00  0.000000e+00  2.687686e+10  1.878692e+10  1.674355e+10  1.585312e+10
4.709489e+00  1.178853e+02  0.000000e+00  0.000000e+00  1.060210e+03  0.000000e+00  0.000000e+00  3.479425e+10  2.374923e+10  2.091391e+10  1.969698e+10
4.754887e+00  1.430008e+02  0.000000e+00  0.000000e+00  1.286089e+03  0.000000e+00  0.000000e+00  2.963350e+10  1.834864e+10  1.554308e+10  1.441669e+10
4.800686e+00  1.731057e+02  0.000000e+00  0.000000e+00  1.556838e+03  0.000000e+00  0.000000e+00  2.024493e+10  1.240429e+10  1.049176e+10  9.725330e+09
4.846926e+00  2.091475e+02  0.000000e+00  0.000000e+00  1.880983e+03  0.000000e+00  0.000000e+00  1.891098e+10  1.155258e+10  9.748437e+09  9.025541e+09
4.893612e+00  2.522149e+02  0.000000e+00  0.000000e+00  2.268313e+03  0.000000e+00  0.000000e+00  1.889685e+10  1.134079e+10  9.510734e+09  8.782927e+09
4.940747e+00  3.035801e+02  0.000000e+00  0.000000e+00  2.730270e+03  0.000000e+00  0.000000e+00  1.818987e+10  1.089803e+10  9.126590e+09  8.422350e+09
4.988336e+00  3.647272e+02  0.000000e+00  0.000000e+00  3.280200e+03  0.000000e+00  0.000000e+00  1.684750e+10  1.008699e+10  8.444704e+09  7.791875e+09
5.036384e+00  4.373841e+02  0.000000e+00  0.000000e+00  3.933645e+03  0.000000e+00  0.000000e+00  1.596679e+10  9.524697e+09  7.963095e+09  7.343266e+09
5.084894e+00  5.235587e+02  0.000000e+00  0.000000e+00  4.708663e+03  0.000000e+00  0.000000e+00  1.535774e+10  9.150701e+09  7.653127e+09  7.059209e+09
5.133872e+00  6.255802e+02  0.000000e+00  0.000000e+00  5.626201e+03  0.000000e+00  0.000000e+00  2.278865e+10  1.342996e+10  1.114093e+10  1.023702e+10
5.183321e+00  7.461451e+02  0.000000e+00  0.000000e+00  6.710510e+03  0.000000e+00  0.000000e+00  2.424878e+10  1.412185e+10  1.166168e+10  1.069441e+10
5.233247e+00  8.883695e+02  0.000000e+00  0.000000e+00  7.989616e+03  0.000000e+00  0.000000e+00  1.893198e+10  1.091914e+10  9.005973e+09  8.256973e+09
5.283653e+00  1.055848e+03  0.000000e+00  0.000000e+00  9.495846e+03  0.000000e+00  0.000000e+00  1.999788e+10  1.151283e+10  9.462120e+09  8.658583e+09
5.334545e+00  1.252720e+03  0.000000e+00  0.000000e+00  1.126643e+04  0.000000e+00  0.000000e+00  1.525091e+10  8.805560e+09  7.261287e+09  6.655517e+09
5.385928e+00  1.483742e+03  0.000000e+00  0.000000e+00  1.334414e+04  0.000000e+00  0.000000e+00  2.307842e+10  1.157888e+10  9.069560e+09  8.136107e+09
5.437805e+00  1.754372e+03  0.000000e+00  0.000000e+00  1.577807e+04  0.000000e+00  0.000000e+00  1.201340e+10  6.759927e+09  5.528568e+09  5.050172e+09
5.490182e+00  2.070863e+03  0.000000e+00  0.000000e+00  1.862445e+04  0.000000e+00  0.000000e+00  1.106952e+10  6.240176e+09  5.103047e+09  4.660556e+09
5.543063e+00  2.440360e+03  0.000000e+00  0.000000e+00  2.194756e+04  0.000000e+00  0.000000e+00  1.026830e+10  5.777661e+09  4.720719e+09  4.309746e+09
5.596454e+00  2.871023e+03  0.000000e+00  0.000000e+00  2.582075e+04  0.000000e+00  0.000000e+00  1.009918e+10  5.644054e+09  4.597476e+09  4.191284e+09
5.650380e+00  3.372352e+03  0.000000e+00  0.000000e+00  3.032949e+04  0.000000e+00  0.000000e+00  9.527785e+09  5.299596e+09  4.309039e+09  3.925218e+09
5.704846e+00  3.955018e+03  0.000000e+00  0.000000e+00  3.556974e+04  0.000000e+00  0.000000e+00  8.988966e+09  4.971841e+09  4.034564e+09  3.672233e+09
5.759837e+00  4.630878e+03  0.000000e+00  0.000000e+00  4.164814e+04  0.000000e+00  0.000000e+00  8.572709e+09  4.717175e+09  3.819650e+09  3.473491e+09
5.815358e+00  5.413577e+03  0.000000e+00  0.000000e+00  4.868740e+04  0.000000e+00  0.000000e+00  8.693911e+09  4.723460e+09  3.802263e+09  3.448436e+09
5.871414e+00  6.318560e+03  0.000000e+00  0.000000e+00  5.682642e+04  0.000000e+00  0.000000e+00  8.479847e+09  4.585590e+09  3.682705e+09  3.336308e+09
5.928011e+00  7.363276e+03  0.000000e+00  0.000000e+00  6.622216e+04  0.000000e+00  0.000000e+00  7.426306e+09  4.020483e+09  3.234546e+09  2.932888e+09
5.985153e+00  8.567416e+03  0.000000e+00  0.000000e+00  7.705168e+04  0.000000e+00  0.000000e+00  7.048756e+09  3.794046e+09  3.044957e+09  2.758136e+09
6.042846e+00  9.953157e+03  0.000000e+00  0.000000e+00  8.951444e+04  0.000000e+00  0.000000e+00  6.752650e+09  3.614058e+09  2.893498e+09  2.617871e+09
6.101095e+00  1.154544e+04  0.000000e+00  0.000000e+00  1.038347e+05  0.000000e+00  0.000000e+00  7.328337e+09  3.783191e+09  2.975262e+09  2.669655e+09
6.159906e+00  1.337226e+04  0.000000e+00  0.000000e+00  1.202644e+05  0.000000e+00  0.000000e+00  6.105905e+09  3.192256e+09  2.524624e+09  2.270742e+09
6.219284e+00  1.546502e+04  0.000000e+00  0.000000e+00  1.390858e+05  0.000000e+00  0.000000e+00  5.820698e+09  3.026507e+09  2.388100e+09  2.145853e+09
6.279234e+00  1.785885e+04  0.000000e+00  0.000000e+00  1.606149e+05  0.000000e+00  0.000000e+00  5.548761e+09  2.871154e+09  2.261337e+09  2.030275e+09
6.339762e+00  2.059301e+04  0.000000e+00  0.000000e+00  1.852048e+05  0.000000e+00  0.000000e+00  5.298848e+09  2.729455e+09  2.146060e+09  1.925368e+09
6.400873e+00  2.371133e+04  0.000000e+00  0.000000e+00  2.132496e+05  0.000000e+00  0.000000e+00  5.287720e+09  2.705942e+09  2.121744e+09  1.901226e+09
6.462573e+00  2.726262e+04  0.000000e+00  0.000000e+00  2.451883e+05  0.000000e+00  0.000000e+00  6.581681e+09  3.289088e+09  2.562886e+09  2.291335e+09
6.524868e+00  3.130118e+04  0.000000e+00  0.000000e+00  2.815094e+05  0.000000e+00  0.000000e+00  2.270375e+10  1.148013e+10  8.762741e+09  7.737824e+09
6.587764e+00  3.588734e+04  0.000000e+00  0.000000e+00  3.227554e+05  0.000000e+00  0.000000e+00  5.443977e+09  2.750380e+09  2.151609e+09  1.926832e+09
6.651266e+00  4.108801e+04  0.000000e+00  0.000000e+00  3.695280e+05  0.000000e+00  0.000000e+00  4.175412e+09  2.111064e+09  1.648623e+09  1.474915e+09
6.715385e+00  4.697784e+04  0.000000e+00  0.000000e+00  4.224986e+05  0.000000e+00  0.000000e+00  5.179015e+09  2.527836e+09  1.942808e+09  1.725699e+09
6.780128e+00  5.363899e+04  0.000000e+00  0.000000e+00  4.824061e+05  0.000000e+00  0.000000e+00  3.787050e+09  1.897971e+09  1.476570e+09  1.318663e+09
6.845496e+00  6.116153e+04  0.000000e+00  0.000000e+00  5.500607e+05  0.000000e+00  0.000000e+00  4.096125e+09  2.013706e+09  1.552911e+09  1.381400e+09
6.911493e+00  6.964535e+04  0.000000e+00  0.000000e+00  6.263605e+05  0.000000e+00  0.000000e+00  3.427954e+09  1.699520e+09  1.316330e+09  1.173304e+09
6.978127e+00  7.920040e+04  0.000000e+00  0.000000e+00  7.122946e+05  0.000000e+00  0.000000e+00  3.266902e+09  1.614747e+09  1.249486e+09  1.113274e+09
7.045403e+00  8.994762e+04  0.000000e+00  0.000000e+00  8.089505e+05  0.000000e+00  0.000000e+00  3.673766e+09  1.809438e+09  1.401108e+09  1.249106e+09
7.113328e+00  1.020198e+05  0.000000e+00  0.000000e+00  9.175226e+05  0.000000e+00  0.000000e+00  1.224350e+10  5.837577e+09  4.396437e+09  3.864660e+09
7.181908e+00  1.155626e+05  0.000000e+00  0.000000e+00  1.039321e+06  0.000000e+00  0.000000e+00  3.450858e+09  1.683509e+09  1.298945e+09  1.156303e+09
7.251149e+00  1.307354e+05  0.000000e+00  0.000000e+00  1.175779e+06  0.000000e+00  0.000000e+00  2.699749e+09  1.316445e+09  1.013600e+09  9.012016e+08
7.321057e+00  1.477127e+05  0.000000e+00  0.000000e+00  1.328465e+06  0.000000e+00  0.000000e+00  2.796036e+09  1.360978e+09  1.047446e+09  9.311752e+08
7.391640e+00  1.666850e+05  0.000000e+00  0.000000e+00  1.499094e+06  0.000000e+00  0.000000e+00  2.476203e+09  1.230192e+09  9.614747e+08  8.618572e+08
7.462902e+00  1.878599e+05  0.000000e+00  0.000000e+00  1.689532e+06  0.000000e+00  0.000000e+00  4.002681e+09  2.613429e+09  2.290620e+09  2.154185e+09
7.534852e+00  2.114638e+05  0.000000e+00  0.000000e+00  1.901815e+06  0.000000e+00  0.000000e+00  1.952857e+11  9.086926e+10  6.777746e+10  5.932407e+10
7.607496e+00  2.377427e+05  0.000000e+00  0.000000e+00  2.138157e+06  0.000000e+00  0.000000e+00  3.178682e+09  2.178330e+09  1.943448e+09  1.840396e+09
7.680840e+00  2.669641e+05  0.000000e+00  0.000000e+00  2.400961e+06  0.000000e+00  0.000000e+00  1.658943e+09  6.444508e+08  4.417653e+08  3.721590e+08
7.754891e+00  2.994181e+05  0.000000e+00  0.000000e+00  2.692839e+06  0.000000e+00  0.000000e+00  1.573639e+09  6.082839e+08  4.159037e+08  3.499476e+08
7.829656e+00  3.354190e+05  0.000000e+00  0.000000e+00  3.016615e+06  0.000000e+00  0.000000e+00  1.505991e+09  5.817908e+08  3.976771e+08  3.345414e+08
7.905142e+00  3.753070e+05  0.000000e+00  0.000000e+00  3.375350e+06  0.000000e+00  0.000000e+00  1.558893e+09  6.158710e+08  4.255815e+08  3.598843e+08
7.981370e+00  4.194580e+05  0.000000e+00  0.000000e+00  3.772426e+06  0.000000e+00  0.000000e+00  1.765805e+10  6.538644e+09  4.401520e+09  3.678537e+09
8.058346e+00  4.682716e+05  0.000000e+00  0.000000e+00  4.211434e+06  0.000000e+00  0.000000e+00  2.348037e+09  9.005325e+08  6.147967e+08  5.170082e+08
8.136065e+00  5.221684e+05  0.000000e+00  0.000000e+00  4.696159e+06  0.000000e+00  0.000000e+00  2.053661e+09  8.096975e+08  5.610506e+08  4.753161e+08
8.214533e+00  5.816096e+05  0.000000e+00  0.000000e+00  5.230748e+06  0.000000e+00  0.000000e+00  1.285320e+09  5.237125e+08  3.679041e+08  3.135448e+08
8.293758e+00  6.470912e+05  0.000000e+00  0.000000e+00  5.819662e+06  0.000000e+00  0.000000e+00  1.537969e+09  6.214872e+08  4.342560e+08  3.690143e+08
8.373748e+00  7.191459e+05  0.000000e+00  0.000000e+00  6.467691e+06  0.000000e+00  0.000000e+00  2.813607e+10  1.048595e+10  7.044083e+09  5.880877e+09
8.454508e+00  7.983452e+05  0.000000e+00  0.000000e+00  7.179975e+06  0.000000e+00  0.000000e+00  1.135943e+09  4.631870e+08  3.249320e+08  2.765296e+08
8.536048e+00  8.853014e+05  0.000000e+00  0.000000e+00  7.962022e+06  0.000000e+00  0.000000e+00  1.070556e+09  4.286417e+08  2.984226e+08  2.532235e+08
8.618374e+00  9.806699e+05  0.000000e+00  0.000000e+00  8.819726e+06  0.000000e+00  0.000000e+00  1.018297e+09  4.063056e+08  2.823468e+08  2.393647e+08
8.701494e+00  1.085151e+06  0.000000e+00  0.000000e+00  9.759388e+06  0.000000e+00  0.000000e+00  9.780850e+08  3.900623e+08  2.708723e+08  2.295162e+08
8.785416e+00  1.199494e+06  0.000000e+00  0.000000e+00  1.078773e+07  0.000000e+00  0.000000e+00  5.143677e+09  2.001213e+09  1.364727e+09  1.146027e+09
8.870147e+00  1.324495e+06  0.000000e+00  0.000000e+00  1.191194e+07  0.000000e+00  0.000000e+00  1.766471e+10  6.632437e+09  4.465548e+09  3.729889e+09
8.955695e+00  1.461004e+06  0.000000e+00  0.000000e+00  1.313965e+07  0.000000e+00  0.000000e+00  8.555328e+08  3.417026e+08  2.371245e+08  2.007280e+08
9.042068e+00  1.609926e+06  0.000000e+00  0.000000e+00  1.447898e+07  0.000000e+00  0.000000e+00  1.074061e+09  4.145660e+08  2.837078e+08  2.387934e+08
9.129274e+00  1.772220e+06  0.000000e+00  0.000000e+00  1.593859e+07  0.000000e+00  0.000000e+00  7.980007e+08  3.124351e+08  2.148800e+08  1.812247e+08
9.217322e+00  1.948908e+06  0.000000e+00  0.000000e+00  1.752764e+07  0.000000e+00  0.000000e+00  7.560307e+08  2.997899e+08  2.072430e+08  1.750842e+08
9.306218e+00  2.141070e+06  0.000000e+00  0.000000e+00  1.925587e+07  0.000000e+00  0.000000e+00  1.539014e+10  5.675869e+09  3.807478e+09  3.175607e+09
9.395972e+00  2.349852e+06  0.000000e+00  0.000000e+00  2.113356e+07  0.000000e+00  0.000000e+00  6.962969e+08  2.766811e+08  1.912729e+08  1.615317e+08
9.486571e+00  2.576412e+06  0.000000e+00  0.000000e+00  2.317115e+07  0.000000e+00  0.000000e+00  4.956483e+09  1.844985e+09  1.241597e+09  1.036792e+09
9.578023e+00  2.822018e+06  0.000000e+00  0.000000e+00  2.538002e+07  0.000000e+00  0.000000e+00  7.291917e+09  2.702680e+09  1.815855e+09  1.515266e+09
9.670357e+00  3.088068e+06  0.000000e+00  0.000000e+00  2.777276e+07  0.000000e+00  0.000000e+00  5.866957e+08  2.298427e+08  1.579083e+08  1.330155e+08
9.763581e+00  3.375985e+06  0.000000e+00  0.000000e+00  3.036217e+07  0.000000e+00  0.000000e+00  2.753077e+09  1.028950e+09  6.932513e+08  5.791215e+08
9.857703e+00  3.687269e+06  0.000000e+00  0.000000e+00  3.316172e+07  0.000000e+00  0.000000e+00  2.134461e+09  8.054629e+08  5.446450e+08  4.555777e+08
9.952733e+00  4.023496e+06  0.000000e+00  0.000000e+00  3.618560e+07  0.000000e+00  0.000000e+00  1.233481e+10  4.585286e+09  3.081915e+09  2.571452e+09
1.004868e+01  4.386324e+06  0.000000e+00  0.000000e+00  3.944872e+07  0.000000e+00  0.000000e+00  1.313477e+10  4.884389e+09  3.282892e+09  2.738990e+09
1.014555e+01  4.777492e+06  0.000000e+00  0.000000e+00  4.296672e+07  0.000000e+00  0.000000e+00  5.569504e+08  2.288784e+08  1.598498e+08  1.353081e+08
1.024335e+01  5.198826e+06  0.000000e+00  0.000000e+00  4.675602e+07  0.000000e+00  0.000000e+00  2.516203e+10  9.426416e+09  6.349270e+09  5.301232e+09
1.034210e+01  5.652236e+06  0.000000e+00  0.000000e+00  5.083379e+07  0.000000e+00  0.000000e+00  2.986730e+10  1.111503e+10  7.481271e+09  6.252310e+09
1.044180e+01  6.139723e+06  0.000000e+00  0.000000e+00  5.521805e+07  0.000000e+00  0.000000e+00  1.211642e+09  4.962974e+08  3.500937e+08  2.991772e+08
1.054246e+01  6.663378e+06  0.000000e+00  0.000000e+00  5.992758e+07  0.000000e+00  0.000000e+00  1.565315e+10  5.733551e+09  3.843570e+09  3.207921e+09
1.064409e+01  7.225384e+06  0.000000e+00  0.000000e+00  6.498202e+07  0.000000e+00  0.000000e+00  4.833858e+08  2.165132e+08  1.582566e+08  1.374449e+08
1.074670e+01  7.828019e+06  0.000000e+00  0.000000e+00  7.040186e+07  0.000000e+00  0.000000e+00  2.472025e+09  9.899805e+08  6.871330e+08  5.825529e+08
1.085030e+01  8.473656e+06  0.000000e+00  0.000000e+00  7.620844e+07  0.000000e+00  0.000000e+00  4.039727e+08  1.786027e+08  1.299491e+08  1.126619e+08
1.095490e+01  9.164766e+06  0.000000e+00  0.000000e+00  8.242399e+07  0.000000e+00  0.000000e+00  7.775198e+09  2.976904e+09  2.013951e+09  1.686195e+09
1.106051e+01  9.903917e+06  0.000000e+00  0.000000e+00  8.907160e+07  0.000000e+00  0.000000e+00  6.952655e+09  2.557352e+09  1.717273e+09  1.434364e+09
1.116713e+01  1.069378e+07  0.000000e+00  0.000000e+00  9.617528e+07  0.000000e+00  0.000000e+00  3.355643e+08  1.448343e+08  1.043778e+08  9.013721e+07
1.127477e+01  1.153698e+07  0.000000e+00  0.000000e+00  1.037586e+08  0.000000e+00  0.000000e+00  5.190669e+08  1.989173e+08  1.369055e+08  1.159184e+08
1.138342e+01  1.243635e+07  0.000000e+00  0.000000e+00  1.118473e+08  0.000000e+00  0.000000e+00  8.424683e+09  2.972908e+09  1.970212e+09  1.638051e+09
1.149313e+01  1.339501e+07  0.000000e+00  0.000000e+00  1.204690e+08  0.000000e+00  0.000000e+00  9.517288e+08  3.465961e+08  2.332185e+08  1.953534e+08
1.160389e+01  1.441603e+07  0.000000e+00  0.000000e+00  1.296516e+08  0.000000e+00  0.000000e+00  6.329503e+09  2.220424e+09  1.468385e+09  1.219694e+09
1.171571e+01  1.550258e+07  0.000000e+00  0.000000e+00  1.394236e+08  0.000000e+00  0.000000e+00  4.999336e+09  1.754747e+09  1.160828e+09  9.643187e+08
1.182862e+01  1.665794e+07  0.000000e+00  0.000000e+00  1.498144e+08  0.000000e+00  0.000000e+00  3.983227e+08  1.459951e+08  9.901837e+07  8.329707e+07
1.194261e+01  1.788549e+07  0.000000e+00  0.000000e+00  1.608545e+08  0.000000e+00  0.000000e+00  1.803961e+10  6.312991e+09  4.168573e+09  3.459717e+09
1.205770e+01  1.918871e+07  0.000000e+00  0.000000e+00  1.725751e+08  0.000000e+00  0.000000e+00  2.563713e+10  8.980240e+09  5.931709e+09  4.923787e+09
1.217390e+01  2.057120e+07  0.000000e+00  0.000000e+00  1.850086e+08  0.000000e+00  0.000000e+00  4.807915e+09  1.688746e+09  1.116708e+09  9.274693e+08
1.229122e+01  2.203663e+07  0.000000e+00  0.000000e+00  1.981880e+08  0.000000e+00  0.000000e+00  4.019721e+09  1.410383e+09  9.324967e+08  7.744416e+08
1.240967e+01  2.358880e+07  0.000000e+00  0.000000e+00  2.121475e+08  0.000000e+00  0.000000e+00  1.733521e+09  6.224881e+08  4.150985e+08  3.459943e+08
1.252926e+01  2.523158e+07  0.000000e+00  0.000000e+00  2.269220e+08  0.000000e+00  0.000000e+00  2.826198e+10  9.889126e+09  6.528720e+09  5.418268e+09
1.265000e+01  2.696896e+07  0.000000e+00  0.000000e+00  2.425473e+08  0.000000e+00  0.000000e+00  5.290401e+09  1.853132e+09  1.224157e+09  1.016229e+09
1.277191e+01  2.880502e+07  0.000000e+00  0.000000e+00  2.590601e+08  0.000000e+00  0.000000e+00  1.189036e+10  4.165822e+09  2.751669e+09  2.284082e+09
1.289499e+01  3.074394e+07  0.000000e+00  0.000000e+00  2.764978e+08  0.000000e+00  0.000000e+00  4.788514e+08  1.734691e+08  1.165116e+08  9.749975e+07
1.301926e+01  3.278996e+07  0.000000e+00  0.000000e+00  2.948989e+08  0.000000e+00  0.000000e+00  9.999471e+09  3.502555e+09  2.313329e+09  1.920120e+09
1.314473e+01  3.494745e+07  0.000000e+00  0.000000e+00  3.143024e+08  0.000000e+00  0.000000e+00  3.450872e+09  1.209508e+09  7.993226e+08  6.636946e+08
1.327140e+01  3.722084e+07  0.000000e+00  0.000000e+00  3.347483e+08  0.000000e+00  0.000000e+00  1.253960e+11  4.394398e+10  2.901759e+10  2.408256e+10
1.340059e+01  3.963941e+07  0.000000e+00  0.000000e+00  3.564999e+08  0.000000e+00  0.000000e+00  9.073908e+10  3.187822e+10  2.106492e+10  1.748832e+10
1.353234e+01  4.221140e+07  0.000000e+00  0.000000e+00  3.796313e+08  0.000000e+00  0.000000e+00  5.106320e+10  1.788250e+10  1.180579e+10  9.797367e+09
1.360153e+01  4.360550e+07  0.000000e+00  0.000000e+00  3.921692e+08  0.000000e+00  0.000000e+00  9.306335e+09  5.818371e+09  4.781620e+09  4.388443e+09
1.366978e+01  4.500986e+07  0.000000e+00  0.000000e+00  4.047994e+08  0.000000e+00  0.000000e+00  1.323140e+10  7.641219e+09  6.084077e+09  5.504685e+09
1.380089e+01  4.779078e+07  0.000000e+00  0.000000e+00  4.298098e+08  0.000000e+00  0.000000e+00  9.056350e+09  5.577218e+09  4.563872e+09  4.181662e+09
1.393325e+01  5.071002e+07  0.000000e+00  0.000000e+00  4.560643e+08  0.000000e+00  0.000000e+00  8.730607e+09  5.352657e+09  4.375768e+09  4.008018e+09
1.406689e+01  5.377241e+07  0.000000e+00  0.000000e+00  4.836061e+08  0.000000e+00  0.000000e+00  8.572731e+09  5.213782e+09  4.251571e+09  3.890319e+09
1.420181e+01  5.698282e+07  0.000000e+00  0.000000e+00  5.124791e+08  0.000000e+00  0.000000e+00  8.191950e+09  4.964733e+09  4.046265e+09  3.702002e+09
1.433802e+01  6.034617e+07  0.000000e+00  0.000000e+00  5.427276e+08  0.000000e+00  0.000000e+00  7.896619e+09  4.759640e+09  3.873932e+09  3.542632e+09
1.447554e+01  6.386743e+07  0.000000e+00  0.000000e+00  5.743964e+08  0.000000e+00  0.000000e+00  9.292798e+09  5.345082e+09  4.270639e+09  3.873288e+09
1.461438e+01  6.755163e+07  0.000000e+00  0.000000e+00  6.075305e+08  0.000000e+00  0.000000e+00  7.657875e+09  4.515873e+09  3.650541e+09  3.329027e+09
1.475455e+01  7.140382e+07  0.000000e+00  0.000000e+00  6.421755e+08  0.000000e+00  0.000000e+00  7.174285e+09  4.243770e+09  3.436113e+09  3.135904e+09
1.489606e+01  7.542909e+07  0.000000e+00  0.000000e+00  6.783770e+08  0.000000e+00  0.000000e+00  2.302864e+10  1.220350e+10  9.302589e+09  8.241536e+09
1.503893e+01  7.963255e+07  0.000000e+00  0.000000e+00  7.161812e+08  0.000000e+00  0.000000e+00  7.288897e+09  4.161631e+09  3.329318e+09  3.022923e+09
1.518318e+01  8.401934e+07  0.000000e+00  0.000000e+00  7.556341e+08  0.000000e+00  0.000000e+00  6.833041e+09  3.918337e+09  3.140894e+09  2.854441e+09
1.532880e+01  8.859460e+07  0.000000e+00  0.000000e+00  7.967820e+08  0.000000e+00  0.000000e+00  6.455952e+09  3.697724e+09  2.964903e+09  2.695076e+09
1.547582e+01  9.336350e+07  0.000000e+00  0.000000e+00  8.396714e+08  0.000000e+00  0.000000e+00  5.859954e+09  3.379594e+09  2.719865e+09  2.476671e+09
1.562426e+01  9.833118e+07  0.000000e+00  0.000000e+00  8.843486e+08  0.000000e+00  0.000000e+00  1.298937e+10  6.725089e+09  5.114017e+09  4.530912e+09
1.577411e+01  1.035028e+08  0.000000e+00  0.000000e+00  9.308600e+08  0.000000e+00  0.000000e+00  1.224125e+10  6.270551e+09  4.756744e+09  4.210604e+09
1.592580e+01  1.088977e+08  0.000000e+00  0.000000e+00  9.793794e+08  0.000000e+00  0.000000e+00  5.411789e+09  3.043542e+09  2.430787e+09  2.206444e+09
1.607934e+01  1.145225e+08  0.000000e+00  0.000000e+00  1.029967e+09  0.000000e+00  0.000000e+00  5.774289e+09  3.151544e+09  2.486400e+09  2.244506e+09
1.623435e+01  1.203690e+08  0.000000e+00  0.000000e+00  1.082547e+09  0.000000e+00  0.000000e+00  1.595608e+10  7.456781e+09  5.469386e+09  4.768104e+09
1.639087e+01  1.264422e+08  0.000000e+00  0.000000e+00  1.137167e+09  0.000000e+00  0.000000e+00  7.369905e+09  3.665285e+09  2.792591e+09  2.482134e+09
1.654889e+01  1.327472e+08  0.000000e+00  0.000000e+00  1.193872e+09  0.000000e+00  0.000000e+00  5.320871e+09  2.832930e+09  2.218285e+09  1.996135e+09
1.670843e+01  1.392891e+08  0.000000e+00  0.000000e+00  1.252707e+09  0.000000e+00  0.000000e+00  4.406535e+09  2.403853e+09  1.902921e+09  1.720907e+09
1.686952e+01  1.460729e+08  0.000000e+00  0.000000e+00  1.313717e+09  0.000000e+00  0.000000e+00  3.946454e+09  2.170965e+09  1.725898e+09  1.563878e+09
1.703215e+01  1.531036e+08  0.000000e+00  0.000000e+00  1.376948e+09  0.000000e+00  0.000000e+00  3.766647e+09  2.061078e+09  1.636166e+09  1.481675e+09
1.719636e+01  1.603859e+08  0.000000e+00  0.000000e+00  1.442442e+09  0.000000e+00  0.000000e+00  4.454784e+09  2.411065e+09  1.899291e+09  1.713422e+09
1.736214e+01  1.679246e+08  0.000000e+00  0.000000e+00  1.510242e+09  0.000000e+00  0.000000e+00  3.445207e+09  1.861005e+09  1.471842e+09  1.330762e+09
1.752953e+01  1.757245e+08  0.000000e+00  0.000000e+00  1.580391e+09  0.000000e+00  0.000000e+00  3.245531e+09  1.749151e+09  1.382849e+09  1.250102e+09
1.769853e+01  1.837902e+08  0.000000e+00  0.000000e+00  1.652931e+09  0.000000e+00  0.000000e+00  9.441734e+09  4.525598e+09  3.367608e+09  2.957000e+09
1.786916e+01  1.921261e+08  0.000000e+00  0.000000e+00  1.727900e+09  0.000000e+00  0.000000e+00  2.935009e+09  1.565282e+09  1.233809e+09  1.113935e+09
1.804143e+01  2.007367e+08  0.000000e+00  0.000000e+00  1.805340e+09  0.000000e+00  0.000000e+00  6.893089e+09  3.274652e+09  2.440827e+09  2.146227e+09
1.821536e+01  2.096262e+08  0.000000e+00  0.000000e+00  1.885288e+09  0.000000e+00  0.000000e+00  2.629270e+09  1.389884e+09  1.092905e+09  9.856733e+08
1.839098e+01  2.187987e+08  0.000000e+00  0.000000e+00  1.967782e+09  0.000000e+00  0.000000e+00  2.552497e+09  1.342018e+09  1.053159e+09  9.489489e+08
1.856828e+01  2.282583e+08  0.000000e+00  0.000000e+00  2.052857e+09  0.000000e+00  0.000000e+00  2.402256e+09  1.253154e+09  9.810537e+08  8.830496e+08
1.874729e+01  2.380088e+08  0.000000e+00  0.000000e+00  2.140550e+09  0.000000e+00  0.000000e+00  2.928158e+09  1.442685e+09  1.103251e+09  9.825945e+08
1.892800e+01  2.480523e+08  0.000000e+00  0.000000e+00  2.230876e+09  0.000000e+00  0.000000e+00  2.504396e+09  1.256340e+09  9.682882e+08  8.654227e+08
1.911042e+01  2.583921e+08  0.000000e+00  0.000000e+00  2.323868e+09  0.000000e+00  0.000000e+00  1.987181e+09  1.026983e+09  8.023697e+08  7.215590e+08
1.929460e+01  2.690334e+08  0.000000e+00  0.000000e+00  2.419571e+09  0.000000e+00  0.000000e+00  1.984194e+09  1.007868e+09  7.823592e+08  7.015392e+08
1.948055e+01  2.799794e+08  0.000000e+00  0.000000e+00  2.518015e+09  0.000000e+00  0.000000e+00  1.832275e+09  9.281087e+08  7.198813e+08  6.452673e+08
1.966829e+01  2.912331e+08  0.000000e+00  0.000000e+00  2.619226e+09  0.000000e+00  0.000000e+00  4.147980e+09  1.875975e+09  1.374612e+09  1.199257e+09
1.985785e+01  3.027976e+08  0.000000e+00  0.000000e+00  2.723232e+09  0.000000e+00  0.000000e+00  2.537983e+09  1.162755e+09  8.640284e+08  7.594216e+08
2.004923e+01  3.146754e+08  0.000000e+00  0.000000e+00  2.830057e+09  0.000000e+00  0.000000e+00  1.723775e+09  8.636585e+08  6.661947e+08  5.954795e+08
2.024245e+01  3.268692e+08  0.000000e+00  0.000000e+00  2.939722e+09  0.000000e+00  0.000000e+00  2.739901e+09  1.251919e+09  9.235069e+08  8.083230e+08
2.043754e+01  3.393812e+08  0.000000e+00  0.000000e+00  3.052250e+09  0.000000e+00  0.000000e+00  2.509087e+09  1.140073e+09  8.403179e+08  7.353212e+08
2.063450e+01  3.522136e+08  0.000000e+00  0.000000e+00  3.167658e+09  0.000000e+00  0.000000e+00  1.791951e+09  8.498731e+08  6.403981e+08  5.662724e+08
2.083337e+01  3.653682e+08  0.000000e+00  0.000000e+00  3.285966e+09  0.000000e+00  0.000000e+00  1.200965e+09  5.891462e+08  4.518253e+08  4.028096e+08
2.103415e+01  3.788468e+08  0.000000e+00  0.000000e+00  3.407187e+09  0.000000e+00  0.000000e+00  1.058306e+09  5.221097e+08  4.017247e+08  3.586626e+08
2.123687e+01  3.926509e+08  0.000000e+00  0.000000e+00  3.531335e+09  0.000000e+00  0.000000e+00  5.385437e+09  2.904189e+09  2.334251e+09  2.125019e+09
2.144154e+01  4.067817e+08  0.000000e+00  0.000000e+00  3.658421e+09  0.000000e+00  0.000000e+00  9.237101e+08  4.516736e+08  3.464324e+08  3.088209e+08
2.164818e+01  4.212403e+08  0.000000e+00  0.000000e+00  3.788455e+09  0.000000e+00  0.000000e+00  1.569175e+09  6.866853e+08  5.007515e+08  4.361091e+08
2.185682e+01  4.360275e+08  0.000000e+00  0.000000e+00  3.921445e+09  0.000000e+00  0.000000e+00  1.456866e+09  6.342260e+08  4.618754e+08  4.020121e+08
2.206746e+01  4.511438e+08  0.000000e+00  0.000000e+00  4.057394e+09  0.000000e+00  0.000000e+00  1.154500e+09  5.106375e+08  3.753568e+08  3.281745e+08
2.228014e+01  4.665896e+08  0.000000e+00  0.000000e+00  4.196307e+09  0.000000e+00  0.000000e+00  3.365301e+09  1.385776e+09  9.752547e+08  8.342890e+08
2.249243e+01  4.821853e+08  0.000000e+00  0.000000e+00  4.336569e+09  0.000000e+00  0.000000e+00  1.326636e+09  5.757878e+08  4.172778e+08  3.621670e+08
2.270431e+01  4.979216e+08  0.000000e+00  0.000000e+00  4.478094e+09  0.000000e+00  0.000000e+00  9.894805e+08  4.414111e+08  3.248775e+08  2.840671e+08
2.291819e+01  5.139724e+08  0.000000e+00  0.000000e+00  4.622448e+09  0.000000e+00  0.000000e+00  1.167217e+09  5.149727e+08  3.766696e+08  3.283418e+08
2.313409e+01  5.303371e+08  0.000000e+00  0.000000e+00  4.769625e+09  0.000000e+00  0.000000e+00  4.563887e+09  2.591604e+09  2.123462e+09  1.945769e+09
2.335202e+01  5.470149e+08  0.000000e+00  0.000000e+00  4.919619e+09  0.000000e+00  0.000000e+00  4.822515e+08  2.271302e+08  1.717401e+08  1.520078e+08
2.357200e+01  5.640049e+08  0.000000e+00  0.000000e+00  5.072419e+09  0.000000e+00  0.000000e+00  1.052952e+09  5.592885e+08  4.464052e+08  4.046369e+08
2.379405e+01  5.813057e+08  0.000000e+00  0.000000e+00  5.228015e+09  0.000000e+00  0.000000e+00  3.454665e+09  2.053693e+09  1.707049e+09  1.572087e+09
2.401820e+01  5.989159e+08  0.000000e+00  0.000000e+00  5.386393e+09  0.000000e+00  0.000000e+00  2.585126e+09  1.550319e+09  1.291750e+09  1.190467e+09
2.424445e+01  6.168337e+08  0.000000e+00  0.000000e+00  5.547539e+09  0.000000e+00  0.000000e+00  2.967677e+09  1.826097e+09  1.533868e+09  1.417729e+09
2.447284e+01  6.350572e+08  0.000000e+00  0.000000e+00  5.711433e+09  0.000000e+00  0.000000e+00  3.965161e+09  2.422365e+09  2.028338e+09  1.872115e+09
2.470950e+01  6.540777e+08  0.000000e+00  0.000000e+00  5.882496e+09  0.000000e+00  0.000000e+00  1.753030e+09  1.239418e+09  1.078553e+09  1.011801e+09
2.495457e+01  6.739124e+08  0.000000e+00  0.000000e+00  6.060880e+09  0.000000e+00  0.000000e+00  1.635565e+09  1.144886e+09  9.925299e+08  9.295231e+08
2.520206e+01  6.940776e+08  0.000000e+00  0.000000e+00  6.242237e+09  0.000000e+00  0.000000e+00  1.539500e+09  1.063820e+09  9.177495e+08  8.576436e+08
2.545201e+01  7.145699e+08  0.000000e+00  0.000000e+00  6.426536e+09  0.000000e+00  0.000000e+00  1.665746e+09  1.133003e+09  9.715456e+08  9.055241e+08
2.570444e+01  7.353858e+08  0.000000e+00  0.000000e+00  6.613745e+09  0.000000e+00  0.000000e+00  1.507679e+09  9.693863e+08  8.172550e+08  7.566307e+08
2.595938e+01  7.565213e+08  0.000000e+00  0.000000e+00  6.803830e+09  0.000000e+00  0.000000e+00  1.218902e+09  8.208711e+08  7.011516e+08  6.522523e+08
2.621684e+01  7.779724e+08  0.000000e+00  0.000000e+00  6.996751e+09  0.000000e+00  0.000000e+00  1.130018e+09  7.536688e+08  6.413562e+08  5.956209e+08
2.647685e+01  7.997345e+08  0.000000e+00  0.000000e+00  7.192470e+09  0.000000e+00  0.000000e+00  1.089428e+09  7.080001e+08  5.972514e+08  5.526482e+08
2.673574e+01  8.214911e+08  0.000000e+00  0.000000e+00  7.388140e+09  0.000000e+00  0.000000e+00  9.889867e+08  6.405640e+08  5.394946e+08  4.987779e+08
2.699346e+01  8.432279e+08  0.000000e+00  0.000000e+00  7.583631e+09  0.000000e+00  0.000000e+00  9.003227e+08  5.818141e+08  4.891482e+08  4.517963e+08
2.725366e+01  8.652447e+08  0.000000e+00  0.000000e+00  7.781641e+09  0.000000e+00  0.000000e+00  8.274763e+08  5.305811e+08  4.446701e+08  4.101111e+08
2.751637e+01  8.875367e+08  0.000000e+00  0.000000e+00  7.982126e+09  0.000000e+00  0.000000e+00  7.872613e+08  4.949750e+08  4.118917e+08  3.787279e+08
2.778161e+01  9.100985e+08  0.000000e+00  0.000000e+00  8.185037e+09  0.000000e+00  0.000000e+00  7.157789e+08  4.509587e+08  3.752964e+08  3.450129e+08
2.804941e+01  9.329248e+08  0.000000e+00  0.000000e+00  8.390327e+09  0.000000e+00  0.000000e+00  6.488551e+08  4.041790e+08  3.349027e+08  3.072779e+08
2.831979e+01  9.560099e+08  0.000000e+00  0.000000e+00  8.597944e+09  0.000000e+00  0.000000e+00  5.996261e+08  3.693453e+08  3.047201e+08  2.790432e+08
2.859278e+01  9.793478e+08  0.000000e+00  0.000000e+00  8.807836e+09  0.000000e+00  0.000000e+00  5.986765e+08  3.796166e+08  3.172547e+08  2.920905e+08
2.886840e+01  1.002933e+09  0.000000e+00  0.000000e+00  9.019948e+09  0.000000e+00  0.000000e+00  5.045543e+08  3.049066e+08  2.496608e+08  2.278353e+08
2.914667e+01  1.026758e+09  0.000000e+00  0.000000e+00  9.234223e+09  0.000000e+00  0.000000e+00  4.622120e+08  2.767401e+08  2.257396e+08  2.056460e+08
2.942763e+01  1.050818e+09  0.000000e+00  0.000000e+00  9.450604e+09  0.000000e+00  0.000000e+00  4.312270e+08  2.538481e+08  2.058104e+08  1.869984e+08
2.971130e+01  1.075105e+09  0.000000e+00  0.000000e+00  9.669031e+09  0.000000e+00  0.000000e+00  3.991008e+08  2.320896e+08  1.872769e+08  1.697996e+08
2.999770e+01  1.099612e+09  0.000000e+00  0.000000e+00  9.889443e+09  0.000000e+00  0.000000e+00  4.933357e+08  3.078459e+08  2.544990e+08  2.329377e+08
3.028686e+01  1.124334e+09  0.000000e+00  0.000000e+00  1.011178e+10  0.000000e+00  0.000000e+00  3.223666e+08  1.858856e+08  1.493266e+08  1.350846e+08
3.057881e+01  1.149261e+09  0.000000e+00  0.000000e+00  1.033597e+10  0.000000e+00  0.000000e+00  2.988271e+08  1.709822e+08  1.369100e+08  1.236642e+08
3.087357e+01  1.174388e+09  0.000000e+00  0.000000e+00  1.056195e+10  0.000000e+00  0.000000e+00  3.056811e+08  1.658003e+08  1.303767e+08  1.168922e+08
3.117117e+01  1.199707e+09  0.000000e+00  0.000000e+00  1.078965e+10  0.000000e+00  0.000000e+00  2.450467e+08  1.370149e+08  1.087199e+08  9.780218e+07
3.147164e+01  1.225210e+09  0.000000e+00  0.000000e+00  1.101901e+10  0.000000e+00  0.000000e+00  2.220058e+08  1.231263e+08  9.735680e+07  8.743680e+07
3.177505e+01  1.250892e+09  0.000000e+00  0.000000e+00  1.124999e+10  0.000000e+00  0.000000e+00  2.002781e+08  1.101324e+08  8.677301e+07  7.780326e+07
3.208143e+01  1.276746e+09  0.000000e+00  0.000000e+00  1.148251e+10  0.000000e+00  0.000000e+00  2.457688e+08  1.237551e+08  9.443192e+07  8.355369e+07
3.239075e+01  1.302761e+09  0.000000e+00  0.000000e+00  1.171647e+10  0.000000e+00  0.000000e+00  1.730139e+08  9.206699e+07  7.164208e+07  6.388913e+07
3.270306e+01  1.328928e+09  0.000000e+00  0.000000e+00  1.195181e+10  0.000000e+00  0.000000e+00  1.488533e+08  7.952430e+07  6.191616e+07  5.521584e+07
3.301839e+01  1.355238e+09  0.000000e+00  0.000000e+00  1.218843e+10  0.000000e+00  0.000000e+00  1.340574e+08  7.093951e+07  5.501380e+07  4.897194e+07
3.333675e+01  1.381684e+09  0.000000e+00  0.000000e+00  1.242628e+10  0.000000e+00  0.000000e+00  1.427979e+08  7.364125e+07  5.652037e+07  5.008887e+07
3.365818e+01  1.408258e+09  0.000000e+00  0.000000e+00  1.266527e+10  0.000000e+00  0.000000e+00  1.117557e+08  5.780727e+07  4.441716e+07  3.937595e+07
3.398271e+01  1.434949e+09  0.000000e+00  0.000000e+00  1.290532e+10  0.000000e+00  0.000000e+00  1.149062e+08  5.775472e+07  4.387622e+07  3.870801e+07
3.431037e+01  1.461751e+09  0.000000e+00  0.000000e+00  1.314636e+10  0.000000e+00  0.000000e+00  9.389424e+07  4.777368e+07  3.646615e+07  3.223183e+07
3.464119e+01  1.488653e+09  0.000000e+00  0.000000e+00  1.338831e+10  0.000000e+00  0.000000e+00  8.845586e+07  4.344973e+07  3.272952e+07  2.876701e+07
3.497520e+01  1.515648e+09  0.000000e+00  0.000000e+00  1.363109e+10  0.000000e+00  0.000000e+00  3.220261e+08  2.437556e+08  2.113792e+08  1.962067e+08
3.531243e+01  1.542726e+09  0.000000e+00  0.000000e+00  1.387462e+10  0.000000e+00  0.000000e+00  2.721166e+08  2.087922e+08  1.813950e+08  1.684238e+08
3.565291e+01  1.569878e+09  0.000000e+00  0.000000e+00  1.411881e+10  0.000000e+00  0.000000e+00  2.418616e+08  1.850268e+08  1.603483e+08  1.486888e+08
3.599667e+01  1.597095e+09  0.000000e+00  0.000000e+00  1.436359e+10  0.000000e+00  0.000000e+00  2.532695e+08  1.796817e+08  1.525194e+08  1.403126e+08
3.634375e+01  1.624369e+09  0.000000e+00  0.000000e+00  1.460888e+10  0.000000e+00  0.000000e+00  7.475672e+08  4.143540e+08  3.250337e+08  2.900690e+08
3.669418e+01  1.651690e+09  0.000000e+00  0.000000e+00  1.485460e+10  0.000000e+00  0.000000e+00  1.777053e+08  1.305262e+08  1.114106e+08  1.026239e+08
3.704798e+01  1.679049e+09  0.000000e+00  0.000000e+00  1.510065e+10  0.000000e+00  0.000000e+00  2.123000e+08  1.402311e+08  1.161618e+08  1.057960e+08
3.740520e+01  1.706438e+09  0.000000e+00  0.000000e+00  1.534697e+10  0.000000e+00  0.000000e+00  1.414365e+08  1.012532e+08  8.559091e+07  7.850789e+07
3.776582e+01  1.733843e+09  0.000000e+00  0.000000e+00  1.559344e+10  0.000000e+00  0.000000e+00  1.261155e+08  8.897551e+07  7.481757e+07  6.847193e+07
3.812988e+01  1.761256e+09  0.000000e+00  0.000000e+00  1.583998e+10  0.000000e+00  0.000000e+00  1.122312e+08  7.800314e+07  6.524162e+07  5.957294e+07
3.849745e+01  1.788670e+09  0.000000e+00  0.000000e+00  1.608654e+10  0.000000e+00  0.000000e+00  1.004763e+08  6.860517e+07  5.704249e+07  5.195878e+07
3.886856e+01  1.816078e+09  0.000000e+00  0.000000e+00  1.633303e+10  0.000000e+00  0.000000e+00  8.966128e+07  6.026043e+07  4.982301e+07  4.527608e+07
3.924326e+01  1.843468e+09  0.000000e+00  0.000000e+00  1.657936e+10  0.000000e+00  0.000000e+00  7.804694e+07  5.207468e+07  4.292975e+07  3.896420e+07
3.962156e+01  1.870833e+09  0.000000e+00  0.000000e+00  1.682547e+10  0.000000e+00  0.000000e+00  7.328394e+07  4.693497e+07  3.825012e+07  3.456469e+07
4.000351e+01  1.898163e+09  0.000000e+00  0.000000e+00  1.707126e+10  0.000000e+00  0.000000e+00  6.000362e+07  3.878461e+07  3.160577e+07  2.854576e+07
4.038914e+01  1.925449e+09  0.000000e+00  0.000000e+00  1.731666e+10  0.000000e+00  0.000000e+00  5.262861e+07  3.352061e+07  2.717391e+07  2.449016e+07
4.077849e+01  1.952682e+09  0.000000e+00  0.000000e+00  1.756158e+10  0.000000e+00  0.000000e+00  3.651678e+09  1.346317e+09  9.017816e+08  7.527013e+08
4.117159e+01  1.979853e+09  0.000000e+00  0.000000e+00  1.780595e+10  0.000000e+00  0.000000e+00  4.914035e+07  3.271710e+07  2.684585e+07  2.430546e+07
4.156849e+01  2.006954e+09  0.000000e+00  0.000000e+00  1.804969e+10  0.000000e+00  0.000000e+00  6.180569e+07  3.856469e+07  3.101581e+07  2.786143e+07
4.196921e+01  2.033975e+09  0.000000e+00  0.000000e+00  1.829270e+10  0.000000e+00  0.000000e+00  3.705551e+07  2.411344e+07  1.961152e+07  1.768880e+07
4.237379e+01  2.060908e+09  0.000000e+00  0.000000e+00  1.853493e+10  0.000000e+00  0.000000e+00  3.226912e+07  2.071314e+07  1.676319e+07  1.508906e+07
4.278227e+01  2.087744e+09  0.000000e+00  0.000000e+00  1.877628e+10  0.000000e+00  0.000000e+00  2.809351e+07  1.777663e+07  1.431449e+07  1.285871e+07
4.319469e+01  2.114475e+09  0.000000e+00  0.000000e+00  1.901668e+10  0.000000e+00  0.000000e+00  2.437634e+07  1.521745e+07  1.219518e+07  1.093392e+07
4.361108e+01  2.141091e+09  0.000000e+00  0.000000e+00  1.925606e+10  0.000000e+00  0.000000e+00  2.111665e+07  1.301147e+07  1.038000e+07  9.289937e+06
4.403149e+01  2.167585e+09  0.000000e+00  0.000000e+00  1.949434e+10  0.000000e+00  0.000000e+00  1.824475e+07  1.108707e+07  8.802777e+06  7.863860e+06
4.445595e+01  2.193949e+09  0.000000e+00  0.000000e+00  1.973144e+10  0.000000e+00  0.000000e+00  1.587570e+07  9.492855e+06  7.497919e+06  6.685231e+06
4.488309e+01  2.220087e+09  0.000000e+00  0.000000e+00  1.996651e+10  0.000000e+00  0.000000e+00  1.623304e+07  9.441635e+06  7.391964e+06  6.568123e+06
4.531291e+01  2.245993e+09  0.000000e+00  0.000000e+00  2.019950e+10  0.000000e+00  0.000000e+00  1.332884e+07  7.809103e+06  6.122329e+06  5.443158e+06
4.574685e+01  2.271747e+09  0.000000e+00  0.000000e+00  2.043112e+10  0.000000e+00  0.000000e+00  1.064236e+07  6.120961e+06  4.773891e+06  4.237506e+06
4.618494e+01  2.297340e+09  0.000000e+00  0.000000e+00  2.066129e+10  0.000000e+00  0.000000e+00  1.374358e+07  7.150724e+06  5.416279e+06  4.754891e+06
4.662723e+01  2.322764e+09  0.000000e+00  0.000000e+00  2.088995e+10  0.000000e+00  0.000000e+00  7.933501e+06  4.440459e+06  3.436293e+06  3.043279e+06
4.707375e+01  2.348012e+09  0.000000e+00  0.000000e+00  2.111702e+10  0.000000e+00  0.000000e+00  6.943469e+06  3.863585e+06  2.984666e+06  2.642497e+06
4.752455e+01  2.373076e+09  0.000000e+00  0.000000e+00  2.134243e+10  0.000000e+00  0.000000e+00  1.604562e+07  8.217093e+06  6.171936e+06  5.397021e+06
4.797967e+01  2.397950e+09  0.000000e+00  0.000000e+00  2.156614e+10  0.000000e+00  0.000000e+00  1.546840e+07  8.318204e+06  6.324458e+06  5.553300e+06
4.843914e+01  2.422625e+09  0.000000e+00  0.000000e+00  2.178806e+10  0.000000e+00  0.000000e+00  7.273654e+08  2.636640e+08  1.755818e+08  1.461887e+08
4.890302e+01  2.447096e+09  0.000000e+00  0.000000e+00  2.200813e+10  0.000000e+00  0.000000e+00  1.189924e+07  6.217342e+06  4.685642e+06  4.102457e+06
4.937134e+01  2.471354e+09  0.000000e+00  0.000000e+00  2.222630e+10  0.000000e+00  0.000000e+00  7.437157e+07  4.725906e+07  3.747796e+07  3.337469e+07
4.983811e+01  2.495090e+09  0.000000e+00  0.000000e+00  2.243977e+10  0.000000e+00  0.000000e+00  2.976585e+08  2.526053e+08  2.205651e+08  2.039628e+08
5.030327e+01  2.518308e+09  0.000000e+00  0.000000e+00  2.264859e+10  0.000000e+00  0.000000e+00  1.354230e+08  1.360374e+08  1.225719e+08  1.146151e+08
5.077277e+01  2.541307e+09  0.000000e+00  0.000000e+00  2.285543e+10  0.000000e+00  0.000000e+00  7.052156e+06  3.535159e+06  2.635474e+06  2.302098e+06
5.124665e+01  2.564079e+09  0.000000e+00  0.000000e+00  2.306023e+10  0.000000e+00  0.000000e+00  8.223301e+08  2.949150e+08  1.956917e+08  1.626952e+08
5.172495e+01  2.586620e+09  0.000000e+00  0.000000e+00  2.326295e+10  0.000000e+00  0.000000e+00  5.220303e+06  2.562287e+06  1.902770e+06  1.662512e+06
5.220772e+01  2.608923e+09  0.000000e+00  0.000000e+00  2.346354e+10  0.000000e+00  0.000000e+00  3.747497e+08  1.345833e+08  8.937791e+07  7.434009e+07
5.260930e+01  2.627137e+09  0.000000e+00  0.000000e+00  2.362735e+10  0.000000e+00  0.000000e+00  3.897805e+06  1.890704e+06  1.404003e+06  1.229449e+06
5.292843e+01  2.641394e+09  0.000000e+00  0.000000e+00  2.375557e+10  0.000000e+00  0.000000e+00  2.872791e+08  1.033441e+08  6.866818e+07  5.712884e+07
5.330826e+01  2.658114e+09  0.000000e+00  0.000000e+00  2.390594e+10  0.000000e+00  0.000000e+00  1.262713e+08  4.572432e+07  3.047688e+07  2.539497e+07
5.374966e+01  2.677207e+09  0.000000e+00  0.000000e+00  2.407766e+10  0.000000e+00  0.000000e+00  2.346325e+08  8.521563e+07  5.683338e+07  4.735851e+07
5.419472e+01  2.696097e+09  0.000000e+00  0.000000e+00  2.424754e+10  0.000000e+00  0.000000e+00  3.052227e+08  1.117710e+08  7.473979e+07  6.234134e+07
5.468790e+01  2.716610e+09  0.000000e+00  0.000000e+00  2.443203e+10  0.000000e+00  0.000000e+00  1.221604e+08  9.922592e+07  8.529017e+07  7.851510e+07
5.523007e+01  2.738658e+09  0.000000e+00  0.000000e+00  2.463032e+10  0.000000e+00  0.000000e+00  1.041713e+08  8.400764e+07  7.190683e+07  6.606197e+07
5.577760e+01  2.760398e+09  0.000000e+00  0.000000e+00  2.482584e+10  0.000000e+00  0.000000e+00  8.923705e+07  7.148052e+07  6.095442e+07  5.590131e+07
5.633057e+01  2.781825e+09  0.000000e+00  0.000000e+00  2.501855e+10  0.000000e+00  0.000000e+00  7.629747e+07  6.069623e+07  5.156272e+07  4.720503e+07
5.688901e+01  2.802935e+09  0.000000e+00  0.000000e+00  2.520840e+10  0.000000e+00  0.000000e+00  6.511242e+07  5.143511e+07  4.352901e+07  3.978007e+07
5.745299e+01  2.823721e+09  0.000000e+00  0.000000e+00  2.539534e+10  0.000000e+00  0.000000e+00  5.545958e+07  4.349652e+07  3.666995e+07  3.345279e+07
5.802257e+01  2.844180e+09  0.000000e+00  0.000000e+00  2.557934e+10  0.000000e+00  0.000000e+00  4.713733e+07  3.669914e+07  3.082024e+07  2.806673e+07
5.859779e+01  2.864306e+09  0.000000e+00  0.000000e+00  2.576035e+10  0.000000e+00  0.000000e+00  3.998872e+07  3.090171e+07  2.585129e+07  2.350036e+07
5.917871e+01  2.884096e+09  0.000000e+00  0.000000e+00  2.593833e+10  0.000000e+00  0.000000e+00  3.386642e+07  2.597308e+07  2.164482e+07  1.964241e+07
5.976539e+01  2.903545e+09  0.000000e+00  0.000000e+00  2.611324e+10  0.000000e+00  0.000000e+00  2.901027e+07  2.214606e+07  1.842910e+07  1.671777e+07
6.035789e+01  2.922649e+09  0.000000e+00  0.000000e+00  2.628506e+10  0.000000e+00  0.000000e+00  2.415013e+07  1.823606e+07  1.508093e+07  1.363910e+07
6.095626e+01  2.941405e+09  0.000000e+00  0.000000e+00  2.645374e+10  0.000000e+00  0.000000e+00  2.111932e+07  1.596713e+07  1.324665e+07  1.200581e+07
6.156056e+01  2.959808e+09  0.000000e+00  0.000000e+00  2.661925e+10  0.000000e+00  0.000000e+00  3.505988e+07  2.849033e+07  2.474011e+07  2.292141e+07
6.217086e+01  2.977855e+09  0.000000e+00  0.000000e+00  2.678156e+10  0.000000e+00  0.000000e+00  1.430924e+07  1.054483e+07  8.619758e+06  7.756091e+06
6.278720e+01  2.995544e+09  0.000000e+00  0.000000e+00  2.694064e+10  0.000000e+00  0.000000e+00  1.211547e+07  8.870617e+06  7.232556e+06  6.501276e+06
6.340101e+01  3.012633e+09  0.000000e+00  0.000000e+00  2.709433e+10  0.000000e+00  0.000000e+00  1.094621e+07  8.252028e+06  6.920571e+06  6.325638e+06
6.401216e+01  3.029137e+09  0.000000e+00  0.000000e+00  2.724277e+10  0.000000e+00  0.000000e+00  2.539295e+07  2.084317e+07  1.824845e+07  1.697608e+07
6.462920e+01  3.045294e+09  0.000000e+00  0.000000e+00  2.738808e+10  0.000000e+00  0.000000e+00  8.453327e+06  6.408426e+06  5.410946e+06  4.963642e+06
6.525219e+01  3.061102e+09  0.000000e+00  0.000000e+00  2.753024e+10  0.000000e+00  0.000000e+00  4.993239e+07  4.372289e+07  3.974662e+07  3.762459e+07
6.588119e+01  3.076557e+09  0.000000e+00  0.000000e+00  2.766924e+10  0.000000e+00  0.000000e+00  5.980367e+06  4.488591e+06  3.773799e+06  3.454304e+06
6.651625e+01  3.091658e+09  0.000000e+00  0.000000e+00  2.780505e+10  0.000000e+00  0.000000e+00  6.436881e+06  4.910756e+06  4.159390e+06  3.817073e+06
6.715743e+01  3.106403e+09  0.000000e+00  0.000000e+00  2.793767e+10  0.000000e+00  0.000000e+00  4.406292e+07  3.821077e+07  3.442230e+07  3.240973e+07
6.780479e+01  3.120791e+09  0.000000e+00  0.000000e+00  2.806707e+10  0.000000e+00  0.000000e+00  3.588477e+06  2.649694e+06  2.209765e+06  2.014181e+06
6.845840e+01  3.134821e+09  0.000000e+00  0.000000e+00  2.819324e+10  0.000000e+00  0.000000e+00  2.927991e+06  2.145855e+06  1.783735e+06  1.623434e+06
6.911830e+01  3.148489e+09  0.000000e+00  0.000000e+00  2.831617e+10  0.000000e+00  0.000000e+00  2.404549e+06  1.748129e+06  1.447506e+06  1.315027e+06
6.978456e+01  3.161797e+09  0.000000e+00  0.000000e+00  2.843585e+10  0.000000e+00  0.000000e+00  4.555883e+07  4.296243e+07  4.072481e+07  3.926662e+07
7.045725e+01  3.174741e+09  0.000000e+00  0.000000e+00  2.855227e+10  0.000000e+00  0.000000e+00  1.765986e+06  1.275504e+06  1.052856e+06  9.549789e+05
7.113642e+01  3.187323e+09  0.000000e+00  0.000000e+00  2.866542e+10  0.000000e+00  0.000000e+00  1.526872e+06  1.094944e+06  8.995646e+05  8.139717e+05
7.182214e+01  3.199540e+09  0.000000e+00  0.000000e+00  2.877529e+10  0.000000e+00  0.000000e+00  6.705372e+07  6.620158e+07  6.451198e+07  6.298210e+07
7.251447e+01  3.211392e+09  0.000000e+00  0.000000e+00  2.888189e+10  0.000000e+00  0.000000e+00  9.304421e+05  6.547849e+05  5.349127e+05  4.833279e+05
7.321347e+01  3.222879e+09  0.000000e+00  0.000000e+00  2.898520e+10  0.000000e+00  0.000000e+00  7.970172e+05  5.600198e+05  4.569987e+05  4.126942e+05
7.391921e+01  3.234001e+09  0.000000e+00  0.000000e+00  2.908522e+10  0.000000e+00  0.000000e+00  2.379835e+07  2.608167e+07  2.696322e+07  2.700483e+07
7.463175e+01  3.244757e+09  0.000000e+00  0.000000e+00  2.918196e+10  0.000000e+00  0.000000e+00  7.006570e+05  4.996601e+05  4.109067e+05  3.723768e+05
7.535120e+01  3.255148e+09  0.000000e+00  0.000000e+00  2.927541e+10  0.000000e+00  0.000000e+00  6.637188e+05  5.285250e+05  4.651475e+05  4.349429e+05
7.607764e+01  3.265173e+09  0.000000e+00  0.000000e+00  2.936558e+10  0.000000e+00  0.000000e+00  5.486752e+05  4.325410e+05  3.781600e+05  3.525364e+05
7.681109e+01  3.274834e+09  0.000000e+00  0.000000e+00  2.945246e+10  0.000000e+00  0.000000e+00  5.146412e+05  3.982647e+05  3.436370e+05  3.183669e+05
7.755160e+01  3.284129e+09  0.000000e+00  0.000000e+00  2.953605e+10  0.000000e+00  0.000000e+00  1.055707e+07  8.600492e+06  7.450704e+06  6.879328e+06
7.829925e+01  3.293060e+09  0.000000e+00  0.000000e+00  2.961637e+10  0.000000e+00  0.000000e+00  9.661363e+06  7.735168e+06  6.635894e+06  6.099468e+06
7.905411e+01  3.301626e+09  0.000000e+00  0.000000e+00  2.969341e+10  0.000000e+00  0.000000e+00  8.035729e+06  6.353923e+06  5.411544e+06  4.957439e+06
7.981625e+01  3.309829e+09  0.000000e+00  0.000000e+00  2.976719e+10  0.000000e+00  0.000000e+00  6.742379e+06  5.378916e+06  4.617614e+06  4.247347e+06
8.058574e+01  3.317670e+09  0.000000e+00  0.000000e+00  2.983771e+10  0.000000e+00  0.000000e+00  6.204436e+06  4.852064e+06  4.119459e+06  3.769995e+06
8.136264e+01  3.325150e+09  0.000000e+00  0.000000e+00  2.990498e+10  0.000000e+00  0.000000e+00  4.530991e+06  3.508025e+06  2.960745e+06  2.702331e+06
8.214704e+01  3.332269e+09  0.000000e+00  0.000000e+00  2.996901e+10  0.000000e+00  0.000000e+00  4.371380e+06  3.318788e+06  2.773058e+06  2.519785e+06
8.293899e+01  3.339030e+09  0.000000e+00  0.000000e+00  3.002981e+10  0.000000e+00  0.000000e+00  3.052455e+06  2.291223e+06  1.902946e+06  1.724792e+06
8.373858e+01  3.345432e+09  0.000000e+00  0.000000e+00  3.008739e+10  0.000000e+00  0.000000e+00  6.104496e+06  4.534741e+06  3.735221e+06  3.370884e+06
8.454588e+01  3.351479e+09  0.000000e+00  0.000000e+00  3.014177e+10  0.000000e+00  0.000000e+00  2.838163e+06  2.078503e+06  1.706735e+06  1.539488e+06
8.536096e+01  3.357170e+09  0.000000e+00  0.000000e+00  3.019295e+10  0.000000e+00  0.000000e+00  5.110959e+06  3.718099e+06  3.027809e+06  2.718835e+06
8.618391e+01  3.362509e+09  0.000000e+00  0.000000e+00  3.024097e+10  0.000000e+00  0.000000e+00  1.627790e+06  1.154281e+06  9.349402e+05  8.390807e+05
8.701478e+01  3.367496e+09  0.000000e+00  0.000000e+00  3.028582e+10  0.000000e+00  0.000000e+00  1.088336e+06  7.596967e+05  6.119572e+05  5.484759e+05
8.785366e+01  3.372134e+09  0.000000e+00  0.000000e+00  3.032753e+10  0.000000e+00  0.000000e+00  1.600151e+06  1.116888e+06  8.991228e+05  8.050177e+05
8.870064e+01  3.376424e+09  0.000000e+00  0.000000e+00  3.036612e+10  0.000000e+00  0.000000e+00  1.520077e+06  1.052416e+06  8.446622e+05  7.554457e+05
8.955575e+01  3.380369e+09  0.000000e+00  0.000000e+00  3.040159e+10  0.000000e+00  0.000000e+00  1.333499e+06  9.192642e+05  7.371208e+05  6.592675e+05
9.041909e+01  3.383970e+09  0.000000e+00  0.000000e+00  3.043398e+10  0.000000e+00  0.000000e+00  7.207326e+05  4.825942e+05  3.840059e+05  3.432576e+05
9.129076e+01  3.387230e+09  0.000000e+00  0.000000e+00  3.046330e+10  0.000000e+00  0.000000e+00  5.963425e+05  3.949368e+05  3.136818e+05  2.805445e+05
9.217082e+01  3.390152e+09  0.000000e+00  0.000000e+00  3.048957e+10  0.000000e+00  0.000000e+00  1.559233e+06  3.069371e+06  3.710073e+06  3.878142e+06
9.305937e+01  3.392737e+09  0.000000e+00  0.000000e+00  3.051282e+10  0.000000e+00  0.000000e+00  4.624204e+05  3.032908e+05  2.412363e+05  2.164038e+05
9.395649e+01  3.394988e+09  0.000000e+00  0.000000e+00  3.053307e+10  0.000000e+00  0.000000e+00  4.511042e+05  2.955711e+05  2.352877e+05  2.112330e+05
9.486225e+01  3.396907e+09  0.000000e+00  0.000000e+00  3.055033e+10  0.000000e+00  0.000000e+00  4.816988e+05  4.335007e+05  5.417774e+05  6.143698e+05
9.577675e+01  3.398498e+09  0.000000e+00  0.000000e+00  3.056464e+10  0.000000e+00  0.000000e+00  2.873815e+05  2.031087e+05  1.883816e+05  1.865658e+05
9.670006e+01  3.399763e+09  0.000000e+00  0.000000e+00  3.057601e+10  0.000000e+00  0.000000e+00  4.562378e+05  2.870053e+05  2.255495e+05  2.017447e+05
9.763228e+01  3.400704e+09  0.000000e+00  0.000000e+00  3.058448e+10  0.000000e+00  0.000000e+00  4.519193e+07  3.415093e+07  2.782525e+07  2.493370e+07
9.857348e+01  3.401325e+09  0.000000e+00  0.000000e+00  3.059006e+10  0.000000e+00  0.000000e+00  3.675998e+07  2.716018e+07  2.193777e+07  1.959139e+07
9.952375e+01  3.401628e+09  0.000000e+00  0.000000e+00  3.059279e+10  0.000000e+00  0.000000e+00  2.798446e+07  2.051069e+07  1.661341e+07  1.488101e+07
1.004832e+02  3.401617e+09  0.000000e+00  0.000000e+00  3.059269e+10  0.000000e+00  0.000000e+00  2.098870e+07  1.508059e+07  1.209648e+07  1.078200e+07
1.014519e+02  3.401293e+09  0.000000e+00  0.000000e+00  3.058978e+10  0.000000e+00  0.000000e+00  1.525258e+07  1.050109e+07  8.263964e+06  7.307126e+06
1.024299e+02  3.400662e+09  0.000000e+00  0.000000e+00  3.058410e+10  0.000000e+00  0.000000e+00  1.583603e+08  1.765722e+08  1.703668e+08  1.637554e+08
1.034173e+02  3.399724e+09  0.000000e+00  0.000000e+00  3.057567e+10  0.000000e+00  0.000000e+00  1.529850e+08  1.704288e+08  1.637427e+08  1.570588e+08
1.044143e+02  3.398485e+09  0.000000e+00  0.000000e+00  3.056452e+10  0.000000e+00  0.000000e+00  6.096965e+06  3.938886e+06  3.036344e+06  2.665502e+06
1.054209e+02  3.396946e+09  0.000000e+00  0.000000e+00  3.055068e+10  0.000000e+00  0.000000e+00  4.478519e+06  2.838168e+06  2.176122e+06  1.907379e+06
1.064372e+02  3.395111e+09  0.000000e+00  0.000000e+00  3.053418e+10  0.000000e+00  0.000000e+00  3.338202e+06  2.073908e+06  1.582217e+06  1.385136e+06
1.074632e+02  3.392984e+09  0.000000e+00  0.000000e+00  3.051505e+10  0.000000e+00  0.000000e+00  2.412979e+06  1.476121e+06  1.122926e+06  9.829829e+05
1.084991e+02  3.390568e+09  0.000000e+00  0.000000e+00  3.049332e+10  0.000000e+00  0.000000e+00  1.912841e+06  1.161176e+06  8.834969e+05  7.742467e+05
1.095450e+02  3.387865e+09  0.000000e+00  0.000000e+00  3.046901e+10  0.000000e+00  0.000000e+00  9.330019e+06  6.785482e+06  5.415423e+06  4.812447e+06
1.106010e+02  3.384881e+09  0.000000e+00  0.000000e+00  3.044217e+10  0.000000e+00  0.000000e+00  6.793430e+06  4.786255e+06  3.781539e+06  3.348825e+06
1.116672e+02  3.381618e+09  0.000000e+00  0.000000e+00  3.041282e+10  0.000000e+00  0.000000e+00  4.888147e+06  3.339804e+06  2.614872e+06  2.308919e+06
1.127437e+02  3.378079e+09  0.000000e+00  0.000000e+00  3.038100e+10  0.000000e+00  0.000000e+00  3.523722e+06  2.341582e+06  1.819600e+06  1.603336e+06
1.138305e+02  3.374268e+09  0.000000e+00  0.000000e+00  3.034672e+10  0.000000e+00  0.000000e+00  4.846924e+06  3.278183e+06  2.629834e+06  2.361492e+06
1.149278e+02  3.370189e+09  0.000000e+00  0.000000e+00  3.031004e+10  0.000000e+00  0.000000e+00  3.354210e+06  2.033417e+06  1.540763e+06  1.346064e+06
1.160357e+02  3.365845e+09  0.000000e+00  0.000000e+00  3.027097e+10  0.000000e+00  0.000000e+00  2.439504e+06  1.449728e+06  1.094784e+06  9.564553e+05
1.171543e+02  3.361240e+09  0.000000e+00  0.000000e+00  3.022956e+10  0.000000e+00  0.000000e+00  1.722119e+06  1.009660e+06  7.624562e+05  6.673972e+05
1.182837e+02  3.356378e+09  0.000000e+00  0.000000e+00  3.018583e+10  0.000000e+00  0.000000e+00  1.287943e+06  7.451565e+05  5.633980e+05  4.945243e+05
1.194239e+02  3.351261e+09  0.000000e+00  0.000000e+00  3.013981e+10  0.000000e+00  0.000000e+00  9.881780e+05  5.667325e+05  4.301413e+05  3.791562e+05
1.205751e+02  3.345895e+09  0.000000e+00  0.000000e+00  3.009155e+10  0.000000e+00  0.000000e+00  7.456655e+05  4.280414e+05  3.277314e+05  2.908816e+05
1.217375e+02  3.340282e+09  0.000000e+00  0.000000e+00  3.004107e+10  0.000000e+00  0.000000e+00  1.201418e+06  1.077979e+06  9.639286e+05  9.064447e+05
1.229110e+02  3.334426e+09  0.000000e+00  0.000000e+00  2.998840e+10  0.000000e+00  0.000000e+00  4.006475e+05  2.375011e+05  1.885879e+05  1.714982e+05
1.240958e+02  3.328331e+09  0.000000e+00  0.000000e+00  2.993359e+10  0.000000e+00  0.000000e+00  3.646146e+05  2.179499e+05  1.745992e+05  1.596695e+05
1.252921e+02  3.322000e+09  0.000000e+00  0.000000e+00  2.987665e+10  0.000000e+00  0.000000e+00  2.932820e+06  1.668666e+06  1.243104e+06  1.080806e+06
1.264999e+02  3.315438e+09  0.000000e+00  0.000000e+00  2.981764e+10  0.000000e+00  0.000000e+00  5.663897e+06  3.115749e+06  2.289070e+06  1.976315e+06
1.277194e+02  3.308648e+09  0.000000e+00  0.000000e+00  2.975657e+10  0.000000e+00  0.000000e+00  3.964973e+06  2.145953e+06  1.574014e+06  1.359869e+06
1.289507e+02  3.301634e+09  0.000000e+00  0.000000e+00  2.969348e+10  0.000000e+00  0.000000e+00  2.826831e+06  1.507567e+06  1.105777e+06  9.570132e+05
1.301938e+02  3.294399e+09  0.000000e+00  0.000000e+00  2.962842e+10  0.000000e+00  0.000000e+00  1.879320e+06  9.992927e+05  7.371382e+05  6.411306e+05
1.314489e+02  3.286947e+09  0.000000e+00  0.000000e+00  2.956140e+10  0.000000e+00  0.000000e+00  1.308046e+06  6.957240e+05  5.177129e+05  4.533865e+05
1.327161e+02  3.279283e+09  0.000000e+00  0.000000e+00  2.949247e+10  0.000000e+00  0.000000e+00  9.326941e+05  4.999700e+05  3.770236e+05  3.333037e+05
1.339956e+02  3.271409e+09  0.000000e+00  0.000000e+00  2.942166e+10  0.000000e+00  0.000000e+00  6.734261e+05  3.679363e+05  2.828082e+05  2.531371e+05
1.352873e+02  3.263330e+09  0.000000e+00  0.000000e+00  2.934900e+10  0.000000e+00  0.000000e+00  5.187247e+05  3.608667e+05  3.296676e+05  3.212158e+05
1.365915e+02  3.255049e+09  0.000000e+00  0.000000e+00  2.927452e+10  0.000000e+00  0.000000e+00  4.251949e+05  2.444209e+05  1.955560e+05  1.793073e+05
1.379083e+02  3.246571e+09  0.000000e+00  0.000000e+00  2.919827e+10  0.000000e+00  0.000000e+00  1.279776e+06  6.643469e+05  4.941106e+05  4.335587e+05
1.392378e+02  3.237898e+09  0.000000e+00  0.000000e+00  2.912027e+10  0.000000e+00  0.000000e+00  9.083092e+05  4.784307e+05  3.618254e+05  3.210643e+05
1.405801e+02  3.229035e+09  0.000000e+00  0.000000e+00  2.904056e+10  0.000000e+00  0.000000e+00  6.306462e+05  3.427510e+05  2.659692e+05  2.397955e+05
1.419353e+02  3.219985e+09  0.000000e+00  0.000000e+00  2.895917e+10  0.000000e+00  0.000000e+00  1.331617e+07  7.008865e+06  5.067811e+06  4.345300e+06
1.433036e+02  3.210752e+09  0.000000e+00  0.000000e+00  2.887613e+10  0.000000e+00  0.000000e+00  8.676391e+06  4.475299e+06  3.226821e+06  2.766699e+06
1.446851e+02  3.201340e+09  0.000000e+00  0.000000e+00  2.879148e+10  0.000000e+00  0.000000e+00  5.607834e+06  2.847973e+06  2.052757e+06  1.762533e+06
1.460799e+02  3.191752e+09  0.000000e+00  0.000000e+00  2.870525e+10  0.000000e+00  0.000000e+00  3.598777e+06  1.811788e+06  1.310255e+06  1.129031e+06
1.474882e+02  3.181992e+09  0.000000e+00  0.000000e+00  2.861748e+10  0.000000e+00  0.000000e+00  2.350518e+06  1.179790e+06  8.595862e+05  7.452488e+05
1.489100e+02  3.172064e+09  0.000000e+00  0.000000e+00  2.852819e+10  0.000000e+00  0.000000e+00  1.537246e+06  7.780155e+05  5.748729e+05  5.033799e+05
1.503456e+02  3.161971e+09  0.000000e+00  0.000000e+00  2.843742e+10  0.000000e+00  0.000000e+00  2.050425e+06  1.020900e+06  7.461259e+05  6.488772e+05
1.517949e+02  3.151717e+09  0.000000e+00  0.000000e+00  2.834520e+10  0.000000e+00  0.000000e+00  1.413154e+06  7.092046e+05  5.258597e+05  4.619804e+05
1.532583e+02  3.141306e+09  0.000000e+00  0.000000e+00  2.825157e+10  0.000000e+00  0.000000e+00  8.945045e+05  4.657269e+05  3.554831e+05  3.179485e+05
1.547358e+02  3.130741e+09  0.000000e+00  0.000000e+00  2.815655e+10  0.000000e+00  0.000000e+00  6.501473e+05  3.863041e+05  3.185838e+05  2.957302e+05
1.562275e+02  3.120026e+09  0.000000e+00  0.000000e+00  2.806018e+10  0.000000e+00  0.000000e+00  4.722815e+05  2.812448e+05  2.327249e+05  2.171993e+05
1.577336e+02  3.109164e+09  0.000000e+00  0.000000e+00  2.796249e+10  0.000000e+00  0.000000e+00  1.145663e+06  5.777935e+05  4.357274e+05  3.872839e+05
1.592542e+02  3.098159e+09  0.000000e+00  0.000000e+00  2.786352e+10  0.000000e+00  0.000000e+00  1.970543e+06  2.435891e+06  2.495312e+06  2.484425e+06
1.607895e+02  3.087015e+09  0.000000e+00  0.000000e+00  2.776329e+10  0.000000e+00  0.000000e+00  7.320217e+05  4.924307e+05  4.292581e+05  4.065521e+05
1.623395e+02  3.075734e+09  0.000000e+00  0.000000e+00  2.766184e+10  0.000000e+00  0.000000e+00  5.281415e+05  2.973224e+05  2.408219e+05  2.229403e+05
1.639045e+02  3.064320e+09  0.000000e+00  0.000000e+00  2.755919e+10  0.000000e+00  0.000000e+00  2.681258e+06  1.749806e+06  1.413866e+06  1.283190e+06
1.654846e+02  3.052778e+09  0.000000e+00  0.000000e+00  2.745538e+10  0.000000e+00  0.000000e+00  6.604504e+05  4.110298e+05  3.348407e+05  3.083578e+05
1.670800e+02  3.041109e+09  0.000000e+00  0.000000e+00  2.735043e+10  0.000000e+00  0.000000e+00  8.259507e+06  4.005278e+06  2.860992e+06  2.450879e+06
1.686907e+02  3.029318e+09  0.000000e+00  0.000000e+00  2.724439e+10  0.000000e+00  0.000000e+00  5.965927e+06  2.912243e+06  2.089905e+06  1.795433e+06
1.703169e+02  3.017408e+09  0.000000e+00  0.000000e+00  2.713728e+10  0.000000e+00  0.000000e+00  9.678451e+07  4.748109e+07  3.371869e+07  2.871772e+07
1.719588e+02  3.005382e+09  0.000000e+00  0.000000e+00  2.702912e+10  0.000000e+00  0.000000e+00  9.280679e+07  4.511470e+07  3.193030e+07  2.715135e+07
1.736166e+02  2.993244e+09  0.000000e+00  0.000000e+00  2.691995e+10  0.000000e+00  0.000000e+00  1.046049e+06  5.333930e+05  4.088732e+05  3.674314e+05
1.752903e+02  2.980996e+09  0.000000e+00  0.000000e+00  2.680981e+10  0.000000e+00  0.000000e+00  7.202759e+05  3.909504e+05  3.113017e+05  2.857019e+05
1.769802e+02  2.968643e+09  0.000000e+00  0.000000e+00  2.669870e+10  0.000000e+00  0.000000e+00  5.322534e+05  3.105789e+05  2.568062e+05  2.403278e+05
1.786863e+02  2.956186e+09  0.000000e+00  0.000000e+00  2.658668e+10  0.000000e+00  0.000000e+00  4.347139e+05  2.700936e+05  2.298744e+05  2.181848e+05
1.804090e+02  2.943631e+09  0.000000e+00  0.000000e+00  2.647375e+10  0.000000e+00  0.000000e+00  3.753257e+05  2.466518e+05  2.147790e+05  2.060432e+05
1.821482e+02  2.930978e+09  0.000000e+00  0.000000e+00  2.635997e+10  0.000000e+00  0.000000e+00  3.412033e+05  2.340915e+05  2.071209e+05  2.001327e+05
1.839042e+02  2.918233e+09  0.000000e+00  0.000000e+00  2.624534e+10  0.000000e+00  0.000000e+00  3.245772e+05  2.289833e+05  2.045837e+05  1.985320e+05
1.856771e+02  2.905397e+09  0.000000e+00  0.000000e+00  2.612990e+10  0.000000e+00  0.000000e+00  3.179775e+05  2.281876e+05  2.050480e+05  1.994795e+05
1.874671e+02  2.892474e+09  0.000000e+00  0.000000e+00  2.601368e+10  0.000000e+00  0.000000e+00  1.081366e+07  4.593323e+06  3.184685e+06  2.700063e+06
1.892744e+02  2.879467e+09  0.000000e+00  0.000000e+00  2.589670e+10  0.000000e+00  0.000000e+00  6.133593e+06  2.625178e+06  1.839367e+06  1.570905e+06
1.910991e+02  2.866379e+09  0.000000e+00  0.000000e+00  2.577899e+10  0.000000e+00  0.000000e+00  3.503086e+06  1.532011e+06  1.094269e+06  9.462628e+05
1.929414e+02  2.853213e+09  0.000000e+00  0.000000e+00  2.566058e+10  0.000000e+00  0.000000e+00  2.308736e+06  1.051985e+06  7.699939e+05  6.754442e+05
1.948014e+02  2.839972e+09  0.000000e+00  0.000000e+00  2.554149e+10  0.000000e+00  0.000000e+00  1.386975e+06  6.724137e+05  5.121822e+05  4.597555e+05
1.966794e+02  2.826658e+09  0.000000e+00  0.000000e+00  2.542176e+10  0.000000e+00  0.000000e+00  8.294418e+05  4.436838e+05  3.572616e+05  3.303938e+05
1.985755e+02  2.813275e+09  0.000000e+00  0.000000e+00  2.530140e+10  0.000000e+00  0.000000e+00  6.030811e+05  3.545767e+05  2.977328e+05  2.810372e+05
2.004899e+02  2.799826e+09  0.000000e+00  0.000000e+00  2.518044e+10  0.000000e+00  0.000000e+00  4.865250e+05  3.106154e+05  2.691998e+05  2.578283e+05
2.024227e+02  2.786312e+09  0.000000e+00  0.000000e+00  2.505890e+10  0.000000e+00  0.000000e+00  4.284040e+05  2.901536e+05  2.566276e+05  2.479998e+05
2.043741e+02  2.772738e+09  0.000000e+00  0.000000e+00  2.493682e+10  0.000000e+00  0.000000e+00  1.069164e+07  4.454760e+06  3.084995e+06  2.617612e+06
2.063444e+02  2.759105e+09  0.000000e+00  0.000000e+00  2.481421e+10  0.000000e+00  0.000000e+00  5.591284e+06  2.368872e+06  1.667594e+06  1.430380e+06
2.083337e+02  2.745417e+09  0.000000e+00  0.000000e+00  2.469111e+10  0.000000e+00  0.000000e+00  2.991070e+06  1.317963e+06  9.556146e+05  8.347964e+05
2.103421e+02  2.731675e+09  0.000000e+00  0.000000e+00  2.456752e+10  0.000000e+00  0.000000e+00  1.686520e+06  7.969866e+05  6.039965e+05  5.412248e+05
2.123699e+02  2.717884e+09  0.000000e+00  0.000000e+00  2.444349e+10  0.000000e+00  0.000000e+00  1.037174e+06  5.413574e+05  4.324871e+05  3.985117e+05
2.144171e+02  2.704045e+09  0.000000e+00  0.000000e+00  2.431903e+10  0.000000e+00  0.000000e+00  7.173949e+05  4.179872e+05  3.505977e+05  3.308228e+05
2.164841e+02  2.690161e+09  0.000000e+00  0.000000e+00  2.419416e+10  0.000000e+00  0.000000e+00  5.617881e+05  3.598878e+05  3.128364e+05  3.000361e+05
2.185710e+02  2.676235e+09  0.000000e+00  0.000000e+00  2.406891e+10  0.000000e+00  0.000000e+00  4.899795e+05  3.351163e+05  2.977508e+05  2.883035e+05
2.206781e+02  2.662268e+09  0.000000e+00  0.000000e+00  2.394330e+10  0.000000e+00  0.000000e+00  4.588491e+05  3.261333e+05  2.932335e+05  2.853640e+05
2.228054e+02  2.648263e+09  0.000000e+00  0.000000e+00  2.381735e+10  0.000000e+00  0.000000e+00  4.477159e+05  3.247599e+05  2.937522e+05  2.865880e+05
2.249533e+02  2.634223e+09  0.000000e+00  0.000000e+00  2.369108e+10  0.000000e+00  0.000000e+00  5.415889e+05  3.799894e+05  3.412775e+05  3.314175e+05
2.271218e+02  2.620150e+09  0.000000e+00  0.000000e+00  2.356451e+10  0.000000e+00  0.000000e+00  5.004514e+05  3.638861e+05  3.300382e+05  3.219146e+05
2.293113e+02  2.606047e+09  0.000000e+00  0.000000e+00  2.343767e+10  0.000000e+00  0.000000e+00  4.758440e+05  3.449736e+05  3.121338e+05  3.045614e+05
2.315219e+02  2.591915e+09  0.000000e+00  0.000000e+00  2.331057e+10  0.000000e+00  0.000000e+00  5.853798e+05  4.668363e+05  4.268404e+05  4.145343e+05
2.337537e+02  2.577757e+09  0.000000e+00  0.000000e+00  2.318324e+10  0.000000e+00  0.000000e+00  5.398168e+05  4.113572e+05  3.742105e+05  3.641990e+05
2.360071e+02  2.563575e+09  0.000000e+00  0.000000e+00  2.305570e+10  0.000000e+00  0.000000e+00  4.981149e+05  3.648762e+05  3.309201e+05  3.231488e+05
2.382823e+02  2.549372e+09  0.000000e+00  0.000000e+00  2.292796e+10  0.000000e+00  0.000000e+00  5.896311e+05  4.150983e+05  3.703551e+05  3.586638e+05
2.405793e+02  2.535149e+09  0.000000e+00  0.000000e+00  2.280005e+10  0.000000e+00  0.000000e+00  5.295335e+05  3.867999e+05  3.501906e+05  3.415929e+05
2.428985e+02  2.520909e+09  0.000000e+00  0.000000e+00  2.267198e+10  0.000000e+00  0.000000e+00  9.205273e+05  5.476967e+05  4.610961e+05  4.354318e+05
2.452401e+02  2.506654e+09  0.000000e+00  0.000000e+00  2.254377e+10  0.000000e+00  0.000000e+00  8.641219e+05  5.234836e+05  4.453957e+05  4.229037e+05
2.476042e+02  2.492386e+09  0.000000e+00  0.000000e+00  2.241545e+10  0.000000e+00  0.000000e+00  1.232519e+06  6.503202e+05  5.299680e+05  4.937766e+05
2.499911e+02  2.478106e+09  0.000000e+00  0.000000e+00  2.228703e+10  0.000000e+00  0.000000e+00  8.774145e+05  5.252613e+05  4.487897e+05  4.273223e+05
2.524011e+02  2.463818e+09  0.000000e+00  0.000000e+00  2.215852e+10  0.000000e+00  0.000000e+00  1.924571e+06  9.330942e+05  7.248684e+05  6.588441e+05
2.548343e+02  2.449521e+09  0.000000e+00  0.000000e+00  2.202995e+10  0.000000e+00  0.000000e+00  1.775079e+06  8.816941e+05  6.930482e+05  6.336988e+05
2.572911e+02  2.435220e+09  0.000000e+00  0.000000e+00  2.190133e+10  0.000000e+00  0.000000e+00  5.910240e+05  4.335388e+05  3.939956e+05  3.851054e+05
2.597715e+02  2.420915e+09  0.000000e+00  0.000000e+00  2.177268e+10  0.000000e+00  0.000000e+00  5.882436e+05  4.371452e+05  3.986206e+05  3.901556e+05
2.622758e+02  2.406609e+09  0.000000e+00  0.000000e+00  2.164401e+10  0.000000e+00  0.000000e+00  5.931777e+05  4.436073e+05  4.051840e+05  3.968408e+05
2.648042e+02  2.392303e+09  0.000000e+00  0.000000e+00  2.151535e+10  0.000000e+00  0.000000e+00  6.016929e+05  4.514389e+05  4.126922e+05  4.043298e+05
2.673571e+02  2.378000e+09  0.000000e+00  0.000000e+00  2.138671e+10  0.000000e+00  0.000000e+00  6.115880e+05  4.595893e+05  4.203262e+05  4.118795e+05
2.699345e+02  2.363700e+09  0.000000e+00  0.000000e+00  2.125811e+10  0.000000e+00  0.000000e+00  6.224295e+05  4.684307e+05  4.285924e+05  4.200465e+05
2.725368e+02  2.349406e+09  0.000000e+00  0.000000e+00  2.112955e+10  0.000000e+00  0.000000e+00  6.428835e+05  4.819293e+05  4.403553e+05  4.312991e+05
2.751642e+02  2.335119e+09  0.000000e+00  0.000000e+00  2.100106e+10  0.000000e+00  0.000000e+00  6.459691e+05  4.871396e+05  4.459806e+05  4.371878e+05
2.778169e+02  2.320842e+09  0.000000e+00  0.000000e+00  2.087266e+10  0.000000e+00  0.000000e+00  6.865620e+05  5.241009e+05  4.801577e+05  4.701589e+05
2.804952e+02  2.306575e+09  0.000000e+00  0.000000e+00  2.074435e+10  0.000000e+00  0.000000e+00  6.782753e+06  6.833838e+06  6.425857e+06  6.186860e+06
2.831993e+02  2.292320e+09  0.000000e+00  0.000000e+00  2.061615e+10  0.000000e+00  0.000000e+00  6.808664e+05  5.149336e+05  4.718412e+05  4.626930e+05
2.859295e+02  2.278079e+09  0.000000e+00  0.000000e+00  2.048807e+10  0.000000e+00  0.000000e+00  6.937697e+05  5.251722e+05  4.813512e+05  4.720654e+05
2.886859e+02  2.263854e+09  0.000000e+00  0.000000e+00  2.036014e+10  0.000000e+00  0.000000e+00  7.067268e+05  5.355384e+05  4.909947e+05  4.815741e+05
2.914690e+02  2.249645e+09  0.000000e+00  0.000000e+00  2.023235e+10  0.000000e+00  0.000000e+00  7.200367e+05  5.461068e+05  5.008123e+05  4.912503e+05
2.942789e+02  2.235455e+09  0.000000e+00  0.000000e+00  2.010473e+10  0.000000e+00  0.000000e+00  7.337152e+05  5.569874e+05  5.109221e+05  5.012149e+05
2.971159e+02  2.221285e+09  0.000000e+00  0.000000e+00  1.997729e+10  0.000000e+00  0.000000e+00  7.476592e+05  5.680860e+05  5.212345e+05  5.113790e+05
2.999802e+02  2.207136e+09  0.000000e+00  0.000000e+00  1.985004e+10  0.000000e+00  0.000000e+00  7.629038e+05  5.797753e+05  5.319852e+05  5.219300e+05
3.028720e+02  2.193010e+09  0.000000e+00  0.000000e+00  1.972300e+10  0.000000e+00  0.000000e+00  7.761926e+05  5.909575e+05  5.425052e+05  5.323453e+05
3.057918e+02  2.178908e+09  0.000000e+00  0.000000e+00  1.959617e+10  0.000000e+00  0.000000e+00  5.882842e+07  2.202946e+07  1.483607e+07  1.243287e+07
3.087397e+02  2.164832e+09  0.000000e+00  0.000000e+00  1.946957e+10  0.000000e+00  0.000000e+00  3.717115e+07  1.401209e+07  9.484824e+06  7.974557e+06
3.117160e+02  2.150781e+09  0.000000e+00  0.000000e+00  1.934321e+10  0.000000e+00  0.000000e+00  7.838474e+05  5.934560e+05  5.438105e+05  5.330508e+05
3.147209e+02  2.136759e+09  0.000000e+00  0.000000e+00  1.921710e+10  0.000000e+00  0.000000e+00  8.492818e+05  6.554489e+05  6.010353e+05  5.877867e+05
3.177549e+02  2.122766e+09  0.000000e+00  0.000000e+00  1.909125e+10  0.000000e+00  0.000000e+00  8.098549e+05  6.146415e+05  5.638626e+05  5.529747e+05
3.208181e+02  2.108803e+09  0.000000e+00  0.000000e+00  1.896568e+10  0.000000e+00  0.000000e+00  8.814496e+05  6.808969e+05  6.243141e+05  6.104982e+05
3.239108e+02  2.094872e+09  0.000000e+00  0.000000e+00  1.884039e+10  0.000000e+00  0.000000e+00  8.774997e+05  6.614214e+05  6.038722e+05  5.905588e+05
3.270334e+02  2.080974e+09  0.000000e+00  0.000000e+00  1.871539e+10  0.000000e+00  0.000000e+00  8.707888e+05  6.544188e+05  5.977811e+05  5.851238e+05
3.301861e+02  2.067109e+09  0.000000e+00  0.000000e+00  1.859070e+10  0.000000e+00  0.000000e+00  8.734055e+05  6.380747e+05  5.793228e+05  5.658556e+05
3.333691e+02  2.053279e+09  0.000000e+00  0.000000e+00  1.846632e+10  0.000000e+00  0.000000e+00  8.488495e+05  6.335670e+05  5.787922e+05  5.668180e+05
3.365828e+02  2.039486e+09  0.000000e+00  0.000000e+00  1.834226e+10  0.000000e+00  0.000000e+00  8.578145e+05  6.427355e+05  5.878559e+05  5.759840e+05
3.398275e+02  2.025729e+09  0.000000e+00  0.000000e+00  1.821854e+10  0.000000e+00  0.000000e+00  8.999785e+05  6.645108e+05  6.054918e+05  5.923664e+05
3.431035e+02  2.012010e+09  0.000000e+00  0.000000e+00  1.809516e+10  0.000000e+00  0.000000e+00  8.758265e+05  6.620144e+05  6.069503e+05  5.952745e+05
3.464111e+02  1.998331e+09  0.000000e+00  0.000000e+00  1.797213e+10  0.000000e+00  0.000000e+00  8.768915e+05  6.695608e+05  6.154376e+05  6.041898e+05
3.497506e+02  1.984691e+09  0.000000e+00  0.000000e+00  1.784947e+10  0.000000e+00  0.000000e+00  8.985141e+05  6.836799e+05  6.278855e+05  6.162194e+05
3.531222e+02  1.971093e+09  0.000000e+00  0.000000e+00  1.772717e+10  0.000000e+00  0.000000e+00  6.310091e+06  2.668624e+06  1.951633e+06  1.719136e+06
3.565264e+02  1.957536e+09  0.000000e+00  0.000000e+00  1.760525e+10  0.000000e+00  0.000000e+00  9.082763e+05  7.011435e+05  6.460516e+05  6.348209e+05
3.599634e+02  1.944023e+09  0.000000e+00  0.000000e+00  1.748371e+10  0.000000e+00  0.000000e+00  9.232095e+05  7.138772e+05  6.580701e+05  6.467390e+05
3.634335e+02  1.930552e+09  0.000000e+00  0.000000e+00  1.736256e+10  0.000000e+00  0.000000e+00  9.398748e+05  7.272405e+05  6.705035e+05  6.590000e+05
3.669371e+02  1.917127e+09  0.000000e+00  0.000000e+00  1.724182e+10  0.000000e+00  0.000000e+00  2.440576e+06  1.275893e+06  1.038300e+06  9.667267e+05
3.704745e+02  1.903747e+09  0.000000e+00  0.000000e+00  1.712149e+10  0.000000e+00  0.000000e+00  5.568697e+06  2.425269e+06  1.806535e+06  1.607824e+06
3.740459e+02  1.890413e+09  0.000000e+00  0.000000e+00  1.700157e+10  0.000000e+00  0.000000e+00  9.901579e+05  7.673862e+05  7.078298e+05  6.958012e+05
3.776518e+02  1.877126e+09  0.000000e+00  0.000000e+00  1.688207e+10  0.000000e+00  0.000000e+00  4.867826e+06  2.182331e+06  1.651848e+06  1.482940e+06
3.812925e+02  1.863887e+09  0.000000e+00  0.000000e+00  1.676300e+10  0.000000e+00  0.000000e+00  6.692496e+06  2.850551e+06  2.099570e+06  1.857350e+06
3.849682e+02  1.850696e+09  0.000000e+00  0.000000e+00  1.664437e+10  0.000000e+00  0.000000e+00  1.303301e+07  5.154196e+06  3.633586e+06  3.135042e+06
3.886794e+02  1.837554e+09  0.000000e+00  0.000000e+00  1.652618e+10  0.000000e+00  0.000000e+00  1.770828e+07  7.672788e+06  5.739181e+06  5.096778e+06
3.924264e+02  1.824463e+09  0.000000e+00  0.000000e+00  1.640844e+10  0.000000e+00  0.000000e+00  6.922636e+06  2.949203e+06  2.176130e+06  1.927278e+06
3.962095e+02  1.811422e+09  0.000000e+00  0.000000e+00  1.629115e+10  0.000000e+00  0.000000e+00  1.995915e+07  1.583886e+07  1.374285e+07  1.275731e+07
4.000290e+02  1.798432e+09  0.000000e+00  0.000000e+00  1.617433e+10  0.000000e+00  0.000000e+00  3.574357e+06  1.796043e+06  1.426914e+06  1.311630e+06
4.038854e+02  1.785494e+09  0.000000e+00  0.000000e+00  1.605797e+10  0.000000e+00  0.000000e+00  1.362934e+06  9.672150e+05  8.721054e+05  8.494275e+05
4.077790e+02  1.772608e+09  0.000000e+00  0.000000e+00  1.594208e+10  0.000000e+00  0.000000e+00  1.215354e+06  9.239109e+05  8.479477e+05  8.318005e+05
4.117101e+02  1.759776e+09  0.000000e+00  0.000000e+00  1.582667e+10  0.000000e+00  0.000000e+00  1.194056e+06  9.259658e+05  8.539429e+05  8.392774e+05
4.156790e+02  1.746997e+09  0.000000e+00  0.000000e+00  1.571174e+10  0.000000e+00  0.000000e+00  1.204730e+06  9.395692e+05  8.676534e+05  8.531984e+05
4.196863e+02  1.734272e+09  0.000000e+00  0.000000e+00  1.559730e+10  0.000000e+00  0.000000e+00  1.227900e+06  9.589648e+05  8.852849e+05  8.702357e+05
4.237322e+02  1.721602e+09  0.000000e+00  0.000000e+00  1.548335e+10  0.000000e+00  0.000000e+00  1.189052e+06  9.258903e+05  8.552472e+05  8.411769e+05
4.278171e+02  1.708987e+09  0.000000e+00  0.000000e+00  1.536990e+10  0.000000e+00  0.000000e+00  3.495288e+06  1.773425e+06  1.426882e+06  1.320866e+06
4.319414e+02  1.696428e+09  0.000000e+00  0.000000e+00  1.525695e+10  0.000000e+00  0.000000e+00  1.845705e+06  1.180922e+06  1.033988e+06  9.948969e+05
4.361055e+02  1.683925e+09  0.000000e+00  0.000000e+00  1.514450e+10  0.000000e+00  0.000000e+00  1.596801e+06  1.100771e+06  9.853086e+05  9.568987e+05
4.403097e+02  1.671479e+09  0.000000e+00  0.000000e+00  1.503256e+10  0.000000e+00  0.000000e+00  1.304442e+06  1.007475e+06  9.287140e+05  9.126621e+05
4.445544e+02  1.659089e+09  0.000000e+00  0.000000e+00  1.492114e+10  0.000000e+00  0.000000e+00  1.306798e+06  1.018051e+06  9.404842e+05  9.250322e+05
4.488401e+02  1.646758e+09  0.000000e+00  0.000000e+00  1.481023e+10  0.000000e+00  0.000000e+00  1.316420e+06  1.031722e+06  9.543801e+05  9.391533e+05
4.531670e+02  1.634484e+09  0.000000e+00  0.000000e+00  1.469985e+10  0.000000e+00  0.000000e+00  1.338628e+06  1.050189e+06  9.717151e+05  9.563095e+05
4.575357e+02  1.622268e+09  0.000000e+00  0.000000e+00  1.458999e+10  0.000000e+00  0.000000e+00  1.561052e+06  1.140387e+06  1.036763e+06  1.013214e+06
4.619465e+02  1.610111e+09  0.000000e+00  0.000000e+00  1.448065e+10  0.000000e+00  0.000000e+00  1.388748e+06  1.090411e+06  1.009148e+06  9.932270e+05
4.663999e+02  1.598013e+09  0.000000e+00  0.000000e+00  1.437185e+10  0.000000e+00  0.000000e+00  1.413993e+06  1.110893e+06  1.028260e+06  1.012097e+06
4.708961e+02  1.585975e+09  0.000000e+00  0.000000e+00  1.426358e+10  0.000000e+00  0.000000e+00  1.579029e+06  1.181208e+06  1.080421e+06  1.058447e+06
4.754357e+02  1.573996e+09  0.000000e+00  0.000000e+00  1.415585e+10  0.000000e+00  0.000000e+00  1.574882e+06  1.191575e+06  1.092917e+06  1.071842e+06
4.800191e+02  1.562077e+09  0.000000e+00  0.000000e+00  1.404866e+10  0.000000e+00  0.000000e+00  1.585942e+06  1.207701e+06  1.109480e+06  1.088775e+06
4.846466e+02  1.550219e+09  0.000000e+00  0.000000e+00  1.394201e+10  0.000000e+00  0.000000e+00  2.076703e+06  1.394424e+06  1.239048e+06  1.199614e+06
4.893188e+02  1.538421e+09  0.000000e+00  0.000000e+00  1.383590e+10  0.000000e+00  0.000000e+00  1.883839e+06  1.338543e+06  1.208177e+06  1.177272e+06
4.940360e+02  1.526684e+09  0.000000e+00  0.000000e+00  1.373034e+10  0.000000e+00  0.000000e+00  1.684126e+06  1.280518e+06  1.176018e+06  1.153930e+06
4.987987e+02  1.515008e+09  0.000000e+00  0.000000e+00  1.362533e+10  0.000000e+00  0.000000e+00  1.783820e+06  1.329070e+06  1.214496e+06  1.189309e+06
5.036072e+02  1.503393e+09  0.000000e+00  0.000000e+00  1.352088e+10  0.000000e+00  0.000000e+00  1.633595e+06  1.289269e+06  1.194623e+06  1.176281e+06
5.084622e+02  1.491840e+09  0.000000e+00  0.000000e+00  1.341697e+10  0.000000e+00  0.000000e+00  1.660727e+06  1.312501e+06  1.216533e+06  1.197998e+06
5.133639e+02  1.480349e+09  0.000000e+00  0.000000e+00  1.331363e+10  0.000000e+00  0.000000e+00  1.687153e+06  1.334169e+06  1.236826e+06  1.218064e+06
5.183129e+02  1.468920e+09  0.000000e+00  0.000000e+00  1.321083e+10  0.000000e+00  0.000000e+00  1.728231e+06  1.367460e+06  1.267201e+06  1.247518e+06
5.233096e+02  1.457552e+09  0.000000e+00  0.000000e+00  1.310860e+10  0.000000e+00  0.000000e+00  1.882317e+08  1.611689e+08  1.407559e+08  1.307067e+08
5.283544e+02  1.446247e+09  0.000000e+00  0.000000e+00  1.300693e+10  0.000000e+00  0.000000e+00  6.260846e+07  3.938586e+07  3.110733e+07  2.775083e+07
5.334479e+02  1.435005e+09  0.000000e+00  0.000000e+00  1.290582e+10  0.000000e+00  0.000000e+00  1.869866e+06  1.435008e+06  1.312416e+06  1.283912e+06
5.385905e+02  1.423825e+09  0.000000e+00  0.000000e+00  1.280527e+10  0.000000e+00  0.000000e+00  2.914420e+07  1.118202e+07  7.707014e+06  6.552465e+06
5.437827e+02  1.412708e+09  0.000000e+00  0.000000e+00  1.270529e+10  0.000000e+00  0.000000e+00  1.698924e+06  1.097363e+06  9.645571e+05  9.300366e+05
5.490249e+02  1.401653e+09  0.000000e+00  0.000000e+00  1.260587e+10  0.000000e+00  0.000000e+00  1.649706e+06  1.087608e+06  9.617873e+05  9.297237e+05
5.543177e+02  1.390662e+09  0.000000e+00  0.000000e+00  1.250702e+10  0.000000e+00  0.000000e+00  1.493128e+06  1.037062e+06  9.298444e+05  9.038407e+05
5.596615e+02  1.379734e+09  0.000000e+00  0.000000e+00  1.240873e+10  0.000000e+00  0.000000e+00  1.222463e+06  9.141194e+05  8.377371e+05  8.216914e+05
5.650568e+02  1.368868e+09  0.000000e+00  0.000000e+00  1.231102e+10  0.000000e+00  0.000000e+00  1.208037e+06  9.166937e+05  8.431242e+05  8.281470e+05
5.705041e+02  1.358066e+09  0.000000e+00  0.000000e+00  1.221387e+10  0.000000e+00  0.000000e+00  2.921003e+06  1.528642e+06  1.251190e+06  1.168820e+06
5.760039e+02  1.347328e+09  0.000000e+00  0.000000e+00  1.211729e+10  0.000000e+00  0.000000e+00  1.586312e+06  1.065184e+06  9.484080e+05  9.193715e+05
5.815568e+02  1.336652e+09  0.000000e+00  0.000000e+00  1.202128e+10  0.000000e+00  0.000000e+00  1.202863e+06  9.364024e+05  8.658401e+05  8.520270e+05
5.871631e+02  1.326040e+09  0.000000e+00  0.000000e+00  1.192584e+10  0.000000e+00  0.000000e+00  1.220233e+06  9.507438e+05  8.792721e+05  8.653050e+05
5.928236e+02  1.315492e+09  0.000000e+00  0.000000e+00  1.183097e+10  0.000000e+00  0.000000e+00  1.241272e+06  9.665501e+05  8.937620e+05  8.795118e+05
5.985386e+02  1.305006e+09  0.000000e+00  0.000000e+00  1.173667e+10  0.000000e+00  0.000000e+00  1.257067e+06  9.806679e+05  9.072114e+05  8.928946e+05
6.043086e+02  1.294584e+09  0.000000e+00  0.000000e+00  1.164294e+10  0.000000e+00  0.000000e+00  1.275994e+06  9.960435e+05  9.215671e+05  9.070708e+05
6.101343e+02  1.284226e+09  0.000000e+00  0.000000e+00  1.154978e+10  0.000000e+00  0.000000e+00  1.294904e+06  1.011273e+06  9.356955e+05  9.209790e+05
6.160162e+02  1.273931e+09  0.000000e+00  0.000000e+00  1.145719e+10  0.000000e+00  0.000000e+00  1.280459e+06  1.014604e+06  9.414640e+05  9.275492e+05
6.219548e+02  1.263700e+09  0.000000e+00  0.000000e+00  1.136517e+10  0.000000e+00  0.000000e+00  1.300335e+06  1.030647e+06  9.564295e+05  9.423296e+05
6.279506e+02  1.253531e+09  0.000000e+00  0.000000e+00  1.127373e+10  0.000000e+00  0.000000e+00  2.866857e+06  2.505766e+06  2.314235e+06  2.235621e+06
6.340042e+02  1.243427e+09  0.000000e+00  0.000000e+00  1.118285e+10  0.000000e+00  0.000000e+00  1.580481e+06  1.245974e+06  1.146703e+06  1.122106e+06
6.401162e+02  1.233385e+09  0.000000e+00  0.000000e+00  1.109254e+10  0.000000e+00  0.000000e+00  2.785652e+06  2.410172e+06  2.221445e+06  2.146059e+06
6.462871e+02  1.223407e+09  0.000000e+00  0.000000e+00  1.100280e+10  0.000000e+00  0.000000e+00  1.668115e+06  1.301347e+06  1.194048e+06  1.166907e+06
6.525174e+02  1.213492e+09  0.000000e+00  0.000000e+00  1.091363e+10  0.000000e+00  0.000000e+00  1.501481e+06  1.171291e+06  1.081474e+06  1.062524e+06
6.588079e+02  1.203640e+09  0.000000e+00  0.000000e+00  1.082502e+10  0.000000e+00  0.000000e+00  1.497291e+06  1.180394e+06  1.092434e+06  1.074255e+06
6.651590e+02  1.193851e+09  0.000000e+00  0.000000e+00  1.073699e+10  0.000000e+00  0.000000e+00  1.682858e+06  1.238810e+06  1.128495e+06  1.103543e+06
6.715713e+02  1.184125e+09  0.000000e+00  0.000000e+00  1.064952e+10  0.000000e+00  0.000000e+00  1.461869e+06  1.167072e+06  1.084671e+06  1.069245e+06
6.780454e+02  1.174462e+09  0.000000e+00  0.000000e+00  1.056261e+10  0.000000e+00  0.000000e+00  1.615649e+06  1.233711e+06  1.134440e+06  1.113595e+06
6.845820e+02  1.164862e+09  0.000000e+00  0.000000e+00  1.047627e+10  0.000000e+00  0.000000e+00  1.531740e+06  1.213607e+06  1.125918e+06  1.109126e+06
6.911815e+02  1.155325e+09  0.000000e+00  0.000000e+00  1.039050e+10  0.000000e+00  0.000000e+00  1.583022e+06  1.243089e+06  1.150853e+06  1.132756e+06
6.978447e+02  1.145850e+09  0.000000e+00  0.000000e+00  1.030528e+10  0.000000e+00  0.000000e+00  1.643490e+06  1.275741e+06  1.177929e+06  1.158199e+06
7.045721e+02  1.136437e+09  0.000000e+00  0.000000e+00  1.022063e+10  0.000000e+00  0.000000e+00  1.593140e+06  1.274720e+06  1.184887e+06  1.167851e+06
7.113644e+02  1.127087e+09  0.000000e+00  0.000000e+00  1.013654e+10  0.000000e+00  0.000000e+00  1.681570e+06  1.312668e+06  1.213680e+06  1.193992e+06
7.182221e+02  1.117799e+09  0.000000e+00  0.000000e+00  1.005301e+10  0.000000e+00  0.000000e+00  1.743152e+06  1.354053e+06  1.249745e+06  1.228251e+06
7.251459e+02  1.108574e+09  0.000000e+00  0.000000e+00  9.970038e+09  0.000000e+00  0.000000e+00  4.426352e+07  3.867323e+07  3.451208e+07  3.242739e+07
7.321365e+02  1.099410e+09  0.000000e+00  0.000000e+00  9.887623e+09  0.000000e+00  0.000000e+00  2.057960e+06  1.414380e+06  1.265854e+06  1.229144e+06
7.391944e+02  1.090308e+09  0.000000e+00  0.000000e+00  9.805764e+09  0.000000e+00  0.000000e+00  4.415707e+07  3.872789e+07  3.466531e+07  3.261934e+07
7.463204e+02  1.081268e+09  0.000000e+00  0.000000e+00  9.724459e+09  0.000000e+00  0.000000e+00  6.883514e+06  5.045863e+06  4.400045e+06  4.144235e+06
7.535151e+02  1.072289e+09  0.000000e+00  0.000000e+00  9.643707e+09  0.000000e+00  0.000000e+00  3.315864e+06  2.435629e+06  2.179667e+06  2.093801e+06
7.607792e+02  1.063371e+09  0.000000e+00  0.000000e+00  9.563507e+09  0.000000e+00  0.000000e+00  6.512721e+06  4.417106e+06  3.762375e+06  3.516161e+06
7.681133e+02  1.054515e+09  0.000000e+00  0.000000e+00  9.483856e+09  0.000000e+00  0.000000e+00  3.311099e+06  2.238796e+06  1.965555e+06  1.879655e+06
7.755180e+02  1.045719e+09  0.000000e+00  0.000000e+00  9.404754e+09  0.000000e+00  0.000000e+00  3.457660e+06  2.021891e+06  1.715518e+06  1.626666e+06
7.829942e+02  1.036985e+09  0.000000e+00  0.000000e+00  9.326199e+09  0.000000e+00  0.000000e+00  3.326784e+06  2.140929e+06  1.867540e+06  1.786051e+06
7.905425e+02  1.028311e+09  0.000000e+00  0.000000e+00  9.248189e+09  0.000000e+00  0.000000e+00  2.315966e+06  1.598613e+06  1.432467e+06  1.391608e+06
7.981635e+02  1.019697e+09  0.000000e+00  0.000000e+00  9.170723e+09  0.000000e+00  0.000000e+00  3.040908e+06  2.522360e+06  2.322273e+06  2.252705e+06
8.058579e+02  1.011144e+09  0.000000e+00  0.000000e+00  9.093798e+09  0.000000e+00  0.000000e+00  1.834606e+06  1.460459e+06  1.355590e+06  1.335323e+06
8.136266e+02  1.002651e+09  0.000000e+00  0.000000e+00  9.017414e+09  0.000000e+00  0.000000e+00  1.922850e+06  1.522340e+06  1.410399e+06  1.387791e+06
8.214701e+02  9.942175e+08  0.000000e+00  0.000000e+00  8.941568e+09  0.000000e+00  0.000000e+00  1.899894e+06  1.504898e+06  1.396126e+06  1.375218e+06
8.293893e+02  9.858438e+08  0.000000e+00  0.000000e+00  8.866258e+09  0.000000e+00  0.000000e+00  1.949109e+06  1.534596e+06  1.421819e+06  1.399866e+06
8.373848e+02  9.775295e+08  0.000000e+00  0.000000e+00  8.791482e+09  0.000000e+00  0.000000e+00  2.003234e+06  1.567891e+06  1.450757e+06  1.427623e+06
8.454574e+02  9.692743e+08  0.000000e+00  0.000000e+00  8.717239e+09  0.000000e+00  0.000000e+00  5.030326e+06  5.632455e+06  5.634434e+06  5.604038e+06
8.536078e+02  9.610782e+08  0.000000e+00  0.000000e+00  8.643527e+09  0.000000e+00  0.000000e+00  2.091173e+06  1.628507e+06  1.504250e+06  1.478992e+06
8.618368e+02  9.529409e+08  0.000000e+00  0.000000e+00  8.570343e+09  0.000000e+00  0.000000e+00  2.835498e+07  2.707163e+07  2.485429e+07  2.363385e+07
8.701451e+02  9.448621e+08  0.000000e+00  0.000000e+00  8.497686e+09  0.000000e+00  0.000000e+00  3.885579e+07  2.670049e+07  2.221099e+07  2.031192e+07
8.785335e+02  9.368416e+08  0.000000e+00  0.000000e+00  8.425553e+09  0.000000e+00  0.000000e+00  3.455585e+06  2.123516e+06  1.835365e+06  1.755549e+06
8.870028e+02  9.288793e+08  0.000000e+00  0.000000e+00  8.353943e+09  0.000000e+00  0.000000e+00  1.966874e+06  1.561638e+06  1.449207e+06  1.427811e+06
8.955537e+02  9.209748e+08  0.000000e+00  0.000000e+00  8.282854e+09  0.000000e+00  0.000000e+00  1.998247e+06  1.586731e+06  1.472541e+06  1.450818e+06
9.041871e+02  9.131279e+08  0.000000e+00  0.000000e+00  8.212283e+09  0.000000e+00  0.000000e+00  2.027342e+06  1.606230e+06  1.487947e+06  1.464557e+06
9.129036e+02  9.053385e+08  0.000000e+00  0.000000e+00  8.142227e+09  0.000000e+00  0.000000e+00  1.938999e+06  1.553407e+06  1.445461e+06  1.425597e+06
9.217043e+02  8.976061e+08  0.000000e+00  0.000000e+00  8.072686e+09  0.000000e+00  0.000000e+00  1.970051e+06  1.578565e+06  1.468935e+06  1.448769e+06
9.305897e+02  8.899307e+08  0.000000e+00  0.000000e+00  8.003657e+09  0.000000e+00  0.000000e+00  2.001794e+06  1.604236e+06  1.492873e+06  1.472397e+06
9.395608e+02  8.823120e+08  0.000000e+00  0.000000e+00  7.935137e+09  0.000000e+00  0.000000e+00  2.033366e+06  1.630012e+06  1.516934e+06  1.496150e+06
9.486184e+02  8.747496e+08  0.000000e+00  0.000000e+00  7.867124e+09  0.000000e+00  0.000000e+00  2.060842e+06  1.654627e+06  1.540329e+06  1.519389e+06
9.577633e+02  8.672434e+08  0.000000e+00  0.000000e+00  7.799616e+09  0.000000e+00  0.000000e+00  2.094366e+06  1.681735e+06  1.565608e+06  1.544340e+06
9.669964e+02  8.597930e+08  0.000000e+00  0.000000e+00  7.732611e+09  0.000000e+00  0.000000e+00  2.128075e+06  1.709186e+06  1.591243e+06  1.569653e+06
9.763185e+02  8.523984e+08  0.000000e+00  0.000000e+00  7.666107e+09  0.000000e+00  0.000000e+00  2.162768e+06  1.737211e+06  1.617359e+06  1.595421e+06
9.857304e+02  8.450591e+08  0.000000e+00  0.000000e+00  7.600100e+09  0.000000e+00  0.000000e+00  2.195490e+06  1.765876e+06  1.644731e+06  1.622706e+06
9.952331e+02  8.377749e+08  0.000000e+00  0.000000e+00  7.534589e+09  0.000000e+00  0.000000e+00  2.246359e+06  1.806552e+06  1.682308e+06  1.659620e+06
1.004573e+03  8.307359e+08  0.000000e+00  0.000000e+00  7.471284e+09  0.000000e+00  0.000000e+00  2.275714e+06  1.830104e+06  1.704063e+06  1.680984e+06
1.013745e+03  8.239360e+08  0.000000e+00  0.000000e+00  7.410129e+09  0.000000e+00  0.000000e+00  2.295605e+06  1.846726e+06  1.720019e+06  1.696967e+06
1.023001e+03  8.171849e+08  0.000000e+00  0.000000e+00  7.349412e+09  0.000000e+00  0.000000e+00  2.337382e+06  1.880130e+06  1.750982e+06  1.727440e+06
1.032342e+03  8.104823e+08  0.000000e+00  0.000000e+00  7.289132e+09  0.000000e+00  0.000000e+00  2.372342e+06  1.908964e+06  1.777984e+06  1.754132e+06
1.041768e+03  8.038281e+08  0.000000e+00  0.000000e+00  7.229286e+09  0.000000e+00  0.000000e+00  2.409617e+06  1.939103e+06  1.806091e+06  1.781871e+06
1.051280e+03  7.972219e+08  0.000000e+00  0.000000e+00  7.169873e+09  0.000000e+00  0.000000e+00  2.447506e+06  1.969738e+06  1.834659e+06  1.810074e+06
1.060878e+03  7.906635e+08  0.000000e+00  0.000000e+00  7.110890e+09  0.000000e+00  0.000000e+00  2.486050e+06  2.000904e+06  1.863724e+06  1.838758e+06
1.070565e+03  7.841528e+08  0.000000e+00  0.000000e+00  7.052335e+09  0.000000e+00  0.000000e+00  2.525256e+06  2.032604e+06  1.893287e+06  1.867933e+06
1.080340e+03  7.776895e+08  0.000000e+00  0.000000e+00  6.994207e+09  0.000000e+00  0.000000e+00  2.565049e+06  2.064821e+06  1.923337e+06  1.897598e+06
1.090204e+03  7.712733e+08  0.000000e+00  0.000000e+00  6.936502e+09  0.000000e+00  0.000000e+00  2.605621e+06  2.097626e+06  1.953932e+06  1.927795e+06
1.100158e+03  7.649040e+08  0.000000e+00  0.000000e+00  6.879220e+09  0.000000e+00  0.000000e+00  2.646891e+06  2.130999e+06  1.985050e+06  1.958510e+06
1.110203e+03  7.585814e+08  0.000000e+00  0.000000e+00  6.822357e+09  0.000000e+00  0.000000e+00  2.688873e+06  2.164946e+06  2.016709e+06  1.989752e+06
1.120340e+03  7.523052e+08  0.000000e+00  0.000000e+00  6.765912e+09  0.000000e+00  0.000000e+00  2.731572e+06  2.199477e+06  2.048913e+06  2.021534e+06
1.130570e+03  7.460752e+08  0.000000e+00  0.000000e+00  6.709882e+09  0.000000e+00  0.000000e+00  2.775014e+06  2.234608e+06  2.081668e+06  2.053873e+06
1.140892e+03  7.398912e+08  0.000000e+00  0.000000e+00  6.654265e+09  0.000000e+00  0.000000e+00  2.819204e+06  2.270345e+06  2.114996e+06  2.086766e+06
1.151309e+03  7.337529e+08  0.000000e+00  0.000000e+00  6.599060e+09  0.000000e+00  0.000000e+00  2.864156e+06  2.306698e+06  2.148898e+06  2.120219e+06
1.161822e+03  7.276601e+08  0.000000e+00  0.000000e+00  6.544264e+09  0.000000e+00  0.000000e+00  2.909883e+06  2.343680e+06  2.183382e+06  2.154253e+06
1.172430e+03  7.216124e+08  0.000000e+00  0.000000e+00  6.489874e+09  0.000000e+00  0.000000e+00  2.956399e+06  2.381301e+06  2.218466e+06  2.188881e+06
1.183135e+03  7.156098e+08  0.000000e+00  0.000000e+00  6.435889e+09  0.000000e+00  0.000000e+00  3.003718e+06  2.419574e+06  2.254153e+06  2.224106e+06
1.193937e+03  7.096520e+08  0.000000e+00  0.000000e+00  6.382306e+09  0.000000e+00  0.000000e+00  3.051851e+06  2.458503e+06  2.290461e+06  2.259930e+06
1.204839e+03  7.037386e+08  0.000000e+00  0.000000e+00  6.329124e+09  0.000000e+00  0.000000e+00  3.100814e+06  2.498108e+06  2.327389e+06  2.296373e+06
1.215840e+03  6.978695e+08  0.000000e+00  0.000000e+00  6.276340e+09  0.000000e+00  0.000000e+00  3.150622e+06  2.538398e+06  2.364959e+06  2.333459e+06
1.226941e+03  6.920444e+08  0.000000e+00  0.000000e+00  6.223952e+09  0.000000e+00  0.000000e+00  3.201290e+06  2.579384e+06  2.403177e+06  2.371169e+06
1.238144e+03  6.862631e+08  0.000000e+00  0.000000e+00  6.171957e+09  0.000000e+00  0.000000e+00  3.253239e+06  2.621488e+06  2.442448e+06  2.409914e+06
1.249449e+03  6.805253e+08  0.000000e+00  0.000000e+00  6.120354e+09  0.000000e+00  0.000000e+00  3.798159e+06  3.181560e+06  2.967142e+06  2.912986e+06
1.260857e+03  6.748308e+08  0.000000e+00  0.000000e+00  6.069140e+09  0.000000e+00  0.000000e+00  3.375942e+06  2.724203e+06  2.538417e+06  2.504158e+06
1.272369e+03  6.691793e+08  0.000000e+00  0.000000e+00  6.018313e+09  0.000000e+00  0.000000e+00  2.282477e+07  2.319893e+07  2.190603e+07  2.112831e+07
1.283987e+03  6.635706e+08  0.000000e+00  0.000000e+00  5.967871e+09  0.000000e+00  0.000000e+00  2.505024e+07  1.682654e+07  1.397986e+07  1.283554e+07
1.295710e+03  6.580045e+08  0.000000e+00  0.000000e+00  5.917811e+09  0.000000e+00  0.000000e+00  4.084883e+06  3.039263e+06  2.778036e+06  2.720541e+06
1.307541e+03  6.524806e+08  0.000000e+00  0.000000e+00  5.868132e+09  0.000000e+00  0.000000e+00  3.980764e+06  3.010771e+06  2.756911e+06  2.700169e+06
1.319479e+03  6.469988e+08  0.000000e+00  0.000000e+00  5.818831e+09  0.000000e+00  0.000000e+00  3.518291e+06  2.809045e+06  2.607789e+06  2.568932e+06
1.331527e+03  6.415588e+08  0.000000e+00  0.000000e+00  5.769906e+09  0.000000e+00  0.000000e+00  3.458885e+06  2.786569e+06  2.596205e+06  2.561604e+06
1.343685e+03  6.361604e+08  0.000000e+00  0.000000e+00  5.721355e+09  0.000000e+00  0.000000e+00  3.512769e+06  2.830393e+06  2.637137e+06  2.602047e+06
1.355953e+03  6.308033e+08  0.000000e+00  0.000000e+00  5.673175e+09  0.000000e+00  0.000000e+00  3.566641e+06  2.874979e+06  2.678910e+06  2.643301e+06
1.368334e+03  6.254872e+08  0.000000e+00  0.000000e+00  5.625365e+09  0.000000e+00  0.000000e+00  3.623597e+06  2.921093e+06  2.721907e+06  2.685751e+06
1.380828e+03  6.202120e+08  0.000000e+00  0.000000e+00  5.577922e+09  0.000000e+00  0.000000e+00  3.681546e+06  2.968010e+06  2.765656e+06  2.728935e+06
1.393435e+03  6.149773e+08  0.000000e+00  0.000000e+00  5.530843e+09  0.000000e+00  0.000000e+00  3.745080e+06  3.021315e+06  2.816535e+06  2.779701e+06
1.406158e+03  6.097830e+08  0.000000e+00  0.000000e+00  5.484128e+09  0.000000e+00  0.000000e+00  3.829260e+06  3.088145e+06  2.877436e+06  2.839103e+06
1.418674e+03  6.047577e+08  0.000000e+00  0.000000e+00  5.438933e+09  0.000000e+00  0.000000e+00  3.867344e+06  3.118149e+06  2.905007e+06  2.866097e+06
1.430976e+03  5.998972e+08  0.000000e+00  0.000000e+00  5.395219e+09  0.000000e+00  0.000000e+00  3.901446e+06  3.148353e+06  2.934940e+06  2.896505e+06
1.443386e+03  5.950724e+08  0.000000e+00  0.000000e+00  5.351827e+09  0.000000e+00  0.000000e+00  3.976978e+06  3.208578e+06  2.990388e+06  2.950874e+06
1.455903e+03  5.902831e+08  0.000000e+00  0.000000e+00  5.308754e+09  0.000000e+00  0.000000e+00  4.035230e+06  3.255961e+06  3.034709e+06  2.994674e+06
1.468529e+03  5.855292e+08  0.000000e+00  0.000000e+00  5.265999e+09  0.000000e+00  0.000000e+00  4.097363e+06  3.306273e+06  3.081630e+06  3.040960e+06
1.481264e+03  5.808104e+08  0.000000e+00  0.000000e+00  5.223560e+09  0.000000e+00  0.000000e+00  4.160104e+06  3.357096e+06  3.129022e+06  3.087764e+06
1.494110e+03  5.761265e+08  0.000000e+00  0.000000e+00  5.181435e+09  0.000000e+00  0.000000e+00  4.223898e+06  3.408764e+06  3.177234e+06  3.135329e+06
1.507067e+03  5.714773e+08  0.000000e+00  0.000000e+00  5.139623e+09  0.000000e+00  0.000000e+00  4.288613e+06  3.461252e+06  3.226204e+06  3.183673e+06
1.520136e+03  5.668626e+08  0.000000e+00  0.000000e+00  5.098120e+09  0.000000e+00  0.000000e+00  4.354501e+06  3.514650e+06  3.276019e+06  3.232815e+06
1.533319e+03  5.622823e+08  0.000000e+00  0.000000e+00  5.056926e+09  0.000000e+00  0.000000e+00  4.421460e+06  3.568897e+06  3.326613e+06  3.282775e+06
1.546616e+03  5.577360e+08  0.000000e+00  0.000000e+00  5.016039e+09  0.000000e+00  0.000000e+00  4.489506e+06  3.624056e+06  3.378054e+06  3.333536e+06
1.560028e+03  5.532236e+08  0.000000e+00  0.000000e+00  4.975456e+09  0.000000e+00  0.000000e+00  4.558649e+06  3.680092e+06  3.430337e+06  3.385129e+06
1.573557e+03  5.487448e+08  0.000000e+00  0.000000e+00  4.935176e+09  0.000000e+00  0.000000e+00  4.628922e+06  3.737038e+06  3.483482e+06  3.437590e+06
1.587203e+03  5.442995e+08  0.000000e+00  0.000000e+00  4.895197e+09  0.000000e+00  0.000000e+00  4.700335e+06  3.794931e+06  3.537487e+06  3.490863e+06
1.600967e+03  5.398875e+08  0.000000e+00  0.000000e+00  4.855518e+09  0.000000e+00  0.000000e+00  4.772907e+06  3.853754e+06  3.592354e+06  3.545044e+06
1.614851e+03  5.355086e+08  0.000000e+00  0.000000e+00  4.816135e+09  0.000000e+00  0.000000e+00  4.846655e+06  3.913541e+06  3.648127e+06  3.600078e+06
1.628855e+03  5.311625e+08  0.000000e+00  0.000000e+00  4.777048e+09  0.000000e+00  0.000000e+00  4.921599e+06  3.974306e+06  3.704822e+06  3.656041e+06
1.642980e+03  5.268490e+08  0.000000e+00  0.000000e+00  4.738255e+09  0.000000e+00  0.000000e+00  4.997786e+06  4.036118e+06  3.762507e+06  3.712951e+06
1.657229e+03  5.225680e+08  0.000000e+00  0.000000e+00  4.699753e+09  0.000000e+00  0.000000e+00  5.083426e+06  4.108482e+06  3.831638e+06  3.781939e+06
1.671600e+03  5.183192e+08  0.000000e+00  0.000000e+00  4.661542e+09  0.000000e+00  0.000000e+00  5.188668e+06  4.189071e+06  3.904022e+06  3.852128e+06
1.685748e+03  5.142029e+08  0.000000e+00  0.000000e+00  4.624521e+09  0.000000e+00  0.000000e+00  5.231136e+06  4.223361e+06  3.936222e+06  3.883943e+06
1.699668e+03  5.102158e+08  0.000000e+00  0.000000e+00  4.588663e+09  0.000000e+00  0.000000e+00  5.287088e+06  4.273564e+06  3.985695e+06  3.934005e+06
1.713703e+03  5.062575e+08  0.000000e+00  0.000000e+00  4.553063e+09  0.000000e+00  0.000000e+00  5.392315e+06  4.356275e+06  4.061242e+06  4.007808e+06
1.727854e+03  5.023277e+08  0.000000e+00  0.000000e+00  4.517720e+09  0.000000e+00  0.000000e+00  5.639374e+06  4.586649e+06  4.277849e+06  4.217555e+06
1.742122e+03  4.984262e+08  0.000000e+00  0.000000e+00  4.482632e+09  0.000000e+00  0.000000e+00  6.671601e+07  5.596871e+07  5.017342e+07  4.740794e+07
1.756507e+03  4.945529e+08  0.000000e+00  0.000000e+00  4.447797e+09  0.000000e+00  0.000000e+00  5.778444e+06  4.601103e+06  4.275791e+06  4.214302e+06
1.771011e+03  4.907076e+08  0.000000e+00  0.000000e+00  4.413215e+09  0.000000e+00  0.000000e+00  5.748799e+06  4.629144e+06  4.312733e+06  4.254901e+06
1.785635e+03  4.868902e+08  0.000000e+00  0.000000e+00  4.378882e+09  0.000000e+00  0.000000e+00  5.800088e+06  4.686229e+06  4.369186e+06  4.311802e+06
1.800380e+03  4.831005e+08  0.000000e+00  0.000000e+00  4.344799e+09  0.000000e+00  0.000000e+00  5.882904e+06  4.754950e+06  4.433625e+06  4.375522e+06
1.815247e+03  4.793382e+08  0.000000e+00  0.000000e+00  4.310963e+09  0.000000e+00  0.000000e+00  5.969716e+06  4.824531e+06  4.497617e+06  4.438603e+06
1.830236e+03  4.756033e+08  0.000000e+00  0.000000e+00  4.277373e+09  0.000000e+00  0.000000e+00  6.001992e+06  4.765850e+06  4.389962e+06  4.306018e+06
1.845349e+03  4.718955e+08  0.000000e+00  0.000000e+00  4.244027e+09  0.000000e+00  0.000000e+00  5.560578e+06  4.490689e+06  4.186518e+06  4.131436e+06
1.860587e+03  4.682148e+08  0.000000e+00  0.000000e+00  4.210924e+09  0.000000e+00  0.000000e+00  6.381392e+06  5.182952e+06  4.806205e+06  4.716542e+06
1.875951e+03  4.645609e+08  0.000000e+00  0.000000e+00  4.178062e+09  0.000000e+00  0.000000e+00  5.711816e+06  4.616225e+06  4.304376e+06  4.248096e+06
1.891441e+03  4.609336e+08  0.000000e+00  0.000000e+00  4.145440e+09  0.000000e+00  0.000000e+00  5.791962e+06  4.682563e+06  4.366581e+06  4.309542e+06
1.907060e+03  4.573328e+08  0.000000e+00  0.000000e+00  4.113056e+09  0.000000e+00  0.000000e+00  5.875934e+06  4.750816e+06  4.430271e+06  4.372414e+06
1.922807e+03  4.537583e+08  0.000000e+00  0.000000e+00  4.080909e+09  0.000000e+00  0.000000e+00  5.961092e+06  4.819968e+06  4.494794e+06  4.436137e+06
1.938684e+03  4.502100e+08  0.000000e+00  0.000000e+00  4.048997e+09  0.000000e+00  0.000000e+00  6.046385e+06  4.889909e+06  4.560195e+06  4.500697e+06
1.954693e+03  4.466877e+08  0.000000e+00  0.000000e+00  4.017319e+09  0.000000e+00  0.000000e+00  6.134348e+06  4.961520e+06  4.627114e+06  4.566777e+06
1.970834e+03  4.431913e+08  0.000000e+00  0.000000e+00  3.985873e+09  0.000000e+00  0.000000e+00  6.233988e+06  5.045288e+06  4.706664e+06  4.645856e+06
1.987108e+03  4.397205e+08  0.000000e+00  0.000000e+00  3.954658e+09  0.000000e+00  0.000000e+00  6.341645e+06  5.126373e+06  4.779242e+06  4.716248e+06
2.003140e+03  4.363535e+08  0.000000e+00  0.000000e+00  3.924377e+09  0.000000e+00  0.000000e+00  6.389688e+06  5.167469e+06  4.818822e+06  4.755784e+06
2.018926e+03  4.330879e+08  0.000000e+00  0.000000e+00  3.895007e+09  0.000000e+00  0.000000e+00  6.470163e+06  5.238331e+06  4.887345e+06  4.824371e+06
2.034837e+03  4.298452e+08  0.000000e+00  0.000000e+00  3.865844e+09  0.000000e+00  0.000000e+00  6.587630e+06  5.330036e+06  4.971101e+06  4.906282e+06
2.050872e+03  4.266254e+08  0.000000e+00  0.000000e+00  3.836886e+09  0.000000e+00  0.000000e+00  6.672137e+06  5.399711e+06  5.036574e+06  4.971107e+06
2.067035e+03  4.234282e+08  0.000000e+00  0.000000e+00  3.808132e+09  0.000000e+00  0.000000e+00  6.766823e+06  5.476585e+06  5.108267e+06  5.041820e+06
2.083324e+03  4.202535e+08  0.000000e+00  0.000000e+00  3.779581e+09  0.000000e+00  0.000000e+00  6.860923e+06  5.553151e+06  5.179769e+06  5.112377e+06
2.099742e+03  4.171013e+08  0.000000e+00  0.000000e+00  3.751230e+09  0.000000e+00  0.000000e+00  6.956647e+06  5.631079e+06  5.252502e+06  5.184145e+06
2.116289e+03  4.139712e+08  0.000000e+00  0.000000e+00  3.723080e+09  0.000000e+00  0.000000e+00  7.053762e+06  5.710146e+06  5.326286e+06  5.256942e+06
2.132967e+03  4.108633e+08  0.000000e+00  0.000000e+00  3.695129e+09  0.000000e+00  0.000000e+00  7.152292e+06  5.790330e+06  5.401178e+06  5.330887e+06
2.149776e+03  4.077774e+08  0.000000e+00  0.000000e+00  3.667376e+09  0.000000e+00  0.000000e+00  7.252247e+06  5.871713e+06  5.477136e+06  5.405798e+06
2.166718e+03  4.047133e+08  0.000000e+00  0.000000e+00  3.639819e+09  0.000000e+00  0.000000e+00  7.353653e+06  5.954288e+06  5.554210e+06  5.481879e+06
2.183793e+03  4.016710e+08  0.000000e+00  0.000000e+00  3.612457e+09  0.000000e+00  0.000000e+00  7.456533e+06  6.038073e+06  5.632432e+06  5.559057e+06
2.201002e+03  3.986501e+08  0.000000e+00  0.000000e+00  3.585289e+09  0.000000e+00  0.000000e+00  7.560912e+06  6.123063e+06  5.711770e+06  5.637347e+06
2.218348e+03  3.956508e+08  0.000000e+00  0.000000e+00  3.558314e+09  0.000000e+00  0.000000e+00  7.666803e+06  6.209346e+06  5.792297e+06  5.716815e+06
2.235829e+03  3.926727e+08  0.000000e+00  0.000000e+00  3.531530e+09  0.000000e+00  0.000000e+00  7.774224e+06  6.296876e+06  5.873995e+06  5.797404e+06
2.253449e+03  3.897157e+08  0.000000e+00  0.000000e+00  3.504937e+09  0.000000e+00  0.000000e+00  7.883571e+06  6.386073e+06  5.957253e+06  5.879545e+06
2.271208e+03  3.867798e+08  0.000000e+00  0.000000e+00  3.478533e+09  0.000000e+00  0.000000e+00  8.016023e+06  6.496062e+06  6.059223e+06  5.979261e+06
2.289106e+03  3.838649e+08  0.000000e+00  0.000000e+00  3.452316e+09  0.000000e+00  0.000000e+00  8.541390e+06  7.005596e+06  6.547352e+06  6.456236e+06
2.307146e+03  3.809706e+08  0.000000e+00  0.000000e+00  3.426287e+09  0.000000e+00  0.000000e+00  6.662509e+07  5.634877e+07  5.090986e+07  4.833848e+07
2.325328e+03  3.780970e+08  0.000000e+00  0.000000e+00  3.400443e+09  0.000000e+00  0.000000e+00  8.340623e+06  6.757881e+06  6.304826e+06  6.222429e+06
2.343653e+03  3.752439e+08  0.000000e+00  0.000000e+00  3.374783e+09  0.000000e+00  0.000000e+00  8.489081e+06  6.885943e+06  6.425783e+06  6.342380e+06
2.362122e+03  3.724112e+08  0.000000e+00  0.000000e+00  3.349307e+09  0.000000e+00  0.000000e+00  8.643837e+06  6.995342e+06  6.521630e+06  6.434446e+06
2.379612e+03  3.697675e+08  0.000000e+00  0.000000e+00  3.325531e+09  0.000000e+00  0.000000e+00  8.655519e+06  7.013727e+06  6.543191e+06  6.457171e+06
2.396106e+03  3.673081e+08  0.000000e+00  0.000000e+00  3.303412e+09  0.000000e+00  0.000000e+00  8.741881e+06  7.093690e+06  6.619849e+06  6.533073e+06
2.412715e+03  3.648642e+08  0.000000e+00  0.000000e+00  3.281433e+09  0.000000e+00  0.000000e+00  8.905124e+06  7.220793e+06  6.736349e+06  6.647253e+06
2.429440e+03  3.624357e+08  0.000000e+00  0.000000e+00  3.259592e+09  0.000000e+00  0.000000e+00  9.014493e+06  7.309417e+06  6.819073e+06  6.728829e+06
2.446280e+03  3.600225e+08  0.000000e+00  0.000000e+00  3.237889e+09  0.000000e+00  0.000000e+00  9.117005e+06  7.372299e+06  6.857844e+06  6.755422e+06
2.463236e+03  3.576245e+08  0.000000e+00  0.000000e+00  3.216322e+09  0.000000e+00  0.000000e+00  9.173638e+06  7.335904e+06  6.789641e+06  6.675326e+06
2.480311e+03  3.552417e+08  0.000000e+00  0.000000e+00  3.194892e+09  0.000000e+00  0.000000e+00  1.090186e+07  9.217582e+06  8.585263e+06  8.405860e+06
2.497503e+03  3.528740e+08  0.000000e+00  0.000000e+00  3.173598e+09  0.000000e+00  0.000000e+00  9.625290e+06  7.621143e+06  7.042921e+06  6.915629e+06
2.514815e+03  3.505212e+08  0.000000e+00  0.000000e+00  3.152438e+09  0.000000e+00  0.000000e+00  8.942038e+06  7.253138e+06  6.766905e+06  6.677174e+06
2.532247e+03  3.481833e+08  0.000000e+00  0.000000e+00  3.131412e+09  0.000000e+00  0.000000e+00  9.054086e+06  7.343094e+06  6.850458e+06  6.759394e+06
2.549800e+03  3.458602e+08  0.000000e+00  0.000000e+00  3.110519e+09  0.000000e+00  0.000000e+00  9.160128e+06  7.431502e+06  6.933352e+06  6.841176e+06
2.567474e+03  3.435518e+08  0.000000e+00  0.000000e+00  3.089758e+09  0.000000e+00  0.000000e+00  9.271281e+06  7.522478e+06  7.018208e+06  6.924772e+06
2.585271e+03  3.412581e+08  0.000000e+00  0.000000e+00  3.069129e+09  0.000000e+00  0.000000e+00  9.384176e+06  7.614679e+06  7.104167e+06  7.009448e+06
2.603191e+03  3.389789e+08  0.000000e+00  0.000000e+00  3.048631e+09  0.000000e+00  0.000000e+00  9.498481e+06  7.708046e+06  7.191200e+06  7.095167e+06
2.621235e+03  3.367142e+08  0.000000e+00  0.000000e+00  3.028263e+09  0.000000e+00  0.000000e+00  9.614194e+06  7.802618e+06  7.279399e+06  7.181953e+06
2.639405e+03  3.344638e+08  0.000000e+00  0.000000e+00  3.008025e+09  0.000000e+00  0.000000e+00  9.731273e+06  7.898330e+06  7.368655e+06  7.269897e+06
2.657700e+03  3.322278e+08  0.000000e+00  0.000000e+00  2.987915e+09  0.000000e+00  0.000000e+00  9.849876e+06  7.995267e+06  7.459035e+06  7.358869e+06
2.676123e+03  3.300060e+08  0.000000e+00  0.000000e+00  2.967933e+09  0.000000e+00  0.000000e+00  9.969945e+06  8.093435e+06  7.550566e+06  7.448940e+06
2.694673e+03  3.277983e+08  0.000000e+00  0.000000e+00  2.948077e+09  0.000000e+00  0.000000e+00  1.009151e+07  8.192830e+06  7.643192e+06  7.540175e+06
2.713351e+03  3.256046e+08  0.000000e+00  0.000000e+00  2.928349e+09  0.000000e+00  0.000000e+00  1.021458e+07  8.293456e+06  7.737036e+06  7.632495e+06
2.732159e+03  3.234249e+08  0.000000e+00  0.000000e+00  2.908746e+09  0.000000e+00  0.000000e+00  1.033919e+07  8.395416e+06  7.832037e+06  7.726028e+06
2.751097e+03  3.212592e+08  0.000000e+00  0.000000e+00  2.889268e+09  0.000000e+00  0.000000e+00  1.046555e+07  8.498769e+06  7.928422e+06  7.820822e+06
2.770167e+03  3.191072e+08  0.000000e+00  0.000000e+00  2.869914e+09  0.000000e+00  0.000000e+00  1.060171e+07  8.616569e+06  8.042669e+06  7.936019e+06
2.789369e+03  3.169690e+08  0.000000e+00  0.000000e+00  2.850683e+09  0.000000e+00  0.000000e+00  1.077460e+07  8.758224e+06  8.171128e+06  8.059821e+06
2.808704e+03  3.148444e+08  0.000000e+00  0.000000e+00  2.831576e+09  0.000000e+00  0.000000e+00  1.095663e+07  8.887795e+06  8.280485e+06  8.160476e+06
2.827123e+03  3.128465e+08  0.000000e+00  0.000000e+00  2.813607e+09  0.000000e+00  0.000000e+00  1.099568e+07  8.929695e+06  8.329805e+06  8.216301e+06
2.844614e+03  3.109724e+08  0.000000e+00  0.000000e+00  2.796753e+09  0.000000e+00  0.000000e+00  1.101207e+07  8.957788e+06  8.360202e+06  8.248166e+06
2.862212e+03  3.091090e+08  0.000000e+00  0.000000e+00  2.779994e+09  0.000000e+00  0.000000e+00  1.119222e+07  9.098372e+06  8.485269e+06  8.367116e+06
2.879920e+03  3.072562e+08  0.000000e+00  0.000000e+00  2.763331e+09  0.000000e+00  0.000000e+00  1.135867e+07  9.231297e+06  8.609376e+06  8.489908e+06
2.897737e+03  3.054141e+08  0.000000e+00  0.000000e+00  2.746764e+09  0.000000e+00  0.000000e+00  1.146411e+07  9.320708e+06  8.693714e+06  8.573313e+06
2.915665e+03  3.035825e+08  0.000000e+00  0.000000e+00  2.730291e+09  0.000000e+00  0.000000e+00  1.164452e+07  9.482839e+06  8.845901e+06  8.721516e+06
2.933703e+03  3.017613e+08  0.000000e+00  0.000000e+00  2.713912e+09  0.000000e+00  0.000000e+00  1.194889e+07  9.773306e+06  9.127457e+06  8.999720e+06
2.951853e+03  2.999506e+08  0.000000e+00  0.000000e+00  2.697628e+09  0.000000e+00  0.000000e+00  1.843644e+07  1.782318e+07  1.716727e+07  1.691844e+07
2.970115e+03  2.981503e+08  0.000000e+00  0.000000e+00  2.681436e+09  0.000000e+00  0.000000e+00  3.119849e+07  2.517000e+07  2.254925e+07  2.148553e+07
2.988491e+03  2.963602e+08  0.000000e+00  0.000000e+00  2.665337e+09  0.000000e+00  0.000000e+00  1.564152e+07  1.147064e+07  1.035591e+07  1.006421e+07
3.006980e+03  2.945805e+08  0.000000e+00  0.000000e+00  2.649331e+09  0.000000e+00  0.000000e+00  1.230302e+07  9.973591e+06  9.294060e+06  9.161017e+06
3.025583e+03  2.928109e+08  0.000000e+00  0.000000e+00  2.633416e+09  0.000000e+00  0.000000e+00  1.238041e+07  1.006285e+07  9.382353e+06  9.249891e+06
3.044301e+03  2.910515e+08  0.000000e+00  0.000000e+00  2.617593e+09  0.000000e+00  0.000000e+00  1.250095e+07  1.016825e+07  9.481849e+06  9.348256e+06
3.063135e+03  2.893022e+08  0.000000e+00  0.000000e+00  2.601860e+09  0.000000e+00  0.000000e+00  1.263461e+07  1.027907e+07  9.585101e+06  9.449942e+06
3.082086e+03  2.875629e+08  0.000000e+00  0.000000e+00  2.586218e+09  0.000000e+00  0.000000e+00  1.277009e+07  1.039124e+07  9.689662e+06  9.552737e+06
3.101154e+03  2.858336e+08  0.000000e+00  0.000000e+00  2.570666e+09  0.000000e+00  0.000000e+00  1.290881e+07  1.050522e+07  9.795753e+06  9.657095e+06
3.120340e+03  2.841143e+08  0.000000e+00  0.000000e+00  2.555203e+09  0.000000e+00  0.000000e+00  1.304881e+07  1.062034e+07  9.902919e+06  9.762575e+06
3.139645e+03  2.824048e+08  0.000000e+00  0.000000e+00  2.539829e+09  0.000000e+00  0.000000e+00  1.318964e+07  1.073392e+07  1.000620e+07  9.863937e+06
3.159069e+03  2.807052e+08  0.000000e+00  0.000000e+00  2.524543e+09  0.000000e+00  0.000000e+00  1.332421e+07  1.081495e+07  1.005523e+07  9.893297e+06
3.178613e+03  2.790154e+08  0.000000e+00  0.000000e+00  2.509345e+09  0.000000e+00  0.000000e+00  1.345264e+07  1.090224e+07  1.014016e+07  9.983800e+06
3.198278e+03  2.773353e+08  0.000000e+00  0.000000e+00  2.494235e+09  0.000000e+00  0.000000e+00  1.409985e+07  1.174336e+07  1.098846e+07  1.082223e+07
3.218065e+03  2.756649e+08  0.000000e+00  0.000000e+00  2.479212e+09  0.000000e+00  0.000000e+00  1.516023e+07  1.228529e+07  1.135716e+07  1.112341e+07
3.237974e+03  2.740041e+08  0.000000e+00  0.000000e+00  2.464275e+09  0.000000e+00  0.000000e+00  1.380436e+07  1.116207e+07  1.038536e+07  1.022765e+07
3.258007e+03  2.723528e+08  0.000000e+00  0.000000e+00  2.449425e+09  0.000000e+00  0.000000e+00  1.372780e+07  1.118086e+07  1.042416e+07  1.027488e+07
3.278163e+03  2.707111e+08  0.000000e+00  0.000000e+00  2.434660e+09  0.000000e+00  0.000000e+00  1.387622e+07  1.130565e+07  1.054179e+07  1.039048e+07
3.298444e+03  2.690789e+08  0.000000e+00  0.000000e+00  2.419980e+09  0.000000e+00  0.000000e+00  1.405393e+07  1.146303e+07  1.069668e+07  1.054928e+07
3.318850e+03  2.674561e+08  0.000000e+00  0.000000e+00  2.405386e+09  0.000000e+00  0.000000e+00  1.423980e+07  1.159772e+07  1.080526e+07  1.064731e+07
3.339383e+03  2.658426e+08  0.000000e+00  0.000000e+00  2.390875e+09  0.000000e+00  0.000000e+00  1.442038e+07  1.172845e+07  1.091774e+07  1.075313e+07
3.358744e+03  2.643388e+08  0.000000e+00  0.000000e+00  2.377350e+09  0.000000e+00  0.000000e+00  1.447885e+07  1.180233e+07  1.100767e+07  1.085249e+07
3.376919e+03  2.629423e+08  0.000000e+00  0.000000e+00  2.364790e+09  0.000000e+00  0.000000e+00  1.450565e+07  1.183079e+07  1.103397e+07  1.087799e+07
3.395193e+03  2.615528e+08  0.000000e+00  0.000000e+00  2.352294e+09  0.000000e+00  0.000000e+00  1.471024e+07  1.199307e+07  1.118058e+07  1.102021e+07
3.413565e+03  2.601704e+08  0.000000e+00  0.000000e+00  2.339862e+09  0.000000e+00  0.000000e+00  1.489417e+07  1.213818e+07  1.131193e+07  1.114772e+07
3.432037e+03  2.587950e+08  0.000000e+00  0.000000e+00  2.327492e+09  0.000000e+00  0.000000e+00  1.504460e+07  1.226301e+07  1.142950e+07  1.126394e+07
3.450608e+03  2.574266e+08  0.000000e+00  0.000000e+00  2.315185e+09  0.000000e+00  0.000000e+00  1.516822e+07  1.236645e+07  1.152659e+07  1.135964e+07
3.469281e+03  2.560651e+08  0.000000e+00  0.000000e+00  2.302940e+09  0.000000e+00  0.000000e+00  1.530801e+07  1.248162e+07  1.163352e+07  1.146453e+07
3.488054e+03  2.547105e+08  0.000000e+00  0.000000e+00  2.290757e+09  0.000000e+00  0.000000e+00  1.545576e+07  1.260304e+07  1.174605e+07  1.157500e+07
3.506929e+03  2.533627e+08  0.000000e+00  0.000000e+00  2.278636e+09  0.000000e+00  0.000000e+00  1.560285e+07  1.272411e+07  1.185861e+07  1.168549e+07
3.525906e+03  2.520218e+08  0.000000e+00  0.000000e+00  2.266577e+09  0.000000e+00  0.000000e+00  1.574922e+07  1.284482e+07  1.197084e+07  1.179563e+07
3.544985e+03  2.506877e+08  0.000000e+00  0.000000e+00  2.254578e+09  0.000000e+00  0.000000e+00  1.589684e+07  1.296649e+07  1.208397e+07  1.190677e+07
3.564168e+03  2.493604e+08  0.000000e+00  0.000000e+00  2.242641e+09  0.000000e+00  0.000000e+00  1.604620e+07  1.308974e+07  1.219853e+07  1.201916e+07
3.583455e+03  2.480398e+08  0.000000e+00  0.000000e+00  2.230764e+09  0.000000e+00  0.000000e+00  1.619791e+07  1.321514e+07  1.231515e+07  1.213360e+07
3.602846e+03  2.467259e+08  0.000000e+00  0.000000e+00  2.218948e+09  0.000000e+00  0.000000e+00  1.635361e+07  1.334472e+07  1.243578e+07  1.225200e+07
3.622342e+03  2.454187e+08  0.000000e+00  0.000000e+00  2.207191e+09  0.000000e+00  0.000000e+00  1.651623e+07  1.348123e+07  1.256334e+07  1.237718e+07
3.641943e+03  2.441182e+08  0.000000e+00  0.000000e+00  2.195495e+09  0.000000e+00  0.000000e+00  1.677333e+07  1.370898e+07  1.277337e+07  1.257972e+07
3.661651e+03  2.428242e+08  0.000000e+00  0.000000e+00  2.183857e+09  0.000000e+00  0.000000e+00  1.713971e+07  1.406121e+07  1.311214e+07  1.290966e+07
3.681465e+03  2.415369e+08  0.000000e+00  0.000000e+00  2.172279e+09  0.000000e+00  0.000000e+00  1.736603e+07  1.428505e+07  1.334959e+07  1.316130e+07
3.701386e+03  2.402561e+08  0.000000e+00  0.000000e+00  2.160760e+09  0.000000e+00  0.000000e+00  3.276288e+07  2.992027e+07  2.803226e+07  2.724026e+07
3.721416e+03  2.389818e+08  0.000000e+00  0.000000e+00  2.149300e+09  0.000000e+00  0.000000e+00  2.524491e+07  1.877834e+07  1.684796e+07  1.626482e+07
3.741553e+03  2.377139e+08  0.000000e+00  0.000000e+00  2.137898e+09  0.000000e+00  0.000000e+00  1.755579e+07  1.429000e+07  1.330377e+07  1.309946e+07
3.761800e+03  2.364526e+08  0.000000e+00  0.000000e+00  2.126553e+09  0.000000e+00  0.000000e+00  1.763749e+07  1.439255e+07  1.340670e+07  1.320342e+07
3.782156e+03  2.351977e+08  0.000000e+00  0.000000e+00  2.115267e+09  0.000000e+00  0.000000e+00  1.778186e+07  1.452127e+07  1.352816e+07  1.332321e+07
3.802622e+03  2.339491e+08  0.000000e+00  0.000000e+00  2.104038e+09  0.000000e+00  0.000000e+00  1.794507e+07  1.465753e+07  1.365505e+07  1.344755e+07
3.823199e+03  2.327069e+08  0.000000e+00  0.000000e+00  2.092867e+09  0.000000e+00  0.000000e+00  1.811189e+07  1.479577e+07  1.378336e+07  1.357337e+07
3.843887e+03  2.314711e+08  0.000000e+00  0.000000e+00  2.081752e+09  0.000000e+00  0.000000e+00  1.828080e+07  1.493546e+07  1.391315e+07  1.370046e+07
3.864688e+03  2.302416e+08  0.000000e+00  0.000000e+00  2.070694e+09  0.000000e+00  0.000000e+00  1.845158e+07  1.507674e+07  1.404420e+07  1.382882e+07
3.885601e+03  2.290183e+08  0.000000e+00  0.000000e+00  2.059693e+09  0.000000e+00  0.000000e+00  1.862449e+07  1.522116e+07  1.417923e+07  1.396075e+07
3.906627e+03  2.278013e+08  0.000000e+00  0.000000e+00  2.048747e+09  0.000000e+00  0.000000e+00  1.881495e+07  1.539171e+07  1.434600e+07  1.413183e+07
3.927766e+03  2.265905e+08  0.000000e+00  0.000000e+00  2.037858e+09  0.000000e+00  0.000000e+00  1.902734e+07  1.556708e+07  1.450592e+07  1.428218e+07
3.949021e+03  2.253858e+08  0.000000e+00  0.000000e+00  2.027024e+09  0.000000e+00  0.000000e+00  1.920580e+07  1.567948e+07  1.458866e+07  1.435191e+07
3.970390e+03  2.241874e+08  0.000000e+00  0.000000e+00  2.016245e+09  0.000000e+00  0.000000e+00  1.944431e+07  1.586650e+07  1.475848e+07  1.452185e+07
3.990416e+03  2.230756e+08  0.000000e+00  0.000000e+00  2.006247e+09  0.000000e+00  0.000000e+00  1.952609e+07  1.592920e+07  1.480193e+07  1.454358e+07
4.009084e+03  2.220489e+08  0.000000e+00  0.000000e+00  1.997013e+09  0.000000e+00  0.000000e+00  1.956053e+07  1.594703e+07  1.482622e+07  1.458393e+07
4.027840e+03  2.210268e+08  0.000000e+00  0.000000e+00  1.987821e+09  0.000000e+00  0.000000e+00  2.055411e+07  1.689724e+07  1.570883e+07  1.542642e+07
4.046683e+03  2.200092e+08  0.000000e+00  0.000000e+00  1.978669e+09  0.000000e+00  0.000000e+00  2.122343e+07  1.761891e+07  1.639369e+07  1.608403e+07
4.065615e+03  2.189961e+08  0.000000e+00  0.000000e+00  1.969557e+09  0.000000e+00  0.000000e+00  2.087892e+07  1.679395e+07  1.554086e+07  1.524587e+07
4.084635e+03  2.179875e+08  0.000000e+00  0.000000e+00  1.960486e+09  0.000000e+00  0.000000e+00  1.990507e+07  1.627320e+07  1.515304e+07  1.491284e+07
4.103744e+03  2.169833e+08  0.000000e+00  0.000000e+00  1.951455e+09  0.000000e+00  0.000000e+00  2.003570e+07  1.638820e+07  1.526185e+07  1.502023e+07
4.122943e+03  2.159836e+08  0.000000e+00  0.000000e+00  1.942464e+09  0.000000e+00  0.000000e+00  2.018096e+07  1.651088e+07  1.537604e+07  1.513207e+07
4.142231e+03  2.149884e+08  0.000000e+00  0.000000e+00  1.933513e+09  0.000000e+00  0.000000e+00  2.033856e+07  1.664175e+07  1.549728e+07  1.525053e+07
4.161610e+03  2.139975e+08  0.000000e+00  0.000000e+00  1.924602e+09  0.000000e+00  0.000000e+00  2.050349e+07  1.677850e+07  1.562374e+07  1.537409e+07
4.181079e+03  2.130110e+08  0.000000e+00  0.000000e+00  1.915730e+09  0.000000e+00  0.000000e+00  2.066869e+07  1.691559e+07  1.575075e+07  1.549841e+07
4.200640e+03  2.120289e+08  0.000000e+00  0.000000e+00  1.906897e+09  0.000000e+00  0.000000e+00  2.083282e+07  1.705204e+07  1.587738e+07  1.562220e+07
4.220292e+03  2.110512e+08  0.000000e+00  0.000000e+00  1.898104e+09  0.000000e+00  0.000000e+00  2.099686e+07  1.718869e+07  1.600400e+07  1.574613e+07
4.240036e+03  2.100778e+08  0.000000e+00  0.000000e+00  1.889350e+09  0.000000e+00  0.000000e+00  2.116209e+07  1.732622e+07  1.613149e+07  1.587084e+07
4.259872e+03  2.091087e+08  0.000000e+00  0.000000e+00  1.880634e+09  0.000000e+00  0.000000e+00  2.132871e+07  1.746501e+07  1.626018e+07  1.599666e+07
4.279801e+03  2.081439e+08  0.000000e+00  0.000000e+00  1.871957e+09  0.000000e+00  0.000000e+00  2.149678e+07  1.760498e+07  1.638993e+07  1.612349e+07
4.299823e+03  2.071834e+08  0.000000e+00  0.000000e+00  1.863319e+09  0.000000e+00  0.000000e+00  2.166600e+07  1.774604e+07  1.652056e+07  1.625120e+07
4.319939e+03  2.062271e+08  0.000000e+00  0.000000e+00  1.854718e+09  0.000000e+00  0.000000e+00  2.183642e+07  1.788814e+07  1.665221e+07  1.637990e+07
4.340149e+03  2.052751e+08  0.000000e+00  0.000000e+00  1.846157e+09  0.000000e+00  0.000000e+00  2.200809e+07  1.803122e+07  1.678475e+07  1.650941e+07
4.360454e+03  2.043273e+08  0.000000e+00  0.000000e+00  1.837633e+09  0.000000e+00  0.000000e+00  2.218082e+07  1.817535e+07  1.691827e+07  1.663986e+07
4.380853e+03  2.033838e+08  0.000000e+00  0.000000e+00  1.829147e+09  0.000000e+00  0.000000e+00  2.235469e+07  1.832047e+07  1.705278e+07  1.677121e+07
4.401348e+03  2.024444e+08  0.000000e+00  0.000000e+00  1.820698e+09  0.000000e+00  0.000000e+00  2.252983e+07  1.846671e+07  1.718818e+07  1.690344e+07
4.421939e+03  2.015092e+08  0.000000e+00  0.000000e+00  1.812287e+09  0.000000e+00  0.000000e+00  2.270619e+07  1.861395e+07  1.732450e+07  1.703674e+07
4.442626e+03  2.005781e+08  0.000000e+00  0.000000e+00  1.803914e+09  0.000000e+00  0.000000e+00  2.288364e+07  1.876224e+07  1.746188e+07  1.717081e+07
4.463410e+03  1.996512e+08  0.000000e+00  0.000000e+00  1.795578e+09  0.000000e+00  0.000000e+00  2.306239e+07  1.891158e+07  1.760010e+07  1.730579e+07
4.484291e+03  1.987285e+08  0.000000e+00  0.000000e+00  1.787279e+09  0.000000e+00  0.000000e+00  2.324228e+07  1.906196e+07  1.773936e+07  1.744182e+07
4.505270e+03  1.978098e+08  0.000000e+00  0.000000e+00  1.779017e+09  0.000000e+00  0.000000e+00  2.342333e+07  1.921353e+07  1.787959e+07  1.757867e+07
4.526347e+03  1.968952e+08  0.000000e+00  0.000000e+00  1.770791e+09  0.000000e+00  0.000000e+00  2.360569e+07  1.936604e+07  1.802081e+07  1.771647e+07
4.547523e+03  1.959847e+08  0.000000e+00  0.000000e+00  1.762602e+09  0.000000e+00  0.000000e+00  2.378935e+07  1.951988e+07  1.816307e+07  1.785534e+07
4.568798e+03  1.950782e+08  0.000000e+00  0.000000e+00  1.754450e+09  0.000000e+00  0.000000e+00  2.397468e+07  1.967482e+07  1.830645e+07  1.799515e+07
4.590172e+03  1.941758e+08  0.000000e+00  0.000000e+00  1.746334e+09  0.000000e+00  0.000000e+00  2.416155e+07  1.983147e+07  1.845127e+07  1.813624e+07
4.611646e+03  1.932774e+08  0.000000e+00  0.000000e+00  1.738254e+09  0.000000e+00  0.000000e+00  2.434983e+07  1.999159e+07  1.860123e+07  1.828221e+07
4.633221e+03  1.923829e+08  0.000000e+00  0.000000e+00  1.730210e+09  0.000000e+00  0.000000e+00  2.455240e+07  2.017297e+07  1.877615e+07  1.846032e+07
4.654897e+03  1.914925e+08  0.000000e+00  0.000000e+00  1.722202e+09  0.000000e+00  0.000000e+00  2.476895e+07  2.035087e+07  1.894212e+07  1.862076e+07
4.676674e+03  1.906061e+08  0.000000e+00  0.000000e+00  1.714229e+09  0.000000e+00  0.000000e+00  2.495854e+07  2.050122e+07  1.905915e+07  1.871980e+07
4.698553e+03  1.897236e+08  0.000000e+00  0.000000e+00  1.706293e+09  0.000000e+00  0.000000e+00  2.514858e+07  2.063241e+07  1.918145e+07  1.884409e+07
4.720534e+03  1.888450e+08  0.000000e+00  0.000000e+00  1.698391e+09  0.000000e+00  0.000000e+00  2.541316e+07  2.086977e+07  1.940568e+07  1.906437e+07
4.741071e+03  1.880313e+08  0.000000e+00  0.000000e+00  1.691074e+09  0.000000e+00  0.000000e+00  2.552445e+07  2.097366e+07  1.950339e+07  1.915885e+07
4.760150e+03  1.872816e+08  0.000000e+00  0.000000e+00  1.684331e+09  0.000000e+00  0.000000e+00  2.558250e+07  2.102221e+07  1.955342e+07  1.921336e+07
4.779306e+03  1.865348e+08  0.000000e+00  0.000000e+00  1.677614e+09  0.000000e+00  0.000000e+00  2.579605e+07  2.121139e+07  1.973465e+07  1.939230e+07
4.798539e+03  1.857908e+08  0.000000e+00  0.000000e+00  1.670923e+09  0.000000e+00  0.000000e+00  2.595664e+07  2.135027e+07  1.985962e+07  1.950997e+07
4.817849e+03  1.850497e+08  0.000000e+00  0.000000e+00  1.664258e+09  0.000000e+00  0.000000e+00  2.611253e+07  2.147548e+07  1.996972e+07  1.961528e+07
4.837237e+03  1.843114e+08  0.000000e+00  0.000000e+00  1.657618e+09  0.000000e+00  0.000000e+00  2.632281e+07  2.164619e+07  2.012621e+07  1.976691e+07
4.856703e+03  1.835760e+08  0.000000e+00  0.000000e+00  1.651004e+09  0.000000e+00  0.000000e+00  2.653808e+07  2.182606e+07  2.029245e+07  1.992906e+07
4.876247e+03  1.828434e+08  0.000000e+00  0.000000e+00  1.644415e+09  0.000000e+00  0.000000e+00  2.670775e+07  2.196974e+07  2.042604e+07  2.005997e+07
4.895870e+03  1.821136e+08  0.000000e+00  0.000000e+00  1.637852e+09  0.000000e+00  0.000000e+00  2.687422e+07  2.211180e+07  2.055861e+07  2.018947e+07
4.915572e+03  1.813866e+08  0.000000e+00  0.000000e+00  1.631313e+09  0.000000e+00  0.000000e+00  2.704003e+07  2.225311e+07  2.068964e+07  2.031718e+07
4.935354e+03  1.806624e+08  0.000000e+00  0.000000e+00  1.624800e+09  0.000000e+00  0.000000e+00  2.720898e+07  2.239636e+07  2.082203e+07  2.044585e+07
4.955215e+03  1.799410e+08  0.000000e+00  0.000000e+00  1.618312e+09  0.000000e+00  0.000000e+00  2.738558e+07  2.254524e+07  2.095945e+07  2.057938e+07
4.975156e+03  1.792223e+08  0.000000e+00  0.000000e+00  1.611849e+09  0.000000e+00  0.000000e+00  2.756647e+07  2.269775e+07  2.110014e+07  2.071615e+07
4.995177e+03  1.785065e+08  0.000000e+00  0.000000e+00  1.605411e+09  0.000000e+00  0.000000e+00  2.774799e+07  2.285096e+07  2.124169e+07  2.085374e+07
5.015278e+03  1.777934e+08  0.000000e+00  0.000000e+00  1.598997e+09  0.000000e+00  0.000000e+00  2.792946e+07  2.300446e+07  2.138326e+07  2.099169e+07
5.035461e+03  1.770830e+08  0.000000e+00  0.000000e+00  1.592609e+09  0.000000e+00  0.000000e+00  2.811071e+07  2.315785e+07  2.152510e+07  2.112954e+07
5.055725e+03  1.763753e+08  0.000000e+00  0.000000e+00  1.586245e+09  0.000000e+00  0.000000e+00  2.829223e+07  2.331148e+07  2.166709e+07  2.126754e+07
5.076070e+03  1.756704e+08  0.000000e+00  0.000000e+00  1.579905e+09  0.000000e+00  0.000000e+00  2.847447e+07  2.346590e+07  2.180968e+07  2.140631e+07
5.096497e+03  1.749682e+08  0.000000e+00  0.000000e+00  1.573590e+09  0.000000e+00  0.000000e+00  2.865777e+07  2.362128e+07  2.195313e+07  2.154576e+07
5.117006e+03  1.742687e+08  0.000000e+00  0.000000e+00  1.567299e+09  0.000000e+00  0.000000e+00  2.884202e+07  2.377755e+07  2.209745e+07  2.168610e+07
5.137598e+03  1.735719e+08  0.000000e+00  0.000000e+00  1.561032e+09  0.000000e+00  0.000000e+00  2.902751e+07  2.393475e+07  2.224268e+07  2.182721e+07
5.158273e+03  1.728778e+08  0.000000e+00  0.000000e+00  1.554789e+09  0.000000e+00  0.000000e+00  2.921395e+07  2.409287e+07  2.238874e+07  2.196893e+07
5.179031e+03  1.721864e+08  0.000000e+00  0.000000e+00  1.548571e+09  0.000000e+00  0.000000e+00  2.940134e+07  2.425193e+07  2.253547e+07  2.211164e+07
5.199873e+03  1.714976e+08  0.000000e+00  0.000000e+00  1.542376e+09  0.000000e+00  0.000000e+00  2.958958e+07  2.441172e+07  2.268304e+07  2.225503e+07
5.220798e+03  1.708115e+08  0.000000e+00  0.000000e+00  1.536205e+09  0.000000e+00  0.000000e+00  2.977867e+07  2.457244e+07  2.283140e+07  2.239905e+07
5.241808e+03  1.701280e+08  0.000000e+00  0.000000e+00  1.530058e+09  0.000000e+00  0.000000e+00  2.996880e+07  2.473397e+07  2.298050e+07  2.254386e+07
5.262902e+03  1.694471e+08  0.000000e+00  0.000000e+00  1.523935e+09  0.000000e+00  0.000000e+00  3.015981e+07  2.489652e+07  2.313038e+07  2.268936e+07
5.284081e+03  1.687689e+08  0.000000e+00  0.000000e+00  1.517836e+09  0.000000e+00  0.000000e+00  3.035170e+07  2.505976e+07  2.328117e+07  2.283556e+07
5.305345e+03  1.680933e+08  0.000000e+00  0.000000e+00  1.511760e+09  0.000000e+00  0.000000e+00  3.054471e+07  2.522392e+07  2.343271e+07  2.298278e+07
5.326695e+03  1.674203e+08  0.000000e+00  0.000000e+00  1.505707e+09  0.000000e+00  0.000000e+00  3.073877e+07  2.538938e+07  2.358541e+07  2.313101e+07
5.348131e+03  1.667499e+08  0.000000e+00  0.000000e+00  1.499678e+09  0.000000e+00  0.000000e+00  3.093390e+07  2.555579e+07  2.373890e+07  2.327977e+07
5.369653e+03  1.660821e+08  0.000000e+00  0.000000e+00  1.493671e+09  0.000000e+00  0.000000e+00  3.112967e+07  2.572313e+07  2.389335e+07  2.342978e+07
5.391261e+03  1.654169e+08  0.000000e+00  0.000000e+00  1.487689e+09  0.000000e+00  0.000000e+00  3.132529e+07  2.589098e+07  2.404868e+07  2.358041e+07
5.412957e+03  1.647542e+08  0.000000e+00  0.000000e+00  1.481729e+09  0.000000e+00  0.000000e+00  3.152555e+07  2.605986e+07  2.420464e+07  2.373265e+07
5.434740e+03  1.640941e+08  0.000000e+00  0.000000e+00  1.475792e+09  0.000000e+00  0.000000e+00  3.173327e+07  2.623442e+07  2.436221e+07  2.388423e+07
5.456610e+03  1.634365e+08  0.000000e+00  0.000000e+00  1.469878e+09  0.000000e+00  0.000000e+00  3.194466e+07  2.641270e+07  2.452390e+07  2.403567e+07
5.478569e+03  1.627815e+08  0.000000e+00  0.000000e+00  1.463987e+09  0.000000e+00  0.000000e+00  3.215692e+07  2.654953e+07  2.460189e+07  2.413451e+07
5.500616e+03  1.621290e+08  0.000000e+00  0.000000e+00  1.458119e+09  0.000000e+00  0.000000e+00  3.221449e+07  2.656726e+07  2.468350e+07  2.399852e+07
5.522751e+03  1.614790e+08  0.000000e+00  0.000000e+00  1.452273e+09  0.000000e+00  0.000000e+00  3.263326e+07  2.731354e+07  2.538837e+07  2.515007e+07
5.544976e+03  1.608316e+08  0.000000e+00  0.000000e+00  1.446450e+09  0.000000e+00  0.000000e+00  3.327682e+07  2.750643e+07  2.581460e+07  2.534817e+07
5.567290e+03  1.601866e+08  0.000000e+00  0.000000e+00  1.440650e+09  0.000000e+00  0.000000e+00  3.334724e+07  2.794253e+07  2.583367e+07  2.520103e+07
5.589694e+03  1.595441e+08  0.000000e+00  0.000000e+00  1.434872e+09  0.000000e+00  0.000000e+00  3.413171e+07  2.797372e+07  2.587271e+07  2.534067e+07
5.612188e+03  1.589041e+08  0.000000e+00  0.000000e+00  1.429116e+09  0.000000e+00  0.000000e+00  3.420333e+07  2.821074e+07  2.613261e+07  2.557293e+07
5.632995e+03  1.583166e+08  0.000000e+00  0.000000e+00  1.423832e+09  0.000000e+00  0.000000e+00  3.501818e+07  2.879181e+07  2.668817e+07  2.612981e+07
5.652102e+03  1.577809e+08  0.000000e+00  0.000000e+00  1.419014e+09  0.000000e+00  0.000000e+00  3.475310e+07  2.857729e+07  2.650162e+07  2.596200e+07
5.671273e+03  1.572469e+08  0.000000e+00  0.000000e+00  1.414211e+09  0.000000e+00  0.000000e+00  3.499242e+07  2.878807e+07  2.671618e+07  2.618503e+07
5.690509e+03  1.567146e+08  0.000000e+00  0.000000e+00  1.409424e+09  0.000000e+00  0.000000e+00  3.516064e+07  2.894909e+07  2.687832e+07  2.634124e+07
5.709811e+03  1.561841e+08  0.000000e+00  0.000000e+00  1.404653e+09  0.000000e+00  0.000000e+00  3.528804e+07  2.907140e+07  2.698839e+07  2.644385e+07
5.729178e+03  1.556553e+08  0.000000e+00  0.000000e+00  1.399897e+09  0.000000e+00  0.000000e+00  3.538873e+07  2.914941e+07  2.705419e+07  2.650581e+07
5.748611e+03  1.551282e+08  0.000000e+00  0.000000e+00  1.395157e+09  0.000000e+00  0.000000e+00  3.553417e+07  2.925925e+07  2.715293e+07  2.659883e+07
5.768109e+03  1.546028e+08  0.000000e+00  0.000000e+00  1.390432e+09  0.000000e+00  0.000000e+00  3.579378e+07  2.947123e+07  2.734628e+07  2.678368e+07
5.787674e+03  1.540792e+08  0.000000e+00  0.000000e+00  1.385722e+09  0.000000e+00  0.000000e+00  3.606376e+07  2.969329e+07  2.754928e+07  2.697929e+07
5.807305e+03  1.535573e+08  0.000000e+00  0.000000e+00  1.381028e+09  0.000000e+00  0.000000e+00  3.627828e+07  2.987100e+07  2.771362e+07  2.713855e+07
5.827003e+03  1.530370e+08  0.000000e+00  0.000000e+00  1.376350e+09  0.000000e+00  0.000000e+00  3.648813e+07  3.004800e+07  2.787920e+07  2.729960e+07
5.846768e+03  1.525185e+08  0.000000e+00  0.000000e+00  1.371686e+09  0.000000e+00  0.000000e+00  3.669640e+07  3.022716e+07  2.804781e+07  2.746324e+07
5.866599e+03  1.520017e+08  0.000000e+00  0.000000e+00  1.367038e+09  0.000000e+00  0.000000e+00  3.689730e+07  3.040244e+07  2.821266e+07  2.762342e+07
5.886498e+03  1.514865e+08  0.000000e+00  0.000000e+00  1.362405e+09  0.000000e+00  0.000000e+00  3.709283e+07  3.057431e+07  2.837485e+07  2.778095e+07
5.906464e+03  1.509730e+08  0.000000e+00  0.000000e+00  1.357787e+09  0.000000e+00  0.000000e+00  3.729362e+07  3.075209e+07  2.854292e+07  2.794419e+07
5.926499e+03  1.504613e+08  0.000000e+00  0.000000e+00  1.353184e+09  0.000000e+00  0.000000e+00  3.750886e+07  3.094445e+07  2.872489e+07  2.812069e+07
5.946601e+03  1.499511e+08  0.000000e+00  0.000000e+00  1.348596e+09  0.000000e+00  0.000000e+00  3.774340e+07  3.115762e+07  2.892663e+07  2.831625e+07
5.966771e+03  1.494427e+08  0.000000e+00  0.000000e+00  1.344024e+09  0.000000e+00  0.000000e+00  3.800245e+07  3.139925e+07  2.915657e+07  2.853925e+07
5.987009e+03  1.489359e+08  0.000000e+00  0.000000e+00  1.339466e+09  0.000000e+00  0.000000e+00  3.828757e+07  3.167236e+07  2.941955e+07  2.879550e+07
6.007317e+03  1.484308e+08  0.000000e+00  0.000000e+00  1.334923e+09  0.000000e+00  0.000000e+00  3.859259e+07  3.197095e+07  2.971060e+07  2.908118e+07
6.027693e+03  1.479273e+08  0.000000e+00  0.000000e+00  1.330395e+09  0.000000e+00  0.000000e+00  3.891375e+07  3.228877e+07  3.002213e+07  2.938797e+07
6.048138e+03  1.474254e+08  0.000000e+00  0.000000e+00  1.325881e+09  0.000000e+00  0.000000e+00  3.927038e+07  3.264287e+07  3.036494e+07  2.972282e+07
6.068653e+03  1.469252e+08  0.000000e+00  0.000000e+00  1.321383e+09  0.000000e+00  0.000000e+00  3.975222e+07  3.311858e+07  3.080984e+07  3.014604e+07
6.089237e+03  1.464267e+08  0.000000e+00  0.000000e+00  1.316899e+09  0.000000e+00  0.000000e+00  4.052784e+07  3.389188e+07  3.151444e+07  3.080074e+07
6.109891e+03  1.459298e+08  0.000000e+00  0.000000e+00  1.312430e+09  0.000000e+00  0.000000e+00  4.162963e+07  3.503025e+07  3.257382e+07  3.179387e+07
6.130615e+03  1.454345e+08  0.000000e+00  0.000000e+00  1.307975e+09  0.000000e+00  0.000000e+00  4.276716e+07  3.626915e+07  3.380337e+07  3.300024e+07
6.151409e+03  1.449408e+08  0.000000e+00  0.000000e+00  1.303535e+09  0.000000e+00  0.000000e+00  4.368492e+07  3.731496e+07  3.492774e+07  3.417513e+07
6.172274e+03  1.444487e+08  0.000000e+00  0.000000e+00  1.299110e+09  0.000000e+00  0.000000e+00  4.447908e+07  3.821818e+07  3.591527e+07  3.522394e+07
6.193210e+03  1.439582e+08  0.000000e+00  0.000000e+00  1.294699e+09  0.000000e+00  0.000000e+00  4.558856e+07  3.938309e+07  3.707233e+07  3.636204e+07
6.214217e+03  1.434694e+08  0.000000e+00  0.000000e+00  1.290302e+09  0.000000e+00  0.000000e+00  4.951051e+07  4.294771e+07  4.021760e+07  3.926259e+07
6.235295e+03  1.429821e+08  0.000000e+00  0.000000e+00  1.285920e+09  0.000000e+00  0.000000e+00  6.204999e+07  5.415648e+07  4.988402e+07  4.808484e+07
6.256444e+03  1.424965e+08  0.000000e+00  0.000000e+00  1.281552e+09  0.000000e+00  0.000000e+00  7.780550e+07  6.934964e+07  6.349126e+07  6.049601e+07
6.277665e+03  1.420124e+08  0.000000e+00  0.000000e+00  1.277199e+09  0.000000e+00  0.000000e+00  7.959540e+07  7.312017e+07  6.851111e+07  6.570415e+07
6.298958e+03  1.415299e+08  0.000000e+00  0.000000e+00  1.272860e+09  0.000000e+00  0.000000e+00  7.373039e+07  6.868596e+07  6.650365e+07  6.583023e+07
6.320324e+03  1.410490e+08  0.000000e+00  0.000000e+00  1.268534e+09  0.000000e+00  0.000000e+00  7.106920e+07  6.635425e+07  6.488798e+07  6.570094e+07
6.341762e+03  1.405697e+08  0.000000e+00  0.000000e+00  1.264224e+09  0.000000e+00  0.000000e+00  7.301016e+07  6.844250e+07  6.637229e+07  6.559430e+07
6.363272e+03  1.400919e+08  0.000000e+00  0.000000e+00  1.259927e+09  0.000000e+00  0.000000e+00  8.132560e+07  7.699721e+07  7.248739e+07  6.849600e+07
6.384856e+03  1.396157e+08  0.000000e+00  0.000000e+00  1.255644e+09  0.000000e+00  0.000000e+00  5.765369e+08  4.874703e+08  4.325911e+08  4.041103e+08
6.406513e+03  1.391411e+08  0.000000e+00  0.000000e+00  1.251375e+09  0.000000e+00  0.000000e+00  1.052438e+09  8.757113e+08  7.747022e+08  7.265320e+08
6.428243e+03  1.386680e+08  0.000000e+00  0.000000e+00  1.247121e+09  0.000000e+00  0.000000e+00  4.221546e+07  3.506228e+07  3.252920e+07  3.177164e+07
6.450047e+03  1.381965e+08  0.000000e+00  0.000000e+00  1.242880e+09  0.000000e+00  0.000000e+00  4.242279e+07  3.525220e+07  3.270460e+07  3.193729e+07
6.471924e+03  1.377265e+08  0.000000e+00  0.000000e+00  1.238653e+09  0.000000e+00  0.000000e+00  4.262949e+07  3.543423e+07  3.286205e+07  3.209758e+07
6.493877e+03  1.372580e+08  0.000000e+00  0.000000e+00  1.234440e+09  0.000000e+00  0.000000e+00  4.281229e+07  3.556638e+07  3.297820e+07  3.219179e+07
6.515903e+03  1.367911e+08  0.000000e+00  0.000000e+00  1.230241e+09  0.000000e+00  0.000000e+00  4.294802e+07  3.579099e+07  3.324808e+07  3.239657e+07
6.538004e+03  1.363257e+08  0.000000e+00  0.000000e+00  1.226055e+09  0.000000e+00  0.000000e+00  4.325717e+07  3.614452e+07  3.356805e+07  3.288514e+07
6.560181e+03  1.358619e+08  0.000000e+00  0.000000e+00  1.221884e+09  0.000000e+00  0.000000e+00  4.360858e+07  3.636369e+07  3.379542e+07  3.312274e+07
6.582432e+03  1.353995e+08  0.000000e+00  0.000000e+00  1.217725e+09  0.000000e+00  0.000000e+00  4.379077e+07  3.651079e+07  3.399940e+07  3.312918e+07
6.604759e+03  1.349387e+08  0.000000e+00  0.000000e+00  1.213581e+09  0.000000e+00  0.000000e+00  4.393256e+07  3.681210e+07  3.409976e+07  3.325181e+07
6.627161e+03  1.344794e+08  0.000000e+00  0.000000e+00  1.209450e+09  0.000000e+00  0.000000e+00  4.433681e+07  3.700136e+07  3.424262e+07  3.343303e+07
6.649640e+03  1.340216e+08  0.000000e+00  0.000000e+00  1.205333e+09  0.000000e+00  0.000000e+00  4.452739e+07  3.711402e+07  3.441541e+07  3.360774e+07
6.672195e+03  1.335653e+08  0.000000e+00  0.000000e+00  1.201229e+09  0.000000e+00  0.000000e+00  4.465662e+07  3.739548e+07  3.467706e+07  3.384750e+07
6.692965e+03  1.331478e+08  0.000000e+00  0.000000e+00  1.197474e+09  0.000000e+00  0.000000e+00  4.511015e+07  3.776054e+07  3.500522e+07  3.416129e+07
6.711940e+03  1.327686e+08  0.000000e+00  0.000000e+00  1.194064e+09  0.000000e+00  0.000000e+00  4.531470e+07  3.796087e+07  3.518788e+07  3.433456e+07
6.730969e+03  1.323904e+08  0.000000e+00  0.000000e+00  1.190663e+09  0.000000e+00  0.000000e+00  4.546356e+07  3.812483e+07  3.534964e+07  3.450062e+07
6.750052e+03  1.320133e+08  0.000000e+00  0.000000e+00  1.187271e+09  0.000000e+00  0.000000e+00  4.574735e+07  3.839746e+07  3.563097e+07  3.479051e+07
6.769189e+03  1.316372e+08  0.000000e+00  0.000000e+00  1.183889e+09  0.000000e+00  0.000000e+00  4.596012e+07  3.861207e+07  3.586385e+07  3.503202e+07
6.788380e+03  1.312621e+08  0.000000e+00  0.000000e+00  1.180515e+09  0.000000e+00  0.000000e+00  4.613342e+07  3.880298e+07  3.606717e+07  3.524249e+07
6.807625e+03  1.308881e+08  0.000000e+00  0.000000e+00  1.177152e+09  0.000000e+00  0.000000e+00  4.629884e+07  3.898603e+07  3.626086e+07  3.544025e+07
6.826925e+03  1.305151e+08  0.000000e+00  0.000000e+00  1.173797e+09  0.000000e+00  0.000000e+00  4.648292e+07  3.916591e+07  3.645224e+07  3.563345e+07
6.846280e+03  1.301431e+08  0.000000e+00  0.000000e+00  1.170452e+09  0.000000e+00  0.000000e+00  4.704480e+07  3.963723e+07  3.687012e+07  3.603341e+07
6.865690e+03  1.297722e+08  0.000000e+00  0.000000e+00  1.167115e+09  0.000000e+00  0.000000e+00  4.910473e+07  4.136470e+07  3.832135e+07  3.737530e+07
6.885154e+03  1.294022e+08  0.000000e+00  0.000000e+00  1.163788e+09  0.000000e+00  0.000000e+00  5.178070e+07  4.380762e+07  4.042419e+07  3.926164e+07
6.904674e+03  1.290333e+08  0.000000e+00  0.000000e+00  1.160470e+09  0.000000e+00  0.000000e+00  5.214627e+07  4.442822e+07  4.112024e+07  3.987392e+07
6.924249e+03  1.286654e+08  0.000000e+00  0.000000e+00  1.157161e+09  0.000000e+00  0.000000e+00  5.111079e+07  4.349539e+07  4.043100e+07  3.947984e+07
6.943880e+03  1.282985e+08  0.000000e+00  0.000000e+00  1.153862e+09  0.000000e+00  0.000000e+00  5.007794e+07  4.192513e+07  3.858248e+07  3.781955e+07
6.963566e+03  1.279326e+08  0.000000e+00  0.000000e+00  1.150571e+09  0.000000e+00  0.000000e+00  4.930542e+07  4.037630e+07  3.672776e+07  3.557351e+07
6.983308e+03  1.275677e+08  0.000000e+00  0.000000e+00  1.147289e+09  0.000000e+00  0.000000e+00  4.852135e+07  3.911146e+07  3.504193e+07  3.274309e+07
7.003106e+03  1.272038e+08  0.000000e+00  0.000000e+00  1.144017e+09  0.000000e+00  0.000000e+00  4.867847e+07  3.906265e+07  3.457932e+07  3.256226e+07
7.022961e+03  1.268409e+08  0.000000e+00  0.000000e+00  1.140753e+09  0.000000e+00  0.000000e+00  4.898013e+07  3.897570e+07  3.378433e+07  3.178733e+07
7.042871e+03  1.264790e+08  0.000000e+00  0.000000e+00  1.137498e+09  0.000000e+00  0.000000e+00  5.013417e+07  3.904592e+07  3.377806e+07  3.152033e+07
7.062838e+03  1.261182e+08  0.000000e+00  0.000000e+00  1.134253e+09  0.000000e+00  0.000000e+00  3.089624e+08  2.470276e+08  2.153169e+08  2.008733e+08
7.082862e+03  1.257582e+08  0.000000e+00  0.000000e+00  1.131016e+09  0.000000e+00  0.000000e+00  4.205087e+07  3.133569e+07  2.766302e+07  2.645310e+07
7.102942e+03  1.253993e+08  0.000000e+00  0.000000e+00  1.127788e+09  0.000000e+00  0.000000e+00  4.115073e+07  3.091736e+07  2.736678e+07  2.622779e+07
7.123079e+03  1.250414e+08  0.000000e+00  0.000000e+00  1.124569e+09  0.000000e+00  0.000000e+00  4.096548e+07  3.078363e+07  2.730494e+07  2.621056e+07
7.143274e+03  1.246845e+08  0.000000e+00  0.000000e+00  1.121359e+09  0.000000e+00  0.000000e+00  2.890256e+07  2.388253e+07  2.218681e+07  2.174255e+07
7.163525e+03  1.243285e+08  0.000000e+00  0.000000e+00  1.118157e+09  0.000000e+00  0.000000e+00  2.898117e+07  2.396455e+07  2.226577e+07  2.182021e+07
7.183834e+03  1.239735e+08  0.000000e+00  0.000000e+00  1.114965e+09  0.000000e+00  0.000000e+00  2.909173e+07  2.405909e+07  2.235320e+07  2.190524e+07
7.204201e+03  1.236195e+08  0.000000e+00  0.000000e+00  1.111781e+09  0.000000e+00  0.000000e+00  2.920241e+07  2.415374e+07  2.244074e+07  2.199055e+07
7.224625e+03  1.232665e+08  0.000000e+00  0.000000e+00  1.108606e+09  0.000000e+00  0.000000e+00  2.931408e+07  2.424905e+07  2.252883e+07  2.207614e+07
7.245107e+03  1.229144e+08  0.000000e+00  0.000000e+00  1.105440e+09  0.000000e+00  0.000000e+00  2.942676e+07  2.434470e+07  2.261724e+07  2.216200e+07
7.265648e+03  1.225633e+08  0.000000e+00  0.000000e+00  1.102282e+09  0.000000e+00  0.000000e+00  2.953965e+07  2.444057e+07  2.270570e+07  2.224808e+07
7.286246e+03  1.222132e+08  0.000000e+00  0.000000e+00  1.099133e+09  0.000000e+00  0.000000e+00  2.965245e+07  2.453639e+07  2.279426e+07  2.233405e+07
7.306903e+03  1.218640e+08  0.000000e+00  0.000000e+00  1.095993e+09  0.000000e+00  0.000000e+00  2.976521e+07  2.463224e+07  2.288279e+07  2.241995e+07
7.327619e+03  1.215158e+08  0.000000e+00  0.000000e+00  1.092861e+09  0.000000e+00  0.000000e+00  2.987784e+07  2.472818e+07  2.297139e+07  2.250607e+07
7.348393e+03  1.211686e+08  0.000000e+00  0.000000e+00  1.089738e+09  0.000000e+00  0.000000e+00  2.999051e+07  2.482438e+07  2.306011e+07  2.259227e+07
7.369226e+03  1.208223e+08  0.000000e+00  0.000000e+00  1.086624e+09  0.000000e+00  0.000000e+00  3.010317e+07  2.492065e+07  2.314888e+07  2.267846e+07
7.390118e+03  1.204770e+08  0.000000e+00  0.000000e+00  1.083518e+09  0.000000e+00  0.000000e+00  3.021584e+07  2.501696e+07  2.323789e+07  2.276502e+07
7.411070e+03  1.201326e+08  0.000000e+00  0.000000e+00  1.080421e+09  0.000000e+00  0.000000e+00  3.032855e+07  2.511357e+07  2.332696e+07  2.285146e+07
7.432080e+03  1.197891e+08  0.000000e+00  0.000000e+00  1.077332e+09  0.000000e+00  0.000000e+00  3.044122e+07  2.521032e+07  2.341616e+07  2.293802e+07
7.453151e+03  1.194466e+08  0.000000e+00  0.000000e+00  1.074252e+09  0.000000e+00  0.000000e+00  3.055389e+07  2.530712e+07  2.350542e+07  2.302488e+07
7.474281e+03  1.191051e+08  0.000000e+00  0.000000e+00  1.071180e+09  0.000000e+00  0.000000e+00  3.066618e+07  2.540402e+07  2.359481e+07  2.311163e+07
7.495471e+03  1.187645e+08  0.000000e+00  0.000000e+00  1.068117e+09  0.000000e+00  0.000000e+00  3.077826e+07  2.550085e+07  2.368433e+07  2.319849e+07
7.516721e+03  1.184248e+08  0.000000e+00  0.000000e+00  1.065062e+09  0.000000e+00  0.000000e+00  3.089000e+07  2.559762e+07  2.377382e+07  2.328542e+07
7.538032e+03  1.180861e+08  0.000000e+00  0.000000e+00  1.062016e+09  0.000000e+00  0.000000e+00  3.100130e+07  2.569407e+07  2.386309e+07  2.337245e+07
7.559402e+03  1.177482e+08  0.000000e+00  0.000000e+00  1.058977e+09  0.000000e+00  0.000000e+00  3.111192e+07  2.579044e+07  2.395209e+07  2.345911e+07
7.580834e+03  1.174114e+08  0.000000e+00  0.000000e+00  1.055948e+09  0.000000e+00  0.000000e+00  3.122153e+07  2.588643e+07  2.404094e+07  2.354558e+07
7.602326e+03  1.170754e+08  0.000000e+00  0.000000e+00  1.052926e+09  0.000000e+00  0.000000e+00  3.133058e+07  2.598158e+07  2.412947e+07  2.363161e+07
7.623879e+03  1.167404e+08  0.000000e+00  0.000000e+00  1.049913e+09  0.000000e+00  0.000000e+00  3.143948e+07  2.607621e+07  2.421735e+07  2.371719e+07
7.645493e+03  1.164063e+08  0.000000e+00  0.000000e+00  1.046909e+09  0.000000e+00  0.000000e+00  3.154842e+07  2.616990e+07  2.430141e+07  2.380040e+07
7.667168e+03  1.160731e+08  0.000000e+00  0.000000e+00  1.043912e+09  0.000000e+00  0.000000e+00  3.165628e+07  2.625399e+07  2.436678e+07  2.386922e+07
7.688905e+03  1.157409e+08  0.000000e+00  0.000000e+00  1.040924e+09  0.000000e+00  0.000000e+00  3.175535e+07  2.631817e+07  2.442209e+07  2.390542e+07
7.710704e+03  1.154095e+08  0.000000e+00  0.000000e+00  1.037944e+09  0.000000e+00  0.000000e+00  3.183104e+07  2.640796e+07  2.451479e+07  2.396581e+07
7.732564e+03  1.150791e+08  0.000000e+00  0.000000e+00  1.034972e+09  0.000000e+00  0.000000e+00  3.192986e+07  2.650476e+07  2.458486e+07  2.406551e+07
7.754486e+03  1.147496e+08  0.000000e+00  0.000000e+00  1.032008e+09  0.000000e+00  0.000000e+00  3.203579e+07  2.654820e+07  2.460222e+07  2.411445e+07
7.776471e+03  1.144209e+08  0.000000e+00  0.000000e+00  1.029053e+09  0.000000e+00  0.000000e+00  3.208607e+07  2.658575e+07  2.465800e+07  2.411029e+07
7.798518e+03  1.140932e+08  0.000000e+00  0.000000e+00  1.026106e+09  0.000000e+00  0.000000e+00  3.213490e+07  2.663597e+07  2.472941e+07  2.415609e+07
7.820627e+03  1.137664e+08  0.000000e+00  0.000000e+00  1.023167e+09  0.000000e+00  0.000000e+00  3.220542e+07  2.673304e+07  2.478125e+07  2.425380e+07
7.842799e+03  1.134405e+08  0.000000e+00  0.000000e+00  1.020235e+09  0.000000e+00  0.000000e+00  3.226487e+07  2.682697e+07  2.486730e+07  2.435333e+07
7.865034e+03  1.131155e+08  0.000000e+00  0.000000e+00  1.017313e+09  0.000000e+00  0.000000e+00  3.240768e+07  2.688698e+07  2.497336e+07  2.445522e+07
7.887331e+03  1.127914e+08  0.000000e+00  0.000000e+00  1.014398e+09  0.000000e+00  0.000000e+00  3.248638e+07  2.698501e+07  2.507235e+07  2.454966e+07
7.909692e+03  1.124682e+08  0.000000e+00  0.000000e+00  1.011491e+09  0.000000e+00  0.000000e+00  3.250447e+07  2.710565e+07  2.517767e+07  2.464893e+07
7.932117e+03  1.121458e+08  0.000000e+00  0.000000e+00  1.008592e+09  0.000000e+00  0.000000e+00  3.272568e+07  2.730379e+07  2.535074e+07  2.482312e+07
7.952883e+03  1.118490e+08  0.000000e+00  0.000000e+00  1.005922e+09  0.000000e+00  0.000000e+00  3.268774e+07  2.727923e+07  2.531932e+07  2.479324e+07
7.971981e+03  1.115773e+08  0.000000e+00  0.000000e+00  1.003478e+09  0.000000e+00  0.000000e+00  3.243875e+07  2.707569e+07  2.512976e+07  2.460599e+07
7.991125e+03  1.113062e+08  0.000000e+00  0.000000e+00  1.001041e+09  0.000000e+00  0.000000e+00  3.260252e+07  2.721562e+07  2.525659e+07  2.473001e+07
8.010315e+03  1.110358e+08  0.000000e+00  0.000000e+00  9.986084e+08  0.000000e+00  0.000000e+00  3.275303e+07  2.734280e+07  2.537130e+07  2.484226e+07
8.029551e+03  1.107660e+08  0.000000e+00  0.000000e+00  9.961820e+08  0.000000e+00  0.000000e+00  3.288487e+07  2.745288e+07  2.547089e+07  2.493732e+07
8.048833e+03  1.104968e+08  0.000000e+00  0.000000e+00  9.937613e+08  0.000000e+00  0.000000e+00  3.301962e+07  2.756575e+07  2.557360e+07  2.503332e+07
8.068161e+03  1.102283e+08  0.000000e+00  0.000000e+00  9.913462e+08  0.000000e+00  0.000000e+00  3.314269e+07  2.766997e+07  2.566744e+07  2.512132e+07
8.087536e+03  1.099604e+08  0.000000e+00  0.000000e+00  9.889368e+08  0.000000e+00  0.000000e+00  3.326003e+07  2.777143e+07  2.575736e+07  2.520712e+07
8.106958e+03  1.096931e+08  0.000000e+00  0.000000e+00  9.865330e+08  0.000000e+00  0.000000e+00  3.337920e+07  2.787411e+07  2.584893e+07  2.529570e+07
8.126426e+03  1.094265e+08  0.000000e+00  0.000000e+00  9.841348e+08  0.000000e+00  0.000000e+00  3.349495e+07  2.797216e+07  2.593808e+07  2.538237e+07
8.145941e+03  1.091604e+08  0.000000e+00  0.000000e+00  9.817423e+08  0.000000e+00  0.000000e+00  3.360980e+07  2.806885e+07  2.602751e+07  2.546921e+07
8.165502e+03  1.088950e+08  0.000000e+00  0.000000e+00  9.793553e+08  0.000000e+00  0.000000e+00  3.371339e+07  2.815876e+07  2.611083e+07  2.555036e+07
8.185111e+03  1.086302e+08  0.000000e+00  0.000000e+00  9.769739e+08  0.000000e+00  0.000000e+00  3.380899e+07  2.824425e+07  2.619017e+07  2.562713e+07
8.204767e+03  1.083661e+08  0.000000e+00  0.000000e+00  9.745981e+08  0.000000e+00  0.000000e+00  3.391718e+07  2.834079e+07  2.627972e+07  2.571416e+07
8.224470e+03  1.081025e+08  0.000000e+00  0.000000e+00  9.722278e+08  0.000000e+00  0.000000e+00  3.403118e+07  2.844229e+07  2.637383e+07  2.580551e+07
8.244220e+03  1.078396e+08  0.000000e+00  0.000000e+00  9.698631e+08  0.000000e+00  0.000000e+00  3.413115e+07  2.853209e+07  2.645719e+07  2.588652e+07
8.264018e+03  1.075773e+08  0.000000e+00  0.000000e+00  9.675039e+08  0.000000e+00  0.000000e+00  3.421747e+07  2.861053e+07  2.652998e+07  2.595716e+07
8.283863e+03  1.073156e+08  0.000000e+00  0.000000e+00  9.651502e+08  0.000000e+00  0.000000e+00  3.430176e+07  2.868723e+07  2.660126e+07  2.602631e+07
8.303756e+03  1.070545e+08  0.000000e+00  0.000000e+00  9.628021e+08  0.000000e+00  0.000000e+00  3.438860e+07  2.876583e+07  2.667405e+07  2.609692e+07
8.323697e+03  1.067940e+08  0.000000e+00  0.000000e+00  9.604594e+08  0.000000e+00  0.000000e+00  3.447778e+07  2.884650e+07  2.674872e+07  2.616933e+07
8.343685e+03  1.065341e+08  0.000000e+00  0.000000e+00  9.581222e+08  0.000000e+00  0.000000e+00  3.456915e+07  2.892870e+07  2.682489e+07  2.624299e+07
8.363722e+03  1.062748e+08  0.000000e+00  0.000000e+00  9.557905e+08  0.000000e+00  0.000000e+00  3.466206e+07  2.901246e+07  2.690219e+07  2.631759e+07
8.383806e+03  1.060162e+08  0.000000e+00  0.000000e+00  9.534642e+08  0.000000e+00  0.000000e+00  3.475644e+07  2.909747e+07  2.698044e+07  2.639311e+07
8.403939e+03  1.057581e+08  0.000000e+00  0.000000e+00  9.511434e+08  0.000000e+00  0.000000e+00  3.485222e+07  2.918343e+07  2.705963e+07  2.646941e+07
8.424121e+03  1.055007e+08  0.000000e+00  0.000000e+00  9.488280e+08  0.000000e+00  0.000000e+00  3.494895e+07  2.927020e+07  2.713933e+07  2.654650e+07
8.444350e+03  1.052438e+08  0.000000e+00  0.000000e+00  9.465180e+08  0.000000e+00  0.000000e+00  3.504640e+07  2.935739e+07  2.721951e+07  2.662381e+07
8.464629e+03  1.049876e+08  0.000000e+00  0.000000e+00  9.442135e+08  0.000000e+00  0.000000e+00  3.514417e+07  2.944486e+07  2.730012e+07  2.670136e+07
8.484956e+03  1.047319e+08  0.000000e+00  0.000000e+00  9.419143e+08  0.000000e+00  0.000000e+00  3.524282e+07  2.953321e+07  2.738123e+07  2.677980e+07
8.505331e+03  1.044769e+08  0.000000e+00  0.000000e+00  9.396205e+08  0.000000e+00  0.000000e+00  3.534249e+07  2.962256e+07  2.746352e+07  2.685907e+07
8.525756e+03  1.042224e+08  0.000000e+00  0.000000e+00  9.373321e+08  0.000000e+00  0.000000e+00  3.544314e+07  2.971270e+07  2.754655e+07  2.693924e+07
8.546230e+03  1.039686e+08  0.000000e+00  0.000000e+00  9.350490e+08  0.000000e+00  0.000000e+00  3.554405e+07  2.980326e+07  2.762979e+07  2.701964e+07
8.566753e+03  1.037153e+08  0.000000e+00  0.000000e+00  9.327713e+08  0.000000e+00  0.000000e+00  3.564475e+07  2.989361e+07  2.771308e+07  2.709993e+07
8.587325e+03  1.034627e+08  0.000000e+00  0.000000e+00  9.304989e+08  0.000000e+00  0.000000e+00  3.574518e+07  2.998404e+07  2.779622e+07  2.718020e+07
8.607947e+03  1.032106e+08  0.000000e+00  0.000000e+00  9.282319e+08  0.000000e+00  0.000000e+00  3.584514e+07  3.007409e+07  2.787939e+07  2.726030e+07
8.628618e+03  1.029591e+08  0.000000e+00  0.000000e+00  9.259701e+08  0.000000e+00  0.000000e+00  3.594487e+07  3.016412e+07  2.796223e+07  2.734037e+07
8.649339e+03  1.027082e+08  0.000000e+00  0.000000e+00  9.237136e+08  0.000000e+00  0.000000e+00  3.604445e+07  3.025385e+07  2.804499e+07  2.742021e+07
8.670109e+03  1.024579e+08  0.000000e+00  0.000000e+00  9.214625e+08  0.000000e+00  0.000000e+00  3.614380e+07  3.034386e+07  2.812794e+07  2.750008e+07
8.690930e+03  1.022082e+08  0.000000e+00  0.000000e+00  9.192166e+08  0.000000e+00  0.000000e+00  3.624306e+07  3.043369e+07  2.821082e+07  2.758006e+07
8.711800e+03  1.019590e+08  0.000000e+00  0.000000e+00  9.169759e+08  0.000000e+00  0.000000e+00  3.634229e+07  3.052354e+07  2.829383e+07  2.766008e+07
8.732721e+03  1.017105e+08  0.000000e+00  0.000000e+00  9.147405e+08  0.000000e+00  0.000000e+00  3.644138e+07  3.061364e+07  2.837676e+07  2.774013e+07
8.753692e+03  1.014625e+08  0.000000e+00  0.000000e+00  9.125104e+08  0.000000e+00  0.000000e+00  3.654046e+07  3.070345e+07  2.845981e+07  2.782018e+07
8.774713e+03  1.012151e+08  0.000000e+00  0.000000e+00  9.102855e+08  0.000000e+00  0.000000e+00  3.663921e+07  3.079343e+07  2.854274e+07  2.790009e+07
8.795785e+03  1.009683e+08  0.000000e+00  0.000000e+00  9.080657e+08  0.000000e+00  0.000000e+00  3.673781e+07  3.088333e+07  2.862577e+07  2.798016e+07
8.816907e+03  1.007221e+08  0.000000e+00  0.000000e+00  9.058512e+08  0.000000e+00  0.000000e+00  3.683621e+07  3.097331e+07  2.870881e+07  2.806015e+07
8.838080e+03  1.004764e+08  0.000000e+00  0.000000e+00  9.036419e+08  0.000000e+00  0.000000e+00  3.693428e+07  3.106316e+07  2.879188e+07  2.814025e+07
8.859304e+03  1.002313e+08  0.000000e+00  0.000000e+00  9.014377e+08  0.000000e+00  0.000000e+00  3.703242e+07  3.115274e+07  2.887484e+07  2.822009e+07
8.880578e+03  9.998682e+07  0.000000e+00  0.000000e+00  8.992388e+08  0.000000e+00  0.000000e+00  3.713040e+07  3.124230e+07  2.895780e+07  2.830029e+07
8.901904e+03  9.974289e+07  0.000000e+00  0.000000e+00  8.970449e+08  0.000000e+00  0.000000e+00  3.722810e+07  3.133219e+07  2.904065e+07  2.838016e+07
8.923281e+03  9.949953e+07  0.000000e+00  0.000000e+00  8.948562e+08  0.000000e+00  0.000000e+00  3.732549e+07  3.142159e+07  2.912346e+07  2.846006e+07
8.944710e+03  9.925674e+07  0.000000e+00  0.000000e+00  8.926727e+08  0.000000e+00  0.000000e+00  3.742260e+07  3.151125e+07  2.920640e+07  2.853976e+07
8.966190e+03  9.901451e+07  0.000000e+00  0.000000e+00  8.904942e+08  0.000000e+00  0.000000e+00  3.751975e+07  3.160057e+07  2.928906e+07  2.861944e+07
8.987721e+03  9.877286e+07  0.000000e+00  0.000000e+00  8.883209e+08  0.000000e+00  0.000000e+00  3.761701e+07  3.168968e+07  2.937168e+07  2.869903e+07
9.009304e+03  9.853177e+07  0.000000e+00  0.000000e+00  8.861526e+08  0.000000e+00  0.000000e+00  3.771418e+07  3.177885e+07  2.945396e+07  2.877815e+07
9.030939e+03  9.829125e+07  0.000000e+00  0.000000e+00  8.839895e+08  0.000000e+00  0.000000e+00  3.781124e+07  3.186743e+07  2.953488e+07  2.885642e+07
9.052626e+03  9.805129e+07  0.000000e+00  0.000000e+00  8.818314e+08  0.000000e+00  0.000000e+00  3.790763e+07  3.195334e+07  2.960795e+07  2.893073e+07
9.074365e+03  9.781189e+07  0.000000e+00  0.000000e+00  8.796784e+08  0.000000e+00  0.000000e+00  3.800127e+07  3.202693e+07  2.966651e+07  2.898940e+07
9.096156e+03  9.757306e+07  0.000000e+00  0.000000e+00  8.775304e+08  0.000000e+00  0.000000e+00  3.808761e+07  3.209297e+07  2.973426e+07  2.903688e+07
9.118000e+03  9.733478e+07  0.000000e+00  0.000000e+00  8.753874e+08  0.000000e+00  0.000000e+00  3.815979e+07  3.218075e+07  2.982615e+07  2.910817e+07
9.139896e+03  9.709707e+07  0.000000e+00  0.000000e+00  8.732495e+08  0.000000e+00  0.000000e+00  3.824034e+07  3.227327e+07  2.990163e+07  2.919197e+07
9.161845e+03  9.685991e+07  0.000000e+00  0.000000e+00  8.711166e+08  0.000000e+00  0.000000e+00  3.834068e+07  3.233857e+07  2.995039e+07  2.926521e+07
9.183846e+03  9.662331e+07  0.000000e+00  0.000000e+00  8.689887e+08  0.000000e+00  0.000000e+00  3.841919e+07  3.239590e+07  2.999679e+07  2.931212e+07
9.205900e+03  9.638726e+07  0.000000e+00  0.000000e+00  8.668658e+08  0.000000e+00  0.000000e+00  3.847959e+07  3.246382e+07  3.006766e+07  2.934994e+07
9.228007e+03  9.615176e+07  0.000000e+00  0.000000e+00  8.647479e+08  0.000000e+00  0.000000e+00  3.854870e+07  3.253579e+07  3.015402e+07  2.941509e+07
9.250167e+03  9.591682e+07  0.000000e+00  0.000000e+00  8.626349e+08  0.000000e+00  0.000000e+00  3.862743e+07  3.260471e+07  3.021904e+07  2.949760e+07
9.272381e+03  9.568243e+07  0.000000e+00  0.000000e+00  8.605269e+08  0.000000e+00  0.000000e+00  3.870998e+07  3.270222e+07  3.029160e+07  2.958625e+07
9.294647e+03  9.544859e+07  0.000000e+00  0.000000e+00  8.584239e+08  0.000000e+00  0.000000e+00  3.878754e+07  3.280082e+07  3.037964e+07  2.967211e+07
9.316968e+03  9.521530e+07  0.000000e+00  0.000000e+00  8.563257e+08  0.000000e+00  0.000000e+00  3.884780e+07  3.286864e+07  3.046861e+07  2.975721e+07
9.339342e+03  9.498256e+07  0.000000e+00  0.000000e+00  8.542325e+08  0.000000e+00  0.000000e+00  3.899533e+07  3.295598e+07  3.056204e+07  2.984979e+07
9.361769e+03  9.475036e+07  0.000000e+00  0.000000e+00  8.521442e+08  0.000000e+00  0.000000e+00  3.908713e+07  3.305089e+07  3.064955e+07  2.993264e+07
9.384250e+03  9.451870e+07  0.000000e+00  0.000000e+00  8.500608e+08  0.000000e+00  0.000000e+00  3.913243e+07  3.314865e+07  3.074045e+07  3.002071e+07
9.406786e+03  9.428759e+07  0.000000e+00  0.000000e+00  8.479823e+08  0.000000e+00  0.000000e+00  3.921902e+07  3.322922e+07  3.081722e+07  3.008926e+07
9.429375e+03  9.405703e+07  0.000000e+00  0.000000e+00  8.459087e+08  0.000000e+00  0.000000e+00  3.943094e+07  3.342040e+07  3.098210e+07  3.021749e+07
9.450284e+03  9.384459e+07  0.000000e+00  0.000000e+00  8.439982e+08  0.000000e+00  0.000000e+00  3.935528e+07  3.337601e+07  3.092614e+07  3.013142e+07
9.469503e+03  9.365013e+07  0.000000e+00  0.000000e+00  8.422493e+08  0.000000e+00  0.000000e+00  3.926152e+07  3.330451e+07  3.085973e+07  3.006404e+07
9.488762e+03  9.345606e+07  0.000000e+00  0.000000e+00  8.405039e+08  0.000000e+00  0.000000e+00  3.940572e+07  3.343395e+07  3.097866e+07  3.017750e+07
9.508060e+03  9.326238e+07  0.000000e+00  0.000000e+00  8.387620e+08  0.000000e+00  0.000000e+00  3.947654e+07  3.350131e+07  3.103925e+07  3.023476e+07
9.527397e+03  9.306908e+07  0.000000e+00  0.000000e+00  8.370235e+08  0.000000e+00  0.000000e+00  3.961115e+07  3.362178e+07  3.114884e+07  3.034011e+07
9.546773e+03  9.287616e+07  0.000000e+00  0.000000e+00  8.352885e+08  0.000000e+00  0.000000e+00  3.971722e+07  3.371736e+07  3.123551e+07  3.042229e+07
9.566189e+03  9.268363e+07  0.000000e+00  0.000000e+00  8.335569e+08  0.000000e+00  0.000000e+00  3.981415e+07  3.380516e+07  3.131530e+07  3.049675e+07
9.585644e+03  9.249148e+07  0.000000e+00  0.000000e+00  8.318288e+08  0.000000e+00  0.000000e+00  3.992460e+07  3.390449e+07  3.140638e+07  3.058169e+07
9.605139e+03  9.229971e+07  0.000000e+00  0.000000e+00  8.301042e+08  0.000000e+00  0.000000e+00  4.002550e+07  3.399610e+07  3.149017e+07  3.065974e+07
9.624674e+03  9.210833e+07  0.000000e+00  0.000000e+00  8.283829e+08  0.000000e+00  0.000000e+00  4.011806e+07  3.408106e+07  3.156712e+07  3.073206e+07
9.644248e+03  9.191732e+07  0.000000e+00  0.000000e+00  8.266651e+08  0.000000e+00  0.000000e+00  4.021565e+07  3.417114e+07  3.164864e+07  3.080922e+07
9.663862e+03  9.172670e+07  0.000000e+00  0.000000e+00  8.249507e+08  0.000000e+00  0.000000e+00  4.031515e+07  3.426320e+07  3.173220e+07  3.088868e+07
9.683516e+03  9.153645e+07  0.000000e+00  0.000000e+00  8.232397e+08  0.000000e+00  0.000000e+00  4.040883e+07  3.434970e+07  3.181125e+07  3.096406e+07
9.703210e+03  9.134658e+07  0.000000e+00  0.000000e+00  8.215321e+08  0.000000e+00  0.000000e+00  4.050269e+07  3.443590e+07  3.189071e+07  3.103961e+07
9.722944e+03  9.115709e+07  0.000000e+00  0.000000e+00  8.198279e+08  0.000000e+00  0.000000e+00  4.060059e+07  3.452549e+07  3.197397e+07  3.111886e+07
9.742718e+03  9.096798e+07  0.000000e+00  0.000000e+00  8.181271e+08  0.000000e+00  0.000000e+00  4.069403e+07  3.461235e+07  3.205455e+07  3.119548e+07
9.762532e+03  9.077924e+07  0.000000e+00  0.000000e+00  8.164297e+08  0.000000e+00  0.000000e+00  4.077965e+07  3.469359e+07  3.212995e+07  3.126724e+07
9.782387e+03  9.059088e+07  0.000000e+00  0.000000e+00  8.147357e+08  0.000000e+00  0.000000e+00  4.086176e+07  3.477245e+07  3.220314e+07  3.133673e+07
9.802282e+03  9.040290e+07  0.000000e+00  0.000000e+00  8.130450e+08  0.000000e+00  0.000000e+00  4.094800e+07  3.485489e+07  3.227965e+07  3.140952e+07
9.822218e+03  9.021529e+07  0.000000e+00  0.000000e+00  8.113577e+08  0.000000e+00  0.000000e+00  4.104092e+07  3.494312e+07  3.236156e+07  3.148737e+07
9.842194e+03  9.002805e+07  0.000000e+00  0.000000e+00  8.096738e+08  0.000000e+00  0.000000e+00  4.113253e+07  3.503015e+07  3.244242e+07  3.156439e+07
9.862210e+03  8.984118e+07  0.000000e+00  0.000000e+00  8.079932e+08  0.000000e+00  0.000000e+00  4.121574e+07  3.511016e+07  3.251683e+07  3.163511e+07
9.882268e+03  8.965469e+07  0.000000e+00  0.000000e+00  8.063160e+08  0.000000e+00  0.000000e+00  4.129358e+07  3.518542e+07  3.258676e+07  3.170169e+07
9.902366e+03  8.946857e+07  0.000000e+00  0.000000e+00  8.046421e+08  0.000000e+00  0.000000e+00  4.137008e+07  3.525984e+07  3.265609e+07  3.176751e+07
9.922505e+03  8.928282e+07  0.000000e+00  0.000000e+00  8.029715e+08  0.000000e+00  0.000000e+00  4.144746e+07  3.533498e+07  3.272594e+07  3.183384e+07
9.942685e+03  8.909743e+07  0.000000e+00  0.000000e+00  8.013043e+08  0.000000e+00  0.000000e+00  4.152579e+07  3.541105e+07  3.279670e+07  3.190101e+07
9.962906e+03  8.891242e+07  0.000000e+00  0.000000e+00  7.996403e+08  0.000000e+00  0.000000e+00  4.160511e+07  3.548800e+07  3.286809e+07  3.196876e+07
9.983168e+03  8.872778e+07  0.000000e+00  0.000000e+00  7.979797e+08  0.000000e+00  0.000000e+00  4.168529e+07  3.556541e+07  3.294025e+07  3.203716e+07
1.000347e+04  8.854350e+07  0.000000e+00  0.000000e+00  7.963224e+08  0.000000e+00  0.000000e+00  4.176602e+07  3.564359e+07  3.301273e+07  3.210588e+07
1.002382e+04  8.835959e+07  0.000000e+00  0.000000e+00  7.946684e+08  0.000000e+00  0.000000e+00  4.184730e+07  3.572212e+07  3.308569e+07  3.217500e+07
1.004420e+04  8.817605e+07  0.000000e+00  0.000000e+00  7.930177e+08  0.000000e+00  0.000000e+00  4.192897e+07  3.580116e+07  3.315896e+07  3.224450e+07
1.006463e+04  8.799287e+07  0.000000e+00  0.000000e+00  7.913702e+08  0.000000e+00  0.000000e+00  4.201124e+07  3.588089e+07  3.323287e+07  3.231438e+07
1.008510e+04  8.781005e+07  0.000000e+00  0.000000e+00  7.897261e+08  0.000000e+00  0.000000e+00  4.209391e+07  3.596078e+07  3.330682e+07  3.238454e+07
1.010561e+04  8.762760e+07  0.000000e+00  0.000000e+00  7.880852e+08  0.000000e+00  0.000000e+00  4.217709e+07  3.604117e+07  3.338131e+07  3.245517e+07
1.012616e+04  8.744552e+07  0.000000e+00  0.000000e+00  7.864476e+08  0.000000e+00  0.000000e+00  4.226070e+07  3.612188e+07  3.345614e+07  3.252598e+07
1.014676e+04  8.726379e+07  0.000000e+00  0.000000e+00  7.848133e+08  0.000000e+00  0.000000e+00  4.234444e+07  3.620281e+07  3.353133e+07  3.259715e+07
1.016739e+04  8.708243e+07  0.000000e+00  0.000000e+00  7.831822e+08  0.000000e+00  0.000000e+00  4.242827e+07  3.628389e+07  3.360646e+07  3.266832e+07
1.018807e+04  8.690143e+07  0.000000e+00  0.000000e+00  7.815544e+08  0.000000e+00  0.000000e+00  4.251215e+07  3.636511e+07  3.368163e+07  3.273977e+07
1.020879e+04  8.672079e+07  0.000000e+00  0.000000e+00  7.799298e+08  0.000000e+00  0.000000e+00  4.259631e+07  3.644660e+07  3.375741e+07  3.281130e+07
1.022955e+04  8.654051e+07  0.000000e+00  0.000000e+00  7.783084e+08  0.000000e+00  0.000000e+00  4.268076e+07  3.652864e+07  3.383323e+07  3.288338e+07
1.025036e+04  8.636059e+07  0.000000e+00  0.000000e+00  7.766903e+08  0.000000e+00  0.000000e+00  4.276560e+07  3.661087e+07  3.390970e+07  3.295576e+07
1.027120e+04  8.618103e+07  0.000000e+00  0.000000e+00  7.750754e+08  0.000000e+00  0.000000e+00  4.285059e+07  3.669331e+07  3.398616e+07  3.302825e+07
1.029209e+04  8.600183e+07  0.000000e+00  0.000000e+00  7.734637e+08  0.000000e+00  0.000000e+00  4.293544e+07  3.677581e+07  3.406283e+07  3.310102e+07
1.031302e+04  8.582298e+07  0.000000e+00  0.000000e+00  7.718552e+08  0.000000e+00  0.000000e+00  4.302019e+07  3.685832e+07  3.413953e+07  3.317366e+07
1.033400e+04  8.564449e+07  0.000000e+00  0.000000e+00  7.702499e+08  0.000000e+00  0.000000e+00  4.310451e+07  3.694069e+07  3.421592e+07  3.324613e+07
1.035501e+04  8.546635e+07  0.000000e+00  0.000000e+00  7.686478e+08  0.000000e+00  0.000000e+00  4.318861e+07  3.702298e+07  3.429255e+07  3.331868e+07
1.037607e+04  8.528857e+07  0.000000e+00  0.000000e+00  7.670490e+08  0.000000e+00  0.000000e+00  4.327244e+07  3.710505e+07  3.436885e+07  3.339120e+07
1.039718e+04  8.511114e+07  0.000000e+00  0.000000e+00  7.654533e+08  0.000000e+00  0.000000e+00  4.335629e+07  3.718698e+07  3.444538e+07  3.346375e+07
1.041832e+04  8.493407e+07  0.000000e+00  0.000000e+00  7.638607e+08  0.000000e+00  0.000000e+00  4.344003e+07  3.726905e+07  3.452162e+07  3.353608e+07
1.043951e+04  8.475735e+07  0.000000e+00  0.000000e+00  7.622714e+08  0.000000e+00  0.000000e+00  4.352379e+07  3.735096e+07  3.459800e+07  3.360856e+07
1.046074e+04  8.458098e+07  0.000000e+00  0.000000e+00  7.606852e+08  0.000000e+00  0.000000e+00  4.360744e+07  3.743303e+07  3.467444e+07  3.368114e+07
1.048202e+04  8.440497e+07  0.000000e+00  0.000000e+00  7.591022e+08  0.000000e+00  0.000000e+00  4.369094e+07  3.751518e+07  3.475053e+07  3.375367e+07
1.050333e+04  8.422930e+07  0.000000e+00  0.000000e+00  7.575224e+08  0.000000e+00  0.000000e+00  4.377420e+07  3.759731e+07  3.482706e+07  3.382600e+07
1.052470e+04  8.405399e+07  0.000000e+00  0.000000e+00  7.559456e+08  0.000000e+00  0.000000e+00  4.385740e+07  3.767950e+07  3.490363e+07  3.389848e+07
1.054610e+04  8.387902e+07  0.000000e+00  0.000000e+00  7.543721e+08  0.000000e+00  0.000000e+00  4.394062e+07  3.776178e+07  3.498003e+07  3.397091e+07
1.056755e+04  8.370440e+07  0.000000e+00  0.000000e+00  7.528016e+08  0.000000e+00  0.000000e+00  4.402389e+07  3.784391e+07  3.505656e+07  3.404336e+07
1.058904e+04  8.353014e+07  0.000000e+00  0.000000e+00  7.512343e+08  0.000000e+00  0.000000e+00  4.410710e+07  3.792615e+07  3.513321e+07  3.411597e+07
1.061058e+04  8.335621e+07  0.000000e+00  0.000000e+00  7.496702e+08  0.000000e+00  0.000000e+00  4.419027e+07  3.800831e+07  3.520990e+07  3.418853e+07
1.063216e+04  8.318264e+07  0.000000e+00  0.000000e+00  7.481091e+08  0.000000e+00  0.000000e+00  4.427346e+07  3.809046e+07  3.528666e+07  3.426117e+07
1.065378e+04  8.300941e+07  0.000000e+00  0.000000e+00  7.465512e+08  0.000000e+00  0.000000e+00  4.435663e+07  3.817282e+07  3.536325e+07  3.433372e+07
1.067545e+04  8.283653e+07  0.000000e+00  0.000000e+00  7.449963e+08  0.000000e+00  0.000000e+00  4.443960e+07  3.825468e+07  3.543770e+07  3.440603e+07
1.069716e+04  8.266399e+07  0.000000e+00  0.000000e+00  7.434446e+08  0.000000e+00  0.000000e+00  4.452174e+07  3.833373e+07  3.550619e+07  3.447502e+07
1.071891e+04  8.249179e+07  0.000000e+00  0.000000e+00  7.418960e+08  0.000000e+00  0.000000e+00  4.460221e+07  3.840585e+07  3.556915e+07  3.453519e+07
1.074071e+04  8.231994e+07  0.000000e+00  0.000000e+00  7.403504e+08  0.000000e+00  0.000000e+00  4.468066e+07  3.847584e+07  3.564169e+07  3.459172e+07
1.076256e+04  8.214844e+07  0.000000e+00  0.000000e+00  7.388079e+08  0.000000e+00  0.000000e+00  4.475441e+07  3.855975e+07  3.573134e+07  3.466453e+07
1.078444e+04  8.197727e+07  0.000000e+00  0.000000e+00  7.372685e+08  0.000000e+00  0.000000e+00  4.482514e+07  3.865549e+07  3.581961e+07  3.475066e+07
1.080638e+04  8.180644e+07  0.000000e+00  0.000000e+00  7.357322e+08  0.000000e+00  0.000000e+00  4.490958e+07  3.874488e+07  3.589661e+07  3.483359e+07
1.082836e+04  8.163596e+07  0.000000e+00  0.000000e+00  7.341989e+08  0.000000e+00  0.000000e+00  4.500673e+07  3.882493e+07  3.596908e+07  3.491907e+07
1.085038e+04  8.146582e+07  0.000000e+00  0.000000e+00  7.326687e+08  0.000000e+00  0.000000e+00  4.509426e+07  3.890319e+07  3.604062e+07  3.499916e+07
1.087244e+04  8.129601e+07  0.000000e+00  0.000000e+00  7.311416e+08  0.000000e+00  0.000000e+00  4.517209e+07  3.898374e+07  3.611324e+07  3.506360e+07
1.089456e+04  8.112654e+07  0.000000e+00  0.000000e+00  7.296175e+08  0.000000e+00  0.000000e+00  4.525073e+07  3.906714e+07  3.619744e+07  3.512981e+07
1.091671e+04  8.095742e+07  0.000000e+00  0.000000e+00  7.280964e+08  0.000000e+00  0.000000e+00  4.533163e+07  3.914998e+07  3.628976e+07  3.520445e+07
1.093892e+04  8.078863e+07  0.000000e+00  0.000000e+00  7.265784e+08  0.000000e+00  0.000000e+00  4.541334e+07  3.923065e+07  3.636835e+07  3.528014e+07
1.096116e+04  8.062017e+07  0.000000e+00  0.000000e+00  7.250634e+08  0.000000e+00  0.000000e+00  4.549638e+07  3.930987e+07  3.644027e+07  3.535745e+07
1.098345e+04  8.045205e+07  0.000000e+00  0.000000e+00  7.235514e+08  0.000000e+00  0.000000e+00  4.557989e+07  3.940331e+07  3.652014e+07  3.543733e+07
1.100579e+04  8.028427e+07  0.000000e+00  0.000000e+00  7.220424e+08  0.000000e+00  0.000000e+00  4.566220e+07  3.950649e+07  3.660314e+07  3.551662e+07
1.102818e+04  8.011682e+07  0.000000e+00  0.000000e+00  7.205365e+08  0.000000e+00  0.000000e+00  4.574073e+07  3.958725e+07  3.668388e+07  3.559192e+07
1.105060e+04  7.994971e+07  0.000000e+00  0.000000e+00  7.190335e+08  0.000000e+00  0.000000e+00  4.581107e+07  3.966422e+07  3.676503e+07  3.566924e+07
1.107308e+04  7.978293e+07  0.000000e+00  0.000000e+00  7.175336e+08  0.000000e+00  0.000000e+00  4.592077e+07  3.975276e+07  3.684971e+07  3.575188e+07
1.109560e+04  7.961648e+07  0.000000e+00  0.000000e+00  7.160366e+08  0.000000e+00  0.000000e+00  4.603407e+07  3.984099e+07  3.693248e+07  3.583038e+07
1.111816e+04  7.945037e+07  0.000000e+00  0.000000e+00  7.145427e+08  0.000000e+00  0.000000e+00  4.609459e+07  3.992605e+07  3.701183e+07  3.590502e+07
1.114078e+04  7.928459e+07  0.000000e+00  0.000000e+00  7.130517e+08  0.000000e+00  0.000000e+00  4.617073e+07  4.001348e+07  3.709508e+07  3.598572e+07
1.116343e+04  7.911913e+07  0.000000e+00  0.000000e+00  7.115637e+08  0.000000e+00  0.000000e+00  4.625608e+07  4.010055e+07  3.717687e+07  3.606113e+07
1.118614e+04  7.895401e+07  0.000000e+00  0.000000e+00  7.100786e+08  0.000000e+00  0.000000e+00  4.632545e+07  4.016934e+07  3.724421e+07  3.613759e+07
1.120889e+04  7.878922e+07  0.000000e+00  0.000000e+00  7.085966e+08  0.000000e+00  0.000000e+00  4.648653e+07  4.032610e+07  3.738549e+07  3.627941e+07
1.123017e+04  7.863566e+07  0.000000e+00  0.000000e+00  7.072155e+08  0.000000e+00  0.000000e+00  4.643565e+07  4.029543e+07  3.735699e+07  3.624953e+07
1.124998e+04  7.849326e+07  0.000000e+00  0.000000e+00  7.059349e+08  0.000000e+00  0.000000e+00  4.647383e+07  4.033979e+07  3.739852e+07  3.628804e+07
1.126982e+04  7.835111e+07  0.000000e+00  0.000000e+00  7.046564e+08  0.000000e+00  0.000000e+00  4.663663e+07  4.049189e+07  3.754062e+07  3.642413e+07
1.128969e+04  7.820920e+07  0.000000e+00  0.000000e+00  7.033801e+08  0.000000e+00  0.000000e+00  4.671731e+07  4.057275e+07  3.761695e+07  3.649701e+07
1.130961e+04  7.806754e+07  0.000000e+00  0.000000e+00  7.021061e+08  0.000000e+00  0.000000e+00  4.677202e+07  4.063167e+07  3.767225e+07  3.654981e+07
1.132955e+04  7.792612e+07  0.000000e+00  0.000000e+00  7.008343e+08  0.000000e+00  0.000000e+00  4.686961e+07  4.072735e+07  3.776166e+07  3.663623e+07
1.134954e+04  7.778495e+07  0.000000e+00  0.000000e+00  6.995646e+08  0.000000e+00  0.000000e+00  4.695667e+07  4.081366e+07  3.784251e+07  3.671456e+07
1.136955e+04  7.764402e+07  0.000000e+00  0.000000e+00  6.982972e+08  0.000000e+00  0.000000e+00  4.703237e+07  4.088985e+07  3.791412e+07  3.678363e+07
1.138961e+04  7.750334e+07  0.000000e+00  0.000000e+00  6.970319e+08  0.000000e+00  0.000000e+00  4.710701e+07  4.096536e+07  3.798530e+07  3.685177e+07
1.140969e+04  7.736290e+07  0.000000e+00  0.000000e+00  6.957689e+08  0.000000e+00  0.000000e+00  4.718947e+07  4.104801e+07  3.806314e+07  3.692636e+07
1.142982e+04  7.722271e+07  0.000000e+00  0.000000e+00  6.945080e+08  0.000000e+00  0.000000e+00  4.727332e+07  4.113180e+07  3.814267e+07  3.700213e+07
1.144998e+04  7.708275e+07  0.000000e+00  0.000000e+00  6.932493e+08  0.000000e+00  0.000000e+00  4.735316e+07  4.121208e+07  3.821892e+07  3.707481e+07
1.147017e+04  7.694304e+07  0.000000e+00  0.000000e+00  6.919928e+08  0.000000e+00  0.000000e+00  4.742846e+07  4.128855e+07  3.829127e+07  3.714416e+07
1.149040e+04  7.680357e+07  0.000000e+00  0.000000e+00  6.907385e+08  0.000000e+00  0.000000e+00  4.750418e+07  4.136595e+07  3.836438e+07  3.721416e+07
1.151067e+04  7.666435e+07  0.000000e+00  0.000000e+00  6.894864e+08  0.000000e+00  0.000000e+00  4.758365e+07  4.144702e+07  3.844073e+07  3.728745e+07
1.153097e+04  7.652536e+07  0.000000e+00  0.000000e+00  6.882364e+08  0.000000e+00  0.000000e+00  4.766476e+07  4.152969e+07  3.851855e+07  3.736224e+07
1.155131e+04  7.638662e+07  0.000000e+00  0.000000e+00  6.869886e+08  0.000000e+00  0.000000e+00  4.774272e+07  4.160956e+07  3.859400e+07  3.743480e+07
1.157168e+04  7.624811e+07  0.000000e+00  0.000000e+00  6.857429e+08  0.000000e+00  0.000000e+00  4.781740e+07  4.168637e+07  3.866684e+07  3.750458e+07
1.159209e+04  7.610985e+07  0.000000e+00  0.000000e+00  6.844994e+08  0.000000e+00  0.000000e+00  4.789378e+07  4.176458e+07  3.874102e+07  3.757611e+07
1.161254e+04  7.597182e+07  0.000000e+00  0.000000e+00  6.832581e+08  0.000000e+00  0.000000e+00  4.797414e+07  4.184595e+07  3.881812e+07  3.765042e+07
1.163302e+04  7.583404e+07  0.000000e+00  0.000000e+00  6.820189e+08  0.000000e+00  0.000000e+00  4.805395e+07  4.192684e+07  3.889497e+07  3.772431e+07
1.165353e+04  7.569649e+07  0.000000e+00  0.000000e+00  6.807819e+08  0.000000e+00  0.000000e+00  4.812947e+07  4.200470e+07  3.896900e+07  3.779540e+07
1.167409e+04  7.555918e+07  0.000000e+00  0.000000e+00  6.795470e+08  0.000000e+00  0.000000e+00  4.820314e+07  4.208090e+07  3.904170e+07  3.786527e+07
1.169468e+04  7.542211e+07  0.000000e+00  0.000000e+00  6.783142e+08  0.000000e+00  0.000000e+00  4.827524e+07  4.215616e+07  3.911333e+07  3.793426e+07
1.171531e+04  7.528528e+07  0.000000e+00  0.000000e+00  6.770836e+08  0.000000e+00  0.000000e+00  4.834596e+07  4.223008e+07  3.918389e+07  3.800203e+07
1.173597e+04  7.514868e+07  0.000000e+00  0.000000e+00  6.758551e+08  0.000000e+00  0.000000e+00  4.841924e+07  4.230647e+07  3.925658e+07  3.807212e+07
1.175667e+04  7.501232e+07  0.000000e+00  0.000000e+00  6.746287e+08  0.000000e+00  0.000000e+00  4.849784e+07  4.238761e+07  3.933373e+07  3.814620e+07
1.177740e+04  7.487620e+07  0.000000e+00  0.000000e+00  6.734045e+08  0.000000e+00  0.000000e+00  4.857841e+07  4.247041e+07  3.941235e+07  3.822185e+07
1.179817e+04  7.474031e+07  0.000000e+00  0.000000e+00  6.721824e+08  0.000000e+00  0.000000e+00  4.865675e+07  4.255126e+07  3.948954e+07  3.829599e+07
1.181898e+04  7.460466e+07  0.000000e+00  0.000000e+00  6.709624e+08  0.000000e+00  0.000000e+00  4.873260e+07  4.263000e+07  3.956458e+07  3.836814e+07
1.183983e+04  7.446924e+07  0.000000e+00  0.000000e+00  6.697445e+08  0.000000e+00  0.000000e+00  4.880698e+07  4.270759e+07  3.963859e+07  3.843956e+07
1.186071e+04  7.433406e+07  0.000000e+00  0.000000e+00  6.685288e+08  0.000000e+00  0.000000e+00  4.888115e+07  4.278518e+07  3.971265e+07  3.851087e+07
1.188163e+04  7.419911e+07  0.000000e+00  0.000000e+00  6.673151e+08  0.000000e+00  0.000000e+00  4.895563e+07  4.286305e+07  3.978707e+07  3.858249e+07
1.190259e+04  7.406440e+07  0.000000e+00  0.000000e+00  6.661036e+08  0.000000e+00  0.000000e+00  4.903036e+07  4.294103e+07  3.986158e+07  3.865429e+07
1.192358e+04  7.392992e+07  0.000000e+00  0.000000e+00  6.648941e+08  0.000000e+00  0.000000e+00  4.910508e+07  4.301927e+07  3.993630e+07  3.872619e+07
1.194461e+04  7.379567e+07  0.000000e+00  0.000000e+00  6.636867e+08  0.000000e+00  0.000000e+00  4.918004e+07  4.309776e+07  4.001115e+07  3.879832e+07
1.196568e+04  7.366166e+07  0.000000e+00  0.000000e+00  6.624815e+08  0.000000e+00  0.000000e+00  4.925504e+07  4.317638e+07  4.008643e+07  3.887096e+07
1.198678e+04  7.352788e+07  0.000000e+00  0.000000e+00  6.612783e+08  0.000000e+00  0.000000e+00  4.933039e+07  4.325519e+07  4.016187e+07  3.894364e+07
1.200792e+04  7.339433e+07  0.000000e+00  0.000000e+00  6.600772e+08  0.000000e+00  0.000000e+00  4.940581e+07  4.333424e+07  4.023754e+07  3.901635e+07
1.202910e+04  7.326101e+07  0.000000e+00  0.000000e+00  6.588782e+08  0.000000e+00  0.000000e+00  4.948118e+07  4.341343e+07  4.031319e+07  3.908939e+07
1.205032e+04  7.312792e+07  0.000000e+00  0.000000e+00  6.576813e+08  0.000000e+00  0.000000e+00  4.955671e+07  4.349265e+07  4.038925e+07  3.916242e+07
1.207157e+04  7.299506e+07  0.000000e+00  0.000000e+00  6.564864e+08  0.000000e+00  0.000000e+00  4.963240e+07  4.357219e+07  4.046537e+07  3.923596e+07
1.209286e+04  7.286244e+07  0.000000e+00  0.000000e+00  6.552936e+08  0.000000e+00  0.000000e+00  4.970820e+07  4.365201e+07  4.054181e+07  3.930963e+07
1.211419e+04  7.273004e+07  0.000000e+00  0.000000e+00  6.541029e+08  0.000000e+00  0.000000e+00  4.978407e+07  4.373210e+07  4.061847e+07  3.938347e+07
1.213556e+04  7.259788e+07  0.000000e+00  0.000000e+00  6.529143e+08  0.000000e+00  0.000000e+00  4.986037e+07  4.381238e+07  4.069549e+07  3.945770e+07
1.215696e+04  7.246594e+07  0.000000e+00  0.000000e+00  6.517277e+08  0.000000e+00  0.000000e+00  4.993676e+07  4.389285e+07  4.077269e+07  3.953197e+07
1.217840e+04  7.233423e+07  0.000000e+00  0.000000e+00  6.505432e+08  0.000000e+00  0.000000e+00  5.001378e+07  4.397367e+07  4.085017e+07  3.960673e+07
1.219988e+04  7.220275e+07  0.000000e+00  0.000000e+00  6.493607e+08  0.000000e+00  0.000000e+00  5.009103e+07  4.405458e+07  4.092795e+07  3.968154e+07
1.222140e+04  7.207150e+07  0.000000e+00  0.000000e+00  6.481803e+08  0.000000e+00  0.000000e+00  5.016836e+07  4.413568e+07  4.100582e+07  3.975684e+07
1.224295e+04  7.194048e+07  0.000000e+00  0.000000e+00  6.470019e+08  0.000000e+00  0.000000e+00  5.024601e+07  4.421695e+07  4.108370e+07  3.983184e+07
1.226455e+04  7.180968e+07  0.000000e+00  0.000000e+00  6.458256e+08  0.000000e+00  0.000000e+00  5.032384e+07  4.429849e+07  4.116154e+07  3.990726e+07
1.228618e+04  7.167911e+07  0.000000e+00  0.000000e+00  6.446513e+08  0.000000e+00  0.000000e+00  5.040121e+07  4.438005e+07  4.123938e+07  3.998269e+07
1.230785e+04  7.154877e+07  0.000000e+00  0.000000e+00  6.434790e+08  0.000000e+00  0.000000e+00  5.047828e+07  4.446181e+07  4.131748e+07  4.005795e+07
1.232956e+04  7.141865e+07  0.000000e+00  0.000000e+00  6.423088e+08  0.000000e+00  0.000000e+00  5.055541e+07  4.454371e+07  4.139567e+07  4.013325e+07
1.235130e+04  7.128876e+07  0.000000e+00  0.000000e+00  6.411406e+08  0.000000e+00  0.000000e+00  5.063253e+07  4.462570e+07  4.147431e+07  4.020870e+07
1.237309e+04  7.115909e+07  0.000000e+00  0.000000e+00  6.399745e+08  0.000000e+00  0.000000e+00  5.070970e+07  4.470781e+07  4.155336e+07  4.028428e+07
1.239491e+04  7.102965e+07  0.000000e+00  0.000000e+00  6.388103e+08  0.000000e+00  0.000000e+00  5.078713e+07  4.478995e+07  4.163279e+07  4.036016e+07
1.241677e+04  7.090043e+07  0.000000e+00  0.000000e+00  6.376482e+08  0.000000e+00  0.000000e+00  5.086453e+07  4.487215e+07  4.171199e+07  4.043633e+07
1.243867e+04  7.077144e+07  0.000000e+00  0.000000e+00  6.364881e+08  0.000000e+00  0.000000e+00  5.094197e+07  4.495425e+07  4.179155e+07  4.051273e+07
1.246061e+04  7.064267e+07  0.000000e+00  0.000000e+00  6.353300e+08  0.000000e+00  0.000000e+00  5.101935e+07  4.503640e+07  4.187104e+07  4.058946e+07
1.248259e+04  7.051413e+07  0.000000e+00  0.000000e+00  6.341739e+08  0.000000e+00  0.000000e+00  5.109691e+07  4.511872e+07  4.195066e+07  4.066643e+07
1.250460e+04  7.038581e+07  0.000000e+00  0.000000e+00  6.330199e+08  0.000000e+00  0.000000e+00  5.117436e+07  4.520118e+07  4.203042e+07  4.074363e+07
1.252666e+04  7.025771e+07  0.000000e+00  0.000000e+00  6.318678e+08  0.000000e+00  0.000000e+00  5.125174e+07  4.528374e+07  4.211005e+07  4.082110e+07
1.254875e+04  7.012983e+07  0.000000e+00  0.000000e+00  6.307177e+08  0.000000e+00  0.000000e+00  5.132913e+07  4.536651e+07  4.218962e+07  4.089892e+07
1.257088e+04  7.000217e+07  0.000000e+00  0.000000e+00  6.295696e+08  0.000000e+00  0.000000e+00  5.140626e+07  4.544958e+07  4.226908e+07  4.097734e+07
1.259306e+04  6.987474e+07  0.000000e+00  0.000000e+00  6.284236e+08  0.000000e+00  0.000000e+00  5.148323e+07  4.553240e+07  4.234756e+07  4.105565e+07
1.261527e+04  6.974753e+07  0.000000e+00  0.000000e+00  6.272795e+08  0.000000e+00  0.000000e+00  5.155953e+07  4.561353e+07  4.242359e+07  4.113160e+07
1.263752e+04  6.962054e+07  0.000000e+00  0.000000e+00  6.261374e+08  0.000000e+00  0.000000e+00  5.163485e+07  4.569109e+07  4.249900e+07  4.120261e+07
1.265981e+04  6.949377e+07  0.000000e+00  0.000000e+00  6.249972e+08  0.000000e+00  0.000000e+00  5.171043e+07  4.576842e+07  4.258434e+07  4.127224e+07
1.268213e+04  6.936721e+07  0.000000e+00  0.000000e+00  6.238591e+08  0.000000e+00  0.000000e+00  5.178785e+07  4.585740e+07  4.268730e+07  4.135550e+07
1.270450e+04  6.924088e+07  0.000000e+00  0.000000e+00  6.227229e+08  0.000000e+00  0.000000e+00  5.186564e+07  4.596519e+07  4.279846e+07  4.146177e+07
1.272691e+04  6.911477e+07  0.000000e+00  0.000000e+00  6.215887e+08  0.000000e+00  0.000000e+00  5.194540e+07  4.607960e+07  4.290173e+07  4.157665e+07
1.274936e+04  6.898888e+07  0.000000e+00  0.000000e+00  6.204565e+08  0.000000e+00  0.000000e+00  5.203820e+07  4.618635e+07  4.299500e+07  4.168442e+07
1.277184e+04  6.886320e+07  0.000000e+00  0.000000e+00  6.193262e+08  0.000000e+00  0.000000e+00  5.214766e+07  4.628420e+07  4.308414e+07  4.179073e+07
1.279437e+04  6.873775e+07  0.000000e+00  0.000000e+00  6.181979e+08  0.000000e+00  0.000000e+00  5.225655e+07  4.637645e+07  4.317150e+07  4.189951e+07
1.281694e+04  6.861251e+07  0.000000e+00  0.000000e+00  6.170716e+08  0.000000e+00  0.000000e+00  5.235157e+07  4.646454e+07  4.325610e+07  4.199406e+07
1.283954e+04  6.848749e+07  0.000000e+00  0.000000e+00  6.159472e+08  0.000000e+00  0.000000e+00  5.243726e+07  4.655108e+07  4.334000e+07  4.206722e+07
1.286219e+04  6.836268e+07  0.000000e+00  0.000000e+00  6.148247e+08  0.000000e+00  0.000000e+00  5.252059e+07  4.663834e+07  4.342765e+07  4.213372e+07
1.288487e+04  6.823809e+07  0.000000e+00  0.000000e+00  6.137043e+08  0.000000e+00  0.000000e+00  5.260295e+07  4.672505e+07  4.352394e+07  4.220393e+07
1.290760e+04  6.811372e+07  0.000000e+00  0.000000e+00  6.125857e+08  0.000000e+00  0.000000e+00  5.268335e+07  4.681025e+07  4.362314e+07  4.227610e+07
1.293036e+04  6.798957e+07  0.000000e+00  0.000000e+00  6.114691e+08  0.000000e+00  0.000000e+00  5.276197e+07  4.689348e+07  4.370779e+07  4.234683e+07
1.295317e+04  6.786563e+07  0.000000e+00  0.000000e+00  6.103545e+08  0.000000e+00  0.000000e+00  5.284001e+07  4.697616e+07  4.377830e+07  4.241724e+07
1.297602e+04  6.774190e+07  0.000000e+00  0.000000e+00  6.092417e+08  0.000000e+00  0.000000e+00  5.291869e+07  4.706019e+07  4.384956e+07  4.249135e+07
1.299890e+04  6.761839e+07  0.000000e+00  0.000000e+00  6.081309e+08  0.000000e+00  0.000000e+00  5.299730e+07  4.715194e+07  4.392456e+07  4.256829e+07
1.302183e+04  6.749510e+07  0.000000e+00  0.000000e+00  6.070221e+08  0.000000e+00  0.000000e+00  5.307551e+07  4.725581e+07  4.400058e+07  4.264622e+07
1.304480e+04  6.737202e+07  0.000000e+00  0.000000e+00  6.059151e+08  0.000000e+00  0.000000e+00  5.315297e+07  4.734835e+07  4.407589e+07  4.272060e+07
1.306780e+04  6.724915e+07  0.000000e+00  0.000000e+00  6.048101e+08  0.000000e+00  0.000000e+00  5.323009e+07  4.741956e+07  4.414926e+07  4.278956e+07
1.309085e+04  6.712650e+07  0.000000e+00  0.000000e+00  6.037070e+08  0.000000e+00  0.000000e+00  5.330504e+07  4.749076e+07  4.422419e+07  4.286218e+07
1.311394e+04  6.700406e+07  0.000000e+00  0.000000e+00  6.026059e+08  0.000000e+00  0.000000e+00  5.338347e+07  4.756682e+07  4.430176e+07  4.293902e+07
1.313707e+04  6.688183e+07  0.000000e+00  0.000000e+00  6.015066e+08  0.000000e+00  0.000000e+00  5.350076e+07  4.764536e+07  4.438289e+07  4.301996e+07
1.316024e+04  6.675981e+07  0.000000e+00  0.000000e+00  6.004092e+08  0.000000e+00  0.000000e+00  5.360605e+07  4.772346e+07  4.446190e+07  4.309707e+07
1.318345e+04  6.663801e+07  0.000000e+00  0.000000e+00  5.993138e+08  0.000000e+00  0.000000e+00  5.366016e+07  4.779889e+07  4.453394e+07  4.316285e+07
1.320670e+04  6.651642e+07  0.000000e+00  0.000000e+00  5.982202e+08  0.000000e+00  0.000000e+00  5.371657e+07  4.787382e+07  4.460865e+07  4.323559e+07
1.323000e+04  6.639504e+07  0.000000e+00  0.000000e+00  5.971286e+08  0.000000e+00  0.000000e+00  5.378600e+07  4.795588e+07  4.469061e+07  4.331675e+07
1.325333e+04  6.627387e+07  0.000000e+00  0.000000e+00  5.960388e+08  0.000000e+00  0.000000e+00  5.385904e+07  4.804234e+07  4.477365e+07  4.339608e+07
1.327671e+04  6.615291e+07  0.000000e+00  0.000000e+00  5.949510e+08  0.000000e+00  0.000000e+00  5.392171e+07  4.811320e+07  4.484372e+07  4.346024e+07
1.330012e+04  6.603216e+07  0.000000e+00  0.000000e+00  5.938650e+08  0.000000e+00  0.000000e+00  5.398715e+07  4.818603e+07  4.491505e+07  4.352816e+07
1.332358e+04  6.591162e+07  0.000000e+00  0.000000e+00  5.927809e+08  0.000000e+00  0.000000e+00  5.401904e+07  4.821336e+07  4.495698e+07  4.358164e+07
1.334561e+04  6.579881e+07  0.000000e+00  0.000000e+00  5.917664e+08  0.000000e+00  0.000000e+00  5.420702e+07  4.837547e+07  4.512646e+07  4.376394e+07
1.336620e+04  6.569368e+07  0.000000e+00  0.000000e+00  5.908209e+08  0.000000e+00  0.000000e+00  5.441305e+07  4.857257e+07  4.531446e+07  4.394621e+07
1.338683e+04  6.558871e+07  0.000000e+00  0.000000e+00  5.898768e+08  0.000000e+00  0.000000e+00  5.441730e+07  4.859081e+07  4.533577e+07  4.396702e+07
1.340748e+04  6.548390e+07  0.000000e+00  0.000000e+00  5.889342e+08  0.000000e+00  0.000000e+00  5.449203e+07  4.867203e+07  4.541626e+07  4.404525e+07
1.342817e+04  6.537925e+07  0.000000e+00  0.000000e+00  5.879930e+08  0.000000e+00  0.000000e+00  5.452549e+07  4.871660e+07  4.546256e+07  4.409097e+07
1.344889e+04  6.527476e+07  0.000000e+00  0.000000e+00  5.870533e+08  0.000000e+00  0.000000e+00  5.454772e+07  4.875159e+07  4.549964e+07  4.412818e+07
1.346965e+04  6.517043e+07  0.000000e+00  0.000000e+00  5.861150e+08  0.000000e+00  0.000000e+00  5.459489e+07  4.880874e+07  4.555708e+07  4.418566e+07
1.349043e+04  6.506625e+07  0.000000e+00  0.000000e+00  5.851781e+08  0.000000e+00  0.000000e+00  5.464863e+07  4.887169e+07  4.562003e+07  4.424905e+07
1.351125e+04  6.496224e+07  0.000000e+00  0.000000e+00  5.842426e+08  0.000000e+00  0.000000e+00  5.470566e+07  4.893701e+07  4.568568e+07  4.431517e+07
1.353210e+04  6.485838e+07  0.000000e+00  0.000000e+00  5.833086e+08  0.000000e+00  0.000000e+00  5.475344e+07  4.899413e+07  4.574353e+07  4.437374e+07
1.355298e+04  6.475468e+07  0.000000e+00  0.000000e+00  5.823760e+08  0.000000e+00  0.000000e+00  5.479598e+07  4.904671e+07  4.579716e+07  4.442789e+07
1.357389e+04  6.465114e+07  0.000000e+00  0.000000e+00  5.814447e+08  0.000000e+00  0.000000e+00  5.484347e+07  4.910380e+07  4.585536e+07  4.448596e+07
1.359484e+04  6.454776e+07  0.000000e+00  0.000000e+00  5.805150e+08  0.000000e+00  0.000000e+00  5.489445e+07  4.916399e+07  4.591680e+07  4.454665e+07
1.361582e+04  6.444453e+07  0.000000e+00  0.000000e+00  5.795866e+08  0.000000e+00  0.000000e+00  5.494856e+07  4.922728e+07  4.598137e+07  4.460999e+07
1.363683e+04  6.434146e+07  0.000000e+00  0.000000e+00  5.786596e+08  0.000000e+00  0.000000e+00  5.500470e+07  4.929253e+07  4.604801e+07  4.467532e+07
1.365787e+04  6.423855e+07  0.000000e+00  0.000000e+00  5.777341e+08  0.000000e+00  0.000000e+00  5.505752e+07  4.935455e+07  4.611145e+07  4.473751e+07
1.367895e+04  6.413579e+07  0.000000e+00  0.000000e+00  5.768099e+08  0.000000e+00  0.000000e+00  5.510683e+07  4.941378e+07  4.617224e+07  4.479708e+07
1.370005e+04  6.403320e+07  0.000000e+00  0.000000e+00  5.758872e+08  0.000000e+00  0.000000e+00  5.515605e+07  4.947323e+07  4.623248e+07  4.485644e+07
1.372120e+04  6.393075e+07  0.000000e+00  0.000000e+00  5.749659e+08  0.000000e+00  0.000000e+00  5.520601e+07  4.953357e+07  4.629354e+07  4.491659e+07
1.374237e+04  6.382846e+07  0.000000e+00  0.000000e+00  5.740459e+08  0.000000e+00  0.000000e+00  5.525826e+07  4.959657e+07  4.635690e+07  4.497869e+07
1.376357e+04  6.372633e+07  0.000000e+00  0.000000e+00  5.731274e+08  0.000000e+00  0.000000e+00  5.531351e+07  4.966225e+07  4.642233e+07  4.504324e+07
1.378481e+04  6.362436e+07  0.000000e+00  0.000000e+00  5.722103e+08  0.000000e+00  0.000000e+00  5.536842e+07  4.972764e+07  4.648753e+07  4.510746e+07
1.380608e+04  6.352253e+07  0.000000e+00  0.000000e+00  5.712945e+08  0.000000e+00  0.000000e+00  5.542032e+07  4.979008e+07  4.655025e+07  4.516906e+07
1.382739e+04  6.342087e+07  0.000000e+00  0.000000e+00  5.703802e+08  0.000000e+00  0.000000e+00  5.546979e+07  4.985014e+07  4.661054e+07  4.522864e+07
1.384873e+04  6.331936e+07  0.000000e+00  0.000000e+00  5.694672e+08  0.000000e+00  0.000000e+00  5.551902e+07  4.990937e+07  4.667039e+07  4.528772e+07
1.387010e+04  6.321800e+07  0.000000e+00  0.000000e+00  5.685557e+08  0.000000e+00  0.000000e+00  5.557079e+07  4.997053e+07  4.673184e+07  4.534845e+07
1.389150e+04  6.311679e+07  0.000000e+00  0.000000e+00  5.676455e+08  0.000000e+00  0.000000e+00  5.562595e+07  5.003438e+07  4.679615e+07  4.541193e+07
1.391293e+04  6.301575e+07  0.000000e+00  0.000000e+00  5.667367e+08  0.000000e+00  0.000000e+00  5.568110e+07  5.009820e+07  4.686012e+07  4.547535e+07
1.393440e+04  6.291485e+07  0.000000e+00  0.000000e+00  5.658293e+08  0.000000e+00  0.000000e+00  5.573289e+07  5.015918e+07  4.692179e+07  4.553601e+07
1.395591e+04  6.281411e+07  0.000000e+00  0.000000e+00  5.649232e+08  0.000000e+00  0.000000e+00  5.578154e+07  5.021739e+07  4.698088e+07  4.559449e+07
1.397744e+04  6.271352e+07  0.000000e+00  0.000000e+00  5.640186e+08  0.000000e+00  0.000000e+00  5.583028e+07  5.027614e+07  4.704040e+07  4.565311e+07
1.399901e+04  6.261308e+07  0.000000e+00  0.000000e+00  5.631153e+08  0.000000e+00  0.000000e+00  5.587993e+07  5.033560e+07  4.710070e+07  4.571266e+07
1.402061e+04  6.251280e+07  0.000000e+00  0.000000e+00  5.622134e+08  0.000000e+00  0.000000e+00  5.592834e+07  5.039405e+07  4.715984e+07  4.577117e+07
1.404225e+04  6.241267e+07  0.000000e+00  0.000000e+00  5.613129e+08  0.000000e+00  0.000000e+00  5.597568e+07  5.045170e+07  4.721843e+07  4.582890e+07
1.406391e+04  6.231269e+07  0.000000e+00  0.000000e+00  5.604137e+08  0.000000e+00  0.000000e+00  5.602635e+07  5.051255e+07  4.727945e+07  4.588913e+07
1.408562e+04  6.221287e+07  0.000000e+00  0.000000e+00  5.595159e+08  0.000000e+00  0.000000e+00  5.608365e+07  5.057922e+07  4.734651e+07  4.595497e+07
1.410735e+04  6.211319e+07  0.000000e+00  0.000000e+00  5.586195e+08  0.000000e+00  0.000000e+00  5.614616e+07  5.065057e+07  4.741771e+07  4.602508e+07
1.412912e+04  6.201367e+07  0.000000e+00  0.000000e+00  5.577245e+08  0.000000e+00  0.000000e+00  5.620994e+07  5.072322e+07  4.748997e+07  4.609615e+07
1.415092e+04  6.191430e+07  0.000000e+00  0.000000e+00  5.568308e+08  0.000000e+00  0.000000e+00  5.627252e+07  5.079488e+07  4.756154e+07  4.616632e+07
1.417276e+04  6.181508e+07  0.000000e+00  0.000000e+00  5.559384e+08  0.000000e+00  0.000000e+00  5.633332e+07  5.086486e+07  4.763163e+07  4.623531e+07
1.419463e+04  6.171601e+07  0.000000e+00  0.000000e+00  5.550475e+08  0.000000e+00  0.000000e+00  5.639280e+07  5.093384e+07  4.770060e+07  4.630331e+07
1.421653e+04  6.161710e+07  0.000000e+00  0.000000e+00  5.541578e+08  0.000000e+00  0.000000e+00  5.645128e+07  5.100185e+07  4.776909e+07  4.637057e+07
1.423847e+04  6.151833e+07  0.000000e+00  0.000000e+00  5.532696e+08  0.000000e+00  0.000000e+00  5.650913e+07  5.106924e+07  4.783684e+07  4.643734e+07
1.426044e+04  6.141971e+07  0.000000e+00  0.000000e+00  5.523827e+08  0.000000e+00  0.000000e+00  5.656630e+07  5.113638e+07  4.790416e+07  4.650379e+07
1.428245e+04  6.132125e+07  0.000000e+00  0.000000e+00  5.514971e+08  0.000000e+00  0.000000e+00  5.662307e+07  5.120287e+07  4.797127e+07  4.657007e+07
1.430449e+04  6.122293e+07  0.000000e+00  0.000000e+00  5.506129e+08  0.000000e+00  0.000000e+00  5.667910e+07  5.126925e+07  4.803795e+07  4.663607e+07
1.432656e+04  6.112476e+07  0.000000e+00  0.000000e+00  5.497300e+08  0.000000e+00  0.000000e+00  5.673488e+07  5.133506e+07  4.810456e+07  4.670164e+07
1.434867e+04  6.102675e+07  0.000000e+00  0.000000e+00  5.488485e+08  0.000000e+00  0.000000e+00  5.678997e+07  5.140059e+07  4.817054e+07  4.676708e+07
1.437081e+04  6.092888e+07  0.000000e+00  0.000000e+00  5.479683e+08  0.000000e+00  0.000000e+00  5.684482e+07  5.146581e+07  4.823644e+07  4.683228e+07
1.439298e+04  6.083116e+07  0.000000e+00  0.000000e+00  5.470895e+08  0.000000e+00  0.000000e+00  5.689900e+07  5.153049e+07  4.830201e+07  4.689721e+07
1.441519e+04  6.073359e+07  0.000000e+00  0.000000e+00  5.462120e+08  0.000000e+00  0.000000e+00  5.695315e+07  5.159495e+07  4.836754e+07  4.696206e+07
1.443744e+04  6.063617e+07  0.000000e+00  0.000000e+00  5.453358e+08  0.000000e+00  0.000000e+00  5.700681e+07  5.165915e+07  4.843282e+07  4.702654e+07
1.445972e+04  6.053890e+07  0.000000e+00  0.000000e+00  5.444610e+08  0.000000e+00  0.000000e+00  5.706009e+07  5.172301e+07  4.849777e+07  4.709096e+07
1.448203e+04  6.044177e+07  0.000000e+00  0.000000e+00  5.435875e+08  0.000000e+00  0.000000e+00  5.711287e+07  5.178670e+07  4.856262e+07  4.715524e+07
1.450438e+04  6.034479e+07  0.000000e+00  0.000000e+00  5.427153e+08  0.000000e+00  0.000000e+00  5.716551e+07  5.185019e+07  4.862703e+07  4.721927e+07
1.452676e+04  6.024796e+07  0.000000e+00  0.000000e+00  5.418444e+08  0.000000e+00  0.000000e+00  5.721772e+07  5.191321e+07  4.869132e+07  4.728305e+07
1.454917e+04  6.015128e+07  0.000000e+00  0.000000e+00  5.409749e+08  0.000000e+00  0.000000e+00  5.726945e+07  5.197615e+07  4.875534e+07  4.734676e+07
1.457163e+04  6.005475e+07  0.000000e+00  0.000000e+00  5.401067e+08  0.000000e+00  0.000000e+00  5.732101e+07  5.203894e+07  4.881941e+07  4.741022e+07
1.459411e+04  5.995836e+07  0.000000e+00  0.000000e+00  5.392399e+08  0.000000e+00  0.000000e+00  5.737227e+07  5.210142e+07  4.888311e+07  4.747355e+07
1.461663e+04  5.986212e+07  0.000000e+00  0.000000e+00  5.383743e+08  0.000000e+00  0.000000e+00  5.742323e+07  5.216353e+07  4.894630e+07  4.753659e+07
1.463919e+04  5.976602e+07  0.000000e+00  0.000000e+00  5.375101e+08  0.000000e+00  0.000000e+00  5.747364e+07  5.222539e+07  4.900958e+07  4.759955e+07
1.466178e+04  5.967008e+07  0.000000e+00  0.000000e+00  5.366472e+08  0.000000e+00  0.000000e+00  5.752379e+07  5.228710e+07  4.907259e+07  4.766203e+07
1.468440e+04  5.957427e+07  0.000000e+00  0.000000e+00  5.357856e+08  0.000000e+00  0.000000e+00  5.757345e+07  5.234848e+07  4.913554e+07  4.772437e+07
1.470706e+04  5.947862e+07  0.000000e+00  0.000000e+00  5.349253e+08  0.000000e+00  0.000000e+00  5.762289e+07  5.240959e+07  4.919785e+07  4.778637e+07
1.472975e+04  5.938311e+07  0.000000e+00  0.000000e+00  5.340663e+08  0.000000e+00  0.000000e+00  5.767207e+07  5.247016e+07  4.926023e+07  4.784788e+07
1.475248e+04  5.928774e+07  0.000000e+00  0.000000e+00  5.332086e+08  0.000000e+00  0.000000e+00  5.772081e+07  5.253074e+07  4.932234e+07  4.790941e+07
1.477525e+04  5.919252e+07  0.000000e+00  0.000000e+00  5.323523e+08  0.000000e+00  0.000000e+00  5.776902e+07  5.259074e+07  4.938378e+07  4.797065e+07
1.479805e+04  5.909745e+07  0.000000e+00  0.000000e+00  5.314972e+08  0.000000e+00  0.000000e+00  5.781698e+07  5.265038e+07  4.944515e+07  4.803148e+07
1.482088e+04  5.900252e+07  0.000000e+00  0.000000e+00  5.306435e+08  0.000000e+00  0.000000e+00  5.786439e+07  5.270961e+07  4.950531e+07  4.809198e+07
1.484375e+04  5.890774e+07  0.000000e+00  0.000000e+00  5.297910e+08  0.000000e+00  0.000000e+00  5.791124e+07  5.276826e+07  4.956401e+07  4.815164e+07
1.486666e+04  5.881309e+07  0.000000e+00  0.000000e+00  5.289398e+08  0.000000e+00  0.000000e+00  5.795732e+07  5.282562e+07  4.962074e+07  4.820984e+07
1.488960e+04  5.871860e+07  0.000000e+00  0.000000e+00  5.280900e+08  0.000000e+00  0.000000e+00  5.800287e+07  5.288118e+07  4.967693e+07  4.826595e+07
1.491258e+04  5.862425e+07  0.000000e+00  0.000000e+00  5.272414e+08  0.000000e+00  0.000000e+00  5.804863e+07  5.293621e+07  4.973694e+07  4.832141e+07
1.493559e+04  5.853004e+07  0.000000e+00  0.000000e+00  5.263941e+08  0.000000e+00  0.000000e+00  5.809494e+07  5.299377e+07  4.980092e+07  4.837996e+07
1.495863e+04  5.843597e+07  0.000000e+00  0.000000e+00  5.255482e+08  0.000000e+00  0.000000e+00  5.814016e+07  5.305462e+07  4.986362e+07  4.844274e+07
1.498172e+04  5.834205e+07  0.000000e+00  0.000000e+00  5.247035e+08  0.000000e+00  0.000000e+00  5.818141e+07  5.311432e+07  4.992045e+07  4.850429e+07
1.500483e+04  5.824827e+07  0.000000e+00  0.000000e+00  5.238601e+08  0.000000e+00  0.000000e+00  5.822045e+07  5.316834e+07  4.997272e+07  4.855836e+07
1.502799e+04  5.815464e+07  0.000000e+00  0.000000e+00  5.230180e+08  0.000000e+00  0.000000e+00  5.826237e+07  5.321875e+07  5.002485e+07  4.860751e+07
1.505118e+04  5.806114e+07  0.000000e+00  0.000000e+00  5.221771e+08  0.000000e+00  0.000000e+00  5.830849e+07  5.326930e+07  5.007887e+07  4.865799e+07
1.507440e+04  5.796779e+07  0.000000e+00  0.000000e+00  5.213376e+08  0.000000e+00  0.000000e+00  5.835278e+07  5.332057e+07  5.013362e+07  4.871371e+07
1.509767e+04  5.787458e+07  0.000000e+00  0.000000e+00  5.204993e+08  0.000000e+00  0.000000e+00  5.839071e+07  5.337166e+07  5.018797e+07  4.877050e+07
1.512096e+04  5.778152e+07  0.000000e+00  0.000000e+00  5.196623e+08  0.000000e+00  0.000000e+00  5.842564e+07  5.342290e+07  5.024179e+07  4.882240e+07
1.514430e+04  5.768859e+07  0.000000e+00  0.000000e+00  5.188266e+08  0.000000e+00  0.000000e+00  5.846186e+07  5.347569e+07  5.029615e+07  4.887080e+07
1.516766e+04  5.759581e+07  0.000000e+00  0.000000e+00  5.179921e+08  0.000000e+00  0.000000e+00  5.850054e+07  5.353021e+07  5.035145e+07  4.892280e+07
1.519107e+04  5.750317e+07  0.000000e+00  0.000000e+00  5.171589e+08  0.000000e+00  0.000000e+00  5.854034e+07  5.358522e+07  5.040746e+07  4.898027e+07
1.521451e+04  5.741067e+07  0.000000e+00  0.000000e+00  5.163270e+08  0.000000e+00  0.000000e+00  5.858029e+07  5.363973e+07  5.046516e+07  4.903963e+07
1.523799e+04  5.731831e+07  0.000000e+00  0.000000e+00  5.154964e+08  0.000000e+00  0.000000e+00  5.861990e+07  5.369335e+07  5.052479e+07  4.909877e+07
1.526150e+04  5.722609e+07  0.000000e+00  0.000000e+00  5.146670e+08  0.000000e+00  0.000000e+00  5.865972e+07  5.374652e+07  5.058175e+07  4.915647e+07
1.528505e+04  5.713401e+07  0.000000e+00  0.000000e+00  5.138389e+08  0.000000e+00  0.000000e+00  5.869988e+07  5.379952e+07  5.063342e+07  4.921293e+07
1.530864e+04  5.704208e+07  0.000000e+00  0.000000e+00  5.130121e+08  0.000000e+00  0.000000e+00  5.874013e+07  5.385284e+07  5.068570e+07  4.927031e+07
1.533226e+04  5.695028e+07  0.000000e+00  0.000000e+00  5.121865e+08  0.000000e+00  0.000000e+00  5.878095e+07  5.390647e+07  5.074275e+07  4.932997e+07
1.535592e+04  5.685862e+07  0.000000e+00  0.000000e+00  5.113622e+08  0.000000e+00  0.000000e+00  5.882170e+07  5.395945e+07  5.080221e+07  4.938972e+07
1.537962e+04  5.676710e+07  0.000000e+00  0.000000e+00  5.105391e+08  0.000000e+00  0.000000e+00  5.886175e+07  5.401323e+07  5.086110e+07  4.944780e+07
1.540335e+04  5.667573e+07  0.000000e+00  0.000000e+00  5.097173e+08  0.000000e+00  0.000000e+00  5.890129e+07  5.407232e+07  5.091972e+07  4.950591e+07
1.542712e+04  5.658449e+07  0.000000e+00  0.000000e+00  5.088967e+08  0.000000e+00  0.000000e+00  5.894052e+07  5.412907e+07  5.097758e+07  4.956331e+07
1.545092e+04  5.649339e+07  0.000000e+00  0.000000e+00  5.080774e+08  0.000000e+00  0.000000e+00  5.897921e+07  5.417680e+07  5.103403e+07  4.961784e+07
1.547477e+04  5.640243e+07  0.000000e+00  0.000000e+00  5.072593e+08  0.000000e+00  0.000000e+00  5.901732e+07  5.422417e+07  5.109009e+07  4.967226e+07
1.549864e+04  5.631160e+07  0.000000e+00  0.000000e+00  5.064425e+08  0.000000e+00  0.000000e+00  5.905447e+07  5.427783e+07  5.114797e+07  4.973109e+07
1.552256e+04  5.622092e+07  0.000000e+00  0.000000e+00  5.056269e+08  0.000000e+00  0.000000e+00  5.908902e+07  5.433381e+07  5.120663e+07  4.979102e+07
1.554651e+04  5.613038e+07  0.000000e+00  0.000000e+00  5.048126e+08  0.000000e+00  0.000000e+00  5.912479e+07  5.438920e+07  5.126356e+07  4.984775e+07
1.557050e+04  5.603997e+07  0.000000e+00  0.000000e+00  5.039995e+08  0.000000e+00  0.000000e+00  5.917732e+07  5.444464e+07  5.132174e+07  4.990654e+07
1.559453e+04  5.594970e+07  0.000000e+00  0.000000e+00  5.031877e+08  0.000000e+00  0.000000e+00  5.922456e+07  5.449895e+07  5.137855e+07  4.996359e+07
1.561859e+04  5.585957e+07  0.000000e+00  0.000000e+00  5.023771e+08  0.000000e+00  0.000000e+00  5.924607e+07  5.455080e+07  5.143099e+07  5.001356e+07
1.564269e+04  5.576957e+07  0.000000e+00  0.000000e+00  5.015677e+08  0.000000e+00  0.000000e+00  5.927318e+07  5.460308e+07  5.148494e+07  5.006561e+07
1.566683e+04  5.567972e+07  0.000000e+00  0.000000e+00  5.007596e+08  0.000000e+00  0.000000e+00  5.931227e+07  5.465623e+07  5.154311e+07  5.012673e+07
1.569101e+04  5.559000e+07  0.000000e+00  0.000000e+00  4.999527e+08  0.000000e+00  0.000000e+00  5.935140e+07  5.470783e+07  5.159856e+07  5.018308e+07
1.571522e+04  5.550041e+07  0.000000e+00  0.000000e+00  4.991470e+08  0.000000e+00  0.000000e+00  5.939670e+07  5.476842e+07  5.165987e+07  5.024432e+07
1.573947e+04  5.541097e+07  0.000000e+00  0.000000e+00  4.983426e+08  0.000000e+00  0.000000e+00  5.943516e+07  5.482080e+07  5.171456e+07  5.029840e+07
1.576376e+04  5.532166e+07  0.000000e+00  0.000000e+00  4.975393e+08  0.000000e+00  0.000000e+00  5.946573e+07  5.486341e+07  5.176080e+07  5.033926e+07
1.578808e+04  5.523248e+07  0.000000e+00  0.000000e+00  4.967373e+08  0.000000e+00  0.000000e+00  5.949685e+07  5.490748e+07  5.180917e+07  5.039264e+07
1.581245e+04  5.514344e+07  0.000000e+00  0.000000e+00  4.959366e+08  0.000000e+00  0.000000e+00  5.958325e+07  5.501538e+07  5.190846e+07  5.047890e+07
1.583685e+04  5.505454e+07  0.000000e+00  0.000000e+00  4.951370e+08  0.000000e+00  0.000000e+00  5.969860e+07  5.514801e+07  5.203001e+07  5.058172e+07
1.585992e+04  5.497071e+07  0.000000e+00  0.000000e+00  4.943830e+08  0.000000e+00  0.000000e+00  5.977048e+07  5.523215e+07  5.211211e+07  5.065776e+07
1.588168e+04  5.489191e+07  0.000000e+00  0.000000e+00  4.936744e+08  0.000000e+00  0.000000e+00  5.962719e+07  5.511688e+07  5.200860e+07  5.055813e+07
1.590346e+04  5.481322e+07  0.000000e+00  0.000000e+00  4.929667e+08  0.000000e+00  0.000000e+00  5.957488e+07  5.508483e+07  5.198342e+07  5.053443e+07
1.592527e+04  5.473464e+07  0.000000e+00  0.000000e+00  4.922599e+08  0.000000e+00  0.000000e+00  5.963685e+07  5.515771e+07  5.205724e+07  5.060681e+07
1.594711e+04  5.465616e+07  0.000000e+00  0.000000e+00  4.915542e+08  0.000000e+00  0.000000e+00  5.968745e+07  5.522046e+07  5.212109e+07  5.066987e+07
1.596899e+04  5.457779e+07  0.000000e+00  0.000000e+00  4.908493e+08  0.000000e+00  0.000000e+00  5.973019e+07  5.527579e+07  5.217839e+07  5.072641e+07
1.599089e+04  5.449953e+07  0.000000e+00  0.000000e+00  4.901455e+08  0.000000e+00  0.000000e+00  5.975601e+07  5.531575e+07  5.222081e+07  5.076838e+07
1.601282e+04  5.442137e+07  0.000000e+00  0.000000e+00  4.894425e+08  0.000000e+00  0.000000e+00  5.978610e+07  5.535959e+07  5.226663e+07  5.081363e+07
1.603478e+04  5.434332e+07  0.000000e+00  0.000000e+00  4.887406e+08  0.000000e+00  0.000000e+00  5.982831e+07  5.541415e+07  5.232293e+07  5.086926e+07
1.605677e+04  5.426537e+07  0.000000e+00  0.000000e+00  4.880396e+08  0.000000e+00  0.000000e+00  5.986646e+07  5.546514e+07  5.237573e+07  5.092147e+07
1.607880e+04  5.418753e+07  0.000000e+00  0.000000e+00  4.873395e+08  0.000000e+00  0.000000e+00  5.990515e+07  5.551684e+07  5.242930e+07  5.097411e+07
1.610085e+04  5.410980e+07  0.000000e+00  0.000000e+00  4.866404e+08  0.000000e+00  0.000000e+00  5.994435e+07  5.556856e+07  5.248305e+07  5.102703e+07
1.612293e+04  5.403217e+07  0.000000e+00  0.000000e+00  4.859422e+08  0.000000e+00  0.000000e+00  5.997737e+07  5.561481e+07  5.253139e+07  5.107477e+07
1.614504e+04  5.395464e+07  0.000000e+00  0.000000e+00  4.852450e+08  0.000000e+00  0.000000e+00  6.000637e+07  5.565747e+07  5.257651e+07  5.111926e+07
1.616719e+04  5.387722e+07  0.000000e+00  0.000000e+00  4.845487e+08  0.000000e+00  0.000000e+00  6.003894e+07  5.570345e+07  5.262449e+07  5.116633e+07
1.618936e+04  5.379991e+07  0.000000e+00  0.000000e+00  4.838534e+08  0.000000e+00  0.000000e+00  6.007377e+07  5.575128e+07  5.267454e+07  5.121564e+07
1.621156e+04  5.372270e+07  0.000000e+00  0.000000e+00  4.831590e+08  0.000000e+00  0.000000e+00  6.010691e+07  5.579776e+07  5.272292e+07  5.126317e+07
1.623380e+04  5.364560e+07  0.000000e+00  0.000000e+00  4.824656e+08  0.000000e+00  0.000000e+00  6.013987e+07  5.584405e+07  5.277156e+07  5.131077e+07
1.625606e+04  5.356860e+07  0.000000e+00  0.000000e+00  4.817731e+08  0.000000e+00  0.000000e+00  6.017424e+07  5.589155e+07  5.282116e+07  5.135969e+07
1.627836e+04  5.349170e+07  0.000000e+00  0.000000e+00  4.810815e+08  0.000000e+00  0.000000e+00  6.020812e+07  5.593872e+07  5.287035e+07  5.140829e+07
1.630069e+04  5.341491e+07  0.000000e+00  0.000000e+00  4.803909e+08  0.000000e+00  0.000000e+00  6.023952e+07  5.598344e+07  5.291742e+07  5.145473e+07
1.632304e+04  5.333823e+07  0.000000e+00  0.000000e+00  4.797012e+08  0.000000e+00  0.000000e+00  6.026914e+07  5.602662e+07  5.296266e+07  5.149954e+07
1.634543e+04  5.326164e+07  0.000000e+00  0.000000e+00  4.790125e+08  0.000000e+00  0.000000e+00  6.029915e+07  5.607004e+07  5.300832e+07  5.154456e+07
1.636785e+04  5.318517e+07  0.000000e+00  0.000000e+00  4.783247e+08  0.000000e+00  0.000000e+00  6.032990e+07  5.611402e+07  5.305463e+07  5.159045e+07
1.639030e+04  5.310879e+07  0.000000e+00  0.000000e+00  4.776378e+08  0.000000e+00  0.000000e+00  6.035981e+07  5.615761e+07  5.310035e+07  5.163570e+07
1.641278e+04  5.303252e+07  0.000000e+00  0.000000e+00  4.769518e+08  0.000000e+00  0.000000e+00  6.038986e+07  5.620103e+07  5.314597e+07  5.168087e+07
1.643529e+04  5.295635e+07  0.000000e+00  0.000000e+00  4.762668e+08  0.000000e+00  0.000000e+00  6.042073e+07  5.624550e+07  5.319270e+07  5.172719e+07
1.645783e+04  5.288029e+07  0.000000e+00  0.000000e+00  4.755827e+08  0.000000e+00  0.000000e+00  6.045269e+07  5.629057e+07  5.324006e+07  5.177401e+07
1.648040e+04  5.280433e+07  0.000000e+00  0.000000e+00  4.748996e+08  0.000000e+00  0.000000e+00  6.048322e+07  5.633461e+07  5.328645e+07  5.181975e+07
1.650301e+04  5.272847e+07  0.000000e+00  0.000000e+00  4.742173e+08  0.000000e+00  0.000000e+00  6.051235e+07  5.637716e+07  5.333148e+07  5.186443e+07
1.652564e+04  5.265271e+07  0.000000e+00  0.000000e+00  4.735360e+08  0.000000e+00  0.000000e+00  6.054077e+07  5.641893e+07  5.337582e+07  5.190825e+07
1.654830e+04  5.257706e+07  0.000000e+00  0.000000e+00  4.728556e+08  0.000000e+00  0.000000e+00  6.056853e+07  5.646049e+07  5.341986e+07  5.195183e+07
1.657100e+04  5.250151e+07  0.000000e+00  0.000000e+00  4.721762e+08  0.000000e+00  0.000000e+00  6.059624e+07  5.650163e+07  5.346351e+07  5.199505e+07
1.659373e+04  5.242606e+07  0.000000e+00  0.000000e+00  4.714976e+08  0.000000e+00  0.000000e+00  6.062407e+07  5.654298e+07  5.350761e+07  5.203878e+07
1.661649e+04  5.235072e+07  0.000000e+00  0.000000e+00  4.708200e+08  0.000000e+00  0.000000e+00  6.065345e+07  5.658554e+07  5.355266e+07  5.208331e+07
1.663928e+04  5.227548e+07  0.000000e+00  0.000000e+00  4.701433e+08  0.000000e+00  0.000000e+00  6.068350e+07  5.662911e+07  5.359872e+07  5.212884e+07
1.666210e+04  5.220034e+07  0.000000e+00  0.000000e+00  4.694675e+08  0.000000e+00  0.000000e+00  6.071338e+07  5.667227e+07  5.364433e+07  5.217393e+07
1.668495e+04  5.212530e+07  0.000000e+00  0.000000e+00  4.687927e+08  0.000000e+00  0.000000e+00  6.074153e+07  5.671387e+07  5.368842e+07  5.221760e+07
1.670784e+04  5.205036e+07  0.000000e+00  0.000000e+00  4.681187e+08  0.000000e+00  0.000000e+00  6.076774e+07  5.675394e+07  5.373113e+07  5.225980e+07
1.673075e+04  5.197553e+07  0.000000e+00  0.000000e+00  4.674457e+08  0.000000e+00  0.000000e+00  6.079336e+07  5.679335e+07  5.377318e+07  5.230159e+07
1.675370e+04  5.190079e+07  0.000000e+00  0.000000e+00  4.667736e+08  0.000000e+00  0.000000e+00  6.081978e+07  5.683342e+07  5.381584e+07  5.234392e+07
1.677668e+04  5.182616e+07  0.000000e+00  0.000000e+00  4.661024e+08  0.000000e+00  0.000000e+00  6.084735e+07  5.687469e+07  5.385955e+07  5.238722e+07
1.679968e+04  5.175163e+07  0.000000e+00  0.000000e+00  4.654321e+08  0.000000e+00  0.000000e+00  6.087513e+07  5.691620e+07  5.390354e+07  5.243061e+07
1.682273e+04  5.167720e+07  0.000000e+00  0.000000e+00  4.647627e+08  0.000000e+00  0.000000e+00  6.090095e+07  5.695598e+07  5.394580e+07  5.247250e+07
1.684580e+04  5.160287e+07  0.000000e+00  0.000000e+00  4.640942e+08  0.000000e+00  0.000000e+00  6.092481e+07  5.699379e+07  5.398608e+07  5.251276e+07
1.686890e+04  5.152865e+07  0.000000e+00  0.000000e+00  4.634266e+08  0.000000e+00  0.000000e+00  6.094808e+07  5.703102e+07  5.402599e+07  5.255216e+07
1.689204e+04  5.145452e+07  0.000000e+00  0.000000e+00  4.627600e+08  0.000000e+00  0.000000e+00  6.097291e+07  5.706954e+07  5.406716e+07  5.259303e+07
1.691521e+04  5.138049e+07  0.000000e+00  0.000000e+00  4.620942e+08  0.000000e+00  0.000000e+00  6.099942e+07  5.710968e+07  5.410984e+07  5.263536e+07
1.693841e+04  5.130657e+07  0.000000e+00  0.000000e+00  4.614294e+08  0.000000e+00  0.000000e+00  6.102583e+07  5.714991e+07  5.415259e+07  5.267746e+07
1.696164e+04  5.123274e+07  0.000000e+00  0.000000e+00  4.607654e+08  0.000000e+00  0.000000e+00  6.105117e+07  5.718891e+07  5.419423e+07  5.271865e+07
1.698490e+04  5.115902e+07  0.000000e+00  0.000000e+00  4.601024e+08  0.000000e+00  0.000000e+00  6.107471e+07  5.722631e+07  5.423430e+07  5.275832e+07
1.700820e+04  5.108539e+07  0.000000e+00  0.000000e+00  4.594402e+08  0.000000e+00  0.000000e+00  6.109697e+07  5.726225e+07  5.427314e+07  5.279673e+07
1.703152e+04  5.101187e+07  0.000000e+00  0.000000e+00  4.587790e+08  0.000000e+00  0.000000e+00  6.111820e+07  5.729751e+07  5.431131e+07  5.283473e+07
1.705488e+04  5.093844e+07  0.000000e+00  0.000000e+00  4.581186e+08  0.000000e+00  0.000000e+00  6.113916e+07  5.733224e+07  5.434891e+07  5.287185e+07
1.707827e+04  5.086512e+07  0.000000e+00  0.000000e+00  4.574591e+08  0.000000e+00  0.000000e+00  6.115981e+07  5.736678e+07  5.438633e+07  5.290907e+07
1.710170e+04  5.079189e+07  0.000000e+00  0.000000e+00  4.568006e+08  0.000000e+00  0.000000e+00  6.118024e+07  5.740108e+07  5.442353e+07  5.294614e+07
1.712515e+04  5.071877e+07  0.000000e+00  0.000000e+00  4.561429e+08  0.000000e+00  0.000000e+00  6.120027e+07  5.743514e+07  5.446055e+07  5.298277e+07
1.714864e+04  5.064574e+07  0.000000e+00  0.000000e+00  4.554861e+08  0.000000e+00  0.000000e+00  6.122056e+07  5.746911e+07  5.449749e+07  5.301961e+07
1.717216e+04  5.057281e+07  0.000000e+00  0.000000e+00  4.548303e+08  0.000000e+00  0.000000e+00  6.124055e+07  5.750309e+07  5.453434e+07  5.305603e+07
1.719571e+04  5.049998e+07  0.000000e+00  0.000000e+00  4.541753e+08  0.000000e+00  0.000000e+00  6.126042e+07  5.753680e+07  5.457098e+07  5.309245e+07
1.721930e+04  5.042725e+07  0.000000e+00  0.000000e+00  4.535212e+08  0.000000e+00  0.000000e+00  6.128015e+07  5.757049e+07  5.460754e+07  5.312885e+07
1.724291e+04  5.035462e+07  0.000000e+00  0.000000e+00  4.528679e+08  0.000000e+00  0.000000e+00  6.129989e+07  5.760386e+07  5.464373e+07  5.316481e+07
1.726656e+04  5.028209e+07  0.000000e+00  0.000000e+00  4.522156e+08  0.000000e+00  0.000000e+00  6.131923e+07  5.763701e+07  5.467993e+07  5.320061e+07
1.729024e+04  5.020965e+07  0.000000e+00  0.000000e+00  4.515642e+08  0.000000e+00  0.000000e+00  6.133849e+07  5.767005e+07  5.471565e+07  5.323650e+07
1.731396e+04  5.013732e+07  0.000000e+00  0.000000e+00  4.509136e+08  0.000000e+00  0.000000e+00  6.135751e+07  5.770286e+07  5.475135e+07  5.327198e+07
1.733771e+04  5.006508e+07  0.000000e+00  0.000000e+00  4.502639e+08  0.000000e+00  0.000000e+00  6.137611e+07  5.773551e+07  5.478663e+07  5.330737e+07
1.736148e+04  4.999294e+07  0.000000e+00  0.000000e+00  4.496152e+08  0.000000e+00  0.000000e+00  6.139491e+07  5.776797e+07  5.482192e+07  5.334282e+07
1.738530e+04  4.992090e+07  0.000000e+00  0.000000e+00  4.489672e+08  0.000000e+00  0.000000e+00  6.141346e+07  5.780030e+07  5.485709e+07  5.337793e+07
1.740914e+04  4.984896e+07  0.000000e+00  0.000000e+00  4.483202e+08  0.000000e+00  0.000000e+00  6.143190e+07  5.783233e+07  5.489191e+07  5.341265e+07
1.743302e+04  4.977711e+07  0.000000e+00  0.000000e+00  4.476741e+08  0.000000e+00  0.000000e+00  6.144980e+07  5.786407e+07  5.492599e+07  5.344737e+07
1.745693e+04  4.970536e+07  0.000000e+00  0.000000e+00  4.470288e+08  0.000000e+00  0.000000e+00  6.146733e+07  5.789514e+07  5.495894e+07  5.348113e+07
1.748087e+04  4.963371e+07  0.000000e+00  0.000000e+00  4.463844e+08  0.000000e+00  0.000000e+00  6.148421e+07  5.792533e+07  5.499080e+07  5.351360e+07
1.750485e+04  4.956216e+07  0.000000e+00  0.000000e+00  4.457409e+08  0.000000e+00  0.000000e+00  6.150065e+07  5.795417e+07  5.502272e+07  5.354486e+07
1.752885e+04  4.949070e+07  0.000000e+00  0.000000e+00  4.450982e+08  0.000000e+00  0.000000e+00  6.151709e+07  5.798230e+07  5.505655e+07  5.357525e+07
1.755290e+04  4.941934e+07  0.000000e+00  0.000000e+00  4.444565e+08  0.000000e+00  0.000000e+00  6.153381e+07  5.801147e+07  5.509356e+07  5.360674e+07
1.757697e+04  4.934808e+07  0.000000e+00  0.000000e+00  4.438156e+08  0.000000e+00  0.000000e+00  6.155136e+07  5.804392e+07  5.513261e+07  5.364209e+07
1.760108e+04  4.927692e+07  0.000000e+00  0.000000e+00  4.431755e+08  0.000000e+00  0.000000e+00  6.156894e+07  5.807938e+07  5.517072e+07  5.368118e+07
1.762522e+04  4.920585e+07  0.000000e+00  0.000000e+00  4.425364e+08  0.000000e+00  0.000000e+00  6.158505e+07  5.811499e+07  5.520667e+07  5.372099e+07
1.764939e+04  4.913487e+07  0.000000e+00  0.000000e+00  4.418981e+08  0.000000e+00  0.000000e+00  6.159990e+07  5.814838e+07  5.524068e+07  5.375795e+07
1.767360e+04  4.906400e+07  0.000000e+00  0.000000e+00  4.412606e+08  0.000000e+00  0.000000e+00  6.161501e+07  5.817971e+07  5.527373e+07  5.379184e+07
1.769784e+04  4.899322e+07  0.000000e+00  0.000000e+00  4.406241e+08  0.000000e+00  0.000000e+00  6.163350e+07  5.821066e+07  5.530708e+07  5.382469e+07
1.772211e+04  4.892254e+07  0.000000e+00  0.000000e+00  4.399884e+08  0.000000e+00  0.000000e+00  6.165523e+07  5.824176e+07  5.534074e+07  5.385852e+07
1.774642e+04  4.885195e+07  0.000000e+00  0.000000e+00  4.393536e+08  0.000000e+00  0.000000e+00  6.167668e+07  5.827276e+07  5.537416e+07  5.389427e+07
1.777076e+04  4.878146e+07  0.000000e+00  0.000000e+00  4.387196e+08  0.000000e+00  0.000000e+00  6.169579e+07  5.830279e+07  5.540707e+07  5.393202e+07
1.779513e+04  4.871106e+07  0.000000e+00  0.000000e+00  4.380865e+08  0.000000e+00  0.000000e+00  6.171227e+07  5.833205e+07  5.543908e+07  5.396868e+07
1.781954e+04  4.864076e+07  0.000000e+00  0.000000e+00  4.374542e+08  0.000000e+00  0.000000e+00  6.172780e+07  5.836053e+07  5.547028e+07  5.400088e+07
1.784398e+04  4.857056e+07  0.000000e+00  0.000000e+00  4.368228e+08  0.000000e+00  0.000000e+00  6.174284e+07  5.838849e+07  5.550100e+07  5.402914e+07
1.786845e+04  4.850045e+07  0.000000e+00  0.000000e+00  4.361923e+08  0.000000e+00  0.000000e+00  6.175813e+07  5.841672e+07  5.553176e+07  5.405725e+07
1.789296e+04  4.843043e+07  0.000000e+00  0.000000e+00  4.355626e+08  0.000000e+00  0.000000e+00  6.177354e+07  5.844525e+07  5.556272e+07  5.408660e+07
1.791750e+04  4.836052e+07  0.000000e+00  0.000000e+00  4.349338e+08  0.000000e+00  0.000000e+00  6.178874e+07  5.847371e+07  5.559390e+07  5.411669e+07
1.794207e+04  4.829069e+07  0.000000e+00  0.000000e+00  4.343059e+08  0.000000e+00  0.000000e+00  6.180360e+07  5.850166e+07  5.562548e+07  5.414648e+07
1.796668e+04  4.822096e+07  0.000000e+00  0.000000e+00  4.336787e+08  0.000000e+00  0.000000e+00  6.181774e+07  5.852896e+07  5.565836e+07  5.417637e+07
1.799132e+04  4.815133e+07  0.000000e+00  0.000000e+00  4.330525e+08  0.000000e+00  0.000000e+00  6.183169e+07  5.855581e+07  5.569217e+07  5.420575e+07
1.801600e+04  4.808179e+07  0.000000e+00  0.000000e+00  4.324271e+08  0.000000e+00  0.000000e+00  6.184525e+07  5.858226e+07  5.572340e+07  5.423493e+07
1.804071e+04  4.801235e+07  0.000000e+00  0.000000e+00  4.318025e+08  0.000000e+00  0.000000e+00  6.185836e+07  5.860810e+07  5.575102e+07  5.426240e+07
1.806545e+04  4.794300e+07  0.000000e+00  0.000000e+00  4.311788e+08  0.000000e+00  0.000000e+00  6.187098e+07  5.863330e+07  5.577694e+07  5.428873e+07
1.809023e+04  4.787374e+07  0.000000e+00  0.000000e+00  4.305560e+08  0.000000e+00  0.000000e+00  6.188353e+07  5.865841e+07  5.580329e+07  5.431572e+07
1.811504e+04  4.780458e+07  0.000000e+00  0.000000e+00  4.299339e+08  0.000000e+00  0.000000e+00  6.189627e+07  5.868380e+07  5.583115e+07  5.434373e+07
1.813988e+04  4.773551e+07  0.000000e+00  0.000000e+00  4.293128e+08  0.000000e+00  0.000000e+00  6.190889e+07  5.870897e+07  5.585906e+07  5.437200e+07
1.816476e+04  4.766654e+07  0.000000e+00  0.000000e+00  4.286925e+08  0.000000e+00  0.000000e+00  6.192105e+07  5.873354e+07  5.588627e+07  5.439917e+07
1.818968e+04  4.759766e+07  0.000000e+00  0.000000e+00  4.280730e+08  0.000000e+00  0.000000e+00  6.193285e+07  5.875944e+07  5.591310e+07  5.442607e+07
1.821462e+04  4.752887e+07  0.000000e+00  0.000000e+00  4.274543e+08  0.000000e+00  0.000000e+00  6.194440e+07  5.878840e+07  5.594011e+07  5.445410e+07
1.823961e+04  4.746018e+07  0.000000e+00  0.000000e+00  4.268365e+08  0.000000e+00  0.000000e+00  6.195564e+07  5.881658e+07  5.596714e+07  5.448169e+07
1.826462e+04  4.739158e+07  0.000000e+00  0.000000e+00  4.262196e+08  0.000000e+00  0.000000e+00  6.196667e+07  5.883965e+07  5.599287e+07  5.450715e+07
1.828967e+04  4.732307e+07  0.000000e+00  0.000000e+00  4.256035e+08  0.000000e+00  0.000000e+00  6.197712e+07  5.885964e+07  5.601749e+07  5.453077e+07
1.831476e+04  4.725466e+07  0.000000e+00  0.000000e+00  4.249882e+08  0.000000e+00  0.000000e+00  6.198731e+07  5.888004e+07  5.604144e+07  5.455334e+07
1.833988e+04  4.718633e+07  0.000000e+00  0.000000e+00  4.243737e+08  0.000000e+00  0.000000e+00  6.199700e+07  5.890172e+07  5.606590e+07  5.457762e+07
1.836503e+04  4.711811e+07  0.000000e+00  0.000000e+00  4.237601e+08  0.000000e+00  0.000000e+00  6.200615e+07  5.892409e+07  5.609133e+07  5.460376e+07
1.839022e+04  4.704997e+07  0.000000e+00  0.000000e+00  4.231473e+08  0.000000e+00  0.000000e+00  6.201392e+07  5.894570e+07  5.611588e+07  5.462840e+07
1.841544e+04  4.698193e+07  0.000000e+00  0.000000e+00  4.225354e+08  0.000000e+00  0.000000e+00  6.202185e+07  5.896655e+07  5.613947e+07  5.465156e+07
1.844070e+04  4.691398e+07  0.000000e+00  0.000000e+00  4.219243e+08  0.000000e+00  0.000000e+00  6.203870e+07  5.898770e+07  5.616423e+07  5.467679e+07
1.846599e+04  4.684612e+07  0.000000e+00  0.000000e+00  4.213140e+08  0.000000e+00  0.000000e+00  6.206024e+07  5.900939e+07  5.618998e+07  5.470386e+07
1.849132e+04  4.677836e+07  0.000000e+00  0.000000e+00  4.207046e+08  0.000000e+00  0.000000e+00  6.206842e+07  5.902942e+07  5.621278e+07  5.472696e+07
1.851668e+04  4.671069e+07  0.000000e+00  0.000000e+00  4.200959e+08  0.000000e+00  0.000000e+00  6.206928e+07  5.904835e+07  5.623346e+07  5.474571e+07
1.854207e+04  4.664310e+07  0.000000e+00  0.000000e+00  4.194882e+08  0.000000e+00  0.000000e+00  6.207391e+07  5.906723e+07  5.625388e+07  5.476411e+07
1.856750e+04  4.657562e+07  0.000000e+00  0.000000e+00  4.188812e+08  0.000000e+00  0.000000e+00  6.208028e+07  5.908582e+07  5.627599e+07  5.478678e+07
1.859297e+04  4.650822e+07  0.000000e+00  0.000000e+00  4.182750e+08  0.000000e+00  0.000000e+00  6.208634e+07  5.910391e+07  5.629837e+07  5.481071e+07
1.861847e+04  4.644091e+07  0.000000e+00  0.000000e+00  4.176697e+08  0.000000e+00  0.000000e+00  6.209100e+07  5.912050e+07  5.631781e+07  5.482979e+07
1.864401e+04  4.637370e+07  0.000000e+00  0.000000e+00  4.170652e+08  0.000000e+00  0.000000e+00  6.209986e+07  5.914299e+07  5.634256e+07  5.485469e+07
1.866958e+04  4.630658e+07  0.000000e+00  0.000000e+00  4.164616e+08  0.000000e+00  0.000000e+00  6.210909e+07  5.916592e+07  5.636768e+07  5.488067e+07
1.869518e+04  4.623955e+07  0.000000e+00  0.000000e+00  4.158587e+08  0.000000e+00  0.000000e+00  6.211155e+07  5.917985e+07  5.638491e+07  5.489571e+07
1.872082e+04  4.617261e+07  0.000000e+00  0.000000e+00  4.152567e+08  0.000000e+00  0.000000e+00  6.211423e+07  5.919383e+07  5.640224e+07  5.490961e+07
1.874650e+04  4.610576e+07  0.000000e+00  0.000000e+00  4.146555e+08  0.000000e+00  0.000000e+00  6.211627e+07  5.920731e+07  5.641920e+07  5.493011e+07
1.877221e+04  4.603900e+07  0.000000e+00  0.000000e+00  4.140551e+08  0.000000e+00  0.000000e+00  6.211507e+07  5.921696e+07  5.643225e+07  5.494593e+07
1.879796e+04  4.597233e+07  0.000000e+00  0.000000e+00  4.134555e+08  0.000000e+00  0.000000e+00  6.210979e+07  5.922272e+07  5.644412e+07  5.495999e+07
1.882374e+04  4.590575e+07  0.000000e+00  0.000000e+00  4.128567e+08  0.000000e+00  0.000000e+00  6.212099e+07  5.924076e+07  5.647062e+07  5.499275e+07
1.884826e+04  4.584259e+07  0.000000e+00  0.000000e+00  4.122887e+08  0.000000e+00  0.000000e+00  6.209199e+07  5.922124e+07  5.645763e+07  5.498355e+07
1.887153e+04  4.578283e+07  0.000000e+00  0.000000e+00  4.117512e+08  0.000000e+00  0.000000e+00  6.211430e+07  5.925242e+07  5.649060e+07  5.501652e+07
1.889482e+04  4.572314e+07  0.000000e+00  0.000000e+00  4.112144e+08  0.000000e+00  0.000000e+00  6.217137e+07  5.931715e+07  5.655545e+07  5.508020e+07
1.891814e+04  4.566352e+07  0.000000e+00  0.000000e+00  4.106782e+08  0.000000e+00  0.000000e+00  6.215865e+07  5.931524e+07  5.655698e+07  5.508226e+07
1.894149e+04  4.560397e+07  0.000000e+00  0.000000e+00  4.101427e+08  0.000000e+00  0.000000e+00  6.216436e+07  5.933091e+07  5.657524e+07  5.510076e+07
1.896487e+04  4.554450e+07  0.000000e+00  0.000000e+00  4.096078e+08  0.000000e+00  0.000000e+00  6.216662e+07  5.934314e+07  5.659032e+07  5.511623e+07
1.898828e+04  4.548510e+07  0.000000e+00  0.000000e+00  4.090736e+08  0.000000e+00  0.000000e+00  6.217469e+07  5.936098e+07  5.661064e+07  5.513678e+07
1.901172e+04  4.542578e+07  0.000000e+00  0.000000e+00  4.085400e+08  0.000000e+00  0.000000e+00  6.217594e+07  5.937235e+07  5.662476e+07  5.515102e+07
1.903518e+04  4.536652e+07  0.000000e+00  0.000000e+00  4.080071e+08  0.000000e+00  0.000000e+00  6.216661e+07  5.937362e+07  5.662921e+07  5.515617e+07
1.905868e+04  4.530734e+07  0.000000e+00  0.000000e+00  4.074749e+08  0.000000e+00  0.000000e+00  6.216111e+07  5.937840e+07  5.663705e+07  5.516427e+07
1.908220e+04  4.524823e+07  0.000000e+00  0.000000e+00  4.069433e+08  0.000000e+00  0.000000e+00  6.216287e+07  5.939012e+07  5.665114e+07  5.517887e+07
1.910576e+04  4.518920e+07  0.000000e+00  0.000000e+00  4.064123e+08  0.000000e+00  0.000000e+00  6.216223e+07  5.939950e+07  5.666337e+07  5.519178e+07
1.912934e+04  4.513023e+07  0.000000e+00  0.000000e+00  4.058820e+08  0.000000e+00  0.000000e+00  6.216074e+07  5.940790e+07  5.667451e+07  5.520353e+07
1.915295e+04  4.507134e+07  0.000000e+00  0.000000e+00  4.053524e+08  0.000000e+00  0.000000e+00  6.216036e+07  5.941734e+07  5.668655e+07  5.521606e+07
1.917659e+04  4.501252e+07  0.000000e+00  0.000000e+00  4.048234e+08  0.000000e+00  0.000000e+00  6.216092e+07  5.942768e+07  5.669960e+07  5.522963e+07
1.920026e+04  4.495377e+07  0.000000e+00  0.000000e+00  4.042950e+08  0.000000e+00  0.000000e+00  6.216128e+07  5.943774e+07  5.671241e+07  5.524301e+07
1.922396e+04  4.489510e+07  0.000000e+00  0.000000e+00  4.037673e+08  0.000000e+00  0.000000e+00  6.215865e+07  5.944490e+07  5.672233e+07  5.525368e+07
1.924769e+04  4.483649e+07  0.000000e+00  0.000000e+00  4.032402e+08  0.000000e+00  0.000000e+00  6.215311e+07  5.944920e+07  5.672949e+07  5.526135e+07
1.927144e+04  4.477796e+07  0.000000e+00  0.000000e+00  4.027138e+08  0.000000e+00  0.000000e+00  6.214851e+07  5.945443e+07  5.673755e+07  5.526993e+07
1.929523e+04  4.471950e+07  0.000000e+00  0.000000e+00  4.021881e+08  0.000000e+00  0.000000e+00  6.214610e+07  5.946148e+07  5.674736e+07  5.528029e+07
1.931904e+04  4.466111e+07  0.000000e+00  0.000000e+00  4.016629e+08  0.000000e+00  0.000000e+00  6.214331e+07  5.946834e+07  5.675681e+07  5.529064e+07
1.934289e+04  4.460279e+07  0.000000e+00  0.000000e+00  4.011385e+08  0.000000e+00  0.000000e+00  6.213915e+07  5.947397e+07  5.676535e+07  5.529931e+07
1.936676e+04  4.454455e+07  0.000000e+00  0.000000e+00  4.006146e+08  0.000000e+00  0.000000e+00  6.213471e+07  5.947903e+07  5.677330e+07  5.530787e+07
1.939067e+04  4.448637e+07  0.000000e+00  0.000000e+00  4.000914e+08  0.000000e+00  0.000000e+00  6.213095e+07  5.948492e+07  5.678210e+07  5.531706e+07
1.941460e+04  4.442827e+07  0.000000e+00  0.000000e+00  3.995689e+08  0.000000e+00  0.000000e+00  6.212780e+07  5.949115e+07  5.679110e+07  5.532662e+07
1.943857e+04  4.437024e+07  0.000000e+00  0.000000e+00  3.990469e+08  0.000000e+00  0.000000e+00  6.212443e+07  5.949736e+07  5.680024e+07  5.533610e+07
1.946256e+04  4.431227e+07  0.000000e+00  0.000000e+00  3.985257e+08  0.000000e+00  0.000000e+00  6.212039e+07  5.950286e+07  5.680833e+07  5.534463e+07
1.948658e+04  4.425438e+07  0.000000e+00  0.000000e+00  3.980050e+08  0.000000e+00  0.000000e+00  6.211490e+07  5.950674e+07  5.681534e+07  5.535221e+07
1.951063e+04  4.419656e+07  0.000000e+00  0.000000e+00  3.974850e+08  0.000000e+00  0.000000e+00  6.210839e+07  5.950977e+07  5.682121e+07  5.535839e+07
1.953472e+04  4.413882e+07  0.000000e+00  0.000000e+00  3.969657e+08  0.000000e+00  0.000000e+00  6.210225e+07  5.951286e+07  5.682721e+07  5.536510e+07
1.955883e+04  4.408114e+07  0.000000e+00  0.000000e+00  3.964469e+08  0.000000e+00  0.000000e+00  6.209624e+07  5.951641e+07  5.683356e+07  5.537173e+07
1.958297e+04  4.402353e+07  0.000000e+00  0.000000e+00  3.959288e+08  0.000000e+00  0.000000e+00  6.208999e+07  5.951940e+07  5.683928e+07  5.537816e+07
1.960714e+04  4.396600e+07  0.000000e+00  0.000000e+00  3.954114e+08  0.000000e+00  0.000000e+00  6.208276e+07  5.952152e+07  5.684427e+07  5.538363e+07
1.963134e+04  4.390853e+07  0.000000e+00  0.000000e+00  3.948946e+08  0.000000e+00  0.000000e+00  6.207514e+07  5.952339e+07  5.684881e+07  5.538877e+07
1.965557e+04  4.385113e+07  0.000000e+00  0.000000e+00  3.943784e+08  0.000000e+00  0.000000e+00  6.206794e+07  5.952557e+07  5.685382e+07  5.539416e+07
1.967983e+04  4.379381e+07  0.000000e+00  0.000000e+00  3.938628e+08  0.000000e+00  0.000000e+00  6.206134e+07  5.952839e+07  5.685930e+07  5.540013e+07
1.970412e+04  4.373655e+07  0.000000e+00  0.000000e+00  3.933479e+08  0.000000e+00  0.000000e+00  6.205493e+07  5.953100e+07  5.686465e+07  5.540611e+07
1.972844e+04  4.367937e+07  0.000000e+00  0.000000e+00  3.928336e+08  0.000000e+00  0.000000e+00  6.204798e+07  5.953321e+07  5.686962e+07  5.541160e+07
1.975279e+04  4.362225e+07  0.000000e+00  0.000000e+00  3.923199e+08  0.000000e+00  0.000000e+00  6.204018e+07  5.953460e+07  5.687355e+07  5.541610e+07
1.977717e+04  4.356521e+07  0.000000e+00  0.000000e+00  3.918069e+08  0.000000e+00  0.000000e+00  6.203154e+07  5.953508e+07  5.687676e+07  5.541996e+07
1.980158e+04  4.350823e+07  0.000000e+00  0.000000e+00  3.912945e+08  0.000000e+00  0.000000e+00  6.202253e+07  5.953522e+07  5.687970e+07  5.542336e+07
1.982603e+04  4.345133e+07  0.000000e+00  0.000000e+00  3.907827e+08  0.000000e+00  0.000000e+00  6.201326e+07  5.953512e+07  5.688229e+07  5.542650e+07
1.985050e+04  4.339449e+07  0.000000e+00  0.000000e+00  3.902715e+08  0.000000e+00  0.000000e+00  6.200354e+07  5.953442e+07  5.688425e+07  5.542905e+07
1.987500e+04  4.333773e+07  0.000000e+00  0.000000e+00  3.897610e+08  0.000000e+00  0.000000e+00  6.199313e+07  5.953296e+07  5.688558e+07  5.543109e+07
1.989953e+04  4.328103e+07  0.000000e+00  0.000000e+00  3.892511e+08  0.000000e+00  0.000000e+00  6.198242e+07  5.953125e+07  5.688665e+07  5.543285e+07
1.992409e+04  4.322441e+07  0.000000e+00  0.000000e+00  3.887418e+08  0.000000e+00  0.000000e+00  6.197249e+07  5.953006e+07  5.688806e+07  5.543497e+07
1.994868e+04  4.316785e+07  0.000000e+00  0.000000e+00  3.882332e+08  0.000000e+00  0.000000e+00  6.196308e+07  5.952944e+07  5.689002e+07  5.543752e+07
1.997331e+04  4.311136e+07  0.000000e+00  0.000000e+00  3.877252e+08  0.000000e+00  0.000000e+00  6.195383e+07  5.952888e+07  5.689213e+07  5.544016e+07
1.999796e+04  4.305494e+07  0.000000e+00  0.000000e+00  3.872177e+08  0.000000e+00  0.000000e+00  6.194409e+07  5.952769e+07  5.689342e+07  5.544222e+07
2.002264e+04  4.299859e+07  0.000000e+00  0.000000e+00  3.867110e+08  0.000000e+00  0.000000e+00  6.193350e+07  5.952572e+07  5.689425e+07  5.544343e+07
2.004735e+04  4.294231e+07  0.000000e+00  0.000000e+00  3.862048e+08  0.000000e+00  0.000000e+00  6.192197e+07  5.952292e+07  5.689399e+07  5.544384e+07
2.007210e+04  4.288610e+07  0.000000e+00  0.000000e+00  3.856993e+08  0.000000e+00  0.000000e+00  6.190976e+07  5.951918e+07  5.689319e+07  5.544348e+07
2.009687e+04  4.282996e+07  0.000000e+00  0.000000e+00  3.851943e+08  0.000000e+00  0.000000e+00  6.189671e+07  5.951487e+07  5.689143e+07  5.544246e+07
2.012168e+04  4.277388e+07  0.000000e+00  0.000000e+00  3.846900e+08  0.000000e+00  0.000000e+00  6.188340e+07  5.951020e+07  5.688964e+07  5.544124e+07
2.014652e+04  4.271788e+07  0.000000e+00  0.000000e+00  3.841863e+08  0.000000e+00  0.000000e+00  6.187057e+07  5.950594e+07  5.688815e+07  5.544029e+07
2.017138e+04  4.266194e+07  0.000000e+00  0.000000e+00  3.836833e+08  0.000000e+00  0.000000e+00  6.185852e+07  5.950244e+07  5.688718e+07  5.543984e+07
2.019628e+04  4.260607e+07  0.000000e+00  0.000000e+00  3.831808e+08  0.000000e+00  0.000000e+00  6.184658e+07  5.949882e+07  5.688600e+07  5.543933e+07
2.022121e+04  4.255027e+07  0.000000e+00  0.000000e+00  3.826790e+08  0.000000e+00  0.000000e+00  6.183344e+07  5.949403e+07  5.688411e+07  5.543791e+07
2.024617e+04  4.249454e+07  0.000000e+00  0.000000e+00  3.821778e+08  0.000000e+00  0.000000e+00  6.181871e+07  5.948791e+07  5.688055e+07  5.543490e+07
2.027116e+04  4.243888e+07  0.000000e+00  0.000000e+00  3.816772e+08  0.000000e+00  0.000000e+00  6.180294e+07  5.948063e+07  5.687604e+07  5.543090e+07
2.029618e+04  4.238329e+07  0.000000e+00  0.000000e+00  3.811772e+08  0.000000e+00  0.000000e+00  6.178715e+07  5.947325e+07  5.687135e+07  5.542687e+07
2.032123e+04  4.232776e+07  0.000000e+00  0.000000e+00  3.806778e+08  0.000000e+00  0.000000e+00  6.177218e+07  5.946661e+07  5.686727e+07  5.542341e+07
2.034631e+04  4.227230e+07  0.000000e+00  0.000000e+00  3.801790e+08  0.000000e+00  0.000000e+00  6.175828e+07  5.946108e+07  5.686427e+07  5.542089e+07
2.037142e+04  4.221691e+07  0.000000e+00  0.000000e+00  3.796809e+08  0.000000e+00  0.000000e+00  6.174521e+07  5.945602e+07  5.686202e+07  5.541894e+07
2.039657e+04  4.216159e+07  0.000000e+00  0.000000e+00  3.791833e+08  0.000000e+00  0.000000e+00  6.173222e+07  5.945128e+07  5.685950e+07  5.541698e+07
2.042174e+04  4.210633e+07  0.000000e+00  0.000000e+00  3.786864e+08  0.000000e+00  0.000000e+00  6.171891e+07  5.944587e+07  5.685664e+07  5.541461e+07
2.044695e+04  4.205115e+07  0.000000e+00  0.000000e+00  3.781901e+08  0.000000e+00  0.000000e+00  6.170490e+07  5.943999e+07  5.685315e+07  5.541175e+07
2.047219e+04  4.199603e+07  0.000000e+00  0.000000e+00  3.776943e+08  0.000000e+00  0.000000e+00  6.169047e+07  5.943363e+07  5.684862e+07  5.540823e+07
2.049745e+04  4.194098e+07  0.000000e+00  0.000000e+00  3.771992e+08  0.000000e+00  0.000000e+00  6.167547e+07  5.942655e+07  5.684336e+07  5.540412e+07
2.052275e+04  4.188599e+07  0.000000e+00  0.000000e+00  3.767047e+08  0.000000e+00  0.000000e+00  6.166016e+07  5.941916e+07  5.683746e+07  5.539963e+07
2.054809e+04  4.183108e+07  0.000000e+00  0.000000e+00  3.762108e+08  0.000000e+00  0.000000e+00  6.164450e+07  5.941114e+07  5.683163e+07  5.539435e+07
2.057345e+04  4.177623e+07  0.000000e+00  0.000000e+00  3.757175e+08  0.000000e+00  0.000000e+00  6.162895e+07  5.940252e+07  5.682663e+07  5.538851e+07
2.059884e+04  4.172145e+07  0.000000e+00  0.000000e+00  3.752248e+08  0.000000e+00  0.000000e+00  6.161308e+07  5.939387e+07  5.682223e+07  5.538270e+07
2.062427e+04  4.166673e+07  0.000000e+00  0.000000e+00  3.747328e+08  0.000000e+00  0.000000e+00  6.159728e+07  5.938576e+07  5.681751e+07  5.537753e+07
2.064972e+04  4.161208e+07  0.000000e+00  0.000000e+00  3.742413e+08  0.000000e+00  0.000000e+00  6.158103e+07  5.937814e+07  5.681152e+07  5.537289e+07
2.067521e+04  4.155750e+07  0.000000e+00  0.000000e+00  3.737504e+08  0.000000e+00  0.000000e+00  6.156400e+07  5.936971e+07  5.680388e+07  5.536782e+07
2.070073e+04  4.150299e+07  0.000000e+00  0.000000e+00  3.732601e+08  0.000000e+00  0.000000e+00  6.154568e+07  5.935977e+07  5.679511e+07  5.536099e+07
2.072628e+04  4.144854e+07  0.000000e+00  0.000000e+00  3.727705e+08  0.000000e+00  0.000000e+00  6.152623e+07  5.934828e+07  5.678569e+07  5.535232e+07
2.075186e+04  4.139416e+07  0.000000e+00  0.000000e+00  3.722814e+08  0.000000e+00  0.000000e+00  6.150641e+07  5.933599e+07  5.677635e+07  5.534240e+07
2.077748e+04  4.133985e+07  0.000000e+00  0.000000e+00  3.717929e+08  0.000000e+00  0.000000e+00  6.148731e+07  5.932383e+07  5.676729e+07  5.533248e+07
2.080312e+04  4.128560e+07  0.000000e+00  0.000000e+00  3.713051e+08  0.000000e+00  0.000000e+00  6.146939e+07  5.931229e+07  5.675855e+07  5.532292e+07
2.082880e+04  4.123142e+07  0.000000e+00  0.000000e+00  3.708178e+08  0.000000e+00  0.000000e+00  6.145204e+07  5.930068e+07  5.674970e+07  5.531376e+07
2.085451e+04  4.117731e+07  0.000000e+00  0.000000e+00  3.703311e+08  0.000000e+00  0.000000e+00  6.143356e+07  5.928886e+07  5.674046e+07  5.530457e+07
2.088025e+04  4.112326e+07  0.000000e+00  0.000000e+00  3.698450e+08  0.000000e+00  0.000000e+00  6.141330e+07  5.927618e+07  5.673055e+07  5.529580e+07
2.090602e+04  4.106928e+07  0.000000e+00  0.000000e+00  3.693595e+08  0.000000e+00  0.000000e+00  6.139178e+07  5.926314e+07  5.672015e+07  5.528728e+07
2.093182e+04  4.101536e+07  0.000000e+00  0.000000e+00  3.688746e+08  0.000000e+00  0.000000e+00  6.136986e+07  5.925000e+07  5.670962e+07  5.527780e+07
2.095766e+04  4.096151e+07  0.000000e+00  0.000000e+00  3.683904e+08  0.000000e+00  0.000000e+00  6.134829e+07  5.923674e+07  5.669879e+07  5.526660e+07
2.098353e+04  4.090773e+07  0.000000e+00  0.000000e+00  3.679067e+08  0.000000e+00  0.000000e+00  6.132687e+07  5.922339e+07  5.668770e+07  5.525416e+07
2.100943e+04  4.085401e+07  0.000000e+00  0.000000e+00  3.674235e+08  0.000000e+00  0.000000e+00  6.130572e+07  5.920994e+07  5.667653e+07  5.524202e+07
2.103536e+04  4.080036e+07  0.000000e+00  0.000000e+00  3.669410e+08  0.000000e+00  0.000000e+00  6.128458e+07  5.919673e+07  5.666550e+07  5.523111e+07
2.106132e+04  4.074678e+07  0.000000e+00  0.000000e+00  3.664591e+08  0.000000e+00  0.000000e+00  6.126366e+07  5.918333e+07  5.665469e+07  5.522136e+07
2.108732e+04  4.069326e+07  0.000000e+00  0.000000e+00  3.659778e+08  0.000000e+00  0.000000e+00  6.124231e+07  5.916990e+07  5.664333e+07  5.521169e+07
2.111335e+04  4.063980e+07  0.000000e+00  0.000000e+00  3.654970e+08  0.000000e+00  0.000000e+00  6.122059e+07  5.915580e+07  5.663101e+07  5.520116e+07
2.113941e+04  4.058642e+07  0.000000e+00  0.000000e+00  3.650169e+08  0.000000e+00  0.000000e+00  6.119843e+07  5.914110e+07  5.661855e+07  5.519002e+07
2.116550e+04  4.053309e+07  0.000000e+00  0.000000e+00  3.645373e+08  0.000000e+00  0.000000e+00  6.117614e+07  5.912623e+07  5.660630e+07  5.517862e+07
2.119162e+04  4.047984e+07  0.000000e+00  0.000000e+00  3.640584e+08  0.000000e+00  0.000000e+00  6.115370e+07  5.911105e+07  5.659468e+07  5.516698e+07
2.121778e+04  4.042664e+07  0.000000e+00  0.000000e+00  3.635800e+08  0.000000e+00  0.000000e+00  6.113107e+07  5.909578e+07  5.658229e+07  5.515512e+07
2.124397e+04  4.037352e+07  0.000000e+00  0.000000e+00  3.631022e+08  0.000000e+00  0.000000e+00  6.110837e+07  5.908029e+07  5.656861e+07  5.514263e+07
2.127019e+04  4.032046e+07  0.000000e+00  0.000000e+00  3.626250e+08  0.000000e+00  0.000000e+00  6.108552e+07  5.906430e+07  5.655365e+07  5.512953e+07
2.129644e+04  4.026746e+07  0.000000e+00  0.000000e+00  3.621483e+08  0.000000e+00  0.000000e+00  6.106234e+07  5.904821e+07  5.653896e+07  5.511627e+07
2.132273e+04  4.021453e+07  0.000000e+00  0.000000e+00  3.616723e+08  0.000000e+00  0.000000e+00  6.103892e+07  5.903190e+07  5.652464e+07  5.510315e+07
2.134905e+04  4.016166e+07  0.000000e+00  0.000000e+00  3.611968e+08  0.000000e+00  0.000000e+00  6.101539e+07  5.901548e+07  5.651124e+07  5.509043e+07
2.137540e+04  4.010886e+07  0.000000e+00  0.000000e+00  3.607220e+08  0.000000e+00  0.000000e+00  6.099184e+07  5.899920e+07  5.649798e+07  5.507794e+07
2.140178e+04  4.005612e+07  0.000000e+00  0.000000e+00  3.602477e+08  0.000000e+00  0.000000e+00  6.096822e+07  5.898243e+07  5.648440e+07  5.506513e+07
2.142820e+04  4.000345e+07  0.000000e+00  0.000000e+00  3.597740e+08  0.000000e+00  0.000000e+00  6.094409e+07  5.896496e+07  5.647004e+07  5.505102e+07
2.145465e+04  3.995085e+07  0.000000e+00  0.000000e+00  3.593008e+08  0.000000e+00  0.000000e+00  6.091952e+07  5.894662e+07  5.645517e+07  5.503615e+07
2.148113e+04  3.989830e+07  0.000000e+00  0.000000e+00  3.588283e+08  0.000000e+00  0.000000e+00  6.089486e+07  5.892884e+07  5.644000e+07  5.502128e+07
2.150764e+04  3.984582e+07  0.000000e+00  0.000000e+00  3.583563e+08  0.000000e+00  0.000000e+00  6.086995e+07  5.891222e+07  5.642495e+07  5.500670e+07
2.153419e+04  3.979341e+07  0.000000e+00  0.000000e+00  3.578849e+08  0.000000e+00  0.000000e+00  6.084486e+07  5.889577e+07  5.640975e+07  5.499217e+07
2.156077e+04  3.974106e+07  0.000000e+00  0.000000e+00  3.574141e+08  0.000000e+00  0.000000e+00  6.081957e+07  5.887737e+07  5.639390e+07  5.497653e+07
2.158738e+04  3.968877e+07  0.000000e+00  0.000000e+00  3.569439e+08  0.000000e+00  0.000000e+00  6.079381e+07  5.885674e+07  5.637728e+07  5.495994e+07
2.161402e+04  3.963655e+07  0.000000e+00  0.000000e+00  3.564742e+08  0.000000e+00  0.000000e+00  6.076792e+07  5.883617e+07  5.636054e+07  5.494306e+07
2.164070e+04  3.958440e+07  0.000000e+00  0.000000e+00  3.560051e+08  0.000000e+00  0.000000e+00  6.074190e+07  5.881643e+07  5.634360e+07  5.492629e+07
2.166741e+04  3.953230e+07  0.000000e+00  0.000000e+00  3.555366e+08  0.000000e+00  0.000000e+00  6.071541e+07  5.879726e+07  5.632676e+07  5.490976e+07
2.169416e+04  3.948027e+07  0.000000e+00  0.000000e+00  3.550687e+08  0.000000e+00  0.000000e+00  6.068897e+07  5.877851e+07  5.631008e+07  5.489433e+07
2.172093e+04  3.942831e+07  0.000000e+00  0.000000e+00  3.546014e+08  0.000000e+00  0.000000e+00  6.066200e+07  5.875965e+07  5.629371e+07  5.487907e+07
2.174774e+04  3.937641e+07  0.000000e+00  0.000000e+00  3.541346e+08  0.000000e+00  0.000000e+00  6.063469e+07  5.874017e+07  5.627635e+07  5.486255e+07
2.177459e+04  3.932457e+07  0.000000e+00  0.000000e+00  3.536684e+08  0.000000e+00  0.000000e+00  6.060643e+07  5.872007e+07  5.625808e+07  5.484441e+07
2.180146e+04  3.927280e+07  0.000000e+00  0.000000e+00  3.532027e+08  0.000000e+00  0.000000e+00  6.057791e+07  5.869974e+07  5.623944e+07  5.482576e+07
2.182837e+04  3.922109e+07  0.000000e+00  0.000000e+00  3.527377e+08  0.000000e+00  0.000000e+00  6.055229e+07  5.867931e+07  5.622148e+07  5.480813e+07
2.185532e+04  3.916944e+07  0.000000e+00  0.000000e+00  3.522732e+08  0.000000e+00  0.000000e+00  6.053025e+07  5.865905e+07  5.620384e+07  5.479175e+07
2.188229e+04  3.911785e+07  0.000000e+00  0.000000e+00  3.518093e+08  0.000000e+00  0.000000e+00  6.050312e+07  5.863802e+07  5.618473e+07  5.477342e+07
2.190930e+04  3.906633e+07  0.000000e+00  0.000000e+00  3.513459e+08  0.000000e+00  0.000000e+00  6.046965e+07  5.861588e+07  5.616430e+07  5.475245e+07
2.193634e+04  3.901488e+07  0.000000e+00  0.000000e+00  3.508831e+08  0.000000e+00  0.000000e+00  6.043764e+07  5.859389e+07  5.614368e+07  5.473147e+07
2.196342e+04  3.896348e+07  0.000000e+00  0.000000e+00  3.504209e+08  0.000000e+00  0.000000e+00  6.040878e+07  5.857193e+07  5.612343e+07  5.471100e+07
2.199053e+04  3.891215e+07  0.000000e+00  0.000000e+00  3.499593e+08  0.000000e+00  0.000000e+00  6.038067e+07  5.855006e+07  5.610364e+07  5.469187e+07
2.201767e+04  3.886088e+07  0.000000e+00  0.000000e+00  3.494982e+08  0.000000e+00  0.000000e+00  6.035245e+07  5.852787e+07  5.608497e+07  5.467512e+07
2.204485e+04  3.880968e+07  0.000000e+00  0.000000e+00  3.490377e+08  0.000000e+00  0.000000e+00  6.032401e+07  5.850531e+07  5.606510e+07  5.465651e+07
2.207206e+04  3.875854e+07  0.000000e+00  0.000000e+00  3.485777e+08  0.000000e+00  0.000000e+00  6.029495e+07  5.848210e+07  5.604349e+07  5.463494e+07
2.209930e+04  3.870746e+07  0.000000e+00  0.000000e+00  3.481183e+08  0.000000e+00  0.000000e+00  6.026514e+07  5.845825e+07  5.602146e+07  5.461268e+07
2.212658e+04  3.865644e+07  0.000000e+00  0.000000e+00  3.476595e+08  0.000000e+00  0.000000e+00  6.023866e+07  5.843873e+07  5.600353e+07  5.459547e+07
2.215389e+04  3.860549e+07  0.000000e+00  0.000000e+00  3.472013e+08  0.000000e+00  0.000000e+00  6.021007e+07  5.841657e+07  5.598310e+07  5.457619e+07
2.218123e+04  3.855460e+07  0.000000e+00  0.000000e+00  3.467436e+08  0.000000e+00  0.000000e+00  6.017691e+07  5.838863e+07  5.595747e+07  5.455037e+07
2.220861e+04  3.850377e+07  0.000000e+00  0.000000e+00  3.462864e+08  0.000000e+00  0.000000e+00  6.014539e+07  5.836250e+07  5.593377e+07  5.452419e+07
2.223602e+04  3.845300e+07  0.000000e+00  0.000000e+00  3.458299e+08  0.000000e+00  0.000000e+00  6.011538e+07  5.833865e+07  5.591185e+07  5.450384e+07
2.226347e+04  3.840230e+07  0.000000e+00  0.000000e+00  3.453738e+08  0.000000e+00  0.000000e+00  6.008486e+07  5.831410e+07  5.588928e+07  5.448591e+07
2.229095e+04  3.835165e+07  0.000000e+00  0.000000e+00  3.449184e+08  0.000000e+00  0.000000e+00  6.004942e+07  5.828363e+07  5.586186e+07  5.445960e+07
2.231846e+04  3.830108e+07  0.000000e+00  0.000000e+00  3.444635e+08  0.000000e+00  0.000000e+00  6.004230e+07  5.828763e+07  5.586315e+07  5.445360e+07
2.234601e+04  3.825056e+07  0.000000e+00  0.000000e+00  3.440092e+08  0.000000e+00  0.000000e+00  6.002784e+07  5.828288e+07  5.585637e+07  5.444112e+07
2.237359e+04  3.820010e+07  0.000000e+00  0.000000e+00  3.435554e+08  0.000000e+00  0.000000e+00  6.001798e+07  5.827828e+07  5.585115e+07  5.443398e+07
2.240011e+04  3.815170e+07  0.000000e+00  0.000000e+00  3.431201e+08  0.000000e+00  0.000000e+00  5.999363e+07  5.826128e+07  5.583437e+07  5.441486e+07
2.242558e+04  3.810534e+07  0.000000e+00  0.000000e+00  3.427031e+08  0.000000e+00  0.000000e+00  5.993508e+07  5.820950e+07  5.578576e+07  5.436715e+07
2.245107e+04  3.805903e+07  0.000000e+00  0.000000e+00  3.422866e+08  0.000000e+00  0.000000e+00  5.986189e+07  5.814318e+07  5.572307e+07  5.430594e+07
2.247659e+04  3.801277e+07  0.000000e+00  0.000000e+00  3.418706e+08  0.000000e+00  0.000000e+00  5.981092e+07  5.809838e+07  5.568095e+07  5.426461e+07
2.250214e+04  3.796656e+07  0.000000e+00  0.000000e+00  3.414550e+08  0.000000e+00  0.000000e+00  5.979116e+07  5.808385e+07  5.566780e+07  5.425151e+07
2.252772e+04  3.792041e+07  0.000000e+00  0.000000e+00  3.410400e+08  0.000000e+00  0.000000e+00  5.976583e+07  5.806392e+07  5.564946e+07  5.423317e+07
2.255333e+04  3.787431e+07  0.000000e+00  0.000000e+00  3.406253e+08  0.000000e+00  0.000000e+00  5.973886e+07  5.804227e+07  5.562955e+07  5.421337e+07
2.257897e+04  3.782826e+07  0.000000e+00  0.000000e+00  3.402112e+08  0.000000e+00  0.000000e+00  5.971142e+07  5.802020e+07  5.560894e+07  5.419322e+07
2.260464e+04  3.778226e+07  0.000000e+00  0.000000e+00  3.397975e+08  0.000000e+00  0.000000e+00  5.968599e+07  5.800009e+07  5.559053e+07  5.417488e+07
2.263034e+04  3.773632e+07  0.000000e+00  0.000000e+00  3.393843e+08  0.000000e+00  0.000000e+00  5.965996e+07  5.797913e+07  5.557113e+07  5.415563e+07
2.265606e+04  3.769043e+07  0.000000e+00  0.000000e+00  3.389716e+08  0.000000e+00  0.000000e+00  5.962614e+07  5.795083e+07  5.554443e+07  5.412936e+07
2.268182e+04  3.764458e+07  0.000000e+00  0.000000e+00  3.385593e+08  0.000000e+00  0.000000e+00  5.959222e+07  5.792213e+07  5.551779e+07  5.410293e+07
2.270760e+04  3.759880e+07  0.000000e+00  0.000000e+00  3.381475e+08  0.000000e+00  0.000000e+00  5.956414e+07  5.789946e+07  5.549659e+07  5.408194e+07
2.273341e+04  3.755306e+07  0.000000e+00  0.000000e+00  3.377362e+08  0.000000e+00  0.000000e+00  5.953672e+07  5.787699e+07  5.547547e+07  5.406106e+07
2.275926e+04  3.750737e+07  0.000000e+00  0.000000e+00  3.373253e+08  0.000000e+00  0.000000e+00  5.950763e+07  5.785314e+07  5.545332e+07  5.403913e+07
2.278513e+04  3.746174e+07  0.000000e+00  0.000000e+00  3.369149e+08  0.000000e+00  0.000000e+00  5.947750e+07  5.782809e+07  5.542986e+07  5.401590e+07
2.281103e+04  3.741616e+07  0.000000e+00  0.000000e+00  3.365049e+08  0.000000e+00  0.000000e+00  5.944740e+07  5.780312e+07  5.540646e+07  5.399278e+07
2.283696e+04  3.737063e+07  0.000000e+00  0.000000e+00  3.360955e+08  0.000000e+00  0.000000e+00  5.941770e+07  5.777835e+07  5.538332e+07  5.396981e+07
2.286292e+04  3.732515e+07  0.000000e+00  0.000000e+00  3.356864e+08  0.000000e+00  0.000000e+00  5.938776e+07  5.775336e+07  5.536011e+07  5.394680e+07
2.288891e+04  3.727972e+07  0.000000e+00  0.000000e+00  3.352779e+08  0.000000e+00  0.000000e+00  5.935804e+07  5.772844e+07  5.533672e+07  5.392366e+07
2.291493e+04  3.723435e+07  0.000000e+00  0.000000e+00  3.348698e+08  0.000000e+00  0.000000e+00  5.932784e+07  5.770343e+07  5.531337e+07  5.390029e+07
2.294098e+04  3.718902e+07  0.000000e+00  0.000000e+00  3.344622e+08  0.000000e+00  0.000000e+00  5.929618e+07  5.767650e+07  5.528808e+07  5.387526e+07
2.296706e+04  3.714375e+07  0.000000e+00  0.000000e+00  3.340550e+08  0.000000e+00  0.000000e+00  5.926307e+07  5.764836e+07  5.526163e+07  5.384901e+07
2.299317e+04  3.709853e+07  0.000000e+00  0.000000e+00  3.336483e+08  0.000000e+00  0.000000e+00  5.923076e+07  5.762099e+07  5.523589e+07  5.382341e+07
2.301931e+04  3.705335e+07  0.000000e+00  0.000000e+00  3.332420e+08  0.000000e+00  0.000000e+00  5.919979e+07  5.759482e+07  5.521118e+07  5.379906e+07
2.304548e+04  3.700824e+07  0.000000e+00  0.000000e+00  3.328363e+08  0.000000e+00  0.000000e+00  5.916883e+07  5.756877e+07  5.518657e+07  5.377460e+07
2.307168e+04  3.696317e+07  0.000000e+00  0.000000e+00  3.324309e+08  0.000000e+00  0.000000e+00  5.913740e+07  5.754194e+07  5.516153e+07  5.374965e+07
2.309790e+04  3.691815e+07  0.000000e+00  0.000000e+00  3.320261e+08  0.000000e+00  0.000000e+00  5.910524e+07  5.751461e+07  5.513582e+07  5.372406e+07
2.312416e+04  3.687318e+07  0.000000e+00  0.000000e+00  3.316216e+08  0.000000e+00  0.000000e+00  5.907260e+07  5.748667e+07  5.510944e+07  5.369799e+07
2.315045e+04  3.682827e+07  0.000000e+00  0.000000e+00  3.312177e+08  0.000000e+00  0.000000e+00  5.904005e+07  5.745879e+07  5.508328e+07  5.367196e+07
2.317677e+04  3.678340e+07  0.000000e+00  0.000000e+00  3.308142e+08  0.000000e+00  0.000000e+00  5.900789e+07  5.743128e+07  5.505735e+07  5.364611e+07
2.320311e+04  3.673859e+07  0.000000e+00  0.000000e+00  3.304112e+08  0.000000e+00  0.000000e+00  5.897559e+07  5.740358e+07  5.503125e+07  5.362026e+07
2.322949e+04  3.669382e+07  0.000000e+00  0.000000e+00  3.300086e+08  0.000000e+00  0.000000e+00  5.894319e+07  5.737581e+07  5.500487e+07  5.359418e+07
2.325590e+04  3.664911e+07  0.000000e+00  0.000000e+00  3.296064e+08  0.000000e+00  0.000000e+00  5.891045e+07  5.734754e+07  5.497825e+07  5.356791e+07
2.328233e+04  3.660445e+07  0.000000e+00  0.000000e+00  3.292048e+08  0.000000e+00  0.000000e+00  5.887742e+07  5.731908e+07  5.495131e+07  5.354121e+07
2.330880e+04  3.655984e+07  0.000000e+00  0.000000e+00  3.288036e+08  0.000000e+00  0.000000e+00  5.884376e+07  5.728998e+07  5.492349e+07  5.351377e+07
2.333530e+04  3.651528e+07  0.000000e+00  0.000000e+00  3.284028e+08  0.000000e+00  0.000000e+00  5.880964e+07  5.726029e+07  5.489541e+07  5.348595e+07
2.336183e+04  3.647077e+07  0.000000e+00  0.000000e+00  3.280025e+08  0.000000e+00  0.000000e+00  5.877570e+07  5.723059e+07  5.486728e+07  5.345822e+07
2.338838e+04  3.642631e+07  0.000000e+00  0.000000e+00  3.276026e+08  0.000000e+00  0.000000e+00  5.874202e+07  5.720128e+07  5.483959e+07  5.343074e+07
2.341497e+04  3.638190e+07  0.000000e+00  0.000000e+00  3.272032e+08  0.000000e+00  0.000000e+00  5.870847e+07  5.717206e+07  5.481181e+07  5.340325e+07
2.344159e+04  3.633754e+07  0.000000e+00  0.000000e+00  3.268043e+08  0.000000e+00  0.000000e+00  5.867470e+07  5.714237e+07  5.478392e+07  5.337554e+07
2.346824e+04  3.629323e+07  0.000000e+00  0.000000e+00  3.264058e+08  0.000000e+00  0.000000e+00  5.864032e+07  5.711245e+07  5.475532e+07  5.334739e+07
2.349492e+04  3.624897e+07  0.000000e+00  0.000000e+00  3.260077e+08  0.000000e+00  0.000000e+00  5.860568e+07  5.708196e+07  5.472650e+07  5.331881e+07
2.352162e+04  3.620476e+07  0.000000e+00  0.000000e+00  3.256101e+08  0.000000e+00  0.000000e+00  5.857079e+07  5.705138e+07  5.469745e+07  5.329005e+07
2.354836e+04  3.616060e+07  0.000000e+00  0.000000e+00  3.252130e+08  0.000000e+00  0.000000e+00  5.853621e+07  5.702102e+07  5.466841e+07  5.326142e+07
2.357513e+04  3.611649e+07  0.000000e+00  0.000000e+00  3.248163e+08  0.000000e+00  0.000000e+00  5.850198e+07  5.699083e+07  5.463965e+07  5.323309e+07
2.360193e+04  3.607243e+07  0.000000e+00  0.000000e+00  3.244200e+08  0.000000e+00  0.000000e+00  5.846746e+07  5.696037e+07  5.461100e+07  5.320451e+07
2.362876e+04  3.602842e+07  0.000000e+00  0.000000e+00  3.240242e+08  0.000000e+00  0.000000e+00  5.843283e+07  5.692977e+07  5.458169e+07  5.317563e+07
2.365562e+04  3.598446e+07  0.000000e+00  0.000000e+00  3.236289e+08  0.000000e+00  0.000000e+00  5.839782e+07  5.689885e+07  5.455228e+07  5.314642e+07
2.368252e+04  3.594055e+07  0.000000e+00  0.000000e+00  3.232340e+08  0.000000e+00  0.000000e+00  5.836251e+07  5.686754e+07  5.452236e+07  5.311693e+07
2.370944e+04  3.589669e+07  0.000000e+00  0.000000e+00  3.228395e+08  0.000000e+00  0.000000e+00  5.832673e+07  5.683565e+07  5.449223e+07  5.308710e+07
2.373639e+04  3.585288e+07  0.000000e+00  0.000000e+00  3.224455e+08  0.000000e+00  0.000000e+00  5.829079e+07  5.680380e+07  5.446163e+07  5.305706e+07
2.376337e+04  3.580912e+07  0.000000e+00  0.000000e+00  3.220519e+08  0.000000e+00  0.000000e+00  5.825485e+07  5.677178e+07  5.443113e+07  5.302685e+07
2.379039e+04  3.576541e+07  0.000000e+00  0.000000e+00  3.216588e+08  0.000000e+00  0.000000e+00  5.821906e+07  5.673989e+07  5.440079e+07  5.299673e+07
2.381743e+04  3.572175e+07  0.000000e+00  0.000000e+00  3.212662e+08  0.000000e+00  0.000000e+00  5.818308e+07  5.670775e+07  5.437020e+07  5.296651e+07
2.384451e+04  3.567814e+07  0.000000e+00  0.000000e+00  3.208739e+08  0.000000e+00  0.000000e+00  5.814675e+07  5.667521e+07  5.433919e+07  5.293602e+07
2.387161e+04  3.563458e+07  0.000000e+00  0.000000e+00  3.204821e+08  0.000000e+00  0.000000e+00  5.811017e+07  5.664241e+07  5.430782e+07  5.290498e+07
2.389875e+04  3.559106e+07  0.000000e+00  0.000000e+00  3.200908e+08  0.000000e+00  0.000000e+00  5.807325e+07  5.660941e+07  5.427617e+07  5.287379e+07
2.392592e+04  3.554760e+07  0.000000e+00  0.000000e+00  3.196999e+08  0.000000e+00  0.000000e+00  5.803665e+07  5.657639e+07  5.424474e+07  5.284267e+07
2.395312e+04  3.550418e+07  0.000000e+00  0.000000e+00  3.193094e+08  0.000000e+00  0.000000e+00  5.800020e+07  5.654373e+07  5.421341e+07  5.281170e+07
2.398035e+04  3.546082e+07  0.000000e+00  0.000000e+00  3.189194e+08  0.000000e+00  0.000000e+00  5.796379e+07  5.651115e+07  5.418188e+07  5.278071e+07
2.400761e+04  3.541750e+07  0.000000e+00  0.000000e+00  3.185299e+08  0.000000e+00  0.000000e+00  5.792731e+07  5.647807e+07  5.414989e+07  5.274945e+07
2.403490e+04  3.537423e+07  0.000000e+00  0.000000e+00  3.181407e+08  0.000000e+00  0.000000e+00  5.789032e+07  5.644458e+07  5.411775e+07  5.271762e+07
2.406222e+04  3.533101e+07  0.000000e+00  0.000000e+00  3.177521e+08  0.000000e+00  0.000000e+00  5.785292e+07  5.641045e+07  5.408542e+07  5.268516e+07
2.408958e+04  3.528785e+07  0.000000e+00  0.000000e+00  3.173638e+08  0.000000e+00  0.000000e+00  5.781531e+07  5.637596e+07  5.405344e+07  5.265232e+07
2.411696e+04  3.524472e+07  0.000000e+00  0.000000e+00  3.169760e+08  0.000000e+00  0.000000e+00  5.777764e+07  5.634139e+07  5.402210e+07  5.261939e+07
2.414438e+04  3.520165e+07  0.000000e+00  0.000000e+00  3.165886e+08  0.000000e+00  0.000000e+00  5.773988e+07  5.630731e+07  5.399050e+07  5.258701e+07
2.417182e+04  3.515863e+07  0.000000e+00  0.000000e+00  3.162017e+08  0.000000e+00  0.000000e+00  5.770223e+07  5.627367e+07  5.395852e+07  5.255513e+07
2.419930e+04  3.511566e+07  0.000000e+00  0.000000e+00  3.158152e+08  0.000000e+00  0.000000e+00  5.766430e+07  5.624022e+07  5.392587e+07  5.252375e+07
2.422681e+04  3.507273e+07  0.000000e+00  0.000000e+00  3.154292e+08  0.000000e+00  0.000000e+00  5.762635e+07  5.620691e+07  5.389302e+07  5.249250e+07
2.425435e+04  3.502985e+07  0.000000e+00  0.000000e+00  3.150435e+08  0.000000e+00  0.000000e+00  5.758838e+07  5.617318e+07  5.385985e+07  5.246074e+07
2.428192e+04  3.498703e+07  0.000000e+00  0.000000e+00  3.146584e+08  0.000000e+00  0.000000e+00  5.755039e+07  5.613934e+07  5.382669e+07  5.242872e+07
2.430953e+04  3.494425e+07  0.000000e+00  0.000000e+00  3.142736e+08  0.000000e+00  0.000000e+00  5.751209e+07  5.610497e+07  5.379341e+07  5.239629e+07
2.433716e+04  3.490151e+07  0.000000e+00  0.000000e+00  3.138893e+08  0.000000e+00  0.000000e+00  5.747359e+07  5.607000e+07  5.376006e+07  5.236330e+07
2.436483e+04  3.485883e+07  0.000000e+00  0.000000e+00  3.135054e+08  0.000000e+00  0.000000e+00  5.743492e+07  5.603478e+07  5.372601e+07  5.232959e+07
2.439253e+04  3.481620e+07  0.000000e+00  0.000000e+00  3.131220e+08  0.000000e+00  0.000000e+00  5.739645e+07  5.599895e+07  5.369169e+07  5.229558e+07
2.442026e+04  3.477361e+07  0.000000e+00  0.000000e+00  3.127390e+08  0.000000e+00  0.000000e+00  5.735829e+07  5.596263e+07  5.365667e+07  5.226107e+07
2.444802e+04  3.473107e+07  0.000000e+00  0.000000e+00  3.123564e+08  0.000000e+00  0.000000e+00  5.731974e+07  5.592627e+07  5.362147e+07  5.222638e+07
2.447581e+04  3.468858e+07  0.000000e+00  0.000000e+00  3.119743e+08  0.000000e+00  0.000000e+00  5.728106e+07  5.588973e+07  5.358624e+07  5.219179e+07
2.450363e+04  3.464614e+07  0.000000e+00  0.000000e+00  3.115926e+08  0.000000e+00  0.000000e+00  5.724195e+07  5.585320e+07  5.355096e+07  5.215776e+07
2.453149e+04  3.460375e+07  0.000000e+00  0.000000e+00  3.112113e+08  0.000000e+00  0.000000e+00  5.720265e+07  5.581680e+07  5.351604e+07  5.212450e+07
2.455937e+04  3.456140e+07  0.000000e+00  0.000000e+00  3.108305e+08  0.000000e+00  0.000000e+00  5.716323e+07  5.578038e+07  5.348104e+07  5.209126e+07
2.458729e+04  3.451911e+07  0.000000e+00  0.000000e+00  3.104501e+08  0.000000e+00  0.000000e+00  5.712386e+07  5.574376e+07  5.344591e+07  5.205723e+07
2.461524e+04  3.447686e+07  0.000000e+00  0.000000e+00  3.100701e+08  0.000000e+00  0.000000e+00  5.708400e+07  5.570674e+07  5.341031e+07  5.202198e+07
2.464323e+04  3.443465e+07  0.000000e+00  0.000000e+00  3.096906e+08  0.000000e+00  0.000000e+00  5.704385e+07  5.566933e+07  5.337406e+07  5.198550e+07
2.467124e+04  3.439250e+07  0.000000e+00  0.000000e+00  3.093115e+08  0.000000e+00  0.000000e+00  5.700303e+07  5.563127e+07  5.333753e+07  5.194835e+07
2.469929e+04  3.435040e+07  0.000000e+00  0.000000e+00  3.089328e+08  0.000000e+00  0.000000e+00  5.696203e+07  5.559296e+07  5.330060e+07  5.191114e+07
2.472736e+04  3.430834e+07  0.000000e+00  0.000000e+00  3.085545e+08  0.000000e+00  0.000000e+00  5.692067e+07  5.555448e+07  5.326356e+07  5.187426e+07
2.475547e+04  3.426633e+07  0.000000e+00  0.000000e+00  3.081767e+08  0.000000e+00  0.000000e+00  5.687947e+07  5.551603e+07  5.322667e+07  5.183748e+07
2.478362e+04  3.422436e+07  0.000000e+00  0.000000e+00  3.077993e+08  0.000000e+00  0.000000e+00  5.683813e+07  5.547739e+07  5.318941e+07  5.180081e+07
2.481179e+04  3.418245e+07  0.000000e+00  0.000000e+00  3.074223e+08  0.000000e+00  0.000000e+00  5.679653e+07  5.543867e+07  5.315219e+07  5.176377e+07
2.484000e+04  3.414058e+07  0.000000e+00  0.000000e+00  3.070458e+08  0.000000e+00  0.000000e+00  5.675481e+07  5.539964e+07  5.311448e+07  5.172644e+07
2.486823e+04  3.409876e+07  0.000000e+00  0.000000e+00  3.066697e+08  0.000000e+00  0.000000e+00  5.671275e+07  5.536014e+07  5.307672e+07  5.168875e+07
2.489650e+04  3.405699e+07  0.000000e+00  0.000000e+00  3.062940e+08  0.000000e+00  0.000000e+00  5.667061e+07  5.532066e+07  5.303882e+07  5.165099e+07
2.492481e+04  3.401526e+07  0.000000e+00  0.000000e+00  3.059187e+08  0.000000e+00  0.000000e+00  5.662829e+07  5.528091e+07  5.300154e+07  5.161309e+07
2.495314e+04  3.397358e+07  0.000000e+00  0.000000e+00  3.055439e+08  0.000000e+00  0.000000e+00  5.658585e+07  5.524120e+07  5.296402e+07  5.157536e+07
2.498151e+04  3.393195e+07  0.000000e+00  0.000000e+00  3.051695e+08  0.000000e+00  0.000000e+00  5.654320e+07  5.520116e+07  5.292609e+07  5.153731e+07
2.500991e+04  3.389037e+07  0.000000e+00  0.000000e+00  3.047955e+08  0.000000e+00  0.000000e+00  5.650051e+07  5.516103e+07  5.288720e+07  5.149894e+07
2.503834e+04  3.384883e+07  0.000000e+00  0.000000e+00  3.044219e+08  0.000000e+00  0.000000e+00  5.645770e+07  5.512057e+07  5.284762e+07  5.146030e+07
2.506680e+04  3.380734e+07  0.000000e+00  0.000000e+00  3.040488e+08  0.000000e+00  0.000000e+00  5.641477e+07  5.508011e+07  5.280799e+07  5.142134e+07
2.509530e+04  3.376590e+07  0.000000e+00  0.000000e+00  3.036761e+08  0.000000e+00  0.000000e+00  5.637158e+07  5.503939e+07  5.276805e+07  5.138222e+07
2.512382e+04  3.372450e+07  0.000000e+00  0.000000e+00  3.033038e+08  0.000000e+00  0.000000e+00  5.632838e+07  5.499845e+07  5.272839e+07  5.134292e+07
2.515238e+04  3.368315e+07  0.000000e+00  0.000000e+00  3.029319e+08  0.000000e+00  0.000000e+00  5.628502e+07  5.495746e+07  5.268861e+07  5.130383e+07
2.518098e+04  3.364185e+07  0.000000e+00  0.000000e+00  3.025604e+08  0.000000e+00  0.000000e+00  5.624178e+07  5.491657e+07  5.264894e+07  5.126499e+07
2.520960e+04  3.360060e+07  0.000000e+00  0.000000e+00  3.021894e+08  0.000000e+00  0.000000e+00  5.619832e+07  5.487568e+07  5.260929e+07  5.122624e+07
2.523826e+04  3.355939e+07  0.000000e+00  0.000000e+00  3.018188e+08  0.000000e+00  0.000000e+00  5.615473e+07  5.483456e+07  5.256963e+07  5.118709e+07
2.526695e+04  3.351823e+07  0.000000e+00  0.000000e+00  3.014486e+08  0.000000e+00  0.000000e+00  5.611107e+07  5.479307e+07  5.252935e+07  5.114758e+07
2.529567e+04  3.347711e+07  0.000000e+00  0.000000e+00  3.010788e+08  0.000000e+00  0.000000e+00  5.606711e+07  5.475146e+07  5.248892e+07  5.110784e+07
2.532443e+04  3.343604e+07  0.000000e+00  0.000000e+00  3.007095e+08  0.000000e+00  0.000000e+00  5.602309e+07  5.470954e+07  5.244826e+07  5.106774e+07
2.535322e+04  3.339502e+07  0.000000e+00  0.000000e+00  3.003406e+08  0.000000e+00  0.000000e+00  5.597896e+07  5.466783e+07  5.240770e+07  5.102784e+07
2.538204e+04  3.335405e+07  0.000000e+00  0.000000e+00  2.999720e+08  0.000000e+00  0.000000e+00  5.593465e+07  5.462681e+07  5.236700e+07  5.098817e+07
2.541089e+04  3.331312e+07  0.000000e+00  0.000000e+00  2.996040e+08  0.000000e+00  0.000000e+00  5.589032e+07  5.458594e+07  5.232634e+07  5.094855e+07
2.543978e+04  3.327224e+07  0.000000e+00  0.000000e+00  2.992363e+08  0.000000e+00  0.000000e+00  5.584580e+07  5.454410e+07  5.228550e+07  5.090835e+07
2.546870e+04  3.323140e+07  0.000000e+00  0.000000e+00  2.988690e+08  0.000000e+00  0.000000e+00  5.580128e+07  5.450109e+07  5.224403e+07  5.086763e+07
2.549765e+04  3.319061e+07  0.000000e+00  0.000000e+00  2.985022e+08  0.000000e+00  0.000000e+00  5.575649e+07  5.445773e+07  5.220260e+07  5.082656e+07
2.552664e+04  3.314987e+07  0.000000e+00  0.000000e+00  2.981357e+08  0.000000e+00  0.000000e+00  5.571171e+07  5.441418e+07  5.216107e+07  5.078534e+07
2.555566e+04  3.310917e+07  0.000000e+00  0.000000e+00  2.977697e+08  0.000000e+00  0.000000e+00  5.566672e+07  5.437085e+07  5.211916e+07  5.074386e+07
2.558471e+04  3.306852e+07  0.000000e+00  0.000000e+00  2.974041e+08  0.000000e+00  0.000000e+00  5.562171e+07  5.432738e+07  5.207702e+07  5.070220e+07
2.561379e+04  3.302791e+07  0.000000e+00  0.000000e+00  2.970390e+08  0.000000e+00  0.000000e+00  5.557653e+07  5.428397e+07  5.203486e+07  5.066059e+07
2.564291e+04  3.298736e+07  0.000000e+00  0.000000e+00  2.966742e+08  0.000000e+00  0.000000e+00  5.553112e+07  5.424078e+07  5.199312e+07  5.061971e+07
2.567206e+04  3.294684e+07  0.000000e+00  0.000000e+00  2.963098e+08  0.000000e+00  0.000000e+00  5.548572e+07  5.419727e+07  5.195133e+07  5.057892e+07
2.570124e+04  3.290638e+07  0.000000e+00  0.000000e+00  2.959459e+08  0.000000e+00  0.000000e+00  5.544029e+07  5.415373e+07  5.190927e+07  5.053775e+07
2.573046e+04  3.286596e+07  0.000000e+00  0.000000e+00  2.955824e+08  0.000000e+00  0.000000e+00  5.539451e+07  5.410995e+07  5.186682e+07  5.049597e+07
2.575971e+04  3.282558e+07  0.000000e+00  0.000000e+00  2.952192e+08  0.000000e+00  0.000000e+00  5.534849e+07  5.406582e+07  5.182416e+07  5.045378e+07
2.578899e+04  3.278525e+07  0.000000e+00  0.000000e+00  2.948565e+08  0.000000e+00  0.000000e+00  5.530231e+07  5.402151e+07  5.178115e+07  5.041152e+07
2.581831e+04  3.274497e+07  0.000000e+00  0.000000e+00  2.944942e+08  0.000000e+00  0.000000e+00  5.525698e+07  5.397713e+07  5.173853e+07  5.036946e+07
2.584766e+04  3.270473e+07  0.000000e+00  0.000000e+00  2.941324e+08  0.000000e+00  0.000000e+00  5.521403e+07  5.393302e+07  5.169639e+07  5.032836e+07
2.587704e+04  3.266454e+07  0.000000e+00  0.000000e+00  2.937709e+08  0.000000e+00  0.000000e+00  5.517059e+07  5.388897e+07  5.165383e+07  5.028725e+07
2.590646e+04  3.262439e+07  0.000000e+00  0.000000e+00  2.934098e+08  0.000000e+00  0.000000e+00  5.512401e+07  5.384433e+07  5.161061e+07  5.024464e+07
2.593591e+04  3.258429e+07  0.000000e+00  0.000000e+00  2.930492e+08  0.000000e+00  0.000000e+00  5.507569e+07  5.379929e+07  5.156678e+07  5.020128e+07
2.596540e+04  3.254423e+07  0.000000e+00  0.000000e+00  2.926889e+08  0.000000e+00  0.000000e+00  5.502781e+07  5.375413e+07  5.152300e+07  5.015773e+07
2.599491e+04  3.250422e+07  0.000000e+00  0.000000e+00  2.923291e+08  0.000000e+00  0.000000e+00  5.498064e+07  5.370890e+07  5.147890e+07  5.011417e+07
2.602446e+04  3.246426e+07  0.000000e+00  0.000000e+00  2.919697e+08  0.000000e+00  0.000000e+00  5.493360e+07  5.366369e+07  5.143458e+07  5.007000e+07
2.605405e+04  3.242434e+07  0.000000e+00  0.000000e+00  2.916107e+08  0.000000e+00  0.000000e+00  5.488658e+07  5.361835e+07  5.139072e+07  5.002660e+07
2.608367e+04  3.238447e+07  0.000000e+00  0.000000e+00  2.912521e+08  0.000000e+00  0.000000e+00  5.483940e+07  5.357300e+07  5.134720e+07  4.998445e+07
2.611332e+04  3.234464e+07  0.000000e+00  0.000000e+00  2.908939e+08  0.000000e+00  0.000000e+00  5.479215e+07  5.352731e+07  5.130347e+07  4.994189e+07
2.614300e+04  3.230485e+07  0.000000e+00  0.000000e+00  2.905361e+08  0.000000e+00  0.000000e+00  5.474478e+07  5.348173e+07  5.125906e+07  4.989833e+07
2.617272e+04  3.226512e+07  0.000000e+00  0.000000e+00  2.901787e+08  0.000000e+00  0.000000e+00  5.469701e+07  5.343560e+07  5.121450e+07  4.985408e+07
2.620247e+04  3.222542e+07  0.000000e+00  0.000000e+00  2.898217e+08  0.000000e+00  0.000000e+00  5.464882e+07  5.338917e+07  5.116934e+07  4.980958e+07
2.623226e+04  3.218577e+07  0.000000e+00  0.000000e+00  2.894651e+08  0.000000e+00  0.000000e+00  5.460243e+07  5.334468e+07  5.112599e+07  4.976706e+07
2.626208e+04  3.214617e+07  0.000000e+00  0.000000e+00  2.891089e+08  0.000000e+00  0.000000e+00  5.455645e+07  5.330103e+07  5.108347e+07  4.972575e+07
2.629194e+04  3.210661e+07  0.000000e+00  0.000000e+00  2.887532e+08  0.000000e+00  0.000000e+00  5.450813e+07  5.325415e+07  5.103801e+07  4.968129e+07
2.632182e+04  3.206710e+07  0.000000e+00  0.000000e+00  2.883978e+08  0.000000e+00  0.000000e+00  5.445937e+07  5.320653e+07  5.099197e+07  4.963548e+07
2.635175e+04  3.202763e+07  0.000000e+00  0.000000e+00  2.880428e+08  0.000000e+00  0.000000e+00  5.441084e+07  5.315948e+07  5.094636e+07  4.958954e+07
2.638170e+04  3.198821e+07  0.000000e+00  0.000000e+00  2.876883e+08  0.000000e+00  0.000000e+00  5.436244e+07  5.311250e+07  5.090077e+07  4.954360e+07
2.641169e+04  3.194883e+07  0.000000e+00  0.000000e+00  2.873341e+08  0.000000e+00  0.000000e+00  5.431414e+07  5.306557e+07  5.085519e+07  4.950036e+07
2.644172e+04  3.190949e+07  0.000000e+00  0.000000e+00  2.869803e+08  0.000000e+00  0.000000e+00  5.426537e+07  5.301796e+07  5.080930e+07  4.945650e+07
2.647178e+04  3.187020e+07  0.000000e+00  0.000000e+00  2.866270e+08  0.000000e+00  0.000000e+00  5.421493e+07  5.296868e+07  5.076172e+07  4.940999e+07
2.650187e+04  3.183096e+07  0.000000e+00  0.000000e+00  2.862740e+08  0.000000e+00  0.000000e+00  5.417341e+07  5.292993e+07  5.072262e+07  4.936925e+07
2.653200e+04  3.179176e+07  0.000000e+00  0.000000e+00  2.859215e+08  0.000000e+00  0.000000e+00  5.412199e+07  5.287918e+07  5.067325e+07  4.932121e+07
2.656216e+04  3.175260e+07  0.000000e+00  0.000000e+00  2.855693e+08  0.000000e+00  0.000000e+00  5.405815e+07  5.281366e+07  5.061176e+07  4.926432e+07
2.659235e+04  3.171349e+07  0.000000e+00  0.000000e+00  2.852176e+08  0.000000e+00  0.000000e+00  5.401476e+07  5.276967e+07  5.056928e+07  4.922364e+07
2.662174e+04  3.167551e+07  0.000000e+00  0.000000e+00  2.848760e+08  0.000000e+00  0.000000e+00  5.397115e+07  5.272625e+07  5.052704e+07  4.918220e+07
2.665031e+04  3.163867e+07  0.000000e+00  0.000000e+00  2.845447e+08  0.000000e+00  0.000000e+00  5.392797e+07  5.268435e+07  5.048614e+07  4.914178e+07
2.667891e+04  3.160187e+07  0.000000e+00  0.000000e+00  2.842137e+08  0.000000e+00  0.000000e+00  5.390681e+07  5.266376e+07  5.046575e+07  4.912129e+07
2.670754e+04  3.156510e+07  0.000000e+00  0.000000e+00  2.838830e+08  0.000000e+00  0.000000e+00  5.385687e+07  5.261519e+07  5.041847e+07  4.907485e+07
2.673620e+04  3.152838e+07  0.000000e+00  0.000000e+00  2.835527e+08  0.000000e+00  0.000000e+00  5.379489e+07  5.255490e+07  5.036005e+07  4.901735e+07
2.676490e+04  3.149169e+07  0.000000e+00  0.000000e+00  2.832228e+08  0.000000e+00  0.000000e+00  5.375140e+07  5.251251e+07  5.031878e+07  4.897664e+07
2.679362e+04  3.145504e+07  0.000000e+00  0.000000e+00  2.828932e+08  0.000000e+00  0.000000e+00  5.370454e+07  5.246688e+07  5.027443e+07  4.893282e+07
2.682238e+04  3.141844e+07  0.000000e+00  0.000000e+00  2.825640e+08  0.000000e+00  0.000000e+00  5.365721e+07  5.242079e+07  5.022958e+07  4.888864e+07
2.685116e+04  3.138187e+07  0.000000e+00  0.000000e+00  2.822351e+08  0.000000e+00  0.000000e+00  5.361007e+07  5.237501e+07  5.018486e+07  4.884464e+07
2.687998e+04  3.134534e+07  0.000000e+00  0.000000e+00  2.819066e+08  0.000000e+00  0.000000e+00  5.356302e+07  5.232900e+07  5.014027e+07  4.880048e+07
2.690883e+04  3.130885e+07  0.000000e+00  0.000000e+00  2.815784e+08  0.000000e+00  0.000000e+00  5.351631e+07  5.228335e+07  5.009585e+07  4.875683e+07
2.693771e+04  3.127240e+07  0.000000e+00  0.000000e+00  2.812506e+08  0.000000e+00  0.000000e+00  5.347078e+07  5.223914e+07  5.005264e+07  4.871423e+07
2.696662e+04  3.123599e+07  0.000000e+00  0.000000e+00  2.809231e+08  0.000000e+00  0.000000e+00  5.342326e+07  5.219279e+07  5.000763e+07  4.866961e+07
2.699556e+04  3.119961e+07  0.000000e+00  0.000000e+00  2.805960e+08  0.000000e+00  0.000000e+00  5.337243e+07  5.214321e+07  4.995925e+07  4.862220e+07
2.702453e+04  3.116328e+07  0.000000e+00  0.000000e+00  2.802692e+08  0.000000e+00  0.000000e+00  5.332310e+07  5.209499e+07  4.991239e+07  4.857600e+07
2.705353e+04  3.112699e+07  0.000000e+00  0.000000e+00  2.799428e+08  0.000000e+00  0.000000e+00  5.327579e+07  5.204878e+07  4.986741e+07  4.853151e+07
2.708257e+04  3.109073e+07  0.000000e+00  0.000000e+00  2.796167e+08  0.000000e+00  0.000000e+00  5.322836e+07  5.200256e+07  4.982232e+07  4.848699e+07
2.711163e+04  3.105451e+07  0.000000e+00  0.000000e+00  2.792910e+08  0.000000e+00  0.000000e+00  5.318079e+07  5.195596e+07  4.977690e+07  4.844226e+07
2.714073e+04  3.101833e+07  0.000000e+00  0.000000e+00  2.789656e+08  0.000000e+00  0.000000e+00  5.313291e+07  5.190927e+07  4.973147e+07  4.839733e+07
2.716986e+04  3.098219e+07  0.000000e+00  0.000000e+00  2.786406e+08  0.000000e+00  0.000000e+00  5.308463e+07  5.186212e+07  4.968544e+07  4.835216e+07
2.719901e+04  3.094609e+07  0.000000e+00  0.000000e+00  2.783159e+08  0.000000e+00  0.000000e+00  5.303656e+07  5.181510e+07  4.963958e+07  4.830690e+07
2.722820e+04  3.091003e+07  0.000000e+00  0.000000e+00  2.779916e+08  0.000000e+00  0.000000e+00  5.298878e+07  5.176824e+07  4.959406e+07  4.826203e+07
2.725743e+04  3.087401e+07  0.000000e+00  0.000000e+00  2.776676e+08  0.000000e+00  0.000000e+00  5.294095e+07  5.172156e+07  4.954831e+07  4.821706e+07
2.728668e+04  3.083802e+07  0.000000e+00  0.000000e+00  2.773440e+08  0.000000e+00  0.000000e+00  5.289286e+07  5.167457e+07  4.950271e+07  4.817189e+07
2.731596e+04  3.080208e+07  0.000000e+00  0.000000e+00  2.770207e+08  0.000000e+00  0.000000e+00  5.284495e+07  5.162765e+07  4.945700e+07  4.812691e+07
2.734528e+04  3.076617e+07  0.000000e+00  0.000000e+00  2.766978e+08  0.000000e+00  0.000000e+00  5.279721e+07  5.158085e+07  4.941126e+07  4.808203e+07
2.737463e+04  3.073030e+07  0.000000e+00  0.000000e+00  2.763752e+08  0.000000e+00  0.000000e+00  5.274919e+07  5.153397e+07  4.936557e+07  4.803666e+07
2.740401e+04  3.069447e+07  0.000000e+00  0.000000e+00  2.760530e+08  0.000000e+00  0.000000e+00  5.270018e+07  5.148590e+07  4.931861e+07  4.799051e+07
2.743342e+04  3.065868e+07  0.000000e+00  0.000000e+00  2.757311e+08  0.000000e+00  0.000000e+00  5.265080e+07  5.143757e+07  4.927147e+07  4.794406e+07
2.746286e+04  3.062293e+07  0.000000e+00  0.000000e+00  2.754095e+08  0.000000e+00  0.000000e+00  5.260203e+07  5.138951e+07  4.922470e+07  4.789797e+07
2.749233e+04  3.058721e+07  0.000000e+00  0.000000e+00  2.750883e+08  0.000000e+00  0.000000e+00  5.255352e+07  5.134214e+07  4.917838e+07  4.785224e+07
2.752184e+04  3.055153e+07  0.000000e+00  0.000000e+00  2.747674e+08  0.000000e+00  0.000000e+00  5.250501e+07  5.129463e+07  4.913199e+07  4.780658e+07
2.755137e+04  3.051590e+07  0.000000e+00  0.000000e+00  2.744469e+08  0.000000e+00  0.000000e+00  5.245656e+07  5.124705e+07  4.908560e+07  4.776082e+07
2.758094e+04  3.048029e+07  0.000000e+00  0.000000e+00  2.741267e+08  0.000000e+00  0.000000e+00  5.240792e+07  5.119946e+07  4.903908e+07  4.771496e+07
2.761054e+04  3.044473e+07  0.000000e+00  0.000000e+00  2.738069e+08  0.000000e+00  0.000000e+00  5.235922e+07  5.115155e+07  4.899236e+07  4.766887e+07
2.764017e+04  3.040921e+07  0.000000e+00  0.000000e+00  2.734874e+08  0.000000e+00  0.000000e+00  5.231007e+07  5.110341e+07  4.894554e+07  4.762249e+07
2.766984e+04  3.037372e+07  0.000000e+00  0.000000e+00  2.731683e+08  0.000000e+00  0.000000e+00  5.226112e+07  5.105517e+07  4.889854e+07  4.757612e+07
2.769953e+04  3.033827e+07  0.000000e+00  0.000000e+00  2.728495e+08  0.000000e+00  0.000000e+00  5.221213e+07  5.100721e+07  4.885173e+07  4.753000e+07
2.772926e+04  3.030286e+07  0.000000e+00  0.000000e+00  2.725310e+08  0.000000e+00  0.000000e+00  5.216347e+07  5.095929e+07  4.880499e+07  4.748389e+07
2.775902e+04  3.026749e+07  0.000000e+00  0.000000e+00  2.722129e+08  0.000000e+00  0.000000e+00  5.211467e+07  5.091143e+07  4.875834e+07  4.743770e+07
2.778881e+04  3.023216e+07  0.000000e+00  0.000000e+00  2.718951e+08  0.000000e+00  0.000000e+00  5.206574e+07  5.086347e+07  4.871128e+07  4.739143e+07
2.781863e+04  3.019686e+07  0.000000e+00  0.000000e+00  2.715777e+08  0.000000e+00  0.000000e+00  5.201687e+07  5.081541e+07  4.866445e+07  4.734509e+07
2.784849e+04  3.016160e+07  0.000000e+00  0.000000e+00  2.712606e+08  0.000000e+00  0.000000e+00  5.196790e+07  5.076720e+07  4.861743e+07  4.729884e+07
2.787838e+04  3.012638e+07  0.000000e+00  0.000000e+00  2.709438e+08  0.000000e+00  0.000000e+00  5.191890e+07  5.071920e+07  4.857054e+07  4.725238e+07
2.790829e+04  3.009120e+07  0.000000e+00  0.000000e+00  2.706274e+08  0.000000e+00  0.000000e+00  5.186966e+07  5.067068e+07  4.852309e+07  4.720577e+07
2.793825e+04  3.005606e+07  0.000000e+00  0.000000e+00  2.703113e+08  0.000000e+00  0.000000e+00  5.182001e+07  5.062200e+07  4.847550e+07  4.715880e+07
2.796823e+04  3.002095e+07  0.000000e+00  0.000000e+00  2.699956e+08  0.000000e+00  0.000000e+00  5.177042e+07  5.057317e+07  4.842779e+07  4.711161e+07
2.799825e+04  2.998588e+07  0.000000e+00  0.000000e+00  2.696802e+08  0.000000e+00  0.000000e+00  5.172082e+07  5.052421e+07  4.838006e+07  4.706458e+07
2.802829e+04  2.995085e+07  0.000000e+00  0.000000e+00  2.693651e+08  0.000000e+00  0.000000e+00  5.167133e+07  5.047547e+07  4.833230e+07  4.701757e+07
2.805837e+04  2.991585e+07  0.000000e+00  0.000000e+00  2.690504e+08  0.000000e+00  0.000000e+00  5.162187e+07  5.042676e+07  4.828461e+07  4.697065e+07
2.808849e+04  2.988090e+07  0.000000e+00  0.000000e+00  2.687360e+08  0.000000e+00  0.000000e+00  5.157229e+07  5.037797e+07  4.823679e+07  4.692355e+07
2.811863e+04  2.984598e+07  0.000000e+00  0.000000e+00  2.684220e+08  0.000000e+00  0.000000e+00  5.152281e+07  5.032891e+07  4.818931e+07  4.687618e+07
2.814881e+04  2.981109e+07  0.000000e+00  0.000000e+00  2.681082e+08  0.000000e+00  0.000000e+00  5.147302e+07  5.027985e+07  4.814182e+07  4.682868e+07
2.817902e+04  2.977625e+07  0.000000e+00  0.000000e+00  2.677949e+08  0.000000e+00  0.000000e+00  5.142321e+07  5.023048e+07  4.809439e+07  4.678112e+07
2.820926e+04  2.974144e+07  0.000000e+00  0.000000e+00  2.674818e+08  0.000000e+00  0.000000e+00  5.137322e+07  5.018131e+07  4.804662e+07  4.673352e+07
2.823953e+04  2.970667e+07  0.000000e+00  0.000000e+00  2.671691e+08  0.000000e+00  0.000000e+00  5.132344e+07  5.013241e+07  4.799907e+07  4.668654e+07
2.826984e+04  2.967194e+07  0.000000e+00  0.000000e+00  2.668568e+08  0.000000e+00  0.000000e+00  5.127396e+07  5.008403e+07  4.795143e+07  4.663985e+07
2.830018e+04  2.963725e+07  0.000000e+00  0.000000e+00  2.665447e+08  0.000000e+00  0.000000e+00  5.122456e+07  5.003579e+07  4.790403e+07  4.659329e+07
2.833055e+04  2.960259e+07  0.000000e+00  0.000000e+00  2.662330e+08  0.000000e+00  0.000000e+00  5.117498e+07  4.998742e+07  4.785629e+07  4.654675e+07
2.836096e+04  2.956797e+07  0.000000e+00  0.000000e+00  2.659217e+08  0.000000e+00  0.000000e+00  5.112537e+07  4.993862e+07  4.780850e+07  4.649986e+07
2.839139e+04  2.953338e+07  0.000000e+00  0.000000e+00  2.656106e+08  0.000000e+00  0.000000e+00  5.107567e+07  4.988973e+07  4.776048e+07  4.645264e+07
2.842186e+04  2.949884e+07  0.000000e+00  0.000000e+00  2.652999e+08  0.000000e+00  0.000000e+00  5.102569e+07  4.984054e+07  4.771248e+07  4.640522e+07
2.845237e+04  2.946433e+07  0.000000e+00  0.000000e+00  2.649896e+08  0.000000e+00  0.000000e+00  5.097555e+07  4.979129e+07  4.766429e+07  4.635763e+07
2.848290e+04  2.942986e+07  0.000000e+00  0.000000e+00  2.646796e+08  0.000000e+00  0.000000e+00  5.092516e+07  4.974190e+07  4.761594e+07  4.630991e+07
2.851347e+04  2.939542e+07  0.000000e+00  0.000000e+00  2.643699e+08  0.000000e+00  0.000000e+00  5.087497e+07  4.969234e+07  4.756755e+07  4.626210e+07
2.854407e+04  2.936102e+07  0.000000e+00  0.000000e+00  2.640605e+08  0.000000e+00  0.000000e+00  5.082499e+07  4.964290e+07  4.751920e+07  4.621423e+07
2.857470e+04  2.932666e+07  0.000000e+00  0.000000e+00  2.637515e+08  0.000000e+00  0.000000e+00  5.077543e+07  4.959354e+07  4.747091e+07  4.616650e+07
2.860537e+04  2.929234e+07  0.000000e+00  0.000000e+00  2.634428e+08  0.000000e+00  0.000000e+00  5.072587e+07  4.954437e+07  4.742259e+07  4.611871e+07
2.863607e+04  2.925805e+07  0.000000e+00  0.000000e+00  2.631344e+08  0.000000e+00  0.000000e+00  5.067628e+07  4.949491e+07  4.737425e+07  4.607094e+07
2.866680e+04  2.922380e+07  0.000000e+00  0.000000e+00  2.628264e+08  0.000000e+00  0.000000e+00  5.062635e+07  4.944557e+07  4.732568e+07  4.602317e+07
2.869757e+04  2.918959e+07  0.000000e+00  0.000000e+00  2.625187e+08  0.000000e+00  0.000000e+00  5.057628e+07  4.939577e+07  4.727721e+07  4.597526e+07
2.872837e+04  2.915541e+07  0.000000e+00  0.000000e+00  2.622113e+08  0.000000e+00  0.000000e+00  5.052570e+07  4.934591e+07  4.722825e+07  4.592757e+07
2.875920e+04  2.912127e+07  0.000000e+00  0.000000e+00  2.619042e+08  0.000000e+00  0.000000e+00  5.047524e+07  4.929584e+07  4.717948e+07  4.587973e+07
2.879006e+04  2.908716e+07  0.000000e+00  0.000000e+00  2.615975e+08  0.000000e+00  0.000000e+00  5.042484e+07  4.924586e+07  4.713058e+07  4.583195e+07
2.882096e+04  2.905310e+07  0.000000e+00  0.000000e+00  2.612911e+08  0.000000e+00  0.000000e+00  5.037440e+07  4.919605e+07  4.708181e+07  4.578397e+07
2.885189e+04  2.901907e+07  0.000000e+00  0.000000e+00  2.609851e+08  0.000000e+00  0.000000e+00  5.032428e+07  4.914640e+07  4.703297e+07  4.573580e+07
2.888286e+04  2.898507e+07  0.000000e+00  0.000000e+00  2.606793e+08  0.000000e+00  0.000000e+00  5.027416e+07  4.909670e+07  4.698438e+07  4.568743e+07
2.891385e+04  2.895111e+07  0.000000e+00  0.000000e+00  2.603739e+08  0.000000e+00  0.000000e+00  5.022419e+07  4.904687e+07  4.693570e+07  4.563899e+07
2.894488e+04  2.891719e+07  0.000000e+00  0.000000e+00  2.600689e+08  0.000000e+00  0.000000e+00  5.017378e+07  4.899701e+07  4.688664e+07  4.559057e+07
2.897595e+04  2.888331e+07  0.000000e+00  0.000000e+00  2.597641e+08  0.000000e+00  0.000000e+00  5.012355e+07  4.894705e+07  4.683785e+07  4.554201e+07
2.900704e+04  2.884946e+07  0.000000e+00  0.000000e+00  2.594597e+08  0.000000e+00  0.000000e+00  5.007308e+07  4.889694e+07  4.678880e+07  4.549345e+07
2.903817e+04  2.881565e+07  0.000000e+00  0.000000e+00  2.591556e+08  0.000000e+00  0.000000e+00  5.002263e+07  4.884700e+07  4.673963e+07  4.544508e+07
2.906934e+04  2.878187e+07  0.000000e+00  0.000000e+00  2.588519e+08  0.000000e+00  0.000000e+00  4.997211e+07  4.879671e+07  4.669069e+07  4.539652e+07
2.910054e+04  2.874813e+07  0.000000e+00  0.000000e+00  2.585484e+08  0.000000e+00  0.000000e+00  4.992152e+07  4.874670e+07  4.664157e+07  4.534799e+07
2.913177e+04  2.871443e+07  0.000000e+00  0.000000e+00  2.582453e+08  0.000000e+00  0.000000e+00  4.987091e+07  4.869634e+07  4.659239e+07  4.529930e+07
2.916303e+04  2.868076e+07  0.000000e+00  0.000000e+00  2.579425e+08  0.000000e+00  0.000000e+00  4.982019e+07  4.864593e+07  4.654280e+07  4.525043e+07
2.919433e+04  2.864713e+07  0.000000e+00  0.000000e+00  2.576400e+08  0.000000e+00  0.000000e+00  4.976912e+07  4.859540e+07  4.649328e+07  4.520141e+07
2.922566e+04  2.861354e+07  0.000000e+00  0.000000e+00  2.573379e+08  0.000000e+00  0.000000e+00  4.971804e+07  4.854457e+07  4.644362e+07  4.515222e+07
2.925703e+04  2.857998e+07  0.000000e+00  0.000000e+00  2.570361e+08  0.000000e+00  0.000000e+00  4.966709e+07  4.849394e+07  4.639416e+07  4.510318e+07
2.928843e+04  2.854645e+07  0.000000e+00  0.000000e+00  2.567346e+08  0.000000e+00  0.000000e+00  4.961612e+07  4.844335e+07  4.634512e+07  4.505418e+07
2.931986e+04  2.851297e+07  0.000000e+00  0.000000e+00  2.564334e+08  0.000000e+00  0.000000e+00  4.956539e+07  4.839299e+07  4.629619e+07  4.500551e+07
2.935132e+04  2.847952e+07  0.000000e+00  0.000000e+00  2.561326e+08  0.000000e+00  0.000000e+00  4.951487e+07  4.834260e+07  4.624718e+07  4.495687e+07
2.938282e+04  2.844610e+07  0.000000e+00  0.000000e+00  2.558321e+08  0.000000e+00  0.000000e+00  4.946439e+07  4.829244e+07  4.619792e+07  4.490823e+07
2.941436e+04  2.841272e+07  0.000000e+00  0.000000e+00  2.555319e+08  0.000000e+00  0.000000e+00  4.941374e+07  4.824213e+07  4.614842e+07  4.485934e+07
2.944593e+04  2.837938e+07  0.000000e+00  0.000000e+00  2.552320e+08  0.000000e+00  0.000000e+00  4.936298e+07  4.819147e+07  4.609854e+07  4.481038e+07
2.947753e+04  2.834607e+07  0.000000e+00  0.000000e+00  2.549325e+08  0.000000e+00  0.000000e+00  4.931195e+07  4.814072e+07  4.604872e+07  4.476110e+07
2.950916e+04  2.831280e+07  0.000000e+00  0.000000e+00  2.546332e+08  0.000000e+00  0.000000e+00  4.926069e+07  4.808971e+07  4.599869e+07  4.471161e+07
2.954083e+04  2.827957e+07  0.000000e+00  0.000000e+00  2.543343e+08  0.000000e+00  0.000000e+00  4.920923e+07  4.803840e+07  4.594832e+07  4.466180e+07
2.957254e+04  2.824637e+07  0.000000e+00  0.000000e+00  2.540357e+08  0.000000e+00  0.000000e+00  4.915767e+07  4.798705e+07  4.589799e+07  4.461192e+07
2.960427e+04  2.821320e+07  0.000000e+00  0.000000e+00  2.537375e+08  0.000000e+00  0.000000e+00  4.910635e+07  4.793580e+07  4.584780e+07  4.456227e+07
2.963605e+04  2.818007e+07  0.000000e+00  0.000000e+00  2.534395e+08  0.000000e+00  0.000000e+00  4.905512e+07  4.788495e+07  4.579789e+07  4.451302e+07
2.966785e+04  2.814698e+07  0.000000e+00  0.000000e+00  2.531419e+08  0.000000e+00  0.000000e+00  4.900402e+07  4.783402e+07  4.574796e+07  4.446384e+07
2.969969e+04  2.811392e+07  0.000000e+00  0.000000e+00  2.528446e+08  0.000000e+00  0.000000e+00  4.895329e+07  4.778342e+07  4.569822e+07  4.441471e+07
2.973156e+04  2.808090e+07  0.000000e+00  0.000000e+00  2.525476e+08  0.000000e+00  0.000000e+00  4.890243e+07  4.773281e+07  4.564856e+07  4.436558e+07
2.976347e+04  2.804791e+07  0.000000e+00  0.000000e+00  2.522509e+08  0.000000e+00  0.000000e+00  4.885162e+07  4.768217e+07  4.559884e+07  4.431649e+07
2.979542e+04  2.801496e+07  0.000000e+00  0.000000e+00  2.519546e+08  0.000000e+00  0.000000e+00  4.880100e+07  4.763141e+07  4.554920e+07  4.426740e+07
2.982739e+04  2.798205e+07  0.000000e+00  0.000000e+00  2.516586e+08  0.000000e+00  0.000000e+00  4.875012e+07  4.758065e+07  4.549937e+07  4.421808e+07
2.985940e+04  2.794917e+07  0.000000e+00  0.000000e+00  2.513629e+08  0.000000e+00  0.000000e+00  4.869917e+07  4.752986e+07  4.544960e+07  4.416885e+07
2.989145e+04  2.791632e+07  0.000000e+00  0.000000e+00  2.510675e+08  0.000000e+00  0.000000e+00  4.864833e+07  4.747920e+07  4.539972e+07  4.411966e+07
2.992353e+04  2.788351e+07  0.000000e+00  0.000000e+00  2.507724e+08  0.000000e+00  0.000000e+00  4.859727e+07  4.742895e+07  4.534967e+07  4.407047e+07
2.995564e+04  2.785074e+07  0.000000e+00  0.000000e+00  2.504776e+08  0.000000e+00  0.000000e+00  4.854621e+07  4.737846e+07  4.529987e+07  4.402136e+07
2.998779e+04  2.781800e+07  0.000000e+00  0.000000e+00  2.501832e+08  0.000000e+00  0.000000e+00  4.849497e+07  4.732740e+07  4.524975e+07  4.397193e+07
3.001997e+04  2.778529e+07  0.000000e+00  0.000000e+00  2.498891e+08  0.000000e+00  0.000000e+00  4.844392e+07  4.727610e+07  4.519962e+07  4.392226e+07
3.005219e+04  2.775263e+07  0.000000e+00  0.000000e+00  2.495953e+08  0.000000e+00  0.000000e+00  4.839275e+07  4.722459e+07  4.514927e+07  4.387256e+07
3.008444e+04  2.771999e+07  0.000000e+00  0.000000e+00  2.493018e+08  0.000000e+00  0.000000e+00  4.834156e+07  4.717328e+07  4.509906e+07  4.382288e+07
3.011673e+04  2.768739e+07  0.000000e+00  0.000000e+00  2.490086e+08  0.000000e+00  0.000000e+00  4.829023e+07  4.712202e+07  4.504883e+07  4.377313e+07
3.014905e+04  2.765483e+07  0.000000e+00  0.000000e+00  2.487157e+08  0.000000e+00  0.000000e+00  4.823897e+07  4.707074e+07  4.499839e+07  4.372327e+07
3.018141e+04  2.762230e+07  0.000000e+00  0.000000e+00  2.484232e+08  0.000000e+00  0.000000e+00  4.818757e+07  4.701919e+07  4.494780e+07  4.367328e+07
3.021380e+04  2.758981e+07  0.000000e+00  0.000000e+00  2.481309e+08  0.000000e+00  0.000000e+00  4.813633e+07  4.696767e+07  4.489722e+07  4.362337e+07
3.024622e+04  2.755735e+07  0.000000e+00  0.000000e+00  2.478390e+08  0.000000e+00  0.000000e+00  4.808487e+07  4.691625e+07  4.484681e+07  4.357346e+07
3.027869e+04  2.752492e+07  0.000000e+00  0.000000e+00  2.475474e+08  0.000000e+00  0.000000e+00  4.803342e+07  4.686502e+07  4.479637e+07  4.352395e+07
3.031118e+04  2.749253e+07  0.000000e+00  0.000000e+00  2.472561e+08  0.000000e+00  0.000000e+00  4.798200e+07  4.681346e+07  4.474615e+07  4.347421e+07
3.034371e+04  2.746018e+07  0.000000e+00  0.000000e+00  2.469651e+08  0.000000e+00  0.000000e+00  4.793061e+07  4.676198e+07  4.469561e+07  4.342434e+07
3.037628e+04  2.742786e+07  0.000000e+00  0.000000e+00  2.466745e+08  0.000000e+00  0.000000e+00  4.787914e+07  4.671028e+07  4.464495e+07  4.337433e+07
3.040888e+04  2.739558e+07  0.000000e+00  0.000000e+00  2.463841e+08  0.000000e+00  0.000000e+00  4.782742e+07  4.665863e+07  4.459432e+07  4.332432e+07
3.044151e+04  2.736333e+07  0.000000e+00  0.000000e+00  2.460941e+08  0.000000e+00  0.000000e+00  4.777577e+07  4.660694e+07  4.454355e+07  4.327429e+07
3.047418e+04  2.733111e+07  0.000000e+00  0.000000e+00  2.458043e+08  0.000000e+00  0.000000e+00  4.772395e+07  4.655522e+07  4.449280e+07  4.322406e+07
3.050689e+04  2.729893e+07  0.000000e+00  0.000000e+00  2.455149e+08  0.000000e+00  0.000000e+00  4.767225e+07  4.650342e+07  4.444201e+07  4.317385e+07
3.053963e+04  2.726678e+07  0.000000e+00  0.000000e+00  2.452258e+08  0.000000e+00  0.000000e+00  4.762144e+07  4.645163e+07  4.439141e+07  4.312400e+07
3.057240e+04  2.723467e+07  0.000000e+00  0.000000e+00  2.449370e+08  0.000000e+00  0.000000e+00  4.757146e+07  4.640001e+07  4.434085e+07  4.307459e+07
3.060521e+04  2.720260e+07  0.000000e+00  0.000000e+00  2.446485e+08  0.000000e+00  0.000000e+00  4.752055e+07  4.634822e+07  4.429028e+07  4.302485e+07
3.063806e+04  2.717055e+07  0.000000e+00  0.000000e+00  2.443603e+08  0.000000e+00  0.000000e+00  4.746831e+07  4.629635e+07  4.423936e+07  4.297449e+07
3.067094e+04  2.713855e+07  0.000000e+00  0.000000e+00  2.440725e+08  0.000000e+00  0.000000e+00  4.741583e+07  4.624426e+07  4.418828e+07  4.292395e+07
3.070386e+04  2.710657e+07  0.000000e+00  0.000000e+00  2.437849e+08  0.000000e+00  0.000000e+00  4.736372e+07  4.619221e+07  4.413718e+07  4.287357e+07
3.073681e+04  2.707463e+07  0.000000e+00  0.000000e+00  2.434977e+08  0.000000e+00  0.000000e+00  4.731183e+07  4.614031e+07  4.408616e+07  4.282318e+07
3.076979e+04  2.704273e+07  0.000000e+00  0.000000e+00  2.432107e+08  0.000000e+00  0.000000e+00  4.726002e+07  4.608826e+07  4.403515e+07  4.277265e+07
3.080282e+04  2.701086e+07  0.000000e+00  0.000000e+00  2.429241e+08  0.000000e+00  0.000000e+00  4.720814e+07  4.603618e+07  4.398397e+07  4.272181e+07
3.083587e+04  2.697902e+07  0.000000e+00  0.000000e+00  2.426378e+08  0.000000e+00  0.000000e+00  4.715622e+07  4.598401e+07  4.393266e+07  4.267120e+07
3.086897e+04  2.694722e+07  0.000000e+00  0.000000e+00  2.423518e+08  0.000000e+00  0.000000e+00  4.710438e+07  4.593183e+07  4.388165e+07  4.262115e+07
3.090210e+04  2.691545e+07  0.000000e+00  0.000000e+00  2.420661e+08  0.000000e+00  0.000000e+00  4.705240e+07  4.587954e+07  4.383084e+07  4.257129e+07
3.093526e+04  2.688372e+07  0.000000e+00  0.000000e+00  2.417807e+08  0.000000e+00  0.000000e+00  4.700040e+07  4.582733e+07  4.377958e+07  4.252076e+07
3.096846e+04  2.685202e+07  0.000000e+00  0.000000e+00  2.414956e+08  0.000000e+00  0.000000e+00  4.694833e+07  4.577516e+07  4.372845e+07  4.247021e+07
3.100170e+04  2.682035e+07  0.000000e+00  0.000000e+00  2.412108e+08  0.000000e+00  0.000000e+00  4.689623e+07  4.572269e+07  4.367709e+07  4.241953e+07
3.103497e+04  2.678872e+07  0.000000e+00  0.000000e+00  2.409263e+08  0.000000e+00  0.000000e+00  4.684404e+07  4.567018e+07  4.362549e+07  4.236878e+07
3.106827e+04  2.675712e+07  0.000000e+00  0.000000e+00  2.406421e+08  0.000000e+00  0.000000e+00  4.679174e+07  4.561759e+07  4.357397e+07  4.231789e+07
3.110162e+04  2.672556e+07  0.000000e+00  0.000000e+00  2.403583e+08  0.000000e+00  0.000000e+00  4.674028e+07  4.556614e+07  4.352355e+07  4.226819e+07
3.113500e+04  2.669403e+07  0.000000e+00  0.000000e+00  2.400747e+08  0.000000e+00  0.000000e+00  4.668887e+07  4.551488e+07  4.347333e+07  4.221886e+07
3.116841e+04  2.666253e+07  0.000000e+00  0.000000e+00  2.397914e+08  0.000000e+00  0.000000e+00  4.663651e+07  4.546199e+07  4.342145e+07  4.216800e+07
3.120186e+04  2.663107e+07  0.000000e+00  0.000000e+00  2.395085e+08  0.000000e+00  0.000000e+00  4.658380e+07  4.540885e+07  4.336960e+07  4.211656e+07
3.123535e+04  2.659964e+07  0.000000e+00  0.000000e+00  2.392258e+08  0.000000e+00  0.000000e+00  4.653159e+07  4.535645e+07  4.331810e+07  4.206581e+07
3.126887e+04  2.656825e+07  0.000000e+00  0.000000e+00  2.389435e+08  0.000000e+00  0.000000e+00  4.647937e+07  4.530380e+07  4.326658e+07  4.201483e+07
3.130243e+04  2.653689e+07  0.000000e+00  0.000000e+00  2.386615e+08  0.000000e+00  0.000000e+00  4.642705e+07  4.525120e+07  4.321517e+07  4.196322e+07
3.133602e+04  2.650556e+07  0.000000e+00  0.000000e+00  2.383797e+08  0.000000e+00  0.000000e+00  4.637481e+07  4.519856e+07  4.316355e+07  4.191324e+07
3.136965e+04  2.647427e+07  0.000000e+00  0.000000e+00  2.380983e+08  0.000000e+00  0.000000e+00  4.632239e+07  4.514567e+07  4.311191e+07  4.186315e+07
3.140332e+04  2.644301e+07  0.000000e+00  0.000000e+00  2.378171e+08  0.000000e+00  0.000000e+00  4.626977e+07  4.509283e+07  4.306009e+07  4.181199e+07
3.143702e+04  2.641179e+07  0.000000e+00  0.000000e+00  2.375363e+08  0.000000e+00  0.000000e+00  4.621678e+07  4.503917e+07  4.300787e+07  4.176061e+07
3.147076e+04  2.638059e+07  0.000000e+00  0.000000e+00  2.372558e+08  0.000000e+00  0.000000e+00  4.616549e+07  4.498770e+07  4.295698e+07  4.171028e+07
3.150453e+04  2.634944e+07  0.000000e+00  0.000000e+00  2.369756e+08  0.000000e+00  0.000000e+00  4.611260e+07  4.493435e+07  4.290500e+07  4.165948e+07
3.153834e+04  2.631831e+07  0.000000e+00  0.000000e+00  2.366956e+08  0.000000e+00  0.000000e+00  4.605623e+07  4.487695e+07  4.285017e+07  4.160672e+07
3.157219e+04  2.628722e+07  0.000000e+00  0.000000e+00  2.364160e+08  0.000000e+00  0.000000e+00  4.600184e+07  4.482203e+07  4.279678e+07  4.155491e+07
3.160607e+04  2.625616e+07  0.000000e+00  0.000000e+00  2.361367e+08  0.000000e+00  0.000000e+00  4.595386e+07  4.477305e+07  4.274941e+07  4.150878e+07
3.163929e+04  2.622578e+07  0.000000e+00  0.000000e+00  2.358635e+08  0.000000e+00  0.000000e+00  4.590071e+07  4.471914e+07  4.269685e+07  4.145747e+07
3.167183e+04  2.619608e+07  0.000000e+00  0.000000e+00  2.355964e+08  0.000000e+00  0.000000e+00  4.584446e+07  4.466261e+07  4.264154e+07  4.140320e+07
3.170440e+04  2.616641e+07  0.000000e+00  0.000000e+00  2.353295e+08  0.000000e+00  0.000000e+00  4.579762e+07  4.461506e+07  4.259494e+07  4.135718e+07
3.173701e+04  2.613677e+07  0.000000e+00  0.000000e+00  2.350630e+08  0.000000e+00  0.000000e+00  4.575687e+07  4.457362e+07  4.255404e+07  4.131694e+07
3.176965e+04  2.610716e+07  0.000000e+00  0.000000e+00  2.347967e+08  0.000000e+00  0.000000e+00  4.570815e+07  4.452455e+07  4.250598e+07  4.126958e+07
3.180232e+04  2.607758e+07  0.000000e+00  0.000000e+00  2.345306e+08  0.000000e+00  0.000000e+00  4.565325e+07  4.446907e+07  4.245193e+07  4.121652e+07
3.183503e+04  2.604804e+07  0.000000e+00  0.000000e+00  2.342649e+08  0.000000e+00  0.000000e+00  4.560460e+07  4.441990e+07  4.240369e+07  4.116898e+07
3.186777e+04  2.601852e+07  0.000000e+00  0.000000e+00  2.339994e+08  0.000000e+00  0.000000e+00  4.555435e+07  4.436936e+07  4.235411e+07  4.112035e+07
3.190055e+04  2.598903e+07  0.000000e+00  0.000000e+00  2.337342e+08  0.000000e+00  0.000000e+00  4.550406e+07  4.431839e+07  4.230428e+07  4.107118e+07
3.193335e+04  2.595957e+07  0.000000e+00  0.000000e+00  2.334693e+08  0.000000e+00  0.000000e+00  4.545344e+07  4.426725e+07  4.225444e+07  4.102213e+07
3.196620e+04  2.593015e+07  0.000000e+00  0.000000e+00  2.332047e+08  0.000000e+00  0.000000e+00  4.540312e+07  4.421644e+07  4.220452e+07  4.097318e+07
3.199907e+04  2.590075e+07  0.000000e+00  0.000000e+00  2.329403e+08  0.000000e+00  0.000000e+00  4.535269e+07  4.416553e+07  4.215468e+07  4.092422e+07
3.203198e+04  2.587138e+07  0.000000e+00  0.000000e+00  2.326762e+08  0.000000e+00  0.000000e+00  4.530210e+07  4.411448e+07  4.210478e+07  4.087509e+07
3.206493e+04  2.584205e+07  0.000000e+00  0.000000e+00  2.324123e+08  0.000000e+00  0.000000e+00  4.525198e+07  4.406373e+07  4.205508e+07  4.082629e+07
3.209790e+04  2.581274e+07  0.000000e+00  0.000000e+00  2.321488e+08  0.000000e+00  0.000000e+00  4.520253e+07  4.401372e+07  4.200627e+07  4.077819e+07
3.213092e+04  2.578347e+07  0.000000e+00  0.000000e+00  2.318855e+08  0.000000e+00  0.000000e+00  4.515204e+07  4.396280e+07  4.195625e+07  4.072918e+07
3.216396e+04  2.575422e+07  0.000000e+00  0.000000e+00  2.316225e+08  0.000000e+00  0.000000e+00  4.509990e+07  4.391019e+07  4.190498e+07  4.067868e+07
3.219704e+04  2.572501e+07  0.000000e+00  0.000000e+00  2.313597e+08  0.000000e+00  0.000000e+00  4.504843e+07  4.385823e+07  4.185411e+07  4.062861e+07
3.223016e+04  2.569582e+07  0.000000e+00  0.000000e+00  2.310973e+08  0.000000e+00  0.000000e+00  4.499812e+07  4.380742e+07  4.180429e+07  4.057971e+07
3.226330e+04  2.566667e+07  0.000000e+00  0.000000e+00  2.308351e+08  0.000000e+00  0.000000e+00  4.494754e+07  4.375647e+07  4.175434e+07  4.053065e+07
3.229648e+04  2.563755e+07  0.000000e+00  0.000000e+00  2.305731e+08  0.000000e+00  0.000000e+00  4.489697e+07  4.370542e+07  4.170432e+07  4.048156e+07
3.232970e+04  2.560845e+07  0.000000e+00  0.000000e+00  2.303115e+08  0.000000e+00  0.000000e+00  4.484646e+07  4.365430e+07  4.165433e+07  4.043233e+07
3.236295e+04  2.557939e+07  0.000000e+00  0.000000e+00  2.300501e+08  0.000000e+00  0.000000e+00  4.479581e+07  4.360306e+07  4.160444e+07  4.038321e+07
3.239623e+04  2.555035e+07  0.000000e+00  0.000000e+00  2.297889e+08  0.000000e+00  0.000000e+00  4.474509e+07  4.355180e+07  4.155410e+07  4.033394e+07
3.242955e+04  2.552135e+07  0.000000e+00  0.000000e+00  2.295281e+08  0.000000e+00  0.000000e+00  4.469414e+07  4.350042e+07  4.150389e+07  4.028453e+07
3.246291e+04  2.549237e+07  0.000000e+00  0.000000e+00  2.292675e+08  0.000000e+00  0.000000e+00  4.464352e+07  4.344923e+07  4.145380e+07  4.023515e+07
3.249629e+04  2.546343e+07  0.000000e+00  0.000000e+00  2.290072e+08  0.000000e+00  0.000000e+00  4.459281e+07  4.339803e+07  4.140365e+07  4.018601e+07
3.252971e+04  2.543451e+07  0.000000e+00  0.000000e+00  2.287472e+08  0.000000e+00  0.000000e+00  4.454223e+07  4.334675e+07  4.135365e+07  4.013672e+07
3.256317e+04  2.540563e+07  0.000000e+00  0.000000e+00  2.284874e+08  0.000000e+00  0.000000e+00  4.449149e+07  4.329561e+07  4.130338e+07  4.008753e+07
3.259666e+04  2.537677e+07  0.000000e+00  0.000000e+00  2.282279e+08  0.000000e+00  0.000000e+00  4.444068e+07  4.324428e+07  4.125309e+07  4.003819e+07
3.263019e+04  2.534795e+07  0.000000e+00  0.000000e+00  2.279686e+08  0.000000e+00  0.000000e+00  4.438996e+07  4.319303e+07  4.120291e+07  3.998890e+07
3.266374e+04  2.531915e+07  0.000000e+00  0.000000e+00  2.277096e+08  0.000000e+00  0.000000e+00  4.433942e+07  4.314182e+07  4.115282e+07  3.993974e+07
3.269734e+04  2.529039e+07  0.000000e+00  0.000000e+00  2.274509e+08  0.000000e+00  0.000000e+00  4.428899e+07  4.309077e+07  4.110279e+07  3.989066e+07
3.273097e+04  2.526165e+07  0.000000e+00  0.000000e+00  2.271925e+08  0.000000e+00  0.000000e+00  4.423818e+07  4.303940e+07  4.105251e+07  3.984134e+07
3.276463e+04  2.523295e+07  0.000000e+00  0.000000e+00  2.269343e+08  0.000000e+00  0.000000e+00  4.418680e+07  4.298763e+07  4.100206e+07  3.979153e+07
3.279833e+04  2.520427e+07  0.000000e+00  0.000000e+00  2.266764e+08  0.000000e+00  0.000000e+00  4.413573e+07  4.293583e+07  4.095171e+07  3.974165e+07
3.283206e+04  2.517562e+07  0.000000e+00  0.000000e+00  2.264188e+08  0.000000e+00  0.000000e+00  4.408478e+07  4.288425e+07  4.090149e+07  3.969210e+07
3.286583e+04  2.514700e+07  0.000000e+00  0.000000e+00  2.261614e+08  0.000000e+00  0.000000e+00  4.403399e+07  4.283301e+07  4.085147e+07  3.964280e+07
3.289963e+04  2.511842e+07  0.000000e+00  0.000000e+00  2.259043e+08  0.000000e+00  0.000000e+00  4.398330e+07  4.278179e+07  4.080131e+07  3.959361e+07
3.293346e+04  2.508986e+07  0.000000e+00  0.000000e+00  2.256475e+08  0.000000e+00  0.000000e+00  4.393255e+07  4.273042e+07  4.075100e+07  3.954447e+07
3.296733e+04  2.506133e+07  0.000000e+00  0.000000e+00  2.253909e+08  0.000000e+00  0.000000e+00  4.388179e+07  4.267926e+07  4.070086e+07  3.949527e+07
3.300124e+04  2.503283e+07  0.000000e+00  0.000000e+00  2.251346e+08  0.000000e+00  0.000000e+00  4.383111e+07  4.262811e+07  4.065059e+07  3.944607e+07
3.303518e+04  2.500436e+07  0.000000e+00  0.000000e+00  2.248785e+08  0.000000e+00  0.000000e+00  4.378015e+07  4.257677e+07  4.060037e+07  3.939669e+07
3.306916e+04  2.497592e+07  0.000000e+00  0.000000e+00  2.246227e+08  0.000000e+00  0.000000e+00  4.372928e+07  4.252523e+07  4.054994e+07  3.934724e+07
3.310317e+04  2.494751e+07  0.000000e+00  0.000000e+00  2.243672e+08  0.000000e+00  0.000000e+00  4.367824e+07  4.247379e+07  4.049969e+07  3.929770e+07
3.313721e+04  2.491912e+07  0.000000e+00  0.000000e+00  2.241119e+08  0.000000e+00  0.000000e+00  4.362724e+07  4.242212e+07  4.044924e+07  3.924821e+07
3.317129e+04  2.489077e+07  0.000000e+00  0.000000e+00  2.238570e+08  0.000000e+00  0.000000e+00  4.357639e+07  4.237070e+07  4.039888e+07  3.919881e+07
3.320541e+04  2.486245e+07  0.000000e+00  0.000000e+00  2.236022e+08  0.000000e+00  0.000000e+00  4.352541e+07  4.231943e+07  4.034875e+07  3.914938e+07
3.323956e+04  2.483415e+07  0.000000e+00  0.000000e+00  2.233478e+08  0.000000e+00  0.000000e+00  4.347446e+07  4.226812e+07  4.029849e+07  3.909994e+07
3.327374e+04  2.480589e+07  0.000000e+00  0.000000e+00  2.230936e+08  0.000000e+00  0.000000e+00  4.342372e+07  4.221674e+07  4.024822e+07  3.905061e+07
3.330797e+04  2.477765e+07  0.000000e+00  0.000000e+00  2.228396e+08  0.000000e+00  0.000000e+00  4.337292e+07  4.216525e+07  4.019804e+07  3.900117e+07
3.334222e+04  2.474945e+07  0.000000e+00  0.000000e+00  2.225859e+08  0.000000e+00  0.000000e+00  4.332233e+07  4.211410e+07  4.014795e+07  3.895183e+07
3.337651e+04  2.472127e+07  0.000000e+00  0.000000e+00  2.223325e+08  0.000000e+00  0.000000e+00  4.327174e+07  4.206266e+07  4.009760e+07  3.890261e+07
3.341084e+04  2.469312e+07  0.000000e+00  0.000000e+00  2.220794e+08  0.000000e+00  0.000000e+00  4.322106e+07  4.201141e+07  4.004755e+07  3.885325e+07
3.344520e+04  2.466500e+07  0.000000e+00  0.000000e+00  2.218265e+08  0.000000e+00  0.000000e+00  4.317033e+07  4.196018e+07  3.999738e+07  3.880395e+07
3.347960e+04  2.463691e+07  0.000000e+00  0.000000e+00  2.215738e+08  0.000000e+00  0.000000e+00  4.311955e+07  4.190890e+07  3.994710e+07  3.875447e+07
3.351403e+04  2.460885e+07  0.000000e+00  0.000000e+00  2.213215e+08  0.000000e+00  0.000000e+00  4.306846e+07  4.185728e+07  3.989661e+07  3.870497e+07
3.354850e+04  2.458082e+07  0.000000e+00  0.000000e+00  2.210694e+08  0.000000e+00  0.000000e+00  4.301745e+07  4.180580e+07  3.984629e+07  3.865545e+07
3.358300e+04  2.455281e+07  0.000000e+00  0.000000e+00  2.208175e+08  0.000000e+00  0.000000e+00  4.296654e+07  4.175432e+07  3.979587e+07  3.860620e+07
3.361754e+04  2.452484e+07  0.000000e+00  0.000000e+00  2.205659e+08  0.000000e+00  0.000000e+00  4.291565e+07  4.170291e+07  3.974573e+07  3.855688e+07
3.365212e+04  2.449689e+07  0.000000e+00  0.000000e+00  2.203146e+08  0.000000e+00  0.000000e+00  4.286495e+07  4.165156e+07  3.969541e+07  3.850769e+07
3.368673e+04  2.446898e+07  0.000000e+00  0.000000e+00  2.200635e+08  0.000000e+00  0.000000e+00  4.281413e+07  4.160019e+07  3.964512e+07  3.845833e+07
3.372137e+04  2.444109e+07  0.000000e+00  0.000000e+00  2.198127e+08  0.000000e+00  0.000000e+00  4.276339e+07  4.154890e+07  3.959487e+07  3.840888e+07
3.375605e+04  2.441323e+07  0.000000e+00  0.000000e+00  2.195621e+08  0.000000e+00  0.000000e+00  4.271256e+07  4.149742e+07  3.954462e+07  3.835939e+07
3.379077e+04  2.438540e+07  0.000000e+00  0.000000e+00  2.193118e+08  0.000000e+00  0.000000e+00  4.266188e+07  4.144609e+07  3.949442e+07  3.830996e+07
3.382552e+04  2.435760e+07  0.000000e+00  0.000000e+00  2.190618e+08  0.000000e+00  0.000000e+00  4.261104e+07  4.139482e+07  3.944413e+07  3.826048e+07
3.386031e+04  2.432982e+07  0.000000e+00  0.000000e+00  2.188120e+08  0.000000e+00  0.000000e+00  4.256012e+07  4.134341e+07  3.939384e+07  3.821088e+07
3.389514e+04  2.430208e+07  0.000000e+00  0.000000e+00  2.185625e+08  0.000000e+00  0.000000e+00  4.250924e+07  4.129195e+07  3.934343e+07  3.816136e+07
3.393000e+04  2.427436e+07  0.000000e+00  0.000000e+00  2.183133e+08  0.000000e+00  0.000000e+00  4.245840e+07  4.124036e+07  3.929311e+07  3.811199e+07
3.396489e+04  2.424668e+07  0.000000e+00  0.000000e+00  2.180642e+08  0.000000e+00  0.000000e+00  4.240758e+07  4.118910e+07  3.924278e+07  3.806260e+07
3.399983e+04  2.421902e+07  0.000000e+00  0.000000e+00  2.178155e+08  0.000000e+00  0.000000e+00  4.235695e+07  4.113787e+07  3.919275e+07  3.801324e+07
3.403479e+04  2.419139e+07  0.000000e+00  0.000000e+00  2.175670e+08  0.000000e+00  0.000000e+00  4.230635e+07  4.108667e+07  3.914260e+07  3.796405e+07
3.406980e+04  2.416379e+07  0.000000e+00  0.000000e+00  2.173188e+08  0.000000e+00  0.000000e+00  4.225556e+07  4.103538e+07  3.909246e+07  3.791474e+07
3.410484e+04  2.413622e+07  0.000000e+00  0.000000e+00  2.170708e+08  0.000000e+00  0.000000e+00  4.220487e+07  4.098423e+07  3.904233e+07  3.786539e+07
3.413991e+04  2.410867e+07  0.000000e+00  0.000000e+00  2.168231e+08  0.000000e+00  0.000000e+00  4.215421e+07  4.093300e+07  3.899202e+07  3.781610e+07
3.417502e+04  2.408116e+07  0.000000e+00  0.000000e+00  2.165756e+08  0.000000e+00  0.000000e+00  4.210365e+07  4.088163e+07  3.894196e+07  3.776671e+07
3.421017e+04  2.405367e+07  0.000000e+00  0.000000e+00  2.163284e+08  0.000000e+00  0.000000e+00  4.205303e+07  4.083039e+07  3.889183e+07  3.771741e+07
3.424536e+04  2.402621e+07  0.000000e+00  0.000000e+00  2.160815e+08  0.000000e+00  0.000000e+00  4.200234e+07  4.077917e+07  3.884164e+07  3.766806e+07
3.428058e+04  2.399878e+07  0.000000e+00  0.000000e+00  2.158348e+08  0.000000e+00  0.000000e+00  4.195175e+07  4.072804e+07  3.879145e+07  3.761878e+07
3.431583e+04  2.397138e+07  0.000000e+00  0.000000e+00  2.155883e+08  0.000000e+00  0.000000e+00  4.190100e+07  4.067676e+07  3.874143e+07  3.756944e+07
3.435113e+04  2.394400e+07  0.000000e+00  0.000000e+00  2.153421e+08  0.000000e+00  0.000000e+00  4.185027e+07  4.062544e+07  3.869127e+07  3.752019e+07
3.438645e+04  2.391666e+07  0.000000e+00  0.000000e+00  2.150962e+08  0.000000e+00  0.000000e+00  4.179966e+07  4.057427e+07  3.864131e+07  3.747079e+07
3.442182e+04  2.388934e+07  0.000000e+00  0.000000e+00  2.148505e+08  0.000000e+00  0.000000e+00  4.174894e+07  4.052295e+07  3.859124e+07  3.742145e+07
3.445722e+04  2.386205e+07  0.000000e+00  0.000000e+00  2.146051e+08  0.000000e+00  0.000000e+00  4.169829e+07  4.047173e+07  3.854089e+07  3.737217e+07
3.449266e+04  2.383479e+07  0.000000e+00  0.000000e+00  2.143599e+08  0.000000e+00  0.000000e+00  4.164766e+07  4.042057e+07  3.849077e+07  3.732279e+07
3.452813e+04  2.380756e+07  0.000000e+00  0.000000e+00  2.141150e+08  0.000000e+00  0.000000e+00  4.159713e+07  4.036931e+07  3.844071e+07  3.727350e+07
3.456365e+04  2.378035e+07  0.000000e+00  0.000000e+00  2.138703e+08  0.000000e+00  0.000000e+00  4.154662e+07  4.031821e+07  3.839042e+07  3.722416e+07
3.459919e+04  2.375318e+07  0.000000e+00  0.000000e+00  2.136259e+08  0.000000e+00  0.000000e+00  4.149602e+07  4.026701e+07  3.834036e+07  3.717490e+07
3.463478e+04  2.372603e+07  0.000000e+00  0.000000e+00  2.133818e+08  0.000000e+00  0.000000e+00  4.144540e+07  4.021576e+07  3.829026e+07  3.712556e+07
3.467040e+04  2.369891e+07  0.000000e+00  0.000000e+00  2.131379e+08  0.000000e+00  0.000000e+00  4.139469e+07  4.016456e+07  3.824004e+07  3.707622e+07
3.470606e+04  2.367182e+07  0.000000e+00  0.000000e+00  2.128942e+08  0.000000e+00  0.000000e+00  4.134404e+07  4.011333e+07  3.818998e+07  3.702682e+07
3.474175e+04  2.364475e+07  0.000000e+00  0.000000e+00  2.126508e+08  0.000000e+00  0.000000e+00  4.129333e+07  4.006202e+07  3.813961e+07  3.697736e+07
3.477748e+04  2.361772e+07  0.000000e+00  0.000000e+00  2.124076e+08  0.000000e+00  0.000000e+00  4.124285e+07  4.001078e+07  3.808963e+07  3.692807e+07
3.481325e+04  2.359071e+07  0.000000e+00  0.000000e+00  2.121647e+08  0.000000e+00  0.000000e+00  4.119237e+07  3.995984e+07  3.803971e+07  3.687892e+07
3.484905e+04  2.356373e+07  0.000000e+00  0.000000e+00  2.119221e+08  0.000000e+00  0.000000e+00  4.114200e+07  3.990879e+07  3.798985e+07  3.682993e+07
3.488489e+04  2.353678e+07  0.000000e+00  0.000000e+00  2.116797e+08  0.000000e+00  0.000000e+00  4.109150e+07  3.985779e+07  3.793984e+07  3.678071e+07
3.492077e+04  2.350985e+07  0.000000e+00  0.000000e+00  2.114376e+08  0.000000e+00  0.000000e+00  4.104125e+07  3.980680e+07  3.789001e+07  3.673154e+07
3.495669e+04  2.348295e+07  0.000000e+00  0.000000e+00  2.111957e+08  0.000000e+00  0.000000e+00  4.099081e+07  3.975585e+07  3.783988e+07  3.668244e+07
3.499264e+04  2.345609e+07  0.000000e+00  0.000000e+00  2.109540e+08  0.000000e+00  0.000000e+00  4.094037e+07  3.970477e+07  3.779006e+07  3.663326e+07
3.502863e+04  2.342924e+07  0.000000e+00  0.000000e+00  2.107126e+08  0.000000e+00  0.000000e+00  4.089000e+07  3.965381e+07  3.774010e+07  3.658406e+07
3.506465e+04  2.340243e+07  0.000000e+00  0.000000e+00  2.104715e+08  0.000000e+00  0.000000e+00  4.083962e+07  3.960275e+07  3.769002e+07  3.653485e+07
3.510072e+04  2.337565e+07  0.000000e+00  0.000000e+00  2.102306e+08  0.000000e+00  0.000000e+00  4.078918e+07  3.955169e+07  3.764008e+07  3.648570e+07
3.513682e+04  2.334889e+07  0.000000e+00  0.000000e+00  2.099899e+08  0.000000e+00  0.000000e+00  4.073884e+07  3.950067e+07  3.759014e+07  3.643651e+07
3.517295e+04  2.332216e+07  0.000000e+00  0.000000e+00  2.097495e+08  0.000000e+00  0.000000e+00  4.068844e+07  3.944981e+07  3.754023e+07  3.638735e+07
3.520913e+04  2.329545e+07  0.000000e+00  0.000000e+00  2.095094e+08  0.000000e+00  0.000000e+00  4.063807e+07  3.939890e+07  3.749042e+07  3.633836e+07
3.524534e+04  2.326878e+07  0.000000e+00  0.000000e+00  2.092695e+08  0.000000e+00  0.000000e+00  4.058767e+07  3.934815e+07  3.744047e+07  3.628943e+07
3.528159e+04  2.324213e+07  0.000000e+00  0.000000e+00  2.090298e+08  0.000000e+00  0.000000e+00  4.053734e+07  3.929730e+07  3.739072e+07  3.624026e+07
3.531787e+04  2.321551e+07  0.000000e+00  0.000000e+00  2.087904e+08  0.000000e+00  0.000000e+00  4.048699e+07  3.924625e+07  3.734068e+07  3.619113e+07
3.535420e+04  2.318892e+07  0.000000e+00  0.000000e+00  2.085512e+08  0.000000e+00  0.000000e+00  4.043669e+07  3.919515e+07  3.729077e+07  3.614200e+07
3.539056e+04  2.316236e+07  0.000000e+00  0.000000e+00  2.083123e+08  0.000000e+00  0.000000e+00  4.038626e+07  3.914399e+07  3.724086e+07  3.609280e+07
3.542696e+04  2.313582e+07  0.000000e+00  0.000000e+00  2.080737e+08  0.000000e+00  0.000000e+00  4.033575e+07  3.909306e+07  3.719084e+07  3.604357e+07
3.546339e+04  2.310931e+07  0.000000e+00  0.000000e+00  2.078352e+08  0.000000e+00  0.000000e+00  4.028548e+07  3.904212e+07  3.714084e+07  3.599451e+07
3.549986e+04  2.308283e+07  0.000000e+00  0.000000e+00  2.075971e+08  0.000000e+00  0.000000e+00  4.023521e+07  3.899115e+07  3.709108e+07  3.594539e+07
3.553637e+04  2.305637e+07  0.000000e+00  0.000000e+00  2.073592e+08  0.000000e+00  0.000000e+00  4.018494e+07  3.894036e+07  3.704128e+07  3.589643e+07
3.557292e+04  2.302994e+07  0.000000e+00  0.000000e+00  2.071215e+08  0.000000e+00  0.000000e+00  4.013493e+07  3.888975e+07  3.699165e+07  3.584752e+07
3.560951e+04  2.300354e+07  0.000000e+00  0.000000e+00  2.068840e+08  0.000000e+00  0.000000e+00  4.008491e+07  3.883898e+07  3.694201e+07  3.579859e+07
3.564613e+04  2.297717e+07  0.000000e+00  0.000000e+00  2.066469e+08  0.000000e+00  0.000000e+00  4.003470e+07  3.878830e+07  3.689228e+07  3.574966e+07
3.568279e+04  2.295082e+07  0.000000e+00  0.000000e+00  2.064099e+08  0.000000e+00  0.000000e+00  3.998469e+07  3.873760e+07  3.684270e+07  3.570092e+07
3.571949e+04  2.292451e+07  0.000000e+00  0.000000e+00  2.061732e+08  0.000000e+00  0.000000e+00  3.993459e+07  3.868694e+07  3.679309e+07  3.565215e+07
3.575623e+04  2.289822e+07  0.000000e+00  0.000000e+00  2.059368e+08  0.000000e+00  0.000000e+00  3.988440e+07  3.863614e+07  3.674347e+07  3.560329e+07
3.579300e+04  2.287195e+07  0.000000e+00  0.000000e+00  2.057006e+08  0.000000e+00  0.000000e+00  3.983424e+07  3.858538e+07  3.669361e+07  3.555431e+07
3.582981e+04  2.284571e+07  0.000000e+00  0.000000e+00  2.054646e+08  0.000000e+00  0.000000e+00  3.978398e+07  3.853446e+07  3.664392e+07  3.550538e+07
3.586666e+04  2.281950e+07  0.000000e+00  0.000000e+00  2.052289e+08  0.000000e+00  0.000000e+00  3.973368e+07  3.848355e+07  3.659405e+07  3.545633e+07
3.590355e+04  2.279332e+07  0.000000e+00  0.000000e+00  2.049934e+08  0.000000e+00  0.000000e+00  3.968341e+07  3.843269e+07  3.654432e+07  3.540729e+07
3.594048e+04  2.276717e+07  0.000000e+00  0.000000e+00  2.047582e+08  0.000000e+00  0.000000e+00  3.963321e+07  3.838196e+07  3.649456e+07  3.535833e+07
3.597744e+04  2.274104e+07  0.000000e+00  0.000000e+00  2.045232e+08  0.000000e+00  0.000000e+00  3.958302e+07  3.833110e+07  3.644490e+07  3.530933e+07
3.601444e+04  2.271494e+07  0.000000e+00  0.000000e+00  2.042884e+08  0.000000e+00  0.000000e+00  3.953289e+07  3.828044e+07  3.639518e+07  3.526055e+07
3.605148e+04  2.268886e+07  0.000000e+00  0.000000e+00  2.040539e+08  0.000000e+00  0.000000e+00  3.948309e+07  3.822994e+07  3.634572e+07  3.521187e+07
3.608856e+04  2.266282e+07  0.000000e+00  0.000000e+00  2.038197e+08  0.000000e+00  0.000000e+00  3.943351e+07  3.817946e+07  3.629626e+07  3.516329e+07
3.612568e+04  2.263679e+07  0.000000e+00  0.000000e+00  2.035857e+08  0.000000e+00  0.000000e+00  3.938427e+07  3.812889e+07  3.624695e+07  3.511486e+07
3.616283e+04  2.261080e+07  0.000000e+00  0.000000e+00  2.033519e+08  0.000000e+00  0.000000e+00  3.933438e+07  3.807853e+07  3.619750e+07  3.506634e+07
3.620002e+04  2.258483e+07  0.000000e+00  0.000000e+00  2.031184e+08  0.000000e+00  0.000000e+00  3.928430e+07  3.802797e+07  3.614818e+07  3.501761e+07
3.623725e+04  2.255890e+07  0.000000e+00  0.000000e+00  2.028851e+08  0.000000e+00  0.000000e+00  3.923428e+07  3.797747e+07  3.609874e+07  3.496898e+07
3.627452e+04  2.253298e+07  0.000000e+00  0.000000e+00  2.026520e+08  0.000000e+00  0.000000e+00  3.918448e+07  3.792718e+07  3.604947e+07  3.492044e+07
3.631183e+04  2.250710e+07  0.000000e+00  0.000000e+00  2.024192e+08  0.000000e+00  0.000000e+00  3.913471e+07  3.787665e+07  3.600016e+07  3.487197e+07
3.634917e+04  2.248124e+07  0.000000e+00  0.000000e+00  2.021866e+08  0.000000e+00  0.000000e+00  3.908501e+07  3.782630e+07  3.595079e+07  3.482340e+07
3.638656e+04  2.245540e+07  0.000000e+00  0.000000e+00  2.019543e+08  0.000000e+00  0.000000e+00  3.903529e+07  3.777592e+07  3.590137e+07  3.477485e+07
3.642398e+04  2.242960e+07  0.000000e+00  0.000000e+00  2.017222e+08  0.000000e+00  0.000000e+00  3.898555e+07  3.772553e+07  3.585215e+07  3.472626e+07
3.646144e+04  2.240382e+07  0.000000e+00  0.000000e+00  2.014904e+08  0.000000e+00  0.000000e+00  3.893586e+07  3.767510e+07  3.580267e+07  3.467777e+07
3.649894e+04  2.237807e+07  0.000000e+00  0.000000e+00  2.012588e+08  0.000000e+00  0.000000e+00  3.888616e+07  3.762472e+07  3.575343e+07  3.462930e+07
3.653648e+04  2.235234e+07  0.000000e+00  0.000000e+00  2.010274e+08  0.000000e+00  0.000000e+00  3.883644e+07  3.757443e+07  3.570448e+07  3.458113e+07
3.657406e+04  2.232664e+07  0.000000e+00  0.000000e+00  2.007963e+08  0.000000e+00  0.000000e+00  3.878675e+07  3.752419e+07  3.565522e+07  3.453289e+07
3.661167e+04  2.230097e+07  0.000000e+00  0.000000e+00  2.005654e+08  0.000000e+00  0.000000e+00  3.873713e+07  3.747377e+07  3.560600e+07  3.448444e+07
3.664932e+04  2.227533e+07  0.000000e+00  0.000000e+00  2.003348e+08  0.000000e+00  0.000000e+00  3.868754e+07  3.742362e+07  3.555683e+07  3.443613e+07
3.668702e+04  2.224971e+07  0.000000e+00  0.000000e+00  2.001043e+08  0.000000e+00  0.000000e+00  3.863792e+07  3.737330e+07  3.550769e+07  3.438783e+07
3.672475e+04  2.222411e+07  0.000000e+00  0.000000e+00  1.998742e+08  0.000000e+00  0.000000e+00  3.858838e+07  3.732311e+07  3.545857e+07  3.433952e+07
3.676252e+04  2.219855e+07  0.000000e+00  0.000000e+00  1.996442e+08  0.000000e+00  0.000000e+00  3.853881e+07  3.727278e+07  3.540937e+07  3.429117e+07
3.680033e+04  2.217301e+07  0.000000e+00  0.000000e+00  1.994146e+08  0.000000e+00  0.000000e+00  3.848918e+07  3.722248e+07  3.536021e+07  3.424282e+07
3.683818e+04  2.214749e+07  0.000000e+00  0.000000e+00  1.991851e+08  0.000000e+00  0.000000e+00  3.843978e+07  3.717233e+07  3.531130e+07  3.419470e+07
3.687606e+04  2.212201e+07  0.000000e+00  0.000000e+00  1.989559e+08  0.000000e+00  0.000000e+00  3.839057e+07  3.712270e+07  3.526274e+07  3.414707e+07
3.691399e+04  2.209655e+07  0.000000e+00  0.000000e+00  1.987269e+08  0.000000e+00  0.000000e+00  3.834118e+07  3.707265e+07  3.521379e+07  3.409915e+07
3.695195e+04  2.207111e+07  0.000000e+00  0.000000e+00  1.984982e+08  0.000000e+00  0.000000e+00  3.829144e+07  3.702231e+07  3.516449e+07  3.405060e+07
3.698996e+04  2.204570e+07  0.000000e+00  0.000000e+00  1.982696e+08  0.000000e+00  0.000000e+00  3.824199e+07  3.697207e+07  3.511542e+07  3.400238e+07
3.702800e+04  2.202032e+07  0.000000e+00  0.000000e+00  1.980414e+08  0.000000e+00  0.000000e+00  3.819259e+07  3.692192e+07  3.506654e+07  3.395431e+07
3.706608e+04  2.199497e+07  0.000000e+00  0.000000e+00  1.978133e+08  0.000000e+00  0.000000e+00  3.814315e+07  3.687190e+07  3.501766e+07  3.390625e+07
3.710420e+04  2.196964e+07  0.000000e+00  0.000000e+00  1.975855e+08  0.000000e+00  0.000000e+00  3.809375e+07  3.682195e+07  3.496881e+07  3.385805e+07
3.714236e+04  2.194434e+07  0.000000e+00  0.000000e+00  1.973580e+08  0.000000e+00  0.000000e+00  3.804450e+07  3.677193e+07  3.491997e+07  3.380994e+07
3.718056e+04  2.191906e+07  0.000000e+00  0.000000e+00  1.971307e+08  0.000000e+00  0.000000e+00  3.799510e+07  3.672188e+07  3.487114e+07  3.376239e+07
3.721880e+04  2.189381e+07  0.000000e+00  0.000000e+00  1.969036e+08  0.000000e+00  0.000000e+00  3.794583e+07  3.667198e+07  3.482230e+07  3.371465e+07
3.725708e+04  2.186859e+07  0.000000e+00  0.000000e+00  1.966767e+08  0.000000e+00  0.000000e+00  3.789644e+07  3.662194e+07  3.477351e+07  3.366668e+07
3.729540e+04  2.184339e+07  0.000000e+00  0.000000e+00  1.964501e+08  0.000000e+00  0.000000e+00  3.784715e+07  3.657188e+07  3.472467e+07  3.361870e+07
3.733376e+04  2.181822e+07  0.000000e+00  0.000000e+00  1.962237e+08  0.000000e+00  0.000000e+00  3.779759e+07  3.652165e+07  3.467568e+07  3.357069e+07
3.737215e+04  2.179307e+07  0.000000e+00  0.000000e+00  1.959976e+08  0.000000e+00  0.000000e+00  3.774854e+07  3.647214e+07  3.462709e+07  3.352284e+07
3.741059e+04  2.176795e+07  0.000000e+00  0.000000e+00  1.957716e+08  0.000000e+00  0.000000e+00  3.769979e+07  3.642251e+07  3.457888e+07  3.347563e+07
3.744906e+04  2.174286e+07  0.000000e+00  0.000000e+00  1.955460e+08  0.000000e+00  0.000000e+00  3.764982e+07  3.637198e+07  3.452992e+07  3.342791e+07
3.748758e+04  2.171779e+07  0.000000e+00  0.000000e+00  1.953205e+08  0.000000e+00  0.000000e+00  3.760044e+07  3.632207e+07  3.448124e+07  3.338031e+07
3.752613e+04  2.169275e+07  0.000000e+00  0.000000e+00  1.950953e+08  0.000000e+00  0.000000e+00  3.755120e+07  3.627215e+07  3.443267e+07  3.333276e+07
3.756473e+04  2.166773e+07  0.000000e+00  0.000000e+00  1.948703e+08  0.000000e+00  0.000000e+00  3.750449e+07  3.622474e+07  3.438649e+07  3.328755e+07
3.760291e+04  2.164303e+07  0.000000e+00  0.000000e+00  1.946482e+08  0.000000e+00  0.000000e+00  3.745522e+07  3.617469e+07  3.433785e+07  3.323990e+07
3.764069e+04  2.161865e+07  0.000000e+00  0.000000e+00  1.944289e+08  0.000000e+00  0.000000e+00  3.740384e+07  3.612271e+07  3.428724e+07  3.319038e+07
3.767850e+04  2.159429e+07  0.000000e+00  0.000000e+00  1.942098e+08  0.000000e+00  0.000000e+00  3.735572e+07  3.607393e+07  3.423967e+07  3.314376e+07
3.771635e+04  2.156995e+07  0.000000e+00  0.000000e+00  1.939910e+08  0.000000e+00  0.000000e+00  3.730819e+07  3.602577e+07  3.419258e+07  3.309754e+07
3.775424e+04  2.154565e+07  0.000000e+00  0.000000e+00  1.937723e+08  0.000000e+00  0.000000e+00  3.726240e+07  3.597920e+07  3.414712e+07  3.305295e+07
3.779216e+04  2.152136e+07  0.000000e+00  0.000000e+00  1.935539e+08  0.000000e+00  0.000000e+00  3.721506e+07  3.593101e+07  3.410017e+07  3.300699e+07
3.783012e+04  2.149710e+07  0.000000e+00  0.000000e+00  1.933357e+08  0.000000e+00  0.000000e+00  3.716624e+07  3.588162e+07  3.405201e+07  3.295980e+07
3.786813e+04  2.147286e+07  0.000000e+00  0.000000e+00  1.931178e+08  0.000000e+00  0.000000e+00  3.711910e+07  3.583385e+07  3.400539e+07  3.291416e+07
3.790617e+04  2.144865e+07  0.000000e+00  0.000000e+00  1.929000e+08  0.000000e+00  0.000000e+00  3.707157e+07  3.578568e+07  3.395834e+07  3.286808e+07
3.794424e+04  2.142446e+07  0.000000e+00  0.000000e+00  1.926825e+08  0.000000e+00  0.000000e+00  3.702406e+07  3.573735e+07  3.391129e+07  3.282188e+07
3.798236e+04  2.140030e+07  0.000000e+00  0.000000e+00  1.924652e+08  0.000000e+00  0.000000e+00  3.697636e+07  3.568902e+07  3.386418e+07  3.277571e+07
3.802052e+04  2.137616e+07  0.000000e+00  0.000000e+00  1.922481e+08  0.000000e+00  0.000000e+00  3.692879e+07  3.564067e+07  3.381706e+07  3.272961e+07
3.805871e+04  2.135205e+07  0.000000e+00  0.000000e+00  1.920312e+08  0.000000e+00  0.000000e+00  3.688112e+07  3.559240e+07  3.377007e+07  3.268346e+07
3.809694e+04  2.132796e+07  0.000000e+00  0.000000e+00  1.918146e+08  0.000000e+00  0.000000e+00  3.683369e+07  3.554424e+07  3.372311e+07  3.263748e+07
3.813521e+04  2.130389e+07  0.000000e+00  0.000000e+00  1.915981e+08  0.000000e+00  0.000000e+00  3.678611e+07  3.549604e+07  3.367610e+07  3.259137e+07
3.817352e+04  2.127985e+07  0.000000e+00  0.000000e+00  1.913819e+08  0.000000e+00  0.000000e+00  3.673866e+07  3.544771e+07  3.362915e+07  3.254539e+07
3.821187e+04  2.125584e+07  0.000000e+00  0.000000e+00  1.911659e+08  0.000000e+00  0.000000e+00  3.669120e+07  3.539961e+07  3.358225e+07  3.249949e+07
3.825025e+04  2.123185e+07  0.000000e+00  0.000000e+00  1.909502e+08  0.000000e+00  0.000000e+00  3.664402e+07  3.535181e+07  3.353566e+07  3.245379e+07
3.828867e+04  2.120788e+07  0.000000e+00  0.000000e+00  1.907346e+08  0.000000e+00  0.000000e+00  3.659696e+07  3.530408e+07  3.348907e+07  3.240818e+07
3.832714e+04  2.118394e+07  0.000000e+00  0.000000e+00  1.905193e+08  0.000000e+00  0.000000e+00  3.654911e+07  3.525565e+07  3.344182e+07  3.236199e+07
3.836564e+04  2.116002e+07  0.000000e+00  0.000000e+00  1.903041e+08  0.000000e+00  0.000000e+00  3.650121e+07  3.520709e+07  3.339444e+07  3.231559e+07
3.840418e+04  2.113612e+07  0.000000e+00  0.000000e+00  1.900892e+08  0.000000e+00  0.000000e+00  3.645378e+07  3.515896e+07  3.334764e+07  3.226979e+07
3.844276e+04  2.111225e+07  0.000000e+00  0.000000e+00  1.898746e+08  0.000000e+00  0.000000e+00  3.640660e+07  3.511116e+07  3.330102e+07  3.222405e+07
3.848137e+04  2.108840e+07  0.000000e+00  0.000000e+00  1.896601e+08  0.000000e+00  0.000000e+00  3.635929e+07  3.506321e+07  3.325427e+07  3.217832e+07
3.852003e+04  2.106458e+07  0.000000e+00  0.000000e+00  1.894458e+08  0.000000e+00  0.000000e+00  3.631210e+07  3.501523e+07  3.320758e+07  3.213264e+07
3.855872e+04  2.104078e+07  0.000000e+00  0.000000e+00  1.892318e+08  0.000000e+00  0.000000e+00  3.626474e+07  3.496741e+07  3.316093e+07  3.208694e+07
3.859746e+04  2.101701e+07  0.000000e+00  0.000000e+00  1.890180e+08  0.000000e+00  0.000000e+00  3.621754e+07  3.491952e+07  3.311426e+07  3.204125e+07
3.863623e+04  2.099326e+07  0.000000e+00  0.000000e+00  1.888044e+08  0.000000e+00  0.000000e+00  3.617031e+07  3.487160e+07  3.306759e+07  3.199560e+07
3.867504e+04  2.096953e+07  0.000000e+00  0.000000e+00  1.885910e+08  0.000000e+00  0.000000e+00  3.612316e+07  3.482369e+07  3.302098e+07  3.194994e+07
3.871389e+04  2.094583e+07  0.000000e+00  0.000000e+00  1.883779e+08  0.000000e+00  0.000000e+00  3.607598e+07  3.477591e+07  3.297436e+07  3.190426e+07
3.875278e+04  2.092215e+07  0.000000e+00  0.000000e+00  1.881649e+08  0.000000e+00  0.000000e+00  3.602877e+07  3.472797e+07  3.292774e+07  3.185864e+07
3.879171e+04  2.089850e+07  0.000000e+00  0.000000e+00  1.879522e+08  0.000000e+00  0.000000e+00  3.598162e+07  3.468034e+07  3.288119e+07  3.181303e+07
3.883068e+04  2.087487e+07  0.000000e+00  0.000000e+00  1.877397e+08  0.000000e+00  0.000000e+00  3.593460e+07  3.463253e+07  3.283476e+07  3.176764e+07
3.886969e+04  2.085126e+07  0.000000e+00  0.000000e+00  1.875274e+08  0.000000e+00  0.000000e+00  3.588763e+07  3.458488e+07  3.278828e+07  3.172215e+07
3.890873e+04  2.082768e+07  0.000000e+00  0.000000e+00  1.873153e+08  0.000000e+00  0.000000e+00  3.584068e+07  3.453719e+07  3.274189e+07  3.167664e+07
3.894782e+04  2.080412e+07  0.000000e+00  0.000000e+00  1.871034e+08  0.000000e+00  0.000000e+00  3.579360e+07  3.448957e+07  3.269543e+07  3.163121e+07
3.898694e+04  2.078059e+07  0.000000e+00  0.000000e+00  1.868917e+08  0.000000e+00  0.000000e+00  3.574669e+07  3.444189e+07  3.264905e+07  3.158576e+07
3.902611e+04  2.075708e+07  0.000000e+00  0.000000e+00  1.866803e+08  0.000000e+00  0.000000e+00  3.569964e+07  3.439439e+07  3.260266e+07  3.154034e+07
3.906531e+04  2.073359e+07  0.000000e+00  0.000000e+00  1.864691e+08  0.000000e+00  0.000000e+00  3.565276e+07  3.434685e+07  3.255635e+07  3.149507e+07
3.910455e+04  2.071013e+07  0.000000e+00  0.000000e+00  1.862581e+08  0.000000e+00  0.000000e+00  3.560598e+07  3.429936e+07  3.251020e+07  3.144984e+07
3.914383e+04  2.068669e+07  0.000000e+00  0.000000e+00  1.860473e+08  0.000000e+00  0.000000e+00  3.555917e+07  3.425189e+07  3.246393e+07  3.140459e+07
3.918315e+04  2.066327e+07  0.000000e+00  0.000000e+00  1.858367e+08  0.000000e+00  0.000000e+00  3.551225e+07  3.420429e+07  3.241759e+07  3.135927e+07
3.922252e+04  2.063988e+07  0.000000e+00  0.000000e+00  1.856263e+08  0.000000e+00  0.000000e+00  3.546528e+07  3.415674e+07  3.237122e+07  3.131394e+07
3.926192e+04  2.061652e+07  0.000000e+00  0.000000e+00  1.854161e+08  0.000000e+00  0.000000e+00  3.541840e+07  3.410919e+07  3.232492e+07  3.126864e+07
3.930136e+04  2.059317e+07  0.000000e+00  0.000000e+00  1.852062e+08  0.000000e+00  0.000000e+00  3.537168e+07  3.406180e+07  3.227874e+07  3.122340e+07
3.934084e+04  2.056985e+07  0.000000e+00  0.000000e+00  1.849964e+08  0.000000e+00  0.000000e+00  3.532493e+07  3.401453e+07  3.223262e+07  3.117831e+07
3.938036e+04  2.054655e+07  0.000000e+00  0.000000e+00  1.847869e+08  0.000000e+00  0.000000e+00  3.527832e+07  3.396714e+07  3.218652e+07  3.113306e+07
3.941991e+04  2.052328e+07  0.000000e+00  0.000000e+00  1.845776e+08  0.000000e+00  0.000000e+00  3.523161e+07  3.391996e+07  3.214047e+07  3.108804e+07
3.945951e+04  2.050003e+07  0.000000e+00  0.000000e+00  1.843685e+08  0.000000e+00  0.000000e+00  3.518505e+07  3.387255e+07  3.209438e+07  3.104292e+07
3.949915e+04  2.047681e+07  0.000000e+00  0.000000e+00  1.841596e+08  0.000000e+00  0.000000e+00  3.513837e+07  3.382538e+07  3.204840e+07  3.099790e+07
3.953883e+04  2.045360e+07  0.000000e+00  0.000000e+00  1.839510e+08  0.000000e+00  0.000000e+00  3.509187e+07  3.377819e+07  3.200240e+07  3.095286e+07
3.957855e+04  2.043042e+07  0.000000e+00  0.000000e+00  1.837425e+08  0.000000e+00  0.000000e+00  3.504518e+07  3.373088e+07  3.195643e+07  3.090777e+07
3.961831e+04  2.040727e+07  0.000000e+00  0.000000e+00  1.835342e+08  0.000000e+00  0.000000e+00  3.499863e+07  3.368369e+07  3.191048e+07  3.086284e+07
3.965811e+04  2.038414e+07  0.000000e+00  0.000000e+00  1.833262e+08  0.000000e+00  0.000000e+00  3.495223e+07  3.363666e+07  3.186451e+07  3.081789e+07
3.969794e+04  2.036103e+07  0.000000e+00  0.000000e+00  1.831184e+08  0.000000e+00  0.000000e+00  3.490559e+07  3.358939e+07  3.181857e+07  3.077288e+07
3.973782e+04  2.033794e+07  0.000000e+00  0.000000e+00  1.829108e+08  0.000000e+00  0.000000e+00  3.485916e+07  3.354241e+07  3.177271e+07  3.072801e+07
3.977774e+04  2.031488e+07  0.000000e+00  0.000000e+00  1.827034e+08  0.000000e+00  0.000000e+00  3.481272e+07  3.349525e+07  3.172686e+07  3.068305e+07
3.981770e+04  2.029184e+07  0.000000e+00  0.000000e+00  1.824962e+08  0.000000e+00  0.000000e+00  3.476641e+07  3.344823e+07  3.168109e+07  3.063822e+07
3.985770e+04  2.026883e+07  0.000000e+00  0.000000e+00  1.822892e+08  0.000000e+00  0.000000e+00  3.472004e+07  3.340127e+07  3.163531e+07  3.059347e+07
3.989773e+04  2.024584e+07  0.000000e+00  0.000000e+00  1.820824e+08  0.000000e+00  0.000000e+00  3.467364e+07  3.335435e+07  3.158958e+07  3.054863e+07
3.993781e+04  2.022287e+07  0.000000e+00  0.000000e+00  1.818758e+08  0.000000e+00  0.000000e+00  3.462730e+07  3.330741e+07  3.154386e+07  3.050388e+07
3.997793e+04  2.019992e+07  0.000000e+00  0.000000e+00  1.816695e+08  0.000000e+00  0.000000e+00  3.458097e+07  3.326048e+07  3.149818e+07  3.045912e+07
4.001809e+04  2.017700e+07  0.000000e+00  0.000000e+00  1.814633e+08  0.000000e+00  0.000000e+00  3.453475e+07  3.321370e+07  3.145244e+07  3.041447e+07
4.005829e+04  2.015410e+07  0.000000e+00  0.000000e+00  1.812574e+08  0.000000e+00  0.000000e+00  3.448849e+07  3.316683e+07  3.140684e+07  3.036975e+07
4.009853e+04  2.013123e+07  0.000000e+00  0.000000e+00  1.810517e+08  0.000000e+00  0.000000e+00  3.444241e+07  3.312008e+07  3.136126e+07  3.032507e+07
4.013881e+04  2.010837e+07  0.000000e+00  0.000000e+00  1.808461e+08  0.000000e+00  0.000000e+00  3.439613e+07  3.307327e+07  3.131568e+07  3.028047e+07
4.017913e+04  2.008555e+07  0.000000e+00  0.000000e+00  1.806408e+08  0.000000e+00  0.000000e+00  3.435001e+07  3.302658e+07  3.127018e+07  3.023591e+07
4.021949e+04  2.006274e+07  0.000000e+00  0.000000e+00  1.804357e+08  0.000000e+00  0.000000e+00  3.430399e+07  3.297985e+07  3.122469e+07  3.019132e+07
4.025990e+04  2.003996e+07  0.000000e+00  0.000000e+00  1.802308e+08  0.000000e+00  0.000000e+00  3.425777e+07  3.293316e+07  3.117920e+07  3.014667e+07
4.030034e+04  2.001720e+07  0.000000e+00  0.000000e+00  1.800261e+08  0.000000e+00  0.000000e+00  3.421163e+07  3.288629e+07  3.113363e+07  3.010211e+07
4.034082e+04  1.999446e+07  0.000000e+00  0.000000e+00  1.798216e+08  0.000000e+00  0.000000e+00  3.416555e+07  3.283964e+07  3.108815e+07  3.005755e+07
4.038135e+04  1.997175e+07  0.000000e+00  0.000000e+00  1.796174e+08  0.000000e+00  0.000000e+00  3.411949e+07  3.279308e+07  3.104271e+07  3.001302e+07
4.042191e+04  1.994906e+07  0.000000e+00  0.000000e+00  1.794133e+08  0.000000e+00  0.000000e+00  3.407353e+07  3.274638e+07  3.099729e+07  2.996849e+07
4.046252e+04  1.992639e+07  0.000000e+00  0.000000e+00  1.792094e+08  0.000000e+00  0.000000e+00  3.402759e+07  3.269983e+07  3.095198e+07  2.992411e+07
4.050316e+04  1.990375e+07  0.000000e+00  0.000000e+00  1.790058e+08  0.000000e+00  0.000000e+00  3.398163e+07  3.265335e+07  3.090664e+07  2.987964e+07
4.054385e+04  1.988113e+07  0.000000e+00  0.000000e+00  1.788023e+08  0.000000e+00  0.000000e+00  3.393581e+07  3.260686e+07  3.086135e+07  2.983534e+07
4.058458e+04  1.985853e+07  0.000000e+00  0.000000e+00  1.785991e+08  0.000000e+00  0.000000e+00  3.388993e+07  3.256046e+07  3.081608e+07  2.979099e+07
4.062535e+04  1.983595e+07  0.000000e+00  0.000000e+00  1.783961e+08  0.000000e+00  0.000000e+00  3.384398e+07  3.251394e+07  3.077081e+07  2.974656e+07
4.066616e+04  1.981340e+07  0.000000e+00  0.000000e+00  1.781932e+08  0.000000e+00  0.000000e+00  3.379814e+07  3.246754e+07  3.072560e+07  2.970221e+07
4.070701e+04  1.979087e+07  0.000000e+00  0.000000e+00  1.779906e+08  0.000000e+00  0.000000e+00  3.375240e+07  3.242111e+07  3.068040e+07  2.965803e+07
4.074790e+04  1.976836e+07  0.000000e+00  0.000000e+00  1.777882e+08  0.000000e+00  0.000000e+00  3.370662e+07  3.237488e+07  3.063523e+07  2.961369e+07
4.078883e+04  1.974588e+07  0.000000e+00  0.000000e+00  1.775860e+08  0.000000e+00  0.000000e+00  3.366080e+07  3.232843e+07  3.059008e+07  2.956944e+07
4.082981e+04  1.972342e+07  0.000000e+00  0.000000e+00  1.773840e+08  0.000000e+00  0.000000e+00  3.361500e+07  3.228213e+07  3.054496e+07  2.952519e+07
4.087082e+04  1.970098e+07  0.000000e+00  0.000000e+00  1.771822e+08  0.000000e+00  0.000000e+00  3.356935e+07  3.223592e+07  3.049982e+07  2.948102e+07
4.091188e+04  1.967856e+07  0.000000e+00  0.000000e+00  1.769806e+08  0.000000e+00  0.000000e+00  3.352362e+07  3.218968e+07  3.045480e+07  2.943684e+07
4.095297e+04  1.965617e+07  0.000000e+00  0.000000e+00  1.767792e+08  0.000000e+00  0.000000e+00  3.347796e+07  3.214341e+07  3.040971e+07  2.939272e+07
4.099411e+04  1.963380e+07  0.000000e+00  0.000000e+00  1.765780e+08  0.000000e+00  0.000000e+00  3.343232e+07  3.209727e+07  3.036474e+07  2.934858e+07
4.103529e+04  1.961145e+07  0.000000e+00  0.000000e+00  1.763770e+08  0.000000e+00  0.000000e+00  3.338679e+07  3.205105e+07  3.031980e+07  2.930454e+07
4.107651e+04  1.958913e+07  0.000000e+00  0.000000e+00  1.761763e+08  0.000000e+00  0.000000e+00  3.334119e+07  3.200494e+07  3.027491e+07  2.926046e+07
4.111778e+04  1.956683e+07  0.000000e+00  0.000000e+00  1.759757e+08  0.000000e+00  0.000000e+00  3.329573e+07  3.195897e+07  3.023000e+07  2.921642e+07
4.115908e+04  1.954455e+07  0.000000e+00  0.000000e+00  1.757753e+08  0.000000e+00  0.000000e+00  3.325019e+07  3.191278e+07  3.018506e+07  2.917245e+07
4.120043e+04  1.952229e+07  0.000000e+00  0.000000e+00  1.755751e+08  0.000000e+00  0.000000e+00  3.320469e+07  3.186679e+07  3.014026e+07  2.912844e+07
4.124182e+04  1.950006e+07  0.000000e+00  0.000000e+00  1.753752e+08  0.000000e+00  0.000000e+00  3.315913e+07  3.182081e+07  3.009539e+07  2.908452e+07
4.128324e+04  1.947785e+07  0.000000e+00  0.000000e+00  1.751754e+08  0.000000e+00  0.000000e+00  3.311380e+07  3.177477e+07  3.005059e+07  2.904068e+07
4.132472e+04  1.945566e+07  0.000000e+00  0.000000e+00  1.749759e+08  0.000000e+00  0.000000e+00  3.306844e+07  3.172891e+07  3.000586e+07  2.899676e+07
4.136623e+04  1.943349e+07  0.000000e+00  0.000000e+00  1.747765e+08  0.000000e+00  0.000000e+00  3.302305e+07  3.168309e+07  2.996114e+07  2.895297e+07
4.140778e+04  1.941135e+07  0.000000e+00  0.000000e+00  1.745774e+08  0.000000e+00  0.000000e+00  3.297769e+07  3.163714e+07  2.991646e+07  2.890912e+07
4.144938e+04  1.938923e+07  0.000000e+00  0.000000e+00  1.743784e+08  0.000000e+00  0.000000e+00  3.293230e+07  3.159140e+07  2.987177e+07  2.886526e+07
4.149101e+04  1.936713e+07  0.000000e+00  0.000000e+00  1.741797e+08  0.000000e+00  0.000000e+00  3.288701e+07  3.154550e+07  2.982711e+07  2.882154e+07
4.153269e+04  1.934505e+07  0.000000e+00  0.000000e+00  1.739811e+08  0.000000e+00  0.000000e+00  3.284161e+07  3.149965e+07  2.978247e+07  2.877769e+07
4.157441e+04  1.932300e+07  0.000000e+00  0.000000e+00  1.737828e+08  0.000000e+00  0.000000e+00  3.279634e+07  3.145390e+07  2.973786e+07  2.873396e+07
4.161618e+04  1.930096e+07  0.000000e+00  0.000000e+00  1.735846e+08  0.000000e+00  0.000000e+00  3.275110e+07  3.140811e+07  2.969328e+07  2.869025e+07
4.165798e+04  1.927895e+07  0.000000e+00  0.000000e+00  1.733867e+08  0.000000e+00  0.000000e+00  3.270594e+07  3.136250e+07  2.964880e+07  2.864663e+07
4.169983e+04  1.925697e+07  0.000000e+00  0.000000e+00  1.731889e+08  0.000000e+00  0.000000e+00  3.266073e+07  3.131678e+07  2.960428e+07  2.860307e+07
4.174172e+04  1.923500e+07  0.000000e+00  0.000000e+00  1.729914e+08  0.000000e+00  0.000000e+00  3.261569e+07  3.127121e+07  2.955981e+07  2.855945e+07
4.178365e+04  1.921306e+07  0.000000e+00  0.000000e+00  1.727941e+08  0.000000e+00  0.000000e+00  3.257059e+07  3.122555e+07  2.951539e+07  2.851581e+07
4.182562e+04  1.919114e+07  0.000000e+00  0.000000e+00  1.725969e+08  0.000000e+00  0.000000e+00  3.252539e+07  3.117992e+07  2.947102e+07  2.847238e+07
4.186764e+04  1.916924e+07  0.000000e+00  0.000000e+00  1.724000e+08  0.000000e+00  0.000000e+00  3.248035e+07  3.113438e+07  2.942663e+07  2.842878e+07
4.190970e+04  1.914737e+07  0.000000e+00  0.000000e+00  1.722032e+08  0.000000e+00  0.000000e+00  3.243534e+07  3.108885e+07  2.938229e+07  2.838534e+07
4.195180e+04  1.912551e+07  0.000000e+00  0.000000e+00  1.720067e+08  0.000000e+00  0.000000e+00  3.239032e+07  3.104329e+07  2.933794e+07  2.834185e+07
4.199394e+04  1.910368e+07  0.000000e+00  0.000000e+00  1.718104e+08  0.000000e+00  0.000000e+00  3.234534e+07  3.099790e+07  2.929365e+07  2.829840e+07
4.203612e+04  1.908187e+07  0.000000e+00  0.000000e+00  1.716142e+08  0.000000e+00  0.000000e+00  3.230030e+07  3.095243e+07  2.924939e+07  2.825499e+07
4.207835e+04  1.906009e+07  0.000000e+00  0.000000e+00  1.714183e+08  0.000000e+00  0.000000e+00  3.225534e+07  3.090703e+07  2.920511e+07  2.821171e+07
4.212062e+04  1.903832e+07  0.000000e+00  0.000000e+00  1.712225e+08  0.000000e+00  0.000000e+00  3.221045e+07  3.086153e+07  2.916094e+07  2.816837e+07
4.216293e+04  1.901658e+07  0.000000e+00  0.000000e+00  1.710270e+08  0.000000e+00  0.000000e+00  3.216562e+07  3.081632e+07  2.911683e+07  2.812505e+07
4.220529e+04  1.899486e+07  0.000000e+00  0.000000e+00  1.708317e+08  0.000000e+00  0.000000e+00  3.212071e+07  3.077098e+07  2.907271e+07  2.808181e+07
4.224768e+04  1.897316e+07  0.000000e+00  0.000000e+00  1.706365e+08  0.000000e+00  0.000000e+00  3.207599e+07  3.072570e+07  2.902867e+07  2.803869e+07
4.229012e+04  1.895149e+07  0.000000e+00  0.000000e+00  1.704416e+08  0.000000e+00  0.000000e+00  3.203121e+07  3.068046e+07  2.898468e+07  2.799554e+07
4.233260e+04  1.892983e+07  0.000000e+00  0.000000e+00  1.702468e+08  0.000000e+00  0.000000e+00  3.198644e+07  3.063528e+07  2.894065e+07  2.795234e+07
4.237513e+04  1.890820e+07  0.000000e+00  0.000000e+00  1.700523e+08  0.000000e+00  0.000000e+00  3.194180e+07  3.059013e+07  2.889667e+07  2.790932e+07
4.241770e+04  1.888659e+07  0.000000e+00  0.000000e+00  1.698579e+08  0.000000e+00  0.000000e+00  3.189712e+07  3.054508e+07  2.885275e+07  2.786622e+07
4.246031e+04  1.886500e+07  0.000000e+00  0.000000e+00  1.696638e+08  0.000000e+00  0.000000e+00  3.185241e+07  3.049985e+07  2.880889e+07  2.782327e+07
4.250296e+04  1.884343e+07  0.000000e+00  0.000000e+00  1.694698e+08  0.000000e+00  0.000000e+00  3.180782e+07  3.045488e+07  2.876499e+07  2.778020e+07
4.254566e+04  1.882189e+07  0.000000e+00  0.000000e+00  1.692760e+08  0.000000e+00  0.000000e+00  3.176316e+07  3.040979e+07  2.872117e+07  2.773731e+07
4.258839e+04  1.880037e+07  0.000000e+00  0.000000e+00  1.690825e+08  0.000000e+00  0.000000e+00  3.171875e+07  3.036478e+07  2.867740e+07  2.769438e+07
4.263118e+04  1.877887e+07  0.000000e+00  0.000000e+00  1.688891e+08  0.000000e+00  0.000000e+00  3.167430e+07  3.031987e+07  2.863367e+07  2.765155e+07
4.267400e+04  1.875739e+07  0.000000e+00  0.000000e+00  1.686959e+08  0.000000e+00  0.000000e+00  3.162972e+07  3.027497e+07  2.858995e+07  2.760866e+07
4.271687e+04  1.873593e+07  0.000000e+00  0.000000e+00  1.685030e+08  0.000000e+00  0.000000e+00  3.158522e+07  3.023001e+07  2.854621e+07  2.756580e+07
4.275978e+04  1.871450e+07  0.000000e+00  0.000000e+00  1.683102e+08  0.000000e+00  0.000000e+00  3.154073e+07  3.018512e+07  2.850259e+07  2.752306e+07
4.280273e+04  1.869308e+07  0.000000e+00  0.000000e+00  1.681176e+08  0.000000e+00  0.000000e+00  3.149636e+07  3.014024e+07  2.845896e+07  2.748039e+07
4.284573e+04  1.867169e+07  0.000000e+00  0.000000e+00  1.679252e+08  0.000000e+00  0.000000e+00  3.145196e+07  3.009550e+07  2.841542e+07  2.743773e+07
4.288877e+04  1.865032e+07  0.000000e+00  0.000000e+00  1.677330e+08  0.000000e+00  0.000000e+00  3.140760e+07  3.005078e+07  2.837191e+07  2.739504e+07
4.293185e+04  1.862897e+07  0.000000e+00  0.000000e+00  1.675410e+08  0.000000e+00  0.000000e+00  3.136327e+07  3.000601e+07  2.832838e+07  2.735244e+07
4.297498e+04  1.860765e+07  0.000000e+00  0.000000e+00  1.673492e+08  0.000000e+00  0.000000e+00  3.131901e+07  2.996134e+07  2.828490e+07  2.730989e+07
4.301815e+04  1.858634e+07  0.000000e+00  0.000000e+00  1.671576e+08  0.000000e+00  0.000000e+00  3.127468e+07  2.991661e+07  2.824146e+07  2.726731e+07
4.306136e+04  1.856506e+07  0.000000e+00  0.000000e+00  1.669662e+08  0.000000e+00  0.000000e+00  3.123044e+07  2.987184e+07  2.819804e+07  2.722469e+07
4.310462e+04  1.854380e+07  0.000000e+00  0.000000e+00  1.667750e+08  0.000000e+00  0.000000e+00  3.118615e+07  2.982727e+07  2.815463e+07  2.718225e+07
4.314792e+04  1.852256e+07  0.000000e+00  0.000000e+00  1.665840e+08  0.000000e+00  0.000000e+00  3.114202e+07  2.978276e+07  2.811132e+07  2.713984e+07
4.319126e+04  1.850134e+07  0.000000e+00  0.000000e+00  1.663931e+08  0.000000e+00  0.000000e+00  3.109793e+07  2.973818e+07  2.806807e+07  2.709754e+07
4.323465e+04  1.848014e+07  0.000000e+00  0.000000e+00  1.662025e+08  0.000000e+00  0.000000e+00  3.105392e+07  2.969372e+07  2.802491e+07  2.705524e+07
4.327808e+04  1.845897e+07  0.000000e+00  0.000000e+00  1.660121e+08  0.000000e+00  0.000000e+00  3.100990e+07  2.964935e+07  2.798178e+07  2.701300e+07
4.332156e+04  1.843781e+07  0.000000e+00  0.000000e+00  1.658218e+08  0.000000e+00  0.000000e+00  3.096587e+07  2.960498e+07  2.793862e+07  2.697083e+07
4.336507e+04  1.841668e+07  0.000000e+00  0.000000e+00  1.656318e+08  0.000000e+00  0.000000e+00  3.092202e+07  2.956061e+07  2.789559e+07  2.692858e+07
4.340864e+04  1.839557e+07  0.000000e+00  0.000000e+00  1.654419e+08  0.000000e+00  0.000000e+00  3.087801e+07  2.951636e+07  2.785250e+07  2.688653e+07
4.345224e+04  1.837448e+07  0.000000e+00  0.000000e+00  1.652522e+08  0.000000e+00  0.000000e+00  3.083411e+07  2.947206e+07  2.780948e+07  2.684440e+07
4.349589e+04  1.835342e+07  0.000000e+00  0.000000e+00  1.650628e+08  0.000000e+00  0.000000e+00  3.079031e+07  2.942784e+07  2.776653e+07  2.680230e+07
4.353959e+04  1.833237e+07  0.000000e+00  0.000000e+00  1.648735e+08  0.000000e+00  0.000000e+00  3.074648e+07  2.938362e+07  2.772361e+07  2.676035e+07
4.358332e+04  1.831134e+07  0.000000e+00  0.000000e+00  1.646844e+08  0.000000e+00  0.000000e+00  3.070275e+07  2.933941e+07  2.768069e+07  2.671841e+07
4.362710e+04  1.829034e+07  0.000000e+00  0.000000e+00  1.644955e+08  0.000000e+00  0.000000e+00  3.065889e+07  2.929521e+07  2.763786e+07  2.667641e+07
4.367093e+04  1.826936e+07  0.000000e+00  0.000000e+00  1.643068e+08  0.000000e+00  0.000000e+00  3.061525e+07  2.925120e+07  2.759508e+07  2.663459e+07
4.371480e+04  1.824840e+07  0.000000e+00  0.000000e+00  1.641183e+08  0.000000e+00  0.000000e+00  3.057155e+07  2.920708e+07  2.755231e+07  2.659280e+07
4.375871e+04  1.822746e+07  0.000000e+00  0.000000e+00  1.639300e+08  0.000000e+00  0.000000e+00  3.052772e+07  2.916308e+07  2.750947e+07  2.655095e+07
4.380267e+04  1.820654e+07  0.000000e+00  0.000000e+00  1.637419e+08  0.000000e+00  0.000000e+00  3.048409e+07  2.911901e+07  2.746674e+07  2.650898e+07
4.384667e+04  1.818564e+07  0.000000e+00  0.000000e+00  1.635539e+08  0.000000e+00  0.000000e+00  3.044049e+07  2.907493e+07  2.742413e+07  2.646732e+07
4.389072e+04  1.816477e+07  0.000000e+00  0.000000e+00  1.633662e+08  0.000000e+00  0.000000e+00  3.039695e+07  2.903117e+07  2.738154e+07  2.642575e+07
4.393481e+04  1.814392e+07  0.000000e+00  0.000000e+00  1.631786e+08  0.000000e+00  0.000000e+00  3.035337e+07  2.898723e+07  2.733894e+07  2.638416e+07
4.397894e+04  1.812308e+07  0.000000e+00  0.000000e+00  1.629913e+08  0.000000e+00  0.000000e+00  3.030999e+07  2.894341e+07  2.729640e+07  2.634252e+07
4.402312e+04  1.810227e+07  0.000000e+00  0.000000e+00  1.628041e+08  0.000000e+00  0.000000e+00  3.026659e+07  2.889968e+07  2.725385e+07  2.630104e+07
4.406734e+04  1.808148e+07  0.000000e+00  0.000000e+00  1.626171e+08  0.000000e+00  0.000000e+00  3.022314e+07  2.885604e+07  2.721135e+07  2.625964e+07
4.411161e+04  1.806071e+07  0.000000e+00  0.000000e+00  1.624303e+08  0.000000e+00  0.000000e+00  3.017990e+07  2.881246e+07  2.716895e+07  2.621834e+07
4.415592e+04  1.803996e+07  0.000000e+00  0.000000e+00  1.622437e+08  0.000000e+00  0.000000e+00  3.013659e+07  2.876874e+07  2.712658e+07  2.617695e+07
4.420028e+04  1.801924e+07  0.000000e+00  0.000000e+00  1.620573e+08  0.000000e+00  0.000000e+00  3.009336e+07  2.872519e+07  2.708426e+07  2.613562e+07
4.424468e+04  1.799853e+07  0.000000e+00  0.000000e+00  1.618711e+08  0.000000e+00  0.000000e+00  3.005011e+07  2.868153e+07  2.704198e+07  2.609425e+07
4.428912e+04  1.797784e+07  0.000000e+00  0.000000e+00  1.616850e+08  0.000000e+00  0.000000e+00  3.000685e+07  2.863790e+07  2.699975e+07  2.605287e+07
4.433361e+04  1.795718e+07  0.000000e+00  0.000000e+00  1.614992e+08  0.000000e+00  0.000000e+00  2.996369e+07  2.859422e+07  2.695754e+07  2.601159e+07
4.437815e+04  1.793654e+07  0.000000e+00  0.000000e+00  1.613136e+08  0.000000e+00  0.000000e+00  2.992068e+07  2.855089e+07  2.691541e+07  2.597041e+07
4.442273e+04  1.791592e+07  0.000000e+00  0.000000e+00  1.611281e+08  0.000000e+00  0.000000e+00  2.987761e+07  2.850752e+07  2.687338e+07  2.592931e+07
4.446735e+04  1.789531e+07  0.000000e+00  0.000000e+00  1.609428e+08  0.000000e+00  0.000000e+00  2.983436e+07  2.846393e+07  2.683121e+07  2.588822e+07
4.451202e+04  1.787474e+07  0.000000e+00  0.000000e+00  1.607577e+08  0.000000e+00  0.000000e+00  2.979127e+07  2.842043e+07  2.678915e+07  2.584729e+07
4.455673e+04  1.785418e+07  0.000000e+00  0.000000e+00  1.605728e+08  0.000000e+00  0.000000e+00  2.974834e+07  2.837717e+07  2.674722e+07  2.580628e+07
4.460149e+04  1.783364e+07  0.000000e+00  0.000000e+00  1.603881e+08  0.000000e+00  0.000000e+00  2.970544e+07  2.833392e+07  2.670524e+07  2.576541e+07
4.464630e+04  1.781312e+07  0.000000e+00  0.000000e+00  1.602036e+08  0.000000e+00  0.000000e+00  2.966298e+07  2.829103e+07  2.666377e+07  2.572485e+07
4.469102e+04  1.779268e+07  0.000000e+00  0.000000e+00  1.600198e+08  0.000000e+00  0.000000e+00  2.962011e+07  2.824794e+07  2.662196e+07  2.568412e+07
4.473565e+04  1.777233e+07  0.000000e+00  0.000000e+00  1.598367e+08  0.000000e+00  0.000000e+00  2.957705e+07  2.820442e+07  2.657990e+07  2.564297e+07
4.478033e+04  1.775199e+07  0.000000e+00  0.000000e+00  1.596538e+08  0.000000e+00  0.000000e+00  2.953447e+07  2.816159e+07  2.653833e+07  2.560250e+07
4.482505e+04  1.773168e+07  0.000000e+00  0.000000e+00  1.594711e+08  0.000000e+00  0.000000e+00  2.949204e+07  2.811870e+07  2.649687e+07  2.556202e+07
4.486982e+04  1.771138e+07  0.000000e+00  0.000000e+00  1.592886e+08  0.000000e+00  0.000000e+00  2.944983e+07  2.807600e+07  2.645546e+07  2.552158e+07
4.491463e+04  1.769111e+07  0.000000e+00  0.000000e+00  1.591062e+08  0.000000e+00  0.000000e+00  2.940773e+07  2.803355e+07  2.641435e+07  2.548151e+07
4.495949e+04  1.767085e+07  0.000000e+00  0.000000e+00  1.589241e+08  0.000000e+00  0.000000e+00  2.936535e+07  2.799090e+07  2.637301e+07  2.544108e+07
4.500439e+04  1.765062e+07  0.000000e+00  0.000000e+00  1.587421e+08  0.000000e+00  0.000000e+00  2.932285e+07  2.794813e+07  2.633159e+07  2.540069e+07
4.504934e+04  1.763040e+07  0.000000e+00  0.000000e+00  1.585603e+08  0.000000e+00  0.000000e+00  2.928055e+07  2.790558e+07  2.629038e+07  2.536048e+07
4.509433e+04  1.761021e+07  0.000000e+00  0.000000e+00  1.583787e+08  0.000000e+00  0.000000e+00  2.923832e+07  2.786294e+07  2.624919e+07  2.532035e+07
4.513937e+04  1.759004e+07  0.000000e+00  0.000000e+00  1.581973e+08  0.000000e+00  0.000000e+00  2.919616e+07  2.782050e+07  2.620802e+07  2.528013e+07
4.518445e+04  1.756989e+07  0.000000e+00  0.000000e+00  1.580161e+08  0.000000e+00  0.000000e+00  2.915394e+07  2.777797e+07  2.616690e+07  2.524002e+07
4.522958e+04  1.754976e+07  0.000000e+00  0.000000e+00  1.578350e+08  0.000000e+00  0.000000e+00  2.911183e+07  2.773552e+07  2.612582e+07  2.519989e+07
4.527475e+04  1.752965e+07  0.000000e+00  0.000000e+00  1.576541e+08  0.000000e+00  0.000000e+00  2.906983e+07  2.769318e+07  2.608480e+07  2.515987e+07
4.531997e+04  1.750955e+07  0.000000e+00  0.000000e+00  1.574735e+08  0.000000e+00  0.000000e+00  2.902781e+07  2.765083e+07  2.604380e+07  2.511989e+07
4.536523e+04  1.748948e+07  0.000000e+00  0.000000e+00  1.572929e+08  0.000000e+00  0.000000e+00  2.898576e+07  2.760849e+07  2.600283e+07  2.507995e+07
4.541054e+04  1.746943e+07  0.000000e+00  0.000000e+00  1.571126e+08  0.000000e+00  0.000000e+00  2.894388e+07  2.756621e+07  2.596193e+07  2.503997e+07
4.545589e+04  1.744940e+07  0.000000e+00  0.000000e+00  1.569325e+08  0.000000e+00  0.000000e+00  2.890194e+07  2.752399e+07  2.592107e+07  2.500008e+07
4.550129e+04  1.742940e+07  0.000000e+00  0.000000e+00  1.567525e+08  0.000000e+00  0.000000e+00  2.886010e+07  2.748183e+07  2.588018e+07  2.496016e+07
4.554673e+04  1.740941e+07  0.000000e+00  0.000000e+00  1.565728e+08  0.000000e+00  0.000000e+00  2.881830e+07  2.743973e+07  2.583939e+07  2.492027e+07
4.559222e+04  1.738944e+07  0.000000e+00  0.000000e+00  1.563932e+08  0.000000e+00  0.000000e+00  2.877651e+07  2.739761e+07  2.579863e+07  2.488047e+07
4.563776e+04  1.736949e+07  0.000000e+00  0.000000e+00  1.562138e+08  0.000000e+00  0.000000e+00  2.873473e+07  2.735555e+07  2.575800e+07  2.484080e+07
4.568334e+04  1.734956e+07  0.000000e+00  0.000000e+00  1.560345e+08  0.000000e+00  0.000000e+00  2.869311e+07  2.731360e+07  2.571739e+07  2.480122e+07
4.572896e+04  1.732965e+07  0.000000e+00  0.000000e+00  1.558555e+08  0.000000e+00  0.000000e+00  2.865131e+07  2.727151e+07  2.567669e+07  2.476148e+07
4.577463e+04  1.730976e+07  0.000000e+00  0.000000e+00  1.556766e+08  0.000000e+00  0.000000e+00  2.860966e+07  2.722956e+07  2.563599e+07  2.472189e+07
4.582035e+04  1.728990e+07  0.000000e+00  0.000000e+00  1.554979e+08  0.000000e+00  0.000000e+00  2.856798e+07  2.718757e+07  2.559547e+07  2.468227e+07
4.586611e+04  1.727005e+07  0.000000e+00  0.000000e+00  1.553194e+08  0.000000e+00  0.000000e+00  2.852654e+07  2.714576e+07  2.555496e+07  2.464280e+07
4.591192e+04  1.725022e+07  0.000000e+00  0.000000e+00  1.551411e+08  0.000000e+00  0.000000e+00  2.848500e+07  2.710400e+07  2.551454e+07  2.460337e+07
4.595777e+04  1.723041e+07  0.000000e+00  0.000000e+00  1.549630e+08  0.000000e+00  0.000000e+00  2.844356e+07  2.706218e+07  2.547411e+07  2.456391e+07
4.600367e+04  1.721063e+07  0.000000e+00  0.000000e+00  1.547850e+08  0.000000e+00  0.000000e+00  2.840215e+07  2.702044e+07  2.543370e+07  2.452459e+07
4.604962e+04  1.719086e+07  0.000000e+00  0.000000e+00  1.546072e+08  0.000000e+00  0.000000e+00  2.836070e+07  2.697876e+07  2.539337e+07  2.448525e+07
4.609561e+04  1.717111e+07  0.000000e+00  0.000000e+00  1.544296e+08  0.000000e+00  0.000000e+00  2.831939e+07  2.693715e+07  2.535312e+07  2.444585e+07
4.614164e+04  1.715138e+07  0.000000e+00  0.000000e+00  1.542522e+08  0.000000e+00  0.000000e+00  2.827799e+07  2.689551e+07  2.531282e+07  2.440665e+07
4.618773e+04  1.713168e+07  0.000000e+00  0.000000e+00  1.540750e+08  0.000000e+00  0.000000e+00  2.823673e+07  2.685398e+07  2.527257e+07  2.436736e+07
4.623386e+04  1.711199e+07  0.000000e+00  0.000000e+00  1.538979e+08  0.000000e+00  0.000000e+00  2.819554e+07  2.681249e+07  2.523233e+07  2.432813e+07
4.628003e+04  1.709232e+07  0.000000e+00  0.000000e+00  1.537211e+08  0.000000e+00  0.000000e+00  2.815433e+07  2.677099e+07  2.519217e+07  2.428888e+07
4.632625e+04  1.707268e+07  0.000000e+00  0.000000e+00  1.535444e+08  0.000000e+00  0.000000e+00  2.811311e+07  2.672950e+07  2.515207e+07  2.424976e+07
4.637252e+04  1.705305e+07  0.000000e+00  0.000000e+00  1.533678e+08  0.000000e+00  0.000000e+00  2.807205e+07  2.668813e+07  2.511198e+07  2.421064e+07
4.641883e+04  1.703344e+07  0.000000e+00  0.000000e+00  1.531915e+08  0.000000e+00  0.000000e+00  2.803096e+07  2.664678e+07  2.507192e+07  2.417164e+07
4.646519e+04  1.701385e+07  0.000000e+00  0.000000e+00  1.530153e+08  0.000000e+00  0.000000e+00  2.798981e+07  2.660542e+07  2.503193e+07  2.413265e+07
4.651160e+04  1.699429e+07  0.000000e+00  0.000000e+00  1.528393e+08  0.000000e+00  0.000000e+00  2.794878e+07  2.656417e+07  2.499194e+07  2.409359e+07
4.655805e+04  1.697474e+07  0.000000e+00  0.000000e+00  1.526635e+08  0.000000e+00  0.000000e+00  2.790791e+07  2.652291e+07  2.495205e+07  2.405470e+07
4.660455e+04  1.695521e+07  0.000000e+00  0.000000e+00  1.524879e+08  0.000000e+00  0.000000e+00  2.786690e+07  2.648159e+07  2.491213e+07  2.401574e+07
4.665110e+04  1.693570e+07  0.000000e+00  0.000000e+00  1.523125e+08  0.000000e+00  0.000000e+00  2.782606e+07  2.644051e+07  2.487228e+07  2.397694e+07
4.669769e+04  1.691621e+07  0.000000e+00  0.000000e+00  1.521372e+08  0.000000e+00  0.000000e+00  2.778512e+07  2.639932e+07  2.483244e+07  2.393810e+07
4.674433e+04  1.689674e+07  0.000000e+00  0.000000e+00  1.519621e+08  0.000000e+00  0.000000e+00  2.774439e+07  2.635819e+07  2.479269e+07  2.389926e+07
4.679101e+04  1.687729e+07  0.000000e+00  0.000000e+00  1.517872e+08  0.000000e+00  0.000000e+00  2.770350e+07  2.631716e+07  2.475288e+07  2.386047e+07
4.683774e+04  1.685787e+07  0.000000e+00  0.000000e+00  1.516124e+08  0.000000e+00  0.000000e+00  2.766287e+07  2.627617e+07  2.471318e+07  2.382177e+07
4.688452e+04  1.683846e+07  0.000000e+00  0.000000e+00  1.514379e+08  0.000000e+00  0.000000e+00  2.762206e+07  2.623516e+07  2.467344e+07  2.378306e+07
4.693135e+04  1.681907e+07  0.000000e+00  0.000000e+00  1.512635e+08  0.000000e+00  0.000000e+00  2.758144e+07  2.619422e+07  2.463371e+07  2.374430e+07
4.697822e+04  1.679970e+07  0.000000e+00  0.000000e+00  1.510893e+08  0.000000e+00  0.000000e+00  2.754076e+07  2.615330e+07  2.459409e+07  2.370565e+07
4.702514e+04  1.678035e+07  0.000000e+00  0.000000e+00  1.509153e+08  0.000000e+00  0.000000e+00  2.750013e+07  2.611240e+07  2.455453e+07  2.366702e+07
4.707210e+04  1.676101e+07  0.000000e+00  0.000000e+00  1.507414e+08  0.000000e+00  0.000000e+00  2.745961e+07  2.607158e+07  2.451504e+07  2.362841e+07
4.711911e+04  1.674170e+07  0.000000e+00  0.000000e+00  1.505677e+08  0.000000e+00  0.000000e+00  2.741904e+07  2.603083e+07  2.447555e+07  2.358990e+07
4.716617e+04  1.672241e+07  0.000000e+00  0.000000e+00  1.503942e+08  0.000000e+00  0.000000e+00  2.737847e+07  2.599007e+07  2.443612e+07  2.355137e+07
4.721328e+04  1.670314e+07  0.000000e+00  0.000000e+00  1.502209e+08  0.000000e+00  0.000000e+00  2.733812e+07  2.594943e+07  2.439672e+07  2.351294e+07
4.726043e+04  1.668389e+07  0.000000e+00  0.000000e+00  1.500478e+08  0.000000e+00  0.000000e+00  2.729762e+07  2.590880e+07  2.435731e+07  2.347450e+07
4.730763e+04  1.666465e+07  0.000000e+00  0.000000e+00  1.498748e+08  0.000000e+00  0.000000e+00  2.725724e+07  2.586819e+07  2.431794e+07  2.343606e+07
4.735488e+04  1.664544e+07  0.000000e+00  0.000000e+00  1.497020e+08  0.000000e+00  0.000000e+00  2.721692e+07  2.582755e+07  2.427865e+07  2.339771e+07
4.740217e+04  1.662625e+07  0.000000e+00  0.000000e+00  1.495294e+08  0.000000e+00  0.000000e+00  2.717658e+07  2.578691e+07  2.423937e+07  2.335941e+07
4.744952e+04  1.660707e+07  0.000000e+00  0.000000e+00  1.493569e+08  0.000000e+00  0.000000e+00  2.713630e+07  2.574642e+07  2.420016e+07  2.332116e+07
4.749691e+04  1.658792e+07  0.000000e+00  0.000000e+00  1.491846e+08  0.000000e+00  0.000000e+00  2.709598e+07  2.570600e+07  2.416098e+07  2.328288e+07
4.754434e+04  1.656878e+07  0.000000e+00  0.000000e+00  1.490125e+08  0.000000e+00  0.000000e+00  2.705589e+07  2.566549e+07  2.412183e+07  2.324471e+07
4.759183e+04  1.654967e+07  0.000000e+00  0.000000e+00  1.488406e+08  0.000000e+00  0.000000e+00  2.701566e+07  2.562514e+07  2.408272e+07  2.320654e+07
4.763936e+04  1.653057e+07  0.000000e+00  0.000000e+00  1.486689e+08  0.000000e+00  0.000000e+00  2.697554e+07  2.558474e+07  2.404364e+07  2.316827e+07
4.768694e+04  1.651149e+07  0.000000e+00  0.000000e+00  1.484973e+08  0.000000e+00  0.000000e+00  2.693536e+07  2.554442e+07  2.400455e+07  2.313018e+07
4.773456e+04  1.649243e+07  0.000000e+00  0.000000e+00  1.483259e+08  0.000000e+00  0.000000e+00  2.689521e+07  2.550413e+07  2.396553e+07  2.309198e+07
4.778224e+04  1.647339e+07  0.000000e+00  0.000000e+00  1.481547e+08  0.000000e+00  0.000000e+00  2.685517e+07  2.546387e+07  2.392652e+07  2.305395e+07
4.782996e+04  1.645438e+07  0.000000e+00  0.000000e+00  1.479836e+08  0.000000e+00  0.000000e+00  2.681516e+07  2.542369e+07  2.388760e+07  2.301594e+07
4.787773e+04  1.643538e+07  0.000000e+00  0.000000e+00  1.478127e+08  0.000000e+00  0.000000e+00  2.677528e+07  2.538350e+07  2.384869e+07  2.297792e+07
4.792554e+04  1.641639e+07  0.000000e+00  0.000000e+00  1.476420e+08  0.000000e+00  0.000000e+00  2.673528e+07  2.534336e+07  2.380984e+07  2.293993e+07
4.797341e+04  1.639743e+07  0.000000e+00  0.000000e+00  1.474715e+08  0.000000e+00  0.000000e+00  2.669542e+07  2.530322e+07  2.377099e+07  2.290205e+07
4.802132e+04  1.637849e+07  0.000000e+00  0.000000e+00  1.473011e+08  0.000000e+00  0.000000e+00  2.665553e+07  2.526310e+07  2.373220e+07  2.286410e+07
4.806928e+04  1.635957e+07  0.000000e+00  0.000000e+00  1.471310e+08  0.000000e+00  0.000000e+00  2.661561e+07  2.522311e+07  2.369345e+07  2.282626e+07
4.811729e+04  1.634066e+07  0.000000e+00  0.000000e+00  1.469610e+08  0.000000e+00  0.000000e+00  2.657579e+07  2.518305e+07  2.365472e+07  2.278848e+07
4.816535e+04  1.632178e+07  0.000000e+00  0.000000e+00  1.467911e+08  0.000000e+00  0.000000e+00  2.653599e+07  2.514307e+07  2.361602e+07  2.275071e+07
4.821345e+04  1.630291e+07  0.000000e+00  0.000000e+00  1.466214e+08  0.000000e+00  0.000000e+00  2.649623e+07  2.510311e+07  2.357742e+07  2.271294e+07
4.826160e+04  1.628407e+07  0.000000e+00  0.000000e+00  1.464520e+08  0.000000e+00  0.000000e+00  2.645656e+07  2.506334e+07  2.353879e+07  2.267520e+07
4.830980e+04  1.626524e+07  0.000000e+00  0.000000e+00  1.462826e+08  0.000000e+00  0.000000e+00  2.641693e+07  2.502340e+07  2.350025e+07  2.263756e+07
4.835805e+04  1.624643e+07  0.000000e+00  0.000000e+00  1.461135e+08  0.000000e+00  0.000000e+00  2.637728e+07  2.498371e+07  2.346173e+07  2.259992e+07
4.840635e+04  1.622764e+07  0.000000e+00  0.000000e+00  1.459445e+08  0.000000e+00  0.000000e+00  2.633766e+07  2.494385e+07  2.342321e+07  2.256224e+07
4.845469e+04  1.620887e+07  0.000000e+00  0.000000e+00  1.457757e+08  0.000000e+00  0.000000e+00  2.629805e+07  2.490404e+07  2.338476e+07  2.252470e+07
4.850309e+04  1.619012e+07  0.000000e+00  0.000000e+00  1.456071e+08  0.000000e+00  0.000000e+00  2.625855e+07  2.486427e+07  2.334634e+07  2.248712e+07
4.855153e+04  1.617139e+07  0.000000e+00  0.000000e+00  1.454386e+08  0.000000e+00  0.000000e+00  2.621905e+07  2.482452e+07  2.330790e+07  2.244955e+07
4.860002e+04  1.615268e+07  0.000000e+00  0.000000e+00  1.452703e+08  0.000000e+00  0.000000e+00  2.617956e+07  2.478489e+07  2.326959e+07  2.241207e+07
4.864855e+04  1.613399e+07  0.000000e+00  0.000000e+00  1.451022e+08  0.000000e+00  0.000000e+00  2.614008e+07  2.474532e+07  2.323130e+07  2.237463e+07
4.869714e+04  1.611531e+07  0.000000e+00  0.000000e+00  1.449342e+08  0.000000e+00  0.000000e+00  2.610072e+07  2.470584e+07  2.319307e+07  2.233734e+07
4.874578e+04  1.609666e+07  0.000000e+00  0.000000e+00  1.447665e+08  0.000000e+00  0.000000e+00  2.606128e+07  2.466638e+07  2.315483e+07  2.229999e+07
4.879446e+04  1.607802e+07  0.000000e+00  0.000000e+00  1.445988e+08  0.000000e+00  0.000000e+00  2.602201e+07  2.462698e+07  2.311663e+07  2.226266e+07
4.884319e+04  1.605940e+07  0.000000e+00  0.000000e+00  1.444314e+08  0.000000e+00  0.000000e+00  2.598263e+07  2.458752e+07  2.307852e+07  2.222539e+07
4.889197e+04  1.604080e+07  0.000000e+00  0.000000e+00  1.442641e+08  0.000000e+00  0.000000e+00  2.594337e+07  2.454815e+07  2.304041e+07  2.218815e+07
4.894080e+04  1.602222e+07  0.000000e+00  0.000000e+00  1.440970e+08  0.000000e+00  0.000000e+00  2.590415e+07  2.450878e+07  2.300237e+07  2.215095e+07
4.898968e+04  1.600366e+07  0.000000e+00  0.000000e+00  1.439301e+08  0.000000e+00  0.000000e+00  2.586489e+07  2.446947e+07  2.296432e+07  2.211372e+07
4.903861e+04  1.598512e+07  0.000000e+00  0.000000e+00  1.437633e+08  0.000000e+00  0.000000e+00  2.582576e+07  2.443013e+07  2.292636e+07  2.207666e+07
4.908759e+04  1.596660e+07  0.000000e+00  0.000000e+00  1.435968e+08  0.000000e+00  0.000000e+00  2.578660e+07  2.439089e+07  2.288841e+07  2.203956e+07
4.913661e+04  1.594809e+07  0.000000e+00  0.000000e+00  1.434303e+08  0.000000e+00  0.000000e+00  2.574753e+07  2.435170e+07  2.285052e+07  2.200252e+07
4.918569e+04  1.592961e+07  0.000000e+00  0.000000e+00  1.432641e+08  0.000000e+00  0.000000e+00  2.570841e+07  2.431267e+07  2.281270e+07  2.196557e+07
4.923481e+04  1.591114e+07  0.000000e+00  0.000000e+00  1.430980e+08  0.000000e+00  0.000000e+00  2.566941e+07  2.427352e+07  2.277490e+07  2.192869e+07
4.928398e+04  1.589269e+07  0.000000e+00  0.000000e+00  1.429321e+08  0.000000e+00  0.000000e+00  2.563037e+07  2.423440e+07  2.273714e+07  2.189175e+07
4.933320e+04  1.587426e+07  0.000000e+00  0.000000e+00  1.427663e+08  0.000000e+00  0.000000e+00  2.559141e+07  2.419543e+07  2.269940e+07  2.185487e+07
4.938247e+04  1.585585e+07  0.000000e+00  0.000000e+00  1.426008e+08  0.000000e+00  0.000000e+00  2.555251e+07  2.415635e+07  2.266166e+07  2.181802e+07
4.943179e+04  1.583746e+07  0.000000e+00  0.000000e+00  1.424354e+08  0.000000e+00  0.000000e+00  2.551362e+07  2.411751e+07  2.262397e+07  2.178124e+07
4.948116e+04  1.581909e+07  0.000000e+00  0.000000e+00  1.422701e+08  0.000000e+00  0.000000e+00  2.547476e+07  2.407853e+07  2.258636e+07  2.174446e+07
4.953058e+04  1.580073e+07  0.000000e+00  0.000000e+00  1.421051e+08  0.000000e+00  0.000000e+00  2.543598e+07  2.403967e+07  2.254884e+07  2.170775e+07
4.958005e+04  1.578240e+07  0.000000e+00  0.000000e+00  1.419401e+08  0.000000e+00  0.000000e+00  2.539720e+07  2.400090e+07  2.251133e+07  2.167115e+07
4.962956e+04  1.576408e+07  0.000000e+00  0.000000e+00  1.417754e+08  0.000000e+00  0.000000e+00  2.535841e+07  2.396214e+07  2.247383e+07  2.163450e+07
4.967913e+04  1.574578e+07  0.000000e+00  0.000000e+00  1.416108e+08  0.000000e+00  0.000000e+00  2.531979e+07  2.392342e+07  2.243640e+07  2.159798e+07
4.972875e+04  1.572750e+07  0.000000e+00  0.000000e+00  1.414464e+08  0.000000e+00  0.000000e+00  2.528101e+07  2.388470e+07  2.239899e+07  2.156143e+07
4.977841e+04  1.570924e+07  0.000000e+00  0.000000e+00  1.412822e+08  0.000000e+00  0.000000e+00  2.524250e+07  2.384608e+07  2.236166e+07  2.152497e+07
4.982813e+04  1.569100e+07  0.000000e+00  0.000000e+00  1.411181e+08  0.000000e+00  0.000000e+00  2.520385e+07  2.380745e+07  2.232437e+07  2.148858e+07
4.987789e+04  1.567278e+07  0.000000e+00  0.000000e+00  1.409542e+08  0.000000e+00  0.000000e+00  2.516529e+07  2.376892e+07  2.228709e+07  2.145219e+07
4.992771e+04  1.565457e+07  0.000000e+00  0.000000e+00  1.407905e+08  0.000000e+00  0.000000e+00  2.512683e+07  2.373039e+07  2.224989e+07  2.141586e+07
4.997757e+04  1.563638e+07  0.000000e+00  0.000000e+00  1.406269e+08  0.000000e+00  0.000000e+00  2.508827e+07  2.369194e+07  2.221270e+07  2.137958e+07
5.002749e+04  1.561821e+07  0.000000e+00  0.000000e+00  1.404635e+08  0.000000e+00  0.000000e+00  2.504988e+07  2.365348e+07  2.217558e+07  2.134331e+07
5.007745e+04  1.560006e+07  0.000000e+00  0.000000e+00  1.403003e+08  0.000000e+00  0.000000e+00  2.501157e+07  2.361511e+07  2.213852e+07  2.130720e+07
5.012746e+04  1.558193e+07  0.000000e+00  0.000000e+00  1.401372e+08  0.000000e+00  0.000000e+00  2.497320e+07  2.357676e+07  2.210144e+07  2.127104e+07
5.017753e+04  1.556382e+07  0.000000e+00  0.000000e+00  1.399743e+08  0.000000e+00  0.000000e+00  2.493456e+07  2.353844e+07  2.206440e+07  2.123482e+07
5.022764e+04  1.554572e+07  0.000000e+00  0.000000e+00  1.398116e+08  0.000000e+00  0.000000e+00  2.489603e+07  2.350013e+07  2.202739e+07  2.119866e+07
5.027780e+04  1.552765e+07  0.000000e+00  0.000000e+00  1.396490e+08  0.000000e+00  0.000000e+00  2.485780e+07  2.346194e+07  2.199046e+07  2.116266e+07
5.032802e+04  1.550959e+07  0.000000e+00  0.000000e+00  1.394866e+08  0.000000e+00  0.000000e+00  2.481982e+07  2.342374e+07  2.195365e+07  2.112673e+07
5.037828e+04  1.549155e+07  0.000000e+00  0.000000e+00  1.393244e+08  0.000000e+00  0.000000e+00  2.478166e+07  2.338566e+07  2.191688e+07  2.109092e+07
5.042860e+04  1.547353e+07  0.000000e+00  0.000000e+00  1.391623e+08  0.000000e+00  0.000000e+00  2.474360e+07  2.334757e+07  2.188013e+07  2.105509e+07
5.047896e+04  1.545553e+07  0.000000e+00  0.000000e+00  1.390004e+08  0.000000e+00  0.000000e+00  2.470555e+07  2.330955e+07  2.184344e+07  2.101919e+07
5.052938e+04  1.543754e+07  0.000000e+00  0.000000e+00  1.388387e+08  0.000000e+00  0.000000e+00  2.466745e+07  2.327155e+07  2.180678e+07  2.098350e+07
5.057984e+04  1.541958e+07  0.000000e+00  0.000000e+00  1.386771e+08  0.000000e+00  0.000000e+00  2.462947e+07  2.323364e+07  2.177003e+07  2.094776e+07
5.063036e+04  1.540163e+07  0.000000e+00  0.000000e+00  1.385157e+08  0.000000e+00  0.000000e+00  2.459147e+07  2.319571e+07  2.173335e+07  2.091203e+07
5.068092e+04  1.538370e+07  0.000000e+00  0.000000e+00  1.383544e+08  0.000000e+00  0.000000e+00  2.455353e+07  2.315787e+07  2.169666e+07  2.087651e+07
5.073154e+04  1.536579e+07  0.000000e+00  0.000000e+00  1.381933e+08  0.000000e+00  0.000000e+00  2.451565e+07  2.312006e+07  2.166001e+07  2.084090e+07
5.078221e+04  1.534789e+07  0.000000e+00  0.000000e+00  1.380324e+08  0.000000e+00  0.000000e+00  2.447781e+07  2.308234e+07  2.162349e+07  2.080551e+07
5.083292e+04  1.533002e+07  0.000000e+00  0.000000e+00  1.378716e+08  0.000000e+00  0.000000e+00  2.444003e+07  2.304463e+07  2.158701e+07  2.077010e+07
5.088369e+04  1.531216e+07  0.000000e+00  0.000000e+00  1.377111e+08  0.000000e+00  0.000000e+00  2.440233e+07  2.300695e+07  2.155062e+07  2.073467e+07
5.093451e+04  1.529432e+07  0.000000e+00  0.000000e+00  1.375506e+08  0.000000e+00  0.000000e+00  2.436459e+07  2.296920e+07  2.151424e+07  2.069920e+07
5.098538e+04  1.527650e+07  0.000000e+00  0.000000e+00  1.373904e+08  0.000000e+00  0.000000e+00  2.432691e+07  2.293141e+07  2.147780e+07  2.066361e+07
5.103630e+04  1.525870e+07  0.000000e+00  0.000000e+00  1.372302e+08  0.000000e+00  0.000000e+00  2.428913e+07  2.289363e+07  2.144141e+07  2.062807e+07
5.108727e+04  1.524092e+07  0.000000e+00  0.000000e+00  1.370703e+08  0.000000e+00  0.000000e+00  2.425156e+07  2.285595e+07  2.140510e+07  2.059263e+07
5.113829e+04  1.522315e+07  0.000000e+00  0.000000e+00  1.369105e+08  0.000000e+00  0.000000e+00  2.421396e+07  2.281832e+07  2.136886e+07  2.055735e+07
5.118937e+04  1.520540e+07  0.000000e+00  0.000000e+00  1.367509e+08  0.000000e+00  0.000000e+00  2.417634e+07  2.278079e+07  2.133266e+07  2.052213e+07
5.124049e+04  1.518767e+07  0.000000e+00  0.000000e+00  1.365915e+08  0.000000e+00  0.000000e+00  2.413890e+07  2.274329e+07  2.129655e+07  2.048695e+07
5.129167e+04  1.516996e+07  0.000000e+00  0.000000e+00  1.364322e+08  0.000000e+00  0.000000e+00  2.410138e+07  2.270581e+07  2.126045e+07  2.045173e+07
5.134289e+04  1.515227e+07  0.000000e+00  0.000000e+00  1.362730e+08  0.000000e+00  0.000000e+00  2.406398e+07  2.266838e+07  2.122441e+07  2.041667e+07
5.139417e+04  1.513459e+07  0.000000e+00  0.000000e+00  1.361141e+08  0.000000e+00  0.000000e+00  2.402665e+07  2.263103e+07  2.118842e+07  2.038152e+07
5.144550e+04  1.511694e+07  0.000000e+00  0.000000e+00  1.359553e+08  0.000000e+00  0.000000e+00  2.398928e+07  2.259370e+07  2.115247e+07  2.034654e+07
5.149688e+04  1.509930e+07  0.000000e+00  0.000000e+00  1.357966e+08  0.000000e+00  0.000000e+00  2.395207e+07  2.255641e+07  2.111657e+07  2.031153e+07
5.154831e+04  1.508168e+07  0.000000e+00  0.000000e+00  1.356381e+08  0.000000e+00  0.000000e+00  2.391482e+07  2.251918e+07  2.108075e+07  2.027660e+07
5.159979e+04  1.506407e+07  0.000000e+00  0.000000e+00  1.354798e+08  0.000000e+00  0.000000e+00  2.387765e+07  2.248200e+07  2.104497e+07  2.024178e+07
5.165133e+04  1.504649e+07  0.000000e+00  0.000000e+00  1.353217e+08  0.000000e+00  0.000000e+00  2.384046e+07  2.244476e+07  2.100910e+07  2.020697e+07
5.170291e+04  1.502892e+07  0.000000e+00  0.000000e+00  1.351637e+08  0.000000e+00  0.000000e+00  2.380314e+07  2.240752e+07  2.097324e+07  2.017199e+07
5.175455e+04  1.501137e+07  0.000000e+00  0.000000e+00  1.350058e+08  0.000000e+00  0.000000e+00  2.376622e+07  2.237048e+07  2.093760e+07  2.013730e+07
5.180624e+04  1.499384e+07  0.000000e+00  0.000000e+00  1.348482e+08  0.000000e+00  0.000000e+00  2.372932e+07  2.233359e+07  2.090210e+07  2.010275e+07
5.185798e+04  1.497632e+07  0.000000e+00  0.000000e+00  1.346906e+08  0.000000e+00  0.000000e+00  2.369238e+07  2.229669e+07  2.086654e+07  2.006815e+07
5.190977e+04  1.495883e+07  0.000000e+00  0.000000e+00  1.345333e+08  0.000000e+00  0.000000e+00  2.365540e+07  2.225976e+07  2.083099e+07  2.003363e+07
5.196162e+04  1.494135e+07  0.000000e+00  0.000000e+00  1.343761e+08  0.000000e+00  0.000000e+00  2.361843e+07  2.222284e+07  2.079548e+07  1.999904e+07
5.201351e+04  1.492389e+07  0.000000e+00  0.000000e+00  1.342191e+08  0.000000e+00  0.000000e+00  2.358128e+07  2.218592e+07  2.076004e+07  1.996457e+07
5.206546e+04  1.490644e+07  0.000000e+00  0.000000e+00  1.340622e+08  0.000000e+00  0.000000e+00  2.354436e+07  2.214911e+07  2.072461e+07  1.993004e+07
5.211746e+04  1.488902e+07  0.000000e+00  0.000000e+00  1.339055e+08  0.000000e+00  0.000000e+00  2.350748e+07  2.211229e+07  2.068924e+07  1.989560e+07
5.216951e+04  1.487161e+07  0.000000e+00  0.000000e+00  1.337489e+08  0.000000e+00  0.000000e+00  2.347063e+07  2.207558e+07  2.065390e+07  1.986138e+07
5.222161e+04  1.485422e+07  0.000000e+00  0.000000e+00  1.335925e+08  0.000000e+00  0.000000e+00  2.343387e+07  2.203892e+07  2.061863e+07  1.982703e+07
5.227377e+04  1.483685e+07  0.000000e+00  0.000000e+00  1.334363e+08  0.000000e+00  0.000000e+00  2.339715e+07  2.200227e+07  2.058339e+07  1.979264e+07
5.232598e+04  1.481950e+07  0.000000e+00  0.000000e+00  1.332802e+08  0.000000e+00  0.000000e+00  2.336049e+07  2.196565e+07  2.054823e+07  1.975833e+07
5.237824e+04  1.480216e+07  0.000000e+00  0.000000e+00  1.331243e+08  0.000000e+00  0.000000e+00  2.332377e+07  2.192911e+07  2.051307e+07  1.972422e+07
5.243055e+04  1.478484e+07  0.000000e+00  0.000000e+00  1.329685e+08  0.000000e+00  0.000000e+00  2.328719e+07  2.189261e+07  2.047801e+07  1.969011e+07
5.248291e+04  1.476754e+07  0.000000e+00  0.000000e+00  1.328129e+08  0.000000e+00  0.000000e+00  2.325060e+07  2.185615e+07  2.044295e+07  1.965601e+07
5.253533e+04  1.475026e+07  0.000000e+00  0.000000e+00  1.326575e+08  0.000000e+00  0.000000e+00  2.321413e+07  2.181975e+07  2.040799e+07  1.962193e+07
5.258780e+04  1.473299e+07  0.000000e+00  0.000000e+00  1.325022e+08  0.000000e+00  0.000000e+00  2.317770e+07  2.178344e+07  2.037303e+07  1.958775e+07
5.264032e+04  1.471574e+07  0.000000e+00  0.000000e+00  1.323471e+08  0.000000e+00  0.000000e+00  2.314137e+07  2.174726e+07  2.033822e+07  1.955373e+07
5.269289e+04  1.469851e+07  0.000000e+00  0.000000e+00  1.321921e+08  0.000000e+00  0.000000e+00  2.310458e+07  2.171048e+07  2.030301e+07  1.951945e+07
5.274552e+04  1.468130e+07  0.000000e+00  0.000000e+00  1.320373e+08  0.000000e+00  0.000000e+00  2.306829e+07  2.167429e+07  2.026818e+07  1.948544e+07
5.279819e+04  1.466410e+07  0.000000e+00  0.000000e+00  1.318827e+08  0.000000e+00  0.000000e+00  2.303280e+07  2.163903e+07  2.023400e+07  1.945192e+07
5.285093e+04  1.464693e+07  0.000000e+00  0.000000e+00  1.317282e+08  0.000000e+00  0.000000e+00  2.299678e+07  2.160317e+07  2.019946e+07  1.941812e+07
5.290371e+04  1.462976e+07  0.000000e+00  0.000000e+00  1.315739e+08  0.000000e+00  0.000000e+00  2.296083e+07  2.156726e+07  2.016479e+07  1.938438e+07
5.295655e+04  1.461262e+07  0.000000e+00  0.000000e+00  1.314197e+08  0.000000e+00  0.000000e+00  2.292478e+07  2.153134e+07  2.013020e+07  1.935071e+07
5.300944e+04  1.459550e+07  0.000000e+00  0.000000e+00  1.312657e+08  0.000000e+00  0.000000e+00  2.288882e+07  2.149554e+07  2.009570e+07  1.931699e+07
5.306238e+04  1.457839e+07  0.000000e+00  0.000000e+00  1.311118e+08  0.000000e+00  0.000000e+00  2.285184e+07  2.145870e+07  2.006019e+07  1.928243e+07
5.311584e+04  1.456115e+07  0.000000e+00  0.000000e+00  1.309567e+08  0.000000e+00  0.000000e+00  2.281545e+07  2.142250e+07  2.002538e+07  1.924849e+07
5.316983e+04  1.454377e+07  0.000000e+00  0.000000e+00  1.308005e+08  0.000000e+00  0.000000e+00  2.277975e+07  2.138689e+07  1.999110e+07  1.921523e+07
5.322387e+04  1.452642e+07  0.000000e+00  0.000000e+00  1.306444e+08  0.000000e+00  0.000000e+00  2.274298e+07  2.135023e+07  1.995590e+07  1.918094e+07
5.327796e+04  1.450908e+07  0.000000e+00  0.000000e+00  1.304885e+08  0.000000e+00  0.000000e+00  2.270625e+07  2.131365e+07  1.992078e+07  1.914685e+07
5.333211e+04  1.449176e+07  0.000000e+00  0.000000e+00  1.303327e+08  0.000000e+00  0.000000e+00  2.266973e+07  2.127717e+07  1.988572e+07  1.911283e+07
5.338631e+04  1.447446e+07  0.000000e+00  0.000000e+00  1.301771e+08  0.000000e+00  0.000000e+00  2.263303e+07  2.124065e+07  1.985062e+07  1.907868e+07
5.344057e+04  1.445717e+07  0.000000e+00  0.000000e+00  1.300216e+08  0.000000e+00  0.000000e+00  2.259582e+07  2.120367e+07  1.981514e+07  1.904417e+07
5.349489e+04  1.443991e+07  0.000000e+00  0.000000e+00  1.298664e+08  0.000000e+00  0.000000e+00  2.255936e+07  2.116737e+07  1.978022e+07  1.901028e+07
5.354926e+04  1.442266e+07  0.000000e+00  0.000000e+00  1.297112e+08  0.000000e+00  0.000000e+00  2.252330e+07  2.113139e+07  1.974566e+07  1.897673e+07
5.360368e+04  1.440543e+07  0.000000e+00  0.000000e+00  1.295563e+08  0.000000e+00  0.000000e+00  2.248669e+07  2.109493e+07  1.971062e+07  1.894267e+07
5.365817e+04  1.438822e+07  0.000000e+00  0.000000e+00  1.294015e+08  0.000000e+00  0.000000e+00  2.245029e+07  2.105867e+07  1.967576e+07  1.890880e+07
5.371270e+04  1.437102e+07  0.000000e+00  0.000000e+00  1.292468e+08  0.000000e+00  0.000000e+00  2.241395e+07  2.102252e+07  1.964101e+07  1.887504e+07
5.376729e+04  1.435385e+07  0.000000e+00  0.000000e+00  1.290924e+08  0.000000e+00  0.000000e+00  2.237775e+07  2.098639e+07  1.960627e+07  1.884130e+07
5.382194e+04  1.433669e+07  0.000000e+00  0.000000e+00  1.289381e+08  0.000000e+00  0.000000e+00  2.234160e+07  2.095029e+07  1.957161e+07  1.880770e+07
5.387664e+04  1.431955e+07  0.000000e+00  0.000000e+00  1.287839e+08  0.000000e+00  0.000000e+00  2.230539e+07  2.091428e+07  1.953697e+07  1.877405e+07
5.393140e+04  1.430242e+07  0.000000e+00  0.000000e+00  1.286299e+08  0.000000e+00  0.000000e+00  2.226931e+07  2.087832e+07  1.950243e+07  1.874051e+07
5.398622e+04  1.428532e+07  0.000000e+00  0.000000e+00  1.284761e+08  0.000000e+00  0.000000e+00  2.223319e+07  2.084238e+07  1.946786e+07  1.870701e+07
5.404108e+04  1.426823e+07  0.000000e+00  0.000000e+00  1.283224e+08  0.000000e+00  0.000000e+00  2.219720e+07  2.080648e+07  1.943335e+07  1.867346e+07
5.409601e+04  1.425116e+07  0.000000e+00  0.000000e+00  1.281689e+08  0.000000e+00  0.000000e+00  2.216116e+07  2.077061e+07  1.939888e+07  1.864001e+07
5.415099e+04  1.423411e+07  0.000000e+00  0.000000e+00  1.280155e+08  0.000000e+00  0.000000e+00  2.212530e+07  2.073478e+07  1.936445e+07  1.860664e+07
5.420603e+04  1.421708e+07  0.000000e+00  0.000000e+00  1.278623e+08  0.000000e+00  0.000000e+00  2.208942e+07  2.069902e+07  1.933007e+07  1.857322e+07
5.426112e+04  1.420006e+07  0.000000e+00  0.000000e+00  1.277093e+08  0.000000e+00  0.000000e+00  2.205350e+07  2.066331e+07  1.929572e+07  1.853990e+07
5.431627e+04  1.418306e+07  0.000000e+00  0.000000e+00  1.275564e+08  0.000000e+00  0.000000e+00  2.201770e+07  2.062762e+07  1.926142e+07  1.850660e+07
5.437148e+04  1.416608e+07  0.000000e+00  0.000000e+00  1.274037e+08  0.000000e+00  0.000000e+00  2.198187e+07  2.059194e+07  1.922715e+07  1.847336e+07
5.442674e+04  1.414912e+07  0.000000e+00  0.000000e+00  1.272511e+08  0.000000e+00  0.000000e+00  2.194614e+07  2.055631e+07  1.919283e+07  1.844010e+07
5.448205e+04  1.413217e+07  0.000000e+00  0.000000e+00  1.270987e+08  0.000000e+00  0.000000e+00  2.191032e+07  2.052061e+07  1.915844e+07  1.840677e+07
5.453743e+04  1.411524e+07  0.000000e+00  0.000000e+00  1.269465e+08  0.000000e+00  0.000000e+00  2.187457e+07  2.048502e+07  1.912410e+07  1.837353e+07
5.459286e+04  1.409833e+07  0.000000e+00  0.000000e+00  1.267944e+08  0.000000e+00  0.000000e+00  2.183913e+07  2.044970e+07  1.909010e+07  1.834055e+07
5.464834e+04  1.408144e+07  0.000000e+00  0.000000e+00  1.266425e+08  0.000000e+00  0.000000e+00  2.180371e+07  2.041441e+07  1.905614e+07  1.830762e+07
5.470389e+04  1.406456e+07  0.000000e+00  0.000000e+00  1.264907e+08  0.000000e+00  0.000000e+00  2.176811e+07  2.037901e+07  1.902215e+07  1.827450e+07
5.475948e+04  1.404771e+07  0.000000e+00  0.000000e+00  1.263391e+08  0.000000e+00  0.000000e+00  2.173255e+07  2.034358e+07  1.898814e+07  1.824149e+07
5.481514e+04  1.403087e+07  0.000000e+00  0.000000e+00  1.261876e+08  0.000000e+00  0.000000e+00  2.169712e+07  2.030824e+07  1.895422e+07  1.820844e+07
5.487085e+04  1.401404e+07  0.000000e+00  0.000000e+00  1.260363e+08  0.000000e+00  0.000000e+00  2.166161e+07  2.027297e+07  1.892028e+07  1.817557e+07
5.492662e+04  1.399724e+07  0.000000e+00  0.000000e+00  1.258852e+08  0.000000e+00  0.000000e+00  2.162624e+07  2.023774e+07  1.888646e+07  1.814263e+07
5.498245e+04  1.398045e+07  0.000000e+00  0.000000e+00  1.257342e+08  0.000000e+00  0.000000e+00  2.159090e+07  2.020254e+07  1.885261e+07  1.810972e+07
5.503833e+04  1.396368e+07  0.000000e+00  0.000000e+00  1.255834e+08  0.000000e+00  0.000000e+00  2.155555e+07  2.016736e+07  1.881886e+07  1.807690e+07
5.509427e+04  1.394693e+07  0.000000e+00  0.000000e+00  1.254327e+08  0.000000e+00  0.000000e+00  2.152026e+07  2.013227e+07  1.878511e+07  1.804413e+07
5.515026e+04  1.393019e+07  0.000000e+00  0.000000e+00  1.252822e+08  0.000000e+00  0.000000e+00  2.148500e+07  2.009721e+07  1.875144e+07  1.801136e+07
5.520632e+04  1.391347e+07  0.000000e+00  0.000000e+00  1.251318e+08  0.000000e+00  0.000000e+00  2.144987e+07  2.006217e+07  1.871782e+07  1.797871e+07
5.526243e+04  1.389677e+07  0.000000e+00  0.000000e+00  1.249816e+08  0.000000e+00  0.000000e+00  2.141471e+07  2.002720e+07  1.868423e+07  1.794598e+07
5.531859e+04  1.388009e+07  0.000000e+00  0.000000e+00  1.248316e+08  0.000000e+00  0.000000e+00  2.137952e+07  1.999224e+07  1.865066e+07  1.791339e+07
5.537482e+04  1.386342e+07  0.000000e+00  0.000000e+00  1.246817e+08  0.000000e+00  0.000000e+00  2.134453e+07  1.995740e+07  1.861722e+07  1.788081e+07
5.543110e+04  1.384678e+07  0.000000e+00  0.000000e+00  1.245320e+08  0.000000e+00  0.000000e+00  2.130952e+07  1.992257e+07  1.858379e+07  1.784838e+07
5.548743e+04  1.383014e+07  0.000000e+00  0.000000e+00  1.243824e+08  0.000000e+00  0.000000e+00  2.127448e+07  1.988776e+07  1.855037e+07  1.781583e+07
5.554383e+04  1.381353e+07  0.000000e+00  0.000000e+00  1.242330e+08  0.000000e+00  0.000000e+00  2.123952e+07  1.985297e+07  1.851698e+07  1.778338e+07
5.560028e+04  1.379693e+07  0.000000e+00  0.000000e+00  1.240837e+08  0.000000e+00  0.000000e+00  2.120453e+07  1.981820e+07  1.848360e+07  1.775085e+07
5.565679e+04  1.378036e+07  0.000000e+00  0.000000e+00  1.239346e+08  0.000000e+00  0.000000e+00  2.116964e+07  1.978348e+07  1.845032e+07  1.771843e+07
5.571336e+04  1.376379e+07  0.000000e+00  0.000000e+00  1.237857e+08  0.000000e+00  0.000000e+00  2.113473e+07  1.974882e+07  1.841701e+07  1.768599e+07
5.576999e+04  1.374725e+07  0.000000e+00  0.000000e+00  1.236369e+08  0.000000e+00  0.000000e+00  2.109987e+07  1.971421e+07  1.838381e+07  1.765361e+07
5.582667e+04  1.373072e+07  0.000000e+00  0.000000e+00  1.234882e+08  0.000000e+00  0.000000e+00  2.106509e+07  1.967963e+07  1.835063e+07  1.762128e+07
5.588341e+04  1.371421e+07  0.000000e+00  0.000000e+00  1.233397e+08  0.000000e+00  0.000000e+00  2.103038e+07  1.964510e+07  1.831752e+07  1.758900e+07
5.594021e+04  1.369772e+07  0.000000e+00  0.000000e+00  1.231914e+08  0.000000e+00  0.000000e+00  2.099569e+07  1.961062e+07  1.828441e+07  1.755677e+07
5.599706e+04  1.368124e+07  0.000000e+00  0.000000e+00  1.230432e+08  0.000000e+00  0.000000e+00  2.096100e+07  1.957621e+07  1.825135e+07  1.752459e+07
5.605397e+04  1.366478e+07  0.000000e+00  0.000000e+00  1.228952e+08  0.000000e+00  0.000000e+00  2.092633e+07  1.954179e+07  1.821836e+07  1.749243e+07
5.611095e+04  1.364834e+07  0.000000e+00  0.000000e+00  1.227473e+08  0.000000e+00  0.000000e+00  2.089171e+07  1.950743e+07  1.818538e+07  1.746029e+07
5.616797e+04  1.363192e+07  0.000000e+00  0.000000e+00  1.225996e+08  0.000000e+00  0.000000e+00  2.085708e+07  1.947307e+07  1.815243e+07  1.742817e+07
5.622506e+04  1.361551e+07  0.000000e+00  0.000000e+00  1.224521e+08  0.000000e+00  0.000000e+00  2.082260e+07  1.943877e+07  1.811955e+07  1.739610e+07
5.628221e+04  1.359912e+07  0.000000e+00  0.000000e+00  1.223047e+08  0.000000e+00  0.000000e+00  2.078802e+07  1.940452e+07  1.808668e+07  1.736404e+07
5.633941e+04  1.358275e+07  0.000000e+00  0.000000e+00  1.221574e+08  0.000000e+00  0.000000e+00  2.075369e+07  1.937038e+07  1.805394e+07  1.733214e+07
5.639667e+04  1.356639e+07  0.000000e+00  0.000000e+00  1.220103e+08  0.000000e+00  0.000000e+00  2.071926e+07  1.933630e+07  1.802126e+07  1.730027e+07
5.645399e+04  1.355005e+07  0.000000e+00  0.000000e+00  1.218634e+08  0.000000e+00  0.000000e+00  2.068496e+07  1.930224e+07  1.798859e+07  1.726844e+07
5.651137e+04  1.353373e+07  0.000000e+00  0.000000e+00  1.217166e+08  0.000000e+00  0.000000e+00  2.065063e+07  1.926820e+07  1.795590e+07  1.723653e+07
5.656880e+04  1.351742e+07  0.000000e+00  0.000000e+00  1.215699e+08  0.000000e+00  0.000000e+00  2.061632e+07  1.923417e+07  1.792328e+07  1.720477e+07
5.662630e+04  1.350113e+07  0.000000e+00  0.000000e+00  1.214234e+08  0.000000e+00  0.000000e+00  2.058206e+07  1.920018e+07  1.789069e+07  1.717297e+07
5.668385e+04  1.348486e+07  0.000000e+00  0.000000e+00  1.212771e+08  0.000000e+00  0.000000e+00  2.054781e+07  1.916615e+07  1.785810e+07  1.714124e+07
5.674146e+04  1.346861e+07  0.000000e+00  0.000000e+00  1.211309e+08  0.000000e+00  0.000000e+00  2.051369e+07  1.913210e+07  1.782554e+07  1.710943e+07
5.679913e+04  1.345237e+07  0.000000e+00  0.000000e+00  1.209849e+08  0.000000e+00  0.000000e+00  2.047950e+07  1.909814e+07  1.779307e+07  1.707779e+07
5.685686e+04  1.343615e+07  0.000000e+00  0.000000e+00  1.208390e+08  0.000000e+00  0.000000e+00  2.044542e+07  1.906438e+07  1.776061e+07  1.704612e+07
5.691465e+04  1.341995e+07  0.000000e+00  0.000000e+00  1.206933e+08  0.000000e+00  0.000000e+00  2.041139e+07  1.903072e+07  1.772824e+07  1.701457e+07
5.697249e+04  1.340376e+07  0.000000e+00  0.000000e+00  1.205477e+08  0.000000e+00  0.000000e+00  2.037736e+07  1.899706e+07  1.769590e+07  1.698309e+07
5.703040e+04  1.338759e+07  0.000000e+00  0.000000e+00  1.204023e+08  0.000000e+00  0.000000e+00  2.034344e+07  1.896343e+07  1.766361e+07  1.695165e+07
5.708836e+04  1.337144e+07  0.000000e+00  0.000000e+00  1.202570e+08  0.000000e+00  0.000000e+00  2.030942e+07  1.892984e+07  1.763136e+07  1.692021e+07
5.714639e+04  1.335530e+07  0.000000e+00  0.000000e+00  1.201119e+08  0.000000e+00  0.000000e+00  2.027555e+07  1.889626e+07  1.759910e+07  1.688884e+07
5.720447e+04  1.333918e+07  0.000000e+00  0.000000e+00  1.199669e+08  0.000000e+00  0.000000e+00  2.024173e+07  1.886275e+07  1.756692e+07  1.685744e+07
5.726261e+04  1.332308e+07  0.000000e+00  0.000000e+00  1.198221e+08  0.000000e+00  0.000000e+00  2.020794e+07  1.882930e+07  1.753479e+07  1.682617e+07
5.732081e+04  1.330700e+07  0.000000e+00  0.000000e+00  1.196774e+08  0.000000e+00  0.000000e+00  2.017415e+07  1.879588e+07  1.750266e+07  1.679495e+07
5.737907e+04  1.329093e+07  0.000000e+00  0.000000e+00  1.195329e+08  0.000000e+00  0.000000e+00  2.014046e+07  1.876253e+07  1.747061e+07  1.676375e+07
5.743738e+04  1.327488e+07  0.000000e+00  0.000000e+00  1.193886e+08  0.000000e+00  0.000000e+00  2.010677e+07  1.872927e+07  1.743862e+07  1.673263e+07
5.749576e+04  1.325884e+07  0.000000e+00  0.000000e+00  1.192443e+08  0.000000e+00  0.000000e+00  2.007316e+07  1.869598e+07  1.740665e+07  1.670152e+07
5.755420e+04  1.324282e+07  0.000000e+00  0.000000e+00  1.191003e+08  0.000000e+00  0.000000e+00  2.003949e+07  1.866279e+07  1.737475e+07  1.667053e+07
5.761269e+04  1.322682e+07  0.000000e+00  0.000000e+00  1.189564e+08  0.000000e+00  0.000000e+00  2.000590e+07  1.862958e+07  1.734283e+07  1.663947e+07
5.767125e+04  1.321083e+07  0.000000e+00  0.000000e+00  1.188126e+08  0.000000e+00  0.000000e+00  1.997238e+07  1.859649e+07  1.731101e+07  1.660859e+07
5.772986e+04  1.319487e+07  0.000000e+00  0.000000e+00  1.186690e+08  0.000000e+00  0.000000e+00  1.993895e+07  1.856344e+07  1.727927e+07  1.657772e+07
5.778854e+04  1.317891e+07  0.000000e+00  0.000000e+00  1.185255e+08  0.000000e+00  0.000000e+00  1.990546e+07  1.853044e+07  1.724760e+07  1.654699e+07
5.784727e+04  1.316298e+07  0.000000e+00  0.000000e+00  1.183822e+08  0.000000e+00  0.000000e+00  1.987209e+07  1.849747e+07  1.721591e+07  1.651616e+07
5.790607e+04  1.314706e+07  0.000000e+00  0.000000e+00  1.182390e+08  0.000000e+00  0.000000e+00  1.983868e+07  1.846453e+07  1.718418e+07  1.648534e+07
5.796492e+04  1.313116e+07  0.000000e+00  0.000000e+00  1.180960e+08  0.000000e+00  0.000000e+00  1.980532e+07  1.843161e+07  1.715241e+07  1.645455e+07
5.802383e+04  1.311527e+07  0.000000e+00  0.000000e+00  1.179532e+08  0.000000e+00  0.000000e+00  1.977202e+07  1.839871e+07  1.712062e+07  1.642386e+07
5.808281e+04  1.309941e+07  0.000000e+00  0.000000e+00  1.178105e+08  0.000000e+00  0.000000e+00  1.973882e+07  1.836592e+07  1.708889e+07  1.639324e+07
5.814184e+04  1.308355e+07  0.000000e+00  0.000000e+00  1.176679e+08  0.000000e+00  0.000000e+00  1.970555e+07  1.833316e+07  1.705721e+07  1.636268e+07
5.820093e+04  1.306772e+07  0.000000e+00  0.000000e+00  1.175255e+08  0.000000e+00  0.000000e+00  1.967242e+07  1.830046e+07  1.702566e+07  1.633220e+07
5.826009e+04  1.305190e+07  0.000000e+00  0.000000e+00  1.173832e+08  0.000000e+00  0.000000e+00  1.963934e+07  1.826781e+07  1.699417e+07  1.630169e+07
5.831930e+04  1.303610e+07  0.000000e+00  0.000000e+00  1.172411e+08  0.000000e+00  0.000000e+00  1.960623e+07  1.823520e+07  1.696268e+07  1.627130e+07
5.837857e+04  1.302031e+07  0.000000e+00  0.000000e+00  1.170991e+08  0.000000e+00  0.000000e+00  1.957318e+07  1.820251e+07  1.693124e+07  1.624073e+07
5.843791e+04  1.300454e+07  0.000000e+00  0.000000e+00  1.169573e+08  0.000000e+00  0.000000e+00  1.954007e+07  1.816974e+07  1.689982e+07  1.621017e+07
5.849730e+04  1.298879e+07  0.000000e+00  0.000000e+00  1.168156e+08  0.000000e+00  0.000000e+00  1.950702e+07  1.813693e+07  1.686837e+07  1.617953e+07
5.855675e+04  1.297305e+07  0.000000e+00  0.000000e+00  1.166741e+08  0.000000e+00  0.000000e+00  1.947402e+07  1.810420e+07  1.683701e+07  1.614900e+07
5.861627e+04  1.295733e+07  0.000000e+00  0.000000e+00  1.165327e+08  0.000000e+00  0.000000e+00  1.944103e+07  1.807152e+07  1.680570e+07  1.611852e+07
5.867585e+04  1.294163e+07  0.000000e+00  0.000000e+00  1.163915e+08  0.000000e+00  0.000000e+00  1.940812e+07  1.803899e+07  1.677445e+07  1.608825e+07
5.873548e+04  1.292594e+07  0.000000e+00  0.000000e+00  1.162504e+08  0.000000e+00  0.000000e+00  1.937526e+07  1.800647e+07  1.674328e+07  1.605792e+07
5.879518e+04  1.291027e+07  0.000000e+00  0.000000e+00  1.161094e+08  0.000000e+00  0.000000e+00  1.934243e+07  1.797398e+07  1.671211e+07  1.602762e+07
5.885493e+04  1.289461e+07  0.000000e+00  0.000000e+00  1.159686e+08  0.000000e+00  0.000000e+00  1.930965e+07  1.794151e+07  1.668100e+07  1.599734e+07
5.891475e+04  1.287897e+07  0.000000e+00  0.000000e+00  1.158280e+08  0.000000e+00  0.000000e+00  1.927693e+07  1.790905e+07  1.664997e+07  1.596717e+07
5.897463e+04  1.286335e+07  0.000000e+00  0.000000e+00  1.156875e+08  0.000000e+00  0.000000e+00  1.924409e+07  1.787664e+07  1.661893e+07  1.593695e+07
5.903457e+04  1.284775e+07  0.000000e+00  0.000000e+00  1.155471e+08  0.000000e+00  0.000000e+00  1.921099e+07  1.784426e+07  1.658787e+07  1.590666e+07
5.909457e+04  1.283216e+07  0.000000e+00  0.000000e+00  1.154069e+08  0.000000e+00  0.000000e+00  1.917794e+07  1.781189e+07  1.655687e+07  1.587638e+07
5.915463e+04  1.281658e+07  0.000000e+00  0.000000e+00  1.152669e+08  0.000000e+00  0.000000e+00  1.914534e+07  1.777964e+07  1.652601e+07  1.584628e+07
5.921476e+04  1.280103e+07  0.000000e+00  0.000000e+00  1.151270e+08  0.000000e+00  0.000000e+00  1.911300e+07  1.774745e+07  1.649522e+07  1.581637e+07
5.927494e+04  1.278549e+07  0.000000e+00  0.000000e+00  1.149872e+08  0.000000e+00  0.000000e+00  1.908061e+07  1.771529e+07  1.646448e+07  1.578646e+07
5.933518e+04  1.276996e+07  0.000000e+00  0.000000e+00  1.148476e+08  0.000000e+00  0.000000e+00  1.904813e+07  1.768316e+07  1.643372e+07  1.575659e+07
5.939549e+04  1.275446e+07  0.000000e+00  0.000000e+00  1.147081e+08  0.000000e+00  0.000000e+00  1.901568e+07  1.765113e+07  1.640305e+07  1.572677e+07
5.945586e+04  1.273896e+07  0.000000e+00  0.000000e+00  1.145688e+08  0.000000e+00  0.000000e+00  1.898332e+07  1.761915e+07  1.637248e+07  1.569700e+07
5.951629e+04  1.272349e+07  0.000000e+00  0.000000e+00  1.144296e+08  0.000000e+00  0.000000e+00  1.895103e+07  1.758722e+07  1.634191e+07  1.566733e+07
5.957678e+04  1.270803e+07  0.000000e+00  0.000000e+00  1.142906e+08  0.000000e+00  0.000000e+00  1.891885e+07  1.755533e+07  1.631139e+07  1.563771e+07
5.963733e+04  1.269258e+07  0.000000e+00  0.000000e+00  1.141517e+08  0.000000e+00  0.000000e+00  1.888665e+07  1.752349e+07  1.628093e+07  1.560812e+07
5.969794e+04  1.267716e+07  0.000000e+00  0.000000e+00  1.140129e+08  0.000000e+00  0.000000e+00  1.885440e+07  1.749166e+07  1.625053e+07  1.557857e+07
5.975862e+04  1.266175e+07  0.000000e+00  0.000000e+00  1.138743e+08  0.000000e+00  0.000000e+00  1.882208e+07  1.745985e+07  1.622014e+07  1.554904e+07
5.981935e+04  1.264635e+07  0.000000e+00  0.000000e+00  1.137359e+08  0.000000e+00  0.000000e+00  1.878977e+07  1.742810e+07  1.618979e+07  1.551960e+07
5.988015e+04  1.263097e+07  0.000000e+00  0.000000e+00  1.135976e+08  0.000000e+00  0.000000e+00  1.875748e+07  1.739638e+07  1.615949e+07  1.549019e+07
5.994101e+04  1.261561e+07  0.000000e+00  0.000000e+00  1.134594e+08  0.000000e+00  0.000000e+00  1.872531e+07  1.736469e+07  1.612929e+07  1.546083e+07
6.000193e+04  1.260026e+07  0.000000e+00  0.000000e+00  1.133214e+08  0.000000e+00  0.000000e+00  1.869318e+07  1.733306e+07  1.609908e+07  1.543153e+07
6.006292e+04  1.258493e+07  0.000000e+00  0.000000e+00  1.131835e+08  0.000000e+00  0.000000e+00  1.866110e+07  1.730146e+07  1.606894e+07  1.540226e+07
6.012396e+04  1.256962e+07  0.000000e+00  0.000000e+00  1.130458e+08  0.000000e+00  0.000000e+00  1.862908e+07  1.726990e+07  1.603879e+07  1.537291e+07
6.018507e+04  1.255432e+07  0.000000e+00  0.000000e+00  1.129082e+08  0.000000e+00  0.000000e+00  1.859709e+07  1.723839e+07  1.600862e+07  1.534351e+07
6.024624e+04  1.253904e+07  0.000000e+00  0.000000e+00  1.127707e+08  0.000000e+00  0.000000e+00  1.856511e+07  1.720691e+07  1.597856e+07  1.531428e+07
6.030747e+04  1.252377e+07  0.000000e+00  0.000000e+00  1.126334e+08  0.000000e+00  0.000000e+00  1.853318e+07  1.717547e+07  1.594861e+07  1.528520e+07
6.036877e+04  1.250852e+07  0.000000e+00  0.000000e+00  1.124963e+08  0.000000e+00  0.000000e+00  1.850129e+07  1.714410e+07  1.591867e+07  1.525606e+07
6.043012e+04  1.249329e+07  0.000000e+00  0.000000e+00  1.123593e+08  0.000000e+00  0.000000e+00  1.846949e+07  1.711276e+07  1.588876e+07  1.522706e+07
6.049154e+04  1.247807e+07  0.000000e+00  0.000000e+00  1.122224e+08  0.000000e+00  0.000000e+00  1.843772e+07  1.708150e+07  1.585888e+07  1.519807e+07
6.055302e+04  1.246286e+07  0.000000e+00  0.000000e+00  1.120857e+08  0.000000e+00  0.000000e+00  1.840599e+07  1.705024e+07  1.582905e+07  1.516901e+07
6.061457e+04  1.244768e+07  0.000000e+00  0.000000e+00  1.119491e+08  0.000000e+00  0.000000e+00  1.837431e+07  1.701907e+07  1.579925e+07  1.513996e+07
6.067617e+04  1.243251e+07  0.000000e+00  0.000000e+00  1.118126e+08  0.000000e+00  0.000000e+00  1.834272e+07  1.698792e+07  1.576949e+07  1.511093e+07
6.073784e+04  1.241735e+07  0.000000e+00  0.000000e+00  1.116763e+08  0.000000e+00  0.000000e+00  1.831118e+07  1.695683e+07  1.573981e+07  1.508190e+07
6.079957e+04  1.240221e+07  0.000000e+00  0.000000e+00  1.115402e+08  0.000000e+00  0.000000e+00  1.827965e+07  1.692579e+07  1.571013e+07  1.505299e+07
6.086137e+04  1.238709e+07  0.000000e+00  0.000000e+00  1.114042e+08  0.000000e+00  0.000000e+00  1.824819e+07  1.689475e+07  1.568050e+07  1.502413e+07
6.092322e+04  1.237198e+07  0.000000e+00  0.000000e+00  1.112683e+08  0.000000e+00  0.000000e+00  1.821678e+07  1.686379e+07  1.565096e+07  1.499548e+07
6.098514e+04  1.235689e+07  0.000000e+00  0.000000e+00  1.111326e+08  0.000000e+00  0.000000e+00  1.818543e+07  1.683292e+07  1.562145e+07  1.496690e+07
6.104713e+04  1.234181e+07  0.000000e+00  0.000000e+00  1.109970e+08  0.000000e+00  0.000000e+00  1.815409e+07  1.680200e+07  1.559193e+07  1.493835e+07
6.110917e+04  1.232675e+07  0.000000e+00  0.000000e+00  1.108615e+08  0.000000e+00  0.000000e+00  1.812257e+07  1.677090e+07  1.556226e+07  1.490959e+07
6.117128e+04  1.231171e+07  0.000000e+00  0.000000e+00  1.107262e+08  0.000000e+00  0.000000e+00  1.809116e+07  1.673987e+07  1.553263e+07  1.488074e+07
6.123346e+04  1.229668e+07  0.000000e+00  0.000000e+00  1.105911e+08  0.000000e+00  0.000000e+00  1.806007e+07  1.670923e+07  1.550334e+07  1.485237e+07
6.129569e+04  1.228167e+07  0.000000e+00  0.000000e+00  1.104561e+08  0.000000e+00  0.000000e+00  1.802901e+07  1.667863e+07  1.547410e+07  1.482411e+07
6.135799e+04  1.226667e+07  0.000000e+00  0.000000e+00  1.103212e+08  0.000000e+00  0.000000e+00  1.799788e+07  1.664796e+07  1.544479e+07  1.479571e+07
6.142035e+04  1.225169e+07  0.000000e+00  0.000000e+00  1.101864e+08  0.000000e+00  0.000000e+00  1.796678e+07  1.661728e+07  1.541550e+07  1.476742e+07
6.148278e+04  1.223672e+07  0.000000e+00  0.000000e+00  1.100518e+08  0.000000e+00  0.000000e+00  1.793574e+07  1.658666e+07  1.538626e+07  1.473909e+07
6.154527e+04  1.222177e+07  0.000000e+00  0.000000e+00  1.099174e+08  0.000000e+00  0.000000e+00  1.790470e+07  1.655606e+07  1.535705e+07  1.471087e+07
6.160782e+04  1.220684e+07  0.000000e+00  0.000000e+00  1.097831e+08  0.000000e+00  0.000000e+00  1.787379e+07  1.652557e+07  1.532792e+07  1.468272e+07
6.167043e+04  1.219192e+07  0.000000e+00  0.000000e+00  1.096489e+08  0.000000e+00  0.000000e+00  1.784288e+07  1.649508e+07  1.529881e+07  1.465461e+07
6.173311e+04  1.217701e+07  0.000000e+00  0.000000e+00  1.095149e+08  0.000000e+00  0.000000e+00  1.781205e+07  1.646467e+07  1.526976e+07  1.462654e+07
6.179586e+04  1.216213e+07  0.000000e+00  0.000000e+00  1.093810e+08  0.000000e+00  0.000000e+00  1.778122e+07  1.643430e+07  1.524071e+07  1.459860e+07
6.185866e+04  1.214726e+07  0.000000e+00  0.000000e+00  1.092472e+08  0.000000e+00  0.000000e+00  1.775045e+07  1.640393e+07  1.521170e+07  1.457071e+07
6.192153e+04  1.213240e+07  0.000000e+00  0.000000e+00  1.091136e+08  0.000000e+00  0.000000e+00  1.771966e+07  1.637357e+07  1.518271e+07  1.454255e+07
6.198447e+04  1.211756e+07  0.000000e+00  0.000000e+00  1.089801e+08  0.000000e+00  0.000000e+00  1.768894e+07  1.634324e+07  1.515373e+07  1.451434e+07
6.204747e+04  1.210273e+07  0.000000e+00  0.000000e+00  1.088468e+08  0.000000e+00  0.000000e+00  1.765824e+07  1.631297e+07  1.512481e+07  1.448640e+07
6.211053e+04  1.208792e+07  0.000000e+00  0.000000e+00  1.087136e+08  0.000000e+00  0.000000e+00  1.762762e+07  1.628278e+07  1.509593e+07  1.445850e+07
6.217366e+04  1.207313e+07  0.000000e+00  0.000000e+00  1.085806e+08  0.000000e+00  0.000000e+00  1.759704e+07  1.625261e+07  1.506709e+07  1.443066e+07
6.223685e+04  1.205835e+07  0.000000e+00  0.000000e+00  1.084476e+08  0.000000e+00  0.000000e+00  1.756647e+07  1.622247e+07  1.503830e+07  1.440284e+07
6.230010e+04  1.204359e+07  0.000000e+00  0.000000e+00  1.083149e+08  0.000000e+00  0.000000e+00  1.753595e+07  1.619239e+07  1.500954e+07  1.437499e+07
6.236342e+04  1.202884e+07  0.000000e+00  0.000000e+00  1.081822e+08  0.000000e+00  0.000000e+00  1.750547e+07  1.616234e+07  1.498080e+07  1.434724e+07
6.242681e+04  1.201411e+07  0.000000e+00  0.000000e+00  1.080497e+08  0.000000e+00  0.000000e+00  1.747507e+07  1.613236e+07  1.495216e+07  1.431951e+07
6.249025e+04  1.199939e+07  0.000000e+00  0.000000e+00  1.079174e+08  0.000000e+00  0.000000e+00  1.744493e+07  1.610270e+07  1.492374e+07  1.429187e+07
6.255377e+04  1.198469e+07  0.000000e+00  0.000000e+00  1.077852e+08  0.000000e+00  0.000000e+00  1.741342e+07  1.607146e+07  1.489424e+07  1.426373e+07
6.261734e+04  1.197000e+07  0.000000e+00  0.000000e+00  1.076531e+08  0.000000e+00  0.000000e+00  1.738304e+07  1.604152e+07  1.486571e+07  1.423615e+07
6.268099e+04  1.195533e+07  0.000000e+00  0.000000e+00  1.075211e+08  0.000000e+00  0.000000e+00  1.735447e+07  1.601364e+07  1.483869e+07  1.420958e+07
6.274469e+04  1.194068e+07  0.000000e+00  0.000000e+00  1.073893e+08  0.000000e+00  0.000000e+00  1.732488e+07  1.598461e+07  1.481076e+07  1.418234e+07
6.280846e+04  1.192604e+07  0.000000e+00  0.000000e+00  1.072577e+08  0.000000e+00  0.000000e+00  1.729528e+07  1.595553e+07  1.478276e+07  1.415498e+07
6.287230e+04  1.191141e+07  0.000000e+00  0.000000e+00  1.071262e+08  0.000000e+00  0.000000e+00  1.726564e+07  1.592642e+07  1.475472e+07  1.412764e+07
6.293620e+04  1.189680e+07  0.000000e+00  0.000000e+00  1.069948e+08  0.000000e+00  0.000000e+00  1.723601e+07  1.589724e+07  1.472671e+07  1.410029e+07
6.300017e+04  1.188221e+07  0.000000e+00  0.000000e+00  1.068635e+08  0.000000e+00  0.000000e+00  1.720640e+07  1.586812e+07  1.469865e+07  1.407287e+07
6.306420e+04  1.186763e+07  0.000000e+00  0.000000e+00  1.067324e+08  0.000000e+00  0.000000e+00  1.717499e+07  1.583734e+07  1.466909e+07  1.404417e+07
6.312947e+04  1.185280e+07  0.000000e+00  0.000000e+00  1.065990e+08  0.000000e+00  0.000000e+00  1.714414e+07  1.580706e+07  1.464002e+07  1.401603e+07
6.319598e+04  1.183772e+07  0.000000e+00  0.000000e+00  1.064634e+08  0.000000e+00  0.000000e+00  1.711382e+07  1.577717e+07  1.461134e+07  1.398829e+07
6.326256e+04  1.182266e+07  0.000000e+00  0.000000e+00  1.063279e+08  0.000000e+00  0.000000e+00  1.708184e+07  1.574574e+07  1.458134e+07  1.395933e+07
6.332921e+04  1.180761e+07  0.000000e+00  0.000000e+00  1.061926e+08  0.000000e+00  0.000000e+00  1.705003e+07  1.571454e+07  1.455160e+07  1.393050e+07
6.339593e+04  1.179258e+07  0.000000e+00  0.000000e+00  1.060574e+08  0.000000e+00  0.000000e+00  1.701834e+07  1.568344e+07  1.452207e+07  1.390181e+07
6.346273e+04  1.177757e+07  0.000000e+00  0.000000e+00  1.059224e+08  0.000000e+00  0.000000e+00  1.698679e+07  1.565250e+07  1.449260e+07  1.387324e+07
6.352959e+04  1.176257e+07  0.000000e+00  0.000000e+00  1.057875e+08  0.000000e+00  0.000000e+00  1.695520e+07  1.562150e+07  1.446313e+07  1.384462e+07
6.359652e+04  1.174759e+07  0.000000e+00  0.000000e+00  1.056528e+08  0.000000e+00  0.000000e+00  1.692287e+07  1.558984e+07  1.443300e+07  1.381539e+07
6.366352e+04  1.173262e+07  0.000000e+00  0.000000e+00  1.055182e+08  0.000000e+00  0.000000e+00  1.689165e+07  1.555920e+07  1.440387e+07  1.378711e+07
6.373060e+04  1.171767e+07  0.000000e+00  0.000000e+00  1.053838e+08  0.000000e+00  0.000000e+00  1.686119e+07  1.552928e+07  1.437536e+07  1.375947e+07
6.379774e+04  1.170274e+07  0.000000e+00  0.000000e+00  1.052495e+08  0.000000e+00  0.000000e+00  1.682997e+07  1.549865e+07  1.434626e+07  1.373121e+07
6.386496e+04  1.168783e+07  0.000000e+00  0.000000e+00  1.051153e+08  0.000000e+00  0.000000e+00  1.679902e+07  1.546829e+07  1.431737e+07  1.370318e+07
6.393224e+04  1.167293e+07  0.000000e+00  0.000000e+00  1.049813e+08  0.000000e+00  0.000000e+00  1.676814e+07  1.543803e+07  1.428860e+07  1.367518e+07
6.399960e+04  1.165804e+07  0.000000e+00  0.000000e+00  1.048474e+08  0.000000e+00  0.000000e+00  1.673732e+07  1.540784e+07  1.425987e+07  1.364725e+07
6.406703e+04  1.164317e+07  0.000000e+00  0.000000e+00  1.047137e+08  0.000000e+00  0.000000e+00  1.670659e+07  1.537768e+07  1.423122e+07  1.361946e+07
6.413453e+04  1.162832e+07  0.000000e+00  0.000000e+00  1.045802e+08  0.000000e+00  0.000000e+00  1.667588e+07  1.534760e+07  1.420261e+07  1.359163e+07
6.420210e+04  1.161349e+07  0.000000e+00  0.000000e+00  1.044467e+08  0.000000e+00  0.000000e+00  1.664523e+07  1.531756e+07  1.417407e+07  1.356394e+07
6.426974e+04  1.159867e+07  0.000000e+00  0.000000e+00  1.043135e+08  0.000000e+00  0.000000e+00  1.661462e+07  1.528757e+07  1.414558e+07  1.353620e+07
6.433745e+04  1.158386e+07  0.000000e+00  0.000000e+00  1.041803e+08  0.000000e+00  0.000000e+00  1.658411e+07  1.525767e+07  1.411718e+07  1.350863e+07
6.440523e+04  1.156908e+07  0.000000e+00  0.000000e+00  1.040473e+08  0.000000e+00  0.000000e+00  1.655358e+07  1.522779e+07  1.408878e+07  1.348104e+07
6.447309e+04  1.155431e+07  0.000000e+00  0.000000e+00  1.039145e+08  0.000000e+00  0.000000e+00  1.652309e+07  1.519795e+07  1.406040e+07  1.345352e+07
6.454102e+04  1.153955e+07  0.000000e+00  0.000000e+00  1.037818e+08  0.000000e+00  0.000000e+00  1.649266e+07  1.516815e+07  1.403207e+07  1.342599e+07
6.460901e+04  1.152481e+07  0.000000e+00  0.000000e+00  1.036493e+08  0.000000e+00  0.000000e+00  1.646229e+07  1.513842e+07  1.400379e+07  1.339854e+07
6.467708e+04  1.151009e+07  0.000000e+00  0.000000e+00  1.035168e+08  0.000000e+00  0.000000e+00  1.643196e+07  1.510872e+07  1.397554e+07  1.337105e+07
6.474523e+04  1.149539e+07  0.000000e+00  0.000000e+00  1.033846e+08  0.000000e+00  0.000000e+00  1.640167e+07  1.507908e+07  1.394737e+07  1.334368e+07
6.481344e+04  1.148069e+07  0.000000e+00  0.000000e+00  1.032525e+08  0.000000e+00  0.000000e+00  1.637146e+07  1.504948e+07  1.391921e+07  1.331634e+07
6.488172e+04  1.146602e+07  0.000000e+00  0.000000e+00  1.031205e+08  0.000000e+00  0.000000e+00  1.634127e+07  1.501997e+07  1.389110e+07  1.328902e+07
6.495008e+04  1.145136e+07  0.000000e+00  0.000000e+00  1.029887e+08  0.000000e+00  0.000000e+00  1.631111e+07  1.499046e+07  1.386303e+07  1.326172e+07
6.501851e+04  1.143672e+07  0.000000e+00  0.000000e+00  1.028570e+08  0.000000e+00  0.000000e+00  1.628095e+07  1.496095e+07  1.383491e+07  1.323445e+07
6.508701e+04  1.142209e+07  0.000000e+00  0.000000e+00  1.027254e+08  0.000000e+00  0.000000e+00  1.625070e+07  1.493133e+07  1.380673e+07  1.320712e+07
6.515558e+04  1.140748e+07  0.000000e+00  0.000000e+00  1.025940e+08  0.000000e+00  0.000000e+00  1.622057e+07  1.490186e+07  1.377863e+07  1.317984e+07
6.522423e+04  1.139289e+07  0.000000e+00  0.000000e+00  1.024628e+08  0.000000e+00  0.000000e+00  1.619090e+07  1.487284e+07  1.375100e+07  1.315301e+07
6.529295e+04  1.137831e+07  0.000000e+00  0.000000e+00  1.023316e+08  0.000000e+00  0.000000e+00  1.616129e+07  1.484383e+07  1.372332e+07  1.312615e+07
6.536174e+04  1.136375e+07  0.000000e+00  0.000000e+00  1.022007e+08  0.000000e+00  0.000000e+00  1.613139e+07  1.481459e+07  1.369546e+07  1.309915e+07
6.543060e+04  1.134920e+07  0.000000e+00  0.000000e+00  1.020698e+08  0.000000e+00  0.000000e+00  1.610154e+07  1.478535e+07  1.366758e+07  1.307214e+07
6.549954e+04  1.133467e+07  0.000000e+00  0.000000e+00  1.019392e+08  0.000000e+00  0.000000e+00  1.607175e+07  1.475621e+07  1.363982e+07  1.304519e+07
6.556855e+04  1.132015e+07  0.000000e+00  0.000000e+00  1.018086e+08  0.000000e+00  0.000000e+00  1.604206e+07  1.472713e+07  1.361206e+07  1.301829e+07
6.563763e+04  1.130565e+07  0.000000e+00  0.000000e+00  1.016782e+08  0.000000e+00  0.000000e+00  1.601244e+07  1.469811e+07  1.358439e+07  1.299155e+07
6.570678e+04  1.129117e+07  0.000000e+00  0.000000e+00  1.015479e+08  0.000000e+00  0.000000e+00  1.598285e+07  1.466919e+07  1.355679e+07  1.296482e+07
6.577601e+04  1.127670e+07  0.000000e+00  0.000000e+00  1.014178e+08  0.000000e+00  0.000000e+00  1.595333e+07  1.464031e+07  1.352927e+07  1.293812e+07
6.584531e+04  1.126225e+07  0.000000e+00  0.000000e+00  1.012879e+08  0.000000e+00  0.000000e+00  1.592383e+07  1.461149e+07  1.350178e+07  1.291148e+07
6.591468e+04  1.124781e+07  0.000000e+00  0.000000e+00  1.011580e+08  0.000000e+00  0.000000e+00  1.589437e+07  1.458268e+07  1.347433e+07  1.288492e+07
6.598412e+04  1.123339e+07  0.000000e+00  0.000000e+00  1.010283e+08  0.000000e+00  0.000000e+00  1.586497e+07  1.455395e+07  1.344684e+07  1.285829e+07
6.605364e+04  1.121899e+07  0.000000e+00  0.000000e+00  1.008988e+08  0.000000e+00  0.000000e+00  1.583559e+07  1.452515e+07  1.341929e+07  1.283171e+07
6.612323e+04  1.120460e+07  0.000000e+00  0.000000e+00  1.007694e+08  0.000000e+00  0.000000e+00  1.580622e+07  1.449626e+07  1.339166e+07  1.280506e+07
6.619290e+04  1.119022e+07  0.000000e+00  0.000000e+00  1.006401e+08  0.000000e+00  0.000000e+00  1.577689e+07  1.446734e+07  1.336398e+07  1.277846e+07
6.626264e+04  1.117587e+07  0.000000e+00  0.000000e+00  1.005110e+08  0.000000e+00  0.000000e+00  1.574763e+07  1.443857e+07  1.333644e+07  1.275196e+07
6.633245e+04  1.116153e+07  0.000000e+00  0.000000e+00  1.003820e+08  0.000000e+00  0.000000e+00  1.571852e+07  1.441008e+07  1.330905e+07  1.272552e+07
6.640234e+04  1.114720e+07  0.000000e+00  0.000000e+00  1.002531e+08  0.000000e+00  0.000000e+00  1.568944e+07  1.438174e+07  1.328179e+07  1.269928e+07
6.647229e+04  1.113289e+07  0.000000e+00  0.000000e+00  1.001244e+08  0.000000e+00  0.000000e+00  1.566040e+07  1.435340e+07  1.325454e+07  1.267312e+07
6.654233e+04  1.111859e+07  0.000000e+00  0.000000e+00  9.999587e+07  0.000000e+00  0.000000e+00  1.563133e+07  1.432495e+07  1.322727e+07  1.264680e+07
6.661243e+04  1.110431e+07  0.000000e+00  0.000000e+00  9.986745e+07  0.000000e+00  0.000000e+00  1.560227e+07  1.429644e+07  1.320000e+07  1.262042e+07
6.668261e+04  1.109005e+07  0.000000e+00  0.000000e+00  9.973916e+07  0.000000e+00  0.000000e+00  1.557324e+07  1.426786e+07  1.317271e+07  1.259394e+07
6.675287e+04  1.107580e+07  0.000000e+00  0.000000e+00  9.961102e+07  0.000000e+00  0.000000e+00  1.554421e+07  1.423922e+07  1.314544e+07  1.256748e+07
6.682320e+04  1.106157e+07  0.000000e+00  0.000000e+00  9.948302e+07  0.000000e+00  0.000000e+00  1.551525e+07  1.421067e+07  1.311824e+07  1.254103e+07
6.689360e+04  1.104735e+07  0.000000e+00  0.000000e+00  9.935515e+07  0.000000e+00  0.000000e+00  1.548631e+07  1.418227e+07  1.309107e+07  1.251474e+07
6.696408e+04  1.103315e+07  0.000000e+00  0.000000e+00  9.922743e+07  0.000000e+00  0.000000e+00  1.545745e+07  1.415392e+07  1.306399e+07  1.248851e+07
6.703463e+04  1.101896e+07  0.000000e+00  0.000000e+00  9.909984e+07  0.000000e+00  0.000000e+00  1.542860e+07  1.412560e+07  1.303691e+07  1.246233e+07
6.710525e+04  1.100479e+07  0.000000e+00  0.000000e+00  9.897240e+07  0.000000e+00  0.000000e+00  1.539982e+07  1.409733e+07  1.300991e+07  1.243620e+07
6.717595e+04  1.099064e+07  0.000000e+00  0.000000e+00  9.884509e+07  0.000000e+00  0.000000e+00  1.537102e+07  1.406912e+07  1.298294e+07  1.241009e+07
6.724673e+04  1.097650e+07  0.000000e+00  0.000000e+00  9.871792e+07  0.000000e+00  0.000000e+00  1.534228e+07  1.404090e+07  1.295599e+07  1.238396e+07
6.731758e+04  1.096237e+07  0.000000e+00  0.000000e+00  9.859090e+07  0.000000e+00  0.000000e+00  1.531357e+07  1.401274e+07  1.292912e+07  1.235783e+07
6.738850e+04  1.094826e+07  0.000000e+00  0.000000e+00  9.846401e+07  0.000000e+00  0.000000e+00  1.528490e+07  1.398464e+07  1.290231e+07  1.233181e+07
6.745950e+04  1.093417e+07  0.000000e+00  0.000000e+00  9.833726e+07  0.000000e+00  0.000000e+00  1.525621e+07  1.395655e+07  1.287550e+07  1.230574e+07
6.753057e+04  1.092009e+07  0.000000e+00  0.000000e+00  9.821064e+07  0.000000e+00  0.000000e+00  1.522757e+07  1.392847e+07  1.284873e+07  1.227978e+07
6.760172e+04  1.090603e+07  0.000000e+00  0.000000e+00  9.808417e+07  0.000000e+00  0.000000e+00  1.519894e+07  1.390042e+07  1.282201e+07  1.225387e+07
6.767294e+04  1.089198e+07  0.000000e+00  0.000000e+00  9.795783e+07  0.000000e+00  0.000000e+00  1.517038e+07  1.387245e+07  1.279534e+07  1.222801e+07
6.774424e+04  1.087795e+07  0.000000e+00  0.000000e+00  9.783164e+07  0.000000e+00  0.000000e+00  1.514191e+07  1.384459e+07  1.276877e+07  1.220214e+07
6.781561e+04  1.086393e+07  0.000000e+00  0.000000e+00  9.770558e+07  0.000000e+00  0.000000e+00  1.511353e+07  1.381678e+07  1.274225e+07  1.217639e+07
6.788706e+04  1.084993e+07  0.000000e+00  0.000000e+00  9.757965e+07  0.000000e+00  0.000000e+00  1.508511e+07  1.378897e+07  1.271570e+07  1.215063e+07
6.795859e+04  1.083595e+07  0.000000e+00  0.000000e+00  9.745387e+07  0.000000e+00  0.000000e+00  1.505667e+07  1.376117e+07  1.268922e+07  1.212491e+07
6.803018e+04  1.082198e+07  0.000000e+00  0.000000e+00  9.732822e+07  0.000000e+00  0.000000e+00  1.502831e+07  1.373346e+07  1.266280e+07  1.209921e+07
6.810186e+04  1.080802e+07  0.000000e+00  0.000000e+00  9.720271e+07  0.000000e+00  0.000000e+00  1.499999e+07  1.370580e+07  1.263641e+07  1.207363e+07
6.817361e+04  1.079408e+07  0.000000e+00  0.000000e+00  9.707734e+07  0.000000e+00  0.000000e+00  1.497178e+07  1.367816e+07  1.261009e+07  1.204807e+07
6.824543e+04  1.078015e+07  0.000000e+00  0.000000e+00  9.695211e+07  0.000000e+00  0.000000e+00  1.494358e+07  1.365059e+07  1.258382e+07  1.202258e+07
6.831733e+04  1.076625e+07  0.000000e+00  0.000000e+00  9.682701e+07  0.000000e+00  0.000000e+00  1.491534e+07  1.362304e+07  1.255757e+07  1.199707e+07
6.838931e+04  1.075235e+07  0.000000e+00  0.000000e+00  9.670205e+07  0.000000e+00  0.000000e+00  1.488696e+07  1.359550e+07  1.253136e+07  1.197155e+07
6.846136e+04  1.073847e+07  0.000000e+00  0.000000e+00  9.657722e+07  0.000000e+00  0.000000e+00  1.485851e+07  1.356797e+07  1.250518e+07  1.194606e+07
6.853349e+04  1.072461e+07  0.000000e+00  0.000000e+00  9.645254e+07  0.000000e+00  0.000000e+00  1.483012e+07  1.354050e+07  1.247901e+07  1.192061e+07
6.860570e+04  1.071076e+07  0.000000e+00  0.000000e+00  9.632798e+07  0.000000e+00  0.000000e+00  1.480183e+07  1.351306e+07  1.245291e+07  1.189525e+07
6.867798e+04  1.069692e+07  0.000000e+00  0.000000e+00  9.620357e+07  0.000000e+00  0.000000e+00  1.477361e+07  1.348569e+07  1.242687e+07  1.186990e+07
6.875033e+04  1.068311e+07  0.000000e+00  0.000000e+00  9.607929e+07  0.000000e+00  0.000000e+00  1.474546e+07  1.345836e+07  1.240086e+07  1.184458e+07
6.882277e+04  1.066930e+07  0.000000e+00  0.000000e+00  9.595515e+07  0.000000e+00  0.000000e+00  1.471732e+07  1.343108e+07  1.237492e+07  1.181933e+07
6.889528e+04  1.065551e+07  0.000000e+00  0.000000e+00  9.583114e+07  0.000000e+00  0.000000e+00  1.468920e+07  1.340384e+07  1.234901e+07  1.179415e+07
6.896786e+04  1.064174e+07  0.000000e+00  0.000000e+00  9.570727e+07  0.000000e+00  0.000000e+00  1.466114e+07  1.337665e+07  1.232314e+07  1.176897e+07
6.904052e+04  1.062798e+07  0.000000e+00  0.000000e+00  9.558353e+07  0.000000e+00  0.000000e+00  1.463311e+07  1.334949e+07  1.229733e+07  1.174383e+07
6.911326e+04  1.061424e+07  0.000000e+00  0.000000e+00  9.545993e+07  0.000000e+00  0.000000e+00  1.460519e+07  1.332240e+07  1.227156e+07  1.171877e+07
6.918608e+04  1.060051e+07  0.000000e+00  0.000000e+00  9.533647e+07  0.000000e+00  0.000000e+00  1.457728e+07  1.329533e+07  1.224583e+07  1.169377e+07
6.925897e+04  1.058680e+07  0.000000e+00  0.000000e+00  9.521314e+07  0.000000e+00  0.000000e+00  1.454922e+07  1.326831e+07  1.222013e+07  1.166877e+07
6.933194e+04  1.057310e+07  0.000000e+00  0.000000e+00  9.508994e+07  0.000000e+00  0.000000e+00  1.452086e+07  1.324128e+07  1.219438e+07  1.164379e+07
6.940499e+04  1.055942e+07  0.000000e+00  0.000000e+00  9.496688e+07  0.000000e+00  0.000000e+00  1.449253e+07  1.321429e+07  1.216866e+07  1.161871e+07
6.947811e+04  1.054575e+07  0.000000e+00  0.000000e+00  9.484396e+07  0.000000e+00  0.000000e+00  1.446476e+07  1.318738e+07  1.214305e+07  1.159380e+07
6.955131e+04  1.053210e+07  0.000000e+00  0.000000e+00  9.472117e+07  0.000000e+00  0.000000e+00  1.443728e+07  1.316051e+07  1.211753e+07  1.156890e+07
6.962459e+04  1.051846e+07  0.000000e+00  0.000000e+00  9.459851e+07  0.000000e+00  0.000000e+00  1.440969e+07  1.313367e+07  1.209196e+07  1.154396e+07
6.969794e+04  1.050483e+07  0.000000e+00  0.000000e+00  9.447599e+07  0.000000e+00  0.000000e+00  1.438200e+07  1.310686e+07  1.206645e+07  1.151895e+07
6.977137e+04  1.049123e+07  0.000000e+00  0.000000e+00  9.435360e+07  0.000000e+00  0.000000e+00  1.435433e+07  1.308009e+07  1.204099e+07  1.149410e+07
6.984488e+04  1.047763e+07  0.000000e+00  0.000000e+00  9.423135e+07  0.000000e+00  0.000000e+00  1.432672e+07  1.305338e+07  1.201559e+07  1.146937e+07
6.991847e+04  1.046405e+07  0.000000e+00  0.000000e+00  9.410923e+07  0.000000e+00  0.000000e+00  1.429915e+07  1.302671e+07  1.199022e+07  1.144487e+07
6.999213e+04  1.045049e+07  0.000000e+00  0.000000e+00  9.398725e+07  0.000000e+00  0.000000e+00  1.427165e+07  1.300007e+07  1.196489e+07  1.142038e+07
7.006587e+04  1.043694e+07  0.000000e+00  0.000000e+00  9.386539e+07  0.000000e+00  0.000000e+00  1.424422e+07  1.297347e+07  1.193961e+07  1.139590e+07
7.013969e+04  1.042341e+07  0.000000e+00  0.000000e+00  9.374368e+07  0.000000e+00  0.000000e+00  1.421684e+07  1.294690e+07  1.191435e+07  1.137142e+07
7.021359e+04  1.040989e+07  0.000000e+00  0.000000e+00  9.362209e+07  0.000000e+00  0.000000e+00  1.418950e+07  1.292035e+07  1.188916e+07  1.134704e+07
7.028756e+04  1.039638e+07  0.000000e+00  0.000000e+00  9.350064e+07  0.000000e+00  0.000000e+00  1.416222e+07  1.289388e+07  1.186397e+07  1.132268e+07
7.036161e+04  1.038289e+07  0.000000e+00  0.000000e+00  9.337932e+07  0.000000e+00  0.000000e+00  1.413501e+07  1.286740e+07  1.183885e+07  1.129842e+07
7.043574e+04  1.036942e+07  0.000000e+00  0.000000e+00  9.325814e+07  0.000000e+00  0.000000e+00  1.410781e+07  1.284095e+07  1.181376e+07  1.127421e+07
7.050995e+04  1.035596e+07  0.000000e+00  0.000000e+00  9.313708e+07  0.000000e+00  0.000000e+00  1.408068e+07  1.281456e+07  1.178869e+07  1.125003e+07
7.058424e+04  1.034252e+07  0.000000e+00  0.000000e+00  9.301616e+07  0.000000e+00  0.000000e+00  1.405358e+07  1.278818e+07  1.176367e+07  1.122591e+07
7.065861e+04  1.032908e+07  0.000000e+00  0.000000e+00  9.289538e+07  0.000000e+00  0.000000e+00  1.402654e+07  1.276185e+07  1.173867e+07  1.120183e+07
7.073305e+04  1.031567e+07  0.000000e+00  0.000000e+00  9.277472e+07  0.000000e+00  0.000000e+00  1.399954e+07  1.273553e+07  1.171375e+07  1.117788e+07
7.080757e+04  1.030227e+07  0.000000e+00  0.000000e+00  9.265420e+07  0.000000e+00  0.000000e+00  1.397257e+07  1.270928e+07  1.168879e+07  1.115381e+07
7.088217e+04  1.028888e+07  0.000000e+00  0.000000e+00  9.253381e+07  0.000000e+00  0.000000e+00  1.394569e+07  1.268303e+07  1.166385e+07  1.112976e+07
7.095685e+04  1.027551e+07  0.000000e+00  0.000000e+00  9.241355e+07  0.000000e+00  0.000000e+00  1.391884e+07  1.265684e+07  1.163900e+07  1.110581e+07
7.103161e+04  1.026215e+07  0.000000e+00  0.000000e+00  9.229343e+07  0.000000e+00  0.000000e+00  1.389205e+07  1.263073e+07  1.161423e+07  1.108194e+07
7.110644e+04  1.024881e+07  0.000000e+00  0.000000e+00  9.217343e+07  0.000000e+00  0.000000e+00  1.386532e+07  1.260463e+07  1.158952e+07  1.105812e+07
7.118136e+04  1.023548e+07  0.000000e+00  0.000000e+00  9.205357e+07  0.000000e+00  0.000000e+00  1.383858e+07  1.257853e+07  1.156477e+07  1.103433e+07
7.125635e+04  1.022217e+07  0.000000e+00  0.000000e+00  9.193384e+07  0.000000e+00  0.000000e+00  1.381189e+07  1.255245e+07  1.154005e+07  1.101052e+07
7.133143e+04  1.020887e+07  0.000000e+00  0.000000e+00  9.181424e+07  0.000000e+00  0.000000e+00  1.378521e+07  1.252639e+07  1.151533e+07  1.098671e+07
7.140658e+04  1.019559e+07  0.000000e+00  0.000000e+00  9.169477e+07  0.000000e+00  0.000000e+00  1.375859e+07  1.250038e+07  1.149065e+07  1.096298e+07
7.148181e+04  1.018232e+07  0.000000e+00  0.000000e+00  9.157543e+07  0.000000e+00  0.000000e+00  1.373200e+07  1.247442e+07  1.146605e+07  1.093924e+07
7.155712e+04  1.016907e+07  0.000000e+00  0.000000e+00  9.145623e+07  0.000000e+00  0.000000e+00  1.370547e+07  1.244847e+07  1.144146e+07  1.091559e+07
7.163251e+04  1.015582e+07  0.000000e+00  0.000000e+00  9.133715e+07  0.000000e+00  0.000000e+00  1.367902e+07  1.242260e+07  1.141695e+07  1.089196e+07
7.170798e+04  1.014260e+07  0.000000e+00  0.000000e+00  9.121821e+07  0.000000e+00  0.000000e+00  1.365261e+07  1.239675e+07  1.139248e+07  1.086840e+07
7.178353e+04  1.012939e+07  0.000000e+00  0.000000e+00  9.109939e+07  0.000000e+00  0.000000e+00  1.362623e+07  1.237095e+07  1.136805e+07  1.084490e+07
7.185916e+04  1.011619e+07  0.000000e+00  0.000000e+00  9.098071e+07  0.000000e+00  0.000000e+00  1.359990e+07  1.234521e+07  1.134366e+07  1.082143e+07
7.193487e+04  1.010301e+07  0.000000e+00  0.000000e+00  9.086216e+07  0.000000e+00  0.000000e+00  1.357359e+07  1.231948e+07  1.131930e+07  1.079796e+07
7.201066e+04  1.008984e+07  0.000000e+00  0.000000e+00  9.074373e+07  0.000000e+00  0.000000e+00  1.354734e+07  1.229381e+07  1.129500e+07  1.077454e+07
7.208652e+04  1.007669e+07  0.000000e+00  0.000000e+00  9.062544e+07  0.000000e+00  0.000000e+00  1.352113e+07  1.226821e+07  1.127077e+07  1.075123e+07
7.216247e+04  1.006355e+07  0.000000e+00  0.000000e+00  9.050728e+07  0.000000e+00  0.000000e+00  1.349483e+07  1.224251e+07  1.124643e+07  1.072779e+07
7.223850e+04  1.005043e+07  0.000000e+00  0.000000e+00  9.038924e+07  0.000000e+00  0.000000e+00  1.346835e+07  1.221659e+07  1.122190e+07  1.070414e+07
7.231461e+04  1.003732e+07  0.000000e+00  0.000000e+00  9.027134e+07  0.000000e+00  0.000000e+00  1.344215e+07  1.219099e+07  1.119771e+07  1.068074e+07
7.239080e+04  1.002422e+07  0.000000e+00  0.000000e+00  9.015357e+07  0.000000e+00  0.000000e+00  1.341620e+07  1.216571e+07  1.117375e+07  1.065765e+07
7.246706e+04  1.001114e+07  0.000000e+00  0.000000e+00  9.003592e+07  0.000000e+00  0.000000e+00  1.339017e+07  1.214036e+07  1.114975e+07  1.063457e+07
7.254341e+04  9.998074e+06  0.000000e+00  0.000000e+00  8.991841e+07  0.000000e+00  0.000000e+00  1.336411e+07  1.211496e+07  1.112570e+07  1.061144e+07
7.261984e+04  9.985022e+06  0.000000e+00  0.000000e+00  8.980102e+07  0.000000e+00  0.000000e+00  1.333810e+07  1.208960e+07  1.110171e+07  1.058825e+07
7.269635e+04  9.971984e+06  0.000000e+00  0.000000e+00  8.968376e+07  0.000000e+00  0.000000e+00  1.331210e+07  1.206429e+07  1.107780e+07  1.056520e+07
7.277294e+04  9.958961e+06  0.000000e+00  0.000000e+00  8.956664e+07  0.000000e+00  0.000000e+00  1.328617e+07  1.203906e+07  1.105387e+07  1.054207e+07
7.284961e+04  9.945951e+06  0.000000e+00  0.000000e+00  8.944964e+07  0.000000e+00  0.000000e+00  1.326029e+07  1.201386e+07  1.102993e+07  1.051906e+07
7.292637e+04  9.932956e+06  0.000000e+00  0.000000e+00  8.933277e+07  0.000000e+00  0.000000e+00  1.323444e+07  1.198874e+07  1.100596e+07  1.049598e+07
7.300320e+04  9.919976e+06  0.000000e+00  0.000000e+00  8.921602e+07  0.000000e+00  0.000000e+00  1.320865e+07  1.196367e+07  1.098210e+07  1.047300e+07
7.308011e+04  9.907009e+06  0.000000e+00  0.000000e+00  8.909941e+07  0.000000e+00  0.000000e+00  1.318286e+07  1.193865e+07  1.095838e+07  1.045006e+07
7.315711e+04  9.894057e+06  0.000000e+00  0.000000e+00  8.898292e+07  0.000000e+00  0.000000e+00  1.315710e+07  1.191369e+07  1.093477e+07  1.042722e+07
7.323418e+04  9.881120e+06  0.000000e+00  0.000000e+00  8.886657e+07  0.000000e+00  0.000000e+00  1.313138e+07  1.188875e+07  1.091122e+07  1.040456e+07
7.331134e+04  9.868196e+06  0.000000e+00  0.000000e+00  8.875034e+07  0.000000e+00  0.000000e+00  1.310571e+07  1.186390e+07  1.088771e+07  1.038170e+07
7.338858e+04  9.855287e+06  0.000000e+00  0.000000e+00  8.863424e+07  0.000000e+00  0.000000e+00  1.308005e+07  1.183911e+07  1.086422e+07  1.035868e+07
7.346590e+04  9.842391e+06  0.000000e+00  0.000000e+00  8.851826e+07  0.000000e+00  0.000000e+00  1.305445e+07  1.181434e+07  1.084075e+07  1.033586e+07
7.354330e+04  9.829510e+06  0.000000e+00  0.000000e+00  8.840242e+07  0.000000e+00  0.000000e+00  1.302886e+07  1.178964e+07  1.081735e+07  1.031322e+07
7.362078e+04  9.816644e+06  0.000000e+00  0.000000e+00  8.828670e+07  0.000000e+00  0.000000e+00  1.300337e+07  1.176502e+07  1.079401e+07  1.029057e+07
7.369835e+04  9.803791e+06  0.000000e+00  0.000000e+00  8.817111e+07  0.000000e+00  0.000000e+00  1.297790e+07  1.174048e+07  1.077072e+07  1.026795e+07
7.377599e+04  9.790952e+06  0.000000e+00  0.000000e+00  8.805564e+07  0.000000e+00  0.000000e+00  1.295246e+07  1.171594e+07  1.074749e+07  1.024535e+07
7.385372e+04  9.778128e+06  0.000000e+00  0.000000e+00  8.794031e+07  0.000000e+00  0.000000e+00  1.292705e+07  1.169149e+07  1.072426e+07  1.022278e+07
7.393153e+04  9.765318e+06  0.000000e+00  0.000000e+00  8.782510e+07  0.000000e+00  0.000000e+00  1.290170e+07  1.166707e+07  1.070108e+07  1.020028e+07
7.400942e+04  9.752522e+06  0.000000e+00  0.000000e+00  8.771001e+07  0.000000e+00  0.000000e+00  1.287636e+07  1.164268e+07  1.067793e+07  1.017774e+07
7.408740e+04  9.739740e+06  0.000000e+00  0.000000e+00  8.759506e+07  0.000000e+00  0.000000e+00  1.285114e+07  1.161840e+07  1.065487e+07  1.015530e+07
7.416545e+04  9.726972e+06  0.000000e+00  0.000000e+00  8.748023e+07  0.000000e+00  0.000000e+00  1.282623e+07  1.159451e+07  1.063211e+07  1.013305e+07
7.424359e+04  9.714218e+06  0.000000e+00  0.000000e+00  8.736552e+07  0.000000e+00  0.000000e+00  1.279926e+07  1.156833e+07  1.060767e+07  1.010978e+07
7.432181e+04  9.701478e+06  0.000000e+00  0.000000e+00  8.725095e+07  0.000000e+00  0.000000e+00  1.277314e+07  1.154315e+07  1.058418e+07  1.008736e+07
7.440011e+04  9.688752e+06  0.000000e+00  0.000000e+00  8.713649e+07  0.000000e+00  0.000000e+00  1.274975e+07  1.152105e+07  1.056308e+07  1.006663e+07
7.447850e+04  9.676040e+06  0.000000e+00  0.000000e+00  8.702217e+07  0.000000e+00  0.000000e+00  1.272554e+07  1.149804e+07  1.054114e+07  1.004520e+07
7.455697e+04  9.663342e+06  0.000000e+00  0.000000e+00  8.690797e+07  0.000000e+00  0.000000e+00  1.270147e+07  1.147517e+07  1.051929e+07  1.002369e+07
7.463552e+04  9.650658e+06  0.000000e+00  0.000000e+00  8.679390e+07  0.000000e+00  0.000000e+00  1.267751e+07  1.145236e+07  1.049742e+07  1.000210e+07
7.471415e+04  9.637989e+06  0.000000e+00  0.000000e+00  8.667995e+07  0.000000e+00  0.000000e+00  1.265351e+07  1.142950e+07  1.047548e+07  9.980391e+06
7.479287e+04  9.625333e+06  0.000000e+00  0.000000e+00  8.656613e+07  0.000000e+00  0.000000e+00  1.262941e+07  1.140649e+07  1.045326e+07  9.958395e+06
7.487167e+04  9.612691e+06  0.000000e+00  0.000000e+00  8.645243e+07  0.000000e+00  0.000000e+00  1.260522e+07  1.138328e+07  1.043081e+07  9.936272e+06
7.495055e+04  9.600063e+06  0.000000e+00  0.000000e+00  8.633886e+07  0.000000e+00  0.000000e+00  1.257885e+07  1.135810e+07  1.040651e+07  9.912530e+06
7.503181e+04  9.587082e+06  0.000000e+00  0.000000e+00  8.622212e+07  0.000000e+00  0.000000e+00  1.255300e+07  1.133326e+07  1.038273e+07  9.889492e+06
7.511545e+04  9.573751e+06  0.000000e+00  0.000000e+00  8.610223e+07  0.000000e+00  0.000000e+00  1.252752e+07  1.130874e+07  1.035939e+07  9.867026e+06
7.519919e+04  9.560436e+06  0.000000e+00  0.000000e+00  8.598248e+07  0.000000e+00  0.000000e+00  1.250002e+07  1.128236e+07  1.033446e+07  9.843000e+06
7.528302e+04  9.547136e+06  0.000000e+00  0.000000e+00  8.586286e+07  0.000000e+00  0.000000e+00  1.247256e+07  1.125608e+07  1.030962e+07  9.819034e+06
7.536694e+04  9.533852e+06  0.000000e+00  0.000000e+00  8.574339e+07  0.000000e+00  0.000000e+00  1.244519e+07  1.122989e+07  1.028483e+07  9.795233e+06
7.545096e+04  9.520583e+06  0.000000e+00  0.000000e+00  8.562405e+07  0.000000e+00  0.000000e+00  1.241797e+07  1.120382e+07  1.026016e+07  9.771476e+06
7.553507e+04  9.507329e+06  0.000000e+00  0.000000e+00  8.550486e+07  0.000000e+00  0.000000e+00  1.239093e+07  1.117790e+07  1.023562e+07  9.747872e+06
7.561928e+04  9.494091e+06  0.000000e+00  0.000000e+00  8.538580e+07  0.000000e+00  0.000000e+00  1.236398e+07  1.115193e+07  1.021124e+07  9.724252e+06
7.570357e+04  9.480869e+06  0.000000e+00  0.000000e+00  8.526688e+07  0.000000e+00  0.000000e+00  1.233620e+07  1.112507e+07  1.018611e+07  9.699829e+06
7.578797e+04  9.467662e+06  0.000000e+00  0.000000e+00  8.514811e+07  0.000000e+00  0.000000e+00  1.230958e+07  1.109927e+07  1.016194e+07  9.676351e+06
7.587245e+04  9.454470e+06  0.000000e+00  0.000000e+00  8.502947e+07  0.000000e+00  0.000000e+00  1.228387e+07  1.107432e+07  1.013852e+07  9.653570e+06
7.595703e+04  9.441294e+06  0.000000e+00  0.000000e+00  8.491096e+07  0.000000e+00  0.000000e+00  1.225753e+07  1.104882e+07  1.011454e+07  9.630423e+06
7.604171e+04  9.428133e+06  0.000000e+00  0.000000e+00  8.479260e+07  0.000000e+00  0.000000e+00  1.223153e+07  1.102362e+07  1.009082e+07  9.607548e+06
7.612648e+04  9.414988e+06  0.000000e+00  0.000000e+00  8.467438e+07  0.000000e+00  0.000000e+00  1.220561e+07  1.099853e+07  1.006715e+07  9.584761e+06
7.621134e+04  9.401858e+06  0.000000e+00  0.000000e+00  8.455629e+07  0.000000e+00  0.000000e+00  1.217982e+07  1.097355e+07  1.004358e+07  9.562061e+06
7.629630e+04  9.388743e+06  0.000000e+00  0.000000e+00  8.443834e+07  0.000000e+00  0.000000e+00  1.215408e+07  1.094867e+07  1.002007e+07  9.539468e+06
7.638135e+04  9.375643e+06  0.000000e+00  0.000000e+00  8.432053e+07  0.000000e+00  0.000000e+00  1.212846e+07  1.092388e+07  9.996582e+06  9.516926e+06
7.646650e+04  9.362559e+06  0.000000e+00  0.000000e+00  8.420286e+07  0.000000e+00  0.000000e+00  1.210292e+07  1.089917e+07  9.973201e+06  9.494459e+06
7.655174e+04  9.349490e+06  0.000000e+00  0.000000e+00  8.408532e+07  0.000000e+00  0.000000e+00  1.207740e+07  1.087448e+07  9.949833e+06  9.472071e+06
7.663708e+04  9.336437e+06  0.000000e+00  0.000000e+00  8.396792e+07  0.000000e+00  0.000000e+00  1.205194e+07  1.084982e+07  9.926513e+06  9.449666e+06
7.672252e+04  9.323398e+06  0.000000e+00  0.000000e+00  8.385066e+07  0.000000e+00  0.000000e+00  1.202656e+07  1.082524e+07  9.903225e+06  9.427404e+06
7.680804e+04  9.310375e+06  0.000000e+00  0.000000e+00  8.373354e+07  0.000000e+00  0.000000e+00  1.200123e+07  1.080058e+07  9.879979e+06  9.405093e+06
7.689367e+04  9.297367e+06  0.000000e+00  0.000000e+00  8.361655e+07  0.000000e+00  0.000000e+00  1.197585e+07  1.077575e+07  9.856630e+06  9.382761e+06
7.697939e+04  9.284375e+06  0.000000e+00  0.000000e+00  8.349970e+07  0.000000e+00  0.000000e+00  1.195054e+07  1.075086e+07  9.833338e+06  9.360361e+06
7.706520e+04  9.271397e+06  0.000000e+00  0.000000e+00  8.338298e+07  0.000000e+00  0.000000e+00  1.192529e+07  1.072617e+07  9.810111e+06  9.338051e+06
7.715111e+04  9.258435e+06  0.000000e+00  0.000000e+00  8.326641e+07  0.000000e+00  0.000000e+00  1.190007e+07  1.070171e+07  9.786967e+06  9.315828e+06
7.723712e+04  9.245488e+06  0.000000e+00  0.000000e+00  8.314997e+07  0.000000e+00  0.000000e+00  1.187492e+07  1.067733e+07  9.763872e+06  9.293709e+06
7.732322e+04  9.232556e+06  0.000000e+00  0.000000e+00  8.303366e+07  0.000000e+00  0.000000e+00  1.184981e+07  1.065296e+07  9.740802e+06  9.271617e+06
7.740942e+04  9.219639e+06  0.000000e+00  0.000000e+00  8.291749e+07  0.000000e+00  0.000000e+00  1.182475e+07  1.062858e+07  9.717800e+06  9.249553e+06
7.749571e+04  9.206737e+06  0.000000e+00  0.000000e+00  8.280146e+07  0.000000e+00  0.000000e+00  1.179980e+07  1.060425e+07  9.694831e+06  9.227538e+06
7.758210e+04  9.193850e+06  0.000000e+00  0.000000e+00  8.268556e+07  0.000000e+00  0.000000e+00  1.177490e+07  1.057998e+07  9.671923e+06  9.205528e+06
7.766859e+04  9.180979e+06  0.000000e+00  0.000000e+00  8.256980e+07  0.000000e+00  0.000000e+00  1.175006e+07  1.055572e+07  9.649092e+06  9.183525e+06
7.775517e+04  9.168122e+06  0.000000e+00  0.000000e+00  8.245417e+07  0.000000e+00  0.000000e+00  1.172517e+07  1.053147e+07  9.626214e+06  9.161457e+06
7.784185e+04  9.155280e+06  0.000000e+00  0.000000e+00  8.233868e+07  0.000000e+00  0.000000e+00  1.169991e+07  1.050705e+07  9.603194e+06  9.139235e+06
7.792863e+04  9.142454e+06  0.000000e+00  0.000000e+00  8.222332e+07  0.000000e+00  0.000000e+00  1.167472e+07  1.048275e+07  9.580336e+06  9.117087e+06
7.801550e+04  9.129643e+06  0.000000e+00  0.000000e+00  8.210810e+07  0.000000e+00  0.000000e+00  1.165004e+07  1.045899e+07  9.557926e+06  9.095358e+06
7.810247e+04  9.116846e+06  0.000000e+00  0.000000e+00  8.199302e+07  0.000000e+00  0.000000e+00  1.162538e+07  1.043521e+07  9.535464e+06  9.073661e+06
7.818954e+04  9.104064e+06  0.000000e+00  0.000000e+00  8.187807e+07  0.000000e+00  0.000000e+00  1.160046e+07  1.041117e+07  9.512811e+06  9.051704e+06
7.827670e+04  9.091298e+06  0.000000e+00  0.000000e+00  8.176325e+07  0.000000e+00  0.000000e+00  1.157565e+07  1.038723e+07  9.490203e+06  9.029832e+06
7.836396e+04  9.078546e+06  0.000000e+00  0.000000e+00  8.164857e+07  0.000000e+00  0.000000e+00  1.155095e+07  1.036339e+07  9.467721e+06  9.008036e+06
7.845132e+04  9.065810e+06  0.000000e+00  0.000000e+00  8.153402e+07  0.000000e+00  0.000000e+00  1.152631e+07  1.033965e+07  9.445295e+06  8.986320e+06
7.853878e+04  9.053088e+06  0.000000e+00  0.000000e+00  8.141960e+07  0.000000e+00  0.000000e+00  1.150181e+07  1.031601e+07  9.422921e+06  8.964632e+06
7.862633e+04  9.040381e+06  0.000000e+00  0.000000e+00  8.130532e+07  0.000000e+00  0.000000e+00  1.147739e+07  1.029244e+07  9.400643e+06  8.943059e+06
7.871398e+04  9.027689e+06  0.000000e+00  0.000000e+00  8.119118e+07  0.000000e+00  0.000000e+00  1.145307e+07  1.026897e+07  9.378462e+06  8.921590e+06
7.880173e+04  9.015012e+06  0.000000e+00  0.000000e+00  8.107717e+07  0.000000e+00  0.000000e+00  1.142875e+07  1.024555e+07  9.356290e+06  8.900119e+06
7.888957e+04  9.002350e+06  0.000000e+00  0.000000e+00  8.096329e+07  0.000000e+00  0.000000e+00  1.140444e+07  1.022219e+07  9.334183e+06  8.878730e+06
7.897752e+04  8.989702e+06  0.000000e+00  0.000000e+00  8.084954e+07  0.000000e+00  0.000000e+00  1.138013e+07  1.019888e+07  9.312083e+06  8.857305e+06
7.906556e+04  8.977070e+06  0.000000e+00  0.000000e+00  8.073593e+07  0.000000e+00  0.000000e+00  1.135582e+07  1.017555e+07  9.289983e+06  8.835861e+06
7.915370e+04  8.964452e+06  0.000000e+00  0.000000e+00  8.062245e+07  0.000000e+00  0.000000e+00  1.133155e+07  1.015231e+07  9.267890e+06  8.814430e+06
7.924194e+04  8.951849e+06  0.000000e+00  0.000000e+00  8.050910e+07  0.000000e+00  0.000000e+00  1.130728e+07  1.012912e+07  9.245806e+06  8.793064e+06
7.933028e+04  8.939261e+06  0.000000e+00  0.000000e+00  8.039589e+07  0.000000e+00  0.000000e+00  1.128305e+07  1.010599e+07  9.223812e+06  8.771792e+06
7.941871e+04  8.926687e+06  0.000000e+00  0.000000e+00  8.028281e+07  0.000000e+00  0.000000e+00  1.125880e+07  1.008288e+07  9.201809e+06  8.750385e+06
7.950725e+04  8.914128e+06  0.000000e+00  0.000000e+00  8.016986e+07  0.000000e+00  0.000000e+00  1.123459e+07  1.005982e+07  9.179862e+06  8.728884e+06
7.959588e+04  8.901584e+06  0.000000e+00  0.000000e+00  8.005705e+07  0.000000e+00  0.000000e+00  1.121041e+07  1.003682e+07  9.157944e+06  8.707416e+06
7.968461e+04  8.889055e+06  0.000000e+00  0.000000e+00  7.994436e+07  0.000000e+00  0.000000e+00  1.118629e+07  1.001388e+07  9.136126e+06  8.686118e+06
7.977344e+04  8.876541e+06  0.000000e+00  0.000000e+00  7.983181e+07  0.000000e+00  0.000000e+00  1.116217e+07  9.990960e+06  9.114313e+06  8.665007e+06
7.986237e+04  8.864041e+06  0.000000e+00  0.000000e+00  7.971939e+07  0.000000e+00  0.000000e+00  1.113802e+07  9.968060e+06  9.092524e+06  8.643976e+06
7.995140e+04  8.851555e+06  0.000000e+00  0.000000e+00  7.960711e+07  0.000000e+00  0.000000e+00  1.111390e+07  9.945163e+06  9.070752e+06  8.623000e+06
8.004053e+04  8.839085e+06  0.000000e+00  0.000000e+00  7.949495e+07  0.000000e+00  0.000000e+00  1.108980e+07  9.922345e+06  9.049026e+06  8.602041e+06
8.012975e+04  8.826629e+06  0.000000e+00  0.000000e+00  7.938293e+07  0.000000e+00  0.000000e+00  1.106577e+07  9.899579e+06  9.027340e+06  8.581188e+06
8.021908e+04  8.814187e+06  0.000000e+00  0.000000e+00  7.927104e+07  0.000000e+00  0.000000e+00  1.104177e+07  9.876822e+06  9.005673e+06  8.560341e+06
8.030851e+04  8.801761e+06  0.000000e+00  0.000000e+00  7.915927e+07  0.000000e+00  0.000000e+00  1.101780e+07  9.854093e+06  8.984061e+06  8.539549e+06
8.039803e+04  8.789349e+06  0.000000e+00  0.000000e+00  7.904764e+07  0.000000e+00  0.000000e+00  1.099383e+07  9.831386e+06  8.962443e+06  8.518724e+06
8.048766e+04  8.776951e+06  0.000000e+00  0.000000e+00  7.893615e+07  0.000000e+00  0.000000e+00  1.096989e+07  9.808701e+06  8.940857e+06  8.497847e+06
8.057738e+04  8.764568e+06  0.000000e+00  0.000000e+00  7.882478e+07  0.000000e+00  0.000000e+00  1.094596e+07  9.786026e+06  8.919275e+06  8.477026e+06
8.066721e+04  8.752199e+06  0.000000e+00  0.000000e+00  7.871354e+07  0.000000e+00  0.000000e+00  1.092204e+07  9.763367e+06  8.897725e+06  8.456131e+06
8.075713e+04  8.739845e+06  0.000000e+00  0.000000e+00  7.860243e+07  0.000000e+00  0.000000e+00  1.089817e+07  9.740738e+06  8.876215e+06  8.435289e+06
8.084716e+04  8.727506e+06  0.000000e+00  0.000000e+00  7.849146e+07  0.000000e+00  0.000000e+00  1.087435e+07  9.718135e+06  8.854714e+06  8.414480e+06
8.093729e+04  8.715181e+06  0.000000e+00  0.000000e+00  7.838061e+07  0.000000e+00  0.000000e+00  1.085059e+07  9.695536e+06  8.833296e+06  8.393721e+06
8.102751e+04  8.702870e+06  0.000000e+00  0.000000e+00  7.826990e+07  0.000000e+00  0.000000e+00  1.082695e+07  9.672930e+06  8.811883e+06  8.373014e+06
8.111784e+04  8.690574e+06  0.000000e+00  0.000000e+00  7.815931e+07  0.000000e+00  0.000000e+00  1.080326e+07  9.650348e+06  8.790478e+06  8.352282e+06
8.120827e+04  8.678293e+06  0.000000e+00  0.000000e+00  7.804886e+07  0.000000e+00  0.000000e+00  1.077919e+07  9.627714e+06  8.769058e+06  8.331567e+06
8.129880e+04  8.666026e+06  0.000000e+00  0.000000e+00  7.793853e+07  0.000000e+00  0.000000e+00  1.075480e+07  9.605059e+06  8.747602e+06  8.310695e+06
8.138943e+04  8.653773e+06  0.000000e+00  0.000000e+00  7.782834e+07  0.000000e+00  0.000000e+00  1.073088e+07  9.582401e+06  8.726174e+06  8.289922e+06
8.148016e+04  8.641535e+06  0.000000e+00  0.000000e+00  7.771827e+07  0.000000e+00  0.000000e+00  1.070750e+07  9.559799e+06  8.704877e+06  8.269239e+06
8.157099e+04  8.629311e+06  0.000000e+00  0.000000e+00  7.760833e+07  0.000000e+00  0.000000e+00  1.068417e+07  9.537219e+06  8.683593e+06  8.248649e+06
8.166192e+04  8.617101e+06  0.000000e+00  0.000000e+00  7.749852e+07  0.000000e+00  0.000000e+00  1.066075e+07  9.514735e+06  8.662405e+06  8.228194e+06
8.175296e+04  8.604906e+06  0.000000e+00  0.000000e+00  7.738884e+07  0.000000e+00  0.000000e+00  1.063728e+07  9.492243e+06  8.641239e+06  8.207675e+06
8.184410e+04  8.592725e+06  0.000000e+00  0.000000e+00  7.727930e+07  0.000000e+00  0.000000e+00  1.061381e+07  9.469724e+06  8.620066e+06  8.187167e+06
8.193533e+04  8.580558e+06  0.000000e+00  0.000000e+00  7.716987e+07  0.000000e+00  0.000000e+00  1.059035e+07  9.447197e+06  8.598937e+06  8.166736e+06
8.202667e+04  8.568406e+06  0.000000e+00  0.000000e+00  7.706058e+07  0.000000e+00  0.000000e+00  1.056696e+07  9.424711e+06  8.577846e+06  8.146301e+06
8.211811e+04  8.556268e+06  0.000000e+00  0.000000e+00  7.695142e+07  0.000000e+00  0.000000e+00  1.054361e+07  9.402242e+06  8.556795e+06  8.125956e+06
8.220966e+04  8.544144e+06  0.000000e+00  0.000000e+00  7.684238e+07  0.000000e+00  0.000000e+00  1.052034e+07  9.379826e+06  8.535806e+06  8.105724e+06
8.230130e+04  8.532035e+06  0.000000e+00  0.000000e+00  7.673348e+07  0.000000e+00  0.000000e+00  1.049710e+07  9.357439e+06  8.514889e+06  8.085470e+06
8.239305e+04  8.519940e+06  0.000000e+00  0.000000e+00  7.662470e+07  0.000000e+00  0.000000e+00  1.047392e+07  9.335086e+06  8.494019e+06  8.065331e+06
8.248490e+04  8.507859e+06  0.000000e+00  0.000000e+00  7.651605e+07  0.000000e+00  0.000000e+00  1.045076e+07  9.312784e+06  8.473190e+06  8.045224e+06
8.257685e+04  8.495792e+06  0.000000e+00  0.000000e+00  7.640752e+07  0.000000e+00  0.000000e+00  1.042766e+07  9.290507e+06  8.452417e+06  8.025176e+06
8.266891e+04  8.483739e+06  0.000000e+00  0.000000e+00  7.629913e+07  0.000000e+00  0.000000e+00  1.040462e+07  9.268286e+06  8.431661e+06  8.005192e+06
8.276106e+04  8.471701e+06  0.000000e+00  0.000000e+00  7.619086e+07  0.000000e+00  0.000000e+00  1.038162e+07  9.246091e+06  8.410986e+06  7.985237e+06
8.285332e+04  8.459677e+06  0.000000e+00  0.000000e+00  7.608272e+07  0.000000e+00  0.000000e+00  1.035862e+07  9.223957e+06  8.390337e+06  7.965357e+06
8.294569e+04  8.447667e+06  0.000000e+00  0.000000e+00  7.597471e+07  0.000000e+00  0.000000e+00  1.033567e+07  9.201835e+06  8.369735e+06  7.945504e+06
8.303815e+04  8.435671e+06  0.000000e+00  0.000000e+00  7.586682e+07  0.000000e+00  0.000000e+00  1.031274e+07  9.179763e+06  8.349145e+06  7.925759e+06
8.313072e+04  8.423689e+06  0.000000e+00  0.000000e+00  7.575906e+07  0.000000e+00  0.000000e+00  1.028981e+07  9.157717e+06  8.328633e+06  7.906088e+06
8.322339e+04  8.411722e+06  0.000000e+00  0.000000e+00  7.565143e+07  0.000000e+00  0.000000e+00  1.026692e+07  9.135720e+06  8.308112e+06  7.886410e+06
8.331617e+04  8.399768e+06  0.000000e+00  0.000000e+00  7.554393e+07  0.000000e+00  0.000000e+00  1.024405e+07  9.113767e+06  8.287581e+06  7.866641e+06
8.340905e+04  8.387829e+06  0.000000e+00  0.000000e+00  7.543655e+07  0.000000e+00  0.000000e+00  1.022123e+07  9.091858e+06  8.267089e+06  7.846949e+06
8.350203e+04  8.375903e+06  0.000000e+00  0.000000e+00  7.532930e+07  0.000000e+00  0.000000e+00  1.019846e+07  9.070028e+06  8.246730e+06  7.827391e+06
8.359512e+04  8.363992e+06  0.000000e+00  0.000000e+00  7.522217e+07  0.000000e+00  0.000000e+00  1.017575e+07  9.048294e+06  8.226385e+06  7.807860e+06
8.368830e+04  8.352095e+06  0.000000e+00  0.000000e+00  7.511517e+07  0.000000e+00  0.000000e+00  1.015306e+07  9.026619e+06  8.206031e+06  7.788413e+06
8.378160e+04  8.340211e+06  0.000000e+00  0.000000e+00  7.500830e+07  0.000000e+00  0.000000e+00  1.013043e+07  9.005011e+06  8.185598e+06  7.768931e+06
8.387500e+04  8.328342e+06  0.000000e+00  0.000000e+00  7.490155e+07  0.000000e+00  0.000000e+00  1.010786e+07  8.983459e+06  8.165221e+06  7.749449e+06
8.396850e+04  8.316487e+06  0.000000e+00  0.000000e+00  7.479493e+07  0.000000e+00  0.000000e+00  1.008531e+07  8.961932e+06  8.145008e+06  7.730081e+06
8.406210e+04  8.304646e+06  0.000000e+00  0.000000e+00  7.468843e+07  0.000000e+00  0.000000e+00  1.006279e+07  8.940444e+06  8.124972e+06  7.710711e+06
8.415581e+04  8.292818e+06  0.000000e+00  0.000000e+00  7.458206e+07  0.000000e+00  0.000000e+00  1.004027e+07  8.918974e+06  8.104986e+06  7.691431e+06
8.424963e+04  8.281005e+06  0.000000e+00  0.000000e+00  7.447582e+07  0.000000e+00  0.000000e+00  1.001776e+07  8.897514e+06  8.084912e+06  7.672207e+06
8.434355e+04  8.269205e+06  0.000000e+00  0.000000e+00  7.436970e+07  0.000000e+00  0.000000e+00  9.995287e+06  8.876105e+06  8.064763e+06  7.652969e+06
8.443757e+04  8.257420e+06  0.000000e+00  0.000000e+00  7.426371e+07  0.000000e+00  0.000000e+00  9.972906e+06  8.854777e+06  8.044635e+06  7.633816e+06
8.453170e+04  8.245648e+06  0.000000e+00  0.000000e+00  7.415784e+07  0.000000e+00  0.000000e+00  9.950615e+06  8.833531e+06  8.024566e+06  7.614777e+06
8.462594e+04  8.233891e+06  0.000000e+00  0.000000e+00  7.405209e+07  0.000000e+00  0.000000e+00  9.928372e+06  8.812356e+06  8.004606e+06  7.595700e+06
8.472027e+04  8.222147e+06  0.000000e+00  0.000000e+00  7.394647e+07  0.000000e+00  0.000000e+00  9.906181e+06  8.791259e+06  7.984767e+06  7.576734e+06
8.481472e+04  8.210417e+06  0.000000e+00  0.000000e+00  7.384098e+07  0.000000e+00  0.000000e+00  9.884057e+06  8.770229e+06  7.964964e+06  7.557759e+06
8.490927e+04  8.198701e+06  0.000000e+00  0.000000e+00  7.373561e+07  0.000000e+00  0.000000e+00  9.861940e+06  8.749301e+06  7.945227e+06  7.538901e+06
8.500392e+04  8.186998e+06  0.000000e+00  0.000000e+00  7.363036e+07  0.000000e+00  0.000000e+00  9.839870e+06  8.728439e+06  7.925506e+06  7.520070e+06
8.509868e+04  8.175310e+06  0.000000e+00  0.000000e+00  7.352524e+07  0.000000e+00  0.000000e+00  9.817855e+06  8.707673e+06  7.905867e+06  7.501275e+06
8.519355e+04  8.163635e+06  0.000000e+00  0.000000e+00  7.342025e+07  0.000000e+00  0.000000e+00  9.795638e+06  8.686613e+06  7.886069e+06  7.482260e+06
8.528852e+04  8.151974e+06  0.000000e+00  0.000000e+00  7.331537e+07  0.000000e+00  0.000000e+00  9.773318e+06  8.665307e+06  7.866155e+06  7.462844e+06
8.538360e+04  8.140327e+06  0.000000e+00  0.000000e+00  7.321062e+07  0.000000e+00  0.000000e+00  9.751367e+06  8.644287e+06  7.846668e+06  7.443565e+06
8.547878e+04  8.128694e+06  0.000000e+00  0.000000e+00  7.310600e+07  0.000000e+00  0.000000e+00  9.729571e+06  8.623472e+06  7.827338e+06  7.424607e+06
8.557407e+04  8.117074e+06  0.000000e+00  0.000000e+00  7.300149e+07  0.000000e+00  0.000000e+00  9.707663e+06  8.602556e+06  7.807855e+06  7.405588e+06
8.566947e+04  8.105468e+06  0.000000e+00  0.000000e+00  7.289712e+07  0.000000e+00  0.000000e+00  9.685794e+06  8.581740e+06  7.788419e+06  7.386668e+06
8.576497e+04  8.093876e+06  0.000000e+00  0.000000e+00  7.279286e+07  0.000000e+00  0.000000e+00  9.664028e+06  8.561047e+06  7.769014e+06  7.367816e+06
8.586058e+04  8.082297e+06  0.000000e+00  0.000000e+00  7.268873e+07  0.000000e+00  0.000000e+00  9.642321e+06  8.540495e+06  7.749702e+06  7.349034e+06
8.595629e+04  8.070732e+06  0.000000e+00  0.000000e+00  7.258472e+07  0.000000e+00  0.000000e+00  9.620679e+06  8.520049e+06  7.730428e+06  7.330404e+06
8.605211e+04  8.059181e+06  0.000000e+00  0.000000e+00  7.248083e+07  0.000000e+00  0.000000e+00  9.599134e+06  8.499740e+06  7.711213e+06  7.311924e+06
8.614804e+04  8.047644e+06  0.000000e+00  0.000000e+00  7.237707e+07  0.000000e+00  0.000000e+00  9.577637e+06  8.479504e+06  7.692043e+06  7.293443e+06
8.624408e+04  8.036120e+06  0.000000e+00  0.000000e+00  7.227343e+07  0.000000e+00  0.000000e+00  9.556190e+06  8.459331e+06  7.672913e+06  7.275045e+06
8.634022e+04  8.024610e+06  0.000000e+00  0.000000e+00  7.216991e+07  0.000000e+00  0.000000e+00  9.534785e+06  8.439183e+06  7.653754e+06  7.256653e+06
8.643647e+04  8.013113e+06  0.000000e+00  0.000000e+00  7.206652e+07  0.000000e+00  0.000000e+00  9.513445e+06  8.419085e+06  7.634670e+06  7.238308e+06
8.653283e+04  8.001630e+06  0.000000e+00  0.000000e+00  7.196324e+07  0.000000e+00  0.000000e+00  9.492188e+06  8.399059e+06  7.615610e+06  7.220069e+06
8.662929e+04  7.990161e+06  0.000000e+00  0.000000e+00  7.186009e+07  0.000000e+00  0.000000e+00  9.470955e+06  8.379040e+06  7.596590e+06  7.201927e+06
8.672587e+04  7.978705e+06  0.000000e+00  0.000000e+00  7.175706e+07  0.000000e+00  0.000000e+00  9.449762e+06  8.359042e+06  7.577586e+06  7.183837e+06
8.682255e+04  7.967262e+06  0.000000e+00  0.000000e+00  7.165415e+07  0.000000e+00  0.000000e+00  9.428614e+06  8.339049e+06  7.558622e+06  7.165489e+06
8.691933e+04  7.955834e+06  0.000000e+00  0.000000e+00  7.155137e+07  0.000000e+00  0.000000e+00  9.407485e+06  8.319061e+06  7.539648e+06  7.147088e+06
8.701623e+04  7.944418e+06  0.000000e+00  0.000000e+00  7.144870e+07  0.000000e+00  0.000000e+00  9.386375e+06  8.299093e+06  7.520722e+06  7.129040e+06
8.711323e+04  7.933017e+06  0.000000e+00  0.000000e+00  7.134616e+07  0.000000e+00  0.000000e+00  9.365327e+06  8.279161e+06  7.501846e+06  7.110993e+06
8.721034e+04  7.921628e+06  0.000000e+00  0.000000e+00  7.124374e+07  0.000000e+00  0.000000e+00  9.344341e+06  8.259285e+06  7.483028e+06  7.093009e+06
8.730756e+04  7.910254e+06  0.000000e+00  0.000000e+00  7.114144e+07  0.000000e+00  0.000000e+00  9.323431e+06  8.239480e+06  7.464269e+06  7.075106e+06
8.740489e+04  7.898892e+06  0.000000e+00  0.000000e+00  7.103926e+07  0.000000e+00  0.000000e+00  9.302526e+06  8.219678e+06  7.445550e+06  7.057212e+06
8.750233e+04  7.887545e+06  0.000000e+00  0.000000e+00  7.093721e+07  0.000000e+00  0.000000e+00  9.281686e+06  8.199891e+06  7.426859e+06  7.039317e+06
8.759987e+04  7.876210e+06  0.000000e+00  0.000000e+00  7.083527e+07  0.000000e+00  0.000000e+00  9.260870e+06  8.180072e+06  7.408183e+06  7.021449e+06
8.769753e+04  7.864889e+06  0.000000e+00  0.000000e+00  7.073345e+07  0.000000e+00  0.000000e+00  9.240074e+06  8.160246e+06  7.389540e+06  7.003476e+06
8.779529e+04  7.853582e+06  0.000000e+00  0.000000e+00  7.063176e+07  0.000000e+00  0.000000e+00  9.219329e+06  8.140394e+06  7.370902e+06  6.985521e+06
8.789316e+04  7.842287e+06  0.000000e+00  0.000000e+00  7.053018e+07  0.000000e+00  0.000000e+00  9.198681e+06  8.120624e+06  7.352348e+06  6.967549e+06
8.799114e+04  7.831007e+06  0.000000e+00  0.000000e+00  7.042873e+07  0.000000e+00  0.000000e+00  9.178330e+06  8.101202e+06  7.334088e+06  6.949736e+06
8.808923e+04  7.819739e+06  0.000000e+00  0.000000e+00  7.032739e+07  0.000000e+00  0.000000e+00  9.155601e+06  8.079277e+06  7.313870e+06  6.930565e+06
8.818743e+04  7.808485e+06  0.000000e+00  0.000000e+00  7.022618e+07  0.000000e+00  0.000000e+00  9.132438e+06  8.057124e+06  7.293946e+06  6.911994e+06
8.828574e+04  7.797245e+06  0.000000e+00  0.000000e+00  7.012509e+07  0.000000e+00  0.000000e+00  9.112087e+06  8.038227e+06  7.276768e+06  6.895530e+06
8.838416e+04  7.786017e+06  0.000000e+00  0.000000e+00  7.002411e+07  0.000000e+00  0.000000e+00  9.091782e+06  8.019238e+06  7.259348e+06  6.878669e+06
8.848269e+04  7.774803e+06  0.000000e+00  0.000000e+00  6.992326e+07  0.000000e+00  0.000000e+00  9.072152e+06  8.000906e+06  7.242270e+06  6.861813e+06
8.858133e+04  7.763602e+06  0.000000e+00  0.000000e+00  6.982252e+07  0.000000e+00  0.000000e+00  9.052969e+06  7.982961e+06  7.225286e+06  6.844802e+06
8.868008e+04  7.752415e+06  0.000000e+00  0.000000e+00  6.972191e+07  0.000000e+00  0.000000e+00  9.033880e+06  7.965012e+06  7.208119e+06  6.827431e+06
8.877894e+04  7.741241e+06  0.000000e+00  0.000000e+00  6.962141e+07  0.000000e+00  0.000000e+00  9.014618e+06  7.946785e+06  7.190536e+06  6.809721e+06
8.887790e+04  7.730080e+06  0.000000e+00  0.000000e+00  6.952103e+07  0.000000e+00  0.000000e+00  8.994915e+06  7.927988e+06  7.172441e+06  6.791532e+06
8.897698e+04  7.718932e+06  0.000000e+00  0.000000e+00  6.942077e+07  0.000000e+00  0.000000e+00  8.974628e+06  7.908449e+06  7.153789e+06  6.773043e+06
8.907617e+04  7.707797e+06  0.000000e+00  0.000000e+00  6.932064e+07  0.000000e+00  0.000000e+00  8.951743e+06  7.886311e+06  7.133143e+06  6.752853e+06
8.917964e+04  7.696209e+06  0.000000e+00  0.000000e+00  6.921642e+07  0.000000e+00  0.000000e+00  8.930214e+06  7.865310e+06  7.113861e+06  6.734137e+06
8.928741e+04  7.684170e+06  0.000000e+00  0.000000e+00  6.910815e+07  0.000000e+00  0.000000e+00  8.909838e+06  7.845571e+06  7.095685e+06  6.716444e+06
8.939530e+04  7.672147e+06  0.000000e+00  0.000000e+00  6.900001e+07  0.000000e+00  0.000000e+00  8.886935e+06  7.823836e+06  7.075526e+06  6.696868e+06
8.950332e+04  7.660139e+06  0.000000e+00  0.000000e+00  6.889202e+07  0.000000e+00  0.000000e+00  8.863602e+06  7.801811e+06  7.055050e+06  6.677089e+06
8.961148e+04  7.648146e+06  0.000000e+00  0.000000e+00  6.878416e+07  0.000000e+00  0.000000e+00  8.840027e+06  7.779552e+06  7.034380e+06  6.657126e+06
8.971976e+04  7.636169e+06  0.000000e+00  0.000000e+00  6.867644e+07  0.000000e+00  0.000000e+00  8.816557e+06  7.757410e+06  7.013756e+06  6.637274e+06
8.982818e+04  7.624207e+06  0.000000e+00  0.000000e+00  6.856886e+07  0.000000e+00  0.000000e+00  8.793486e+06  7.735651e+06  6.993481e+06  6.617778e+06
8.993672e+04  7.612261e+06  0.000000e+00  0.000000e+00  6.846142e+07  0.000000e+00  0.000000e+00  8.771036e+06  7.714516e+06  6.973743e+06  6.598812e+06
9.004540e+04  7.600330e+06  0.000000e+00  0.000000e+00  6.835412e+07  0.000000e+00  0.000000e+00  8.749099e+06  7.693855e+06  6.954404e+06  6.580212e+06
9.015421e+04  7.588414e+06  0.000000e+00  0.000000e+00  6.824696e+07  0.000000e+00  0.000000e+00  8.727150e+06  7.673225e+06  6.935084e+06  6.561609e+06
9.026315e+04  7.576514e+06  0.000000e+00  0.000000e+00  6.813993e+07  0.000000e+00  0.000000e+00  8.705296e+06  7.652691e+06  6.915827e+06  6.542904e+06
9.037222e+04  7.564629e+06  0.000000e+00  0.000000e+00  6.803304e+07  0.000000e+00  0.000000e+00  8.682844e+06  7.631607e+06  6.896091e+06  6.523779e+06
9.048143e+04  7.552759e+06  0.000000e+00  0.000000e+00  6.792629e+07  0.000000e+00  0.000000e+00  8.660539e+06  7.610673e+06  6.876456e+06  6.504936e+06
9.059076e+04  7.540905e+06  0.000000e+00  0.000000e+00  6.781968e+07  0.000000e+00  0.000000e+00  8.638445e+06  7.589919e+06  6.857024e+06  6.486481e+06
9.070023e+04  7.529066e+06  0.000000e+00  0.000000e+00  6.771320e+07  0.000000e+00  0.000000e+00  8.616443e+06  7.569268e+06  6.837630e+06  6.468233e+06
9.080983e+04  7.517242e+06  0.000000e+00  0.000000e+00  6.760687e+07  0.000000e+00  0.000000e+00  8.594509e+06  7.548717e+06  6.818319e+06  6.450087e+06
9.091956e+04  7.505434e+06  0.000000e+00  0.000000e+00  6.750066e+07  0.000000e+00  0.000000e+00  8.572620e+06  7.528214e+06  6.799048e+06  6.432038e+06
9.102943e+04  7.493640e+06  0.000000e+00  0.000000e+00  6.739460e+07  0.000000e+00  0.000000e+00  8.550766e+06  7.507748e+06  6.779797e+06  6.413999e+06
9.113943e+04  7.481862e+06  0.000000e+00  0.000000e+00  6.728867e+07  0.000000e+00  0.000000e+00  8.528949e+06  7.487341e+06  6.760595e+06  6.396060e+06
9.124956e+04  7.470099e+06  0.000000e+00  0.000000e+00  6.718288e+07  0.000000e+00  0.000000e+00  8.507163e+06  7.466987e+06  6.741430e+06  6.378081e+06
9.135982e+04  7.458352e+06  0.000000e+00  0.000000e+00  6.707723e+07  0.000000e+00  0.000000e+00  8.485437e+06  7.446655e+06  6.722302e+06  6.360112e+06
9.147022e+04  7.446619e+06  0.000000e+00  0.000000e+00  6.697171e+07  0.000000e+00  0.000000e+00  8.463777e+06  7.426378e+06  6.703202e+06  6.342119e+06
9.158075e+04  7.434902e+06  0.000000e+00  0.000000e+00  6.686633e+07  0.000000e+00  0.000000e+00  8.442204e+06  7.406202e+06  6.684202e+06  6.324186e+06
9.169141e+04  7.423199e+06  0.000000e+00  0.000000e+00  6.676108e+07  0.000000e+00  0.000000e+00  8.420683e+06  7.386039e+06  6.665224e+06  6.306249e+06
9.180221e+04  7.411512e+06  0.000000e+00  0.000000e+00  6.665597e+07  0.000000e+00  0.000000e+00  8.399161e+06  7.365862e+06  6.646230e+06  6.288281e+06
9.191314e+04  7.399840e+06  0.000000e+00  0.000000e+00  6.655100e+07  0.000000e+00  0.000000e+00  8.377749e+06  7.345749e+06  6.627326e+06  6.270277e+06
9.202421e+04  7.388183e+06  0.000000e+00  0.000000e+00  6.644616e+07  0.000000e+00  0.000000e+00  8.356391e+06  7.325658e+06  6.608465e+06  6.252250e+06
9.213541e+04  7.376541e+06  0.000000e+00  0.000000e+00  6.634146e+07  0.000000e+00  0.000000e+00  8.335135e+06  7.305639e+06  6.589634e+06  6.234220e+06
9.224674e+04  7.364914e+06  0.000000e+00  0.000000e+00  6.623689e+07  0.000000e+00  0.000000e+00  8.313938e+06  7.285655e+06  6.570906e+06  6.216269e+06
9.235821e+04  7.353302e+06  0.000000e+00  0.000000e+00  6.613246e+07  0.000000e+00  0.000000e+00  8.292808e+06  7.265710e+06  6.552223e+06  6.198294e+06
9.246982e+04  7.341705e+06  0.000000e+00  0.000000e+00  6.602816e+07  0.000000e+00  0.000000e+00  8.271744e+06  7.245791e+06  6.533584e+06  6.180364e+06
9.258156e+04  7.330123e+06  0.000000e+00  0.000000e+00  6.592399e+07  0.000000e+00  0.000000e+00  8.250737e+06  7.225903e+06  6.514994e+06  6.162421e+06
9.269343e+04  7.318556e+06  0.000000e+00  0.000000e+00  6.581996e+07  0.000000e+00  0.000000e+00  8.229809e+06  7.206043e+06  6.496456e+06  6.144467e+06
9.280544e+04  7.307004e+06  0.000000e+00  0.000000e+00  6.571607e+07  0.000000e+00  0.000000e+00  8.208948e+06  7.186216e+06  6.477965e+06  6.126496e+06
9.291758e+04  7.295467e+06  0.000000e+00  0.000000e+00  6.561231e+07  0.000000e+00  0.000000e+00  8.188133e+06  7.166417e+06  6.459530e+06  6.108569e+06
9.302986e+04  7.283944e+06  0.000000e+00  0.000000e+00  6.550868e+07  0.000000e+00  0.000000e+00  8.167396e+06  7.146689e+06  6.441156e+06  6.090681e+06
9.314228e+04  7.272437e+06  0.000000e+00  0.000000e+00  6.540519e+07  0.000000e+00  0.000000e+00  8.146613e+06  7.126931e+06  6.422755e+06  6.072788e+06
9.325483e+04  7.260945e+06  0.000000e+00  0.000000e+00  6.530183e+07  0.000000e+00  0.000000e+00  8.125712e+06  7.107084e+06  6.404306e+06  6.054814e+06
9.336752e+04  7.249467e+06  0.000000e+00  0.000000e+00  6.519861e+07  0.000000e+00  0.000000e+00  8.105339e+06  7.087707e+06  6.386286e+06  6.037226e+06
9.348034e+04  7.238004e+06  0.000000e+00  0.000000e+00  6.509552e+07  0.000000e+00  0.000000e+00  8.085377e+06  7.068676e+06  6.368568e+06  6.019916e+06
9.359330e+04  7.226556e+06  0.000000e+00  0.000000e+00  6.499256e+07  0.000000e+00  0.000000e+00  8.065044e+06  7.049300e+06  6.350591e+06  6.002316e+06
9.370639e+04  7.215123e+06  0.000000e+00  0.000000e+00  6.488974e+07  0.000000e+00  0.000000e+00  8.044629e+06  7.029844e+06  6.332567e+06  5.984697e+06
9.381963e+04  7.203705e+06  0.000000e+00  0.000000e+00  6.478705e+07  0.000000e+00  0.000000e+00  8.024339e+06  7.010530e+06  6.314699e+06  5.967223e+06
9.393300e+04  7.192302e+06  0.000000e+00  0.000000e+00  6.468449e+07  0.000000e+00  0.000000e+00  8.004158e+06  6.991359e+06  6.296921e+06  5.949906e+06
9.404650e+04  7.180913e+06  0.000000e+00  0.000000e+00  6.458206e+07  0.000000e+00  0.000000e+00  7.984045e+06  6.972317e+06  6.279280e+06  5.932728e+06
9.416015e+04  7.169539e+06  0.000000e+00  0.000000e+00  6.447977e+07  0.000000e+00  0.000000e+00  7.963998e+06  6.953394e+06  6.261700e+06  5.915631e+06
9.427393e+04  7.158180e+06  0.000000e+00  0.000000e+00  6.437761e+07  0.000000e+00  0.000000e+00  7.943996e+06  6.934524e+06  6.244054e+06  5.898563e+06
9.438785e+04  7.146835e+06  0.000000e+00  0.000000e+00  6.427558e+07  0.000000e+00  0.000000e+00  7.924024e+06  6.915689e+06  6.226269e+06  5.881507e+06
9.450190e+04  7.135505e+06  0.000000e+00  0.000000e+00  6.417368e+07  0.000000e+00  0.000000e+00  7.904093e+06  6.896874e+06  6.208376e+06  5.864471e+06
9.461610e+04  7.124190e+06  0.000000e+00  0.000000e+00  6.407192e+07  0.000000e+00  0.000000e+00  7.884239e+06  6.878071e+06  6.190579e+06  5.847509e+06
9.473043e+04  7.112889e+06  0.000000e+00  0.000000e+00  6.397029e+07  0.000000e+00  0.000000e+00  7.864466e+06  6.859362e+06  6.172910e+06  5.830632e+06
9.484490e+04  7.101603e+06  0.000000e+00  0.000000e+00  6.386879e+07  0.000000e+00  0.000000e+00  7.844671e+06  6.840690e+06  6.155329e+06  5.813860e+06
9.495951e+04  7.090332e+06  0.000000e+00  0.000000e+00  6.376742e+07  0.000000e+00  0.000000e+00  7.824383e+06  6.822034e+06  6.137783e+06  5.797108e+06
9.507426e+04  7.079075e+06  0.000000e+00  0.000000e+00  6.366618e+07  0.000000e+00  0.000000e+00  7.803847e+06  6.803455e+06  6.120206e+06  5.780327e+06
9.518914e+04  7.067833e+06  0.000000e+00  0.000000e+00  6.356507e+07  0.000000e+00  0.000000e+00  7.784017e+06  6.785016e+06  6.102751e+06  5.763675e+06
9.530417e+04  7.056606e+06  0.000000e+00  0.000000e+00  6.346410e+07  0.000000e+00  0.000000e+00  7.764679e+06  6.766646e+06  6.085329e+06  5.747187e+06
9.541933e+04  7.045393e+06  0.000000e+00  0.000000e+00  6.336325e+07  0.000000e+00  0.000000e+00  7.745120e+06  6.748209e+06  6.067827e+06  5.730554e+06
9.553463e+04  7.034195e+06  0.000000e+00  0.000000e+00  6.326254e+07  0.000000e+00  0.000000e+00  7.725322e+06  6.729574e+06  6.050222e+06  5.713622e+06
9.565007e+04  7.023011e+06  0.000000e+00  0.000000e+00  6.316196e+07  0.000000e+00  0.000000e+00  7.705488e+06  6.710790e+06  6.032559e+06  5.696508e+06
9.576566e+04  7.011841e+06  0.000000e+00  0.000000e+00  6.306151e+07  0.000000e+00  0.000000e+00  7.685753e+06  6.692053e+06  6.014832e+06  5.679478e+06
9.588138e+04  7.000687e+06  0.000000e+00  0.000000e+00  6.296118e+07  0.000000e+00  0.000000e+00  7.666106e+06  6.673504e+06  5.997114e+06  5.662689e+06
9.599724e+04  6.989546e+06  0.000000e+00  0.000000e+00  6.286099e+07  0.000000e+00  0.000000e+00  7.646487e+06  6.655097e+06  5.979534e+06  5.646084e+06
9.611324e+04  6.978420e+06  0.000000e+00  0.000000e+00  6.276093e+07  0.000000e+00  0.000000e+00  7.626832e+06  6.636722e+06  5.962124e+06  5.629548e+06
9.622938e+04  6.967309e+06  0.000000e+00  0.000000e+00  6.266100e+07  0.000000e+00  0.000000e+00  7.607154e+06  6.618363e+06  5.944828e+06  5.612999e+06
9.634566e+04  6.956212e+06  0.000000e+00  0.000000e+00  6.256120e+07  0.000000e+00  0.000000e+00  7.587413e+06  6.599911e+06  5.927540e+06  5.596344e+06
9.646208e+04  6.945129e+06  0.000000e+00  0.000000e+00  6.246152e+07  0.000000e+00  0.000000e+00  7.567578e+06  6.581354e+06  5.910246e+06  5.579586e+06
9.657865e+04  6.934061e+06  0.000000e+00  0.000000e+00  6.236198e+07  0.000000e+00  0.000000e+00  7.547696e+06  6.562710e+06  5.892996e+06  5.562751e+06
9.669535e+04  6.923007e+06  0.000000e+00  0.000000e+00  6.226257e+07  0.000000e+00  0.000000e+00  7.527824e+06  6.544053e+06  5.875792e+06  5.545917e+06
9.681220e+04  6.911967e+06  0.000000e+00  0.000000e+00  6.216328e+07  0.000000e+00  0.000000e+00  7.507955e+06  6.525416e+06  5.858617e+06  5.529041e+06
9.692918e+04  6.900942e+06  0.000000e+00  0.000000e+00  6.206413e+07  0.000000e+00  0.000000e+00  7.488086e+06  6.506789e+06  5.841439e+06  5.512141e+06
9.704631e+04  6.889931e+06  0.000000e+00  0.000000e+00  6.196510e+07  0.000000e+00  0.000000e+00  7.468256e+06  6.488158e+06  5.824296e+06  5.495191e+06
9.716358e+04  6.878935e+06  0.000000e+00  0.000000e+00  6.186620e+07  0.000000e+00  0.000000e+00  7.448420e+06  6.469572e+06  5.807176e+06  5.478245e+06
9.728099e+04  6.867953e+06  0.000000e+00  0.000000e+00  6.176743e+07  0.000000e+00  0.000000e+00  7.428623e+06  6.451003e+06  5.790057e+06  5.461330e+06
9.739854e+04  6.856985e+06  0.000000e+00  0.000000e+00  6.166879e+07  0.000000e+00  0.000000e+00  7.408840e+06  6.432458e+06  5.772975e+06  5.444492e+06
9.751623e+04  6.846031e+06  0.000000e+00  0.000000e+00  6.157028e+07  0.000000e+00  0.000000e+00  7.389118e+06  6.413961e+06  5.755937e+06  5.427714e+06
9.763407e+04  6.835092e+06  0.000000e+00  0.000000e+00  6.147189e+07  0.000000e+00  0.000000e+00  7.369418e+06  6.395519e+06  5.738941e+06  5.411019e+06
9.775205e+04  6.824166e+06  0.000000e+00  0.000000e+00  6.137364e+07  0.000000e+00  0.000000e+00  7.349767e+06  6.377129e+06  5.721941e+06  5.394280e+06
9.787017e+04  6.813256e+06  0.000000e+00  0.000000e+00  6.127551e+07  0.000000e+00  0.000000e+00  7.330195e+06  6.358824e+06  5.704921e+06  5.377507e+06
9.798844e+04  6.802359e+06  0.000000e+00  0.000000e+00  6.117751e+07  0.000000e+00  0.000000e+00  7.310656e+06  6.340594e+06  5.687995e+06  5.360929e+06
9.810684e+04  6.791476e+06  0.000000e+00  0.000000e+00  6.107963e+07  0.000000e+00  0.000000e+00  7.291188e+06  6.322414e+06  5.671132e+06  5.344476e+06
9.822539e+04  6.780608e+06  0.000000e+00  0.000000e+00  6.098189e+07  0.000000e+00  0.000000e+00  7.271746e+06  6.304281e+06  5.654295e+06  5.328049e+06
9.834409e+04  6.769753e+06  0.000000e+00  0.000000e+00  6.088427e+07  0.000000e+00  0.000000e+00  7.252309e+06  6.286167e+06  5.637416e+06  5.311605e+06
9.846292e+04  6.758913e+06  0.000000e+00  0.000000e+00  6.078678e+07  0.000000e+00  0.000000e+00  7.232893e+06  6.268094e+06  5.620564e+06  5.295209e+06
9.858190e+04  6.748087e+06  0.000000e+00  0.000000e+00  6.068941e+07  0.000000e+00  0.000000e+00  7.213622e+06  6.250180e+06  5.603797e+06  5.278985e+06
9.870103e+04  6.737275e+06  0.000000e+00  0.000000e+00  6.059218e+07  0.000000e+00  0.000000e+00  7.194574e+06  6.232436e+06  5.587142e+06  5.262996e+06
9.882030e+04  6.726477e+06  0.000000e+00  0.000000e+00  6.049506e+07  0.000000e+00  0.000000e+00  7.175623e+06  6.214776e+06  5.570510e+06  5.247149e+06
9.893971e+04  6.715694e+06  0.000000e+00  0.000000e+00  6.039808e+07  0.000000e+00  0.000000e+00  7.156615e+06  6.197089e+06  5.553850e+06  5.231341e+06
9.905927e+04  6.704924e+06  0.000000e+00  0.000000e+00  6.030122e+07  0.000000e+00  0.000000e+00  7.137458e+06  6.179379e+06  5.537187e+06  5.215552e+06
9.917897e+04  6.694168e+06  0.000000e+00  0.000000e+00  6.020449e+07  0.000000e+00  0.000000e+00  7.118108e+06  6.161686e+06  5.520485e+06  5.199745e+06
9.929881e+04  6.683427e+06  0.000000e+00  0.000000e+00  6.010788e+07  0.000000e+00  0.000000e+00  7.098769e+06  6.144025e+06  5.503817e+06  5.183988e+06
9.941880e+04  6.672699e+06  0.000000e+00  0.000000e+00  6.001140e+07  0.000000e+00  0.000000e+00  7.079638e+06  6.126433e+06  5.487204e+06  5.168367e+06
9.953894e+04  6.661985e+06  0.000000e+00  0.000000e+00  5.991505e+07  0.000000e+00  0.000000e+00  7.060717e+06  6.108946e+06  5.470648e+06  5.152861e+06
9.965922e+04  6.651286e+06  0.000000e+00  0.000000e+00  5.981882e+07  0.000000e+00  0.000000e+00  7.041966e+06  6.091496e+06  5.454150e+06  5.137424e+06
9.977965e+04  6.640600e+06  0.000000e+00  0.000000e+00  5.972272e+07  0.000000e+00  0.000000e+00  7.023267e+06  6.074066e+06  5.437657e+06  5.122046e+06
9.990022e+04  6.629928e+06  0.000000e+00  0.000000e+00  5.962674e+07  0.000000e+00  0.000000e+00  7.004557e+06  6.056649e+06  5.421200e+06  5.106706e+06
1.000209e+05  6.619270e+06  0.000000e+00  0.000000e+00  5.953089e+07  0.000000e+00  0.000000e+00  6.985746e+06  6.039215e+06  5.404735e+06  5.091371e+06
1.001418e+05  6.608626e+06  0.000000e+00  0.000000e+00  5.943516e+07  0.000000e+00  0.000000e+00  6.966889e+06  6.021793e+06  5.388318e+06  5.076060e+06
1.002628e+05  6.597996e+06  0.000000e+00  0.000000e+00  5.933956e+07  0.000000e+00  0.000000e+00  6.948026e+06  6.004412e+06  5.371933e+06  5.060790e+06
1.003840e+05  6.587380e+06  0.000000e+00  0.000000e+00  5.924408e+07  0.000000e+00  0.000000e+00  6.929175e+06  5.986971e+06  5.355562e+06  5.045533e+06
1.005053e+05  6.576778e+06  0.000000e+00  0.000000e+00  5.914873e+07  0.000000e+00  0.000000e+00  6.910174e+06  5.969264e+06  5.338975e+06  5.030038e+06
1.006267e+05  6.566189e+06  0.000000e+00  0.000000e+00  5.905350e+07  0.000000e+00  0.000000e+00  6.891432e+06  5.951795e+06  5.322658e+06  5.014620e+06
1.007483e+05  6.555615e+06  0.000000e+00  0.000000e+00  5.895840e+07  0.000000e+00  0.000000e+00  6.872982e+06  5.934630e+06  5.306680e+06  4.999572e+06
1.008701e+05  6.545054e+06  0.000000e+00  0.000000e+00  5.886342e+07  0.000000e+00  0.000000e+00  6.854407e+06  5.917309e+06  5.290562e+06  4.984404e+06
1.009919e+05  6.534507e+06  0.000000e+00  0.000000e+00  5.876856e+07  0.000000e+00  0.000000e+00  6.835841e+06  5.899930e+06  5.274438e+06  4.969120e+06
1.011140e+05  6.523973e+06  0.000000e+00  0.000000e+00  5.867383e+07  0.000000e+00  0.000000e+00  6.817323e+06  5.882570e+06  5.258425e+06  4.953823e+06
1.012362e+05  6.513454e+06  0.000000e+00  0.000000e+00  5.857922e+07  0.000000e+00  0.000000e+00  6.798890e+06  5.865252e+06  5.242494e+06  4.938544e+06
1.013585e+05  6.502948e+06  0.000000e+00  0.000000e+00  5.848474e+07  0.000000e+00  0.000000e+00  6.780547e+06  5.847990e+06  5.226661e+06  4.923305e+06
1.014810e+05  6.492456e+06  0.000000e+00  0.000000e+00  5.839038e+07  0.000000e+00  0.000000e+00  6.762274e+06  5.830759e+06  5.210913e+06  4.908080e+06
1.016036e+05  6.481978e+06  0.000000e+00  0.000000e+00  5.829614e+07  0.000000e+00  0.000000e+00  6.744109e+06  5.813610e+06  5.195227e+06  4.892858e+06
1.017264e+05  6.471513e+06  0.000000e+00  0.000000e+00  5.820203e+07  0.000000e+00  0.000000e+00  6.726001e+06  5.796473e+06  5.179568e+06  4.877522e+06
1.018493e+05  6.461063e+06  0.000000e+00  0.000000e+00  5.810804e+07  0.000000e+00  0.000000e+00  6.707975e+06  5.779373e+06  5.163947e+06  4.862012e+06
1.019724e+05  6.450625e+06  0.000000e+00  0.000000e+00  5.801417e+07  0.000000e+00  0.000000e+00  6.689992e+06  5.762313e+06  5.148344e+06  4.846451e+06
1.020956e+05  6.440202e+06  0.000000e+00  0.000000e+00  5.792042e+07  0.000000e+00  0.000000e+00  6.672067e+06  5.745289e+06  5.132790e+06  4.831078e+06
1.022190e+05  6.429792e+06  0.000000e+00  0.000000e+00  5.782680e+07  0.000000e+00  0.000000e+00  6.654213e+06  5.728344e+06  5.117268e+06  4.815948e+06
1.023425e+05  6.419396e+06  0.000000e+00  0.000000e+00  5.773330e+07  0.000000e+00  0.000000e+00  6.636423e+06  5.711436e+06  5.101795e+06  4.800950e+06
1.024662e+05  6.409013e+06  0.000000e+00  0.000000e+00  5.763992e+07  0.000000e+00  0.000000e+00  6.618695e+06  5.694600e+06  5.086334e+06  4.786014e+06
1.025900e+05  6.398644e+06  0.000000e+00  0.000000e+00  5.754667e+07  0.000000e+00  0.000000e+00  6.601030e+06  5.677882e+06  5.070938e+06  4.770929e+06
1.027139e+05  6.388288e+06  0.000000e+00  0.000000e+00  5.745354e+07  0.000000e+00  0.000000e+00  6.583475e+06  5.661184e+06  5.055588e+06  4.755640e+06
1.028381e+05  6.377946e+06  0.000000e+00  0.000000e+00  5.736053e+07  0.000000e+00  0.000000e+00  6.565983e+06  5.644403e+06  5.040257e+06  4.740384e+06
1.029623e+05  6.367618e+06  0.000000e+00  0.000000e+00  5.726764e+07  0.000000e+00  0.000000e+00  6.548533e+06  5.627619e+06  5.024978e+06  4.725253e+06
1.030867e+05  6.357303e+06  0.000000e+00  0.000000e+00  5.717487e+07  0.000000e+00  0.000000e+00  6.531154e+06  5.611091e+06  5.009737e+06  4.710187e+06
1.032113e+05  6.347002e+06  0.000000e+00  0.000000e+00  5.708222e+07  0.000000e+00  0.000000e+00  6.513855e+06  5.594910e+06  4.994579e+06  4.695310e+06
1.033360e+05  6.336714e+06  0.000000e+00  0.000000e+00  5.698970e+07  0.000000e+00  0.000000e+00  6.496644e+06  5.578863e+06  4.979479e+06  4.680578e+06
1.034609e+05  6.326440e+06  0.000000e+00  0.000000e+00  5.689730e+07  0.000000e+00  0.000000e+00  6.479476e+06  5.562827e+06  4.964413e+06  4.665947e+06
1.035859e+05  6.316179e+06  0.000000e+00  0.000000e+00  5.680501e+07  0.000000e+00  0.000000e+00  6.462349e+06  5.546853e+06  4.949339e+06  4.651442e+06
1.037111e+05  6.305932e+06  0.000000e+00  0.000000e+00  5.671285e+07  0.000000e+00  0.000000e+00  6.445230e+06  5.530991e+06  4.934307e+06  4.637073e+06
1.038364e+05  6.295698e+06  0.000000e+00  0.000000e+00  5.662081e+07  0.000000e+00  0.000000e+00  6.428147e+06  5.515200e+06  4.919273e+06  4.622853e+06
1.039619e+05  6.285477e+06  0.000000e+00  0.000000e+00  5.652890e+07  0.000000e+00  0.000000e+00  6.411059e+06  5.499469e+06  4.904244e+06  4.608722e+06
1.040875e+05  6.275270e+06  0.000000e+00  0.000000e+00  5.643710e+07  0.000000e+00  0.000000e+00  6.393983e+06  5.483789e+06  4.889218e+06  4.594633e+06
1.042133e+05  6.265076e+06  0.000000e+00  0.000000e+00  5.634542e+07  0.000000e+00  0.000000e+00  6.376992e+06  5.468152e+06  4.874225e+06  4.580548e+06
1.043392e+05  6.254896e+06  0.000000e+00  0.000000e+00  5.625386e+07  0.000000e+00  0.000000e+00  6.360342e+06  5.452867e+06  4.859516e+06  4.566614e+06
1.044653e+05  6.244729e+06  0.000000e+00  0.000000e+00  5.616242e+07  0.000000e+00  0.000000e+00  6.341530e+06  5.435153e+06  4.843088e+06  4.551543e+06
1.045915e+05  6.234575e+06  0.000000e+00  0.000000e+00  5.607111e+07  0.000000e+00  0.000000e+00  6.322302e+06  5.417104e+06  4.826963e+06  4.537290e+06
1.047179e+05  6.224435e+06  0.000000e+00  0.000000e+00  5.597991e+07  0.000000e+00  0.000000e+00  6.306239e+06  5.402562e+06  4.813728e+06  4.525262e+06
1.048445e+05  6.214308e+06  0.000000e+00  0.000000e+00  5.588883e+07  0.000000e+00  0.000000e+00  6.290636e+06  5.388529e+06  4.800416e+06  4.512859e+06
1.049711e+05  6.204194e+06  0.000000e+00  0.000000e+00  5.579787e+07  0.000000e+00  0.000000e+00  6.275720e+06  5.375204e+06  4.787253e+06  4.500210e+06
1.050980e+05  6.194094e+06  0.000000e+00  0.000000e+00  5.570704e+07  0.000000e+00  0.000000e+00  6.260985e+06  5.361996e+06  4.773881e+06  4.486991e+06
1.052250e+05  6.184007e+06  0.000000e+00  0.000000e+00  5.561632e+07  0.000000e+00  0.000000e+00  6.245848e+06  5.348242e+06  4.759977e+06  4.473015e+06
1.053521e+05  6.173933e+06  0.000000e+00  0.000000e+00  5.552572e+07  0.000000e+00  0.000000e+00  6.229866e+06  5.333458e+06  4.745243e+06  4.458323e+06
1.054794e+05  6.163873e+06  0.000000e+00  0.000000e+00  5.543524e+07  0.000000e+00  0.000000e+00  6.212709e+06  5.317383e+06  4.729620e+06  4.443057e+06
1.056069e+05  6.153825e+06  0.000000e+00  0.000000e+00  5.534487e+07  0.000000e+00  0.000000e+00  6.194410e+06  5.300059e+06  4.713263e+06  4.427505e+06
1.057345e+05  6.143791e+06  0.000000e+00  0.000000e+00  5.525463e+07  0.000000e+00  0.000000e+00  6.175265e+06  5.281862e+06  4.696568e+06  4.412036e+06
1.058623e+05  6.133770e+06  0.000000e+00  0.000000e+00  5.516451e+07  0.000000e+00  0.000000e+00  6.154144e+06  5.262041e+06  4.678865e+06  4.395891e+06
1.059966e+05  6.123262e+06  0.000000e+00  0.000000e+00  5.507000e+07  0.000000e+00  0.000000e+00  6.135429e+06  5.244613e+06  4.663046e+06  4.381119e+06
1.061375e+05  6.112269e+06  0.000000e+00  0.000000e+00  5.497114e+07  0.000000e+00  0.000000e+00  6.117993e+06  5.228491e+06  4.647933e+06  4.366379e+06
1.062786e+05  6.101293e+06  0.000000e+00  0.000000e+00  5.487242e+07  0.000000e+00  0.000000e+00  6.097989e+06  5.210099e+06  4.630910e+06  4.349656e+06
1.064199e+05  6.090332e+06  0.000000e+00  0.000000e+00  5.477384e+07  0.000000e+00  0.000000e+00  6.077498e+06  5.191213e+06  4.613554e+06  4.332468e+06
1.065613e+05  6.079387e+06  0.000000e+00  0.000000e+00  5.467541e+07  0.000000e+00  0.000000e+00  6.057087e+06  5.172387e+06  4.596270e+06  4.315334e+06
1.067030e+05  6.068458e+06  0.000000e+00  0.000000e+00  5.457712e+07  0.000000e+00  0.000000e+00  6.037314e+06  5.154125e+06  4.579438e+06  4.298632e+06
1.068448e+05  6.057545e+06  0.000000e+00  0.000000e+00  5.447897e+07  0.000000e+00  0.000000e+00  6.018625e+06  5.136771e+06  4.563401e+06  4.282649e+06
1.069869e+05  6.046647e+06  0.000000e+00  0.000000e+00  5.438096e+07  0.000000e+00  0.000000e+00  6.001128e+06  5.120383e+06  4.548279e+06  4.267517e+06
1.071291e+05  6.035766e+06  0.000000e+00  0.000000e+00  5.428310e+07  0.000000e+00  0.000000e+00  5.984714e+06  5.104927e+06  4.533972e+06  4.253183e+06
1.072715e+05  6.024900e+06  0.000000e+00  0.000000e+00  5.418538e+07  0.000000e+00  0.000000e+00  5.968554e+06  5.089776e+06  4.519850e+06  4.239147e+06
1.074141e+05  6.014050e+06  0.000000e+00  0.000000e+00  5.408779e+07  0.000000e+00  0.000000e+00  5.953492e+06  5.075671e+06  4.506539e+06  4.225994e+06
1.075569e+05  6.003216e+06  0.000000e+00  0.000000e+00  5.399036e+07  0.000000e+00  0.000000e+00  5.937448e+06  5.060790e+06  4.492498e+06  4.212250e+06
1.076998e+05  5.992397e+06  0.000000e+00  0.000000e+00  5.389306e+07  0.000000e+00  0.000000e+00  5.918455e+06  5.043357e+06  4.476188e+06  4.196437e+06
1.078430e+05  5.981594e+06  0.000000e+00  0.000000e+00  5.379590e+07  0.000000e+00  0.000000e+00  5.900034e+06  5.026394e+06  4.460291e+06  4.181053e+06
1.079864e+05  5.970807e+06  0.000000e+00  0.000000e+00  5.369888e+07  0.000000e+00  0.000000e+00  5.881744e+06  5.009515e+06  4.444478e+06  4.165810e+06
1.081299e+05  5.960035e+06  0.000000e+00  0.000000e+00  5.360201e+07  0.000000e+00  0.000000e+00  5.863539e+06  4.992702e+06  4.428701e+06  4.150693e+06
1.082736e+05  5.949279e+06  0.000000e+00  0.000000e+00  5.350527e+07  0.000000e+00  0.000000e+00  5.845376e+06  4.975986e+06  4.412928e+06  4.135715e+06
1.084176e+05  5.938539e+06  0.000000e+00  0.000000e+00  5.340868e+07  0.000000e+00  0.000000e+00  5.827252e+06  4.959295e+06  4.397171e+06  4.120846e+06
1.085617e+05  5.927814e+06  0.000000e+00  0.000000e+00  5.331223e+07  0.000000e+00  0.000000e+00  5.809123e+06  4.942594e+06  4.381402e+06  4.106053e+06
1.087060e+05  5.917105e+06  0.000000e+00  0.000000e+00  5.321591e+07  0.000000e+00  0.000000e+00  5.790984e+06  4.925870e+06  4.365603e+06  4.091291e+06
1.088505e+05  5.906411e+06  0.000000e+00  0.000000e+00  5.311974e+07  0.000000e+00  0.000000e+00  5.772847e+06  4.909098e+06  4.349714e+06  4.076495e+06
1.089952e+05  5.895733e+06  0.000000e+00  0.000000e+00  5.302371e+07  0.000000e+00  0.000000e+00  5.754704e+06  4.892243e+06  4.333629e+06  4.061622e+06
1.091401e+05  5.885071e+06  0.000000e+00  0.000000e+00  5.292781e+07  0.000000e+00  0.000000e+00  5.736555e+06  4.875361e+06  4.317574e+06  4.046730e+06
1.092852e+05  5.874424e+06  0.000000e+00  0.000000e+00  5.283206e+07  0.000000e+00  0.000000e+00  5.718447e+06  4.858538e+06  4.301804e+06  4.031890e+06
1.094304e+05  5.863792e+06  0.000000e+00  0.000000e+00  5.273644e+07  0.000000e+00  0.000000e+00  5.700409e+06  4.841804e+06  4.286292e+06  4.017198e+06
1.095759e+05  5.853176e+06  0.000000e+00  0.000000e+00  5.264097e+07  0.000000e+00  0.000000e+00  5.682353e+06  4.825062e+06  4.270831e+06  4.002573e+06
1.097216e+05  5.842576e+06  0.000000e+00  0.000000e+00  5.254563e+07  0.000000e+00  0.000000e+00  5.664263e+06  4.808251e+06  4.255282e+06  3.987966e+06
1.098674e+05  5.831990e+06  0.000000e+00  0.000000e+00  5.245043e+07  0.000000e+00  0.000000e+00  5.646246e+06  4.791433e+06  4.239713e+06  3.973375e+06
1.100135e+05  5.821421e+06  0.000000e+00  0.000000e+00  5.235537e+07  0.000000e+00  0.000000e+00  5.628249e+06  4.774567e+06  4.224125e+06  3.958730e+06
1.101597e+05  5.810866e+06  0.000000e+00  0.000000e+00  5.226045e+07  0.000000e+00  0.000000e+00  5.610281e+06  4.757640e+06  4.208569e+06  3.943990e+06
1.103061e+05  5.800327e+06  0.000000e+00  0.000000e+00  5.216566e+07  0.000000e+00  0.000000e+00  5.592404e+06  4.740717e+06  4.193089e+06  3.929176e+06
1.104528e+05  5.789803e+06  0.000000e+00  0.000000e+00  5.207102e+07  0.000000e+00  0.000000e+00  5.574683e+06  4.723854e+06  4.177729e+06  3.914350e+06
1.105996e+05  5.779295e+06  0.000000e+00  0.000000e+00  5.197651e+07  0.000000e+00  0.000000e+00  5.556906e+06  4.707045e+06  4.162442e+06  3.899586e+06
1.107466e+05  5.768802e+06  0.000000e+00  0.000000e+00  5.188214e+07  0.000000e+00  0.000000e+00  5.538480e+06  4.690283e+06  4.147202e+06  3.884811e+06
1.108938e+05  5.758324e+06  0.000000e+00  0.000000e+00  5.178791e+07  0.000000e+00  0.000000e+00  5.519970e+06  4.673589e+06  4.132032e+06  3.870032e+06
1.110412e+05  5.747862e+06  0.000000e+00  0.000000e+00  5.169381e+07  0.000000e+00  0.000000e+00  5.502425e+06  4.657052e+06  4.117086e+06  3.855436e+06
1.111888e+05  5.737414e+06  0.000000e+00  0.000000e+00  5.159985e+07  0.000000e+00  0.000000e+00  5.485228e+06  4.640619e+06  4.102276e+06  3.840978e+06
1.113366e+05  5.726982e+06  0.000000e+00  0.000000e+00  5.150603e+07  0.000000e+00  0.000000e+00  5.467858e+06  4.624230e+06  4.087507e+06  3.826543e+06
1.114846e+05  5.716566e+06  0.000000e+00  0.000000e+00  5.141235e+07  0.000000e+00  0.000000e+00  5.450484e+06  4.607957e+06  4.072822e+06  3.812145e+06
1.116328e+05  5.706164e+06  0.000000e+00  0.000000e+00  5.131880e+07  0.000000e+00  0.000000e+00  5.433272e+06  4.591768e+06  4.058215e+06  3.797862e+06
1.117812e+05  5.695778e+06  0.000000e+00  0.000000e+00  5.122539e+07  0.000000e+00  0.000000e+00  5.416096e+06  4.575560e+06  4.043568e+06  3.783569e+06
1.119298e+05  5.685406e+06  0.000000e+00  0.000000e+00  5.113212e+07  0.000000e+00  0.000000e+00  5.399376e+06  4.559707e+06  4.029173e+06  3.769565e+06
1.120786e+05  5.675050e+06  0.000000e+00  0.000000e+00  5.103898e+07  0.000000e+00  0.000000e+00  5.383186e+06  4.544329e+06  4.015133e+06  3.755924e+06
1.122276e+05  5.664709e+06  0.000000e+00  0.000000e+00  5.094597e+07  0.000000e+00  0.000000e+00  5.366792e+06  4.528839e+06  4.000943e+06  3.742135e+06
1.123768e+05  5.654383e+06  0.000000e+00  0.000000e+00  5.085311e+07  0.000000e+00  0.000000e+00  5.350209e+06  4.513262e+06  3.986594e+06  3.728240e+06
1.125262e+05  5.644073e+06  0.000000e+00  0.000000e+00  5.076038e+07  0.000000e+00  0.000000e+00  5.333789e+06  4.497879e+06  3.972358e+06  3.714486e+06
1.126757e+05  5.633777e+06  0.000000e+00  0.000000e+00  5.066778e+07  0.000000e+00  0.000000e+00  5.317452e+06  4.482639e+06  3.958170e+06  3.700846e+06
1.128255e+05  5.623496e+06  0.000000e+00  0.000000e+00  5.057532e+07  0.000000e+00  0.000000e+00  5.301217e+06  4.467489e+06  3.944030e+06  3.687307e+06
1.129755e+05  5.613230e+06  0.000000e+00  0.000000e+00  5.048300e+07  0.000000e+00  0.000000e+00  5.285051e+06  4.452451e+06  3.929933e+06  3.673867e+06
1.131257e+05  5.602980e+06  0.000000e+00  0.000000e+00  5.039081e+07  0.000000e+00  0.000000e+00  5.268938e+06  4.437477e+06  3.915840e+06  3.660459e+06
1.132761e+05  5.592744e+06  0.000000e+00  0.000000e+00  5.029875e+07  0.000000e+00  0.000000e+00  5.252845e+06  4.422537e+06  3.901699e+06  3.647039e+06
1.134266e+05  5.582523e+06  0.000000e+00  0.000000e+00  5.020683e+07  0.000000e+00  0.000000e+00  5.236795e+06  4.407634e+06  3.887492e+06  3.633602e+06
1.135774e+05  5.572318e+06  0.000000e+00  0.000000e+00  5.011504e+07  0.000000e+00  0.000000e+00  5.220760e+06  4.392758e+06  3.873275e+06  3.620203e+06
1.137284e+05  5.562127e+06  0.000000e+00  0.000000e+00  5.002339e+07  0.000000e+00  0.000000e+00  5.204741e+06  4.377929e+06  3.859082e+06  3.606858e+06
1.138796e+05  5.551951e+06  0.000000e+00  0.000000e+00  4.993187e+07  0.000000e+00  0.000000e+00  5.188748e+06  4.363170e+06  3.844973e+06  3.593567e+06
1.140310e+05  5.541790e+06  0.000000e+00  0.000000e+00  4.984049e+07  0.000000e+00  0.000000e+00  5.172778e+06  4.348453e+06  3.830932e+06  3.580227e+06
1.141825e+05  5.531644e+06  0.000000e+00  0.000000e+00  4.974924e+07  0.000000e+00  0.000000e+00  5.156806e+06  4.333762e+06  3.816922e+06  3.566748e+06
1.143343e+05  5.521512e+06  0.000000e+00  0.000000e+00  4.965812e+07  0.000000e+00  0.000000e+00  5.140843e+06  4.319062e+06  3.802932e+06  3.553213e+06
1.144863e+05  5.511396e+06  0.000000e+00  0.000000e+00  4.956714e+07  0.000000e+00  0.000000e+00  5.124869e+06  4.304341e+06  3.788936e+06  3.539709e+06
1.146385e+05  5.501294e+06  0.000000e+00  0.000000e+00  4.947629e+07  0.000000e+00  0.000000e+00  5.108906e+06  4.289596e+06  3.774872e+06  3.526203e+06
1.147909e+05  5.491207e+06  0.000000e+00  0.000000e+00  4.938557e+07  0.000000e+00  0.000000e+00  5.092916e+06  4.274880e+06  3.760870e+06  3.512715e+06
1.149435e+05  5.481135e+06  0.000000e+00  0.000000e+00  4.929499e+07  0.000000e+00  0.000000e+00  5.076901e+06  4.260201e+06  3.746935e+06  3.499242e+06
1.150963e+05  5.471078e+06  0.000000e+00  0.000000e+00  4.920454e+07  0.000000e+00  0.000000e+00  5.060889e+06  4.245551e+06  3.733047e+06  3.485764e+06
1.152493e+05  5.461036e+06  0.000000e+00  0.000000e+00  4.911422e+07  0.000000e+00  0.000000e+00  5.044862e+06  4.230878e+06  3.719256e+06  3.472318e+06
1.154025e+05  5.451008e+06  0.000000e+00  0.000000e+00  4.902404e+07  0.000000e+00  0.000000e+00  5.028853e+06  4.216166e+06  3.705558e+06  3.458905e+06
1.155559e+05  5.440995e+06  0.000000e+00  0.000000e+00  4.893398e+07  0.000000e+00  0.000000e+00  5.012886e+06  4.201439e+06  3.691843e+06  3.445468e+06
1.157095e+05  5.430996e+06  0.000000e+00  0.000000e+00  4.884406e+07  0.000000e+00  0.000000e+00  4.996902e+06  4.186666e+06  3.677952e+06  3.431933e+06
1.158633e+05  5.421013e+06  0.000000e+00  0.000000e+00  4.875427e+07  0.000000e+00  0.000000e+00  4.980885e+06  4.171874e+06  3.663959e+06  3.418288e+06
1.160173e+05  5.411044e+06  0.000000e+00  0.000000e+00  4.866461e+07  0.000000e+00  0.000000e+00  4.964895e+06  4.157137e+06  3.650078e+06  3.404654e+06
1.161715e+05  5.401089e+06  0.000000e+00  0.000000e+00  4.857509e+07  0.000000e+00  0.000000e+00  4.948944e+06  4.142462e+06  3.636396e+06  3.391078e+06
1.163259e+05  5.391149e+06  0.000000e+00  0.000000e+00  4.848569e+07  0.000000e+00  0.000000e+00  4.933014e+06  4.127837e+06  3.622849e+06  3.377577e+06
1.164806e+05  5.381224e+06  0.000000e+00  0.000000e+00  4.839643e+07  0.000000e+00  0.000000e+00  4.917121e+06  4.113247e+06  3.609336e+06  3.364113e+06
1.166354e+05  5.371314e+06  0.000000e+00  0.000000e+00  4.830730e+07  0.000000e+00  0.000000e+00  4.901334e+06  4.098706e+06  3.595833e+06  3.350697e+06
1.167905e+05  5.361418e+06  0.000000e+00  0.000000e+00  4.821830e+07  0.000000e+00  0.000000e+00  4.885644e+06  4.084251e+06  3.582270e+06  3.337335e+06
1.169457e+05  5.351536e+06  0.000000e+00  0.000000e+00  4.812943e+07  0.000000e+00  0.000000e+00  4.869992e+06  4.069859e+06  3.568682e+06  3.324065e+06
1.171012e+05  5.341669e+06  0.000000e+00  0.000000e+00  4.804069e+07  0.000000e+00  0.000000e+00  4.854332e+06  4.055555e+06  3.555116e+06  3.310896e+06
1.172568e+05  5.331817e+06  0.000000e+00  0.000000e+00  4.795208e+07  0.000000e+00  0.000000e+00  4.838659e+06  4.041274e+06  3.541643e+06  3.297736e+06
1.174127e+05  5.321979e+06  0.000000e+00  0.000000e+00  4.786360e+07  0.000000e+00  0.000000e+00  4.822959e+06  4.026839e+06  3.528294e+06  3.284392e+06
1.175688e+05  5.312155e+06  0.000000e+00  0.000000e+00  4.777525e+07  0.000000e+00  0.000000e+00  4.807245e+06  4.012225e+06  3.514988e+06  3.270891e+06
1.177251e+05  5.302346e+06  0.000000e+00  0.000000e+00  4.768704e+07  0.000000e+00  0.000000e+00  4.791559e+06  3.997616e+06  3.501705e+06  3.257484e+06
1.178815e+05  5.292552e+06  0.000000e+00  0.000000e+00  4.759895e+07  0.000000e+00  0.000000e+00  4.775969e+06  3.983248e+06  3.488435e+06  3.244402e+06
1.180382e+05  5.282771e+06  0.000000e+00  0.000000e+00  4.751099e+07  0.000000e+00  0.000000e+00  4.760476e+06  3.968986e+06  3.475139e+06  3.231576e+06
1.181952e+05  5.273006e+06  0.000000e+00  0.000000e+00  4.742316e+07  0.000000e+00  0.000000e+00  4.744912e+06  3.954376e+06  3.461664e+06  3.218731e+06
1.183523e+05  5.263254e+06  0.000000e+00  0.000000e+00  4.733546e+07  0.000000e+00  0.000000e+00  4.729211e+06  3.939423e+06  3.447984e+06  3.205499e+06
1.185096e+05  5.253517e+06  0.000000e+00  0.000000e+00  4.724789e+07  0.000000e+00  0.000000e+00  4.713704e+06  3.924886e+06  3.434538e+06  3.192355e+06
1.186671e+05  5.243795e+06  0.000000e+00  0.000000e+00  4.716045e+07  0.000000e+00  0.000000e+00  4.698280e+06  3.910638e+06  3.421235e+06  3.179558e+06
1.188249e+05  5.234086e+06  0.000000e+00  0.000000e+00  4.707314e+07  0.000000e+00  0.000000e+00  4.682774e+06  3.896215e+06  3.407816e+06  3.166778e+06
1.189828e+05  5.224392e+06  0.000000e+00  0.000000e+00  4.698595e+07  0.000000e+00  0.000000e+00  4.667286e+06  3.881871e+06  3.394444e+06  3.154197e+06
1.191410e+05  5.214713e+06  0.000000e+00  0.000000e+00  4.689890e+07  0.000000e+00  0.000000e+00  4.651852e+06  3.867628e+06  3.381127e+06  3.141820e+06
1.192994e+05  5.205047e+06  0.000000e+00  0.000000e+00  4.681197e+07  0.000000e+00  0.000000e+00  4.636409e+06  3.853413e+06  3.367825e+06  3.129537e+06
1.194579e+05  5.195396e+06  0.000000e+00  0.000000e+00  4.672517e+07  0.000000e+00  0.000000e+00  4.620947e+06  3.839151e+06  3.354532e+06  3.117277e+06
1.196167e+05  5.185759e+06  0.000000e+00  0.000000e+00  4.663850e+07  0.000000e+00  0.000000e+00  4.605554e+06  3.824925e+06  3.341318e+06  3.105061e+06
1.197757e+05  5.176136e+06  0.000000e+00  0.000000e+00  4.655196e+07  0.000000e+00  0.000000e+00  4.590194e+06  3.810720e+06  3.328156e+06  3.092849e+06
1.199350e+05  5.166528e+06  0.000000e+00  0.000000e+00  4.646554e+07  0.000000e+00  0.000000e+00  4.574747e+06  3.796442e+06  3.314981e+06  3.080572e+06
1.200944e+05  5.156934e+06  0.000000e+00  0.000000e+00  4.637926e+07  0.000000e+00  0.000000e+00  4.559220e+06  3.782118e+06  3.301801e+06  3.068250e+06
1.202540e+05  5.147353e+06  0.000000e+00  0.000000e+00  4.629310e+07  0.000000e+00  0.000000e+00  4.543722e+06  3.767805e+06  3.288660e+06  3.055943e+06
1.204139e+05  5.137787e+06  0.000000e+00  0.000000e+00  4.620707e+07  0.000000e+00  0.000000e+00  4.528221e+06  3.753511e+06  3.275586e+06  3.043618e+06
1.205740e+05  5.128236e+06  0.000000e+00  0.000000e+00  4.612116e+07  0.000000e+00  0.000000e+00  4.512757e+06  3.739223e+06  3.262546e+06  3.031255e+06
1.207342e+05  5.118698e+06  0.000000e+00  0.000000e+00  4.603538e+07  0.000000e+00  0.000000e+00  4.497328e+06  3.724977e+06  3.249561e+06  3.018882e+06
1.208947e+05  5.109174e+06  0.000000e+00  0.000000e+00  4.594973e+07  0.000000e+00  0.000000e+00  4.481945e+06  3.710777e+06  3.236652e+06  3.006541e+06
1.210554e+05  5.099665e+06  0.000000e+00  0.000000e+00  4.586421e+07  0.000000e+00  0.000000e+00  4.466635e+06  3.696634e+06  3.223803e+06  2.994313e+06
1.212164e+05  5.090169e+06  0.000000e+00  0.000000e+00  4.577881e+07  0.000000e+00  0.000000e+00  4.451374e+06  3.682536e+06  3.211010e+06  2.982040e+06
1.213775e+05  5.080688e+06  0.000000e+00  0.000000e+00  4.569354e+07  0.000000e+00  0.000000e+00  4.436184e+06  3.668504e+06  3.198281e+06  2.969658e+06
1.215388e+05  5.071221e+06  0.000000e+00  0.000000e+00  4.560839e+07  0.000000e+00  0.000000e+00  4.421070e+06  3.654556e+06  3.185582e+06  2.957335e+06
1.217004e+05  5.061767e+06  0.000000e+00  0.000000e+00  4.552337e+07  0.000000e+00  0.000000e+00  4.406046e+06  3.640719e+06  3.172922e+06  2.945090e+06
1.218622e+05  5.052328e+06  0.000000e+00  0.000000e+00  4.543848e+07  0.000000e+00  0.000000e+00  4.391140e+06  3.627039e+06  3.160308e+06  2.932923e+06
1.220242e+05  5.042902e+06  0.000000e+00  0.000000e+00  4.535371e+07  0.000000e+00  0.000000e+00  4.376382e+06  3.613523e+06  3.147789e+06  2.920885e+06
1.221864e+05  5.033491e+06  0.000000e+00  0.000000e+00  4.526907e+07  0.000000e+00  0.000000e+00  4.361793e+06  3.600158e+06  3.135337e+06  2.908939e+06
1.223488e+05  5.024094e+06  0.000000e+00  0.000000e+00  4.518455e+07  0.000000e+00  0.000000e+00  4.347336e+06  3.586861e+06  3.122918e+06  2.896970e+06
1.225114e+05  5.014710e+06  0.000000e+00  0.000000e+00  4.510016e+07  0.000000e+00  0.000000e+00  4.333044e+06  3.573627e+06  3.110533e+06  2.884941e+06
1.226743e+05  5.005340e+06  0.000000e+00  0.000000e+00  4.501589e+07  0.000000e+00  0.000000e+00  4.318827e+06  3.560477e+06  3.098172e+06  2.872859e+06
1.228373e+05  4.995985e+06  0.000000e+00  0.000000e+00  4.493175e+07  0.000000e+00  0.000000e+00  4.304530e+06  3.547410e+06  3.085856e+06  2.860809e+06
1.230006e+05  4.986643e+06  0.000000e+00  0.000000e+00  4.484773e+07  0.000000e+00  0.000000e+00  4.290083e+06  3.534431e+06  3.073528e+06  2.848877e+06
1.231641e+05  4.977315e+06  0.000000e+00  0.000000e+00  4.476384e+07  0.000000e+00  0.000000e+00  4.275715e+06  3.521537e+06  3.061152e+06  2.837036e+06
1.233279e+05  4.968001e+06  0.000000e+00  0.000000e+00  4.468007e+07  0.000000e+00  0.000000e+00  4.261665e+06  3.508761e+06  3.048733e+06  2.825282e+06
1.234918e+05  4.958700e+06  0.000000e+00  0.000000e+00  4.459643e+07  0.000000e+00  0.000000e+00  4.247953e+06  3.496124e+06  3.036507e+06  2.813644e+06
1.236560e+05  4.949414e+06  0.000000e+00  0.000000e+00  4.451291e+07  0.000000e+00  0.000000e+00  4.234659e+06  3.483834e+06  3.024642e+06  2.802198e+06
1.238203e+05  4.940141e+06  0.000000e+00  0.000000e+00  4.442952e+07  0.000000e+00  0.000000e+00  4.219430e+06  3.469564e+06  3.011479e+06  2.790069e+06
1.239849e+05  4.930882e+06  0.000000e+00  0.000000e+00  4.434625e+07  0.000000e+00  0.000000e+00  4.204713e+06  3.456092e+06  2.999284e+06  2.779080e+06
1.241497e+05  4.921637e+06  0.000000e+00  0.000000e+00  4.426310e+07  0.000000e+00  0.000000e+00  4.193575e+06  3.446481e+06  2.989794e+06  2.769692e+06
1.243148e+05  4.912405e+06  0.000000e+00  0.000000e+00  4.418007e+07  0.000000e+00  0.000000e+00  4.182659e+06  3.436979e+06  2.979986e+06  2.759477e+06
1.244800e+05  4.903188e+06  0.000000e+00  0.000000e+00  4.409717e+07  0.000000e+00  0.000000e+00  4.171863e+06  3.427376e+06  2.969840e+06  2.748640e+06
1.246455e+05  4.893984e+06  0.000000e+00  0.000000e+00  4.401440e+07  0.000000e+00  0.000000e+00  4.160475e+06  3.416926e+06  2.958896e+06  2.737053e+06
1.248112e+05  4.884793e+06  0.000000e+00  0.000000e+00  4.393174e+07  0.000000e+00  0.000000e+00  4.147894e+06  3.405048e+06  2.946897e+06  2.724828e+06
1.249771e+05  4.875617e+06  0.000000e+00  0.000000e+00  4.384921e+07  0.000000e+00  0.000000e+00  4.133846e+06  3.391567e+06  2.933895e+06  2.712196e+06
1.251432e+05  4.866454e+06  0.000000e+00  0.000000e+00  4.376680e+07  0.000000e+00  0.000000e+00  4.118460e+06  3.376717e+06  2.920243e+06  2.699511e+06
1.253096e+05  4.857304e+06  0.000000e+00  0.000000e+00  4.368452e+07  0.000000e+00  0.000000e+00  4.102288e+06  3.361123e+06  2.906531e+06  2.687186e+06
1.254762e+05  4.848168e+06  0.000000e+00  0.000000e+00  4.360235e+07  0.000000e+00  0.000000e+00  4.086123e+06  3.345652e+06  2.893369e+06  2.675569e+06
1.256430e+05  4.839046e+06  0.000000e+00  0.000000e+00  4.352031e+07  0.000000e+00  0.000000e+00  4.070756e+06  3.331137e+06  2.881173e+06  2.664809e+06
1.258100e+05  4.829938e+06  0.000000e+00  0.000000e+00  4.343840e+07  0.000000e+00  0.000000e+00  4.055582e+06  3.317199e+06  2.869340e+06  2.654077e+06
1.259865e+05  4.820337e+06  0.000000e+00  0.000000e+00  4.335205e+07  0.000000e+00  0.000000e+00  4.040882e+06  3.303678e+06  2.857297e+06  2.642529e+06
1.261726e+05  4.810249e+06  0.000000e+00  0.000000e+00  4.326132e+07  0.000000e+00  0.000000e+00  4.024502e+06  3.288470e+06  2.843497e+06  2.629079e+06
1.263590e+05  4.800176e+06  0.000000e+00  0.000000e+00  4.317074e+07  0.000000e+00  0.000000e+00  4.006404e+06  3.271868e+06  2.828502e+06  2.614412e+06
1.265456e+05  4.790121e+06  0.000000e+00  0.000000e+00  4.308030e+07  0.000000e+00  0.000000e+00  3.988724e+06  3.255588e+06  2.813627e+06  2.599951e+06
1.267325e+05  4.780082e+06  0.000000e+00  0.000000e+00  4.299002e+07  0.000000e+00  0.000000e+00  3.972206e+06  3.240290e+06  2.799284e+06  2.586204e+06
1.269197e+05  4.770060e+06  0.000000e+00  0.000000e+00  4.289988e+07  0.000000e+00  0.000000e+00  3.957311e+06  3.226345e+06  2.785920e+06  2.573429e+06
1.271072e+05  4.760055e+06  0.000000e+00  0.000000e+00  4.280990e+07  0.000000e+00  0.000000e+00  3.943962e+06  3.213678e+06  2.773715e+06  2.561459e+06
1.272950e+05  4.750066e+06  0.000000e+00  0.000000e+00  4.272006e+07  0.000000e+00  0.000000e+00  3.931626e+06  3.201901e+06  2.762368e+06  2.550039e+06
1.274830e+05  4.740093e+06  0.000000e+00  0.000000e+00  4.263037e+07  0.000000e+00  0.000000e+00  3.919464e+06  3.190395e+06  2.751302e+06  2.539058e+06
1.276713e+05  4.730138e+06  0.000000e+00  0.000000e+00  4.254084e+07  0.000000e+00  0.000000e+00  3.906659e+06  3.178498e+06  2.739877e+06  2.528077e+06
1.278599e+05  4.720198e+06  0.000000e+00  0.000000e+00  4.245145e+07  0.000000e+00  0.000000e+00  3.891983e+06  3.165183e+06  2.727134e+06  2.515983e+06
1.280487e+05  4.710276e+06  0.000000e+00  0.000000e+00  4.236221e+07  0.000000e+00  0.000000e+00  3.878950e+06  3.153275e+06  2.715431e+06  2.504780e+06
1.282379e+05  4.700369e+06  0.000000e+00  0.000000e+00  4.227311e+07  0.000000e+00  0.000000e+00  3.867184e+06  3.142399e+06  2.704511e+06  2.494210e+06
1.284273e+05  4.690479e+06  0.000000e+00  0.000000e+00  4.218417e+07  0.000000e+00  0.000000e+00  3.853085e+06  3.129611e+06  2.691931e+06  2.482092e+06
1.286170e+05  4.680606e+06  0.000000e+00  0.000000e+00  4.209537e+07  0.000000e+00  0.000000e+00  3.838896e+06  3.116997e+06  2.679607e+06  2.470178e+06
1.288070e+05  4.670749e+06  0.000000e+00  0.000000e+00  4.200672e+07  0.000000e+00  0.000000e+00  3.823980e+06  3.104108e+06  2.667300e+06  2.458026e+06
1.289973e+05  4.660909e+06  0.000000e+00  0.000000e+00  4.191822e+07  0.000000e+00  0.000000e+00  3.809762e+06  3.090993e+06  2.655091e+06  2.445759e+06
1.291878e+05  4.651084e+06  0.000000e+00  0.000000e+00  4.182986e+07  0.000000e+00  0.000000e+00  3.796396e+06  3.077890e+06  2.642976e+06  2.433779e+06
1.293786e+05  4.641276e+06  0.000000e+00  0.000000e+00  4.174166e+07  0.000000e+00  0.000000e+00  3.782762e+06  3.064912e+06  2.630809e+06  2.421997e+06
1.295697e+05  4.631485e+06  0.000000e+00  0.000000e+00  4.165360e+07  0.000000e+00  0.000000e+00  3.768940e+06  3.052048e+06  2.618579e+06  2.410273e+06
1.297611e+05  4.621710e+06  0.000000e+00  0.000000e+00  4.156568e+07  0.000000e+00  0.000000e+00  3.754995e+06  3.039236e+06  2.606300e+06  2.398499e+06
1.299528e+05  4.611951e+06  0.000000e+00  0.000000e+00  4.147791e+07  0.000000e+00  0.000000e+00  3.740837e+06  3.026322e+06  2.593957e+06  2.386511e+06
1.301447e+05  4.602208e+06  0.000000e+00  0.000000e+00  4.139029e+07  0.000000e+00  0.000000e+00  3.726465e+06  3.013205e+06  2.581565e+06  2.374282e+06
1.303370e+05  4.592481e+06  0.000000e+00  0.000000e+00  4.130282e+07  0.000000e+00  0.000000e+00  3.711954e+06  2.999902e+06  2.569131e+06  2.361908e+06
1.305295e+05  4.582771e+06  0.000000e+00  0.000000e+00  4.121549e+07  0.000000e+00  0.000000e+00  3.697416e+06  2.986542e+06  2.556706e+06  2.349627e+06
1.307223e+05  4.573077e+06  0.000000e+00  0.000000e+00  4.112830e+07  0.000000e+00  0.000000e+00  3.682942e+06  2.973299e+06  2.544334e+06  2.337592e+06
1.309154e+05  4.563399e+06  0.000000e+00  0.000000e+00  4.104126e+07  0.000000e+00  0.000000e+00  3.668533e+06  2.960219e+06  2.532037e+06  2.325783e+06
1.311088e+05  4.553737e+06  0.000000e+00  0.000000e+00  4.095437e+07  0.000000e+00  0.000000e+00  3.654055e+06  2.947171e+06  2.519779e+06  2.314030e+06
1.313024e+05  4.544092e+06  0.000000e+00  0.000000e+00  4.086762e+07  0.000000e+00  0.000000e+00  3.639460e+06  2.934035e+06  2.507539e+06  2.302219e+06
1.314964e+05  4.534462e+06  0.000000e+00  0.000000e+00  4.078102e+07  0.000000e+00  0.000000e+00  3.624812e+06  2.920809e+06  2.495359e+06  2.290396e+06
1.316906e+05  4.524849e+06  0.000000e+00  0.000000e+00  4.069456e+07  0.000000e+00  0.000000e+00  3.610102e+06  2.907476e+06  2.483202e+06  2.278569e+06
1.318851e+05  4.515251e+06  0.000000e+00  0.000000e+00  4.060824e+07  0.000000e+00  0.000000e+00  3.595303e+06  2.894058e+06  2.471061e+06  2.266763e+06
1.320799e+05  4.505670e+06  0.000000e+00  0.000000e+00  4.052207e+07  0.000000e+00  0.000000e+00  3.580474e+06  2.880551e+06  2.458919e+06  2.254965e+06
1.322750e+05  4.496105e+06  0.000000e+00  0.000000e+00  4.043604e+07  0.000000e+00  0.000000e+00  3.565626e+06  2.866991e+06  2.446775e+06  2.243176e+06
1.324704e+05  4.486555e+06  0.000000e+00  0.000000e+00  4.035016e+07  0.000000e+00  0.000000e+00  3.550792e+06  2.853380e+06  2.434625e+06  2.231441e+06
1.326661e+05  4.477022e+06  0.000000e+00  0.000000e+00  4.026442e+07  0.000000e+00  0.000000e+00  3.536007e+06  2.839761e+06  2.422465e+06  2.219799e+06
1.328621e+05  4.467504e+06  0.000000e+00  0.000000e+00  4.017882e+07  0.000000e+00  0.000000e+00  3.521308e+06  2.826174e+06  2.410340e+06  2.208259e+06
1.330583e+05  4.458003e+06  0.000000e+00  0.000000e+00  4.009337e+07  0.000000e+00  0.000000e+00  3.506698e+06  2.812641e+06  2.398223e+06  2.196844e+06
1.332548e+05  4.448517e+06  0.000000e+00  0.000000e+00  4.000806e+07  0.000000e+00  0.000000e+00  3.492204e+06  2.799175e+06  2.386166e+06  2.185582e+06
1.334517e+05  4.439047e+06  0.000000e+00  0.000000e+00  3.992290e+07  0.000000e+00  0.000000e+00  3.477822e+06  2.785781e+06  2.374161e+06  2.174444e+06
1.336488e+05  4.429593e+06  0.000000e+00  0.000000e+00  3.983787e+07  0.000000e+00  0.000000e+00  3.463551e+06  2.772467e+06  2.362197e+06  2.163387e+06
1.338462e+05  4.420155e+06  0.000000e+00  0.000000e+00  3.975299e+07  0.000000e+00  0.000000e+00  3.449428e+06  2.759258e+06  2.350199e+06  2.152246e+06
1.340439e+05  4.410733e+06  0.000000e+00  0.000000e+00  3.966825e+07  0.000000e+00  0.000000e+00  3.435457e+06  2.746198e+06  2.338146e+06  2.141069e+06
1.342419e+05  4.401327e+06  0.000000e+00  0.000000e+00  3.958365e+07  0.000000e+00  0.000000e+00  3.421526e+06  2.733218e+06  2.326028e+06  2.129989e+06
1.344402e+05  4.391936e+06  0.000000e+00  0.000000e+00  3.949920e+07  0.000000e+00  0.000000e+00  3.407866e+06  2.720487e+06  2.314036e+06  2.119125e+06
1.346388e+05  4.382561e+06  0.000000e+00  0.000000e+00  3.941488e+07  0.000000e+00  0.000000e+00  3.394734e+06  2.708216e+06  2.302362e+06  2.108566e+06
1.348377e+05  4.373202e+06  0.000000e+00  0.000000e+00  3.933071e+07  0.000000e+00  0.000000e+00  3.381681e+06  2.695989e+06  2.290726e+06  2.097928e+06
1.350368e+05  4.363858e+06  0.000000e+00  0.000000e+00  3.924668e+07  0.000000e+00  0.000000e+00  3.368583e+06  2.683556e+06  2.278999e+06  2.087042e+06
1.352363e+05  4.354531e+06  0.000000e+00  0.000000e+00  3.916279e+07  0.000000e+00  0.000000e+00  3.355584e+06  2.671101e+06  2.267370e+06  2.076053e+06
1.354361e+05  4.345218e+06  0.000000e+00  0.000000e+00  3.907904e+07  0.000000e+00  0.000000e+00  3.342406e+06  2.658961e+06  2.255792e+06  2.064999e+06
1.356361e+05  4.335922e+06  0.000000e+00  0.000000e+00  3.899543e+07  0.000000e+00  0.000000e+00  3.329102e+06  2.647169e+06  2.244297e+06  2.053947e+06
1.358365e+05  4.326641e+06  0.000000e+00  0.000000e+00  3.891196e+07  0.000000e+00  0.000000e+00  3.315941e+06  2.635333e+06  2.232889e+06  2.042882e+06
1.360371e+05  4.317376e+06  0.000000e+00  0.000000e+00  3.882863e+07  0.000000e+00  0.000000e+00  3.303083e+06  2.623405e+06  2.221615e+06  2.031841e+06
1.362380e+05  4.308126e+06  0.000000e+00  0.000000e+00  3.874544e+07  0.000000e+00  0.000000e+00  3.290486e+06  2.611544e+06  2.210498e+06  2.020898e+06
1.364393e+05  4.298892e+06  0.000000e+00  0.000000e+00  3.866240e+07  0.000000e+00  0.000000e+00  3.278097e+06  2.599876e+06  2.199565e+06  2.010071e+06
1.366408e+05  4.289673e+06  0.000000e+00  0.000000e+00  3.857949e+07  0.000000e+00  0.000000e+00  3.265808e+06  2.588410e+06  2.188795e+06  1.999350e+06
1.368427e+05  4.280470e+06  0.000000e+00  0.000000e+00  3.849672e+07  0.000000e+00  0.000000e+00  3.253468e+06  2.577111e+06  2.178145e+06  1.988704e+06
1.370448e+05  4.271283e+06  0.000000e+00  0.000000e+00  3.841409e+07  0.000000e+00  0.000000e+00  3.240967e+06  2.565841e+06  2.167560e+06  1.978074e+06
1.372472e+05  4.262110e+06  0.000000e+00  0.000000e+00  3.833160e+07  0.000000e+00  0.000000e+00  3.228420e+06  2.554487e+06  2.157037e+06  1.967450e+06
1.374499e+05  4.252954e+06  0.000000e+00  0.000000e+00  3.824925e+07  0.000000e+00  0.000000e+00  3.216059e+06  2.543061e+06  2.146579e+06  1.956861e+06
1.376530e+05  4.243812e+06  0.000000e+00  0.000000e+00  3.816704e+07  0.000000e+00  0.000000e+00  3.203956e+06  2.531637e+06  2.136055e+06  1.946306e+06
1.378563e+05  4.234687e+06  0.000000e+00  0.000000e+00  3.808496e+07  0.000000e+00  0.000000e+00  3.192114e+06  2.520298e+06  2.125421e+06  1.935779e+06
1.380599e+05  4.225576e+06  0.000000e+00  0.000000e+00  3.800303e+07  0.000000e+00  0.000000e+00  3.180403e+06  2.509063e+06  2.114867e+06  1.925289e+06
1.382639e+05  4.216481e+06  0.000000e+00  0.000000e+00  3.792123e+07  0.000000e+00  0.000000e+00  3.168673e+06  2.497930e+06  2.104396e+06  1.914870e+06
1.384681e+05  4.207401e+06  0.000000e+00  0.000000e+00  3.783957e+07  0.000000e+00  0.000000e+00  3.156864e+06  2.486900e+06  2.093870e+06  1.904573e+06
1.386726e+05  4.198337e+06  0.000000e+00  0.000000e+00  3.775805e+07  0.000000e+00  0.000000e+00  3.144967e+06  2.475984e+06  2.083423e+06  1.894449e+06
1.388775e+05  4.189288e+06  0.000000e+00  0.000000e+00  3.767666e+07  0.000000e+00  0.000000e+00  3.132898e+06  2.465027e+06  2.073231e+06  1.884492e+06
1.390826e+05  4.180254e+06  0.000000e+00  0.000000e+00  3.759542e+07  0.000000e+00  0.000000e+00  3.120682e+06  2.453942e+06  2.063062e+06  1.874425e+06
1.392880e+05  4.171235e+06  0.000000e+00  0.000000e+00  3.751431e+07  0.000000e+00  0.000000e+00  3.108638e+06  2.443085e+06  2.052982e+06  1.864517e+06
1.394938e+05  4.162232e+06  0.000000e+00  0.000000e+00  3.743334e+07  0.000000e+00  0.000000e+00  3.096748e+06  2.432472e+06  2.042883e+06  1.854965e+06
1.396998e+05  4.153244e+06  0.000000e+00  0.000000e+00  3.735250e+07  0.000000e+00  0.000000e+00  3.084791e+06  2.421834e+06  2.032556e+06  1.845402e+06
1.399062e+05  4.144271e+06  0.000000e+00  0.000000e+00  3.727180e+07  0.000000e+00  0.000000e+00  3.072806e+06  2.411233e+06  2.022169e+06  1.835869e+06
1.401128e+05  4.135313e+06  0.000000e+00  0.000000e+00  3.719124e+07  0.000000e+00  0.000000e+00  3.060732e+06  2.400466e+06  2.011803e+06  1.826105e+06
1.403198e+05  4.126371e+06  0.000000e+00  0.000000e+00  3.711081e+07  0.000000e+00  0.000000e+00  3.048584e+06  2.389342e+06  2.001492e+06  1.815870e+06
1.405271e+05  4.117443e+06  0.000000e+00  0.000000e+00  3.703052e+07  0.000000e+00  0.000000e+00  3.036420e+06  2.377987e+06  1.991233e+06  1.805198e+06
1.407346e+05  4.108531e+06  0.000000e+00  0.000000e+00  3.695037e+07  0.000000e+00  0.000000e+00  3.024254e+06  2.366615e+06  1.980966e+06  1.794411e+06
1.409425e+05  4.099634e+06  0.000000e+00  0.000000e+00  3.687035e+07  0.000000e+00  0.000000e+00  3.012143e+06  2.355384e+06  1.970668e+06  1.783997e+06
1.411507e+05  4.090751e+06  0.000000e+00  0.000000e+00  3.679047e+07  0.000000e+00  0.000000e+00  3.000106e+06  2.344313e+06  1.960310e+06  1.774125e+06
1.413592e+05  4.081884e+06  0.000000e+00  0.000000e+00  3.671072e+07  0.000000e+00  0.000000e+00  2.988145e+06  2.333355e+06  1.949889e+06  1.764534e+06
1.415680e+05  4.073032e+06  0.000000e+00  0.000000e+00  3.663111e+07  0.000000e+00  0.000000e+00  2.976206e+06  2.322365e+06  1.939397e+06  1.754878e+06
1.417771e+05  4.064195e+06  0.000000e+00  0.000000e+00  3.655163e+07  0.000000e+00  0.000000e+00  2.964260e+06  2.311219e+06  1.928802e+06  1.744904e+06
1.419865e+05  4.055373e+06  0.000000e+00  0.000000e+00  3.647229e+07  0.000000e+00  0.000000e+00  2.952279e+06  2.299878e+06  1.918163e+06  1.734587e+06
1.421963e+05  4.046566e+06  0.000000e+00  0.000000e+00  3.639309e+07  0.000000e+00  0.000000e+00  2.940284e+06  2.288480e+06  1.907541e+06  1.724170e+06
1.424063e+05  4.037774e+06  0.000000e+00  0.000000e+00  3.631401e+07  0.000000e+00  0.000000e+00  2.928270e+06  2.277167e+06  1.897008e+06  1.713927e+06
1.426166e+05  4.028997e+06  0.000000e+00  0.000000e+00  3.623507e+07  0.000000e+00  0.000000e+00  2.916229e+06  2.266016e+06  1.886571e+06  1.704039e+06
1.428273e+05  4.020234e+06  0.000000e+00  0.000000e+00  3.615627e+07  0.000000e+00  0.000000e+00  2.904163e+06  2.254996e+06  1.876247e+06  1.694470e+06
1.430383e+05  4.011487e+06  0.000000e+00  0.000000e+00  3.607760e+07  0.000000e+00  0.000000e+00  2.892051e+06  2.244009e+06  1.866011e+06  1.685003e+06
1.432496e+05  4.002754e+06  0.000000e+00  0.000000e+00  3.599906e+07  0.000000e+00  0.000000e+00  2.879895e+06  2.232987e+06  1.855822e+06  1.675348e+06
1.434611e+05  3.994037e+06  0.000000e+00  0.000000e+00  3.592066e+07  0.000000e+00  0.000000e+00  2.867696e+06  2.221927e+06  1.845645e+06  1.665408e+06
1.436731e+05  3.985334e+06  0.000000e+00  0.000000e+00  3.584239e+07  0.000000e+00  0.000000e+00  2.855482e+06  2.210839e+06  1.835499e+06  1.655335e+06
1.438853e+05  3.976646e+06  0.000000e+00  0.000000e+00  3.576425e+07  0.000000e+00  0.000000e+00  2.843251e+06  2.199733e+06  1.825376e+06  1.645170e+06
1.440978e+05  3.967972e+06  0.000000e+00  0.000000e+00  3.568625e+07  0.000000e+00  0.000000e+00  2.831047e+06  2.188645e+06  1.815300e+06  1.635050e+06
1.443107e+05  3.959314e+06  0.000000e+00  0.000000e+00  3.560838e+07  0.000000e+00  0.000000e+00  2.818835e+06  2.177548e+06  1.805253e+06  1.625027e+06
1.445238e+05  3.950670e+06  0.000000e+00  0.000000e+00  3.553064e+07  0.000000e+00  0.000000e+00  2.806562e+06  2.166392e+06  1.795185e+06  1.615088e+06
1.447373e+05  3.942041e+06  0.000000e+00  0.000000e+00  3.545303e+07  0.000000e+00  0.000000e+00  2.794221e+06  2.155210e+06  1.785138e+06  1.605246e+06
1.449511e+05  3.933427e+06  0.000000e+00  0.000000e+00  3.537556e+07  0.000000e+00  0.000000e+00  2.781904e+06  2.144064e+06  1.775121e+06  1.595517e+06
1.451652e+05  3.924827e+06  0.000000e+00  0.000000e+00  3.529822e+07  0.000000e+00  0.000000e+00  2.769638e+06  2.133022e+06  1.765158e+06  1.585936e+06
1.453796e+05  3.916242e+06  0.000000e+00  0.000000e+00  3.522101e+07  0.000000e+00  0.000000e+00  2.757463e+06  2.122143e+06  1.755271e+06  1.576545e+06
1.455944e+05  3.907672e+06  0.000000e+00  0.000000e+00  3.514393e+07  0.000000e+00  0.000000e+00  2.745466e+06  2.111470e+06  1.745489e+06  1.567396e+06
1.458094e+05  3.899116e+06  0.000000e+00  0.000000e+00  3.506698e+07  0.000000e+00  0.000000e+00  2.733693e+06  2.101037e+06  1.735846e+06  1.558485e+06
1.460248e+05  3.890575e+06  0.000000e+00  0.000000e+00  3.499017e+07  0.000000e+00  0.000000e+00  2.722056e+06  2.090731e+06  1.726272e+06  1.549669e+06
1.462405e+05  3.882048e+06  0.000000e+00  0.000000e+00  3.491349e+07  0.000000e+00  0.000000e+00  2.710480e+06  2.080446e+06  1.716679e+06  1.540835e+06
1.464565e+05  3.873537e+06  0.000000e+00  0.000000e+00  3.483693e+07  0.000000e+00  0.000000e+00  2.699137e+06  2.070354e+06  1.707173e+06  1.532037e+06
1.466728e+05  3.865039e+06  0.000000e+00  0.000000e+00  3.476051e+07  0.000000e+00  0.000000e+00  2.686744e+06  2.059218e+06  1.697130e+06  1.523106e+06
1.468895e+05  3.856556e+06  0.000000e+00  0.000000e+00  3.468422e+07  0.000000e+00  0.000000e+00  2.677154e+06  2.050949e+06  1.689048e+06  1.515425e+06
1.471065e+05  3.848088e+06  0.000000e+00  0.000000e+00  3.460806e+07  0.000000e+00  0.000000e+00  2.671164e+06  2.046055e+06  1.682559e+06  1.507968e+06
1.473237e+05  3.839634e+06  0.000000e+00  0.000000e+00  3.453203e+07  0.000000e+00  0.000000e+00  2.662794e+06  2.038464e+06  1.673944e+06  1.498822e+06
1.475414e+05  3.831195e+06  0.000000e+00  0.000000e+00  3.445613e+07  0.000000e+00  0.000000e+00  2.651922e+06  2.028111e+06  1.663710e+06  1.488843e+06
1.477593e+05  3.822770e+06  0.000000e+00  0.000000e+00  3.438036e+07  0.000000e+00  0.000000e+00  2.638751e+06  2.015375e+06  1.652475e+06  1.478728e+06
1.479776e+05  3.814359e+06  0.000000e+00  0.000000e+00  3.430472e+07  0.000000e+00  0.000000e+00  2.624436e+06  2.001704e+06  1.641340e+06  1.469197e+06
1.481961e+05  3.805963e+06  0.000000e+00  0.000000e+00  3.422920e+07  0.000000e+00  0.000000e+00  2.610666e+06  1.988942e+06  1.631357e+06  1.460712e+06
1.484150e+05  3.797581e+06  0.000000e+00  0.000000e+00  3.415382e+07  0.000000e+00  0.000000e+00  2.599053e+06  1.978500e+06  1.623058e+06  1.453221e+06
1.486343e+05  3.789214e+06  0.000000e+00  0.000000e+00  3.407857e+07  0.000000e+00  0.000000e+00  2.590346e+06  1.970717e+06  1.616021e+06  1.446132e+06
1.488538e+05  3.780861e+06  0.000000e+00  0.000000e+00  3.400345e+07  0.000000e+00  0.000000e+00  2.583694e+06  1.964695e+06  1.609205e+06  1.438636e+06
1.490737e+05  3.772522e+06  0.000000e+00  0.000000e+00  3.392845e+07  0.000000e+00  0.000000e+00  2.576841e+06  1.958661e+06  1.601734e+06  1.430062e+06
1.492939e+05  3.764198e+06  0.000000e+00  0.000000e+00  3.385359e+07  0.000000e+00  0.000000e+00  2.568580e+06  1.950908e+06  1.593107e+06  1.420297e+06
1.495144e+05  3.755888e+06  0.000000e+00  0.000000e+00  3.377885e+07  0.000000e+00  0.000000e+00  2.557600e+06  1.939870e+06  1.582447e+06  1.409324e+06
1.497515e+05  3.746982e+06  0.000000e+00  0.000000e+00  3.369876e+07  0.000000e+00  0.000000e+00  2.543960e+06  1.926897e+06  1.570723e+06  1.397967e+06
1.500053e+05  3.737485e+06  0.000000e+00  0.000000e+00  3.361334e+07  0.000000e+00  0.000000e+00  2.529392e+06  1.914061e+06  1.558944e+06  1.386434e+06
1.502595e+05  3.728007e+06  0.000000e+00  0.000000e+00  3.352810e+07  0.000000e+00  0.000000e+00  2.515973e+06  1.902279e+06  1.547993e+06  1.375716e+06
1.505141e+05  3.718547e+06  0.000000e+00  0.000000e+00  3.344302e+07  0.000000e+00  0.000000e+00  2.505602e+06  1.892757e+06  1.538882e+06  1.366746e+06
1.507691e+05  3.709106e+06  0.000000e+00  0.000000e+00  3.335812e+07  0.000000e+00  0.000000e+00  2.497341e+06  1.884722e+06  1.530983e+06  1.358978e+06
1.510246e+05  3.699684e+06  0.000000e+00  0.000000e+00  3.327337e+07  0.000000e+00  0.000000e+00  2.488994e+06  1.876615e+06  1.523014e+06  1.351331e+06
1.512805e+05  3.690280e+06  0.000000e+00  0.000000e+00  3.318880e+07  0.000000e+00  0.000000e+00  2.478451e+06  1.867013e+06  1.513742e+06  1.342717e+06
1.515369e+05  3.680895e+06  0.000000e+00  0.000000e+00  3.310440e+07  0.000000e+00  0.000000e+00  2.464886e+06  1.855194e+06  1.502722e+06  1.332415e+06
1.517936e+05  3.671528e+06  0.000000e+00  0.000000e+00  3.302016e+07  0.000000e+00  0.000000e+00  2.449263e+06  1.841546e+06  1.490624e+06  1.320599e+06
1.520509e+05  3.662180e+06  0.000000e+00  0.000000e+00  3.293608e+07  0.000000e+00  0.000000e+00  2.433759e+06  1.827959e+06  1.478723e+06  1.308992e+06
1.523085e+05  3.652851e+06  0.000000e+00  0.000000e+00  3.285218e+07  0.000000e+00  0.000000e+00  2.420325e+06  1.816208e+06  1.468215e+06  1.298967e+06
1.525666e+05  3.643539e+06  0.000000e+00  0.000000e+00  3.276844e+07  0.000000e+00  0.000000e+00  2.408423e+06  1.805715e+06  1.458735e+06  1.289881e+06
1.528251e+05  3.634247e+06  0.000000e+00  0.000000e+00  3.268486e+07  0.000000e+00  0.000000e+00  2.396038e+06  1.794898e+06  1.448987e+06  1.280571e+06
1.530841e+05  3.624972e+06  0.000000e+00  0.000000e+00  3.260145e+07  0.000000e+00  0.000000e+00  2.382457e+06  1.783210e+06  1.438498e+06  1.270723e+06
1.533435e+05  3.615716e+06  0.000000e+00  0.000000e+00  3.251821e+07  0.000000e+00  0.000000e+00  2.369446e+06  1.771959e+06  1.428283e+06  1.261308e+06
1.536033e+05  3.606479e+06  0.000000e+00  0.000000e+00  3.243513e+07  0.000000e+00  0.000000e+00  2.356619e+06  1.760565e+06  1.418099e+06  1.252027e+06
1.538636e+05  3.597260e+06  0.000000e+00  0.000000e+00  3.235222e+07  0.000000e+00  0.000000e+00  2.343930e+06  1.748993e+06  1.407917e+06  1.242665e+06
1.541243e+05  3.588059e+06  0.000000e+00  0.000000e+00  3.226947e+07  0.000000e+00  0.000000e+00  2.331427e+06  1.737891e+06  1.397876e+06  1.233152e+06
1.543855e+05  3.578876e+06  0.000000e+00  0.000000e+00  3.218688e+07  0.000000e+00  0.000000e+00  2.319181e+06  1.727223e+06  1.387843e+06  1.223446e+06
1.546471e+05  3.569711e+06  0.000000e+00  0.000000e+00  3.210446e+07  0.000000e+00  0.000000e+00  2.307236e+06  1.716639e+06  1.377735e+06  1.213856e+06
1.549092e+05  3.560565e+06  0.000000e+00  0.000000e+00  3.202220e+07  0.000000e+00  0.000000e+00  2.295554e+06  1.706096e+06  1.367888e+06  1.204776e+06
1.551717e+05  3.551437e+06  0.000000e+00  0.000000e+00  3.194011e+07  0.000000e+00  0.000000e+00  2.284108e+06  1.695599e+06  1.358492e+06  1.196086e+06
1.554346e+05  3.542327e+06  0.000000e+00  0.000000e+00  3.185817e+07  0.000000e+00  0.000000e+00  2.272823e+06  1.685181e+06  1.349301e+06  1.187508e+06
1.556980e+05  3.533235e+06  0.000000e+00  0.000000e+00  3.177641e+07  0.000000e+00  0.000000e+00  2.261682e+06  1.674944e+06  1.340188e+06  1.178898e+06
1.559618e+05  3.524161e+06  0.000000e+00  0.000000e+00  3.169480e+07  0.000000e+00  0.000000e+00  2.250702e+06  1.664996e+06  1.331097e+06  1.170103e+06
1.562261e+05  3.515105e+06  0.000000e+00  0.000000e+00  3.161336e+07  0.000000e+00  0.000000e+00  2.239921e+06  1.655354e+06  1.321959e+06  1.161160e+06
1.564908e+05  3.506068e+06  0.000000e+00  0.000000e+00  3.153208e+07  0.000000e+00  0.000000e+00  2.229297e+06  1.645891e+06  1.312809e+06  1.152211e+06
1.567560e+05  3.497048e+06  0.000000e+00  0.000000e+00  3.145096e+07  0.000000e+00  0.000000e+00  2.218866e+06  1.636538e+06  1.303778e+06  1.143377e+06
1.570216e+05  3.488046e+06  0.000000e+00  0.000000e+00  3.137000e+07  0.000000e+00  0.000000e+00  2.208576e+06  1.627182e+06  1.294959e+06  1.134797e+06
1.572877e+05  3.479063e+06  0.000000e+00  0.000000e+00  3.128920e+07  0.000000e+00  0.000000e+00  2.198346e+06  1.617824e+06  1.286281e+06  1.126331e+06
1.575542e+05  3.470097e+06  0.000000e+00  0.000000e+00  3.120857e+07  0.000000e+00  0.000000e+00  2.188240e+06  1.608538e+06  1.277703e+06  1.117850e+06
1.578212e+05  3.461149e+06  0.000000e+00  0.000000e+00  3.112809e+07  0.000000e+00  0.000000e+00  2.178220e+06  1.599328e+06  1.269076e+06  1.109213e+06
1.580886e+05  3.452219e+06  0.000000e+00  0.000000e+00  3.104778e+07  0.000000e+00  0.000000e+00  2.168283e+06  1.590198e+06  1.260362e+06  1.100432e+06
1.583565e+05  3.443306e+06  0.000000e+00  0.000000e+00  3.096763e+07  0.000000e+00  0.000000e+00  2.158448e+06  1.581147e+06  1.251628e+06  1.091612e+06
1.586248e+05  3.434412e+06  0.000000e+00  0.000000e+00  3.088763e+07  0.000000e+00  0.000000e+00  2.148719e+06  1.572180e+06  1.242914e+06  1.082820e+06
1.588936e+05  3.425535e+06  0.000000e+00  0.000000e+00  3.080780e+07  0.000000e+00  0.000000e+00  2.139075e+06  1.563281e+06  1.234279e+06  1.074079e+06
1.591629e+05  3.416676e+06  0.000000e+00  0.000000e+00  3.072812e+07  0.000000e+00  0.000000e+00  2.129526e+06  1.554416e+06  1.225699e+06  1.065465e+06
1.594326e+05  3.407835e+06  0.000000e+00  0.000000e+00  3.064861e+07  0.000000e+00  0.000000e+00  2.120044e+06  1.545603e+06  1.217175e+06  1.056970e+06
1.597027e+05  3.399011e+06  0.000000e+00  0.000000e+00  3.056926e+07  0.000000e+00  0.000000e+00  2.110634e+06  1.536816e+06  1.208723e+06  1.048614e+06
1.599734e+05  3.390205e+06  0.000000e+00  0.000000e+00  3.049006e+07  0.000000e+00  0.000000e+00  2.101328e+06  1.528071e+06  1.200359e+06  1.040425e+06
1.602444e+05  3.381417e+06  0.000000e+00  0.000000e+00  3.041102e+07  0.000000e+00  0.000000e+00  2.092177e+06  1.519377e+06  1.192049e+06  1.032424e+06
1.605160e+05  3.372647e+06  0.000000e+00  0.000000e+00  3.033214e+07  0.000000e+00  0.000000e+00  2.083123e+06  1.510730e+06  1.183896e+06  1.024603e+06
1.607880e+05  3.363894e+06  0.000000e+00  0.000000e+00  3.025342e+07  0.000000e+00  0.000000e+00  2.073765e+06  1.502090e+06  1.175805e+06  1.016844e+06
1.610604e+05  3.355158e+06  0.000000e+00  0.000000e+00  3.017486e+07  0.000000e+00  0.000000e+00  2.063743e+06  1.493395e+06  1.167718e+06  1.009135e+06
1.613334e+05  3.346440e+06  0.000000e+00  0.000000e+00  3.009645e+07  0.000000e+00  0.000000e+00  2.053609e+06  1.484686e+06  1.159633e+06  1.001433e+06
1.616067e+05  3.337740e+06  0.000000e+00  0.000000e+00  3.001820e+07  0.000000e+00  0.000000e+00  2.043505e+06  1.475841e+06  1.151471e+06  9.936192e+05
1.618806e+05  3.329057e+06  0.000000e+00  0.000000e+00  2.994011e+07  0.000000e+00  0.000000e+00  2.033418e+06  1.467042e+06  1.143368e+06  9.858031e+05
1.621549e+05  3.320391e+06  0.000000e+00  0.000000e+00  2.986218e+07  0.000000e+00  0.000000e+00  2.023452e+06  1.458395e+06  1.135420e+06  9.780574e+05
1.624297e+05  3.311743e+06  0.000000e+00  0.000000e+00  2.978440e+07  0.000000e+00  0.000000e+00  2.013254e+06  1.449602e+06  1.127381e+06  9.701490e+05
1.627049e+05  3.303112e+06  0.000000e+00  0.000000e+00  2.970678e+07  0.000000e+00  0.000000e+00  2.002858e+06  1.440681e+06  1.119274e+06  9.621927e+05
1.629806e+05  3.294499e+06  0.000000e+00  0.000000e+00  2.962932e+07  0.000000e+00  0.000000e+00  1.992270e+06  1.431559e+06  1.110991e+06  9.542211e+05
1.632568e+05  3.285903e+06  0.000000e+00  0.000000e+00  2.955201e+07  0.000000e+00  0.000000e+00  1.981588e+06  1.422412e+06  1.102702e+06  9.461611e+05
1.635334e+05  3.277324e+06  0.000000e+00  0.000000e+00  2.947485e+07  0.000000e+00  0.000000e+00  1.970955e+06  1.413399e+06  1.094527e+06  9.381004e+05
1.638105e+05  3.268763e+06  0.000000e+00  0.000000e+00  2.939786e+07  0.000000e+00  0.000000e+00  1.960073e+06  1.404119e+06  1.086107e+06  9.299471e+05
1.640881e+05  3.260219e+06  0.000000e+00  0.000000e+00  2.932101e+07  0.000000e+00  0.000000e+00  1.949069e+06  1.394704e+06  1.077577e+06  9.216818e+05
1.643662e+05  3.251692e+06  0.000000e+00  0.000000e+00  2.924433e+07  0.000000e+00  0.000000e+00  1.938007e+06  1.385211e+06  1.069003e+06  9.133823e+05
1.646447e+05  3.243182e+06  0.000000e+00  0.000000e+00  2.916779e+07  0.000000e+00  0.000000e+00  1.926949e+06  1.375698e+06  1.060428e+06  9.051245e+05
1.649237e+05  3.234689e+06  0.000000e+00  0.000000e+00  2.909141e+07  0.000000e+00  0.000000e+00  1.915916e+06  1.366187e+06  1.051875e+06  8.969517e+05
1.652031e+05  3.226214e+06  0.000000e+00  0.000000e+00  2.901519e+07  0.000000e+00  0.000000e+00  1.904902e+06  1.356690e+06  1.043351e+06  8.888693e+05
1.654831e+05  3.217756e+06  0.000000e+00  0.000000e+00  2.893912e+07  0.000000e+00  0.000000e+00  1.893929e+06  1.347192e+06  1.034808e+06  8.808647e+05
1.657635e+05  3.209314e+06  0.000000e+00  0.000000e+00  2.886320e+07  0.000000e+00  0.000000e+00  1.882966e+06  1.337643e+06  1.026276e+06  8.729432e+05
1.660444e+05  3.200890e+06  0.000000e+00  0.000000e+00  2.878744e+07  0.000000e+00  0.000000e+00  1.872053e+06  1.328072e+06  1.017737e+06  8.651220e+05
1.663257e+05  3.192483e+06  0.000000e+00  0.000000e+00  2.871183e+07  0.000000e+00  0.000000e+00  1.861215e+06  1.318512e+06  1.009216e+06  8.574048e+05
1.666076e+05  3.184093e+06  0.000000e+00  0.000000e+00  2.863637e+07  0.000000e+00  0.000000e+00  1.850524e+06  1.309033e+06  1.000791e+06  8.498159e+05
1.668899e+05  3.175720e+06  0.000000e+00  0.000000e+00  2.856107e+07  0.000000e+00  0.000000e+00  1.839999e+06  1.299690e+06  9.924683e+05  8.423440e+05
1.671727e+05  3.167364e+06  0.000000e+00  0.000000e+00  2.848592e+07  0.000000e+00  0.000000e+00  1.829663e+06  1.290477e+06  9.842486e+05  8.349491e+05
1.674560e+05  3.159025e+06  0.000000e+00  0.000000e+00  2.841092e+07  0.000000e+00  0.000000e+00  1.819515e+06  1.281390e+06  9.761405e+05  8.276240e+05
1.677397e+05  3.150703e+06  0.000000e+00  0.000000e+00  2.833607e+07  0.000000e+00  0.000000e+00  1.809546e+06  1.272452e+06  9.681597e+05  8.203575e+05
1.680240e+05  3.142397e+06  0.000000e+00  0.000000e+00  2.826138e+07  0.000000e+00  0.000000e+00  1.799781e+06  1.263676e+06  9.603097e+05  8.129958e+05
1.683087e+05  3.134109e+06  0.000000e+00  0.000000e+00  2.818683e+07  0.000000e+00  0.000000e+00  1.790205e+06  1.255061e+06  9.525765e+05  8.053273e+05
1.685939e+05  3.125837e+06  0.000000e+00  0.000000e+00  2.811244e+07  0.000000e+00  0.000000e+00  1.780832e+06  1.246591e+06  9.450154e+05  7.975139e+05
1.688796e+05  3.117582e+06  0.000000e+00  0.000000e+00  2.803820e+07  0.000000e+00  0.000000e+00  1.771647e+06  1.238219e+06  9.376039e+05  7.903485e+05
1.691657e+05  3.109344e+06  0.000000e+00  0.000000e+00  2.796411e+07  0.000000e+00  0.000000e+00  1.762664e+06  1.230015e+06  9.303102e+05  7.834366e+05
1.694524e+05  3.101122e+06  0.000000e+00  0.000000e+00  2.789017e+07  0.000000e+00  0.000000e+00  1.753903e+06  1.222065e+06  9.231508e+05  7.764238e+05
1.697395e+05  3.092918e+06  0.000000e+00  0.000000e+00  2.781638e+07  0.000000e+00  0.000000e+00  1.745359e+06  1.214368e+06  9.161336e+05  7.694503e+05
1.700272e+05  3.084730e+06  0.000000e+00  0.000000e+00  2.774274e+07  0.000000e+00  0.000000e+00  1.736967e+06  1.206864e+06  9.092470e+05  7.626092e+05
1.703153e+05  3.076559e+06  0.000000e+00  0.000000e+00  2.766925e+07  0.000000e+00  0.000000e+00  1.728749e+06  1.199517e+06  9.024834e+05  7.558859e+05
1.706039e+05  3.068404e+06  0.000000e+00  0.000000e+00  2.759591e+07  0.000000e+00  0.000000e+00  1.720715e+06  1.192293e+06  8.957792e+05  7.492194e+05
1.708930e+05  3.060266e+06  0.000000e+00  0.000000e+00  2.752272e+07  0.000000e+00  0.000000e+00  1.712818e+06  1.185135e+06  8.890259e+05  7.425478e+05
1.711825e+05  3.052145e+06  0.000000e+00  0.000000e+00  2.744968e+07  0.000000e+00  0.000000e+00  1.705026e+06  1.178031e+06  8.820683e+05  7.358845e+05
1.714726e+05  3.044040e+06  0.000000e+00  0.000000e+00  2.737679e+07  0.000000e+00  0.000000e+00  1.697360e+06  1.170986e+06  8.749823e+05  7.292741e+05
1.717632e+05  3.035951e+06  0.000000e+00  0.000000e+00  2.730405e+07  0.000000e+00  0.000000e+00  1.689494e+06  1.164002e+06  8.681372e+05  7.227660e+05
1.720542e+05  3.027880e+06  0.000000e+00  0.000000e+00  2.723146e+07  0.000000e+00  0.000000e+00  1.680862e+06  1.157049e+06  8.615732e+05  7.162866e+05
1.723458e+05  3.019824e+06  0.000000e+00  0.000000e+00  2.715901e+07  0.000000e+00  0.000000e+00  1.672745e+06  1.150189e+06  8.551960e+05  7.098940e+05
1.726378e+05  3.011785e+06  0.000000e+00  0.000000e+00  2.708671e+07  0.000000e+00  0.000000e+00  1.665582e+06  1.143395e+06  8.489307e+05  7.036323e+05
1.729303e+05  3.003763e+06  0.000000e+00  0.000000e+00  2.701456e+07  0.000000e+00  0.000000e+00  1.658066e+06  1.136614e+06  8.425567e+05  6.973900e+05
1.732234e+05  2.995757e+06  0.000000e+00  0.000000e+00  2.694256e+07  0.000000e+00  0.000000e+00  1.650364e+06  1.129859e+06  8.360490e+05  6.910940e+05
1.735169e+05  2.987768e+06  0.000000e+00  0.000000e+00  2.687070e+07  0.000000e+00  0.000000e+00  1.642704e+06  1.123180e+06  8.295412e+05  6.848185e+05
1.738109e+05  2.979794e+06  0.000000e+00  0.000000e+00  2.679900e+07  0.000000e+00  0.000000e+00  1.633508e+06  1.114865e+06  8.221340e+05  6.779501e+05
1.741055e+05  2.971837e+06  0.000000e+00  0.000000e+00  2.672744e+07  0.000000e+00  0.000000e+00  1.621810e+06  1.104449e+06  8.138080e+05  6.708426e+05
1.744005e+05  2.963897e+06  0.000000e+00  0.000000e+00  2.665602e+07  0.000000e+00  0.000000e+00  1.610756e+06  1.095221e+06  8.065580e+05  6.648007e+05
1.746960e+05  2.955973e+06  0.000000e+00  0.000000e+00  2.658475e+07  0.000000e+00  0.000000e+00  1.601791e+06  1.087965e+06  8.006117e+05  6.594636e+05
1.749920e+05  2.948065e+06  0.000000e+00  0.000000e+00  2.651363e+07  0.000000e+00  0.000000e+00  1.595135e+06  1.082674e+06  7.956628e+05  6.543607e+05
1.752886e+05  2.940173e+06  0.000000e+00  0.000000e+00  2.644266e+07  0.000000e+00  0.000000e+00  1.589917e+06  1.078508e+06  7.909091e+05  6.488589e+05
1.755856e+05  2.932297e+06  0.000000e+00  0.000000e+00  2.637183e+07  0.000000e+00  0.000000e+00  1.584514e+06  1.073947e+06  7.854538e+05  6.425397e+05
1.758831e+05  2.924438e+06  0.000000e+00  0.000000e+00  2.630114e+07  0.000000e+00  0.000000e+00  1.577386e+06  1.067605e+06  7.787855e+05  6.354065e+05
1.761812e+05  2.916594e+06  0.000000e+00  0.000000e+00  2.623060e+07  0.000000e+00  0.000000e+00  1.567845e+06  1.059053e+06  7.709590e+05  6.278277e+05
1.764797e+05  2.908767e+06  0.000000e+00  0.000000e+00  2.616021e+07  0.000000e+00  0.000000e+00  1.556323e+06  1.048879e+06  7.624843e+05  6.203025e+05
1.767787e+05  2.900956e+06  0.000000e+00  0.000000e+00  2.608996e+07  0.000000e+00  0.000000e+00  1.544037e+06  1.038301e+06  7.541216e+05  6.132426e+05
1.770783e+05  2.893161e+06  0.000000e+00  0.000000e+00  2.601986e+07  0.000000e+00  0.000000e+00  1.532351e+06  1.028564e+06  7.464961e+05  6.068962e+05
1.773784e+05  2.885383e+06  0.000000e+00  0.000000e+00  2.594990e+07  0.000000e+00  0.000000e+00  1.522332e+06  1.020501e+06  7.399705e+05  6.012730e+05
1.776789e+05  2.877620e+06  0.000000e+00  0.000000e+00  2.588008e+07  0.000000e+00  0.000000e+00  1.513861e+06  1.013970e+06  7.342330e+05  5.958691e+05
1.780020e+05  2.869307e+06  0.000000e+00  0.000000e+00  2.580532e+07  0.000000e+00  0.000000e+00  1.507294e+06  1.008329e+06  7.288472e+05  5.904616e+05
1.783478e+05  2.860450e+06  0.000000e+00  0.000000e+00  2.572566e+07  0.000000e+00  0.000000e+00  1.500322e+06  1.001719e+06  7.228622e+05  5.847000e+05
1.786942e+05  2.851613e+06  0.000000e+00  0.000000e+00  2.564619e+07  0.000000e+00  0.000000e+00  1.490705e+06  9.933120e+05  7.156187e+05  5.778910e+05
1.790412e+05  2.842798e+06  0.000000e+00  0.000000e+00  2.556691e+07  0.000000e+00  0.000000e+00  1.478849e+06  9.834308e+05  7.073098e+05  5.702122e+05
1.793890e+05  2.834003e+06  0.000000e+00  0.000000e+00  2.548782e+07  0.000000e+00  0.000000e+00  1.465880e+06  9.728506e+05  6.985057e+05  5.620738e+05
1.797374e+05  2.825230e+06  0.000000e+00  0.000000e+00  2.540891e+07  0.000000e+00  0.000000e+00  1.453705e+06  9.628453e+05  6.900917e+05  5.542002e+05
1.800865e+05  2.816477e+06  0.000000e+00  0.000000e+00  2.533019e+07  0.000000e+00  0.000000e+00  1.443885e+06  9.544190e+05  6.827854e+05  5.472143e+05
1.804363e+05  2.807744e+06  0.000000e+00  0.000000e+00  2.525165e+07  0.000000e+00  0.000000e+00  1.436672e+06  9.477906e+05  6.767030e+05  5.412082e+05
1.807867e+05  2.799033e+06  0.000000e+00  0.000000e+00  2.517331e+07  0.000000e+00  0.000000e+00  1.431034e+06  9.422632e+05  6.713461e+05  5.357821e+05
1.811379e+05  2.790342e+06  0.000000e+00  0.000000e+00  2.509514e+07  0.000000e+00  0.000000e+00  1.425256e+06  9.366962e+05  6.658924e+05  5.302789e+05
1.814897e+05  2.781672e+06  0.000000e+00  0.000000e+00  2.501717e+07  0.000000e+00  0.000000e+00  1.417831e+06  9.300950e+05  6.596268e+05  5.241417e+05
1.818422e+05  2.773022e+06  0.000000e+00  0.000000e+00  2.493938e+07  0.000000e+00  0.000000e+00  1.407776e+06  9.218237e+05  6.521759e+05  5.170353e+05
1.821954e+05  2.764393e+06  0.000000e+00  0.000000e+00  2.486177e+07  0.000000e+00  0.000000e+00  1.398782e+06  9.142813e+05  6.452206e+05  5.103500e+05
1.825492e+05  2.755785e+06  0.000000e+00  0.000000e+00  2.478435e+07  0.000000e+00  0.000000e+00  1.392176e+06  9.083758e+05  6.394005e+05  5.046012e+05
1.829038e+05  2.747197e+06  0.000000e+00  0.000000e+00  2.470712e+07  0.000000e+00  0.000000e+00  1.384821e+06  9.020292e+05  6.332739e+05  4.986243e+05
1.832590e+05  2.738630e+06  0.000000e+00  0.000000e+00  2.463007e+07  0.000000e+00  0.000000e+00  1.377553e+06  8.957882e+05  6.272281e+05  4.927420e+05
1.836150e+05  2.730083e+06  0.000000e+00  0.000000e+00  2.455320e+07  0.000000e+00  0.000000e+00  1.370260e+06  8.895843e+05  6.212299e+05  4.869173e+05
1.839716e+05  2.721556e+06  0.000000e+00  0.000000e+00  2.447651e+07  0.000000e+00  0.000000e+00  1.362882e+06  8.833295e+05  6.152348e+05  4.811726e+05
1.843289e+05  2.713050e+06  0.000000e+00  0.000000e+00  2.440001e+07  0.000000e+00  0.000000e+00  1.355351e+06  8.770198e+05  6.092671e+05  4.755014e+05
1.846869e+05  2.704564e+06  0.000000e+00  0.000000e+00  2.432369e+07  0.000000e+00  0.000000e+00  1.347614e+06  8.705930e+05  6.032776e+05  4.698637e+05
1.850457e+05  2.696098e+06  0.000000e+00  0.000000e+00  2.424756e+07  0.000000e+00  0.000000e+00  1.339664e+06  8.640145e+05  5.972637e+05  4.642051e+05
1.854051e+05  2.687653e+06  0.000000e+00  0.000000e+00  2.417160e+07  0.000000e+00  0.000000e+00  1.331485e+06  8.572839e+05  5.912372e+05  4.585496e+05
1.857652e+05  2.679228e+06  0.000000e+00  0.000000e+00  2.409583e+07  0.000000e+00  0.000000e+00  1.323107e+06  8.504212e+05  5.852190e+05  4.529033e+05
1.861260e+05  2.670823e+06  0.000000e+00  0.000000e+00  2.402024e+07  0.000000e+00  0.000000e+00  1.314579e+06  8.434547e+05  5.792142e+05  4.472615e+05
1.864875e+05  2.662438e+06  0.000000e+00  0.000000e+00  2.394483e+07  0.000000e+00  0.000000e+00  1.305928e+06  8.364052e+05  5.732403e+05  4.416309e+05
1.868497e+05  2.654073e+06  0.000000e+00  0.000000e+00  2.386960e+07  0.000000e+00  0.000000e+00  1.297041e+06  8.292200e+05  5.672237e+05  4.359570e+05
1.872126e+05  2.645729e+06  0.000000e+00  0.000000e+00  2.379455e+07  0.000000e+00  0.000000e+00  1.287916e+06  8.218895e+05  5.611242e+05  4.302603e+05
1.875762e+05  2.637404e+06  0.000000e+00  0.000000e+00  2.371968e+07  0.000000e+00  0.000000e+00  1.278630e+06  8.144389e+05  5.549763e+05  4.245328e+05
1.879405e+05  2.629099e+06  0.000000e+00  0.000000e+00  2.364500e+07  0.000000e+00  0.000000e+00  1.269316e+06  8.069321e+05  5.488015e+05  4.188253e+05
1.883056e+05  2.620815e+06  0.000000e+00  0.000000e+00  2.357049e+07  0.000000e+00  0.000000e+00  1.259933e+06  7.993415e+05  5.425177e+05  4.131449e+05
1.886713e+05  2.612550e+06  0.000000e+00  0.000000e+00  2.349616e+07  0.000000e+00  0.000000e+00  1.250452e+06  7.916474e+05  5.359072e+05  4.074799e+05
1.890378e+05  2.604305e+06  0.000000e+00  0.000000e+00  2.342201e+07  0.000000e+00  0.000000e+00  1.240913e+06  7.839083e+05  5.291131e+05  4.018278e+05
1.894049e+05  2.596080e+06  0.000000e+00  0.000000e+00  2.334804e+07  0.000000e+00  0.000000e+00  1.231252e+06  7.761572e+05  5.230531e+05  3.962419e+05
1.897728e+05  2.587875e+06  0.000000e+00  0.000000e+00  2.327424e+07  0.000000e+00  0.000000e+00  1.221555e+06  7.684419e+05  5.169780e+05  3.906999e+05
1.901414e+05  2.579690e+06  0.000000e+00  0.000000e+00  2.320063e+07  0.000000e+00  0.000000e+00  1.211948e+06  7.608089e+05  5.107695e+05  3.852040e+05
1.905107e+05  2.571524e+06  0.000000e+00  0.000000e+00  2.312719e+07  0.000000e+00  0.000000e+00  1.202551e+06  7.533286e+05  5.046661e+05  3.797725e+05
1.908807e+05  2.563378e+06  0.000000e+00  0.000000e+00  2.305393e+07  0.000000e+00  0.000000e+00  1.193284e+06  7.458416e+05  4.985670e+05  3.743022e+05
1.912515e+05  2.555252e+06  0.000000e+00  0.000000e+00  2.298084e+07  0.000000e+00  0.000000e+00  1.184244e+06  7.385442e+05  4.925384e+05  3.689585e+05
1.916229e+05  2.547145e+06  0.000000e+00  0.000000e+00  2.290794e+07  0.000000e+00  0.000000e+00  1.175544e+06  7.315952e+05  4.866833e+05  3.638686e+05
1.919951e+05  2.539058e+06  0.000000e+00  0.000000e+00  2.283520e+07  0.000000e+00  0.000000e+00  1.167096e+06  7.248352e+05  4.809014e+05  3.587767e+05
1.923680e+05  2.530991e+06  0.000000e+00  0.000000e+00  2.276265e+07  0.000000e+00  0.000000e+00  1.158923e+06  7.182747e+05  4.752618e+05  3.537763e+05
1.927416e+05  2.522943e+06  0.000000e+00  0.000000e+00  2.269027e+07  0.000000e+00  0.000000e+00  1.151016e+06  7.119299e+05  4.697765e+05  3.488469e+05
1.931160e+05  2.514914e+06  0.000000e+00  0.000000e+00  2.261807e+07  0.000000e+00  0.000000e+00  1.143388e+06  7.057552e+05  4.644402e+05  3.439755e+05
1.934911e+05  2.506906e+06  0.000000e+00  0.000000e+00  2.254604e+07  0.000000e+00  0.000000e+00  1.136035e+06  6.996773e+05  4.592316e+05  3.391504e+05
1.938669e+05  2.498916e+06  0.000000e+00  0.000000e+00  2.247418e+07  0.000000e+00  0.000000e+00  1.128958e+06  6.937227e+05  4.541293e+05  3.343746e+05
1.942434e+05  2.490946e+06  0.000000e+00  0.000000e+00  2.240250e+07  0.000000e+00  0.000000e+00  1.122175e+06  6.879954e+05  4.490970e+05  3.296507e+05
1.946207e+05  2.482995e+06  0.000000e+00  0.000000e+00  2.233100e+07  0.000000e+00  0.000000e+00  1.115660e+06  6.825363e+05  4.441631e+05  3.249942e+05
1.949987e+05  2.475064e+06  0.000000e+00  0.000000e+00  2.225967e+07  0.000000e+00  0.000000e+00  1.109290e+06  6.770724e+05  4.393304e+05  3.204043e+05
1.953774e+05  2.467152e+06  0.000000e+00  0.000000e+00  2.218851e+07  0.000000e+00  0.000000e+00  1.103072e+06  6.714850e+05  4.346011e+05  3.159016e+05
1.957569e+05  2.459259e+06  0.000000e+00  0.000000e+00  2.211752e+07  0.000000e+00  0.000000e+00  1.097033e+06  6.662660e+05  4.300061e+05  3.115192e+05
1.961371e+05  2.451385e+06  0.000000e+00  0.000000e+00  2.204671e+07  0.000000e+00  0.000000e+00  1.091056e+06  6.613716e+05  4.254887e+05  3.072384e+05
1.965181e+05  2.443531e+06  0.000000e+00  0.000000e+00  2.197607e+07  0.000000e+00  0.000000e+00  1.085030e+06  6.563795e+05  4.209617e+05  3.029608e+05
1.968998e+05  2.435695e+06  0.000000e+00  0.000000e+00  2.190560e+07  0.000000e+00  0.000000e+00  1.079172e+06  6.514810e+05  4.165010e+05  2.987346e+05
1.972822e+05  2.427879e+06  0.000000e+00  0.000000e+00  2.183531e+07  0.000000e+00  0.000000e+00  1.072891e+06  6.465805e+05  4.120516e+05  2.945678e+05
1.976654e+05  2.420082e+06  0.000000e+00  0.000000e+00  2.176519e+07  0.000000e+00  0.000000e+00  1.066030e+06  6.415991e+05  4.075815e+05  2.903769e+05
1.980493e+05  2.412304e+06  0.000000e+00  0.000000e+00  2.169523e+07  0.000000e+00  0.000000e+00  1.059736e+06  6.365470e+05  4.031505e+05  2.862149e+05
1.984340e+05  2.404545e+06  0.000000e+00  0.000000e+00  2.162545e+07  0.000000e+00  0.000000e+00  1.053944e+06  6.314464e+05  3.987424e+05  2.821579e+05
1.988194e+05  2.396805e+06  0.000000e+00  0.000000e+00  2.155584e+07  0.000000e+00  0.000000e+00  1.047866e+06  6.263478e+05  3.943249e+05  2.781146e+05
1.992055e+05  2.389084e+06  0.000000e+00  0.000000e+00  2.148640e+07  0.000000e+00  0.000000e+00  1.041788e+06  6.213595e+05  3.899345e+05  2.740999e+05
1.995924e+05  2.381382e+06  0.000000e+00  0.000000e+00  2.141713e+07  0.000000e+00  0.000000e+00  1.035525e+06  6.164680e+05  3.855568e+05  2.701265e+05
1.999801e+05  2.373699e+06  0.000000e+00  0.000000e+00  2.134803e+07  0.000000e+00  0.000000e+00  1.028955e+06  6.115387e+05  3.811604e+05  2.661693e+05
2.003685e+05  2.366034e+06  0.000000e+00  0.000000e+00  2.127910e+07  0.000000e+00  0.000000e+00  1.022102e+06  6.064875e+05  3.767575e+05  2.622222e+05
2.007577e+05  2.358389e+06  0.000000e+00  0.000000e+00  2.121034e+07  0.000000e+00  0.000000e+00  1.015042e+06  6.012505e+05  3.723137e+05  2.582873e+05
2.011476e+05  2.350762e+06  0.000000e+00  0.000000e+00  2.114175e+07  0.000000e+00  0.000000e+00  1.007886e+06  5.958114e+05  3.678280e+05  2.543471e+05
2.015383e+05  2.343154e+06  0.000000e+00  0.000000e+00  2.107332e+07  0.000000e+00  0.000000e+00  1.000800e+06  5.902625e+05  3.633390e+05  2.504554e+05
2.019297e+05  2.335564e+06  0.000000e+00  0.000000e+00  2.100507e+07  0.000000e+00  0.000000e+00  9.937290e+05  5.846506e+05  3.588531e+05  2.465816e+05
2.023219e+05  2.327994e+06  0.000000e+00  0.000000e+00  2.093698e+07  0.000000e+00  0.000000e+00  9.865140e+05  5.789862e+05  3.543677e+05  2.427348e+05
2.027149e+05  2.320441e+06  0.000000e+00  0.000000e+00  2.086906e+07  0.000000e+00  0.000000e+00  9.790252e+05  5.732726e+05  3.498431e+05  2.388964e+05
2.031086e+05  2.312908e+06  0.000000e+00  0.000000e+00  2.080131e+07  0.000000e+00  0.000000e+00  9.712795e+05  5.675295e+05  3.451146e+05  2.350390e+05
2.035031e+05  2.305393e+06  0.000000e+00  0.000000e+00  2.073372e+07  0.000000e+00  0.000000e+00  9.633726e+05  5.617716e+05  3.399872e+05  2.311734e+05
2.038984e+05  2.297897e+06  0.000000e+00  0.000000e+00  2.066630e+07  0.000000e+00  0.000000e+00  9.554312e+05  5.559945e+05  3.347491e+05  2.273194e+05
2.042944e+05  2.290419e+06  0.000000e+00  0.000000e+00  2.059905e+07  0.000000e+00  0.000000e+00  9.474903e+05  5.502217e+05  3.297228e+05  2.234911e+05
2.046912e+05  2.282960e+06  0.000000e+00  0.000000e+00  2.053196e+07  0.000000e+00  0.000000e+00  9.396152e+05  5.444823e+05  3.249076e+05  2.197411e+05
2.050887e+05  2.275519e+06  0.000000e+00  0.000000e+00  2.046504e+07  0.000000e+00  0.000000e+00  9.318836e+05  5.388763e+05  3.202615e+05  2.160598e+05
2.054871e+05  2.268096e+06  0.000000e+00  0.000000e+00  2.039829e+07  0.000000e+00  0.000000e+00  9.240347e+05  5.331722e+05  3.156762e+05  2.124646e+05
2.058862e+05  2.260692e+06  0.000000e+00  0.000000e+00  2.033170e+07  0.000000e+00  0.000000e+00  9.184849e+05  5.294068e+05  3.120426e+05  2.091659e+05
2.062861e+05  2.253306e+06  0.000000e+00  0.000000e+00  2.026527e+07  0.000000e+00  0.000000e+00  9.145113e+05  5.267880e+05  3.087097e+05  2.055865e+05
2.066867e+05  2.245939e+06  0.000000e+00  0.000000e+00  2.019901e+07  0.000000e+00  0.000000e+00  9.077802e+05  5.217368e+05  3.042365e+05  2.015905e+05
2.070882e+05  2.238590e+06  0.000000e+00  0.000000e+00  2.013292e+07  0.000000e+00  0.000000e+00  8.990203e+05  5.149773e+05  2.992267e+05  1.976729e+05
2.074904e+05  2.231259e+06  0.000000e+00  0.000000e+00  2.006699e+07  0.000000e+00  0.000000e+00  8.897407e+05  5.078172e+05  2.942942e+05  1.940639e+05
2.078934e+05  2.223946e+06  0.000000e+00  0.000000e+00  2.000122e+07  0.000000e+00  0.000000e+00  8.813980e+05  5.014144e+05  2.899328e+05  1.909308e+05
2.082972e+05  2.216651e+06  0.000000e+00  0.000000e+00  1.993562e+07  0.000000e+00  0.000000e+00  8.749519e+05  4.965119e+05  2.864324e+05  1.882296e+05
2.087018e+05  2.209375e+06  0.000000e+00  0.000000e+00  1.987017e+07  0.000000e+00  0.000000e+00  8.708264e+05  4.932874e+05  2.837893e+05  1.854120e+05
2.091071e+05  2.202117e+06  0.000000e+00  0.000000e+00  1.980490e+07  0.000000e+00  0.000000e+00  8.683634e+05  4.909357e+05  2.814992e+05  1.818447e+05
2.095132e+05  2.194877e+06  0.000000e+00  0.000000e+00  1.973978e+07  0.000000e+00  0.000000e+00  8.656570e+05  4.880872e+05  2.787706e+05  1.777252e+05
2.099202e+05  2.187654e+06  0.000000e+00  0.000000e+00  1.967483e+07  0.000000e+00  0.000000e+00  8.609096e+05  4.836332e+05  2.751812e+05  1.735810e+05
2.103279e+05  2.180450e+06  0.000000e+00  0.000000e+00  1.961004e+07  0.000000e+00  0.000000e+00  8.540095e+05  4.775734e+05  2.709671e+05  1.696539e+05
2.107364e+05  2.173264e+06  0.000000e+00  0.000000e+00  1.954541e+07  0.000000e+00  0.000000e+00  8.462164e+05  4.709525e+05  2.666924e+05  1.660942e+05
2.111457e+05  2.166096e+06  0.000000e+00  0.000000e+00  1.948094e+07  0.000000e+00  0.000000e+00  8.384892e+05  4.646445e+05  2.627093e+05  1.629362e+05
2.115910e+05  2.158334e+06  0.000000e+00  0.000000e+00  1.941114e+07  0.000000e+00  0.000000e+00  8.303946e+05  4.585161e+05  2.585574e+05  1.594231e+05
2.120723e+05  2.149985e+06  0.000000e+00  0.000000e+00  1.933605e+07  0.000000e+00  0.000000e+00  8.224668e+05  4.525888e+05  2.542511e+05  1.555207e+05
2.125547e+05  2.141661e+06  0.000000e+00  0.000000e+00  1.926118e+07  0.000000e+00  0.000000e+00  8.171369e+05  4.482384e+05  2.508331e+05  1.521796e+05
2.130383e+05  2.133361e+06  0.000000e+00  0.000000e+00  1.918654e+07  0.000000e+00  0.000000e+00  8.137737e+05  4.451071e+05  2.480733e+05  1.492488e+05
2.135229e+05  2.125085e+06  0.000000e+00  0.000000e+00  1.911211e+07  0.000000e+00  0.000000e+00  8.101477e+05  4.419665e+05  2.453067e+05  1.463267e+05
2.140087e+05  2.116834e+06  0.000000e+00  0.000000e+00  1.903790e+07  0.000000e+00  0.000000e+00  8.044575e+05  4.378145e+05  2.419899e+05  1.431425e+05
2.144955e+05  2.108607e+06  0.000000e+00  0.000000e+00  1.896391e+07  0.000000e+00  0.000000e+00  7.962527e+05  4.323814e+05  2.379727e+05  1.396342e+05
2.149834e+05  2.100404e+06  0.000000e+00  0.000000e+00  1.889014e+07  0.000000e+00  0.000000e+00  7.868031e+05  4.263364e+05  2.336292e+05  1.360451e+05
2.154725e+05  2.092226e+06  0.000000e+00  0.000000e+00  1.881658e+07  0.000000e+00  0.000000e+00  7.784678e+05  4.209352e+05  2.296449e+05  1.327531e+05
2.159627e+05  2.084071e+06  0.000000e+00  0.000000e+00  1.874325e+07  0.000000e+00  0.000000e+00  7.727834e+05  4.170072e+05  2.264707e+05  1.299770e+05
2.164540e+05  2.075941e+06  0.000000e+00  0.000000e+00  1.867012e+07  0.000000e+00  0.000000e+00  7.692167e+05  4.142463e+05  2.239557e+05  1.275841e+05
2.169464e+05  2.067834e+06  0.000000e+00  0.000000e+00  1.859722e+07  0.000000e+00  0.000000e+00  7.657801e+05  4.115989e+05  2.215501e+05  1.252449e+05
2.174399e+05  2.059752e+06  0.000000e+00  0.000000e+00  1.852453e+07  0.000000e+00  0.000000e+00  7.614465e+05  4.084798e+05  2.189430e+05  1.227885e+05
2.179345e+05  2.051693e+06  0.000000e+00  0.000000e+00  1.845205e+07  0.000000e+00  0.000000e+00  7.559477e+05  4.045755e+05  2.160367e+05  1.201789e+05
2.184303e+05  2.043659e+06  0.000000e+00  0.000000e+00  1.837979e+07  0.000000e+00  0.000000e+00  7.490650e+05  3.992144e+05  2.127157e+05  1.173940e+05
2.189272e+05  2.035648e+06  0.000000e+00  0.000000e+00  1.830775e+07  0.000000e+00  0.000000e+00  7.421313e+05  3.949518e+05  2.094685e+05  1.146803e+05
2.194252e+05  2.027661e+06  0.000000e+00  0.000000e+00  1.823591e+07  0.000000e+00  0.000000e+00  7.351324e+05  3.905544e+05  2.061913e+05  1.121076e+05
2.199244e+05  2.019697e+06  0.000000e+00  0.000000e+00  1.816429e+07  0.000000e+00  0.000000e+00  7.280837e+05  3.858173e+05  2.028927e+05  1.095590e+05
2.204247e+05  2.011757e+06  0.000000e+00  0.000000e+00  1.809289e+07  0.000000e+00  0.000000e+00  7.210571e+05  3.809629e+05  1.996083e+05  1.070430e+05
2.209261e+05  2.003841e+06  0.000000e+00  0.000000e+00  1.802169e+07  0.000000e+00  0.000000e+00  7.139510e+05  3.760056e+05  1.963254e+05  1.045238e+05
2.214287e+05  1.995949e+06  0.000000e+00  0.000000e+00  1.795071e+07  0.000000e+00  0.000000e+00  7.067268e+05  3.710308e+05  1.930241e+05  1.019997e+05
2.219324e+05  1.988079e+06  0.000000e+00  0.000000e+00  1.787994e+07  0.000000e+00  0.000000e+00  6.995276e+05  3.661262e+05  1.897478e+05  9.950778e+04
2.224373e+05  1.980234e+06  0.000000e+00  0.000000e+00  1.780938e+07  0.000000e+00  0.000000e+00  6.923227e+05  3.612099e+05  1.864792e+05  9.708845e+04
2.229433e+05  1.972412e+06  0.000000e+00  0.000000e+00  1.773903e+07  0.000000e+00  0.000000e+00  6.852030e+05  3.564007e+05  1.832417e+05  9.465370e+04
2.234505e+05  1.964613e+06  0.000000e+00  0.000000e+00  1.766889e+07  0.000000e+00  0.000000e+00  6.782270e+05  3.517444e+05  1.800695e+05  9.223901e+04
2.239588e+05  1.956837e+06  0.000000e+00  0.000000e+00  1.759896e+07  0.000000e+00  0.000000e+00  6.713294e+05  3.470011e+05  1.768956e+05  8.992527e+04
2.244683e+05  1.949085e+06  0.000000e+00  0.000000e+00  1.752924e+07  0.000000e+00  0.000000e+00  6.646280e+05  3.423086e+05  1.737945e+05  8.764160e+04
2.249789e+05  1.941356e+06  0.000000e+00  0.000000e+00  1.745972e+07  0.000000e+00  0.000000e+00  6.582201e+05  3.377622e+05  1.707697e+05  8.539932e+04
2.254907e+05  1.933650e+06  0.000000e+00  0.000000e+00  1.739042e+07  0.000000e+00  0.000000e+00  6.513154e+05  3.333657e+05  1.677728e+05  8.319578e+04
2.260037e+05  1.925967e+06  0.000000e+00  0.000000e+00  1.732132e+07  0.000000e+00  0.000000e+00  6.445887e+05  3.291842e+05  1.648539e+05  8.102401e+04
2.265178e+05  1.918307e+06  0.000000e+00  0.000000e+00  1.725243e+07  0.000000e+00  0.000000e+00  6.389027e+05  3.252664e+05  1.620804e+05  7.891192e+04
2.270331e+05  1.910670e+06  0.000000e+00  0.000000e+00  1.718375e+07  0.000000e+00  0.000000e+00  6.329212e+05  3.215575e+05  1.594134e+05  7.690680e+04
2.275496e+05  1.903056e+06  0.000000e+00  0.000000e+00  1.711528e+07  0.000000e+00  0.000000e+00  6.272842e+05  3.180985e+05  1.568998e+05  7.498229e+04
2.280672e+05  1.895465e+06  0.000000e+00  0.000000e+00  1.704701e+07  0.000000e+00  0.000000e+00  6.222071e+05  3.148677e+05  1.545682e+05  7.314490e+04
2.285861e+05  1.887897e+06  0.000000e+00  0.000000e+00  1.697894e+07  0.000000e+00  0.000000e+00  6.173286e+05  3.117813e+05  1.523270e+05  7.136166e+04
2.291061e+05  1.880352e+06  0.000000e+00  0.000000e+00  1.691108e+07  0.000000e+00  0.000000e+00  6.124900e+05  3.087972e+05  1.501327e+05  6.960507e+04
2.296273e+05  1.872830e+06  0.000000e+00  0.000000e+00  1.684343e+07  0.000000e+00  0.000000e+00  6.076647e+05  3.058936e+05  1.479684e+05  6.787462e+04
2.301496e+05  1.865330e+06  0.000000e+00  0.000000e+00  1.677598e+07  0.000000e+00  0.000000e+00  6.029419e+05  3.030520e+05  1.458446e+05  6.615518e+04
2.306732e+05  1.857853e+06  0.000000e+00  0.000000e+00  1.670874e+07  0.000000e+00  0.000000e+00  5.984996e+05  3.002764e+05  1.437777e+05  6.446440e+04
2.311979e+05  1.850398e+06  0.000000e+00  0.000000e+00  1.664169e+07  0.000000e+00  0.000000e+00  5.944076e+05  2.975466e+05  1.417661e+05  6.282203e+04
2.317239e+05  1.842967e+06  0.000000e+00  0.000000e+00  1.657485e+07  0.000000e+00  0.000000e+00  5.904883e+05  2.948280e+05  1.397841e+05  6.122104e+04
2.322510e+05  1.835557e+06  0.000000e+00  0.000000e+00  1.650822e+07  0.000000e+00  0.000000e+00  5.864821e+05  2.920787e+05  1.377988e+05  5.964323e+04
2.327794e+05  1.828170e+06  0.000000e+00  0.000000e+00  1.644178e+07  0.000000e+00  0.000000e+00  5.822419e+05  2.892785e+05  1.357916e+05  5.807843e+04
2.333089e+05  1.820806e+06  0.000000e+00  0.000000e+00  1.637555e+07  0.000000e+00  0.000000e+00  5.777772e+05  2.864251e+05  1.337604e+05  5.652462e+04
2.338397e+05  1.813464e+06  0.000000e+00  0.000000e+00  1.630952e+07  0.000000e+00  0.000000e+00  5.731619e+05  2.835158e+05  1.317136e+05  5.501796e+04
2.343716e+05  1.806144e+06  0.000000e+00  0.000000e+00  1.624369e+07  0.000000e+00  0.000000e+00  5.684181e+05  2.805454e+05  1.296578e+05  5.354317e+04
2.349048e+05  1.798847e+06  0.000000e+00  0.000000e+00  1.617806e+07  0.000000e+00  0.000000e+00  5.635269e+05  2.775008e+05  1.275936e+05  5.209493e+04
2.354392e+05  1.791571e+06  0.000000e+00  0.000000e+00  1.611263e+07  0.000000e+00  0.000000e+00  5.584776e+05  2.743674e+05  1.255195e+05  5.067116e+04
2.359748e+05  1.784318e+06  0.000000e+00  0.000000e+00  1.604740e+07  0.000000e+00  0.000000e+00  5.532850e+05  2.711546e+05  1.234375e+05  4.925908e+04
2.365116e+05  1.777087e+06  0.000000e+00  0.000000e+00  1.598236e+07  0.000000e+00  0.000000e+00  5.478875e+05  2.678299e+05  1.213292e+05  4.786246e+04
2.370496e+05  1.769879e+06  0.000000e+00  0.000000e+00  1.591753e+07  0.000000e+00  0.000000e+00  5.424895e+05  2.644466e+05  1.192216e+05  4.648711e+04
2.375889e+05  1.762692e+06  0.000000e+00  0.000000e+00  1.585290e+07  0.000000e+00  0.000000e+00  5.371726e+05  2.610368e+05  1.171272e+05  4.514945e+04
2.381293e+05  1.755527e+06  0.000000e+00  0.000000e+00  1.578846e+07  0.000000e+00  0.000000e+00  5.316309e+05  2.574720e+05  1.149890e+05  4.380540e+04
2.386711e+05  1.748384e+06  0.000000e+00  0.000000e+00  1.572422e+07  0.000000e+00  0.000000e+00  5.260505e+05  2.538891e+05  1.128504e+05  4.247388e+04
2.392140e+05  1.741263e+06  0.000000e+00  0.000000e+00  1.566018e+07  0.000000e+00  0.000000e+00  5.204116e+05  2.502795e+05  1.107136e+05  4.114509e+04
2.397582e+05  1.734164e+06  0.000000e+00  0.000000e+00  1.559633e+07  0.000000e+00  0.000000e+00  5.147719e+05  2.466867e+05  1.085976e+05  3.980935e+04
2.403036e+05  1.727087e+06  0.000000e+00  0.000000e+00  1.553268e+07  0.000000e+00  0.000000e+00  5.092098e+05  2.431619e+05  1.065147e+05  3.845266e+04
2.408503e+05  1.720032e+06  0.000000e+00  0.000000e+00  1.546923e+07  0.000000e+00  0.000000e+00  5.037661e+05  2.397054e+05  1.044706e+05  3.703640e+04
2.413982e+05  1.712998e+06  0.000000e+00  0.000000e+00  1.540597e+07  0.000000e+00  0.000000e+00  4.984750e+05  2.363334e+05  1.024682e+05  3.548519e+04
2.419473e+05  1.705986e+06  0.000000e+00  0.000000e+00  1.534291e+07  0.000000e+00  0.000000e+00  4.933741e+05  2.330918e+05  1.005202e+05  3.369697e+04
2.424977e+05  1.698995e+06  0.000000e+00  0.000000e+00  1.528004e+07  0.000000e+00  0.000000e+00  4.885011e+05  2.300184e+05  9.864340e+04  3.203778e+04
2.430494e+05  1.692027e+06  0.000000e+00  0.000000e+00  1.521736e+07  0.000000e+00  0.000000e+00  4.833853e+05  2.267631e+05  9.672458e+04  3.097175e+04
2.436023e+05  1.685079e+06  0.000000e+00  0.000000e+00  1.515488e+07  0.000000e+00  0.000000e+00  4.792028e+05  2.242531e+05  9.519436e+04  3.042820e+04
2.441564e+05  1.678153e+06  0.000000e+00  0.000000e+00  1.509260e+07  0.000000e+00  0.000000e+00  4.774859e+05  2.235459e+05  9.434744e+04  2.999321e+04
2.447119e+05  1.671249e+06  0.000000e+00  0.000000e+00  1.503050e+07  0.000000e+00  0.000000e+00  4.753493e+05  2.223974e+05  9.314130e+04  2.922444e+04
2.452685e+05  1.664366e+06  0.000000e+00  0.000000e+00  1.496860e+07  0.000000e+00  0.000000e+00  4.710385e+05  2.195953e+05  9.128515e+04  2.834208e+04
2.458265e+05  1.657504e+06  0.000000e+00  0.000000e+00  1.490689e+07  0.000000e+00  0.000000e+00  4.651281e+05  2.156522e+05  8.911512e+04  2.752327e+04
2.463857e+05  1.650664e+06  0.000000e+00  0.000000e+00  1.484537e+07  0.000000e+00  0.000000e+00  4.592368e+05  2.117473e+05  8.704791e+04  2.682168e+04
2.469462e+05  1.643845e+06  0.000000e+00  0.000000e+00  1.478404e+07  0.000000e+00  0.000000e+00  4.541857e+05  2.084556e+05  8.525691e+04  2.629227e+04
2.475080e+05  1.637047e+06  0.000000e+00  0.000000e+00  1.472290e+07  0.000000e+00  0.000000e+00  4.503631e+05  2.060832e+05  8.387222e+04  2.597866e+04
2.480710e+05  1.630270e+06  0.000000e+00  0.000000e+00  1.466195e+07  0.000000e+00  0.000000e+00  4.482769e+05  2.050109e+05  8.298460e+04  2.572529e+04
2.486354e+05  1.623515e+06  0.000000e+00  0.000000e+00  1.460120e+07  0.000000e+00  0.000000e+00  4.473164e+05  2.046987e+05  8.225596e+04  2.526318e+04
2.492010e+05  1.616780e+06  0.000000e+00  0.000000e+00  1.454063e+07  0.000000e+00  0.000000e+00  4.452797e+05  2.035039e+05  8.106618e+04  2.457222e+04
2.497679e+05  1.610067e+06  0.000000e+00  0.000000e+00  1.448025e+07  0.000000e+00  0.000000e+00  4.409438e+05  2.006251e+05  7.929144e+04  2.383258e+04
2.503361e+05  1.603374e+06  0.000000e+00  0.000000e+00  1.442006e+07  0.000000e+00  0.000000e+00  4.353698e+05  1.968953e+05  7.732708e+04  2.316555e+04
2.509056e+05  1.596702e+06  0.000000e+00  0.000000e+00  1.436006e+07  0.000000e+00  0.000000e+00  4.298193e+05  1.932287e+05  7.546888e+04  2.260217e+04
2.515300e+05  1.589429e+06  0.000000e+00  0.000000e+00  1.429464e+07  0.000000e+00  0.000000e+00  4.244774e+05  1.899882e+05  7.375523e+04  2.203187e+04
2.522096e+05  1.581560e+06  0.000000e+00  0.000000e+00  1.422388e+07  0.000000e+00  0.000000e+00  4.178707e+05  1.863690e+05  7.183898e+04  2.133800e+04
2.528911e+05  1.573721e+06  0.000000e+00  0.000000e+00  1.415338e+07  0.000000e+00  0.000000e+00  4.121682e+05  1.830929e+05  7.002707e+04  2.073532e+04
2.535744e+05  1.565911e+06  0.000000e+00  0.000000e+00  1.408314e+07  0.000000e+00  0.000000e+00  4.092195e+05  1.809860e+05  6.863264e+04  2.028051e+04
2.542595e+05  1.558131e+06  0.000000e+00  0.000000e+00  1.401316e+07  0.000000e+00  0.000000e+00  4.078843e+05  1.796140e+05  6.752939e+04  1.988976e+04
2.549465e+05  1.550379e+06  0.000000e+00  0.000000e+00  1.394345e+07  0.000000e+00  0.000000e+00  4.061353e+05  1.781656e+05  6.642825e+04  1.946078e+04
2.556354e+05  1.542657e+06  0.000000e+00  0.000000e+00  1.387400e+07  0.000000e+00  0.000000e+00  4.028006e+05  1.761012e+05  6.515706e+04  1.895808e+04
2.563261e+05  1.534963e+06  0.000000e+00  0.000000e+00  1.380480e+07  0.000000e+00  0.000000e+00  3.968401e+05  1.731643e+05  6.360468e+04  1.839501e+04
2.570187e+05  1.527299e+06  0.000000e+00  0.000000e+00  1.373587e+07  0.000000e+00  0.000000e+00  3.897208e+05  1.698032e+05  6.190552e+04  1.784439e+04
2.577132e+05  1.519663e+06  0.000000e+00  0.000000e+00  1.366720e+07  0.000000e+00  0.000000e+00  3.850834e+05  1.670975e+05  6.042390e+04  1.731875e+04
2.584095e+05  1.512055e+06  0.000000e+00  0.000000e+00  1.359878e+07  0.000000e+00  0.000000e+00  3.828881e+05  1.653095e+05  5.926634e+04  1.699961e+04
2.591077e+05  1.504477e+06  0.000000e+00  0.000000e+00  1.353062e+07  0.000000e+00  0.000000e+00  3.808725e+05  1.637107e+05  5.814349e+04  1.664797e+04
2.598078e+05  1.496927e+06  0.000000e+00  0.000000e+00  1.346272e+07  0.000000e+00  0.000000e+00  3.781282e+05  1.618051e+05  5.695240e+04  1.628280e+04
2.605098e+05  1.489405e+06  0.000000e+00  0.000000e+00  1.339508e+07  0.000000e+00  0.000000e+00  3.742472e+05  1.594988e+05  5.571242e+04  1.590937e+04
2.612137e+05  1.481912e+06  0.000000e+00  0.000000e+00  1.332769e+07  0.000000e+00  0.000000e+00  3.694865e+05  1.567616e+05  5.434214e+04  1.549084e+04
2.619195e+05  1.474448e+06  0.000000e+00  0.000000e+00  1.326055e+07  0.000000e+00  0.000000e+00  3.646935e+05  1.540149e+05  5.298363e+04  1.508276e+04
2.626272e+05  1.467011e+06  0.000000e+00  0.000000e+00  1.319367e+07  0.000000e+00  0.000000e+00  3.597600e+05  1.512140e+05  5.160703e+04  1.467458e+04
2.633368e+05  1.459603e+06  0.000000e+00  0.000000e+00  1.312704e+07  0.000000e+00  0.000000e+00  3.546834e+05  1.483214e+05  5.019757e+04  1.424842e+04
2.640484e+05  1.452223e+06  0.000000e+00  0.000000e+00  1.306067e+07  0.000000e+00  0.000000e+00  3.495346e+05  1.453868e+05  4.876765e+04  1.380307e+04
2.647618e+05  1.444871e+06  0.000000e+00  0.000000e+00  1.299455e+07  0.000000e+00  0.000000e+00  3.444084e+05  1.424777e+05  4.733967e+04  1.334286e+04
2.654772e+05  1.437546e+06  0.000000e+00  0.000000e+00  1.292868e+07  0.000000e+00  0.000000e+00  3.394204e+05  1.396619e+05  4.595331e+04  1.287690e+04
2.661945e+05  1.430250e+06  0.000000e+00  0.000000e+00  1.286306e+07  0.000000e+00  0.000000e+00  3.346512e+05  1.370055e+05  4.462747e+04  1.241956e+04
2.669138e+05  1.422982e+06  0.000000e+00  0.000000e+00  1.279769e+07  0.000000e+00  0.000000e+00  3.301054e+05  1.345046e+05  4.336740e+04  1.197801e+04
2.676350e+05  1.415741e+06  0.000000e+00  0.000000e+00  1.273257e+07  0.000000e+00  0.000000e+00  3.257623e+05  1.321219e+05  4.215379e+04  1.154825e+04
2.683581e+05  1.408528e+06  0.000000e+00  0.000000e+00  1.266770e+07  0.000000e+00  0.000000e+00  3.216433e+05  1.298477e+05  4.097928e+04  1.112802e+04
2.690832e+05  1.401343e+06  0.000000e+00  0.000000e+00  1.260308e+07  0.000000e+00  0.000000e+00  3.177955e+05  1.276969e+05  3.985593e+04  1.072217e+04
2.698103e+05  1.394185e+06  0.000000e+00  0.000000e+00  1.253871e+07  0.000000e+00  0.000000e+00  3.142523e+05  1.256870e+05  3.879921e+04  1.033799e+04
2.705393e+05  1.387055e+06  0.000000e+00  0.000000e+00  1.247458e+07  0.000000e+00  0.000000e+00  3.110100e+05  1.238200e+05  3.779954e+04  9.979062e+03
2.712703e+05  1.379952e+06  0.000000e+00  0.000000e+00  1.241070e+07  0.000000e+00  0.000000e+00  3.080286e+05  1.220776e+05  3.685333e+04  9.642979e+03
2.720033e+05  1.372877e+06  0.000000e+00  0.000000e+00  1.234707e+07  0.000000e+00  0.000000e+00  3.052894e+05  1.204564e+05  3.595714e+04  9.328228e+03
2.727382e+05  1.365828e+06  0.000000e+00  0.000000e+00  1.228368e+07  0.000000e+00  0.000000e+00  3.027477e+05  1.189429e+05  3.510235e+04  9.032394e+03
2.734752e+05  1.358807e+06  0.000000e+00  0.000000e+00  1.222053e+07  0.000000e+00  0.000000e+00  3.003098e+05  1.174934e+05  3.427653e+04  8.752569e+03
2.742141e+05  1.351813e+06  0.000000e+00  0.000000e+00  1.215763e+07  0.000000e+00  0.000000e+00  2.979600e+05  1.160947e+05  3.347808e+04  8.487745e+03
2.749550e+05  1.344846e+06  0.000000e+00  0.000000e+00  1.209497e+07  0.000000e+00  0.000000e+00  2.956182e+05  1.147181e+05  3.270169e+04  8.233311e+03
2.756979e+05  1.337906e+06  0.000000e+00  0.000000e+00  1.203256e+07  0.000000e+00  0.000000e+00  2.932000e+05  1.133370e+05  3.192957e+04  7.986661e+03
2.764429e+05  1.330993e+06  0.000000e+00  0.000000e+00  1.197038e+07  0.000000e+00  0.000000e+00  2.906914e+05  1.119403e+05  3.116232e+04  7.752887e+03
2.771898e+05  1.324107e+06  0.000000e+00  0.000000e+00  1.190845e+07  0.000000e+00  0.000000e+00  2.880745e+05  1.105224e+05  3.039978e+04  7.537964e+03
2.779388e+05  1.317248e+06  0.000000e+00  0.000000e+00  1.184676e+07  0.000000e+00  0.000000e+00  2.853281e+05  1.090686e+05  2.963744e+04  7.337272e+03
2.786898e+05  1.310415e+06  0.000000e+00  0.000000e+00  1.178531e+07  0.000000e+00  0.000000e+00  2.824039e+05  1.075086e+05  2.885137e+04  7.136402e+03
2.794428e+05  1.303609e+06  0.000000e+00  0.000000e+00  1.172410e+07  0.000000e+00  0.000000e+00  2.792576e+05  1.058068e+05  2.802798e+04  6.936960e+03
2.801978e+05  1.296829e+06  0.000000e+00  0.000000e+00  1.166313e+07  0.000000e+00  0.000000e+00  2.759113e+05  1.039827e+05  2.717471e+04  6.738619e+03
2.809549e+05  1.290076e+06  0.000000e+00  0.000000e+00  1.160239e+07  0.000000e+00  0.000000e+00  2.723882e+05  1.020668e+05  2.628820e+04  6.541633e+03
2.817140e+05  1.283349e+06  0.000000e+00  0.000000e+00  1.154189e+07  0.000000e+00  0.000000e+00  2.687136e+05  1.000768e+05  2.537283e+04  6.344733e+03
2.824752e+05  1.276649e+06  0.000000e+00  0.000000e+00  1.148163e+07  0.000000e+00  0.000000e+00  2.648951e+05  9.803595e+04  2.443100e+04  6.146812e+03
2.832385e+05  1.269975e+06  0.000000e+00  0.000000e+00  1.142161e+07  0.000000e+00  0.000000e+00  2.609873e+05  9.596871e+04  2.346484e+04  5.947722e+03
2.840038e+05  1.263327e+06  0.000000e+00  0.000000e+00  1.136182e+07  0.000000e+00  0.000000e+00  2.570344e+05  9.389241e+04  2.247728e+04  5.745494e+03
2.847712e+05  1.256705e+06  0.000000e+00  0.000000e+00  1.130227e+07  0.000000e+00  0.000000e+00  2.530683e+05  9.181185e+04  2.144487e+04  5.536573e+03
2.855406e+05  1.250109e+06  0.000000e+00  0.000000e+00  1.124295e+07  0.000000e+00  0.000000e+00  2.491480e+05  8.975750e+04  2.033496e+04  5.321640e+03
2.863121e+05  1.243540e+06  0.000000e+00  0.000000e+00  1.118386e+07  0.000000e+00  0.000000e+00  2.453410e+05  8.778383e+04  1.905994e+04  5.106887e+03
2.870857e+05  1.236996e+06  0.000000e+00  0.000000e+00  1.112501e+07  0.000000e+00  0.000000e+00  2.414768e+05  8.577824e+04  1.788516e+04  4.895232e+03
2.878614e+05  1.230478e+06  0.000000e+00  0.000000e+00  1.106639e+07  0.000000e+00  0.000000e+00  2.383702e+05  8.425562e+04  1.737904e+04  4.748996e+03
2.886392e+05  1.223986e+06  0.000000e+00  0.000000e+00  1.100801e+07  0.000000e+00  0.000000e+00  2.368958e+05  8.379646e+04  1.734874e+04  4.614400e+03
2.894191e+05  1.217520e+06  0.000000e+00  0.000000e+00  1.094985e+07  0.000000e+00  0.000000e+00  2.351472e+05  8.306217e+04  1.714327e+04  4.403358e+03
2.902011e+05  1.211079e+06  0.000000e+00  0.000000e+00  1.089192e+07  0.000000e+00  0.000000e+00  2.319329e+05  8.134855e+04  1.663927e+04  4.188486e+03
2.909853e+05  1.204664e+06  0.000000e+00  0.000000e+00  1.083423e+07  0.000000e+00  0.000000e+00  2.280795e+05  7.914846e+04  1.604837e+04  4.001765e+03
2.917715e+05  1.198274e+06  0.000000e+00  0.000000e+00  1.077676e+07  0.000000e+00  0.000000e+00  2.244828e+05  7.711325e+04  1.552734e+04  3.834501e+03
2.925599e+05  1.191910e+06  0.000000e+00  0.000000e+00  1.071953e+07  0.000000e+00  0.000000e+00  2.213173e+05  7.534774e+04  1.508622e+04  3.693102e+03
2.933504e+05  1.185571e+06  0.000000e+00  0.000000e+00  1.066252e+07  0.000000e+00  0.000000e+00  2.185496e+05  7.385380e+04  1.474059e+04  3.599029e+03
2.941430e+05  1.179257e+06  0.000000e+00  0.000000e+00  1.060574e+07  0.000000e+00  0.000000e+00  2.165973e+05  7.291256e+04  1.458159e+04  3.541758e+03
2.949378e+05  1.172969e+06  0.000000e+00  0.000000e+00  1.054918e+07  0.000000e+00  0.000000e+00  2.158086e+05  7.269949e+04  1.460101e+04  3.449413e+03
2.957347e+05  1.166706e+06  0.000000e+00  0.000000e+00  1.049286e+07  0.000000e+00  0.000000e+00  2.151194e+05  7.245625e+04  1.452539e+04  3.295774e+03
2.965337e+05  1.160468e+06  0.000000e+00  0.000000e+00  1.043675e+07  0.000000e+00  0.000000e+00  2.131065e+05  7.130766e+04  1.417452e+04  3.128676e+03
2.973350e+05  1.154255e+06  0.000000e+00  0.000000e+00  1.038088e+07  0.000000e+00  0.000000e+00  2.100127e+05  6.950238e+04  1.369490e+04  2.977635e+03
2.981384e+05  1.148067e+06  0.000000e+00  0.000000e+00  1.032523e+07  0.000000e+00  0.000000e+00  2.067053e+05  6.765083e+04  1.324004e+04  2.839359e+03
2.990187e+05  1.141334e+06  0.000000e+00  0.000000e+00  1.026467e+07  0.000000e+00  0.000000e+00  2.032171e+05  6.601735e+04  1.287148e+04  2.689209e+03
2.999765e+05  1.134064e+06  0.000000e+00  0.000000e+00  1.019929e+07  0.000000e+00  0.000000e+00  1.989706e+05  6.433154e+04  1.255228e+04  2.525116e+03
3.009374e+05  1.126830e+06  0.000000e+00  0.000000e+00  1.013423e+07  0.000000e+00  0.000000e+00  1.954700e+05  6.286694e+04  1.226496e+04  2.385704e+03
3.019014e+05  1.119630e+06  0.000000e+00  0.000000e+00  1.006947e+07  0.000000e+00  0.000000e+00  1.933840e+05  6.154624e+04  1.186182e+04  2.263862e+03
3.028684e+05  1.112464e+06  0.000000e+00  0.000000e+00  1.000503e+07  0.000000e+00  0.000000e+00  1.922987e+05  6.085215e+04  1.170613e+04  2.191388e+03
3.038385e+05  1.105333e+06  0.000000e+00  0.000000e+00  9.940895e+06  0.000000e+00  0.000000e+00  1.908348e+05  6.002687e+04  1.150590e+04  2.092518e+03
3.048118e+05  1.098237e+06  0.000000e+00  0.000000e+00  9.877070e+06  0.000000e+00  0.000000e+00  1.886075e+05  5.896126e+04  1.126455e+04  1.993357e+03
3.057881e+05  1.091174e+06  0.000000e+00  0.000000e+00  9.813553e+06  0.000000e+00  0.000000e+00  1.853135e+05  5.755746e+04  1.096267e+04  1.901255e+03
3.067676e+05  1.084146e+06  0.000000e+00  0.000000e+00  9.750343e+06  0.000000e+00  0.000000e+00  1.811174e+05  5.586103e+04  1.060807e+04  1.814085e+03
3.077503e+05  1.077151e+06  0.000000e+00  0.000000e+00  9.687438e+06  0.000000e+00  0.000000e+00  1.772949e+05  5.425272e+04  1.027091e+04  1.736830e+03
3.087360e+05  1.070191e+06  0.000000e+00  0.000000e+00  9.624839e+06  0.000000e+00  0.000000e+00  1.748045e+05  5.301061e+04  1.000009e+04  1.675931e+03
3.097250e+05  1.063264e+06  0.000000e+00  0.000000e+00  9.562543e+06  0.000000e+00  0.000000e+00  1.730033e+05  5.194119e+04  9.753665e+03  1.622477e+03
3.107170e+05  1.056371e+06  0.000000e+00  0.000000e+00  9.500550e+06  0.000000e+00  0.000000e+00  1.707983e+05  5.072012e+04  9.471587e+03  1.564297e+03
3.117123e+05  1.049512e+06  0.000000e+00  0.000000e+00  9.438859e+06  0.000000e+00  0.000000e+00  1.677870e+05  4.925237e+04  9.136609e+03  1.496023e+03
3.127108e+05  1.042686e+06  0.000000e+00  0.000000e+00  9.377469e+06  0.000000e+00  0.000000e+00  1.644157e+05  4.769380e+04  8.780925e+03  1.420961e+03
3.137124e+05  1.035893e+06  0.000000e+00  0.000000e+00  9.316379e+06  0.000000e+00  0.000000e+00  1.611847e+05  4.621525e+04  8.439353e+03  1.343666e+03
3.147173e+05  1.029134e+06  0.000000e+00  0.000000e+00  9.255588e+06  0.000000e+00  0.000000e+00  1.580618e+05  4.481125e+04  8.115543e+03  1.265087e+03
3.157254e+05  1.022407e+06  0.000000e+00  0.000000e+00  9.195094e+06  0.000000e+00  0.000000e+00  1.550328e+05  4.348008e+04  7.811546e+03  1.187605e+03
3.167367e+05  1.015714e+06  0.000000e+00  0.000000e+00  9.134898e+06  0.000000e+00  0.000000e+00  1.521172e+05  4.222143e+04  7.528476e+03  1.116448e+03
3.177513e+05  1.009054e+06  0.000000e+00  0.000000e+00  9.074998e+06  0.000000e+00  0.000000e+00  1.493380e+05  4.103765e+04  7.266184e+03  1.055497e+03
3.187691e+05  1.002426e+06  0.000000e+00  0.000000e+00  9.015393e+06  0.000000e+00  0.000000e+00  1.467359e+05  3.993257e+04  7.024251e+03  1.001654e+03
3.197901e+05  9.958314e+05  0.000000e+00  0.000000e+00  8.956082e+06  0.000000e+00  0.000000e+00  1.443468e+05  3.891009e+04  6.801717e+03  9.536180e+02
3.208145e+05  9.892692e+05  0.000000e+00  0.000000e+00  8.897064e+06  0.000000e+00  0.000000e+00  1.421720e+05  3.797192e+04  6.596616e+03  9.106955e+02
3.218421e+05  9.827394e+05  0.000000e+00  0.000000e+00  8.838339e+06  0.000000e+00  0.000000e+00  1.401840e+05  3.710305e+04  6.406361e+03  8.716477e+02
3.228730e+05  9.762421e+05  0.000000e+00  0.000000e+00  8.779904e+06  0.000000e+00  0.000000e+00  1.383848e+05  3.630590e+04  6.230169e+03  8.366767e+02
3.239072e+05  9.697770e+05  0.000000e+00  0.000000e+00  8.721760e+06  0.000000e+00  0.000000e+00  1.367840e+05  3.557853e+04  6.067533e+03  8.046484e+02
3.249448e+05  9.633442e+05  0.000000e+00  0.000000e+00  8.663906e+06  0.000000e+00  0.000000e+00  1.353247e+05  3.490997e+04  5.917187e+03  7.750315e+02
3.259856e+05  9.569433e+05  0.000000e+00  0.000000e+00  8.606340e+06  0.000000e+00  0.000000e+00  1.339514e+05  3.427834e+04  5.775856e+03  7.469485e+02
3.270298e+05  9.505745e+05  0.000000e+00  0.000000e+00  8.549061e+06  0.000000e+00  0.000000e+00  1.325540e+05  3.363530e+04  5.633943e+03  7.196257e+02
3.280773e+05  9.442375e+05  0.000000e+00  0.000000e+00  8.492068e+06  0.000000e+00  0.000000e+00  1.310571e+05  3.297099e+04  5.490930e+03  6.932522e+02
3.291282e+05  9.379322e+05  0.000000e+00  0.000000e+00  8.435362e+06  0.000000e+00  0.000000e+00  1.293769e+05  3.225238e+04  5.341663e+03  6.676889e+02
3.301824e+05  9.316586e+05  0.000000e+00  0.000000e+00  8.378940e+06  0.000000e+00  0.000000e+00  1.274748e+05  3.145483e+04  5.181905e+03  6.430556e+02
3.312401e+05  9.254166e+05  0.000000e+00  0.000000e+00  8.322801e+06  0.000000e+00  0.000000e+00  1.253781e+05  3.057405e+04  5.010026e+03  6.192295e+02
3.323011e+05  9.192060e+05  0.000000e+00  0.000000e+00  8.266946e+06  0.000000e+00  0.000000e+00  1.231058e+05  2.962074e+04  4.825181e+03  5.957774e+02
3.333655e+05  9.130267e+05  0.000000e+00  0.000000e+00  8.211372e+06  0.000000e+00  0.000000e+00  1.207104e+05  2.861425e+04  4.628939e+03  5.721387e+02
3.344333e+05  9.068786e+05  0.000000e+00  0.000000e+00  8.156079e+06  0.000000e+00  0.000000e+00  1.182477e+05  2.757645e+04  4.425281e+03  5.476175e+02
3.355046e+05  9.007617e+05  0.000000e+00  0.000000e+00  8.101066e+06  0.000000e+00  0.000000e+00  1.157980e+05  2.654484e+04  4.221086e+03  5.216480e+02
3.365792e+05  8.946758e+05  0.000000e+00  0.000000e+00  8.046332e+06  0.000000e+00  0.000000e+00  1.134022e+05  2.554853e+04  4.022318e+03  4.941252e+02
3.376573e+05  8.886208e+05  0.000000e+00  0.000000e+00  7.991876e+06  0.000000e+00  0.000000e+00  1.110845e+05  2.461120e+04  3.834182e+03  4.653372e+02
3.387389e+05  8.825966e+05  0.000000e+00  0.000000e+00  7.937697e+06  0.000000e+00  0.000000e+00  1.087491e+05  2.368480e+04  3.651454e+03  4.360863e+02
3.398239e+05  8.766032e+05  0.000000e+00  0.000000e+00  7.883794e+06  0.000000e+00  0.000000e+00  1.067586e+05  2.298473e+04  3.522967e+03  4.195399e+02
3.409124e+05  8.706403e+05  0.000000e+00  0.000000e+00  7.830167e+06  0.000000e+00  0.000000e+00  1.053003e+05  2.255846e+04  3.417875e+03  3.843177e+02
3.420044e+05  8.647080e+05  0.000000e+00  0.000000e+00  7.776814e+06  0.000000e+00  0.000000e+00  1.031530e+05  2.177304e+04  3.270568e+03  3.628973e+02
3.430999e+05  8.588061e+05  0.000000e+00  0.000000e+00  7.723735e+06  0.000000e+00  0.000000e+00  1.010517e+05  2.100371e+04  3.127931e+03  3.423239e+02
3.441989e+05  8.529344e+05  0.000000e+00  0.000000e+00  7.670928e+06  0.000000e+00  0.000000e+00  9.904429e+04  2.026383e+04  2.994971e+03  3.227868e+02
3.453015e+05  8.470930e+05  0.000000e+00  0.000000e+00  7.618393e+06  0.000000e+00  0.000000e+00  9.718262e+04  1.955721e+04  2.880254e+03  3.044379e+02
3.464075e+05  8.412817e+05  0.000000e+00  0.000000e+00  7.566128e+06  0.000000e+00  0.000000e+00  9.548115e+04  1.889045e+04  2.776562e+03  2.872440e+02
3.475171e+05  8.355004e+05  0.000000e+00  0.000000e+00  7.514133e+06  0.000000e+00  0.000000e+00  9.392835e+04  1.826107e+04  2.679608e+03  2.710906e+02
3.486303e+05  8.297489e+05  0.000000e+00  0.000000e+00  7.462407e+06  0.000000e+00  0.000000e+00  9.251217e+04  1.766253e+04  2.588682e+03  2.559449e+02
3.497470e+05  8.240273e+05  0.000000e+00  0.000000e+00  7.410949e+06  0.000000e+00  0.000000e+00  9.119852e+04  1.708230e+04  2.502088e+03  2.415521e+02
3.508673e+05  8.183354e+05  0.000000e+00  0.000000e+00  7.359759e+06  0.000000e+00  0.000000e+00  8.991033e+04  1.650326e+04  2.417254e+03  2.276402e+02
3.519912e+05  8.126730e+05  0.000000e+00  0.000000e+00  7.308834e+06  0.000000e+00  0.000000e+00  8.866943e+04  1.592838e+04  2.334598e+03  2.142724e+02
3.531186e+05  8.070402e+05  0.000000e+00  0.000000e+00  7.258174e+06  0.000000e+00  0.000000e+00  8.732214e+04  1.532871e+04  2.249948e+03  2.011305e+02
3.542497e+05  8.014367e+05  0.000000e+00  0.000000e+00  7.207779e+06  0.000000e+00  0.000000e+00  8.577912e+04  1.468960e+04  2.161627e+03  1.881262e+02
3.554835e+05  7.953784e+05  0.000000e+00  0.000000e+00  7.153293e+06  0.000000e+00  0.000000e+00  8.390554e+04  1.395108e+04  2.062936e+03  1.742904e+02
3.568205e+05  7.888750e+05  0.000000e+00  0.000000e+00  7.094805e+06  0.000000e+00  0.000000e+00  8.189323e+04  1.313664e+04  1.959902e+03  1.602303e+02
3.581626e+05  7.824117e+05  0.000000e+00  0.000000e+00  7.036676e+06  0.000000e+00  0.000000e+00  8.018061e+04  1.231683e+04  1.866789e+03  1.476083e+02
3.595098e+05  7.759883e+05  0.000000e+00  0.000000e+00  6.978907e+06  0.000000e+00  0.000000e+00  7.845918e+04  1.131893e+04  1.775915e+03  1.357870e+02
3.608620e+05  7.696046e+05  0.000000e+00  0.000000e+00  6.921495e+06  0.000000e+00  0.000000e+00  7.672543e+04  1.020324e+04  1.686601e+03  1.247047e+02
3.622193e+05  7.632605e+05  0.000000e+00  0.000000e+00  6.864438e+06  0.000000e+00  0.000000e+00  7.497439e+04  9.698632e+03  1.598731e+03  1.143663e+02
3.635817e+05  7.569557e+05  0.000000e+00  0.000000e+00  6.807737e+06  0.000000e+00  0.000000e+00  7.326995e+04  9.424034e+03  1.513791e+03  1.048586e+02
3.649492e+05  7.506903e+05  0.000000e+00  0.000000e+00  6.751388e+06  0.000000e+00  0.000000e+00  7.166534e+04  9.165487e+03  1.433168e+03  9.631516e+01
3.663219e+05  7.444639e+05  0.000000e+00  0.000000e+00  6.695391e+06  0.000000e+00  0.000000e+00  7.012573e+04  8.917725e+03  1.355877e+03  8.879061e+01
3.676997e+05  7.382765e+05  0.000000e+00  0.000000e+00  6.639744e+06  0.000000e+00  0.000000e+00  6.859774e+04  8.673584e+03  1.280756e+03  8.236064e+01
3.690827e+05  7.321279e+05  0.000000e+00  0.000000e+00  6.584445e+06  0.000000e+00  0.000000e+00  6.706948e+04  8.431312e+03  1.207569e+03  7.687483e+01
3.704710e+05  7.260178e+05  0.000000e+00  0.000000e+00  6.529494e+06  0.000000e+00  0.000000e+00  6.554589e+04  8.191173e+03  1.136319e+03  7.177997e+01
3.718644e+05  7.199463e+05  0.000000e+00  0.000000e+00  6.474889e+06  0.000000e+00  0.000000e+00  6.400147e+04  7.949918e+03  1.066545e+03  6.687122e+01
3.732631e+05  7.139130e+05  0.000000e+00  0.000000e+00  6.420628e+06  0.000000e+00  0.000000e+00  6.248103e+04  7.713094e+03  9.990096e+02  6.218802e+01
3.746670e+05  7.079179e+05  0.000000e+00  0.000000e+00  6.366711e+06  0.000000e+00  0.000000e+00  6.101594e+04  7.484605e+03  9.341645e+02  5.774830e+01
3.760763e+05  7.019607e+05  0.000000e+00  0.000000e+00  6.313135e+06  0.000000e+00  0.000000e+00  5.958596e+04  7.262042e+03  8.717291e+02  5.352744e+01
3.774908e+05  6.960414e+05  0.000000e+00  0.000000e+00  6.259899e+06  0.000000e+00  0.000000e+00  5.818361e+04  7.044708e+03  8.115384e+02  4.950747e+01
3.789106e+05  6.901598e+05  0.000000e+00  0.000000e+00  6.207002e+06  0.000000e+00  0.000000e+00  5.680627e+04  6.832499e+03  7.536132e+02  4.569372e+01
3.803358e+05  6.843156e+05  0.000000e+00  0.000000e+00  6.154442e+06  0.000000e+00  0.000000e+00  5.545373e+04  6.625536e+03  6.979540e+02  4.209237e+01
3.817664e+05  6.785089e+05  0.000000e+00  0.000000e+00  6.102219e+06  0.000000e+00  0.000000e+00  5.413415e+04  6.423694e+03  6.444953e+02  3.869886e+01
3.832023e+05  6.727393e+05  0.000000e+00  0.000000e+00  6.050330e+06  0.000000e+00  0.000000e+00  5.283384e+04  6.226576e+03  5.931884e+02  3.550596e+01
3.846436e+05  6.670068e+05  0.000000e+00  0.000000e+00  5.998774e+06  0.000000e+00  0.000000e+00  5.155587e+04  6.033829e+03  5.445995e+02  3.250904e+01
3.860904e+05  6.613112e+05  0.000000e+00  0.000000e+00  5.947550e+06  0.000000e+00  0.000000e+00  5.029995e+04  5.845411e+03  5.050190e+02  2.970690e+01
3.875426e+05  6.556523e+05  0.000000e+00  0.000000e+00  5.896657e+06  0.000000e+00  0.000000e+00  4.906500e+04  5.661096e+03  4.789306e+02  2.709557e+01
3.890002e+05  6.500300e+05  0.000000e+00  0.000000e+00  5.846092e+06  0.000000e+00  0.000000e+00  4.785149e+04  5.480701e+03  4.571694e+02  2.467192e+01
3.904633e+05  6.444441e+05  0.000000e+00  0.000000e+00  5.795855e+06  0.000000e+00  0.000000e+00  4.665935e+04  5.304673e+03  4.361587e+02  2.243852e+01
3.919320e+05  6.388946e+05  0.000000e+00  0.000000e+00  5.745945e+06  0.000000e+00  0.000000e+00  4.548019e+04  5.131967e+03  4.158363e+02  2.039601e+01
3.934061e+05  6.333811e+05  0.000000e+00  0.000000e+00  5.696359e+06  0.000000e+00  0.000000e+00  4.430697e+04  4.961101e+03  3.960519e+02  1.854146e+01
3.948858e+05  6.279036e+05  0.000000e+00  0.000000e+00  5.647097e+06  0.000000e+00  0.000000e+00  4.314606e+04  4.792717e+03  3.767561e+02  1.688714e+01
3.963711e+05  6.224620e+05  0.000000e+00  0.000000e+00  5.598157e+06  0.000000e+00  0.000000e+00  4.200830e+04  4.627743e+03  3.579803e+02  1.546211e+01
3.978620e+05  6.170560e+05  0.000000e+00  0.000000e+00  5.549538e+06  0.000000e+00  0.000000e+00  4.088677e+04  4.464935e+03  3.397221e+02  1.420553e+01
3.993584e+05  6.116855e+05  0.000000e+00  0.000000e+00  5.501238e+06  0.000000e+00  0.000000e+00  3.978326e+04  4.306809e+03  3.221274e+02  1.304271e+01
4.008605e+05  6.063503e+05  0.000000e+00  0.000000e+00  5.453256e+06  0.000000e+00  0.000000e+00  3.871707e+04  4.155477e+03  3.054577e+02  1.195972e+01
4.023683e+05  6.010504e+05  0.000000e+00  0.000000e+00  5.405591e+06  0.000000e+00  0.000000e+00  3.767608e+04  4.008237e+03  2.894209e+02  1.094763e+01
4.038817e+05  5.957856e+05  0.000000e+00  0.000000e+00  5.358241e+06  0.000000e+00  0.000000e+00  3.664958e+04  3.863171e+03  2.737851e+02  9.997732e+00
4.054008e+05  5.905556e+05  0.000000e+00  0.000000e+00  5.311205e+06  0.000000e+00  0.000000e+00  3.563929e+04  3.720586e+03  2.586114e+02  9.107364e+00
4.069256e+05  5.853605e+05  0.000000e+00  0.000000e+00  5.264482e+06  0.000000e+00  0.000000e+00  3.464697e+04  3.580512e+03  2.439051e+02  8.270776e+00
4.084562e+05  5.801999e+05  0.000000e+00  0.000000e+00  5.218070e+06  0.000000e+00  0.000000e+00  3.367242e+04  3.443162e+03  2.296956e+02  7.491056e+00
4.099925e+05  5.750738e+05  0.000000e+00  0.000000e+00  5.171968e+06  0.000000e+00  0.000000e+00  3.271738e+04  3.309106e+03  2.160667e+02  6.771657e+00
4.115346e+05  5.699820e+05  0.000000e+00  0.000000e+00  5.126174e+06  0.000000e+00  0.000000e+00  3.178423e+04  3.179341e+03  2.031438e+02  6.108032e+00
4.130825e+05  5.649243e+05  0.000000e+00  0.000000e+00  5.080688e+06  0.000000e+00  0.000000e+00  3.087496e+04  3.054510e+03  1.909584e+02  5.489570e+00
4.146362e+05  5.599007e+05  0.000000e+00  0.000000e+00  5.035508e+06  0.000000e+00  0.000000e+00  2.998910e+04  2.934718e+03  1.794403e+02  4.912347e+00
4.161958e+05  5.549109e+05  0.000000e+00  0.000000e+00  4.990632e+06  0.000000e+00  0.000000e+00  2.912197e+04  2.818176e+03  1.684247e+02  4.375922e+00
4.177612e+05  5.499548e+05  0.000000e+00  0.000000e+00  4.946059e+06  0.000000e+00  0.000000e+00  2.826994e+04  2.703806e+03  1.578302e+02  3.879158e+00
4.193325e+05  5.450324e+05  0.000000e+00  0.000000e+00  4.901788e+06  0.000000e+00  0.000000e+00  2.742996e+04  2.591011e+03  1.476450e+02  3.420094e+00
4.209097e+05  5.401433e+05  0.000000e+00  0.000000e+00  4.857818e+06  0.000000e+00  0.000000e+00  2.657287e+04  2.477560e+03  1.377284e+02  2.994630e+00
4.226355e+05  5.348524e+05  0.000000e+00  0.000000e+00  4.810234e+06  0.000000e+00  0.000000e+00  2.566789e+04  2.358674e+03  1.276369e+02  2.582632e+00
4.245111e+05  5.291711e+05  0.000000e+00  0.000000e+00  4.759139e+06  0.000000e+00  0.000000e+00  2.475188e+04  2.238033e+03  1.177123e+02  2.195197e+00
4.263951e+05  5.235356e+05  0.000000e+00  0.000000e+00  4.708456e+06  0.000000e+00  0.000000e+00  2.384714e+04  2.119474e+03  1.085212e+02  1.853226e+00
4.282874e+05  5.179457e+05  0.000000e+00  0.000000e+00  4.658183e+06  0.000000e+00  0.000000e+00  2.294844e+04  2.003825e+03  1.000234e+02  1.556009e+00
4.301880e+05  5.124012e+05  0.000000e+00  0.000000e+00  4.608317e+06  0.000000e+00  0.000000e+00  2.205821e+04  1.890886e+03  9.194385e+01  1.301615e+00
4.320972e+05  5.069017e+05  0.000000e+00  0.000000e+00  4.558857e+06  0.000000e+00  0.000000e+00  2.117856e+04  1.779967e+03  8.419721e+01  1.088342e+00
4.340147e+05  5.014471e+05  0.000000e+00  0.000000e+00  4.509801e+06  0.000000e+00  0.000000e+00  2.031063e+04  1.671630e+03  7.679084e+01  9.149930e-01
4.359408e+05  4.960371e+05  0.000000e+00  0.000000e+00  4.461146e+06  0.000000e+00  0.000000e+00  1.946265e+04  1.566622e+03  6.977891e+01  7.798490e-01
4.378755e+05  4.906715e+05  0.000000e+00  0.000000e+00  4.412890e+06  0.000000e+00  0.000000e+00  1.864747e+04  1.466519e+03  6.320934e+01  6.800587e-01
4.398187e+05  4.853501e+05  0.000000e+00  0.000000e+00  4.365031e+06  0.000000e+00  0.000000e+00  1.787341e+04  1.371340e+03  5.707382e+01  6.055904e-01
4.417706e+05  4.800725e+05  0.000000e+00  0.000000e+00  4.317567e+06  0.000000e+00  0.000000e+00  1.711674e+04  1.279515e+03  5.130264e+01  5.421133e-01
4.437311e+05  4.748386e+05  0.000000e+00  0.000000e+00  4.270496e+06  0.000000e+00  0.000000e+00  1.636708e+04  1.190661e+03  4.588338e+01  4.837479e-01
4.457003e+05  4.696482e+05  0.000000e+00  0.000000e+00  4.223815e+06  0.000000e+00  0.000000e+00  1.561401e+04  1.103808e+03  4.077760e+01  4.294007e-01
4.476783e+05  4.645010e+05  0.000000e+00  0.000000e+00  4.177523e+06  0.000000e+00  0.000000e+00  1.487247e+04  1.019853e+03  3.601486e+01  3.793899e-01
4.496650e+05  4.593967e+05  0.000000e+00  0.000000e+00  4.131618e+06  0.000000e+00  0.000000e+00  1.416108e+04  9.401772e+02  3.162561e+01  3.340029e-01
4.516606e+05  4.543352e+05  0.000000e+00  0.000000e+00  4.086097e+06  0.000000e+00  0.000000e+00  1.345913e+04  8.710351e+02  2.757478e+01  2.926684e-01
4.536650e+05  4.493162e+05  0.000000e+00  0.000000e+00  4.040958e+06  0.000000e+00  0.000000e+00  1.277261e+04  8.198043e+02  2.387375e+01  2.551284e-01
4.556783e+05  4.443394e+05  0.000000e+00  0.000000e+00  3.996199e+06  0.000000e+00  0.000000e+00  1.209734e+04  7.737785e+02  2.052866e+01  2.211069e-01
4.577005e+05  4.394047e+05  0.000000e+00  0.000000e+00  3.951818e+06  0.000000e+00  0.000000e+00  1.143106e+04  7.292060e+02  1.754460e+01  1.904715e-01
4.597317e+05  4.345118e+05  0.000000e+00  0.000000e+00  3.907813e+06  0.000000e+00  0.000000e+00  1.077263e+04  6.862536e+02  1.494129e+01  1.631727e-01
4.617720e+05  4.296604e+05  0.000000e+00  0.000000e+00  3.864182e+06  0.000000e+00  0.000000e+00  1.012291e+04  6.446698e+02  1.275626e+01  1.388694e-01
4.638212e+05  4.248504e+05  0.000000e+00  0.000000e+00  3.820923e+06  0.000000e+00  0.000000e+00  9.472754e+03  6.042473e+02  1.108092e+01  1.171286e-01
4.658796e+05  4.200815e+05  0.000000e+00  0.000000e+00  3.778034e+06  0.000000e+00  0.000000e+00  8.822377e+03  5.648746e+02  9.984169e+00  9.777381e-02
4.679471e+05  4.153535e+05  0.000000e+00  0.000000e+00  3.735512e+06  0.000000e+00  0.000000e+00  8.165027e+03  5.264929e+02  9.149091e+00  8.069409e-02
4.700238e+05  4.106662e+05  0.000000e+00  0.000000e+00  3.693356e+06  0.000000e+00  0.000000e+00  7.495204e+03  4.892139e+02  8.380781e+00  6.583605e-02
4.721097e+05  4.060192e+05  0.000000e+00  0.000000e+00  3.651563e+06  0.000000e+00  0.000000e+00  6.811818e+03  4.533974e+02  7.666682e+00  5.313390e-02
4.742049e+05  4.014125e+05  0.000000e+00  0.000000e+00  3.610132e+06  0.000000e+00  0.000000e+00  6.090803e+03  4.188242e+02  6.993035e+00  4.232367e-02
4.763093e+05  3.968457e+05  0.000000e+00  0.000000e+00  3.569061e+06  0.000000e+00  0.000000e+00  5.290203e+03  3.853608e+02  6.352391e+00  3.325608e-02
4.784231e+05  3.923187e+05  0.000000e+00  0.000000e+00  3.528347e+06  0.000000e+00  0.000000e+00  4.223097e+03  3.530957e+02  5.746248e+00  2.581283e-02
4.805463e+05  3.878312e+05  0.000000e+00  0.000000e+00  3.487988e+06  0.000000e+00  0.000000e+00  3.075009e+03  3.219709e+02  5.174245e+00  1.985772e-02
4.826789e+05  3.833829e+05  0.000000e+00  0.000000e+00  3.447982e+06  0.000000e+00  0.000000e+00  2.737059e+03  2.919148e+02  4.636145e+00  1.525687e-02
4.848210e+05  3.789737e+05  0.000000e+00  0.000000e+00  3.408328e+06  0.000000e+00  0.000000e+00  2.645624e+03  2.628701e+02  4.132606e+00  1.191408e-02
4.869725e+05  3.746034e+05  0.000000e+00  0.000000e+00  3.369023e+06  0.000000e+00  0.000000e+00  2.556231e+03  2.348626e+02  3.665490e+00  9.668166e-03
4.891337e+05  3.702717e+05  0.000000e+00  0.000000e+00  3.330065e+06  0.000000e+00  0.000000e+00  2.469741e+03  2.081431e+02  3.241241e+00  8.170306e-03
4.913044e+05  3.659783e+05  0.000000e+00  0.000000e+00  3.291453e+06  0.000000e+00  0.000000e+00  2.387524e+03  1.827979e+02  2.859367e+00  7.114876e-03
4.934847e+05  3.617232e+05  0.000000e+00  0.000000e+00  3.253184e+06  0.000000e+00  0.000000e+00  2.308003e+03  1.590745e+02  2.508682e+00  6.308303e-03
4.956747e+05  3.575059e+05  0.000000e+00  0.000000e+00  3.215256e+06  0.000000e+00  0.000000e+00  2.229778e+03  1.424048e+02  2.182892e+00  5.606887e-03
4.978745e+05  3.533264e+05  0.000000e+00  0.000000e+00  3.177667e+06  0.000000e+00  0.000000e+00  2.152397e+03  1.324197e+02  1.881806e+00  4.959251e-03
5.000840e+05  3.491844e+05  0.000000e+00  0.000000e+00  3.140415e+06  0.000000e+00  0.000000e+00  2.072770e+03  1.239406e+02  1.603572e+00  4.353611e-03
5.025060e+05  3.447075e+05  0.000000e+00  0.000000e+00  3.100152e+06  0.000000e+00  0.000000e+00  1.988570e+03  1.151007e+02  1.332820e+00  3.763993e-03
5.051426e+05  3.399081e+05  0.000000e+00  0.000000e+00  3.056989e+06  0.000000e+00  0.000000e+00  1.904666e+03  1.062376e+02  1.079470e+00  3.207784e-03
5.077930e+05  3.351602e+05  0.000000e+00  0.000000e+00  3.014288e+06  0.000000e+00  0.000000e+00  1.822171e+03  9.770109e+01  8.602517e-01  2.708906e-03
5.104573e+05  3.304632e+05  0.000000e+00  0.000000e+00  2.972045e+06  0.000000e+00  0.000000e+00  1.740994e+03  8.947940e+01  6.730108e-01  2.265296e-03
5.131356e+05  3.258169e+05  0.000000e+00  0.000000e+00  2.930258e+06  0.000000e+00  0.000000e+00  1.660849e+03  8.154708e+01  5.158953e-01  1.873620e-03
5.158280e+05  3.212209e+05  0.000000e+00  0.000000e+00  2.888923e+06  0.000000e+00  0.000000e+00  1.581563e+03  7.391183e+01  3.885979e-01  1.531073e-03
5.185345e+05  3.166748e+05  0.000000e+00  0.000000e+00  2.848037e+06  0.000000e+00  0.000000e+00  1.503695e+03  6.663621e+01  2.918659e-01  1.233238e-03
5.212551e+05  3.121782e+05  0.000000e+00  0.000000e+00  2.807597e+06  0.000000e+00  0.000000e+00  1.428058e+03  5.978732e+01  2.257686e-01  9.749936e-04
5.239901e+05  3.077308e+05  0.000000e+00  0.000000e+00  2.767600e+06  0.000000e+00  0.000000e+00  1.354654e+03  5.337510e+01  1.868705e-01  7.550350e-04
5.267394e+05  3.033323e+05  0.000000e+00  0.000000e+00  2.728041e+06  0.000000e+00  0.000000e+00  1.285243e+03  4.743811e+01  1.647614e-01  5.737007e-04
5.295031e+05  2.989823e+05  0.000000e+00  0.000000e+00  2.688919e+06  0.000000e+00  0.000000e+00  1.219350e+03  4.191696e+01  1.477531e-01  4.279022e-04
5.322814e+05  2.946804e+05  0.000000e+00  0.000000e+00  2.650230e+06  0.000000e+00  0.000000e+00  1.155483e+03  3.675664e+01  1.320530e-01  3.116981e-04
5.350742e+05  2.904263e+05  0.000000e+00  0.000000e+00  2.611970e+06  0.000000e+00  0.000000e+00  1.092002e+03  3.189710e+01  1.173151e-01  2.195596e-04
5.378816e+05  2.862197e+05  0.000000e+00  0.000000e+00  2.574137e+06  0.000000e+00  0.000000e+00  1.030618e+03  2.738534e+01  1.037192e-01  1.484626e-04
5.407038e+05  2.820601e+05  0.000000e+00  0.000000e+00  2.536728e+06  0.000000e+00  0.000000e+00  9.720668e+02  2.323638e+01  9.130530e-02  9.548829e-05
5.435408e+05  2.779472e+05  0.000000e+00  0.000000e+00  2.499739e+06  0.000000e+00  0.000000e+00  9.142941e+02  1.939697e+01  7.981251e-02  5.748934e-05
5.463927e+05  2.738807e+05  0.000000e+00  0.000000e+00  2.463166e+06  0.000000e+00  0.000000e+00  8.581565e+02  1.588929e+01  6.927538e-02  3.159326e-05
5.492596e+05  2.698603e+05  0.000000e+00  0.000000e+00  2.427008e+06  0.000000e+00  0.000000e+00  8.032864e+02  1.270645e+01  5.962450e-02  1.519954e-05
5.521415e+05  2.658855e+05  0.000000e+00  0.000000e+00  2.391261e+06  0.000000e+00  0.000000e+00  7.497001e+02  9.883406e+00  5.087445e-02  6.048831e-06
5.550385e+05  2.619561e+05  0.000000e+00  0.000000e+00  2.355921e+06  0.000000e+00  0.000000e+00  6.979170e+02  7.499061e+00  4.314523e-02  1.796862e-06
5.579507e+05  2.580717e+05  0.000000e+00  0.000000e+00  2.320987e+06  0.000000e+00  0.000000e+00  6.475148e+02  5.550597e+00  3.625426e-02  3.057671e-07
5.608782e+05  2.542319e+05  0.000000e+00  0.000000e+00  2.286453e+06  0.000000e+00  0.000000e+00  5.984066e+02  4.092927e+00  3.008186e-02  1.575104e-08
5.638210e+05  2.504364e+05  0.000000e+00  0.000000e+00  2.252318e+06  0.000000e+00  0.000000e+00  5.509783e+02  3.241311e+00  2.462371e-02  4.294503e-13
5.667793e+05  2.466849e+05  0.000000e+00  0.000000e+00  2.218579e+06  0.000000e+00  0.000000e+00  5.051205e+02  2.863655e+00  1.984010e-02  4.610457e-22
5.697531e+05  2.429771e+05  0.000000e+00  0.000000e+00  2.185232e+06  0.000000e+00  0.000000e+00  4.606149e+02  2.628622e+00  1.568686e-02  6.347038e-33
5.727425e+05  2.393125e+05  0.000000e+00  0.000000e+00  2.152274e+06  0.000000e+00  0.000000e+00  4.176938e+02  2.406640e+00  1.211958e-02  9.433294e-55
5.757477e+05  2.356908e+05  0.000000e+00  0.000000e+00  2.119702e+06  0.000000e+00  0.000000e+00  3.763734e+02  2.196048e+00  9.097312e-03  2.755178e-190
5.787685e+05  2.321118e+05  0.000000e+00  0.000000e+00  2.087514e+06  0.000000e+00  0.000000e+00  3.363646e+02  1.996117e+00  6.593768e-03  6.070468e-191
5.818052e+05  2.285750e+05  0.000000e+00  0.000000e+00  2.055706e+06  0.000000e+00  0.000000e+00  2.976678e+02  1.807915e+00  4.583463e-03  1.232435e-191
5.848579e+05  2.250802e+05  0.000000e+00  0.000000e+00  2.024275e+06  0.000000e+00  0.000000e+00  2.603406e+02  1.631483e+00  3.030736e-03  2.473608e-192
5.879266e+05  2.216269e+05  0.000000e+00  0.000000e+00  1.993218e+06  0.000000e+00  0.000000e+00  2.243148e+02  1.465659e+00  1.867432e-03  5.251052e-193
5.910113e+05  2.182150e+05  0.000000e+00  0.000000e+00  1.962532e+06  0.000000e+00  0.000000e+00  1.895158e+02  1.309918e+00  1.035044e-03  1.145414e-193
5.941123e+05  2.148439e+05  0.000000e+00  0.000000e+00  1.932214e+06  0.000000e+00  0.000000e+00  1.556149e+02  1.162403e+00  4.872466e-04  2.555030e-194
5.974457e+05  2.112847e+05  0.000000e+00  0.000000e+00  1.900204e+06  0.000000e+00  0.000000e+00  1.209904e+02  1.016870e+00  1.657113e-04  4.212469e-195
6.010141e+05  2.075470e+05  0.000000e+00  0.000000e+00  1.866589e+06  0.000000e+00  0.000000e+00  8.614795e+01  8.770482e-01  2.986536e-05  4.932781e-196
6.046038e+05  2.038610e+05  0.000000e+00  0.000000e+00  1.833438e+06  0.000000e+00  0.000000e+00  5.294482e+01  7.487722e-01  1.510857e-06  5.258249e-197
6.082149e+05  2.002261e+05  0.000000e+00  0.000000e+00  1.800748e+06  0.000000e+00  0.000000e+00  2.632822e+01  6.321641e-01  3.892951e-11  4.697796e-198
6.118476e+05  1.966419e+05  0.000000e+00  0.000000e+00  1.768513e+06  0.000000e+00  0.000000e+00  1.771575e+01  5.266832e-01  8.240496e-22  4.980070e-199
6.155020e+05  1.931078e+05  0.000000e+00  0.000000e+00  1.736729e+06  0.000000e+00  0.000000e+00  1.649455e+01  4.319736e-01  3.544241e-44  6.893370e-200
6.191782e+05  1.896235e+05  0.000000e+00  0.000000e+00  1.705393e+06  0.000000e+00  0.000000e+00  1.533807e+01  3.474704e-01  2.507751e-189  1.071832e-200
6.228764e+05  1.861885e+05  0.000000e+00  0.000000e+00  1.674499e+06  0.000000e+00  0.000000e+00  1.421171e+01  2.722773e-01  5.573552e-190  1.814361e-201
6.265967e+05  1.828022e+05  0.000000e+00  0.000000e+00  1.644045e+06  0.000000e+00  0.000000e+00  1.311342e+01  2.060434e-01  1.211081e-190  3.058476e-202
6.303392e+05  1.794642e+05  0.000000e+00  0.000000e+00  1.614024e+06  0.000000e+00  0.000000e+00  1.206037e+01  1.497961e-01  2.379792e-191  4.763691e-203
6.341040e+05  1.761740e+05  0.000000e+00  0.000000e+00  1.584433e+06  0.000000e+00  0.000000e+00  1.107656e+01  1.044116e-01  4.538222e-192  6.554266e-204
6.378914e+05  1.729311e+05  0.000000e+00  0.000000e+00  1.555269e+06  0.000000e+00  0.000000e+00  1.014529e+01  6.843297e-02  9.073784e-193  8.306849e-205
6.417013e+05  1.697352e+05  0.000000e+00  0.000000e+00  1.526526e+06  0.000000e+00  0.000000e+00  9.251071e+00  4.060930e-02  1.792337e-193  1.237079e-205
6.455340e+05  1.665857e+05  0.000000e+00  0.000000e+00  1.498201e+06  0.000000e+00  0.000000e+00  8.397150e+00  2.064426e-02  3.438210e-194  2.222583e-206
6.493896e+05  1.634822e+05  0.000000e+00  0.000000e+00  1.470289e+06  0.000000e+00  0.000000e+00  7.577467e+00  7.853402e-03  5.982827e-195  3.835084e-207
6.532682e+05  1.604241e+05  0.000000e+00  0.000000e+00  1.442786e+06  0.000000e+00  0.000000e+00  6.789815e+00  1.619576e-03  8.705935e-196  5.651987e-208
6.571700e+05  1.574111e+05  0.000000e+00  0.000000e+00  1.415688e+06  0.000000e+00  0.000000e+00  6.036251e+00  9.051533e-05  1.024764e-196  7.193078e-209
6.610951e+05  1.544427e+05  0.000000e+00  0.000000e+00  1.388992e+06  0.000000e+00  0.000000e+00  5.322414e+00  2.528575e-09  9.461999e-198  8.018444e-210
6.650437e+05  1.515185e+05  0.000000e+00  0.000000e+00  1.362692e+06  0.000000e+00  0.000000e+00  4.657592e+00  2.410207e-30  1.025493e-198  9.706797e-211
6.690158e+05  1.486379e+05  0.000000e+00  0.000000e+00  1.336786e+06  0.000000e+00  0.000000e+00  4.037502e+00  3.007240e-188  1.487831e-199  1.197476e-211
6.730116e+05  1.458005e+05  0.000000e+00  0.000000e+00  1.311268e+06  0.000000e+00  0.000000e+00  3.462362e+00  6.836764e-189  2.454667e-200  1.500870e-212
6.770314e+05  1.430060e+05  0.000000e+00  0.000000e+00  1.286134e+06  0.000000e+00  0.000000e+00  2.930258e+00  1.713704e-189  4.555121e-201  1.639212e-213
6.810751e+05  1.402537e+05  0.000000e+00  0.000000e+00  1.261382e+06  0.000000e+00  0.000000e+00  2.441585e+00  4.606277e-190  8.802898e-202  1.490002e-214
6.851430e+05  1.375434e+05  0.000000e+00  0.000000e+00  1.237007e+06  0.000000e+00  0.000000e+00  1.994997e+00  1.240808e-190  1.668721e-202  1.188528e-215
6.892351e+05  1.348745e+05  0.000000e+00  0.000000e+00  1.213004e+06  0.000000e+00  0.000000e+00  1.585084e+00  3.166605e-191  3.104489e-203  8.810498e-217
6.933518e+05  1.322466e+05  0.000000e+00  0.000000e+00  1.189370e+06  0.000000e+00  0.000000e+00  1.213229e+00  7.530744e-192  5.696399e-204  5.924326e-218
6.974930e+05  1.296593e+05  0.000000e+00  0.000000e+00  1.166101e+06  0.000000e+00  0.000000e+00  8.813241e-01  1.670702e-192  1.084363e-204  3.582677e-219
7.016589e+05  1.271122e+05  0.000000e+00  0.000000e+00  1.143193e+06  0.000000e+00  0.000000e+00  5.909678e-01  3.485070e-193  2.173451e-205  1.716268e-220
7.058497e+05  1.246047e+05  0.000000e+00  0.000000e+00  1.120642e+06  0.000000e+00  0.000000e+00  3.481262e-01  6.987244e-194  4.313266e-206  6.026866e-222
7.104050e+05  1.219401e+05  0.000000e+00  0.000000e+00  1.096677e+06  0.000000e+00  0.000000e+00  1.511002e-01  1.223362e-194  7.477753e-207  1.222648e-223
7.153293e+05  1.191293e+05  0.000000e+00  0.000000e+00  1.071398e+06  0.000000e+00  0.000000e+00  3.315941e-02  1.742855e-195  1.072430e-207  1.066347e-225
7.202877e+05  1.163699e+05  0.000000e+00  0.000000e+00  1.046581e+06  0.000000e+00  0.000000e+00  1.842326e-03  2.006803e-196  1.286222e-208  4.992304e-238
7.252805e+05  1.136615e+05  0.000000e+00  0.000000e+00  1.022223e+06  0.000000e+00  0.000000e+00  3.211159e-25  1.747726e-197  1.109695e-209  1.497257e-247
7.303079e+05  1.110033e+05  0.000000e+00  0.000000e+00  9.983163e+05  0.000000e+00  0.000000e+00  1.636895e-187  1.758388e-198  8.048030e-211  1.341929e-248
7.353702e+05  1.083947e+05  0.000000e+00  0.000000e+00  9.748554e+05  0.000000e+00  0.000000e+00  3.284870e-188  2.364182e-199  7.336538e-212  8.199502e-250
7.404675e+05  1.058350e+05  0.000000e+00  0.000000e+00  9.518345e+05  0.000000e+00  0.000000e+00  6.924887e-189  3.307209e-200  6.548090e-213  4.872082e-251
7.456002e+05  1.033235e+05  0.000000e+00  0.000000e+00  9.292478e+05  0.000000e+00  0.000000e+00  1.507830e-189  4.711055e-201  5.144269e-214  3.547975e-252
7.507684e+05  1.008597e+05  0.000000e+00  0.000000e+00  9.070895e+05  0.000000e+00  0.000000e+00  3.342166e-190  7.022844e-202  3.657127e-215  2.432975e-253
7.559725e+05  9.844294e+04  0.000000e+00  0.000000e+00  8.853538e+05  0.000000e+00  0.000000e+00  7.342514e-191  1.135189e-202  2.482256e-216  1.573634e-254
7.612127e+05  9.607250e+04  0.000000e+00  0.000000e+00  8.640350e+05  0.000000e+00  0.000000e+00  1.562998e-191  1.881298e-203  1.547093e-217  8.831989e-256
7.664891e+05  9.374778e+04  0.000000e+00  0.000000e+00  8.431275e+05  0.000000e+00  0.000000e+00  3.181171e-192  3.275080e-204  8.803090e-219  4.773124e-257
7.718022e+05  9.146817e+04  0.000000e+00  0.000000e+00  8.226256e+05  0.000000e+00  0.000000e+00  6.175139e-193  6.146606e-205  4.004736e-220  2.168048e-258
7.771521e+05  8.923303e+04  0.000000e+00  0.000000e+00  8.025237e+05  0.000000e+00  0.000000e+00  1.146499e-193  1.146936e-205  1.325131e-221  7.994226e-260
7.825390e+05  8.704174e+04  0.000000e+00  0.000000e+00  7.828162e+05  0.000000e+00  0.000000e+00  2.058910e-194  2.041417e-206  2.714433e-223  4.025707e-261
7.879633e+05  8.489370e+04  0.000000e+00  0.000000e+00  7.634977e+05  0.000000e+00  0.000000e+00  3.539585e-195  3.426156e-207  2.645509e-225  6.429875e-262
7.934252e+05  8.278830e+04  0.000000e+00  0.000000e+00  7.445626e+05  0.000000e+00  0.000000e+00  5.709918e-196  5.388401e-208  9.258578e-247  1.576250e-262
7.989250e+05  8.072492e+04  0.000000e+00  0.000000e+00  7.260054e+05  0.000000e+00  0.000000e+00  8.678678e-197  7.883394e-209  1.326399e-247  4.092445e-263
8.044629e+05  7.870296e+04  0.000000e+00  0.000000e+00  7.078208e+05  0.000000e+00  0.000000e+00  1.242950e-197  1.051127e-209  1.730096e-248  1.082148e-263
8.100391e+05  7.672183e+04  0.000000e+00  0.000000e+00  6.900034e+05  0.000000e+00  0.000000e+00  1.795312e-198  1.271491e-210  2.057166e-249  2.956894e-264
8.156541e+05  7.478094e+04  0.000000e+00  0.000000e+00  6.725478e+05  0.000000e+00  0.000000e+00  2.654884e-199  1.378613e-211  2.195669e-250  8.219544e-265
8.213079e+05  7.287969e+04  0.000000e+00  0.000000e+00  6.554488e+05  0.000000e+00  0.000000e+00  3.990558e-200  1.317253e-212  2.053534e-251  2.280058e-265
8.270009e+05  7.101749e+04  0.000000e+00  0.000000e+00  6.387010e+05  0.000000e+00  0.000000e+00  6.184093e-201  1.111898e-213  1.671158e-252  6.251250e-266
8.327334e+05  6.919378e+04  0.000000e+00  0.000000e+00  6.222993e+05  0.000000e+00  0.000000e+00  1.017462e-201  8.597601e-215  1.210256e-253  1.683085e-266
8.385057e+05  6.740797e+04  0.000000e+00  0.000000e+00  6.062385e+05  0.000000e+00  0.000000e+00  1.854440e-202  6.372097e-216  8.271275e-255  4.451011e-267
8.445724e+05  6.558404e+04  0.000000e+00  0.000000e+00  5.898348e+05  0.000000e+00  0.000000e+00  3.332051e-203  4.181271e-217  4.699238e-256  1.044673e-267
8.509377e+05  6.372693e+04  0.000000e+00  0.000000e+00  5.731328e+05  0.000000e+00  0.000000e+00  5.966780e-204  2.473639e-218  2.576128e-257  2.116681e-268
8.573510e+05  6.191251e+04  0.000000e+00  0.000000e+00  5.568146e+05  0.000000e+00  0.000000e+00  1.161028e-204  1.181611e-219  1.184394e-258  4.106791e-269
8.638126e+05  6.014005e+04  0.000000e+00  0.000000e+00  5.408739e+05  0.000000e+00  0.000000e+00  2.273449e-205  4.135490e-221  4.045144e-260  7.654671e-270
8.703229e+05  5.840885e+04  0.000000e+00  0.000000e+00  5.253043e+05  0.000000e+00  0.000000e+00  4.275820e-206  9.005872e-223  1.044133e-261  1.353069e-270
8.768822e+05  5.671821e+04  0.000000e+00  0.000000e+00  5.100994e+05  0.000000e+00  0.000000e+00  7.639534e-207  9.417613e-225  4.679292e-263  2.261951e-271
8.834910e+05  5.506744e+04  0.000000e+00  0.000000e+00  4.952530e+05  0.000000e+00  0.000000e+00  1.297902e-207  6.469979e-247  6.251169e-264  3.585544e-272
8.901496e+05  5.345583e+04  0.000000e+00  0.000000e+00  4.807589e+05  0.000000e+00  0.000000e+00  2.103036e-208  1.005148e-247  9.613834e-265  5.410964e-273
8.968584e+05  5.188270e+04  0.000000e+00  0.000000e+00  4.666109e+05  0.000000e+00  0.000000e+00  3.225926e-209  1.476791e-248  1.394731e-265  7.710289e-274
9.036177e+05  5.034739e+04  0.000000e+00  0.000000e+00  4.528029e+05  0.000000e+00  0.000000e+00  4.649614e-210  2.033212e-249  1.887340e-266  1.026604e-274
9.104280e+05  4.884921e+04  0.000000e+00  0.000000e+00  4.393289e+05  0.000000e+00  0.000000e+00  6.256181e-211  2.605310e-250  2.364110e-267  1.267874e-275
9.172896e+05  4.738750e+04  0.000000e+00  0.000000e+00  4.261829e+05  0.000000e+00  0.000000e+00  7.731946e-212  3.058152e-251  2.703675e-268  1.430611e-276
9.242029e+05  4.596161e+04  0.000000e+00  0.000000e+00  4.133591e+05  0.000000e+00  0.000000e+00  8.613886e-213  3.244143e-252  2.796701e-269  1.458166e-277
9.311684e+05  4.457088e+04  0.000000e+00  0.000000e+00  4.008515e+05  0.000000e+00  0.000000e+00  8.598096e-214  3.101815e-253  2.620372e-270  1.342042e-278
9.381863e+05  4.321467e+04  0.000000e+00  0.000000e+00  3.886543e+05  0.000000e+00  0.000000e+00  7.773362e-215  2.698603e-254  2.248584e-271  1.126851e-279
9.452571e+05  4.189234e+04  0.000000e+00  0.000000e+00  3.767618e+05  0.000000e+00  0.000000e+00  6.381807e-216  2.119244e-255  1.748830e-272  8.554289e-281
9.523812e+05  4.060326e+04  0.000000e+00  0.000000e+00  3.651684e+05  0.000000e+00  0.000000e+00  4.651810e-217  1.458880e-256  1.194453e-273  5.697649e-282
9.595590e+05  3.934680e+04  0.000000e+00  0.000000e+00  3.538683e+05  0.000000e+00  0.000000e+00  2.990638e-218  8.803893e-258  7.149766e-275  3.321758e-283
9.667909e+05  3.812235e+04  0.000000e+00  0.000000e+00  3.428561e+05  0.000000e+00  0.000000e+00  1.580151e-219  4.440478e-259  3.568697e-276  1.612002e-284
9.740773e+05  3.692929e+04  0.000000e+00  0.000000e+00  3.321263e+05  0.000000e+00  0.000000e+00  6.287413e-221  1.659498e-260  1.309881e-277  5.809550e-286
9.814186e+05  3.576702e+04  0.000000e+00  0.000000e+00  3.216733e+05  0.000000e+00  0.000000e+00  1.639282e-222  4.044579e-262  3.137688e-279  1.391177e-287
9.888153e+05  3.463495e+04  0.000000e+00  0.000000e+00  3.114919e+05  0.000000e+00  0.000000e+00  2.346769e-224  5.180791e-264  4.173468e-281  1.661869e-289
9.962677e+05  3.353247e+04  0.000000e+00  0.000000e+00  3.015767e+05  0.000000e+00  0.000000e+00  8.542503e-254  1.056044e-293  6.816266e-311  2.936973e-319
