# E_keV EF_E_over_20_50_keV_mean EF_E_over_EF_E_at_2p25_keV
1.0025110000000000e-03 3.2729602790090044e-05 5.8544691131782928e-05
1.0075309999999999e-03 3.3362578283600154e-05 5.9676918583463386e-05
1.0125759999999998e-03 3.3988021312223058e-05 6.0795672427379311e-05
1.0176460000000001e-03 3.4611024914218960e-05 6.1910062775675319e-05
1.0227410000000000e-03 3.5234825663285824e-05 6.3025879011396698e-05
1.0278620000000000e-03 3.5861456915294575e-05 6.4146758275885745e-05
1.0330080000000000e-03 3.6492217566914174e-05 6.5275023955245977e-05
1.0381810000000000e-03 3.7128096380887674e-05 6.6412444687177232e-05
1.0433790000000001e-03 3.7773601052253398e-05 6.7567083558036723e-05
1.0486029999999999e-03 3.8417571111894154e-05 6.8718977410265179e-05
1.0538530000000000e-03 3.9072115156254813e-05 6.9889785353001511e-05
1.0591299999999999e-03 3.9733696570728717e-05 7.1073181308562268e-05
1.0644330000000000e-03 4.0445416396814344e-05 7.2346261756796903e-05
1.0697630000000001e-03 4.1078931760837217e-05 7.3479454895492360e-05
1.0751190000000000e-03 4.1763065885003406e-05 7.4703191744634621e-05
1.0805020000000001e-03 4.2455179337408665e-05 7.5941201523093850e-05
1.0859120000000001e-03 4.3155499077611062e-05 7.7193890202103836e-05
1.0913489999999999e-03 4.3864237284060150e-05 7.8461637313364808e-05
1.0968140000000000e-03 4.4581644051787283e-05 7.9744890211415651e-05
1.1023050000000000e-03 4.5307837285100463e-05 8.1043859796197282e-05
1.1078250000000000e-03 4.6042558768330044e-05 8.2358084187474808e-05
1.1133720000000001e-03 4.6787692506677414e-05 8.3690933377341108e-05
1.1189460000000000e-03 4.7541783954138813e-05 8.5039805563780053e-05
1.1245490000000001e-03 4.8305695845937253e-05 8.6406243954250734e-05
1.1301790000000000e-03 4.9079566104392132e-05 8.7790495255675999e-05
1.1358379999999999e-03 4.9917881911860722e-05 8.9290022773131858e-05
1.1415250000000000e-03 5.0658439662817202e-05 9.0614686719500367e-05
1.1472410000000000e-03 5.1492299801752144e-05 9.2106244212395859e-05
1.1529850000000000e-03 5.2280562683491910e-05 9.3516240149043057e-05
1.1587580000000000e-03 5.3110696498007040e-05 9.5001132223063343e-05
1.1645600000000000e-03 5.3948145844179560e-05 9.6499109868090820e-05
1.1703910000000000e-03 5.4799659894985601e-05 9.8022245587718528e-05
1.1762509999999999e-03 5.5663379329983012e-05 9.9567213544425663e-05
1.1821410000000001e-03 5.6539567042205422e-05 1.0113448398502680e-04
1.1880599999999999e-03 5.7434431730305517e-05 1.0273516264604073e-04
1.1940079999999999e-03 5.8330449976974991e-05 1.0433790472134600e-04
1.1999870000000000e-03 5.9245798309204420e-05 1.0597522325930853e-04
1.2059949999999999e-03 6.0174733243417356e-05 1.0763684467139257e-04
1.2120329999999999e-03 6.1117553345913081e-05 1.0932330301454611e-04
1.2181020000000000e-03 6.2074619144098542e-05 1.1103524317791792e-04
1.2242010000000001e-03 6.3277367490008433e-05 1.1318664510210739e-04
1.2303310000000001e-03 6.4033006449755228e-05 1.1453828538290275e-04
1.2364909999999999e-03 6.5076240068503473e-05 1.1640435721944827e-04
1.2426820000000002e-03 6.6049690098207776e-05 1.1814560448379084e-04
1.2489040000000001e-03 6.7081589585116707e-05 1.1999140252563020e-04
1.2551570000000000e-03 6.8129292541784225e-05 1.2186546883768847e-04
1.2614420000000000e-03 6.9193127023198397e-05 1.2376839022445796e-04
1.2677579999999999e-03 7.0278325131634080e-05 1.2570952554720005e-04
1.2741059999999999e-03 7.1370108776339040e-05 1.2766244067030497e-04
1.2804850000000000e-03 7.2492920604922084e-05 1.2967085709152140e-04
1.2868960000000000e-03 7.3614562166701987e-05 1.3167718021179028e-04
1.2933400000000000e-03 7.4762852186317498e-05 1.3373117044684606e-04
1.2998160000000001e-03 7.5962330786478777e-05 1.3587672365187570e-04
1.3063240000000000e-03 7.7112672409170149e-05 1.3793438366774646e-04
1.3128649999999999e-03 7.8314846706669251e-05 1.4008475876960879e-04
1.3194380000000000e-03 7.9535546078677181e-05 1.4226827038010118e-04
1.3260449999999999e-03 8.0821603028422814e-05 1.4456868958725202e-04
1.3326840000000000e-03 8.2033798941495473e-05 1.4673699073582374e-04
1.3393570000000000e-03 8.3312449186676059e-05 1.4902416128750369e-04
1.3460630000000000e-03 8.4636262824853672e-05 1.5139211732596243e-04
1.3528030000000001e-03 8.5927419990897074e-05 1.5370165948488796e-04
1.3595759999999999e-03 8.7268747912068573e-05 1.5610094399057096e-04
1.3663840000000000e-03 8.8624127127978877e-05 1.5852536258406308e-04
1.3732249999999998e-03 9.0021856487160868e-05 1.6102553449705409e-04
1.3801010000000001e-03 9.1404463028081935e-05 1.6349865564716822e-04
1.3870110000000001e-03 9.2826838218178280e-05 1.6604291249965026e-04
1.3939560000000000e-03 9.4271117953868819e-05 1.6862635084982473e-04
1.4009350000000001e-03 9.5752535243962407e-05 1.7127621856261201e-04
1.4079500000000000e-03 9.7226642062829465e-05 1.7391300975617814e-04
1.4149989999999999e-03 9.8738487784494602e-05 1.7661730596720923e-04
1.4220839999999999e-03 1.0027358256317662e-04 1.7936318865488922e-04
1.4292050000000000e-03 1.0183229131156341e-04 1.8215131055248656e-04
1.4363609999999999e-03 1.0342271986658903e-04 1.8499617088025487e-04
1.4435530000000000e-03 1.0502179536927857e-04 1.8785649833371560e-04
1.4507800000000000e-03 1.0665332360682283e-04 1.9077487523405279e-04
1.4580439999999999e-03 1.0830995016337075e-04 1.9373814645661628e-04
1.4653449999999998e-03 1.0999206466150864e-04 1.9674700893421393e-04
1.4726820000000001e-03 1.1169989105986835e-04 1.9980186327020813e-04
1.4800560000000000e-03 1.1343390263785318e-04 2.0290355603755193e-04
1.4874660000000000e-03 1.1519572641689762e-04 2.0605499755165481e-04
1.4949140000000002e-03 1.1698669460159527e-04 2.0925857077777783e-04
1.5023990000000000e-03 1.1883915719626782e-04 2.1257214140476763e-04
1.5099219999999999e-03 1.2069912972621377e-04 2.1589914533994088e-04
1.5174819999999999e-03 1.2251318660408384e-04 2.1914401819377662e-04
1.5250800000000001e-03 1.2441276726798297e-04 2.2254187071160656e-04
1.5327159999999999e-03 1.2634143498563665e-04 2.2599175235392405e-04
1.5403900000000000e-03 1.2829957526800750e-04 2.2949435269891861e-04
1.5481030000000001e-03 1.3029040420179267e-04 2.3305542448375427e-04
1.5558540000000002e-03 1.3230626438158848e-04 2.3666127061479077e-04
1.5636440000000001e-03 1.3436540144238834e-04 2.4034452775651921e-04
1.5714729999999999e-03 1.3643631820170737e-04 2.4404885569509949e-04
1.5793420000000001e-03 1.3854889790670616e-04 2.4782770773658765e-04
1.5872500000000001e-03 1.4069378752852056e-04 2.5166435376086849e-04
1.5951970000000000e-03 1.4287143567695708e-04 2.5555959621344465e-04
1.6031839999999999e-03 1.4512820657180278e-04 2.5959636854585877e-04
1.6112110000000000e-03 1.4732708592039482e-04 2.6352958805741220e-04
1.6192789999999999e-03 1.4960611327773096e-04 2.6760617137471806e-04
1.6273860000000000e-03 1.5191978965908311e-04 2.7174473272524493e-04
1.6355350000000000e-03 1.5430931072839548e-04 2.7601896036720514e-04
1.6437240000000001e-03 1.5665369776402647e-04 2.8021245503851626e-04
1.6519540000000000e-03 1.5907494581358082e-04 2.8454343394234555e-04
1.6602250000000000e-03 1.6153311331360855e-04 2.8894045207795472e-04
1.6685380000000000e-03 1.6403017571747647e-04 2.9340704301426449e-04
1.6768920000000001e-03 1.6656253556417407e-04 2.9793677183530379e-04
1.6852890000000000e-03 1.6913505099030410e-04 3.0253832847564684e-04
1.6937269999999999e-03 1.7174656177747829e-04 3.0720963760832976e-04
1.7022070000000001e-03 1.7439786598884884e-04 3.1195212675940749e-04
1.7107300000000001e-03 1.7708956971874672e-04 3.1676688007296905e-04
1.7192959999999999e-03 1.7982228416520610e-04 3.2165499082229242e-04
1.7279040000000002e-03 1.8263344957055990e-04 3.2668342979945669e-04
1.7365560000000000e-03 1.8541303942680326e-04 3.3165538838540314e-04
1.7452510000000002e-03 1.8827244191514588e-04 3.3677011087608226e-04
1.7539890000000001e-03 1.9120934286315981e-04 3.4202345782284626e-04
1.7627719999999999e-03 1.9412257224365992e-04 3.4723446253229098e-04
1.7715980000000001e-03 1.9711444394506658e-04 3.5258613776611964e-04
1.7804679999999999e-03 2.0015178640669977e-04 3.5801914828623529e-04
1.7893829999999999e-03 2.0323533069864410e-04 3.6353480178563283e-04
1.7983420000000001e-03 2.0639893361504527e-04 3.6919365920569272e-04
1.8073469999999999e-03 2.0954356060323066e-04 3.7481857365786949e-04
1.8163959999999999e-03 2.1276970864453443e-04 3.8058930793273592e-04
1.8254910000000000e-03 2.1604499473669783e-04 3.8644793731677443e-04
1.8346310000000000e-03 2.1937001546617146e-04 3.9239552894696519e-04
1.8438170000000000e-03 2.2274555853888368e-04 3.9843349182300117e-04
1.8530489999999998e-03 2.2620209504765882e-04 4.0461633075293904e-04
1.8623270000000000e-03 2.2965107289940799e-04 4.1078564922423290e-04
1.8716520000000001e-03 2.3318619408578268e-04 4.1710905556976898e-04
1.8810229999999999e-03 2.3676771136206103e-04 4.2351545237414288e-04
1.8904420000000000e-03 2.4402961789768375e-04 4.3650510207696890e-04
1.8999069999999999e-03 2.4412706820494388e-04 4.3667941516520992e-04
1.9094200000000000e-03 2.4785004835285620e-04 4.4333885201347137e-04
1.9189799999999998e-03 2.5165639922409617e-04 4.5014741726020298e-04
1.9285890000000001e-03 2.5552053643191936e-04 4.5705934713523755e-04
1.9382449999999999e-03 2.5946639699316938e-04 4.6411745869525355e-04
1.9479500000000002e-03 2.6342494032417199e-04 4.7119825641014354e-04
1.9577029999999999e-03 2.6746700782748304e-04 4.7842845700355905e-04
1.9675050000000000e-03 2.7159075778672881e-04 4.8580476612704912e-04
1.9773569999999999e-03 2.7573551886555462e-04 4.9321865864298154e-04
1.9872570000000001e-03 2.7998167139649835e-04 5.0081391392355610e-04
1.9972079999999999e-03 2.8427987607744618e-04 5.0850227687379232e-04
2.0072079999999999e-03 2.8862896449710065e-04 5.1628165751175647e-04
2.0172580000000001e-03 2.9303621117537297e-04 5.2416506804917832e-04
2.0273579999999999e-03 2.9754201777253727e-04 5.3222477647956617e-04
2.0375089999999998e-03 3.0209030208542528e-04 5.4036046642317247e-04
2.0477110000000002e-03 3.0700053718798342e-04 5.4914359157465600e-04
2.0579640000000002e-03 3.1140586617307836e-04 5.5702357186101505e-04
2.0682680000000003e-03 3.1617258532287240e-04 5.6554998454394392e-04
2.0786239999999998e-03 3.2101132580721216e-04 5.7420522453996057e-04
2.0890309999999999e-03 3.2592293320817808e-04 5.8299080437404255e-04
2.0994910000000002e-03 3.3090877453738734e-04 5.9190916927210398e-04
2.1100030000000001e-03 3.3597377644537093e-04 6.0096913172220056e-04
2.1205680000000002e-03 3.4110706022989990e-04 6.1015123257397242e-04
2.1311860000000002e-03 3.4632601446285544e-04 6.1948657543037277e-04
2.1418570000000000e-03 3.5165999537347672e-04 6.2902767090036434e-04
2.1525810000000002e-03 3.5698737233901993e-04 6.3855695364145332e-04
2.1633589999999997e-03 3.6244077587534927e-04 6.4831166492527136e-04
2.1741909999999998e-03 3.6804700616295294e-04 6.5833974325871149e-04
2.1850770000000001e-03 3.7362183197718385e-04 6.6831164721064271e-04
2.1960180000000001e-03 3.7929462178297961e-04 6.7845878309755908e-04
2.2070129999999999e-03 3.8508364232745683e-04 6.8881382534801327e-04
2.2180640000000001e-03 3.9095995563072675e-04 6.9932501149163760e-04
2.2291690000000000e-03 3.9692430402049210e-04 7.0999366935835901e-04
2.2403309999999999e-03 4.0297851828471898e-04 7.2082307374856790e-04
2.2515479999999999e-03 4.0912344764477683e-04 7.3181474369697749e-04
2.2628219999999998e-03 4.1536075151882247e-04 7.4297164746825190e-04
2.2741519999999998e-03 4.2169163775060609e-04 7.5429594557866028e-04
2.2855379999999997e-03 4.2852122550920269e-04 7.6651229016581500e-04
2.2969819999999999e-03 4.3463977856788145e-04 7.7745677981609076e-04
2.3084829999999996e-03 4.4126004644272837e-04 7.8929870592892243e-04
2.3200420000000000e-03 4.4797977415698433e-04 8.0131853965693554e-04
2.3316579999999999e-03 4.5480003305035769e-04 8.1351819734640316e-04
2.3433330000000000e-03 4.6183055134892131e-04 8.2609395406809424e-04
2.3550659999999998e-03 4.6874876778784546e-04 8.3846883216231506e-04
2.3668580000000003e-03 4.7588018850531593e-04 8.5122507689625732e-04
2.3787080000000002e-03 4.8311814570504074e-04 8.6417188750684184e-04
2.3906190000000001e-03 4.9046486753511300e-04 8.7731324956770191e-04
2.4025880000000002e-03 4.9793181372608409e-04 8.9066966153675893e-04
2.4146179999999999e-03 5.0548949540736425e-04 9.0418837554439885e-04
2.4267080000000001e-03 5.1317146274085950e-04 9.1792940404719821e-04
2.4388589999999998e-03 5.2096824786938465e-04 9.3187581152723612e-04
2.4510700000000001e-03 5.2888143293905302e-04 9.4603042802972076e-04
2.4633430000000002e-03 5.3691303182819392e-04 9.6039685585577099e-04
2.4756769999999999e-03 5.4506455239641816e-04 9.7497779217148935e-04
2.4880720000000000e-03 5.5341744482845256e-04 9.8991893003456564e-04
2.5005299999999999e-03 5.6173453432330613e-04 1.0047960258158511e-03
2.5130499999999997e-03 5.7025717048658406e-04 1.0200407907770303e-03
2.5256330000000002e-03 5.7890725532334551e-04 1.0355135280503726e-03
2.5382790000000001e-03 5.8768671566491299e-04 1.0512176842326906e-03
2.5509879999999997e-03 5.9979546070909216e-04 1.0728770591768809e-03
2.5637609999999999e-03 6.0563881447847851e-04 1.0833292893428408e-03
2.5765980000000003e-03 6.1481525263585831e-04 1.0997435349131041e-03
2.5894989999999999e-03 6.2412971360305020e-04 1.1164046671572267e-03
2.6024640000000001e-03 6.3358036791541787e-04 1.1333094136419086e-03
2.6154950000000002e-03 6.4317375036850749e-04 1.1504694634056430e-03
2.6285900000000001e-03 6.5290988569744227e-04 1.1678848606930892e-03
2.6417519999999998e-03 6.6818669448510774e-04 1.1952110723091980e-03
2.6549790000000000e-03 6.7281718822512888e-04 1.2034938133963973e-03
2.6682730000000001e-03 6.8317820744323620e-04 1.2220269643736592e-03
2.6816330000000001e-03 6.9331703411051415e-04 1.2401626710451192e-03
2.6950600000000000e-03 7.0379770009505683e-04 1.2589098387652917e-03
2.7085539999999997e-03 7.1443315089394696e-04 1.2779338759973237e-03
2.7221150000000002e-03 7.2527411274681539e-04 1.2973255187043286e-03
2.7357449999999999e-03 7.3667019027069691e-04 1.3177101180234354e-03
2.7494429999999999e-03 7.4745797343284300e-04 1.3370066379743502e-03
2.7632090000000000e-03 7.5857953548134330e-04 1.3569002009732130e-03
2.7770450000000001e-03 7.7002935043840180e-04 1.3773809224923881e-03
2.7909490000000000e-03 7.8164880649431168e-04 1.3981650875271848e-03
2.8049240000000003e-03 7.9344109270063524e-04 1.4192584004559879e-03
2.8189679999999998e-03 8.0540808430978254e-04 1.4406642156144383e-03
2.8330820000000002e-03 8.1755237641117711e-04 1.4623871749381476e-03
2.8472680000000000e-03 8.2988018537606667e-04 1.4844383978878993e-03
2.8615240000000003e-03 8.4550795745078132e-04 1.5123923909461069e-03
2.8758519999999999e-03 8.5507803666382356e-04 1.5295107573139351e-03
2.8902509999999999e-03 8.6795654756381506e-04 1.5525470418577118e-03
2.9047230000000001e-03 8.8117521247742735e-04 1.5761917728831763e-03
2.9192659999999998e-03 8.9428917594761047e-04 1.5996492204360629e-03
2.9338830000000000e-03 9.0775912462076266e-04 1.6237434323239455e-03
2.9485729999999999e-03 9.2166947610369137e-04 1.6486254095457765e-03
2.9633369999999999e-03 9.3527916165801197e-04 1.6729695741324498e-03
2.9781740000000001e-03 9.4935825778593450e-04 1.6981533913486330e-03
2.9930859999999998e-03 9.6361854687845459e-04 1.7236613153441024e-03
3.0080719999999997e-03 9.7812595102671250e-04 1.7496112634822103e-03
3.0231340000000002e-03 9.9437278479638617e-04 1.7786725958489741e-03
3.0382699999999996e-03 1.0077433952351063e-03 1.8025891176411441e-03
3.0534830000000001e-03 1.0228801981481792e-03 1.8296648953996463e-03
3.0687720000000000e-03 1.0382405323048458e-03 1.8571405120348505e-03
3.0841370000000002e-03 1.0540587385190585e-03 1.8854351419150006e-03
3.0995789999999999e-03 1.0696929669576005e-03 1.9134006837178883e-03
3.1150989999999996e-03 1.0866946046774867e-03 1.9438121627519873e-03
3.1306960000000001e-03 1.1021887815957148e-03 1.9715271890490224e-03
3.1463720000000001e-03 1.1185925135757376e-03 2.0008691712398289e-03
3.1621260000000003e-03 1.1354644204343502e-03 2.0310485957252601e-03
3.1779579999999998e-03 1.1524282291235763e-03 2.0613924085267432e-03
3.1938700000000001e-03 1.1707567750526449e-03 2.0941773789767029e-03
3.2098620000000004e-03 1.1873233837894099e-03 2.1238107050459295e-03
3.2259340000000002e-03 1.2056414638811719e-03 2.1565769548527918e-03
3.2420859999999999e-03 1.2230527602720290e-03 2.1877212060050027e-03
3.2583190000000000e-03 1.2419987035777133e-03 2.2216105387337028e-03
3.2746339999999998e-03 1.2600551250765413e-03 2.2539087498172250e-03
3.2910299999999999e-03 1.2792570224548607e-03 2.2882559173758327e-03
3.3075079999999998e-03 1.2980384205632319e-03 2.3218509218227113e-03
3.3240690000000002e-03 1.3175781102817469e-03 2.3568023114475100e-03
3.3407120000000000e-03 1.3371450799415511e-03 2.3918024977456786e-03
3.3574389999999998e-03 1.3572769794836972e-03 2.4278131957107606e-03
3.3742500000000001e-03 1.3775580107913451e-03 2.4640906513632246e-03
3.3911449999999999e-03 1.3981352424850446e-03 2.5008979319642447e-03
3.4081109999999997e-03 1.4191842694603106e-03 2.5385491308130325e-03
3.4251480000000003e-03 1.4403427801903711e-03 2.5763961674374722e-03
3.4422709999999998e-03 1.4622354702969237e-03 2.6155564587661538e-03
3.4594800000000000e-03 1.4837526828897732e-03 2.6540451191188149e-03
3.4767739999999998e-03 1.5058474966574958e-03 2.6935669567635188e-03
3.4941550000000001e-03 1.5282651503514670e-03 2.7336662705202438e-03
3.5116230000000002e-03 1.5510108955785426e-03 2.7743524541388419e-03
3.5291780000000000e-03 1.5746717335252867e-03 2.8166754990714468e-03
3.5468209999999999e-03 1.5977314462348063e-03 2.8579232883228106e-03
3.5645519999999999e-03 1.6223428294329803e-03 2.9019466098676510e-03
3.5823719999999999e-03 1.6455521091266077e-03 2.9434619352985483e-03
3.6002800000000000e-03 1.6701384324883804e-03 2.9874404313564636e-03
3.6182789999999999e-03 1.6954477902958163e-03 3.0327122467549918e-03
3.6363669999999997e-03 1.7199801737956639e-03 3.0765942585208022e-03
3.6545459999999998e-03 1.7457166369077880e-03 3.1226300534978207e-03
3.6728149999999998e-03 1.7716246190678559e-03 3.1689726511497590e-03
3.6911760000000000e-03 1.7979093495691936e-03 3.2159891529555465e-03
3.7096289999999999e-03 1.8245931255737586e-03 3.2637194427007662e-03
3.7281739999999999e-03 1.8516252756352689e-03 3.3120728824332611e-03
3.7468120000000000e-03 1.8793571004039763e-03 3.3616778570495828e-03
3.7655430000000001e-03 1.9071076894036207e-03 3.4113163959627758e-03
3.7843669999999999e-03 1.9353528455181756e-03 3.4618395859721666e-03
3.8032859999999999e-03 1.9641581188820641e-03 3.5133646791079142e-03
3.8222989999999999e-03 1.9930758400000881e-03 3.5650909118381926e-03
3.8414069999999998e-03 2.0225652395334469e-03 3.6178397275942143e-03
3.8606109999999999e-03 2.0596602239020198e-03 3.6841929435597310e-03
3.8799109999999998e-03 2.0830444768445652e-03 3.7260212503268178e-03
3.8993069999999999e-03 2.1137801309865788e-03 3.7809992893216063e-03
3.9188000000000001e-03 2.1451986753252654e-03 3.8371988401048980e-03
3.9383910000000003e-03 2.1766682791544228e-03 3.8934897229498141e-03
3.9580789999999998e-03 2.2090673333144445e-03 3.9514431491164976e-03
3.9778660000000000e-03 2.2415481303840307e-03 4.0095427919489739e-03
3.9977520000000002e-03 2.2746065505312159e-03 4.0686756512517356e-03
4.0177379999999999e-03 2.3081400513226750e-03 4.1286583054560757e-03
4.0378230000000003e-03 2.3421521651500170e-03 4.1894970730858398e-03
4.0580090000000004e-03 2.3768228255254026e-03 4.2515138080896171e-03
4.0782950000000000e-03 2.4118012278629606e-03 4.3140810129001688e-03
4.0986830000000005e-03 2.4477781719248119e-03 4.3784343474479450e-03
4.1191730000000003e-03 2.4833099592181697e-03 4.4419914130741645e-03
4.1397650000000001e-03 2.5198738554728373e-03 4.5073946514370879e-03
4.1604609999999998e-03 2.5610267892258931e-03 4.5810064765237305e-03
4.1812589999999997e-03 2.5945751840816072e-03 4.6410157723099157e-03
4.2021620000000006e-03 2.6326842858720770e-03 4.7091829788581197e-03
4.2231690000000006e-03 2.6714407262603463e-03 4.7785081046914707e-03
4.2442820000000003e-03 2.7107637400101141e-03 4.8488466819457000e-03
4.2654989999999999e-03 2.7507672250355292e-03 4.9204024441719665e-03
4.2868230000000004e-03 2.7908758744353327e-03 4.9921463179331063e-03
4.3082540000000001e-03 2.8317285703565900e-03 5.0652210961377115e-03
4.3297910000000004e-03 2.8732142422744616e-03 5.1394281026939190e-03
4.3514369999999997e-03 2.9153610996021941e-03 5.2148177968571038e-03
4.3731899999999999e-03 2.9580362731651075e-03 5.2911525104574926e-03
4.3950520000000000e-03 3.0013742822936540e-03 5.3686728633615417e-03
4.4170239999999994e-03 3.0453170896708294e-03 5.4472750420026805e-03
4.4391049999999996e-03 3.0898264618753005e-03 5.5268906567992439e-03
4.4612970000000004e-03 3.1350201510580091e-03 5.6077303355230130e-03
4.4835989999999996e-03 3.1808619141056624e-03 5.6897292487323682e-03
4.5060140000000000e-03 3.2273198289880867e-03 5.7728302962721722e-03
4.5285399999999993e-03 3.2808256914397997e-03 5.8685382769361992e-03
4.5511790000000007e-03 3.3222253515394337e-03 5.9425914308665522e-03
4.5739309999999998e-03 3.3706608629559976e-03 6.0292298808923266e-03
4.5967960000000002e-03 3.4197671518421935e-03 6.1170681762089119e-03
4.6197770000000003e-03 3.4714546574824111e-03 6.2095235925635232e-03
4.6428710000000007e-03 3.5200659643304768e-03 6.2964764945948925e-03
4.6660820000000002e-03 3.5712767230349327e-03 6.3880791354886711e-03
4.6894079999999999e-03 3.6232052052727446e-03 6.4809655958912842e-03
4.7128509999999997e-03 3.6767516341020944e-03 6.5767461391850598e-03
4.7364119999999997e-03 3.7292610668990061e-03 6.6706717680512654e-03
4.7600899999999998e-03 3.7835375050772838e-03 6.7677581069616388e-03
4.7838860000000002e-03 3.8383140107888830e-03 6.8657389357767960e-03
4.8078010000000004e-03 3.8939909126121689e-03 6.9653303375216968e-03
4.8318359999999999e-03 3.9509106785569738e-03 7.0671448978114702e-03
4.8559910000000005e-03 4.0076955652831045e-03 7.1687181944889719e-03
4.8802669999999998e-03 4.0657442175945175e-03 7.2725520369582401e-03
4.9046640000000004e-03 4.1288382430832073e-03 7.3854107312169631e-03
4.9291830000000002e-03 4.1896403442804458e-03 7.4941697729195254e-03
4.9538250000000002e-03 4.2456556205282391e-03 7.5943664379270670e-03
4.9785899999999998e-03 4.3061030845150984e-03 7.7024911265004877e-03
5.0034789999999999e-03 4.3682931013684246e-03 7.8137327859703291e-03
5.0284919999999999e-03 4.4313492120654045e-03 7.9265236605923703e-03
5.0536299999999999e-03 4.4952829715283081e-03 8.0408844190975933e-03
5.0788939999999996e-03 4.5601047618350019e-03 8.1568336323053874e-03
5.1042839999999997e-03 4.6262264341468164e-03 8.2751079941251471e-03
5.1298009999999998e-03 4.6924586093737833e-03 8.3935800167316364e-03
5.1554460000000002e-03 4.7601325941123377e-03 8.5146310591040549e-03
5.1812180000000005e-03 4.8284990177308472e-03 8.6369206933596277e-03
5.2071200000000000e-03 4.9023450166034198e-03 8.7690118532505676e-03
5.2331510000000001e-03 4.9683229447191586e-03 8.8870290943342395e-03
5.2593129999999998e-03 5.0397624817230032e-03 9.0148157239279859e-03
5.2856050000000005e-03 5.1120282641789454e-03 9.1440802903333188e-03
5.3120279999999999e-03 5.1858060218959497e-03 9.2760493846617501e-03
5.3385840000000004e-03 5.2597211904360109e-03 9.4082642709799498e-03
5.3652719999999999e-03 5.3393886068826149e-03 9.5507684229260217e-03
5.3920940000000001e-03 5.4120453573582748e-03 9.6807323287673858e-03
5.4190500000000008e-03 5.4889386634655877e-03 9.8182743235488614e-03
5.4461399999999995e-03 5.5674460924146517e-03 9.9587035615341431e-03
5.4733660000000003e-03 5.6471539089485946e-03 1.0101279978660154e-02
5.5007289999999993e-03 5.7305539288408230e-03 1.0250460781014818e-02
5.5282270000000001e-03 5.8094730684557635e-03 1.0391626461599907e-02
5.5558639999999998e-03 5.8923604653952789e-03 1.0539890315691370e-02
5.5836379999999993e-03 5.9786275905501854e-03 1.0694199618783495e-02
5.6115519999999997e-03 6.0626134159464922e-03 1.0844428273827344e-02
5.6396050000000007e-03 6.1479041060447416e-03 1.0996990990223355e-02
5.6677979999999999e-03 6.2371730809640136e-03 1.1156669816691792e-02
5.6961320000000005e-03 6.3240104695270844e-03 1.1311999171732267e-02
5.7246080000000000e-03 6.4153879859805731e-03 1.1475449627011813e-02
5.7532259999999993e-03 6.5050916926594673e-03 1.1635906074790092e-02
5.7819869999999997e-03 6.5987147056690400e-03 1.1803373135561509e-02
5.8108919999999998e-03 6.6919016009336250e-03 1.1970060095858099e-02
5.8399419999999999e-03 6.7865678731637543e-03 1.2139393274260994e-02
5.8691370000000000e-03 6.8831644821162842e-03 1.2312179319718772e-02
5.8984770000000001e-03 6.9797460120178314e-03 1.2484938392701874e-02
5.9279650000000003e-03 7.0779244458483281e-03 1.2660553908761512e-02
5.9575990000000001e-03 7.1798687231300236e-03 1.2842905532897837e-02
5.9873820000000003e-03 7.2878179105771669e-03 1.3035998369298939e-02
6.0173140000000002e-03 7.3820494338508640e-03 1.3204553895631400e-02
6.0473960000000000e-03 7.4871443633155281e-03 1.3392541211716038e-02
6.0776269999999995e-03 7.5914954946416828e-03 1.3579198067649272e-02
6.1080100000000005e-03 7.6983872224214607e-03 1.3770399385537082e-02
6.1385449999999996e-03 7.8067109092045152e-03 1.3964162103210212e-02
6.1692330000000005e-03 7.9164846993596844e-03 1.4160518676194512e-02
6.2000739999999999e-03 8.0277376127861951e-03 1.4359521013492606e-02
6.2310689999999997e-03 8.1404524025998279e-03 1.4561138264943667e-02
6.2622190000000003e-03 8.2612142238169643e-03 1.4777149548948909e-02
6.2935240000000000e-03 8.3704124917669681e-03 1.4972476663373721e-02
6.3249869999999998e-03 8.4888692028946468e-03 1.5184364708882070e-02
6.3566059999999999e-03 8.6071315567434539e-03 1.5395905100099173e-02
6.3883840000000004e-03 8.7269263028682993e-03 1.5610186539934214e-02
6.4203200000000002e-03 8.8923211598940944e-03 1.5906034640550102e-02
6.4524160000000007e-03 8.9724089442941857e-03 1.6049290720717129e-02
6.4846729999999998e-03 9.0976896027756358e-03 1.6273385021605000e-02
6.5170910000000000e-03 9.2242721988556459e-03 1.6499808148023366e-02
6.5496710000000000e-03 9.3527011389435109e-03 1.6729533900518682e-02
6.5824129999999996e-03 9.4832826253324117e-03 1.6963109994832973e-02
6.6153200000000001e-03 9.6146441203485838e-03 1.7198081320383540e-02
6.6483910000000000e-03 9.7480933776455739e-03 1.7436787106100672e-02
6.6816269999999999e-03 9.8842542731251305e-03 1.7680343302648564e-02
6.7150299999999994e-03 1.0020519561793102e-02 1.7924086231281514e-02
6.7485989999999992e-03 1.0159384765373668e-02 1.8172479727063193e-02
6.7823359999999999e-03 1.0300060925368691e-02 1.8424112549781334e-02
6.8162420000000001e-03 1.0442573338545888e-02 1.8679029948730958e-02
6.8503170000000007e-03 1.0586940170952257e-02 1.8937264418214465e-02
6.8845629999999998e-03 1.0734402621678650e-02 1.9201036138472748e-02
6.9189799999999999e-03 1.0881327946601601e-02 1.9463847081282463e-02
6.9535689999999997e-03 1.1031973033060282e-02 1.9733311703685842e-02
6.9883309999999995e-03 1.1183403219621996e-02 2.0004180664642743e-02
7.0232669999999997e-03 1.1346141791525197e-02 2.0295277366561323e-02
7.0583770000000002e-03 1.1493318943719381e-02 2.0558538762433593e-02
7.0936630000000001e-03 1.1651708462368670e-02 2.0841856146616509e-02
7.1291250000000000e-03 1.1811259555243373e-02 2.1127251283001004e-02
7.1647650000000000e-03 1.1973926193503345e-02 2.1418219314463301e-02
7.2005819999999996e-03 1.2137421293298175e-02 2.1710669246729101e-02
7.2365789999999999e-03 1.2303702048591237e-02 2.2008101987426441e-02
7.2727560000000000e-03 1.2472097316478662e-02 2.2309317037598340e-02
7.3091129999999999e-03 1.2642660022767413e-02 2.2614409067658030e-02
7.3456530000000006e-03 1.2816614798465242e-02 2.2925568621883101e-02
7.3823750000000000e-03 1.2990383116687947e-02 2.3236394652497740e-02
7.4192799999999995e-03 1.3167616087124434e-02 2.3553418038913976e-02
7.4563699999999995e-03 1.3347279868023421e-02 2.3874789508887460e-02
7.4936459999999996e-03 1.3532386787775958e-02 2.4205897329314455e-02
7.5311079999999999e-03 1.3715187047975858e-02 2.4532879139660565e-02
7.5687569999999997e-03 1.4178043287716489e-02 2.5360807781747187e-02
7.6065940000000004e-03 1.4087471204589719e-02 2.5198798035835315e-02
7.6446209999999999e-03 1.4277650236443746e-02 2.5538978536987215e-02
7.6828370000000005e-03 1.4470263837011214e-02 2.5883513844223435e-02
7.7212449999999998e-03 1.4665307949978553e-02 2.6232396701860887e-02
7.7598440000000001e-03 1.4862814743350950e-02 2.6585684650039625e-02
7.7986370000000006e-03 1.5062939148332859e-02 2.6943654820125069e-02
7.8376239999999996e-03 1.5265662989343481e-02 2.7306274700761357e-02
7.8768050000000006e-03 1.5470529412860503e-02 2.7672727100596425e-02
7.9161820000000008e-03 1.5677933623975494e-02 2.8043718938078631e-02
7.9557559999999996e-03 1.5888110421814587e-02 2.8419670207376731e-02
7.9955280000000000e-03 1.6100893137873429e-02 2.8800282782168458e-02
8.0354989999999998e-03 1.6316316292768487e-02 2.9185618410799558e-02
8.0756700000000001e-03 1.6534714009261115e-02 2.9576274751420318e-02
8.1160409999999992e-03 1.6759017332932814e-02 2.9977494677259686e-02
8.1566150000000007e-03 1.6991508937396954e-02 3.0393361293832466e-02
8.1973910000000001e-03 1.7204842052274075e-02 3.0774958388021578e-02
8.2383710000000013e-03 1.7433772068775819e-02 3.1184454256115234e-02
8.2795559999999987e-03 1.7665500033026939e-02 3.1598954920259756e-02
8.3209459999999992e-03 1.7900069947111259e-02 3.2018539088663818e-02
8.3625439999999995e-03 1.8137500665460236e-02 3.2443240486969428e-02
8.4043490000000002e-03 1.8377819202731877e-02 3.2873107437327589e-02
8.4463640000000013e-03 1.8626548956768945e-02 3.3318019852512586e-02
8.4885889999999995e-03 1.8867216810332890e-02 3.3748511638270411e-02
8.5310239999999999e-03 1.9116354882378336e-02 3.4194154427479112e-02
8.5736720000000009e-03 1.9368503038072804e-02 3.4645181468328234e-02
8.6165330000000009e-03 1.9623690050890791e-02 3.5101644229031052e-02
8.6596090000000004e-03 1.9881953641951826e-02 3.5563610182795441e-02
8.7028990000000001e-03 2.0145171905384000e-02 3.6034438748351598e-02
8.7464060000000000e-03 2.0423750127419552e-02 3.6532742258776438e-02
8.7901310000000014e-03 2.0675386296441712e-02 3.6982853489501429e-02
8.8340739999999991e-03 2.0946952382627691e-02 3.7468614124593499e-02
8.8782370000000006e-03 2.1220187370914356e-02 3.7957359988642983e-02
8.9226200000000009e-03 2.1497399190574210e-02 3.8453219362927227e-02
8.9672260000000000e-03 2.1778510978476846e-02 3.8956054759427858e-02
9.0120539999999985e-03 2.2061851925708174e-02 3.9462877538397466e-02
9.0571070000000000e-03 2.2361839649242151e-02 3.9999477042224653e-02
9.1023849999999993e-03 2.2639712824649143e-02 4.0496519408804672e-02
9.1478889999999993e-03 2.2937261016053468e-02 4.1028755228295306e-02
9.1936199999999996e-03 2.3231229342301887e-02 4.1554587606192420e-02
9.2395810000000002e-03 2.3532300627901539e-02 4.2093125318890146e-02
9.2857710000000000e-03 2.3836756769094494e-02 4.2637717652125345e-02
9.3321919999999996e-03 2.4144901849898853e-02 4.3188908532600427e-02
9.3788450000000002e-03 2.4456677614627366e-02 4.3746593756141629e-02
9.4257310000000014e-03 2.4777566941282320e-02 4.4320580756136277e-02
9.4728520000000004e-03 2.5091265672677828e-02 4.4881705663632643e-02
9.5202080000000005e-03 2.5414156957338160e-02 4.5459273642407726e-02
9.5678009999999990e-03 2.5742614731482264e-02 4.6046798613621917e-02
9.6156310000000012e-03 2.6083322131251165e-02 4.6656234958257992e-02
9.6637010000000002e-03 2.6406167625822534e-02 4.7233721030551276e-02
9.7120119999999990e-03 2.6743972248719730e-02 4.7837965067279789e-02
9.7605629999999999e-03 2.7089565253336403e-02 4.8456140479989473e-02
9.8093579999999989e-03 2.7432453448702546e-02 4.9069477697040072e-02
9.8583960000000002e-03 2.7782808020264383e-02 4.9696170306487396e-02
9.9076799999999986e-03 2.8137312154132448e-02 5.0330285396589555e-02
9.9572099999999993e-03 2.8496171144203258e-02 5.0972190184383696e-02
1.0006990000000000e-02 2.8858995840485877e-02 5.1621188582411319e-02
1.0057010000000000e-02 2.9228241275306002e-02 5.2281672000801915e-02
1.0107290000000001e-02 2.9598066272664422e-02 5.2943192104850254e-02
1.0157820000000000e-02 2.9974317022065631e-02 5.3616206197110036e-02
1.0208600000000000e-02 3.1493747630488532e-02 5.6334069784908590e-02
1.0259629999999999e-02 3.0734466212181160e-02 5.4975914099305030e-02
1.0310919999999999e-02 3.1120674860578998e-02 5.5666740265998403e-02
1.0362470000000000e-02 3.1506660298648535e-02 5.6357167167848526e-02
1.0414270000000000e-02 3.1899509424354537e-02 5.7059871410040319e-02
1.0466329999999999e-02 3.2298315378434535e-02 5.7773230858759295e-02
1.0518660000000001e-02 3.2699197682986209e-02 5.8490304354905757e-02
1.0571239999999999e-02 3.3179033554812394e-02 5.9348605113707500e-02
1.0624090000000001e-02 3.3741614127016449e-02 6.0354914479808348e-02
1.0677200000000000e-02 3.3931087470421097e-02 6.0693832689065988e-02
1.0730580000000000e-02 3.4351042390779407e-02 6.1445022101883857e-02
1.0784219999999999e-02 3.4773587264647840e-02 6.2200844263509227e-02
1.0838130000000000e-02 3.5201946478132087e-02 6.2967066756575416e-02
1.0892310000000001e-02 3.5649024035675790e-02 6.3766771466901850e-02
1.0946770000000001e-02 3.6073982514167158e-02 6.4526910935341797e-02
1.1001490000000001e-02 3.6589825895449499e-02 6.5449619702180023e-02
1.1056490000000000e-02 3.6963207822540457e-02 6.6117502222353741e-02
1.1111760000000000e-02 3.7416510240026214e-02 6.6928341577514788e-02
1.1167310000000000e-02 3.7872618695215403e-02 6.7744200199536656e-02
1.1223140000000001e-02 3.8334911223705234e-02 6.8571120509769171e-02
1.1279239999999999e-02 3.8802282876527337e-02 6.9407126043771736e-02
1.1335629999999999e-02 3.9274850605109490e-02 7.0252425997032006e-02
1.1392300000000001e-02 3.9752622052474866e-02 7.1107034040917574e-02
1.1449249999999999e-02 4.0419608624816340e-02 7.2300098408890942e-02
1.1506489999999999e-02 4.0722631614610920e-02 7.2842127209458138e-02
1.1564010000000000e-02 4.1214746843681337e-02 7.3722392523765515e-02
1.1621820000000000e-02 4.1714247631449125e-02 7.4615868669122273e-02
1.1679920000000000e-02 4.2216015273849987e-02 7.5513399623979308e-02
1.1738310000000000e-02 4.2735038439663912e-02 7.6441796192910999e-02
1.1796989999999999e-02 4.3237367765766678e-02 7.7340331852867969e-02
1.1855960000000000e-02 4.3758952738809184e-02 7.8273310824277867e-02
1.1915229999999999e-02 4.4292243967906209e-02 7.9227229223196763e-02
1.1974800000000001e-02 4.4812247030353511e-02 8.0157378570679116e-02
1.2034660000000001e-02 4.5348190091600508e-02 8.1116040403093045e-02
1.2094829999999999e-02 4.6608313685938915e-02 8.3370071626495221e-02
1.2155290000000001e-02 4.6443260855649433e-02 8.3074835322171650e-02
1.2216060000000001e-02 4.6980860316928975e-02 8.4036460020616016e-02
1.2277129999999999e-02 4.7534712513080307e-02 8.5027156606953966e-02
1.2338500000000001e-02 4.8094264101957086e-02 8.6028047914837730e-02
1.2400180000000000e-02 4.8660877294087773e-02 8.7041570582290589e-02
1.2462170000000000e-02 4.9232624801414181e-02 8.8064277195519833e-02
1.2524470000000001e-02 4.9898547365967084e-02 8.9255438332105294e-02
1.2587090000000000e-02 5.0389206953724834e-02 9.0133099885175622e-02
1.2650010000000000e-02 5.0987177703113937e-02 9.1202713013490935e-02
1.2713250000000001e-02 5.1569917841812113e-02 9.2245082566491041e-02
1.2776810000000000e-02 5.2636213153135533e-02 9.4152405733749264e-02
1.2840680000000000e-02 5.2769929755505873e-02 9.4391589729814540e-02
1.2904870000000001e-02 5.3425951908476314e-02 9.5565041621900756e-02
1.2969379999999999e-02 5.3988317543025965e-02 9.6570966520806253e-02
1.3034219999999999e-02 5.4877817720318592e-02 9.8162049476357136e-02
1.3099380000000001e-02 5.5226485381437665e-02 9.8785724644637460e-02
1.3164870000000000e-02 5.5878830779769247e-02 9.9952599785209775e-02
1.3230680000000000e-02 5.6658021967053877e-02 1.0134636883534924e-01
1.3296820000000001e-02 5.7254410913684210e-02 1.0241315253262814e-01
1.3363290000000000e-02 5.7861742488423323e-02 1.0349950972693076e-01
1.3430099999999999e-02 5.8572820512944490e-02 1.0477144216018335e-01
1.3497239999999999e-02 5.9076104409931836e-02 1.0567168529755638e-01
1.3564710000000001e-02 5.9710495484104183e-02 1.0680644485245772e-01
1.3601530000000001e-02 5.9763284689201973e-02 1.0690087092072881e-01
1.3638450000000000e-02 6.0133332125840225e-02 1.0756278891041653e-01
1.3706450000000000e-02 6.0795230746231381e-02 1.0874675226432215e-01
1.3774789999999999e-02 6.1464712163942684e-02 1.0994427925753833e-01
1.3843460000000000e-02 6.2141714462432072e-02 1.1115525913758041e-01
1.3912490000000000e-02 6.2835907520277651e-02 1.1239698878575392e-01
1.3981850000000001e-02 6.3518591793096990e-02 1.1361813223039223e-01
1.4051560000000001e-02 6.4218317889943394e-02 1.1486975903684785e-01
1.4121620000000000e-02 6.4927692774050180e-02 1.1613864499776302e-01
1.4192030000000001e-02 6.5640448907109628e-02 1.1741357912787975e-01
1.4262790000000001e-02 6.6362803564795195e-02 1.1870568250576161e-01
1.4333900000000000e-02 6.7092838623454373e-02 1.2001152411033846e-01
1.4405360000000001e-02 6.7847061409223197e-02 1.2136063122662641e-01
1.4477190000000001e-02 6.8574905135041053e-02 1.2266255311041763e-01
1.4549369999999999e-02 6.9328379334505030e-02 1.2401032120177811e-01
1.4621910000000000e-02 7.0093139733117649e-02 1.2537827734880938e-01
1.4694810000000001e-02 7.0860986588975092e-02 1.2675175435985014e-01
1.4768079999999999e-02 7.1629001192937247e-02 1.2812553142833558e-01
1.4841710000000001e-02 7.2415320676364622e-02 1.2953205113416277e-01
1.4915699999999999e-02 7.3201251072229107e-02 1.3093787486419894e-01
1.4990069999999999e-02 7.4083311953661538e-02 1.3251565086698397e-01
1.5064810000000000e-02 7.4807704630847169e-02 1.3381139972821973e-01
1.5139919999999999e-02 7.5615815041891590e-02 1.3525689769892221e-01
1.5215400000000000e-02 7.6448758968587868e-02 1.3674681632797731e-01
1.5291270000000001e-02 7.7260953084832454e-02 1.3819961897821259e-01
1.5367509999999999e-02 7.8097331654638377e-02 1.3969568128463802e-01
1.5444129999999999e-02 7.8937426165862010e-02 1.4119839043746601e-01
1.5521129999999999e-02 7.9839691465563647e-02 1.4281230685523422e-01
1.5598509999999999e-02 8.0661028476241153e-02 1.4428146375009809e-01
1.5676280000000001e-02 8.1508483827465728e-02 1.4579733951869864e-01
1.5754440000000001e-02 8.2380569230900050e-02 1.4735727200281842e-01
1.5832990000000002e-02 8.3260491428866656e-02 1.4893122246076754e-01
1.5911930000000001e-02 8.4148858876489818e-02 1.5052027925947625e-01
1.5991269999999998e-02 8.5043602869130139e-02 1.5212074202790943e-01
1.6071000000000002e-02 8.5946900738906540e-02 1.5373650544322556e-01
1.6151119999999998e-02 8.6857937395573404e-02 1.5536611152235719e-01
1.6231649999999997e-02 8.7794335807032567e-02 1.5704108314137630e-01
1.6312580000000000e-02 8.8703886306572124e-02 1.5866803087446715e-01
1.6393910000000001e-02 8.9646613285718449e-02 1.6035432264432731e-01
1.6475650000000001e-02 9.0581486279101286e-02 1.6202656568974599e-01
1.6557789999999999e-02 9.1532381343493202e-02 1.6372746802579319e-01
1.6640340000000000e-02 9.2689833814376496e-02 1.6579784748753534e-01
1.6723310000000002e-02 9.3459710062100229e-02 1.6717495454935186e-01
1.6806689999999999e-02 9.4429035439234879e-02 1.6890882389003722e-01
1.6890479999999999e-02 9.5410267178175134e-02 1.7066399059503473e-01
1.6974699999999999e-02 9.6519263496273294e-02 1.7264769468474642e-01
1.7059329999999998e-02 9.7647053895153491e-02 1.7466501646488800e-01
1.7144380000000001e-02 9.8407842698577622e-02 1.7602586846784818e-01
1.7229860000000000e-02 9.9411739454215206e-02 1.7782157695425843e-01
1.7315770000000001e-02 1.0042651896675511e-01 1.7963675184377764e-01
1.7402100000000000e-02 1.0145550745855296e-01 1.8147734287743067e-01
1.7488859999999998e-02 1.0248796990107781e-01 1.8332414789949114e-01
1.7576059999999998e-02 1.0353132724863827e-01 1.8519044105449081e-01
1.7663689999999999e-02 1.0458499686204738e-01 1.8707518015345292e-01
1.7751760000000002e-02 1.0564362378128232e-01 1.8896878657476782e-01
1.7840270000000002e-02 1.0671564710094637e-01 1.9088635564941614e-01
1.7929219999999999e-02 1.0779120490482236e-01 1.9281024699102950e-01
1.8018609999999997e-02 1.0887720636408972e-01 1.9475281929810082e-01
1.8108440000000000e-02 1.1000321235800445e-01 1.9676694924489729e-01
1.8198730000000000e-02 1.1107487505335327e-01 1.9868387325705328e-01
1.8289470000000002e-02 1.1218661605583249e-01 2.0067248686859371e-01
1.8380649999999998e-02 1.1336818073032680e-01 2.0278599675027917e-01
1.8472300000000001e-02 1.1444777299347193e-01 2.0471710468334678e-01
1.8564399999999998e-02 1.1557948423197163e-01 2.0674143981913379e-01
1.8656949999999999e-02 1.1671932346311378e-01 2.0878031380593667e-01
1.8749970000000001e-02 1.1788340036518515e-01 2.1086254264086912e-01
1.8843459999999999e-02 1.1903889573931628e-01 2.1292942136886864e-01
1.8937409999999998e-02 1.2021229083912643e-01 2.1502831802015138e-01
1.9031830000000000e-02 1.2142083251802645e-01 2.1719008270042761e-01
1.9126720000000000e-02 1.2258636611449947e-01 2.1927491718029762e-01
1.9222079999999999e-02 1.2378715284799653e-01 2.2142281029340968e-01
1.9317920000000002e-02 1.2500544306952294e-01 2.2360201256438042e-01
1.9414230000000001e-02 1.2621718990984473e-01 2.2576951043936330e-01
1.9511030000000002e-02 1.2744664172462600e-01 2.2796867787868133e-01
1.9608310000000000e-02 1.2996267655943097e-01 2.3246920552715816e-01
1.9706069999999999e-02 1.3007920848523025e-01 2.3267765063560214e-01
1.9804320000000000e-02 1.3115894210122186e-01 2.3460901141190749e-01
1.9903060000000000e-02 1.3270777978601880e-01 2.3737947656088132e-01
2.0002289999999999e-02 1.3367155788249246e-01 2.3910342326868292e-01
2.0102019999999998e-02 1.3493191138583671e-01 2.4135786573910881e-01
2.0202249999999998e-02 1.3620137521304151e-01 2.4362860419393598e-01
2.0302970000000000e-02 1.3750365059951633e-01 2.4595803393858220e-01
2.0404200000000001e-02 1.3877573098395515e-01 2.4823345272931432e-01
2.0505929999999999e-02 1.4007711628414338e-01 2.5056129034260888e-01
2.0608170000000002e-02 1.4143712529796898e-01 2.5299399043254001e-01
2.0710920000000001e-02 1.4270724390653325e-01 2.5526590011980449e-01
2.0814180000000002e-02 1.4405111137147789e-01 2.5766972720447229e-01
2.0917950000000001e-02 1.4537407201961514e-01 2.6003615746705244e-01
2.1022249999999999e-02 1.4672804899665245e-01 2.6245806782229197e-01
2.1127060000000000e-02 1.4809712087363222e-01 2.6490697900184529e-01
2.1232390000000000e-02 1.4964456878713314e-01 2.6767495821379783e-01
2.1338259999999998e-02 1.5081645339547628e-01 2.6977115299127652e-01
2.1444640000000001e-02 1.5220125972544973e-01 2.7224820898812419e-01
2.1551559999999997e-02 1.5369261731918890e-01 2.7491585730186835e-01
2.1659020000000001e-02 1.5499053292592749e-01 2.7723748854191005e-01
2.1766999999999998e-02 1.5639975652554050e-01 2.7975822064196304e-01
2.1875530000000001e-02 1.5781907671360185e-01 2.8229701289557130e-01
2.1984600000000000e-02 1.5924732736599895e-01 2.8485177941197620e-01
2.2094210000000000e-02 1.6075659432070455e-01 2.8755146288401029e-01
2.2204370000000001e-02 1.6213241247781052e-01 2.9001244139260540e-01
2.2315069999999999e-02 1.6358873283397013e-01 2.9261741726069351e-01
2.2426330000000001e-02 1.6505489194304257e-01 2.9523999208206247e-01
2.2538139999999998e-02 1.6656043660558037e-01 2.9793301734786459e-01
2.2650520000000000e-02 1.6801576665474507e-01 3.0053622181599049e-01
2.2763449999999998e-02 1.6951344068445728e-01 3.0321516858011510e-01
2.2876940000000002e-02 1.7101516525792895e-01 3.0590136070663632e-01
2.2991000000000001e-02 1.7257208788507569e-01 3.0868628770092260e-01
2.3105630000000002e-02 1.7412494814344762e-01 3.1146394818095541e-01
2.3220829999999998e-02 1.7558765847038588e-01 3.1408035403394052e-01
2.3336610000000001e-02 1.7712668490180392e-01 3.1683326941910067e-01
2.3452960000000002e-02 1.7867854978338543e-01 3.1960914943063445e-01
2.3569890000000000e-02 1.8024042359915887e-01 3.2240293280520571e-01
2.3687409999999999e-02 1.8181453590083238e-01 3.2521860762714760e-01
2.3805510000000002e-02 1.8398854577510790e-01 3.2910734215971099e-01
2.3924200000000000e-02 1.8498342450113242e-01 3.3088691975196710e-01
2.4043479999999999e-02 1.8694221074049786e-01 3.3439067554492036e-01
2.4163350000000000e-02 1.8816871807986904e-01 3.3658457608856190e-01
2.4283829999999999e-02 1.8977787154798370e-01 3.3946293038386471e-01
2.4404900000000000e-02 1.9139422942292245e-01 3.4235417147693920e-01
2.4526579999999999e-02 1.9304661835537926e-01 3.4530986269936831e-01
2.4648920000000001e-02 1.9466930152217801e-01 3.4821241808368664e-01
2.4771930000000001e-02 1.9632882516600259e-01 3.5118087143696164e-01
2.4895549999999999e-02 1.9795804869970285e-01 3.5409512582546870e-01
2.5019780000000002e-02 1.9962291456019393e-01 3.5707313500582488e-01
2.5144639999999999e-02 2.0129770968642238e-01 3.6006890504320982e-01
2.5270120000000000e-02 2.0299528711560300e-01 3.6310542665641299e-01
2.5396220000000001e-02 2.0467941857250557e-01 3.6611789694522245e-01
2.5522960000000001e-02 2.0637974062548928e-01 3.6915932797189627e-01
2.5650329999999999e-02 2.0809323783592626e-01 3.7222432590613885e-01
2.5778330000000002e-02 2.0983810779524636e-01 3.7534544147508342e-01
2.5906970000000001e-02 2.1156613445712380e-01 3.7843642879429801e-01
2.6036250000000000e-02 2.1329927166348198e-01 3.8153655753970289e-01
2.6166180000000001e-02 2.1516510987829729e-01 3.8487405364953392e-01
2.6296759999999999e-02 2.1680734256673126e-01 3.8781157801020211e-01
2.6427990000000002e-02 2.1857827093335935e-01 3.9097930524800861e-01
2.6559869999999999e-02 2.2047706902091821e-01 3.9437575794163593e-01
2.6692419999999998e-02 2.2214992269151393e-01 3.9736805522314611e-01
2.6825620000000001e-02 2.2395164887085048e-01 4.0059087168535029e-01
2.6959489999999999e-02 2.2576080562316436e-01 4.0382697949736646e-01
2.7094020000000000e-02 2.2758105044127669e-01 4.0708292095635906e-01
2.7229230000000000e-02 2.2942378633659943e-01 4.1037909306455783e-01
2.7365110000000002e-02 2.3125309488294807e-01 4.1365124716057816e-01
2.7501670000000002e-02 2.3310471714448849e-01 4.1696331465158476e-01
2.7638909999999999e-02 2.3505899436760949e-01 4.2045900499488892e-01
2.7776840000000001e-02 2.3694151115424567e-01 4.2382633470343589e-01
2.7915460000000000e-02 2.3898212889419568e-01 4.2747646562832392e-01
2.8054760000000002e-02 2.4067365714197383e-01 4.3050216683960912e-01
2.8194759999999999e-02 2.4252684534858979e-01 4.3381703539640820e-01
2.8335460000000000e-02 2.4441672732428160e-01 4.3719753950004803e-01
2.8476870000000001e-02 2.4633718251514439e-01 4.4063273108188827e-01
2.8618970000000001e-02 2.4826000856867417e-01 4.4407216351637324e-01
2.8761790000000002e-02 2.5027950904438251e-01 4.4768452118380675e-01
2.8905319999999998e-02 2.5291032331747126e-01 4.5239035919934484e-01
2.9049570000000000e-02 2.5411449993212015e-01 4.5454431592240285e-01
2.9194530000000000e-02 2.5606992386925648e-01 4.5804205743688298e-01
2.9340220000000000e-02 2.5804364705749366e-01 4.6157253152103439e-01
2.9486640000000001e-02 2.6002861285864415e-01 4.6512311569649206e-01
2.9633790000000000e-02 2.6219838417469388e-01 4.6900426855799865e-01
2.9781670000000000e-02 2.6405906425039372e-01 4.7233253810729769e-01
2.9930289999999998e-02 2.6604741629108408e-01 4.7588917937881087e-01
3.0079649999999999e-02 2.6807664123135022e-01 4.7951893156757752e-01
3.0229759999999998e-02 2.7122445442751197e-01 4.8514954531170884e-01
3.0380610000000002e-02 2.7218840067813121e-01 4.8687379280325588e-01
3.0532219999999999e-02 2.7419401318042469e-01 4.9046130852197301e-01
3.0684590000000001e-02 2.7706150970820081e-01 4.9559050913026581e-01
3.0837710000000001e-02 2.7828358878420784e-01 4.9777648867002083e-01
3.0991599999999998e-02 2.8038168131784275e-01 5.0152942695452529e-01
3.1146260000000002e-02 2.8241270074659669e-01 5.0516238901341881e-01
3.1301690000000000e-02 2.8453002610035516e-01 5.0894972977817798e-01
3.1457890000000002e-02 2.8662014973090577e-01 5.1268841378123819e-01
3.1614879999999998e-02 2.8868755023643206e-01 5.1638645206230083e-01
3.1772650000000000e-02 2.9085155422045378e-01 5.2025728867663523e-01
3.1931200000000000e-02 2.9306087310401990e-01 5.2420918178329878e-01
3.2090550000000002e-02 2.9508491104493534e-01 5.2782965578812790e-01
3.2250689999999999e-02 2.9720559857624412e-01 5.3162301060834249e-01
3.2411630000000004e-02 2.9995758789749133e-01 5.3654559906270538e-01
3.2573369999999997e-02 3.0150862114515281e-01 5.3931999149886911e-01
3.2735920000000002e-02 3.0407700596638254e-01 5.4391415956839373e-01
3.2899289999999998e-02 3.0585135943741693e-01 5.4708801342132729e-01
3.3063459999999996e-02 3.0803909853134381e-01 5.5100130593368424e-01
3.3228460000000001e-02 3.1024952429577779e-01 5.5495517896045099e-01
3.3394280000000005e-02 3.1247041491204502e-01 5.5892777086756107e-01
3.3560929999999996e-02 3.1467566248050416e-01 5.6287238145732488e-01
3.3728409999999993e-02 3.1694828512558365e-01 5.6693750842108870e-01
3.3896720000000005e-02 3.1915441596237820e-01 5.7088369894667457e-01
3.4065880000000000e-02 3.2143149963460504e-01 5.7495680552015571e-01
3.4235880000000003e-02 3.2368781391458634e-01 5.7899276108811426e-01
3.4406720000000002e-02 3.2600190793742678e-01 5.8313206948992968e-01
3.4578419999999999e-02 3.2834509057151423e-01 5.8732340980217890e-01
3.4750980000000001e-02 3.3058426448246303e-01 5.9132870573710339e-01
3.4924400000000001e-02 3.3331633671120120e-01 5.9621566772704937e-01
3.5098680000000000e-02 3.3555990140541175e-01 6.0022881762376912e-01
3.5273840000000001e-02 3.3762537479515958e-01 6.0392340879920237e-01
3.5449860000000000e-02 3.4010757711179079e-01 6.0836341892965751e-01
3.5626770000000002e-02 3.4238472634189104e-01 6.1243664276901200e-01
3.5804559999999999e-02 3.4471042098156252e-01 6.1659670163742064e-01
3.5983229999999998e-02 3.4750063915711749e-01 6.2158767150423533e-01
3.6162799999999995e-02 3.4952641508010124e-01 6.2521125430399960e-01
3.6343260000000002e-02 3.5201081967370473e-01 6.2965520373142547e-01
3.6524630000000002e-02 3.5440167818064272e-01 6.3393182369917112e-01
3.6706900000000001e-02 3.5757264916312942e-01 6.3960386066057717e-01
3.6890070000000004e-02 3.5932676660472718e-01 6.4274151755442455e-01
3.7074170000000004e-02 3.6183252451676950e-01 6.4722366247846741e-01
3.7259180000000003e-02 3.6431751899994497e-01 6.5166866706391080e-01
3.7445109999999997e-02 3.6683694782589582e-01 6.5617526567403706e-01
3.7631979999999995e-02 3.6931919832451715e-01 6.6061536198945892e-01
3.7819769999999996e-02 3.7188676658132946e-01 6.6520806943900856e-01
3.8008500000000001e-02 3.7445700497299739e-01 6.6980555306080214e-01
3.8198179999999998e-02 3.7707957901964989e-01 6.7449665146844895e-01
3.8388800000000001e-02 3.7971270761037351e-01 6.7920662919237218e-01
3.8580370000000003e-02 3.8236109176661692e-01 6.8394389512926657e-01
3.8772899999999999e-02 3.8501719210939095e-01 6.8869496330384916e-01
3.8966389999999997e-02 3.8770957515121252e-01 6.9351093172860567e-01
3.9160840000000002e-02 3.9043846203680044e-01 6.9839219597354452e-01
3.9356259999999997e-02 3.9318838118509203e-01 7.0331108143043897e-01
3.9552660000000003e-02 3.9674085640592016e-01 7.0966552960051166e-01
3.9750040000000000e-02 3.9876441971797871e-01 7.1328515461856856e-01
3.9948410000000004e-02 4.0163626632236149e-01 7.1842213637510732e-01
4.0147759999999998e-02 4.0446653176022529e-01 7.2348474031024779e-01
4.0348110000000000e-02 4.0734380807220022e-01 7.2863143439222955e-01
4.0549460000000002e-02 4.1029568804041727e-01 7.3391157488478975e-01
4.0751820000000001e-02 4.4877636163699319e-01 8.0274342612059546e-01
4.0955180000000001e-02 4.1655394421350239e-01 7.4510595683395831e-01
4.1159559999999998e-02 4.1830115232435527e-01 7.4823125474389196e-01
4.1364960000000006e-02 4.2070022186879297e-01 7.5252256210816282e-01
4.1571379999999998e-02 4.2322831279972922e-01 7.5704465495646156e-01
4.1778840000000005e-02 4.2578889879970361e-01 7.6162487297640813e-01
4.1987319999999995e-02 4.2848190304455275e-01 7.6644195257075665e-01
4.2196850000000001e-02 4.3097740946011193e-01 7.7090576025132318e-01
4.2407429999999996e-02 4.4103909241211009e-01 7.8890347701154662e-01
4.2619049999999999e-02 4.3612849640195811e-01 7.8011970629085936e-01
4.2831740000000000e-02 4.3896497382694732e-01 7.8519342184473562e-01
4.3045479999999997e-02 4.4138166709742938e-01 7.8951625344119691e-01
4.3260290000000000e-02 4.4372636392526243e-01 7.9371030224965722e-01
4.3476170000000001e-02 4.4630472847021307e-01 7.9832232143233373e-01
4.3693129999999997e-02 4.4938787160457588e-01 8.0383725736583667e-01
4.3911169999999999e-02 4.5154446745210552e-01 8.0769484276335757e-01
4.4130299999999997e-02 4.5506408365878692e-01 8.1399051475925988e-01
4.4350529999999999e-02 4.5712874489983885e-01 8.1768365321328806e-01
4.4571849999999996e-02 4.5951327381844131e-01 8.2194895120451994e-01
4.4794279999999999e-02 4.6219498592757119e-01 8.2674583212422692e-01
4.5017809999999998e-02 4.6501231726952730e-01 8.3178530034779641e-01
4.5242470000000000e-02 4.6768849637973020e-01 8.3657228418090290e-01
4.5468240000000000e-02 4.7045940198952896e-01 8.4152870892340270e-01
4.5695140000000002e-02 4.7539785048517641e-01 8.5036230044915873e-01
4.5923169999999999e-02 4.7629138465282472e-01 8.5196059915740041e-01
4.6152340000000000e-02 4.7889081499202574e-01 8.5661029953119128e-01
4.6382659999999999e-02 4.8174640301629534e-01 8.6171819894422974e-01
4.6614120000000002e-02 4.8471395152479341e-01 8.6702636635349650e-01
4.6846739999999998e-02 4.8769989078863030e-01 8.7236743000956152e-01
4.7080520000000001e-02 4.9222557675167861e-01 8.8046269742131056e-01
4.7315469999999998e-02 4.9463260201865417e-01 8.8476823549047867e-01
4.7551580000000003e-02 4.9628558223209579e-01 8.8772498435979852e-01
4.7788879999999999e-02 4.9979117742426493e-01 8.9399557643129013e-01
4.8027360000000005e-02 5.0219911304968590e-01 8.9830274289339485e-01
4.8267029999999995e-02 5.2234217688470241e-01 9.3433341085572941e-01
4.8507900000000000e-02 5.2453630610694102e-01 9.3825813363476862e-01
4.8749969999999997e-02 5.1052106046367507e-01 9.1318852822026264e-01
4.8993250000000002e-02 5.1373979479778686e-01 9.1894600131379189e-01
4.9237740000000002e-02 5.1549400386784527e-01 9.2208382210696815e-01
4.9483449999999998e-02 5.1797799689983814e-01 9.2652703535841507e-01
4.9722090000000004e-02 5.2023250190706838e-01 9.3055975461107021e-01
4.9953589999999999e-02 5.2274886496201012e-01 9.3506086935944721e-01
5.0186169999999995e-02 5.2578914551244926e-01 9.4049913535127638e-01
5.0419820000000004e-02 5.2724681879476265e-01 9.4310653125007204e-01
5.0654570000000003e-02 5.2959970451097416e-01 9.4731522783607813e-01
5.0890410000000004e-02 5.3191458084393850e-01 9.5145593558590469e-01
5.1127350000000002e-02 5.4265281496765372e-01 9.7066382527847461e-01
5.1365389999999997e-02 5.3620960824646191e-01 9.5913861521681698e-01
5.1604539999999997e-02 5.3835497287891820e-01 9.6297611091078361e-01
5.1844799999999996e-02 5.4069070732295399e-01 9.6715412836088677e-01
5.2086179999999996e-02 5.4260067322988415e-01 9.7057055735975373e-01
5.2328690000000004e-02 5.4927504171836594e-01 9.8250925530741673e-01
5.2571250000000000e-02 5.4640990342798479e-01 9.7738427296846220e-01
5.2813850000000002e-02 5.5090348246592624e-01 9.8542210949644449e-01
5.3057580000000000e-02 5.5014018392661290e-01 9.8405676823300037e-01
5.3302419999999996e-02 5.5370244936499513e-01 9.9042872853930330e-01
5.3548400000000003e-02 5.5480998645463819e-01 9.9240982245131926e-01
5.3795520000000006e-02 5.5701942473872024e-01 9.9636192913424793e-01
5.4043770000000005e-02 5.5805259549650243e-01 9.9821000114687453e-01
5.4293170000000002e-02 5.5906449852486773e-01 1.0000200307592382e+00
5.4554529999999997e-02 5.5241384099392365e-01 9.8812374550733528e-01
5.4827950000000000e-02 5.5428969641298620e-01 9.9147915977316770e-01
5.5102749999999999e-02 5.5618662400523666e-01 9.9487226664036399e-01
5.5378919999999998e-02 5.5805363262099661e-01 9.9821185629108655e-01
5.5656470000000000e-02 5.6042216008554901e-01 1.0024485318700322e+00
5.5935420000000000e-02 5.6730509008978036e-01 1.0147602917701986e+00
5.6215760000000004e-02 5.6407912032039953e-01 1.0089898763771326e+00
5.6497510000000001e-02 5.6614152479856672e-01 1.0126789780731562e+00
5.6780669999999998e-02 5.6842887833188349e-01 1.0167704547395877e+00
5.7065249999999998e-02 5.7062820725964924e-01 1.0207044784305879e+00
5.7351260000000001e-02 5.7282555216183284e-01 1.0246349532192185e+00
5.7638700000000001e-02 5.7516163574404078e-01 1.0288135951861108e+00
5.7927579999999999e-02 5.7753929452996977e-01 1.0330666043085170e+00
5.8217900000000003e-02 5.8007283286161304e-01 1.0375984411306094e+00
5.8509689999999996e-02 5.8255860561101003e-01 1.0420448378305813e+00
5.8802930000000003e-02 5.8519412926568515e-01 1.0467590996969118e+00
5.9097650000000002e-02 5.8784463853467750e-01 1.0515001669041824e+00
5.9393839999999996e-02 5.9070780119298960e-01 1.0566216153545647e+00
5.9691519999999998e-02 5.9341199425448610e-01 1.0614587088127829e+00
5.9990689999999999e-02 5.9755349692825432e-01 1.0688667728950829e+00
6.0291359999999995e-02 5.9918021809247568e-01 1.0717765511996857e+00
6.0593530000000000e-02 6.0246132915473227e-01 1.0776455999303063e+00
6.0897219999999995e-02 6.0523091773136695e-01 1.0825996688452606e+00
6.1202430000000002e-02 6.0828703939077555e-01 1.0880662704340036e+00
6.1509169999999995e-02 6.1146126629640751e-01 1.0937441313895506e+00
6.1817450000000003e-02 6.1938806944341962e-01 1.1079231070673361e+00
6.2127280000000000e-02 6.1795173796868519e-01 1.1053538860752423e+00
6.2438650000000005e-02 6.2107877871694372e-01 1.1109473433480794e+00
6.2751589999999996e-02 6.2528145211368069e-01 1.1184648258399301e+00
6.3066100000000000e-02 6.2771619732963457e-01 1.1228199476410345e+00
6.3382179999999996e-02 6.3107045164282671e-01 1.1288198304994583e+00
6.3699850000000002e-02 6.3465534846411331e-01 1.1352322724251234e+00
6.4019099999999995e-02 6.3806342669151150e-01 1.1413284321755373e+00
6.4339960000000002e-02 6.4211259847746427e-01 1.1485713404707736e+00
6.4662430000000007e-02 6.9189509386254511e-01 1.2376191921902397e+00
6.4986509999999997e-02 6.4881144284832715e-01 1.1605538193644922e+00
6.5312219999999990e-02 6.5188222333025847e-01 1.1660466417492055e+00
6.5639560000000000e-02 6.5529565578304338e-01 1.1721523788071573e+00
6.5968540000000006e-02 6.5902331813864101e-01 1.1788201908992160e+00
6.6299170000000004e-02 6.6597235329433024e-01 1.1912501956097195e+00
6.6631449999999995e-02 6.6570950135700213e-01 1.1907800223056630e+00
6.6965400000000008e-02 6.6924289226006484e-01 1.1971003336273236e+00
6.7301029999999998e-02 6.7375864847681388e-01 1.2051778393224446e+00
6.7638340000000005e-02 6.7648190265897945e-01 1.2100490281355423e+00
6.7977329999999989e-02 6.8686675328697278e-01 1.2286248072662826e+00
6.8318029999999988e-02 6.8402328715299143e-01 1.2235385907415888e+00
6.8660439999999989e-02 6.8787469209510632e-01 1.2304277459264421e+00
6.9004559999999993e-02 6.9891225245514532e-01 1.2501710518953906e+00
6.9350399999999993e-02 6.9553807410203994e-01 1.2441355301454620e+00
6.9697980000000007e-02 6.9809925067172274e-01 1.2487168045400123e+00
7.0047300000000007e-02 7.0182246778067803e-01 1.2553766652495459e+00
7.0398370000000002e-02 7.0547846262989522e-01 1.2619162829344757e+00
7.0751200000000000e-02 7.0915606428863465e-01 1.2684945495452098e+00
7.1105799999999997e-02 7.1297591961580853e-01 1.2753272707282850e+00
7.1462180000000000e-02 7.2706709029011873e-01 1.3005326861469688e+00
7.1820339999999996e-02 7.2051726346924883e-01 1.2888167606389880e+00
7.2180300000000003e-02 7.2436776425056526e-01 1.2957042985168725e+00
7.2542060000000005e-02 7.3102267262522469e-01 1.3076081874153567e+00
7.2905629999999999e-02 7.3183481180322862e-01 1.3090608917954616e+00
7.3271030000000001e-02 7.3616261077287759e-01 1.3168021911807162e+00
7.3638259999999997e-02 7.3960203819899129e-01 1.3229544264407476e+00
7.4007329999999996e-02 7.4388604373357392e-01 1.3306173908353207e+00
7.4378249999999993e-02 7.6306539986935129e-01 1.3649242380120770e+00
7.4751020000000001e-02 7.5146263980242822e-01 1.3441699377307466e+00
7.5125670000000005e-02 7.5533211485853458e-01 1.3510914156189682e+00
7.5502189999999997e-02 7.5943029964688624e-01 1.3584219953444168e+00
7.5880600000000006e-02 7.6329505273478893e-01 1.3653350268676829e+00
7.6260910000000001e-02 7.6792629833980697e-01 1.3736191128445314e+00
7.6643130000000004e-02 7.7159076079489730e-01 1.3801738768596399e+00
7.7027249999999992e-02 7.7580896943702948e-01 1.3877191478385416e+00
7.7413309999999999e-02 7.8004329501847236e-01 1.3952932478026281e+00
7.7801300000000004e-02 7.8439485788340779e-01 1.4030770545754165e+00
7.8191230000000000e-02 7.8885195587393409e-01 1.4110496360599210e+00
7.8583119999999992e-02 7.9454566638785185e-01 1.4212341936168500e+00
7.8976969999999994e-02 8.0198494932707876e-01 1.4345411232704799e+00
7.9372799999999993e-02 8.1106225001018450e-01 1.4507780378523965e+00
7.9770610000000006e-02 8.0736494956238569e-01 1.4441645352649675e+00
8.0170409999999998e-02 8.2310330105821961e-01 1.4723163259590486e+00
8.0572220000000000e-02 8.1598764769772458e-01 1.4595882848990103e+00
8.0976039999999999e-02 8.2031493594708793e-01 1.4673286707393747e+00
8.1381889999999998e-02 8.2483810727143425e-01 1.4754194401207916e+00
8.1789760000000003e-02 8.3105255887569118e-01 1.4865354671638937e+00
8.2199690000000006e-02 8.3410224306853942e-01 1.4919905538102198e+00
8.2611669999999998e-02 8.4121923674024468e-01 1.5047209923361344e+00
8.3025710000000003e-02 8.5106394465346258e-01 1.5223305975537227e+00
8.3441829999999995e-02 8.4832123269708826e-01 1.5174246038764025e+00
8.3860029999999988e-02 8.5313330094812423e-01 1.5260321342295440e+00
8.4280330000000001e-02 8.7482312940458884e-01 1.5648295591732269e+00
8.4702740000000012e-02 8.6293946994837600e-01 1.5435728034209106e+00
8.5127260000000010e-02 8.7215903515890891e-01 1.5600641919990639e+00
8.5553909999999997e-02 8.7410481991383737e-01 1.5635446915400089e+00
8.5982699999999995e-02 8.9735763178129624e-01 1.6051378846336328e+00
8.6413640000000000e-02 8.8165355644890353e-01 1.5770474050228154e+00
8.6846739999999992e-02 8.8589261702210298e-01 1.5846299746475840e+00
8.7281999999999998e-02 8.9653201572670871e-01 1.6036610736494219e+00
8.7719449999999990e-02 8.9511918442390459e-01 1.6011338883128181e+00
8.8159099999999990e-02 9.0073875069688580e-01 1.6111858212328805e+00
8.8600939999999989e-02 9.0566847974884979e-01 1.6200038159565435e+00
8.9044999999999999e-02 9.0939978422565892e-01 1.6266781428499812e+00
8.9491290000000001e-02 9.1482987516585568e-01 1.6363911540023064e+00
8.9939809999999995e-02 9.1929342684549509e-01 1.6443752794471274e+00
9.0390579999999998e-02 9.2416172218994663e-01 1.6530833853507378e+00
9.0843609999999991e-02 9.4316134778804772e-01 1.6870687416471222e+00
9.1298910000000011e-02 9.4789659513785662e-01 1.6955388595188579e+00
9.1756500000000005e-02 9.4242840103837755e-01 1.6857576917895762e+00
9.2216369999999992e-02 9.5046869378782117e-01 1.7001396706557486e+00
9.2678549999999998e-02 9.5347713825539193e-01 1.7055209902296720e+00
9.3143050000000005e-02 1.0211400603035536e+00 1.8265522443450732e+00
9.3609880000000006e-02 9.5848412501286284e-01 1.7144771787632467e+00
9.4079040000000003e-02 9.6157383512432060e-01 1.7200038612996085e+00
9.4550560000000006e-02 9.6555416235716585e-01 1.7271236247121025e+00
9.5024440000000002e-02 9.6978896864562969e-01 1.7346985845352052e+00
9.5500689999999999e-02 9.7700647988606026e-01 1.7476088226771456e+00
9.5979330000000002e-02 9.7882156689933786e-01 1.7508555381735471e+00
9.6460370000000004e-02 9.8875950169790172e-01 1.7686319018832186e+00
9.6943830000000009e-02 9.9113175321940272e-01 1.7728752388251270e+00
9.7429699999999994e-02 9.9239937964266389e-01 1.7751426906453116e+00
9.7918010000000000e-02 9.9682253863819781e-01 1.7830545641526403e+00
9.8408770000000007e-02 1.0073819524352663e+00 1.8019425910940867e+00
9.8901980000000000e-02 1.0067080239308375e+00 1.8007371094269329e+00
9.9397670000000007e-02 1.0116022846251529e+00 1.8094916605439990e+00
9.9895840000000014e-02 1.0182176781790580e+00 1.8213248677727105e+00
1.0039650000000000e-01 1.0214939000724335e+00 1.8271851710601350e+00
1.0089969999999999e-01 1.0265771424910872e+00 1.8362777610086500e+00
1.0140540000000001e-01 1.0321284446261485e+00 1.8462075872567945e+00
1.0191360000000001e-01 1.0420529587326630e+00 1.8639599448617830e+00
1.0242440000000000e-01 1.0535293699173054e+00 1.8844882400694980e+00
1.0293780000000000e-01 1.0500284105657194e+00 1.8782259403031965e+00
1.0345370000000000e-01 1.0583991551947476e+00 1.8931990110731804e+00
1.0397220000000000e-01 1.0615708638610408e+00 1.8988723675577988e+00
1.0449330000000001e-01 1.0744622459302238e+00 1.9219316752537245e+00
1.0501700000000000e-01 1.0702888330656966e+00 1.9144665321939029e+00
1.0554330000000001e-01 1.0876976127963056e+00 1.9456062816997646e+00
1.0607229999999999e-01 1.0966427267733925e+00 1.9616067488696780e+00
1.0660390000000000e-01 1.0984608102887718e+00 1.9648588243238876e+00
1.0713820000000000e-01 1.0906387398737418e+00 1.9508671880857096e+00
1.0767520000000000e-01 1.0986710059065943e+00 1.9652348092572087e+00
1.0821480000000000e-01 1.1206596527606294e+00 2.0045667420866873e+00
1.0875720000000000e-01 1.1057208975641484e+00 1.9778452198463958e+00
1.0930230000000001e-01 1.1241005078328186e+00 2.0107215310318054e+00
1.0985009999999999e-01 1.1133792096027926e+00 1.9915439352194098e+00
1.1040070000000000e-01 1.1220789791611445e+00 2.0071055454527493e+00
1.1095400000000000e-01 1.1244892745862616e+00 2.0114169329787401e+00
1.1151010000000000e-01 1.1260709332327310e+00 2.0142461062359693e+00
1.1206890000000000e-01 1.1366723963358807e+00 2.0332093483779365e+00
1.1263060000000000e-01 1.1384833678756416e+00 2.0364487023696038e+00
1.1319509999999999e-01 1.1413551164828575e+00 2.0415855088348658e+00
1.1376240000000000e-01 1.1455414109771236e+00 2.0490736937580172e+00
1.1433259999999999e-01 1.1523526750849884e+00 2.0612572621309484e+00
1.1490560000000001e-01 1.1548133531758051e+00 2.0656587710562331e+00
1.1548150000000000e-01 1.1552006310119440e+00 2.0663515097198935e+00
1.1606029999999999e-01 1.1637078326802626e+00 2.0815686664101758e+00
1.1664200000000000e-01 1.1684973054273484e+00 2.0901357793220110e+00
1.1722660000000000e-01 1.1677820495165918e+00 2.0888563737440093e+00
1.1781409999999999e-01 1.1721227461200383e+00 2.0966207436196651e+00
1.1840460000000000e-01 1.1763684933880048e+00 2.1042152739908668e+00
1.1899800000000001e-01 1.1836587943080996e+00 2.1172557138141674e+00
1.1959449999999999e-01 1.1862720580223769e+00 2.1219301584745405e+00
1.2019389999999999e-01 1.1898276837240140e+00 2.1282902420300185e+00
1.2079630000000000e-01 1.2551139523818444e+00 2.2450702854125355e+00
1.2140170000000000e-01 1.2114298415123417e+00 2.1669308470996471e+00
1.2201010000000000e-01 1.2075095607723039e+00 2.1599184911432561e+00
1.2262160000000000e-01 1.2037301959085109e+00 2.1531581967991995e+00
1.2323619999999999e-01 1.2153782903496431e+00 2.1739935884079360e+00
1.2385389999999999e-01 1.2089144580770688e+00 2.1624314846344035e+00
1.2447459999999999e-01 1.2114973188944853e+00 2.1670515464714453e+00
1.2509850000000000e-01 1.2224988408862874e+00 2.1867303892340768e+00
1.2572539999999999e-01 1.2170251374259105e+00 2.1769393667004406e+00
1.2635559999999998e-01 1.2355379772909316e+00 2.2100539907556396e+00
1.2698879999999999e-01 1.2290158451279756e+00 2.1983876037405015e+00
1.2762530000000000e-01 1.2231382422613066e+00 2.1878741109055500e+00
1.2826499999999999e-01 1.2250053444980471e+00 2.1912138680196982e+00
1.2890780000000002e-01 1.2271060559627571e+00 2.1949714908862878e+00
1.2955390000000000e-01 1.2363942097039160e+00 2.2115855663899877e+00
1.3020320000000002e-01 1.2307344526720914e+00 2.2014617427238652e+00
1.3085579999999999e-01 1.2385111884613298e+00 2.2153722871846213e+00
1.3151159999999998e-01 1.2350954649949517e+00 2.2092624521031139e+00
1.3217070000000000e-01 1.2507234488062264e+00 2.2372168239025974e+00
1.3283320000000001e-01 1.2373694839733174e+00 2.2133300767415820e+00
1.3349890000000000e-01 1.2385426946033271e+00 2.2154286434246839e+00
1.3416800000000001e-01 1.2407980682567894e+00 2.2194629164580459e+00
1.3484040000000000e-01 1.2410838480721771e+00 2.2199741017336776e+00
1.3551620000000000e-01 1.2474492966955779e+00 2.2313602229146250e+00
1.3619539999999999e-01 1.2517056986634205e+00 2.2389738117546187e+00
1.3687800000000000e-01 1.2485613875074257e+00 2.2333494622435492e+00
1.3756409999999999e-01 1.2454131729070461e+00 2.2277181304923559e+00
1.3825350000000000e-01 1.2463995603970628e+00 2.2294825194863082e+00
1.3894640000000000e-01 1.2471590576376539e+00 2.2308410612214775e+00
1.3964279999999998e-01 1.2501511822021145e+00 2.2361931887611131e+00
1.4034270000000001e-01 1.2504872418654716e+00 2.2367943115220359e+00
1.4104610000000001e-01 1.2502959743227118e+00 2.2364521839598339e+00
1.4175299999999999e-01 1.2513460120071302e+00 2.2383304264886319e+00
1.4246340000000002e-01 1.2526054499392369e+00 2.2405832312418008e+00
1.4317750000000001e-01 1.2536756442546664e+00 2.2424975287066871e+00
1.4389510000000003e-01 1.2552215133963409e+00 2.2452626839091478e+00
1.4461620000000000e-01 1.2567447906903244e+00 2.2479874282103931e+00
1.4534100000000000e-01 1.2579271682720989e+00 2.2501023921703927e+00
1.4606950000000002e-01 1.2598028806157655e+00 2.2534575505117971e+00
1.4680160000000000e-01 1.2612355377920994e+00 2.2560201991459441e+00
1.4753729999999998e-01 1.2657852162045213e+00 2.2641583827686560e+00
1.4827680000000001e-01 1.2659113861389701e+00 2.2643840677514468e+00
1.4901990000000001e-01 1.2711914234443156e+00 2.2738286722334586e+00
1.4976679999999998e-01 1.2681393707048709e+00 2.2683693488773313e+00
1.5051740000000000e-01 1.2698723090362880e+00 2.2714691218875296e+00
1.5127180000000001e-01 1.2739979615155888e+00 2.2788488341213387e+00
1.5203000000000000e-01 1.2740868661650213e+00 2.2790078612648879e+00
1.5279190000000001e-01 1.2760319695143971e+00 2.2824871419496837e+00
1.5355770000000002e-01 1.2778387855349578e+00 2.2857190628053718e+00
1.5432730000000000e-01 1.2814411989505003e+00 2.2921628373325045e+00
1.5510079999999998e-01 1.2819566398207829e+00 2.2930848261125369e+00
1.5587819999999999e-01 1.2840948115499122e+00 2.2969094555854763e+00
1.5665940000000000e-01 1.2865940740345712e+00 2.3013799818903640e+00
1.5744460000000002e-01 1.2915517902971700e+00 2.3102480384071007e+00
1.5823370000000000e-01 1.2923320572902202e+00 2.3116437317921199e+00
1.5902669999999999e-01 1.2929385875062422e+00 2.3127286555654654e+00
1.5982370000000001e-01 1.2952687783356760e+00 2.3168967569403041e+00
1.6062479999999998e-01 1.2974640632293681e+00 2.3208235469130316e+00
1.6142980000000001e-01 1.3000593870862716e+00 2.3254659018650252e+00
1.6223889999999999e-01 1.3026245353643504e+00 2.3300542806061451e+00
1.6305200000000000e-01 1.3334853806364224e+00 2.3852562537589095e+00
1.6386919999999999e-01 1.3080557333587219e+00 2.3397692719885739e+00
1.6469049999999999e-01 1.3080265598857348e+00 2.3397170882827032e+00
1.6551589999999999e-01 1.3097479158050525e+00 2.3427961433898070e+00
1.6634549999999998e-01 1.3136126865932958e+00 2.3497092065743486e+00
1.6717920000000000e-01 1.3135627487959565e+00 2.3496198809280893e+00
1.6801710000000000e-01 1.3154039121491046e+00 2.3529132401700128e+00
1.6885919999999999e-01 1.3174806611297543e+00 2.3566280004257401e+00
1.6970550000000001e-01 1.3239541860761770e+00 2.3682074418553491e+00
1.7055600000000001e-01 1.3213053203694565e+00 2.3634693145507160e+00
1.7141080000000000e-01 1.3234006223355919e+00 2.3672172612405045e+00
1.7226990000000000e-01 1.3254826096431787e+00 2.3709413914917845e+00
1.7313329999999999e-01 1.3276831744099671e+00 2.3748776257752673e+00
1.7400110000000002e-01 1.3300385812451341e+00 2.3790908319830826e+00
1.7487310000000000e-01 1.3322967187181889e+00 2.3831300487661573e+00
1.7574959999999998e-01 1.3349326436735751e+00 2.3878450284544037e+00
1.7663040000000002e-01 1.3373960736562531e+00 2.3922514597938123e+00
1.7751570000000000e-01 1.3397197995336811e+00 2.3964079970619689e+00
1.7840539999999999e-01 1.3423724126815302e+00 2.4011528275577407e+00
1.7929950000000000e-01 1.3451325853498703e+00 2.4060900538777403e+00
1.8019820000000000e-01 1.3478259209506884e+00 2.4109077261811716e+00
1.8110130000000002e-01 1.3506133484472012e+00 2.4158937042537501e+00
1.8200899999999998e-01 1.3540522872214587e+00 2.4220450654435344e+00
1.8292120000000001e-01 1.3733473233388878e+00 2.4565588338236841e+00
1.8383800000000000e-01 1.3590057987401889e+00 2.4309056007742473e+00
1.8475939999999999e-01 1.3615864714331065e+00 2.4355217486293879e+00
1.8568540000000000e-01 1.3641645617708631e+00 2.4401332773271789e+00
1.8661600000000000e-01 1.3687792206319194e+00 2.4483876939613118e+00
1.8755130000000000e-01 1.3707822406634345e+00 2.4519705724284875e+00
1.8849130000000000e-01 1.3719223257975419e+00 2.4540098862713200e+00
1.8943599999999999e-01 1.4026647713201086e+00 2.5090000732680071e+00
1.9038540000000001e-01 1.3796445784643885e+00 2.4678229746892160e+00
1.9133960000000000e-01 1.3831571509265579e+00 2.4741060472701637e+00
1.9229859999999999e-01 1.3824235238974583e+00 2.4727937805708082e+00
1.9326240000000000e-01 1.3926532904137403e+00 2.4910921548250573e+00
1.9423099999999999e-01 1.3848043005470980e+00 2.4770523667351694e+00
1.9520450000000000e-01 1.3862186820576374e+00 2.4795823249875837e+00
1.9618279999999999e-01 1.3878064694955119e+00 2.4824224610481851e+00
1.9716610000000001e-01 1.3890193681067193e+00 2.4845920191397610e+00
1.9815430000000001e-01 1.3902848570129964e+00 2.4868556475016401e+00
1.9914740000000000e-01 1.3916531100421712e+00 2.4893030939768357e+00
2.0014550000000000e-01 1.4000600663483074e+00 2.5043409379573367e+00
2.0114859999999998e-01 1.3947975414315279e+00 2.4949276585539137e+00
2.0215680000000000e-01 1.3961426797157768e+00 2.4973337588016298e+00
2.0316990000000001e-01 1.3976421420475436e+00 2.5000159043699721e+00
2.0418819999999999e-01 1.4037983576523390e+00 2.5110277624555990e+00
2.0521159999999999e-01 1.4006938543937346e+00 2.5054746188516797e+00
2.0624010000000001e-01 1.4021161569993612e+00 2.5080187458695469e+00
2.0727380000000001e-01 1.4080735068136778e+00 2.5186748851169427e+00
2.0831260000000001e-01 1.4082239956979998e+00 2.5189440703346158e+00
2.0935659999999998e-01 1.4090960049142331e+00 2.5205038665397779e+00
2.1040590000000001e-01 1.4098602003226981e+00 2.5218708120673430e+00
2.1146050000000000e-01 1.4109768242317771e+00 2.5238681599204980e+00
2.1252030000000000e-01 1.4124908341244407e+00 2.5265763272668886e+00
2.1358539999999998e-01 1.4140846541802039e+00 2.5294272541016176e+00
2.1465590000000001e-01 1.4163648466597414e+00 2.5335059215175253e+00
2.1573170000000000e-01 1.4152733503379129e+00 2.5315535203398283e+00
2.1681290000000000e-01 1.4168083685613684e+00 2.5342992660902492e+00
2.1789960000000000e-01 1.4195090523949287e+00 2.5391300824583682e+00
2.1899170000000001e-01 1.4214463736828615e+00 2.5425954430725026e+00
2.2008930000000002e-01 1.4229602541672290e+00 2.5453033789413291e+00
2.2119229999999998e-01 1.4247668684671460e+00 2.5485349389715943e+00
2.2230090000000002e-01 1.4282215641958871e+00 2.5547144852279478e+00
2.2341510000000001e-01 1.4275247583395869e+00 2.5534680819673419e+00
2.2453479999999998e-01 1.4290215687837413e+00 2.5561454840029807e+00
2.2566020000000001e-01 1.4308623003743093e+00 2.5594380709346791e+00
2.2679120000000000e-01 1.4338955870819623e+00 2.5648638267726764e+00
2.2792779999999999e-01 1.4332878028127662e+00 2.5637766598265013e+00
2.2907020000000000e-01 1.4354964726364061e+00 2.5677273919348740e+00
2.3021829999999999e-01 1.4359966441274659e+00 2.5686220677928371e+00
2.3137210000000000e-01 1.4370586710914037e+00 2.5705217560040299e+00
2.3253170000000001e-01 1.4383489359692823e+00 2.5728297020930202e+00
2.3369710000000002e-01 1.4394906144569779e+00 2.5748718660282992e+00
2.3486840000000000e-01 1.4428664256734727e+00 2.5809103085433653e+00
2.3604549999999999e-01 1.4429613617038348e+00 2.5810801242484467e+00
2.3722860000000001e-01 1.4432319933643984e+00 2.5815642134407226e+00
2.3841759999999998e-01 1.4446753258571166e+00 2.5841459574211973e+00
2.3961250000000001e-01 1.4452263392916522e+00 2.5851315762061624e+00
2.4081340000000001e-01 1.4462133835838469e+00 2.5868971400472680e+00
2.4202029999999999e-01 1.4489692466453630e+00 2.5918266576088684e+00
2.4323330000000001e-01 1.4485969886834802e+00 2.5911607855682099e+00
2.4445240000000001e-01 1.4494872455350711e+00 2.5927532220159915e+00
2.4567760000000002e-01 1.4530213690785478e+00 2.5990748438395550e+00
2.4690889999999999e-01 1.4515410478163671e+00 2.5964269366337751e+00
2.4814639999999999e-01 1.4549707119459281e+00 2.6025617079122005e+00
2.4939010000000000e-01 1.4532509301110463e+00 2.5994854684300739e+00
2.5063999999999997e-01 1.4542938034013997e+00 2.6013508957334510e+00
2.5189620000000001e-01 1.4550181416381704e+00 2.6026465472150364e+00
2.5315870000000001e-01 1.4559377646400271e+00 2.6042915120178991e+00
2.5442750000000003e-01 1.4581145888937521e+00 2.6081852807385233e+00
2.5570260000000000e-01 1.4737967616410095e+00 2.6362365823583960e+00
2.5698420000000000e-01 1.4586263359215910e+00 2.6091006622014326e+00
2.5827220000000001e-01 1.4591826776681842e+00 2.6100958119417732e+00
2.5956659999999998e-01 1.4597465531003375e+00 2.6111044374733430e+00
2.6086750000000003e-01 1.4602542515198849e+00 2.6120125770359013e+00
2.6217499999999999e-01 1.4610090309276087e+00 2.6133626798031488e+00
2.6348899999999997e-01 1.4626304781915080e+00 2.6162630244807263e+00
2.6480959999999998e-01 1.4625187976827390e+00 2.6160632572873004e+00
2.6613680000000001e-01 1.4644822350381816e+00 2.6195753327093034e+00
2.6747060000000000e-01 1.4635820098954535e+00 2.6179650655982694e+00
2.6881119999999997e-01 1.4642542562832357e+00 2.6191675383991031e+00
2.7015839999999997e-01 1.4656697950052384e+00 2.6216995665998799e+00
2.7151239999999999e-01 1.4657865090783506e+00 2.6219083375221821e+00
2.7287319999999998e-01 1.4888840244108872e+00 2.6632237457698014e+00
2.7424090000000001e-01 1.4672800548437119e+00 2.6245798999021188e+00
2.7561530000000001e-01 1.4670670576394320e+00 2.6241989036640501e+00
2.7699669999999998e-01 1.4674838514792352e+00 2.6249444387312919e+00
2.7838499999999999e-01 1.4687398196329753e+00 2.6271910369593137e+00
2.7978019999999998e-01 1.4689029251823609e+00 2.6274827900878770e+00
2.8118250000000000e-01 1.4692328385686910e+00 2.6280729187682286e+00
2.8259170000000000e-01 1.4693998933691619e+00 2.6283717360731123e+00
2.8400799999999998e-01 1.4698510683015291e+00 2.6291787699143492e+00
2.8543150000000000e-01 1.4786598183062838e+00 2.6449353176363886e+00
2.8686200000000001e-01 1.4706454403236098e+00 2.6305996935037586e+00
2.8829979999999999e-01 1.4708583982393739e+00 2.6309806194649576e+00
2.8974470000000002e-01 1.4713295881589110e+00 2.6318234548785320e+00
2.9119690000000004e-01 1.4734751013371319e+00 2.6356612162819837e+00
2.9265629999999998e-01 1.4725557026990947e+00 2.6340166528072579e+00
2.9412310000000003e-01 1.4726809237500693e+00 2.6342406404859204e+00
2.9559720000000000e-01 1.4761087980835377e+00 2.6403722102876857e+00
2.9707870000000003e-01 1.4754667730079523e+00 2.6392237955027560e+00
2.9856769999999999e-01 1.4745481686313671e+00 2.6375806527538384e+00
3.0006410000000000e-01 1.4759223612884027e+00 2.6400387236683462e+00
3.0156790000000000e-01 1.4758287013721680e+00 2.6398711905973662e+00
3.0307940000000000e-01 1.4828927077735776e+00 2.6525068487682217e+00
3.0459840000000005e-01 1.4772254788406596e+00 2.6423696598271067e+00
3.0612499999999998e-01 1.4779442025509957e+00 2.6436552683907233e+00
3.0765929999999997e-01 1.4783923302658679e+00 2.6444568515575906e+00
3.0920119999999995e-01 1.4793688874210618e+00 2.6462036566560214e+00
3.1075090000000000e-01 1.4798307507969009e+00 2.6470298093245099e+00
3.1230839999999999e-01 1.4804963254031254e+00 2.6482203480547373e+00
3.1387369999999998e-01 1.4821888585780689e+00 2.6512478468176424e+00
3.1544679999999997e-01 1.4828471978329170e+00 2.6524254433983954e+00
3.1702780000000003e-01 1.4834012491287725e+00 2.6534164961219817e+00
3.1861669999999997e-01 1.4839770743558056e+00 2.6544464967082630e+00
3.2021359999999999e-01 1.4850793357236665e+00 2.6564181537351379e+00
3.2181840000000000e-01 1.4879872800026868e+00 2.6616197047816184e+00
3.2343139999999998e-01 1.4872687010247798e+00 2.6603343551064280e+00
3.2505239999999996e-01 1.4885235752674024e+00 2.6625789966138345e+00
3.2668150000000001e-01 1.4932185006622345e+00 2.6709769890639730e+00
3.2831880000000002e-01 1.4939557944779198e+00 2.6722958146846048e+00
3.2996429999999999e-01 1.4925339921359018e+00 2.6697525825073694e+00
3.3161810000000003e-01 1.4939781825195804e+00 2.6723358610301862e+00
3.3328010000000002e-01 1.4956404662707261e+00 2.6753092514928918e+00
3.3495049999999998e-01 1.4971793232678505e+00 2.6780618638044569e+00
3.3662920000000002e-01 1.4991057733233710e+00 2.6815077786297778e+00
3.3831639999999996e-01 1.5008495264860169e+00 2.6846268965418383e+00
3.4001199999999998e-01 1.5042468047854716e+00 2.6907037380484664e+00
3.4171609999999997e-01 1.5057551470538606e+00 2.6934017674987532e+00
3.4342880000000003e-01 1.5079398856998938e+00 2.6973096929953133e+00
3.4514999999999996e-01 1.5100709412103679e+00 2.7011215934160289e+00
3.4687990000000002e-01 1.5124436261389611e+00 2.7053657056097640e+00
3.4861839999999999e-01 1.5155883667877328e+00 2.7109908233709743e+00
3.5036570000000000e-01 1.5173919113221477e+00 2.7142168923943877e+00
3.5212169999999998e-01 1.5201259949896198e+00 2.7191074523216554e+00
3.5388649999999999e-01 1.5229332408601899e+00 2.7241288802771839e+00
3.5566009999999998e-01 1.5253426754278412e+00 2.7284387279545319e+00
3.5744270000000000e-01 1.5295368339239326e+00 2.7359409795182374e+00
3.5923410000000000e-01 1.5324666133959872e+00 2.7411815880088364e+00
3.6103460000000004e-01 1.5339950978365358e+00 2.7439156465321113e+00
3.6284410000000000e-01 1.5375153628995277e+00 2.7502124791620894e+00
3.6466260000000000e-01 1.5401123934480181e+00 2.7548578869385389e+00
3.6649029999999999e-01 1.5432863743925411e+00 2.7605353079340520e+00
3.6832709999999996e-01 1.7441229342050333e+00 3.1197793365769018e+00
3.7017309999999998e-01 1.5886388644976082e+00 2.8416590399355393e+00
3.7202839999999998e-01 1.5435852661264391e+00 2.7610699469993385e+00
3.7389299999999998e-01 1.5413889185656129e+00 2.7571412561933033e+00
3.7576690000000001e-01 1.5396171444167701e+00 2.7539720160725314e+00
3.7765019999999999e-01 1.5387440553362037e+00 2.7524102882727743e+00
3.7954289999999996e-01 1.5357625227382306e+00 2.7470771069883217e+00
3.8144519999999998e-01 1.5403766359053015e+00 2.7553305475187715e+00
3.8335690000000000e-01 1.5347680909235097e+00 2.7452983288033912e+00
3.8527830000000002e-01 1.5298863699904910e+00 2.7365662080365096e+00
3.8720929999999998e-01 1.5294361848966547e+00 2.7357609447572750e+00
3.8914989999999999e-01 1.5275705964358957e+00 2.7324238953920683e+00
3.9110030000000001e-01 1.5248765086470701e+00 2.7276048776212063e+00
3.9306049999999998e-01 1.5218923244942197e+00 2.7222669533992265e+00
3.9503050000000001e-01 1.5199681286774775e+00 2.7188250708169441e+00
3.9701029999999998e-01 1.5182427531434410e+00 2.7157388256713997e+00
3.9900009999999997e-01 1.5187687324433994e+00 2.7166796649432747e+00
4.0099990000000002e-01 1.5154226955915073e+00 2.7106944809718727e+00
4.0300970000000003e-01 1.5147776259976069e+00 2.7095406203407002e+00
4.0502949999999999e-01 1.5119440605921388e+00 2.7044721136274115e+00
4.0705950000000002e-01 1.5115831779243425e+00 2.7038265890099438e+00
4.0909960000000001e-01 1.5093431791721865e+00 2.6998198176500341e+00
4.1114999999999996e-01 1.5149391250344246e+00 2.7098294998388477e+00
4.1321069999999999e-01 1.5075527777592124e+00 2.6966172582301500e+00
4.1528160000000003e-01 1.5284855200503185e+00 2.7340604542210607e+00
4.1736299999999998e-01 1.5048360415604793e+00 2.6917577283830747e+00
4.1945479999999996e-01 1.5038231857817079e+00 2.6899459945496544e+00
4.2155710000000002e-01 1.5101405341691310e+00 2.7012460770005644e+00
4.2366989999999999e-01 1.5027979548220241e+00 2.6881121247572715e+00
4.2579329999999999e-01 1.5020279284910545e+00 2.6867347492358182e+00
4.2792730000000001e-01 1.5016523158009505e+00 2.6860628764646042e+00
4.3007200000000001e-01 1.5017224157537894e+00 2.6861882669288155e+00
4.3222750000000004e-01 1.4990684462754313e+00 2.6814410103128359e+00
4.3439380000000000e-01 1.5043940866501790e+00 2.6909671867476126e+00
4.3657100000000004e-01 1.5570601149324130e+00 2.7851729239420369e+00
4.3875900000000001e-01 1.4970733346453369e+00 2.6778722779054669e+00
4.4095800000000002e-01 1.4948896446201150e+00 2.6739662281170204e+00
4.4316809999999995e-01 1.4922287763550177e+00 2.6692066313775924e+00
4.4538920000000004e-01 1.4919642814638241e+00 2.6687335192591783e+00
4.4762150000000001e-01 1.4906230374946092e+00 2.6663343849215679e+00
4.4986489999999996e-01 1.5022965649094342e+00 2.6872152694621607e+00
4.5211960000000001e-01 1.4850170119422721e+00 2.6563066728059224e+00
4.5438560000000000e-01 1.4838749079018838e+00 2.6542637476682809e+00
4.5666289999999998e-01 1.4812480104482455e+00 2.6495649158173582e+00
4.5895170000000002e-01 1.5015982176660965e+00 2.6859661090636631e+00
4.6125189999999999e-01 1.4771415202101965e+00 2.6422194798166787e+00
4.6356369999999997e-01 1.4753803588705214e+00 2.6390692232331885e+00
4.6588700000000000e-01 1.4725679419551039e+00 2.6340385456321518e+00
4.6822199999999997e-01 1.4703460007707214e+00 2.6300640745337112e+00
4.7056869999999995e-01 1.4798809053181190e+00 2.6471195226330524e+00
4.7292709999999999e-01 1.4656777588801815e+00 2.6217138118872954e+00
4.7529739999999998e-01 1.4700781010826782e+00 2.6295848721250730e+00
4.7767950000000003e-01 1.4606873903839226e+00 2.6127873490725460e+00
4.8007359999999999e-01 1.4625492160854714e+00 2.6161176678465763e+00
4.8247969999999996e-01 1.4611995073678283e+00 2.6137033922900086e+00
4.8489789999999999e-01 1.4930047913208442e+00 2.6705947189990438e+00
4.8732809999999999e-01 1.4520715528148171e+00 2.5973758711954722e+00
4.8977060000000000e-01 1.4327892046722710e+00 2.5628847982808116e+00
4.9222529999999998e-01 1.4325287291908457e+00 2.5624188758342346e+00
4.9469229999999997e-01 1.4297496969342152e+00 2.5574479146480220e+00
4.9717159999999999e-01 1.4284333740382893e+00 2.5550933575864554e+00
4.9966340000000004e-01 1.5531913789436125e+00 2.7782527680517459e+00
5.0216769999999999e-01 1.4217724697380951e+00 2.5431787435468589e+00
5.0468449999999998e-01 1.4167773233667971e+00 2.5342437343644608e+00
5.0721390000000000e-01 1.4125350489681623e+00 2.5266554160473333e+00
5.0975610000000005e-01 1.4090577943134508e+00 2.5204355177781044e+00
5.1231089999999990e-01 1.4060452528678873e+00 2.5150468697830970e+00
5.1487859999999996e-01 1.4024230815495526e+00 2.5085677535402775e+00
5.1745910000000006e-01 1.4002898690148027e+00 2.5047519947678185e+00
5.2005259999999998e-01 1.3972053088718666e+00 2.4992345241769351e+00
5.2265899999999998e-01 1.3943664214553333e+00 2.4941564977790969e+00
5.2527859999999993e-01 1.3923098093533182e+00 2.4904777571276271e+00
5.2791120000000002e-01 1.3907012738900251e+00 2.4876005082811630e+00
5.3055710000000000e-01 1.3889149526741584e+00 2.4844052472657521e+00
5.3321619999999992e-01 1.3879155593833259e+00 2.4826175942989193e+00
5.3588860000000005e-01 1.3875891346537721e+00 2.4820337059122477e+00
5.3857440000000001e-01 1.3887468483204199e+00 2.4841045525848346e+00
5.4127369999999997e-01 1.3866961017531028e+00 2.4804363038394053e+00
5.4398649999999993e-01 1.3870795217425520e+00 2.4811221418252805e+00
5.4671300000000000e-01 1.3876690146856629e+00 2.4821765903775632e+00
5.4945299999999997e-01 1.3894314438028388e+00 2.4853291146831120e+00
5.5220680000000000e-01 1.3899911379575256e+00 2.4863302610039080e+00
5.5497450000000004e-01 1.3917464676116749e+00 2.4894700862286658e+00
5.5775589999999997e-01 1.3988354649798715e+00 2.5021504466967355e+00
5.6055139999999992e-01 1.4095080340586603e+00 2.5212408788143383e+00
5.6336079999999999e-01 1.3996975835987733e+00 2.5036925512125241e+00
5.6618429999999997e-01 1.4025902813171045e+00 2.5088668301533179e+00
5.6902200000000003e-01 1.4069319700678768e+00 2.5166329747208063e+00
5.7187390000000005e-01 1.4111697577483100e+00 2.5242132674736459e+00
5.7474009999999998e-01 1.4180781275703276e+00 2.5365705325479597e+00
5.7762059999999993e-01 1.4213617075684493e+00 2.5424439975585020e+00
5.8051559999999991e-01 1.4280222825029216e+00 2.5543580224490468e+00
5.8342510000000003e-01 1.4355249322815058e+00 2.5677782987895266e+00
5.8634920000000001e-01 1.4423666830344302e+00 2.5800163997893923e+00
5.8928790000000009e-01 1.4489813607964717e+00 2.5918483266538468e+00
5.9224140000000003e-01 1.4949199547218812e+00 2.6740204449542198e+00
5.9520960000000001e-01 1.4657658966036249e+00 2.6218714672010233e+00
5.9819280000000008e-01 1.4747196227244381e+00 2.6378873392414959e+00
6.0119090000000008e-01 1.4852378212605366e+00 2.6567016428707815e+00
6.0420399999999996e-01 1.4968762558011321e+00 2.6775197554463168e+00
6.0723220000000000e-01 1.5162960737276474e+00 2.7122567258163799e+00
6.1027560000000003e-01 1.5181671041326756e+00 2.7156035093952418e+00
6.1333430000000000e-01 1.5539399847280857e+00 2.7795918278231864e+00
6.1640819999999996e-01 1.5433631076971390e+00 2.7606725637280198e+00
6.1949759999999998e-01 1.5567043085321215e+00 2.7845364794382230e+00
6.2260249999999995e-01 1.5724335072733986e+00 2.8126718982504948e+00
6.2572289999999997e-01 1.6037702933697182e+00 2.8687252049416250e+00
6.2885900000000006e-01 1.6014399896296663e+00 2.8645569015992489e+00
6.3201079999999998e-01 1.6174751615912433e+00 2.8932396264021234e+00
6.3517840000000003e-01 1.6374902300149927e+00 2.9290413440815297e+00
6.3836179999999998e-01 1.6515248022171678e+00 2.9541455196504378e+00
6.4156130000000000e-01 1.6799875048626645e+00 3.0050578434523301e+00
6.4477669999999998e-01 1.6899563444075358e+00 3.0228894876626140e+00
6.4800829999999998e-01 1.7128870572322736e+00 3.0639065298908923e+00
6.5125599999999995e-01 1.7285147832858407e+00 3.0918604406293144e+00
6.5452009999999994e-01 3.5066820601474169e+00 6.2725361937742585e+00
6.5780050000000001e-01 1.7436700536795262e+00 3.1189692518760435e+00
6.6109730000000000e-01 1.7224800350568090e+00 3.0810658558800701e+00
6.6441070000000002e-01 1.7091476687561011e+00 3.0572177428388980e+00
6.6774069999999996e-01 1.6846300117834165e+00 3.0133620729749349e+00
6.7108730000000005e-01 1.6738066358462069e+00 2.9940018868672391e+00
6.7445079999999991e-01 1.6611184261973242e+00 2.9713060014428652e+00
6.7783110000000002e-01 1.6499272078612426e+00 2.9512878415807902e+00
6.8122830000000001e-01 1.6382607095867929e+00 2.9304195303321752e+00
6.8464250000000004e-01 1.6266558478155435e+00 2.9096614706520088e+00
6.8807390000000002e-01 1.6160171184411398e+00 2.8906315689066786e+00
6.9152250000000004e-01 1.6064223649234834e+00 2.8734690666673650e+00
6.9498830000000000e-01 1.5995590116819236e+00 2.8611923244706308e+00
6.9847159999999997e-01 1.5896823825320969e+00 2.8435256205173878e+00
7.0197220000000005e-01 1.5825772020634852e+00 2.8308163127192372e+00
7.0549050000000002e-01 1.5701980253220267e+00 2.8086732062647379e+00
7.0902630000000000e-01 1.5699605760825328e+00 2.8082484717369529e+00
7.1257989999999993e-01 1.5577383466693646e+00 2.7863861029656340e+00
7.1615130000000005e-01 1.5547952210033675e+00 2.7811216216279631e+00
7.1974059999999995e-01 1.5452682829689885e+00 2.7640804235348644e+00
7.2334789999999993e-01 1.5401662091140333e+00 2.7549541490766747e+00
7.2697319999999999e-01 1.5524624030046932e+00 2.7769488209351172e+00
7.3061680000000007e-01 1.5324546061509252e+00 2.7411601101907888e+00
7.3427860000000000e-01 1.5402546002305226e+00 2.7551122576442260e+00
7.3795869999999997e-01 1.5365813953506253e+00 2.7485418557198109e+00
7.4165729999999996e-01 1.5265236168147371e+00 2.7305511229378738e+00
7.4537439999999999e-01 1.5234641799097883e+00 2.7250785912427555e+00
7.4911019999999995e-01 1.5196174685082251e+00 2.7181978315732302e+00
7.5286459999999999e-01 1.5181789763254947e+00 2.7156247456401821e+00
7.5663789999999997e-01 1.5276456805458347e+00 2.7325582012085325e+00
7.6043010000000000e-01 1.5189109587526755e+00 2.7169340705772438e+00
7.6424139999999996e-01 1.5177443912897166e+00 2.7148473867808858e+00
7.6807169999999991e-01 1.5198909588730387e+00 2.7186870342390317e+00
7.7192119999999997e-01 1.5359608592932568e+00 2.7474318791628760e+00
7.7578999999999998e-01 1.9940921014994704e+00 3.5669087376142046e+00
7.7967819999999999e-01 1.5185356755191057e+00 2.7162627871175213e+00
7.8358590000000006e-01 1.5084333885275754e+00 2.6981924403602777e+00
7.8751309999999997e-01 1.4994172931820862e+00 2.6820650061044549e+00
7.9146010000000000e-01 1.4924614319101106e+00 2.6696227912589192e+00
7.9542679999999999e-01 1.4879331118466774e+00 2.6615228121311607e+00
7.9941340000000005e-01 1.4805049764701306e+00 2.6482358225488531e+00
8.0341999999999991e-01 1.4748927973167161e+00 2.6381971032518265e+00
8.0744669999999996e-01 1.4653740841013003e+00 2.6211706172066838e+00
8.1149360000000004e-01 1.4642907233187761e+00 2.6192327683790051e+00
8.1556070000000003e-01 1.6652065568312875e+00 2.9786185969181833e+00
8.1964819999999994e-01 1.4438526863967278e+00 2.5826744707847675e+00
8.2375620000000005e-01 1.4334934526822918e+00 2.5641445136061476e+00
8.2788480000000009e-01 1.4388784533328003e+00 2.5737768700343757e+00
8.3203410000000000e-01 1.4103721057910255e+00 2.5227864769388084e+00
8.3620420000000006e-01 1.5181805821059398e+00 2.7156276179610219e+00
8.4039520000000001e-01 1.3889676319735182e+00 2.4844994767414303e+00
8.4460720000000000e-01 1.3668899986548109e+00 2.4450083704223569e+00
8.4884029999999999e-01 1.4273358841187458e+00 2.5531302354315062e+00
8.5309460000000004e-01 1.3852863319585280e+00 2.4779145947395538e+00
8.5737019999999997e-01 1.3473879808971829e+00 2.4101243660734690e+00
8.6166729999999991e-01 1.3425912122746273e+00 2.4015442027503999e+00
8.6598589999999998e-01 1.3186551814887175e+00 2.3587289098710671e+00
8.7032619999999994e-01 1.1249904811663873e+00 2.0123134603400668e+00
8.7468820000000003e-01 1.1333140029811288e+00 2.0272020618577193e+00
8.7907199999999996e-01 1.1170763081368147e+00 1.9981570766359511e+00
8.8347789999999993e-01 1.1012172916974112e+00 1.9697894479466143e+00
8.8790579999999997e-01 1.0873035110394973e+00 1.9449013368284560e+00
8.9235589999999998e-01 1.0726885833363187e+00 1.9187590571991109e+00
8.9682830000000002e-01 1.0626312701460985e+00 1.9007691567987517e+00
9.0132309999999993e-01 1.0504359586312726e+00 1.8789549371007495e+00
9.0584050000000005e-01 1.0392811370620403e+00 1.8590018815262839e+00
9.1038050000000004e-01 1.0294212416882156e+00 1.8413651099175850e+00
9.1494320000000007e-01 1.0229311606462839e+00 1.8297560539673188e+00
9.1952889999999998e-01 1.0115679761572585e+00 1.8094302916765255e+00
9.2413750000000006e-01 1.0065904188718033e+00 1.8005267447640663e+00
9.2876919999999996e-01 9.9946268135901317e-01 1.7877770883190733e+00
9.3342409999999998e-01 9.9298246081937680e-01 1.7761856702260401e+00
9.3810230000000006e-01 9.8595044461782322e-01 1.7636072341480349e+00
9.4280399999999998e-01 9.8205468078152469e-01 1.7566387325141708e+00
9.4752930000000002e-01 9.7675597153083960e-01 1.7471607288100621e+00
9.5227819999999996e-01 9.7468989432687414e-01 1.7434650575690656e+00
9.5705100000000010e-01 9.7220364557935401e-01 1.7390178094330626e+00
9.6184760000000002e-01 9.6844367285731370e-01 1.7322922025539460e+00
9.6666830000000004e-01 9.6765200686002262e-01 1.7308761193344766e+00
9.7151319999999997e-01 9.6462772710142242e-01 1.7254664745704111e+00
9.7638230000000004e-01 9.6065317687226359e-01 1.7183570447051544e+00
9.8127589999999998e-01 9.6142115897046043e-01 1.7197307636293355e+00
9.8619389999999996e-01 9.5926725005758906e-01 1.7158779844545076e+00
9.9113669999999998e-01 9.5901191422648613e-01 1.7154212554968518e+00
9.9610420000000000e-01 9.6433195289684881e-01 1.7249374119489500e+00
1.0010969999999999e+00 9.6343715110129069e-01 1.7233368457862290e+00
1.0061140000000000e+00 9.6278352267915868e-01 1.7221676756519597e+00
1.0111570000000001e+00 9.6231737251352256e-01 1.7213338550387605e+00
1.0162240000000000e+00 9.6573693014656870e-01 1.7274505484406930e+00
1.0213179999999999e+00 9.8380619015177850e-01 1.7597717242511490e+00
1.0264359999999999e+00 9.6999904586060282e-01 1.7350743576768259e+00
1.0315809999999999e+00 9.7504639483204858e-01 1.7441027436448060e+00
1.0367510000000000e+00 9.7741761291094575e-01 1.7483442320284404e+00
1.0419470000000000e+00 9.9578460199581176e-01 1.7811979672201148e+00
1.0471690000000000e+00 1.0052455690464954e+00 1.7981211604938798e+00
1.0524179999999999e+00 9.9925066525128081e-01 1.7873978470058880e+00
1.0576920000000001e+00 1.0194288040207957e+00 1.8234912548437976e+00
1.0629929999999999e+00 9.8907223916602960e-01 1.7691913073423775e+00
1.0683209999999999e+00 9.8863321661424475e-01 1.7684060109286395e+00
1.0736749999999999e+00 9.9441268365042834e-01 1.7787439644537626e+00
1.0790560000000000e+00 9.9445263437467213e-01 1.7788154258407627e+00
1.0844650000000000e+00 1.0931582676987464e+00 1.9553739637792258e+00
1.0899000000000001e+00 9.9491799299949779e-01 1.7796478305946688e+00
1.0953620000000002e+00 1.0267654254561400e+00 1.8366145499426645e+00
1.1008520000000002e+00 1.0287230423550506e+00 1.8401162140916647e+00
1.1063699999999999e+00 1.0256511518540268e+00 1.8346214061733863e+00
1.1119150000000000e+00 1.1771014549804575e+00 2.1055263503982653e+00
1.1174870000000001e+00 1.0000402003715667e+00 1.7888101186442358e+00
1.1230879999999999e+00 1.1331411666679632e+00 2.0268929029401628e+00
1.1287170000000002e+00 1.0102735765923379e+00 1.8071149497148338e+00
1.1343740000000000e+00 1.0020976130581005e+00 1.7924902913318248e+00
1.1400589999999999e+00 9.9452815164515784e-01 1.7789505064680484e+00
1.1457729999999999e+00 9.9879644566343917e-01 1.7865853670730656e+00
1.1515160000000000e+00 9.9140930747387979e-01 1.7733717107256535e+00
1.1572870000000000e+00 9.8934183589806113e-01 1.7696735453184431e+00
1.1630870000000000e+00 1.0476973182881257e+00 1.8740562264735889e+00
1.1689170000000000e+00 1.0812363479989819e+00 1.9340487704673182e+00
1.1747750000000001e+00 9.8502505988749811e-01 1.7619519631213008e+00
1.1806630000000000e+00 1.0083266204701498e+00 1.8036323549045128e+00
1.1865800000000000e+00 9.8056610466334149e-01 1.7539760595320357e+00
1.1925270000000001e+00 9.7848028744065096e-01 1.7502450785652657e+00
1.1985040000000000e+00 1.0815245237557549e+00 1.9345642414548563e+00
1.2045109999999999e+00 9.7933277976928934e-01 1.7517699641678328e+00
1.2105480000000000e+00 1.1744664261905517e+00 2.1008129737154566e+00
1.2166150000000000e+00 1.0533255317991415e+00 1.8841236270387403e+00
1.2227129999999999e+00 9.6207235425822024e-01 1.7208955815231815e+00
1.2288409999999999e+00 9.5551803108679845e-01 1.7091716132211598e+00
1.2350000000000001e+00 9.8692654611339081e-01 1.7653532241906815e+00
1.2411890000000001e+00 9.4366660358297461e-01 1.6879725119936873e+00
1.2474100000000001e+00 9.3833383365303757e-01 1.6784335826511181e+00
1.2536620000000001e+00 9.3290037267610448e-01 1.6687145433853114e+00
1.2599449999999999e+00 9.2599019137282246e-01 1.6563540380452417e+00
1.2662599999999999e+00 9.2122734304994902e-01 1.6478345492583326e+00
1.2726059999999999e+00 9.1677974027347919e-01 1.6398789522260300e+00
1.2789849999999998e+00 1.0035324365284195e+00 1.7950568148987989e+00
1.2853950000000001e+00 9.9751749586212257e-01 1.7842976606938787e+00
1.2918369999999999e+00 9.0090192372572053e-01 1.6114776950645133e+00
1.2983119999999999e+00 8.9492834190410975e-01 1.6007925210054341e+00
1.3048190000000000e+00 9.4431412808265358e-01 1.6891307638086297e+00
1.3113580000000000e+00 8.8258793038739058e-01 1.5787187553896727e+00
1.3179310000000000e+00 8.7618284578923755e-01 1.5672617358261676e+00
1.3245360000000002e+00 9.0681925614038872e-01 1.6220622536600648e+00
1.3311750000000000e+00 8.6311210383392478e-01 1.5438816002484539e+00
1.3378460000000001e+00 8.5641072560661724e-01 1.5318945889488922e+00
1.3445520000000000e+00 8.5781125990247686e-01 1.5343997781592973e+00
1.3512899999999999e+00 8.4909881771522044e-01 1.5188154999104062e+00
1.3580630000000000e+00 8.3568985424633213e-01 1.4948303745876779e+00
1.3648689999999999e+00 8.0612576147312387e-01 1.4419479521794560e+00
1.3717100000000000e+00 8.0300569437454028e-01 1.4363669689402607e+00
1.3785849999999999e+00 7.9785819907086053e-01 1.4271594474011517e+00
1.3854940000000000e+00 7.9301271907705362e-01 1.4184921521870300e+00
1.3924380000000001e+00 7.8845257712253092e-01 1.4103352520267429e+00
1.3994169999999999e+00 7.8416270537592569e-01 1.4026617945145727e+00
1.4064310000000000e+00 7.8012899865142016e-01 1.3954465491656778e+00
1.4134800000000001e+00 7.7633772567516346e-01 1.3886649543258398e+00
1.4205640000000002e+00 7.7277616138743566e-01 1.3822942481945037e+00
1.4276840000000000e+00 7.7498967106298322e-01 1.3862536375309178e+00
1.4348390000000000e+00 7.6626881946611791e-01 1.3706543170497301e+00
1.4420299999999999e+00 7.6327246669796034e-01 1.3652946263605792e+00
1.4492579999999999e+00 7.6225139303795797e-01 1.3634681928889900e+00
1.4565210000000000e+00 7.5788027389853607e-01 1.3556494050607686e+00
1.4638209999999998e+00 7.5467612918198146e-01 1.3499180289736434e+00
1.4711580000000000e+00 7.5336902371030356e-01 1.3475799594710336e+00
1.4785310000000000e+00 7.5480479629589714e-01 1.3501481807567655e+00
1.4859410000000000e+00 7.4796985366095947e-01 1.3379222576976857e+00
1.4933889999999999e+00 7.6690980166972367e-01 1.3718008664097006e+00
1.5008740000000000e+00 7.4499614005159720e-01 1.3326030625369303e+00
1.5083959999999998e+00 7.5421876159787571e-01 1.3490999180996164e+00
1.5159559999999999e+00 7.4020006206007771e-01 1.3240241345719852e+00
1.5235540000000001e+00 7.3839605878504588e-01 1.3207972449817014e+00
1.5311900000000001e+00 7.3670566815307792e-01 1.3177735786672851e+00
1.5388640000000000e+00 7.3512068147412579e-01 1.3149384524311873e+00
1.5465760000000000e+00 7.3363455452756343e-01 1.3122801603759151e+00
1.5543279999999999e+00 7.5156385913638801e-01 1.3443509926210624e+00
1.5621179999999999e+00 7.3068388750921298e-01 1.3070021895331290e+00
1.5699470000000000e+00 7.2920442788394790e-01 1.3043558235702242e+00
1.5778150000000000e+00 7.2951544642798716e-01 1.3049121543241846e+00
1.5857230000000000e+00 7.2585141555821409e-01 1.2983581623022242e+00
1.5936710000000001e+00 7.3519087394739813e-01 1.3150640083902334e+00
1.6016579999999998e+00 7.2466234351410741e-01 1.2962312237016513e+00
1.6096860000000000e+00 7.6040969266151015e-01 1.3601738730529709e+00
1.6177530000000000e+00 7.2150562777610405e-01 1.2905846856407555e+00
1.6258610000000000e+00 7.4935813572183307e-01 1.3404055308672047e+00
1.6340100000000000e+00 7.2551786175630251e-01 1.2977615218714196e+00
1.6421990000000000e+00 7.1582431330190310e-01 1.2804223013537293e+00
1.6504300000000001e+00 7.1415579687645658e-01 1.2774377622683464e+00
1.6587019999999999e+00 7.3660255972930710e-01 1.3175891446898407e+00
1.6670150000000001e+00 7.1539344348536726e-01 1.2796515880490527e+00
1.6753699999999998e+00 7.0928519381067257e-01 1.2687255284554089e+00
1.6837670000000000e+00 7.0838122138756165e-01 1.2671085584407680e+00
1.6922059999999999e+00 7.0449657027255330e-01 1.2601599345561008e+00
1.7006869999999998e+00 7.0217569812044156e-01 1.2560085018554605e+00
1.7092110000000000e+00 7.0061491644197071e-01 1.2532166720286138e+00
1.7177770000000001e+00 6.9956578516698154e-01 1.2513400508289965e+00
1.7263860000000000e+00 7.0237732471116032e-01 1.2563691590425732e+00
1.7350390000000000e+00 7.3075099267304877e-01 1.3071222231038175e+00
1.7437349999999998e+00 6.9486133830302033e-01 1.2429250269632048e+00
1.7524739999999999e+00 6.9299136244299864e-01 1.2395801296892908e+00
1.7612580000000000e+00 6.9211435385645304e-01 1.2380113909194215e+00
1.7700850000000001e+00 6.8971668546477849e-01 1.2337225898506372e+00
1.7789560000000000e+00 6.8908096117766338e-01 1.2325854455268022e+00
1.7878720000000001e+00 6.9300469907074380e-01 1.2396039854249405e+00
1.7968330000000001e+00 6.8374388551269583e-01 1.2230388143514586e+00
1.8058390000000000e+00 6.9971152647822454e-01 1.2516007438812951e+00
1.8148890000000000e+00 6.8467920094484336e-01 1.2247118488040016e+00
1.8239850000000000e+00 6.9873444441951449e-01 1.2498529998678873e+00
1.8331270000000000e+00 6.7735264411407059e-01 1.2116065566479075e+00
1.8423150000000001e+00 7.4362475437462194e-01 1.3301500125749131e+00
1.8515480000000000e+00 7.1496695463768412e-01 1.2788887111507627e+00
1.8608279999999999e+00 6.9075403325112594e-01 1.2355781334738658e+00
1.8701540000000001e+00 6.6671332373348258e-01 1.1925755977472330e+00
1.8795269999999999e+00 6.6352838960903737e-01 1.1868785843802641e+00
1.8889469999999999e+00 7.0825135927556460e-01 1.2668762691189164e+00
1.8984150000000000e+00 6.5651400995039422e-01 1.1743316954604677e+00
1.9079290000000000e+00 6.9273401779205424e-01 1.2391198074788263e+00
1.9174920000000000e+00 6.4838817119543868e-01 1.1597966971854630e+00
1.9271020000000001e+00 6.5451696708332319e-01 1.1707595085757247e+00
1.9367600000000000e+00 6.3932733477842218e-01 1.1435892328654116e+00
1.9464670000000002e+00 6.4359799363044123e-01 1.1512283235388974e+00
1.9562230000000000e+00 6.3337312675397106e-01 1.1329387134575983e+00
1.9660270000000000e+00 6.1111337978463576e-01 1.0931218534929561e+00
1.9758810000000000e+00 6.1947915570248135e-01 1.1080860365393899e+00
1.9857840000000002e+00 6.1380288830533802e-01 1.0979326801519489e+00
1.9957360000000002e+00 6.0437402235126192e-01 1.0810669073362915e+00
2.0057390000000002e+00 5.9986179650059968e-01 1.0729957165418877e+00
2.0157910000000001e+00 6.0447945351986443e-01 1.0812554960961698e+00
2.0258940000000001e+00 5.9731997216568256e-01 1.0684490582291253e+00
2.0360480000000001e+00 5.9026320560082768e-01 1.0558263502305543e+00
2.0462520000000000e+00 5.6611948855313776e-01 1.0126395609989371e+00
2.0565080000000000e+00 5.8252985355221443e-01 1.0419934079243773e+00
2.0668150000000001e+00 5.5759264891769644e-01 9.9738727712648190e-01
2.0771739999999999e+00 5.6159931655777529e-01 1.0045541566318801e+00
2.0875850000000002e+00 5.5658773931427752e-01 9.9558975692054352e-01
2.0980470000000002e+00 5.5099815200403901e-01 9.8559144851665625e-01
2.1085630000000002e+00 5.5649787259635020e-01 9.9542900888831642e-01
2.1191300000000002e+00 5.5443545576614572e-01 9.9173988509773159e-01
2.1297510000000002e+00 5.4838167509831137e-01 9.8091125629795795e-01
2.1404259999999997e+00 5.4817538724726489e-01 9.8054226133638722e-01
2.1511529999999999e+00 5.5148992278843068e-01 9.8647109770960539e-01
2.1619350000000002e+00 5.5344125616387263e-01 9.8996152228007939e-01
2.1727699999999999e+00 5.6130515378815571e-01 1.0040279764456952e+00
2.1836599999999997e+00 5.6073342410371774e-01 1.0030053017129477e+00
2.1946040000000000e+00 5.5994609406590201e-01 1.0015969743898721e+00
2.2056030000000000e+00 5.5663464656334394e-01 9.9567366170930760e-01
2.2166579999999998e+00 5.5955896990005505e-01 1.0009045106021348e+00
2.2277669999999996e+00 5.5646469508947105e-01 9.9536966301402585e-01
2.2389329999999998e+00 5.5923060750546649e-01 1.0003171562399762e+00
2.2501540000000002e+00 5.5905083954201851e-01 9.9999559841469632e-01
2.2614319999999997e+00 5.6088716733802635e-01 1.0032803081107926e+00
2.2727660000000003e+00 5.6033116649585979e-01 1.0022857681592259e+00
2.2841570000000000e+00 5.6178230350003777e-01 1.0048814723675650e+00
2.2956050000000001e+00 5.6230724514945385e-01 1.0058204555542651e+00
2.3071100000000002e+00 5.5920761843953370e-01 1.0002760348193138e+00
2.3186730000000000e+00 5.6368734364168349e-01 1.0082890904618507e+00
2.3302939999999999e+00 5.6437859704756888e-01 1.0095255618422370e+00
2.3419729999999999e+00 5.6722319299242208e-01 1.0146137993028079e+00
2.3537109999999997e+00 5.6598744290278713e-01 1.0124033658985976e+00
2.3655079999999997e+00 5.6690978418529936e-01 1.0140531929939367e+00
2.3773629999999999e+00 5.6968981293725740e-01 1.0190259366494185e+00
2.3892790000000002e+00 5.7017671545163007e-01 1.0198968777817645e+00
2.4012530000000001e+00 5.7101900517736137e-01 1.0214035135986630e+00
2.4132880000000001e+00 5.7254087762399475e-01 1.0241257449957730e+00
2.4253829999999996e+00 5.7283271397133650e-01 1.0246477638215354e+00
2.4375390000000001e+00 5.7366323289848165e-01 1.0261333447612324e+00
2.4497559999999998e+00 6.3527637139953375e-01 1.1363431198794332e+00
2.4620340000000001e+00 6.0285754324395091e-01 1.0783543232113106e+00
2.4743739999999996e+00 5.7740925933289378e-01 1.0328340053827709e+00
2.4867750000000002e+00 5.7817836630848451e-01 1.0342097364181286e+00
2.4992379999999996e+00 5.7909387524481903e-01 1.0358473422347909e+00
2.5117640000000003e+00 6.9336280665408545e-01 1.2402445461428062e+00
2.5243530000000001e+00 5.7993086264516025e-01 1.0373444935796585e+00
2.5370050000000002e+00 5.7985241710882740e-01 1.0372041750513608e+00
2.5497199999999998e+00 5.8012418723078918e-01 1.0376903006530414e+00
2.5624989999999999e+00 6.4863109052764611e-01 1.1602312162771011e+00
2.5753420000000000e+00 5.7962813726675078e-01 1.0368029971279478e+00
2.5882499999999999e+00 5.8271261415106279e-01 1.0423203187909484e+00
2.6012220000000004e+00 6.2817737060656786e-01 1.1236448659032405e+00
2.6142590000000001e+00 6.1349094488991063e-01 1.0973746950451966e+00
2.6273610000000001e+00 6.0515151996655192e-01 1.0824576470294915e+00
2.6405289999999999e+00 6.1197646569409758e-01 1.0946656882383303e+00
2.6537640000000002e+00 6.0876575149675605e-01 1.0889225610698972e+00
2.6670639999999999e+00 5.5084668533007952e-01 9.8532051428929668e-01
2.6804310000000000e+00 5.7609748259797666e-01 1.0304875802131126e+00
2.6938649999999997e+00 5.7448706288083684e-01 1.0276069609297944e+00
2.7073670000000001e+00 5.7295223636675319e-01 1.0248615580972522e+00
2.7209360000000000e+00 5.7149101164531735e-01 1.0222478096035950e+00
2.7345729999999997e+00 5.7010257037224776e-01 1.0197642516451377e+00
2.7482780000000000e+00 5.6923991635253091e-01 1.0182211894374533e+00
2.7620520000000002e+00 5.6753805636357990e-01 1.0151770074459492e+00
2.7758960000000004e+00 5.6636207006443084e-01 1.0130734758173972e+00
2.7898079999999998e+00 5.6525816727124700e-01 1.0110988827103271e+00
2.8037899999999998e+00 5.6422689548299088e-01 1.0092542074570527e+00
2.8178429999999999e+00 5.6326892435742848e-01 1.0075406479000084e+00
2.8319660000000000e+00 5.6238447703309979e-01 1.0059586031756274e+00
2.8461590000000001e+00 5.6157387929539926e-01 1.0045086560286927e+00
2.8604240000000001e+00 5.6083807213537129e-01 1.0031924896458413e+00
2.8747600000000002e+00 5.6150557906411125e-01 1.0043864847951878e+00
2.8891680000000002e+00 5.6877294793826239e-01 1.0173859051916596e+00
2.9036480000000000e+00 5.5891276301964321e-01 9.9974861566312268e-01
2.9182009999999998e+00 5.5832805023753684e-01 9.9870271756748230e-01
2.9328270000000001e+00 5.5781839026109592e-01 9.9779106929315609e-01
2.9475259999999999e+00 5.5738314211667472e-01 9.9701252430609200e-01
2.9622989999999998e+00 5.5702208952995225e-01 9.9636669574814818e-01
2.9771460000000003e+00 5.5673508871615285e-01 9.9585332642600233e-01
2.9920670000000000e+00 5.5652206932428572e-01 9.9547229050014863e-01
3.0070630000000000e+00 5.5638367321146620e-01 9.9522473608493556e-01
3.0221339999999999e+00 5.5632038211953994e-01 9.9511152489040999e-01
3.0372810000000001e+00 5.6241887438062799e-01 1.0060201310254979e+00
3.0525030000000002e+00 5.5633473729991345e-01 9.9513720255006555e-01
3.0678019999999999e+00 5.5641534240004420e-01 9.9528138397264709e-01
3.0831779999999998e+00 5.5657695500264670e-01 9.9557046661025328e-01
3.0986300000000000e+00 5.6048773305111921e-01 1.0025658247391367e+00
3.1141610000000002e+00 5.5708942376723969e-01 9.9648713907127284e-01
3.1297679999999999e+00 6.0561946623004470e-01 1.0832946803915571e+00
3.1454550000000001e+00 5.7834083140418091e-01 1.0345003439427063e+00
3.1612190000000000e+00 5.5911549408902683e-01 1.0001112484734260e+00
3.1770630000000000e+00 5.5814145354468014e-01 9.9836894493297845e-01
3.1929859999999999e+00 5.5855775896479121e-01 9.9911360634525415e-01
3.2089889999999999e+00 5.5573770230920316e-01 9.9406926324905498e-01
3.2250719999999999e+00 5.5499892470271062e-01 9.9274778351510973e-01
3.2412359999999998e+00 5.5608143679915512e-01 9.9468411426556869e-01
3.2574810000000003e+00 5.5599000837423374e-01 9.9452057274836758e-01
3.2738069999999997e+00 5.5597300718042597e-01 9.9449016206337582e-01
3.2902150000000003e+00 5.5725342994710148e-01 9.9678050319198308e-01
3.3067060000000001e+00 5.5678669816600790e-01 9.9594564222099136e-01
3.3232789999999999e+00 5.5665942406419888e-01 9.9571798217185259e-01
3.3399350000000001e+00 5.5662980436683152e-01 9.9566500028738214e-01
3.3566739999999999e+00 6.1005498066906516e-01 1.0912286545527603e+00
3.3734970000000000e+00 5.5679049509728096e-01 9.9595243393704280e-01
3.3904050000000003e+00 5.9646670853606387e-01 1.0669227929710228e+00
3.4073980000000001e+00 5.5616960139845251e-01 9.9484181765316337e-01
3.4244749999999997e+00 5.5574732018033779e-01 9.9408646710265924e-01
3.4416379999999998e+00 5.5540867832978602e-01 9.9348072548483390e-01
3.4588880000000000e+00 5.5514948151407029e-01 9.9301709023647045e-01
3.4762230000000001e+00 5.5496593123954319e-01 9.9268876684683871e-01
3.4936460000000000e+00 5.4756787762933146e-01 9.7945558566941981e-01
3.5111560000000002e+00 5.6528402150222812e-01 1.0111451291611913e+00
3.5287530000000000e+00 5.6483078973299428e-01 1.0103344161772578e+00
3.5464389999999999e+00 5.6438716460914717e-01 1.0095408869670046e+00
3.5642130000000001e+00 5.6395993019587165e-01 1.0087766764470512e+00
3.5820770000000004e+00 5.6355532303121769e-01 1.0080529401513101e+00
3.6000300000000003e+00 5.6317877441446507e-01 1.0073793932523372e+00
3.6180729999999999e+00 5.6283552373935974e-01 1.0067654076539265e+00
3.6362069999999997e+00 5.6253030930254744e-01 1.0062194589283420e+00
3.6544310000000002e+00 5.6226738338375315e-01 1.0057491532908103e+00
3.6727469999999998e+00 5.6375279625579222e-01 1.0084061680536973e+00
3.6911540000000000e+00 5.6955441280614671e-01 1.0187837412611664e+00
3.7096540000000000e+00 5.6161793041661101e-01 1.0045874519524283e+00
3.7282459999999999e+00 5.6143193248970624e-01 1.0042547503534620e+00
3.7469319999999997e+00 5.6130626196552358e-01 1.0040299586848973e+00
3.7657109999999996e+00 5.6124333760745004e-01 1.0039174034812273e+00
3.7845849999999999e+00 5.6124633744107322e-01 1.0039227693982549e+00
3.8035530000000000e+00 5.6131853864365211e-01 1.0040519184481664e+00
3.8226160000000000e+00 5.6146504003724440e-01 1.0043139710888063e+00
3.8417750000000002e+00 5.6168731392199700e-01 1.0047115608797048e+00
3.8610289999999998e+00 5.6245268819451266e-01 1.0060806150864430e+00
3.8803800000000002e+00 6.4027891535524584e-01 1.1452913614037394e+00
3.8998290000000000e+00 5.8277660643507623e-01 1.0424347842345536e+00
3.9193739999999999e+00 5.6100199709077581e-01 1.0034857084772613e+00
3.9390179999999999e+00 5.6032207656648458e-01 1.0022695086552198e+00
3.9587600000000003e+00 5.7056932959830797e-01 1.0205991617079899e+00
3.9786010000000003e+00 5.5906979307048421e-01 1.0000295013152907e+00
3.9985410000000003e+00 5.5850871172962124e-01 9.9902587368157636e-01
4.0185820000000003e+00 5.5803590311224160e-01 9.9818014284131951e-01
4.0387219999999999e+00 5.5764796902642799e-01 9.9748623031879036e-01
4.0589639999999996e+00 5.5804203328191215e-01 9.9819110811004730e-01
4.0793070000000000e+00 5.5755203081365912e-01 9.9731462197174403e-01
4.0997520000000005e+00 5.5712586875935910e-01 9.9655232962126561e-01
4.1203000000000003e+00 5.5637394894463321e-01 9.9520734191728044e-01
4.1409510000000003e+00 5.5759350575877920e-01 9.9738880979086708e-01
4.1617049999999995e+00 5.5761113700351750e-01 9.9742034747203279e-01
4.1825630000000000e+00 5.5769875947726788e-01 9.9757708113894650e-01
4.2035260000000001e+00 5.5785622854558425e-01 9.9785875207844787e-01
4.2245929999999996e+00 5.5808297304766652e-01 9.9826433863338937e-01
4.2457669999999998e+00 5.5837891171410325e-01 9.9879369543406937e-01
4.2670460000000006e+00 5.5874318054939853e-01 9.9944527701873043e-01
4.2884319999999994e+00 5.5917533588371515e-01 1.0002182897781819e+00
4.3099249999999998e+00 5.5967435792678155e-01 1.0011109095745983e+00
4.3315260000000002e+00 5.6023962913876124e-01 1.0021220317908770e+00
4.3532359999999999e+00 5.6087025037959815e-01 1.0032500481008433e+00
4.3750540000000004e+00 5.6156515063738910e-01 1.0044930427445817e+00
4.3969809999999994e+00 5.6232369084456013e-01 1.0058498725975034e+00
4.4190180000000003e+00 5.5745827548054638e-01 9.9714691822494794e-01
4.4411659999999999e+00 5.7067475523830535e-01 1.0207877405786412e+00
4.4634250000000000e+00 5.7122400645877303e-01 1.0217702072239674e+00
4.4857950000000004e+00 5.7178889494716967e-01 1.0227806448479488e+00
4.5082780000000007e+00 5.7237606915906725e-01 1.0238309457971098e+00
4.5308729999999997e+00 5.7299097526388953e-01 1.0249308518428002e+00
4.5535810000000003e+00 5.7363903753803258e-01 1.0260900655954754e+00
4.5764030000000000e+00 5.8828957926577785e-01 1.0522960493913998e+00
4.5993399999999998e+00 5.7485476645135247e-01 1.0282646863565879e+00
4.6223909999999995e+00 5.7543334572915461e-01 1.0292996132187138e+00
4.6455580000000003e+00 5.7606351666352096e-01 1.0304268240482894e+00
4.6688419999999997e+00 5.7674763556258857e-01 1.0316505336637163e+00
4.6922410000000001e+00 5.7748776968094628e-01 1.0329744398422680e+00
4.7157580000000001e+00 5.7828690655287829e-01 1.0344038865006748e+00
4.7393929999999997e+00 5.7914734246405608e-01 1.0359429810928602e+00
4.7631470000000000e+00 5.8007177304954760e-01 1.0375965454042717e+00
4.7870189999999999e+00 5.8106300762409557e-01 1.0393696045635363e+00
4.8110119999999998e+00 5.9300330453680172e-01 1.0607276698984391e+00
4.8351239999999995e+00 5.8309757294630715e-01 1.0430089092975485e+00
4.8593570000000001e+00 5.8510551426230972e-01 1.0466005906543325e+00
4.8837120000000001e+00 5.8527497553977637e-01 1.0469037125165717e+00
4.9081890000000001e+00 5.8648359552836815e-01 1.0490656172723860e+00
4.9327879999999995e+00 6.0291215590708547e-01 1.0784520109686477e+00
4.9575110000000002e+00 5.8892789150080638e-01 1.0534378228765551e+00
4.9823570000000004e+00 5.9011606480410217e-01 1.0555631538650980e+00
5.0073289999999995e+00 5.9145840961664808e-01 1.0579642573232386e+00
5.0324249999999999e+00 5.9289117001985459e-01 1.0605270906032369e+00
5.0576470000000002e+00 5.9442453888965430e-01 1.0632698860917509e+00
5.0829960000000005e+00 5.9605779740050824e-01 1.0661913579980722e+00
5.1084709999999998e+00 5.9781687356243829e-01 1.0693378847444541e+00
5.1340740000000000e+00 5.9986047025890055e-01 1.0729933442426838e+00
5.1598059999999997e+00 6.0278353092821002e-01 1.0782219345540824e+00
5.1856660000000003e+00 6.0468726263797279e-01 1.0816272122062629e+00
5.2116569999999998e+00 6.0670016262036230e-01 1.0852277633190874e+00
5.2377770000000003e+00 6.0882816185046129e-01 1.0890341968543134e+00
5.2640280000000006e+00 6.1107761296492946e-01 1.0930578760158720e+00
5.2904109999999998e+00 6.1345483034272585e-01 1.0973100955746851e+00
5.3169260000000005e+00 6.1602629037021606e-01 1.1019097643831532e+00
5.3435739999999994e+00 6.1862031082699143e-01 1.1065497878935342e+00
5.3703560000000001e+00 6.2142313404694050e-01 1.1115633048849041e+00
5.3972720000000001e+00 6.2438338707830410e-01 1.1168584225954552e+00
5.4243220000000001e+00 6.2750951216918349e-01 1.1224502419969502e+00
5.4515079999999996e+00 6.3081093949364608e-01 1.1283556312020770e+00
5.4788310000000005e+00 6.3860204667780929e-01 1.1422918823260766e+00
5.5062899999999999e+00 6.4405981586741468e-01 1.1520544026207242e+00
5.5338880000000001e+00 6.4730717207581845e-01 1.1578630727544614e+00
5.5616230000000000e+00 6.5073554778029363e-01 1.1639955393777037e+00
5.5894970000000006e+00 6.5436485824011903e-01 1.1704874256756996e+00
5.6175110000000004e+00 6.5821463351765896e-01 1.1773736658172571e+00
5.6456660000000003e+00 6.6230463680292140e-01 1.1846896109755090e+00
5.6739610000000003e+00 6.6665448011291562e-01 1.1924703419146685e+00
5.7023990000000007e+00 6.7128408462929756e-01 1.2007514924135667e+00
5.7309790000000005e+00 6.7643433452819690e-01 1.2099639412023999e+00
5.7597019999999999e+00 6.8146158565497383e-01 1.2189563773876682e+00
5.7885690000000007e+00 6.8704949049909847e-01 1.2289516763001291e+00
5.8175810000000006e+00 6.9299735743134749e-01 1.2395908531540230e+00
5.8467380000000002e+00 6.9932455556209294e-01 1.2509085542171794e+00
5.8760420000000000e+00 7.0605029743654646e-01 1.2629391457033432e+00
5.9054920000000006e+00 7.1319242900755486e-01 1.2757145493502779e+00
5.9350899999999998e+00 7.2076774266294696e-01 1.2892648023437421e+00
5.9648360000000000e+00 7.2879142591369828e-01 1.3036170711649429e+00
5.9947309999999998e+00 7.3727691067031886e-01 1.3187953819854525e+00
6.0247760000000001e+00 7.4623501290019922e-01 1.3348190817394281e+00
6.0549719999999994e+00 7.5567417144347893e-01 1.3517032653026810e+00
6.0853190000000001e+00 7.6559981601771321e-01 1.3694576450184759e+00
6.1158180000000000e+00 7.7601430917974656e-01 1.3880864468825158e+00
6.1464699999999999e+00 7.8691717866179034e-01 1.4075888261313609e+00
6.1772760000000000e+00 7.9830476160612862e-01 1.4279582308714545e+00
6.2082360000000003e+00 8.1017045540564270e-01 1.4491828507671534e+00
6.2393510000000001e+00 8.2250647406487531e-01 1.4712487587108745e+00
6.2706220000000004e+00 8.3530353763756182e-01 1.4941393553081410e+00
6.3020500000000004e+00 8.4855311194366390e-01 1.5178393751450214e+00
6.3336350000000001e+00 8.6224833739466189e-01 1.5423365482134210e+00
6.3653789999999999e+00 8.7638685347683587e-01 1.5676266521722522e+00
6.3972820000000006e+00 8.9097284333983906e-01 1.5937171695811401e+00
6.4293440000000004e+00 9.0988453427523963e-01 1.6275452337863068e+00
6.4615680000000006e+00 9.2765949846461326e-01 1.6593399914257261e+00
6.4939520000000002e+00 9.4353735495442448e-01 1.6877413200331186e+00
6.5264989999999994e+00 9.6450425900083825e-01 1.7252456224610933e+00
6.5592100000000002e+00 1.0282728402996009e+00 1.8393109204725444e+00
6.5920839999999998e+00 9.8468389830354108e-01 1.7613417143600525e+00
6.6251229999999994e+00 1.2406111547755767e+00 2.2191285771721052e+00
6.6583280000000000e+00 2.4593831997447153e+00 4.3991927041456842e+00
6.6916989999999998e+00 3.4533453315432752e+00 6.1771307492861061e+00
6.7252369999999999e+00 9.8806271564406323e-01 1.7673855340440323e+00
6.7589430000000004e+00 9.6349967317212459e-01 1.7234486814033418e+00
6.7928180000000005e+00 9.4131446151978282e-01 1.6837651456082530e+00
6.8268630000000003e+00 9.2125135662642699e-01 1.6478775032601545e+00
6.8610790000000001e+00 9.0309807068811765e-01 1.6154060270524735e+00
6.8954660000000008e+00 8.8806208912622175e-01 1.5885105922972766e+00
6.9300259999999998e+00 8.7344286989102959e-01 1.5623606362406364e+00
6.9647579999999998e+00 8.6373391500621333e-01 1.5449938576521687e+00
6.9996650000000002e+00 8.4638042721696993e-01 1.5139530109545720e+00
7.0347470000000003e+00 8.3557536237065877e-01 1.4946255785948459e+00
7.0700050000000001e+00 8.2595222292177961e-01 1.4774123013557072e+00
7.1054390000000005e+00 8.1743536188047905e-01 1.4621778665758804e+00
7.1410510000000000e+00 8.0995504382958794e-01 1.4487975358500362e+00
7.1768410000000005e+00 8.0344531095742333e-01 1.4371533279201225e+00
7.2128109999999994e+00 7.9784340347540572e-01 1.4271329819542116e+00
7.2489610000000004e+00 7.9308843575336596e-01 1.4186275894991374e+00
7.2852920000000001e+00 7.8912210529524041e-01 1.4115328626524108e+00
7.3218050000000003e+00 7.8588680618091911e-01 1.4057457595035692e+00
7.3585020000000005e+00 7.8332783105452575e-01 1.4011684229147494e+00
7.3953819999999997e+00 7.8139103005437249e-01 1.3977039929592463e+00
7.4324469999999998e+00 7.8002465574004287e-01 1.3952599070130811e+00
7.4696980000000002e+00 7.7917920496939075e-01 1.3937476169143470e+00
7.5071349999999999e+00 7.7880763739514514e-01 1.3930829797964355e+00
7.5447600000000001e+00 7.7886601036450365e-01 1.3931873937571992e+00
7.5825739999999993e+00 7.7931127249869092e-01 1.3939838511503995e+00
7.6205769999999999e+00 7.8011270164233071e-01 1.3954173980827993e+00
7.6587709999999998e+00 7.8113661363219888e-01 1.3972489085834741e+00
7.6971559999999997e+00 7.8257015965400056e-01 1.3998131471294728e+00
7.7357340000000008e+00 7.8428520237132981e-01 1.4028809095709482e+00
7.7745040000000003e+00 7.8612013548622151e-01 1.4061631245476403e+00
7.8134700000000006e+00 7.8837423572614262e-01 1.4101951197775433e+00
7.8526300000000004e+00 7.9089113545661405e-01 1.4146971944979470e+00
7.8919870000000003e+00 1.6850398448227237e+00 3.0140951569923526e+00
7.9315410000000002e+00 7.8600675084949900e-01 1.4059603091154280e+00
7.9712929999999993e+00 7.7920422301419157e-01 1.3937923676470392e+00
8.0112439999999996e+00 7.7301438032732173e-01 1.3827203595147914e+00
8.0513960000000004e+00 7.6708053122713016e-01 1.3721062568927298e+00
8.0917490000000001e+00 7.6189999591125868e-01 1.3628396354213317e+00
8.1323039999999995e+00 7.5712977911870560e-01 1.3543069663711522e+00
8.1730630000000009e+00 7.5225782093697080e-01 1.3455923086105337e+00
8.2140249999999995e+00 7.4821873639429060e-01 1.3383674437527795e+00
8.2551929999999984e+00 7.4450302649714362e-01 1.3317210114798634e+00
8.2965679999999988e+00 1.2106591868500831e+00 2.1655523476580081e+00
8.3381489999999996e+00 7.3128059706873705e-01 1.3080695467229417e+00
8.3799400000000013e+00 7.2312070703772424e-01 1.2934736396293303e+00
8.4219390000000001e+00 7.1546075481540228e-01 1.2797719903970997e+00
8.4641489999999990e+00 7.0381075869179166e-01 1.2589331971762494e+00
8.5065709999999992e+00 9.7635663223350955e-01 1.7464464153498922e+00
8.5492050000000006e+00 6.8782821700319552e-01 1.2303446141536953e+00
8.5920529999999999e+00 8.3567472624914718e-01 1.4948033145610617e+00
8.6351160000000000e+00 7.4389930005692884e-01 1.3306411029274392e+00
8.6783940000000008e+00 7.0762954811211554e-01 1.2657640117310129e+00
8.7218900000000001e+00 8.1390276023981623e-01 1.4558589670380331e+00
8.7656029999999987e+00 6.1329036715349117e-01 1.0970159139838467e+00
8.8095350000000003e+00 5.0536490606644591e-01 9.0396551782965195e-01
8.8536880000000000e+00 6.6150074927789282e-01 1.1832516666423825e+00
8.8980619999999995e+00 6.4543760673000039e-01 1.1545189097829895e+00
8.9426579999999998e+00 6.3021028929507694e-01 1.1272812252406299e+00
8.9874779999999994e+00 6.1582182862981949e-01 1.1015440358554791e+00
9.0325229999999994e+00 6.0226981931050227e-01 1.0773030389542060e+00
9.0777929999999998e+00 5.8954735541210268e-01 1.0545458816448425e+00
9.1232900000000008e+00 5.7764455860230091e-01 1.0332548941769100e+00
9.1690149999999999e+00 6.0941460347846443e-01 1.0900831874026695e+00
9.2149699999999992e+00 6.2485781008629604e-01 1.1177070411578873e+00
9.2611540000000012e+00 5.5669112489841344e-01 9.9577468666532343e-01
9.3075700000000001e+00 5.9648207496591921e-01 1.0669502794912671e+00
9.3542189999999987e+00 5.8177803074974010e-01 1.0406485937499135e+00
9.4011020000000016e+00 5.6783157957798436e-01 1.0157020436352828e+00
9.4482189999999999e+00 5.5464580027916643e-01 9.9211613636558360e-01
9.4955730000000003e+00 5.4221723654912735e-01 9.6988468951749873e-01
9.5431640000000009e+00 5.3053740265832161e-01 9.4899252434234438e-01
9.5909940000000002e+00 5.1959451722525130e-01 9.2941856703286052e-01
9.6390630000000002e+00 5.0937282637559944e-01 9.1113463803208949e-01
9.6873729999999991e+00 4.9985506858181544e-01 8.9410986098612677e-01
9.7359249999999999e+00 4.9102102636665146e-01 8.7830807212089501e-01
9.7847209999999993e+00 4.8284987339336127e-01 8.6369201857206701e-01
9.8337610000000009e+00 4.7531953730833160e-01 8.5022221867733483e-01
9.8830470000000012e+00 4.6840678463893365e-01 8.3785711383643990e-01
9.9325799999999997e+00 4.6208818125838430e-01 8.2655478653137071e-01
9.9823619999999984e+00 4.5634009495243066e-01 8.1627296491748980e-01
1.0032389999999999e+01 4.5113857983426425e-01 8.0696881607207338e-01
1.0082670000000000e+01 4.4646040567005174e-01 7.9860078718822047e-01
1.0133209999999998e+01 4.4228235241310965e-01 7.9112734368117388e-01
1.0183990000000000e+01 4.3858048960171853e-01 7.8450568021965617e-01
1.0235040000000001e+01 4.3533353278733311e-01 7.7869772449726071e-01
1.0286330000000000e+01 4.3251806976640911e-01 7.7366159821091107e-01
1.0337890000000000e+01 4.3011373376901074e-01 7.6936087054099467e-01
1.0389700000000001e+01 4.2809895527405184e-01 7.6575695926095799e-01
1.0441770000000000e+01 4.2645366151673209e-01 7.6281395944940811e-01
1.0494110000000001e+01 4.2515897726086505e-01 7.6049810825014252e-01
1.0546700000000001e+01 4.2419519318835930e-01 7.5877415085278399e-01
1.0599560000000000e+01 4.2354492597075366e-01 7.5761099303348500e-01
1.0652680000000000e+01 4.2319074179056332e-01 7.5697745025675178e-01
1.0706070000000000e+01 4.2311644773350560e-01 7.5684455763806446e-01
1.0759729999999999e+01 4.2330642700944221e-01 7.5718438082817408e-01
1.0813660000000000e+01 4.2374550368085168e-01 7.5796977404775268e-01
1.0867860000000000e+01 4.2441932544600525e-01 7.5917506478628660e-01
1.0922330000000001e+01 4.2531451699539707e-01 7.6077632811658258e-01
1.0977069999999999e+01 4.2641798696920330e-01 7.6275014702309385e-01
1.1032080000000001e+01 4.2771757975951269e-01 7.6507477830547499e-01
1.1087380000000000e+01 4.2920292609892785e-01 7.6773167405891563e-01
1.1142940000000001e+01 4.3086161271820916e-01 7.7069863019440665e-01
1.1198790000000001e+01 4.3268487010434908e-01 7.7395996034894265e-01
1.1254920000000000e+01 4.3466274837134233e-01 7.7749786678123356e-01
1.1311330000000000e+01 4.3678591850461834e-01 7.8129566232644887e-01
1.1368020000000000e+01 4.3904590182468184e-01 7.8533818084659901e-01
1.1424989999999999e+01 4.4143494656968535e-01 7.8961155646906722e-01
1.1482260000000000e+01 4.4394594024477185e-01 7.9410306680252940e-01
1.1539800000000000e+01 4.4657085255673973e-01 7.9879834775469249e-01
1.1597640000000000e+01 4.4930420656166314e-01 8.0368760250667859e-01
1.1655770000000000e+01 4.5213961457138263e-01 8.0875940515659861e-01
1.1714180000000001e+01 4.5507063844105911e-01 8.1400223954877304e-01
1.1772900000000000e+01 4.5809333482069686e-01 8.1940905206238634e-01
1.1831899999999999e+01 4.6120132720108198e-01 8.2496843679175658e-01
1.1891200000000001e+01 4.6439064281307479e-01 8.3067328749292146e-01
1.1950799999999999e+01 4.6765675790458205e-01 8.3651551235765598e-01
1.2010690000000000e+01 4.7099525594916863e-01 8.4248721137636695e-01
1.2070889999999999e+01 4.7440302436737919e-01 8.4858281695924898e-01
1.2131390000000000e+01 4.7787592723197819e-01 8.5479493101521897e-01
1.2192190000000000e+01 4.8141071324929002e-01 8.6111773783104517e-01
1.2253299999999999e+01 4.8500463765763024e-01 8.6754632774662344e-01
1.2314710000000000e+01 4.8865443811525699e-01 8.7407486528662359e-01
1.2376430000000001e+01 4.9235758272267538e-01 8.8069882154567358e-01
1.2438459999999999e+01 4.9611178750698198e-01 8.8741411109416879e-01
1.2500800000000000e+01 4.9991401066063168e-01 8.9421529293472368e-01
1.2563450000000001e+01 5.0376251031664709e-01 9.0109925132331781e-01
1.2626420000000000e+01 5.0765498664585140e-01 9.0806187246762471e-01
1.2689700000000000e+01 5.1158944280982988e-01 9.1509958454647100e-01
1.2753299999999999e+01 5.1556417902663987e-01 9.2220934709494629e-01
1.2817219999999999e+01 5.1957764467608547e-01 9.2938838645945554e-01
1.2881459999999999e+01 5.2362806076003365e-01 9.3663352047806192e-01
1.2946020000000001e+01 5.2771361245741699e-01 9.4394150291097600e-01
1.3010909999999999e+01 5.3183344183465886e-01 9.5131079913962746e-01
1.3076110000000000e+01 5.3598517092049391e-01 9.5873715559594996e-01
1.3141650000000000e+01 5.4016862664706489e-01 9.6622026270685391e-01
1.3207520000000001e+01 5.4438178209110866e-01 9.7375649483724869e-01
1.3273709999999999e+01 5.4862329470587856e-01 9.8134345052246863e-01
1.3340240000000000e+01 5.5289280580839728e-01 9.8898048817256679e-01
1.3407100000000000e+01 5.5718850908548212e-01 9.9666437676613273e-01
1.3474290000000002e+01 5.6150948516452426e-01 1.0043934717862513e+00
1.3541829999999999e+01 5.6585534944872640e-01 1.0121670852899356e+00
1.3609700000000000e+01 5.7022413806472305e-01 1.0199817044218553e+00
1.3677910000000001e+01 5.7461556417978277e-01 1.0278368161133440e+00
1.3746459999999999e+01 5.7902809610730333e-01 1.0357296805780494e+00
1.3815350000000000e+01 5.8346121738671086e-01 1.0436593740032085e+00
1.3884600000000001e+01 5.8791416214737968e-01 1.0516245264467690e+00
1.3954180000000001e+01 5.9238507322012013e-01 1.0596218159192372e+00
1.4024120000000000e+01 5.9687439352291372e-01 1.0676520346849314e+00
1.4094410000000000e+01 6.0138022117094236e-01 1.0757117807698044e+00
1.4165049999999999e+01 6.0590256299257506e-01 1.0838010663880215e+00
1.4236040000000001e+01 6.1043974980493332e-01 1.0919169058083869e+00
1.4307390000000000e+01 6.1499158572571411e-01 1.1000589486487404e+00
1.4379100000000001e+01 6.1955708647527885e-01 1.1082254342904823e+00
1.4451169999999999e+01 6.2413511438239744e-01 1.1164143277376126e+00
1.4523600000000000e+01 6.2872476046959058e-01 1.1246240030673809e+00
1.4596390000000000e+01 6.3332507423200690e-01 1.1328527600754403e+00
1.4669540000000001e+01 6.3793540089136436e-01 1.1410994275348580e+00
1.4743069999999999e+01 6.4255559194966627e-01 1.1493637398215937e+00
1.4816960000000000e+01 6.4718377203890209e-01 1.1576423423932269e+00
1.4891219999999999e+01 6.5181968807023571e-01 1.1659347825400863e+00
1.4965850000000000e+01 6.5646205814482295e-01 1.1742387672807273e+00
1.5040860000000000e+01 6.6111060602135174e-01 1.1825538024917590e+00
1.5116239999999999e+01 6.6576351826171287e-01 1.1908766444071432e+00
1.5192000000000000e+01 6.7042049352036504e-01 1.1992067539985951e+00
1.5268150000000000e+01 6.7508120585552489e-01 1.2075435482415928e+00
1.5344670000000001e+01 6.7974386632920758e-01 1.2158838271944061e+00
1.5421569999999999e+01 6.8440741134994099e-01 1.2242256883703282e+00
1.5498870000000000e+01 6.8907256708546316e-01 1.2325704306933394e+00
1.5576540000000001e+01 6.9373649728131936e-01 1.2409129808467216e+00
1.5654610000000000e+01 6.9839985246247394e-01 1.2492545024493349e+00
1.5733070000000000e+01 7.0306067399739491e-01 1.2575914920221181e+00
1.5811930000000000e+01 7.0771915052598233e-01 1.2659242869924678e+00
1.5891170000000001e+01 7.1237244313735704e-01 1.2742478092920182e+00
1.5970820000000000e+01 7.1702145446222043e-01 1.2825636734907946e+00
1.6050860000000000e+01 7.2166428613263434e-01 1.2908684839055284e+00
1.6131309999999999e+01 7.2630095970677733e-01 1.2991622790981574e+00
1.6212160000000001e+01 7.3092994101299369e-01 1.3074423148372190e+00
1.6293410000000002e+01 7.3555019435941482e-01 1.3157067385410932e+00
1.6375070000000001e+01 7.4016144818542606e-01 1.3239550644589326e+00
1.6457139999999999e+01 7.4476209731952825e-01 1.3321844213591412e+00
1.6539630000000002e+01 7.4935207244647417e-01 1.3403946852548880e+00
1.6622520000000002e+01 7.5392928280873439e-01 1.3485821163282912e+00
1.6705830000000002e+01 7.5849356308073534e-01 1.3567464188551794e+00
1.6789560000000002e+01 7.6304432860555393e-01 1.3648865470373750e+00
1.6873709999999999e+01 7.6757985073262158e-01 1.3729994087715522e+00
1.6958279999999998e+01 7.7209983775816626e-01 1.3810844822760280e+00
1.7043270000000000e+01 7.7660343273276722e-01 1.3891402346926292e+00
1.7128689999999999e+01 7.8108948195570582e-01 1.3971646023527964e+00
1.7214540000000000e+01 7.8555780835788402e-01 1.4051572685262679e+00
1.7300819999999998e+01 7.9000654382189883e-01 1.4131148916400631e+00
1.7387529999999998e+01 7.9443515076510041e-01 1.4210365100995548e+00
1.7474670000000000e+01 7.9884249065611623e-01 1.4289200873701726e+00
1.7562249999999999e+01 8.0322853341361522e-01 1.4367655696442907e+00
1.7650269999999999e+01 8.0759207439796821e-01 1.4445708021369736e+00
1.7738730000000000e+01 8.1193223687851945e-01 1.4523342166065973e+00
1.7827639999999999e+01 8.1624880060733673e-01 1.4600554190872699e+00
1.7916990000000002e+01 8.2054020165624753e-01 1.4677316121209096e+00
1.8006790000000002e+01 8.2480612895561312e-01 1.4753622392853682e+00
1.8097040000000000e+01 8.2904569012592877e-01 1.4829457043473269e+00
1.8187740000000002e+01 8.3325768931242972e-01 1.4904798682356732e+00
1.8278890000000001e+01 8.3744142095599772e-01 1.4979634688898529e+00
1.8370509999999999e+01 8.4159751790243520e-01 1.5053976383053340e+00
1.8462580000000003e+01 8.4572327233792988e-01 1.5127775329120827e+00
1.8555109999999999e+01 8.4981909412165957e-01 1.5201038858408720e+00
1.8648109999999999e+01 8.5388461573494201e-01 1.5273760396969915e+00
1.8741569999999999e+01 8.5791851135480135e-01 1.5345916229302234e+00
1.8835500000000000e+01 8.6192066268300604e-01 1.5417504239360009e+00
1.8929900000000000e+01 8.6588968957108603e-01 1.5488499739900194e+00
1.9024780000000000e+01 8.6982599850376996e-01 1.5558910001870447e+00
1.9120130000000000e+01 8.7372768584793603e-01 1.5628700974257730e+00
1.9215959999999999e+01 8.7759500233666987e-01 1.5697877142020551e+00
1.9312270000000002e+01 8.8142733255285843e-01 1.5766427496957851e+00
1.9409060000000000e+01 8.8522393566836255e-01 1.5834338787593636e+00
1.9506330000000002e+01 8.8898413917806485e-01 1.5901598984571894e+00
1.9604099999999999e+01 8.9270828057471785e-01 1.5968214124754456e+00
1.9702349999999999e+01 8.9639470153004031e-01 1.6034154544989692e+00
1.9801099999999998e+01 9.0004394352226247e-01 1.6099429930905607e+00
1.9900340000000000e+01 9.0365477628155932e-01 1.6164018276195751e+00
2.0000080000000001e+01 9.0722671885354433e-01 1.6227910977845232e+00
2.0100320000000000e+01 9.1075967363694088e-01 1.6291106290022725e+00
2.0201060000000002e+01 9.1425297161860297e-01 1.6353592245834450e+00
2.0302299999999999e+01 9.1770638403543103e-01 1.6415364753307433e+00
2.0404060000000001e+01 9.2112016339129532e-01 1.6476428329074888e+00
2.0506319999999999e+01 9.2449242112600238e-01 1.6536749191738997e+00
2.0609099999999998e+01 9.2782469866385842e-01 1.6596354913345319e+00
2.0712389999999999e+01 9.3111534207990554e-01 1.6655215909506154e+00
2.0816200000000002e+01 9.3436419975846519e-01 1.6713329468213927e+00
2.0920529999999999e+01 9.3757125957864185e-01 1.6770695372657545e+00
2.1025380000000002e+01 9.4073551507354169e-01 1.6827295619779106e+00
2.1130759999999999e+01 9.4385779484739840e-01 1.6883145031139148e+00
2.1236660000000001e+01 9.4693694257169803e-01 1.6938222923047703e+00
2.1343100000000000e+01 9.4997336816846711e-01 1.6992536627936696e+00
2.1450070000000000e+01 9.5296696317526308e-01 1.7046084205696967e+00
2.1557569999999998e+01 9.5591663889794032e-01 1.7098846182440341e+00
2.1665620000000001e+01 9.5882319102272595e-01 1.7150836790910398e+00
2.1774200000000000e+01 9.6168570159950517e-01 1.7202039611382676e+00
2.1883340000000000e+01 9.6450479270636547e-01 1.7252465771205632e+00
2.1993009999999998e+01 9.6727872157322148e-01 1.7302084096784820e+00
2.2103240000000003e+01 9.7000882106429653e-01 1.7350918429571902e+00
2.2214020000000001e+01 9.7269493096749216e-01 1.7398965903791856e+00
2.2325350000000000e+01 9.7533653521777608e-01 1.7446217288392252e+00
2.2437249999999999e+01 9.7793363777391673e-01 1.7492672654185097e+00
2.2549700000000001e+01 9.8048630997196995e-01 1.7538333277185680e+00
2.2662720000000000e+01 9.8299438932594363e-01 1.7583196250944975e+00
2.2776299999999999e+01 9.8545755077768982e-01 1.7627255761023679e+00
2.2890450000000001e+01 9.8787611202900993e-01 1.7670517490275310e+00
2.3005179999999999e+01 9.9024977229232092e-01 1.7712976058397440e+00
2.3120480000000001e+01 9.9257842004769592e-01 1.7754629470590522e+00
2.3236360000000001e+01 9.9486259311498293e-01 1.7795487347043684e+00
2.3352820000000001e+01 9.9710144421204105e-01 1.7835534532097519e+00
2.3469860000000001e+01 9.9929591986220923e-01 1.7874787956576661e+00
2.3587490000000003e+01 1.0014456942413763e+00 1.7913241792340737e+00
2.3705710000000000e+01 1.0035504748677133e+00 1.7950890807655511e+00
2.3824520000000000e+01 1.0056106603002821e+00 1.7987742131699218e+00
2.3943919999999999e+01 1.0076259300809165e+00 1.8023790032314186e+00
2.4063929999999999e+01 1.0095968786250726e+00 1.8059045142036814e+00
2.4184540000000002e+01 1.0115228921391004e+00 1.8093496481705542e+00
2.4305750000000000e+01 1.0134044959911035e+00 1.8127153448780391e+00
2.4427560000000000e+01 1.0152411399379933e+00 1.8160006200852981e+00
2.4549990000000001e+01 1.0170341799609000e+00 1.8192078992875920e+00
2.4673040000000000e+01 1.0187832522547202e+00 1.8223365317328311e+00
2.4796700000000001e+01 1.0204881710749443e+00 1.8253861851727136e+00
2.4920970000000001e+01 1.0221487049873419e+00 1.8283564456319881e+00
2.5045880000000000e+01 1.0237661337912758e+00 1.8312496023366771e+00
2.5171400000000002e+01 1.0253388344571337e+00 1.8340627521116961e+00
2.5297560000000001e+01 1.0268680628770062e+00 1.8367981414192158e+00
2.5424349999999997e+01 1.0283533950340313e+00 1.8394550118040733e+00
2.5551770000000001e+01 1.0297947575975603e+00 1.8420332320969353e+00
2.5679839999999999e+01 1.0311929271598077e+00 1.8445341914179698e+00
2.5808540000000001e+01 1.0325468414572847e+00 1.8469559896558847e+00
2.5937889999999999e+01 1.0338569633476524e+00 1.8492994547418649e+00
2.6067889999999998e+01 1.0351235299379049e+00 1.8515650107982498e+00
2.6198540000000001e+01 1.0363459920993761e+00 1.8537516755776122e+00
2.6329849999999997e+01 1.0375254201202779e+00 1.8558613635453742e+00
2.6461810000000000e+01 1.0386605748982116e+00 1.8578918582717265e+00
2.6594429999999999e+01 1.0397525562598531e+00 1.8598451270586709e+00
2.6727720000000001e+01 1.0408019461443478e+00 1.8617222108429923e+00
2.6861680000000000e+01 1.0418093827745531e+00 1.8635242512383032e+00
2.6996310000000001e+01 1.0427746687961610e+00 1.8652508952294109e+00
2.7131610000000002e+01 1.0436981292284992e+00 1.8669027241908072e+00
2.7267589999999998e+01 1.0445800222130701e+00 1.8684801998700606e+00
2.7404259999999997e+01 1.0454210096388727e+00 1.8699845062133149e+00
2.7541610000000002e+01 1.0462205623975627e+00 1.8714146967842573e+00
2.7679639999999999e+01 1.0469788475107686e+00 1.8727710703408562e+00
2.7818369999999998e+01 1.0476968950202110e+00 1.8740554693580964e+00
2.7957789999999999e+01 1.0483742749746501e+00 1.8752671247657662e+00
2.8097909999999999e+01 1.0490117313577243e+00 1.8764073673558277e+00
2.8238740000000000e+01 1.0496098404550229e+00 1.8774772279523351e+00
2.8380269999999999e+01 1.0501681674521475e+00 1.8784759287861592e+00
2.8522509999999997e+01 1.0506871601143535e+00 1.8794042707921219e+00
2.8665459999999999e+01 1.0511668488939998e+00 1.8802623084415211e+00
2.8809130000000000e+01 1.0516076926505800e+00 1.8810508625138660e+00
2.8953520000000001e+01 1.0520096067162978e+00 1.8817697815606347e+00
2.9098630000000000e+01 1.0523727671932732e+00 1.8824193805824179e+00
2.9244470000000000e+01 1.0526977977579679e+00 1.8830007751731339e+00
2.9391040000000000e+01 1.0529849029774501e+00 1.8835143312497140e+00
2.9538349999999998e+01 1.0532344761229995e+00 1.8839607522715240e+00
2.9686389999999999e+01 1.0534462980810337e+00 1.8843396463017257e+00
2.9835180000000001e+01 1.0536211816766736e+00 1.8846524672716720e+00
2.9984710000000000e+01 1.0537586404405235e+00 1.8848983450149666e+00
3.0134990000000002e+01 1.0538591884080082e+00 1.8850781990064149e+00
3.0286020000000001e+01 1.0539227965470805e+00 1.8851919773152852e+00
3.0437819999999999e+01 1.0539502240804237e+00 1.8852410379922013e+00
3.0590370000000000e+01 1.0539410681724286e+00 1.8852246604697169e+00
3.0743680000000001e+01 1.0538959241548422e+00 1.8851439096404754e+00
3.0897770000000001e+01 1.0538155589293643e+00 1.8850001572908512e+00
3.1052630000000001e+01 1.0536997017366949e+00 1.8847929191033388e+00
3.1208259999999999e+01 1.0535484372287205e+00 1.8845223464980017e+00
3.1364669999999997e+01 1.0533621027001454e+00 1.8841890428067660e+00
3.1521870000000000e+01 1.0531410723744379e+00 1.8837936774174484e+00
3.1679849999999998e+01 1.0528849441269996e+00 1.8833355310344153e+00
3.1838630000000002e+01 1.0525944549582922e+00 1.8828159219585527e+00
3.1998200000000001e+01 1.0522696409798891e+00 1.8822349147840125e+00
3.2158580000000001e+01 1.0519112545944374e+00 1.8815938553621590e+00
3.2319749999999999e+01 1.0515187954399501e+00 1.8808918486763875e+00
3.2481740000000002e+01 1.0510933344406637e+00 1.8801308103297998e+00
3.2644529999999996e+01 1.0506343711142672e+00 1.8793098450905628e+00
3.2808140000000002e+01 1.0501425346871582e+00 1.8784300784799770e+00
3.2972569999999997e+01 1.0496177780181575e+00 1.8774914261748139e+00
3.3137830000000001e+01 1.0490602550403814e+00 1.8764941635211208e+00
3.3303910000000002e+01 1.0484698865099822e+00 1.8754381487723988e+00
3.3470829999999999e+01 1.0478474604640455e+00 1.8743247915206944e+00
3.3638580000000005e+01 1.0471929590509088e+00 1.8731540598340577e+00
3.3807180000000002e+01 1.0465070349373420e+00 1.8719271211624777e+00
3.3976620000000004e+01 1.0457895063411176e+00 1.8706436503451385e+00
3.4146900000000002e+01 1.0450405342775422e+00 1.8693039353962719e+00
3.4318049999999999e+01 1.0442608907916067e+00 1.8679093573022527e+00
3.4490050000000004e+01 1.0434499156446224e+00 1.8664587350689110e+00
3.4662910000000004e+01 1.0426080411963028e+00 1.8649528420745869e+00
3.4836630000000000e+01 1.0417351183656702e+00 1.8633914116524388e+00
3.5011230000000005e+01 1.0408322332917652e+00 1.8617763866208712e+00
3.5186709999999998e+01 1.0398992008605565e+00 1.8601074358593426e+00
3.5363059999999997e+01 1.0389361948265359e+00 1.8583848701691514e+00
3.5540300000000002e+01 1.0379438538271006e+00 1.8566098319054141e+00
3.5718419999999995e+01 1.0369217719045862e+00 1.8547815949161433e+00
3.5897440000000003e+01 1.0358706295151605e+00 1.8529013763592874e+00
3.6077349999999996e+01 1.0347900755876343e+00 1.8509685482603953e+00
3.6258170000000000e+01 1.0336805797278004e+00 1.8489839506212933e+00
3.6439889999999998e+01 1.0325420392798519e+00 1.8469473998176160e+00
3.6622529999999998e+01 1.0313749876644573e+00 1.8448598499992965e+00
3.6806080000000001e+01 1.0301794981922392e+00 1.8427214322998462e+00
3.6990540000000003e+01 1.0289557668673319e+00 1.8405324973193498e+00
3.7175940000000004e+01 1.0277045386107637e+00 1.8382943775265144e+00
3.7362259999999999e+01 1.0264254733131384e+00 1.8360064645546670e+00
3.7549519999999994e+01 1.0251190533926997e+00 1.8336696213237542e+00
3.7737710000000000e+01 1.0237850305387766e+00 1.8312834036709900e+00
3.7926850000000002e+01 1.0224236632838914e+00 1.8288482740433762e+00
3.8116940000000000e+01 1.0210351559999911e+00 1.8263645980088234e+00
3.8307980000000001e+01 1.0196194341022597e+00 1.8238322421546220e+00
3.8499970000000005e+01 1.0181769330684729e+00 1.8212519854365079e+00
3.8692929999999997e+01 1.0167083444673268e+00 1.8186250648898341e+00
3.8886859999999999e+01 1.0152136577792918e+00 1.8159514616979164e+00
3.9081750000000000e+01 1.0136927192372447e+00 1.8132309008116247e+00
3.9277629999999995e+01 1.0121463782069280e+00 1.8104649015239189e+00
3.9474489999999996e+01 1.0105741902255920e+00 1.8076526688072940e+00
3.9672330000000002e+01 1.0089762416891310e+00 1.8047943572013885e+00
3.9871160000000003e+01 1.0073527636498636e+00 1.8018903799983130e+00
4.0070989999999995e+01 1.0057038304865862e+00 1.7989408702422625e+00
4.0271830000000001e+01 1.0040302425544276e+00 1.7959472595590382e+00
4.0473669999999998e+01 1.0023318314826910e+00 1.7929092467775409e+00
4.0676519999999996e+01 1.0006090345214098e+00 1.7898276140236133e+00
4.0880379999999995e+01 9.9886184342592221e-01 1.7867023465497136e+00
4.1085269999999994e+01 9.9709083804890641e-01 1.7835344815604841e+00
4.1291190000000000e+01 9.9529583189932924e-01 1.7803236854722875e+00
4.1498139999999999e+01 9.9347690185769222e-01 1.7770700958042147e+00
4.1706120000000006e+01 9.9163397749754889e-01 1.7737735865817901e+00
4.1915150000000004e+01 9.8976750350203968e-01 1.7704349532267383e+00
4.2125219999999999e+01 9.8787765424266094e-01 1.7670545076440178e+00
4.2336349999999996e+01 9.8596486016691265e-01 1.7636330197915193e+00
4.2548540000000003e+01 9.8402954577361157e-01 1.7601712489864973e+00
4.2761789999999998e+01 9.8207157345383600e-01 1.7566689490826148e+00
4.2976109999999998e+01 9.8009118250747684e-01 1.7531265481247309e+00
4.3191499999999998e+01 9.7808840310917433e-01 1.7495441000873775e+00
4.3407969999999999e+01 9.7606324509313580e-01 1.7459216225613767e+00
4.3625529999999998e+01 9.7401591992831760e-01 1.7422594938093314e+00
4.3844180000000001e+01 9.7194634557039761e-01 1.7385575670754279e+00
4.4063919999999996e+01 9.6985493543343060e-01 1.7348165818491821e+00
4.4284769999999995e+01 9.6774198066997097e-01 1.7310370589262940e+00
4.4506720000000001e+01 9.6560773352218532e-01 1.7272194495019648e+00
4.4729779999999998e+01 9.6345227630428198e-01 1.7233639008147643e+00
4.4953960000000002e+01 9.6127573234904573e-01 1.7194706334747574e+00
4.5179269999999995e+01 9.5907834282571625e-01 1.7155400788705784e+00
4.5405699999999996e+01 9.5685973178947581e-01 1.7115715645353664e+00
4.5633269999999996e+01 9.5462018701761220e-01 1.7075656052273527e+00
4.5861980000000003e+01 9.5235966697762187e-01 1.7035221266557610e+00
4.6091839999999998e+01 9.5007845351828657e-01 1.6994416329742768e+00
4.6322849999999995e+01 9.4777676998151872e-01 1.6953245236831129e+00
4.6555010000000003e+01 9.4545491436393225e-01 1.6911713318201993e+00
4.6788339999999998e+01 9.4311305701720494e-01 1.6869823621000912e+00
4.7022839999999995e+01 9.4075134200275889e-01 1.6827578722109595e+00
4.7258519999999997e+01 9.3836979012268606e-01 1.6784978993623003e+00
4.7495370000000001e+01 9.3596827546110029e-01 1.6742022183235572e+00
4.7733419999999995e+01 9.3354706348839289e-01 1.6698713039517625e+00
4.7972650000000002e+01 9.3110563731409668e-01 1.6655042316651871e+00
4.8213089999999994e+01 9.2864479800270427e-01 1.6611024343584981e+00
4.8454730000000005e+01 9.2616467644578937e-01 1.6566661461624550e+00
4.8697580000000002e+01 9.2366563118231804e-01 1.6521960084094063e+00
4.8941650000000003e+01 9.2114798950094445e-01 1.6476926065330733e+00
4.9186940000000000e+01 9.1861165108355958e-01 1.6431557610906218e+00
4.9433459999999997e+01 9.1605678421286463e-01 1.6385857730957492e+00
4.9681220000000003e+01 9.1348362295146646e-01 1.6339830612251840e+00
4.9930210000000002e+01 9.1089184889770214e-01 1.6293470559417060e+00
5.0180459999999997e+01 9.0828191198317199e-01 1.6246785620551603e+00
5.0431959999999997e+01 9.0565339608221129e-01 1.6199768352256698e+00
5.0684719999999999e+01 9.0300599527472769e-01 1.6152413282422766e+00
5.0938749999999999e+01 9.0033984138054590e-01 1.6104722768961375e+00
5.1194050000000004e+01 8.9765439749236031e-01 1.6056687208006399e+00
5.1450629999999997e+01 8.9494962317265159e-01 1.6008305876236470e+00
5.1708500000000001e+01 8.9222556748706416e-01 1.5959579651307527e+00
5.1967649999999999e+01 8.8948186554349296e-01 1.5910502006255052e+00
5.2228110000000001e+01 8.8671884524861699e-01 1.5861078806471114e+00
5.2489879999999999e+01 8.8393623482817674e-01 1.5811305190625682e+00
5.2752949999999998e+01 8.8113410903746658e-01 1.5761182495895270e+00
5.3017339999999997e+01 8.7831276670835268e-01 1.5710716067599657e+00
5.3283059999999999e+01 8.7547288655915023e-01 1.5659918046232688e+00
5.3550110000000004e+01 8.7261440932965373e-01 1.5608787371784425e+00
5.3818500000000000e+01 8.6973742699078971e-01 1.5557325689373973e+00
5.4088239999999999e+01 8.6684225187889086e-01 1.5505538585880658e+00
5.4359319999999997e+01 8.6392856719761013e-01 1.5453420394647175e+00
5.4631769999999996e+01 8.6099676698512673e-01 1.5400978163984997e+00
5.4905580000000000e+01 8.5804640289961331e-01 1.5348203874232544e+00
5.5180759999999999e+01 8.5507799350458047e-01 1.5295106801133478e+00
5.5457320000000003e+01 8.5209164218740263e-01 1.5241688794017270e+00
5.5735270000000000e+01 8.4908789856729783e-01 1.5187959684132886e+00
5.6014609999999998e+01 8.4606676388470436e-01 1.5133919493668520e+00
5.6295349999999999e+01 8.4302877412041533e-01 1.5079577809917419e+00
5.6577500000000001e+01 8.3997369638153252e-01 1.5024930467035325e+00
5.6861059999999995e+01 8.3690170873182745e-01 1.4969980650116959e+00
5.7146039999999999e+01 8.3381273770785413e-01 1.4914727045093588e+00
5.7432449999999996e+01 8.3070691644338823e-01 1.4859172033379928e+00
5.7720300000000002e+01 8.2758433037729118e-01 1.4803317143253547e+00
5.8009589999999996e+01 8.2444506797591255e-01 1.4747163957145839e+00
5.8300330000000002e+01 8.2128976042810120e-01 1.4690723765372924e+00
5.8592519999999993e+01 8.1811868728806703e-01 1.4634001568427777e+00
5.8886180000000003e+01 8.1493200419428524e-01 1.4577000150275274e+00
5.9181319999999999e+01 8.1172984338137233e-01 1.4519721876246525e+00
5.9477930000000001e+01 8.0851232281103402e-01 1.4462168856367636e+00
5.9776029999999999e+01 8.0527928008559235e-01 1.4404338185769292e+00
6.0075620000000001e+01 8.0203089471427957e-01 1.4346233075401715e+00
6.0376709999999996e+01 7.9876698241574406e-01 1.4287850228953960e+00
6.0679319999999997e+01 7.9548817132968397e-01 1.4229200882200819e+00
6.0983440000000002e+01 7.9219450636283528e-01 1.4170285838406242e+00
6.1289079999999998e+01 7.8888674200912823e-01 1.4111118593491452e+00
6.1596260000000001e+01 7.8556495895960254e-01 1.4051700590807914e+00
6.1904969999999999e+01 7.8222901964610114e-01 1.3992029369621433e+00
6.2215230000000005e+01 7.7887929491530761e-01 1.3932111563408345e+00
6.2527050000000003e+01 7.7551576334915651e-01 1.3871946789055525e+00
6.2840429999999998e+01 7.7213849697889481e-01 1.3811536335013412e+00
6.3155379999999994e+01 7.6874741469861563e-01 1.3750878750509663e+00
6.3471910000000001e+01 7.6534277538736406e-01 1.3689978666212670e+00
6.3790030000000002e+01 7.6192512745659302e-01 1.3628845891767651e+00
6.4109740000000002e+01 7.5849481885841685e-01 1.3567486651127025e+00
6.4431049999999999e+01 7.5505192644886598e-01 1.3505902319043979e+00
6.4753969999999995e+01 7.5159682124125848e-01 1.3444099531975495e+00
6.5078519999999997e+01 7.4812961330402117e-01 1.3382080258757585e+00
6.5404679999999999e+01 7.4465005143471341e-01 1.3319840006036208e+00
6.5732489999999999e+01 7.4115868026971510e-01 1.3257388515930397e+00
6.6061929999999990e+01 7.3765512434522040e-01 1.3194719072375594e+00
6.6393029999999996e+01 7.3413967545702274e-01 1.3131836894834650e+00
6.6725789999999989e+01 7.3061293933450655e-01 1.3068752818220519e+00
6.7060210000000012e+01 7.2707515308217052e-01 1.3005471083711968e+00
6.7396310000000000e+01 7.2352666395294485e-01 1.2941997902754847e+00
6.7734089999999995e+01 7.1996768336983918e-01 1.2878337057153317e+00
6.8073570000000004e+01 7.1639827468508510e-01 1.2814489680112950e+00
6.8414749999999998e+01 7.1281851905745153e-01 1.2750457223351659e+00
6.8757639999999995e+01 7.0922845967687309e-01 1.2686240459424307e+00
6.9102249999999998e+01 7.0562844024715698e-01 1.2621845536292222e+00
6.9448580000000007e+01 7.0201810750229565e-01 1.2557266134951348e+00
6.9796650000000000e+01 6.9839812663158340e-01 1.2492514153896757e+00
7.0146470000000008e+01 6.9476911873741298e-01 1.2427600703024284e+00
7.0498039999999989e+01 6.9113126940192726e-01 1.2362529101912627e+00
7.0851369999999989e+01 6.8748481690690144e-01 1.2297303612798947e+00
7.1206469999999996e+01 6.8382985275060659e-01 1.2231925872347784e+00
7.1563350000000000e+01 6.8016644206348753e-01 1.2166397045572288e+00
7.1922020000000003e+01 6.7649471008414142e-01 1.2100719372663102e+00
7.2282490000000010e+01 6.7281482625180233e-01 1.2034895884444552e+00
7.2644759999999991e+01 6.6912653316027026e-01 1.1968921976593581e+00
7.3008850000000010e+01 6.6543055967428977e-01 1.1902810686592376e+00
7.3374759999999995e+01 6.6172737199145826e-01 1.1836570353495504e+00
7.3742509999999996e+01 6.5801729735556425e-01 1.1770206830837646e+00
7.4112100000000012e+01 6.5430055130800857e-01 1.1703723974090203e+00
7.4483550000000008e+01 6.5057750995334174e-01 1.1637128510778985e+00
7.4856850000000009e+01 6.4684789307673840e-01 1.1570415428594334e+00
7.5232029999999995e+01 6.4311220518268120e-01 1.1503593751800705e+00
7.5609089999999995e+01 6.3937006552794506e-01 1.1436656669898551e+00
7.5988029999999995e+01 6.3562177912533646e-01 1.1369609638768485e+00
7.6368880000000004e+01 6.3186777978124276e-01 1.1302460418071123e+00
7.6751630000000006e+01 6.2810856377464341e-01 1.1235217884938198e+00
7.7136309999999995e+01 6.2434454353283964e-01 1.1167889416614436e+00
7.7522910000000010e+01 6.2057582843337444e-01 1.1100476969577751e+00
7.7911439999999999e+01 6.1680277744059153e-01 1.1032986964760514e+00
7.8301929999999999e+01 6.1302551494560997e-01 1.0965421627194205e+00
7.8694369999999992e+01 6.0924387587475937e-01 1.0897778004143004e+00
7.9088780000000000e+01 6.0545823430233459e-01 1.0830062786816765e+00
7.9485169999999997e+01 6.0166859827452768e-01 1.0762276119140797e+00
7.9883539999999996e+01 5.9787522172547414e-01 1.0694422543332009e+00
8.0283910000000006e+01 5.9407857212574244e-01 1.0626510421215085e+00
8.0686290000000000e+01 5.9027932931234739e-01 1.0558551913294478e+00
8.1090679999999992e+01 5.8647767022015107e-01 1.0490550184471679e+00
8.1497100000000003e+01 5.8267367223287658e-01 1.0422506618938907e+00
8.1905559999999994e+01 5.7886761528474417e-01 1.0354426223986526e+00
8.2316059999999993e+01 5.7505943210074029e-01 1.0286307796240661e+00
8.2728619999999992e+01 5.7124938429842531e-01 1.0218156015354585e+00
8.3143249999999995e+01 5.6743751363530026e-01 1.0149971628260668e+00
8.3559960000000004e+01 5.6362413674421319e-01 1.0081760298691655e+00
8.3978750000000005e+01 5.5980963042004039e-01 1.0013528766521476e+00
8.4399649999999994e+01 5.5599467669625402e-01 9.9452892315434493e-01
8.4822649999999996e+01 5.5217932524214886e-01 9.8770425822112384e-01
8.5247780000000006e+01 5.4836413820623664e-01 9.8087988738900700e-01
8.5675029999999992e+01 5.4454891342048017e-01 9.7405544903230112e-01
8.6104429999999994e+01 5.4073404362714705e-01 9.6723164566410758e-01
8.6535979999999995e+01 5.3691941815087474e-01 9.6040827931517603e-01
8.6969690000000000e+01 5.3310526977054573e-01 9.5358576636598857e-01
8.7405570000000012e+01 5.2929178303487756e-01 9.4676443692588796e-01
8.7843639999999994e+01 5.2547967743357482e-01 9.3994557797360079e-01
8.8283910000000006e+01 5.2166915310719797e-01 9.3312954750819499e-01
8.8726380000000006e+01 5.1786049601394513e-01 9.2631685703402677e-01
8.9171070000000000e+01 5.1405434055640731e-01 9.1950864133125099e-01
8.9617990000000006e+01 5.1025048636440795e-01 9.1270454199007689e-01
9.0067139999999995e+01 5.0644912970880285e-01 9.0590491008768392e-01
9.0518550000000005e+01 5.0265063612081928e-01 8.9911039946374538e-01
9.0972220000000007e+01 4.9885494870149144e-01 8.9232090834090705e-01
9.1428169999999994e+01 4.9506205073038007e-01 8.8553640681068024e-01
9.1886399999999995e+01 4.9127291784697091e-01 8.7875864003669291e-01
9.2346929999999986e+01 4.8748761072341990e-01 8.7198771654554896e-01
9.2809759999999997e+01 4.8370667308971421e-01 8.6522460892785269e-01
9.3274919999999995e+01 4.7993046402958900e-01 8.5846995949040183e-01
9.3742399999999989e+01 4.7615872460884917e-01 8.5172330506770777e-01
9.4212229999999991e+01 4.7239215836718562e-01 8.4498590410809815e-01
9.4684420000000003e+01 4.6863071290799407e-01 8.3825766288776493e-01
9.5158969999999997e+01 4.6487443635686476e-01 8.3153866749079031e-01
9.5635899999999992e+01 4.6112333369177771e-01 8.2482892682147724e-01
9.6115220000000008e+01 4.5737826474504373e-01 8.1812997889473493e-01
9.6596940000000004e+01 4.5363917682566052e-01 8.1144172946015425e-01
9.7081070000000011e+01 4.4990675590717727e-01 8.0476540554483400e-01
9.7567639999999997e+01 4.4618145650700952e-01 7.9810182016144304e-01
9.8056640000000002e+01 4.4246311734702709e-01 7.9145068482562719e-01
9.8548090000000002e+01 4.3875189720132651e-01 7.8481228354267996e-01
9.9042000000000002e+01 4.3504821875252470e-01 7.7818737238114888e-01
9.9538389999999993e+01 4.3135211550482266e-01 7.7157601127127884e-01
1.0003730000000000e+02 4.2766378823189583e-01 7.6497855934461467e-01
1.0053860000000000e+02 4.2398289483609758e-01 7.5839440467802399e-01
1.0104250000000000e+02 4.2031094468166502e-01 7.5182624712899193e-01
1.0154900000000001e+02 4.1664800773162347e-01 7.4527421184305476e-01
1.0205789999999999e+02 4.1299362233027542e-01 7.3873747303902626e-01
1.0256939999999999e+02 4.0934870307479015e-01 7.3221766669181076e-01
1.0308350000000000e+02 4.0571341697966307e-01 7.2571509154661762e-01
1.0360010000000001e+02 4.0208746103588949e-01 7.1922920559966219e-01
1.0411940000000000e+02 3.9847161573141138e-01 7.1276140493954931e-01
1.0464120000000000e+02 3.9486520691599342e-01 7.0631048368799310e-01
1.0516570000000000e+02 3.9126922674775172e-01 6.9987821655612714e-01
1.0569270000000000e+02 3.8768326887911725e-01 6.9346387669452769e-01
1.0622250000000000e+02 3.8410879375376034e-01 6.8707007645459250e-01
1.0675480000000000e+02 3.8054485291754692e-01 6.8069511930017079e-01
1.0728989999999999e+02 3.7699277904887379e-01 6.7434138904403373e-01
1.0782760000000000e+02 3.7345183357128031e-01 6.6800756456624444e-01
1.0836799999999999e+02 3.6992254284702286e-01 6.6169458739108356e-01
1.0891119999999999e+02 3.6640528707088599e-01 6.5540313758748980e-01
1.0945699999999999e+02 3.6289952047846552e-01 6.4913223892581939e-01
1.1000560000000000e+02 3.5940600243343390e-01 6.4288324970888910e-01
1.1055700000000000e+02 3.5592510208541311e-01 6.3665683024873310e-01
1.1111110000000001e+02 3.5245675032562479e-01 6.3045285692783881e-01
1.1166789999999999e+02 3.4900118377453232e-01 6.2427175299827076e-01
1.1222760000000001e+02 3.4555916183050339e-01 6.1811487682490618e-01
1.1279010000000001e+02 3.4213052835620683e-01 6.1198194911893466e-01
1.1335539999999999e+02 3.3871533686163791e-01 6.0587306559572951e-01
1.1392350000000000e+02 3.3531365204134350e-01 5.9978834197689879e-01
1.1449450000000000e+02 3.3192592720635739e-01 5.9372858911720983e-01
1.1506830000000001e+02 3.2855202612879209e-01 5.8769356334063505e-01
1.1564500000000000e+02 3.2519235000895463e-01 5.8168398228949347e-01
1.1622460000000001e+02 3.2184728168000276e-01 5.7570053075208316e-01
1.1680710000000001e+02 3.1851698202457013e-01 5.6974349650531797e-01
1.1739260000000000e+02 3.1520193397027302e-01 5.6381374338027834e-01
1.1798089999999999e+02 3.1190163462067283e-01 5.5791037182688852e-01
1.1857220000000000e+02 3.0861674522857663e-01 5.5203456465331135e-01
1.1916650000000000e+02 3.0534741311250208e-01 5.4618658537380849e-01
1.1976380000000000e+02 3.0209372825868858e-01 5.4036659495020500e-01
1.2036400000000000e+02 2.9885552328409387e-01 5.3457429397805722e-01
1.2096730000000001e+02 2.9563352202366949e-01 5.2881097720860115e-01
1.2157350000000000e+02 2.9242746302080735e-01 5.2307617696441155e-01
1.2218289999999999e+02 2.8923832959094881e-01 5.1737165213939162e-01
1.2279519999999999e+02 2.8606547850020669e-01 5.1169625215650882e-01
1.2341069999999999e+02 2.8290976001139834e-01 5.0605149791335369e-01
1.2402920000000000e+02 2.7977089553070522e-01 5.0043689107851785e-01
1.2465080000000000e+02 2.7664915700812676e-01 4.9485291809935661e-01
1.2527560000000001e+02 2.7354493892268966e-01 4.8930028459557823e-01
1.2590339999999999e+02 2.7045786111842635e-01 4.8377831056767773e-01
1.2653439999999999e+02 2.6738857624076973e-01 4.7828816342747887e-01
1.2716860000000001e+02 2.6433727656019085e-01 4.7283018709651997e-01
1.2780600000000000e+02 2.6130406871137274e-01 4.6740457231633309e-01
1.2844649999999999e+02 2.5828896671232748e-01 4.6201134416147221e-01
1.2909030000000001e+02 2.5529239877450466e-01 4.5665126859011951e-01
1.2973730000000000e+02 2.5231438881904700e-01 4.5132438839093686e-01
1.3038749999999999e+02 2.4935501053211190e-01 4.4603083536916971e-01
1.3104100000000000e+02 2.4641466361647496e-01 4.4077132448844564e-01
1.3169780000000000e+02 2.4349337139778143e-01 4.3554589747223765e-01
1.3235780000000000e+02 2.4059107244176456e-01 4.3035444443072529e-01
1.3302120000000002e+02 2.3770829022233131e-01 4.2519790172168831e-01
1.3368789999999998e+02 2.3484499860006963e-01 4.2007622258856153e-01
1.3435790000000000e+02 2.3200134101193176e-01 4.1498966360250228e-01
1.3503129999999999e+02 2.2917754542147814e-01 4.0993863253064178e-01
1.3570810000000000e+02 2.2637372790877433e-01 4.0492333700982874e-01
1.3638820000000001e+02 2.2358990524180208e-01 3.9994380703359289e-01
1.3707180000000000e+02 2.2082650039163282e-01 3.9500079918645165e-01
1.3775879999999998e+02 2.1808334411028948e-01 3.9009401072808142e-01
1.3844920000000002e+02 2.1536071005158566e-01 3.8522393115351505e-01
1.3914310000000000e+02 2.1265873491762835e-01 3.8039080498703481e-01
1.3984049999999999e+02 2.0997745173046684e-01 3.7559469129644202e-01
1.4054139999999998e+02 2.0731687678686878e-01 3.7083561923238784e-01
1.4124579999999997e+02 2.0467723979710831e-01 3.6611399968641684e-01
1.4195370000000000e+02 2.0205860702307341e-01 3.6142995118370003e-01
1.4266510000000000e+02 1.9946099745894008e-01 3.5678350769984579e-01
1.4338020000000000e+02 1.9688481446846054e-01 3.5217539074701054e-01
1.4409879999999998e+02 1.9432989289382155e-01 3.4760530490110297e-01
1.4482100000000000e+02 1.9179649889531039e-01 3.4307372625319904e-01
1.4554679999999999e+02 1.8928445856460829e-01 3.3858034372684387e-01
1.4627629999999999e+02 1.8679399641874742e-01 3.3412555892423179e-01
1.4700940000000000e+02 1.8432499308330152e-01 3.2970915831576525e-01
1.4774620000000002e+02 1.8187752088875012e-01 3.2533127128173678e-01
1.4848670000000001e+02 1.7945174368698799e-01 3.2099219091029135e-01
1.4923089999999999e+02 1.7704768886878675e-01 3.1669196619634887e-01
1.4997879999999998e+02 1.7466542502040119e-01 3.1243071982276399e-01
1.5073050000000001e+02 1.7230513248418430e-01 3.0820877437479449e-01
1.5148599999999999e+02 1.6996678552039182e-01 3.0402608381077634e-01
1.5224520000000001e+02 1.6765026954449652e-01 2.9988244316898721e-01
1.5300820000000002e+02 1.6535555574761032e-01 2.9577780091786832e-01
1.5377510000000001e+02 1.6308259786389337e-01 2.9171207429994395e-01
1.5454579999999999e+02 1.6083134271105257e-01 2.8768516818601442e-01
1.5532040000000001e+02 1.5860193148333590e-01 2.8369733513562606e-01
1.5609879999999998e+02 1.5639422451180110e-01 2.7974832531760524e-01
1.5688120000000001e+02 1.5420848314091168e-01 2.7583860620877981e-01
1.5766749999999999e+02 1.5204459260007314e-01 2.7196797251460197e-01
1.5845770000000002e+02 1.4990260773346231e-01 2.6813652233694651e-01
1.5925190000000001e+02 1.4778253321653154e-01 2.6434426403897360e-01
1.6005000000000001e+02 1.4568391696932603e-01 2.6059038896799386e-01
1.6085220000000001e+02 1.4360687182840426e-01 2.5687509895907096e-01
1.6165840000000000e+02 1.4155112702324235e-01 2.5319790967462263e-01
1.6246860000000001e+02 1.3951672306760554e-01 2.4955889358316863e-01
1.6328279999999998e+02 1.3750367863733096e-01 2.4595808409089259e-01
1.6410120000000001e+02 1.3551210262186283e-01 2.4239567597250405e-01
1.6492370000000003e+02 1.3354191137412275e-01 2.3887151960527767e-01
1.6575029999999998e+02 1.3159307615587210e-01 2.3538556358402801e-01
1.6658099999999999e+02 1.2966553005592477e-01 2.3193768822215963e-01
1.6741589999999999e+02 1.2775891425156150e-01 2.2852725167976382e-01
1.6825489999999999e+02 1.2587289555234590e-01 2.2515365796637549e-01
1.6909820000000002e+02 1.2400750317582955e-01 2.2181695934454565e-01
1.6994570000000002e+02 1.2216257832412568e-01 2.1851687176642640e-01
1.7079750000000001e+02 1.2033815884044642e-01 2.1525346292361730e-01
1.7165350000000001e+02 1.1853415080288954e-01 2.1202656481442300e-01
1.7251379999999997e+02 1.1675055153884639e-01 2.0883617265824633e-01
1.7337840000000000e+02 1.1498740088338069e-01 2.0568235770958787e-01
1.7424740000000000e+02 1.1324463772984374e-01 2.0256501066465013e-01
1.7512070000000000e+02 1.1152181832812058e-01 1.9948333777064656e-01
1.7599840000000000e+02 1.0981841677071068e-01 1.9643639831673554e-01
1.7688050000000001e+02 1.0813437716389815e-01 1.9342409232369182e-01
1.7776700000000000e+02 1.0646957860250170e-01 1.9044620352379774e-01
1.7865799999999999e+02 1.0482402064160803e-01 1.8750273112121982e-01
1.7955339999999998e+02 1.0319769941179162e-01 1.8459366819456888e-01
1.8045329999999998e+02 1.0159052676789673e-01 1.8171885707523666e-01
1.8135770000000002e+02 1.0000247642948647e-01 1.7887825075440156e-01
1.8226670000000001e+02 9.8433599839866590e-02 1.7607194125067024e-01
1.8318020000000001e+02 9.6883398821301661e-02 1.7329903745449160e-01
1.8409820000000002e+02 9.5351318315447284e-02 1.7055854651179589e-01
1.8502089999999998e+02 9.3837210385328829e-02 1.6785020380206378e-01
1.8594820000000001e+02 9.2340995465366366e-02 1.6517386700330219e-01
1.8688020000000000e+02 9.0862655035805942e-02 1.6252950298851959e-01
1.8781680000000000e+02 8.9402086417249921e-02 1.5991692809115399e-01
1.8875810000000001e+02 8.7959247372315211e-02 1.5733606675958425e-01
1.8970420000000001e+02 8.6534307268701538e-02 1.5478722194828665e-01
1.9065500000000000e+02 8.5127069266034541e-02 1.5227004156136206e-01
1.9161050000000000e+02 8.3737228548628334e-02 1.4978398036334600e-01
1.9257089999999999e+02 8.2364276152547447e-02 1.4732812795099914e-01
1.9353600000000000e+02 8.1007773807971306e-02 1.4490170037434685e-01
1.9450600000000000e+02 7.9667744531647322e-02 1.4250473880432477e-01
1.9548079999999999e+02 7.8344121629702071e-02 1.4013712394305300e-01
1.9646060000000000e+02 7.7036959614033812e-02 1.3779895329804695e-01
1.9744520000000000e+02 7.5746178066345121e-02 1.3549008302202514e-01
1.9843480000000000e+02 7.4471852197575905e-02 1.3321064764766966e-01
1.9942929999999998e+02 7.3213936982482561e-02 1.3096056663660685e-01
2.0042890000000000e+02 7.1972259643932834e-02 1.2873953093577828e-01
2.0143340000000001e+02 7.0746122720653490e-02 1.2654629296955408e-01
2.0244300000000001e+02 6.9535218203741797e-02 1.2438030179064061e-01
2.0345760000000001e+02 6.8339365366258301e-02 1.2224123412585565e-01
2.0447729999999999e+02 6.7158642044611305e-02 1.2012922920415686e-01
2.0550210000000001e+02 6.5993054506359908e-02 1.1804429823656674e-01
2.0653210000000001e+02 6.4842651860326062e-02 1.1598652906591154e-01
2.0756720000000001e+02 6.3707397696635221e-02 1.1395585656445746e-01
2.0860749999999999e+02 6.2587336219746603e-02 1.1195235980240975e-01
2.0965299999999999e+02 6.1482402754556818e-02 1.0997592309293974e-01
2.1070380000000000e+02 6.0391986400639162e-02 1.0802545369511120e-01
2.1175979999999998e+02 5.9315501124159814e-02 1.0609990334781284e-01
2.1282120000000000e+02 5.8252930427265821e-02 1.0419924254070469e-01
2.1388780000000000e+02 5.7204247369423776e-02 1.0232342308422519e-01
2.1495980000000000e+02 5.6169512719208170e-02 1.0047255367744559e-01
2.1603710000000001e+02 5.5148732797103611e-02 9.8646645626058196e-02
2.1711990000000000e+02 5.4142033198800329e-02 9.6845923587873209e-02
2.1820810000000000e+02 5.3149409825312167e-02 9.5070380230877494e-02
2.1930170000000001e+02 5.2170889244666931e-02 9.3320063078317556e-02
2.2040090000000001e+02 5.1205937992552512e-02 9.1594017902194291e-02
2.2150550000000001e+02 5.0253804060908437e-02 8.9890899556955145e-02
2.2261560000000000e+02 4.9314426250877882e-02 8.8210598573866483e-02
2.2373140000000001e+02 4.8387877743155068e-02 8.6553245854032360e-02
2.2485270000000000e+02 4.7474173259869246e-02 8.4918867731487879e-02
2.2597960000000000e+02 4.6573367475571087e-02 8.3307562004690999e-02
2.2711220000000000e+02 4.5685556614093834e-02 8.1719500792889019e-02
2.2825049999999999e+02 4.4810791061744876e-02 8.0154774223995265e-02
2.2939449999999999e+02 4.3949113537162049e-02 7.8613458710469528e-02
2.3054420000000002e+02 4.3100057033263230e-02 7.7094718898899364e-02
2.3169970000000001e+02 4.2262943213659490e-02 7.5597341423066164e-02
2.3286089999999999e+02 4.1437545405074910e-02 7.4120920823819963e-02
2.3402799999999999e+02 4.0623912721452118e-02 7.2665544953146630e-02
2.3520089999999999e+02 3.9822100736925679e-02 7.1231313218624151e-02
2.3637970000000001e+02 3.9032186609251660e-02 6.9818363635279101e-02
2.3756440000000001e+02 3.8254215873517045e-02 6.8426777653461446e-02
2.3875510000000000e+02 3.7488302963478701e-02 6.7056759965204729e-02
2.3995170000000002e+02 3.6734468754927634e-02 6.5708347911833984e-02
2.4115429999999998e+02 3.5992396851006060e-02 6.4380975542199945e-02
2.4236300000000000e+02 3.5261424990837065e-02 6.3073458244966629e-02
2.4357770000000002e+02 3.4541184283486660e-02 6.1785136170824817e-02
2.4479849999999999e+02 3.3831706259181832e-02 6.0516065719096325e-02
2.4602539999999999e+02 3.3133061815454119e-02 5.9266373706904844e-02
2.4725839999999999e+02 3.2445306603076624e-02 5.8036159678914699e-02
2.4849770000000001e+02 3.1768551945947625e-02 5.6825622764436499e-02
2.4974310000000000e+02 3.1102824588415928e-02 5.5634810802108865e-02
2.5099480000000000e+02 3.0448219853102438e-02 5.4463894299146151e-02
2.5225279999999998e+02 2.9804556356083887e-02 5.3312548807194014e-02
2.5351710000000000e+02 2.9171152288110951e-02 5.2179554747995766e-02
2.5478770000000000e+02 2.8547529452965806e-02 5.1064056753704380e-02
2.5606459999999998e+02 2.7933688039417162e-02 4.9966055161977649e-02
2.5734800000000001e+02 2.7329724981100090e-02 4.8885723361712541e-02
2.5863779999999997e+02 2.6735673654928641e-02 4.7823121055470555e-02
2.5993410000000000e+02 2.6151627402530225e-02 4.6778415206987320e-02
2.6123689999999999e+02 2.5577649168876605e-02 4.5751718408338971e-02
2.6254620000000000e+02 2.5013843050579916e-02 4.4743216861113246e-02
2.6386200000000002e+02 2.4460119820289502e-02 4.3752750960938593e-02
2.6518450000000001e+02 2.3915870371662710e-02 4.2779231176025521e-02
2.6651360000000000e+02 2.3380472921215530e-02 4.1821545298497402e-02
2.6784929999999997e+02 2.2853915734951578e-02 4.0879672339306533e-02
2.6919170000000003e+02 2.2336259184242976e-02 3.9953720287033069e-02
2.7054090000000002e+02 2.1827574518556894e-02 3.9043816588321428e-02
2.7189679999999998e+02 2.1327933720723818e-02 3.8150090001611001e-02
2.7325959999999998e+02 2.0837408587938342e-02 3.7272668953287201e-02
2.7462909999999999e+02 2.0356074920615162e-02 3.6411689030448169e-02
2.7600549999999998e+02 1.9883988378873795e-02 3.5567249794476501e-02
2.7738880000000000e+02 1.9420567258940650e-02 3.4738310729605058e-02
2.7877909999999997e+02 1.8965123927067899e-02 3.3923641839074141e-02
2.8017629999999997e+02 1.8517599226315948e-02 3.3123137306605460e-02
2.8158049999999997e+02 1.8078033600100987e-02 3.2336869474882929e-02
2.8299180000000001e+02 1.7646519674412022e-02 3.1565004027552392e-02
2.8441010000000000e+02 1.7223099718587997e-02 3.0807616573395567e-02
2.8583560000000000e+02 1.6807854184638926e-02 3.0064851019996872e-02
2.8726820000000004e+02 1.6400835798008297e-02 2.9336801679371763e-02
2.8870790000000000e+02 1.6002119136794796e-02 2.8623601952215038e-02
2.9015490000000000e+02 1.5611280726700894e-02 2.7924494353869459e-02
2.9160909999999996e+02 1.5227654855862338e-02 2.7238288100086116e-02
2.9307059999999996e+02 1.4851041940886824e-02 2.6564626188424974e-02
2.9453949999999998e+02 1.4481515432241300e-02 2.5903640002542860e-02
2.9601570000000004e+02 1.4119103206667529e-02 2.5255379406632947e-02
2.9749930000000001e+02 1.3763877155149484e-02 2.4619972994845279e-02
2.9899040000000002e+02 1.3415899009810087e-02 2.3997531189786956e-02
3.0048890000000000e+02 1.3075238306242245e-02 2.3388178372430006e-02
3.0199490000000003e+02 1.2741939321448415e-02 2.2791993742740588e-02
3.0350850000000003e+02 1.2415728286886174e-02 2.2208487600465978e-02
3.0502959999999996e+02 1.2095993653149254e-02 2.1636566043815451e-02
3.0655840000000001e+02 1.1782427496848760e-02 2.1075678278457320e-02
3.0809490000000000e+02 1.1475057571088094e-02 2.0525873947428108e-02
3.0963900000000001e+02 1.1173928151302784e-02 1.9987232247891142e-02
3.1119090000000000e+02 1.0879097357460957e-02 1.9459857141254214e-02
3.1275049999999999e+02 1.0590616240704440e-02 1.8943839944645404e-02
3.1431799999999998e+02 1.0308559550999477e-02 1.8439314366185591e-02
3.1589340000000004e+02 1.0032960774011827e-02 1.7946340302964617e-02
3.1747659999999996e+02 9.7636898560255082e-03 1.7464685122931273e-02
3.1906779999999998e+02 9.5001861920602886e-03 1.6993346050536304e-02
3.2066690000000000e+02 9.2420285179101690e-03 1.6531569554397631e-02
3.2227409999999998e+02 8.9892294970986639e-03 1.6079378286243656e-02
3.2388929999999999e+02 8.7418393294019323e-03 1.5636862040332159e-02
3.2551259999999996e+02 8.4999101145238273e-03 1.5204114009394186e-02
3.2714400000000001e+02 8.2634798492929509e-03 1.4781202159808948e-02
3.2878359999999998e+02 8.0326086509309481e-03 1.4368234025547920e-02
3.3043150000000003e+02 7.8073478245610957e-03 1.3965301378045511e-02
3.3208759999999995e+02 7.5876836366771741e-03 1.3572379651654380e-02
3.3375200000000001e+02 7.3730893023516500e-03 1.3188526566045829e-02
3.3542470000000003e+02 7.1630689400150544e-03 1.2812855118908560e-02
3.3710579999999999e+02 6.9576325906167188e-03 1.2445383270872315e-02
3.3879540000000003e+02 6.7568185014326987e-03 1.2086179436301232e-02
3.4049340000000001e+02 6.5606719014304968e-03 1.1735324517977713e-02
3.4219990000000001e+02 6.3692293450300337e-03 1.1392883902189437e-02
3.4391500000000002e+02 6.1825410795736287e-03 1.1058947468277602e-02
3.4563870000000003e+02 6.0006479649049533e-03 1.0733588303805865e-02
3.4737099999999998e+02 5.8235776598055166e-03 1.0416855883093570e-02
3.4911200000000002e+02 5.6509283049066827e-03 1.0108031384932712e-02
3.5086169999999998e+02 5.4822008669310647e-03 9.8062221694316127e-03
3.5262020000000001e+02 5.3173443862940799e-03 9.5113370832341313e-03
3.5438749999999999e+02 5.1563872743012589e-03 9.2234269467280847e-03
3.5616359999999997e+02 4.9993632674122440e-03 8.9425521056079298e-03
3.5794870000000003e+02 4.8463139142320031e-03 8.6687868794509734e-03
3.5974270000000001e+02 4.6972664779337580e-03 8.4021800349369010e-03
3.6154570000000001e+02 4.5522670127963235e-03 8.1428139511139988e-03
3.6335770000000002e+02 4.4113423669873012e-03 7.8907366523255397e-03
3.6517890000000000e+02 4.2742190534414632e-03 7.6454589418078174e-03
3.6700909999999999e+02 4.1404560416850996e-03 7.4061919315004257e-03
3.6884850000000000e+02 4.0099137975318448e-03 7.1726860312725082e-03
3.7069720000000001e+02 3.8826102452138756e-03 6.9449733028830616e-03
3.7255509999999998e+02 3.7585760818509427e-03 6.7231086554431401e-03
3.7442230000000001e+02 3.6378417637499974e-03 6.5071465673127438e-03
3.7629890000000000e+02 3.5204391919280288e-03 6.2971441010599228e-03
3.7818480000000000e+02 3.4063984118765018e-03 6.0931550002033203e-03
3.8008029999999997e+02 3.2957475717821936e-03 5.8952296144801838e-03
3.8198520000000002e+02 3.1883254344614999e-03 5.7030795327792181e-03
3.8389970000000000e+02 3.0837515938733533e-03 5.5160243082791804e-03
3.8582380000000001e+02 2.9818144114010900e-03 5.3336853748995848e-03
3.8775749999999999e+02 2.8825280597854224e-03 5.1560880839632943e-03
3.8970090000000005e+02 2.7859197357719867e-03 4.9832810833284344e-03
3.9165400000000000e+02 2.6920110352056819e-03 4.8153030023079680e-03
3.9361700000000002e+02 2.6008300641983078e-03 4.6522041153780284e-03
3.9558969999999999e+02 2.5124016052493494e-03 4.4940287519423970e-03
3.9757240000000002e+02 2.4267496295190135e-03 4.3408197901312947e-03
3.9956500000000000e+02 2.3438067706976137e-03 4.1924567292524681e-03
4.0156759999999997e+02 2.2632456248784880e-03 4.0483539294277398e-03
4.0358019999999999e+02 2.1848070483519353e-03 3.9080478504015014e-03
4.0560290000000003e+02 2.1085035345271013e-03 3.7715608396120758e-03
4.0763579999999996e+02 2.0343571073891372e-03 3.6389322922032539e-03
4.0967879999999997e+02 1.9623851833009223e-03 3.5101933614888102e-03
4.1173210000000000e+02 1.8926101992282006e-03 3.3853841813267027e-03
4.1379570000000001e+02 1.8250506312367360e-03 3.2645378005617467e-03
4.1586959999999999e+02 1.7597287492792971e-03 3.1476940543094106e-03
4.1795390000000003e+02 1.6966500773985217e-03 3.0348628236358372e-03
4.2004859999999996e+02 1.6355330731864267e-03 2.9255405028779341e-03
4.2215390000000002e+02 1.5760993815617300e-03 2.8192291876656689e-03
4.2426970000000000e+02 1.5183556879205780e-03 2.7159408364225823e-03
4.2639609999999999e+02 1.4623203622169318e-03 2.6157083081872522e-03
4.2853309999999999e+02 1.4080061266949198e-03 2.5185543597238784e-03
4.3068090000000001e+02 1.3554322575910214e-03 2.4245134711732099e-03
4.3283940000000001e+02 1.3046131012986995e-03 2.3336113044774187e-03
4.3500880000000001e+02 1.2555659273942197e-03 2.2458787503874546e-03
4.3718900000000002e+02 1.2083010034726609e-03 2.1613341749429672e-03
4.3938020000000000e+02 1.1626294869974668e-03 2.0796397882830117e-03
4.4158229999999998e+02 1.1183136569520281e-03 2.0003703697416917e-03
4.4379550000000000e+02 1.0753141635787829e-03 1.9234555329040749e-03
4.4601979999999998e+02 1.0336416917254762e-03 1.8489143901655979e-03
4.4825520000000000e+02 9.9330920930651347e-04 1.7767701377302710e-03
4.5050180000000000e+02 9.5432915850333878e-04 1.7070450314034676e-03
4.5275970000000001e+02 9.1671444524995432e-04 1.6397621565224824e-03
4.5502890000000002e+02 8.8047759915968634e-04 1.5749439252854371e-03
4.5730940000000004e+02 8.4562766277241892e-04 1.5126065124289447e-03
4.5960140000000001e+02 8.1205158714841533e-04 1.4525477029948180e-03
4.6190490000000000e+02 7.7955588538578175e-04 1.3944213995683693e-03
4.6421990000000000e+02 7.4806554876148516e-04 1.3380934311805731e-03
4.6654659999999996e+02 7.1758866851987521e-04 1.2835782709493700e-03
4.6888490000000002e+02 6.8813393699257918e-04 1.2308914671804818e-03
4.7123490000000004e+02 6.5971143276780597e-04 1.1800510478297474e-03
4.7359670000000000e+02 6.3233131601720944e-04 1.1310751867844315e-03
4.7597030000000001e+02 6.0600261339835567e-04 1.0839800303718377e-03
4.7835579999999999e+02 5.8073390597280659e-04 1.0387809278646701e-03
4.8075329999999997e+02 5.5646712401589342e-04 9.9537400772752851e-04
4.8316280000000000e+02 5.3304682644707605e-04 9.5348122656013789e-04
4.8558440000000002e+02 5.1037897633206134e-04 9.1293437690491061e-04
4.8801810000000000e+02 4.8846850976884534e-04 8.7374228814894410e-04
4.9046400000000000e+02 4.6732319100535743e-04 8.3591884849918698e-04
4.9292210000000000e+02 4.4694969893437845e-04 7.9947600474636153e-04
4.9539259999999996e+02 4.2735601919954727e-04 7.6442804111638151e-04
4.9787549999999999e+02 4.0854887989496885e-04 7.3078699240825787e-04
5.0037079999999997e+02 3.9053519443168550e-04 6.9856522490448832e-04
5.0287859999999995e+02 3.7329817764319891e-04 6.6773271433638408e-04
5.0539900000000000e+02 3.5672481643883645e-04 6.3808730987034950e-04
5.0793200000000002e+02 3.4072317055264321e-04 6.0946455443956868e-04
5.1047770000000003e+02 3.2529697026447004e-04 5.8187112053814758e-04
5.1303620000000001e+02 3.1045210876239239e-04 5.5531754953677941e-04
5.1560749999999996e+02 2.9619355884853422e-04 5.2981273647663787e-04
5.1819169999999997e+02 2.8252742931331258e-04 5.0536760838456273e-04
5.2078880000000004e+02 2.6945896054154212e-04 4.8199153893711106e-04
5.2339900000000000e+02 2.5699376539324239e-04 4.5969456807147118e-04
5.2602220000000000e+02 2.4513424618003050e-04 4.3848099289422641e-04
5.2865859999999998e+02 2.3378367090971607e-04 4.1817778519474840e-04
5.3130819999999994e+02 2.2284147002628915e-04 3.9860505236536872e-04
5.3397109999999998e+02 2.1230721785092058e-04 3.7976203297810019e-04
5.3664730000000009e+02 2.0218408186048714e-04 3.6165439281986381e-04
5.3933690000000001e+02 1.9247649613251354e-04 3.4429006329455718e-04
5.4203999999999996e+02 1.8318793868105212e-04 3.2767526565881313e-04
5.4475669999999991e+02 1.7432247159823814e-04 3.1181726593204937e-04
5.4748699999999997e+02 1.6588431112392611e-04 2.9672360586359929e-04
5.5023090000000002e+02 1.5787526197882310e-04 2.8239751362635107e-04
5.5298860000000002e+02 1.5023987099891544e-04 2.6873979802692920e-04
5.5576019999999994e+02 1.4290400069000332e-04 2.5561784649661253e-04
5.5854559999999992e+02 1.3585064650823008e-04 2.4300124235804922e-04
5.6134500000000003e+02 1.2908271747947469e-04 2.3089518909698482e-04
5.6415840000000003e+02 1.2260256149653384e-04 2.1930388647897945e-04
5.6698590000000002e+02 1.1641311420498784e-04 2.0823258560545566e-04
5.6982759999999996e+02 1.1051698664075758e-04 1.9768595693613462e-04
5.7268349999999998e+02 1.0491714489279798e-04 1.8766930602766646e-04
5.7555380000000002e+02 9.9615079256956888e-05 1.7818529862917938e-04
5.7843840000000000e+02 9.4582177212993923e-05 1.6918275443241493e-04
5.8133749999999998e+02 8.9765017873071342e-05 1.6056611745404801e-04
5.8425109999999995e+02 8.5139513184839458e-05 1.5229230047441932e-04
5.8717930000000001e+02 8.0707593717647527e-05 1.4436475677669230e-04
5.9012219999999991e+02 7.6470968298208492e-05 1.3678654300450382e-04
5.9307980000000009e+02 7.2431519641647378e-05 1.2956102684233791e-04
5.9605230000000006e+02 6.8591149631696920e-05 1.2269161026229962e-04
5.9903969999999993e+02 6.4951747509539709e-05 1.1618167262228151e-04
6.0204200000000003e+02 6.1514615573046686e-05 1.1003354339224703e-04
6.0505939999999998e+02 5.8267700820228120e-05 1.0422566290698346e-04
6.0809190000000001e+02 5.5172921027973872e-05 9.8689912038865143e-05
6.1113959999999997e+02 5.2205301802374283e-05 9.3381618135216738e-05
6.1420259999999996e+02 4.9365939430908457e-05 8.8302742167342024e-05
6.1728089999999997e+02 4.6656114427583147e-05 8.3455574639574226e-05
6.2037469999999996e+02 4.4077001967585097e-05 7.8842217632674132e-05
6.2348390000000006e+02 4.1629801209000957e-05 7.4464816126532021e-05
6.2660880000000009e+02 3.9315811687418151e-05 7.0325694650109273e-05
6.2974930000000006e+02 3.7136218874876222e-05 6.6426973702540747e-05
6.3290559999999994e+02 3.5088119490665579e-05 6.2763460074684806e-05
6.3607759999999996e+02 3.3145168859511221e-05 5.9288030039228462e-05
6.3926559999999995e+02 3.1284561239199707e-05 5.5959890093651092e-05
6.4246950000000004e+02 2.9506931809386682e-05 5.2780176408073404e-05
6.4568959999999993e+02 2.7813156490786190e-05 4.9750455775346158e-05
6.4892570000000001e+02 2.6203936499754467e-05 4.6871982487959721e-05
6.5217809999999997e+02 2.4680155051768788e-05 4.4146336387186586e-05
6.5544669999999996e+02 2.3242564631362541e-05 4.1574863470864585e-05
6.5873180000000002e+02 2.1892018404295283e-05 3.9159089829187887e-05
6.6203330000000005e+02 2.0628690583420326e-05 3.6899327083344025e-05
6.6535130000000004e+02 1.9436486819021138e-05 3.4766786655018610e-05
6.6868600000000004e+02 1.8297923560038228e-05 3.2730195048372744e-05
6.7203740000000005e+02 1.7211741164969013e-05 3.0787299094518963e-05
6.7540559999999994e+02 1.6178437681487566e-05 2.8938989670362635e-05
6.7879069999999990e+02 1.5198480015131289e-05 2.7186101947679299e-05
6.8219269999999995e+02 1.4272423235328875e-05 2.5529628800365657e-05
6.8561180000000002e+02 1.3400737658564240e-05 2.3970411501487608e-05
6.8904809999999998e+02 1.2583985265335201e-05 2.2509455287035273e-05
6.9250149999999996e+02 1.1822325700860428e-05 2.1147045720511435e-05
6.9597230000000002e+02 1.1107674263831741e-05 1.9868721387764039e-05
6.9946040000000005e+02 1.0428520476345603e-05 1.8653893057143555e-05
7.0296609999999998e+02 9.7815457593856142e-06 1.7496624659558125e-05
7.0648930000000007e+02 9.1670469712556446e-06 1.6397447196799034e-05
7.1003009999999995e+02 8.5853383411138063e-06 1.5356922742568322e-05
7.1358869999999990e+02 8.0367163194349464e-06 1.4375581569157925e-05
7.1716519999999991e+02 7.5215147805708915e-06 1.3454020890378530e-05
7.2075959999999998e+02 7.0400481499373042e-06 1.2592803130985550e-05
7.2437199999999996e+02 6.5924883519110430e-06 1.1792235818681221e-05
7.2800240000000008e+02 6.1752239304060404e-06 1.1045859003968121e-05
7.3165109999999993e+02 5.7808846291354609e-06 1.0340489227803303e-05
7.3531809999999996e+02 5.4057532212601268e-06 9.6694773445016827e-06
7.3900350000000003e+02 5.0500163118192049e-06 9.0331571416271233e-06
7.4270730000000003e+02 4.7138531867858036e-06 8.4318493148503714e-06
7.4642969999999991e+02 4.3974548814436690e-06 7.8658955762830517e-06
7.5017069999999990e+02 4.1010083936861090e-06 7.3356304162022477e-06
7.5393050000000005e+02 3.8247075762773393e-06 6.8414005864545624e-06
7.5770909999999992e+02 3.5686849613333267e-06 6.3834431522999704e-06
7.6150669999999991e+02 3.3316879146709109e-06 5.9595174791110196e-06
7.6532330000000002e+02 3.1091043497342958e-06 5.5613737514342865e-06
7.6915909999999997e+02 2.8976610664998971e-06 5.1831570713163079e-06
7.7301400000000001e+02 2.6974541178297911e-06 4.8250392521817293e-06
7.7688830000000007e+02 2.5085942513139413e-06 4.4872183924764609e-06
7.8078200000000004e+02 2.3311908668810184e-06 4.1698901800331639e-06
7.8469520000000000e+02 2.1653556574892505e-06 3.8732544043140875e-06
7.8862810000000002e+02 2.0111938764055959e-06 3.5974993358596416e-06
7.9258060000000000e+02 1.8688172359138282e-06 3.3428247987004178e-06
7.9655290000000002e+02 1.7380447301965718e-06 3.1089070208145154e-06
8.0054519999999991e+02 1.6160882429808248e-06 2.8907587920885318e-06
8.0455750000000000e+02 1.5003854211926742e-06 2.6837967336698459e-06
8.0858980000000008e+02 1.3909959409150787e-06 2.4881275904483107e-06
8.1264240000000007e+02 1.2879780211478869e-06 2.3038555009735445e-06
8.1671530000000007e+02 1.1913952659981602e-06 2.1310942363422052e-06
8.2080859999999996e+02 1.1013072045222731e-06 1.9699502784520772e-06
8.2492250000000001e+02 1.0177767645554292e-06 1.8205361887265060e-06
8.2905690000000004e+02 9.4086915396837569e-07 1.6829686069755364e-06
8.3321209999999996e+02 8.7058387177449063e-07 1.5572466370652537e-06
8.3738810000000001e+02 8.0553540052417145e-07 1.4408919509919578e-06
8.4158500000000004e+02 7.4413281506404504e-07 1.3310588001434407e-06
8.4580290000000002e+02 6.8615922306540279e-07 1.2273592209237328e-06
8.5004200000000003e+02 6.3164698125349777e-07 1.1298510910436676e-06
8.5430240000000003e+02 5.8062999379803300e-07 1.0385950561870953e-06
8.5858409999999992e+02 5.3314166253302435e-07 9.5365086349082714e-07
8.6288720000000001e+02 4.8921675273432654e-07 8.7508069893219053e-07
8.6721190000000001e+02 4.4888824775176555e-07 8.0294356108933595e-07
8.7155830000000003e+02 4.1216554142781023e-07 7.3725625308723289e-07
8.7592650000000003e+02 3.7845837387766689e-07 6.7696295451570533e-07
8.8031659999999999e+02 3.4686333997731817e-07 6.2044771010967836e-07
8.8472860000000003e+02 3.1706541867613597e-07 5.6714702967871698e-07
8.8916280000000006e+02 2.8908220069466107e-07 5.1709237841680668e-07
8.9361919999999998e+02 2.6293094246650103e-07 4.7031462356612185e-07
8.9809799999999996e+02 2.3862897416072005e-07 4.2684476426226533e-07
9.0259920000000000e+02 2.1619482178981293e-07 3.8671593869167852e-07
9.0712290000000007e+02 1.9564627563126647e-07 3.4995996900348118e-07
9.1166940000000000e+02 1.7699173818726657e-07 3.1659188507439883e-07
9.1623860000000002e+02 1.6001466947564895e-07 2.8622435356418905e-07
9.2083069999999998e+02 1.4422036697655258e-07 2.5797248117264509e-07
9.2544580000000008e+02 1.2933271532547358e-07 2.3134236979671659e-07
9.3008409999999992e+02 1.1536012338907667e-07 2.0634906069751543e-07
9.3474559999999997e+02 1.0231174916409588e-07 1.8300893513373321e-07
9.3943040000000008e+02 9.0196296951058729e-08 1.6133756282032103e-07
9.4413880000000006e+02 7.9022865066928790e-08 1.4135121826448469e-07
9.4887069999999994e+02 6.8800724570578201e-08 1.2306648496348244e-07
9.5362639999999999e+02 5.9536274604859325e-08 1.0649480930865007e-07
9.5840589999999997e+02 5.1170546835656179e-08 9.1530712387532808e-08
9.6320930000000010e+02 4.3442315972885868e-08 7.7706930542157248e-08
9.6803690000000006e+02 3.6152207959251288e-08 6.4666835778013053e-08
9.7288860000000000e+02 2.9304238995324983e-08 5.2417612026526215e-08
9.7776459999999997e+02 2.2902774437096887e-08 4.0967067766759235e-08
9.8266509999999994e+02 1.6952048779937182e-08 3.0322777402383787e-08
9.8759010000000001e+02 1.1456507260281920e-08 2.0492692297668681e-08
9.9253989999999999e+02 6.4205337437217541e-09 1.1484654040506487e-08
9.9751440000000002e+02 1.9558371963733346e-09 3.4984807270682468e-09
