# Emergent specific intensity at surface (nd=0)  iter=18
# Col 1: E [eV]
# Col 2: I_corona (incident) [erg cm^-2 s^-1 eV^-1]
# Col 3: I_disk (incident) [erg cm^-2 s^-1 eV^-1]
# Col 4: I(mu=-0.960290) [erg cm^-2 s^-1 eV^-1 sr^-1]
# Col 5: I(mu=-0.796666) [erg cm^-2 s^-1 eV^-1 sr^-1]
# Col 6: I(mu=-0.525532) [erg cm^-2 s^-1 eV^-1 sr^-1]
# Col 7: I(mu=-0.183435) [erg cm^-2 s^-1 eV^-1 sr^-1]
# Col 8: I(mu=0.183435) [erg cm^-2 s^-1 eV^-1 sr^-1]
# Col 9: I(mu=0.525532) [erg cm^-2 s^-1 eV^-1 sr^-1]
# Col 10: I(mu=0.796666) [erg cm^-2 s^-1 eV^-1 sr^-1]
# Col 11: I(mu=0.960290) [erg cm^-2 s^-1 eV^-1 sr^-1]
1.004861e+00  1.316018e+11  0.000000e+00  0.000000e+00  1.183570e+12  0.000000e+00  0.000000e+00  1.946111e+11  1.564002e+11  1.396691e+11  1.328270e+11
1.014577e+00  1.320206e+11  0.000000e+00  0.000000e+00  1.187337e+12  0.000000e+00  0.000000e+00  1.979674e+11  1.585948e+11  1.415774e+11  1.346545e+11
1.024387e+00  1.324358e+11  0.000000e+00  0.000000e+00  1.191071e+12  0.000000e+00  0.000000e+00  2.011450e+11  1.606592e+11  1.433823e+11  1.363862e+11
1.034292e+00  1.328472e+11  0.000000e+00  0.000000e+00  1.194771e+12  0.000000e+00  0.000000e+00  2.058355e+11  1.698499e+11  1.546648e+11  1.485125e+11
1.044293e+00  1.332575e+11  0.000000e+00  0.000000e+00  1.198461e+12  0.000000e+00  0.000000e+00  2.074659e+11  1.647455e+11  1.469641e+11  1.398310e+11
1.054391e+00  1.336745e+11  0.000000e+00  0.000000e+00  1.202211e+12  0.000000e+00  0.000000e+00  2.106850e+11  1.668198e+11  1.487796e+11  1.415743e+11
1.064586e+00  1.340985e+11  0.000000e+00  0.000000e+00  1.206025e+12  0.000000e+00  0.000000e+00  5.270930e+11  3.679716e+11  3.004554e+11  2.734165e+11
1.074880e+00  1.345167e+11  0.000000e+00  0.000000e+00  1.209786e+12  0.000000e+00  0.000000e+00  2.169754e+11  1.708443e+11  1.523394e+11  1.450173e+11
1.085273e+00  1.349336e+11  0.000000e+00  0.000000e+00  1.213535e+12  0.000000e+00  0.000000e+00  2.200572e+11  1.728093e+11  1.540983e+11  1.467336e+11
1.095767e+00  1.353498e+11  0.000000e+00  0.000000e+00  1.217279e+12  0.000000e+00  0.000000e+00  2.232478e+11  1.748570e+11  1.559305e+11  1.485183e+11
1.106362e+00  1.357753e+11  0.000000e+00  0.000000e+00  1.221105e+12  0.000000e+00  0.000000e+00  2.246044e+11  1.762435e+11  1.574617e+11  1.501296e+11
1.117059e+00  1.362044e+11  0.000000e+00  0.000000e+00  1.224964e+12  0.000000e+00  0.000000e+00  2.478442e+11  1.929756e+11  1.713806e+11  1.629126e+11
1.127861e+00  1.366272e+11  0.000000e+00  0.000000e+00  1.228767e+12  0.000000e+00  0.000000e+00  5.664782e+11  5.385818e+11  5.219795e+11  5.139317e+11
1.138766e+00  1.370465e+11  0.000000e+00  0.000000e+00  1.232538e+12  0.000000e+00  0.000000e+00  2.707207e+11  2.139224e+11  1.924652e+11  1.841452e+11
1.149777e+00  1.374716e+11  0.000000e+00  0.000000e+00  1.236361e+12  0.000000e+00  0.000000e+00  2.650378e+11  2.393296e+11  2.279295e+11  2.230186e+11
1.160894e+00  1.379039e+11  0.000000e+00  0.000000e+00  1.240249e+12  0.000000e+00  0.000000e+00  2.439646e+11  1.891289e+11  1.690962e+11  1.614496e+11
1.172119e+00  1.383353e+11  0.000000e+00  0.000000e+00  1.244128e+12  0.000000e+00  0.000000e+00  2.470140e+11  1.902543e+11  1.697623e+11  1.619748e+11
1.183453e+00  1.387639e+11  0.000000e+00  0.000000e+00  1.247984e+12  0.000000e+00  0.000000e+00  2.505058e+11  1.924797e+11  1.717811e+11  1.639496e+11
1.194855e+00  1.391869e+11  0.000000e+00  0.000000e+00  1.251787e+12  0.000000e+00  0.000000e+00  2.784775e+11  2.087885e+11  1.841433e+11  1.748328e+11
1.206325e+00  1.396156e+11  0.000000e+00  0.000000e+00  1.255643e+12  0.000000e+00  0.000000e+00  2.604596e+11  2.046168e+11  1.851121e+11  1.777845e+11
1.217905e+00  1.400513e+11  0.000000e+00  0.000000e+00  1.259562e+12  0.000000e+00  0.000000e+00  2.630517e+11  2.019178e+11  1.808185e+11  1.729074e+11
1.229597e+00  1.404845e+11  0.000000e+00  0.000000e+00  1.263458e+12  0.000000e+00  0.000000e+00  2.234973e+12  1.446626e+12  1.163310e+12  1.054216e+12
1.241401e+00  1.409148e+11  0.000000e+00  0.000000e+00  1.267327e+12  0.000000e+00  0.000000e+00  2.726994e+11  2.139597e+11  1.941166e+11  1.867330e+11
1.253318e+00  1.413409e+11  0.000000e+00  0.000000e+00  1.271159e+12  0.000000e+00  0.000000e+00  2.722158e+11  2.065049e+11  1.846618e+11  1.766014e+11
1.265349e+00  1.417749e+11  0.000000e+00  0.000000e+00  1.275062e+12  0.000000e+00  0.000000e+00  2.911665e+11  2.171698e+11  1.928360e+11  1.838776e+11
1.277496e+00  1.422190e+11  0.000000e+00  0.000000e+00  1.279057e+12  0.000000e+00  0.000000e+00  2.784734e+11  2.105785e+11  1.885557e+11  1.805010e+11
1.289760e+00  1.426554e+11  0.000000e+00  0.000000e+00  1.282982e+12  0.000000e+00  0.000000e+00  2.827027e+11  2.147766e+11  1.930151e+11  1.850859e+11
1.302141e+00  1.430908e+11  0.000000e+00  0.000000e+00  1.286898e+12  0.000000e+00  0.000000e+00  4.757707e+11  4.238289e+11  4.056039e+11  3.985397e+11
1.314641e+00  1.435238e+11  0.000000e+00  0.000000e+00  1.290792e+12  0.000000e+00  0.000000e+00  2.900679e+11  2.197112e+11  1.976802e+11  1.897138e+11
1.327261e+00  1.439641e+11  0.000000e+00  0.000000e+00  1.294752e+12  0.000000e+00  0.000000e+00  5.052706e+11  3.339259e+11  2.798959e+11  2.600278e+11
1.340003e+00  1.444116e+11  0.000000e+00  0.000000e+00  1.298776e+12  0.000000e+00  0.000000e+00  4.334074e+11  3.708482e+11  3.507824e+11  3.433579e+11
1.352866e+00  1.448548e+11  0.000000e+00  0.000000e+00  1.302762e+12  0.000000e+00  0.000000e+00  3.000810e+11  2.249577e+11  2.022342e+11  1.941123e+11
1.365854e+00  1.452924e+11  0.000000e+00  0.000000e+00  1.306697e+12  0.000000e+00  0.000000e+00  3.139670e+11  2.372195e+11  2.142418e+11  2.060519e+11
1.378965e+00  1.457330e+11  0.000000e+00  0.000000e+00  1.310660e+12  0.000000e+00  0.000000e+00  4.108821e+11  3.421154e+11  3.212383e+11  3.136986e+11
1.392203e+00  1.461804e+11  0.000000e+00  0.000000e+00  1.314684e+12  0.000000e+00  0.000000e+00  3.896945e+11  3.164401e+11  2.947131e+11  2.869592e+11
1.405568e+00  1.466308e+11  0.000000e+00  0.000000e+00  1.318735e+12  0.000000e+00  0.000000e+00  3.161414e+11  2.382154e+11  2.157033e+11  2.077775e+11
1.419100e+00  1.470805e+11  0.000000e+00  0.000000e+00  1.322779e+12  0.000000e+00  0.000000e+00  3.781864e+11  3.069425e+11  2.864010e+11  2.791681e+11
1.432802e+00  1.475259e+11  0.000000e+00  0.000000e+00  1.326785e+12  0.000000e+00  0.000000e+00  3.684641e+11  2.924070e+11  2.708106e+11  2.632398e+11
1.446637e+00  1.479735e+11  0.000000e+00  0.000000e+00  1.330810e+12  0.000000e+00  0.000000e+00  3.954334e+11  3.228694e+11  3.024950e+11  2.953943e+11
1.460605e+00  1.484320e+11  0.000000e+00  0.000000e+00  1.334934e+12  0.000000e+00  0.000000e+00  3.765992e+11  2.986394e+11  2.770726e+11  2.695823e+11
1.474708e+00  1.488902e+11  0.000000e+00  0.000000e+00  1.339055e+12  0.000000e+00  0.000000e+00  3.924633e+11  3.156662e+11  2.946873e+11  2.874477e+11
1.488947e+00  1.493436e+11  0.000000e+00  0.000000e+00  1.343133e+12  0.000000e+00  0.000000e+00  3.398349e+11  2.560977e+11  2.334544e+11  2.256369e+11
1.503323e+00  1.497923e+11  0.000000e+00  0.000000e+00  1.347168e+12  0.000000e+00  0.000000e+00  4.819562e+11  3.236484e+11  2.803012e+11  2.650089e+11
1.517838e+00  1.502488e+11  0.000000e+00  0.000000e+00  1.351274e+12  0.000000e+00  0.000000e+00  3.650902e+11  2.764778e+11  2.509027e+11  2.419488e+11
1.532494e+00  1.507121e+11  0.000000e+00  0.000000e+00  1.355440e+12  0.000000e+00  0.000000e+00  3.713514e+11  2.814787e+11  2.558285e+11  2.468838e+11
1.547291e+00  1.511751e+11  0.000000e+00  0.000000e+00  1.359604e+12  0.000000e+00  0.000000e+00  3.756229e+11  2.843380e+11  2.585687e+11  2.496142e+11
1.562231e+00  1.516328e+11  0.000000e+00  0.000000e+00  1.363721e+12  0.000000e+00  0.000000e+00  4.563901e+11  3.208313e+11  2.844584e+11  2.718112e+11
1.577315e+00  1.520862e+11  0.000000e+00  0.000000e+00  1.367799e+12  0.000000e+00  0.000000e+00  3.836140e+11  2.888095e+11  2.625944e+11  2.535464e+11
1.592545e+00  1.525482e+11  0.000000e+00  0.000000e+00  1.371954e+12  0.000000e+00  0.000000e+00  3.888170e+11  2.936145e+11  2.675661e+11  2.586084e+11
1.607921e+00  1.530188e+11  0.000000e+00  0.000000e+00  1.376186e+12  0.000000e+00  0.000000e+00  4.020982e+11  3.002195e+11  2.726264e+11  2.631402e+11
1.623447e+00  1.534857e+11  0.000000e+00  0.000000e+00  1.380385e+12  0.000000e+00  0.000000e+00  4.244001e+11  3.130362e+11  2.827014e+11  2.722174e+11
1.639122e+00  1.539477e+11  0.000000e+00  0.000000e+00  1.384540e+12  0.000000e+00  0.000000e+00  4.973897e+11  3.482393e+11  3.081905e+11  2.942715e+11
1.654948e+00  1.544074e+11  0.000000e+00  0.000000e+00  1.388674e+12  0.000000e+00  0.000000e+00  4.064215e+11  3.060509e+11  2.797382e+11  2.708039e+11
1.670928e+00  1.548762e+11  0.000000e+00  0.000000e+00  1.392890e+12  0.000000e+00  0.000000e+00  4.104681e+11  3.085657e+11  2.821297e+11  2.731809e+11
1.687029e+00  1.553501e+11  0.000000e+00  0.000000e+00  1.397152e+12  0.000000e+00  0.000000e+00  4.149589e+11  3.119120e+11  2.854615e+11  2.765344e+11
1.703253e+00  1.558174e+11  0.000000e+00  0.000000e+00  1.401355e+12  0.000000e+00  0.000000e+00  4.269211e+11  3.295813e+11  3.049031e+11  2.966241e+11
1.719633e+00  1.562815e+11  0.000000e+00  0.000000e+00  1.405529e+12  0.000000e+00  0.000000e+00  4.949726e+11  3.518933e+11  3.154109e+11  3.029499e+11
1.736170e+00  1.567465e+11  0.000000e+00  0.000000e+00  1.409711e+12  0.000000e+00  0.000000e+00  4.288629e+11  3.226445e+11  2.962276e+11  2.873828e+11
1.752867e+00  1.572189e+11  0.000000e+00  0.000000e+00  1.413959e+12  0.000000e+00  0.000000e+00  4.784465e+11  4.081936e+11  3.905866e+11  3.846758e+11
1.769724e+00  1.576966e+11  0.000000e+00  0.000000e+00  1.418256e+12  0.000000e+00  0.000000e+00  4.381832e+11  3.296530e+11  3.032040e+11  2.943949e+11
1.786743e+00  1.581672e+11  0.000000e+00  0.000000e+00  1.422488e+12  0.000000e+00  0.000000e+00  4.434670e+11  3.336585e+11  3.071546e+11  2.983492e+11
1.803926e+00  1.586350e+11  0.000000e+00  0.000000e+00  1.426695e+12  0.000000e+00  0.000000e+00  5.036803e+11  3.633044e+11  3.292964e+11  3.178497e+11
1.821274e+00  1.591064e+11  0.000000e+00  0.000000e+00  1.430935e+12  0.000000e+00  0.000000e+00  4.588746e+11  3.459112e+11  3.193172e+11  3.105454e+11
1.838789e+00  1.595846e+11  0.000000e+00  0.000000e+00  1.435236e+12  0.000000e+00  0.000000e+00  4.723124e+11  3.569878e+11  3.303682e+11  3.217583e+11
1.856473e+00  1.600649e+11  0.000000e+00  0.000000e+00  1.439555e+12  0.000000e+00  0.000000e+00  7.026441e+11  6.816531e+11  6.780802e+11  6.776476e+11
1.874326e+00  1.605405e+11  0.000000e+00  0.000000e+00  1.443833e+12  0.000000e+00  0.000000e+00  5.241281e+11  4.054383e+11  3.811584e+11  3.727854e+11
1.892351e+00  1.610116e+11  0.000000e+00  0.000000e+00  1.448069e+12  0.000000e+00  0.000000e+00  1.903315e+13  2.040335e+13  2.098424e+13  2.125434e+13
1.910550e+00  1.614880e+11  0.000000e+00  0.000000e+00  1.452354e+12  0.000000e+00  0.000000e+00  5.582596e+11  4.266300e+11  3.996027e+11  3.902426e+11
1.928923e+00  1.619736e+11  0.000000e+00  0.000000e+00  1.456721e+12  0.000000e+00  0.000000e+00  5.411295e+11  4.048830e+11  3.748338e+11  3.653167e+11
1.947473e+00  1.624559e+11  0.000000e+00  0.000000e+00  1.461059e+12  0.000000e+00  0.000000e+00  5.022498e+11  3.815005e+11  3.552132e+11  3.468479e+11
1.966202e+00  1.629359e+11  0.000000e+00  0.000000e+00  1.465376e+12  0.000000e+00  0.000000e+00  5.185581e+11  3.865196e+11  3.574490e+11  3.479170e+11
1.985111e+00  1.634096e+11  0.000000e+00  0.000000e+00  1.469636e+12  0.000000e+00  0.000000e+00  5.144043e+11  3.845522e+11  3.560727e+11  3.467291e+11
2.004246e+00  1.638930e+11  0.000000e+00  0.000000e+00  1.473984e+12  0.000000e+00  0.000000e+00  5.135917e+11  3.851485e+11  3.572010e+11  3.480515e+11
2.023609e+00  1.643867e+11  0.000000e+00  0.000000e+00  1.478424e+12  0.000000e+00  0.000000e+00  5.149879e+11  3.873814e+11  3.598631e+11  3.508702e+11
2.043160e+00  1.648748e+11  0.000000e+00  0.000000e+00  1.482813e+12  0.000000e+00  0.000000e+00  5.178352e+11  3.906930e+11  3.635183e+11  3.546590e+11
2.062900e+00  1.653585e+11  0.000000e+00  0.000000e+00  1.487164e+12  0.000000e+00  0.000000e+00  5.218611e+11  3.949838e+11  3.680948e+11  3.593410e+11
2.082830e+00  1.658402e+11  0.000000e+00  0.000000e+00  1.491496e+12  0.000000e+00  0.000000e+00  5.190944e+11  3.970700e+11  3.716408e+11  3.633131e+11
2.102954e+00  1.663304e+11  0.000000e+00  0.000000e+00  1.495904e+12  0.000000e+00  0.000000e+00  1.360207e+12  1.566906e+12  1.576151e+12  1.568560e+12
2.123271e+00  1.668267e+11  0.000000e+00  0.000000e+00  1.500368e+12  0.000000e+00  0.000000e+00  5.286147e+11  4.056527e+11  3.804063e+11  3.721376e+11
2.143785e+00  1.673199e+11  0.000000e+00  0.000000e+00  1.504804e+12  0.000000e+00  0.000000e+00  5.314835e+11  4.079422e+11  3.826281e+11  3.744297e+11
2.164497e+00  1.678043e+11  0.000000e+00  0.000000e+00  1.509160e+12  0.000000e+00  0.000000e+00  5.349954e+11  4.110956e+11  3.858781e+11  3.777085e+11
2.185409e+00  1.682942e+11  0.000000e+00  0.000000e+00  1.513566e+12  0.000000e+00  0.000000e+00  5.797381e+11  4.314272e+11  4.009769e+11  3.909967e+11
2.206523e+00  1.687881e+11  0.000000e+00  0.000000e+00  1.518008e+12  0.000000e+00  0.000000e+00  5.511762e+11  4.224948e+11  3.963555e+11  3.878420e+11
2.227841e+00  1.692863e+11  0.000000e+00  0.000000e+00  1.522489e+12  0.000000e+00  0.000000e+00  5.558283e+11  4.267860e+11  4.007289e+11  3.922437e+11
2.249365e+00  1.697825e+11  0.000000e+00  0.000000e+00  1.526951e+12  0.000000e+00  0.000000e+00  5.606956e+11  4.312602e+11  4.052635e+11  3.967927e+11
2.271097e+00  1.702710e+11  0.000000e+00  0.000000e+00  1.531345e+12  0.000000e+00  0.000000e+00  5.657429e+11  4.358741e+11  4.099021e+11  4.014291e+11
2.293039e+00  1.707633e+11  0.000000e+00  0.000000e+00  1.535772e+12  0.000000e+00  0.000000e+00  1.110056e+12  6.647659e+11  5.676255e+11  5.345707e+11
2.315193e+00  1.712625e+11  0.000000e+00  0.000000e+00  1.540261e+12  0.000000e+00  0.000000e+00  5.752042e+11  4.449062e+11  4.191152e+11  4.106937e+11
2.337561e+00  1.717659e+11  0.000000e+00  0.000000e+00  1.544789e+12  0.000000e+00  0.000000e+00  5.886702e+11  4.530302e+11  4.262161e+11  4.174428e+11
2.360145e+00  1.722612e+11  0.000000e+00  0.000000e+00  1.549243e+12  0.000000e+00  0.000000e+00  5.841342e+11  4.538596e+11  4.283662e+11  4.200433e+11
2.382904e+00  1.727529e+11  0.000000e+00  0.000000e+00  1.553666e+12  0.000000e+00  0.000000e+00  5.890060e+11  4.586744e+11  4.332840e+11  4.249859e+11
2.405840e+00  1.732472e+11  0.000000e+00  0.000000e+00  1.558112e+12  0.000000e+00  0.000000e+00  5.944353e+11  4.639762e+11  4.386557e+11  4.303682e+11
2.428996e+00  1.737496e+11  0.000000e+00  0.000000e+00  1.562629e+12  0.000000e+00  0.000000e+00  6.009393e+11  4.702661e+11  4.450025e+11  4.367119e+11
2.452376e+00  1.742528e+11  0.000000e+00  0.000000e+00  1.567155e+12  0.000000e+00  0.000000e+00  6.187450e+11  4.910597e+11  4.666175e+11  4.585969e+11
2.475980e+00  1.747490e+11  0.000000e+00  0.000000e+00  1.571618e+12  0.000000e+00  0.000000e+00  6.802148e+11  5.684572e+11  5.473641e+11  5.405683e+11
2.499812e+00  1.752400e+11  0.000000e+00  0.000000e+00  1.576034e+12  0.000000e+00  0.000000e+00  6.758287e+11  5.229934e+11  4.931152e+11  4.832493e+11
2.523873e+00  1.757398e+11  0.000000e+00  0.000000e+00  1.580529e+12  0.000000e+00  0.000000e+00  8.137048e+11  7.311239e+11  7.178337e+11  7.128051e+11
2.548165e+00  1.762485e+11  0.000000e+00  0.000000e+00  1.585103e+12  0.000000e+00  0.000000e+00  1.130249e+13  1.104800e+13  1.074672e+13  1.057223e+13
2.572692e+00  1.767513e+11  0.000000e+00  0.000000e+00  1.589625e+12  0.000000e+00  0.000000e+00  6.857671e+11  5.524490e+11  5.281667e+11  5.191092e+11
2.597454e+00  1.772481e+11  0.000000e+00  0.000000e+00  1.594094e+12  0.000000e+00  0.000000e+00  6.705371e+11  5.355547e+11  5.095152e+11  5.008363e+11
2.622455e+00  1.777446e+11  0.000000e+00  0.000000e+00  1.598559e+12  0.000000e+00  0.000000e+00  7.198480e+11  5.980906e+11  5.743119e+11  5.663360e+11
2.647696e+00  1.782490e+11  0.000000e+00  0.000000e+00  1.603095e+12  0.000000e+00  0.000000e+00  8.125988e+12  3.520251e+12  2.530393e+12  2.191984e+12
2.673181e+00  1.787572e+11  0.000000e+00  0.000000e+00  1.607666e+12  0.000000e+00  0.000000e+00  6.660297e+11  5.299880e+11  5.032750e+11  4.941940e+11
2.698911e+00  1.792605e+11  0.000000e+00  0.000000e+00  1.612192e+12  0.000000e+00  0.000000e+00  6.633473e+11  5.303677e+11  5.047628e+11  4.961469e+11
2.724888e+00  1.797602e+11  0.000000e+00  0.000000e+00  1.616687e+12  0.000000e+00  0.000000e+00  8.815272e+11  6.200462e+11  5.675157e+11  5.497910e+11
2.751115e+00  1.802611e+11  0.000000e+00  0.000000e+00  1.621191e+12  0.000000e+00  0.000000e+00  7.136298e+11  5.598056e+11  5.302062e+11  5.201860e+11
2.777595e+00  1.807658e+11  0.000000e+00  0.000000e+00  1.625731e+12  0.000000e+00  0.000000e+00  1.402840e+12  1.438940e+12  1.434725e+12  1.429441e+12
2.804330e+00  1.812775e+11  0.000000e+00  0.000000e+00  1.630332e+12  0.000000e+00  0.000000e+00  7.007119e+11  5.749859e+11  5.515902e+11  5.437272e+11
2.831363e+00  1.817824e+11  0.000000e+00  0.000000e+00  1.634873e+12  0.000000e+00  0.000000e+00  7.993813e+11  6.960028e+11  6.780417e+11  6.715100e+11
2.858697e+00  1.822842e+11  0.000000e+00  0.000000e+00  1.639386e+12  0.000000e+00  0.000000e+00  6.819999e+12  6.638100e+12  6.470299e+12  6.376072e+12
2.886296e+00  1.827899e+11  0.000000e+00  0.000000e+00  1.643935e+12  0.000000e+00  0.000000e+00  7.233001e+11  5.987094e+11  5.760761e+11  5.677538e+11
2.914161e+00  1.832985e+11  0.000000e+00  0.000000e+00  1.648509e+12  0.000000e+00  0.000000e+00  7.140093e+11  5.880817e+11  5.642182e+11  5.562276e+11
2.942295e+00  1.838118e+11  0.000000e+00  0.000000e+00  1.653125e+12  0.000000e+00  0.000000e+00  8.198974e+11  6.283863e+11  5.910530e+11  5.785496e+11
2.970700e+00  1.843183e+11  0.000000e+00  0.000000e+00  1.657680e+12  0.000000e+00  0.000000e+00  7.229023e+11  5.990705e+11  5.756770e+11  5.678233e+11
2.999380e+00  1.848211e+11  0.000000e+00  0.000000e+00  1.662202e+12  0.000000e+00  0.000000e+00  8.181534e+11  7.143976e+11  6.958584e+11  6.892665e+11
3.028337e+00  1.853263e+11  0.000000e+00  0.000000e+00  1.666746e+12  0.000000e+00  0.000000e+00  4.487776e+12  4.366628e+12  4.280948e+12  4.234711e+12
3.057573e+00  1.858409e+11  0.000000e+00  0.000000e+00  1.671374e+12  0.000000e+00  0.000000e+00  7.539958e+11  6.332368e+11  6.112380e+11  6.033260e+11
3.087091e+00  1.863522e+11  0.000000e+00  0.000000e+00  1.675972e+12  0.000000e+00  0.000000e+00  1.279303e+12  1.206071e+12  1.188455e+12  1.181102e+12
3.116895e+00  1.868590e+11  0.000000e+00  0.000000e+00  1.680530e+12  0.000000e+00  0.000000e+00  3.237426e+12  3.148638e+12  3.102141e+12  3.078463e+12
3.146986e+00  1.873596e+11  0.000000e+00  0.000000e+00  1.685033e+12  0.000000e+00  0.000000e+00  8.343069e+11  6.983353e+11  6.736255e+11  6.648168e+11
3.177368e+00  1.878686e+11  0.000000e+00  0.000000e+00  1.689610e+12  0.000000e+00  0.000000e+00  2.756606e+12  2.685003e+12  2.650088e+12  2.633011e+12
3.208043e+00  1.883844e+11  0.000000e+00  0.000000e+00  1.694249e+12  0.000000e+00  0.000000e+00  8.413171e+11  7.150162e+11  6.918386e+11  6.837036e+11
3.239014e+00  1.888964e+11  0.000000e+00  0.000000e+00  1.698854e+12  0.000000e+00  0.000000e+00  2.245976e+12  2.183314e+12  2.161707e+12  2.152069e+12
3.270284e+00  1.894002e+11  0.000000e+00  0.000000e+00  1.703385e+12  0.000000e+00  0.000000e+00  1.681813e+12  1.578546e+12  1.554775e+12  1.545546e+12
3.301856e+00  1.899037e+11  0.000000e+00  0.000000e+00  1.707913e+12  0.000000e+00  0.000000e+00  1.945914e+12  1.873876e+12  1.856522e+12  1.849801e+12
3.333733e+00  1.904144e+11  0.000000e+00  0.000000e+00  1.712506e+12  0.000000e+00  0.000000e+00  2.157577e+12  2.119095e+12  2.109653e+12  2.106152e+12
3.362168e+00  1.908675e+11  0.000000e+00  0.000000e+00  1.716581e+12  0.000000e+00  0.000000e+00  1.643033e+12  1.563761e+12  1.548673e+12  1.543686e+12
3.387101e+00  1.912615e+11  0.000000e+00  0.000000e+00  1.720124e+12  0.000000e+00  0.000000e+00  8.133313e+11  7.021999e+11  6.814083e+11  6.743482e+11
3.416470e+00  1.917162e+11  0.000000e+00  0.000000e+00  1.724213e+12  0.000000e+00  0.000000e+00  1.482848e+12  1.413221e+12  1.410230e+12  1.411079e+12
3.450350e+00  1.922315e+11  0.000000e+00  0.000000e+00  1.728848e+12  0.000000e+00  0.000000e+00  1.446144e+12  1.364125e+12  1.358308e+12  1.358099e+12
3.484566e+00  1.927529e+11  0.000000e+00  0.000000e+00  1.733537e+12  0.000000e+00  0.000000e+00  1.439796e+12  1.354167e+12  1.347409e+12  1.346827e+12
3.519121e+00  1.932801e+11  0.000000e+00  0.000000e+00  1.738278e+12  0.000000e+00  0.000000e+00  1.460475e+12  1.377597e+12  1.371364e+12  1.370968e+12
3.554019e+00  1.938040e+11  0.000000e+00  0.000000e+00  1.742990e+12  0.000000e+00  0.000000e+00  1.493077e+12  1.396011e+12  1.386651e+12  1.385178e+12
3.589264e+00  1.943206e+11  0.000000e+00  0.000000e+00  1.747637e+12  0.000000e+00  0.000000e+00  1.482984e+12  1.401231e+12  1.394985e+12  1.394571e+12
3.624857e+00  1.948374e+11  0.000000e+00  0.000000e+00  1.752284e+12  0.000000e+00  0.000000e+00  1.417694e+12  1.315189e+12  1.305976e+12  1.304682e+12
3.660804e+00  1.953601e+11  0.000000e+00  0.000000e+00  1.756985e+12  0.000000e+00  0.000000e+00  1.437575e+12  1.346283e+12  1.339354e+12  1.338864e+12
3.697107e+00  1.958836e+11  0.000000e+00  0.000000e+00  1.761694e+12  0.000000e+00  0.000000e+00  1.454813e+12  1.365609e+12  1.358996e+12  1.358592e+12
3.733770e+00  1.964030e+11  0.000000e+00  0.000000e+00  1.766365e+12  0.000000e+00  0.000000e+00  1.519027e+12  1.386296e+12  1.370866e+12  1.367457e+12
3.770797e+00  1.969167e+11  0.000000e+00  0.000000e+00  1.770985e+12  0.000000e+00  0.000000e+00  1.468661e+12  1.378347e+12  1.371036e+12  1.370320e+12
3.808191e+00  1.974318e+11  0.000000e+00  0.000000e+00  1.775617e+12  0.000000e+00  0.000000e+00  1.476292e+12  1.384974e+12  1.377139e+12  1.376167e+12
3.845955e+00  1.979552e+11  0.000000e+00  0.000000e+00  1.780324e+12  0.000000e+00  0.000000e+00  1.488624e+12  1.396299e+12  1.387860e+12  1.386607e+12
3.884095e+00  1.984746e+11  0.000000e+00  0.000000e+00  1.784996e+12  0.000000e+00  0.000000e+00  4.401281e+12  2.634490e+12  2.287686e+12  2.172228e+12
3.922612e+00  1.989890e+11  0.000000e+00  0.000000e+00  1.789622e+12  0.000000e+00  0.000000e+00  1.501834e+12  1.409797e+12  1.400988e+12  1.399556e+12
3.961511e+00  1.994993e+11  0.000000e+00  0.000000e+00  1.794211e+12  0.000000e+00  0.000000e+00  1.510800e+12  1.413948e+12  1.404116e+12  1.402354e+12
4.000261e+00  2.000063e+11  0.000000e+00  0.000000e+00  1.798772e+12  0.000000e+00  0.000000e+00  1.508727e+12  1.419096e+12  1.410623e+12  1.409312e+12
4.038853e+00  2.005131e+11  0.000000e+00  0.000000e+00  1.803329e+12  0.000000e+00  0.000000e+00  1.513969e+12  1.425056e+12  1.416528e+12  1.415175e+12
4.077817e+00  2.010133e+11  0.000000e+00  0.000000e+00  1.807828e+12  0.000000e+00  0.000000e+00  1.519870e+12  1.431491e+12  1.422842e+12  1.421427e+12
4.117158e+00  2.015118e+11  0.000000e+00  0.000000e+00  1.812311e+12  0.000000e+00  0.000000e+00  1.557853e+12  1.450208e+12  1.437397e+12  1.434565e+12
4.156877e+00  2.020030e+11  0.000000e+00  0.000000e+00  1.816729e+12  0.000000e+00  0.000000e+00  1.568556e+12  1.458770e+12  1.445365e+12  1.442285e+12
4.196981e+00  2.025015e+11  0.000000e+00  0.000000e+00  1.821212e+12  0.000000e+00  0.000000e+00  1.638353e+12  1.567525e+12  1.561706e+12  1.561190e+12
4.237471e+00  2.030026e+11  0.000000e+00  0.000000e+00  1.825718e+12  0.000000e+00  0.000000e+00  1.573506e+12  1.494426e+12  1.486738e+12  1.485526e+12
4.278351e+00  2.034987e+11  0.000000e+00  0.000000e+00  1.830181e+12  0.000000e+00  0.000000e+00  1.552408e+12  1.465617e+12  1.456087e+12  1.454273e+12
4.319626e+00  2.039899e+11  0.000000e+00  0.000000e+00  1.834598e+12  0.000000e+00  0.000000e+00  1.562364e+12  1.474535e+12  1.464523e+12  1.462513e+12
4.361299e+00  2.044794e+11  0.000000e+00  0.000000e+00  1.839000e+12  0.000000e+00  0.000000e+00  1.631705e+12  1.555771e+12  1.547912e+12  1.546556e+12
4.403375e+00  2.049745e+11  0.000000e+00  0.000000e+00  1.843453e+12  0.000000e+00  0.000000e+00  1.905548e+12  1.856729e+12  1.835119e+12  1.824075e+12
4.445856e+00  2.054693e+11  0.000000e+00  0.000000e+00  1.847903e+12  0.000000e+00  0.000000e+00  2.374140e+12  2.348733e+12  2.300407e+12  2.273600e+12
4.488747e+00  2.059561e+11  0.000000e+00  0.000000e+00  1.852281e+12  0.000000e+00  0.000000e+00  1.632386e+12  1.552287e+12  1.542526e+12  1.540316e+12
4.532052e+00  2.064437e+11  0.000000e+00  0.000000e+00  1.856666e+12  0.000000e+00  0.000000e+00  2.930237e+12  2.003793e+12  1.827252e+12  1.769304e+12
4.575774e+00  2.069280e+11  0.000000e+00  0.000000e+00  1.861022e+12  0.000000e+00  0.000000e+00  1.622459e+12  1.540076e+12  1.529441e+12  1.527168e+12
4.619919e+00  2.074186e+11  0.000000e+00  0.000000e+00  1.865434e+12  0.000000e+00  0.000000e+00  1.630662e+12  1.550137e+12  1.539878e+12  1.537730e+12
4.664489e+00  2.079037e+11  0.000000e+00  0.000000e+00  1.869797e+12  0.000000e+00  0.000000e+00  1.617238e+12  1.535449e+12  1.524748e+12  1.522474e+12
4.709489e+00  2.083867e+11  0.000000e+00  0.000000e+00  1.874141e+12  0.000000e+00  0.000000e+00  1.628618e+12  1.548522e+12  1.537991e+12  1.535802e+12
4.754887e+00  2.088664e+11  0.000000e+00  0.000000e+00  1.878455e+12  0.000000e+00  0.000000e+00  1.599040e+12  1.516603e+12  1.505784e+12  1.503486e+12
4.800686e+00  2.093433e+11  0.000000e+00  0.000000e+00  1.882744e+12  0.000000e+00  0.000000e+00  1.613627e+12  1.533044e+12  1.522423e+12  1.520226e+12
4.846926e+00  2.098250e+11  0.000000e+00  0.000000e+00  1.887076e+12  0.000000e+00  0.000000e+00  1.618229e+12  1.537977e+12  1.527303e+12  1.525070e+12
4.893612e+00  2.103031e+11  0.000000e+00  0.000000e+00  1.891376e+12  0.000000e+00  0.000000e+00  1.672573e+12  1.614731e+12  1.623191e+12  1.630272e+12
4.940747e+00  2.107761e+11  0.000000e+00  0.000000e+00  1.895630e+12  0.000000e+00  0.000000e+00  2.363174e+12  1.818139e+12  1.716541e+12  1.683862e+12
4.988336e+00  2.112460e+11  0.000000e+00  0.000000e+00  1.899856e+12  0.000000e+00  0.000000e+00  1.631026e+12  1.549873e+12  1.538086e+12  1.535486e+12
5.036384e+00  2.117171e+11  0.000000e+00  0.000000e+00  1.904093e+12  0.000000e+00  0.000000e+00  1.633207e+12  1.552700e+12  1.540847e+12  1.538215e+12
5.084894e+00  2.121893e+11  0.000000e+00  0.000000e+00  1.908340e+12  0.000000e+00  0.000000e+00  1.649594e+12  1.561028e+12  1.547354e+12  1.544102e+12
5.133872e+00  2.126597e+11  0.000000e+00  0.000000e+00  1.912571e+12  0.000000e+00  0.000000e+00  1.640863e+12  1.560711e+12  1.548311e+12  1.545473e+12
5.183321e+00  2.131242e+11  0.000000e+00  0.000000e+00  1.916748e+12  0.000000e+00  0.000000e+00  2.096248e+12  1.731891e+12  1.664204e+12  1.642866e+12
5.233247e+00  2.135839e+11  0.000000e+00  0.000000e+00  1.920882e+12  0.000000e+00  0.000000e+00  1.683689e+12  1.586503e+12  1.569976e+12  1.565731e+12
5.283653e+00  2.140471e+11  0.000000e+00  0.000000e+00  1.925048e+12  0.000000e+00  0.000000e+00  1.671128e+12  1.591937e+12  1.578062e+12  1.574494e+12
5.334545e+00  2.145104e+11  0.000000e+00  0.000000e+00  1.929215e+12  0.000000e+00  0.000000e+00  1.694809e+12  1.617742e+12  1.603168e+12  1.598021e+12
5.385928e+00  2.149672e+11  0.000000e+00  0.000000e+00  1.933323e+12  0.000000e+00  0.000000e+00  4.249615e+12  4.691033e+12  4.501397e+12  4.376697e+12
5.437805e+00  2.154231e+11  0.000000e+00  0.000000e+00  1.937424e+12  0.000000e+00  0.000000e+00  5.090045e+12  2.871222e+12  2.438996e+12  2.294159e+12
5.490182e+00  2.158723e+11  0.000000e+00  0.000000e+00  1.941463e+12  0.000000e+00  0.000000e+00  1.895302e+12  1.681844e+12  1.640143e+12  1.627194e+12
5.543063e+00  2.163251e+11  0.000000e+00  0.000000e+00  1.945536e+12  0.000000e+00  0.000000e+00  1.672859e+12  1.591719e+12  1.576626e+12  1.572834e+12
5.596454e+00  2.167775e+11  0.000000e+00  0.000000e+00  1.949604e+12  0.000000e+00  0.000000e+00  1.810393e+12  1.636656e+12  1.604301e+12  1.594846e+12
5.650380e+00  2.172226e+11  0.000000e+00  0.000000e+00  1.953607e+12  0.000000e+00  0.000000e+00  1.767109e+12  1.617748e+12  1.590172e+12  1.582441e+12
5.704846e+00  2.176649e+11  0.000000e+00  0.000000e+00  1.957585e+12  0.000000e+00  0.000000e+00  1.737572e+12  1.605148e+12  1.580865e+12  1.574315e+12
5.759837e+00  2.181056e+11  0.000000e+00  0.000000e+00  1.961549e+12  0.000000e+00  0.000000e+00  1.716700e+12  1.596443e+12  1.574467e+12  1.568735e+12
5.815358e+00  2.185444e+11  0.000000e+00  0.000000e+00  1.965495e+12  0.000000e+00  0.000000e+00  1.745737e+12  1.606217e+12  1.580497e+12  1.573585e+12
5.871414e+00  2.189842e+11  0.000000e+00  0.000000e+00  1.969451e+12  0.000000e+00  0.000000e+00  1.738470e+12  1.603114e+12  1.578137e+12  1.571503e+12
5.928011e+00  2.194159e+11  0.000000e+00  0.000000e+00  1.973333e+12  0.000000e+00  0.000000e+00  1.691996e+12  1.584923e+12  1.565267e+12  1.560437e+12
5.985153e+00  2.198467e+11  0.000000e+00  0.000000e+00  1.977207e+12  0.000000e+00  0.000000e+00  1.674742e+12  1.577550e+12  1.559711e+12  1.555543e+12
6.042846e+00  2.202732e+11  0.000000e+00  0.000000e+00  1.981043e+12  0.000000e+00  0.000000e+00  1.692304e+12  1.582759e+12  1.562429e+12  1.557467e+12
6.101095e+00  2.206996e+11  0.000000e+00  0.000000e+00  1.984878e+12  0.000000e+00  0.000000e+00  1.712892e+12  1.588816e+12  1.565657e+12  1.559800e+12
6.159906e+00  2.211231e+11  0.000000e+00  0.000000e+00  1.988687e+12  0.000000e+00  0.000000e+00  1.709279e+12  1.585979e+12  1.562891e+12  1.557091e+12
6.219284e+00  2.215416e+11  0.000000e+00  0.000000e+00  1.992450e+12  0.000000e+00  0.000000e+00  1.707447e+12  1.583674e+12  1.560433e+12  1.554637e+12
6.279234e+00  2.219563e+11  0.000000e+00  0.000000e+00  1.996180e+12  0.000000e+00  0.000000e+00  1.701844e+12  1.580287e+12  1.557406e+12  1.551778e+12
6.339762e+00  2.223690e+11  0.000000e+00  0.000000e+00  1.999892e+12  0.000000e+00  0.000000e+00  1.701254e+12  1.581477e+12  1.558790e+12  1.553253e+12
6.400873e+00  2.227796e+11  0.000000e+00  0.000000e+00  2.003584e+12  0.000000e+00  0.000000e+00  1.696030e+12  1.576731e+12  1.554198e+12  1.548755e+12
6.462573e+00  2.231859e+11  0.000000e+00  0.000000e+00  2.007239e+12  0.000000e+00  0.000000e+00  1.711436e+12  1.611979e+12  1.597001e+12  1.594777e+12
6.524868e+00  2.235897e+11  0.000000e+00  0.000000e+00  2.010870e+12  0.000000e+00  0.000000e+00  2.194334e+12  1.788922e+12  1.716042e+12  1.694633e+12
6.587764e+00  2.239874e+11  0.000000e+00  0.000000e+00  2.014447e+12  0.000000e+00  0.000000e+00  1.677912e+12  1.559903e+12  1.537499e+12  1.532255e+12
6.651266e+00  2.243828e+11  0.000000e+00  0.000000e+00  2.018003e+12  0.000000e+00  0.000000e+00  1.697103e+12  1.562690e+12  1.537088e+12  1.530858e+12
6.715385e+00  2.247762e+11  0.000000e+00  0.000000e+00  2.021541e+12  0.000000e+00  0.000000e+00  1.666281e+12  1.549365e+12  1.527239e+12  1.522267e+12
6.780128e+00  2.251649e+11  0.000000e+00  0.000000e+00  2.025037e+12  0.000000e+00  0.000000e+00  1.656635e+12  1.539864e+12  1.517669e+12  1.512673e+12
6.845496e+00  2.255486e+11  0.000000e+00  0.000000e+00  2.028487e+12  0.000000e+00  0.000000e+00  1.651489e+12  1.534066e+12  1.511731e+12  1.506750e+12
6.911493e+00  2.259315e+11  0.000000e+00  0.000000e+00  2.031932e+12  0.000000e+00  0.000000e+00  1.700554e+12  1.547416e+12  1.518400e+12  1.511248e+12
6.978127e+00  2.263069e+11  0.000000e+00  0.000000e+00  2.035307e+12  0.000000e+00  0.000000e+00  1.634899e+12  1.520271e+12  1.498445e+12  1.493720e+12
7.045403e+00  2.266810e+11  0.000000e+00  0.000000e+00  2.038672e+12  0.000000e+00  0.000000e+00  1.641831e+12  1.530385e+12  1.508957e+12  1.504426e+12
7.113328e+00  2.270495e+11  0.000000e+00  0.000000e+00  2.041986e+12  0.000000e+00  0.000000e+00  1.652456e+12  1.541680e+12  1.520416e+12  1.516122e+12
7.181908e+00  2.274167e+11  0.000000e+00  0.000000e+00  2.045289e+12  0.000000e+00  0.000000e+00  1.828182e+12  1.598796e+12  1.550860e+12  1.537209e+12
7.251149e+00  2.277768e+11  0.000000e+00  0.000000e+00  2.048527e+12  0.000000e+00  0.000000e+00  1.631157e+12  1.511426e+12  1.487274e+12  1.481730e+12
7.321057e+00  2.281318e+11  0.000000e+00  0.000000e+00  2.051720e+12  0.000000e+00  0.000000e+00  1.651818e+12  1.523231e+12  1.495803e+12  1.488644e+12
7.391640e+00  2.284843e+11  0.000000e+00  0.000000e+00  2.054891e+12  0.000000e+00  0.000000e+00  1.694951e+12  1.548804e+12  1.513045e+12  1.502024e+12
7.462902e+00  2.288320e+11  0.000000e+00  0.000000e+00  2.058017e+12  0.000000e+00  0.000000e+00  1.793386e+12  1.609401e+12  1.557430e+12  1.540705e+12
7.534852e+00  2.291776e+11  0.000000e+00  0.000000e+00  2.061125e+12  0.000000e+00  0.000000e+00  2.720245e+13  1.096210e+13  7.851720e+12  6.815695e+12
7.607496e+00  2.295153e+11  0.000000e+00  0.000000e+00  2.064162e+12  0.000000e+00  0.000000e+00  2.601337e+12  1.878187e+12  1.724105e+12  1.673350e+12
7.680840e+00  2.298487e+11  0.000000e+00  0.000000e+00  2.067161e+12  0.000000e+00  0.000000e+00  1.768345e+12  1.574226e+12  1.525762e+12  1.510081e+12
7.754891e+00  2.301759e+11  0.000000e+00  0.000000e+00  2.070104e+12  0.000000e+00  0.000000e+00  1.699376e+12  1.545715e+12  1.507633e+12  1.495740e+12
7.829656e+00  2.305019e+11  0.000000e+00  0.000000e+00  2.073036e+12  0.000000e+00  0.000000e+00  1.735878e+12  1.569991e+12  1.523531e+12  1.507692e+12
7.905142e+00  2.308236e+11  0.000000e+00  0.000000e+00  2.075929e+12  0.000000e+00  0.000000e+00  1.841585e+12  1.628776e+12  1.559625e+12  1.534282e+12
7.981370e+00  2.311380e+11  0.000000e+00  0.000000e+00  2.078756e+12  0.000000e+00  0.000000e+00  3.259027e+13  1.423938e+13  1.036332e+13  9.023744e+12
8.058346e+00  2.314464e+11  0.000000e+00  0.000000e+00  2.081530e+12  0.000000e+00  0.000000e+00  1.824948e+12  1.617485e+12  1.549894e+12  1.525381e+12
8.136065e+00  2.317473e+11  0.000000e+00  0.000000e+00  2.084236e+12  0.000000e+00  0.000000e+00  1.714825e+12  1.531538e+12  1.483016e+12  1.466990e+12
8.214533e+00  2.320488e+11  0.000000e+00  0.000000e+00  2.086948e+12  0.000000e+00  0.000000e+00  1.576329e+12  1.438671e+12  1.406800e+12  1.398178e+12
8.293758e+00  2.323467e+11  0.000000e+00  0.000000e+00  2.089627e+12  0.000000e+00  0.000000e+00  1.556126e+12  1.406905e+12  1.375042e+12  1.367304e+12
8.373748e+00  2.326330e+11  0.000000e+00  0.000000e+00  2.092202e+12  0.000000e+00  0.000000e+00  1.455777e+12  1.348670e+12  1.327234e+12  1.323397e+12
8.454508e+00  2.329116e+11  0.000000e+00  0.000000e+00  2.094708e+12  0.000000e+00  0.000000e+00  1.425581e+12  1.324282e+12  1.305016e+12  1.302091e+12
8.536048e+00  2.331902e+11  0.000000e+00  0.000000e+00  2.097213e+12  0.000000e+00  0.000000e+00  1.407943e+12  1.314346e+12  1.297170e+12  1.295155e+12
8.618374e+00  2.334631e+11  0.000000e+00  0.000000e+00  2.099668e+12  0.000000e+00  0.000000e+00  1.403574e+12  1.309073e+12  1.291306e+12  1.289054e+12
8.701494e+00  2.337324e+11  0.000000e+00  0.000000e+00  2.102090e+12  0.000000e+00  0.000000e+00  1.440244e+12  1.336481e+12  1.315313e+12  1.311346e+12
8.785416e+00  2.339879e+11  0.000000e+00  0.000000e+00  2.104387e+12  0.000000e+00  0.000000e+00  1.608049e+12  1.560138e+12  1.544865e+12  1.541829e+12
8.870147e+00  2.342404e+11  0.000000e+00  0.000000e+00  2.106658e+12  0.000000e+00  0.000000e+00  6.455991e+12  3.735213e+12  3.068384e+12  2.833340e+12
8.955695e+00  2.344893e+11  0.000000e+00  0.000000e+00  2.108897e+12  0.000000e+00  0.000000e+00  1.410601e+12  1.301940e+12  1.275435e+12  1.268938e+12
9.042068e+00  2.347346e+11  0.000000e+00  0.000000e+00  2.111103e+12  0.000000e+00  0.000000e+00  1.746001e+12  1.403792e+12  1.336745e+12  1.317755e+12
9.129274e+00  2.349703e+11  0.000000e+00  0.000000e+00  2.113223e+12  0.000000e+00  0.000000e+00  1.337016e+12  1.246144e+12  1.227780e+12  1.225255e+12
9.217322e+00  2.351974e+11  0.000000e+00  0.000000e+00  2.115265e+12  0.000000e+00  0.000000e+00  1.333064e+12  1.245158e+12  1.227674e+12  1.224863e+12
9.306218e+00  2.354167e+11  0.000000e+00  0.000000e+00  2.117237e+12  0.000000e+00  0.000000e+00  2.088739e+12  1.976253e+12  1.899981e+12  1.869385e+12
9.395972e+00  2.356343e+11  0.000000e+00  0.000000e+00  2.119194e+12  0.000000e+00  0.000000e+00  1.355063e+12  1.259550e+12  1.238389e+12  1.233328e+12
9.486571e+00  2.358501e+11  0.000000e+00  0.000000e+00  2.121135e+12  0.000000e+00  0.000000e+00  1.978688e+12  1.846230e+12  1.761080e+12  1.726788e+12
9.578023e+00  2.360541e+11  0.000000e+00  0.000000e+00  2.122969e+12  0.000000e+00  0.000000e+00  2.677773e+12  2.334002e+12  2.139950e+12  2.058827e+12
9.670357e+00  2.362444e+11  0.000000e+00  0.000000e+00  2.124681e+12  0.000000e+00  0.000000e+00  1.378029e+12  1.271470e+12  1.241826e+12  1.232820e+12
9.763581e+00  2.364302e+11  0.000000e+00  0.000000e+00  2.126352e+12  0.000000e+00  0.000000e+00  1.472498e+12  1.356587e+12  1.319555e+12  1.307499e+12
9.857703e+00  2.366160e+11  0.000000e+00  0.000000e+00  2.128023e+12  0.000000e+00  0.000000e+00  1.612705e+12  1.433189e+12  1.370308e+12  1.347434e+12
9.952733e+00  2.367992e+11  0.000000e+00  0.000000e+00  2.129671e+12  0.000000e+00  0.000000e+00  1.236121e+13  5.691480e+12  4.311166e+12  3.838385e+12
1.004868e+01  2.369687e+11  0.000000e+00  0.000000e+00  2.131195e+12  0.000000e+00  0.000000e+00  1.598172e+13  6.785211e+12  4.958437e+12  4.340012e+12
1.014555e+01  2.371199e+11  0.000000e+00  0.000000e+00  2.132555e+12  0.000000e+00  0.000000e+00  2.318345e+12  1.903371e+12  1.726729e+12  1.652941e+12
1.024335e+01  2.372728e+11  0.000000e+00  0.000000e+00  2.133930e+12  0.000000e+00  0.000000e+00  4.645243e+13  2.067279e+13  1.500769e+13  1.301849e+13
1.034210e+01  2.374226e+11  0.000000e+00  0.000000e+00  2.135277e+12  0.000000e+00  0.000000e+00  3.585881e+12  3.559801e+12  3.398058e+12  3.316715e+12
1.044180e+01  2.375683e+11  0.000000e+00  0.000000e+00  2.136588e+12  0.000000e+00  0.000000e+00  2.093952e+12  1.961622e+12  1.881891e+12  1.844617e+12
1.054246e+01  2.376979e+11  0.000000e+00  0.000000e+00  2.137753e+12  0.000000e+00  0.000000e+00  6.081579e+12  3.735768e+12  3.084840e+12  2.846671e+12
1.064409e+01  2.378141e+11  0.000000e+00  0.000000e+00  2.138799e+12  0.000000e+00  0.000000e+00  1.396164e+12  1.266906e+12  1.222312e+12  1.207001e+12
1.074670e+01  2.379290e+11  0.000000e+00  0.000000e+00  2.139832e+12  0.000000e+00  0.000000e+00  1.241676e+12  1.141299e+12  1.110354e+12  1.101460e+12
1.085030e+01  2.380425e+11  0.000000e+00  0.000000e+00  2.140852e+12  0.000000e+00  0.000000e+00  1.172443e+12  1.084472e+12  1.058203e+12  1.050878e+12
1.095490e+01  2.381495e+11  0.000000e+00  0.000000e+00  2.141815e+12  0.000000e+00  0.000000e+00  2.280872e+12  1.776973e+12  1.606935e+12  1.542976e+12
1.106051e+01  2.382356e+11  0.000000e+00  0.000000e+00  2.142589e+12  0.000000e+00  0.000000e+00  2.717210e+12  2.165791e+12  1.934617e+12  1.843307e+12
1.116713e+01  2.383139e+11  0.000000e+00  0.000000e+00  2.143293e+12  0.000000e+00  0.000000e+00  1.155010e+12  1.071874e+12  1.044399e+12  1.035554e+12
1.127477e+01  2.383912e+11  0.000000e+00  0.000000e+00  2.143988e+12  0.000000e+00  0.000000e+00  1.392578e+12  1.291201e+12  1.251540e+12  1.239176e+12
1.138342e+01  2.384648e+11  0.000000e+00  0.000000e+00  2.144651e+12  0.000000e+00  0.000000e+00  4.856139e+12  2.556783e+12  2.106250e+12  1.956467e+12
1.149313e+01  2.385309e+11  0.000000e+00  0.000000e+00  2.145245e+12  0.000000e+00  0.000000e+00  1.833485e+12  1.740495e+12  1.663995e+12  1.629253e+12
1.160389e+01  2.385715e+11  0.000000e+00  0.000000e+00  2.145611e+12  0.000000e+00  0.000000e+00  6.925064e+12  4.724348e+12  3.956645e+12  3.655516e+12
1.171571e+01  2.386103e+11  0.000000e+00  0.000000e+00  2.145959e+12  0.000000e+00  0.000000e+00  5.197247e+12  3.594133e+12  3.035858e+12  2.813158e+12
1.182862e+01  2.386445e+11  0.000000e+00  0.000000e+00  2.146267e+12  0.000000e+00  0.000000e+00  2.520332e+12  1.991001e+12  1.767180e+12  1.672065e+12
1.194261e+01  2.386801e+11  0.000000e+00  0.000000e+00  2.146587e+12  0.000000e+00  0.000000e+00  3.267676e+13  1.270706e+13  8.854734e+12  7.558039e+12
1.205770e+01  2.386979e+11  0.000000e+00  0.000000e+00  2.146747e+12  0.000000e+00  0.000000e+00  6.175825e+13  2.502343e+13  1.755654e+13  1.500191e+13
1.217390e+01  2.386939e+11  0.000000e+00  0.000000e+00  2.146711e+12  0.000000e+00  0.000000e+00  3.810855e+12  3.353336e+12  3.040933e+12  2.900501e+12
1.229122e+01  2.386886e+11  0.000000e+00  0.000000e+00  2.146663e+12  0.000000e+00  0.000000e+00  2.411173e+12  2.103547e+12  1.943687e+12  1.868742e+12
1.240967e+01  2.386821e+11  0.000000e+00  0.000000e+00  2.146604e+12  0.000000e+00  0.000000e+00  2.255357e+12  1.921079e+12  1.771468e+12  1.705929e+12
1.252926e+01  2.386742e+11  0.000000e+00  0.000000e+00  2.146534e+12  0.000000e+00  0.000000e+00  5.556758e+12  3.509200e+12  2.925315e+12  2.703976e+12
1.265000e+01  2.386458e+11  0.000000e+00  0.000000e+00  2.146278e+12  0.000000e+00  0.000000e+00  3.367536e+12  2.600392e+12  2.311375e+12  2.188450e+12
1.277191e+01  2.385930e+11  0.000000e+00  0.000000e+00  2.145803e+12  0.000000e+00  0.000000e+00  2.310013e+13  1.198543e+13  9.149193e+12  8.108703e+12
1.289499e+01  2.385422e+11  0.000000e+00  0.000000e+00  2.145347e+12  0.000000e+00  0.000000e+00  3.752522e+12  3.048320e+12  2.722964e+12  2.572052e+12
1.301926e+01  2.384898e+11  0.000000e+00  0.000000e+00  2.144876e+12  0.000000e+00  0.000000e+00  2.295609e+13  1.294426e+13  1.012155e+13  9.055584e+12
1.314473e+01  2.384342e+11  0.000000e+00  0.000000e+00  2.144375e+12  0.000000e+00  0.000000e+00  5.872821e+12  4.784116e+12  4.243378e+12  3.985530e+12
1.327140e+01  2.383553e+11  0.000000e+00  0.000000e+00  2.143666e+12  0.000000e+00  0.000000e+00  3.951423e+13  2.353021e+13  1.847450e+13  1.650017e+13
1.340059e+01  2.382551e+11  0.000000e+00  0.000000e+00  2.142765e+12  0.000000e+00  0.000000e+00  4.270038e+13  2.823731e+13  2.288541e+13  2.067915e+13
1.353234e+01  2.381553e+11  0.000000e+00  0.000000e+00  2.141867e+12  0.000000e+00  0.000000e+00  4.558133e+13  3.722646e+13  3.270625e+13  3.065987e+13
1.360153e+01  2.381115e+11  0.000000e+00  0.000000e+00  2.141473e+12  0.000000e+00  0.000000e+00  7.279645e+11  7.076515e+11  6.834254e+11  6.731853e+11
1.366978e+01  2.380526e+11  0.000000e+00  0.000000e+00  2.140943e+12  0.000000e+00  0.000000e+00  8.211778e+11  7.562193e+11  7.147400e+11  6.969260e+11
1.380089e+01  2.379447e+11  0.000000e+00  0.000000e+00  2.139973e+12  0.000000e+00  0.000000e+00  8.117196e+11  7.398852e+11  6.938255e+11  6.748304e+11
1.393325e+01  2.378114e+11  0.000000e+00  0.000000e+00  2.138774e+12  0.000000e+00  0.000000e+00  7.716243e+11  6.997007e+11  6.561458e+11  6.382438e+11
1.406689e+01  2.376637e+11  0.000000e+00  0.000000e+00  2.137445e+12  0.000000e+00  0.000000e+00  7.622456e+11  6.875300e+11  6.429598e+11  6.246027e+11
1.420181e+01  2.375188e+11  0.000000e+00  0.000000e+00  2.136143e+12  0.000000e+00  0.000000e+00  7.510600e+11  6.696585e+11  6.243765e+11  6.061237e+11
1.433802e+01  2.373765e+11  0.000000e+00  0.000000e+00  2.134863e+12  0.000000e+00  0.000000e+00  7.526125e+11  6.615279e+11  6.136308e+11  5.946372e+11
1.447554e+01  2.372132e+11  0.000000e+00  0.000000e+00  2.133394e+12  0.000000e+00  0.000000e+00  7.440231e+11  6.556342e+11  6.075012e+11  5.883070e+11
1.461438e+01  2.370269e+11  0.000000e+00  0.000000e+00  2.131718e+12  0.000000e+00  0.000000e+00  7.361671e+11  6.383669e+11  5.891604e+11  5.700022e+11
1.475455e+01  2.368313e+11  0.000000e+00  0.000000e+00  2.129959e+12  0.000000e+00  0.000000e+00  7.302329e+11  6.217404e+11  5.709943e+11  5.516506e+11
1.489606e+01  2.366348e+11  0.000000e+00  0.000000e+00  2.128192e+12  0.000000e+00  0.000000e+00  9.005698e+11  8.506047e+11  7.740692e+11  7.394214e+11
1.503893e+01  2.364449e+11  0.000000e+00  0.000000e+00  2.126485e+12  0.000000e+00  0.000000e+00  7.498262e+11  6.176617e+11  5.598610e+11  5.380393e+11
1.518318e+01  2.362272e+11  0.000000e+00  0.000000e+00  2.124527e+12  0.000000e+00  0.000000e+00  7.049011e+11  5.808788e+11  5.280387e+11  5.085975e+11
1.532880e+01  2.359838e+11  0.000000e+00  0.000000e+00  2.122338e+12  0.000000e+00  0.000000e+00  6.968820e+11  5.667616e+11  5.131874e+11  4.936980e+11
1.547582e+01  2.357370e+11  0.000000e+00  0.000000e+00  2.120118e+12  0.000000e+00  0.000000e+00  6.929869e+11  5.541871e+11  4.990399e+11  4.791237e+11
1.562426e+01  2.354934e+11  0.000000e+00  0.000000e+00  2.117927e+12  0.000000e+00  0.000000e+00  1.511418e+12  1.192265e+12  9.929873e+11  9.118882e+11
1.577411e+01  2.352496e+11  0.000000e+00  0.000000e+00  2.115734e+12  0.000000e+00  0.000000e+00  1.193933e+12  9.348852e+11  7.890287e+11  7.309766e+11
1.592580e+01  2.349782e+11  0.000000e+00  0.000000e+00  2.113294e+12  0.000000e+00  0.000000e+00  5.049604e+12  2.442848e+12  1.791773e+12  1.562573e+12
1.607934e+01  2.346724e+11  0.000000e+00  0.000000e+00  2.110543e+12  0.000000e+00  0.000000e+00  7.147039e+12  3.265505e+12  2.344107e+12  2.022908e+12
1.623435e+01  2.343734e+11  0.000000e+00  0.000000e+00  2.107854e+12  0.000000e+00  0.000000e+00  3.729782e+12  2.168652e+12  1.649167e+12  1.455569e+12
1.639087e+01  2.340753e+11  0.000000e+00  0.000000e+00  2.105173e+12  0.000000e+00  0.000000e+00  1.725890e+12  1.069165e+12  8.491261e+11  7.682613e+11
1.654889e+01  2.337738e+11  0.000000e+00  0.000000e+00  2.102462e+12  0.000000e+00  0.000000e+00  6.654449e+11  4.860731e+11  4.251933e+11  4.042854e+11
1.670843e+01  2.334416e+11  0.000000e+00  0.000000e+00  2.099474e+12  0.000000e+00  0.000000e+00  6.078018e+11  4.431149e+11  3.895740e+11  3.717471e+11
1.686952e+01  2.330856e+11  0.000000e+00  0.000000e+00  2.096272e+12  0.000000e+00  0.000000e+00  5.948304e+11  4.275966e+11  3.746124e+11  3.571437e+11
1.703215e+01  2.327329e+11  0.000000e+00  0.000000e+00  2.093100e+12  0.000000e+00  0.000000e+00  6.076674e+11  4.269141e+11  3.709745e+11  3.525282e+11
1.719636e+01  2.323808e+11  0.000000e+00  0.000000e+00  2.089933e+12  0.000000e+00  0.000000e+00  5.820876e+11  4.069166e+11  3.537292e+11  3.364184e+11
1.736214e+01  2.320199e+11  0.000000e+00  0.000000e+00  2.086688e+12  0.000000e+00  0.000000e+00  7.028711e+11  4.594367e+11  3.878231e+11  3.638992e+11
1.752953e+01  2.316287e+11  0.000000e+00  0.000000e+00  2.083170e+12  0.000000e+00  0.000000e+00  5.664655e+11  3.842794e+11  3.316167e+11  3.147057e+11
1.769853e+01  2.312167e+11  0.000000e+00  0.000000e+00  2.079464e+12  0.000000e+00  0.000000e+00  9.033930e+11  5.774878e+11  4.734901e+11  4.368631e+11
1.786916e+01  2.308101e+11  0.000000e+00  0.000000e+00  2.075807e+12  0.000000e+00  0.000000e+00  5.423080e+11  3.599354e+11  3.090465e+11  2.929045e+11
1.804143e+01  2.304062e+11  0.000000e+00  0.000000e+00  2.072175e+12  0.000000e+00  0.000000e+00  5.146392e+11  3.435548e+11  2.965198e+11  2.818893e+11
1.821536e+01  2.299873e+11  0.000000e+00  0.000000e+00  2.068408e+12  0.000000e+00  0.000000e+00  4.975706e+11  3.261916e+11  2.801742e+11  2.659013e+11
1.839098e+01  2.295289e+11  0.000000e+00  0.000000e+00  2.064285e+12  0.000000e+00  0.000000e+00  4.920517e+11  3.171627e+11  2.713107e+11  2.571495e+11
1.856828e+01  2.290680e+11  0.000000e+00  0.000000e+00  2.060140e+12  0.000000e+00  0.000000e+00  4.755387e+11  3.043621e+11  2.602517e+11  2.467205e+11
1.874729e+01  2.286048e+11  0.000000e+00  0.000000e+00  2.055974e+12  0.000000e+00  0.000000e+00  4.672461e+11  2.993578e+11  2.556892e+11  2.422136e+11
1.892800e+01  2.281503e+11  0.000000e+00  0.000000e+00  2.051887e+12  0.000000e+00  0.000000e+00  4.450467e+11  2.814565e+11  2.403662e+11  2.278843e+11
1.911042e+01  2.276648e+11  0.000000e+00  0.000000e+00  2.047520e+12  0.000000e+00  0.000000e+00  4.310349e+11  2.679561e+11  2.281159e+11  2.161304e+11
1.929460e+01  2.271522e+11  0.000000e+00  0.000000e+00  2.042910e+12  0.000000e+00  0.000000e+00  4.282736e+11  2.640523e+11  2.237993e+11  2.115689e+11
1.948055e+01  2.266320e+11  0.000000e+00  0.000000e+00  2.038231e+12  0.000000e+00  0.000000e+00  4.187988e+11  2.542474e+11  2.147228e+11  2.027657e+11
1.966829e+01  2.261162e+11  0.000000e+00  0.000000e+00  2.033593e+12  0.000000e+00  0.000000e+00  2.688176e+12  1.148372e+12  8.174567e+11  7.060534e+11
1.985785e+01  2.256091e+11  0.000000e+00  0.000000e+00  2.029032e+12  0.000000e+00  0.000000e+00  7.135738e+11  3.863222e+11  3.040307e+11  2.766221e+11
2.004923e+01  2.250642e+11  0.000000e+00  0.000000e+00  2.024131e+12  0.000000e+00  0.000000e+00  4.112730e+11  2.365974e+11  1.968376e+11  1.847629e+11
2.024245e+01  2.244860e+11  0.000000e+00  0.000000e+00  2.018931e+12  0.000000e+00  0.000000e+00  8.244283e+11  4.159320e+11  3.194782e+11  2.874183e+11
2.043754e+01  2.239141e+11  0.000000e+00  0.000000e+00  2.013788e+12  0.000000e+00  0.000000e+00  4.663137e+11  2.659264e+11  2.158012e+11  1.996351e+11
2.063450e+01  2.233463e+11  0.000000e+00  0.000000e+00  2.008681e+12  0.000000e+00  0.000000e+00  3.534482e+11  2.032240e+11  1.695294e+11  1.593860e+11
2.083337e+01  2.227741e+11  0.000000e+00  0.000000e+00  2.003535e+12  0.000000e+00  0.000000e+00  3.524316e+11  1.977794e+11  1.641576e+11  1.540616e+11
2.103415e+01  2.221712e+11  0.000000e+00  0.000000e+00  1.998113e+12  0.000000e+00  0.000000e+00  3.166459e+11  1.797384e+11  1.507258e+11  1.421086e+11
2.123687e+01  2.215396e+11  0.000000e+00  0.000000e+00  1.992432e+12  0.000000e+00  0.000000e+00  1.522850e+12  1.531480e+12  1.428902e+12  1.372655e+12
2.144154e+01  2.209119e+11  0.000000e+00  0.000000e+00  1.986787e+12  0.000000e+00  0.000000e+00  2.919411e+11  1.636419e+11  1.370612e+11  1.291636e+11
2.164818e+01  2.202938e+11  0.000000e+00  0.000000e+00  1.981228e+12  0.000000e+00  0.000000e+00  4.626889e+11  2.388778e+11  1.878401e+11  1.712789e+11
2.185682e+01  2.196627e+11  0.000000e+00  0.000000e+00  1.975552e+12  0.000000e+00  0.000000e+00  3.715403e+11  1.985083e+11  1.588583e+11  1.461480e+11
2.206746e+01  2.189957e+11  0.000000e+00  0.000000e+00  1.969554e+12  0.000000e+00  0.000000e+00  1.707221e+12  7.275692e+11  5.151263e+11  4.433269e+11
2.228014e+01  2.183132e+11  0.000000e+00  0.000000e+00  1.963416e+12  0.000000e+00  0.000000e+00  1.179430e+12  5.314811e+11  3.840284e+11  3.339096e+11
2.249243e+01  2.176421e+11  0.000000e+00  0.000000e+00  1.957380e+12  0.000000e+00  0.000000e+00  3.120075e+11  1.637940e+11  1.314740e+11  1.212485e+11
2.270431e+01  2.169867e+11  0.000000e+00  0.000000e+00  1.951485e+12  0.000000e+00  0.000000e+00  2.500475e+11  1.356835e+11  1.119420e+11  1.046578e+11
2.291819e+01  2.163131e+11  0.000000e+00  0.000000e+00  1.945428e+12  0.000000e+00  0.000000e+00  2.470277e+11  1.325096e+11  1.092394e+11  1.020427e+11
2.313409e+01  2.156064e+11  0.000000e+00  0.000000e+00  1.939072e+12  0.000000e+00  0.000000e+00  1.389822e+12  1.549972e+12  1.522152e+12  1.493827e+12
2.335202e+01  2.148870e+11  0.000000e+00  0.000000e+00  1.932602e+12  0.000000e+00  0.000000e+00  2.197191e+11  1.160149e+11  9.636717e+10  9.044900e+10
2.357200e+01  2.141738e+11  0.000000e+00  0.000000e+00  1.926187e+12  0.000000e+00  0.000000e+00  2.023042e+11  1.080684e+11  9.038613e+10  8.518294e+10
2.379405e+01  2.134682e+11  0.000000e+00  0.000000e+00  1.919842e+12  0.000000e+00  0.000000e+00  8.682246e+11  9.114163e+11  9.216803e+11  9.231738e+11
2.401820e+01  2.127440e+11  0.000000e+00  0.000000e+00  1.913329e+12  0.000000e+00  0.000000e+00  4.978794e+11  5.185861e+11  5.364953e+11  5.452330e+11
2.424445e+01  2.119824e+11  0.000000e+00  0.000000e+00  1.906479e+12  0.000000e+00  0.000000e+00  4.933381e+11  5.058735e+11  5.296813e+11  5.431003e+11
2.447284e+01  2.112148e+11  0.000000e+00  0.000000e+00  1.899576e+12  0.000000e+00  0.000000e+00  5.021747e+11  5.292254e+11  5.636648e+11  5.837501e+11
2.470950e+01  2.104355e+11  0.000000e+00  0.000000e+00  1.892567e+12  0.000000e+00  0.000000e+00  3.808628e+11  3.693587e+11  3.759857e+11  3.816541e+11
2.495457e+01  2.096401e+11  0.000000e+00  0.000000e+00  1.885414e+12  0.000000e+00  0.000000e+00  3.961767e+11  3.603460e+11  3.613278e+11  3.648580e+11
2.520206e+01  2.088213e+11  0.000000e+00  0.000000e+00  1.878050e+12  0.000000e+00  0.000000e+00  3.352984e+11  3.218699e+11  3.272687e+11  3.320957e+11
2.545201e+01  2.079622e+11  0.000000e+00  0.000000e+00  1.870323e+12  0.000000e+00  0.000000e+00  3.216162e+11  3.038908e+11  3.078249e+11  3.119235e+11
2.570444e+01  2.071071e+11  0.000000e+00  0.000000e+00  1.862632e+12  0.000000e+00  0.000000e+00  3.739055e+11  3.130798e+11  3.067525e+11  3.071272e+11
2.595938e+01  2.062600e+11  0.000000e+00  0.000000e+00  1.855014e+12  0.000000e+00  0.000000e+00  2.847331e+11  2.631081e+11  2.658529e+11  2.692122e+11
2.621684e+01  2.054133e+11  0.000000e+00  0.000000e+00  1.847400e+12  0.000000e+00  0.000000e+00  2.778824e+11  2.493103e+11  2.501798e+11  2.527147e+11
2.647685e+01  2.045311e+11  0.000000e+00  0.000000e+00  1.839466e+12  0.000000e+00  0.000000e+00  3.407121e+11  2.622407e+11  2.526891e+11  2.515383e+11
2.673574e+01  2.036347e+11  0.000000e+00  0.000000e+00  1.831404e+12  0.000000e+00  0.000000e+00  1.114420e+12  5.350406e+11  4.284612e+11  3.946946e+11
2.699346e+01  2.027607e+11  0.000000e+00  0.000000e+00  1.823543e+12  0.000000e+00  0.000000e+00  2.273380e+11  1.998290e+11  1.999922e+11  2.018152e+11
2.725366e+01  2.018940e+11  0.000000e+00  0.000000e+00  1.815748e+12  0.000000e+00  0.000000e+00  2.239588e+11  1.898375e+11  1.883373e+11  1.894490e+11
2.751637e+01  2.010188e+11  0.000000e+00  0.000000e+00  1.807878e+12  0.000000e+00  0.000000e+00  2.109078e+11  1.767329e+11  1.749864e+11  1.758881e+11
2.778161e+01  2.001090e+11  0.000000e+00  0.000000e+00  1.799695e+12  0.000000e+00  0.000000e+00  1.972349e+11  1.643981e+11  1.624991e+11  1.632133e+11
2.804941e+01  1.991867e+11  0.000000e+00  0.000000e+00  1.791400e+12  0.000000e+00  0.000000e+00  2.141689e+11  1.630010e+11  1.573304e+11  1.566753e+11
2.831979e+01  1.982688e+11  0.000000e+00  0.000000e+00  1.783145e+12  0.000000e+00  0.000000e+00  3.498200e+11  2.074214e+11  1.832485e+11  1.762576e+11
2.859278e+01  1.973631e+11  0.000000e+00  0.000000e+00  1.774999e+12  0.000000e+00  0.000000e+00  3.091169e+11  1.869357e+11  1.661295e+11  1.601402e+11
2.886840e+01  1.964394e+11  0.000000e+00  0.000000e+00  1.766692e+12  0.000000e+00  0.000000e+00  2.811732e+11  1.696750e+11  1.511604e+11  1.458759e+11
2.914667e+01  1.954839e+11  0.000000e+00  0.000000e+00  1.758099e+12  0.000000e+00  0.000000e+00  1.443836e+11  1.133010e+11  1.104459e+11  1.103289e+11
2.942763e+01  1.945227e+11  0.000000e+00  0.000000e+00  1.749454e+12  0.000000e+00  0.000000e+00  1.322232e+11  1.037662e+11  1.012189e+11  1.011257e+11
2.971130e+01  1.935682e+11  0.000000e+00  0.000000e+00  1.740870e+12  0.000000e+00  0.000000e+00  1.253945e+11  9.666725e+10  9.375094e+10  9.342968e+10
2.999770e+01  1.926240e+11  0.000000e+00  0.000000e+00  1.732378e+12  0.000000e+00  0.000000e+00  1.123102e+11  8.878309e+10  8.680139e+10  8.669338e+10
3.028686e+01  1.916579e+11  0.000000e+00  0.000000e+00  1.723689e+12  0.000000e+00  0.000000e+00  1.049281e+11  8.079194e+10  7.839852e+10  7.812429e+10
3.057881e+01  1.906593e+11  0.000000e+00  0.000000e+00  1.714708e+12  0.000000e+00  0.000000e+00  1.113239e+11  8.213351e+10  7.780550e+10  7.672489e+10
3.087357e+01  1.896640e+11  0.000000e+00  0.000000e+00  1.705757e+12  0.000000e+00  0.000000e+00  2.774462e+11  1.390049e+11  1.133774e+11  1.051706e+11
3.117117e+01  1.886763e+11  0.000000e+00  0.000000e+00  1.696874e+12  0.000000e+00  0.000000e+00  9.411155e+10  6.708403e+10  6.350097e+10  6.266567e+10
3.147164e+01  1.876983e+11  0.000000e+00  0.000000e+00  1.688078e+12  0.000000e+00  0.000000e+00  1.000253e+11  6.663618e+10  6.158886e+10  6.021639e+10
3.177505e+01  1.866922e+11  0.000000e+00  0.000000e+00  1.679030e+12  0.000000e+00  0.000000e+00  7.964048e+10  5.636039e+10  5.320280e+10  5.243217e+10
3.208143e+01  1.856555e+11  0.000000e+00  0.000000e+00  1.669706e+12  0.000000e+00  0.000000e+00  7.701293e+10  5.312232e+10  4.969266e+10  4.879494e+10
3.239075e+01  1.846296e+11  0.000000e+00  0.000000e+00  1.660480e+12  0.000000e+00  0.000000e+00  1.759124e+11  8.790835e+10  7.163625e+10  6.639748e+10
3.270306e+01  1.836142e+11  0.000000e+00  0.000000e+00  1.651348e+12  0.000000e+00  0.000000e+00  6.262353e+10  4.363282e+10  4.090490e+10  4.018764e+10
3.301839e+01  1.825972e+11  0.000000e+00  0.000000e+00  1.642201e+12  0.000000e+00  0.000000e+00  6.117991e+10  4.138021e+10  3.835807e+10  3.751629e+10
3.333675e+01  1.815573e+11  0.000000e+00  0.000000e+00  1.632849e+12  0.000000e+00  0.000000e+00  8.838880e+10  5.097776e+10  4.383396e+10  4.150773e+10
3.365818e+01  1.804955e+11  0.000000e+00  0.000000e+00  1.623299e+12  0.000000e+00  0.000000e+00  2.138539e+11  9.388051e+10  7.119778e+10  6.371430e+10
3.398271e+01  1.794417e+11  0.000000e+00  0.000000e+00  1.613822e+12  0.000000e+00  0.000000e+00  2.117212e+11  9.409694e+10  7.094105e+10  6.321665e+10
3.431037e+01  1.784020e+11  0.000000e+00  0.000000e+00  1.604472e+12  0.000000e+00  0.000000e+00  7.908822e+10  4.309100e+10  3.620148e+10  3.394795e+10
3.464119e+01  1.773557e+11  0.000000e+00  0.000000e+00  1.595061e+12  0.000000e+00  0.000000e+00  5.995005e+10  3.485912e+10  3.029550e+10  2.881980e+10
3.497520e+01  1.762833e+11  0.000000e+00  0.000000e+00  1.585417e+12  0.000000e+00  0.000000e+00  2.142876e+11  1.723517e+11  1.681757e+11  1.667925e+11
3.531243e+01  1.751991e+11  0.000000e+00  0.000000e+00  1.575666e+12  0.000000e+00  0.000000e+00  1.884690e+11  1.475382e+11  1.448600e+11  1.442354e+11
3.565291e+01  1.741285e+11  0.000000e+00  0.000000e+00  1.566037e+12  0.000000e+00  0.000000e+00  9.990412e+10  1.082433e+11  1.146299e+11  1.169672e+11
3.599667e+01  1.730653e+11  0.000000e+00  0.000000e+00  1.556475e+12  0.000000e+00  0.000000e+00  2.472685e+11  1.597951e+11  1.456131e+11  1.408776e+11
3.634375e+01  1.719946e+11  0.000000e+00  0.000000e+00  1.546846e+12  0.000000e+00  0.000000e+00  8.595308e+11  4.528000e+11  3.488115e+11  3.115454e+11
3.669418e+01  1.708956e+11  0.000000e+00  0.000000e+00  1.536962e+12  0.000000e+00  0.000000e+00  7.181612e+10  8.087203e+10  8.549552e+10  8.703950e+10
3.704798e+01  1.697995e+11  0.000000e+00  0.000000e+00  1.527104e+12  0.000000e+00  0.000000e+00  9.770114e+10  8.735172e+10  8.702368e+10  8.683326e+10
3.740520e+01  1.687089e+11  0.000000e+00  0.000000e+00  1.517296e+12  0.000000e+00  0.000000e+00  5.157930e+10  6.322449e+10  6.758181e+10  6.901479e+10
3.776582e+01  1.676313e+11  0.000000e+00  0.000000e+00  1.507604e+12  0.000000e+00  0.000000e+00  4.832974e+10  5.759206e+10  6.112716e+10  6.226473e+10
3.812988e+01  1.665389e+11  0.000000e+00  0.000000e+00  1.497780e+12  0.000000e+00  0.000000e+00  4.721687e+10  5.315607e+10  5.572285e+10  5.652096e+10
3.849745e+01  1.654234e+11  0.000000e+00  0.000000e+00  1.487747e+12  0.000000e+00  0.000000e+00  4.616876e+10  4.950099e+10  5.119668e+10  5.167943e+10
3.886856e+01  1.643137e+11  0.000000e+00  0.000000e+00  1.477767e+12  0.000000e+00  0.000000e+00  5.926709e+10  5.167819e+10  5.085537e+10  5.046518e+10
3.924326e+01  1.632142e+11  0.000000e+00  0.000000e+00  1.467879e+12  0.000000e+00  0.000000e+00  6.086844e+10  4.822673e+10  4.651163e+10  4.585875e+10
3.962156e+01  1.621247e+11  0.000000e+00  0.000000e+00  1.458080e+12  0.000000e+00  0.000000e+00  5.268792e+10  4.283554e+10  4.141266e+10  4.083348e+10
4.000351e+01  1.610171e+11  0.000000e+00  0.000000e+00  1.448119e+12  0.000000e+00  0.000000e+00  4.101565e+10  3.652913e+10  3.580899e+10  3.542716e+10
4.038914e+01  1.598895e+11  0.000000e+00  0.000000e+00  1.437978e+12  0.000000e+00  0.000000e+00  4.297420e+10  3.519135e+10  3.342734e+10  3.271793e+10
4.077849e+01  1.587719e+11  0.000000e+00  0.000000e+00  1.427926e+12  0.000000e+00  0.000000e+00  3.799869e+12  1.360140e+12  9.097584e+11  7.604245e+11
4.117159e+01  1.576669e+11  0.000000e+00  0.000000e+00  1.417989e+12  0.000000e+00  0.000000e+00  6.552605e+10  4.293483e+10  3.774227e+10  3.576999e+10
4.156849e+01  1.565659e+11  0.000000e+00  0.000000e+00  1.408087e+12  0.000000e+00  0.000000e+00  5.782540e+10  3.982163e+10  3.516602e+10  3.331341e+10
4.196921e+01  1.554482e+11  0.000000e+00  0.000000e+00  1.398035e+12  0.000000e+00  0.000000e+00  3.721942e+10  2.840728e+10  2.634902e+10  2.548682e+10
4.237379e+01  1.543194e+11  0.000000e+00  0.000000e+00  1.387883e+12  0.000000e+00  0.000000e+00  4.297393e+10  2.868150e+10  2.563060e+10  2.448467e+10
4.278227e+01  1.532013e+11  0.000000e+00  0.000000e+00  1.377827e+12  0.000000e+00  0.000000e+00  3.011633e+10  2.257880e+10  2.081188e+10  2.011505e+10
4.319469e+01  1.520937e+11  0.000000e+00  0.000000e+00  1.367866e+12  0.000000e+00  0.000000e+00  2.750234e+10  2.037274e+10  1.869227e+10  1.804153e+10
4.361108e+01  1.509863e+11  0.000000e+00  0.000000e+00  1.357906e+12  0.000000e+00  0.000000e+00  2.618751e+10  1.882642e+10  1.710709e+10  1.645978e+10
4.403149e+01  1.498653e+11  0.000000e+00  0.000000e+00  1.347824e+12  0.000000e+00  0.000000e+00  2.478190e+10  1.738754e+10  1.566501e+10  1.503075e+10
4.445595e+01  1.487406e+11  0.000000e+00  0.000000e+00  1.337710e+12  0.000000e+00  0.000000e+00  2.738692e+10  1.752564e+10  1.532860e+10  1.454625e+10
4.488309e+01  1.476276e+11  0.000000e+00  0.000000e+00  1.327699e+12  0.000000e+00  0.000000e+00  4.159073e+10  2.763094e+10  2.312030e+10  2.134572e+10
4.531291e+01  1.465308e+11  0.000000e+00  0.000000e+00  1.317836e+12  0.000000e+00  0.000000e+00  2.228902e+10  1.348552e+10  1.158054e+10  1.093755e+10
4.574685e+01  1.454306e+11  0.000000e+00  0.000000e+00  1.307941e+12  0.000000e+00  0.000000e+00  1.916708e+10  1.170681e+10  1.008405e+10  9.544738e+09
4.618494e+01  1.443187e+11  0.000000e+00  0.000000e+00  1.297941e+12  0.000000e+00  0.000000e+00  5.049777e+10  2.277391e+10  1.720274e+10  1.534594e+10
4.662723e+01  1.432082e+11  0.000000e+00  0.000000e+00  1.287954e+12  0.000000e+00  0.000000e+00  2.261296e+10  1.202739e+10  9.805780e+09  9.070853e+09
4.707375e+01  1.421073e+11  0.000000e+00  0.000000e+00  1.278053e+12  0.000000e+00  0.000000e+00  2.132954e+10  1.081250e+10  8.657757e+09  7.952172e+09
4.752455e+01  1.410169e+11  0.000000e+00  0.000000e+00  1.268246e+12  0.000000e+00  0.000000e+00  7.585958e+10  3.136021e+10  2.222150e+10  1.910766e+10
4.797967e+01  1.399228e+11  0.000000e+00  0.000000e+00  1.258405e+12  0.000000e+00  0.000000e+00  2.563528e+10  1.306980e+10  1.008357e+10  9.040079e+09
4.843914e+01  1.388173e+11  0.000000e+00  0.000000e+00  1.248464e+12  0.000000e+00  0.000000e+00  2.113530e+12  7.462184e+11  4.940850e+11  4.106350e+11
4.890302e+01  1.377183e+11  0.000000e+00  0.000000e+00  1.238579e+12  0.000000e+00  0.000000e+00  2.049801e+10  1.049669e+10  8.074240e+09  7.229932e+09
4.937134e+01  1.366292e+11  0.000000e+00  0.000000e+00  1.228785e+12  0.000000e+00  0.000000e+00  1.092926e+11  4.388207e+10  3.048454e+10  2.592993e+10
4.983811e+01  1.355643e+11  0.000000e+00  0.000000e+00  1.219208e+12  0.000000e+00  0.000000e+00  3.577102e+11  1.365139e+11  9.238079e+10  7.751541e+10
5.030327e+01  1.345071e+11  0.000000e+00  0.000000e+00  1.209699e+12  0.000000e+00  0.000000e+00  3.244471e+10  1.482627e+10  1.102403e+10  9.700562e+09
5.077277e+01  1.334412e+11  0.000000e+00  0.000000e+00  1.200113e+12  0.000000e+00  0.000000e+00  1.788621e+10  8.465382e+09  6.325236e+09  5.593432e+09
5.124665e+01  1.323844e+11  0.000000e+00  0.000000e+00  1.190609e+12  0.000000e+00  0.000000e+00  1.794998e+12  6.335752e+11  4.192724e+11  3.482160e+11
5.172495e+01  1.313383e+11  0.000000e+00  0.000000e+00  1.181201e+12  0.000000e+00  0.000000e+00  1.907205e+10  8.587557e+09  6.195211e+09  5.377973e+09
5.220772e+01  1.302998e+11  0.000000e+00  0.000000e+00  1.171861e+12  0.000000e+00  0.000000e+00  1.270621e+12  4.498442e+11  2.976962e+11  2.473779e+11
5.260930e+01  1.294375e+11  0.000000e+00  0.000000e+00  1.164106e+12  0.000000e+00  0.000000e+00  1.817311e+10  7.846964e+09  5.601637e+09  4.827760e+09
5.292843e+01  1.287532e+11  0.000000e+00  0.000000e+00  1.157951e+12  0.000000e+00  0.000000e+00  1.129302e+12  4.003742e+11  2.650537e+11  2.202428e+11
5.330826e+01  1.279516e+11  0.000000e+00  0.000000e+00  1.150742e+12  0.000000e+00  0.000000e+00  7.025830e+11  2.503821e+11  1.658928e+11  1.378746e+11
5.374966e+01  1.270305e+11  0.000000e+00  0.000000e+00  1.142458e+12  0.000000e+00  0.000000e+00  1.511329e+12  5.398305e+11  3.577073e+11  2.972630e+11
5.419472e+01  1.261169e+11  0.000000e+00  0.000000e+00  1.134241e+12  0.000000e+00  0.000000e+00  1.214846e+12  4.413279e+11  2.933273e+11  2.440170e+11
5.468790e+01  1.251241e+11  0.000000e+00  0.000000e+00  1.125313e+12  0.000000e+00  0.000000e+00  7.742847e+10  6.971290e+10  6.490247e+10  6.239934e+10
5.523007e+01  1.240369e+11  0.000000e+00  0.000000e+00  1.115535e+12  0.000000e+00  0.000000e+00  6.938231e+10  6.224075e+10  5.782076e+10  5.553308e+10
5.577760e+01  1.229460e+11  0.000000e+00  0.000000e+00  1.105724e+12  0.000000e+00  0.000000e+00  6.437660e+10  5.752858e+10  5.331897e+10  5.114836e+10
5.633057e+01  1.218663e+11  0.000000e+00  0.000000e+00  1.096013e+12  0.000000e+00  0.000000e+00  5.781370e+10  5.152064e+10  4.767184e+10  4.569213e+10
5.688901e+01  1.207960e+11  0.000000e+00  0.000000e+00  1.086387e+12  0.000000e+00  0.000000e+00  5.372436e+10  4.766791e+10  4.399447e+10  4.211302e+10
5.745299e+01  1.197324e+11  0.000000e+00  0.000000e+00  1.076822e+12  0.000000e+00  0.000000e+00  4.820868e+10  4.265280e+10  3.930041e+10  3.758821e+10
5.802257e+01  1.186679e+11  0.000000e+00  0.000000e+00  1.067248e+12  0.000000e+00  0.000000e+00  4.389112e+10  3.868976e+10  3.557276e+10  3.398654e+10
5.859779e+01  1.176051e+11  0.000000e+00  0.000000e+00  1.057690e+12  0.000000e+00  0.000000e+00  4.008739e+10  3.519724e+10  3.228811e+10  3.081333e+10
5.917871e+01  1.165534e+11  0.000000e+00  0.000000e+00  1.048231e+12  0.000000e+00  0.000000e+00  3.625622e+10  3.171472e+10  2.903153e+10  2.767619e+10
5.976539e+01  1.155111e+11  0.000000e+00  0.000000e+00  1.038857e+12  0.000000e+00  0.000000e+00  3.293766e+10  2.869543e+10  2.620769e+10  2.495596e+10
6.035789e+01  1.144718e+11  0.000000e+00  0.000000e+00  1.029510e+12  0.000000e+00  0.000000e+00  3.103781e+10  2.689238e+10  2.448506e+10  2.327987e+10
6.095626e+01  1.134341e+11  0.000000e+00  0.000000e+00  1.020178e+12  0.000000e+00  0.000000e+00  2.702068e+10  2.334801e+10  2.122621e+10  2.016680e+10
6.156056e+01  1.124020e+11  0.000000e+00  0.000000e+00  1.010895e+12  0.000000e+00  0.000000e+00  5.542439e+10  4.864950e+10  4.465332e+10  4.263649e+10
6.217086e+01  1.113801e+11  0.000000e+00  0.000000e+00  1.001705e+12  0.000000e+00  0.000000e+00  2.303633e+10  1.970852e+10  1.782099e+10  1.688720e+10
6.278720e+01  1.103675e+11  0.000000e+00  0.000000e+00  9.925985e+11  0.000000e+00  0.000000e+00  2.027089e+10  1.729135e+10  1.560978e+10  1.478035e+10
6.340101e+01  1.093713e+11  0.000000e+00  0.000000e+00  9.836390e+11  0.000000e+00  0.000000e+00  1.839185e+10  1.559662e+10  1.403477e+10  1.326822e+10
6.401216e+01  1.083898e+11  0.000000e+00  0.000000e+00  9.748111e+11  0.000000e+00  0.000000e+00  4.975934e+10  4.328023e+10  3.953421e+10  3.766303e+10
6.462920e+01  1.074181e+11  0.000000e+00  0.000000e+00  9.660725e+11  0.000000e+00  0.000000e+00  1.526893e+10  1.282554e+10  1.148308e+10  1.082983e+10
6.525219e+01  1.064536e+11  0.000000e+00  0.000000e+00  9.573982e+11  0.000000e+00  0.000000e+00  1.573221e+10  1.334832e+10  1.203738e+10  1.139922e+10
6.588119e+01  1.054998e+11  0.000000e+00  0.000000e+00  9.488198e+11  0.000000e+00  0.000000e+00  1.337566e+10  1.110625e+10  9.883703e+09  9.294752e+09
6.651625e+01  1.045459e+11  0.000000e+00  0.000000e+00  9.402411e+11  0.000000e+00  0.000000e+00  1.464170e+10  1.225423e+10  1.095896e+10  1.033248e+10
6.715743e+01  1.035958e+11  0.000000e+00  0.000000e+00  9.316959e+11  0.000000e+00  0.000000e+00  1.542729e+10  1.288876e+10  1.153114e+10  1.087923e+10
6.780479e+01  1.026571e+11  0.000000e+00  0.000000e+00  9.232540e+11  0.000000e+00  0.000000e+00  2.413449e+10  1.991453e+10  1.765191e+10  1.656597e+10
6.845840e+01  1.017238e+11  0.000000e+00  0.000000e+00  9.148606e+11  0.000000e+00  0.000000e+00  1.066995e+10  8.677746e+09  7.641534e+09  7.150999e+09
6.911830e+01  1.008005e+11  0.000000e+00  0.000000e+00  9.065568e+11  0.000000e+00  0.000000e+00  7.163778e+09  5.804351e+09  5.103813e+09  4.773960e+09
6.978456e+01  9.987795e+10  0.000000e+00  0.000000e+00  8.982596e+11  0.000000e+00  0.000000e+00  6.129508e+09  4.950037e+09  4.348461e+09  4.066849e+09
7.045725e+01  9.896272e+10  0.000000e+00  0.000000e+00  8.900284e+11  0.000000e+00  0.000000e+00  6.768263e+09  5.430524e+09  4.753285e+09  4.437104e+09
7.113642e+01  9.805472e+10  0.000000e+00  0.000000e+00  8.818622e+11  0.000000e+00  0.000000e+00  1.100212e+10  8.973883e+09  7.916128e+09  7.415522e+09
7.182214e+01  9.715603e+10  0.000000e+00  0.000000e+00  8.737798e+11  0.000000e+00  0.000000e+00  5.763091e+09  4.638978e+09  4.074139e+09  3.811596e+09
7.251447e+01  9.626271e+10  0.000000e+00  0.000000e+00  8.657457e+11  0.000000e+00  0.000000e+00  4.158459e+09  3.255783e+09  2.818645e+09  2.619048e+09
7.321347e+01  9.537387e+10  0.000000e+00  0.000000e+00  8.577519e+11  0.000000e+00  0.000000e+00  3.625037e+09  2.850884e+09  2.475266e+09  2.303788e+09
7.391921e+01  9.449206e+10  0.000000e+00  0.000000e+00  8.498212e+11  0.000000e+00  0.000000e+00  6.135463e+09  4.920087e+09  4.315747e+09  4.035904e+09
7.463175e+01  9.361887e+10  0.000000e+00  0.000000e+00  8.419681e+11  0.000000e+00  0.000000e+00  4.254961e+09  3.307221e+09  2.854643e+09  2.649436e+09
7.535120e+01  9.275265e+10  0.000000e+00  0.000000e+00  8.341777e+11  0.000000e+00  0.000000e+00  3.586100e+09  2.743765e+09  2.350205e+09  2.173764e+09
7.607764e+01  9.189308e+10  0.000000e+00  0.000000e+00  8.264471e+11  0.000000e+00  0.000000e+00  3.417177e+09  2.596721e+09  2.217656e+09  2.048635e+09
7.681109e+01  9.103714e+10  0.000000e+00  0.000000e+00  8.187492e+11  0.000000e+00  0.000000e+00  5.227811e+09  4.061496e+09  3.504664e+09  3.252212e+09
7.755160e+01  9.018948e+10  0.000000e+00  0.000000e+00  8.111257e+11  0.000000e+00  0.000000e+00  3.193818e+09  2.432517e+09  2.085053e+09  1.931011e+09
7.829925e+01  8.934972e+10  0.000000e+00  0.000000e+00  8.035732e+11  0.000000e+00  0.000000e+00  4.730504e+09  3.679579e+09  3.187024e+09  2.965305e+09
7.905411e+01  8.851686e+10  0.000000e+00  0.000000e+00  7.960829e+11  0.000000e+00  0.000000e+00  3.566439e+09  2.744029e+09  2.366498e+09  2.198424e+09
7.981625e+01  8.769148e+10  0.000000e+00  0.000000e+00  7.886597e+11  0.000000e+00  0.000000e+00  2.367040e+09  1.775021e+09  1.514100e+09  1.400511e+09
8.058574e+01  8.686907e+10  0.000000e+00  0.000000e+00  7.812633e+11  0.000000e+00  0.000000e+00  3.671060e+09  2.835981e+09  2.453010e+09  2.282477e+09
8.136264e+01  8.605493e+10  0.000000e+00  0.000000e+00  7.739413e+11  0.000000e+00  0.000000e+00  1.701910e+09  1.246792e+09  1.054089e+09  9.720969e+08
8.214704e+01  8.524965e+10  0.000000e+00  0.000000e+00  7.666989e+11  0.000000e+00  0.000000e+00  3.065782e+09  2.353315e+09  2.032380e+09  1.890753e+09
8.293899e+01  8.445024e+10  0.000000e+00  0.000000e+00  7.595094e+11  0.000000e+00  0.000000e+00  1.243107e+09  8.964148e+08  7.553195e+08  6.966902e+08
8.373858e+01  8.365729e+10  0.000000e+00  0.000000e+00  7.523780e+11  0.000000e+00  0.000000e+00  7.639672e+09  6.000213e+09  5.242082e+09  4.901469e+09
8.454588e+01  8.287028e+10  0.000000e+00  0.000000e+00  7.452998e+11  0.000000e+00  0.000000e+00  2.800974e+09  2.149224e+09  1.859021e+09  1.731580e+09
8.536096e+01  8.208998e+10  0.000000e+00  0.000000e+00  7.382822e+11  0.000000e+00  0.000000e+00  7.643043e+09  5.950912e+09  5.185071e+09  4.843952e+09
8.618391e+01  8.131782e+10  0.000000e+00  0.000000e+00  7.313377e+11  0.000000e+00  0.000000e+00  1.793992e+09  1.341495e+09  1.149846e+09  1.068004e+09
8.701478e+01  8.055293e+10  0.000000e+00  0.000000e+00  7.244587e+11  0.000000e+00  0.000000e+00  9.381008e+08  6.711357e+08  5.675595e+08  5.257825e+08
8.785366e+01  7.979211e+10  0.000000e+00  0.000000e+00  7.176161e+11  0.000000e+00  0.000000e+00  2.835028e+09  2.152315e+09  1.854028e+09  1.724106e+09
8.870064e+01  7.903874e+10  0.000000e+00  0.000000e+00  7.108406e+11  0.000000e+00  0.000000e+00  3.068949e+09  2.328695e+09  2.005294e+09  1.864309e+09
8.955575e+01  7.829254e+10  0.000000e+00  0.000000e+00  7.041296e+11  0.000000e+00  0.000000e+00  2.821568e+09  2.131846e+09  1.833539e+09  1.704144e+09
9.041909e+01  7.755282e+10  0.000000e+00  0.000000e+00  6.974770e+11  0.000000e+00  0.000000e+00  2.364212e+09  1.742726e+09  1.481780e+09  1.370366e+09
9.129076e+01  7.682032e+10  0.000000e+00  0.000000e+00  6.908891e+11  0.000000e+00  0.000000e+00  9.802816e+09  6.863429e+09  5.664854e+09  5.155289e+09
9.217082e+01  7.609311e+10  0.000000e+00  0.000000e+00  6.843489e+11  0.000000e+00  0.000000e+00  9.652059e+09  7.042352e+09  5.922976e+09  5.437650e+09
9.305937e+01  7.537243e+10  0.000000e+00  0.000000e+00  6.778674e+11  0.000000e+00  0.000000e+00  9.475786e+09  6.608890e+09  5.447640e+09  4.955450e+09
9.395649e+01  7.465923e+10  0.000000e+00  0.000000e+00  6.714532e+11  0.000000e+00  0.000000e+00  1.703313e+09  1.239887e+09  1.053089e+09  9.750135e+08
9.486225e+01  7.395213e+10  0.000000e+00  0.000000e+00  6.650939e+11  0.000000e+00  0.000000e+00  5.245473e+09  3.837590e+09  3.241034e+09  2.983642e+09
9.577675e+01  7.325098e+10  0.000000e+00  0.000000e+00  6.587880e+11  0.000000e+00  0.000000e+00  1.196595e+09  8.530681e+08  7.211137e+08  6.673733e+08
9.670006e+01  7.255606e+10  0.000000e+00  0.000000e+00  6.525382e+11  0.000000e+00  0.000000e+00  6.106555e+10  4.114796e+10  3.340052e+10  3.015511e+10
9.763228e+01  7.186791e+10  0.000000e+00  0.000000e+00  6.463493e+11  0.000000e+00  0.000000e+00  1.473510e+09  1.030843e+09  8.671068e+08  8.014644e+08
9.857348e+01  7.118599e+10  0.000000e+00  0.000000e+00  6.402164e+11  0.000000e+00  0.000000e+00  1.279077e+09  8.883046e+08  7.468320e+08  6.910703e+08
9.952375e+01  7.051020e+10  0.000000e+00  0.000000e+00  6.341386e+11  0.000000e+00  0.000000e+00  1.183092e+09  8.124832e+08  6.806083e+08  6.291392e+08
1.004832e+02  6.984094e+10  0.000000e+00  0.000000e+00  6.281196e+11  0.000000e+00  0.000000e+00  9.774264e+08  6.679181e+08  5.604430e+08  5.192652e+08
1.014519e+02  6.917697e+10  0.000000e+00  0.000000e+00  6.221481e+11  0.000000e+00  0.000000e+00  2.710006e+09  1.904055e+09  1.590846e+09  1.460830e+09
1.024299e+02  6.851984e+10  0.000000e+00  0.000000e+00  6.162382e+11  0.000000e+00  0.000000e+00  6.733116e+09  4.673444e+09  3.865165e+09  3.525918e+09
1.034173e+02  6.786841e+10  0.000000e+00  0.000000e+00  6.103795e+11  0.000000e+00  0.000000e+00  2.365180e+10  1.544206e+10  1.240809e+10  1.115901e+10
1.044143e+02  6.722349e+10  0.000000e+00  0.000000e+00  6.045794e+11  0.000000e+00  0.000000e+00  6.651267e+08  4.404084e+08  3.682652e+08  3.421428e+08
1.054209e+02  6.658411e+10  0.000000e+00  0.000000e+00  5.988291e+11  0.000000e+00  0.000000e+00  7.112566e+08  4.721872e+08  3.945052e+08  3.660958e+08
1.064372e+02  6.595046e+10  0.000000e+00  0.000000e+00  5.931303e+11  0.000000e+00  0.000000e+00  3.050580e+09  2.107760e+09  1.748550e+09  1.599921e+09
1.074632e+02  6.532341e+10  0.000000e+00  0.000000e+00  5.874908e+11  0.000000e+00  0.000000e+00  8.935316e+08  6.006741e+08  5.013364e+08  4.635625e+08
1.084991e+02  6.470151e+10  0.000000e+00  0.000000e+00  5.818978e+11  0.000000e+00  0.000000e+00  5.509812e+09  3.719666e+09  3.048489e+09  2.771010e+09
1.095450e+02  6.408599e+10  0.000000e+00  0.000000e+00  5.763620e+11  0.000000e+00  0.000000e+00  4.441381e+08  2.870988e+08  2.423599e+08  2.279335e+08
1.106010e+02  6.347606e+10  0.000000e+00  0.000000e+00  5.708765e+11  0.000000e+00  0.000000e+00  5.617137e+08  3.584846e+08  2.981229e+08  2.774493e+08
1.116672e+02  6.287172e+10  0.000000e+00  0.000000e+00  5.654414e+11  0.000000e+00  0.000000e+00  2.540541e+09  1.708564e+09  1.405935e+09  1.282901e+09
1.127437e+02  6.227305e+10  0.000000e+00  0.000000e+00  5.600572e+11  0.000000e+00  0.000000e+00  1.410495e+09  9.321999e+08  7.673093e+08  7.026140e+08
1.138305e+02  6.167996e+10  0.000000e+00  0.000000e+00  5.547232e+11  0.000000e+00  0.000000e+00  1.248907e+09  9.143622e+08  7.869768e+08  7.347028e+08
1.149278e+02  6.109302e+10  0.000000e+00  0.000000e+00  5.494445e+11  0.000000e+00  0.000000e+00  1.163074e+09  8.389195e+08  7.181252e+08  6.691773e+08
1.160357e+02  6.051083e+10  0.000000e+00  0.000000e+00  5.442085e+11  0.000000e+00  0.000000e+00  2.299175e+09  1.608659e+09  1.346444e+09  1.237838e+09
1.171543e+02  5.993423e+10  0.000000e+00  0.000000e+00  5.390229e+11  0.000000e+00  0.000000e+00  6.902257e+08  4.871436e+08  4.182998e+08  3.922897e+08
1.182837e+02  5.936318e+10  0.000000e+00  0.000000e+00  5.338871e+11  0.000000e+00  0.000000e+00  2.190598e+09  1.507418e+09  1.253277e+09  1.148979e+09
1.194239e+02  5.879797e+10  0.000000e+00  0.000000e+00  5.288039e+11  0.000000e+00  0.000000e+00  1.924524e+09  1.319333e+09  1.096760e+09  1.005988e+09
1.205751e+02  5.823760e+10  0.000000e+00  0.000000e+00  5.237641e+11  0.000000e+00  0.000000e+00  1.159642e+10  6.978351e+09  5.458386e+09  4.856408e+09
1.217375e+02  5.768234e+10  0.000000e+00  0.000000e+00  5.187703e+11  0.000000e+00  0.000000e+00  1.270725e+09  8.520765e+08  7.062082e+08  6.486628e+08
1.229110e+02  5.713293e+10  0.000000e+00  0.000000e+00  5.138292e+11  0.000000e+00  0.000000e+00  6.027951e+09  3.934450e+09  3.182694e+09  2.875363e+09
1.240958e+02  5.658820e+10  0.000000e+00  0.000000e+00  5.089301e+11  0.000000e+00  0.000000e+00  1.091760e+10  6.907384e+09  5.507818e+09  4.940181e+09
1.252921e+02  5.604879e+10  0.000000e+00  0.000000e+00  5.040788e+11  0.000000e+00  0.000000e+00  6.528115e+09  4.167574e+09  3.343388e+09  3.009822e+09
1.264999e+02  5.551505e+10  0.000000e+00  0.000000e+00  4.992786e+11  0.000000e+00  0.000000e+00  6.148566e+09  4.027220e+09  3.268537e+09  2.958172e+09
1.277194e+02  5.498569e+10  0.000000e+00  0.000000e+00  4.945178e+11  0.000000e+00  0.000000e+00  6.936425e+09  4.466165e+09  3.597490e+09  3.243873e+09
1.289507e+02  5.446102e+10  0.000000e+00  0.000000e+00  4.897991e+11  0.000000e+00  0.000000e+00  3.433074e+10  2.082273e+10  1.630441e+10  1.449455e+10
1.301938e+02  5.394225e+10  0.000000e+00  0.000000e+00  4.851336e+11  0.000000e+00  0.000000e+00  2.765568e+09  1.755242e+09  1.413777e+09  1.278095e+09
1.314489e+02  5.342796e+10  0.000000e+00  0.000000e+00  4.805082e+11  0.000000e+00  0.000000e+00  2.218161e+09  1.394661e+09  1.121821e+09  1.014770e+09
1.327161e+02  5.291865e+10  0.000000e+00  0.000000e+00  4.759277e+11  0.000000e+00  0.000000e+00  2.272700e+09  1.427772e+09  1.147468e+09  1.037327e+09
1.339956e+02  5.241423e+10  0.000000e+00  0.000000e+00  4.713912e+11  0.000000e+00  0.000000e+00  1.911984e+09  1.191369e+09  9.563348e+08  8.649090e+08
1.352873e+02  5.191405e+10  0.000000e+00  0.000000e+00  4.668928e+11  0.000000e+00  0.000000e+00  1.555418e+09  9.601335e+08  7.701830e+08  6.972785e+08
1.365915e+02  5.141926e+10  0.000000e+00  0.000000e+00  4.624428e+11  0.000000e+00  0.000000e+00  1.137219e+10  6.716372e+09  5.216534e+09  4.624222e+09
1.379083e+02  5.092910e+10  0.000000e+00  0.000000e+00  4.580345e+11  0.000000e+00  0.000000e+00  6.518703e+09  4.692904e+09  3.901368e+09  3.555661e+09
1.392378e+02  5.044348e+10  0.000000e+00  0.000000e+00  4.536671e+11  0.000000e+00  0.000000e+00  6.737639e+09  4.696764e+09  3.855615e+09  3.495191e+09
1.405801e+02  4.996234e+10  0.000000e+00  0.000000e+00  4.493399e+11  0.000000e+00  0.000000e+00  4.719752e+09  3.281681e+09  2.692739e+09  2.441651e+09
1.419353e+02  4.948617e+10  0.000000e+00  0.000000e+00  4.450574e+11  0.000000e+00  0.000000e+00  3.134478e+09  2.199896e+09  1.818322e+09  1.656331e+09
1.433036e+02  4.901377e+10  0.000000e+00  0.000000e+00  4.408089e+11  0.000000e+00  0.000000e+00  1.094696e+10  7.161923e+09  5.731499e+09  5.137970e+09
1.446851e+02  4.854667e+10  0.000000e+00  0.000000e+00  4.366080e+11  0.000000e+00  0.000000e+00  7.869908e+09  5.125017e+09  4.096491e+09  3.671486e+09
1.460799e+02  4.808421e+10  0.000000e+00  0.000000e+00  4.324488e+11  0.000000e+00  0.000000e+00  1.537837e+09  1.043300e+09  8.556207e+08  7.790109e+08
1.474882e+02  4.762481e+10  0.000000e+00  0.000000e+00  4.283172e+11  0.000000e+00  0.000000e+00  3.476212e+09  2.252687e+09  1.802745e+09  1.619139e+09
1.489100e+02  4.717142e+10  0.000000e+00  0.000000e+00  4.242396e+11  0.000000e+00  0.000000e+00  1.641306e+09  1.071609e+09  8.655074e+08  7.828986e+08
1.503456e+02  4.672119e+10  0.000000e+00  0.000000e+00  4.201904e+11  0.000000e+00  0.000000e+00  2.449169e+09  1.777588e+09  1.494755e+09  1.373257e+09
1.517949e+02  4.627556e+10  0.000000e+00  0.000000e+00  4.161826e+11  0.000000e+00  0.000000e+00  1.638807e+10  1.054498e+10  8.375951e+09  7.481570e+09
1.532583e+02  4.583462e+10  0.000000e+00  0.000000e+00  4.122170e+11  0.000000e+00  0.000000e+00  1.478092e+09  1.041915e+09  8.692750e+08  7.975079e+08
1.547358e+02  4.539694e+10  0.000000e+00  0.000000e+00  4.082806e+11  0.000000e+00  0.000000e+00  2.440703e+09  1.610148e+09  1.301887e+09  1.176055e+09
1.562275e+02  4.496471e+10  0.000000e+00  0.000000e+00  4.043934e+11  0.000000e+00  0.000000e+00  1.637551e+09  1.079312e+09  8.755710e+08  7.934743e+08
1.577336e+02  4.453516e+10  0.000000e+00  0.000000e+00  4.005302e+11  0.000000e+00  0.000000e+00  8.607114e+09  5.605263e+09  4.478663e+09  4.013020e+09
1.592542e+02  4.411087e+10  0.000000e+00  0.000000e+00  3.967143e+11  0.000000e+00  0.000000e+00  7.997025e+09  5.167766e+09  4.115782e+09  3.682743e+09
1.607895e+02  4.369040e+10  0.000000e+00  0.000000e+00  3.929328e+11  0.000000e+00  0.000000e+00  6.177714e+09  3.980578e+09  3.168230e+09  2.835029e+09
1.623395e+02  4.327331e+10  0.000000e+00  0.000000e+00  3.891817e+11  0.000000e+00  0.000000e+00  7.230331e+09  4.608868e+09  3.648788e+09  3.256317e+09
1.639045e+02  4.286078e+10  0.000000e+00  0.000000e+00  3.854715e+11  0.000000e+00  0.000000e+00  1.878907e+10  1.172331e+10  9.187008e+09  8.155832e+09
1.654846e+02  4.245229e+10  0.000000e+00  0.000000e+00  3.817978e+11  0.000000e+00  0.000000e+00  4.396282e+09  2.771328e+09  2.187716e+09  1.951751e+09
1.670800e+02  4.204698e+10  0.000000e+00  0.000000e+00  3.781525e+11  0.000000e+00  0.000000e+00  3.841896e+09  2.389511e+09  1.879208e+09  1.674989e+09
1.686907e+02  4.164634e+10  0.000000e+00  0.000000e+00  3.745494e+11  0.000000e+00  0.000000e+00  4.859396e+09  3.007999e+09  2.357070e+09  2.096122e+09
1.703169e+02  4.124913e+10  0.000000e+00  0.000000e+00  3.709771e+11  0.000000e+00  0.000000e+00  9.635794e+09  6.446245e+09  5.277038e+09  4.796425e+09
1.719588e+02  4.085569e+10  0.000000e+00  0.000000e+00  3.674386e+11  0.000000e+00  0.000000e+00  2.047285e+10  1.304204e+10  1.038097e+10  9.298966e+09
1.736166e+02  4.046593e+10  0.000000e+00  0.000000e+00  3.639333e+11  0.000000e+00  0.000000e+00  6.977384e+09  4.183271e+09  3.231898e+09  2.854543e+09
1.752903e+02  4.008014e+10  0.000000e+00  0.000000e+00  3.604636e+11  0.000000e+00  0.000000e+00  4.992264e+09  2.963961e+09  2.284661e+09  2.017491e+09
1.769802e+02  3.969754e+10  0.000000e+00  0.000000e+00  3.570227e+11  0.000000e+00  0.000000e+00  3.579572e+09  2.106630e+09  1.621727e+09  1.432758e+09
1.786863e+02  3.931935e+10  0.000000e+00  0.000000e+00  3.536214e+11  0.000000e+00  0.000000e+00  4.855935e+09  2.864784e+09  2.203460e+09  1.944281e+09
1.804090e+02  3.894432e+10  0.000000e+00  0.000000e+00  3.502486e+11  0.000000e+00  0.000000e+00  4.307080e+09  2.524470e+09  1.938322e+09  1.709692e+09
1.821482e+02  3.857264e+10  0.000000e+00  0.000000e+00  3.469058e+11  0.000000e+00  0.000000e+00  4.678726e+09  2.671180e+09  2.032445e+09  1.785975e+09
1.839042e+02  3.820522e+10  0.000000e+00  0.000000e+00  3.436014e+11  0.000000e+00  0.000000e+00  2.228959e+09  1.287634e+09  9.889781e+08  8.749540e+08
1.856771e+02  3.784036e+10  0.000000e+00  0.000000e+00  3.403201e+11  0.000000e+00  0.000000e+00  1.627913e+09  9.367165e+08  7.216085e+08  6.405732e+08
1.874671e+02  3.747994e+10  0.000000e+00  0.000000e+00  3.370786e+11  0.000000e+00  0.000000e+00  4.287607e+09  3.107485e+09  2.635408e+09  2.435172e+09
1.892744e+02  3.712231e+10  0.000000e+00  0.000000e+00  3.338622e+11  0.000000e+00  0.000000e+00  3.181735e+09  2.257967e+09  1.899340e+09  1.749468e+09
1.910991e+02  3.676802e+10  0.000000e+00  0.000000e+00  3.306758e+11  0.000000e+00  0.000000e+00  2.268716e+09  1.588120e+09  1.329831e+09  1.223391e+09
1.929414e+02  3.641760e+10  0.000000e+00  0.000000e+00  3.275243e+11  0.000000e+00  0.000000e+00  2.887867e+09  1.805509e+09  1.444121e+09  1.301850e+09
1.948014e+02  3.607038e+10  0.000000e+00  0.000000e+00  3.244016e+11  0.000000e+00  0.000000e+00  1.230358e+09  8.303304e+08  6.885179e+08  6.324650e+08
1.966794e+02  3.572605e+10  0.000000e+00  0.000000e+00  3.213048e+11  0.000000e+00  0.000000e+00  9.276497e+08  6.142779e+08  5.074664e+08  4.663591e+08
1.985755e+02  3.538566e+10  0.000000e+00  0.000000e+00  3.182435e+11  0.000000e+00  0.000000e+00  7.187507e+08  4.677063e+08  3.856776e+08  3.550865e+08
2.004899e+02  3.504802e+10  0.000000e+00  0.000000e+00  3.152070e+11  0.000000e+00  0.000000e+00  5.752679e+08  3.684630e+08  3.037616e+08  2.804686e+08
2.024227e+02  3.471364e+10  0.000000e+00  0.000000e+00  3.121997e+11  0.000000e+00  0.000000e+00  4.776054e+08  3.017874e+08  2.490717e+08  2.307720e+08
2.043741e+02  3.438272e+10  0.000000e+00  0.000000e+00  3.092235e+11  0.000000e+00  0.000000e+00  1.403666e+09  1.029123e+09  8.872028e+08  8.287725e+08
2.063444e+02  3.405492e+10  0.000000e+00  0.000000e+00  3.062754e+11  0.000000e+00  0.000000e+00  1.817731e+09  1.292824e+09  1.079445e+09  9.905854e+08
2.083337e+02  3.372993e+10  0.000000e+00  0.000000e+00  3.033526e+11  0.000000e+00  0.000000e+00  1.285638e+09  8.953431e+08  7.435354e+08  6.817880e+08
2.103421e+02  3.340845e+10  0.000000e+00  0.000000e+00  3.004613e+11  0.000000e+00  0.000000e+00  9.835791e+08  6.669719e+08  5.499318e+08  5.036148e+08
2.123699e+02  3.308971e+10  0.000000e+00  0.000000e+00  2.975947e+11  0.000000e+00  0.000000e+00  1.355344e+09  8.483075e+08  6.742080e+08  6.066783e+08
2.144171e+02  3.277413e+10  0.000000e+00  0.000000e+00  2.947565e+11  0.000000e+00  0.000000e+00  5.468515e+08  3.591919e+08  2.963683e+08  2.732047e+08
2.164841e+02  3.246162e+10  0.000000e+00  0.000000e+00  2.919460e+11  0.000000e+00  0.000000e+00  4.419123e+08  2.861705e+08  2.365991e+08  2.190596e+08
2.185710e+02  3.215190e+10  0.000000e+00  0.000000e+00  2.891605e+11  0.000000e+00  0.000000e+00  1.987424e+09  1.116736e+09  8.491408e+08  7.486429e+08
2.206781e+02  3.184537e+10  0.000000e+00  0.000000e+00  2.864037e+11  0.000000e+00  0.000000e+00  1.788144e+09  1.000912e+09  7.607502e+08  6.710258e+08
2.228054e+02  3.154174e+10  0.000000e+00  0.000000e+00  2.836730e+11  0.000000e+00  0.000000e+00  1.079945e+09  6.034968e+08  4.627645e+08  4.114905e+08
2.249533e+02  3.124075e+10  0.000000e+00  0.000000e+00  2.809660e+11  0.000000e+00  0.000000e+00  1.816147e+09  1.179561e+09  9.489018e+08  8.567654e+08
2.271218e+02  3.094299e+10  0.000000e+00  0.000000e+00  2.782880e+11  0.000000e+00  0.000000e+00  1.252037e+09  8.003914e+08  6.424222e+08  5.806588e+08
2.293113e+02  3.064777e+10  0.000000e+00  0.000000e+00  2.756330e+11  0.000000e+00  0.000000e+00  9.380788e+08  5.882572e+08  4.707282e+08  4.259213e+08
2.315219e+02  3.035567e+10  0.000000e+00  0.000000e+00  2.730059e+11  0.000000e+00  0.000000e+00  6.439523e+08  4.017531e+08  3.236305e+08  2.948387e+08
2.337537e+02  3.006601e+10  0.000000e+00  0.000000e+00  2.704008e+11  0.000000e+00  0.000000e+00  9.297588e+08  6.136042e+08  4.969447e+08  4.510945e+08
2.360071e+02  2.977954e+10  0.000000e+00  0.000000e+00  2.678244e+11  0.000000e+00  0.000000e+00  1.046487e+09  6.548837e+08  5.190549e+08  4.667035e+08
2.382823e+02  2.949542e+10  0.000000e+00  0.000000e+00  2.652692e+11  0.000000e+00  0.000000e+00  1.721251e+09  1.097365e+09  8.642112e+08  7.714688e+08
2.405793e+02  2.921416e+10  0.000000e+00  0.000000e+00  2.627397e+11  0.000000e+00  0.000000e+00  1.136279e+09  7.183561e+08  5.669675e+08  5.078817e+08
2.428985e+02  2.893553e+10  0.000000e+00  0.000000e+00  2.602338e+11  0.000000e+00  0.000000e+00  8.314181e+08  5.207902e+08  4.124822e+08  3.711685e+08
2.452401e+02  2.865966e+10  0.000000e+00  0.000000e+00  2.577527e+11  0.000000e+00  0.000000e+00  6.826674e+08  4.294981e+08  3.435511e+08  3.112321e+08
2.476042e+02  2.838632e+10  0.000000e+00  0.000000e+00  2.552944e+11  0.000000e+00  0.000000e+00  4.969268e+09  3.842825e+09  3.277465e+09  3.021246e+09
2.499911e+02  2.811548e+10  0.000000e+00  0.000000e+00  2.528586e+11  0.000000e+00  0.000000e+00  3.300578e+09  2.455218e+09  2.063623e+09  1.891358e+09
2.524011e+02  2.784743e+10  0.000000e+00  0.000000e+00  2.504479e+11  0.000000e+00  0.000000e+00  1.077682e+10  8.382731e+09  7.155363e+09  6.594821e+09
2.548343e+02  2.758207e+10  0.000000e+00  0.000000e+00  2.480613e+11  0.000000e+00  0.000000e+00  9.786327e+09  7.600453e+09  6.483896e+09  5.974382e+09
2.572911e+02  2.731871e+10  0.000000e+00  0.000000e+00  2.456928e+11  0.000000e+00  0.000000e+00  9.361775e+08  6.349861e+08  5.188583e+08  4.720942e+08
2.597715e+02  2.705833e+10  0.000000e+00  0.000000e+00  2.433511e+11  0.000000e+00  0.000000e+00  6.502145e+08  4.311220e+08  3.514694e+08  3.205914e+08
2.622758e+02  2.680021e+10  0.000000e+00  0.000000e+00  2.410296e+11  0.000000e+00  0.000000e+00  1.525288e+09  1.016049e+09  8.121857e+08  7.292363e+08
2.648042e+02  2.654461e+10  0.000000e+00  0.000000e+00  2.387309e+11  0.000000e+00  0.000000e+00  2.216200e+09  1.504845e+09  1.207177e+09  1.083651e+09
2.673571e+02  2.629150e+10  0.000000e+00  0.000000e+00  2.364546e+11  0.000000e+00  0.000000e+00  1.645472e+09  1.096725e+09  8.754023e+08  7.850317e+08
2.699345e+02  2.604054e+10  0.000000e+00  0.000000e+00  2.341975e+11  0.000000e+00  0.000000e+00  1.356062e+09  8.824004e+08  6.992683e+08  6.258353e+08
2.725368e+02  2.579226e+10  0.000000e+00  0.000000e+00  2.319646e+11  0.000000e+00  0.000000e+00  7.469755e+08  4.878204e+08  3.904703e+08  3.523895e+08
2.751642e+02  2.554662e+10  0.000000e+00  0.000000e+00  2.297554e+11  0.000000e+00  0.000000e+00  5.640757e+08  3.644351e+08  2.925129e+08  2.651219e+08
2.778169e+02  2.530270e+10  0.000000e+00  0.000000e+00  2.275617e+11  0.000000e+00  0.000000e+00  4.462365e+08  2.862472e+08  2.308665e+08  2.103595e+08
2.804952e+02  2.506132e+10  0.000000e+00  0.000000e+00  2.253908e+11  0.000000e+00  0.000000e+00  1.143307e+09  8.563635e+08  7.268851e+08  6.702262e+08
2.831993e+02  2.482244e+10  0.000000e+00  0.000000e+00  2.232424e+11  0.000000e+00  0.000000e+00  7.600235e+08  5.433159e+08  4.542354e+08  4.172070e+08
2.859295e+02  2.458573e+10  0.000000e+00  0.000000e+00  2.211135e+11  0.000000e+00  0.000000e+00  5.071538e+08  3.519538e+08  2.928419e+08  2.694705e+08
2.886859e+02  2.435115e+10  0.000000e+00  0.000000e+00  2.190038e+11  0.000000e+00  0.000000e+00  3.552337e+08  2.418496e+08  2.016028e+08  1.865597e+08
2.914690e+02  2.411892e+10  0.000000e+00  0.000000e+00  2.169153e+11  0.000000e+00  0.000000e+00  7.565035e+08  4.859983e+08  3.865627e+08  3.478216e+08
2.942789e+02  2.388900e+10  0.000000e+00  0.000000e+00  2.148475e+11  0.000000e+00  0.000000e+00  5.239900e+08  3.348888e+08  2.681340e+08  2.428912e+08
2.971159e+02  2.366109e+10  0.000000e+00  0.000000e+00  2.127978e+11  0.000000e+00  0.000000e+00  3.867207e+08  2.489528e+08  2.018105e+08  1.846095e+08
2.999802e+02  2.343541e+10  0.000000e+00  0.000000e+00  2.107681e+11  0.000000e+00  0.000000e+00  3.310652e+08  2.177644e+08  1.787111e+08  1.645110e+08
3.028720e+02  2.321193e+10  0.000000e+00  0.000000e+00  2.087582e+11  0.000000e+00  0.000000e+00  1.284545e+10  9.341286e+09  7.642834e+09  6.892862e+09
3.057918e+02  2.299058e+10  0.000000e+00  0.000000e+00  2.067675e+11  0.000000e+00  0.000000e+00  1.027446e+11  8.173930e+10  6.973385e+10  6.406908e+10
3.087397e+02  2.277133e+10  0.000000e+00  0.000000e+00  2.047956e+11  0.000000e+00  0.000000e+00  5.615032e+10  3.423639e+10  2.642166e+10  2.328331e+10
3.117160e+02  2.255414e+10  0.000000e+00  0.000000e+00  2.028423e+11  0.000000e+00  0.000000e+00  2.554789e+09  1.727968e+09  1.378006e+09  1.231656e+09
3.147209e+02  2.233919e+10  0.000000e+00  0.000000e+00  2.009091e+11  0.000000e+00  0.000000e+00  1.466122e+09  9.702625e+08  7.705508e+08  6.890826e+08
3.177549e+02  2.212599e+10  0.000000e+00  0.000000e+00  1.989917e+11  0.000000e+00  0.000000e+00  8.531273e+08  5.554840e+08  4.414409e+08  3.961514e+08
3.208181e+02  2.191495e+10  0.000000e+00  0.000000e+00  1.970937e+11  0.000000e+00  0.000000e+00  5.233563e+08  3.375182e+08  2.700180e+08  2.441361e+08
3.239108e+02  2.170603e+10  0.000000e+00  0.000000e+00  1.952148e+11  0.000000e+00  0.000000e+00  3.474241e+08  2.239139e+08  1.815009e+08  1.659661e+08
3.270334e+02  2.149898e+10  0.000000e+00  0.000000e+00  1.933527e+11  0.000000e+00  0.000000e+00  4.626622e+08  2.934145e+08  2.325090e+08  2.096356e+08
3.301861e+02  2.129397e+10  0.000000e+00  0.000000e+00  1.915089e+11  0.000000e+00  0.000000e+00  4.107849e+09  2.765452e+09  2.138333e+09  1.878885e+09
3.333691e+02  2.109096e+10  0.000000e+00  0.000000e+00  1.896830e+11  0.000000e+00  0.000000e+00  2.196168e+09  1.448094e+09  1.117883e+09  9.834814e+08
3.365828e+02  2.088970e+10  0.000000e+00  0.000000e+00  1.878730e+11  0.000000e+00  0.000000e+00  1.197127e+09  7.762586e+08  6.009009e+08  5.309528e+08
3.398275e+02  2.069056e+10  0.000000e+00  0.000000e+00  1.860821e+11  0.000000e+00  0.000000e+00  7.140634e+08  4.700591e+08  3.718973e+08  3.331368e+08
3.431035e+02  2.049313e+10  0.000000e+00  0.000000e+00  1.843064e+11  0.000000e+00  0.000000e+00  5.931468e+08  4.089817e+08  3.320890e+08  3.010402e+08
3.464111e+02  2.029773e+10  0.000000e+00  0.000000e+00  1.825491e+11  0.000000e+00  0.000000e+00  5.674024e+08  3.851078e+08  3.111304e+08  2.815203e+08
3.497506e+02  2.010415e+10  0.000000e+00  0.000000e+00  1.808081e+11  0.000000e+00  0.000000e+00  8.444272e+09  5.624150e+09  4.423568e+09  3.921978e+09
3.531222e+02  1.991252e+10  0.000000e+00  0.000000e+00  1.790847e+11  0.000000e+00  0.000000e+00  1.610742e+10  1.115203e+10  8.952415e+09  8.009674e+09
3.565264e+02  1.972247e+10  0.000000e+00  0.000000e+00  1.773755e+11  0.000000e+00  0.000000e+00  3.566504e+08  2.156645e+08  1.705978e+08  1.544440e+08
3.599634e+02  1.953448e+10  0.000000e+00  0.000000e+00  1.756847e+11  0.000000e+00  0.000000e+00  2.761767e+08  1.725874e+08  1.394871e+08  1.278572e+08
3.634335e+02  1.934816e+10  0.000000e+00  0.000000e+00  1.740091e+11  0.000000e+00  0.000000e+00  2.411334e+08  1.561997e+08  1.276831e+08  1.172999e+08
3.669371e+02  1.916366e+10  0.000000e+00  0.000000e+00  1.723498e+11  0.000000e+00  0.000000e+00  8.519098e+10  4.573528e+10  3.390033e+10  2.939362e+10
3.704745e+02  1.898078e+10  0.000000e+00  0.000000e+00  1.707050e+11  0.000000e+00  0.000000e+00  8.033841e+09  6.001755e+09  4.968672e+09  4.502257e+09
3.740459e+02  1.879996e+10  0.000000e+00  0.000000e+00  1.690788e+11  0.000000e+00  0.000000e+00  2.067173e+08  1.378508e+08  1.150531e+08  1.069703e+08
3.776518e+02  1.862054e+10  0.000000e+00  0.000000e+00  1.674652e+11  0.000000e+00  0.000000e+00  6.992354e+09  5.327659e+09  4.438429e+09  4.031593e+09
3.812925e+02  1.844296e+10  0.000000e+00  0.000000e+00  1.658681e+11  0.000000e+00  0.000000e+00  1.136029e+10  8.356146e+09  6.935279e+09  6.292958e+09
3.849682e+02  1.826717e+10  0.000000e+00  0.000000e+00  1.642871e+11  0.000000e+00  0.000000e+00  2.004457e+10  1.584143e+10  1.338032e+10  1.221439e+10
3.886794e+02  1.809285e+10  0.000000e+00  0.000000e+00  1.627193e+11  0.000000e+00  0.000000e+00  2.069696e+10  1.694278e+10  1.447493e+10  1.327346e+10
3.924264e+02  1.792026e+10  0.000000e+00  0.000000e+00  1.611672e+11  0.000000e+00  0.000000e+00  1.168131e+10  9.584503e+09  8.210638e+09  7.537546e+09
3.962095e+02  1.774938e+10  0.000000e+00  0.000000e+00  1.596304e+11  0.000000e+00  0.000000e+00  1.060905e+10  8.398544e+09  7.077782e+09  6.451853e+09
4.000290e+02  1.758016e+10  0.000000e+00  0.000000e+00  1.581084e+11  0.000000e+00  0.000000e+00  4.720169e+09  3.572235e+09  2.956199e+09  2.675258e+09
4.038854e+02  1.741244e+10  0.000000e+00  0.000000e+00  1.566000e+11  0.000000e+00  0.000000e+00  2.127368e+09  1.543361e+09  1.258180e+09  1.132814e+09
4.077790e+02  1.724645e+10  0.000000e+00  0.000000e+00  1.551072e+11  0.000000e+00  0.000000e+00  9.892735e+08  6.918488e+08  5.587474e+08  5.024279e+08
4.117101e+02  1.708191e+10  0.000000e+00  0.000000e+00  1.536274e+11  0.000000e+00  0.000000e+00  4.983482e+08  3.390674e+08  2.736779e+08  2.472504e+08
4.156790e+02  1.691904e+10  0.000000e+00  0.000000e+00  1.521626e+11  0.000000e+00  0.000000e+00  2.913040e+08  1.960706e+08  1.599495e+08  1.461597e+08
4.196863e+02  1.675768e+10  0.000000e+00  0.000000e+00  1.507114e+11  0.000000e+00  0.000000e+00  2.159448e+08  1.466852e+08  1.213871e+08  1.120910e+08
4.237322e+02  1.659787e+10  0.000000e+00  0.000000e+00  1.492742e+11  0.000000e+00  0.000000e+00  1.921346e+08  1.342309e+08  1.122227e+08  1.036283e+08
4.278171e+02  1.643957e+10  0.000000e+00  0.000000e+00  1.478505e+11  0.000000e+00  0.000000e+00  5.724858e+10  4.119657e+10  3.316206e+10  2.963616e+10
4.319414e+02  1.628270e+10  0.000000e+00  0.000000e+00  1.464396e+11  0.000000e+00  0.000000e+00  1.415785e+10  8.804593e+09  6.786331e+09  5.967756e+09
4.361055e+02  1.612747e+10  0.000000e+00  0.000000e+00  1.450435e+11  0.000000e+00  0.000000e+00  2.942805e+10  1.854544e+10  1.434844e+10  1.263024e+10
4.403097e+02  1.597372e+10  0.000000e+00  0.000000e+00  1.436608e+11  0.000000e+00  0.000000e+00  1.565115e+08  1.090239e+08  9.235864e+07  8.642998e+07
4.445544e+02  1.582121e+10  0.000000e+00  0.000000e+00  1.422892e+11  0.000000e+00  0.000000e+00  1.465776e+08  1.021612e+08  8.708754e+07  8.199483e+07
4.488401e+02  1.567047e+10  0.000000e+00  0.000000e+00  1.409335e+11  0.000000e+00  0.000000e+00  1.457117e+08  1.021385e+08  8.700562e+07  8.185050e+07
4.531670e+02  1.552103e+10  0.000000e+00  0.000000e+00  1.395895e+11  0.000000e+00  0.000000e+00  1.383974e+08  9.571765e+07  8.134668e+07  7.643478e+07
4.575357e+02  1.537296e+10  0.000000e+00  0.000000e+00  1.382578e+11  0.000000e+00  0.000000e+00  1.979943e+10  1.288904e+10  1.003856e+10  8.854431e+09
4.619465e+02  1.522625e+10  0.000000e+00  0.000000e+00  1.369384e+11  0.000000e+00  0.000000e+00  1.438998e+08  9.878995e+07  8.360739e+07  7.839259e+07
4.663999e+02  1.508117e+10  0.000000e+00  0.000000e+00  1.356336e+11  0.000000e+00  0.000000e+00  1.467007e+08  1.002521e+08  8.462709e+07  7.925431e+07
4.708961e+02  1.493729e+10  0.000000e+00  0.000000e+00  1.343396e+11  0.000000e+00  0.000000e+00  1.522887e+10  9.929456e+09  7.722757e+09  6.806504e+09
4.754357e+02  1.479479e+10  0.000000e+00  0.000000e+00  1.330581e+11  0.000000e+00  0.000000e+00  1.308333e+10  8.582032e+09  6.687792e+09  5.899115e+09
4.800191e+02  1.465374e+10  0.000000e+00  0.000000e+00  1.317895e+11  0.000000e+00  0.000000e+00  1.519735e+08  1.025595e+08  8.603200e+07  8.033626e+07
4.846466e+02  1.451401e+10  0.000000e+00  0.000000e+00  1.305328e+11  0.000000e+00  0.000000e+00  1.574008e+08  1.054790e+08  8.809925e+07  8.203607e+07
4.893188e+02  1.437548e+10  0.000000e+00  0.000000e+00  1.292869e+11  0.000000e+00  0.000000e+00  1.510084e+10  1.091009e+10  8.751808e+09  7.801296e+09
4.940360e+02  1.423851e+10  0.000000e+00  0.000000e+00  1.280551e+11  0.000000e+00  0.000000e+00  2.231667e+10  1.561680e+10  1.238018e+10  1.098312e+10
4.987987e+02  1.410269e+10  0.000000e+00  0.000000e+00  1.268336e+11  0.000000e+00  0.000000e+00  2.541479e+10  1.622456e+10  1.251559e+10  1.099252e+10
5.036072e+02  1.396808e+10  0.000000e+00  0.000000e+00  1.256229e+11  0.000000e+00  0.000000e+00  2.891241e+09  1.876867e+09  1.454083e+09  1.280390e+09
5.084622e+02  1.383495e+10  0.000000e+00  0.000000e+00  1.244257e+11  0.000000e+00  0.000000e+00  1.084847e+09  6.851336e+08  5.292260e+08  4.669632e+08
5.133639e+02  1.370301e+10  0.000000e+00  0.000000e+00  1.232390e+11  0.000000e+00  0.000000e+00  4.428508e+08  2.774726e+08  2.168352e+08  1.934985e+08
5.183129e+02  1.357222e+10  0.000000e+00  0.000000e+00  1.220628e+11  0.000000e+00  0.000000e+00  2.177851e+08  1.395096e+08  1.122882e+08  1.023255e+08
5.233096e+02  1.344290e+10  0.000000e+00  0.000000e+00  1.208997e+11  0.000000e+00  0.000000e+00  3.238012e+09  2.277721e+09  1.812437e+09  1.612530e+09
5.283544e+02  1.331469e+10  0.000000e+00  0.000000e+00  1.197466e+11  0.000000e+00  0.000000e+00  1.158616e+08  7.984270e+07  6.777346e+07  6.375848e+07
5.334479e+02  1.318757e+10  0.000000e+00  0.000000e+00  1.186034e+11  0.000000e+00  0.000000e+00  1.711691e+09  1.203521e+09  9.584056e+08  8.537565e+08
5.385905e+02  1.306183e+10  0.000000e+00  0.000000e+00  1.174726e+11  0.000000e+00  0.000000e+00  3.727914e+09  3.127094e+09  2.752254e+09  2.568118e+09
5.437827e+02  1.293745e+10  0.000000e+00  0.000000e+00  1.163539e+11  0.000000e+00  0.000000e+00  1.066206e+10  7.541511e+09  5.982119e+09  5.308936e+09
5.490249e+02  1.281380e+10  0.000000e+00  0.000000e+00  1.152418e+11  0.000000e+00  0.000000e+00  7.158975e+09  5.148146e+09  4.107876e+09  3.654746e+09
5.543177e+02  1.269174e+10  0.000000e+00  0.000000e+00  1.141441e+11  0.000000e+00  0.000000e+00  8.044873e+09  5.636177e+09  4.452741e+09  3.945022e+09
5.596615e+02  1.257068e+10  0.000000e+00  0.000000e+00  1.130553e+11  0.000000e+00  0.000000e+00  3.063543e+09  2.043994e+09  1.591198e+09  1.402737e+09
5.650568e+02  1.245086e+10  0.000000e+00  0.000000e+00  1.119777e+11  0.000000e+00  0.000000e+00  1.145067e+09  7.449419e+08  5.758350e+08  5.052797e+08
5.705041e+02  1.233201e+10  0.000000e+00  0.000000e+00  1.109088e+11  0.000000e+00  0.000000e+00  2.862075e+11  1.716642e+11  1.288071e+11  1.118285e+11
5.760039e+02  1.221436e+10  0.000000e+00  0.000000e+00  1.098507e+11  0.000000e+00  0.000000e+00  2.529464e+10  1.185088e+10  8.416859e+09  7.171766e+09
5.815568e+02  1.209802e+10  0.000000e+00  0.000000e+00  1.088044e+11  0.000000e+00  0.000000e+00  2.184863e+08  1.475596e+08  1.199687e+08  1.091939e+08
5.871631e+02  1.198246e+10  0.000000e+00  0.000000e+00  1.077651e+11  0.000000e+00  0.000000e+00  1.530978e+08  1.044887e+08  8.713118e+07  8.096068e+07
5.928236e+02  1.186829e+10  0.000000e+00  0.000000e+00  1.067383e+11  0.000000e+00  0.000000e+00  3.756940e+09  2.208620e+09  1.656305e+09  1.440322e+09
5.985386e+02  1.175502e+10  0.000000e+00  0.000000e+00  1.057196e+11  0.000000e+00  0.000000e+00  1.035944e+08  7.144206e+07  6.087338e+07  5.743876e+07
6.043086e+02  1.164306e+10  0.000000e+00  0.000000e+00  1.047127e+11  0.000000e+00  0.000000e+00  9.551346e+07  6.569509e+07  5.629080e+07  5.338265e+07
6.101343e+02  1.153193e+10  0.000000e+00  0.000000e+00  1.037132e+11  0.000000e+00  0.000000e+00  9.247241e+07  6.328108e+07  5.430586e+07  5.160886e+07
6.160162e+02  1.142185e+10  0.000000e+00  0.000000e+00  1.027233e+11  0.000000e+00  0.000000e+00  9.178977e+07  6.270500e+07  5.407762e+07  5.155816e+07
6.219548e+02  1.131305e+10  0.000000e+00  0.000000e+00  1.017447e+11  0.000000e+00  0.000000e+00  9.343883e+07  6.334376e+07  5.439635e+07  5.174631e+07
6.279506e+02  1.120503e+10  0.000000e+00  0.000000e+00  1.007733e+11  0.000000e+00  0.000000e+00  2.275599e+09  1.315410e+09  9.858976e+08  8.584079e+08
6.340042e+02  1.109823e+10  0.000000e+00  0.000000e+00  9.981277e+10  0.000000e+00  0.000000e+00  9.964054e+07  6.628468e+07  5.630437e+07  5.324406e+07
6.401162e+02  1.099241e+10  0.000000e+00  0.000000e+00  9.886100e+10  0.000000e+00  0.000000e+00  1.814419e+09  1.041763e+09  7.798506e+08  6.790318e+08
6.462871e+02  1.088754e+10  0.000000e+00  0.000000e+00  9.791785e+10  0.000000e+00  0.000000e+00  1.566058e+09  9.223455e+08  6.969632e+08  6.092445e+08
6.525174e+02  1.078371e+10  0.000000e+00  0.000000e+00  9.698410e+10  0.000000e+00  0.000000e+00  2.389224e+10  1.197634e+10  8.621924e+09  7.381344e+09
6.588079e+02  1.068081e+10  0.000000e+00  0.000000e+00  9.605865e+10  0.000000e+00  0.000000e+00  1.107688e+08  7.213344e+07  6.012089e+07  5.609439e+07
6.651590e+02  1.057901e+10  0.000000e+00  0.000000e+00  9.514312e+10  0.000000e+00  0.000000e+00  1.451941e+10  7.701493e+09  5.636457e+09  4.856180e+09
6.715713e+02  1.047810e+10  0.000000e+00  0.000000e+00  9.423554e+10  0.000000e+00  0.000000e+00  3.684219e+09  2.104955e+09  1.567108e+09  1.359094e+09
6.780454e+02  1.037815e+10  0.000000e+00  0.000000e+00  9.333669e+10  0.000000e+00  0.000000e+00  9.731928e+08  5.462743e+08  4.092544e+08  3.574672e+08
6.845820e+02  1.027916e+10  0.000000e+00  0.000000e+00  9.244639e+10  0.000000e+00  0.000000e+00  2.367187e+08  1.570109e+08  1.266264e+08  1.146840e+08
6.911815e+02  1.018110e+10  0.000000e+00  0.000000e+00  9.156445e+10  0.000000e+00  0.000000e+00  1.461313e+08  1.020679e+08  8.495061e+07  7.827712e+07
6.978447e+02  1.008404e+10  0.000000e+00  0.000000e+00  9.069154e+10  0.000000e+00  0.000000e+00  8.819223e+09  5.350515e+09  4.070958e+09  3.557979e+09
7.045721e+02  9.987874e+09  0.000000e+00  0.000000e+00  8.982667e+10  0.000000e+00  0.000000e+00  1.964179e+08  1.359102e+08  1.106320e+08  1.004112e+08
7.113644e+02  9.892551e+09  0.000000e+00  0.000000e+00  8.896937e+10  0.000000e+00  0.000000e+00  9.885292e+09  6.071885e+09  4.624773e+09  4.042002e+09
7.182221e+02  9.798217e+09  0.000000e+00  0.000000e+00  8.812098e+10  0.000000e+00  0.000000e+00  1.299602e+10  8.033711e+09  6.122409e+09  5.350665e+09
7.251459e+02  9.704812e+09  0.000000e+00  0.000000e+00  8.728093e+10  0.000000e+00  0.000000e+00  1.076138e+10  6.664796e+09  5.077288e+09  4.436043e+09
7.321365e+02  9.612231e+09  0.000000e+00  0.000000e+00  8.644830e+10  0.000000e+00  0.000000e+00  6.295771e+10  3.928912e+10  2.996109e+10  2.618097e+10
7.391944e+02  9.520548e+09  0.000000e+00  0.000000e+00  8.562374e+10  0.000000e+00  0.000000e+00  1.350851e+10  1.029794e+10  8.442765e+09  7.587054e+09
7.463204e+02  9.429744e+09  0.000000e+00  0.000000e+00  8.480709e+10  0.000000e+00  0.000000e+00  9.957047e+09  7.367023e+09  5.966864e+09  5.336373e+09
7.535151e+02  9.339801e+09  0.000000e+00  0.000000e+00  8.399818e+10  0.000000e+00  0.000000e+00  2.200061e+09  1.569755e+09  1.260209e+09  1.126100e+09
7.607792e+02  9.250708e+09  0.000000e+00  0.000000e+00  8.319692e+10  0.000000e+00  0.000000e+00  5.007321e+08  3.490823e+08  2.813036e+08  2.529558e+08
7.681133e+02  9.162522e+09  0.000000e+00  0.000000e+00  8.240381e+10  0.000000e+00  0.000000e+00  1.332166e+08  9.716056e+07  8.859548e+07  8.728427e+07
7.755180e+02  9.075149e+09  0.000000e+00  0.000000e+00  8.161801e+10  0.000000e+00  0.000000e+00  2.887702e+09  1.928307e+09  1.527678e+09  1.360413e+09
7.829942e+02  8.988575e+09  0.000000e+00  0.000000e+00  8.083940e+10  0.000000e+00  0.000000e+00  5.185034e+07  5.509129e+07  6.304910e+07  6.686562e+07
7.905425e+02  8.902857e+09  0.000000e+00  0.000000e+00  8.006849e+10  0.000000e+00  0.000000e+00  4.136742e+07  4.581512e+07  5.034715e+07  5.203542e+07
7.981635e+02  8.817902e+09  0.000000e+00  0.000000e+00  7.930444e+10  0.000000e+00  0.000000e+00  1.005251e+08  9.675961e+07  9.062449e+07  8.676314e+07
8.058579e+02  8.733834e+09  0.000000e+00  0.000000e+00  7.854837e+10  0.000000e+00  0.000000e+00  3.398266e+07  2.620135e+07  2.368771e+07  2.301024e+07
8.136266e+02  8.650569e+09  0.000000e+00  0.000000e+00  7.779952e+10  0.000000e+00  0.000000e+00  1.596519e+09  1.038986e+09  8.065598e+08  7.106262e+08
8.214701e+02  8.568031e+09  0.000000e+00  0.000000e+00  7.705721e+10  0.000000e+00  0.000000e+00  3.502876e+07  2.745147e+07  2.553796e+07  2.523088e+07
8.293893e+02  8.486334e+09  0.000000e+00  0.000000e+00  7.632246e+10  0.000000e+00  0.000000e+00  3.568547e+07  2.842861e+07  2.671115e+07  2.639904e+07
8.373848e+02  8.405334e+09  0.000000e+00  0.000000e+00  7.559398e+10  0.000000e+00  0.000000e+00  1.285230e+09  8.271908e+08  6.406776e+08  5.643944e+08
8.454574e+02  8.325248e+09  0.000000e+00  0.000000e+00  7.487373e+10  0.000000e+00  0.000000e+00  1.415780e+09  9.262274e+08  7.228100e+08  6.386311e+08
8.536078e+02  8.245789e+09  0.000000e+00  0.000000e+00  7.415910e+10  0.000000e+00  0.000000e+00  2.203117e+08  2.016789e+08  1.799433e+08  1.680559e+08
8.618368e+02  8.167168e+09  0.000000e+00  0.000000e+00  7.345202e+10  0.000000e+00  0.000000e+00  2.453712e+08  1.974570e+08  1.662771e+08  1.518193e+08
8.701451e+02  8.089254e+09  0.000000e+00  0.000000e+00  7.275129e+10  0.000000e+00  0.000000e+00  3.262261e+09  2.232745e+09  1.817583e+09  1.646882e+09
8.785335e+02  8.012088e+09  0.000000e+00  0.000000e+00  7.205729e+10  0.000000e+00  0.000000e+00  2.826541e+09  1.906010e+09  1.514875e+09  1.349066e+09
8.870028e+02  7.935712e+09  0.000000e+00  0.000000e+00  7.137041e+10  0.000000e+00  0.000000e+00  4.601732e+08  2.860398e+08  2.199601e+08  1.938423e+08
8.955537e+02  7.859947e+09  0.000000e+00  0.000000e+00  7.068901e+10  0.000000e+00  0.000000e+00  1.040159e+08  6.771919e+07  5.482580e+07  5.007056e+07
9.041871e+02  7.785054e+09  0.000000e+00  0.000000e+00  7.001545e+10  0.000000e+00  0.000000e+00  5.595998e+07  4.028891e+07  3.452296e+07  3.251035e+07
9.129036e+02  7.710747e+09  0.000000e+00  0.000000e+00  6.934717e+10  0.000000e+00  0.000000e+00  4.075781e+09  2.705603e+09  2.094880e+09  1.840656e+09
9.217043e+02  7.637276e+09  0.000000e+00  0.000000e+00  6.868639e+10  0.000000e+00  0.000000e+00  7.080593e+08  4.660935e+08  3.629280e+08  3.205216e+08
9.305897e+02  7.564368e+09  0.000000e+00  0.000000e+00  6.803069e+10  0.000000e+00  0.000000e+00  3.453272e+07  2.660073e+07  2.402349e+07  2.333627e+07
9.395608e+02  7.492219e+09  0.000000e+00  0.000000e+00  6.738181e+10  0.000000e+00  0.000000e+00  3.433035e+07  2.632561e+07  2.378245e+07  2.312482e+07
9.486184e+02  7.420763e+09  0.000000e+00  0.000000e+00  6.673918e+10  0.000000e+00  0.000000e+00  3.435031e+07  2.623376e+07  2.368662e+07  2.303455e+07
9.577633e+02  7.349984e+09  0.000000e+00  0.000000e+00  6.610262e+10  0.000000e+00  0.000000e+00  3.286919e+07  2.544566e+07  2.310578e+07  2.252387e+07
9.669964e+02  7.279917e+09  0.000000e+00  0.000000e+00  6.547247e+10  0.000000e+00  0.000000e+00  3.317055e+07  2.558137e+07  2.319948e+07  2.260576e+07
9.763185e+02  7.210457e+09  0.000000e+00  0.000000e+00  6.484777e+10  0.000000e+00  0.000000e+00  3.354515e+07  2.577456e+07  2.334250e+07  2.273360e+07
9.857304e+02  7.141641e+09  0.000000e+00  0.000000e+00  6.422886e+10  0.000000e+00  0.000000e+00  3.393021e+07  2.596204e+07  2.347923e+07  2.285573e+07
9.952331e+02  7.073587e+09  0.000000e+00  0.000000e+00  6.361682e+10  0.000000e+00  0.000000e+00  3.345553e+07  2.577345e+07  2.336154e+07  2.276126e+07
1.004573e+03  7.007841e+09  0.000000e+00  0.000000e+00  6.302553e+10  0.000000e+00  0.000000e+00  3.381735e+07  2.597299e+07  2.351504e+07  2.290030e+07
1.013745e+03  6.944467e+09  0.000000e+00  0.000000e+00  6.245557e+10  0.000000e+00  0.000000e+00  3.426993e+07  2.622697e+07  2.370929e+07  2.307486e+07
1.023001e+03  6.881633e+09  0.000000e+00  0.000000e+00  6.189047e+10  0.000000e+00  0.000000e+00  1.590587e+08  1.032934e+08  8.192996e+07  7.373135e+07
1.032342e+03  6.819505e+09  0.000000e+00  0.000000e+00  6.133172e+10  0.000000e+00  0.000000e+00  3.452904e+07  2.632202e+07  2.377905e+07  2.314003e+07
1.041768e+03  6.757894e+09  0.000000e+00  0.000000e+00  6.077761e+10  0.000000e+00  0.000000e+00  3.444592e+07  2.629727e+07  2.377134e+07  2.313954e+07
1.051280e+03  6.696790e+09  0.000000e+00  0.000000e+00  6.022807e+10  0.000000e+00  0.000000e+00  3.486879e+07  2.651742e+07  2.393519e+07  2.328509e+07
1.060878e+03  6.636269e+09  0.000000e+00  0.000000e+00  5.968376e+10  0.000000e+00  0.000000e+00  3.531338e+07  2.674766e+07  2.410234e+07  2.342999e+07
1.070565e+03  6.576240e+09  0.000000e+00  0.000000e+00  5.914389e+10  0.000000e+00  0.000000e+00  3.979136e+08  2.493804e+08  1.918483e+08  1.692208e+08
1.080340e+03  6.516775e+09  0.000000e+00  0.000000e+00  5.860909e+10  0.000000e+00  0.000000e+00  3.385582e+07  2.597466e+07  2.354529e+07  2.294630e+07
1.090204e+03  6.457943e+09  0.000000e+00  0.000000e+00  5.807998e+10  0.000000e+00  0.000000e+00  3.413960e+07  2.608831e+07  2.362804e+07  2.302368e+07
1.100158e+03  6.399572e+09  0.000000e+00  0.000000e+00  5.755502e+10  0.000000e+00  0.000000e+00  3.446796e+07  2.623611e+07  2.373744e+07  2.312332e+07
1.110203e+03  6.341659e+09  0.000000e+00  0.000000e+00  5.703417e+10  0.000000e+00  0.000000e+00  3.467772e+07  2.635019e+07  2.383020e+07  2.320996e+07
1.120340e+03  6.284418e+09  0.000000e+00  0.000000e+00  5.651937e+10  0.000000e+00  0.000000e+00  3.308762e+07  2.562525e+07  2.333618e+07  2.278932e+07
1.130570e+03  6.227546e+09  0.000000e+00  0.000000e+00  5.600789e+10  0.000000e+00  0.000000e+00  2.530439e+08  1.621238e+08  1.264111e+08  1.124425e+08
1.140892e+03  6.171252e+09  0.000000e+00  0.000000e+00  5.550160e+10  0.000000e+00  0.000000e+00  3.406649e+07  2.624022e+07  2.384094e+07  2.325673e+07
1.151309e+03  6.115522e+09  0.000000e+00  0.000000e+00  5.500039e+10  0.000000e+00  0.000000e+00  2.261633e+08  1.438807e+08  1.122906e+08  1.000671e+08
1.161822e+03  6.060208e+09  0.000000e+00  0.000000e+00  5.450292e+10  0.000000e+00  0.000000e+00  2.928061e+08  1.836756e+08  1.419794e+08  1.257794e+08
1.172430e+03  6.005440e+09  0.000000e+00  0.000000e+00  5.401037e+10  0.000000e+00  0.000000e+00  2.372058e+08  1.490477e+08  1.158305e+08  1.030407e+08
1.183135e+03  5.951143e+09  0.000000e+00  0.000000e+00  5.352204e+10  0.000000e+00  0.000000e+00  1.236411e+09  7.492544e+08  5.642167e+08  4.914549e+08
1.193937e+03  5.897390e+09  0.000000e+00  0.000000e+00  5.303860e+10  0.000000e+00  0.000000e+00  5.443348e+08  3.342451e+08  2.543048e+08  2.230425e+08
1.204839e+03  5.844071e+09  0.000000e+00  0.000000e+00  5.255907e+10  0.000000e+00  0.000000e+00  4.363632e+08  2.613834e+08  1.983210e+08  1.740902e+08
1.215840e+03  5.791196e+09  0.000000e+00  0.000000e+00  5.208354e+10  0.000000e+00  0.000000e+00  9.621449e+07  6.161977e+07  5.008533e+07  4.601495e+07
1.226941e+03  5.738883e+09  0.000000e+00  0.000000e+00  5.161306e+10  0.000000e+00  0.000000e+00  3.984281e+07  2.978208e+07  2.673601e+07  2.594245e+07
1.238144e+03  5.686997e+09  0.000000e+00  0.000000e+00  5.114642e+10  0.000000e+00  0.000000e+00  3.711035e+07  2.837908e+07  2.577217e+07  2.515015e+07
1.249449e+03  5.635595e+09  0.000000e+00  0.000000e+00  5.068413e+10  0.000000e+00  0.000000e+00  3.728712e+07  2.856375e+07  2.597057e+07  2.535980e+07
1.260857e+03  5.584663e+09  0.000000e+00  0.000000e+00  5.022607e+10  0.000000e+00  0.000000e+00  3.780400e+07  2.896365e+07  2.634436e+07  2.572951e+07
1.272369e+03  5.534193e+09  0.000000e+00  0.000000e+00  4.977217e+10  0.000000e+00  0.000000e+00  4.843799e+07  3.512626e+07  3.105254e+07  2.988336e+07
1.283987e+03  5.484122e+09  0.000000e+00  0.000000e+00  4.932185e+10  0.000000e+00  0.000000e+00  4.898408e+07  1.302287e+08  1.776653e+08  1.961682e+08
1.295710e+03  5.434556e+09  0.000000e+00  0.000000e+00  4.887608e+10  0.000000e+00  0.000000e+00  8.676755e+07  1.435666e+08  1.501902e+08  1.489365e+08
1.307541e+03  5.385430e+09  0.000000e+00  0.000000e+00  4.843425e+10  0.000000e+00  0.000000e+00  4.946218e+08  3.934616e+08  3.254036e+08  2.947564e+08
1.319479e+03  5.336787e+09  0.000000e+00  0.000000e+00  4.799678e+10  0.000000e+00  0.000000e+00  5.087806e+07  3.644705e+07  3.203833e+07  3.076015e+07
1.331527e+03  5.288513e+09  0.000000e+00  0.000000e+00  4.756263e+10  0.000000e+00  0.000000e+00  4.298858e+07  3.215730e+07  2.892699e+07  2.810781e+07
1.343685e+03  5.240709e+09  0.000000e+00  0.000000e+00  4.713269e+10  0.000000e+00  0.000000e+00  1.036595e+08  6.471241e+07  5.251172e+07  4.832369e+07
1.355953e+03  5.193313e+09  0.000000e+00  0.000000e+00  4.670643e+10  0.000000e+00  0.000000e+00  5.390014e+07  3.795776e+07  3.316418e+07  3.177372e+07
1.368334e+03  5.146418e+09  0.000000e+00  0.000000e+00  4.628469e+10  0.000000e+00  0.000000e+00  1.012783e+08  6.268900e+07  5.097803e+07  4.701871e+07
1.380828e+03  5.099867e+09  0.000000e+00  0.000000e+00  4.586602e+10  0.000000e+00  0.000000e+00  4.690553e+07  3.417306e+07  3.049878e+07  2.954632e+07
1.393435e+03  5.053750e+09  0.000000e+00  0.000000e+00  4.545127e+10  0.000000e+00  0.000000e+00  4.376211e+07  3.268373e+07  2.949889e+07  2.873213e+07
1.406158e+03  5.008061e+09  0.000000e+00  0.000000e+00  4.504036e+10  0.000000e+00  0.000000e+00  4.408867e+07  3.291112e+07  2.971758e+07  2.895394e+07
1.418674e+03  4.963947e+09  0.000000e+00  0.000000e+00  4.464362e+10  0.000000e+00  0.000000e+00  4.466118e+07  3.328326e+07  3.004491e+07  2.927125e+07
1.430976e+03  4.921252e+09  0.000000e+00  0.000000e+00  4.425964e+10  0.000000e+00  0.000000e+00  4.522740e+07  3.365018e+07  3.036806e+07  2.958391e+07
1.443386e+03  4.878986e+09  0.000000e+00  0.000000e+00  4.387951e+10  0.000000e+00  0.000000e+00  4.567720e+07  3.393932e+07  3.063130e+07  2.984317e+07
1.455903e+03  4.837090e+09  0.000000e+00  0.000000e+00  4.350272e+10  0.000000e+00  0.000000e+00  4.623070e+07  3.430036e+07  3.095140e+07  3.015382e+07
1.468529e+03  4.795514e+09  0.000000e+00  0.000000e+00  4.312880e+10  0.000000e+00  0.000000e+00  4.756035e+07  3.505136e+07  3.154873e+07  3.070076e+07
1.481264e+03  4.754345e+09  0.000000e+00  0.000000e+00  4.275854e+10  0.000000e+00  0.000000e+00  4.733916e+07  3.501817e+07  3.158784e+07  3.077186e+07
1.494110e+03  4.713485e+09  0.000000e+00  0.000000e+00  4.239107e+10  0.000000e+00  0.000000e+00  4.789046e+07  3.537262e+07  3.190246e+07  3.107748e+07
1.507067e+03  4.672973e+09  0.000000e+00  0.000000e+00  4.202673e+10  0.000000e+00  0.000000e+00  4.780616e+07  3.541489e+07  3.199221e+07  3.118652e+07
1.520136e+03  4.632888e+09  0.000000e+00  0.000000e+00  4.166622e+10  0.000000e+00  0.000000e+00  4.834628e+07  3.576256e+07  3.230206e+07  3.148794e+07
1.533319e+03  4.593052e+09  0.000000e+00  0.000000e+00  4.130794e+10  0.000000e+00  0.000000e+00  4.888367e+07  3.610826e+07  3.261082e+07  3.178956e+07
1.546616e+03  4.553589e+09  0.000000e+00  0.000000e+00  4.095304e+10  0.000000e+00  0.000000e+00  4.941825e+07  3.645451e+07  3.292157e+07  3.209257e+07
1.560028e+03  4.514492e+09  0.000000e+00  0.000000e+00  4.060141e+10  0.000000e+00  0.000000e+00  4.856010e+07  3.621300e+07  3.282662e+07  3.204627e+07
1.573557e+03  4.475713e+09  0.000000e+00  0.000000e+00  4.025265e+10  0.000000e+00  0.000000e+00  5.442382e+07  3.916837e+07  3.498485e+07  3.392086e+07
1.587203e+03  4.437247e+09  0.000000e+00  0.000000e+00  3.990670e+10  0.000000e+00  0.000000e+00  4.964102e+07  3.693592e+07  3.348041e+07  3.268703e+07
1.600967e+03  4.399128e+09  0.000000e+00  0.000000e+00  3.956388e+10  0.000000e+00  0.000000e+00  5.019710e+07  3.731470e+07  3.382514e+07  3.302520e+07
1.614851e+03  4.361312e+09  0.000000e+00  0.000000e+00  3.922378e+10  0.000000e+00  0.000000e+00  4.976730e+07  3.731381e+07  3.391659e+07  3.314852e+07
1.628855e+03  4.323905e+09  0.000000e+00  0.000000e+00  3.888735e+10  0.000000e+00  0.000000e+00  5.035087e+07  3.772949e+07  3.429798e+07  3.352322e+07
1.642980e+03  4.286717e+09  0.000000e+00  0.000000e+00  3.855290e+10  0.000000e+00  0.000000e+00  5.097112e+07  3.817679e+07  3.470846e+07  3.392622e+07
1.657229e+03  4.249890e+09  0.000000e+00  0.000000e+00  3.822170e+10  0.000000e+00  0.000000e+00  5.560439e+07  4.054729e+07  3.647931e+07  3.548680e+07
1.671600e+03  4.213380e+09  0.000000e+00  0.000000e+00  3.789334e+10  0.000000e+00  0.000000e+00  5.205826e+07  3.909359e+07  3.558444e+07  3.479625e+07
1.685748e+03  4.178028e+09  0.000000e+00  0.000000e+00  3.757540e+10  0.000000e+00  0.000000e+00  5.283149e+07  3.969595e+07  3.615047e+07  3.535575e+07
1.699668e+03  4.143827e+09  0.000000e+00  0.000000e+00  3.726781e+10  0.000000e+00  0.000000e+00  5.731624e+07  4.209661e+07  3.800284e+07  3.702088e+07
1.713703e+03  4.109943e+09  0.000000e+00  0.000000e+00  3.696307e+10  0.000000e+00  0.000000e+00  5.921739e+07  4.338873e+07  3.914291e+07  3.810311e+07
1.727854e+03  4.076301e+09  0.000000e+00  0.000000e+00  3.666051e+10  0.000000e+00  0.000000e+00  5.928005e+07  4.398880e+07  3.992009e+07  3.891757e+07
1.742122e+03  4.042899e+09  0.000000e+00  0.000000e+00  3.636011e+10  0.000000e+00  0.000000e+00  2.545724e+08  5.562630e+08  6.227437e+08  6.356118e+08
1.756507e+03  4.009866e+09  0.000000e+00  0.000000e+00  3.606302e+10  0.000000e+00  0.000000e+00  1.227188e+08  1.193286e+08  1.064163e+08  1.003629e+08
1.771011e+03  3.976997e+09  0.000000e+00  0.000000e+00  3.576741e+10  0.000000e+00  0.000000e+00  2.099050e+08  1.427186e+08  1.155341e+08  1.052155e+08
1.785635e+03  3.944485e+09  0.000000e+00  0.000000e+00  3.547502e+10  0.000000e+00  0.000000e+00  4.338641e+08  2.455281e+08  1.850833e+08  1.630360e+08
1.800380e+03  3.912198e+09  0.000000e+00  0.000000e+00  3.518463e+10  0.000000e+00  0.000000e+00  5.888666e+07  4.403650e+07  4.000640e+07  3.906569e+07
1.815247e+03  3.880163e+09  0.000000e+00  0.000000e+00  3.489653e+10  0.000000e+00  0.000000e+00  4.348116e+08  2.285863e+08  1.704197e+08  1.498161e+08
1.830236e+03  3.848406e+09  0.000000e+00  0.000000e+00  3.461091e+10  0.000000e+00  0.000000e+00  1.824125e+08  1.017005e+08  8.038953e+07  7.328326e+07
1.845349e+03  3.816920e+09  0.000000e+00  0.000000e+00  3.432775e+10  0.000000e+00  0.000000e+00  6.030131e+07  4.489241e+07  4.074662e+07  3.978469e+07
1.860587e+03  3.785675e+09  0.000000e+00  0.000000e+00  3.404675e+10  0.000000e+00  0.000000e+00  6.096361e+07  4.515576e+07  4.093979e+07  3.996368e+07
1.875951e+03  3.754695e+09  0.000000e+00  0.000000e+00  3.376812e+10  0.000000e+00  0.000000e+00  6.113916e+07  4.532167e+07  4.110007e+07  4.012664e+07
1.891441e+03  3.723948e+09  0.000000e+00  0.000000e+00  3.349159e+10  0.000000e+00  0.000000e+00  6.123834e+07  4.494612e+07  4.074678e+07  3.980117e+07
1.907060e+03  3.693485e+09  0.000000e+00  0.000000e+00  3.321762e+10  0.000000e+00  0.000000e+00  6.188332e+07  4.533295e+07  4.107140e+07  4.010797e+07
1.922807e+03  3.663244e+09  0.000000e+00  0.000000e+00  3.294566e+10  0.000000e+00  0.000000e+00  6.246080e+07  4.571009e+07  4.139999e+07  4.042351e+07
1.938684e+03  3.633279e+09  0.000000e+00  0.000000e+00  3.267616e+10  0.000000e+00  0.000000e+00  6.290472e+07  4.598913e+07  4.166152e+07  4.068349e+07
1.954693e+03  3.603531e+09  0.000000e+00  0.000000e+00  3.240862e+10  0.000000e+00  0.000000e+00  6.357571e+07  4.644398e+07  4.206468e+07  4.107292e+07
1.970834e+03  3.574024e+09  0.000000e+00  0.000000e+00  3.214325e+10  0.000000e+00  0.000000e+00  6.467647e+07  4.709521e+07  4.261076e+07  4.158730e+07
1.987108e+03  3.544780e+09  0.000000e+00  0.000000e+00  3.188023e+10  0.000000e+00  0.000000e+00  6.495625e+07  4.740096e+07  4.292591e+07  4.191090e+07
2.003140e+03  3.516387e+09  0.000000e+00  0.000000e+00  3.162488e+10  0.000000e+00  0.000000e+00  6.486144e+07  4.753233e+07  4.311583e+07  4.212351e+07
2.018926e+03  3.488920e+09  0.000000e+00  0.000000e+00  3.137786e+10  0.000000e+00  0.000000e+00  6.549224e+07  4.798762e+07  4.353529e+07  4.253559e+07
2.034837e+03  3.461662e+09  0.000000e+00  0.000000e+00  3.113271e+10  0.000000e+00  0.000000e+00  6.610957e+07  4.844069e+07  4.395520e+07  4.294932e+07
2.050872e+03  3.434611e+09  0.000000e+00  0.000000e+00  3.088943e+10  0.000000e+00  0.000000e+00  6.485388e+07  4.817481e+07  4.388664e+07  4.294488e+07
2.067035e+03  3.407763e+09  0.000000e+00  0.000000e+00  3.064796e+10  0.000000e+00  0.000000e+00  6.546763e+07  4.863856e+07  4.431840e+07  4.337090e+07
2.083324e+03  3.381116e+09  0.000000e+00  0.000000e+00  3.040831e+10  0.000000e+00  0.000000e+00  6.610555e+07  4.911753e+07  4.476300e+07  4.380963e+07
2.099742e+03  3.354714e+09  0.000000e+00  0.000000e+00  3.017086e+10  0.000000e+00  0.000000e+00  6.675454e+07  4.960794e+07  4.521929e+07  4.425993e+07
2.116289e+03  3.328504e+09  0.000000e+00  0.000000e+00  2.993514e+10  0.000000e+00  0.000000e+00  6.741316e+07  5.011104e+07  4.568875e+07  4.472337e+07
2.132967e+03  3.302485e+09  0.000000e+00  0.000000e+00  2.970114e+10  0.000000e+00  0.000000e+00  6.642340e+07  5.002752e+07  4.576881e+07  4.485647e+07
2.149776e+03  3.276655e+09  0.000000e+00  0.000000e+00  2.946883e+10  0.000000e+00  0.000000e+00  6.711936e+07  5.057067e+07  4.627687e+07  4.535798e+07
2.166718e+03  3.251055e+09  0.000000e+00  0.000000e+00  2.923860e+10  0.000000e+00  0.000000e+00  6.784849e+07  5.114571e+07  4.681439e+07  4.588830e+07
2.183793e+03  3.225639e+09  0.000000e+00  0.000000e+00  2.901001e+10  0.000000e+00  0.000000e+00  6.865685e+07  5.177962e+07  4.740432e+07  4.646854e+07
2.201002e+03  3.200445e+09  0.000000e+00  0.000000e+00  2.878343e+10  0.000000e+00  0.000000e+00  6.876390e+07  5.220703e+07  4.787803e+07  4.695899e+07
2.218348e+03  3.175382e+09  0.000000e+00  0.000000e+00  2.855803e+10  0.000000e+00  0.000000e+00  6.969154e+07  5.298524e+07  4.861748e+07  4.768994e+07
2.235829e+03  3.150624e+09  0.000000e+00  0.000000e+00  2.833537e+10  0.000000e+00  0.000000e+00  7.075267e+07  5.390033e+07  4.949376e+07  4.856062e+07
2.253449e+03  3.125951e+09  0.000000e+00  0.000000e+00  2.811347e+10  0.000000e+00  0.000000e+00  7.200362e+07  5.502911e+07  5.057240e+07  4.963265e+07
2.271208e+03  3.101531e+09  0.000000e+00  0.000000e+00  2.789385e+10  0.000000e+00  0.000000e+00  7.337366e+07  5.641018e+07  5.193926e+07  5.097029e+07
2.289106e+03  3.077318e+09  0.000000e+00  0.000000e+00  2.767608e+10  0.000000e+00  0.000000e+00  7.516070e+07  5.823365e+07  5.376831e+07  5.275022e+07
2.307146e+03  3.053226e+09  0.000000e+00  0.000000e+00  2.745941e+10  0.000000e+00  0.000000e+00  5.299331e+08  7.724278e+08  7.839111e+08  7.735351e+08
2.325328e+03  3.029375e+09  0.000000e+00  0.000000e+00  2.724491e+10  0.000000e+00  0.000000e+00  2.091085e+08  1.241456e+08  1.005769e+08  9.264768e+07
2.343653e+03  3.005722e+09  0.000000e+00  0.000000e+00  2.703218e+10  0.000000e+00  0.000000e+00  2.841900e+08  1.510431e+08  1.178558e+08  1.068082e+08
2.362122e+03  2.982185e+09  0.000000e+00  0.000000e+00  2.682050e+10  0.000000e+00  0.000000e+00  7.728781e+07  5.908622e+07  5.426412e+07  5.322961e+07
2.379612e+03  2.960275e+09  0.000000e+00  0.000000e+00  2.662345e+10  0.000000e+00  0.000000e+00  1.981575e+08  1.104665e+08  8.950587e+07  8.286650e+07
2.396106e+03  2.939865e+09  0.000000e+00  0.000000e+00  2.643989e+10  0.000000e+00  0.000000e+00  1.184254e+08  7.626250e+07  6.608555e+07  6.321593e+07
2.412715e+03  2.919664e+09  0.000000e+00  0.000000e+00  2.625821e+10  0.000000e+00  0.000000e+00  8.373743e+07  6.211991e+07  5.654308e+07  5.526512e+07
2.429440e+03  2.899546e+09  0.000000e+00  0.000000e+00  2.607728e+10  0.000000e+00  0.000000e+00  7.952186e+07  6.063907e+07  5.563810e+07  5.456140e+07
2.446280e+03  2.879594e+09  0.000000e+00  0.000000e+00  2.589784e+10  0.000000e+00  0.000000e+00  8.033722e+07  6.118288e+07  5.610350e+07  5.500426e+07
2.463236e+03  2.859803e+09  0.000000e+00  0.000000e+00  2.571984e+10  0.000000e+00  0.000000e+00  8.093100e+07  6.163616e+07  5.650644e+07  5.539301e+07
2.480311e+03  2.840092e+09  0.000000e+00  0.000000e+00  2.554257e+10  0.000000e+00  0.000000e+00  8.166173e+07  6.213113e+07  5.693319e+07  5.580109e+07
2.497503e+03  2.820540e+09  0.000000e+00  0.000000e+00  2.536673e+10  0.000000e+00  0.000000e+00  8.217763e+07  6.242426e+07  5.728394e+07  5.619517e+07
2.514815e+03  2.801143e+09  0.000000e+00  0.000000e+00  2.519228e+10  0.000000e+00  0.000000e+00  8.181521e+07  6.178328e+07  5.666755e+07  5.559350e+07
2.532247e+03  2.781862e+09  0.000000e+00  0.000000e+00  2.501888e+10  0.000000e+00  0.000000e+00  8.476469e+07  6.854458e+07  6.443734e+07  6.359574e+07
2.549800e+03  2.762695e+09  0.000000e+00  0.000000e+00  2.484649e+10  0.000000e+00  0.000000e+00  8.308043e+07  6.270933e+07  5.750971e+07  5.641511e+07
2.567474e+03  2.743714e+09  0.000000e+00  0.000000e+00  2.467579e+10  0.000000e+00  0.000000e+00  8.347011e+07  6.309270e+07  5.788638e+07  5.679325e+07
2.585271e+03  2.724807e+09  0.000000e+00  0.000000e+00  2.450575e+10  0.000000e+00  0.000000e+00  8.423447e+07  6.367332e+07  5.841357e+07  5.730738e+07
2.603191e+03  2.706046e+09  0.000000e+00  0.000000e+00  2.433703e+10  0.000000e+00  0.000000e+00  8.501321e+07  6.427806e+07  5.896821e+07  5.785025e+07
2.621235e+03  2.687464e+09  0.000000e+00  0.000000e+00  2.416991e+10  0.000000e+00  0.000000e+00  8.580259e+07  6.490135e+07  5.954381e+07  5.841499e+07
2.639405e+03  2.668915e+09  0.000000e+00  0.000000e+00  2.400309e+10  0.000000e+00  0.000000e+00  8.575676e+07  6.522466e+07  5.992328e+07  5.881539e+07
2.657700e+03  2.650575e+09  0.000000e+00  0.000000e+00  2.383814e+10  0.000000e+00  0.000000e+00  8.656290e+07  6.587497e+07  6.053023e+07  5.941372e+07
2.676123e+03  2.632304e+09  0.000000e+00  0.000000e+00  2.367381e+10  0.000000e+00  0.000000e+00  8.737956e+07  6.653749e+07  6.115071e+07  6.002570e+07
2.694673e+03  2.614202e+09  0.000000e+00  0.000000e+00  2.351101e+10  0.000000e+00  0.000000e+00  8.820639e+07  6.721317e+07  6.178407e+07  6.065240e+07
2.713351e+03  2.596200e+09  0.000000e+00  0.000000e+00  2.334911e+10  0.000000e+00  0.000000e+00  8.772835e+07  6.744607e+07  6.212833e+07  6.103443e+07
2.732159e+03  2.578330e+09  0.000000e+00  0.000000e+00  2.318840e+10  0.000000e+00  0.000000e+00  8.859030e+07  6.815717e+07  6.279685e+07  6.169534e+07
2.751097e+03  2.560590e+09  0.000000e+00  0.000000e+00  2.302886e+10  0.000000e+00  0.000000e+00  8.947822e+07  6.889039e+07  6.348515e+07  6.237537e+07
2.770167e+03  2.542946e+09  0.000000e+00  0.000000e+00  2.287017e+10  0.000000e+00  0.000000e+00  9.039964e+07  6.964861e+07  6.419521e+07  6.307604e+07
2.789369e+03  2.525459e+09  0.000000e+00  0.000000e+00  2.271290e+10  0.000000e+00  0.000000e+00  9.072565e+07  7.022007e+07  6.478774e+07  6.367887e+07
2.808704e+03  2.508035e+09  0.000000e+00  0.000000e+00  2.255620e+10  0.000000e+00  0.000000e+00  9.173130e+07  7.103725e+07  6.554822e+07  6.442768e+07
2.827123e+03  2.491710e+09  0.000000e+00  0.000000e+00  2.240937e+10  0.000000e+00  0.000000e+00  9.270221e+07  7.182875e+07  6.628469e+07  6.515303e+07
2.844614e+03  2.476372e+09  0.000000e+00  0.000000e+00  2.227143e+10  0.000000e+00  0.000000e+00  9.362134e+07  7.258719e+07  6.699392e+07  6.585136e+07
2.862212e+03  2.461135e+09  0.000000e+00  0.000000e+00  2.213440e+10  0.000000e+00  0.000000e+00  9.436820e+07  7.331009e+07  6.769000e+07  6.654323e+07
2.879920e+03  2.446031e+09  0.000000e+00  0.000000e+00  2.199856e+10  0.000000e+00  0.000000e+00  9.533358e+07  7.413040e+07  6.846465e+07  6.730788e+07
2.897737e+03  2.430958e+09  0.000000e+00  0.000000e+00  2.186300e+10  0.000000e+00  0.000000e+00  9.634584e+07  7.500089e+07  6.929097e+07  6.812528e+07
2.915665e+03  2.416015e+09  0.000000e+00  0.000000e+00  2.172861e+10  0.000000e+00  0.000000e+00  9.742546e+07  7.594115e+07  7.018450e+07  6.901195e+07
2.933703e+03  2.401168e+09  0.000000e+00  0.000000e+00  2.159508e+10  0.000000e+00  0.000000e+00  9.856316e+07  7.696836e+07  7.116305e+07  6.998199e+07
2.951853e+03  2.386384e+09  0.000000e+00  0.000000e+00  2.146212e+10  0.000000e+00  0.000000e+00  9.981807e+07  7.812045e+07  7.226936e+07  7.106926e+07
2.970115e+03  2.371725e+09  0.000000e+00  0.000000e+00  2.133028e+10  0.000000e+00  0.000000e+00  1.011634e+08  7.940399e+07  7.353348e+07  7.230189e+07
2.988491e+03  2.357128e+09  0.000000e+00  0.000000e+00  2.119900e+10  0.000000e+00  0.000000e+00  1.068288e+08  9.111638e+07  8.914778e+07  8.989129e+07
3.006980e+03  2.342623e+09  0.000000e+00  0.000000e+00  2.106855e+10  0.000000e+00  0.000000e+00  3.557824e+08  4.261169e+08  4.144680e+08  4.034607e+08
3.025583e+03  2.328207e+09  0.000000e+00  0.000000e+00  2.093890e+10  0.000000e+00  0.000000e+00  1.337671e+08  1.008840e+08  9.052927e+07  8.752701e+07
3.044301e+03  2.313909e+09  0.000000e+00  0.000000e+00  2.081031e+10  0.000000e+00  0.000000e+00  1.195118e+08  8.994922e+07  8.173185e+07  7.965871e+07
3.063135e+03  2.299670e+09  0.000000e+00  0.000000e+00  2.068225e+10  0.000000e+00  0.000000e+00  1.753909e+08  1.123289e+08  9.687110e+07  9.236527e+07
3.082086e+03  2.285518e+09  0.000000e+00  0.000000e+00  2.055498e+10  0.000000e+00  0.000000e+00  1.638959e+08  1.057239e+08  9.205154e+07  8.824268e+07
3.101154e+03  2.271481e+09  0.000000e+00  0.000000e+00  2.042873e+10  0.000000e+00  0.000000e+00  1.068880e+08  8.362944e+07  7.729716e+07  7.599097e+07
3.120340e+03  2.257500e+09  0.000000e+00  0.000000e+00  2.030299e+10  0.000000e+00  0.000000e+00  1.077187e+08  8.429509e+07  7.791057e+07  7.659201e+07
3.139645e+03  2.243603e+09  0.000000e+00  0.000000e+00  2.017801e+10  0.000000e+00  0.000000e+00  1.086286e+08  8.501726e+07  7.857172e+07  7.723922e+07
3.159069e+03  2.229816e+09  0.000000e+00  0.000000e+00  2.005402e+10  0.000000e+00  0.000000e+00  1.095874e+08  8.577557e+07  7.926480e+07  7.791637e+07
3.178613e+03  2.216083e+09  0.000000e+00  0.000000e+00  1.993051e+10  0.000000e+00  0.000000e+00  1.105789e+08  8.655973e+07  7.998082e+07  7.861641e+07
3.198278e+03  2.202458e+09  0.000000e+00  0.000000e+00  1.980796e+10  0.000000e+00  0.000000e+00  1.115949e+08  8.736425e+07  8.071859e+07  7.933602e+07
3.218065e+03  2.188912e+09  0.000000e+00  0.000000e+00  1.968614e+10  0.000000e+00  0.000000e+00  1.126119e+08  8.816740e+07  8.145736e+07  8.005978e+07
3.237974e+03  2.175445e+09  0.000000e+00  0.000000e+00  1.956502e+10  0.000000e+00  0.000000e+00  1.130529e+08  8.902862e+07  8.271124e+07  8.150022e+07
3.258007e+03  2.162056e+09  0.000000e+00  0.000000e+00  1.944460e+10  0.000000e+00  0.000000e+00  1.271554e+08  1.066243e+08  9.931706e+07  9.731612e+07
3.278163e+03  2.148744e+09  0.000000e+00  0.000000e+00  1.932489e+10  0.000000e+00  0.000000e+00  1.157062e+08  9.052482e+07  8.362742e+07  8.218143e+07
3.298444e+03  2.135534e+09  0.000000e+00  0.000000e+00  1.920608e+10  0.000000e+00  0.000000e+00  1.159192e+08  9.075281e+07  8.390780e+07  8.249831e+07
3.318850e+03  2.122398e+09  0.000000e+00  0.000000e+00  1.908794e+10  0.000000e+00  0.000000e+00  1.164966e+08  9.132155e+07  8.447974e+07  8.308321e+07
3.339383e+03  2.109360e+09  0.000000e+00  0.000000e+00  1.897068e+10  0.000000e+00  0.000000e+00  1.174717e+08  9.217620e+07  8.528139e+07  8.387435e+07
3.358744e+03  2.097157e+09  0.000000e+00  0.000000e+00  1.886093e+10  0.000000e+00  0.000000e+00  1.182041e+08  9.292880e+07  8.600423e+07  8.459324e+07
3.376919e+03  2.085851e+09  0.000000e+00  0.000000e+00  1.875925e+10  0.000000e+00  0.000000e+00  1.191949e+08  9.374182e+07  8.675766e+07  8.533334e+07
3.395193e+03  2.074627e+09  0.000000e+00  0.000000e+00  1.865831e+10  0.000000e+00  0.000000e+00  1.201913e+08  9.456790e+07  8.752683e+07  8.608921e+07
3.413565e+03  2.063457e+09  0.000000e+00  0.000000e+00  1.855785e+10  0.000000e+00  0.000000e+00  1.211906e+08  9.540142e+07  8.830458e+07  8.685540e+07
3.432037e+03  2.052340e+09  0.000000e+00  0.000000e+00  1.845787e+10  0.000000e+00  0.000000e+00  1.221974e+08  9.624416e+07  8.909274e+07  8.763091e+07
3.450608e+03  2.041302e+09  0.000000e+00  0.000000e+00  1.835860e+10  0.000000e+00  0.000000e+00  1.228970e+08  9.699566e+07  8.982379e+07  8.836080e+07
3.469281e+03  2.030290e+09  0.000000e+00  0.000000e+00  1.825957e+10  0.000000e+00  0.000000e+00  1.239348e+08  9.786620e+07  9.063790e+07  8.916214e+07
3.488054e+03  2.019356e+09  0.000000e+00  0.000000e+00  1.816122e+10  0.000000e+00  0.000000e+00  1.249929e+08  9.875425e+07  9.146875e+07  8.997979e+07
3.506929e+03  2.008472e+09  0.000000e+00  0.000000e+00  1.806334e+10  0.000000e+00  0.000000e+00  1.260738e+08  9.966421e+07  9.231942e+07  9.081638e+07
3.525906e+03  1.997664e+09  0.000000e+00  0.000000e+00  1.796613e+10  0.000000e+00  0.000000e+00  1.270358e+08  1.005530e+08  9.316418e+07  9.165154e+07
3.544985e+03  1.986906e+09  0.000000e+00  0.000000e+00  1.786938e+10  0.000000e+00  0.000000e+00  1.281728e+08  1.015180e+08  9.406814e+07  9.254190e+07
3.564168e+03  1.976197e+09  0.000000e+00  0.000000e+00  1.777307e+10  0.000000e+00  0.000000e+00  1.293449e+08  1.025193e+08  9.500944e+07  9.346872e+07
3.583455e+03  1.965538e+09  0.000000e+00  0.000000e+00  1.767721e+10  0.000000e+00  0.000000e+00  1.305584e+08  1.035640e+08  9.599449e+07  9.444036e+07
3.602846e+03  1.954952e+09  0.000000e+00  0.000000e+00  1.758200e+10  0.000000e+00  0.000000e+00  1.318243e+08  1.046622e+08  9.703228e+07  9.546608e+07
3.622342e+03  1.944437e+09  0.000000e+00  0.000000e+00  1.748743e+10  0.000000e+00  0.000000e+00  1.331237e+08  1.058199e+08  9.812874e+07  9.655077e+07
3.641943e+03  1.933945e+09  0.000000e+00  0.000000e+00  1.739308e+10  0.000000e+00  0.000000e+00  1.345203e+08  1.070703e+08  9.931131e+07  9.771600e+07
3.661651e+03  1.923547e+09  0.000000e+00  0.000000e+00  1.729956e+10  0.000000e+00  0.000000e+00  1.359800e+08  1.084080e+08  1.005949e+08  9.896955e+07
3.681465e+03  1.913171e+09  0.000000e+00  0.000000e+00  1.720624e+10  0.000000e+00  0.000000e+00  1.375068e+08  1.098466e+08  1.019995e+08  1.003305e+08
3.701386e+03  1.902865e+09  0.000000e+00  0.000000e+00  1.711355e+10  0.000000e+00  0.000000e+00  1.392282e+08  1.114859e+08  1.035140e+08  1.018479e+08
3.721416e+03  1.892604e+09  0.000000e+00  0.000000e+00  1.702127e+10  0.000000e+00  0.000000e+00  2.319404e+08  2.944222e+08  2.980277e+08  2.963416e+08
3.741553e+03  1.882410e+09  0.000000e+00  0.000000e+00  1.692959e+10  0.000000e+00  0.000000e+00  2.604053e+08  1.908914e+08  1.644495e+08  1.554002e+08
3.761800e+03  1.872261e+09  0.000000e+00  0.000000e+00  1.683832e+10  0.000000e+00  0.000000e+00  1.734834e+08  1.318383e+08  1.192094e+08  1.157321e+08
3.782156e+03  1.862179e+09  0.000000e+00  0.000000e+00  1.674764e+10  0.000000e+00  0.000000e+00  1.598788e+08  1.215821e+08  1.110410e+08  1.084942e+08
3.802622e+03  1.852160e+09  0.000000e+00  0.000000e+00  1.665754e+10  0.000000e+00  0.000000e+00  1.647340e+08  1.229008e+08  1.118752e+08  1.092167e+08
3.823199e+03  1.842163e+09  0.000000e+00  0.000000e+00  1.656763e+10  0.000000e+00  0.000000e+00  1.704630e+08  1.250524e+08  1.134397e+08  1.106048e+08
3.843887e+03  1.832230e+09  0.000000e+00  0.000000e+00  1.647829e+10  0.000000e+00  0.000000e+00  1.490273e+08  1.174258e+08  1.085547e+08  1.066500e+08
3.864688e+03  1.822380e+09  0.000000e+00  0.000000e+00  1.638971e+10  0.000000e+00  0.000000e+00  1.469261e+08  1.171658e+08  1.086198e+08  1.068302e+08
3.885601e+03  1.812530e+09  0.000000e+00  0.000000e+00  1.630112e+10  0.000000e+00  0.000000e+00  1.481081e+08  1.181401e+08  1.095179e+08  1.077079e+08
3.906627e+03  1.802784e+09  0.000000e+00  0.000000e+00  1.621347e+10  0.000000e+00  0.000000e+00  1.493443e+08  1.191527e+08  1.104469e+08  1.086139e+08
3.927766e+03  1.793058e+09  0.000000e+00  0.000000e+00  1.612600e+10  0.000000e+00  0.000000e+00  1.506252e+08  1.201939e+08  1.113987e+08  1.095407e+08
3.949021e+03  1.783393e+09  0.000000e+00  0.000000e+00  1.603908e+10  0.000000e+00  0.000000e+00  1.519414e+08  1.212570e+08  1.123688e+08  1.104851e+08
3.970390e+03  1.773788e+09  0.000000e+00  0.000000e+00  1.595269e+10  0.000000e+00  0.000000e+00  1.532870e+08  1.223383e+08  1.133500e+08  1.114380e+08
3.990416e+03  1.764855e+09  0.000000e+00  0.000000e+00  1.587235e+10  0.000000e+00  0.000000e+00  1.545360e+08  1.233428e+08  1.142581e+08  1.123191e+08
4.009084e+03  1.756636e+09  0.000000e+00  0.000000e+00  1.579844e+10  0.000000e+00  0.000000e+00  1.556870e+08  1.242788e+08  1.151138e+08  1.131496e+08
4.027840e+03  1.748418e+09  0.000000e+00  0.000000e+00  1.572452e+10  0.000000e+00  0.000000e+00  1.568489e+08  1.252365e+08  1.159991e+08  1.140083e+08
4.046683e+03  1.740288e+09  0.000000e+00  0.000000e+00  1.565141e+10  0.000000e+00  0.000000e+00  1.573766e+08  1.254535e+08  1.162244e+08  1.142677e+08
4.065615e+03  1.732159e+09  0.000000e+00  0.000000e+00  1.557830e+10  0.000000e+00  0.000000e+00  1.760610e+08  1.566636e+08  1.480186e+08  1.455311e+08
4.084635e+03  1.724116e+09  0.000000e+00  0.000000e+00  1.550596e+10  0.000000e+00  0.000000e+00  1.727621e+08  1.352136e+08  1.238542e+08  1.210783e+08
4.103744e+03  1.716030e+09  0.000000e+00  0.000000e+00  1.543324e+10  0.000000e+00  0.000000e+00  1.618390e+08  1.288989e+08  1.192864e+08  1.171883e+08
4.122943e+03  1.708030e+09  0.000000e+00  0.000000e+00  1.536130e+10  0.000000e+00  0.000000e+00  1.615129e+08  1.288323e+08  1.193510e+08  1.173213e+08
4.142231e+03  1.700115e+09  0.000000e+00  0.000000e+00  1.529011e+10  0.000000e+00  0.000000e+00  1.619742e+08  1.293866e+08  1.199224e+08  1.179108e+08
4.161610e+03  1.692115e+09  0.000000e+00  0.000000e+00  1.521816e+10  0.000000e+00  0.000000e+00  1.627025e+08  1.301350e+08  1.206522e+08  1.186404e+08
4.181079e+03  1.684282e+09  0.000000e+00  0.000000e+00  1.514771e+10  0.000000e+00  0.000000e+00  1.635217e+08  1.309568e+08  1.214440e+08  1.194295e+08
4.200640e+03  1.676406e+09  0.000000e+00  0.000000e+00  1.507688e+10  0.000000e+00  0.000000e+00  1.645511e+08  1.318857e+08  1.223170e+08  1.202888e+08
4.220292e+03  1.668571e+09  0.000000e+00  0.000000e+00  1.500642e+10  0.000000e+00  0.000000e+00  1.655692e+08  1.328247e+08  1.232030e+08  1.211615e+08
4.240036e+03  1.660777e+09  0.000000e+00  0.000000e+00  1.493632e+10  0.000000e+00  0.000000e+00  1.667720e+08  1.338335e+08  1.241397e+08  1.220785e+08
4.259872e+03  1.653063e+09  0.000000e+00  0.000000e+00  1.486694e+10  0.000000e+00  0.000000e+00  1.678227e+08  1.348038e+08  1.250548e+08  1.229810e+08
4.279801e+03  1.645349e+09  0.000000e+00  0.000000e+00  1.479757e+10  0.000000e+00  0.000000e+00  1.690529e+08  1.358394e+08  1.260168e+08  1.239242e+08
4.299823e+03  1.637635e+09  0.000000e+00  0.000000e+00  1.472819e+10  0.000000e+00  0.000000e+00  1.702957e+08  1.368861e+08  1.269888e+08  1.248773e+08
4.319939e+03  1.630038e+09  0.000000e+00  0.000000e+00  1.465986e+10  0.000000e+00  0.000000e+00  1.715506e+08  1.379427e+08  1.279710e+08  1.258401e+08
4.340149e+03  1.622402e+09  0.000000e+00  0.000000e+00  1.459119e+10  0.000000e+00  0.000000e+00  1.728166e+08  1.390086e+08  1.289619e+08  1.268110e+08
4.360454e+03  1.614843e+09  0.000000e+00  0.000000e+00  1.452321e+10  0.000000e+00  0.000000e+00  1.740542e+08  1.400719e+08  1.299534e+08  1.277839e+08
4.380853e+03  1.607321e+09  0.000000e+00  0.000000e+00  1.445556e+10  0.000000e+00  0.000000e+00  1.753407e+08  1.411575e+08  1.309609e+08  1.287718e+08
4.401348e+03  1.599835e+09  0.000000e+00  0.000000e+00  1.438823e+10  0.000000e+00  0.000000e+00  1.766376e+08  1.422508e+08  1.319758e+08  1.297653e+08
4.421939e+03  1.592350e+09  0.000000e+00  0.000000e+00  1.432091e+10  0.000000e+00  0.000000e+00  1.779428e+08  1.433520e+08  1.329997e+08  1.307687e+08
4.442626e+03  1.584902e+09  0.000000e+00  0.000000e+00  1.425393e+10  0.000000e+00  0.000000e+00  1.792584e+08  1.444627e+08  1.340305e+08  1.317793e+08
4.463410e+03  1.577527e+09  0.000000e+00  0.000000e+00  1.418760e+10  0.000000e+00  0.000000e+00  1.805796e+08  1.455802e+08  1.350688e+08  1.327963e+08
4.484291e+03  1.570151e+09  0.000000e+00  0.000000e+00  1.412127e+10  0.000000e+00  0.000000e+00  1.819148e+08  1.467083e+08  1.361163e+08  1.338229e+08
4.505270e+03  1.562848e+09  0.000000e+00  0.000000e+00  1.405559e+10  0.000000e+00  0.000000e+00  1.832594e+08  1.478449e+08  1.371727e+08  1.348574e+08
4.526347e+03  1.555544e+09  0.000000e+00  0.000000e+00  1.398990e+10  0.000000e+00  0.000000e+00  1.846139e+08  1.489912e+08  1.382383e+08  1.359009e+08
4.547523e+03  1.548276e+09  0.000000e+00  0.000000e+00  1.392453e+10  0.000000e+00  0.000000e+00  1.859786e+08  1.501473e+08  1.393122e+08  1.369538e+08
4.568798e+03  1.541077e+09  0.000000e+00  0.000000e+00  1.385979e+10  0.000000e+00  0.000000e+00  1.873554e+08  1.513139e+08  1.403968e+08  1.380166e+08
4.590172e+03  1.533843e+09  0.000000e+00  0.000000e+00  1.379473e+10  0.000000e+00  0.000000e+00  1.887434e+08  1.524916e+08  1.414916e+08  1.390884e+08
4.611646e+03  1.526711e+09  0.000000e+00  0.000000e+00  1.373058e+10  0.000000e+00  0.000000e+00  1.901454e+08  1.536814e+08  1.425958e+08  1.401695e+08
4.633221e+03  1.519578e+09  0.000000e+00  0.000000e+00  1.366644e+10  0.000000e+00  0.000000e+00  1.915633e+08  1.548830e+08  1.437115e+08  1.412607e+08
4.654897e+03  1.512513e+09  0.000000e+00  0.000000e+00  1.360289e+10  0.000000e+00  0.000000e+00  1.929993e+08  1.560967e+08  1.448349e+08  1.423601e+08
4.676674e+03  1.505415e+09  0.000000e+00  0.000000e+00  1.353906e+10  0.000000e+00  0.000000e+00  1.944518e+08  1.573216e+08  1.459678e+08  1.434673e+08
4.698553e+03  1.498383e+09  0.000000e+00  0.000000e+00  1.347581e+10  0.000000e+00  0.000000e+00  1.959168e+08  1.585568e+08  1.471131e+08  1.445859e+08
4.720534e+03  1.491416e+09  0.000000e+00  0.000000e+00  1.341316e+10  0.000000e+00  0.000000e+00  1.973987e+08  1.598012e+08  1.482577e+08  1.456991e+08
4.741071e+03  1.484947e+09  0.000000e+00  0.000000e+00  1.335498e+10  0.000000e+00  0.000000e+00  1.987677e+08  1.609495e+08  1.493037e+08  1.467110e+08
4.760150e+03  1.478955e+09  0.000000e+00  0.000000e+00  1.330108e+10  0.000000e+00  0.000000e+00  2.000283e+08  1.620145e+08  1.502827e+08  1.476617e+08
4.779306e+03  1.473000e+09  0.000000e+00  0.000000e+00  1.324753e+10  0.000000e+00  0.000000e+00  2.012976e+08  1.630897e+08  1.512801e+08  1.486365e+08
4.798539e+03  1.467081e+09  0.000000e+00  0.000000e+00  1.319430e+10  0.000000e+00  0.000000e+00  2.025662e+08  1.641653e+08  1.522767e+08  1.496109e+08
4.817849e+03  1.461198e+09  0.000000e+00  0.000000e+00  1.314139e+10  0.000000e+00  0.000000e+00  2.038373e+08  1.652461e+08  1.532777e+08  1.505892e+08
4.837237e+03  1.455350e+09  0.000000e+00  0.000000e+00  1.308880e+10  0.000000e+00  0.000000e+00  2.051137e+08  1.663311e+08  1.542824e+08  1.515701e+08
4.856703e+03  1.449467e+09  0.000000e+00  0.000000e+00  1.303589e+10  0.000000e+00  0.000000e+00  2.063961e+08  1.674207e+08  1.552914e+08  1.525550e+08
4.876247e+03  1.443656e+09  0.000000e+00  0.000000e+00  1.298362e+10  0.000000e+00  0.000000e+00  2.076871e+08  1.685169e+08  1.563045e+08  1.535446e+08
4.895870e+03  1.437844e+09  0.000000e+00  0.000000e+00  1.293135e+10  0.000000e+00  0.000000e+00  2.089835e+08  1.696165e+08  1.573215e+08  1.545348e+08
4.915572e+03  1.432067e+09  0.000000e+00  0.000000e+00  1.287940e+10  0.000000e+00  0.000000e+00  2.102867e+08  1.707199e+08  1.583389e+08  1.555266e+08
4.935354e+03  1.426325e+09  0.000000e+00  0.000000e+00  1.282776e+10  0.000000e+00  0.000000e+00  2.115974e+08  1.718285e+08  1.593591e+08  1.565207e+08
4.955215e+03  1.420582e+09  0.000000e+00  0.000000e+00  1.277611e+10  0.000000e+00  0.000000e+00  2.129042e+08  1.729288e+08  1.603729e+08  1.575062e+08
4.975156e+03  1.414874e+09  0.000000e+00  0.000000e+00  1.272477e+10  0.000000e+00  0.000000e+00  2.142262e+08  1.740419e+08  1.613930e+08  1.584963e+08
4.995177e+03  1.409166e+09  0.000000e+00  0.000000e+00  1.267344e+10  0.000000e+00  0.000000e+00  2.155515e+08  1.751542e+08  1.624109e+08  1.594834e+08
5.015278e+03  1.403525e+09  0.000000e+00  0.000000e+00  1.262271e+10  0.000000e+00  0.000000e+00  2.168806e+08  1.762648e+08  1.634252e+08  1.604656e+08
5.035461e+03  1.397883e+09  0.000000e+00  0.000000e+00  1.257196e+10  0.000000e+00  0.000000e+00  2.182111e+08  1.773734e+08  1.644342e+08  1.614420e+08
5.055725e+03  1.392274e+09  0.000000e+00  0.000000e+00  1.252151e+10  0.000000e+00  0.000000e+00  2.195438e+08  1.784783e+08  1.654381e+08  1.624127e+08
5.076070e+03  1.386664e+09  0.000000e+00  0.000000e+00  1.247107e+10  0.000000e+00  0.000000e+00  2.208757e+08  1.795784e+08  1.664341e+08  1.633738e+08
5.096497e+03  1.381055e+09  0.000000e+00  0.000000e+00  1.242062e+10  0.000000e+00  0.000000e+00  2.222063e+08  1.806723e+08  1.674240e+08  1.643287e+08
5.117006e+03  1.375543e+09  0.000000e+00  0.000000e+00  1.237105e+10  0.000000e+00  0.000000e+00  2.235355e+08  1.817605e+08  1.684073e+08  1.652777e+08
5.137598e+03  1.369999e+09  0.000000e+00  0.000000e+00  1.232118e+10  0.000000e+00  0.000000e+00  2.248614e+08  1.828430e+08  1.693854e+08  1.662210e+08
5.158273e+03  1.364518e+09  0.000000e+00  0.000000e+00  1.227189e+10  0.000000e+00  0.000000e+00  2.261854e+08  1.839211e+08  1.703600e+08  1.671617e+08
5.179031e+03  1.359005e+09  0.000000e+00  0.000000e+00  1.222231e+10  0.000000e+00  0.000000e+00  2.275068e+08  1.849967e+08  1.713339e+08  1.681018e+08
5.199873e+03  1.353524e+09  0.000000e+00  0.000000e+00  1.217302e+10  0.000000e+00  0.000000e+00  2.288278e+08  1.860706e+08  1.723064e+08  1.690429e+08
5.220798e+03  1.348105e+09  0.000000e+00  0.000000e+00  1.212428e+10  0.000000e+00  0.000000e+00  2.301492e+08  1.871464e+08  1.732837e+08  1.699883e+08
5.241808e+03  1.342686e+09  0.000000e+00  0.000000e+00  1.207555e+10  0.000000e+00  0.000000e+00  2.314681e+08  1.882253e+08  1.742664e+08  1.709410e+08
5.262902e+03  1.337266e+09  0.000000e+00  0.000000e+00  1.202680e+10  0.000000e+00  0.000000e+00  2.296694e+08  1.872177e+08  1.736113e+08  1.704261e+08
5.284081e+03  1.331907e+09  0.000000e+00  0.000000e+00  1.197860e+10  0.000000e+00  0.000000e+00  2.309623e+08  1.882915e+08  1.745971e+08  1.713839e+08
5.305345e+03  1.326547e+09  0.000000e+00  0.000000e+00  1.193039e+10  0.000000e+00  0.000000e+00  2.322376e+08  1.893578e+08  1.755777e+08  1.723389e+08
5.326695e+03  1.321216e+09  0.000000e+00  0.000000e+00  1.188246e+10  0.000000e+00  0.000000e+00  2.335701e+08  1.904748e+08  1.766019e+08  1.733343e+08
5.348131e+03  1.315886e+09  0.000000e+00  0.000000e+00  1.183452e+10  0.000000e+00  0.000000e+00  2.349195e+08  1.916103e+08  1.776440e+08  1.743473e+08
5.369653e+03  1.310615e+09  0.000000e+00  0.000000e+00  1.178711e+10  0.000000e+00  0.000000e+00  2.362831e+08  1.927631e+08  1.787053e+08  1.753780e+08
5.391261e+03  1.305314e+09  0.000000e+00  0.000000e+00  1.173944e+10  0.000000e+00  0.000000e+00  2.376606e+08  1.939330e+08  1.797811e+08  1.764248e+08
5.412957e+03  1.300100e+09  0.000000e+00  0.000000e+00  1.169254e+10  0.000000e+00  0.000000e+00  2.390505e+08  1.951176e+08  1.808732e+08  1.774857e+08
5.434740e+03  1.294829e+09  0.000000e+00  0.000000e+00  1.164514e+10  0.000000e+00  0.000000e+00  2.404526e+08  1.963175e+08  1.819787e+08  1.785616e+08
5.456610e+03  1.289643e+09  0.000000e+00  0.000000e+00  1.159850e+10  0.000000e+00  0.000000e+00  2.418683e+08  1.975307e+08  1.830986e+08  1.796497e+08
5.478569e+03  1.284457e+09  0.000000e+00  0.000000e+00  1.155186e+10  0.000000e+00  0.000000e+00  2.432947e+08  1.987576e+08  1.842306e+08  1.807508e+08
5.500616e+03  1.279298e+09  0.000000e+00  0.000000e+00  1.150546e+10  0.000000e+00  0.000000e+00  2.447356e+08  1.999973e+08  1.853745e+08  1.818622e+08
5.522751e+03  1.274139e+09  0.000000e+00  0.000000e+00  1.145906e+10  0.000000e+00  0.000000e+00  2.461922e+08  2.012481e+08  1.865284e+08  1.829859e+08
5.544976e+03  1.269007e+09  0.000000e+00  0.000000e+00  1.141290e+10  0.000000e+00  0.000000e+00  2.476640e+08  2.025136e+08  1.876935e+08  1.841189e+08
5.567290e+03  1.263902e+09  0.000000e+00  0.000000e+00  1.136699e+10  0.000000e+00  0.000000e+00  2.491493e+08  2.037905e+08  1.888734e+08  1.852637e+08
5.589694e+03  1.258824e+09  0.000000e+00  0.000000e+00  1.132133e+10  0.000000e+00  0.000000e+00  2.506450e+08  2.050804e+08  1.900687e+08  1.864272e+08
5.612188e+03  1.253747e+09  0.000000e+00  0.000000e+00  1.127566e+10  0.000000e+00  0.000000e+00  2.521644e+08  2.063895e+08  1.912694e+08  1.875794e+08
5.632995e+03  1.249119e+09  0.000000e+00  0.000000e+00  1.123405e+10  0.000000e+00  0.000000e+00  2.535648e+08  2.075997e+08  1.923664e+08  1.886106e+08
5.652102e+03  1.244859e+09  0.000000e+00  0.000000e+00  1.119573e+10  0.000000e+00  0.000000e+00  2.548433e+08  2.087141e+08  1.933924e+08  1.895918e+08
5.671273e+03  1.240629e+09  0.000000e+00  0.000000e+00  1.115769e+10  0.000000e+00  0.000000e+00  2.561376e+08  2.098468e+08  1.944473e+08  1.906182e+08
5.690509e+03  1.236431e+09  0.000000e+00  0.000000e+00  1.111993e+10  0.000000e+00  0.000000e+00  2.574281e+08  2.109844e+08  1.955062e+08  1.916479e+08
5.709811e+03  1.232232e+09  0.000000e+00  0.000000e+00  1.108217e+10  0.000000e+00  0.000000e+00  2.587549e+08  2.121564e+08  1.965954e+08  1.927064e+08
5.729178e+03  1.228034e+09  0.000000e+00  0.000000e+00  1.104441e+10  0.000000e+00  0.000000e+00  2.601046e+08  2.133544e+08  1.977117e+08  1.937928e+08
5.748611e+03  1.223896e+09  0.000000e+00  0.000000e+00  1.100719e+10  0.000000e+00  0.000000e+00  2.614789e+08  2.145852e+08  1.988596e+08  1.949082e+08
5.768109e+03  1.219727e+09  0.000000e+00  0.000000e+00  1.096970e+10  0.000000e+00  0.000000e+00  2.628945e+08  2.158552e+08  2.000471e+08  1.960638e+08
5.787674e+03  1.215558e+09  0.000000e+00  0.000000e+00  1.093220e+10  0.000000e+00  0.000000e+00  2.643557e+08  2.171764e+08  2.012831e+08  1.972671e+08
5.807305e+03  1.211477e+09  0.000000e+00  0.000000e+00  1.089551e+10  0.000000e+00  0.000000e+00  2.658733e+08  2.185574e+08  2.025766e+08  1.985239e+08
5.827003e+03  1.207338e+09  0.000000e+00  0.000000e+00  1.085828e+10  0.000000e+00  0.000000e+00  2.674598e+08  2.200095e+08  2.039405e+08  1.998512e+08
5.846768e+03  1.203228e+09  0.000000e+00  0.000000e+00  1.082132e+10  0.000000e+00  0.000000e+00  2.691330e+08  2.215541e+08  2.053929e+08  2.012618e+08
5.866599e+03  1.199148e+09  0.000000e+00  0.000000e+00  1.078462e+10  0.000000e+00  0.000000e+00  2.709137e+08  2.232110e+08  2.069520e+08  2.027752e+08
5.886498e+03  1.195096e+09  0.000000e+00  0.000000e+00  1.074818e+10  0.000000e+00  0.000000e+00  2.728324e+08  2.250082e+08  2.086434e+08  2.044150e+08
5.906464e+03  1.191015e+09  0.000000e+00  0.000000e+00  1.071148e+10  0.000000e+00  0.000000e+00  2.749190e+08  2.269781e+08  2.104972e+08  2.062105e+08
5.926499e+03  1.186991e+09  0.000000e+00  0.000000e+00  1.067529e+10  0.000000e+00  0.000000e+00  2.772150e+08  2.291607e+08  2.125485e+08  2.081942e+08
5.946601e+03  1.182967e+09  0.000000e+00  0.000000e+00  1.063910e+10  0.000000e+00  0.000000e+00  2.797717e+08  2.316026e+08  2.148428e+08  2.104095e+08
5.966771e+03  1.178916e+09  0.000000e+00  0.000000e+00  1.060267e+10  0.000000e+00  0.000000e+00  2.826391e+08  2.343591e+08  2.174288e+08  2.129000e+08
5.987009e+03  1.174948e+09  0.000000e+00  0.000000e+00  1.056698e+10  0.000000e+00  0.000000e+00  2.858823e+08  2.374899e+08  2.203626e+08  2.157224e+08
6.007317e+03  1.170925e+09  0.000000e+00  0.000000e+00  1.053080e+10  0.000000e+00  0.000000e+00  2.895622e+08  2.410621e+08  2.237087e+08  2.189382e+08
6.027693e+03  1.166956e+09  0.000000e+00  0.000000e+00  1.049511e+10  0.000000e+00  0.000000e+00  2.937454e+08  2.451447e+08  2.275342e+08  2.226140e+08
6.048138e+03  1.163014e+09  0.000000e+00  0.000000e+00  1.045965e+10  0.000000e+00  0.000000e+00  2.984918e+08  2.498073e+08  2.319135e+08  2.268241e+08
6.068653e+03  1.159045e+09  0.000000e+00  0.000000e+00  1.042395e+10  0.000000e+00  0.000000e+00  3.038581e+08  2.551162e+08  2.369175e+08  2.316434e+08
6.089237e+03  1.155103e+09  0.000000e+00  0.000000e+00  1.038850e+10  0.000000e+00  0.000000e+00  3.098896e+08  2.611334e+08  2.426189e+08  2.371493e+08
6.109891e+03  1.151187e+09  0.000000e+00  0.000000e+00  1.035329e+10  0.000000e+00  0.000000e+00  3.166304e+08  2.679125e+08  2.490855e+08  2.434169e+08
6.130615e+03  1.147272e+09  0.000000e+00  0.000000e+00  1.031808e+10  0.000000e+00  0.000000e+00  3.241158e+08  2.754976e+08  2.563752e+08  2.505141e+08
6.151409e+03  1.143383e+09  0.000000e+00  0.000000e+00  1.028310e+10  0.000000e+00  0.000000e+00  3.324002e+08  2.839273e+08  2.645415e+08  2.584999e+08
6.172274e+03  1.139494e+09  0.000000e+00  0.000000e+00  1.024812e+10  0.000000e+00  0.000000e+00  3.415555e+08  2.932449e+08  2.736212e+08  2.674219e+08
6.193210e+03  1.135631e+09  0.000000e+00  0.000000e+00  1.021338e+10  0.000000e+00  0.000000e+00  3.516901e+08  3.035117e+08  2.836453e+08  2.773081e+08
6.214217e+03  1.131768e+09  0.000000e+00  0.000000e+00  1.017864e+10  0.000000e+00  0.000000e+00  3.629414e+08  3.148210e+08  2.946364e+08  2.881725e+08
6.235295e+03  1.127906e+09  0.000000e+00  0.000000e+00  1.014390e+10  0.000000e+00  0.000000e+00  3.754463e+08  3.273080e+08  3.066189e+08  3.000090e+08
6.256444e+03  1.124094e+09  0.000000e+00  0.000000e+00  1.010962e+10  0.000000e+00  0.000000e+00  3.892741e+08  3.411354e+08  3.196378e+08  3.127871e+08
6.277665e+03  1.120257e+09  0.000000e+00  0.000000e+00  1.007511e+10  0.000000e+00  0.000000e+00  4.043271e+08  3.564079e+08  3.337639e+08  3.264474e+08
6.298958e+03  1.116471e+09  0.000000e+00  0.000000e+00  1.004106e+10  0.000000e+00  0.000000e+00  4.202467e+08  3.730433e+08  3.490751e+08  3.409090e+08
6.320324e+03  1.112658e+09  0.000000e+00  0.000000e+00  1.000677e+10  0.000000e+00  0.000000e+00  4.365114e+08  3.907113e+08  3.656339e+08  3.561201e+08
6.341762e+03  1.108895e+09  0.000000e+00  0.000000e+00  9.972930e+09  0.000000e+00  0.000000e+00  4.528009e+08  4.090922e+08  3.834284e+08  3.720682e+08
6.363272e+03  1.105108e+09  0.000000e+00  0.000000e+00  9.938866e+09  0.000000e+00  0.000000e+00  4.697845e+08  4.285609e+08  4.023982e+08  3.888160e+08
6.384856e+03  1.101345e+09  0.000000e+00  0.000000e+00  9.905024e+09  0.000000e+00  0.000000e+00  4.902039e+08  4.500949e+08  4.218094e+08  4.065226e+08
6.406513e+03  1.097630e+09  0.000000e+00  0.000000e+00  9.871618e+09  0.000000e+00  0.000000e+00  5.243750e+08  4.781749e+08  4.403736e+08  4.237861e+08
6.428243e+03  1.093868e+09  0.000000e+00  0.000000e+00  9.837778e+09  0.000000e+00  0.000000e+00  4.127433e+09  3.991472e+09  3.615467e+09  3.413132e+09
6.450047e+03  1.090177e+09  0.000000e+00  0.000000e+00  9.804585e+09  0.000000e+00  0.000000e+00  7.976010e+09  7.598371e+09  6.853634e+09  6.451950e+09
6.471924e+03  1.086462e+09  0.000000e+00  0.000000e+00  9.771178e+09  0.000000e+00  0.000000e+00  1.605087e+09  9.689508e+08  7.767661e+08  7.064387e+08
6.493877e+03  1.082772e+09  0.000000e+00  0.000000e+00  9.737984e+09  0.000000e+00  0.000000e+00  6.443284e+08  4.730104e+08  4.186515e+08  3.972736e+08
6.515903e+03  1.079081e+09  0.000000e+00  0.000000e+00  9.704792e+09  0.000000e+00  0.000000e+00  7.628605e+08  4.849587e+08  4.165175e+08  3.913527e+08
6.538004e+03  1.075414e+09  0.000000e+00  0.000000e+00  9.671810e+09  0.000000e+00  0.000000e+00  5.164935e+08  3.771264e+08  3.373054e+08  3.231744e+08
6.560181e+03  1.071747e+09  0.000000e+00  0.000000e+00  9.638831e+09  0.000000e+00  0.000000e+00  4.358320e+08  3.364220e+08  3.051023e+08  2.947720e+08
6.582432e+03  1.068125e+09  0.000000e+00  0.000000e+00  9.606264e+09  0.000000e+00  0.000000e+00  3.558403e+08  2.994065e+08  2.769635e+08  2.700788e+08
6.604759e+03  1.064481e+09  0.000000e+00  0.000000e+00  9.573489e+09  0.000000e+00  0.000000e+00  3.429412e+08  2.887397e+08  2.673822e+08  2.610643e+08
6.627161e+03  1.060859e+09  0.000000e+00  0.000000e+00  9.540915e+09  0.000000e+00  0.000000e+00  3.366412e+08  2.822917e+08  2.613314e+08  2.552071e+08
6.649640e+03  1.057259e+09  0.000000e+00  0.000000e+00  9.508539e+09  0.000000e+00  0.000000e+00  3.325837e+08  2.780194e+08  2.572281e+08  2.511724e+08
6.672195e+03  1.053660e+09  0.000000e+00  0.000000e+00  9.476164e+09  0.000000e+00  0.000000e+00  3.301697e+08  2.753312e+08  2.545210e+08  2.484183e+08
6.692965e+03  1.050367e+09  0.000000e+00  0.000000e+00  9.446549e+09  0.000000e+00  0.000000e+00  3.290091e+08  2.738611e+08  2.529214e+08  2.466817e+08
6.711940e+03  1.047388e+09  0.000000e+00  0.000000e+00  9.419758e+09  0.000000e+00  0.000000e+00  3.285863e+08  2.731149e+08  2.520079e+08  2.456514e+08
6.730969e+03  1.044409e+09  0.000000e+00  0.000000e+00  9.392966e+09  0.000000e+00  0.000000e+00  3.286251e+08  2.727912e+08  2.514752e+08  2.450199e+08
6.750052e+03  1.041430e+09  0.000000e+00  0.000000e+00  9.366176e+09  0.000000e+00  0.000000e+00  3.290172e+08  2.727758e+08  2.512126e+08  2.446284e+08
6.769189e+03  1.038451e+09  0.000000e+00  0.000000e+00  9.339389e+09  0.000000e+00  0.000000e+00  3.296727e+08  2.729775e+08  2.511303e+08  2.443986e+08
6.788380e+03  1.035524e+09  0.000000e+00  0.000000e+00  9.313065e+09  0.000000e+00  0.000000e+00  3.305215e+08  2.733202e+08  2.511583e+08  2.442646e+08
6.807625e+03  1.032572e+09  0.000000e+00  0.000000e+00  9.286509e+09  0.000000e+00  0.000000e+00  3.315098e+08  2.737458e+08  2.512413e+08  2.441709e+08
6.826925e+03  1.029619e+09  0.000000e+00  0.000000e+00  9.259956e+09  0.000000e+00  0.000000e+00  3.325991e+08  2.742056e+08  2.513336e+08  2.440769e+08
6.846280e+03  1.026692e+09  0.000000e+00  0.000000e+00  9.233632e+09  0.000000e+00  0.000000e+00  3.337648e+08  2.746633e+08  2.514004e+08  2.439533e+08
6.865690e+03  1.023790e+09  0.000000e+00  0.000000e+00  9.207534e+09  0.000000e+00  0.000000e+00  3.349885e+08  2.750995e+08  2.514197e+08  2.437766e+08
6.885154e+03  1.020863e+09  0.000000e+00  0.000000e+00  9.181210e+09  0.000000e+00  0.000000e+00  3.362550e+08  2.755025e+08  2.513732e+08  2.435327e+08
6.904674e+03  1.017962e+09  0.000000e+00  0.000000e+00  9.155113e+09  0.000000e+00  0.000000e+00  3.375532e+08  2.758690e+08  2.512574e+08  2.432169e+08
6.924249e+03  1.015059e+09  0.000000e+00  0.000000e+00  9.129011e+09  0.000000e+00  0.000000e+00  3.388595e+08  2.762067e+08  2.510753e+08  2.428230e+08
6.943880e+03  1.012181e+09  0.000000e+00  0.000000e+00  9.103127e+09  0.000000e+00  0.000000e+00  3.401376e+08  2.765165e+08  2.508432e+08  2.423569e+08
6.963566e+03  1.009279e+09  0.000000e+00  0.000000e+00  9.077024e+09  0.000000e+00  0.000000e+00  3.413282e+08  2.767886e+08  2.505816e+08  2.418240e+08
6.983308e+03  1.006425e+09  0.000000e+00  0.000000e+00  9.051359e+09  0.000000e+00  0.000000e+00  3.423586e+08  2.769891e+08  2.503098e+08  2.412406e+08
7.003106e+03  1.003571e+09  0.000000e+00  0.000000e+00  9.025692e+09  0.000000e+00  0.000000e+00  3.431837e+08  2.770867e+08  2.500487e+08  2.406324e+08
7.022961e+03  1.000694e+09  0.000000e+00  0.000000e+00  8.999810e+09  0.000000e+00  0.000000e+00  3.438492e+08  2.771137e+08  2.498164e+08  2.400297e+08
7.042871e+03  9.978399e+08  0.000000e+00  0.000000e+00  8.974146e+09  0.000000e+00  0.000000e+00  3.445446e+08  2.772153e+08  2.496359e+08  2.394655e+08
7.062838e+03  9.950102e+08  0.000000e+00  0.000000e+00  8.948696e+09  0.000000e+00  0.000000e+00  3.455835e+08  2.775046e+08  2.494404e+08  2.390097e+08
7.082862e+03  9.921804e+08  0.000000e+00  0.000000e+00  8.923247e+09  0.000000e+00  0.000000e+00  3.483836e+08  2.782736e+08  2.488518e+08  2.385964e+08
7.102942e+03  9.893742e+08  0.000000e+00  0.000000e+00  8.898009e+09  0.000000e+00  0.000000e+00  3.576578e+08  2.847283e+08  2.521255e+08  2.404151e+08
7.123079e+03  9.865211e+08  0.000000e+00  0.000000e+00  8.872350e+09  0.000000e+00  0.000000e+00  2.327850e+09  2.097065e+09  1.857169e+09  1.737121e+09
7.143274e+03  9.837382e+08  0.000000e+00  0.000000e+00  8.847321e+09  0.000000e+00  0.000000e+00  4.731063e+08  3.308848e+08  2.820230e+08  2.647349e+08
7.163525e+03  9.809321e+08  0.000000e+00  0.000000e+00  8.822084e+09  0.000000e+00  0.000000e+00  2.498487e+08  2.025532e+08  1.869226e+08  1.824412e+08
7.183834e+03  9.781261e+08  0.000000e+00  0.000000e+00  8.796848e+09  0.000000e+00  0.000000e+00  3.128530e+08  2.296084e+08  2.054124e+08  1.976051e+08
7.204201e+03  9.753431e+08  0.000000e+00  0.000000e+00  8.771819e+09  0.000000e+00  0.000000e+00  2.637854e+08  2.031747e+08  1.853939e+08  1.800649e+08
7.224625e+03  9.725829e+08  0.000000e+00  0.000000e+00  8.746995e+09  0.000000e+00  0.000000e+00  2.581573e+08  1.973509e+08  1.801770e+08  1.752712e+08
7.245107e+03  9.697998e+08  0.000000e+00  0.000000e+00  8.721965e+09  0.000000e+00  0.000000e+00  2.509355e+08  1.927815e+08  1.762647e+08  1.716919e+08
7.265648e+03  9.670389e+08  0.000000e+00  0.000000e+00  8.697135e+09  0.000000e+00  0.000000e+00  2.404437e+08  1.879812e+08  1.725226e+08  1.683516e+08
7.286246e+03  9.642999e+08  0.000000e+00  0.000000e+00  8.672501e+09  0.000000e+00  0.000000e+00  2.265693e+08  1.822383e+08  1.683204e+08  1.646889e+08
7.306903e+03  9.615385e+08  0.000000e+00  0.000000e+00  8.647666e+09  0.000000e+00  0.000000e+00  2.173844e+08  1.785555e+08  1.656240e+08  1.623152e+08
7.327619e+03  9.587996e+08  0.000000e+00  0.000000e+00  8.623034e+09  0.000000e+00  0.000000e+00  2.160550e+08  1.777835e+08  1.649392e+08  1.616549e+08
7.348393e+03  9.560607e+08  0.000000e+00  0.000000e+00  8.598402e+09  0.000000e+00  0.000000e+00  2.158995e+08  1.775894e+08  1.647092e+08  1.614066e+08
7.369226e+03  9.533439e+08  0.000000e+00  0.000000e+00  8.573968e+09  0.000000e+00  0.000000e+00  2.150494e+08  1.773179e+08  1.644928e+08  1.611963e+08
7.390118e+03  9.506272e+08  0.000000e+00  0.000000e+00  8.549535e+09  0.000000e+00  0.000000e+00  2.154091e+08  1.775259e+08  1.646336e+08  1.613116e+08
7.411070e+03  9.479320e+08  0.000000e+00  0.000000e+00  8.525295e+09  0.000000e+00  0.000000e+00  2.156164e+08  1.777665e+08  1.648364e+08  1.614951e+08
7.432080e+03  9.452154e+08  0.000000e+00  0.000000e+00  8.500863e+09  0.000000e+00  0.000000e+00  2.161513e+08  1.781691e+08  1.651739e+08  1.618077e+08
7.453151e+03  9.425204e+08  0.000000e+00  0.000000e+00  8.476626e+09  0.000000e+00  0.000000e+00  2.166801e+08  1.786168e+08  1.655667e+08  1.621779e+08
7.474281e+03  9.398466e+08  0.000000e+00  0.000000e+00  8.452579e+09  0.000000e+00  0.000000e+00  2.173138e+08  1.791334e+08  1.660240e+08  1.626108e+08
7.495471e+03  9.371729e+08  0.000000e+00  0.000000e+00  8.428533e+09  0.000000e+00  0.000000e+00  2.179686e+08  1.796843e+08  1.665180e+08  1.630829e+08
7.516721e+03  9.344991e+08  0.000000e+00  0.000000e+00  8.404486e+09  0.000000e+00  0.000000e+00  2.186613e+08  1.802682e+08  1.670453e+08  1.635894e+08
7.538032e+03  9.318257e+08  0.000000e+00  0.000000e+00  8.380442e+09  0.000000e+00  0.000000e+00  2.193725e+08  1.808744e+08  1.675954e+08  1.641168e+08
7.559402e+03  9.291730e+08  0.000000e+00  0.000000e+00  8.356585e+09  0.000000e+00  0.000000e+00  2.200972e+08  1.814969e+08  1.681639e+08  1.646647e+08
7.580834e+03  9.265408e+08  0.000000e+00  0.000000e+00  8.332912e+09  0.000000e+00  0.000000e+00  2.208339e+08  1.821335e+08  1.687464e+08  1.652266e+08
7.602326e+03  9.238875e+08  0.000000e+00  0.000000e+00  8.309049e+09  0.000000e+00  0.000000e+00  2.215792e+08  1.827797e+08  1.693386e+08  1.657975e+08
7.623879e+03  9.212544e+08  0.000000e+00  0.000000e+00  8.285368e+09  0.000000e+00  0.000000e+00  2.223298e+08  1.834329e+08  1.699386e+08  1.663781e+08
7.645493e+03  9.186213e+08  0.000000e+00  0.000000e+00  8.261687e+09  0.000000e+00  0.000000e+00  2.230875e+08  1.840933e+08  1.705452e+08  1.669638e+08
7.667168e+03  9.160086e+08  0.000000e+00  0.000000e+00  8.238190e+09  0.000000e+00  0.000000e+00  2.238496e+08  1.847587e+08  1.711577e+08  1.675549e+08
7.688905e+03  9.133959e+08  0.000000e+00  0.000000e+00  8.214692e+09  0.000000e+00  0.000000e+00  2.246162e+08  1.854276e+08  1.717736e+08  1.681497e+08
7.710704e+03  9.108031e+08  0.000000e+00  0.000000e+00  8.191374e+09  0.000000e+00  0.000000e+00  2.253854e+08  1.861006e+08  1.723929e+08  1.687478e+08
7.732564e+03  9.081906e+08  0.000000e+00  0.000000e+00  8.167878e+09  0.000000e+00  0.000000e+00  2.261575e+08  1.867768e+08  1.730140e+08  1.693492e+08
7.754486e+03  9.055981e+08  0.000000e+00  0.000000e+00  8.144563e+09  0.000000e+00  0.000000e+00  2.269324e+08  1.874549e+08  1.736385e+08  1.699514e+08
7.776471e+03  9.030253e+08  0.000000e+00  0.000000e+00  8.121424e+09  0.000000e+00  0.000000e+00  2.277104e+08  1.881355e+08  1.742644e+08  1.705560e+08
7.798518e+03  9.004523e+08  0.000000e+00  0.000000e+00  8.098283e+09  0.000000e+00  0.000000e+00  2.284916e+08  1.888187e+08  1.748923e+08  1.711622e+08
7.820627e+03  8.978797e+08  0.000000e+00  0.000000e+00  8.075146e+09  0.000000e+00  0.000000e+00  2.292744e+08  1.895026e+08  1.755205e+08  1.717695e+08
7.842799e+03  8.953263e+08  0.000000e+00  0.000000e+00  8.052182e+09  0.000000e+00  0.000000e+00  2.300594e+08  1.901886e+08  1.761509e+08  1.723775e+08
7.865034e+03  8.927728e+08  0.000000e+00  0.000000e+00  8.029217e+09  0.000000e+00  0.000000e+00  2.308446e+08  1.908751e+08  1.767829e+08  1.729879e+08
7.887331e+03  8.902195e+08  0.000000e+00  0.000000e+00  8.006254e+09  0.000000e+00  0.000000e+00  2.316294e+08  1.915632e+08  1.774165e+08  1.735986e+08
7.909692e+03  8.876854e+08  0.000000e+00  0.000000e+00  7.983463e+09  0.000000e+00  0.000000e+00  2.324143e+08  1.922510e+08  1.780491e+08  1.742136e+08
7.932117e+03  8.851512e+08  0.000000e+00  0.000000e+00  7.960672e+09  0.000000e+00  0.000000e+00  2.332100e+08  1.929462e+08  1.786853e+08  1.748103e+08
7.952883e+03  8.828059e+08  0.000000e+00  0.000000e+00  7.939579e+09  0.000000e+00  0.000000e+00  2.339412e+08  1.935892e+08  1.792762e+08  1.753383e+08
7.971981e+03  8.806922e+08  0.000000e+00  0.000000e+00  7.920569e+09  0.000000e+00  0.000000e+00  2.346062e+08  1.941715e+08  1.798115e+08  1.758391e+08
7.991125e+03  8.785344e+08  0.000000e+00  0.000000e+00  7.901163e+09  0.000000e+00  0.000000e+00  2.352675e+08  1.947544e+08  1.803465e+08  1.763592e+08
8.010315e+03  8.764640e+08  0.000000e+00  0.000000e+00  7.882543e+09  0.000000e+00  0.000000e+00  2.359292e+08  1.953380e+08  1.808858e+08  1.768792e+08
8.029551e+03  8.742850e+08  0.000000e+00  0.000000e+00  7.862946e+09  0.000000e+00  0.000000e+00  2.365920e+08  1.959226e+08  1.814248e+08  1.773979e+08
8.048833e+03  8.721929e+08  0.000000e+00  0.000000e+00  7.844130e+09  0.000000e+00  0.000000e+00  2.372573e+08  1.965089e+08  1.819646e+08  1.779183e+08
8.068161e+03  8.701006e+08  0.000000e+00  0.000000e+00  7.825313e+09  0.000000e+00  0.000000e+00  2.379221e+08  1.970965e+08  1.825048e+08  1.784396e+08
8.087536e+03  8.680081e+08  0.000000e+00  0.000000e+00  7.806494e+09  0.000000e+00  0.000000e+00  2.385874e+08  1.976849e+08  1.830454e+08  1.789613e+08
8.106958e+03  8.658731e+08  0.000000e+00  0.000000e+00  7.787293e+09  0.000000e+00  0.000000e+00  2.392539e+08  1.982745e+08  1.835886e+08  1.794844e+08
8.126426e+03  8.637810e+08  0.000000e+00  0.000000e+00  7.768477e+09  0.000000e+00  0.000000e+00  2.399230e+08  1.988651e+08  1.841323e+08  1.800086e+08
8.145941e+03  8.616887e+08  0.000000e+00  0.000000e+00  7.749660e+09  0.000000e+00  0.000000e+00  2.405919e+08  1.994562e+08  1.846770e+08  1.805330e+08
8.165502e+03  8.596384e+08  0.000000e+00  0.000000e+00  7.731220e+09  0.000000e+00  0.000000e+00  2.412613e+08  2.000494e+08  1.852230e+08  1.810588e+08
8.185111e+03  8.575463e+08  0.000000e+00  0.000000e+00  7.712405e+09  0.000000e+00  0.000000e+00  2.419319e+08  2.006430e+08  1.857687e+08  1.815862e+08
8.204767e+03  8.554544e+08  0.000000e+00  0.000000e+00  7.693591e+09  0.000000e+00  0.000000e+00  2.426043e+08  2.012386e+08  1.863160e+08  1.821129e+08
8.224470e+03  8.534040e+08  0.000000e+00  0.000000e+00  7.675151e+09  0.000000e+00  0.000000e+00  2.432774e+08  2.018341e+08  1.868644e+08  1.826416e+08
8.244220e+03  8.513534e+08  0.000000e+00  0.000000e+00  7.656708e+09  0.000000e+00  0.000000e+00  2.439504e+08  2.024310e+08  1.874140e+08  1.831705e+08
8.264018e+03  8.492619e+08  0.000000e+00  0.000000e+00  7.637898e+09  0.000000e+00  0.000000e+00  2.446253e+08  2.030282e+08  1.879635e+08  1.837000e+08
8.283863e+03  8.472114e+08  0.000000e+00  0.000000e+00  7.619457e+09  0.000000e+00  0.000000e+00  2.453006e+08  2.036269e+08  1.885145e+08  1.842302e+08
8.303756e+03  8.451611e+08  0.000000e+00  0.000000e+00  7.601018e+09  0.000000e+00  0.000000e+00  2.459766e+08  2.042270e+08  1.890660e+08  1.847617e+08
8.323697e+03  8.431505e+08  0.000000e+00  0.000000e+00  7.582935e+09  0.000000e+00  0.000000e+00  2.466529e+08  2.048274e+08  1.896187e+08  1.852931e+08
8.343685e+03  8.410590e+08  0.000000e+00  0.000000e+00  7.564125e+09  0.000000e+00  0.000000e+00  2.473306e+08  2.054295e+08  1.901721e+08  1.858265e+08
8.363722e+03  8.390476e+08  0.000000e+00  0.000000e+00  7.546036e+09  0.000000e+00  0.000000e+00  2.480084e+08  2.060318e+08  1.907267e+08  1.863592e+08
8.383806e+03  8.370361e+08  0.000000e+00  0.000000e+00  7.527945e+09  0.000000e+00  0.000000e+00  2.486868e+08  2.066340e+08  1.912809e+08  1.868937e+08
8.403939e+03  8.349849e+08  0.000000e+00  0.000000e+00  7.509497e+09  0.000000e+00  0.000000e+00  2.493646e+08  2.072382e+08  1.918368e+08  1.874273e+08
8.424121e+03  8.329735e+08  0.000000e+00  0.000000e+00  7.491408e+09  0.000000e+00  0.000000e+00  2.500441e+08  2.078425e+08  1.923925e+08  1.879628e+08
8.444350e+03  8.309618e+08  0.000000e+00  0.000000e+00  7.473316e+09  0.000000e+00  0.000000e+00  2.507240e+08  2.084484e+08  1.929502e+08  1.884989e+08
8.464629e+03  8.289503e+08  0.000000e+00  0.000000e+00  7.455225e+09  0.000000e+00  0.000000e+00  2.514042e+08  2.090544e+08  1.935064e+08  1.890359e+08
8.484956e+03  8.269387e+08  0.000000e+00  0.000000e+00  7.437134e+09  0.000000e+00  0.000000e+00  2.520852e+08  2.096615e+08  1.940658e+08  1.895725e+08
8.505331e+03  8.249275e+08  0.000000e+00  0.000000e+00  7.419046e+09  0.000000e+00  0.000000e+00  2.527665e+08  2.102680e+08  1.946248e+08  1.901099e+08
8.525756e+03  8.229548e+08  0.000000e+00  0.000000e+00  7.401303e+09  0.000000e+00  0.000000e+00  2.534483e+08  2.108772e+08  1.951844e+08  1.906479e+08
8.546230e+03  8.209435e+08  0.000000e+00  0.000000e+00  7.383215e+09  0.000000e+00  0.000000e+00  2.541302e+08  2.114862e+08  1.957451e+08  1.911876e+08
8.566753e+03  8.189328e+08  0.000000e+00  0.000000e+00  7.365131e+09  0.000000e+00  0.000000e+00  2.548133e+08  2.120959e+08  1.963055e+08  1.917275e+08
8.587325e+03  8.169978e+08  0.000000e+00  0.000000e+00  7.347729e+09  0.000000e+00  0.000000e+00  2.554960e+08  2.127055e+08  1.968670e+08  1.922663e+08
8.607947e+03  8.149872e+08  0.000000e+00  0.000000e+00  7.329647e+09  0.000000e+00  0.000000e+00  2.561789e+08  2.133166e+08  1.974299e+08  1.928071e+08
8.628618e+03  8.130146e+08  0.000000e+00  0.000000e+00  7.311906e+09  0.000000e+00  0.000000e+00  2.568631e+08  2.139294e+08  1.979921e+08  1.933481e+08
8.649339e+03  8.110792e+08  0.000000e+00  0.000000e+00  7.294499e+09  0.000000e+00  0.000000e+00  2.575467e+08  2.145408e+08  1.985559e+08  1.938897e+08
8.670109e+03  8.091062e+08  0.000000e+00  0.000000e+00  7.276756e+09  0.000000e+00  0.000000e+00  2.582311e+08  2.151546e+08  1.991201e+08  1.944322e+08
8.690930e+03  8.071336e+08  0.000000e+00  0.000000e+00  7.259015e+09  0.000000e+00  0.000000e+00  2.589163e+08  2.157686e+08  1.996842e+08  1.949757e+08
8.711800e+03  8.051610e+08  0.000000e+00  0.000000e+00  7.241274e+09  0.000000e+00  0.000000e+00  2.596013e+08  2.163834e+08  2.002499e+08  1.955190e+08
8.732721e+03  8.032244e+08  0.000000e+00  0.000000e+00  7.223857e+09  0.000000e+00  0.000000e+00  2.602866e+08  2.169979e+08  2.008156e+08  1.960625e+08
8.753692e+03  8.012877e+08  0.000000e+00  0.000000e+00  7.206439e+09  0.000000e+00  0.000000e+00  2.609720e+08  2.176134e+08  2.013820e+08  1.966059e+08
8.774713e+03  7.993510e+08  0.000000e+00  0.000000e+00  7.189021e+09  0.000000e+00  0.000000e+00  2.616574e+08  2.182293e+08  2.019491e+08  1.971518e+08
8.795785e+03  7.973782e+08  0.000000e+00  0.000000e+00  7.171279e+09  0.000000e+00  0.000000e+00  2.623441e+08  2.188466e+08  2.025168e+08  1.976969e+08
8.816907e+03  7.954775e+08  0.000000e+00  0.000000e+00  7.154185e+09  0.000000e+00  0.000000e+00  2.630305e+08  2.194650e+08  2.030855e+08  1.982432e+08
8.838080e+03  7.935410e+08  0.000000e+00  0.000000e+00  7.136768e+09  0.000000e+00  0.000000e+00  2.637173e+08  2.200825e+08  2.036541e+08  1.987895e+08
8.859304e+03  7.916400e+08  0.000000e+00  0.000000e+00  7.119672e+09  0.000000e+00  0.000000e+00  2.644041e+08  2.207021e+08  2.042239e+08  1.993362e+08
8.880578e+03  7.897036e+08  0.000000e+00  0.000000e+00  7.102257e+09  0.000000e+00  0.000000e+00  2.650907e+08  2.213204e+08  2.047945e+08  1.998853e+08
8.901904e+03  7.877675e+08  0.000000e+00  0.000000e+00  7.084844e+09  0.000000e+00  0.000000e+00  2.657789e+08  2.219417e+08  2.053658e+08  2.004322e+08
8.923281e+03  7.859017e+08  0.000000e+00  0.000000e+00  7.068064e+09  0.000000e+00  0.000000e+00  2.664656e+08  2.225615e+08  2.059373e+08  2.009813e+08
8.944710e+03  7.839660e+08  0.000000e+00  0.000000e+00  7.050655e+09  0.000000e+00  0.000000e+00  2.671537e+08  2.231834e+08  2.065091e+08  2.015327e+08
8.966190e+03  7.820651e+08  0.000000e+00  0.000000e+00  7.033560e+09  0.000000e+00  0.000000e+00  2.678417e+08  2.238052e+08  2.070823e+08  2.020818e+08
8.987721e+03  7.801989e+08  0.000000e+00  0.000000e+00  7.016776e+09  0.000000e+00  0.000000e+00  2.685308e+08  2.244283e+08  2.076565e+08  2.026329e+08
9.009304e+03  7.782981e+08  0.000000e+00  0.000000e+00  6.999680e+09  0.000000e+00  0.000000e+00  2.692186e+08  2.250515e+08  2.082302e+08  2.031839e+08
9.030939e+03  7.763976e+08  0.000000e+00  0.000000e+00  6.982588e+09  0.000000e+00  0.000000e+00  2.699075e+08  2.256760e+08  2.088057e+08  2.037374e+08
9.052626e+03  7.744971e+08  0.000000e+00  0.000000e+00  6.965496e+09  0.000000e+00  0.000000e+00  2.705969e+08  2.263012e+08  2.093812e+08  2.042904e+08
9.074365e+03  7.726648e+08  0.000000e+00  0.000000e+00  6.949017e+09  0.000000e+00  0.000000e+00  2.712863e+08  2.269267e+08  2.099573e+08  2.048428e+08
9.096156e+03  7.707646e+08  0.000000e+00  0.000000e+00  6.931928e+09  0.000000e+00  0.000000e+00  2.719760e+08  2.275528e+08  2.105346e+08  2.053962e+08
9.118000e+03  7.688981e+08  0.000000e+00  0.000000e+00  6.915141e+09  0.000000e+00  0.000000e+00  2.726653e+08  2.281800e+08  2.111125e+08  2.059513e+08
9.139896e+03  7.670311e+08  0.000000e+00  0.000000e+00  6.898350e+09  0.000000e+00  0.000000e+00  2.733556e+08  2.288076e+08  2.116903e+08  2.065064e+08
9.161845e+03  7.651969e+08  0.000000e+00  0.000000e+00  6.881854e+09  0.000000e+00  0.000000e+00  2.740463e+08  2.294359e+08  2.122685e+08  2.070606e+08
9.183846e+03  7.632967e+08  0.000000e+00  0.000000e+00  6.864764e+09  0.000000e+00  0.000000e+00  2.747370e+08  2.300646e+08  2.128482e+08  2.076159e+08
9.205900e+03  7.614626e+08  0.000000e+00  0.000000e+00  6.848269e+09  0.000000e+00  0.000000e+00  2.754293e+08  2.306938e+08  2.134266e+08  2.081706e+08
9.228007e+03  7.596285e+08  0.000000e+00  0.000000e+00  6.831774e+09  0.000000e+00  0.000000e+00  2.761145e+08  2.313210e+08  2.140048e+08  2.087249e+08
9.250167e+03  7.577942e+08  0.000000e+00  0.000000e+00  6.815277e+09  0.000000e+00  0.000000e+00  2.768062e+08  2.319517e+08  2.145847e+08  2.092807e+08
9.272381e+03  7.559276e+08  0.000000e+00  0.000000e+00  6.798489e+09  0.000000e+00  0.000000e+00  2.775006e+08  2.325819e+08  2.151646e+08  2.098373e+08
9.294647e+03  7.540936e+08  0.000000e+00  0.000000e+00  6.781996e+09  0.000000e+00  0.000000e+00  2.781938e+08  2.332126e+08  2.157449e+08  2.103939e+08
9.316968e+03  7.522917e+08  0.000000e+00  0.000000e+00  6.765790e+09  0.000000e+00  0.000000e+00  2.788856e+08  2.338437e+08  2.163259e+08  2.109504e+08
9.339342e+03  7.504578e+08  0.000000e+00  0.000000e+00  6.749296e+09  0.000000e+00  0.000000e+00  2.795788e+08  2.344741e+08  2.169063e+08  2.115064e+08
9.361769e+03  7.486239e+08  0.000000e+00  0.000000e+00  6.732803e+09  0.000000e+00  0.000000e+00  2.802693e+08  2.351056e+08  2.174875e+08  2.120632e+08
9.384250e+03  7.468218e+08  0.000000e+00  0.000000e+00  6.716597e+09  0.000000e+00  0.000000e+00  2.809554e+08  2.357345e+08  2.180701e+08  2.126209e+08
9.406786e+03  7.449884e+08  0.000000e+00  0.000000e+00  6.700107e+09  0.000000e+00  0.000000e+00  2.816465e+08  2.363636e+08  2.186468e+08  2.131810e+08
9.429375e+03  7.431865e+08  0.000000e+00  0.000000e+00  6.683902e+09  0.000000e+00  0.000000e+00  2.823485e+08  2.370033e+08  2.192323e+08  2.137199e+08
9.450284e+03  7.415371e+08  0.000000e+00  0.000000e+00  6.669068e+09  0.000000e+00  0.000000e+00  2.829945e+08  2.375957e+08  2.197796e+08  2.141952e+08
9.469503e+03  7.400145e+08  0.000000e+00  0.000000e+00  6.655374e+09  0.000000e+00  0.000000e+00  2.835766e+08  2.381299e+08  2.202703e+08  2.146477e+08
9.488762e+03  7.384554e+08  0.000000e+00  0.000000e+00  6.641352e+09  0.000000e+00  0.000000e+00  2.841529e+08  2.386586e+08  2.207553e+08  2.151176e+08
9.508060e+03  7.369695e+08  0.000000e+00  0.000000e+00  6.627989e+09  0.000000e+00  0.000000e+00  2.847264e+08  2.391876e+08  2.212462e+08  2.155884e+08
9.527397e+03  7.354471e+08  0.000000e+00  0.000000e+00  6.614297e+09  0.000000e+00  0.000000e+00  2.853031e+08  2.397191e+08  2.217374e+08  2.160570e+08
9.546773e+03  7.339606e+08  0.000000e+00  0.000000e+00  6.600928e+09  0.000000e+00  0.000000e+00  2.858807e+08  2.402510e+08  2.222281e+08  2.165272e+08
9.566189e+03  7.324017e+08  0.000000e+00  0.000000e+00  6.586908e+09  0.000000e+00  0.000000e+00  2.864577e+08  2.407828e+08  2.227185e+08  2.169973e+08
9.585644e+03  7.309145e+08  0.000000e+00  0.000000e+00  6.573533e+09  0.000000e+00  0.000000e+00  2.870352e+08  2.413160e+08  2.232091e+08  2.174676e+08
9.605139e+03  7.294272e+08  0.000000e+00  0.000000e+00  6.560156e+09  0.000000e+00  0.000000e+00  2.876126e+08  2.418495e+08  2.237015e+08  2.179382e+08
9.624674e+03  7.279043e+08  0.000000e+00  0.000000e+00  6.546460e+09  0.000000e+00  0.000000e+00  2.881913e+08  2.423821e+08  2.241940e+08  2.184088e+08
9.644248e+03  7.264169e+08  0.000000e+00  0.000000e+00  6.533083e+09  0.000000e+00  0.000000e+00  2.887685e+08  2.429162e+08  2.246854e+08  2.188804e+08
9.663862e+03  7.249296e+08  0.000000e+00  0.000000e+00  6.519707e+09  0.000000e+00  0.000000e+00  2.893468e+08  2.434504e+08  2.251779e+08  2.193509e+08
9.683516e+03  7.234072e+08  0.000000e+00  0.000000e+00  6.506016e+09  0.000000e+00  0.000000e+00  2.899230e+08  2.439840e+08  2.256711e+08  2.198232e+08
9.703210e+03  7.219549e+08  0.000000e+00  0.000000e+00  6.492954e+09  0.000000e+00  0.000000e+00  2.905007e+08  2.445193e+08  2.261640e+08  2.202949e+08
9.722944e+03  7.204675e+08  0.000000e+00  0.000000e+00  6.479577e+09  0.000000e+00  0.000000e+00  2.910780e+08  2.450535e+08  2.266573e+08  2.207670e+08
9.742718e+03  7.189456e+08  0.000000e+00  0.000000e+00  6.465890e+09  0.000000e+00  0.000000e+00  2.916552e+08  2.455881e+08  2.271513e+08  2.212385e+08
9.762532e+03  7.174932e+08  0.000000e+00  0.000000e+00  6.452828e+09  0.000000e+00  0.000000e+00  2.922324e+08  2.461238e+08  2.276437e+08  2.217109e+08
9.782387e+03  7.160062e+08  0.000000e+00  0.000000e+00  6.439454e+09  0.000000e+00  0.000000e+00  2.928088e+08  2.466580e+08  2.281381e+08  2.221832e+08
9.802282e+03  7.145535e+08  0.000000e+00  0.000000e+00  6.426389e+09  0.000000e+00  0.000000e+00  2.933852e+08  2.471941e+08  2.286317e+08  2.226560e+08
9.822218e+03  7.130666e+08  0.000000e+00  0.000000e+00  6.413017e+09  0.000000e+00  0.000000e+00  2.939623e+08  2.477289e+08  2.291253e+08  2.231279e+08
9.842194e+03  7.116138e+08  0.000000e+00  0.000000e+00  6.399951e+09  0.000000e+00  0.000000e+00  2.945378e+08  2.482646e+08  2.296195e+08  2.236002e+08
9.862210e+03  7.101271e+08  0.000000e+00  0.000000e+00  6.386580e+09  0.000000e+00  0.000000e+00  2.951130e+08  2.487997e+08  2.301133e+08  2.240733e+08
9.882268e+03  7.086745e+08  0.000000e+00  0.000000e+00  6.373516e+09  0.000000e+00  0.000000e+00  2.956883e+08  2.493356e+08  2.306090e+08  2.245455e+08
9.902366e+03  7.072217e+08  0.000000e+00  0.000000e+00  6.360450e+09  0.000000e+00  0.000000e+00  2.962636e+08  2.498702e+08  2.311021e+08  2.250180e+08
9.922505e+03  7.057689e+08  0.000000e+00  0.000000e+00  6.347384e+09  0.000000e+00  0.000000e+00  2.968378e+08  2.504062e+08  2.315965e+08  2.254911e+08
9.942685e+03  7.042830e+08  0.000000e+00  0.000000e+00  6.334021e+09  0.000000e+00  0.000000e+00  2.974119e+08  2.509407e+08  2.320918e+08  2.259631e+08
9.962906e+03  7.028637e+08  0.000000e+00  0.000000e+00  6.321256e+09  0.000000e+00  0.000000e+00  2.979852e+08  2.514765e+08  2.325862e+08  2.264366e+08
9.983168e+03  7.014110e+08  0.000000e+00  0.000000e+00  6.308191e+09  0.000000e+00  0.000000e+00  2.985583e+08  2.520118e+08  2.330803e+08  2.269089e+08
1.000347e+04  6.999582e+08  0.000000e+00  0.000000e+00  6.295125e+09  0.000000e+00  0.000000e+00  2.991316e+08  2.525465e+08  2.335745e+08  2.273816e+08
1.002382e+04  6.985376e+08  0.000000e+00  0.000000e+00  6.282349e+09  0.000000e+00  0.000000e+00  2.997032e+08  2.530817e+08  2.340682e+08  2.278532e+08
1.004420e+04  6.970842e+08  0.000000e+00  0.000000e+00  6.269277e+09  0.000000e+00  0.000000e+00  3.002751e+08  2.536170e+08  2.345621e+08  2.283266e+08
1.006463e+04  6.956311e+08  0.000000e+00  0.000000e+00  6.256209e+09  0.000000e+00  0.000000e+00  3.008460e+08  2.541528e+08  2.350574e+08  2.287980e+08
1.008510e+04  6.942427e+08  0.000000e+00  0.000000e+00  6.243722e+09  0.000000e+00  0.000000e+00  3.014170e+08  2.546866e+08  2.355503e+08  2.292702e+08
1.010561e+04  6.927574e+08  0.000000e+00  0.000000e+00  6.230364e+09  0.000000e+00  0.000000e+00  3.019866e+08  2.552219e+08  2.360444e+08  2.297435e+08
1.012616e+04  6.913688e+08  0.000000e+00  0.000000e+00  6.217876e+09  0.000000e+00  0.000000e+00  3.025560e+08  2.557570e+08  2.365396e+08  2.302151e+08
1.014676e+04  6.899479e+08  0.000000e+00  0.000000e+00  6.205097e+09  0.000000e+00  0.000000e+00  3.031245e+08  2.562907e+08  2.370338e+08  2.306867e+08
1.016739e+04  6.884954e+08  0.000000e+00  0.000000e+00  6.192033e+09  0.000000e+00  0.000000e+00  3.036930e+08  2.568246e+08  2.375278e+08  2.311590e+08
1.018807e+04  6.870747e+08  0.000000e+00  0.000000e+00  6.179257e+09  0.000000e+00  0.000000e+00  3.042609e+08  2.573592e+08  2.380203e+08  2.316312e+08
1.020879e+04  6.856858e+08  0.000000e+00  0.000000e+00  6.166765e+09  0.000000e+00  0.000000e+00  3.048276e+08  2.578931e+08  2.385152e+08  2.321021e+08
1.022955e+04  6.842651e+08  0.000000e+00  0.000000e+00  6.153988e+09  0.000000e+00  0.000000e+00  3.053937e+08  2.584265e+08  2.390079e+08  2.325736e+08
1.025036e+04  6.828448e+08  0.000000e+00  0.000000e+00  6.141214e+09  0.000000e+00  0.000000e+00  3.059593e+08  2.589602e+08  2.395015e+08  2.330449e+08
1.027120e+04  6.814556e+08  0.000000e+00  0.000000e+00  6.128720e+09  0.000000e+00  0.000000e+00  3.065240e+08  2.594948e+08  2.399955e+08  2.335168e+08
1.029209e+04  6.800352e+08  0.000000e+00  0.000000e+00  6.115946e+09  0.000000e+00  0.000000e+00  3.070873e+08  2.600276e+08  2.404872e+08  2.339885e+08
1.031302e+04  6.786460e+08  0.000000e+00  0.000000e+00  6.103453e+09  0.000000e+00  0.000000e+00  3.076511e+08  2.605594e+08  2.409813e+08  2.344591e+08
1.033400e+04  6.772261e+08  0.000000e+00  0.000000e+00  6.090682e+09  0.000000e+00  0.000000e+00  3.082142e+08  2.610925e+08  2.414746e+08  2.349300e+08
1.035501e+04  6.758370e+08  0.000000e+00  0.000000e+00  6.078189e+09  0.000000e+00  0.000000e+00  3.087770e+08  2.616246e+08  2.419657e+08  2.354002e+08
1.037607e+04  6.744478e+08  0.000000e+00  0.000000e+00  6.065696e+09  0.000000e+00  0.000000e+00  3.093378e+08  2.621580e+08  2.424592e+08  2.358711e+08
1.039718e+04  6.730587e+08  0.000000e+00  0.000000e+00  6.053203e+09  0.000000e+00  0.000000e+00  3.098988e+08  2.626889e+08  2.429513e+08  2.363409e+08
1.041832e+04  6.716696e+08  0.000000e+00  0.000000e+00  6.040709e+09  0.000000e+00  0.000000e+00  3.104586e+08  2.632218e+08  2.434441e+08  2.368120e+08
1.043951e+04  6.702806e+08  0.000000e+00  0.000000e+00  6.028217e+09  0.000000e+00  0.000000e+00  3.110182e+08  2.637532e+08  2.439353e+08  2.372812e+08
1.046074e+04  6.689217e+08  0.000000e+00  0.000000e+00  6.015996e+09  0.000000e+00  0.000000e+00  3.115771e+08  2.642833e+08  2.444273e+08  2.377518e+08
1.048202e+04  6.675024e+08  0.000000e+00  0.000000e+00  6.003231e+09  0.000000e+00  0.000000e+00  3.121356e+08  2.648146e+08  2.449208e+08  2.382212e+08
1.050333e+04  6.661423e+08  0.000000e+00  0.000000e+00  5.991000e+09  0.000000e+00  0.000000e+00  3.126920e+08  2.653456e+08  2.454129e+08  2.386923e+08
1.052470e+04  6.647822e+08  0.000000e+00  0.000000e+00  5.978767e+09  0.000000e+00  0.000000e+00  3.132489e+08  2.658764e+08  2.459027e+08  2.391614e+08
1.054610e+04  6.633926e+08  0.000000e+00  0.000000e+00  5.966269e+09  0.000000e+00  0.000000e+00  3.138039e+08  2.664073e+08  2.463950e+08  2.396303e+08
1.056755e+04  6.620325e+08  0.000000e+00  0.000000e+00  5.954038e+09  0.000000e+00  0.000000e+00  3.143585e+08  2.669376e+08  2.468863e+08  2.400997e+08
1.058904e+04  6.606725e+08  0.000000e+00  0.000000e+00  5.941806e+09  0.000000e+00  0.000000e+00  3.149135e+08  2.674662e+08  2.473778e+08  2.405696e+08
1.061058e+04  6.593123e+08  0.000000e+00  0.000000e+00  5.929573e+09  0.000000e+00  0.000000e+00  3.154664e+08  2.679962e+08  2.478685e+08  2.410388e+08
1.063216e+04  6.579231e+08  0.000000e+00  0.000000e+00  5.917080e+09  0.000000e+00  0.000000e+00  3.160185e+08  2.685258e+08  2.483594e+08  2.415063e+08
1.065378e+04  6.565923e+08  0.000000e+00  0.000000e+00  5.905110e+09  0.000000e+00  0.000000e+00  3.165709e+08  2.690545e+08  2.488500e+08  2.419761e+08
1.067545e+04  6.552324e+08  0.000000e+00  0.000000e+00  5.892880e+09  0.000000e+00  0.000000e+00  3.171216e+08  2.695825e+08  2.493404e+08  2.424439e+08
1.069716e+04  6.538725e+08  0.000000e+00  0.000000e+00  5.880650e+09  0.000000e+00  0.000000e+00  3.176716e+08  2.701108e+08  2.498305e+08  2.429126e+08
1.071891e+04  6.525128e+08  0.000000e+00  0.000000e+00  5.868422e+09  0.000000e+00  0.000000e+00  3.182201e+08  2.706384e+08  2.503206e+08  2.433799e+08
1.074071e+04  6.511817e+08  0.000000e+00  0.000000e+00  5.856450e+09  0.000000e+00  0.000000e+00  3.187680e+08  2.711666e+08  2.508107e+08  2.438487e+08
1.076256e+04  6.498222e+08  0.000000e+00  0.000000e+00  5.844223e+09  0.000000e+00  0.000000e+00  3.193155e+08  2.716947e+08  2.513002e+08  2.443154e+08
1.078444e+04  6.484911e+08  0.000000e+00  0.000000e+00  5.832252e+09  0.000000e+00  0.000000e+00  3.198624e+08  2.722208e+08  2.517901e+08  2.447835e+08
1.080638e+04  6.471600e+08  0.000000e+00  0.000000e+00  5.820280e+09  0.000000e+00  0.000000e+00  3.204082e+08  2.727479e+08  2.522786e+08  2.452491e+08
1.082836e+04  6.458008e+08  0.000000e+00  0.000000e+00  5.808057e+09  0.000000e+00  0.000000e+00  3.209532e+08  2.732751e+08  2.527679e+08  2.457168e+08
1.085038e+04  6.444978e+08  0.000000e+00  0.000000e+00  5.796338e+09  0.000000e+00  0.000000e+00  3.214959e+08  2.738005e+08  2.532560e+08  2.461821e+08
1.087244e+04  6.431388e+08  0.000000e+00  0.000000e+00  5.784116e+09  0.000000e+00  0.000000e+00  3.220393e+08  2.743250e+08  2.537442e+08  2.466476e+08
1.089456e+04  6.418355e+08  0.000000e+00  0.000000e+00  5.772394e+09  0.000000e+00  0.000000e+00  3.225816e+08  2.748508e+08  2.542313e+08  2.471147e+08
1.091671e+04  6.405046e+08  0.000000e+00  0.000000e+00  5.760424e+09  0.000000e+00  0.000000e+00  3.231235e+08  2.753748e+08  2.547185e+08  2.475789e+08
1.093892e+04  6.391737e+08  0.000000e+00  0.000000e+00  5.748455e+09  0.000000e+00  0.000000e+00  3.236643e+08  2.758990e+08  2.552051e+08  2.480439e+08
1.096116e+04  6.378429e+08  0.000000e+00  0.000000e+00  5.736486e+09  0.000000e+00  0.000000e+00  3.242037e+08  2.764228e+08  2.556922e+08  2.485081e+08
1.098345e+04  6.365388e+08  0.000000e+00  0.000000e+00  5.724758e+09  0.000000e+00  0.000000e+00  3.247434e+08  2.769462e+08  2.561779e+08  2.489718e+08
1.100579e+04  6.352342e+08  0.000000e+00  0.000000e+00  5.713025e+09  0.000000e+00  0.000000e+00  3.252809e+08  2.774672e+08  2.566630e+08  2.494341e+08
1.102818e+04  6.339026e+08  0.000000e+00  0.000000e+00  5.701049e+09  0.000000e+00  0.000000e+00  3.258195e+08  2.779885e+08  2.571471e+08  2.498975e+08
1.105060e+04  6.325981e+08  0.000000e+00  0.000000e+00  5.689317e+09  0.000000e+00  0.000000e+00  3.263553e+08  2.785107e+08  2.576313e+08  2.503584e+08
1.107308e+04  6.312937e+08  0.000000e+00  0.000000e+00  5.677586e+09  0.000000e+00  0.000000e+00  3.268897e+08  2.790294e+08  2.581154e+08  2.508202e+08
1.109560e+04  6.299892e+08  0.000000e+00  0.000000e+00  5.665854e+09  0.000000e+00  0.000000e+00  3.274230e+08  2.795492e+08  2.585979e+08  2.512816e+08
1.111816e+04  6.286849e+08  0.000000e+00  0.000000e+00  5.654123e+09  0.000000e+00  0.000000e+00  3.279537e+08  2.800675e+08  2.590809e+08  2.517409e+08
1.114078e+04  6.273806e+08  0.000000e+00  0.000000e+00  5.642393e+09  0.000000e+00  0.000000e+00  3.284809e+08  2.805852e+08  2.595639e+08  2.522023e+08
1.116343e+04  6.260765e+08  0.000000e+00  0.000000e+00  5.630664e+09  0.000000e+00  0.000000e+00  3.290050e+08  2.810990e+08  2.600461e+08  2.526618e+08
1.118614e+04  6.247987e+08  0.000000e+00  0.000000e+00  5.619172e+09  0.000000e+00  0.000000e+00  3.295350e+08  2.816159e+08  2.605209e+08  2.531232e+08
1.120889e+04  6.234946e+08  0.000000e+00  0.000000e+00  5.607444e+09  0.000000e+00  0.000000e+00  3.300743e+08  2.821420e+08  2.610078e+08  2.535691e+08
1.123017e+04  6.222993e+08  0.000000e+00  0.000000e+00  5.596694e+09  0.000000e+00  0.000000e+00  3.305745e+08  2.826339e+08  2.614706e+08  2.539726e+08
1.124998e+04  6.211951e+08  0.000000e+00  0.000000e+00  5.586763e+09  0.000000e+00  0.000000e+00  3.310310e+08  2.830812e+08  2.618849e+08  2.543568e+08
1.126982e+04  6.200610e+08  0.000000e+00  0.000000e+00  5.576563e+09  0.000000e+00  0.000000e+00  3.314792e+08  2.835214e+08  2.622931e+08  2.547495e+08
1.128969e+04  6.189567e+08  0.000000e+00  0.000000e+00  5.566632e+09  0.000000e+00  0.000000e+00  3.319232e+08  2.839608e+08  2.627044e+08  2.551432e+08
1.130961e+04  6.178229e+08  0.000000e+00  0.000000e+00  5.556435e+09  0.000000e+00  0.000000e+00  3.323692e+08  2.844018e+08  2.631174e+08  2.555379e+08
1.132955e+04  6.167482e+08  0.000000e+00  0.000000e+00  5.546770e+09  0.000000e+00  0.000000e+00  3.328168e+08  2.848434e+08  2.635301e+08  2.559307e+08
1.134954e+04  6.156147e+08  0.000000e+00  0.000000e+00  5.536575e+09  0.000000e+00  0.000000e+00  3.332619e+08  2.852846e+08  2.639414e+08  2.563231e+08
1.136955e+04  6.145398e+08  0.000000e+00  0.000000e+00  5.526908e+09  0.000000e+00  0.000000e+00  3.337076e+08  2.857261e+08  2.643535e+08  2.567175e+08
1.138961e+04  6.134065e+08  0.000000e+00  0.000000e+00  5.516716e+09  0.000000e+00  0.000000e+00  3.341530e+08  2.861669e+08  2.647653e+08  2.571089e+08
1.140969e+04  6.123315e+08  0.000000e+00  0.000000e+00  5.507048e+09  0.000000e+00  0.000000e+00  3.345974e+08  2.866081e+08  2.651764e+08  2.575013e+08
1.142982e+04  6.112274e+08  0.000000e+00  0.000000e+00  5.497118e+09  0.000000e+00  0.000000e+00  3.350415e+08  2.870474e+08  2.655879e+08  2.578952e+08
1.144998e+04  6.101235e+08  0.000000e+00  0.000000e+00  5.487190e+09  0.000000e+00  0.000000e+00  3.354849e+08  2.874879e+08  2.659991e+08  2.582863e+08
1.147017e+04  6.090196e+08  0.000000e+00  0.000000e+00  5.477262e+09  0.000000e+00  0.000000e+00  3.359266e+08  2.879266e+08  2.664088e+08  2.586775e+08
1.149040e+04  6.079441e+08  0.000000e+00  0.000000e+00  5.467589e+09  0.000000e+00  0.000000e+00  3.363684e+08  2.883653e+08  2.668190e+08  2.590686e+08
1.151067e+04  6.068393e+08  0.000000e+00  0.000000e+00  5.457653e+09  0.000000e+00  0.000000e+00  3.368075e+08  2.888041e+08  2.672288e+08  2.594608e+08
1.153097e+04  6.057632e+08  0.000000e+00  0.000000e+00  5.447975e+09  0.000000e+00  0.000000e+00  3.372476e+08  2.892424e+08  2.676383e+08  2.598494e+08
1.155131e+04  6.046586e+08  0.000000e+00  0.000000e+00  5.438041e+09  0.000000e+00  0.000000e+00  3.376854e+08  2.896791e+08  2.680475e+08  2.602405e+08
1.157168e+04  6.035824e+08  0.000000e+00  0.000000e+00  5.428362e+09  0.000000e+00  0.000000e+00  3.381233e+08  2.901164e+08  2.684552e+08  2.606309e+08
1.159209e+04  6.025062e+08  0.000000e+00  0.000000e+00  5.418683e+09  0.000000e+00  0.000000e+00  3.385603e+08  2.905522e+08  2.688632e+08  2.610191e+08
1.161254e+04  6.014020e+08  0.000000e+00  0.000000e+00  5.408752e+09  0.000000e+00  0.000000e+00  3.389965e+08  2.909881e+08  2.692710e+08  2.614084e+08
1.163302e+04  6.003259e+08  0.000000e+00  0.000000e+00  5.399074e+09  0.000000e+00  0.000000e+00  3.394299e+08  2.914233e+08  2.696780e+08  2.617970e+08
1.165353e+04  5.992775e+08  0.000000e+00  0.000000e+00  5.389646e+09  0.000000e+00  0.000000e+00  3.398644e+08  2.918575e+08  2.700844e+08  2.621840e+08
1.167409e+04  5.981736e+08  0.000000e+00  0.000000e+00  5.379718e+09  0.000000e+00  0.000000e+00  3.402958e+08  2.922913e+08  2.704915e+08  2.625726e+08
1.169468e+04  5.970976e+08  0.000000e+00  0.000000e+00  5.370041e+09  0.000000e+00  0.000000e+00  3.407282e+08  2.927244e+08  2.708962e+08  2.629589e+08
1.171531e+04  5.960217e+08  0.000000e+00  0.000000e+00  5.360364e+09  0.000000e+00  0.000000e+00  3.411577e+08  2.931569e+08  2.713011e+08  2.633461e+08
1.173597e+04  5.949732e+08  0.000000e+00  0.000000e+00  5.350934e+09  0.000000e+00  0.000000e+00  3.415863e+08  2.935889e+08  2.717063e+08  2.637321e+08
1.175667e+04  5.938972e+08  0.000000e+00  0.000000e+00  5.341258e+09  0.000000e+00  0.000000e+00  3.420150e+08  2.940197e+08  2.721103e+08  2.641156e+08
1.177740e+04  5.928213e+08  0.000000e+00  0.000000e+00  5.331581e+09  0.000000e+00  0.000000e+00  3.424418e+08  2.944504e+08  2.725132e+08  2.645022e+08
1.179817e+04  5.917456e+08  0.000000e+00  0.000000e+00  5.321907e+09  0.000000e+00  0.000000e+00  3.428689e+08  2.948797e+08  2.729159e+08  2.648863e+08
1.181898e+04  5.906971e+08  0.000000e+00  0.000000e+00  5.312477e+09  0.000000e+00  0.000000e+00  3.432939e+08  2.953087e+08  2.733179e+08  2.652693e+08
1.183983e+04  5.896215e+08  0.000000e+00  0.000000e+00  5.302804e+09  0.000000e+00  0.000000e+00  3.437161e+08  2.957372e+08  2.737198e+08  2.656523e+08
1.186071e+04  5.885730e+08  0.000000e+00  0.000000e+00  5.293374e+09  0.000000e+00  0.000000e+00  3.441397e+08  2.961643e+08  2.741214e+08  2.660343e+08
1.188163e+04  5.875243e+08  0.000000e+00  0.000000e+00  5.283943e+09  0.000000e+00  0.000000e+00  3.445602e+08  2.965918e+08  2.745217e+08  2.664178e+08
1.190259e+04  5.864490e+08  0.000000e+00  0.000000e+00  5.274272e+09  0.000000e+00  0.000000e+00  3.449802e+08  2.970171e+08  2.749213e+08  2.667985e+08
1.192358e+04  5.854271e+08  0.000000e+00  0.000000e+00  5.265081e+09  0.000000e+00  0.000000e+00  3.453985e+08  2.974424e+08  2.753207e+08  2.671793e+08
1.194461e+04  5.843519e+08  0.000000e+00  0.000000e+00  5.255411e+09  0.000000e+00  0.000000e+00  3.458171e+08  2.978670e+08  2.757193e+08  2.675592e+08
1.196568e+04  5.833034e+08  0.000000e+00  0.000000e+00  5.245981e+09  0.000000e+00  0.000000e+00  3.462325e+08  2.982911e+08  2.761173e+08  2.679401e+08
1.198678e+04  5.822548e+08  0.000000e+00  0.000000e+00  5.236551e+09  0.000000e+00  0.000000e+00  3.466493e+08  2.987141e+08  2.765150e+08  2.683192e+08
1.200792e+04  5.812064e+08  0.000000e+00  0.000000e+00  5.227122e+09  0.000000e+00  0.000000e+00  3.470612e+08  2.991360e+08  2.769116e+08  2.686982e+08
1.202910e+04  5.801577e+08  0.000000e+00  0.000000e+00  5.217690e+09  0.000000e+00  0.000000e+00  3.474752e+08  2.995571e+08  2.773072e+08  2.690764e+08
1.205032e+04  5.791084e+08  0.000000e+00  0.000000e+00  5.208253e+09  0.000000e+00  0.000000e+00  3.478865e+08  2.999778e+08  2.777028e+08  2.694524e+08
1.207157e+04  5.780851e+08  0.000000e+00  0.000000e+00  5.199050e+09  0.000000e+00  0.000000e+00  3.482959e+08  3.003976e+08  2.780984e+08  2.698310e+08
1.209286e+04  5.770358e+08  0.000000e+00  0.000000e+00  5.189613e+09  0.000000e+00  0.000000e+00  3.487044e+08  3.008166e+08  2.784924e+08  2.702063e+08
1.211419e+04  5.759866e+08  0.000000e+00  0.000000e+00  5.180177e+09  0.000000e+00  0.000000e+00  3.491132e+08  3.012350e+08  2.788857e+08  2.705817e+08
1.213556e+04  5.749632e+08  0.000000e+00  0.000000e+00  5.170974e+09  0.000000e+00  0.000000e+00  3.495198e+08  3.016521e+08  2.792782e+08  2.709560e+08
1.215696e+04  5.739143e+08  0.000000e+00  0.000000e+00  5.161540e+09  0.000000e+00  0.000000e+00  3.499248e+08  3.020687e+08  2.796694e+08  2.713307e+08
1.217840e+04  5.728909e+08  0.000000e+00  0.000000e+00  5.152336e+09  0.000000e+00  0.000000e+00  3.503284e+08  3.024834e+08  2.800610e+08  2.717042e+08
1.219988e+04  5.718675e+08  0.000000e+00  0.000000e+00  5.143132e+09  0.000000e+00  0.000000e+00  3.507300e+08  3.028987e+08  2.804518e+08  2.720765e+08
1.222140e+04  5.708440e+08  0.000000e+00  0.000000e+00  5.133927e+09  0.000000e+00  0.000000e+00  3.511318e+08  3.033115e+08  2.808420e+08  2.724487e+08
1.224295e+04  5.697954e+08  0.000000e+00  0.000000e+00  5.124496e+09  0.000000e+00  0.000000e+00  3.515311e+08  3.037250e+08  2.812315e+08  2.728202e+08
1.226455e+04  5.687721e+08  0.000000e+00  0.000000e+00  5.115294e+09  0.000000e+00  0.000000e+00  3.519293e+08  3.041364e+08  2.816190e+08  2.731907e+08
1.228618e+04  5.677489e+08  0.000000e+00  0.000000e+00  5.106091e+09  0.000000e+00  0.000000e+00  3.523263e+08  3.045483e+08  2.820066e+08  2.735611e+08
1.230785e+04  5.667257e+08  0.000000e+00  0.000000e+00  5.096889e+09  0.000000e+00  0.000000e+00  3.527224e+08  3.049578e+08  2.823946e+08  2.739305e+08
1.232956e+04  5.657273e+08  0.000000e+00  0.000000e+00  5.087910e+09  0.000000e+00  0.000000e+00  3.531171e+08  3.053675e+08  2.827811e+08  2.742994e+08
1.235130e+04  5.646794e+08  0.000000e+00  0.000000e+00  5.078485e+09  0.000000e+00  0.000000e+00  3.535096e+08  3.057761e+08  2.831663e+08  2.746678e+08
1.237309e+04  5.636810e+08  0.000000e+00  0.000000e+00  5.069506e+09  0.000000e+00  0.000000e+00  3.539017e+08  3.061828e+08  2.835500e+08  2.750355e+08
1.239491e+04  5.626579e+08  0.000000e+00  0.000000e+00  5.060305e+09  0.000000e+00  0.000000e+00  3.542918e+08  3.065892e+08  2.839348e+08  2.754021e+08
1.241677e+04  5.616595e+08  0.000000e+00  0.000000e+00  5.051325e+09  0.000000e+00  0.000000e+00  3.546801e+08  3.069947e+08  2.843173e+08  2.757681e+08
1.243867e+04  5.606365e+08  0.000000e+00  0.000000e+00  5.042125e+09  0.000000e+00  0.000000e+00  3.550672e+08  3.074002e+08  2.847012e+08  2.761333e+08
1.246061e+04  5.596138e+08  0.000000e+00  0.000000e+00  5.032927e+09  0.000000e+00  0.000000e+00  3.554533e+08  3.078034e+08  2.850819e+08  2.764974e+08
1.248259e+04  5.586154e+08  0.000000e+00  0.000000e+00  5.023948e+09  0.000000e+00  0.000000e+00  3.558376e+08  3.082063e+08  2.854636e+08  2.768617e+08
1.250460e+04  5.576170e+08  0.000000e+00  0.000000e+00  5.014969e+09  0.000000e+00  0.000000e+00  3.562211e+08  3.086082e+08  2.858437e+08  2.772250e+08
1.252666e+04  5.565945e+08  0.000000e+00  0.000000e+00  5.005773e+09  0.000000e+00  0.000000e+00  3.566032e+08  3.090091e+08  2.862226e+08  2.775868e+08
1.254875e+04  5.556201e+08  0.000000e+00  0.000000e+00  4.997010e+09  0.000000e+00  0.000000e+00  3.569836e+08  3.094090e+08  2.866013e+08  2.779492e+08
1.257088e+04  5.545978e+08  0.000000e+00  0.000000e+00  4.987816e+09  0.000000e+00  0.000000e+00  3.573629e+08  3.098075e+08  2.869790e+08  2.783098e+08
1.259306e+04  5.535991e+08  0.000000e+00  0.000000e+00  4.978834e+09  0.000000e+00  0.000000e+00  3.577396e+08  3.102046e+08  2.873557e+08  2.786703e+08
1.261527e+04  5.526237e+08  0.000000e+00  0.000000e+00  4.970061e+09  0.000000e+00  0.000000e+00  3.581158e+08  3.106018e+08  2.877322e+08  2.790296e+08
1.263752e+04  5.516006e+08  0.000000e+00  0.000000e+00  4.960860e+09  0.000000e+00  0.000000e+00  3.584909e+08  3.109975e+08  2.881076e+08  2.793886e+08
1.265981e+04  5.506015e+08  0.000000e+00  0.000000e+00  4.951874e+09  0.000000e+00  0.000000e+00  3.588642e+08  3.113933e+08  2.884818e+08  2.797460e+08
1.268213e+04  5.496258e+08  0.000000e+00  0.000000e+00  4.943100e+09  0.000000e+00  0.000000e+00  3.592353e+08  3.117869e+08  2.888563e+08  2.801033e+08
1.270450e+04  5.486267e+08  0.000000e+00  0.000000e+00  4.934114e+09  0.000000e+00  0.000000e+00  3.596060e+08  3.121797e+08  2.892285e+08  2.804600e+08
1.272691e+04  5.476510e+08  0.000000e+00  0.000000e+00  4.925339e+09  0.000000e+00  0.000000e+00  3.599739e+08  3.125715e+08  2.896014e+08  2.808153e+08
1.274936e+04  5.466520e+08  0.000000e+00  0.000000e+00  4.916355e+09  0.000000e+00  0.000000e+00  3.603412e+08  3.129616e+08  2.899729e+08  2.811695e+08
1.277184e+04  5.456762e+08  0.000000e+00  0.000000e+00  4.907579e+09  0.000000e+00  0.000000e+00  3.607070e+08  3.133519e+08  2.903421e+08  2.815235e+08
1.279437e+04  5.446774e+08  0.000000e+00  0.000000e+00  4.898596e+09  0.000000e+00  0.000000e+00  3.610706e+08  3.137409e+08  2.907121e+08  2.818763e+08
1.281694e+04  5.437018e+08  0.000000e+00  0.000000e+00  4.889821e+09  0.000000e+00  0.000000e+00  3.614333e+08  3.141279e+08  2.910811e+08  2.822280e+08
1.283954e+04  5.427032e+08  0.000000e+00  0.000000e+00  4.880841e+09  0.000000e+00  0.000000e+00  3.617945e+08  3.145142e+08  2.914471e+08  2.825799e+08
1.286219e+04  5.417504e+08  0.000000e+00  0.000000e+00  4.872272e+09  0.000000e+00  0.000000e+00  3.621544e+08  3.148997e+08  2.918136e+08  2.829301e+08
1.288487e+04  5.407521e+08  0.000000e+00  0.000000e+00  4.863293e+09  0.000000e+00  0.000000e+00  3.625118e+08  3.152833e+08  2.921794e+08  2.832787e+08
1.290760e+04  5.397991e+08  0.000000e+00  0.000000e+00  4.854722e+09  0.000000e+00  0.000000e+00  3.628685e+08  3.156661e+08  2.925439e+08  2.836275e+08
1.293036e+04  5.388010e+08  0.000000e+00  0.000000e+00  4.845746e+09  0.000000e+00  0.000000e+00  3.632232e+08  3.160479e+08  2.929068e+08  2.839749e+08
1.295317e+04  5.378480e+08  0.000000e+00  0.000000e+00  4.837175e+09  0.000000e+00  0.000000e+00  3.635767e+08  3.164282e+08  2.932688e+08  2.843212e+08
1.297602e+04  5.368725e+08  0.000000e+00  0.000000e+00  4.828402e+09  0.000000e+00  0.000000e+00  3.639290e+08  3.168081e+08  2.936313e+08  2.846659e+08
1.299890e+04  5.358972e+08  0.000000e+00  0.000000e+00  4.819630e+09  0.000000e+00  0.000000e+00  3.642794e+08  3.171870e+08  2.939904e+08  2.850108e+08
1.302183e+04  5.349219e+08  0.000000e+00  0.000000e+00  4.810859e+09  0.000000e+00  0.000000e+00  3.646286e+08  3.175633e+08  2.943511e+08  2.853547e+08
1.304480e+04  5.339689e+08  0.000000e+00  0.000000e+00  4.802288e+09  0.000000e+00  0.000000e+00  3.649765e+08  3.179395e+08  2.947081e+08  2.856969e+08
1.306780e+04  5.330158e+08  0.000000e+00  0.000000e+00  4.793716e+09  0.000000e+00  0.000000e+00  3.653225e+08  3.183138e+08  2.950659e+08  2.860377e+08
1.309085e+04  5.320407e+08  0.000000e+00  0.000000e+00  4.784947e+09  0.000000e+00  0.000000e+00  3.656666e+08  3.186872e+08  2.954222e+08  2.863787e+08
1.311394e+04  5.310658e+08  0.000000e+00  0.000000e+00  4.776179e+09  0.000000e+00  0.000000e+00  3.660089e+08  3.190596e+08  2.957764e+08  2.867175e+08
1.313707e+04  5.301347e+08  0.000000e+00  0.000000e+00  4.767805e+09  0.000000e+00  0.000000e+00  3.663506e+08  3.194301e+08  2.961304e+08  2.870562e+08
1.316024e+04  5.291600e+08  0.000000e+00  0.000000e+00  4.759039e+09  0.000000e+00  0.000000e+00  3.666881e+08  3.197996e+08  2.964833e+08  2.873934e+08
1.318345e+04  5.282067e+08  0.000000e+00  0.000000e+00  4.750466e+09  0.000000e+00  0.000000e+00  3.670257e+08  3.201669e+08  2.968338e+08  2.877288e+08
1.320670e+04  5.272530e+08  0.000000e+00  0.000000e+00  4.741888e+09  0.000000e+00  0.000000e+00  3.673599e+08  3.205328e+08  2.971857e+08  2.880644e+08
1.323000e+04  5.262991e+08  0.000000e+00  0.000000e+00  4.733309e+09  0.000000e+00  0.000000e+00  3.676921e+08  3.208980e+08  2.975348e+08  2.883989e+08
1.325333e+04  5.253666e+08  0.000000e+00  0.000000e+00  4.724923e+09  0.000000e+00  0.000000e+00  3.680195e+08  3.212609e+08  2.978847e+08  2.887320e+08
1.327671e+04  5.243913e+08  0.000000e+00  0.000000e+00  4.716152e+09  0.000000e+00  0.000000e+00  3.683445e+08  3.216193e+08  2.982308e+08  2.890662e+08
1.330012e+04  5.234589e+08  0.000000e+00  0.000000e+00  4.707765e+09  0.000000e+00  0.000000e+00  3.686764e+08  3.219819e+08  2.985712e+08  2.893963e+08
1.332358e+04  5.225052e+08  0.000000e+00  0.000000e+00  4.699188e+09  0.000000e+00  0.000000e+00  3.690166e+08  3.223527e+08  2.989230e+08  2.897201e+08
1.334561e+04  5.216134e+08  0.000000e+00  0.000000e+00  4.691168e+09  0.000000e+00  0.000000e+00  3.693317e+08  3.227004e+08  2.992623e+08  2.900221e+08
1.336620e+04  5.208050e+08  0.000000e+00  0.000000e+00  4.683898e+09  0.000000e+00  0.000000e+00  3.696161e+08  3.230160e+08  2.995622e+08  2.903014e+08
1.338683e+04  5.199725e+08  0.000000e+00  0.000000e+00  4.676411e+09  0.000000e+00  0.000000e+00  3.698933e+08  3.233232e+08  2.998536e+08  2.905818e+08
1.340748e+04  5.191402e+08  0.000000e+00  0.000000e+00  4.668925e+09  0.000000e+00  0.000000e+00  3.701662e+08  3.236284e+08  3.001480e+08  2.908661e+08
1.342817e+04  5.183318e+08  0.000000e+00  0.000000e+00  4.661655e+09  0.000000e+00  0.000000e+00  3.704385e+08  3.239344e+08  3.004428e+08  2.911480e+08
1.344889e+04  5.174996e+08  0.000000e+00  0.000000e+00  4.654170e+09  0.000000e+00  0.000000e+00  3.707118e+08  3.242403e+08  3.007384e+08  2.914306e+08
1.346965e+04  5.166912e+08  0.000000e+00  0.000000e+00  4.646900e+09  0.000000e+00  0.000000e+00  3.709849e+08  3.245461e+08  3.010328e+08  2.917122e+08
1.349043e+04  5.158591e+08  0.000000e+00  0.000000e+00  4.639416e+09  0.000000e+00  0.000000e+00  3.712567e+08  3.248506e+08  3.013246e+08  2.919927e+08
1.351125e+04  5.150743e+08  0.000000e+00  0.000000e+00  4.632358e+09  0.000000e+00  0.000000e+00  3.715274e+08  3.251545e+08  3.016180e+08  2.922721e+08
1.353210e+04  5.142189e+08  0.000000e+00  0.000000e+00  4.624665e+09  0.000000e+00  0.000000e+00  3.717983e+08  3.254583e+08  3.019106e+08  2.925521e+08
1.355298e+04  5.134340e+08  0.000000e+00  0.000000e+00  4.617606e+09  0.000000e+00  0.000000e+00  3.720670e+08  3.257599e+08  3.022008e+08  2.928316e+08
1.357389e+04  5.126022e+08  0.000000e+00  0.000000e+00  4.610125e+09  0.000000e+00  0.000000e+00  3.723351e+08  3.260614e+08  3.024904e+08  2.931087e+08
1.359484e+04  5.118171e+08  0.000000e+00  0.000000e+00  4.603064e+09  0.000000e+00  0.000000e+00  3.726012e+08  3.263628e+08  3.027819e+08  2.933861e+08
1.361582e+04  5.109856e+08  0.000000e+00  0.000000e+00  4.595586e+09  0.000000e+00  0.000000e+00  3.728664e+08  3.266627e+08  3.030691e+08  2.936633e+08
1.363683e+04  5.101773e+08  0.000000e+00  0.000000e+00  4.588317e+09  0.000000e+00  0.000000e+00  3.731300e+08  3.269605e+08  3.033585e+08  2.939379e+08
1.365787e+04  5.093690e+08  0.000000e+00  0.000000e+00  4.581047e+09  0.000000e+00  0.000000e+00  3.733918e+08  3.272594e+08  3.036443e+08  2.942125e+08
1.367895e+04  5.085609e+08  0.000000e+00  0.000000e+00  4.573780e+09  0.000000e+00  0.000000e+00  3.736537e+08  3.275555e+08  3.039305e+08  2.944867e+08
1.370005e+04  5.077757e+08  0.000000e+00  0.000000e+00  4.566718e+09  0.000000e+00  0.000000e+00  3.739129e+08  3.278508e+08  3.042165e+08  2.947605e+08
1.372120e+04  5.069446e+08  0.000000e+00  0.000000e+00  4.559244e+09  0.000000e+00  0.000000e+00  3.741716e+08  3.281451e+08  3.044998e+08  2.950316e+08
1.374237e+04  5.061594e+08  0.000000e+00  0.000000e+00  4.552181e+09  0.000000e+00  0.000000e+00  3.744291e+08  3.284380e+08  3.047829e+08  2.953033e+08
1.376357e+04  5.053514e+08  0.000000e+00  0.000000e+00  4.544914e+09  0.000000e+00  0.000000e+00  3.746841e+08  3.287308e+08  3.050649e+08  2.955740e+08
1.378481e+04  5.045435e+08  0.000000e+00  0.000000e+00  4.537649e+09  0.000000e+00  0.000000e+00  3.749386e+08  3.290211e+08  3.053474e+08  2.958433e+08
1.380608e+04  5.037578e+08  0.000000e+00  0.000000e+00  4.530583e+09  0.000000e+00  0.000000e+00  3.751915e+08  3.293117e+08  3.056281e+08  2.961123e+08
1.382739e+04  5.029717e+08  0.000000e+00  0.000000e+00  4.523513e+09  0.000000e+00  0.000000e+00  3.754428e+08  3.296002e+08  3.059064e+08  2.963790e+08
1.384873e+04  5.021405e+08  0.000000e+00  0.000000e+00  4.516037e+09  0.000000e+00  0.000000e+00  3.756933e+08  3.298875e+08  3.061839e+08  2.966455e+08
1.387010e+04  5.013766e+08  0.000000e+00  0.000000e+00  4.509167e+09  0.000000e+00  0.000000e+00  3.759418e+08  3.301750e+08  3.064629e+08  2.969115e+08
1.389150e+04  5.005457e+08  0.000000e+00  0.000000e+00  4.501694e+09  0.000000e+00  0.000000e+00  3.761887e+08  3.304602e+08  3.067386e+08  2.971770e+08
1.391293e+04  4.997817e+08  0.000000e+00  0.000000e+00  4.494823e+09  0.000000e+00  0.000000e+00  3.764342e+08  3.307442e+08  3.070134e+08  2.974397e+08
1.393440e+04  4.989732e+08  0.000000e+00  0.000000e+00  4.487552e+09  0.000000e+00  0.000000e+00  3.766774e+08  3.310267e+08  3.072873e+08  2.977025e+08
1.395591e+04  4.981870e+08  0.000000e+00  0.000000e+00  4.480481e+09  0.000000e+00  0.000000e+00  3.769196e+08  3.313076e+08  3.075619e+08  2.979649e+08
1.397744e+04  4.974008e+08  0.000000e+00  0.000000e+00  4.473410e+09  0.000000e+00  0.000000e+00  3.771616e+08  3.315890e+08  3.078325e+08  2.982262e+08
1.399901e+04  4.966146e+08  0.000000e+00  0.000000e+00  4.466339e+09  0.000000e+00  0.000000e+00  3.774008e+08  3.318673e+08  3.081049e+08  2.984851e+08
1.402061e+04  4.958284e+08  0.000000e+00  0.000000e+00  4.459268e+09  0.000000e+00  0.000000e+00  3.776384e+08  3.321455e+08  3.083735e+08  2.987441e+08
1.404225e+04  4.950203e+08  0.000000e+00  0.000000e+00  4.452001e+09  0.000000e+00  0.000000e+00  3.778760e+08  3.324233e+08  3.086435e+08  2.990018e+08
1.406391e+04  4.942561e+08  0.000000e+00  0.000000e+00  4.445128e+09  0.000000e+00  0.000000e+00  3.781111e+08  3.326994e+08  3.089119e+08  2.992582e+08
1.408562e+04  4.934699e+08  0.000000e+00  0.000000e+00  4.438058e+09  0.000000e+00  0.000000e+00  3.783442e+08  3.329732e+08  3.091788e+08  2.995140e+08
1.410735e+04  4.926624e+08  0.000000e+00  0.000000e+00  4.430795e+09  0.000000e+00  0.000000e+00  3.785759e+08  3.332465e+08  3.094424e+08  2.997687e+08
1.412912e+04  4.919195e+08  0.000000e+00  0.000000e+00  4.424114e+09  0.000000e+00  0.000000e+00  3.788061e+08  3.335173e+08  3.097086e+08  3.000232e+08
1.415092e+04  4.911120e+08  0.000000e+00  0.000000e+00  4.416852e+09  0.000000e+00  0.000000e+00  3.790328e+08  3.337879e+08  3.099712e+08  3.002755e+08
1.417276e+04  4.903476e+08  0.000000e+00  0.000000e+00  4.409977e+09  0.000000e+00  0.000000e+00  3.792611e+08  3.340567e+08  3.102344e+08  3.005263e+08
1.419463e+04  4.895618e+08  0.000000e+00  0.000000e+00  4.402909e+09  0.000000e+00  0.000000e+00  3.794858e+08  3.343246e+08  3.104952e+08  3.007777e+08
1.421653e+04  4.887761e+08  0.000000e+00  0.000000e+00  4.395843e+09  0.000000e+00  0.000000e+00  3.797099e+08  3.345928e+08  3.107540e+08  3.010260e+08
1.423847e+04  4.880117e+08  0.000000e+00  0.000000e+00  4.388969e+09  0.000000e+00  0.000000e+00  3.799336e+08  3.348583e+08  3.110132e+08  3.012755e+08
1.426044e+04  4.872261e+08  0.000000e+00  0.000000e+00  4.381903e+09  0.000000e+00  0.000000e+00  3.801549e+08  3.351222e+08  3.112710e+08  3.015223e+08
1.428245e+04  4.864616e+08  0.000000e+00  0.000000e+00  4.375028e+09  0.000000e+00  0.000000e+00  3.803747e+08  3.353840e+08  3.115272e+08  3.017678e+08
1.430449e+04  4.856971e+08  0.000000e+00  0.000000e+00  4.368152e+09  0.000000e+00  0.000000e+00  3.805913e+08  3.356467e+08  3.117841e+08  3.020129e+08
1.432656e+04  4.849117e+08  0.000000e+00  0.000000e+00  4.361089e+09  0.000000e+00  0.000000e+00  3.808078e+08  3.359075e+08  3.120371e+08  3.022575e+08
1.434867e+04  4.841473e+08  0.000000e+00  0.000000e+00  4.354214e+09  0.000000e+00  0.000000e+00  3.810230e+08  3.361648e+08  3.122910e+08  3.025001e+08
1.437081e+04  4.833829e+08  0.000000e+00  0.000000e+00  4.347339e+09  0.000000e+00  0.000000e+00  3.812364e+08  3.364243e+08  3.125429e+08  3.027422e+08
1.439298e+04  4.826186e+08  0.000000e+00  0.000000e+00  4.340465e+09  0.000000e+00  0.000000e+00  3.814475e+08  3.366790e+08  3.127939e+08  3.029826e+08
1.441519e+04  4.818335e+08  0.000000e+00  0.000000e+00  4.333405e+09  0.000000e+00  0.000000e+00  3.816579e+08  3.369349e+08  3.130447e+08  3.032226e+08
1.443744e+04  4.810899e+08  0.000000e+00  0.000000e+00  4.326717e+09  0.000000e+00  0.000000e+00  3.818659e+08  3.371886e+08  3.132927e+08  3.034607e+08
1.445972e+04  4.803252e+08  0.000000e+00  0.000000e+00  4.319839e+09  0.000000e+00  0.000000e+00  3.820735e+08  3.374398e+08  3.135392e+08  3.036980e+08
1.448203e+04  4.795395e+08  0.000000e+00  0.000000e+00  4.312773e+09  0.000000e+00  0.000000e+00  3.822776e+08  3.376923e+08  3.137856e+08  3.039345e+08
1.450438e+04  4.787948e+08  0.000000e+00  0.000000e+00  4.306076e+09  0.000000e+00  0.000000e+00  3.824807e+08  3.379404e+08  3.140305e+08  3.041683e+08
1.452676e+04  4.780296e+08  0.000000e+00  0.000000e+00  4.299194e+09  0.000000e+00  0.000000e+00  3.826832e+08  3.381890e+08  3.142742e+08  3.044020e+08
1.454917e+04  4.772646e+08  0.000000e+00  0.000000e+00  4.292313e+09  0.000000e+00  0.000000e+00  3.828836e+08  3.384351e+08  3.145167e+08  3.046349e+08
1.457163e+04  4.765198e+08  0.000000e+00  0.000000e+00  4.285615e+09  0.000000e+00  0.000000e+00  3.830827e+08  3.386815e+08  3.147569e+08  3.048671e+08
1.459411e+04  4.757548e+08  0.000000e+00  0.000000e+00  4.278735e+09  0.000000e+00  0.000000e+00  3.832781e+08  3.389263e+08  3.149964e+08  3.050981e+08
1.461663e+04  4.749898e+08  0.000000e+00  0.000000e+00  4.271855e+09  0.000000e+00  0.000000e+00  3.834745e+08  3.391671e+08  3.152357e+08  3.053270e+08
1.463919e+04  4.742450e+08  0.000000e+00  0.000000e+00  4.265157e+09  0.000000e+00  0.000000e+00  3.836686e+08  3.394083e+08  3.154731e+08  3.055539e+08
1.466178e+04  4.734803e+08  0.000000e+00  0.000000e+00  4.258279e+09  0.000000e+00  0.000000e+00  3.838590e+08  3.396493e+08  3.157092e+08  3.057819e+08
1.468440e+04  4.727355e+08  0.000000e+00  0.000000e+00  4.251581e+09  0.000000e+00  0.000000e+00  3.840500e+08  3.398880e+08  3.159442e+08  3.060070e+08
1.470706e+04  4.719709e+08  0.000000e+00  0.000000e+00  4.244704e+09  0.000000e+00  0.000000e+00  3.842381e+08  3.401254e+08  3.161773e+08  3.062309e+08
1.472975e+04  4.712458e+08  0.000000e+00  0.000000e+00  4.238184e+09  0.000000e+00  0.000000e+00  3.844254e+08  3.403600e+08  3.164104e+08  3.064542e+08
1.475248e+04  4.704813e+08  0.000000e+00  0.000000e+00  4.231308e+09  0.000000e+00  0.000000e+00  3.846114e+08  3.405942e+08  3.166417e+08  3.066763e+08
1.477525e+04  4.697170e+08  0.000000e+00  0.000000e+00  4.224434e+09  0.000000e+00  0.000000e+00  3.847950e+08  3.408280e+08  3.168713e+08  3.068975e+08
1.479805e+04  4.689919e+08  0.000000e+00  0.000000e+00  4.217913e+09  0.000000e+00  0.000000e+00  3.849770e+08  3.410584e+08  3.170997e+08  3.071172e+08
1.482088e+04  4.682277e+08  0.000000e+00  0.000000e+00  4.211040e+09  0.000000e+00  0.000000e+00  3.851573e+08  3.412873e+08  3.173278e+08  3.073353e+08
1.484375e+04  4.675026e+08  0.000000e+00  0.000000e+00  4.204519e+09  0.000000e+00  0.000000e+00  3.853357e+08  3.415169e+08  3.175530e+08  3.075524e+08
1.486666e+04  4.667580e+08  0.000000e+00  0.000000e+00  4.197822e+09  0.000000e+00  0.000000e+00  3.855130e+08  3.417433e+08  3.177781e+08  3.077695e+08
1.488960e+04  4.659941e+08  0.000000e+00  0.000000e+00  4.190952e+09  0.000000e+00  0.000000e+00  3.856883e+08  3.419692e+08  3.180019e+08  3.079839e+08
1.491258e+04  4.652689e+08  0.000000e+00  0.000000e+00  4.184429e+09  0.000000e+00  0.000000e+00  3.858617e+08  3.421919e+08  3.182238e+08  3.081963e+08
1.493559e+04  4.645244e+08  0.000000e+00  0.000000e+00  4.177734e+09  0.000000e+00  0.000000e+00  3.860333e+08  3.424157e+08  3.184440e+08  3.084092e+08
1.495863e+04  4.637800e+08  0.000000e+00  0.000000e+00  4.171039e+09  0.000000e+00  0.000000e+00  3.862034e+08  3.426367e+08  3.186638e+08  3.086202e+08
1.498172e+04  4.630548e+08  0.000000e+00  0.000000e+00  4.164517e+09  0.000000e+00  0.000000e+00  3.863722e+08  3.428556e+08  3.188819e+08  3.088302e+08
1.500483e+04  4.623105e+08  0.000000e+00  0.000000e+00  4.157823e+09  0.000000e+00  0.000000e+00  3.865387e+08  3.430750e+08  3.190983e+08  3.090388e+08
1.502799e+04  4.615662e+08  0.000000e+00  0.000000e+00  4.151130e+09  0.000000e+00  0.000000e+00  3.867029e+08  3.432902e+08  3.193140e+08  3.092444e+08
1.505118e+04  4.608410e+08  0.000000e+00  0.000000e+00  4.144607e+09  0.000000e+00  0.000000e+00  3.868659e+08  3.435067e+08  3.195281e+08  3.094505e+08
1.507440e+04  4.600970e+08  0.000000e+00  0.000000e+00  4.137916e+09  0.000000e+00  0.000000e+00  3.870281e+08  3.437185e+08  3.197400e+08  3.096557e+08
1.509767e+04  4.593718e+08  0.000000e+00  0.000000e+00  4.131394e+09  0.000000e+00  0.000000e+00  3.871880e+08  3.439306e+08  3.199512e+08  3.098591e+08
1.512096e+04  4.586466e+08  0.000000e+00  0.000000e+00  4.124872e+09  0.000000e+00  0.000000e+00  3.873448e+08  3.441408e+08  3.201615e+08  3.100604e+08
1.514430e+04  4.579210e+08  0.000000e+00  0.000000e+00  4.118346e+09  0.000000e+00  0.000000e+00  3.875018e+08  3.443502e+08  3.203702e+08  3.102610e+08
1.516766e+04  4.571762e+08  0.000000e+00  0.000000e+00  4.111648e+09  0.000000e+00  0.000000e+00  3.876554e+08  3.445580e+08  3.205771e+08  3.104588e+08
1.519107e+04  4.564501e+08  0.000000e+00  0.000000e+00  4.105117e+09  0.000000e+00  0.000000e+00  3.878081e+08  3.447632e+08  3.207821e+08  3.106578e+08
1.521451e+04  4.557240e+08  0.000000e+00  0.000000e+00  4.098587e+09  0.000000e+00  0.000000e+00  3.879593e+08  3.449691e+08  3.209864e+08  3.108534e+08
1.523799e+04  4.549979e+08  0.000000e+00  0.000000e+00  4.092057e+09  0.000000e+00  0.000000e+00  3.881094e+08  3.451705e+08  3.211888e+08  3.110489e+08
1.526150e+04  4.542719e+08  0.000000e+00  0.000000e+00  4.085527e+09  0.000000e+00  0.000000e+00  3.882566e+08  3.453721e+08  3.213907e+08  3.112424e+08
1.528505e+04  4.535459e+08  0.000000e+00  0.000000e+00  4.078998e+09  0.000000e+00  0.000000e+00  3.884017e+08  3.455702e+08  3.215900e+08  3.114340e+08
1.530864e+04  4.528199e+08  0.000000e+00  0.000000e+00  4.072469e+09  0.000000e+00  0.000000e+00  3.885445e+08  3.457689e+08  3.217888e+08  3.116249e+08
1.533226e+04  4.520941e+08  0.000000e+00  0.000000e+00  4.065941e+09  0.000000e+00  0.000000e+00  3.886878e+08  3.459646e+08  3.219856e+08  3.118140e+08
1.535592e+04  4.513864e+08  0.000000e+00  0.000000e+00  4.059576e+09  0.000000e+00  0.000000e+00  3.888282e+08  3.461593e+08  3.221808e+08  3.120012e+08
1.537962e+04  4.506606e+08  0.000000e+00  0.000000e+00  4.053048e+09  0.000000e+00  0.000000e+00  3.889673e+08  3.463524e+08  3.223740e+08  3.121885e+08
1.540335e+04  4.499348e+08  0.000000e+00  0.000000e+00  4.046522e+09  0.000000e+00  0.000000e+00  3.891040e+08  3.465449e+08  3.225668e+08  3.123725e+08
1.542712e+04  4.492272e+08  0.000000e+00  0.000000e+00  4.040157e+09  0.000000e+00  0.000000e+00  3.892392e+08  3.467333e+08  3.227573e+08  3.125557e+08
1.545092e+04  4.485016e+08  0.000000e+00  0.000000e+00  4.033632e+09  0.000000e+00  0.000000e+00  3.893721e+08  3.469219e+08  3.229467e+08  3.127385e+08
1.547477e+04  4.477761e+08  0.000000e+00  0.000000e+00  4.027106e+09  0.000000e+00  0.000000e+00  3.895048e+08  3.471098e+08  3.231338e+08  3.129199e+08
1.549864e+04  4.470863e+08  0.000000e+00  0.000000e+00  4.020903e+09  0.000000e+00  0.000000e+00  3.896340e+08  3.472947e+08  3.233201e+08  3.130974e+08
1.552256e+04  4.463609e+08  0.000000e+00  0.000000e+00  4.014379e+09  0.000000e+00  0.000000e+00  3.897618e+08  3.474774e+08  3.235050e+08  3.132767e+08
1.554651e+04  4.456533e+08  0.000000e+00  0.000000e+00  4.008016e+09  0.000000e+00  0.000000e+00  3.898890e+08  3.476591e+08  3.236877e+08  3.134512e+08
1.557050e+04  4.449281e+08  0.000000e+00  0.000000e+00  4.001493e+09  0.000000e+00  0.000000e+00  3.900135e+08  3.478378e+08  3.238700e+08  3.136262e+08
1.559453e+04  4.442206e+08  0.000000e+00  0.000000e+00  3.995130e+09  0.000000e+00  0.000000e+00  3.901362e+08  3.480174e+08  3.240498e+08  3.138004e+08
1.561859e+04  4.435307e+08  0.000000e+00  0.000000e+00  3.988925e+09  0.000000e+00  0.000000e+00  3.902565e+08  3.481935e+08  3.242280e+08  3.139718e+08
1.564269e+04  4.428057e+08  0.000000e+00  0.000000e+00  3.982405e+09  0.000000e+00  0.000000e+00  3.903745e+08  3.483682e+08  3.244049e+08  3.141412e+08
1.566683e+04  4.420983e+08  0.000000e+00  0.000000e+00  3.976043e+09  0.000000e+00  0.000000e+00  3.904908e+08  3.485410e+08  3.245810e+08  3.143108e+08
1.569101e+04  4.414083e+08  0.000000e+00  0.000000e+00  3.969838e+09  0.000000e+00  0.000000e+00  3.906048e+08  3.487103e+08  3.247552e+08  3.144784e+08
1.571522e+04  4.406836e+08  0.000000e+00  0.000000e+00  3.963320e+09  0.000000e+00  0.000000e+00  3.907160e+08  3.488813e+08  3.249272e+08  3.146446e+08
1.573947e+04  4.399936e+08  0.000000e+00  0.000000e+00  3.957115e+09  0.000000e+00  0.000000e+00  3.908233e+08  3.490475e+08  3.250992e+08  3.148093e+08
1.576376e+04  4.392864e+08  0.000000e+00  0.000000e+00  3.950755e+09  0.000000e+00  0.000000e+00  3.909288e+08  3.492103e+08  3.252690e+08  3.149716e+08
1.578808e+04  4.385793e+08  0.000000e+00  0.000000e+00  3.944395e+09  0.000000e+00  0.000000e+00  3.910334e+08  3.493741e+08  3.254328e+08  3.151362e+08
1.581245e+04  4.378892e+08  0.000000e+00  0.000000e+00  3.938189e+09  0.000000e+00  0.000000e+00  3.911420e+08  3.495383e+08  3.255936e+08  3.152920e+08
1.583685e+04  4.371822e+08  0.000000e+00  0.000000e+00  3.931830e+09  0.000000e+00  0.000000e+00  3.912587e+08  3.497090e+08  3.257678e+08  3.154502e+08
1.585992e+04  4.365187e+08  0.000000e+00  0.000000e+00  3.925863e+09  0.000000e+00  0.000000e+00  3.913628e+08  3.498695e+08  3.259360e+08  3.156060e+08
1.588168e+04  4.359120e+08  0.000000e+00  0.000000e+00  3.920406e+09  0.000000e+00  0.000000e+00  3.914553e+08  3.500124e+08  3.260809e+08  3.157405e+08
1.590346e+04  4.352862e+08  0.000000e+00  0.000000e+00  3.914778e+09  0.000000e+00  0.000000e+00  3.915384e+08  3.501487e+08  3.262167e+08  3.158695e+08
1.592527e+04  4.346605e+08  0.000000e+00  0.000000e+00  3.909151e+09  0.000000e+00  0.000000e+00  3.916198e+08  3.502798e+08  3.263530e+08  3.160030e+08
1.594711e+04  4.340538e+08  0.000000e+00  0.000000e+00  3.903695e+09  0.000000e+00  0.000000e+00  3.916980e+08  3.504127e+08  3.264908e+08  3.161366e+08
1.596899e+04  4.334282e+08  0.000000e+00  0.000000e+00  3.898068e+09  0.000000e+00  0.000000e+00  3.917783e+08  3.505447e+08  3.266283e+08  3.162684e+08
1.599089e+04  4.328215e+08  0.000000e+00  0.000000e+00  3.892612e+09  0.000000e+00  0.000000e+00  3.918556e+08  3.506762e+08  3.267642e+08  3.163991e+08
1.601282e+04  4.321773e+08  0.000000e+00  0.000000e+00  3.886818e+09  0.000000e+00  0.000000e+00  3.919355e+08  3.508073e+08  3.268986e+08  3.165294e+08
1.603478e+04  4.315707e+08  0.000000e+00  0.000000e+00  3.881362e+09  0.000000e+00  0.000000e+00  3.920111e+08  3.509365e+08  3.270327e+08  3.166587e+08
1.605677e+04  4.310014e+08  0.000000e+00  0.000000e+00  3.876242e+09  0.000000e+00  0.000000e+00  3.920883e+08  3.510648e+08  3.271651e+08  3.167872e+08
1.607880e+04  4.303202e+08  0.000000e+00  0.000000e+00  3.870116e+09  0.000000e+00  0.000000e+00  3.921629e+08  3.511926e+08  3.272970e+08  3.169134e+08
1.610085e+04  4.297508e+08  0.000000e+00  0.000000e+00  3.864995e+09  0.000000e+00  0.000000e+00  3.922347e+08  3.513182e+08  3.274269e+08  3.170388e+08
1.612293e+04  4.291441e+08  0.000000e+00  0.000000e+00  3.859539e+09  0.000000e+00  0.000000e+00  3.923059e+08  3.514434e+08  3.275561e+08  3.171637e+08
1.614504e+04  4.285005e+08  0.000000e+00  0.000000e+00  3.853751e+09  0.000000e+00  0.000000e+00  3.923782e+08  3.515663e+08  3.276835e+08  3.172870e+08
1.616719e+04  4.279309e+08  0.000000e+00  0.000000e+00  3.848627e+09  0.000000e+00  0.000000e+00  3.924459e+08  3.516884e+08  3.278105e+08  3.174092e+08
1.618936e+04  4.272875e+08  0.000000e+00  0.000000e+00  3.842841e+09  0.000000e+00  0.000000e+00  3.925145e+08  3.518088e+08  3.279360e+08  3.175286e+08
1.621156e+04  4.267177e+08  0.000000e+00  0.000000e+00  3.837716e+09  0.000000e+00  0.000000e+00  3.925789e+08  3.519279e+08  3.280597e+08  3.176483e+08
1.623380e+04  4.260746e+08  0.000000e+00  0.000000e+00  3.831933e+09  0.000000e+00  0.000000e+00  3.926449e+08  3.520459e+08  3.281831e+08  3.177663e+08
1.625606e+04  4.254682e+08  0.000000e+00  0.000000e+00  3.826479e+09  0.000000e+00  0.000000e+00  3.927065e+08  3.521623e+08  3.283038e+08  3.178831e+08
1.627836e+04  4.248980e+08  0.000000e+00  0.000000e+00  3.821351e+09  0.000000e+00  0.000000e+00  3.927693e+08  3.522778e+08  3.284239e+08  3.180006e+08
1.630069e+04  4.242553e+08  0.000000e+00  0.000000e+00  3.815571e+09  0.000000e+00  0.000000e+00  3.928290e+08  3.523906e+08  3.285426e+08  3.181140e+08
1.632304e+04  4.236491e+08  0.000000e+00  0.000000e+00  3.810119e+09  0.000000e+00  0.000000e+00  3.928874e+08  3.525036e+08  3.286600e+08  3.182276e+08
1.634543e+04  4.230788e+08  0.000000e+00  0.000000e+00  3.804990e+09  0.000000e+00  0.000000e+00  3.929457e+08  3.526138e+08  3.287772e+08  3.183391e+08
1.636785e+04  4.224725e+08  0.000000e+00  0.000000e+00  3.799537e+09  0.000000e+00  0.000000e+00  3.930001e+08  3.527236e+08  3.288922e+08  3.184497e+08
1.639030e+04  4.218304e+08  0.000000e+00  0.000000e+00  3.793763e+09  0.000000e+00  0.000000e+00  3.930542e+08  3.528315e+08  3.290049e+08  3.185592e+08
1.641278e+04  4.212600e+08  0.000000e+00  0.000000e+00  3.788633e+09  0.000000e+00  0.000000e+00  3.931066e+08  3.529380e+08  3.291168e+08  3.186668e+08
1.643529e+04  4.206539e+08  0.000000e+00  0.000000e+00  3.783182e+09  0.000000e+00  0.000000e+00  3.931569e+08  3.530431e+08  3.292283e+08  3.187738e+08
1.645783e+04  4.200833e+08  0.000000e+00  0.000000e+00  3.778050e+09  0.000000e+00  0.000000e+00  3.932076e+08  3.531466e+08  3.293379e+08  3.188798e+08
1.648040e+04  4.194418e+08  0.000000e+00  0.000000e+00  3.772280e+09  0.000000e+00  0.000000e+00  3.932563e+08  3.532482e+08  3.294455e+08  3.189826e+08
1.650301e+04  4.188712e+08  0.000000e+00  0.000000e+00  3.767149e+09  0.000000e+00  0.000000e+00  3.933010e+08  3.533489e+08  3.295523e+08  3.190860e+08
1.652564e+04  4.182653e+08  0.000000e+00  0.000000e+00  3.761699e+09  0.000000e+00  0.000000e+00  3.933477e+08  3.534485e+08  3.296582e+08  3.191889e+08
1.654830e+04  4.176594e+08  0.000000e+00  0.000000e+00  3.756251e+09  0.000000e+00  0.000000e+00  3.933902e+08  3.535463e+08  3.297616e+08  3.192876e+08
1.657100e+04  4.170887e+08  0.000000e+00  0.000000e+00  3.751118e+09  0.000000e+00  0.000000e+00  3.934330e+08  3.536422e+08  3.298645e+08  3.193860e+08
1.659373e+04  4.164827e+08  0.000000e+00  0.000000e+00  3.745668e+09  0.000000e+00  0.000000e+00  3.934715e+08  3.537371e+08  3.299654e+08  3.194846e+08
1.661649e+04  4.158764e+08  0.000000e+00  0.000000e+00  3.740214e+09  0.000000e+00  0.000000e+00  3.935107e+08  3.538308e+08  3.300653e+08  3.195798e+08
1.663928e+04  4.153046e+08  0.000000e+00  0.000000e+00  3.735072e+09  0.000000e+00  0.000000e+00  3.935486e+08  3.539227e+08  3.301633e+08  3.196752e+08
1.666210e+04  4.146980e+08  0.000000e+00  0.000000e+00  3.729617e+09  0.000000e+00  0.000000e+00  3.935835e+08  3.540131e+08  3.302602e+08  3.197682e+08
1.668495e+04  4.141261e+08  0.000000e+00  0.000000e+00  3.724473e+09  0.000000e+00  0.000000e+00  3.936168e+08  3.541017e+08  3.303567e+08  3.198618e+08
1.670784e+04  4.134853e+08  0.000000e+00  0.000000e+00  3.718710e+09  0.000000e+00  0.000000e+00  3.936503e+08  3.541890e+08  3.304504e+08  3.199518e+08
1.673075e+04  4.129478e+08  0.000000e+00  0.000000e+00  3.713876e+09  0.000000e+00  0.000000e+00  3.936817e+08  3.542753e+08  3.305429e+08  3.200399e+08
1.675370e+04  4.123415e+08  0.000000e+00  0.000000e+00  3.708423e+09  0.000000e+00  0.000000e+00  3.937114e+08  3.543594e+08  3.306349e+08  3.201291e+08
1.677668e+04  4.117354e+08  0.000000e+00  0.000000e+00  3.702972e+09  0.000000e+00  0.000000e+00  3.937393e+08  3.544425e+08  3.307249e+08  3.202166e+08
1.679968e+04  4.111635e+08  0.000000e+00  0.000000e+00  3.697829e+09  0.000000e+00  0.000000e+00  3.937647e+08  3.545233e+08  3.308125e+08  3.203011e+08
1.682273e+04  4.105915e+08  0.000000e+00  0.000000e+00  3.692684e+09  0.000000e+00  0.000000e+00  3.937881e+08  3.546029e+08  3.309006e+08  3.203848e+08
1.684580e+04  4.099855e+08  0.000000e+00  0.000000e+00  3.687235e+09  0.000000e+00  0.000000e+00  3.938130e+08  3.546819e+08  3.309865e+08  3.204669e+08
1.686890e+04  4.093798e+08  0.000000e+00  0.000000e+00  3.681787e+09  0.000000e+00  0.000000e+00  3.938334e+08  3.547584e+08  3.310703e+08  3.205486e+08
1.689204e+04  4.088416e+08  0.000000e+00  0.000000e+00  3.676947e+09  0.000000e+00  0.000000e+00  3.938545e+08  3.548343e+08  3.311527e+08  3.206281e+08
1.691521e+04  4.082359e+08  0.000000e+00  0.000000e+00  3.671500e+09  0.000000e+00  0.000000e+00  3.938721e+08  3.549078e+08  3.312348e+08  3.207074e+08
1.693841e+04  4.076305e+08  0.000000e+00  0.000000e+00  3.666054e+09  0.000000e+00  0.000000e+00  3.938885e+08  3.549799e+08  3.313141e+08  3.207835e+08
1.696164e+04  4.070920e+08  0.000000e+00  0.000000e+00  3.661211e+09  0.000000e+00  0.000000e+00  3.939057e+08  3.550505e+08  3.313939e+08  3.208584e+08
1.698490e+04  4.064865e+08  0.000000e+00  0.000000e+00  3.655766e+09  0.000000e+00  0.000000e+00  3.939181e+08  3.551203e+08  3.314700e+08  3.209338e+08
1.700820e+04  4.059145e+08  0.000000e+00  0.000000e+00  3.650622e+09  0.000000e+00  0.000000e+00  3.939320e+08  3.551875e+08  3.315459e+08  3.210057e+08
1.703152e+04  4.053095e+08  0.000000e+00  0.000000e+00  3.645180e+09  0.000000e+00  0.000000e+00  3.939416e+08  3.552544e+08  3.316202e+08  3.210788e+08
1.705488e+04  4.047376e+08  0.000000e+00  0.000000e+00  3.640037e+09  0.000000e+00  0.000000e+00  3.939510e+08  3.553191e+08  3.316932e+08  3.211487e+08
1.707827e+04  4.041986e+08  0.000000e+00  0.000000e+00  3.635190e+09  0.000000e+00  0.000000e+00  3.939580e+08  3.553818e+08  3.317645e+08  3.212180e+08
1.710170e+04  4.035937e+08  0.000000e+00  0.000000e+00  3.629750e+09  0.000000e+00  0.000000e+00  3.939645e+08  3.554439e+08  3.318345e+08  3.212837e+08
1.712515e+04  4.029891e+08  0.000000e+00  0.000000e+00  3.624312e+09  0.000000e+00  0.000000e+00  3.939697e+08  3.555039e+08  3.319033e+08  3.213501e+08
1.714864e+04  4.024500e+08  0.000000e+00  0.000000e+00  3.619464e+09  0.000000e+00  0.000000e+00  3.939717e+08  3.555623e+08  3.319702e+08  3.214143e+08
1.717216e+04  4.018781e+08  0.000000e+00  0.000000e+00  3.614320e+09  0.000000e+00  0.000000e+00  3.939729e+08  3.556198e+08  3.320354e+08  3.214772e+08
1.719571e+04  4.012738e+08  0.000000e+00  0.000000e+00  3.608885e+09  0.000000e+00  0.000000e+00  3.939730e+08  3.556752e+08  3.320996e+08  3.215392e+08
1.721930e+04  4.007344e+08  0.000000e+00  0.000000e+00  3.604034e+09  0.000000e+00  0.000000e+00  3.939705e+08  3.557289e+08  3.321621e+08  3.215996e+08
1.724291e+04  4.001303e+08  0.000000e+00  0.000000e+00  3.598601e+09  0.000000e+00  0.000000e+00  3.939674e+08  3.557820e+08  3.322234e+08  3.216577e+08
1.726656e+04  3.995908e+08  0.000000e+00  0.000000e+00  3.593749e+09  0.000000e+00  0.000000e+00  3.939631e+08  3.558328e+08  3.322829e+08  3.217149e+08
1.729024e+04  3.989870e+08  0.000000e+00  0.000000e+00  3.588318e+09  0.000000e+00  0.000000e+00  3.939552e+08  3.558816e+08  3.323416e+08  3.217714e+08
1.731396e+04  3.984473e+08  0.000000e+00  0.000000e+00  3.583465e+09  0.000000e+00  0.000000e+00  3.939480e+08  3.559298e+08  3.323981e+08  3.218259e+08
1.733771e+04  3.978437e+08  0.000000e+00  0.000000e+00  3.578036e+09  0.000000e+00  0.000000e+00  3.939385e+08  3.559760e+08  3.324537e+08  3.218788e+08
1.736148e+04  3.973040e+08  0.000000e+00  0.000000e+00  3.573183e+09  0.000000e+00  0.000000e+00  3.939265e+08  3.560211e+08  3.325074e+08  3.219314e+08
1.738530e+04  3.967320e+08  0.000000e+00  0.000000e+00  3.568039e+09  0.000000e+00  0.000000e+00  3.939133e+08  3.560639e+08  3.325601e+08  3.219823e+08
1.740914e+04  3.961279e+08  0.000000e+00  0.000000e+00  3.562605e+09  0.000000e+00  0.000000e+00  3.938999e+08  3.561057e+08  3.326106e+08  3.220298e+08
1.743302e+04  3.955872e+08  0.000000e+00  0.000000e+00  3.557742e+09  0.000000e+00  0.000000e+00  3.938847e+08  3.561457e+08  3.326605e+08  3.220780e+08
1.745693e+04  3.950463e+08  0.000000e+00  0.000000e+00  3.552877e+09  0.000000e+00  0.000000e+00  3.938667e+08  3.561838e+08  3.327090e+08  3.221244e+08
1.748087e+04  3.944424e+08  0.000000e+00  0.000000e+00  3.547446e+09  0.000000e+00  0.000000e+00  3.938478e+08  3.562211e+08  3.327556e+08  3.221696e+08
1.750485e+04  3.939015e+08  0.000000e+00  0.000000e+00  3.542582e+09  0.000000e+00  0.000000e+00  3.938267e+08  3.562562e+08  3.328001e+08  3.222129e+08
1.752885e+04  3.933292e+08  0.000000e+00  0.000000e+00  3.537434e+09  0.000000e+00  0.000000e+00  3.938046e+08  3.562906e+08  3.328431e+08  3.222545e+08
1.755290e+04  3.927570e+08  0.000000e+00  0.000000e+00  3.532289e+09  0.000000e+00  0.000000e+00  3.937808e+08  3.563228e+08  3.328855e+08  3.222948e+08
1.757697e+04  3.921849e+08  0.000000e+00  0.000000e+00  3.527144e+09  0.000000e+00  0.000000e+00  3.937558e+08  3.563529e+08  3.329254e+08  3.223335e+08
1.760108e+04  3.916439e+08  0.000000e+00  0.000000e+00  3.522278e+09  0.000000e+00  0.000000e+00  3.937278e+08  3.563823e+08  3.329649e+08  3.223707e+08
1.762522e+04  3.910719e+08  0.000000e+00  0.000000e+00  3.517133e+09  0.000000e+00  0.000000e+00  3.936999e+08  3.564103e+08  3.330026e+08  3.224055e+08
1.764939e+04  3.905307e+08  0.000000e+00  0.000000e+00  3.512267e+09  0.000000e+00  0.000000e+00  3.936701e+08  3.564358e+08  3.330387e+08  3.224414e+08
1.767360e+04  3.899588e+08  0.000000e+00  0.000000e+00  3.507123e+09  0.000000e+00  0.000000e+00  3.936378e+08  3.564606e+08  3.330732e+08  3.224744e+08
1.769784e+04  3.893870e+08  0.000000e+00  0.000000e+00  3.501980e+09  0.000000e+00  0.000000e+00  3.936051e+08  3.564832e+08  3.331058e+08  3.225045e+08
1.772211e+04  3.888459e+08  0.000000e+00  0.000000e+00  3.497114e+09  0.000000e+00  0.000000e+00  3.935694e+08  3.565047e+08  3.331380e+08  3.225359e+08
1.774642e+04  3.882742e+08  0.000000e+00  0.000000e+00  3.491972e+09  0.000000e+00  0.000000e+00  3.935325e+08  3.565238e+08  3.331680e+08  3.225649e+08
1.777076e+04  3.877330e+08  0.000000e+00  0.000000e+00  3.487105e+09  0.000000e+00  0.000000e+00  3.934955e+08  3.565424e+08  3.331964e+08  3.225903e+08
1.779513e+04  3.871615e+08  0.000000e+00  0.000000e+00  3.481965e+09  0.000000e+00  0.000000e+00  3.934547e+08  3.565592e+08  3.332231e+08  3.226170e+08
1.781954e+04  3.866203e+08  0.000000e+00  0.000000e+00  3.477098e+09  0.000000e+00  0.000000e+00  3.934149e+08  3.565733e+08  3.332489e+08  3.226409e+08
1.784398e+04  3.860489e+08  0.000000e+00  0.000000e+00  3.471959e+09  0.000000e+00  0.000000e+00  3.933716e+08  3.565871e+08  3.332723e+08  3.226650e+08
1.786845e+04  3.855077e+08  0.000000e+00  0.000000e+00  3.467092e+09  0.000000e+00  0.000000e+00  3.933277e+08  3.565984e+08  3.332952e+08  3.226847e+08
1.789296e+04  3.849665e+08  0.000000e+00  0.000000e+00  3.462224e+09  0.000000e+00  0.000000e+00  3.932812e+08  3.566096e+08  3.333160e+08  3.227051e+08
1.791750e+04  3.843953e+08  0.000000e+00  0.000000e+00  3.457087e+09  0.000000e+00  0.000000e+00  3.932343e+08  3.566173e+08  3.333352e+08  3.227242e+08
1.794207e+04  3.838541e+08  0.000000e+00  0.000000e+00  3.452220e+09  0.000000e+00  0.000000e+00  3.931849e+08  3.566243e+08  3.333525e+08  3.227403e+08
1.796668e+04  3.833129e+08  0.000000e+00  0.000000e+00  3.447352e+09  0.000000e+00  0.000000e+00  3.931345e+08  3.566305e+08  3.333685e+08  3.227540e+08
1.799132e+04  3.827421e+08  0.000000e+00  0.000000e+00  3.442219e+09  0.000000e+00  0.000000e+00  3.930817e+08  3.566341e+08  3.333832e+08  3.227695e+08
1.801600e+04  3.822009e+08  0.000000e+00  0.000000e+00  3.437351e+09  0.000000e+00  0.000000e+00  3.930280e+08  3.566362e+08  3.333966e+08  3.227815e+08
1.804071e+04  3.816303e+08  0.000000e+00  0.000000e+00  3.432220e+09  0.000000e+00  0.000000e+00  3.929731e+08  3.566365e+08  3.334084e+08  3.227921e+08
1.806545e+04  3.811186e+08  0.000000e+00  0.000000e+00  3.427618e+09  0.000000e+00  0.000000e+00  3.929155e+08  3.566361e+08  3.334184e+08  3.228015e+08
1.809023e+04  3.805481e+08  0.000000e+00  0.000000e+00  3.422487e+09  0.000000e+00  0.000000e+00  3.928569e+08  3.566335e+08  3.334277e+08  3.228088e+08
1.811504e+04  3.800070e+08  0.000000e+00  0.000000e+00  3.417620e+09  0.000000e+00  0.000000e+00  3.927965e+08  3.566292e+08  3.334342e+08  3.228153e+08
1.813988e+04  3.794659e+08  0.000000e+00  0.000000e+00  3.412754e+09  0.000000e+00  0.000000e+00  3.927347e+08  3.566232e+08  3.334392e+08  3.228204e+08
1.816476e+04  3.789249e+08  0.000000e+00  0.000000e+00  3.407889e+09  0.000000e+00  0.000000e+00  3.926723e+08  3.566160e+08  3.334432e+08  3.228229e+08
1.818968e+04  3.783837e+08  0.000000e+00  0.000000e+00  3.403021e+09  0.000000e+00  0.000000e+00  3.926073e+08  3.566068e+08  3.334463e+08  3.228252e+08
1.821462e+04  3.778420e+08  0.000000e+00  0.000000e+00  3.398150e+09  0.000000e+00  0.000000e+00  3.925408e+08  3.565959e+08  3.334473e+08  3.228237e+08
1.823961e+04  3.772713e+08  0.000000e+00  0.000000e+00  3.393016e+09  0.000000e+00  0.000000e+00  3.924727e+08  3.565834e+08  3.334459e+08  3.228248e+08
1.826462e+04  3.767580e+08  0.000000e+00  0.000000e+00  3.388400e+09  0.000000e+00  0.000000e+00  3.924031e+08  3.565693e+08  3.334436e+08  3.228208e+08
1.828967e+04  3.762160e+08  0.000000e+00  0.000000e+00  3.383526e+09  0.000000e+00  0.000000e+00  3.923327e+08  3.565541e+08  3.334391e+08  3.228170e+08
1.831476e+04  3.756455e+08  0.000000e+00  0.000000e+00  3.378395e+09  0.000000e+00  0.000000e+00  3.922604e+08  3.565372e+08  3.334345e+08  3.228111e+08
1.833988e+04  3.751323e+08  0.000000e+00  0.000000e+00  3.373779e+09  0.000000e+00  0.000000e+00  3.921860e+08  3.565189e+08  3.334268e+08  3.228044e+08
1.836503e+04  3.745904e+08  0.000000e+00  0.000000e+00  3.368906e+09  0.000000e+00  0.000000e+00  3.921110e+08  3.564988e+08  3.334191e+08  3.227937e+08
1.839022e+04  3.740485e+08  0.000000e+00  0.000000e+00  3.364033e+09  0.000000e+00  0.000000e+00  3.920333e+08  3.564768e+08  3.334082e+08  3.227848e+08
1.841544e+04  3.735068e+08  0.000000e+00  0.000000e+00  3.359160e+09  0.000000e+00  0.000000e+00  3.919556e+08  3.564532e+08  3.333963e+08  3.227717e+08
1.844070e+04  3.729651e+08  0.000000e+00  0.000000e+00  3.354289e+09  0.000000e+00  0.000000e+00  3.918747e+08  3.564280e+08  3.333838e+08  3.227595e+08
1.846599e+04  3.724235e+08  0.000000e+00  0.000000e+00  3.349418e+09  0.000000e+00  0.000000e+00  3.917932e+08  3.564018e+08  3.333695e+08  3.227433e+08
1.849132e+04  3.719100e+08  0.000000e+00  0.000000e+00  3.344799e+09  0.000000e+00  0.000000e+00  3.917096e+08  3.563738e+08  3.333522e+08  3.227286e+08
1.851668e+04  3.713404e+08  0.000000e+00  0.000000e+00  3.339677e+09  0.000000e+00  0.000000e+00  3.916244e+08  3.563438e+08  3.333342e+08  3.227110e+08
1.854207e+04  3.708269e+08  0.000000e+00  0.000000e+00  3.335059e+09  0.000000e+00  0.000000e+00  3.915380e+08  3.563122e+08  3.333157e+08  3.226913e+08
1.856750e+04  3.703132e+08  0.000000e+00  0.000000e+00  3.330439e+09  0.000000e+00  0.000000e+00  3.914488e+08  3.562792e+08  3.332944e+08  3.226700e+08
1.859297e+04  3.697441e+08  0.000000e+00  0.000000e+00  3.325321e+09  0.000000e+00  0.000000e+00  3.913585e+08  3.562442e+08  3.332728e+08  3.226465e+08
1.861847e+04  3.692305e+08  0.000000e+00  0.000000e+00  3.320701e+09  0.000000e+00  0.000000e+00  3.912673e+08  3.562071e+08  3.332474e+08  3.226225e+08
1.864401e+04  3.686892e+08  0.000000e+00  0.000000e+00  3.315833e+09  0.000000e+00  0.000000e+00  3.911739e+08  3.561693e+08  3.332227e+08  3.225969e+08
1.866958e+04  3.681755e+08  0.000000e+00  0.000000e+00  3.311213e+09  0.000000e+00  0.000000e+00  3.910781e+08  3.561300e+08  3.331960e+08  3.225705e+08
1.869518e+04  3.676344e+08  0.000000e+00  0.000000e+00  3.306347e+09  0.000000e+00  0.000000e+00  3.909804e+08  3.560885e+08  3.331689e+08  3.225428e+08
1.872082e+04  3.671206e+08  0.000000e+00  0.000000e+00  3.301726e+09  0.000000e+00  0.000000e+00  3.908800e+08  3.560438e+08  3.331383e+08  3.225145e+08
1.874650e+04  3.665524e+08  0.000000e+00  0.000000e+00  3.296615e+09  0.000000e+00  0.000000e+00  3.907782e+08  3.559973e+08  3.331061e+08  3.224833e+08
1.877221e+04  3.660659e+08  0.000000e+00  0.000000e+00  3.292240e+09  0.000000e+00  0.000000e+00  3.906774e+08  3.559501e+08  3.330697e+08  3.224512e+08
1.879796e+04  3.655249e+08  0.000000e+00  0.000000e+00  3.287375e+09  0.000000e+00  0.000000e+00  3.905802e+08  3.559066e+08  3.330314e+08  3.224099e+08
1.882374e+04  3.649842e+08  0.000000e+00  0.000000e+00  3.282512e+09  0.000000e+00  0.000000e+00  3.904856e+08  3.558662e+08  3.330040e+08  3.223771e+08
1.884826e+04  3.645069e+08  0.000000e+00  0.000000e+00  3.278219e+09  0.000000e+00  0.000000e+00  3.903919e+08  3.558250e+08  3.329799e+08  3.223581e+08
1.887153e+04  3.640030e+08  0.000000e+00  0.000000e+00  3.273687e+09  0.000000e+00  0.000000e+00  3.902980e+08  3.557809e+08  3.329470e+08  3.223209e+08
1.889482e+04  3.635588e+08  0.000000e+00  0.000000e+00  3.269693e+09  0.000000e+00  0.000000e+00  3.901991e+08  3.557306e+08  3.329059e+08  3.222751e+08
1.891814e+04  3.630849e+08  0.000000e+00  0.000000e+00  3.265430e+09  0.000000e+00  0.000000e+00  3.900967e+08  3.556766e+08  3.328620e+08  3.222375e+08
1.894149e+04  3.626109e+08  0.000000e+00  0.000000e+00  3.261168e+09  0.000000e+00  0.000000e+00  3.899922e+08  3.556217e+08  3.328208e+08  3.221980e+08
1.896487e+04  3.621370e+08  0.000000e+00  0.000000e+00  3.256906e+09  0.000000e+00  0.000000e+00  3.898883e+08  3.555672e+08  3.327802e+08  3.221578e+08
1.898828e+04  3.616632e+08  0.000000e+00  0.000000e+00  3.252645e+09  0.000000e+00  0.000000e+00  3.897833e+08  3.555135e+08  3.327378e+08  3.221154e+08
1.901172e+04  3.611895e+08  0.000000e+00  0.000000e+00  3.248384e+09  0.000000e+00  0.000000e+00  3.896788e+08  3.554571e+08  3.326936e+08  3.220717e+08
1.903518e+04  3.607450e+08  0.000000e+00  0.000000e+00  3.244387e+09  0.000000e+00  0.000000e+00  3.895736e+08  3.554012e+08  3.326494e+08  3.220284e+08
1.905868e+04  3.602709e+08  0.000000e+00  0.000000e+00  3.240122e+09  0.000000e+00  0.000000e+00  3.894665e+08  3.553428e+08  3.326043e+08  3.219836e+08
1.908220e+04  3.597673e+08  0.000000e+00  0.000000e+00  3.235593e+09  0.000000e+00  0.000000e+00  3.893591e+08  3.552839e+08  3.325562e+08  3.219370e+08
1.910576e+04  3.593509e+08  0.000000e+00  0.000000e+00  3.231849e+09  0.000000e+00  0.000000e+00  3.892492e+08  3.552239e+08  3.325086e+08  3.218905e+08
1.912934e+04  3.588474e+08  0.000000e+00  0.000000e+00  3.227320e+09  0.000000e+00  0.000000e+00  3.891397e+08  3.551622e+08  3.324597e+08  3.218424e+08
1.915295e+04  3.584018e+08  0.000000e+00  0.000000e+00  3.223313e+09  0.000000e+00  0.000000e+00  3.890284e+08  3.551002e+08  3.324090e+08  3.217932e+08
1.917659e+04  3.579274e+08  0.000000e+00  0.000000e+00  3.219046e+09  0.000000e+00  0.000000e+00  3.889162e+08  3.550367e+08  3.323568e+08  3.217417e+08
1.920026e+04  3.574531e+08  0.000000e+00  0.000000e+00  3.214780e+09  0.000000e+00  0.000000e+00  3.888026e+08  3.549711e+08  3.323043e+08  3.216892e+08
1.922396e+04  3.569787e+08  0.000000e+00  0.000000e+00  3.210514e+09  0.000000e+00  0.000000e+00  3.886876e+08  3.549056e+08  3.322502e+08  3.216353e+08
1.924769e+04  3.565332e+08  0.000000e+00  0.000000e+00  3.206507e+09  0.000000e+00  0.000000e+00  3.885711e+08  3.548376e+08  3.321956e+08  3.215824e+08
1.927144e+04  3.560876e+08  0.000000e+00  0.000000e+00  3.202499e+09  0.000000e+00  0.000000e+00  3.884539e+08  3.547691e+08  3.321382e+08  3.215265e+08
1.929523e+04  3.555849e+08  0.000000e+00  0.000000e+00  3.197978e+09  0.000000e+00  0.000000e+00  3.883359e+08  3.546991e+08  3.320812e+08  3.214690e+08
1.931904e+04  3.551393e+08  0.000000e+00  0.000000e+00  3.193971e+09  0.000000e+00  0.000000e+00  3.882163e+08  3.546281e+08  3.320220e+08  3.214129e+08
1.934289e+04  3.546936e+08  0.000000e+00  0.000000e+00  3.189963e+09  0.000000e+00  0.000000e+00  3.880954e+08  3.545547e+08  3.319621e+08  3.213532e+08
1.936676e+04  3.542196e+08  0.000000e+00  0.000000e+00  3.185700e+09  0.000000e+00  0.000000e+00  3.879729e+08  3.544813e+08  3.318999e+08  3.212928e+08
1.939067e+04  3.537457e+08  0.000000e+00  0.000000e+00  3.181437e+09  0.000000e+00  0.000000e+00  3.878494e+08  3.544064e+08  3.318371e+08  3.212301e+08
1.941460e+04  3.533000e+08  0.000000e+00  0.000000e+00  3.177429e+09  0.000000e+00  0.000000e+00  3.877249e+08  3.543298e+08  3.317735e+08  3.211695e+08
1.943857e+04  3.528543e+08  0.000000e+00  0.000000e+00  3.173420e+09  0.000000e+00  0.000000e+00  3.875934e+08  3.542498e+08  3.317079e+08  3.211033e+08
1.946256e+04  3.523525e+08  0.000000e+00  0.000000e+00  3.168908e+09  0.000000e+00  0.000000e+00  3.874663e+08  3.541714e+08  3.316407e+08  3.210374e+08
1.948658e+04  3.519348e+08  0.000000e+00  0.000000e+00  3.165151e+09  0.000000e+00  0.000000e+00  3.873386e+08  3.540909e+08  3.315726e+08  3.209713e+08
1.951063e+04  3.514612e+08  0.000000e+00  0.000000e+00  3.160892e+09  0.000000e+00  0.000000e+00  3.872089e+08  3.540102e+08  3.315044e+08  3.209045e+08
1.953472e+04  3.509877e+08  0.000000e+00  0.000000e+00  3.156633e+09  0.000000e+00  0.000000e+00  3.870785e+08  3.539277e+08  3.314341e+08  3.208370e+08
1.955883e+04  3.505697e+08  0.000000e+00  0.000000e+00  3.152874e+09  0.000000e+00  0.000000e+00  3.869475e+08  3.538439e+08  3.313628e+08  3.207665e+08
1.958297e+04  3.500686e+08  0.000000e+00  0.000000e+00  3.148368e+09  0.000000e+00  0.000000e+00  3.868146e+08  3.537581e+08  3.312898e+08  3.206954e+08
1.960714e+04  3.496506e+08  0.000000e+00  0.000000e+00  3.144608e+09  0.000000e+00  0.000000e+00  3.866804e+08  3.536715e+08  3.312171e+08  3.206224e+08
1.963134e+04  3.491773e+08  0.000000e+00  0.000000e+00  3.140351e+09  0.000000e+00  0.000000e+00  3.865444e+08  3.535841e+08  3.311412e+08  3.205487e+08
1.965557e+04  3.487316e+08  0.000000e+00  0.000000e+00  3.136343e+09  0.000000e+00  0.000000e+00  3.864087e+08  3.534952e+08  3.310656e+08  3.204741e+08
1.967983e+04  3.482585e+08  0.000000e+00  0.000000e+00  3.132089e+09  0.000000e+00  0.000000e+00  3.862711e+08  3.534044e+08  3.309881e+08  3.203985e+08
1.970412e+04  3.478129e+08  0.000000e+00  0.000000e+00  3.128081e+09  0.000000e+00  0.000000e+00  3.861317e+08  3.533136e+08  3.309099e+08  3.203216e+08
1.972844e+04  3.473673e+08  0.000000e+00  0.000000e+00  3.124073e+09  0.000000e+00  0.000000e+00  3.859921e+08  3.532207e+08  3.308287e+08  3.202426e+08
1.975279e+04  3.469216e+08  0.000000e+00  0.000000e+00  3.120064e+09  0.000000e+00  0.000000e+00  3.858504e+08  3.531260e+08  3.307486e+08  3.201631e+08
1.977717e+04  3.464488e+08  0.000000e+00  0.000000e+00  3.115812e+09  0.000000e+00  0.000000e+00  3.857081e+08  3.530312e+08  3.306662e+08  3.200830e+08
1.980158e+04  3.460032e+08  0.000000e+00  0.000000e+00  3.111805e+09  0.000000e+00  0.000000e+00  3.855641e+08  3.529342e+08  3.305827e+08  3.200005e+08
1.982603e+04  3.455576e+08  0.000000e+00  0.000000e+00  3.107798e+09  0.000000e+00  0.000000e+00  3.854200e+08  3.528368e+08  3.304970e+08  3.199173e+08
1.985050e+04  3.451120e+08  0.000000e+00  0.000000e+00  3.103790e+09  0.000000e+00  0.000000e+00  3.852733e+08  3.527373e+08  3.304109e+08  3.198332e+08
1.987500e+04  3.446397e+08  0.000000e+00  0.000000e+00  3.099542e+09  0.000000e+00  0.000000e+00  3.851267e+08  3.526372e+08  3.303240e+08  3.197477e+08
1.989953e+04  3.442209e+08  0.000000e+00  0.000000e+00  3.095776e+09  0.000000e+00  0.000000e+00  3.849782e+08  3.525361e+08  3.302356e+08  3.196608e+08
1.992409e+04  3.437487e+08  0.000000e+00  0.000000e+00  3.091528e+09  0.000000e+00  0.000000e+00  3.848283e+08  3.524336e+08  3.301459e+08  3.195733e+08
1.994868e+04  3.433296e+08  0.000000e+00  0.000000e+00  3.087760e+09  0.000000e+00  0.000000e+00  3.846774e+08  3.523286e+08  3.300546e+08  3.194838e+08
1.997331e+04  3.428569e+08  0.000000e+00  0.000000e+00  3.083508e+09  0.000000e+00  0.000000e+00  3.845260e+08  3.522233e+08  3.299620e+08  3.193942e+08
1.999796e+04  3.424104e+08  0.000000e+00  0.000000e+00  3.079493e+09  0.000000e+00  0.000000e+00  3.843734e+08  3.521171e+08  3.298695e+08  3.193021e+08
2.002264e+04  3.419640e+08  0.000000e+00  0.000000e+00  3.075478e+09  0.000000e+00  0.000000e+00  3.842184e+08  3.520097e+08  3.297744e+08  3.192095e+08
2.004735e+04  3.415177e+08  0.000000e+00  0.000000e+00  3.071464e+09  0.000000e+00  0.000000e+00  3.840638e+08  3.519009e+08  3.296785e+08  3.191160e+08
2.007210e+04  3.410714e+08  0.000000e+00  0.000000e+00  3.067450e+09  0.000000e+00  0.000000e+00  3.839069e+08  3.517901e+08  3.295812e+08  3.190210e+08
2.009687e+04  3.406251e+08  0.000000e+00  0.000000e+00  3.063437e+09  0.000000e+00  0.000000e+00  3.837494e+08  3.516789e+08  3.294838e+08  3.189244e+08
2.012168e+04  3.402049e+08  0.000000e+00  0.000000e+00  3.059658e+09  0.000000e+00  0.000000e+00  3.835901e+08  3.515665e+08  3.293845e+08  3.188272e+08
2.014652e+04  3.397326e+08  0.000000e+00  0.000000e+00  3.055409e+09  0.000000e+00  0.000000e+00  3.834308e+08  3.514518e+08  3.292836e+08  3.187292e+08
2.017138e+04  3.392864e+08  0.000000e+00  0.000000e+00  3.051397e+09  0.000000e+00  0.000000e+00  3.832696e+08  3.513367e+08  3.291818e+08  3.186289e+08
2.019628e+04  3.388402e+08  0.000000e+00  0.000000e+00  3.047384e+09  0.000000e+00  0.000000e+00  3.831066e+08  3.512203e+08  3.290794e+08  3.185283e+08
2.022121e+04  3.384200e+08  0.000000e+00  0.000000e+00  3.043605e+09  0.000000e+00  0.000000e+00  3.829430e+08  3.511028e+08  3.289739e+08  3.184261e+08
2.024617e+04  3.379739e+08  0.000000e+00  0.000000e+00  3.039592e+09  0.000000e+00  0.000000e+00  3.827792e+08  3.509842e+08  3.288689e+08  3.183231e+08
2.027116e+04  3.375021e+08  0.000000e+00  0.000000e+00  3.035349e+09  0.000000e+00  0.000000e+00  3.826131e+08  3.508636e+08  3.287623e+08  3.182186e+08
2.029618e+04  3.371075e+08  0.000000e+00  0.000000e+00  3.031801e+09  0.000000e+00  0.000000e+00  3.824459e+08  3.507424e+08  3.286553e+08  3.181129e+08
2.032123e+04  3.366358e+08  0.000000e+00  0.000000e+00  3.027559e+09  0.000000e+00  0.000000e+00  3.822785e+08  3.506199e+08  3.285451e+08  3.180062e+08
2.034631e+04  3.361900e+08  0.000000e+00  0.000000e+00  3.023549e+09  0.000000e+00  0.000000e+00  3.821088e+08  3.504968e+08  3.284362e+08  3.178986e+08
2.037142e+04  3.357696e+08  0.000000e+00  0.000000e+00  3.019768e+09  0.000000e+00  0.000000e+00  3.819391e+08  3.503715e+08  3.283240e+08  3.177898e+08
2.039657e+04  3.353238e+08  0.000000e+00  0.000000e+00  3.015759e+09  0.000000e+00  0.000000e+00  3.817678e+08  3.502462e+08  3.282120e+08  3.176792e+08
2.042174e+04  3.348780e+08  0.000000e+00  0.000000e+00  3.011750e+09  0.000000e+00  0.000000e+00  3.815945e+08  3.501183e+08  3.280983e+08  3.175683e+08
2.044695e+04  3.344576e+08  0.000000e+00  0.000000e+00  3.007969e+09  0.000000e+00  0.000000e+00  3.814206e+08  3.499894e+08  3.279834e+08  3.174557e+08
2.047219e+04  3.339867e+08  0.000000e+00  0.000000e+00  3.003734e+09  0.000000e+00  0.000000e+00  3.812465e+08  3.498602e+08  3.278670e+08  3.173426e+08
2.049745e+04  3.335914e+08  0.000000e+00  0.000000e+00  3.000179e+09  0.000000e+00  0.000000e+00  3.810702e+08  3.497293e+08  3.277495e+08  3.172278e+08
2.052275e+04  3.331207e+08  0.000000e+00  0.000000e+00  2.995945e+09  0.000000e+00  0.000000e+00  3.808938e+08  3.495968e+08  3.276315e+08  3.171113e+08
2.054809e+04  3.327003e+08  0.000000e+00  0.000000e+00  2.992165e+09  0.000000e+00  0.000000e+00  3.807148e+08  3.494635e+08  3.275117e+08  3.169945e+08
2.057345e+04  3.322549e+08  0.000000e+00  0.000000e+00  2.988159e+09  0.000000e+00  0.000000e+00  3.805364e+08  3.493288e+08  3.273904e+08  3.168759e+08
2.059884e+04  3.318344e+08  0.000000e+00  0.000000e+00  2.984377e+09  0.000000e+00  0.000000e+00  3.803560e+08  3.491928e+08  3.272688e+08  3.167571e+08
2.062427e+04  3.313891e+08  0.000000e+00  0.000000e+00  2.980372e+09  0.000000e+00  0.000000e+00  3.801741e+08  3.490565e+08  3.271457e+08  3.166364e+08
2.064972e+04  3.309686e+08  0.000000e+00  0.000000e+00  2.976590e+09  0.000000e+00  0.000000e+00  3.799912e+08  3.489188e+08  3.270208e+08  3.165149e+08
2.067521e+04  3.305234e+08  0.000000e+00  0.000000e+00  2.972586e+09  0.000000e+00  0.000000e+00  3.798076e+08  3.487785e+08  3.268954e+08  3.163922e+08
2.070073e+04  3.301029e+08  0.000000e+00  0.000000e+00  2.968804e+09  0.000000e+00  0.000000e+00  3.796227e+08  3.486387e+08  3.267694e+08  3.162682e+08
2.072628e+04  3.296578e+08  0.000000e+00  0.000000e+00  2.964801e+09  0.000000e+00  0.000000e+00  3.794370e+08  3.484968e+08  3.266421e+08  3.161433e+08
2.075186e+04  3.292373e+08  0.000000e+00  0.000000e+00  2.961020e+09  0.000000e+00  0.000000e+00  3.792501e+08  3.483540e+08  3.265131e+08  3.160166e+08
2.077748e+04  3.287923e+08  0.000000e+00  0.000000e+00  2.957018e+09  0.000000e+00  0.000000e+00  3.790625e+08  3.482095e+08  3.263823e+08  3.158893e+08
2.080312e+04  3.283719e+08  0.000000e+00  0.000000e+00  2.953236e+09  0.000000e+00  0.000000e+00  3.788727e+08  3.480647e+08  3.262514e+08  3.157607e+08
2.082880e+04  3.279271e+08  0.000000e+00  0.000000e+00  2.949236e+09  0.000000e+00  0.000000e+00  3.786824e+08  3.479178e+08  3.261181e+08  3.156316e+08
2.085451e+04  3.275066e+08  0.000000e+00  0.000000e+00  2.945455e+09  0.000000e+00  0.000000e+00  3.784910e+08  3.477711e+08  3.259859e+08  3.155011e+08
2.088025e+04  3.270862e+08  0.000000e+00  0.000000e+00  2.941673e+09  0.000000e+00  0.000000e+00  3.782985e+08  3.476216e+08  3.258508e+08  3.153690e+08
2.090602e+04  3.266652e+08  0.000000e+00  0.000000e+00  2.937888e+09  0.000000e+00  0.000000e+00  3.781049e+08  3.474727e+08  3.257139e+08  3.152357e+08
2.093182e+04  3.262197e+08  0.000000e+00  0.000000e+00  2.933880e+09  0.000000e+00  0.000000e+00  3.779100e+08  3.473208e+08  3.255773e+08  3.151019e+08
2.095766e+04  3.257983e+08  0.000000e+00  0.000000e+00  2.930090e+09  0.000000e+00  0.000000e+00  3.777148e+08  3.471684e+08  3.254398e+08  3.149666e+08
2.098353e+04  3.253529e+08  0.000000e+00  0.000000e+00  2.926085e+09  0.000000e+00  0.000000e+00  3.775178e+08  3.470150e+08  3.253000e+08  3.148306e+08
2.100943e+04  3.249316e+08  0.000000e+00  0.000000e+00  2.922296e+09  0.000000e+00  0.000000e+00  3.773203e+08  3.468604e+08  3.251596e+08  3.146925e+08
2.103536e+04  3.245102e+08  0.000000e+00  0.000000e+00  2.918506e+09  0.000000e+00  0.000000e+00  3.771216e+08  3.467049e+08  3.250175e+08  3.145538e+08
2.106132e+04  3.240889e+08  0.000000e+00  0.000000e+00  2.914717e+09  0.000000e+00  0.000000e+00  3.769209e+08  3.465488e+08  3.248757e+08  3.144148e+08
2.108732e+04  3.236676e+08  0.000000e+00  0.000000e+00  2.910928e+09  0.000000e+00  0.000000e+00  3.767201e+08  3.463904e+08  3.247311e+08  3.142740e+08
2.111335e+04  3.232226e+08  0.000000e+00  0.000000e+00  2.906926e+09  0.000000e+00  0.000000e+00  3.765168e+08  3.462306e+08  3.245854e+08  3.141312e+08
2.113941e+04  3.228249e+08  0.000000e+00  0.000000e+00  2.903350e+09  0.000000e+00  0.000000e+00  3.763134e+08  3.460707e+08  3.244394e+08  3.139890e+08
2.116550e+04  3.223801e+08  0.000000e+00  0.000000e+00  2.899349e+09  0.000000e+00  0.000000e+00  3.761098e+08  3.459091e+08  3.242920e+08  3.138442e+08
2.119162e+04  3.219589e+08  0.000000e+00  0.000000e+00  2.895561e+09  0.000000e+00  0.000000e+00  3.759038e+08  3.457458e+08  3.241441e+08  3.136995e+08
2.121778e+04  3.215377e+08  0.000000e+00  0.000000e+00  2.891773e+09  0.000000e+00  0.000000e+00  3.756974e+08  3.455830e+08  3.239949e+08  3.135528e+08
2.124397e+04  3.211166e+08  0.000000e+00  0.000000e+00  2.887986e+09  0.000000e+00  0.000000e+00  3.754900e+08  3.454179e+08  3.238439e+08  3.134052e+08
2.127019e+04  3.206955e+08  0.000000e+00  0.000000e+00  2.884198e+09  0.000000e+00  0.000000e+00  3.752813e+08  3.452513e+08  3.236930e+08  3.132572e+08
2.129644e+04  3.202743e+08  0.000000e+00  0.000000e+00  2.880411e+09  0.000000e+00  0.000000e+00  3.750728e+08  3.450842e+08  3.235391e+08  3.131067e+08
2.132273e+04  3.198532e+08  0.000000e+00  0.000000e+00  2.876623e+09  0.000000e+00  0.000000e+00  3.748615e+08  3.449168e+08  3.233853e+08  3.129561e+08
2.134905e+04  3.194322e+08  0.000000e+00  0.000000e+00  2.872837e+09  0.000000e+00  0.000000e+00  3.746497e+08  3.447469e+08  3.232299e+08  3.128047e+08
2.137540e+04  3.190112e+08  0.000000e+00  0.000000e+00  2.869050e+09  0.000000e+00  0.000000e+00  3.744379e+08  3.445767e+08  3.230731e+08  3.126519e+08
2.140178e+04  3.185902e+08  0.000000e+00  0.000000e+00  2.865264e+09  0.000000e+00  0.000000e+00  3.742236e+08  3.444040e+08  3.229160e+08  3.124977e+08
2.142820e+04  3.181693e+08  0.000000e+00  0.000000e+00  2.861479e+09  0.000000e+00  0.000000e+00  3.740095e+08  3.442311e+08  3.227577e+08  3.123421e+08
2.145465e+04  3.177484e+08  0.000000e+00  0.000000e+00  2.857693e+09  0.000000e+00  0.000000e+00  3.737933e+08  3.440573e+08  3.225991e+08  3.121863e+08
2.148113e+04  3.173505e+08  0.000000e+00  0.000000e+00  2.854114e+09  0.000000e+00  0.000000e+00  3.735765e+08  3.438828e+08  3.224374e+08  3.120293e+08
2.150764e+04  3.169068e+08  0.000000e+00  0.000000e+00  2.850124e+09  0.000000e+00  0.000000e+00  3.733591e+08  3.437063e+08  3.222766e+08  3.118710e+08
2.153419e+04  3.165088e+08  0.000000e+00  0.000000e+00  2.846545e+09  0.000000e+00  0.000000e+00  3.731404e+08  3.435290e+08  3.221136e+08  3.117115e+08
2.156077e+04  3.160880e+08  0.000000e+00  0.000000e+00  2.842761e+09  0.000000e+00  0.000000e+00  3.729199e+08  3.433511e+08  3.219484e+08  3.115505e+08
2.158738e+04  3.156674e+08  0.000000e+00  0.000000e+00  2.838977e+09  0.000000e+00  0.000000e+00  3.727001e+08  3.431719e+08  3.217839e+08  3.113899e+08
2.161402e+04  3.152467e+08  0.000000e+00  0.000000e+00  2.835195e+09  0.000000e+00  0.000000e+00  3.724782e+08  3.429912e+08  3.216186e+08  3.112273e+08
2.164070e+04  3.148262e+08  0.000000e+00  0.000000e+00  2.831412e+09  0.000000e+00  0.000000e+00  3.722554e+08  3.428087e+08  3.214509e+08  3.110632e+08
2.166741e+04  3.144281e+08  0.000000e+00  0.000000e+00  2.827832e+09  0.000000e+00  0.000000e+00  3.720313e+08  3.426268e+08  3.212817e+08  3.108989e+08
2.169416e+04  3.140077e+08  0.000000e+00  0.000000e+00  2.824051e+09  0.000000e+00  0.000000e+00  3.718072e+08  3.424422e+08  3.211122e+08  3.107327e+08
2.172093e+04  3.136095e+08  0.000000e+00  0.000000e+00  2.820470e+09  0.000000e+00  0.000000e+00  3.715818e+08  3.422579e+08  3.209421e+08  3.105656e+08
2.174774e+04  3.131891e+08  0.000000e+00  0.000000e+00  2.816689e+09  0.000000e+00  0.000000e+00  3.713549e+08  3.420711e+08  3.207714e+08  3.103982e+08
2.177459e+04  3.127687e+08  0.000000e+00  0.000000e+00  2.812908e+09  0.000000e+00  0.000000e+00  3.711274e+08  3.418841e+08  3.205981e+08  3.102294e+08
2.180146e+04  3.123485e+08  0.000000e+00  0.000000e+00  2.809129e+09  0.000000e+00  0.000000e+00  3.708986e+08  3.416962e+08  3.204245e+08  3.100594e+08
2.182837e+04  3.119504e+08  0.000000e+00  0.000000e+00  2.805548e+09  0.000000e+00  0.000000e+00  3.706697e+08  3.415072e+08  3.202490e+08  3.098886e+08
2.185532e+04  3.115523e+08  0.000000e+00  0.000000e+00  2.801968e+09  0.000000e+00  0.000000e+00  3.704389e+08  3.413169e+08  3.200740e+08  3.097163e+08
2.188229e+04  3.111098e+08  0.000000e+00  0.000000e+00  2.797989e+09  0.000000e+00  0.000000e+00  3.702078e+08  3.411244e+08  3.198970e+08  3.095432e+08
2.190930e+04  3.107328e+08  0.000000e+00  0.000000e+00  2.794598e+09  0.000000e+00  0.000000e+00  3.699748e+08  3.409326e+08  3.197187e+08  3.093692e+08
2.193634e+04  3.102898e+08  0.000000e+00  0.000000e+00  2.790614e+09  0.000000e+00  0.000000e+00  3.697420e+08  3.407394e+08  3.195404e+08  3.091945e+08
2.196342e+04  3.099125e+08  0.000000e+00  0.000000e+00  2.787221e+09  0.000000e+00  0.000000e+00  3.695071e+08  3.405452e+08  3.193606e+08  3.090180e+08
2.199053e+04  3.094698e+08  0.000000e+00  0.000000e+00  2.783239e+09  0.000000e+00  0.000000e+00  3.692722e+08  3.403501e+08  3.191790e+08  3.088416e+08
2.201767e+04  3.090925e+08  0.000000e+00  0.000000e+00  2.779846e+09  0.000000e+00  0.000000e+00  3.690346e+08  3.401526e+08  3.189980e+08  3.086628e+08
2.204485e+04  3.086717e+08  0.000000e+00  0.000000e+00  2.776061e+09  0.000000e+00  0.000000e+00  3.687982e+08  3.399557e+08  3.188145e+08  3.084838e+08
2.207206e+04  3.082510e+08  0.000000e+00  0.000000e+00  2.772277e+09  0.000000e+00  0.000000e+00  3.685587e+08  3.397565e+08  3.186299e+08  3.083041e+08
2.209930e+04  3.078519e+08  0.000000e+00  0.000000e+00  2.768689e+09  0.000000e+00  0.000000e+00  3.683197e+08  3.395562e+08  3.184452e+08  3.081227e+08
2.212658e+04  3.074529e+08  0.000000e+00  0.000000e+00  2.765100e+09  0.000000e+00  0.000000e+00  3.680788e+08  3.393556e+08  3.182589e+08  3.079405e+08
2.215389e+04  3.070538e+08  0.000000e+00  0.000000e+00  2.761511e+09  0.000000e+00  0.000000e+00  3.678372e+08  3.391536e+08  3.180722e+08  3.077577e+08
2.218123e+04  3.066333e+08  0.000000e+00  0.000000e+00  2.757729e+09  0.000000e+00  0.000000e+00  3.675943e+08  3.389498e+08  3.178840e+08  3.075740e+08
2.220861e+04  3.062343e+08  0.000000e+00  0.000000e+00  2.754140e+09  0.000000e+00  0.000000e+00  3.673511e+08  3.387458e+08  3.176953e+08  3.073885e+08
2.223602e+04  3.058140e+08  0.000000e+00  0.000000e+00  2.750361e+09  0.000000e+00  0.000000e+00  3.671055e+08  3.385406e+08  3.175062e+08  3.072024e+08
2.226347e+04  3.054151e+08  0.000000e+00  0.000000e+00  2.746773e+09  0.000000e+00  0.000000e+00  3.668583e+08  3.383338e+08  3.173156e+08  3.070167e+08
2.229095e+04  3.050161e+08  0.000000e+00  0.000000e+00  2.743185e+09  0.000000e+00  0.000000e+00  3.666121e+08  3.381246e+08  3.171213e+08  3.068292e+08
2.231846e+04  3.046172e+08  0.000000e+00  0.000000e+00  2.739597e+09  0.000000e+00  0.000000e+00  3.663660e+08  3.379169e+08  3.169259e+08  3.066410e+08
2.234601e+04  3.042182e+08  0.000000e+00  0.000000e+00  2.736009e+09  0.000000e+00  0.000000e+00  3.661222e+08  3.377115e+08  3.167315e+08  3.064449e+08
2.237359e+04  3.038193e+08  0.000000e+00  0.000000e+00  2.732421e+09  0.000000e+00  0.000000e+00  3.658793e+08  3.375075e+08  3.165421e+08  3.062568e+08
2.240011e+04  3.034234e+08  0.000000e+00  0.000000e+00  2.728860e+09  0.000000e+00  0.000000e+00  3.656438e+08  3.373086e+08  3.163616e+08  3.060864e+08
2.242558e+04  3.030499e+08  0.000000e+00  0.000000e+00  2.725501e+09  0.000000e+00  0.000000e+00  3.654150e+08  3.371154e+08  3.161806e+08  3.059077e+08
2.245107e+04  3.026765e+08  0.000000e+00  0.000000e+00  2.722143e+09  0.000000e+00  0.000000e+00  3.651819e+08  3.369179e+08  3.159952e+08  3.057226e+08
2.247659e+04  3.023256e+08  0.000000e+00  0.000000e+00  2.718988e+09  0.000000e+00  0.000000e+00  3.649472e+08  3.367183e+08  3.158085e+08  3.055428e+08
2.250214e+04  3.019298e+08  0.000000e+00  0.000000e+00  2.715427e+09  0.000000e+00  0.000000e+00  3.647125e+08  3.365187e+08  3.156235e+08  3.053617e+08
2.252772e+04  3.015790e+08  0.000000e+00  0.000000e+00  2.712272e+09  0.000000e+00  0.000000e+00  3.644762e+08  3.363185e+08  3.154388e+08  3.051803e+08
2.255333e+04  3.012281e+08  0.000000e+00  0.000000e+00  2.709117e+09  0.000000e+00  0.000000e+00  3.642409e+08  3.361176e+08  3.152522e+08  3.049989e+08
2.257897e+04  3.008324e+08  0.000000e+00  0.000000e+00  2.705558e+09  0.000000e+00  0.000000e+00  3.640052e+08  3.359170e+08  3.150652e+08  3.048162e+08
2.260464e+04  3.004816e+08  0.000000e+00  0.000000e+00  2.702403e+09  0.000000e+00  0.000000e+00  3.637683e+08  3.357160e+08  3.148770e+08  3.046328e+08
2.263034e+04  3.001084e+08  0.000000e+00  0.000000e+00  2.699047e+09  0.000000e+00  0.000000e+00  3.635318e+08  3.355128e+08  3.146899e+08  3.044483e+08
2.265606e+04  2.997575e+08  0.000000e+00  0.000000e+00  2.695891e+09  0.000000e+00  0.000000e+00  3.632941e+08  3.353104e+08  3.145005e+08  3.042640e+08
2.268182e+04  2.993623e+08  0.000000e+00  0.000000e+00  2.692336e+09  0.000000e+00  0.000000e+00  3.630551e+08  3.351069e+08  3.143102e+08  3.040785e+08
2.270760e+04  2.990335e+08  0.000000e+00  0.000000e+00  2.689380e+09  0.000000e+00  0.000000e+00  3.628158e+08  3.349031e+08  3.141198e+08  3.038914e+08
2.273341e+04  2.986385e+08  0.000000e+00  0.000000e+00  2.685827e+09  0.000000e+00  0.000000e+00  3.625764e+08  3.346979e+08  3.139290e+08  3.037045e+08
2.275926e+04  2.982876e+08  0.000000e+00  0.000000e+00  2.682671e+09  0.000000e+00  0.000000e+00  3.623367e+08  3.344922e+08  3.137366e+08  3.035169e+08
2.278513e+04  2.979147e+08  0.000000e+00  0.000000e+00  2.679318e+09  0.000000e+00  0.000000e+00  3.620953e+08  3.342854e+08  3.135450e+08  3.033282e+08
2.281103e+04  2.975638e+08  0.000000e+00  0.000000e+00  2.676162e+09  0.000000e+00  0.000000e+00  3.618531e+08  3.340778e+08  3.133513e+08  3.031399e+08
2.283696e+04  2.971911e+08  0.000000e+00  0.000000e+00  2.672809e+09  0.000000e+00  0.000000e+00  3.616103e+08  3.338694e+08  3.131572e+08  3.029495e+08
2.286292e+04  2.968402e+08  0.000000e+00  0.000000e+00  2.669654e+09  0.000000e+00  0.000000e+00  3.613679e+08  3.336606e+08  3.129611e+08  3.027589e+08
2.288891e+04  2.964675e+08  0.000000e+00  0.000000e+00  2.666302e+09  0.000000e+00  0.000000e+00  3.611237e+08  3.334507e+08  3.127664e+08  3.025672e+08
2.291493e+04  2.961162e+08  0.000000e+00  0.000000e+00  2.663143e+09  0.000000e+00  0.000000e+00  3.608789e+08  3.332392e+08  3.125697e+08  3.023752e+08
2.294098e+04  2.957428e+08  0.000000e+00  0.000000e+00  2.659784e+09  0.000000e+00  0.000000e+00  3.606331e+08  3.330290e+08  3.123715e+08  3.021818e+08
2.296706e+04  2.953909e+08  0.000000e+00  0.000000e+00  2.656620e+09  0.000000e+00  0.000000e+00  3.603879e+08  3.328164e+08  3.121729e+08  3.019880e+08
2.299317e+04  2.950175e+08  0.000000e+00  0.000000e+00  2.653262e+09  0.000000e+00  0.000000e+00  3.601406e+08  3.326036e+08  3.119748e+08  3.017937e+08
2.301931e+04  2.946657e+08  0.000000e+00  0.000000e+00  2.650097e+09  0.000000e+00  0.000000e+00  3.598935e+08  3.323903e+08  3.117755e+08  3.015985e+08
2.304548e+04  2.942924e+08  0.000000e+00  0.000000e+00  2.646740e+09  0.000000e+00  0.000000e+00  3.596448e+08  3.321747e+08  3.115746e+08  3.014029e+08
2.307168e+04  2.939406e+08  0.000000e+00  0.000000e+00  2.643576e+09  0.000000e+00  0.000000e+00  3.593966e+08  3.319604e+08  3.113727e+08  3.012063e+08
2.309790e+04  2.935888e+08  0.000000e+00  0.000000e+00  2.640412e+09  0.000000e+00  0.000000e+00  3.591465e+08  3.317445e+08  3.111708e+08  3.010085e+08
2.312416e+04  2.932156e+08  0.000000e+00  0.000000e+00  2.637056e+09  0.000000e+00  0.000000e+00  3.588965e+08  3.315273e+08  3.109686e+08  3.008109e+08
2.315045e+04  2.928639e+08  0.000000e+00  0.000000e+00  2.633893e+09  0.000000e+00  0.000000e+00  3.586457e+08  3.313092e+08  3.107647e+08  3.006121e+08
2.317677e+04  2.925121e+08  0.000000e+00  0.000000e+00  2.630729e+09  0.000000e+00  0.000000e+00  3.583939e+08  3.310920e+08  3.105618e+08  3.004121e+08
2.320311e+04  2.921391e+08  0.000000e+00  0.000000e+00  2.627374e+09  0.000000e+00  0.000000e+00  3.581420e+08  3.308725e+08  3.103562e+08  3.002121e+08
2.322949e+04  2.917874e+08  0.000000e+00  0.000000e+00  2.624211e+09  0.000000e+00  0.000000e+00  3.578887e+08  3.306520e+08  3.101511e+08  3.000115e+08
2.325590e+04  2.914356e+08  0.000000e+00  0.000000e+00  2.621048e+09  0.000000e+00  0.000000e+00  3.576350e+08  3.304317e+08  3.099445e+08  2.998095e+08
2.328233e+04  2.910839e+08  0.000000e+00  0.000000e+00  2.617884e+09  0.000000e+00  0.000000e+00  3.573808e+08  3.302109e+08  3.097376e+08  2.996066e+08
2.330880e+04  2.907112e+08  0.000000e+00  0.000000e+00  2.614533e+09  0.000000e+00  0.000000e+00  3.571264e+08  3.299889e+08  3.095295e+08  2.994042e+08
2.333530e+04  2.903595e+08  0.000000e+00  0.000000e+00  2.611370e+09  0.000000e+00  0.000000e+00  3.568701e+08  3.297665e+08  3.093212e+08  2.991996e+08
2.336183e+04  2.900079e+08  0.000000e+00  0.000000e+00  2.608207e+09  0.000000e+00  0.000000e+00  3.566143e+08  3.295421e+08  3.091116e+08  2.989951e+08
2.338838e+04  2.896354e+08  0.000000e+00  0.000000e+00  2.604857e+09  0.000000e+00  0.000000e+00  3.563577e+08  3.293181e+08  3.089011e+08  2.987899e+08
2.341497e+04  2.893046e+08  0.000000e+00  0.000000e+00  2.601882e+09  0.000000e+00  0.000000e+00  3.561001e+08  3.290924e+08  3.086911e+08  2.985835e+08
2.344159e+04  2.889323e+08  0.000000e+00  0.000000e+00  2.598533e+09  0.000000e+00  0.000000e+00  3.558417e+08  3.288670e+08  3.084795e+08  2.983768e+08
2.346824e+04  2.886013e+08  0.000000e+00  0.000000e+00  2.595557e+09  0.000000e+00  0.000000e+00  3.555831e+08  3.286404e+08  3.082672e+08  2.981695e+08
2.349492e+04  2.882291e+08  0.000000e+00  0.000000e+00  2.592210e+09  0.000000e+00  0.000000e+00  3.553230e+08  3.284132e+08  3.080529e+08  2.979615e+08
2.352162e+04  2.878776e+08  0.000000e+00  0.000000e+00  2.589048e+09  0.000000e+00  0.000000e+00  3.550630e+08  3.281856e+08  3.078400e+08  2.977525e+08
2.354836e+04  2.875261e+08  0.000000e+00  0.000000e+00  2.585887e+09  0.000000e+00  0.000000e+00  3.548023e+08  3.279569e+08  3.076252e+08  2.975424e+08
2.357513e+04  2.871747e+08  0.000000e+00  0.000000e+00  2.582726e+09  0.000000e+00  0.000000e+00  3.545410e+08  3.277276e+08  3.074104e+08  2.973327e+08
2.360193e+04  2.868028e+08  0.000000e+00  0.000000e+00  2.579382e+09  0.000000e+00  0.000000e+00  3.542785e+08  3.274966e+08  3.071948e+08  2.971210e+08
2.362876e+04  2.864718e+08  0.000000e+00  0.000000e+00  2.576405e+09  0.000000e+00  0.000000e+00  3.540153e+08  3.272669e+08  3.069776e+08  2.969097e+08
2.365562e+04  2.861204e+08  0.000000e+00  0.000000e+00  2.573244e+09  0.000000e+00  0.000000e+00  3.537521e+08  3.270346e+08  3.067607e+08  2.966967e+08
2.368252e+04  2.857690e+08  0.000000e+00  0.000000e+00  2.570085e+09  0.000000e+00  0.000000e+00  3.534881e+08  3.268024e+08  3.065427e+08  2.964835e+08
2.370944e+04  2.854177e+08  0.000000e+00  0.000000e+00  2.566925e+09  0.000000e+00  0.000000e+00  3.532233e+08  3.265694e+08  3.063231e+08  2.962703e+08
2.373639e+04  2.850664e+08  0.000000e+00  0.000000e+00  2.563766e+09  0.000000e+00  0.000000e+00  3.529574e+08  3.263350e+08  3.061035e+08  2.960555e+08
2.376337e+04  2.847152e+08  0.000000e+00  0.000000e+00  2.560607e+09  0.000000e+00  0.000000e+00  3.526925e+08  3.261007e+08  3.058828e+08  2.958400e+08
2.379039e+04  2.843639e+08  0.000000e+00  0.000000e+00  2.557447e+09  0.000000e+00  0.000000e+00  3.524257e+08  3.258654e+08  3.056623e+08  2.956236e+08
2.381743e+04  2.840127e+08  0.000000e+00  0.000000e+00  2.554289e+09  0.000000e+00  0.000000e+00  3.521582e+08  3.256295e+08  3.054404e+08  2.954072e+08
2.384451e+04  2.836816e+08  0.000000e+00  0.000000e+00  2.551311e+09  0.000000e+00  0.000000e+00  3.518905e+08  3.253930e+08  3.052191e+08  2.951897e+08
2.387161e+04  2.833105e+08  0.000000e+00  0.000000e+00  2.547973e+09  0.000000e+00  0.000000e+00  3.516220e+08  3.251562e+08  3.049947e+08  2.949720e+08
2.389875e+04  2.829793e+08  0.000000e+00  0.000000e+00  2.544995e+09  0.000000e+00  0.000000e+00  3.513529e+08  3.249178e+08  3.047723e+08  2.947522e+08
2.392592e+04  2.826282e+08  0.000000e+00  0.000000e+00  2.541837e+09  0.000000e+00  0.000000e+00  3.510827e+08  3.246799e+08  3.045463e+08  2.945331e+08
2.395312e+04  2.822772e+08  0.000000e+00  0.000000e+00  2.538681e+09  0.000000e+00  0.000000e+00  3.508129e+08  3.244389e+08  3.043224e+08  2.943129e+08
2.398035e+04  2.819262e+08  0.000000e+00  0.000000e+00  2.535523e+09  0.000000e+00  0.000000e+00  3.505417e+08  3.241993e+08  3.040959e+08  2.940923e+08
2.400761e+04  2.815943e+08  0.000000e+00  0.000000e+00  2.532539e+09  0.000000e+00  0.000000e+00  3.502706e+08  3.239591e+08  3.038691e+08  2.938700e+08
2.403490e+04  2.812424e+08  0.000000e+00  0.000000e+00  2.529374e+09  0.000000e+00  0.000000e+00  3.499982e+08  3.237175e+08  3.036424e+08  2.936482e+08
2.406222e+04  2.808905e+08  0.000000e+00  0.000000e+00  2.526209e+09  0.000000e+00  0.000000e+00  3.497257e+08  3.234756e+08  3.034134e+08  2.934245e+08
2.408958e+04  2.805388e+08  0.000000e+00  0.000000e+00  2.523046e+09  0.000000e+00  0.000000e+00  3.494526e+08  3.232326e+08  3.031853e+08  2.932015e+08
2.411696e+04  2.802066e+08  0.000000e+00  0.000000e+00  2.520058e+09  0.000000e+00  0.000000e+00  3.491789e+08  3.229888e+08  3.029549e+08  2.929762e+08
2.414438e+04  2.798548e+08  0.000000e+00  0.000000e+00  2.516895e+09  0.000000e+00  0.000000e+00  3.489045e+08  3.227443e+08  3.027257e+08  2.927516e+08
2.417182e+04  2.795032e+08  0.000000e+00  0.000000e+00  2.513732e+09  0.000000e+00  0.000000e+00  3.486294e+08  3.224997e+08  3.024951e+08  2.925254e+08
2.419930e+04  2.791710e+08  0.000000e+00  0.000000e+00  2.510745e+09  0.000000e+00  0.000000e+00  3.483538e+08  3.222532e+08  3.022631e+08  2.922987e+08
2.422681e+04  2.788194e+08  0.000000e+00  0.000000e+00  2.507583e+09  0.000000e+00  0.000000e+00  3.480766e+08  3.220073e+08  3.020309e+08  2.920717e+08
2.425435e+04  2.784679e+08  0.000000e+00  0.000000e+00  2.504422e+09  0.000000e+00  0.000000e+00  3.478005e+08  3.217604e+08  3.017970e+08  2.918445e+08
2.428192e+04  2.781358e+08  0.000000e+00  0.000000e+00  2.501434e+09  0.000000e+00  0.000000e+00  3.475229e+08  3.215131e+08  3.015641e+08  2.916155e+08
2.430953e+04  2.778035e+08  0.000000e+00  0.000000e+00  2.498446e+09  0.000000e+00  0.000000e+00  3.472443e+08  3.212647e+08  3.013298e+08  2.913866e+08
2.433716e+04  2.774521e+08  0.000000e+00  0.000000e+00  2.495285e+09  0.000000e+00  0.000000e+00  3.469658e+08  3.210150e+08  3.010951e+08  2.911563e+08
2.436483e+04  2.771008e+08  0.000000e+00  0.000000e+00  2.492126e+09  0.000000e+00  0.000000e+00  3.466875e+08  3.207646e+08  3.008595e+08  2.909259e+08
2.439253e+04  2.767686e+08  0.000000e+00  0.000000e+00  2.489138e+09  0.000000e+00  0.000000e+00  3.464067e+08  3.205145e+08  3.006225e+08  2.906950e+08
2.442026e+04  2.764174e+08  0.000000e+00  0.000000e+00  2.485980e+09  0.000000e+00  0.000000e+00  3.461266e+08  3.202633e+08  3.003857e+08  2.904625e+08
2.444802e+04  2.760852e+08  0.000000e+00  0.000000e+00  2.482992e+09  0.000000e+00  0.000000e+00  3.458455e+08  3.200116e+08  3.001482e+08  2.902306e+08
2.447581e+04  2.757341e+08  0.000000e+00  0.000000e+00  2.479835e+09  0.000000e+00  0.000000e+00  3.455649e+08  3.197594e+08  2.999090e+08  2.899969e+08
2.450363e+04  2.754020e+08  0.000000e+00  0.000000e+00  2.476848e+09  0.000000e+00  0.000000e+00  3.452830e+08  3.195062e+08  2.996698e+08  2.897627e+08
2.453149e+04  2.750699e+08  0.000000e+00  0.000000e+00  2.473861e+09  0.000000e+00  0.000000e+00  3.450003e+08  3.192522e+08  2.994313e+08  2.895281e+08
2.455937e+04  2.747189e+08  0.000000e+00  0.000000e+00  2.470705e+09  0.000000e+00  0.000000e+00  3.447170e+08  3.189972e+08  2.991911e+08  2.892936e+08
2.458729e+04  2.743868e+08  0.000000e+00  0.000000e+00  2.467718e+09  0.000000e+00  0.000000e+00  3.444325e+08  3.187426e+08  2.989496e+08  2.890577e+08
2.461524e+04  2.740360e+08  0.000000e+00  0.000000e+00  2.464563e+09  0.000000e+00  0.000000e+00  3.441487e+08  3.184868e+08  2.987070e+08  2.888209e+08
2.464323e+04  2.737040e+08  0.000000e+00  0.000000e+00  2.461577e+09  0.000000e+00  0.000000e+00  3.438637e+08  3.182299e+08  2.984648e+08  2.885836e+08
2.467124e+04  2.733719e+08  0.000000e+00  0.000000e+00  2.458590e+09  0.000000e+00  0.000000e+00  3.435783e+08  3.179738e+08  2.982223e+08  2.883458e+08
2.469929e+04  2.730398e+08  0.000000e+00  0.000000e+00  2.455603e+09  0.000000e+00  0.000000e+00  3.432917e+08  3.177154e+08  2.979785e+08  2.881081e+08
2.472736e+04  2.726893e+08  0.000000e+00  0.000000e+00  2.452451e+09  0.000000e+00  0.000000e+00  3.430051e+08  3.174565e+08  2.977344e+08  2.878688e+08
2.475547e+04  2.723573e+08  0.000000e+00  0.000000e+00  2.449465e+09  0.000000e+00  0.000000e+00  3.427181e+08  3.171976e+08  2.974896e+08  2.876290e+08
2.478362e+04  2.720253e+08  0.000000e+00  0.000000e+00  2.446479e+09  0.000000e+00  0.000000e+00  3.424296e+08  3.169379e+08  2.972430e+08  2.873887e+08
2.481179e+04  2.716749e+08  0.000000e+00  0.000000e+00  2.443328e+09  0.000000e+00  0.000000e+00  3.421414e+08  3.166775e+08  2.969967e+08  2.871477e+08
2.484000e+04  2.713613e+08  0.000000e+00  0.000000e+00  2.440508e+09  0.000000e+00  0.000000e+00  3.418527e+08  3.164160e+08  2.967498e+08  2.869059e+08
2.486823e+04  2.710110e+08  0.000000e+00  0.000000e+00  2.437358e+09  0.000000e+00  0.000000e+00  3.415632e+08  3.161555e+08  2.965019e+08  2.866645e+08
2.489650e+04  2.706792e+08  0.000000e+00  0.000000e+00  2.434373e+09  0.000000e+00  0.000000e+00  3.412736e+08  3.158920e+08  2.962541e+08  2.864209e+08
2.492481e+04  2.703473e+08  0.000000e+00  0.000000e+00  2.431388e+09  0.000000e+00  0.000000e+00  3.409827e+08  3.156295e+08  2.960060e+08  2.861779e+08
2.495314e+04  2.700154e+08  0.000000e+00  0.000000e+00  2.428403e+09  0.000000e+00  0.000000e+00  3.406911e+08  3.153663e+08  2.957568e+08  2.859336e+08
2.498151e+04  2.696655e+08  0.000000e+00  0.000000e+00  2.425256e+09  0.000000e+00  0.000000e+00  3.404001e+08  3.151016e+08  2.955066e+08  2.856894e+08
2.500991e+04  2.693518e+08  0.000000e+00  0.000000e+00  2.422435e+09  0.000000e+00  0.000000e+00  3.401081e+08  3.148368e+08  2.952563e+08  2.854446e+08
2.503834e+04  2.690020e+08  0.000000e+00  0.000000e+00  2.419289e+09  0.000000e+00  0.000000e+00  3.398152e+08  3.145722e+08  2.950042e+08  2.851987e+08
2.506680e+04  2.686882e+08  0.000000e+00  0.000000e+00  2.416467e+09  0.000000e+00  0.000000e+00  3.395213e+08  3.143050e+08  2.947519e+08  2.849523e+08
2.509530e+04  2.683385e+08  0.000000e+00  0.000000e+00  2.413322e+09  0.000000e+00  0.000000e+00  3.392280e+08  3.140392e+08  2.945002e+08  2.847058e+08
2.512382e+04  2.680256e+08  0.000000e+00  0.000000e+00  2.410508e+09  0.000000e+00  0.000000e+00  3.389326e+08  3.137721e+08  2.942476e+08  2.844584e+08
2.515238e+04  2.676781e+08  0.000000e+00  0.000000e+00  2.407382e+09  0.000000e+00  0.000000e+00  3.386379e+08  3.135037e+08  2.939928e+08  2.842095e+08
2.518098e+04  2.673667e+08  0.000000e+00  0.000000e+00  2.404582e+09  0.000000e+00  0.000000e+00  3.383427e+08  3.132351e+08  2.937395e+08  2.839609e+08
2.520960e+04  2.670198e+08  0.000000e+00  0.000000e+00  2.401462e+09  0.000000e+00  0.000000e+00  3.380466e+08  3.129664e+08  2.934839e+08  2.837117e+08
2.523826e+04  2.667084e+08  0.000000e+00  0.000000e+00  2.398661e+09  0.000000e+00  0.000000e+00  3.377500e+08  3.126965e+08  2.932298e+08  2.834625e+08
2.526695e+04  2.663616e+08  0.000000e+00  0.000000e+00  2.395543e+09  0.000000e+00  0.000000e+00  3.374531e+08  3.124255e+08  2.929738e+08  2.832124e+08
2.529567e+04  2.660503e+08  0.000000e+00  0.000000e+00  2.392742e+09  0.000000e+00  0.000000e+00  3.371548e+08  3.121550e+08  2.927167e+08  2.829609e+08
2.532443e+04  2.657212e+08  0.000000e+00  0.000000e+00  2.389783e+09  0.000000e+00  0.000000e+00  3.368569e+08  3.118836e+08  2.924598e+08  2.827093e+08
2.535322e+04  2.653922e+08  0.000000e+00  0.000000e+00  2.386824e+09  0.000000e+00  0.000000e+00  3.365582e+08  3.116114e+08  2.922022e+08  2.824581e+08
2.538204e+04  2.650632e+08  0.000000e+00  0.000000e+00  2.383866e+09  0.000000e+00  0.000000e+00  3.362583e+08  3.113390e+08  2.919432e+08  2.822051e+08
2.541089e+04  2.647518e+08  0.000000e+00  0.000000e+00  2.381065e+09  0.000000e+00  0.000000e+00  3.359586e+08  3.110661e+08  2.916842e+08  2.819523e+08
2.543978e+04  2.644054e+08  0.000000e+00  0.000000e+00  2.377950e+09  0.000000e+00  0.000000e+00  3.356583e+08  3.107921e+08  2.914259e+08  2.816981e+08
2.546870e+04  2.640941e+08  0.000000e+00  0.000000e+00  2.375149e+09  0.000000e+00  0.000000e+00  3.353579e+08  3.105176e+08  2.911657e+08  2.814447e+08
2.549765e+04  2.637652e+08  0.000000e+00  0.000000e+00  2.372192e+09  0.000000e+00  0.000000e+00  3.350571e+08  3.102423e+08  2.909052e+08  2.811901e+08
2.552664e+04  2.634538e+08  0.000000e+00  0.000000e+00  2.369391e+09  0.000000e+00  0.000000e+00  3.347551e+08  3.099668e+08  2.906442e+08  2.809346e+08
2.555566e+04  2.631077e+08  0.000000e+00  0.000000e+00  2.366278e+09  0.000000e+00  0.000000e+00  3.344526e+08  3.096908e+08  2.903820e+08  2.806792e+08
2.558471e+04  2.627963e+08  0.000000e+00  0.000000e+00  2.363478e+09  0.000000e+00  0.000000e+00  3.341505e+08  3.094148e+08  2.901192e+08  2.804227e+08
2.561379e+04  2.624848e+08  0.000000e+00  0.000000e+00  2.360677e+09  0.000000e+00  0.000000e+00  3.338463e+08  3.091368e+08  2.898575e+08  2.801658e+08
2.564291e+04  2.621391e+08  0.000000e+00  0.000000e+00  2.357567e+09  0.000000e+00  0.000000e+00  3.335428e+08  3.088597e+08  2.895937e+08  2.799080e+08
2.567206e+04  2.618276e+08  0.000000e+00  0.000000e+00  2.354766e+09  0.000000e+00  0.000000e+00  3.332393e+08  3.085813e+08  2.893298e+08  2.796509e+08
2.570124e+04  2.615162e+08  0.000000e+00  0.000000e+00  2.351965e+09  0.000000e+00  0.000000e+00  3.329342e+08  3.083028e+08  2.890653e+08  2.793922e+08
2.573046e+04  2.611707e+08  0.000000e+00  0.000000e+00  2.348857e+09  0.000000e+00  0.000000e+00  3.326294e+08  3.080237e+08  2.888005e+08  2.791331e+08
2.575971e+04  2.608763e+08  0.000000e+00  0.000000e+00  2.346210e+09  0.000000e+00  0.000000e+00  3.323227e+08  3.077430e+08  2.885355e+08  2.788742e+08
2.578899e+04  2.605309e+08  0.000000e+00  0.000000e+00  2.343103e+09  0.000000e+00  0.000000e+00  3.320169e+08  3.074627e+08  2.882708e+08  2.786138e+08
2.581831e+04  2.602195e+08  0.000000e+00  0.000000e+00  2.340303e+09  0.000000e+00  0.000000e+00  3.317105e+08  3.071822e+08  2.880030e+08  2.783536e+08
2.584766e+04  2.599081e+08  0.000000e+00  0.000000e+00  2.337502e+09  0.000000e+00  0.000000e+00  3.314033e+08  3.069007e+08  2.877377e+08  2.780930e+08
2.587704e+04  2.595798e+08  0.000000e+00  0.000000e+00  2.334550e+09  0.000000e+00  0.000000e+00  3.310965e+08  3.066187e+08  2.874694e+08  2.778321e+08
2.590646e+04  2.592684e+08  0.000000e+00  0.000000e+00  2.331749e+09  0.000000e+00  0.000000e+00  3.307883e+08  3.063363e+08  2.872021e+08  2.775695e+08
2.593591e+04  2.589403e+08  0.000000e+00  0.000000e+00  2.328798e+09  0.000000e+00  0.000000e+00  3.304804e+08  3.060540e+08  2.869334e+08  2.773076e+08
2.596540e+04  2.586289e+08  0.000000e+00  0.000000e+00  2.325997e+09  0.000000e+00  0.000000e+00  3.301713e+08  3.057704e+08  2.866646e+08  2.770446e+08
2.599491e+04  2.583008e+08  0.000000e+00  0.000000e+00  2.323047e+09  0.000000e+00  0.000000e+00  3.298620e+08  3.054870e+08  2.863945e+08  2.767812e+08
2.602446e+04  2.579895e+08  0.000000e+00  0.000000e+00  2.320247e+09  0.000000e+00  0.000000e+00  3.295524e+08  3.052028e+08  2.861257e+08  2.765179e+08
2.605405e+04  2.576615e+08  0.000000e+00  0.000000e+00  2.317298e+09  0.000000e+00  0.000000e+00  3.292419e+08  3.049172e+08  2.858555e+08  2.762540e+08
2.608367e+04  2.573503e+08  0.000000e+00  0.000000e+00  2.314498e+09  0.000000e+00  0.000000e+00  3.289308e+08  3.046316e+08  2.855843e+08  2.759887e+08
2.611332e+04  2.570389e+08  0.000000e+00  0.000000e+00  2.311698e+09  0.000000e+00  0.000000e+00  3.286201e+08  3.043459e+08  2.853121e+08  2.757239e+08
2.614300e+04  2.567276e+08  0.000000e+00  0.000000e+00  2.308899e+09  0.000000e+00  0.000000e+00  3.283081e+08  3.040602e+08  2.850408e+08  2.754584e+08
2.617272e+04  2.563999e+08  0.000000e+00  0.000000e+00  2.305951e+09  0.000000e+00  0.000000e+00  3.279966e+08  3.037727e+08  2.847693e+08  2.751918e+08
2.620247e+04  2.560886e+08  0.000000e+00  0.000000e+00  2.303152e+09  0.000000e+00  0.000000e+00  3.276837e+08  3.034857e+08  2.844961e+08  2.749254e+08
2.623226e+04  2.557774e+08  0.000000e+00  0.000000e+00  2.300353e+09  0.000000e+00  0.000000e+00  3.273711e+08  3.031973e+08  2.842229e+08  2.746581e+08
2.626208e+04  2.554498e+08  0.000000e+00  0.000000e+00  2.297407e+09  0.000000e+00  0.000000e+00  3.270576e+08  3.029085e+08  2.839497e+08  2.743905e+08
2.629194e+04  2.551384e+08  0.000000e+00  0.000000e+00  2.294606e+09  0.000000e+00  0.000000e+00  3.267433e+08  3.026206e+08  2.836755e+08  2.741230e+08
2.632182e+04  2.548249e+08  0.000000e+00  0.000000e+00  2.291787e+09  0.000000e+00  0.000000e+00  3.264294e+08  3.023303e+08  2.834009e+08  2.738541e+08
2.635175e+04  2.545098e+08  0.000000e+00  0.000000e+00  2.288953e+09  0.000000e+00  0.000000e+00  3.261150e+08  3.020404e+08  2.831259e+08  2.735861e+08
2.638170e+04  2.541947e+08  0.000000e+00  0.000000e+00  2.286118e+09  0.000000e+00  0.000000e+00  3.257991e+08  3.017506e+08  2.828505e+08  2.733163e+08
2.641169e+04  2.538634e+08  0.000000e+00  0.000000e+00  2.283139e+09  0.000000e+00  0.000000e+00  3.254836e+08  3.014606e+08  2.825743e+08  2.730471e+08
2.644172e+04  2.535645e+08  0.000000e+00  0.000000e+00  2.280451e+09  0.000000e+00  0.000000e+00  3.251672e+08  3.011680e+08  2.822989e+08  2.727766e+08
2.647178e+04  2.532334e+08  0.000000e+00  0.000000e+00  2.277473e+09  0.000000e+00  0.000000e+00  3.248494e+08  3.008764e+08  2.820213e+08  2.725067e+08
2.650187e+04  2.529344e+08  0.000000e+00  0.000000e+00  2.274784e+09  0.000000e+00  0.000000e+00  3.245327e+08  3.005832e+08  2.817425e+08  2.722362e+08
2.653200e+04  2.526034e+08  0.000000e+00  0.000000e+00  2.271807e+09  0.000000e+00  0.000000e+00  3.242172e+08  3.002915e+08  2.814626e+08  2.719649e+08
2.656216e+04  2.522885e+08  0.000000e+00  0.000000e+00  2.268975e+09  0.000000e+00  0.000000e+00  3.239032e+08  3.000002e+08  2.811846e+08  2.716887e+08
2.659235e+04  2.519736e+08  0.000000e+00  0.000000e+00  2.266143e+09  0.000000e+00  0.000000e+00  3.235882e+08  2.997105e+08  2.809107e+08  2.714180e+08
2.662174e+04  2.516667e+08  0.000000e+00  0.000000e+00  2.263383e+09  0.000000e+00  0.000000e+00  3.232812e+08  2.994268e+08  2.806423e+08  2.711615e+08
2.665031e+04  2.513855e+08  0.000000e+00  0.000000e+00  2.260854e+09  0.000000e+00  0.000000e+00  3.229817e+08  2.991500e+08  2.803804e+08  2.709032e+08
2.667891e+04  2.510708e+08  0.000000e+00  0.000000e+00  2.258024e+09  0.000000e+00  0.000000e+00  3.226800e+08  2.988714e+08  2.801136e+08  2.706399e+08
2.670754e+04  2.507896e+08  0.000000e+00  0.000000e+00  2.255495e+09  0.000000e+00  0.000000e+00  3.223774e+08  2.985909e+08  2.798468e+08  2.703816e+08
2.673620e+04  2.504751e+08  0.000000e+00  0.000000e+00  2.252666e+09  0.000000e+00  0.000000e+00  3.220737e+08  2.983107e+08  2.795803e+08  2.701219e+08
2.676490e+04  2.501939e+08  0.000000e+00  0.000000e+00  2.250137e+09  0.000000e+00  0.000000e+00  3.217709e+08  2.980299e+08  2.793159e+08  2.698619e+08
2.679362e+04  2.498960e+08  0.000000e+00  0.000000e+00  2.247458e+09  0.000000e+00  0.000000e+00  3.214688e+08  2.977500e+08  2.790486e+08  2.696020e+08
2.682238e+04  2.495983e+08  0.000000e+00  0.000000e+00  2.244780e+09  0.000000e+00  0.000000e+00  3.211653e+08  2.974697e+08  2.787830e+08  2.693419e+08
2.685116e+04  2.493005e+08  0.000000e+00  0.000000e+00  2.242102e+09  0.000000e+00  0.000000e+00  3.208616e+08  2.971892e+08  2.785159e+08  2.690814e+08
2.687998e+04  2.490029e+08  0.000000e+00  0.000000e+00  2.239425e+09  0.000000e+00  0.000000e+00  3.205587e+08  2.969074e+08  2.782482e+08  2.688201e+08
2.690883e+04  2.487216e+08  0.000000e+00  0.000000e+00  2.236896e+09  0.000000e+00  0.000000e+00  3.202554e+08  2.966268e+08  2.779821e+08  2.685585e+08
2.693771e+04  2.484240e+08  0.000000e+00  0.000000e+00  2.234220e+09  0.000000e+00  0.000000e+00  3.199508e+08  2.963452e+08  2.777143e+08  2.682968e+08
2.696662e+04  2.481264e+08  0.000000e+00  0.000000e+00  2.231543e+09  0.000000e+00  0.000000e+00  3.196472e+08  2.960633e+08  2.774459e+08  2.680350e+08
2.699556e+04  2.478452e+08  0.000000e+00  0.000000e+00  2.229014e+09  0.000000e+00  0.000000e+00  3.193427e+08  2.957810e+08  2.771779e+08  2.677726e+08
2.702453e+04  2.475314e+08  0.000000e+00  0.000000e+00  2.226192e+09  0.000000e+00  0.000000e+00  3.190375e+08  2.954981e+08  2.769085e+08  2.675105e+08
2.705353e+04  2.472502e+08  0.000000e+00  0.000000e+00  2.223663e+09  0.000000e+00  0.000000e+00  3.187325e+08  2.952148e+08  2.766388e+08  2.672474e+08
2.708257e+04  2.469690e+08  0.000000e+00  0.000000e+00  2.221134e+09  0.000000e+00  0.000000e+00  3.184274e+08  2.949309e+08  2.763700e+08  2.669839e+08
2.711163e+04  2.466716e+08  0.000000e+00  0.000000e+00  2.218459e+09  0.000000e+00  0.000000e+00  3.181221e+08  2.946472e+08  2.761007e+08  2.667205e+08
2.714073e+04  2.463742e+08  0.000000e+00  0.000000e+00  2.215785e+09  0.000000e+00  0.000000e+00  3.178158e+08  2.943634e+08  2.758305e+08  2.664561e+08
2.716986e+04  2.460769e+08  0.000000e+00  0.000000e+00  2.213111e+09  0.000000e+00  0.000000e+00  3.175092e+08  2.940789e+08  2.755600e+08  2.661927e+08
2.719901e+04  2.457958e+08  0.000000e+00  0.000000e+00  2.210582e+09  0.000000e+00  0.000000e+00  3.172028e+08  2.937939e+08  2.752885e+08  2.659275e+08
2.722820e+04  2.454986e+08  0.000000e+00  0.000000e+00  2.207909e+09  0.000000e+00  0.000000e+00  3.168958e+08  2.935096e+08  2.750179e+08  2.656631e+08
2.725743e+04  2.452174e+08  0.000000e+00  0.000000e+00  2.205381e+09  0.000000e+00  0.000000e+00  3.165899e+08  2.932242e+08  2.747465e+08  2.653977e+08
2.728668e+04  2.449203e+08  0.000000e+00  0.000000e+00  2.202708e+09  0.000000e+00  0.000000e+00  3.162819e+08  2.929385e+08  2.744740e+08  2.651319e+08
2.731596e+04  2.446392e+08  0.000000e+00  0.000000e+00  2.200180e+09  0.000000e+00  0.000000e+00  3.159739e+08  2.926523e+08  2.742019e+08  2.648659e+08
2.734528e+04  2.443421e+08  0.000000e+00  0.000000e+00  2.197508e+09  0.000000e+00  0.000000e+00  3.156659e+08  2.923656e+08  2.739296e+08  2.645999e+08
2.737463e+04  2.440610e+08  0.000000e+00  0.000000e+00  2.194980e+09  0.000000e+00  0.000000e+00  3.153578e+08  2.920785e+08  2.736570e+08  2.643330e+08
2.740401e+04  2.437640e+08  0.000000e+00  0.000000e+00  2.192309e+09  0.000000e+00  0.000000e+00  3.150493e+08  2.917919e+08  2.733837e+08  2.640661e+08
2.743342e+04  2.434671e+08  0.000000e+00  0.000000e+00  2.189639e+09  0.000000e+00  0.000000e+00  3.147401e+08  2.915038e+08  2.731096e+08  2.637993e+08
2.746286e+04  2.432018e+08  0.000000e+00  0.000000e+00  2.187253e+09  0.000000e+00  0.000000e+00  3.144320e+08  2.912159e+08  2.728365e+08  2.635311e+08
2.749233e+04  2.428893e+08  0.000000e+00  0.000000e+00  2.184442e+09  0.000000e+00  0.000000e+00  3.141217e+08  2.909286e+08  2.725614e+08  2.632637e+08
2.752184e+04  2.426239e+08  0.000000e+00  0.000000e+00  2.182056e+09  0.000000e+00  0.000000e+00  3.138130e+08  2.906402e+08  2.722872e+08  2.629955e+08
2.755137e+04  2.423268e+08  0.000000e+00  0.000000e+00  2.179384e+09  0.000000e+00  0.000000e+00  3.135028e+08  2.903506e+08  2.720120e+08  2.627269e+08
2.758094e+04  2.420294e+08  0.000000e+00  0.000000e+00  2.176709e+09  0.000000e+00  0.000000e+00  3.131920e+08  2.900619e+08  2.717373e+08  2.624581e+08
2.761054e+04  2.417630e+08  0.000000e+00  0.000000e+00  2.174313e+09  0.000000e+00  0.000000e+00  3.128815e+08  2.897719e+08  2.714623e+08  2.621890e+08
2.764017e+04  2.414655e+08  0.000000e+00  0.000000e+00  2.171637e+09  0.000000e+00  0.000000e+00  3.125718e+08  2.894823e+08  2.711858e+08  2.619195e+08
2.766984e+04  2.411680e+08  0.000000e+00  0.000000e+00  2.168962e+09  0.000000e+00  0.000000e+00  3.122602e+08  2.891928e+08  2.709098e+08  2.616502e+08
2.769953e+04  2.409016e+08  0.000000e+00  0.000000e+00  2.166566e+09  0.000000e+00  0.000000e+00  3.119487e+08  2.889019e+08  2.706344e+08  2.613808e+08
2.772926e+04  2.406043e+08  0.000000e+00  0.000000e+00  2.163892e+09  0.000000e+00  0.000000e+00  3.116375e+08  2.886123e+08  2.703570e+08  2.611103e+08
2.775902e+04  2.403224e+08  0.000000e+00  0.000000e+00  2.161357e+09  0.000000e+00  0.000000e+00  3.113253e+08  2.883210e+08  2.700802e+08  2.608392e+08
2.778881e+04  2.400252e+08  0.000000e+00  0.000000e+00  2.158684e+09  0.000000e+00  0.000000e+00  3.110143e+08  2.880296e+08  2.698039e+08  2.605687e+08
2.781863e+04  2.397434e+08  0.000000e+00  0.000000e+00  2.156150e+09  0.000000e+00  0.000000e+00  3.107016e+08  2.877381e+08  2.695258e+08  2.602973e+08
2.784849e+04  2.394769e+08  0.000000e+00  0.000000e+00  2.153753e+09  0.000000e+00  0.000000e+00  3.103886e+08  2.874458e+08  2.692477e+08  2.600261e+08
2.787838e+04  2.391646e+08  0.000000e+00  0.000000e+00  2.150944e+09  0.000000e+00  0.000000e+00  3.100764e+08  2.871537e+08  2.689699e+08  2.597542e+08
2.790829e+04  2.388981e+08  0.000000e+00  0.000000e+00  2.148547e+09  0.000000e+00  0.000000e+00  3.097627e+08  2.868615e+08  2.686909e+08  2.594827e+08
2.793825e+04  2.386164e+08  0.000000e+00  0.000000e+00  2.146014e+09  0.000000e+00  0.000000e+00  3.094501e+08  2.865684e+08  2.684132e+08  2.592104e+08
2.796823e+04  2.383195e+08  0.000000e+00  0.000000e+00  2.143344e+09  0.000000e+00  0.000000e+00  3.091360e+08  2.862762e+08  2.681334e+08  2.589380e+08
2.799825e+04  2.380529e+08  0.000000e+00  0.000000e+00  2.140946e+09  0.000000e+00  0.000000e+00  3.088230e+08  2.859825e+08  2.678537e+08  2.586654e+08
2.802829e+04  2.377562e+08  0.000000e+00  0.000000e+00  2.138277e+09  0.000000e+00  0.000000e+00  3.085082e+08  2.856886e+08  2.675751e+08  2.583917e+08
2.805837e+04  2.374746e+08  0.000000e+00  0.000000e+00  2.135745e+09  0.000000e+00  0.000000e+00  3.081949e+08  2.853948e+08  2.672954e+08  2.581184e+08
2.808849e+04  2.371930e+08  0.000000e+00  0.000000e+00  2.133213e+09  0.000000e+00  0.000000e+00  3.078802e+08  2.851006e+08  2.670154e+08  2.578451e+08
2.811863e+04  2.369115e+08  0.000000e+00  0.000000e+00  2.130680e+09  0.000000e+00  0.000000e+00  3.075660e+08  2.848062e+08  2.667351e+08  2.575713e+08
2.814881e+04  2.366299e+08  0.000000e+00  0.000000e+00  2.128148e+09  0.000000e+00  0.000000e+00  3.072501e+08  2.845119e+08  2.664537e+08  2.572968e+08
2.817902e+04  2.363484e+08  0.000000e+00  0.000000e+00  2.125617e+09  0.000000e+00  0.000000e+00  3.069358e+08  2.842164e+08  2.661727e+08  2.570228e+08
2.820926e+04  2.360669e+08  0.000000e+00  0.000000e+00  2.123085e+09  0.000000e+00  0.000000e+00  3.066195e+08  2.839210e+08  2.658919e+08  2.567481e+08
2.823953e+04  2.357855e+08  0.000000e+00  0.000000e+00  2.120554e+09  0.000000e+00  0.000000e+00  3.063040e+08  2.836258e+08  2.656095e+08  2.564727e+08
2.826984e+04  2.355040e+08  0.000000e+00  0.000000e+00  2.118023e+09  0.000000e+00  0.000000e+00  3.059889e+08  2.833297e+08  2.653279e+08  2.561979e+08
2.830018e+04  2.352227e+08  0.000000e+00  0.000000e+00  2.115492e+09  0.000000e+00  0.000000e+00  3.056730e+08  2.830338e+08  2.650467e+08  2.559228e+08
2.833055e+04  2.349414e+08  0.000000e+00  0.000000e+00  2.112962e+09  0.000000e+00  0.000000e+00  3.053565e+08  2.827380e+08  2.647636e+08  2.556464e+08
2.836096e+04  2.346748e+08  0.000000e+00  0.000000e+00  2.110565e+09  0.000000e+00  0.000000e+00  3.050399e+08  2.824408e+08  2.644818e+08  2.553709e+08
2.839139e+04  2.343788e+08  0.000000e+00  0.000000e+00  2.107903e+09  0.000000e+00  0.000000e+00  3.047230e+08  2.821436e+08  2.641988e+08  2.550944e+08
2.842186e+04  2.341122e+08  0.000000e+00  0.000000e+00  2.105505e+09  0.000000e+00  0.000000e+00  3.044068e+08  2.818464e+08  2.639155e+08  2.548181e+08
2.845237e+04  2.338163e+08  0.000000e+00  0.000000e+00  2.102844e+09  0.000000e+00  0.000000e+00  3.040891e+08  2.815498e+08  2.636329e+08  2.545412e+08
2.848290e+04  2.335498e+08  0.000000e+00  0.000000e+00  2.100447e+09  0.000000e+00  0.000000e+00  3.037713e+08  2.812526e+08  2.633494e+08  2.542646e+08
2.851347e+04  2.332686e+08  0.000000e+00  0.000000e+00  2.097918e+09  0.000000e+00  0.000000e+00  3.034540e+08  2.809543e+08  2.630649e+08  2.539873e+08
2.854407e+04  2.330020e+08  0.000000e+00  0.000000e+00  2.095521e+09  0.000000e+00  0.000000e+00  3.031363e+08  2.806561e+08  2.627813e+08  2.537101e+08
2.857470e+04  2.327064e+08  0.000000e+00  0.000000e+00  2.092862e+09  0.000000e+00  0.000000e+00  3.028186e+08  2.803579e+08  2.624968e+08  2.534320e+08
2.860537e+04  2.324399e+08  0.000000e+00  0.000000e+00  2.090465e+09  0.000000e+00  0.000000e+00  3.025002e+08  2.800588e+08  2.622121e+08  2.531541e+08
2.863607e+04  2.321589e+08  0.000000e+00  0.000000e+00  2.087938e+09  0.000000e+00  0.000000e+00  3.021820e+08  2.797604e+08  2.619266e+08  2.528760e+08
2.866680e+04  2.318779e+08  0.000000e+00  0.000000e+00  2.085411e+09  0.000000e+00  0.000000e+00  3.018629e+08  2.794606e+08  2.616422e+08  2.525982e+08
2.869757e+04  2.316114e+08  0.000000e+00  0.000000e+00  2.083014e+09  0.000000e+00  0.000000e+00  3.015447e+08  2.791615e+08  2.613568e+08  2.523196e+08
2.872837e+04  2.313305e+08  0.000000e+00  0.000000e+00  2.080488e+09  0.000000e+00  0.000000e+00  3.012255e+08  2.788616e+08  2.610708e+08  2.520408e+08
2.875920e+04  2.310497e+08  0.000000e+00  0.000000e+00  2.077962e+09  0.000000e+00  0.000000e+00  3.009065e+08  2.785626e+08  2.607853e+08  2.517621e+08
2.879006e+04  2.307832e+08  0.000000e+00  0.000000e+00  2.075565e+09  0.000000e+00  0.000000e+00  3.005877e+08  2.782620e+08  2.604990e+08  2.514821e+08
2.882096e+04  2.305024e+08  0.000000e+00  0.000000e+00  2.073040e+09  0.000000e+00  0.000000e+00  3.002678e+08  2.779621e+08  2.602127e+08  2.512032e+08
2.885189e+04  2.302213e+08  0.000000e+00  0.000000e+00  2.070512e+09  0.000000e+00  0.000000e+00  2.999480e+08  2.776610e+08  2.599277e+08  2.509232e+08
2.888286e+04  2.299539e+08  0.000000e+00  0.000000e+00  2.068107e+09  0.000000e+00  0.000000e+00  2.996281e+08  2.773605e+08  2.596405e+08  2.506432e+08
2.891385e+04  2.296724e+08  0.000000e+00  0.000000e+00  2.065575e+09  0.000000e+00  0.000000e+00  2.993083e+08  2.770591e+08  2.593527e+08  2.503637e+08
2.894488e+04  2.294050e+08  0.000000e+00  0.000000e+00  2.063170e+09  0.000000e+00  0.000000e+00  2.989880e+08  2.767583e+08  2.590668e+08  2.500826e+08
2.897595e+04  2.291235e+08  0.000000e+00  0.000000e+00  2.060639e+09  0.000000e+00  0.000000e+00  2.986670e+08  2.764564e+08  2.587794e+08  2.498028e+08
2.900704e+04  2.288561e+08  0.000000e+00  0.000000e+00  2.058234e+09  0.000000e+00  0.000000e+00  2.983474e+08  2.761554e+08  2.584915e+08  2.495212e+08
2.903817e+04  2.285747e+08  0.000000e+00  0.000000e+00  2.055703e+09  0.000000e+00  0.000000e+00  2.980256e+08  2.758526e+08  2.582036e+08  2.492408e+08
2.906934e+04  2.282934e+08  0.000000e+00  0.000000e+00  2.053174e+09  0.000000e+00  0.000000e+00  2.977048e+08  2.755509e+08  2.579154e+08  2.489596e+08
2.910054e+04  2.280400e+08  0.000000e+00  0.000000e+00  2.050895e+09  0.000000e+00  0.000000e+00  2.973834e+08  2.752490e+08  2.576278e+08  2.486779e+08
2.913177e+04  2.277449e+08  0.000000e+00  0.000000e+00  2.048240e+09  0.000000e+00  0.000000e+00  2.970623e+08  2.749460e+08  2.573397e+08  2.483966e+08
2.916303e+04  2.274915e+08  0.000000e+00  0.000000e+00  2.045961e+09  0.000000e+00  0.000000e+00  2.967413e+08  2.746436e+08  2.570501e+08  2.481144e+08
2.919433e+04  2.272103e+08  0.000000e+00  0.000000e+00  2.043433e+09  0.000000e+00  0.000000e+00  2.964198e+08  2.743407e+08  2.567617e+08  2.478325e+08
2.922566e+04  2.269293e+08  0.000000e+00  0.000000e+00  2.040905e+09  0.000000e+00  0.000000e+00  2.960980e+08  2.740370e+08  2.564731e+08  2.475502e+08
2.925703e+04  2.266758e+08  0.000000e+00  0.000000e+00  2.038625e+09  0.000000e+00  0.000000e+00  2.957758e+08  2.737338e+08  2.561840e+08  2.472685e+08
2.928843e+04  2.263811e+08  0.000000e+00  0.000000e+00  2.035975e+09  0.000000e+00  0.000000e+00  2.954530e+08  2.734304e+08  2.558940e+08  2.469852e+08
2.931986e+04  2.261276e+08  0.000000e+00  0.000000e+00  2.033695e+09  0.000000e+00  0.000000e+00  2.951307e+08  2.731264e+08  2.556046e+08  2.467029e+08
2.935132e+04  2.258468e+08  0.000000e+00  0.000000e+00  2.031169e+09  0.000000e+00  0.000000e+00  2.948087e+08  2.728226e+08  2.553149e+08  2.464203e+08
2.938282e+04  2.255796e+08  0.000000e+00  0.000000e+00  2.028767e+09  0.000000e+00  0.000000e+00  2.944859e+08  2.725185e+08  2.550250e+08  2.461371e+08
2.941436e+04  2.253124e+08  0.000000e+00  0.000000e+00  2.026364e+09  0.000000e+00  0.000000e+00  2.941627e+08  2.722138e+08  2.547351e+08  2.458533e+08
2.944593e+04  2.250318e+08  0.000000e+00  0.000000e+00  2.023840e+09  0.000000e+00  0.000000e+00  2.938398e+08  2.719101e+08  2.544445e+08  2.455700e+08
2.947753e+04  2.247782e+08  0.000000e+00  0.000000e+00  2.021559e+09  0.000000e+00  0.000000e+00  2.935168e+08  2.716046e+08  2.541531e+08  2.452860e+08
2.950916e+04  2.244976e+08  0.000000e+00  0.000000e+00  2.019035e+09  0.000000e+00  0.000000e+00  2.931934e+08  2.713003e+08  2.538626e+08  2.450022e+08
2.954083e+04  2.242171e+08  0.000000e+00  0.000000e+00  2.016513e+09  0.000000e+00  0.000000e+00  2.928701e+08  2.709952e+08  2.535725e+08  2.447185e+08
2.957254e+04  2.239636e+08  0.000000e+00  0.000000e+00  2.014233e+09  0.000000e+00  0.000000e+00  2.925467e+08  2.706896e+08  2.532807e+08  2.444338e+08
2.960427e+04  2.236966e+08  0.000000e+00  0.000000e+00  2.011831e+09  0.000000e+00  0.000000e+00  2.922236e+08  2.703838e+08  2.529890e+08  2.441497e+08
2.963605e+04  2.234162e+08  0.000000e+00  0.000000e+00  2.009310e+09  0.000000e+00  0.000000e+00  2.918992e+08  2.700787e+08  2.526981e+08  2.438657e+08
2.966785e+04  2.231493e+08  0.000000e+00  0.000000e+00  2.006909e+09  0.000000e+00  0.000000e+00  2.915756e+08  2.697728e+08  2.524068e+08  2.435808e+08
2.969969e+04  2.228824e+08  0.000000e+00  0.000000e+00  2.004509e+09  0.000000e+00  0.000000e+00  2.912508e+08  2.694670e+08  2.521144e+08  2.432960e+08
2.973156e+04  2.226288e+08  0.000000e+00  0.000000e+00  2.002228e+09  0.000000e+00  0.000000e+00  2.909265e+08  2.691600e+08  2.518220e+08  2.430106e+08
2.976347e+04  2.223487e+08  0.000000e+00  0.000000e+00  1.999709e+09  0.000000e+00  0.000000e+00  2.906021e+08  2.688540e+08  2.515299e+08  2.427257e+08
2.979542e+04  2.220818e+08  0.000000e+00  0.000000e+00  1.997309e+09  0.000000e+00  0.000000e+00  2.902772e+08  2.685468e+08  2.512381e+08  2.424400e+08
2.982739e+04  2.218151e+08  0.000000e+00  0.000000e+00  1.994910e+09  0.000000e+00  0.000000e+00  2.899532e+08  2.682404e+08  2.509446e+08  2.421549e+08
2.985940e+04  2.215483e+08  0.000000e+00  0.000000e+00  1.992511e+09  0.000000e+00  0.000000e+00  2.896286e+08  2.679335e+08  2.506527e+08  2.418692e+08
2.989145e+04  2.212815e+08  0.000000e+00  0.000000e+00  1.990112e+09  0.000000e+00  0.000000e+00  2.893032e+08  2.676269e+08  2.503594e+08  2.415827e+08
2.992353e+04  2.210149e+08  0.000000e+00  0.000000e+00  1.987713e+09  0.000000e+00  0.000000e+00  2.889783e+08  2.673195e+08  2.500669e+08  2.412966e+08
2.995564e+04  2.207482e+08  0.000000e+00  0.000000e+00  1.985315e+09  0.000000e+00  0.000000e+00  2.886532e+08  2.670116e+08  2.497740e+08  2.410112e+08
2.998779e+04  2.204816e+08  0.000000e+00  0.000000e+00  1.982917e+09  0.000000e+00  0.000000e+00  2.883276e+08  2.667043e+08  2.494806e+08  2.407241e+08
3.001997e+04  2.202150e+08  0.000000e+00  0.000000e+00  1.980520e+09  0.000000e+00  0.000000e+00  2.880023e+08  2.663965e+08  2.491858e+08  2.404381e+08
3.005219e+04  2.199615e+08  0.000000e+00  0.000000e+00  1.978239e+09  0.000000e+00  0.000000e+00  2.876773e+08  2.660890e+08  2.488936e+08  2.401516e+08
3.008444e+04  2.196820e+08  0.000000e+00  0.000000e+00  1.975726e+09  0.000000e+00  0.000000e+00  2.873507e+08  2.657807e+08  2.485987e+08  2.398647e+08
3.011673e+04  2.194285e+08  0.000000e+00  0.000000e+00  1.973446e+09  0.000000e+00  0.000000e+00  2.870248e+08  2.654726e+08  2.483056e+08  2.395773e+08
3.014905e+04  2.191620e+08  0.000000e+00  0.000000e+00  1.971049e+09  0.000000e+00  0.000000e+00  2.866994e+08  2.651639e+08  2.480102e+08  2.392906e+08
3.018141e+04  2.188956e+08  0.000000e+00  0.000000e+00  1.968653e+09  0.000000e+00  0.000000e+00  2.863731e+08  2.648556e+08  2.477172e+08  2.390037e+08
3.021380e+04  2.186287e+08  0.000000e+00  0.000000e+00  1.966253e+09  0.000000e+00  0.000000e+00  2.860475e+08  2.645468e+08  2.474218e+08  2.387157e+08
3.024622e+04  2.183743e+08  0.000000e+00  0.000000e+00  1.963966e+09  0.000000e+00  0.000000e+00  2.857208e+08  2.642385e+08  2.471274e+08  2.384287e+08
3.027869e+04  2.180943e+08  0.000000e+00  0.000000e+00  1.961447e+09  0.000000e+00  0.000000e+00  2.853946e+08  2.639301e+08  2.468326e+08  2.381407e+08
3.031118e+04  2.178399e+08  0.000000e+00  0.000000e+00  1.959159e+09  0.000000e+00  0.000000e+00  2.850685e+08  2.636210e+08  2.465389e+08  2.378535e+08
3.034371e+04  2.175855e+08  0.000000e+00  0.000000e+00  1.956871e+09  0.000000e+00  0.000000e+00  2.847423e+08  2.633115e+08  2.462436e+08  2.375657e+08
3.037628e+04  2.173056e+08  0.000000e+00  0.000000e+00  1.954354e+09  0.000000e+00  0.000000e+00  2.844151e+08  2.630025e+08  2.459485e+08  2.372774e+08
3.040888e+04  2.170513e+08  0.000000e+00  0.000000e+00  1.952066e+09  0.000000e+00  0.000000e+00  2.840880e+08  2.626927e+08  2.456525e+08  2.369898e+08
3.044151e+04  2.167969e+08  0.000000e+00  0.000000e+00  1.949779e+09  0.000000e+00  0.000000e+00  2.837614e+08  2.623831e+08  2.453570e+08  2.367014e+08
3.047418e+04  2.165172e+08  0.000000e+00  0.000000e+00  1.947263e+09  0.000000e+00  0.000000e+00  2.834351e+08  2.620738e+08  2.450615e+08  2.364129e+08
3.050689e+04  2.162755e+08  0.000000e+00  0.000000e+00  1.945090e+09  0.000000e+00  0.000000e+00  2.831081e+08  2.617631e+08  2.447659e+08  2.361249e+08
3.053963e+04  2.159960e+08  0.000000e+00  0.000000e+00  1.942576e+09  0.000000e+00  0.000000e+00  2.827809e+08  2.614538e+08  2.444708e+08  2.358360e+08
3.057240e+04  2.157417e+08  0.000000e+00  0.000000e+00  1.940289e+09  0.000000e+00  0.000000e+00  2.824536e+08  2.611438e+08  2.441741e+08  2.355472e+08
3.060521e+04  2.154749e+08  0.000000e+00  0.000000e+00  1.937889e+09  0.000000e+00  0.000000e+00  2.821263e+08  2.608327e+08  2.438792e+08  2.352581e+08
3.063806e+04  2.152206e+08  0.000000e+00  0.000000e+00  1.935603e+09  0.000000e+00  0.000000e+00  2.817985e+08  2.605224e+08  2.435831e+08  2.349691e+08
3.067094e+04  2.149664e+08  0.000000e+00  0.000000e+00  1.933316e+09  0.000000e+00  0.000000e+00  2.814711e+08  2.602126e+08  2.432867e+08  2.346799e+08
3.070386e+04  2.146872e+08  0.000000e+00  0.000000e+00  1.930805e+09  0.000000e+00  0.000000e+00  2.811433e+08  2.599014e+08  2.429899e+08  2.343912e+08
3.073681e+04  2.144454e+08  0.000000e+00  0.000000e+00  1.928631e+09  0.000000e+00  0.000000e+00  2.808165e+08  2.595911e+08  2.426932e+08  2.341020e+08
3.076979e+04  2.141788e+08  0.000000e+00  0.000000e+00  1.926233e+09  0.000000e+00  0.000000e+00  2.804881e+08  2.592803e+08  2.423963e+08  2.338125e+08
3.080282e+04  2.139123e+08  0.000000e+00  0.000000e+00  1.923836e+09  0.000000e+00  0.000000e+00  2.801606e+08  2.589693e+08  2.421001e+08  2.335228e+08
3.083587e+04  2.136705e+08  0.000000e+00  0.000000e+00  1.921661e+09  0.000000e+00  0.000000e+00  2.798324e+08  2.586586e+08  2.418030e+08  2.332333e+08
3.086897e+04  2.133917e+08  0.000000e+00  0.000000e+00  1.919154e+09  0.000000e+00  0.000000e+00  2.795039e+08  2.583469e+08  2.415072e+08  2.329435e+08
3.090210e+04  2.131499e+08  0.000000e+00  0.000000e+00  1.916979e+09  0.000000e+00  0.000000e+00  2.791765e+08  2.580355e+08  2.412102e+08  2.326539e+08
3.093526e+04  2.128835e+08  0.000000e+00  0.000000e+00  1.914583e+09  0.000000e+00  0.000000e+00  2.788480e+08  2.577242e+08  2.409124e+08  2.323636e+08
3.096846e+04  2.126172e+08  0.000000e+00  0.000000e+00  1.912189e+09  0.000000e+00  0.000000e+00  2.785192e+08  2.574135e+08  2.406145e+08  2.320736e+08
3.100170e+04  2.123754e+08  0.000000e+00  0.000000e+00  1.910013e+09  0.000000e+00  0.000000e+00  2.781915e+08  2.571019e+08  2.403174e+08  2.317840e+08
3.103497e+04  2.121092e+08  0.000000e+00  0.000000e+00  1.907619e+09  0.000000e+00  0.000000e+00  2.778625e+08  2.567891e+08  2.400208e+08  2.314933e+08
3.106827e+04  2.118552e+08  0.000000e+00  0.000000e+00  1.905335e+09  0.000000e+00  0.000000e+00  2.775347e+08  2.564783e+08  2.397235e+08  2.312030e+08
3.110162e+04  2.115891e+08  0.000000e+00  0.000000e+00  1.902942e+09  0.000000e+00  0.000000e+00  2.772058e+08  2.561651e+08  2.394256e+08  2.309135e+08
3.113500e+04  2.113352e+08  0.000000e+00  0.000000e+00  1.900658e+09  0.000000e+00  0.000000e+00  2.768773e+08  2.558540e+08  2.391278e+08  2.306222e+08
3.116841e+04  2.110933e+08  0.000000e+00  0.000000e+00  1.898483e+09  0.000000e+00  0.000000e+00  2.765475e+08  2.555419e+08  2.388302e+08  2.303324e+08
3.120186e+04  2.108273e+08  0.000000e+00  0.000000e+00  1.896091e+09  0.000000e+00  0.000000e+00  2.762186e+08  2.552295e+08  2.385323e+08  2.300416e+08
3.123535e+04  2.105615e+08  0.000000e+00  0.000000e+00  1.893700e+09  0.000000e+00  0.000000e+00  2.758899e+08  2.549164e+08  2.382336e+08  2.297504e+08
3.126887e+04  2.103196e+08  0.000000e+00  0.000000e+00  1.891525e+09  0.000000e+00  0.000000e+00  2.755613e+08  2.546037e+08  2.379356e+08  2.294596e+08
3.130243e+04  2.100538e+08  0.000000e+00  0.000000e+00  1.889135e+09  0.000000e+00  0.000000e+00  2.752321e+08  2.542918e+08  2.376381e+08  2.291687e+08
3.133602e+04  2.098120e+08  0.000000e+00  0.000000e+00  1.886959e+09  0.000000e+00  0.000000e+00  2.749030e+08  2.539793e+08  2.373391e+08  2.288779e+08
3.136965e+04  2.095463e+08  0.000000e+00  0.000000e+00  1.884570e+09  0.000000e+00  0.000000e+00  2.745739e+08  2.536670e+08  2.370404e+08  2.285871e+08
3.140332e+04  2.092926e+08  0.000000e+00  0.000000e+00  1.882288e+09  0.000000e+00  0.000000e+00  2.742436e+08  2.533539e+08  2.367434e+08  2.282961e+08
3.143702e+04  2.090507e+08  0.000000e+00  0.000000e+00  1.880113e+09  0.000000e+00  0.000000e+00  2.739146e+08  2.530408e+08  2.364444e+08  2.280051e+08
3.147076e+04  2.087853e+08  0.000000e+00  0.000000e+00  1.877726e+09  0.000000e+00  0.000000e+00  2.735845e+08  2.527273e+08  2.361452e+08  2.277136e+08
3.150453e+04  2.085316e+08  0.000000e+00  0.000000e+00  1.875444e+09  0.000000e+00  0.000000e+00  2.732556e+08  2.524136e+08  2.358458e+08  2.274224e+08
3.153834e+04  2.082780e+08  0.000000e+00  0.000000e+00  1.873164e+09  0.000000e+00  0.000000e+00  2.729275e+08  2.521010e+08  2.355464e+08  2.271316e+08
3.157219e+04  2.080245e+08  0.000000e+00  0.000000e+00  1.870883e+09  0.000000e+00  0.000000e+00  2.725990e+08  2.517895e+08  2.352473e+08  2.268374e+08
3.160607e+04  2.077709e+08  0.000000e+00  0.000000e+00  1.868603e+09  0.000000e+00  0.000000e+00  2.722712e+08  2.514778e+08  2.349509e+08  2.265470e+08
3.163929e+04  2.075314e+08  0.000000e+00  0.000000e+00  1.866449e+09  0.000000e+00  0.000000e+00  2.719502e+08  2.511718e+08  2.346608e+08  2.262669e+08
3.167183e+04  2.072821e+08  0.000000e+00  0.000000e+00  1.864207e+09  0.000000e+00  0.000000e+00  2.716350e+08  2.508720e+08  2.343751e+08  2.259867e+08
3.170440e+04  2.070450e+08  0.000000e+00  0.000000e+00  1.862074e+09  0.000000e+00  0.000000e+00  2.713184e+08  2.505718e+08  2.340871e+08  2.257041e+08
3.173701e+04  2.067958e+08  0.000000e+00  0.000000e+00  1.859833e+09  0.000000e+00  0.000000e+00  2.710018e+08  2.502700e+08  2.337996e+08  2.254244e+08
3.176965e+04  2.065587e+08  0.000000e+00  0.000000e+00  1.857701e+09  0.000000e+00  0.000000e+00  2.706842e+08  2.499691e+08  2.335122e+08  2.251445e+08
3.180232e+04  2.063096e+08  0.000000e+00  0.000000e+00  1.855461e+09  0.000000e+00  0.000000e+00  2.703683e+08  2.496678e+08  2.332239e+08  2.248647e+08
3.183503e+04  2.060726e+08  0.000000e+00  0.000000e+00  1.853329e+09  0.000000e+00  0.000000e+00  2.700512e+08  2.493670e+08  2.329374e+08  2.245842e+08
3.186777e+04  2.058356e+08  0.000000e+00  0.000000e+00  1.851197e+09  0.000000e+00  0.000000e+00  2.697353e+08  2.490657e+08  2.326504e+08  2.243051e+08
3.190055e+04  2.055866e+08  0.000000e+00  0.000000e+00  1.848958e+09  0.000000e+00  0.000000e+00  2.694188e+08  2.487650e+08  2.323639e+08  2.240245e+08
3.193335e+04  2.053497e+08  0.000000e+00  0.000000e+00  1.846827e+09  0.000000e+00  0.000000e+00  2.691029e+08  2.484642e+08  2.320767e+08  2.237448e+08
3.196620e+04  2.051127e+08  0.000000e+00  0.000000e+00  1.844696e+09  0.000000e+00  0.000000e+00  2.687867e+08  2.481629e+08  2.317887e+08  2.234643e+08
3.199907e+04  2.048639e+08  0.000000e+00  0.000000e+00  1.842458e+09  0.000000e+00  0.000000e+00  2.684708e+08  2.478620e+08  2.315020e+08  2.231846e+08
3.203198e+04  2.046389e+08  0.000000e+00  0.000000e+00  1.840435e+09  0.000000e+00  0.000000e+00  2.681545e+08  2.475616e+08  2.312144e+08  2.229045e+08
3.206493e+04  2.043783e+08  0.000000e+00  0.000000e+00  1.838091e+09  0.000000e+00  0.000000e+00  2.678385e+08  2.472602e+08  2.309274e+08  2.226249e+08
3.209790e+04  2.041651e+08  0.000000e+00  0.000000e+00  1.836174e+09  0.000000e+00  0.000000e+00  2.675222e+08  2.469590e+08  2.306408e+08  2.223444e+08
3.213092e+04  2.039047e+08  0.000000e+00  0.000000e+00  1.833831e+09  0.000000e+00  0.000000e+00  2.672057e+08  2.466580e+08  2.303526e+08  2.220638e+08
3.216396e+04  2.036679e+08  0.000000e+00  0.000000e+00  1.831702e+09  0.000000e+00  0.000000e+00  2.668895e+08  2.463574e+08  2.300650e+08  2.217842e+08
3.219704e+04  2.034311e+08  0.000000e+00  0.000000e+00  1.829573e+09  0.000000e+00  0.000000e+00  2.665728e+08  2.460556e+08  2.297779e+08  2.215036e+08
3.223016e+04  2.031944e+08  0.000000e+00  0.000000e+00  1.827443e+09  0.000000e+00  0.000000e+00  2.662566e+08  2.457551e+08  2.294903e+08  2.212234e+08
3.226330e+04  2.029577e+08  0.000000e+00  0.000000e+00  1.825314e+09  0.000000e+00  0.000000e+00  2.659404e+08  2.454540e+08  2.292034e+08  2.209428e+08
3.229648e+04  2.027209e+08  0.000000e+00  0.000000e+00  1.823186e+09  0.000000e+00  0.000000e+00  2.656240e+08  2.451522e+08  2.289162e+08  2.206623e+08
3.232970e+04  2.024843e+08  0.000000e+00  0.000000e+00  1.821057e+09  0.000000e+00  0.000000e+00  2.653083e+08  2.448506e+08  2.286279e+08  2.203821e+08
3.236295e+04  2.022476e+08  0.000000e+00  0.000000e+00  1.818929e+09  0.000000e+00  0.000000e+00  2.649918e+08  2.445496e+08  2.283406e+08  2.201021e+08
3.239623e+04  2.019879e+08  0.000000e+00  0.000000e+00  1.816593e+09  0.000000e+00  0.000000e+00  2.646749e+08  2.442474e+08  2.280524e+08  2.198212e+08
3.242955e+04  2.017744e+08  0.000000e+00  0.000000e+00  1.814673e+09  0.000000e+00  0.000000e+00  2.643588e+08  2.439469e+08  2.277654e+08  2.195411e+08
3.246291e+04  2.015379e+08  0.000000e+00  0.000000e+00  1.812545e+09  0.000000e+00  0.000000e+00  2.640426e+08  2.436451e+08  2.274779e+08  2.192603e+08
3.249629e+04  2.013013e+08  0.000000e+00  0.000000e+00  1.810418e+09  0.000000e+00  0.000000e+00  2.637254e+08  2.433433e+08  2.271902e+08  2.189796e+08
3.252971e+04  2.010419e+08  0.000000e+00  0.000000e+00  1.808085e+09  0.000000e+00  0.000000e+00  2.634091e+08  2.430420e+08  2.269027e+08  2.186999e+08
3.256317e+04  2.008284e+08  0.000000e+00  0.000000e+00  1.806164e+09  0.000000e+00  0.000000e+00  2.630928e+08  2.427407e+08  2.266149e+08  2.184186e+08
3.259666e+04  2.005919e+08  0.000000e+00  0.000000e+00  1.804038e+09  0.000000e+00  0.000000e+00  2.627763e+08  2.424389e+08  2.263266e+08  2.181383e+08
3.263019e+04  2.003555e+08  0.000000e+00  0.000000e+00  1.801911e+09  0.000000e+00  0.000000e+00  2.624599e+08  2.421375e+08  2.260390e+08  2.178574e+08
3.266374e+04  2.001191e+08  0.000000e+00  0.000000e+00  1.799786e+09  0.000000e+00  0.000000e+00  2.621432e+08  2.418357e+08  2.257508e+08  2.175775e+08
3.269734e+04  1.998601e+08  0.000000e+00  0.000000e+00  1.797456e+09  0.000000e+00  0.000000e+00  2.618270e+08  2.415335e+08  2.254629e+08  2.172968e+08
3.273097e+04  1.996465e+08  0.000000e+00  0.000000e+00  1.795535e+09  0.000000e+00  0.000000e+00  2.615106e+08  2.412318e+08  2.251748e+08  2.170159e+08
3.276463e+04  1.994102e+08  0.000000e+00  0.000000e+00  1.793410e+09  0.000000e+00  0.000000e+00  2.611942e+08  2.409310e+08  2.248866e+08  2.167355e+08
3.279833e+04  1.991965e+08  0.000000e+00  0.000000e+00  1.791488e+09  0.000000e+00  0.000000e+00  2.608782e+08  2.406287e+08  2.245998e+08  2.164545e+08
3.283206e+04  1.989378e+08  0.000000e+00  0.000000e+00  1.789161e+09  0.000000e+00  0.000000e+00  2.605613e+08  2.403274e+08  2.243107e+08  2.161734e+08
3.286583e+04  1.987016e+08  0.000000e+00  0.000000e+00  1.787038e+09  0.000000e+00  0.000000e+00  2.602455e+08  2.400257e+08  2.240236e+08  2.158928e+08
3.289963e+04  1.984655e+08  0.000000e+00  0.000000e+00  1.784914e+09  0.000000e+00  0.000000e+00  2.599288e+08  2.397239e+08  2.237350e+08  2.156121e+08
3.293346e+04  1.982518e+08  0.000000e+00  0.000000e+00  1.782992e+09  0.000000e+00  0.000000e+00  2.596117e+08  2.394216e+08  2.234473e+08  2.153313e+08
3.296733e+04  1.980157e+08  0.000000e+00  0.000000e+00  1.780869e+09  0.000000e+00  0.000000e+00  2.592961e+08  2.391197e+08  2.231598e+08  2.150511e+08
3.300124e+04  1.977575e+08  0.000000e+00  0.000000e+00  1.778546e+09  0.000000e+00  0.000000e+00  2.589797e+08  2.388178e+08  2.228710e+08  2.147701e+08
3.303518e+04  1.975437e+08  0.000000e+00  0.000000e+00  1.776624e+09  0.000000e+00  0.000000e+00  2.586628e+08  2.385169e+08  2.225835e+08  2.144894e+08
3.306916e+04  1.973078e+08  0.000000e+00  0.000000e+00  1.774502e+09  0.000000e+00  0.000000e+00  2.583469e+08  2.382153e+08  2.222949e+08  2.142091e+08
3.310317e+04  1.970939e+08  0.000000e+00  0.000000e+00  1.772578e+09  0.000000e+00  0.000000e+00  2.580303e+08  2.379123e+08  2.220071e+08  2.139279e+08
3.313721e+04  1.968354e+08  0.000000e+00  0.000000e+00  1.770253e+09  0.000000e+00  0.000000e+00  2.577133e+08  2.376108e+08  2.217187e+08  2.136475e+08
3.317129e+04  1.966207e+08  0.000000e+00  0.000000e+00  1.768322e+09  0.000000e+00  0.000000e+00  2.573976e+08  2.373094e+08  2.214316e+08  2.133662e+08
3.320541e+04  1.963620e+08  0.000000e+00  0.000000e+00  1.765996e+09  0.000000e+00  0.000000e+00  2.570808e+08  2.370073e+08  2.211434e+08  2.130859e+08
3.323956e+04  1.961473e+08  0.000000e+00  0.000000e+00  1.764065e+09  0.000000e+00  0.000000e+00  2.567651e+08  2.367061e+08  2.208556e+08  2.128051e+08
3.327374e+04  1.959325e+08  0.000000e+00  0.000000e+00  1.762133e+09  0.000000e+00  0.000000e+00  2.564489e+08  2.364042e+08  2.205666e+08  2.125247e+08
3.330797e+04  1.956741e+08  0.000000e+00  0.000000e+00  1.759809e+09  0.000000e+00  0.000000e+00  2.561323e+08  2.361024e+08  2.202792e+08  2.122435e+08
3.334222e+04  1.954594e+08  0.000000e+00  0.000000e+00  1.757878e+09  0.000000e+00  0.000000e+00  2.558160e+08  2.357998e+08  2.199905e+08  2.119631e+08
3.337651e+04  1.952228e+08  0.000000e+00  0.000000e+00  1.755751e+09  0.000000e+00  0.000000e+00  2.554991e+08  2.354982e+08  2.197031e+08  2.116822e+08
3.341084e+04  1.949864e+08  0.000000e+00  0.000000e+00  1.753624e+09  0.000000e+00  0.000000e+00  2.551830e+08  2.351966e+08  2.194156e+08  2.114014e+08
3.344520e+04  1.947500e+08  0.000000e+00  0.000000e+00  1.751498e+09  0.000000e+00  0.000000e+00  2.548669e+08  2.348944e+08  2.191272e+08  2.111205e+08
3.347960e+04  1.945352e+08  0.000000e+00  0.000000e+00  1.749567e+09  0.000000e+00  0.000000e+00  2.545506e+08  2.345928e+08  2.188396e+08  2.108399e+08
3.351403e+04  1.942989e+08  0.000000e+00  0.000000e+00  1.747441e+09  0.000000e+00  0.000000e+00  2.542347e+08  2.342908e+08  2.185507e+08  2.105597e+08
3.354850e+04  1.940626e+08  0.000000e+00  0.000000e+00  1.745316e+09  0.000000e+00  0.000000e+00  2.539188e+08  2.339883e+08  2.182630e+08  2.102790e+08
3.358300e+04  1.938479e+08  0.000000e+00  0.000000e+00  1.743385e+09  0.000000e+00  0.000000e+00  2.536028e+08  2.336875e+08  2.179752e+08  2.099985e+08
3.361754e+04  1.936117e+08  0.000000e+00  0.000000e+00  1.741261e+09  0.000000e+00  0.000000e+00  2.532866e+08  2.333856e+08  2.176878e+08  2.097171e+08
3.365212e+04  1.933755e+08  0.000000e+00  0.000000e+00  1.739137e+09  0.000000e+00  0.000000e+00  2.529699e+08  2.330835e+08  2.173987e+08  2.094371e+08
3.368673e+04  1.931395e+08  0.000000e+00  0.000000e+00  1.737014e+09  0.000000e+00  0.000000e+00  2.526540e+08  2.327819e+08  2.171105e+08  2.091561e+08
3.372137e+04  1.929247e+08  0.000000e+00  0.000000e+00  1.735082e+09  0.000000e+00  0.000000e+00  2.523381e+08  2.324798e+08  2.168240e+08  2.088759e+08
3.375605e+04  1.926887e+08  0.000000e+00  0.000000e+00  1.732960e+09  0.000000e+00  0.000000e+00  2.520221e+08  2.321778e+08  2.165353e+08  2.085954e+08
3.379077e+04  1.924739e+08  0.000000e+00  0.000000e+00  1.731028e+09  0.000000e+00  0.000000e+00  2.517058e+08  2.318769e+08  2.162470e+08  2.083146e+08
3.382552e+04  1.922380e+08  0.000000e+00  0.000000e+00  1.728906e+09  0.000000e+00  0.000000e+00  2.513906e+08  2.315746e+08  2.159599e+08  2.080336e+08
3.386031e+04  1.920022e+08  0.000000e+00  0.000000e+00  1.726785e+09  0.000000e+00  0.000000e+00  2.510746e+08  2.312729e+08  2.156715e+08  2.077532e+08
3.389514e+04  1.917874e+08  0.000000e+00  0.000000e+00  1.724854e+09  0.000000e+00  0.000000e+00  2.507589e+08  2.309708e+08  2.153844e+08  2.074729e+08
3.393000e+04  1.915516e+08  0.000000e+00  0.000000e+00  1.722733e+09  0.000000e+00  0.000000e+00  2.504427e+08  2.306693e+08  2.150965e+08  2.071926e+08
3.396489e+04  1.913159e+08  0.000000e+00  0.000000e+00  1.720614e+09  0.000000e+00  0.000000e+00  2.501273e+08  2.303684e+08  2.148076e+08  2.069125e+08
3.399983e+04  1.911012e+08  0.000000e+00  0.000000e+00  1.718682e+09  0.000000e+00  0.000000e+00  2.498119e+08  2.300662e+08  2.145199e+08  2.066315e+08
3.403479e+04  1.908656e+08  0.000000e+00  0.000000e+00  1.716563e+09  0.000000e+00  0.000000e+00  2.494960e+08  2.297652e+08  2.142331e+08  2.063512e+08
3.406980e+04  1.906508e+08  0.000000e+00  0.000000e+00  1.714632e+09  0.000000e+00  0.000000e+00  2.491805e+08  2.294630e+08  2.139450e+08  2.060711e+08
3.410484e+04  1.904153e+08  0.000000e+00  0.000000e+00  1.712514e+09  0.000000e+00  0.000000e+00  2.488648e+08  2.291611e+08  2.136569e+08  2.057907e+08
3.413991e+04  1.902006e+08  0.000000e+00  0.000000e+00  1.710583e+09  0.000000e+00  0.000000e+00  2.485488e+08  2.288604e+08  2.133704e+08  2.055108e+08
3.417502e+04  1.899652e+08  0.000000e+00  0.000000e+00  1.708465e+09  0.000000e+00  0.000000e+00  2.482336e+08  2.285590e+08  2.130820e+08  2.052303e+08
3.421017e+04  1.897504e+08  0.000000e+00  0.000000e+00  1.706534e+09  0.000000e+00  0.000000e+00  2.479177e+08  2.282566e+08  2.127952e+08  2.049502e+08
3.424536e+04  1.895151e+08  0.000000e+00  0.000000e+00  1.704418e+09  0.000000e+00  0.000000e+00  2.476025e+08  2.279555e+08  2.125074e+08  2.046700e+08
3.428058e+04  1.892799e+08  0.000000e+00  0.000000e+00  1.702302e+09  0.000000e+00  0.000000e+00  2.472868e+08  2.276542e+08  2.122199e+08  2.043900e+08
3.431583e+04  1.890652e+08  0.000000e+00  0.000000e+00  1.700372e+09  0.000000e+00  0.000000e+00  2.469714e+08  2.273530e+08  2.119315e+08  2.041096e+08
3.435113e+04  1.888505e+08  0.000000e+00  0.000000e+00  1.698440e+09  0.000000e+00  0.000000e+00  2.466562e+08  2.270510e+08  2.116440e+08  2.038299e+08
3.438645e+04  1.886154e+08  0.000000e+00  0.000000e+00  1.696326e+09  0.000000e+00  0.000000e+00  2.463417e+08  2.267500e+08  2.113567e+08  2.035493e+08
3.442182e+04  1.883804e+08  0.000000e+00  0.000000e+00  1.694213e+09  0.000000e+00  0.000000e+00  2.460262e+08  2.264484e+08  2.110690e+08  2.032692e+08
3.445722e+04  1.881658e+08  0.000000e+00  0.000000e+00  1.692282e+09  0.000000e+00  0.000000e+00  2.457106e+08  2.261478e+08  2.107814e+08  2.029900e+08
3.449266e+04  1.879511e+08  0.000000e+00  0.000000e+00  1.690352e+09  0.000000e+00  0.000000e+00  2.453959e+08  2.258462e+08  2.104944e+08  2.027094e+08
3.452813e+04  1.877162e+08  0.000000e+00  0.000000e+00  1.688240e+09  0.000000e+00  0.000000e+00  2.450806e+08  2.255448e+08  2.102072e+08  2.024300e+08
3.456365e+04  1.875016e+08  0.000000e+00  0.000000e+00  1.686309e+09  0.000000e+00  0.000000e+00  2.447659e+08  2.252446e+08  2.099200e+08  2.021501e+08
3.459919e+04  1.872869e+08  0.000000e+00  0.000000e+00  1.684379e+09  0.000000e+00  0.000000e+00  2.444505e+08  2.249427e+08  2.096336e+08  2.018705e+08
3.463478e+04  1.870522e+08  0.000000e+00  0.000000e+00  1.682268e+09  0.000000e+00  0.000000e+00  2.441355e+08  2.246423e+08  2.093464e+08  2.015905e+08
3.467040e+04  1.868174e+08  0.000000e+00  0.000000e+00  1.680156e+09  0.000000e+00  0.000000e+00  2.438209e+08  2.243409e+08  2.090582e+08  2.013112e+08
3.470606e+04  1.866022e+08  0.000000e+00  0.000000e+00  1.678221e+09  0.000000e+00  0.000000e+00  2.435061e+08  2.240400e+08  2.087712e+08  2.010317e+08
3.474175e+04  1.863867e+08  0.000000e+00  0.000000e+00  1.676283e+09  0.000000e+00  0.000000e+00  2.431919e+08  2.237392e+08  2.084853e+08  2.007516e+08
3.477748e+04  1.861713e+08  0.000000e+00  0.000000e+00  1.674345e+09  0.000000e+00  0.000000e+00  2.428770e+08  2.234378e+08  2.081979e+08  2.004724e+08
3.481325e+04  1.859359e+08  0.000000e+00  0.000000e+00  1.672228e+09  0.000000e+00  0.000000e+00  2.425624e+08  2.231379e+08  2.079115e+08  2.001924e+08
3.484905e+04  1.857007e+08  0.000000e+00  0.000000e+00  1.670113e+09  0.000000e+00  0.000000e+00  2.422476e+08  2.228369e+08  2.076240e+08  1.999131e+08
3.488489e+04  1.855050e+08  0.000000e+00  0.000000e+00  1.668353e+09  0.000000e+00  0.000000e+00  2.419332e+08  2.225357e+08  2.073370e+08  1.996339e+08
3.492077e+04  1.852699e+08  0.000000e+00  0.000000e+00  1.666238e+09  0.000000e+00  0.000000e+00  2.416191e+08  2.222356e+08  2.070510e+08  1.993542e+08
3.495669e+04  1.850349e+08  0.000000e+00  0.000000e+00  1.664125e+09  0.000000e+00  0.000000e+00  2.413049e+08  2.219352e+08  2.067637e+08  1.990750e+08
3.499264e+04  1.848392e+08  0.000000e+00  0.000000e+00  1.662364e+09  0.000000e+00  0.000000e+00  2.409903e+08  2.216348e+08  2.064766e+08  1.987965e+08
3.502863e+04  1.846042e+08  0.000000e+00  0.000000e+00  1.660251e+09  0.000000e+00  0.000000e+00  2.406769e+08  2.213333e+08  2.061900e+08  1.985171e+08
3.506465e+04  1.843889e+08  0.000000e+00  0.000000e+00  1.658315e+09  0.000000e+00  0.000000e+00  2.403619e+08  2.210331e+08  2.059034e+08  1.982377e+08
3.510072e+04  1.841541e+08  0.000000e+00  0.000000e+00  1.656203e+09  0.000000e+00  0.000000e+00  2.400479e+08  2.207324e+08  2.056176e+08  1.979588e+08
3.513682e+04  1.839582e+08  0.000000e+00  0.000000e+00  1.654442e+09  0.000000e+00  0.000000e+00  2.397338e+08  2.204329e+08  2.053309e+08  1.976799e+08
3.517295e+04  1.837235e+08  0.000000e+00  0.000000e+00  1.652331e+09  0.000000e+00  0.000000e+00  2.394207e+08  2.201327e+08  2.050444e+08  1.974011e+08
3.520913e+04  1.834890e+08  0.000000e+00  0.000000e+00  1.650221e+09  0.000000e+00  0.000000e+00  2.391061e+08  2.198325e+08  2.047582e+08  1.971225e+08
3.524534e+04  1.832931e+08  0.000000e+00  0.000000e+00  1.648460e+09  0.000000e+00  0.000000e+00  2.387925e+08  2.195317e+08  2.044712e+08  1.968433e+08
3.528159e+04  1.830586e+08  0.000000e+00  0.000000e+00  1.646351e+09  0.000000e+00  0.000000e+00  2.384789e+08  2.192321e+08  2.041852e+08  1.965649e+08
3.531787e+04  1.828434e+08  0.000000e+00  0.000000e+00  1.644416e+09  0.000000e+00  0.000000e+00  2.381658e+08  2.189316e+08  2.038994e+08  1.962858e+08
3.535420e+04  1.826282e+08  0.000000e+00  0.000000e+00  1.642480e+09  0.000000e+00  0.000000e+00  2.378519e+08  2.186320e+08  2.036137e+08  1.960072e+08
3.539056e+04  1.824131e+08  0.000000e+00  0.000000e+00  1.640545e+09  0.000000e+00  0.000000e+00  2.375380e+08  2.183324e+08  2.033274e+08  1.957289e+08
3.542696e+04  1.821789e+08  0.000000e+00  0.000000e+00  1.638439e+09  0.000000e+00  0.000000e+00  2.372252e+08  2.180321e+08  2.030417e+08  1.954503e+08
3.546339e+04  1.819638e+08  0.000000e+00  0.000000e+00  1.636505e+09  0.000000e+00  0.000000e+00  2.369118e+08  2.177322e+08  2.027559e+08  1.951721e+08
3.549986e+04  1.817488e+08  0.000000e+00  0.000000e+00  1.634571e+09  0.000000e+00  0.000000e+00  2.365986e+08  2.174329e+08  2.024703e+08  1.948938e+08
3.553637e+04  1.815337e+08  0.000000e+00  0.000000e+00  1.632637e+09  0.000000e+00  0.000000e+00  2.362850e+08  2.171334e+08  2.021840e+08  1.946152e+08
3.557292e+04  1.813187e+08  0.000000e+00  0.000000e+00  1.630703e+09  0.000000e+00  0.000000e+00  2.359723e+08  2.168330e+08  2.018985e+08  1.943376e+08
3.560951e+04  1.811037e+08  0.000000e+00  0.000000e+00  1.628769e+09  0.000000e+00  0.000000e+00  2.356592e+08  2.165334e+08  2.016132e+08  1.940594e+08
3.564613e+04  1.808699e+08  0.000000e+00  0.000000e+00  1.626667e+09  0.000000e+00  0.000000e+00  2.353468e+08  2.162340e+08  2.013278e+08  1.937813e+08
3.568279e+04  1.806738e+08  0.000000e+00  0.000000e+00  1.624903e+09  0.000000e+00  0.000000e+00  2.350335e+08  2.159351e+08  2.010412e+08  1.935034e+08
3.571949e+04  1.804401e+08  0.000000e+00  0.000000e+00  1.622801e+09  0.000000e+00  0.000000e+00  2.347205e+08  2.156352e+08  2.007560e+08  1.932258e+08
3.575623e+04  1.802252e+08  0.000000e+00  0.000000e+00  1.620869e+09  0.000000e+00  0.000000e+00  2.344082e+08  2.153364e+08  2.004705e+08  1.929476e+08
3.579300e+04  1.800104e+08  0.000000e+00  0.000000e+00  1.618937e+09  0.000000e+00  0.000000e+00  2.340962e+08  2.150377e+08  2.001864e+08  1.926701e+08
3.582981e+04  1.797956e+08  0.000000e+00  0.000000e+00  1.617005e+09  0.000000e+00  0.000000e+00  2.337836e+08  2.147381e+08  1.999009e+08  1.923925e+08
3.586666e+04  1.795808e+08  0.000000e+00  0.000000e+00  1.615073e+09  0.000000e+00  0.000000e+00  2.334712e+08  2.144392e+08  1.996162e+08  1.921150e+08
3.590355e+04  1.793660e+08  0.000000e+00  0.000000e+00  1.613141e+09  0.000000e+00  0.000000e+00  2.331584e+08  2.141402e+08  1.993309e+08  1.918373e+08
3.594048e+04  1.791513e+08  0.000000e+00  0.000000e+00  1.611210e+09  0.000000e+00  0.000000e+00  2.328466e+08  2.138415e+08  1.990454e+08  1.915601e+08
3.597744e+04  1.789181e+08  0.000000e+00  0.000000e+00  1.609113e+09  0.000000e+00  0.000000e+00  2.325346e+08  2.135431e+08  1.987603e+08  1.912830e+08
3.601444e+04  1.787219e+08  0.000000e+00  0.000000e+00  1.607349e+09  0.000000e+00  0.000000e+00  2.322222e+08  2.132447e+08  1.984760e+08  1.910052e+08
3.605148e+04  1.785073e+08  0.000000e+00  0.000000e+00  1.605418e+09  0.000000e+00  0.000000e+00  2.319107e+08  2.129451e+08  1.981906e+08  1.907281e+08
3.608856e+04  1.782926e+08  0.000000e+00  0.000000e+00  1.603488e+09  0.000000e+00  0.000000e+00  2.315991e+08  2.126468e+08  1.979067e+08  1.904510e+08
3.612568e+04  1.780598e+08  0.000000e+00  0.000000e+00  1.601394e+09  0.000000e+00  0.000000e+00  2.312875e+08  2.123484e+08  1.976221e+08  1.901740e+08
3.616283e+04  1.778635e+08  0.000000e+00  0.000000e+00  1.599628e+09  0.000000e+00  0.000000e+00  2.309755e+08  2.120497e+08  1.973379e+08  1.898970e+08
3.620002e+04  1.776490e+08  0.000000e+00  0.000000e+00  1.597699e+09  0.000000e+00  0.000000e+00  2.306642e+08  2.117524e+08  1.970530e+08  1.896205e+08
3.623725e+04  1.774345e+08  0.000000e+00  0.000000e+00  1.595770e+09  0.000000e+00  0.000000e+00  2.303521e+08  2.114540e+08  1.967697e+08  1.893441e+08
3.627452e+04  1.772019e+08  0.000000e+00  0.000000e+00  1.593678e+09  0.000000e+00  0.000000e+00  2.300408e+08  2.111556e+08  1.964846e+08  1.890673e+08
3.631183e+04  1.770054e+08  0.000000e+00  0.000000e+00  1.591911e+09  0.000000e+00  0.000000e+00  2.297295e+08  2.108582e+08  1.962014e+08  1.887908e+08
3.634917e+04  1.767903e+08  0.000000e+00  0.000000e+00  1.589976e+09  0.000000e+00  0.000000e+00  2.294186e+08  2.105603e+08  1.959171e+08  1.885139e+08
3.638656e+04  1.765750e+08  0.000000e+00  0.000000e+00  1.588040e+09  0.000000e+00  0.000000e+00  2.291074e+08  2.102623e+08  1.956327e+08  1.882378e+08
3.642398e+04  1.763598e+08  0.000000e+00  0.000000e+00  1.586105e+09  0.000000e+00  0.000000e+00  2.287965e+08  2.099647e+08  1.953493e+08  1.879615e+08
3.646144e+04  1.761625e+08  0.000000e+00  0.000000e+00  1.584331e+09  0.000000e+00  0.000000e+00  2.284855e+08  2.096663e+08  1.950648e+08  1.876854e+08
3.649894e+04  1.759295e+08  0.000000e+00  0.000000e+00  1.582235e+09  0.000000e+00  0.000000e+00  2.281746e+08  2.093688e+08  1.947819e+08  1.874090e+08
3.653648e+04  1.757144e+08  0.000000e+00  0.000000e+00  1.580300e+09  0.000000e+00  0.000000e+00  2.278647e+08  2.090722e+08  1.944974e+08  1.871332e+08
3.657406e+04  1.755172e+08  0.000000e+00  0.000000e+00  1.578527e+09  0.000000e+00  0.000000e+00  2.275545e+08  2.087742e+08  1.942141e+08  1.868571e+08
3.661167e+04  1.753021e+08  0.000000e+00  0.000000e+00  1.576592e+09  0.000000e+00  0.000000e+00  2.272432e+08  2.084769e+08  1.939316e+08  1.865819e+08
3.664932e+04  1.750694e+08  0.000000e+00  0.000000e+00  1.574499e+09  0.000000e+00  0.000000e+00  2.269332e+08  2.081797e+08  1.936485e+08  1.863061e+08
3.668702e+04  1.748722e+08  0.000000e+00  0.000000e+00  1.572726e+09  0.000000e+00  0.000000e+00  2.266223e+08  2.078831e+08  1.933648e+08  1.860302e+08
3.672475e+04  1.746749e+08  0.000000e+00  0.000000e+00  1.570952e+09  0.000000e+00  0.000000e+00  2.263123e+08  2.075862e+08  1.930818e+08  1.857545e+08
3.676252e+04  1.744424e+08  0.000000e+00  0.000000e+00  1.568860e+09  0.000000e+00  0.000000e+00  2.260031e+08  2.072892e+08  1.927993e+08  1.854791e+08
3.680033e+04  1.742276e+08  0.000000e+00  0.000000e+00  1.566929e+09  0.000000e+00  0.000000e+00  2.256930e+08  2.069918e+08  1.925153e+08  1.852041e+08
3.683818e+04  1.740304e+08  0.000000e+00  0.000000e+00  1.565155e+09  0.000000e+00  0.000000e+00  2.253828e+08  2.066961e+08  1.922334e+08  1.849290e+08
3.687606e+04  1.738156e+08  0.000000e+00  0.000000e+00  1.563224e+09  0.000000e+00  0.000000e+00  2.250733e+08  2.063994e+08  1.919508e+08  1.846540e+08
3.691399e+04  1.736009e+08  0.000000e+00  0.000000e+00  1.561293e+09  0.000000e+00  0.000000e+00  2.247640e+08  2.061029e+08  1.916680e+08  1.843790e+08
3.695195e+04  1.734037e+08  0.000000e+00  0.000000e+00  1.559519e+09  0.000000e+00  0.000000e+00  2.244543e+08  2.058059e+08  1.913850e+08  1.841040e+08
3.698996e+04  1.731717e+08  0.000000e+00  0.000000e+00  1.557432e+09  0.000000e+00  0.000000e+00  2.241450e+08  2.055097e+08  1.911031e+08  1.838288e+08
3.702800e+04  1.729745e+08  0.000000e+00  0.000000e+00  1.555658e+09  0.000000e+00  0.000000e+00  2.238354e+08  2.052130e+08  1.908213e+08  1.835542e+08
3.706608e+04  1.727600e+08  0.000000e+00  0.000000e+00  1.553729e+09  0.000000e+00  0.000000e+00  2.235263e+08  2.049170e+08  1.905386e+08  1.832794e+08
3.710420e+04  1.725627e+08  0.000000e+00  0.000000e+00  1.551955e+09  0.000000e+00  0.000000e+00  2.232171e+08  2.046215e+08  1.902563e+08  1.830053e+08
3.714236e+04  1.723310e+08  0.000000e+00  0.000000e+00  1.549871e+09  0.000000e+00  0.000000e+00  2.229084e+08  2.043252e+08  1.899749e+08  1.827310e+08
3.718056e+04  1.721338e+08  0.000000e+00  0.000000e+00  1.548098e+09  0.000000e+00  0.000000e+00  2.225998e+08  2.040294e+08  1.896925e+08  1.824567e+08
3.721880e+04  1.719366e+08  0.000000e+00  0.000000e+00  1.546325e+09  0.000000e+00  0.000000e+00  2.222909e+08  2.037345e+08  1.894117e+08  1.821825e+08
3.725708e+04  1.717052e+08  0.000000e+00  0.000000e+00  1.544243e+09  0.000000e+00  0.000000e+00  2.219823e+08  2.034391e+08  1.891291e+08  1.819087e+08
3.729540e+04  1.715080e+08  0.000000e+00  0.000000e+00  1.542470e+09  0.000000e+00  0.000000e+00  2.216736e+08  2.031437e+08  1.888478e+08  1.816344e+08
3.733376e+04  1.712938e+08  0.000000e+00  0.000000e+00  1.540543e+09  0.000000e+00  0.000000e+00  2.213654e+08  2.028484e+08  1.885661e+08  1.813610e+08
3.737215e+04  1.710966e+08  0.000000e+00  0.000000e+00  1.538770e+09  0.000000e+00  0.000000e+00  2.210567e+08  2.025522e+08  1.882859e+08  1.810872e+08
3.741059e+04  1.708825e+08  0.000000e+00  0.000000e+00  1.536844e+09  0.000000e+00  0.000000e+00  2.207486e+08  2.022578e+08  1.880037e+08  1.808139e+08
3.744906e+04  1.706684e+08  0.000000e+00  0.000000e+00  1.534919e+09  0.000000e+00  0.000000e+00  2.204411e+08  2.019624e+08  1.877223e+08  1.805403e+08
3.748758e+04  1.704713e+08  0.000000e+00  0.000000e+00  1.533146e+09  0.000000e+00  0.000000e+00  2.201339e+08  2.016678e+08  1.874409e+08  1.802665e+08
3.752613e+04  1.702573e+08  0.000000e+00  0.000000e+00  1.531221e+09  0.000000e+00  0.000000e+00  2.198272e+08  2.013740e+08  1.871614e+08  1.799923e+08
3.756473e+04  1.700602e+08  0.000000e+00  0.000000e+00  1.529448e+09  0.000000e+00  0.000000e+00  2.195202e+08  2.010794e+08  1.868812e+08  1.797196e+08
3.760291e+04  1.698447e+08  0.000000e+00  0.000000e+00  1.527511e+09  0.000000e+00  0.000000e+00  2.192159e+08  2.007887e+08  1.866043e+08  1.794524e+08
3.764069e+04  1.696437e+08  0.000000e+00  0.000000e+00  1.525703e+09  0.000000e+00  0.000000e+00  2.189167e+08  2.005011e+08  1.863299e+08  1.791855e+08
3.767850e+04  1.694428e+08  0.000000e+00  0.000000e+00  1.523896e+09  0.000000e+00  0.000000e+00  2.186158e+08  2.002143e+08  1.860565e+08  1.789182e+08
3.771635e+04  1.692418e+08  0.000000e+00  0.000000e+00  1.522089e+09  0.000000e+00  0.000000e+00  2.183153e+08  1.999259e+08  1.857826e+08  1.786514e+08
3.775424e+04  1.690410e+08  0.000000e+00  0.000000e+00  1.520282e+09  0.000000e+00  0.000000e+00  2.180154e+08  1.996381e+08  1.855082e+08  1.783848e+08
3.779216e+04  1.688401e+08  0.000000e+00  0.000000e+00  1.518476e+09  0.000000e+00  0.000000e+00  2.177159e+08  1.993517e+08  1.852344e+08  1.781187e+08
3.783012e+04  1.686393e+08  0.000000e+00  0.000000e+00  1.516669e+09  0.000000e+00  0.000000e+00  2.174164e+08  1.990641e+08  1.849610e+08  1.778526e+08
3.786813e+04  1.684384e+08  0.000000e+00  0.000000e+00  1.514863e+09  0.000000e+00  0.000000e+00  2.171167e+08  1.987775e+08  1.846883e+08  1.775873e+08
3.790617e+04  1.682377e+08  0.000000e+00  0.000000e+00  1.513058e+09  0.000000e+00  0.000000e+00  2.168177e+08  1.984902e+08  1.844149e+08  1.773208e+08
3.794424e+04  1.680369e+08  0.000000e+00  0.000000e+00  1.511252e+09  0.000000e+00  0.000000e+00  2.165177e+08  1.982041e+08  1.841414e+08  1.770552e+08
3.798236e+04  1.678362e+08  0.000000e+00  0.000000e+00  1.509447e+09  0.000000e+00  0.000000e+00  2.162186e+08  1.979175e+08  1.838684e+08  1.767897e+08
3.802052e+04  1.676353e+08  0.000000e+00  0.000000e+00  1.507640e+09  0.000000e+00  0.000000e+00  2.159196e+08  1.976309e+08  1.835962e+08  1.765249e+08
3.805871e+04  1.674340e+08  0.000000e+00  0.000000e+00  1.505830e+09  0.000000e+00  0.000000e+00  2.156217e+08  1.973452e+08  1.833229e+08  1.762594e+08
3.809694e+04  1.672325e+08  0.000000e+00  0.000000e+00  1.504018e+09  0.000000e+00  0.000000e+00  2.153232e+08  1.970583e+08  1.830508e+08  1.759943e+08
3.813521e+04  1.670310e+08  0.000000e+00  0.000000e+00  1.502206e+09  0.000000e+00  0.000000e+00  2.150241e+08  1.967729e+08  1.827785e+08  1.757295e+08
3.817352e+04  1.668462e+08  0.000000e+00  0.000000e+00  1.500544e+09  0.000000e+00  0.000000e+00  2.147256e+08  1.964867e+08  1.825057e+08  1.754642e+08
3.821187e+04  1.666283e+08  0.000000e+00  0.000000e+00  1.498584e+09  0.000000e+00  0.000000e+00  2.144279e+08  1.962012e+08  1.822335e+08  1.751995e+08
3.825025e+04  1.664270e+08  0.000000e+00  0.000000e+00  1.496773e+09  0.000000e+00  0.000000e+00  2.141293e+08  1.959157e+08  1.819612e+08  1.749347e+08
3.828867e+04  1.662422e+08  0.000000e+00  0.000000e+00  1.495111e+09  0.000000e+00  0.000000e+00  2.138317e+08  1.956300e+08  1.816893e+08  1.746698e+08
3.832714e+04  1.660409e+08  0.000000e+00  0.000000e+00  1.493300e+09  0.000000e+00  0.000000e+00  2.135336e+08  1.953449e+08  1.814176e+08  1.744061e+08
3.836564e+04  1.658396e+08  0.000000e+00  0.000000e+00  1.491490e+09  0.000000e+00  0.000000e+00  2.132356e+08  1.950595e+08  1.811457e+08  1.741414e+08
3.840418e+04  1.656384e+08  0.000000e+00  0.000000e+00  1.489681e+09  0.000000e+00  0.000000e+00  2.129385e+08  1.947747e+08  1.808743e+08  1.738777e+08
3.844276e+04  1.654372e+08  0.000000e+00  0.000000e+00  1.487872e+09  0.000000e+00  0.000000e+00  2.126408e+08  1.944896e+08  1.806026e+08  1.736137e+08
3.848137e+04  1.652361e+08  0.000000e+00  0.000000e+00  1.486063e+09  0.000000e+00  0.000000e+00  2.123438e+08  1.942039e+08  1.803314e+08  1.733494e+08
3.852003e+04  1.650513e+08  0.000000e+00  0.000000e+00  1.484401e+09  0.000000e+00  0.000000e+00  2.120464e+08  1.939200e+08  1.800602e+08  1.730857e+08
3.855872e+04  1.648502e+08  0.000000e+00  0.000000e+00  1.482593e+09  0.000000e+00  0.000000e+00  2.117490e+08  1.936356e+08  1.797893e+08  1.728221e+08
3.859746e+04  1.646330e+08  0.000000e+00  0.000000e+00  1.480639e+09  0.000000e+00  0.000000e+00  2.114528e+08  1.933511e+08  1.795179e+08  1.725588e+08
3.863623e+04  1.644645e+08  0.000000e+00  0.000000e+00  1.479123e+09  0.000000e+00  0.000000e+00  2.111560e+08  1.930664e+08  1.792474e+08  1.722953e+08
3.867504e+04  1.642473e+08  0.000000e+00  0.000000e+00  1.477170e+09  0.000000e+00  0.000000e+00  2.108593e+08  1.927822e+08  1.789766e+08  1.720319e+08
3.871389e+04  1.640465e+08  0.000000e+00  0.000000e+00  1.475364e+09  0.000000e+00  0.000000e+00  2.105626e+08  1.924984e+08  1.787062e+08  1.717690e+08
3.875278e+04  1.638617e+08  0.000000e+00  0.000000e+00  1.473702e+09  0.000000e+00  0.000000e+00  2.102662e+08  1.922139e+08  1.784355e+08  1.715057e+08
3.879171e+04  1.636609e+08  0.000000e+00  0.000000e+00  1.471896e+09  0.000000e+00  0.000000e+00  2.099705e+08  1.919306e+08  1.781653e+08  1.712429e+08
3.883068e+04  1.634761e+08  0.000000e+00  0.000000e+00  1.470235e+09  0.000000e+00  0.000000e+00  2.096737e+08  1.916463e+08  1.778950e+08  1.709804e+08
3.886969e+04  1.632594e+08  0.000000e+00  0.000000e+00  1.468285e+09  0.000000e+00  0.000000e+00  2.093782e+08  1.913632e+08  1.776252e+08  1.707177e+08
3.890873e+04  1.630747e+08  0.000000e+00  0.000000e+00  1.466624e+09  0.000000e+00  0.000000e+00  2.090822e+08  1.910802e+08  1.773552e+08  1.704548e+08
3.894782e+04  1.628741e+08  0.000000e+00  0.000000e+00  1.464820e+09  0.000000e+00  0.000000e+00  2.087869e+08  1.907969e+08  1.770855e+08  1.701925e+08
3.898694e+04  1.626893e+08  0.000000e+00  0.000000e+00  1.463158e+09  0.000000e+00  0.000000e+00  2.084910e+08  1.905130e+08  1.768159e+08  1.699304e+08
3.902611e+04  1.624729e+08  0.000000e+00  0.000000e+00  1.461212e+09  0.000000e+00  0.000000e+00  2.081959e+08  1.902299e+08  1.765467e+08  1.696682e+08
3.906531e+04  1.622883e+08  0.000000e+00  0.000000e+00  1.459551e+09  0.000000e+00  0.000000e+00  2.079011e+08  1.899479e+08  1.762771e+08  1.694065e+08
3.910455e+04  1.621035e+08  0.000000e+00  0.000000e+00  1.457890e+09  0.000000e+00  0.000000e+00  2.076060e+08  1.896649e+08  1.760080e+08  1.691450e+08
3.914383e+04  1.618874e+08  0.000000e+00  0.000000e+00  1.455946e+09  0.000000e+00  0.000000e+00  2.073107e+08  1.893821e+08  1.757389e+08  1.688828e+08
3.918315e+04  1.617184e+08  0.000000e+00  0.000000e+00  1.454426e+09  0.000000e+00  0.000000e+00  2.070159e+08  1.890996e+08  1.754701e+08  1.686215e+08
3.922252e+04  1.615024e+08  0.000000e+00  0.000000e+00  1.452483e+09  0.000000e+00  0.000000e+00  2.067215e+08  1.888174e+08  1.752013e+08  1.683599e+08
3.926192e+04  1.613177e+08  0.000000e+00  0.000000e+00  1.450823e+09  0.000000e+00  0.000000e+00  2.064273e+08  1.885359e+08  1.749325e+08  1.680992e+08
3.930136e+04  1.611175e+08  0.000000e+00  0.000000e+00  1.449022e+09  0.000000e+00  0.000000e+00  2.061329e+08  1.882537e+08  1.746642e+08  1.678377e+08
3.934084e+04  1.609173e+08  0.000000e+00  0.000000e+00  1.447221e+09  0.000000e+00  0.000000e+00  2.058390e+08  1.879717e+08  1.743957e+08  1.675767e+08
3.938036e+04  1.607327e+08  0.000000e+00  0.000000e+00  1.445561e+09  0.000000e+00  0.000000e+00  2.055442e+08  1.876902e+08  1.741276e+08  1.673164e+08
3.941991e+04  1.605481e+08  0.000000e+00  0.000000e+00  1.443901e+09  0.000000e+00  0.000000e+00  2.052512e+08  1.874087e+08  1.738595e+08  1.670559e+08
3.945951e+04  1.603480e+08  0.000000e+00  0.000000e+00  1.442101e+09  0.000000e+00  0.000000e+00  2.049571e+08  1.871275e+08  1.735918e+08  1.667954e+08
3.949915e+04  1.601480e+08  0.000000e+00  0.000000e+00  1.440302e+09  0.000000e+00  0.000000e+00  2.046639e+08  1.868462e+08  1.733241e+08  1.665347e+08
3.953883e+04  1.599634e+08  0.000000e+00  0.000000e+00  1.438642e+09  0.000000e+00  0.000000e+00  2.043699e+08  1.865648e+08  1.730562e+08  1.662748e+08
3.957855e+04  1.597635e+08  0.000000e+00  0.000000e+00  1.436844e+09  0.000000e+00  0.000000e+00  2.040770e+08  1.862840e+08  1.727891e+08  1.660146e+08
3.961831e+04  1.595636e+08  0.000000e+00  0.000000e+00  1.435047e+09  0.000000e+00  0.000000e+00  2.037840e+08  1.860032e+08  1.725218e+08  1.657549e+08
3.965811e+04  1.593791e+08  0.000000e+00  0.000000e+00  1.433387e+09  0.000000e+00  0.000000e+00  2.034912e+08  1.857222e+08  1.722546e+08  1.654947e+08
3.969794e+04  1.591946e+08  0.000000e+00  0.000000e+00  1.431728e+09  0.000000e+00  0.000000e+00  2.031981e+08  1.854415e+08  1.719872e+08  1.652352e+08
3.973782e+04  1.589948e+08  0.000000e+00  0.000000e+00  1.429932e+09  0.000000e+00  0.000000e+00  2.029049e+08  1.851613e+08  1.717206e+08  1.649762e+08
3.977774e+04  1.588104e+08  0.000000e+00  0.000000e+00  1.428272e+09  0.000000e+00  0.000000e+00  2.026131e+08  1.848815e+08  1.714540e+08  1.647163e+08
3.981770e+04  1.586104e+08  0.000000e+00  0.000000e+00  1.426474e+09  0.000000e+00  0.000000e+00  2.023205e+08  1.846017e+08  1.711873e+08  1.644575e+08
3.985770e+04  1.584101e+08  0.000000e+00  0.000000e+00  1.424673e+09  0.000000e+00  0.000000e+00  2.020286e+08  1.843217e+08  1.709209e+08  1.641981e+08
3.989773e+04  1.582248e+08  0.000000e+00  0.000000e+00  1.423007e+09  0.000000e+00  0.000000e+00  2.017361e+08  1.840419e+08  1.706546e+08  1.639398e+08
3.993781e+04  1.580395e+08  0.000000e+00  0.000000e+00  1.421340e+09  0.000000e+00  0.000000e+00  2.014440e+08  1.837615e+08  1.703884e+08  1.636806e+08
3.997793e+04  1.578392e+08  0.000000e+00  0.000000e+00  1.419538e+09  0.000000e+00  0.000000e+00  2.011528e+08  1.834828e+08  1.701225e+08  1.634225e+08
4.001809e+04  1.576539e+08  0.000000e+00  0.000000e+00  1.417872e+09  0.000000e+00  0.000000e+00  2.008616e+08  1.832031e+08  1.698570e+08  1.631637e+08
4.005829e+04  1.574687e+08  0.000000e+00  0.000000e+00  1.416206e+09  0.000000e+00  0.000000e+00  2.005701e+08  1.829240e+08  1.695911e+08  1.629060e+08
4.009853e+04  1.572685e+08  0.000000e+00  0.000000e+00  1.414406e+09  0.000000e+00  0.000000e+00  2.002788e+08  1.826452e+08  1.693256e+08  1.626473e+08
4.013881e+04  1.570684e+08  0.000000e+00  0.000000e+00  1.412606e+09  0.000000e+00  0.000000e+00  1.999876e+08  1.823662e+08  1.690602e+08  1.623895e+08
4.017913e+04  1.568833e+08  0.000000e+00  0.000000e+00  1.410941e+09  0.000000e+00  0.000000e+00  1.996967e+08  1.820881e+08  1.687952e+08  1.621316e+08
4.021949e+04  1.566981e+08  0.000000e+00  0.000000e+00  1.409276e+09  0.000000e+00  0.000000e+00  1.994058e+08  1.818089e+08  1.685302e+08  1.618740e+08
4.025990e+04  1.565130e+08  0.000000e+00  0.000000e+00  1.407611e+09  0.000000e+00  0.000000e+00  1.991157e+08  1.815311e+08  1.682655e+08  1.616170e+08
4.030034e+04  1.563131e+08  0.000000e+00  0.000000e+00  1.405813e+09  0.000000e+00  0.000000e+00  1.988247e+08  1.812532e+08  1.680006e+08  1.613597e+08
4.034082e+04  1.561280e+08  0.000000e+00  0.000000e+00  1.404148e+09  0.000000e+00  0.000000e+00  1.985350e+08  1.809743e+08  1.677360e+08  1.611028e+08
4.038135e+04  1.559282e+08  0.000000e+00  0.000000e+00  1.402352e+09  0.000000e+00  0.000000e+00  1.982447e+08  1.806964e+08  1.674718e+08  1.608460e+08
4.042191e+04  1.557432e+08  0.000000e+00  0.000000e+00  1.400687e+09  0.000000e+00  0.000000e+00  1.979546e+08  1.804189e+08  1.672077e+08  1.605886e+08
4.046252e+04  1.555581e+08  0.000000e+00  0.000000e+00  1.399023e+09  0.000000e+00  0.000000e+00  1.976645e+08  1.801413e+08  1.669437e+08  1.603326e+08
4.050316e+04  1.553585e+08  0.000000e+00  0.000000e+00  1.397228e+09  0.000000e+00  0.000000e+00  1.973755e+08  1.798646e+08  1.666799e+08  1.600759e+08
4.054385e+04  1.551881e+08  0.000000e+00  0.000000e+00  1.395695e+09  0.000000e+00  0.000000e+00  1.970857e+08  1.795867e+08  1.664161e+08  1.598193e+08
4.058458e+04  1.549741e+08  0.000000e+00  0.000000e+00  1.393771e+09  0.000000e+00  0.000000e+00  1.967963e+08  1.793102e+08  1.661524e+08  1.595636e+08
4.062535e+04  1.548037e+08  0.000000e+00  0.000000e+00  1.392238e+09  0.000000e+00  0.000000e+00  1.965070e+08  1.790330e+08  1.658894e+08  1.593072e+08
4.066616e+04  1.546187e+08  0.000000e+00  0.000000e+00  1.390575e+09  0.000000e+00  0.000000e+00  1.962185e+08  1.787566e+08  1.656261e+08  1.590516e+08
4.070701e+04  1.544194e+08  0.000000e+00  0.000000e+00  1.388782e+09  0.000000e+00  0.000000e+00  1.959299e+08  1.784796e+08  1.653631e+08  1.587964e+08
4.074790e+04  1.542345e+08  0.000000e+00  0.000000e+00  1.387120e+09  0.000000e+00  0.000000e+00  1.956413e+08  1.782042e+08  1.651002e+08  1.585411e+08
4.078883e+04  1.540354e+08  0.000000e+00  0.000000e+00  1.385328e+09  0.000000e+00  0.000000e+00  1.953522e+08  1.779272e+08  1.648374e+08  1.582853e+08
4.082981e+04  1.538649e+08  0.000000e+00  0.000000e+00  1.383795e+09  0.000000e+00  0.000000e+00  1.950641e+08  1.776513e+08  1.645752e+08  1.580305e+08
4.087082e+04  1.536658e+08  0.000000e+00  0.000000e+00  1.382004e+09  0.000000e+00  0.000000e+00  1.947765e+08  1.773754e+08  1.643128e+08  1.577755e+08
4.091188e+04  1.534811e+08  0.000000e+00  0.000000e+00  1.380343e+09  0.000000e+00  0.000000e+00  1.944879e+08  1.770999e+08  1.640507e+08  1.575207e+08
4.095297e+04  1.532963e+08  0.000000e+00  0.000000e+00  1.378682e+09  0.000000e+00  0.000000e+00  1.942003e+08  1.768245e+08  1.637887e+08  1.572660e+08
4.099411e+04  1.531116e+08  0.000000e+00  0.000000e+00  1.377020e+09  0.000000e+00  0.000000e+00  1.939132e+08  1.765492e+08  1.635270e+08  1.570117e+08
4.103529e+04  1.529128e+08  0.000000e+00  0.000000e+00  1.375232e+09  0.000000e+00  0.000000e+00  1.936255e+08  1.762738e+08  1.632651e+08  1.567574e+08
4.107651e+04  1.527423e+08  0.000000e+00  0.000000e+00  1.373699e+09  0.000000e+00  0.000000e+00  1.933384e+08  1.759992e+08  1.630040e+08  1.565034e+08
4.111778e+04  1.525435e+08  0.000000e+00  0.000000e+00  1.371911e+09  0.000000e+00  0.000000e+00  1.930512e+08  1.757243e+08  1.627427e+08  1.562497e+08
4.115908e+04  1.523590e+08  0.000000e+00  0.000000e+00  1.370251e+09  0.000000e+00  0.000000e+00  1.927641e+08  1.754501e+08  1.624816e+08  1.559965e+08
4.120043e+04  1.521744e+08  0.000000e+00  0.000000e+00  1.368592e+09  0.000000e+00  0.000000e+00  1.924776e+08  1.751752e+08  1.622204e+08  1.557430e+08
4.124182e+04  1.519899e+08  0.000000e+00  0.000000e+00  1.366932e+09  0.000000e+00  0.000000e+00  1.921909e+08  1.749011e+08  1.619599e+08  1.554892e+08
4.128324e+04  1.518054e+08  0.000000e+00  0.000000e+00  1.365273e+09  0.000000e+00  0.000000e+00  1.919043e+08  1.746266e+08  1.616994e+08  1.552361e+08
4.132472e+04  1.516070e+08  0.000000e+00  0.000000e+00  1.363489e+09  0.000000e+00  0.000000e+00  1.916182e+08  1.743536e+08  1.614392e+08  1.549833e+08
4.136623e+04  1.514365e+08  0.000000e+00  0.000000e+00  1.361955e+09  0.000000e+00  0.000000e+00  1.913319e+08  1.740791e+08  1.611791e+08  1.547307e+08
4.140778e+04  1.512521e+08  0.000000e+00  0.000000e+00  1.360297e+09  0.000000e+00  0.000000e+00  1.910462e+08  1.738056e+08  1.609190e+08  1.544782e+08
4.144938e+04  1.510539e+08  0.000000e+00  0.000000e+00  1.358514e+09  0.000000e+00  0.000000e+00  1.907605e+08  1.735325e+08  1.606594e+08  1.542262e+08
4.149101e+04  1.508834e+08  0.000000e+00  0.000000e+00  1.356980e+09  0.000000e+00  0.000000e+00  1.904751e+08  1.732595e+08  1.603997e+08  1.539736e+08
4.153269e+04  1.506852e+08  0.000000e+00  0.000000e+00  1.355199e+09  0.000000e+00  0.000000e+00  1.901895e+08  1.729862e+08  1.601402e+08  1.537217e+08
4.157441e+04  1.505147e+08  0.000000e+00  0.000000e+00  1.353665e+09  0.000000e+00  0.000000e+00  1.899045e+08  1.727142e+08  1.598811e+08  1.534702e+08
4.161618e+04  1.503167e+08  0.000000e+00  0.000000e+00  1.351885e+09  0.000000e+00  0.000000e+00  1.896194e+08  1.724410e+08  1.596222e+08  1.532186e+08
4.165798e+04  1.501462e+08  0.000000e+00  0.000000e+00  1.350351e+09  0.000000e+00  0.000000e+00  1.893349e+08  1.721689e+08  1.593633e+08  1.529673e+08
4.169983e+04  1.499481e+08  0.000000e+00  0.000000e+00  1.348569e+09  0.000000e+00  0.000000e+00  1.890502e+08  1.718969e+08  1.591049e+08  1.527163e+08
4.174172e+04  1.497631e+08  0.000000e+00  0.000000e+00  1.346906e+09  0.000000e+00  0.000000e+00  1.887662e+08  1.716245e+08  1.588463e+08  1.524649e+08
4.178365e+04  1.495918e+08  0.000000e+00  0.000000e+00  1.345365e+09  0.000000e+00  0.000000e+00  1.884818e+08  1.713526e+08  1.585881e+08  1.522144e+08
4.182562e+04  1.494068e+08  0.000000e+00  0.000000e+00  1.343701e+09  0.000000e+00  0.000000e+00  1.881969e+08  1.710816e+08  1.583305e+08  1.519636e+08
4.186764e+04  1.492084e+08  0.000000e+00  0.000000e+00  1.341916e+09  0.000000e+00  0.000000e+00  1.879134e+08  1.708103e+08  1.580723e+08  1.517136e+08
4.190970e+04  1.490370e+08  0.000000e+00  0.000000e+00  1.340375e+09  0.000000e+00  0.000000e+00  1.876297e+08  1.705387e+08  1.578147e+08  1.514635e+08
4.195180e+04  1.488522e+08  0.000000e+00  0.000000e+00  1.338713e+09  0.000000e+00  0.000000e+00  1.873466e+08  1.702675e+08  1.575577e+08  1.512138e+08
4.199394e+04  1.486674e+08  0.000000e+00  0.000000e+00  1.337051e+09  0.000000e+00  0.000000e+00  1.870625e+08  1.699967e+08  1.573004e+08  1.509640e+08
4.203612e+04  1.484826e+08  0.000000e+00  0.000000e+00  1.335389e+09  0.000000e+00  0.000000e+00  1.867795e+08  1.697266e+08  1.570433e+08  1.507145e+08
4.207835e+04  1.482979e+08  0.000000e+00  0.000000e+00  1.333728e+09  0.000000e+00  0.000000e+00  1.864966e+08  1.694554e+08  1.567864e+08  1.504647e+08
4.212062e+04  1.481132e+08  0.000000e+00  0.000000e+00  1.332067e+09  0.000000e+00  0.000000e+00  1.862140e+08  1.691856e+08  1.565298e+08  1.502155e+08
4.216293e+04  1.479286e+08  0.000000e+00  0.000000e+00  1.330406e+09  0.000000e+00  0.000000e+00  1.859313e+08  1.689154e+08  1.562737e+08  1.499672e+08
4.220529e+04  1.477573e+08  0.000000e+00  0.000000e+00  1.328866e+09  0.000000e+00  0.000000e+00  1.856490e+08  1.686461e+08  1.560175e+08  1.497180e+08
4.224768e+04  1.475594e+08  0.000000e+00  0.000000e+00  1.327086e+09  0.000000e+00  0.000000e+00  1.853668e+08  1.683759e+08  1.557613e+08  1.494701e+08
4.229012e+04  1.473881e+08  0.000000e+00  0.000000e+00  1.325546e+09  0.000000e+00  0.000000e+00  1.850849e+08  1.681068e+08  1.555056e+08  1.492214e+08
4.233260e+04  1.472037e+08  0.000000e+00  0.000000e+00  1.323887e+09  0.000000e+00  0.000000e+00  1.848029e+08  1.678373e+08  1.552500e+08  1.489733e+08
4.237513e+04  1.470192e+08  0.000000e+00  0.000000e+00  1.322228e+09  0.000000e+00  0.000000e+00  1.845214e+08  1.675682e+08  1.549949e+08  1.487253e+08
4.241770e+04  1.468480e+08  0.000000e+00  0.000000e+00  1.320688e+09  0.000000e+00  0.000000e+00  1.842399e+08  1.672996e+08  1.547397e+08  1.484778e+08
4.246031e+04  1.466505e+08  0.000000e+00  0.000000e+00  1.318912e+09  0.000000e+00  0.000000e+00  1.839583e+08  1.670313e+08  1.544848e+08  1.482306e+08
4.250296e+04  1.464792e+08  0.000000e+00  0.000000e+00  1.317372e+09  0.000000e+00  0.000000e+00  1.836778e+08  1.667632e+08  1.542303e+08  1.479837e+08
4.254566e+04  1.462950e+08  0.000000e+00  0.000000e+00  1.315714e+09  0.000000e+00  0.000000e+00  1.833970e+08  1.664946e+08  1.539754e+08  1.477365e+08
4.258839e+04  1.461237e+08  0.000000e+00  0.000000e+00  1.314174e+09  0.000000e+00  0.000000e+00  1.831164e+08  1.662270e+08  1.537212e+08  1.474901e+08
4.263118e+04  1.459265e+08  0.000000e+00  0.000000e+00  1.312401e+09  0.000000e+00  0.000000e+00  1.828358e+08  1.659581e+08  1.534673e+08  1.472431e+08
4.267400e+04  1.457553e+08  0.000000e+00  0.000000e+00  1.310861e+09  0.000000e+00  0.000000e+00  1.825550e+08  1.656916e+08  1.532135e+08  1.469972e+08
4.271687e+04  1.455712e+08  0.000000e+00  0.000000e+00  1.309206e+09  0.000000e+00  0.000000e+00  1.822757e+08  1.654237e+08  1.529595e+08  1.467505e+08
4.275978e+04  1.454001e+08  0.000000e+00  0.000000e+00  1.307666e+09  0.000000e+00  0.000000e+00  1.819952e+08  1.651572e+08  1.527061e+08  1.465051e+08
4.280273e+04  1.452031e+08  0.000000e+00  0.000000e+00  1.305895e+09  0.000000e+00  0.000000e+00  1.817156e+08  1.648900e+08  1.524530e+08  1.462595e+08
4.284573e+04  1.450320e+08  0.000000e+00  0.000000e+00  1.304356e+09  0.000000e+00  0.000000e+00  1.814361e+08  1.646233e+08  1.521998e+08  1.460139e+08
4.288877e+04  1.448609e+08  0.000000e+00  0.000000e+00  1.302817e+09  0.000000e+00  0.000000e+00  1.811568e+08  1.643569e+08  1.519472e+08  1.457683e+08
4.293185e+04  1.446770e+08  0.000000e+00  0.000000e+00  1.301163e+09  0.000000e+00  0.000000e+00  1.808780e+08  1.640903e+08  1.516945e+08  1.455238e+08
4.297498e+04  1.444931e+08  0.000000e+00  0.000000e+00  1.299510e+09  0.000000e+00  0.000000e+00  1.805997e+08  1.638245e+08  1.514421e+08  1.452787e+08
4.301815e+04  1.443093e+08  0.000000e+00  0.000000e+00  1.297856e+09  0.000000e+00  0.000000e+00  1.803209e+08  1.635580e+08  1.511900e+08  1.450340e+08
4.306136e+04  1.441383e+08  0.000000e+00  0.000000e+00  1.296318e+09  0.000000e+00  0.000000e+00  1.800422e+08  1.632928e+08  1.509378e+08  1.447899e+08
4.310462e+04  1.439546e+08  0.000000e+00  0.000000e+00  1.294666e+09  0.000000e+00  0.000000e+00  1.797638e+08  1.630270e+08  1.506863e+08  1.445460e+08
4.314792e+04  1.437836e+08  0.000000e+00  0.000000e+00  1.293128e+09  0.000000e+00  0.000000e+00  1.794862e+08  1.627618e+08  1.504347e+08  1.443022e+08
4.319126e+04  1.435999e+08  0.000000e+00  0.000000e+00  1.291476e+09  0.000000e+00  0.000000e+00  1.792080e+08  1.624969e+08  1.501831e+08  1.440583e+08
4.323465e+04  1.434163e+08  0.000000e+00  0.000000e+00  1.289825e+09  0.000000e+00  0.000000e+00  1.789312e+08  1.622326e+08  1.499323e+08  1.438144e+08
4.327808e+04  1.432454e+08  0.000000e+00  0.000000e+00  1.288288e+09  0.000000e+00  0.000000e+00  1.786539e+08  1.619672e+08  1.496810e+08  1.435717e+08
4.332156e+04  1.430619e+08  0.000000e+00  0.000000e+00  1.286638e+09  0.000000e+00  0.000000e+00  1.783767e+08  1.617030e+08  1.494305e+08  1.433282e+08
4.336507e+04  1.428910e+08  0.000000e+00  0.000000e+00  1.285101e+09  0.000000e+00  0.000000e+00  1.780998e+08  1.614387e+08  1.491799e+08  1.430857e+08
4.340864e+04  1.427076e+08  0.000000e+00  0.000000e+00  1.283451e+09  0.000000e+00  0.000000e+00  1.778231e+08  1.611750e+08  1.489297e+08  1.428427e+08
4.345224e+04  1.425367e+08  0.000000e+00  0.000000e+00  1.281914e+09  0.000000e+00  0.000000e+00  1.775458e+08  1.609106e+08  1.486796e+08  1.426004e+08
4.349589e+04  1.423534e+08  0.000000e+00  0.000000e+00  1.280266e+09  0.000000e+00  0.000000e+00  1.772697e+08  1.606475e+08  1.484296e+08  1.423586e+08
4.353959e+04  1.421826e+08  0.000000e+00  0.000000e+00  1.278729e+09  0.000000e+00  0.000000e+00  1.769941e+08  1.603837e+08  1.481801e+08  1.421165e+08
4.358332e+04  1.419994e+08  0.000000e+00  0.000000e+00  1.277082e+09  0.000000e+00  0.000000e+00  1.767179e+08  1.601207e+08  1.479308e+08  1.418749e+08
4.362710e+04  1.418286e+08  0.000000e+00  0.000000e+00  1.275546e+09  0.000000e+00  0.000000e+00  1.764425e+08  1.598584e+08  1.476813e+08  1.416334e+08
4.367093e+04  1.416451e+08  0.000000e+00  0.000000e+00  1.273895e+09  0.000000e+00  0.000000e+00  1.761672e+08  1.595949e+08  1.474323e+08  1.413918e+08
4.371480e+04  1.414735e+08  0.000000e+00  0.000000e+00  1.272352e+09  0.000000e+00  0.000000e+00  1.758917e+08  1.593327e+08  1.471835e+08  1.411505e+08
4.375871e+04  1.412896e+08  0.000000e+00  0.000000e+00  1.270698e+09  0.000000e+00  0.000000e+00  1.756163e+08  1.590702e+08  1.469350e+08  1.409097e+08
4.380267e+04  1.411180e+08  0.000000e+00  0.000000e+00  1.269155e+09  0.000000e+00  0.000000e+00  1.753419e+08  1.588084e+08  1.466864e+08  1.406688e+08
4.384667e+04  1.409465e+08  0.000000e+00  0.000000e+00  1.267612e+09  0.000000e+00  0.000000e+00  1.750670e+08  1.585464e+08  1.464384e+08  1.404286e+08
4.389072e+04  1.407627e+08  0.000000e+00  0.000000e+00  1.265960e+09  0.000000e+00  0.000000e+00  1.747932e+08  1.582846e+08  1.461905e+08  1.401884e+08
4.393481e+04  1.405791e+08  0.000000e+00  0.000000e+00  1.264308e+09  0.000000e+00  0.000000e+00  1.745184e+08  1.580228e+08  1.459426e+08  1.399484e+08
4.397894e+04  1.404198e+08  0.000000e+00  0.000000e+00  1.262875e+09  0.000000e+00  0.000000e+00  1.742445e+08  1.577618e+08  1.456950e+08  1.397085e+08
4.402312e+04  1.402362e+08  0.000000e+00  0.000000e+00  1.261224e+09  0.000000e+00  0.000000e+00  1.739711e+08  1.575005e+08  1.454480e+08  1.394688e+08
4.406734e+04  1.400527e+08  0.000000e+00  0.000000e+00  1.259574e+09  0.000000e+00  0.000000e+00  1.736973e+08  1.572395e+08  1.452007e+08  1.392295e+08
4.411161e+04  1.398933e+08  0.000000e+00  0.000000e+00  1.258141e+09  0.000000e+00  0.000000e+00  1.734245e+08  1.569786e+08  1.449539e+08  1.389899e+08
4.415592e+04  1.396979e+08  0.000000e+00  0.000000e+00  1.256383e+09  0.000000e+00  0.000000e+00  1.731512e+08  1.567190e+08  1.447071e+08  1.387511e+08
4.420028e+04  1.395386e+08  0.000000e+00  0.000000e+00  1.254950e+09  0.000000e+00  0.000000e+00  1.728781e+08  1.564584e+08  1.444608e+08  1.385124e+08
4.424468e+04  1.393553e+08  0.000000e+00  0.000000e+00  1.253302e+09  0.000000e+00  0.000000e+00  1.726052e+08  1.561985e+08  1.442142e+08  1.382736e+08
4.428912e+04  1.391840e+08  0.000000e+00  0.000000e+00  1.251761e+09  0.000000e+00  0.000000e+00  1.723326e+08  1.559387e+08  1.439682e+08  1.380351e+08
4.433361e+04  1.390127e+08  0.000000e+00  0.000000e+00  1.250221e+09  0.000000e+00  0.000000e+00  1.720603e+08  1.556786e+08  1.437223e+08  1.377965e+08
4.437815e+04  1.388296e+08  0.000000e+00  0.000000e+00  1.248574e+09  0.000000e+00  0.000000e+00  1.717888e+08  1.554195e+08  1.434768e+08  1.375588e+08
4.442273e+04  1.386584e+08  0.000000e+00  0.000000e+00  1.247034e+09  0.000000e+00  0.000000e+00  1.715171e+08  1.551603e+08  1.432314e+08  1.373210e+08
4.446735e+04  1.384872e+08  0.000000e+00  0.000000e+00  1.245495e+09  0.000000e+00  0.000000e+00  1.712449e+08  1.549009e+08  1.429862e+08  1.370834e+08
4.451202e+04  1.383160e+08  0.000000e+00  0.000000e+00  1.243955e+09  0.000000e+00  0.000000e+00  1.709740e+08  1.546426e+08  1.427409e+08  1.368461e+08
4.455673e+04  1.381331e+08  0.000000e+00  0.000000e+00  1.242310e+09  0.000000e+00  0.000000e+00  1.707024e+08  1.543838e+08  1.424962e+08  1.366084e+08
4.460149e+04  1.379738e+08  0.000000e+00  0.000000e+00  1.240877e+09  0.000000e+00  0.000000e+00  1.704314e+08  1.541253e+08  1.422514e+08  1.363717e+08
4.464630e+04  1.377909e+08  0.000000e+00  0.000000e+00  1.239233e+09  0.000000e+00  0.000000e+00  1.701609e+08  1.538676e+08  1.420074e+08  1.361350e+08
4.469102e+04  1.376090e+08  0.000000e+00  0.000000e+00  1.237596e+09  0.000000e+00  0.000000e+00  1.698913e+08  1.536101e+08  1.417642e+08  1.358994e+08
4.473565e+04  1.374524e+08  0.000000e+00  0.000000e+00  1.236188e+09  0.000000e+00  0.000000e+00  1.696225e+08  1.533542e+08  1.415214e+08  1.356643e+08
4.478033e+04  1.372722e+08  0.000000e+00  0.000000e+00  1.234568e+09  0.000000e+00  0.000000e+00  1.693537e+08  1.530980e+08  1.412791e+08  1.354289e+08
4.482505e+04  1.371039e+08  0.000000e+00  0.000000e+00  1.233054e+09  0.000000e+00  0.000000e+00  1.690848e+08  1.528424e+08  1.410369e+08  1.351939e+08
4.486982e+04  1.369239e+08  0.000000e+00  0.000000e+00  1.231435e+09  0.000000e+00  0.000000e+00  1.688166e+08  1.525869e+08  1.407948e+08  1.349597e+08
4.491463e+04  1.367557e+08  0.000000e+00  0.000000e+00  1.229922e+09  0.000000e+00  0.000000e+00  1.685489e+08  1.523311e+08  1.405528e+08  1.347253e+08
4.495949e+04  1.365874e+08  0.000000e+00  0.000000e+00  1.228409e+09  0.000000e+00  0.000000e+00  1.682807e+08  1.520760e+08  1.403116e+08  1.344913e+08
4.500439e+04  1.364192e+08  0.000000e+00  0.000000e+00  1.226896e+09  0.000000e+00  0.000000e+00  1.680130e+08  1.518212e+08  1.400701e+08  1.342571e+08
4.504934e+04  1.362510e+08  0.000000e+00  0.000000e+00  1.225383e+09  0.000000e+00  0.000000e+00  1.677461e+08  1.515663e+08  1.398289e+08  1.340233e+08
4.509433e+04  1.360713e+08  0.000000e+00  0.000000e+00  1.223767e+09  0.000000e+00  0.000000e+00  1.674785e+08  1.513118e+08  1.395880e+08  1.337901e+08
4.513937e+04  1.359031e+08  0.000000e+00  0.000000e+00  1.222255e+09  0.000000e+00  0.000000e+00  1.672119e+08  1.510574e+08  1.393472e+08  1.335566e+08
4.518445e+04  1.357350e+08  0.000000e+00  0.000000e+00  1.220743e+09  0.000000e+00  0.000000e+00  1.669445e+08  1.508031e+08  1.391065e+08  1.333234e+08
4.522958e+04  1.355669e+08  0.000000e+00  0.000000e+00  1.219231e+09  0.000000e+00  0.000000e+00  1.666780e+08  1.505490e+08  1.388662e+08  1.330907e+08
4.527475e+04  1.353874e+08  0.000000e+00  0.000000e+00  1.217617e+09  0.000000e+00  0.000000e+00  1.664115e+08  1.502952e+08  1.386262e+08  1.328578e+08
4.531997e+04  1.352194e+08  0.000000e+00  0.000000e+00  1.216106e+09  0.000000e+00  0.000000e+00  1.661459e+08  1.500423e+08  1.383863e+08  1.326248e+08
4.536523e+04  1.350628e+08  0.000000e+00  0.000000e+00  1.214697e+09  0.000000e+00  0.000000e+00  1.658799e+08  1.497891e+08  1.381466e+08  1.323926e+08
4.541054e+04  1.348835e+08  0.000000e+00  0.000000e+00  1.213084e+09  0.000000e+00  0.000000e+00  1.656144e+08  1.495358e+08  1.379069e+08  1.321602e+08
4.545589e+04  1.347156e+08  0.000000e+00  0.000000e+00  1.211574e+09  0.000000e+00  0.000000e+00  1.653486e+08  1.492826e+08  1.376675e+08  1.319282e+08
4.550129e+04  1.345364e+08  0.000000e+00  0.000000e+00  1.209963e+09  0.000000e+00  0.000000e+00  1.650828e+08  1.490308e+08  1.374286e+08  1.316967e+08
4.554673e+04  1.343798e+08  0.000000e+00  0.000000e+00  1.208554e+09  0.000000e+00  0.000000e+00  1.648183e+08  1.487783e+08  1.371897e+08  1.314652e+08
4.559222e+04  1.342120e+08  0.000000e+00  0.000000e+00  1.207045e+09  0.000000e+00  0.000000e+00  1.645527e+08  1.485258e+08  1.369508e+08  1.312335e+08
4.563776e+04  1.340329e+08  0.000000e+00  0.000000e+00  1.205435e+09  0.000000e+00  0.000000e+00  1.642882e+08  1.482734e+08  1.367125e+08  1.310019e+08
4.568334e+04  1.338764e+08  0.000000e+00  0.000000e+00  1.204027e+09  0.000000e+00  0.000000e+00  1.640234e+08  1.480224e+08  1.364739e+08  1.307711e+08
4.572896e+04  1.336970e+08  0.000000e+00  0.000000e+00  1.202414e+09  0.000000e+00  0.000000e+00  1.637597e+08  1.477702e+08  1.362357e+08  1.305401e+08
4.577463e+04  1.335285e+08  0.000000e+00  0.000000e+00  1.200898e+09  0.000000e+00  0.000000e+00  1.634955e+08  1.475190e+08  1.359980e+08  1.303094e+08
4.582035e+04  1.333600e+08  0.000000e+00  0.000000e+00  1.199383e+09  0.000000e+00  0.000000e+00  1.632319e+08  1.472681e+08  1.357600e+08  1.300788e+08
4.586611e+04  1.332026e+08  0.000000e+00  0.000000e+00  1.197967e+09  0.000000e+00  0.000000e+00  1.629683e+08  1.470174e+08  1.355225e+08  1.298490e+08
4.591192e+04  1.330231e+08  0.000000e+00  0.000000e+00  1.196353e+09  0.000000e+00  0.000000e+00  1.627047e+08  1.467660e+08  1.352854e+08  1.296188e+08
4.595777e+04  1.328547e+08  0.000000e+00  0.000000e+00  1.194838e+09  0.000000e+00  0.000000e+00  1.624412e+08  1.465159e+08  1.350480e+08  1.293884e+08
4.600367e+04  1.326863e+08  0.000000e+00  0.000000e+00  1.193324e+09  0.000000e+00  0.000000e+00  1.621781e+08  1.462657e+08  1.348112e+08  1.291591e+08
4.604962e+04  1.325290e+08  0.000000e+00  0.000000e+00  1.191909e+09  0.000000e+00  0.000000e+00  1.619152e+08  1.460160e+08  1.345745e+08  1.289294e+08
4.609561e+04  1.323497e+08  0.000000e+00  0.000000e+00  1.190296e+09  0.000000e+00  0.000000e+00  1.616528e+08  1.457659e+08  1.343376e+08  1.286997e+08
4.614164e+04  1.321814e+08  0.000000e+00  0.000000e+00  1.188783e+09  0.000000e+00  0.000000e+00  1.613908e+08  1.455160e+08  1.341014e+08  1.284710e+08
4.618773e+04  1.320241e+08  0.000000e+00  0.000000e+00  1.187368e+09  0.000000e+00  0.000000e+00  1.611288e+08  1.452665e+08  1.338654e+08  1.282419e+08
4.623386e+04  1.318450e+08  0.000000e+00  0.000000e+00  1.185758e+09  0.000000e+00  0.000000e+00  1.608667e+08  1.450179e+08  1.336292e+08  1.280128e+08
4.628003e+04  1.316877e+08  0.000000e+00  0.000000e+00  1.184343e+09  0.000000e+00  0.000000e+00  1.606050e+08  1.447686e+08  1.333935e+08  1.277843e+08
4.632625e+04  1.315087e+08  0.000000e+00  0.000000e+00  1.182733e+09  0.000000e+00  0.000000e+00  1.603435e+08  1.445194e+08  1.331579e+08  1.275560e+08
4.637252e+04  1.313515e+08  0.000000e+00  0.000000e+00  1.181319e+09  0.000000e+00  0.000000e+00  1.600821e+08  1.442709e+08  1.329224e+08  1.273277e+08
4.641883e+04  1.311834e+08  0.000000e+00  0.000000e+00  1.179808e+09  0.000000e+00  0.000000e+00  1.598214e+08  1.440230e+08  1.326872e+08  1.270999e+08
4.646519e+04  1.310154e+08  0.000000e+00  0.000000e+00  1.178297e+09  0.000000e+00  0.000000e+00  1.595605e+08  1.437743e+08  1.324522e+08  1.268720e+08
4.651160e+04  1.308475e+08  0.000000e+00  0.000000e+00  1.176786e+09  0.000000e+00  0.000000e+00  1.593000e+08  1.435269e+08  1.322176e+08  1.266442e+08
4.655805e+04  1.306903e+08  0.000000e+00  0.000000e+00  1.175373e+09  0.000000e+00  0.000000e+00  1.590391e+08  1.432788e+08  1.319830e+08  1.264173e+08
4.660455e+04  1.305117e+08  0.000000e+00  0.000000e+00  1.173766e+09  0.000000e+00  0.000000e+00  1.587791e+08  1.430315e+08  1.317486e+08  1.261898e+08
4.665110e+04  1.303545e+08  0.000000e+00  0.000000e+00  1.172353e+09  0.000000e+00  0.000000e+00  1.585195e+08  1.427842e+08  1.315143e+08  1.259627e+08
4.669769e+04  1.301867e+08  0.000000e+00  0.000000e+00  1.170844e+09  0.000000e+00  0.000000e+00  1.582593e+08  1.425367e+08  1.312804e+08  1.257363e+08
4.674433e+04  1.300189e+08  0.000000e+00  0.000000e+00  1.169335e+09  0.000000e+00  0.000000e+00  1.580002e+08  1.422903e+08  1.310464e+08  1.255095e+08
4.679101e+04  1.298512e+08  0.000000e+00  0.000000e+00  1.167826e+09  0.000000e+00  0.000000e+00  1.577407e+08  1.420432e+08  1.308128e+08  1.252827e+08
4.683774e+04  1.296836e+08  0.000000e+00  0.000000e+00  1.166318e+09  0.000000e+00  0.000000e+00  1.574816e+08  1.417971e+08  1.305795e+08  1.250568e+08
4.688452e+04  1.295265e+08  0.000000e+00  0.000000e+00  1.164906e+09  0.000000e+00  0.000000e+00  1.572234e+08  1.415510e+08  1.303463e+08  1.248303e+08
4.693135e+04  1.293589e+08  0.000000e+00  0.000000e+00  1.163399e+09  0.000000e+00  0.000000e+00  1.569647e+08  1.413047e+08  1.301132e+08  1.246046e+08
4.697822e+04  1.291913e+08  0.000000e+00  0.000000e+00  1.161892e+09  0.000000e+00  0.000000e+00  1.567058e+08  1.410583e+08  1.298804e+08  1.243793e+08
4.702514e+04  1.290343e+08  0.000000e+00  0.000000e+00  1.160479e+09  0.000000e+00  0.000000e+00  1.564477e+08  1.408130e+08  1.296479e+08  1.241537e+08
4.707210e+04  1.288668e+08  0.000000e+00  0.000000e+00  1.158973e+09  0.000000e+00  0.000000e+00  1.561900e+08  1.405674e+08  1.294155e+08  1.239280e+08
4.711911e+04  1.286994e+08  0.000000e+00  0.000000e+00  1.157467e+09  0.000000e+00  0.000000e+00  1.559325e+08  1.403219e+08  1.291831e+08  1.237030e+08
4.716617e+04  1.285320e+08  0.000000e+00  0.000000e+00  1.155962e+09  0.000000e+00  0.000000e+00  1.556752e+08  1.400769e+08  1.289510e+08  1.234781e+08
4.721328e+04  1.283751e+08  0.000000e+00  0.000000e+00  1.154551e+09  0.000000e+00  0.000000e+00  1.554180e+08  1.398326e+08  1.287193e+08  1.232535e+08
4.726043e+04  1.282078e+08  0.000000e+00  0.000000e+00  1.153046e+09  0.000000e+00  0.000000e+00  1.551604e+08  1.395875e+08  1.284879e+08  1.230288e+08
4.730763e+04  1.280508e+08  0.000000e+00  0.000000e+00  1.151635e+09  0.000000e+00  0.000000e+00  1.549042e+08  1.393435e+08  1.282563e+08  1.228046e+08
4.735488e+04  1.278836e+08  0.000000e+00  0.000000e+00  1.150131e+09  0.000000e+00  0.000000e+00  1.546471e+08  1.390989e+08  1.280250e+08  1.225806e+08
4.740217e+04  1.277164e+08  0.000000e+00  0.000000e+00  1.148627e+09  0.000000e+00  0.000000e+00  1.543908e+08  1.388548e+08  1.277941e+08  1.223564e+08
4.744952e+04  1.275493e+08  0.000000e+00  0.000000e+00  1.147124e+09  0.000000e+00  0.000000e+00  1.541345e+08  1.386112e+08  1.275634e+08  1.221333e+08
4.749691e+04  1.273925e+08  0.000000e+00  0.000000e+00  1.145714e+09  0.000000e+00  0.000000e+00  1.538790e+08  1.383676e+08  1.273327e+08  1.219096e+08
4.754434e+04  1.272357e+08  0.000000e+00  0.000000e+00  1.144304e+09  0.000000e+00  0.000000e+00  1.536230e+08  1.381241e+08  1.271022e+08  1.216864e+08
4.759183e+04  1.270687e+08  0.000000e+00  0.000000e+00  1.142802e+09  0.000000e+00  0.000000e+00  1.533680e+08  1.378807e+08  1.268720e+08  1.214631e+08
4.763936e+04  1.269018e+08  0.000000e+00  0.000000e+00  1.141300e+09  0.000000e+00  0.000000e+00  1.531129e+08  1.376382e+08  1.266418e+08  1.212398e+08
4.768694e+04  1.267450e+08  0.000000e+00  0.000000e+00  1.139891e+09  0.000000e+00  0.000000e+00  1.528577e+08  1.373957e+08  1.264122e+08  1.210172e+08
4.773456e+04  1.265782e+08  0.000000e+00  0.000000e+00  1.138390e+09  0.000000e+00  0.000000e+00  1.526024e+08  1.371526e+08  1.261825e+08  1.207948e+08
4.778224e+04  1.264215e+08  0.000000e+00  0.000000e+00  1.136981e+09  0.000000e+00  0.000000e+00  1.523485e+08  1.369108e+08  1.259531e+08  1.205727e+08
4.782996e+04  1.262547e+08  0.000000e+00  0.000000e+00  1.135481e+09  0.000000e+00  0.000000e+00  1.520941e+08  1.366683e+08  1.257240e+08  1.203505e+08
4.787773e+04  1.260877e+08  0.000000e+00  0.000000e+00  1.133979e+09  0.000000e+00  0.000000e+00  1.518400e+08  1.364267e+08  1.254949e+08  1.201288e+08
4.792554e+04  1.259304e+08  0.000000e+00  0.000000e+00  1.132564e+09  0.000000e+00  0.000000e+00  1.515859e+08  1.361849e+08  1.252661e+08  1.199067e+08
4.797341e+04  1.257729e+08  0.000000e+00  0.000000e+00  1.131148e+09  0.000000e+00  0.000000e+00  1.513322e+08  1.359427e+08  1.250375e+08  1.196852e+08
4.802132e+04  1.256055e+08  0.000000e+00  0.000000e+00  1.129642e+09  0.000000e+00  0.000000e+00  1.510783e+08  1.357019e+08  1.248092e+08  1.194637e+08
4.806928e+04  1.254481e+08  0.000000e+00  0.000000e+00  1.128227e+09  0.000000e+00  0.000000e+00  1.508255e+08  1.354601e+08  1.245809e+08  1.192425e+08
4.811729e+04  1.252808e+08  0.000000e+00  0.000000e+00  1.126722e+09  0.000000e+00  0.000000e+00  1.505724e+08  1.352196e+08  1.243529e+08  1.190221e+08
4.816535e+04  1.251235e+08  0.000000e+00  0.000000e+00  1.125308e+09  0.000000e+00  0.000000e+00  1.503195e+08  1.349786e+08  1.241252e+08  1.188009e+08
4.821345e+04  1.249662e+08  0.000000e+00  0.000000e+00  1.123893e+09  0.000000e+00  0.000000e+00  1.500669e+08  1.347385e+08  1.238974e+08  1.185808e+08
4.826160e+04  1.247991e+08  0.000000e+00  0.000000e+00  1.122389e+09  0.000000e+00  0.000000e+00  1.498141e+08  1.344982e+08  1.236703e+08  1.183604e+08
4.830980e+04  1.246418e+08  0.000000e+00  0.000000e+00  1.120975e+09  0.000000e+00  0.000000e+00  1.495621e+08  1.342581e+08  1.234431e+08  1.181402e+08
4.835805e+04  1.244748e+08  0.000000e+00  0.000000e+00  1.119473e+09  0.000000e+00  0.000000e+00  1.493100e+08  1.340179e+08  1.232159e+08  1.179200e+08
4.840635e+04  1.243176e+08  0.000000e+00  0.000000e+00  1.118059e+09  0.000000e+00  0.000000e+00  1.490578e+08  1.337781e+08  1.229893e+08  1.177006e+08
4.845469e+04  1.241604e+08  0.000000e+00  0.000000e+00  1.116646e+09  0.000000e+00  0.000000e+00  1.488067e+08  1.335386e+08  1.227628e+08  1.174811e+08
4.850309e+04  1.239935e+08  0.000000e+00  0.000000e+00  1.115145e+09  0.000000e+00  0.000000e+00  1.485551e+08  1.332994e+08  1.225362e+08  1.172620e+08
4.855153e+04  1.238364e+08  0.000000e+00  0.000000e+00  1.113732e+09  0.000000e+00  0.000000e+00  1.483042e+08  1.330605e+08  1.223100e+08  1.170425e+08
4.860002e+04  1.236794e+08  0.000000e+00  0.000000e+00  1.112319e+09  0.000000e+00  0.000000e+00  1.480526e+08  1.328214e+08  1.220840e+08  1.168239e+08
4.864855e+04  1.235126e+08  0.000000e+00  0.000000e+00  1.110820e+09  0.000000e+00  0.000000e+00  1.478023e+08  1.325831e+08  1.218585e+08  1.166050e+08
4.869714e+04  1.233556e+08  0.000000e+00  0.000000e+00  1.109408e+09  0.000000e+00  0.000000e+00  1.475519e+08  1.323449e+08  1.216329e+08  1.163866e+08
4.874578e+04  1.231987e+08  0.000000e+00  0.000000e+00  1.107996e+09  0.000000e+00  0.000000e+00  1.473009e+08  1.321067e+08  1.214076e+08  1.161685e+08
4.879446e+04  1.230321e+08  0.000000e+00  0.000000e+00  1.106498e+09  0.000000e+00  0.000000e+00  1.470509e+08  1.318686e+08  1.211824e+08  1.159504e+08
4.884319e+04  1.228848e+08  0.000000e+00  0.000000e+00  1.105173e+09  0.000000e+00  0.000000e+00  1.468014e+08  1.316304e+08  1.209576e+08  1.157323e+08
4.889197e+04  1.227183e+08  0.000000e+00  0.000000e+00  1.103676e+09  0.000000e+00  0.000000e+00  1.465512e+08  1.313933e+08  1.207327e+08  1.155147e+08
4.894080e+04  1.225614e+08  0.000000e+00  0.000000e+00  1.102265e+09  0.000000e+00  0.000000e+00  1.463022e+08  1.311560e+08  1.205082e+08  1.152973e+08
4.898968e+04  1.223950e+08  0.000000e+00  0.000000e+00  1.100769e+09  0.000000e+00  0.000000e+00  1.460528e+08  1.309187e+08  1.202839e+08  1.150801e+08
4.903861e+04  1.222478e+08  0.000000e+00  0.000000e+00  1.099445e+09  0.000000e+00  0.000000e+00  1.458034e+08  1.306816e+08  1.200598e+08  1.148625e+08
4.908759e+04  1.220815e+08  0.000000e+00  0.000000e+00  1.097949e+09  0.000000e+00  0.000000e+00  1.455545e+08  1.304447e+08  1.198360e+08  1.146459e+08
4.913661e+04  1.219248e+08  0.000000e+00  0.000000e+00  1.096540e+09  0.000000e+00  0.000000e+00  1.453057e+08  1.302082e+08  1.196124e+08  1.144290e+08
4.918569e+04  1.217681e+08  0.000000e+00  0.000000e+00  1.095130e+09  0.000000e+00  0.000000e+00  1.450573e+08  1.299723e+08  1.193887e+08  1.142126e+08
4.923481e+04  1.216115e+08  0.000000e+00  0.000000e+00  1.093721e+09  0.000000e+00  0.000000e+00  1.448087e+08  1.297360e+08  1.191656e+08  1.139966e+08
4.928398e+04  1.214454e+08  0.000000e+00  0.000000e+00  1.092228e+09  0.000000e+00  0.000000e+00  1.445612e+08  1.295003e+08  1.189424e+08  1.137806e+08
4.933320e+04  1.212982e+08  0.000000e+00  0.000000e+00  1.090905e+09  0.000000e+00  0.000000e+00  1.443130e+08  1.292642e+08  1.187196e+08  1.135648e+08
4.938247e+04  1.211323e+08  0.000000e+00  0.000000e+00  1.089412e+09  0.000000e+00  0.000000e+00  1.440659e+08  1.290291e+08  1.184971e+08  1.133492e+08
4.943179e+04  1.209758e+08  0.000000e+00  0.000000e+00  1.088005e+09  0.000000e+00  0.000000e+00  1.438180e+08  1.287936e+08  1.182748e+08  1.131339e+08
4.948116e+04  1.208286e+08  0.000000e+00  0.000000e+00  1.086681e+09  0.000000e+00  0.000000e+00  1.435711e+08  1.285581e+08  1.180526e+08  1.129186e+08
4.953058e+04  1.206629e+08  0.000000e+00  0.000000e+00  1.085190e+09  0.000000e+00  0.000000e+00  1.433234e+08  1.283240e+08  1.178305e+08  1.127032e+08
4.958005e+04  1.205064e+08  0.000000e+00  0.000000e+00  1.083784e+09  0.000000e+00  0.000000e+00  1.430769e+08  1.280894e+08  1.176085e+08  1.124885e+08
4.962956e+04  1.203501e+08  0.000000e+00  0.000000e+00  1.082377e+09  0.000000e+00  0.000000e+00  1.428301e+08  1.278547e+08  1.173872e+08  1.122738e+08
4.967913e+04  1.201937e+08  0.000000e+00  0.000000e+00  1.080971e+09  0.000000e+00  0.000000e+00  1.425843e+08  1.276203e+08  1.171658e+08  1.120596e+08
4.972875e+04  1.200374e+08  0.000000e+00  0.000000e+00  1.079565e+09  0.000000e+00  0.000000e+00  1.423379e+08  1.273865e+08  1.169445e+08  1.118456e+08
4.977841e+04  1.198811e+08  0.000000e+00  0.000000e+00  1.078160e+09  0.000000e+00  0.000000e+00  1.420915e+08  1.271526e+08  1.167236e+08  1.116317e+08
4.982813e+04  1.197249e+08  0.000000e+00  0.000000e+00  1.076755e+09  0.000000e+00  0.000000e+00  1.418462e+08  1.269192e+08  1.165029e+08  1.114178e+08
4.987789e+04  1.195687e+08  0.000000e+00  0.000000e+00  1.075350e+09  0.000000e+00  0.000000e+00  1.415999e+08  1.266858e+08  1.162822e+08  1.112039e+08
4.992771e+04  1.194126e+08  0.000000e+00  0.000000e+00  1.073946e+09  0.000000e+00  0.000000e+00  1.413550e+08  1.264528e+08  1.160619e+08  1.109906e+08
4.997757e+04  1.192564e+08  0.000000e+00  0.000000e+00  1.072542e+09  0.000000e+00  0.000000e+00  1.411098e+08  1.262200e+08  1.158419e+08  1.107773e+08
5.002749e+04  1.191094e+08  0.000000e+00  0.000000e+00  1.071219e+09  0.000000e+00  0.000000e+00  1.408650e+08  1.259865e+08  1.156219e+08  1.105649e+08
5.007745e+04  1.189443e+08  0.000000e+00  0.000000e+00  1.069734e+09  0.000000e+00  0.000000e+00  1.406200e+08  1.257543e+08  1.154021e+08  1.103520e+08
5.012746e+04  1.187893e+08  0.000000e+00  0.000000e+00  1.068340e+09  0.000000e+00  0.000000e+00  1.403753e+08  1.255224e+08  1.151826e+08  1.101392e+08
5.017753e+04  1.186448e+08  0.000000e+00  0.000000e+00  1.067041e+09  0.000000e+00  0.000000e+00  1.401311e+08  1.252903e+08  1.149633e+08  1.099272e+08
5.022764e+04  1.184827e+08  0.000000e+00  0.000000e+00  1.065583e+09  0.000000e+00  0.000000e+00  1.398871e+08  1.250586e+08  1.147443e+08  1.097148e+08
5.027780e+04  1.183387e+08  0.000000e+00  0.000000e+00  1.064288e+09  0.000000e+00  0.000000e+00  1.396427e+08  1.248267e+08  1.145255e+08  1.095034e+08
5.032802e+04  1.181858e+08  0.000000e+00  0.000000e+00  1.062912e+09  0.000000e+00  0.000000e+00  1.393995e+08  1.245949e+08  1.143068e+08  1.092916e+08
5.037828e+04  1.180328e+08  0.000000e+00  0.000000e+00  1.061537e+09  0.000000e+00  0.000000e+00  1.391557e+08  1.243643e+08  1.140886e+08  1.090800e+08
5.042860e+04  1.178800e+08  0.000000e+00  0.000000e+00  1.060162e+09  0.000000e+00  0.000000e+00  1.389124e+08  1.241329e+08  1.138702e+08  1.088688e+08
5.047896e+04  1.177271e+08  0.000000e+00  0.000000e+00  1.058787e+09  0.000000e+00  0.000000e+00  1.386691e+08  1.239022e+08  1.136523e+08  1.086579e+08
5.052938e+04  1.175832e+08  0.000000e+00  0.000000e+00  1.057493e+09  0.000000e+00  0.000000e+00  1.384264e+08  1.236721e+08  1.134346e+08  1.084465e+08
5.057984e+04  1.174304e+08  0.000000e+00  0.000000e+00  1.056119e+09  0.000000e+00  0.000000e+00  1.381835e+08  1.234415e+08  1.132171e+08  1.082359e+08
5.063036e+04  1.172777e+08  0.000000e+00  0.000000e+00  1.054745e+09  0.000000e+00  0.000000e+00  1.379413e+08  1.232109e+08  1.129996e+08  1.080255e+08
5.068092e+04  1.171250e+08  0.000000e+00  0.000000e+00  1.053372e+09  0.000000e+00  0.000000e+00  1.376993e+08  1.229816e+08  1.127825e+08  1.078156e+08
5.073154e+04  1.169723e+08  0.000000e+00  0.000000e+00  1.051999e+09  0.000000e+00  0.000000e+00  1.374569e+08  1.227516e+08  1.125656e+08  1.076058e+08
5.078221e+04  1.168285e+08  0.000000e+00  0.000000e+00  1.050706e+09  0.000000e+00  0.000000e+00  1.372154e+08  1.225219e+08  1.123489e+08  1.073955e+08
5.083292e+04  1.166759e+08  0.000000e+00  0.000000e+00  1.049333e+09  0.000000e+00  0.000000e+00  1.369735e+08  1.222930e+08  1.121323e+08  1.071858e+08
5.088369e+04  1.165234e+08  0.000000e+00  0.000000e+00  1.047961e+09  0.000000e+00  0.000000e+00  1.367321e+08  1.220637e+08  1.119161e+08  1.069768e+08
5.093451e+04  1.163796e+08  0.000000e+00  0.000000e+00  1.046668e+09  0.000000e+00  0.000000e+00  1.364909e+08  1.218353e+08  1.116998e+08  1.067673e+08
5.098538e+04  1.162184e+08  0.000000e+00  0.000000e+00  1.045219e+09  0.000000e+00  0.000000e+00  1.362504e+08  1.216066e+08  1.114842e+08  1.065588e+08
5.103630e+04  1.160834e+08  0.000000e+00  0.000000e+00  1.044005e+09  0.000000e+00  0.000000e+00  1.360093e+08  1.213778e+08  1.112686e+08  1.063497e+08
5.108727e+04  1.159223e+08  0.000000e+00  0.000000e+00  1.042556e+09  0.000000e+00  0.000000e+00  1.357695e+08  1.211501e+08  1.110530e+08  1.061412e+08
5.113829e+04  1.157787e+08  0.000000e+00  0.000000e+00  1.041264e+09  0.000000e+00  0.000000e+00  1.355289e+08  1.209217e+08  1.108379e+08  1.059332e+08
5.118937e+04  1.156264e+08  0.000000e+00  0.000000e+00  1.039894e+09  0.000000e+00  0.000000e+00  1.352889e+08  1.206944e+08  1.106227e+08  1.057249e+08
5.124049e+04  1.154827e+08  0.000000e+00  0.000000e+00  1.038602e+09  0.000000e+00  0.000000e+00  1.350490e+08  1.204669e+08  1.104080e+08  1.055170e+08
5.129167e+04  1.153305e+08  0.000000e+00  0.000000e+00  1.037233e+09  0.000000e+00  0.000000e+00  1.348088e+08  1.202394e+08  1.101933e+08  1.053091e+08
5.134289e+04  1.151783e+08  0.000000e+00  0.000000e+00  1.035864e+09  0.000000e+00  0.000000e+00  1.345698e+08  1.200121e+08  1.099791e+08  1.051021e+08
5.139417e+04  1.150348e+08  0.000000e+00  0.000000e+00  1.034573e+09  0.000000e+00  0.000000e+00  1.343303e+08  1.197851e+08  1.097648e+08  1.048948e+08
5.144550e+04  1.148827e+08  0.000000e+00  0.000000e+00  1.033205e+09  0.000000e+00  0.000000e+00  1.340916e+08  1.195591e+08  1.095511e+08  1.046874e+08
5.149688e+04  1.147391e+08  0.000000e+00  0.000000e+00  1.031915e+09  0.000000e+00  0.000000e+00  1.338529e+08  1.193325e+08  1.093373e+08  1.044807e+08
5.154831e+04  1.145871e+08  0.000000e+00  0.000000e+00  1.030547e+09  0.000000e+00  0.000000e+00  1.336137e+08  1.191060e+08  1.091237e+08  1.042744e+08
5.159979e+04  1.144436e+08  0.000000e+00  0.000000e+00  1.029257e+09  0.000000e+00  0.000000e+00  1.333754e+08  1.188801e+08  1.089105e+08  1.040678e+08
5.165133e+04  1.142917e+08  0.000000e+00  0.000000e+00  1.027891e+09  0.000000e+00  0.000000e+00  1.331372e+08  1.186547e+08  1.086975e+08  1.038615e+08
5.170291e+04  1.141482e+08  0.000000e+00  0.000000e+00  1.026600e+09  0.000000e+00  0.000000e+00  1.328997e+08  1.184294e+08  1.084846e+08  1.036554e+08
5.175455e+04  1.139964e+08  0.000000e+00  0.000000e+00  1.025235e+09  0.000000e+00  0.000000e+00  1.326616e+08  1.182038e+08  1.082721e+08  1.034496e+08
5.180624e+04  1.138530e+08  0.000000e+00  0.000000e+00  1.023945e+09  0.000000e+00  0.000000e+00  1.324247e+08  1.179790e+08  1.080595e+08  1.032442e+08
5.185798e+04  1.137012e+08  0.000000e+00  0.000000e+00  1.022580e+09  0.000000e+00  0.000000e+00  1.321873e+08  1.177536e+08  1.078475e+08  1.030391e+08
5.190977e+04  1.135496e+08  0.000000e+00  0.000000e+00  1.021216e+09  0.000000e+00  0.000000e+00  1.319499e+08  1.175289e+08  1.076356e+08  1.028338e+08
5.196162e+04  1.134146e+08  0.000000e+00  0.000000e+00  1.020002e+09  0.000000e+00  0.000000e+00  1.317127e+08  1.173047e+08  1.074236e+08  1.026288e+08
5.201351e+04  1.132630e+08  0.000000e+00  0.000000e+00  1.018639e+09  0.000000e+00  0.000000e+00  1.314766e+08  1.170806e+08  1.072123e+08  1.024242e+08
5.206546e+04  1.131114e+08  0.000000e+00  0.000000e+00  1.017276e+09  0.000000e+00  0.000000e+00  1.312403e+08  1.168570e+08  1.070010e+08  1.022199e+08
5.211746e+04  1.129682e+08  0.000000e+00  0.000000e+00  1.015987e+09  0.000000e+00  0.000000e+00  1.310039e+08  1.166325e+08  1.067898e+08  1.020154e+08
5.216951e+04  1.128249e+08  0.000000e+00  0.000000e+00  1.014699e+09  0.000000e+00  0.000000e+00  1.307680e+08  1.164094e+08  1.065789e+08  1.018112e+08
5.222161e+04  1.126735e+08  0.000000e+00  0.000000e+00  1.013337e+09  0.000000e+00  0.000000e+00  1.305321e+08  1.161861e+08  1.063681e+08  1.016074e+08
5.227377e+04  1.125304e+08  0.000000e+00  0.000000e+00  1.012050e+09  0.000000e+00  0.000000e+00  1.302966e+08  1.159630e+08  1.061580e+08  1.014040e+08
5.232598e+04  1.123872e+08  0.000000e+00  0.000000e+00  1.010763e+09  0.000000e+00  0.000000e+00  1.300611e+08  1.157401e+08  1.059475e+08  1.012003e+08
5.237824e+04  1.122359e+08  0.000000e+00  0.000000e+00  1.009402e+09  0.000000e+00  0.000000e+00  1.298258e+08  1.155176e+08  1.057377e+08  1.009972e+08
5.243055e+04  1.120928e+08  0.000000e+00  0.000000e+00  1.008115e+09  0.000000e+00  0.000000e+00  1.295911e+08  1.152952e+08  1.055280e+08  1.007941e+08
5.248291e+04  1.119496e+08  0.000000e+00  0.000000e+00  1.006826e+09  0.000000e+00  0.000000e+00  1.293563e+08  1.150731e+08  1.053182e+08  1.005915e+08
5.253533e+04  1.118058e+08  0.000000e+00  0.000000e+00  1.005534e+09  0.000000e+00  0.000000e+00  1.291219e+08  1.148511e+08  1.051091e+08  1.003890e+08
5.258780e+04  1.116538e+08  0.000000e+00  0.000000e+00  1.004167e+09  0.000000e+00  0.000000e+00  1.288875e+08  1.146291e+08  1.048997e+08  1.001868e+08
5.264032e+04  1.115100e+08  0.000000e+00  0.000000e+00  1.002873e+09  0.000000e+00  0.000000e+00  1.286536e+08  1.144076e+08  1.046908e+08  9.998461e+07
5.269289e+04  1.113581e+08  0.000000e+00  0.000000e+00  1.001507e+09  0.000000e+00  0.000000e+00  1.284197e+08  1.141863e+08  1.044823e+08  9.978289e+07
5.274552e+04  1.112223e+08  0.000000e+00  0.000000e+00  1.000286e+09  0.000000e+00  0.000000e+00  1.281862e+08  1.139653e+08  1.042737e+08  9.958092e+07
5.279819e+04  1.110705e+08  0.000000e+00  0.000000e+00  9.989206e+08  0.000000e+00  0.000000e+00  1.279530e+08  1.137446e+08  1.040655e+08  9.937925e+07
5.285093e+04  1.109268e+08  0.000000e+00  0.000000e+00  9.976279e+08  0.000000e+00  0.000000e+00  1.277195e+08  1.135242e+08  1.038574e+08  9.917844e+07
5.290371e+04  1.107831e+08  0.000000e+00  0.000000e+00  9.963355e+08  0.000000e+00  0.000000e+00  1.274869e+08  1.133038e+08  1.036498e+08  9.897709e+07
5.295655e+04  1.106394e+08  0.000000e+00  0.000000e+00  9.950433e+08  0.000000e+00  0.000000e+00  1.272537e+08  1.130834e+08  1.034425e+08  9.877667e+07
5.300944e+04  1.104877e+08  0.000000e+00  0.000000e+00  9.936796e+08  0.000000e+00  0.000000e+00  1.270204e+08  1.128631e+08  1.032350e+08  9.857637e+07
5.306238e+04  1.103521e+08  0.000000e+00  0.000000e+00  9.924596e+08  0.000000e+00  0.000000e+00  1.267880e+08  1.126431e+08  1.030275e+08  9.837537e+07
5.311584e+04  1.101962e+08  0.000000e+00  0.000000e+00  9.910571e+08  0.000000e+00  0.000000e+00  1.265537e+08  1.124216e+08  1.028183e+08  9.817297e+07
5.316983e+04  1.100540e+08  0.000000e+00  0.000000e+00  9.897785e+08  0.000000e+00  0.000000e+00  1.263181e+08  1.121986e+08  1.026081e+08  9.796972e+07
5.322387e+04  1.099118e+08  0.000000e+00  0.000000e+00  9.884999e+08  0.000000e+00  0.000000e+00  1.260827e+08  1.119759e+08  1.023982e+08  9.776689e+07
5.327796e+04  1.097542e+08  0.000000e+00  0.000000e+00  9.870824e+08  0.000000e+00  0.000000e+00  1.258473e+08  1.117533e+08  1.021885e+08  9.756376e+07
5.333211e+04  1.096198e+08  0.000000e+00  0.000000e+00  9.858739e+08  0.000000e+00  0.000000e+00  1.256119e+08  1.115311e+08  1.019787e+08  9.736094e+07
5.338631e+04  1.094623e+08  0.000000e+00  0.000000e+00  9.844574e+08  0.000000e+00  0.000000e+00  1.253770e+08  1.113088e+08  1.017695e+08  9.715836e+07
5.344057e+04  1.093203e+08  0.000000e+00  0.000000e+00  9.831800e+08  0.000000e+00  0.000000e+00  1.251424e+08  1.110868e+08  1.015601e+08  9.695615e+07
5.349489e+04  1.091783e+08  0.000000e+00  0.000000e+00  9.819025e+08  0.000000e+00  0.000000e+00  1.249080e+08  1.108651e+08  1.013513e+08  9.675372e+07
5.354926e+04  1.090286e+08  0.000000e+00  0.000000e+00  9.805567e+08  0.000000e+00  0.000000e+00  1.246732e+08  1.106437e+08  1.011426e+08  9.655180e+07
5.360368e+04  1.088866e+08  0.000000e+00  0.000000e+00  9.792797e+08  0.000000e+00  0.000000e+00  1.244394e+08  1.104225e+08  1.009338e+08  9.635026e+07
5.365817e+04  1.087370e+08  0.000000e+00  0.000000e+00  9.779344e+08  0.000000e+00  0.000000e+00  1.242054e+08  1.102013e+08  1.007257e+08  9.614891e+07
5.371270e+04  1.085875e+08  0.000000e+00  0.000000e+00  9.765897e+08  0.000000e+00  0.000000e+00  1.239717e+08  1.099807e+08  1.005176e+08  9.594788e+07
5.376729e+04  1.084456e+08  0.000000e+00  0.000000e+00  9.753137e+08  0.000000e+00  0.000000e+00  1.237384e+08  1.097600e+08  1.003099e+08  9.574692e+07
5.382194e+04  1.083038e+08  0.000000e+00  0.000000e+00  9.740378e+08  0.000000e+00  0.000000e+00  1.235051e+08  1.095398e+08  1.001022e+08  9.554618e+07
5.387664e+04  1.081544e+08  0.000000e+00  0.000000e+00  9.726942e+08  0.000000e+00  0.000000e+00  1.232724e+08  1.093197e+08  9.989483e+07  9.534539e+07
5.393140e+04  1.080126e+08  0.000000e+00  0.000000e+00  9.714190e+08  0.000000e+00  0.000000e+00  1.230394e+08  1.090999e+08  9.968787e+07  9.514516e+07
5.398622e+04  1.078708e+08  0.000000e+00  0.000000e+00  9.701437e+08  0.000000e+00  0.000000e+00  1.228072e+08  1.088803e+08  9.948074e+07  9.494486e+07
5.404108e+04  1.077215e+08  0.000000e+00  0.000000e+00  9.688012e+08  0.000000e+00  0.000000e+00  1.225750e+08  1.086608e+08  9.927429e+07  9.474527e+07
5.409601e+04  1.075723e+08  0.000000e+00  0.000000e+00  9.674595e+08  0.000000e+00  0.000000e+00  1.223429e+08  1.084416e+08  9.906785e+07  9.454535e+07
5.415099e+04  1.074381e+08  0.000000e+00  0.000000e+00  9.662522e+08  0.000000e+00  0.000000e+00  1.221109e+08  1.082228e+08  9.886161e+07  9.434643e+07
5.420603e+04  1.072890e+08  0.000000e+00  0.000000e+00  9.649111e+08  0.000000e+00  0.000000e+00  1.218796e+08  1.080042e+08  9.865563e+07  9.414679e+07
5.426112e+04  1.071399e+08  0.000000e+00  0.000000e+00  9.635706e+08  0.000000e+00  0.000000e+00  1.216478e+08  1.077858e+08  9.844979e+07  9.394788e+07
5.431627e+04  1.069983e+08  0.000000e+00  0.000000e+00  9.622972e+08  0.000000e+00  0.000000e+00  1.214171e+08  1.075675e+08  9.824432e+07  9.374957e+07
5.437148e+04  1.068568e+08  0.000000e+00  0.000000e+00  9.610240e+08  0.000000e+00  0.000000e+00  1.211861e+08  1.073494e+08  9.803895e+07  9.355075e+07
5.442674e+04  1.067152e+08  0.000000e+00  0.000000e+00  9.597511e+08  0.000000e+00  0.000000e+00  1.209552e+08  1.071318e+08  9.783390e+07  9.335241e+07
5.448205e+04  1.065737e+08  0.000000e+00  0.000000e+00  9.584782e+08  0.000000e+00  0.000000e+00  1.207250e+08  1.069143e+08  9.762907e+07  9.315429e+07
5.453743e+04  1.064249e+08  0.000000e+00  0.000000e+00  9.571398e+08  0.000000e+00  0.000000e+00  1.204945e+08  1.066971e+08  9.742454e+07  9.295683e+07
5.459286e+04  1.062834e+08  0.000000e+00  0.000000e+00  9.558676e+08  0.000000e+00  0.000000e+00  1.202649e+08  1.064800e+08  9.722013e+07  9.275929e+07
5.464834e+04  1.061420e+08  0.000000e+00  0.000000e+00  9.545956e+08  0.000000e+00  0.000000e+00  1.200353e+08  1.062633e+08  9.701607e+07  9.256155e+07
5.470389e+04  1.059933e+08  0.000000e+00  0.000000e+00  9.532586e+08  0.000000e+00  0.000000e+00  1.198055e+08  1.060466e+08  9.681218e+07  9.236486e+07
5.475948e+04  1.058520e+08  0.000000e+00  0.000000e+00  9.519875e+08  0.000000e+00  0.000000e+00  1.195763e+08  1.058304e+08  9.660837e+07  9.216754e+07
5.481514e+04  1.057179e+08  0.000000e+00  0.000000e+00  9.507815e+08  0.000000e+00  0.000000e+00  1.193472e+08  1.056144e+08  9.640519e+07  9.197076e+07
5.487085e+04  1.055693e+08  0.000000e+00  0.000000e+00  9.494456e+08  0.000000e+00  0.000000e+00  1.191182e+08  1.053986e+08  9.620180e+07  9.177434e+07
5.492662e+04  1.054209e+08  0.000000e+00  0.000000e+00  9.481104e+08  0.000000e+00  0.000000e+00  1.188896e+08  1.051829e+08  9.599893e+07  9.157814e+07
5.498245e+04  1.052864e+08  0.000000e+00  0.000000e+00  9.469013e+08  0.000000e+00  0.000000e+00  1.186617e+08  1.049675e+08  9.579609e+07  9.138235e+07
5.503833e+04  1.051444e+08  0.000000e+00  0.000000e+00  9.456238e+08  0.000000e+00  0.000000e+00  1.184332e+08  1.047526e+08  9.559380e+07  9.118638e+07
5.509427e+04  1.049952e+08  0.000000e+00  0.000000e+00  9.442824e+08  0.000000e+00  0.000000e+00  1.182054e+08  1.045375e+08  9.539149e+07  9.099081e+07
5.515026e+04  1.048604e+08  0.000000e+00  0.000000e+00  9.430697e+08  0.000000e+00  0.000000e+00  1.179782e+08  1.043229e+08  9.518928e+07  9.079598e+07
5.520632e+04  1.047113e+08  0.000000e+00  0.000000e+00  9.417291e+08  0.000000e+00  0.000000e+00  1.177506e+08  1.041086e+08  9.498766e+07  9.060048e+07
5.526243e+04  1.045695e+08  0.000000e+00  0.000000e+00  9.404530e+08  0.000000e+00  0.000000e+00  1.175234e+08  1.038943e+08  9.478615e+07  9.040574e+07
5.531859e+04  1.044347e+08  0.000000e+00  0.000000e+00  9.392408e+08  0.000000e+00  0.000000e+00  1.172966e+08  1.036804e+08  9.458482e+07  9.021138e+07
5.537482e+04  1.042858e+08  0.000000e+00  0.000000e+00  9.379015e+08  0.000000e+00  0.000000e+00  1.170695e+08  1.034667e+08  9.438351e+07  9.001662e+07
5.543110e+04  1.041440e+08  0.000000e+00  0.000000e+00  9.366265e+08  0.000000e+00  0.000000e+00  1.168428e+08  1.032533e+08  9.418270e+07  8.982278e+07
5.548743e+04  1.040022e+08  0.000000e+00  0.000000e+00  9.353516e+08  0.000000e+00  0.000000e+00  1.166172e+08  1.030400e+08  9.398218e+07  8.962894e+07
5.554383e+04  1.038605e+08  0.000000e+00  0.000000e+00  9.340771e+08  0.000000e+00  0.000000e+00  1.163906e+08  1.028270e+08  9.378182e+07  8.943495e+07
5.560028e+04  1.037258e+08  0.000000e+00  0.000000e+00  9.328659e+08  0.000000e+00  0.000000e+00  1.161652e+08  1.026145e+08  9.358153e+07  8.924166e+07
5.565679e+04  1.035772e+08  0.000000e+00  0.000000e+00  9.315291e+08  0.000000e+00  0.000000e+00  1.159396e+08  1.024019e+08  9.338160e+07  8.904833e+07
5.571336e+04  1.034356e+08  0.000000e+00  0.000000e+00  9.302556e+08  0.000000e+00  0.000000e+00  1.157145e+08  1.021896e+08  9.318182e+07  8.885512e+07
5.576999e+04  1.033010e+08  0.000000e+00  0.000000e+00  9.290450e+08  0.000000e+00  0.000000e+00  1.154891e+08  1.019777e+08  9.298240e+07  8.866258e+07
5.582667e+04  1.031525e+08  0.000000e+00  0.000000e+00  9.277096e+08  0.000000e+00  0.000000e+00  1.152644e+08  1.017659e+08  9.278324e+07  8.846987e+07
5.588341e+04  1.030180e+08  0.000000e+00  0.000000e+00  9.264995e+08  0.000000e+00  0.000000e+00  1.150397e+08  1.015544e+08  9.258435e+07  8.827740e+07
5.594021e+04  1.028765e+08  0.000000e+00  0.000000e+00  9.252272e+08  0.000000e+00  0.000000e+00  1.148154e+08  1.013431e+08  9.238538e+07  8.808527e+07
5.599706e+04  1.027351e+08  0.000000e+00  0.000000e+00  9.239553e+08  0.000000e+00  0.000000e+00  1.145914e+08  1.011320e+08  9.218686e+07  8.789367e+07
5.605397e+04  1.025937e+08  0.000000e+00  0.000000e+00  9.226839e+08  0.000000e+00  0.000000e+00  1.143676e+08  1.009211e+08  9.198863e+07  8.770169e+07
5.611095e+04  1.024524e+08  0.000000e+00  0.000000e+00  9.214128e+08  0.000000e+00  0.000000e+00  1.141439e+08  1.007106e+08  9.179064e+07  8.751049e+07
5.616797e+04  1.023111e+08  0.000000e+00  0.000000e+00  9.201422e+08  0.000000e+00  0.000000e+00  1.139201e+08  1.005003e+08  9.159268e+07  8.731932e+07
5.622506e+04  1.021767e+08  0.000000e+00  0.000000e+00  9.189332e+08  0.000000e+00  0.000000e+00  1.136970e+08  1.002903e+08  9.139509e+07  8.712853e+07
5.628221e+04  1.020354e+08  0.000000e+00  0.000000e+00  9.176631e+08  0.000000e+00  0.000000e+00  1.134745e+08  1.000803e+08  9.119782e+07  8.693754e+07
5.633941e+04  1.018943e+08  0.000000e+00  0.000000e+00  9.163934e+08  0.000000e+00  0.000000e+00  1.132513e+08  9.987077e+07  9.100069e+07  8.674709e+07
5.639667e+04  1.017531e+08  0.000000e+00  0.000000e+00  9.151241e+08  0.000000e+00  0.000000e+00  1.130290e+08  9.966150e+07  9.080395e+07  8.655686e+07
5.645399e+04  1.016188e+08  0.000000e+00  0.000000e+00  9.139161e+08  0.000000e+00  0.000000e+00  1.128069e+08  9.945231e+07  9.060715e+07  8.636688e+07
5.651137e+04  1.014777e+08  0.000000e+00  0.000000e+00  9.126474e+08  0.000000e+00  0.000000e+00  1.125845e+08  9.924333e+07  9.041070e+07  8.617717e+07
5.656880e+04  1.013367e+08  0.000000e+00  0.000000e+00  9.113792e+08  0.000000e+00  0.000000e+00  1.123629e+08  9.903483e+07  9.021457e+07  8.598767e+07
5.662630e+04  1.011958e+08  0.000000e+00  0.000000e+00  9.101114e+08  0.000000e+00  0.000000e+00  1.121415e+08  9.882638e+07  9.001863e+07  8.579818e+07
5.668385e+04  1.010615e+08  0.000000e+00  0.000000e+00  9.089042e+08  0.000000e+00  0.000000e+00  1.119203e+08  9.861829e+07  8.982293e+07  8.560923e+07
5.674146e+04  1.009207e+08  0.000000e+00  0.000000e+00  9.076373e+08  0.000000e+00  0.000000e+00  1.116994e+08  9.841038e+07  8.962745e+07  8.542002e+07
5.679913e+04  1.007865e+08  0.000000e+00  0.000000e+00  9.064304e+08  0.000000e+00  0.000000e+00  1.114784e+08  9.820251e+07  8.943234e+07  8.523161e+07
5.685686e+04  1.006390e+08  0.000000e+00  0.000000e+00  9.051043e+08  0.000000e+00  0.000000e+00  1.112574e+08  9.799526e+07  8.923719e+07  8.504320e+07
5.691465e+04  1.005115e+08  0.000000e+00  0.000000e+00  9.039578e+08  0.000000e+00  0.000000e+00  1.110372e+08  9.778788e+07  8.904263e+07  8.485520e+07
5.697249e+04  1.003642e+08  0.000000e+00  0.000000e+00  9.026326e+08  0.000000e+00  0.000000e+00  1.108169e+08  9.758105e+07  8.884810e+07  8.466724e+07
5.703040e+04  1.002301e+08  0.000000e+00  0.000000e+00  9.014269e+08  0.000000e+00  0.000000e+00  1.105975e+08  9.737442e+07  8.865362e+07  8.447909e+07
5.708836e+04  1.000961e+08  0.000000e+00  0.000000e+00  9.002214e+08  0.000000e+00  0.000000e+00  1.103776e+08  9.716798e+07  8.845968e+07  8.429202e+07
5.714639e+04  9.995549e+07  0.000000e+00  0.000000e+00  8.989570e+08  0.000000e+00  0.000000e+00  1.101579e+08  9.696173e+07  8.826598e+07  8.410458e+07
5.720447e+04  9.981496e+07  0.000000e+00  0.000000e+00  8.976931e+08  0.000000e+00  0.000000e+00  1.099390e+08  9.675557e+07  8.807218e+07  8.391731e+07
5.726261e+04  9.968100e+07  0.000000e+00  0.000000e+00  8.964883e+08  0.000000e+00  0.000000e+00  1.097203e+08  9.654986e+07  8.787907e+07  8.373079e+07
5.732081e+04  9.954706e+07  0.000000e+00  0.000000e+00  8.952837e+08  0.000000e+00  0.000000e+00  1.095010e+08  9.634435e+07  8.768593e+07  8.354429e+07
5.737907e+04  9.940665e+07  0.000000e+00  0.000000e+00  8.940209e+08  0.000000e+00  0.000000e+00  1.092832e+08  9.613915e+07  8.749296e+07  8.335808e+07
5.743738e+04  9.926630e+07  0.000000e+00  0.000000e+00  8.927587e+08  0.000000e+00  0.000000e+00  1.090645e+08  9.593422e+07  8.730028e+07  8.317191e+07
5.749576e+04  9.913246e+07  0.000000e+00  0.000000e+00  8.915550e+08  0.000000e+00  0.000000e+00  1.088465e+08  9.572947e+07  8.710780e+07  8.298583e+07
5.755420e+04  9.899838e+07  0.000000e+00  0.000000e+00  8.903491e+08  0.000000e+00  0.000000e+00  1.086288e+08  9.552484e+07  8.691581e+07  8.280028e+07
5.761269e+04  9.885750e+07  0.000000e+00  0.000000e+00  8.890821e+08  0.000000e+00  0.000000e+00  1.084112e+08  9.532062e+07  8.672373e+07  8.261469e+07
5.767125e+04  9.872296e+07  0.000000e+00  0.000000e+00  8.878722e+08  0.000000e+00  0.000000e+00  1.081941e+08  9.511663e+07  8.653210e+07  8.242948e+07
5.772986e+04  9.858207e+07  0.000000e+00  0.000000e+00  8.866050e+08  0.000000e+00  0.000000e+00  1.079771e+08  9.491266e+07  8.634057e+07  8.224492e+07
5.778854e+04  9.844760e+07  0.000000e+00  0.000000e+00  8.853956e+08  0.000000e+00  0.000000e+00  1.077601e+08  9.470921e+07  8.614945e+07  8.205994e+07
5.784727e+04  9.831317e+07  0.000000e+00  0.000000e+00  8.841866e+08  0.000000e+00  0.000000e+00  1.075438e+08  9.450589e+07  8.595851e+07  8.187530e+07
5.790607e+04  9.817239e+07  0.000000e+00  0.000000e+00  8.829205e+08  0.000000e+00  0.000000e+00  1.073273e+08  9.430274e+07  8.576778e+07  8.169107e+07
5.796492e+04  9.803804e+07  0.000000e+00  0.000000e+00  8.817122e+08  0.000000e+00  0.000000e+00  1.071111e+08  9.410007e+07  8.557736e+07  8.150701e+07
5.802383e+04  9.789737e+07  0.000000e+00  0.000000e+00  8.804471e+08  0.000000e+00  0.000000e+00  1.068956e+08  9.389753e+07  8.538708e+07  8.132327e+07
5.808281e+04  9.776940e+07  0.000000e+00  0.000000e+00  8.792962e+08  0.000000e+00  0.000000e+00  1.066798e+08  9.369517e+07  8.519695e+07  8.113967e+07
5.814184e+04  9.762881e+07  0.000000e+00  0.000000e+00  8.780318e+08  0.000000e+00  0.000000e+00  1.064649e+08  9.349299e+07  8.500706e+07  8.095639e+07
5.820093e+04  9.749457e+07  0.000000e+00  0.000000e+00  8.768245e+08  0.000000e+00  0.000000e+00  1.062495e+08  9.329117e+07  8.481768e+07  8.077352e+07
5.826009e+04  9.735409e+07  0.000000e+00  0.000000e+00  8.755611e+08  0.000000e+00  0.000000e+00  1.060344e+08  9.308958e+07  8.462817e+07  8.059077e+07
5.831930e+04  9.721993e+07  0.000000e+00  0.000000e+00  8.743545e+08  0.000000e+00  0.000000e+00  1.058200e+08  9.288819e+07  8.443903e+07  8.040788e+07
5.837857e+04  9.709205e+07  0.000000e+00  0.000000e+00  8.732044e+08  0.000000e+00  0.000000e+00  1.056055e+08  9.268715e+07  8.425022e+07  8.022562e+07
5.843791e+04  9.694548e+07  0.000000e+00  0.000000e+00  8.718862e+08  0.000000e+00  0.000000e+00  1.053914e+08  9.248615e+07  8.406178e+07  8.004358e+07
5.849730e+04  9.681764e+07  0.000000e+00  0.000000e+00  8.707365e+08  0.000000e+00  0.000000e+00  1.051775e+08  9.228562e+07  8.387330e+07  7.986158e+07
5.855675e+04  9.668362e+07  0.000000e+00  0.000000e+00  8.695311e+08  0.000000e+00  0.000000e+00  1.049637e+08  9.208504e+07  8.368514e+07  7.967970e+07
5.861627e+04  9.654343e+07  0.000000e+00  0.000000e+00  8.682703e+08  0.000000e+00  0.000000e+00  1.047506e+08  9.188504e+07  8.349727e+07  7.949846e+07
5.867585e+04  9.640947e+07  0.000000e+00  0.000000e+00  8.670656e+08  0.000000e+00  0.000000e+00  1.045375e+08  9.168507e+07  8.330976e+07  7.931698e+07
5.873548e+04  9.627556e+07  0.000000e+00  0.000000e+00  8.658612e+08  0.000000e+00  0.000000e+00  1.043243e+08  9.148550e+07  8.312224e+07  7.913630e+07
5.879518e+04  9.614780e+07  0.000000e+00  0.000000e+00  8.647123e+08  0.000000e+00  0.000000e+00  1.041118e+08  9.128606e+07  8.293502e+07  7.895522e+07
5.885493e+04  9.600169e+07  0.000000e+00  0.000000e+00  8.633982e+08  0.000000e+00  0.000000e+00  1.038989e+08  9.108682e+07  8.274815e+07  7.877503e+07
5.891475e+04  9.587401e+07  0.000000e+00  0.000000e+00  8.622499e+08  0.000000e+00  0.000000e+00  1.036870e+08  9.088784e+07  8.256145e+07  7.859440e+07
5.897463e+04  9.574022e+07  0.000000e+00  0.000000e+00  8.610466e+08  0.000000e+00  0.000000e+00  1.034748e+08  9.068931e+07  8.237498e+07  7.841449e+07
5.903457e+04  9.560648e+07  0.000000e+00  0.000000e+00  8.598438e+08  0.000000e+00  0.000000e+00  1.032629e+08  9.049081e+07  8.218879e+07  7.823449e+07
5.909457e+04  9.547276e+07  0.000000e+00  0.000000e+00  8.586412e+08  0.000000e+00  0.000000e+00  1.030511e+08  9.029275e+07  8.200261e+07  7.805495e+07
5.915463e+04  9.533908e+07  0.000000e+00  0.000000e+00  8.574390e+08  0.000000e+00  0.000000e+00  1.028398e+08  9.009459e+07  8.181697e+07  7.787589e+07
5.921476e+04  9.519942e+07  0.000000e+00  0.000000e+00  8.561829e+08  0.000000e+00  0.000000e+00  1.026289e+08  8.989696e+07  8.163147e+07  7.769657e+07
5.927494e+04  9.507187e+07  0.000000e+00  0.000000e+00  8.550358e+08  0.000000e+00  0.000000e+00  1.024180e+08  8.969947e+07  8.144620e+07  7.751773e+07
5.933518e+04  9.493831e+07  0.000000e+00  0.000000e+00  8.538346e+08  0.000000e+00  0.000000e+00  1.022078e+08  8.950236e+07  8.126121e+07  7.733888e+07
5.939549e+04  9.480479e+07  0.000000e+00  0.000000e+00  8.526338e+08  0.000000e+00  0.000000e+00  1.019971e+08  8.930530e+07  8.107631e+07  7.716059e+07
5.945586e+04  9.467131e+07  0.000000e+00  0.000000e+00  8.514333e+08  0.000000e+00  0.000000e+00  1.017874e+08  8.910857e+07  8.089184e+07  7.698246e+07
5.951629e+04  9.453787e+07  0.000000e+00  0.000000e+00  8.502332e+08  0.000000e+00  0.000000e+00  1.015774e+08  8.891209e+07  8.070732e+07  7.680466e+07
5.957678e+04  9.440447e+07  0.000000e+00  0.000000e+00  8.490334e+08  0.000000e+00  0.000000e+00  1.013679e+08  8.871593e+07  8.052336e+07  7.662684e+07
5.963733e+04  9.427111e+07  0.000000e+00  0.000000e+00  8.478341e+08  0.000000e+00  0.000000e+00  1.011584e+08  8.851992e+07  8.033944e+07  7.644933e+07
5.969794e+04  9.414372e+07  0.000000e+00  0.000000e+00  8.466884e+08  0.000000e+00  0.000000e+00  1.009489e+08  8.832412e+07  8.015604e+07  7.627213e+07
5.975862e+04  9.400452e+07  0.000000e+00  0.000000e+00  8.454365e+08  0.000000e+00  0.000000e+00  1.007405e+08  8.812876e+07  7.997247e+07  7.609495e+07
5.981935e+04  9.387718e+07  0.000000e+00  0.000000e+00  8.442913e+08  0.000000e+00  0.000000e+00  1.005318e+08  8.793342e+07  7.978954e+07  7.591812e+07
5.988015e+04  9.374397e+07  0.000000e+00  0.000000e+00  8.430932e+08  0.000000e+00  0.000000e+00  1.003234e+08  8.773842e+07  7.960666e+07  7.574176e+07
5.994101e+04  9.361081e+07  0.000000e+00  0.000000e+00  8.418956e+08  0.000000e+00  0.000000e+00  1.001149e+08  8.754358e+07  7.942385e+07  7.556533e+07
6.000193e+04  9.348355e+07  0.000000e+00  0.000000e+00  8.407511e+08  0.000000e+00  0.000000e+00  9.990722e+07  8.734913e+07  7.924160e+07  7.538932e+07
6.006292e+04  9.334463e+07  0.000000e+00  0.000000e+00  8.395017e+08  0.000000e+00  0.000000e+00  9.969977e+07  8.715498e+07  7.905930e+07  7.521334e+07
6.012396e+04  9.321741e+07  0.000000e+00  0.000000e+00  8.383576e+08  0.000000e+00  0.000000e+00  9.949194e+07  8.696093e+07  7.887737e+07  7.503765e+07
6.018507e+04  9.308441e+07  0.000000e+00  0.000000e+00  8.371614e+08  0.000000e+00  0.000000e+00  9.928512e+07  8.676703e+07  7.869578e+07  7.486247e+07
6.024624e+04  9.295714e+07  0.000000e+00  0.000000e+00  8.360168e+08  0.000000e+00  0.000000e+00  9.907800e+07  8.657364e+07  7.851425e+07  7.468719e+07
6.030747e+04  9.282375e+07  0.000000e+00  0.000000e+00  8.348171e+08  0.000000e+00  0.000000e+00  9.887096e+07  8.638025e+07  7.833307e+07  7.451204e+07
6.036877e+04  9.269017e+07  0.000000e+00  0.000000e+00  8.336158e+08  0.000000e+00  0.000000e+00  9.866483e+07  8.618713e+07  7.815224e+07  7.433752e+07
6.043012e+04  9.255666e+07  0.000000e+00  0.000000e+00  8.324151e+08  0.000000e+00  0.000000e+00  9.845871e+07  8.599431e+07  7.797144e+07  7.416288e+07
6.049154e+04  9.242892e+07  0.000000e+00  0.000000e+00  8.312662e+08  0.000000e+00  0.000000e+00  9.825248e+07  8.580197e+07  7.779089e+07  7.398872e+07
6.055302e+04  9.229547e+07  0.000000e+00  0.000000e+00  8.300660e+08  0.000000e+00  0.000000e+00  9.804714e+07  8.560950e+07  7.761055e+07  7.381484e+07
6.061457e+04  9.216780e+07  0.000000e+00  0.000000e+00  8.289178e+08  0.000000e+00  0.000000e+00  9.784133e+07  8.541744e+07  7.743055e+07  7.364097e+07
6.067617e+04  9.203443e+07  0.000000e+00  0.000000e+00  8.277183e+08  0.000000e+00  0.000000e+00  9.763603e+07  8.522563e+07  7.725075e+07  7.346742e+07
6.073784e+04  9.190113e+07  0.000000e+00  0.000000e+00  8.265195e+08  0.000000e+00  0.000000e+00  9.743119e+07  8.503404e+07  7.707142e+07  7.329447e+07
6.079957e+04  9.177355e+07  0.000000e+00  0.000000e+00  8.253721e+08  0.000000e+00  0.000000e+00  9.722624e+07  8.484278e+07  7.689200e+07  7.312134e+07
6.086137e+04  9.164033e+07  0.000000e+00  0.000000e+00  8.241740e+08  0.000000e+00  0.000000e+00  9.702191e+07  8.465164e+07  7.671309e+07  7.294821e+07
6.092322e+04  9.151279e+07  0.000000e+00  0.000000e+00  8.230269e+08  0.000000e+00  0.000000e+00  9.681737e+07  8.446087e+07  7.653424e+07  7.277602e+07
6.098514e+04  9.137966e+07  0.000000e+00  0.000000e+00  8.218296e+08  0.000000e+00  0.000000e+00  9.661377e+07  8.427026e+07  7.635560e+07  7.260360e+07
6.104713e+04  9.125220e+07  0.000000e+00  0.000000e+00  8.206833e+08  0.000000e+00  0.000000e+00  9.640965e+07  8.407997e+07  7.617726e+07  7.243158e+07
6.110917e+04  9.111916e+07  0.000000e+00  0.000000e+00  8.194868e+08  0.000000e+00  0.000000e+00  9.620606e+07  8.389004e+07  7.599921e+07  7.225963e+07
6.117128e+04  9.099175e+07  0.000000e+00  0.000000e+00  8.183409e+08  0.000000e+00  0.000000e+00  9.600267e+07  8.370021e+07  7.582127e+07  7.208786e+07
6.123346e+04  9.085880e+07  0.000000e+00  0.000000e+00  8.171453e+08  0.000000e+00  0.000000e+00  9.579964e+07  8.351047e+07  7.564367e+07  7.191628e+07
6.129569e+04  9.073147e+07  0.000000e+00  0.000000e+00  8.160001e+08  0.000000e+00  0.000000e+00  9.559693e+07  8.332121e+07  7.546619e+07  7.174523e+07
6.135799e+04  9.059863e+07  0.000000e+00  0.000000e+00  8.148053e+08  0.000000e+00  0.000000e+00  9.539421e+07  8.313213e+07  7.528908e+07  7.157458e+07
6.142035e+04  9.047688e+07  0.000000e+00  0.000000e+00  8.137104e+08  0.000000e+00  0.000000e+00  9.519174e+07  8.294332e+07  7.511217e+07  7.140382e+07
6.148278e+04  9.033859e+07  0.000000e+00  0.000000e+00  8.124667e+08  0.000000e+00  0.000000e+00  9.498966e+07  8.275463e+07  7.493560e+07  7.123307e+07
6.154527e+04  9.021689e+07  0.000000e+00  0.000000e+00  8.113722e+08  0.000000e+00  0.000000e+00  9.478806e+07  8.256637e+07  7.475925e+07  7.106315e+07
6.160782e+04  9.008421e+07  0.000000e+00  0.000000e+00  8.101789e+08  0.000000e+00  0.000000e+00  9.458650e+07  8.237834e+07  7.458295e+07  7.089305e+07
6.167043e+04  8.995161e+07  0.000000e+00  0.000000e+00  8.089863e+08  0.000000e+00  0.000000e+00  9.438507e+07  8.219058e+07  7.440706e+07  7.072340e+07
6.173311e+04  8.982996e+07  0.000000e+00  0.000000e+00  8.078923e+08  0.000000e+00  0.000000e+00  9.418404e+07  8.200295e+07  7.423142e+07  7.055356e+07
6.179586e+04  8.969743e+07  0.000000e+00  0.000000e+00  8.067003e+08  0.000000e+00  0.000000e+00  9.398328e+07  8.181570e+07  7.405585e+07  7.038457e+07
6.185866e+04  8.957039e+07  0.000000e+00  0.000000e+00  8.055578e+08  0.000000e+00  0.000000e+00  9.378269e+07  8.162851e+07  7.388075e+07  7.021536e+07
6.192153e+04  8.943796e+07  0.000000e+00  0.000000e+00  8.043668e+08  0.000000e+00  0.000000e+00  9.358225e+07  8.144165e+07  7.370560e+07  7.004631e+07
6.198447e+04  8.931641e+07  0.000000e+00  0.000000e+00  8.032736e+08  0.000000e+00  0.000000e+00  9.338204e+07  8.125517e+07  7.353100e+07  6.987790e+07
6.204747e+04  8.918406e+07  0.000000e+00  0.000000e+00  8.020833e+08  0.000000e+00  0.000000e+00  9.318218e+07  8.106888e+07  7.335641e+07  6.970977e+07
6.211053e+04  8.905716e+07  0.000000e+00  0.000000e+00  8.009421e+08  0.000000e+00  0.000000e+00  9.298257e+07  8.088260e+07  7.318224e+07  6.954133e+07
6.217366e+04  8.893030e+07  0.000000e+00  0.000000e+00  7.998011e+08  0.000000e+00  0.000000e+00  9.278307e+07  8.069686e+07  7.300813e+07  6.937348e+07
6.223685e+04  8.879810e+07  0.000000e+00  0.000000e+00  7.986122e+08  0.000000e+00  0.000000e+00  9.258385e+07  8.051123e+07  7.283451e+07  6.920580e+07
6.230010e+04  8.867132e+07  0.000000e+00  0.000000e+00  7.974720e+08  0.000000e+00  0.000000e+00  9.238497e+07  8.032570e+07  7.266097e+07  6.903850e+07
6.236342e+04  8.854991e+07  0.000000e+00  0.000000e+00  7.963800e+08  0.000000e+00  0.000000e+00  9.218624e+07  8.014053e+07  7.248757e+07  6.887140e+07
6.242681e+04  8.841785e+07  0.000000e+00  0.000000e+00  7.951923e+08  0.000000e+00  0.000000e+00  9.198782e+07  7.995555e+07  7.231453e+07  6.870439e+07
6.249025e+04  8.829117e+07  0.000000e+00  0.000000e+00  7.940530e+08  0.000000e+00  0.000000e+00  9.178960e+07  7.977097e+07  7.214174e+07  6.853779e+07
6.255377e+04  8.816452e+07  0.000000e+00  0.000000e+00  7.929140e+08  0.000000e+00  0.000000e+00  9.159157e+07  7.958649e+07  7.196900e+07  6.837131e+07
6.261734e+04  8.803792e+07  0.000000e+00  0.000000e+00  7.917754e+08  0.000000e+00  0.000000e+00  9.139407e+07  7.940239e+07  7.179658e+07  6.820483e+07
6.268099e+04  8.791135e+07  0.000000e+00  0.000000e+00  7.906371e+08  0.000000e+00  0.000000e+00  9.119671e+07  7.921871e+07  7.162464e+07  6.803909e+07
6.274469e+04  8.777955e+07  0.000000e+00  0.000000e+00  7.894518e+08  0.000000e+00  0.000000e+00  9.099957e+07  7.903517e+07  7.145281e+07  6.787292e+07
6.280846e+04  8.765832e+07  0.000000e+00  0.000000e+00  7.883614e+08  0.000000e+00  0.000000e+00  9.080257e+07  7.885181e+07  7.128144e+07  6.770742e+07
6.287230e+04  8.753185e+07  0.000000e+00  0.000000e+00  7.872241e+08  0.000000e+00  0.000000e+00  9.060545e+07  7.866867e+07  7.111017e+07  6.754221e+07
6.293620e+04  8.740542e+07  0.000000e+00  0.000000e+00  7.860870e+08  0.000000e+00  0.000000e+00  9.040864e+07  7.848538e+07  7.093916e+07  6.737705e+07
6.300017e+04  8.727384e+07  0.000000e+00  0.000000e+00  7.849036e+08  0.000000e+00  0.000000e+00  9.021188e+07  7.830232e+07  7.076801e+07  6.721326e+07
6.306420e+04  8.715269e+07  0.000000e+00  0.000000e+00  7.838140e+08  0.000000e+00  0.000000e+00  9.001572e+07  7.811952e+07  7.059681e+07  6.704794e+07
6.312947e+04  8.702697e+07  0.000000e+00  0.000000e+00  7.826834e+08  0.000000e+00  0.000000e+00  8.981634e+07  7.793399e+07  7.042273e+07  6.687959e+07
6.319598e+04  8.688915e+07  0.000000e+00  0.000000e+00  7.814439e+08  0.000000e+00  0.000000e+00  8.961392e+07  7.774553e+07  7.024647e+07  6.670986e+07
6.326256e+04  8.676133e+07  0.000000e+00  0.000000e+00  7.802943e+08  0.000000e+00  0.000000e+00  8.941183e+07  7.755754e+07  7.007064e+07  6.654052e+07
6.332921e+04  8.663354e+07  0.000000e+00  0.000000e+00  7.791451e+08  0.000000e+00  0.000000e+00  8.920975e+07  7.736966e+07  6.989496e+07  6.637076e+07
6.339593e+04  8.650084e+07  0.000000e+00  0.000000e+00  7.779516e+08  0.000000e+00  0.000000e+00  8.900819e+07  7.718197e+07  6.971950e+07  6.620141e+07
6.346273e+04  8.636819e+07  0.000000e+00  0.000000e+00  7.767586e+08  0.000000e+00  0.000000e+00  8.880663e+07  7.699459e+07  6.954419e+07  6.603257e+07
6.352959e+04  8.624050e+07  0.000000e+00  0.000000e+00  7.756102e+08  0.000000e+00  0.000000e+00  8.860532e+07  7.680748e+07  6.936916e+07  6.586353e+07
6.359652e+04  8.610795e+07  0.000000e+00  0.000000e+00  7.744181e+08  0.000000e+00  0.000000e+00  8.840422e+07  7.662037e+07  6.919426e+07  6.569471e+07
6.366352e+04  8.598034e+07  0.000000e+00  0.000000e+00  7.732705e+08  0.000000e+00  0.000000e+00  8.820340e+07  7.643366e+07  6.901955e+07  6.552676e+07
6.373060e+04  8.584787e+07  0.000000e+00  0.000000e+00  7.720791e+08  0.000000e+00  0.000000e+00  8.800291e+07  7.624721e+07  6.884544e+07  6.535857e+07
6.379774e+04  8.572032e+07  0.000000e+00  0.000000e+00  7.709320e+08  0.000000e+00  0.000000e+00  8.780263e+07  7.606104e+07  6.867119e+07  6.519079e+07
6.386496e+04  8.558797e+07  0.000000e+00  0.000000e+00  7.697416e+08  0.000000e+00  0.000000e+00  8.760246e+07  7.587522e+07  6.849738e+07  6.502319e+07
6.393224e+04  8.546050e+07  0.000000e+00  0.000000e+00  7.685952e+08  0.000000e+00  0.000000e+00  8.740275e+07  7.568957e+07  6.832391e+07  6.485570e+07
6.399960e+04  8.532824e+07  0.000000e+00  0.000000e+00  7.674057e+08  0.000000e+00  0.000000e+00  8.720327e+07  7.550424e+07  6.815053e+07  6.468838e+07
6.406703e+04  8.520567e+07  0.000000e+00  0.000000e+00  7.663034e+08  0.000000e+00  0.000000e+00  8.700407e+07  7.531902e+07  6.797767e+07  6.452178e+07
6.413453e+04  8.507348e+07  0.000000e+00  0.000000e+00  7.651145e+08  0.000000e+00  0.000000e+00  8.680502e+07  7.513413e+07  6.780476e+07  6.435491e+07
6.420210e+04  8.494136e+07  0.000000e+00  0.000000e+00  7.639263e+08  0.000000e+00  0.000000e+00  8.660636e+07  7.494968e+07  6.763230e+07  6.418875e+07
6.426974e+04  8.480931e+07  0.000000e+00  0.000000e+00  7.627387e+08  0.000000e+00  0.000000e+00  8.640792e+07  7.476539e+07  6.746002e+07  6.402283e+07
6.433745e+04  8.468684e+07  0.000000e+00  0.000000e+00  7.616373e+08  0.000000e+00  0.000000e+00  8.620975e+07  7.458120e+07  6.728795e+07  6.385700e+07
6.440523e+04  8.455488e+07  0.000000e+00  0.000000e+00  7.604504e+08  0.000000e+00  0.000000e+00  8.601167e+07  7.439759e+07  6.711613e+07  6.369136e+07
6.447309e+04  8.443245e+07  0.000000e+00  0.000000e+00  7.593494e+08  0.000000e+00  0.000000e+00  8.581420e+07  7.421396e+07  6.694463e+07  6.352603e+07
6.454102e+04  8.430056e+07  0.000000e+00  0.000000e+00  7.581633e+08  0.000000e+00  0.000000e+00  8.561669e+07  7.403076e+07  6.677343e+07  6.336067e+07
6.460901e+04  8.416875e+07  0.000000e+00  0.000000e+00  7.569778e+08  0.000000e+00  0.000000e+00  8.541957e+07  7.384778e+07  6.660263e+07  6.319596e+07
6.467708e+04  8.404642e+07  0.000000e+00  0.000000e+00  7.558775e+08  0.000000e+00  0.000000e+00  8.522264e+07  7.366501e+07  6.643188e+07  6.303130e+07
6.474523e+04  8.391470e+07  0.000000e+00  0.000000e+00  7.546930e+08  0.000000e+00  0.000000e+00  8.502611e+07  7.348254e+07  6.626142e+07  6.286695e+07
6.481344e+04  8.379241e+07  0.000000e+00  0.000000e+00  7.535932e+08  0.000000e+00  0.000000e+00  8.482972e+07  7.330031e+07  6.609108e+07  6.270316e+07
6.488172e+04  8.366079e+07  0.000000e+00  0.000000e+00  7.524094e+08  0.000000e+00  0.000000e+00  8.463374e+07  7.311845e+07  6.592129e+07  6.253928e+07
6.495008e+04  8.352923e+07  0.000000e+00  0.000000e+00  7.512262e+08  0.000000e+00  0.000000e+00  8.443773e+07  7.293675e+07  6.575141e+07  6.237549e+07
6.501851e+04  8.340704e+07  0.000000e+00  0.000000e+00  7.501273e+08  0.000000e+00  0.000000e+00  8.424233e+07  7.275546e+07  6.558216e+07  6.221212e+07
6.508701e+04  8.327558e+07  0.000000e+00  0.000000e+00  7.489450e+08  0.000000e+00  0.000000e+00  8.404687e+07  7.257431e+07  6.541289e+07  6.204913e+07
6.515558e+04  8.315344e+07  0.000000e+00  0.000000e+00  7.478465e+08  0.000000e+00  0.000000e+00  8.385193e+07  7.239345e+07  6.524394e+07  6.188649e+07
6.522423e+04  8.302210e+07  0.000000e+00  0.000000e+00  7.466653e+08  0.000000e+00  0.000000e+00  8.365719e+07  7.221296e+07  6.507530e+07  6.172387e+07
6.529295e+04  8.290001e+07  0.000000e+00  0.000000e+00  7.455672e+08  0.000000e+00  0.000000e+00  8.346259e+07  7.203247e+07  6.490698e+07  6.156155e+07
6.536174e+04  8.276876e+07  0.000000e+00  0.000000e+00  7.443869e+08  0.000000e+00  0.000000e+00  8.326832e+07  7.185250e+07  6.473886e+07  6.139920e+07
6.543060e+04  8.264673e+07  0.000000e+00  0.000000e+00  7.432894e+08  0.000000e+00  0.000000e+00  8.307441e+07  7.167279e+07  6.457087e+07  6.123743e+07
6.549954e+04  8.251560e+07  0.000000e+00  0.000000e+00  7.421100e+08  0.000000e+00  0.000000e+00  8.288061e+07  7.149313e+07  6.440331e+07  6.107615e+07
6.556855e+04  8.239363e+07  0.000000e+00  0.000000e+00  7.410131e+08  0.000000e+00  0.000000e+00  8.268730e+07  7.131395e+07  6.423598e+07  6.091463e+07
6.563763e+04  8.227168e+07  0.000000e+00  0.000000e+00  7.399163e+08  0.000000e+00  0.000000e+00  8.249407e+07  7.113501e+07  6.406869e+07  6.075375e+07
6.570678e+04  8.213162e+07  0.000000e+00  0.000000e+00  7.386567e+08  0.000000e+00  0.000000e+00  8.230116e+07  7.095627e+07  6.390185e+07  6.059295e+07
6.577601e+04  8.201880e+07  0.000000e+00  0.000000e+00  7.376421e+08  0.000000e+00  0.000000e+00  8.210838e+07  7.077778e+07  6.373523e+07  6.043236e+07
6.584531e+04  8.188793e+07  0.000000e+00  0.000000e+00  7.364651e+08  0.000000e+00  0.000000e+00  8.191592e+07  7.059947e+07  6.356898e+07  6.027213e+07
6.591468e+04  8.175712e+07  0.000000e+00  0.000000e+00  7.352886e+08  0.000000e+00  0.000000e+00  8.172384e+07  7.042167e+07  6.340290e+07  6.011206e+07
6.598412e+04  8.164431e+07  0.000000e+00  0.000000e+00  7.342740e+08  0.000000e+00  0.000000e+00  8.153198e+07  7.024392e+07  6.323701e+07  5.995212e+07
6.605364e+04  8.150459e+07  0.000000e+00  0.000000e+00  7.330174e+08  0.000000e+00  0.000000e+00  8.134036e+07  7.006644e+07  6.307150e+07  5.979243e+07
6.612323e+04  8.139145e+07  0.000000e+00  0.000000e+00  7.319999e+08  0.000000e+00  0.000000e+00  8.114899e+07  6.988937e+07  6.290606e+07  5.963323e+07
6.619290e+04  8.126033e+07  0.000000e+00  0.000000e+00  7.308206e+08  0.000000e+00  0.000000e+00  8.095794e+07  6.971255e+07  6.274096e+07  5.947396e+07
6.626264e+04  8.112928e+07  0.000000e+00  0.000000e+00  7.296421e+08  0.000000e+00  0.000000e+00  8.076705e+07  6.953584e+07  6.257617e+07  5.931516e+07
6.633245e+04  8.100715e+07  0.000000e+00  0.000000e+00  7.285437e+08  0.000000e+00  0.000000e+00  8.057651e+07  6.935960e+07  6.241160e+07  5.915664e+07
6.640234e+04  8.088503e+07  0.000000e+00  0.000000e+00  7.274454e+08  0.000000e+00  0.000000e+00  8.038621e+07  6.918351e+07  6.224732e+07  5.899857e+07
6.647229e+04  8.076293e+07  0.000000e+00  0.000000e+00  7.263473e+08  0.000000e+00  0.000000e+00  8.019621e+07  6.900775e+07  6.208328e+07  5.884022e+07
6.654233e+04  8.063210e+07  0.000000e+00  0.000000e+00  7.251707e+08  0.000000e+00  0.000000e+00  8.000645e+07  6.883213e+07  6.191959e+07  5.868261e+07
6.661243e+04  8.051009e+07  0.000000e+00  0.000000e+00  7.240734e+08  0.000000e+00  0.000000e+00  7.981683e+07  6.865688e+07  6.175613e+07  5.852495e+07
6.668261e+04  8.037937e+07  0.000000e+00  0.000000e+00  7.228977e+08  0.000000e+00  0.000000e+00  7.962769e+07  6.848187e+07  6.159270e+07  5.836776e+07
6.675287e+04  8.026615e+07  0.000000e+00  0.000000e+00  7.218795e+08  0.000000e+00  0.000000e+00  7.943861e+07  6.830710e+07  6.142978e+07  5.821074e+07
6.682320e+04  8.013552e+07  0.000000e+00  0.000000e+00  7.207047e+08  0.000000e+00  0.000000e+00  7.924995e+07  6.813267e+07  6.126698e+07  5.805403e+07
6.689360e+04  8.000500e+07  0.000000e+00  0.000000e+00  7.195308e+08  0.000000e+00  0.000000e+00  7.906145e+07  6.795837e+07  6.110457e+07  5.789726e+07
6.696408e+04  7.989182e+07  0.000000e+00  0.000000e+00  7.185129e+08  0.000000e+00  0.000000e+00  7.887339e+07  6.778446e+07  6.094217e+07  5.774090e+07
6.703463e+04  7.976137e+07  0.000000e+00  0.000000e+00  7.173397e+08  0.000000e+00  0.000000e+00  7.868549e+07  6.761078e+07  6.078027e+07  5.758484e+07
6.710525e+04  7.963961e+07  0.000000e+00  0.000000e+00  7.162446e+08  0.000000e+00  0.000000e+00  7.849771e+07  6.743738e+07  6.061843e+07  5.742909e+07
6.717595e+04  7.950932e+07  0.000000e+00  0.000000e+00  7.150728e+08  0.000000e+00  0.000000e+00  7.831033e+07  6.726420e+07  6.045713e+07  5.727366e+07
6.724673e+04  7.939620e+07  0.000000e+00  0.000000e+00  7.140555e+08  0.000000e+00  0.000000e+00  7.812331e+07  6.709133e+07  6.029586e+07  5.711830e+07
6.731758e+04  7.926600e+07  0.000000e+00  0.000000e+00  7.128845e+08  0.000000e+00  0.000000e+00  7.793645e+07  6.691874e+07  6.013497e+07  5.696325e+07
6.738850e+04  7.914439e+07  0.000000e+00  0.000000e+00  7.117908e+08  0.000000e+00  0.000000e+00  7.774980e+07  6.674630e+07  5.997413e+07  5.680833e+07
6.745950e+04  7.902280e+07  0.000000e+00  0.000000e+00  7.106973e+08  0.000000e+00  0.000000e+00  7.756338e+07  6.657428e+07  5.981374e+07  5.665388e+07
6.753057e+04  7.889279e+07  0.000000e+00  0.000000e+00  7.095281e+08  0.000000e+00  0.000000e+00  7.737733e+07  6.640241e+07  5.965356e+07  5.649948e+07
6.760172e+04  7.877974e+07  0.000000e+00  0.000000e+00  7.085113e+08  0.000000e+00  0.000000e+00  7.719162e+07  6.623088e+07  5.949357e+07  5.634566e+07
6.767294e+04  7.864984e+07  0.000000e+00  0.000000e+00  7.073431e+08  0.000000e+00  0.000000e+00  7.700610e+07  6.605945e+07  5.933397e+07  5.619168e+07
6.774424e+04  7.852843e+07  0.000000e+00  0.000000e+00  7.062511e+08  0.000000e+00  0.000000e+00  7.682071e+07  6.588853e+07  5.917456e+07  5.603817e+07
6.781561e+04  7.840705e+07  0.000000e+00  0.000000e+00  7.051595e+08  0.000000e+00  0.000000e+00  7.663567e+07  6.571764e+07  5.901538e+07  5.588491e+07
6.788706e+04  7.828570e+07  0.000000e+00  0.000000e+00  7.040681e+08  0.000000e+00  0.000000e+00  7.645099e+07  6.554723e+07  5.885647e+07  5.573191e+07
6.795859e+04  7.816438e+07  0.000000e+00  0.000000e+00  7.029770e+08  0.000000e+00  0.000000e+00  7.626640e+07  6.537697e+07  5.869784e+07  5.557902e+07
6.803018e+04  7.803479e+07  0.000000e+00  0.000000e+00  7.018116e+08  0.000000e+00  0.000000e+00  7.608234e+07  6.520692e+07  5.853936e+07  5.542623e+07
6.810186e+04  7.791360e+07  0.000000e+00  0.000000e+00  7.007216e+08  0.000000e+00  0.000000e+00  7.589831e+07  6.503731e+07  5.838117e+07  5.527412e+07
6.817361e+04  7.780068e+07  0.000000e+00  0.000000e+00  6.997061e+08  0.000000e+00  0.000000e+00  7.571453e+07  6.486771e+07  5.822323e+07  5.512181e+07
6.824543e+04  7.767126e+07  0.000000e+00  0.000000e+00  6.985421e+08  0.000000e+00  0.000000e+00  7.553108e+07  6.469852e+07  5.806572e+07  5.497011e+07
6.831733e+04  7.755016e+07  0.000000e+00  0.000000e+00  6.974530e+08  0.000000e+00  0.000000e+00  7.534804e+07  6.452959e+07  5.790829e+07  5.481866e+07
6.838931e+04  7.742911e+07  0.000000e+00  0.000000e+00  6.963643e+08  0.000000e+00  0.000000e+00  7.516510e+07  6.436108e+07  5.775107e+07  5.466716e+07
6.846136e+04  7.730808e+07  0.000000e+00  0.000000e+00  6.952758e+08  0.000000e+00  0.000000e+00  7.498243e+07  6.419255e+07  5.759428e+07  5.451614e+07
6.853349e+04  7.718710e+07  0.000000e+00  0.000000e+00  6.941878e+08  0.000000e+00  0.000000e+00  7.480011e+07  6.402455e+07  5.743774e+07  5.436519e+07
6.860570e+04  7.706616e+07  0.000000e+00  0.000000e+00  6.931001e+08  0.000000e+00  0.000000e+00  7.461781e+07  6.385666e+07  5.728135e+07  5.421462e+07
6.867798e+04  7.694526e+07  0.000000e+00  0.000000e+00  6.920127e+08  0.000000e+00  0.000000e+00  7.443609e+07  6.368903e+07  5.712527e+07  5.406456e+07
6.875033e+04  7.682439e+07  0.000000e+00  0.000000e+00  6.909257e+08  0.000000e+00  0.000000e+00  7.425435e+07  6.352167e+07  5.696931e+07  5.391419e+07
6.882277e+04  7.670356e+07  0.000000e+00  0.000000e+00  6.898391e+08  0.000000e+00  0.000000e+00  7.407299e+07  6.335463e+07  5.681365e+07  5.376433e+07
6.889528e+04  7.658279e+07  0.000000e+00  0.000000e+00  6.887528e+08  0.000000e+00  0.000000e+00  7.389193e+07  6.318786e+07  5.665831e+07  5.361498e+07
6.896786e+04  7.646205e+07  0.000000e+00  0.000000e+00  6.876670e+08  0.000000e+00  0.000000e+00  7.371109e+07  6.302119e+07  5.650321e+07  5.346547e+07
6.904052e+04  7.634136e+07  0.000000e+00  0.000000e+00  6.865816e+08  0.000000e+00  0.000000e+00  7.353057e+07  6.285503e+07  5.634845e+07  5.331632e+07
6.911326e+04  7.622071e+07  0.000000e+00  0.000000e+00  6.854965e+08  0.000000e+00  0.000000e+00  7.335030e+07  6.268889e+07  5.619388e+07  5.316753e+07
6.918608e+04  7.610000e+07  0.000000e+00  0.000000e+00  6.844109e+08  0.000000e+00  0.000000e+00  7.317026e+07  6.252310e+07  5.603955e+07  5.301888e+07
6.925897e+04  7.597912e+07  0.000000e+00  0.000000e+00  6.833237e+08  0.000000e+00  0.000000e+00  7.299052e+07  6.235774e+07  5.588545e+07  5.287073e+07
6.933194e+04  7.586610e+07  0.000000e+00  0.000000e+00  6.823072e+08  0.000000e+00  0.000000e+00  7.281101e+07  6.219239e+07  5.573155e+07  5.272245e+07
6.940499e+04  7.573727e+07  0.000000e+00  0.000000e+00  6.811487e+08  0.000000e+00  0.000000e+00  7.263169e+07  6.202741e+07  5.557809e+07  5.257484e+07
6.947811e+04  7.561643e+07  0.000000e+00  0.000000e+00  6.800619e+08  0.000000e+00  0.000000e+00  7.245269e+07  6.186282e+07  5.542473e+07  5.242714e+07
6.955131e+04  7.550351e+07  0.000000e+00  0.000000e+00  6.790463e+08  0.000000e+00  0.000000e+00  7.227392e+07  6.169827e+07  5.527164e+07  5.227967e+07
6.962459e+04  7.537489e+07  0.000000e+00  0.000000e+00  6.778896e+08  0.000000e+00  0.000000e+00  7.209542e+07  6.153425e+07  5.511888e+07  5.213270e+07
6.969794e+04  7.526202e+07  0.000000e+00  0.000000e+00  6.768744e+08  0.000000e+00  0.000000e+00  7.191725e+07  6.137028e+07  5.496629e+07  5.198564e+07
6.977137e+04  7.514134e+07  0.000000e+00  0.000000e+00  6.757891e+08  0.000000e+00  0.000000e+00  7.173929e+07  6.120662e+07  5.481405e+07  5.183907e+07
6.984488e+04  7.502072e+07  0.000000e+00  0.000000e+00  6.747043e+08  0.000000e+00  0.000000e+00  7.156170e+07  6.104320e+07  5.466206e+07  5.169263e+07
6.991847e+04  7.490014e+07  0.000000e+00  0.000000e+00  6.736198e+08  0.000000e+00  0.000000e+00  7.138427e+07  6.088014e+07  5.451029e+07  5.154662e+07
6.999213e+04  7.478734e+07  0.000000e+00  0.000000e+00  6.726054e+08  0.000000e+00  0.000000e+00  7.120713e+07  6.071721e+07  5.435863e+07  5.140065e+07
7.006587e+04  7.465912e+07  0.000000e+00  0.000000e+00  6.714522e+08  0.000000e+00  0.000000e+00  7.103018e+07  6.055470e+07  5.420732e+07  5.125520e+07
7.013969e+04  7.454639e+07  0.000000e+00  0.000000e+00  6.704384e+08  0.000000e+00  0.000000e+00  7.085360e+07  6.039238e+07  5.405641e+07  5.110977e+07
7.021359e+04  7.442599e+07  0.000000e+00  0.000000e+00  6.693555e+08  0.000000e+00  0.000000e+00  7.067727e+07  6.023025e+07  5.390549e+07  5.096454e+07
7.028756e+04  7.430564e+07  0.000000e+00  0.000000e+00  6.682732e+08  0.000000e+00  0.000000e+00  7.050116e+07  6.006850e+07  5.375501e+07  5.081973e+07
7.036161e+04  7.418535e+07  0.000000e+00  0.000000e+00  6.671914e+08  0.000000e+00  0.000000e+00  7.032544e+07  5.990687e+07  5.360478e+07  5.067497e+07
7.043574e+04  7.407272e+07  0.000000e+00  0.000000e+00  6.661784e+08  0.000000e+00  0.000000e+00  7.014981e+07  5.974566e+07  5.345475e+07  5.053074e+07
7.050995e+04  7.394492e+07  0.000000e+00  0.000000e+00  6.650290e+08  0.000000e+00  0.000000e+00  6.997458e+07  5.958460e+07  5.330509e+07  5.038634e+07
7.058424e+04  7.383993e+07  0.000000e+00  0.000000e+00  6.640848e+08  0.000000e+00  0.000000e+00  6.979953e+07  5.942388e+07  5.315545e+07  5.024260e+07
7.065861e+04  7.371224e+07  0.000000e+00  0.000000e+00  6.629364e+08  0.000000e+00  0.000000e+00  6.962481e+07  5.926344e+07  5.300620e+07  5.009906e+07
7.073305e+04  7.359219e+07  0.000000e+00  0.000000e+00  6.618567e+08  0.000000e+00  0.000000e+00  6.945036e+07  5.910327e+07  5.285719e+07  4.995563e+07
7.080757e+04  7.347971e+07  0.000000e+00  0.000000e+00  6.608451e+08  0.000000e+00  0.000000e+00  6.927605e+07  5.894327e+07  5.270852e+07  4.981221e+07
7.088217e+04  7.336724e+07  0.000000e+00  0.000000e+00  6.598336e+08  0.000000e+00  0.000000e+00  6.910208e+07  5.878351e+07  5.255997e+07  4.966937e+07
7.095685e+04  7.323982e+07  0.000000e+00  0.000000e+00  6.586877e+08  0.000000e+00  0.000000e+00  6.892838e+07  5.862404e+07  5.241175e+07  4.952664e+07
7.103161e+04  7.312742e+07  0.000000e+00  0.000000e+00  6.576768e+08  0.000000e+00  0.000000e+00  6.875493e+07  5.846491e+07  5.226367e+07  4.938424e+07
7.110644e+04  7.300761e+07  0.000000e+00  0.000000e+00  6.565992e+08  0.000000e+00  0.000000e+00  6.858174e+07  5.830594e+07  5.211595e+07  4.924203e+07
7.118136e+04  7.288784e+07  0.000000e+00  0.000000e+00  6.555221e+08  0.000000e+00  0.000000e+00  6.840895e+07  5.814731e+07  5.196844e+07  4.910019e+07
7.125635e+04  7.277553e+07  0.000000e+00  0.000000e+00  6.545120e+08  0.000000e+00  0.000000e+00  6.823634e+07  5.798884e+07  5.182119e+07  4.895848e+07
7.133143e+04  7.265587e+07  0.000000e+00  0.000000e+00  6.534358e+08  0.000000e+00  0.000000e+00  6.806395e+07  5.783079e+07  5.167405e+07  4.881688e+07
7.140658e+04  7.254362e+07  0.000000e+00  0.000000e+00  6.524263e+08  0.000000e+00  0.000000e+00  6.789184e+07  5.767281e+07  5.152744e+07  4.867568e+07
7.148181e+04  7.242402e+07  0.000000e+00  0.000000e+00  6.513507e+08  0.000000e+00  0.000000e+00  6.772001e+07  5.751525e+07  5.138079e+07  4.853483e+07
7.155712e+04  7.230451e+07  0.000000e+00  0.000000e+00  6.502759e+08  0.000000e+00  0.000000e+00  6.754842e+07  5.735790e+07  5.123452e+07  4.839377e+07
7.163251e+04  7.219235e+07  0.000000e+00  0.000000e+00  6.492671e+08  0.000000e+00  0.000000e+00  6.737702e+07  5.720085e+07  5.108851e+07  4.825339e+07
7.170798e+04  7.207292e+07  0.000000e+00  0.000000e+00  6.481931e+08  0.000000e+00  0.000000e+00  6.720595e+07  5.704393e+07  5.094289e+07  4.811321e+07
7.178353e+04  7.196082e+07  0.000000e+00  0.000000e+00  6.471849e+08  0.000000e+00  0.000000e+00  6.703519e+07  5.688738e+07  5.079730e+07  4.797325e+07
7.185916e+04  7.184149e+07  0.000000e+00  0.000000e+00  6.461117e+08  0.000000e+00  0.000000e+00  6.686469e+07  5.673101e+07  5.065196e+07  4.783339e+07
7.193487e+04  7.172224e+07  0.000000e+00  0.000000e+00  6.450392e+08  0.000000e+00  0.000000e+00  6.669435e+07  5.657498e+07  5.050703e+07  4.769383e+07
7.201066e+04  7.161024e+07  0.000000e+00  0.000000e+00  6.440319e+08  0.000000e+00  0.000000e+00  6.652426e+07  5.641928e+07  5.036223e+07  4.755476e+07
7.208652e+04  7.149825e+07  0.000000e+00  0.000000e+00  6.430247e+08  0.000000e+00  0.000000e+00  6.635463e+07  5.626370e+07  5.021786e+07  4.741561e+07
7.216247e+04  7.137198e+07  0.000000e+00  0.000000e+00  6.418890e+08  0.000000e+00  0.000000e+00  6.618509e+07  5.610838e+07  5.007346e+07  4.727674e+07
7.223850e+04  7.126724e+07  0.000000e+00  0.000000e+00  6.409471e+08  0.000000e+00  0.000000e+00  6.601577e+07  5.595339e+07  4.992956e+07  4.713828e+07
7.231461e+04  7.114821e+07  0.000000e+00  0.000000e+00  6.398766e+08  0.000000e+00  0.000000e+00  6.584693e+07  5.579866e+07  4.978576e+07  4.700011e+07
7.239080e+04  7.102926e+07  0.000000e+00  0.000000e+00  6.388068e+08  0.000000e+00  0.000000e+00  6.567813e+07  5.564417e+07  4.964225e+07  4.686204e+07
7.246706e+04  7.091732e+07  0.000000e+00  0.000000e+00  6.378001e+08  0.000000e+00  0.000000e+00  6.550966e+07  5.548997e+07  4.949896e+07  4.672427e+07
7.254341e+04  7.080527e+07  0.000000e+00  0.000000e+00  6.367923e+08  0.000000e+00  0.000000e+00  6.534162e+07  5.533602e+07  4.935600e+07  4.658649e+07
7.261984e+04  7.068615e+07  0.000000e+00  0.000000e+00  6.357210e+08  0.000000e+00  0.000000e+00  6.517369e+07  5.518236e+07  4.921324e+07  4.644939e+07
7.269635e+04  7.056710e+07  0.000000e+00  0.000000e+00  6.346504e+08  0.000000e+00  0.000000e+00  6.500607e+07  5.502890e+07  4.907066e+07  4.631217e+07
7.277294e+04  7.045514e+07  0.000000e+00  0.000000e+00  6.336434e+08  0.000000e+00  0.000000e+00  6.483856e+07  5.487576e+07  4.892852e+07  4.617523e+07
7.284961e+04  7.034320e+07  0.000000e+00  0.000000e+00  6.326367e+08  0.000000e+00  0.000000e+00  6.467146e+07  5.472282e+07  4.878646e+07  4.603866e+07
7.292637e+04  7.022430e+07  0.000000e+00  0.000000e+00  6.315674e+08  0.000000e+00  0.000000e+00  6.450469e+07  5.457017e+07  4.864462e+07  4.590239e+07
7.300320e+04  7.011243e+07  0.000000e+00  0.000000e+00  6.305613e+08  0.000000e+00  0.000000e+00  6.433804e+07  5.441779e+07  4.850325e+07  4.576622e+07
7.308011e+04  7.000059e+07  0.000000e+00  0.000000e+00  6.295554e+08  0.000000e+00  0.000000e+00  6.417182e+07  5.426557e+07  4.836197e+07  4.563022e+07
7.315711e+04  6.988186e+07  0.000000e+00  0.000000e+00  6.284876e+08  0.000000e+00  0.000000e+00  6.400568e+07  5.411372e+07  4.822085e+07  4.549474e+07
7.323418e+04  6.977009e+07  0.000000e+00  0.000000e+00  6.274824e+08  0.000000e+00  0.000000e+00  6.384001e+07  5.396224e+07  4.808005e+07  4.535942e+07
7.331134e+04  6.965148e+07  0.000000e+00  0.000000e+00  6.264156e+08  0.000000e+00  0.000000e+00  6.367440e+07  5.381079e+07  4.793963e+07  4.522407e+07
7.338858e+04  6.953980e+07  0.000000e+00  0.000000e+00  6.254112e+08  0.000000e+00  0.000000e+00  6.350910e+07  5.365976e+07  4.779941e+07  4.508922e+07
7.346590e+04  6.942814e+07  0.000000e+00  0.000000e+00  6.244070e+08  0.000000e+00  0.000000e+00  6.334419e+07  5.350903e+07  4.765933e+07  4.495444e+07
7.354330e+04  6.931651e+07  0.000000e+00  0.000000e+00  6.234031e+08  0.000000e+00  0.000000e+00  6.317950e+07  5.335844e+07  4.751957e+07  4.482018e+07
7.362078e+04  6.919810e+07  0.000000e+00  0.000000e+00  6.223382e+08  0.000000e+00  0.000000e+00  6.301495e+07  5.320813e+07  4.737997e+07  4.468572e+07
7.369835e+04  6.908656e+07  0.000000e+00  0.000000e+00  6.213350e+08  0.000000e+00  0.000000e+00  6.285060e+07  5.305804e+07  4.724083e+07  4.455200e+07
7.377599e+04  6.896828e+07  0.000000e+00  0.000000e+00  6.202712e+08  0.000000e+00  0.000000e+00  6.268668e+07  5.290817e+07  4.710167e+07  4.441811e+07
7.385372e+04  6.885683e+07  0.000000e+00  0.000000e+00  6.192689e+08  0.000000e+00  0.000000e+00  6.252287e+07  5.275862e+07  4.696289e+07  4.428469e+07
7.393153e+04  6.875214e+07  0.000000e+00  0.000000e+00  6.183273e+08  0.000000e+00  0.000000e+00  6.235932e+07  5.260919e+07  4.682435e+07  4.415138e+07
7.400942e+04  6.862729e+07  0.000000e+00  0.000000e+00  6.172045e+08  0.000000e+00  0.000000e+00  6.219615e+07  5.246002e+07  4.668609e+07  4.401837e+07
7.408740e+04  6.852265e+07  0.000000e+00  0.000000e+00  6.162635e+08  0.000000e+00  0.000000e+00  6.203313e+07  5.231116e+07  4.654805e+07  4.388561e+07
7.416545e+04  6.840464e+07  0.000000e+00  0.000000e+00  6.152021e+08  0.000000e+00  0.000000e+00  6.187034e+07  5.216265e+07  4.641013e+07  4.375332e+07
7.424359e+04  6.829338e+07  0.000000e+00  0.000000e+00  6.142015e+08  0.000000e+00  0.000000e+00  6.170801e+07  5.201423e+07  4.627248e+07  4.362080e+07
7.432181e+04  6.818214e+07  0.000000e+00  0.000000e+00  6.132011e+08  0.000000e+00  0.000000e+00  6.154611e+07  5.186626e+07  4.613524e+07  4.348891e+07
7.440011e+04  6.807094e+07  0.000000e+00  0.000000e+00  6.122009e+08  0.000000e+00  0.000000e+00  6.138442e+07  5.171868e+07  4.599812e+07  4.335701e+07
7.447850e+04  6.795976e+07  0.000000e+00  0.000000e+00  6.112011e+08  0.000000e+00  0.000000e+00  6.122301e+07  5.157136e+07  4.586128e+07  4.322543e+07
7.455697e+04  6.784205e+07  0.000000e+00  0.000000e+00  6.101424e+08  0.000000e+00  0.000000e+00  6.106166e+07  5.142435e+07  4.572476e+07  4.309406e+07
7.463552e+04  6.773098e+07  0.000000e+00  0.000000e+00  6.091435e+08  0.000000e+00  0.000000e+00  6.090044e+07  5.127747e+07  4.558882e+07  4.296298e+07
7.471415e+04  6.761994e+07  0.000000e+00  0.000000e+00  6.081449e+08  0.000000e+00  0.000000e+00  6.073912e+07  5.113058e+07  4.545300e+07  4.283190e+07
7.479287e+04  6.750895e+07  0.000000e+00  0.000000e+00  6.071466e+08  0.000000e+00  0.000000e+00  6.057797e+07  5.098377e+07  4.531729e+07  4.270147e+07
7.487167e+04  6.739799e+07  0.000000e+00  0.000000e+00  6.061487e+08  0.000000e+00  0.000000e+00  6.041729e+07  5.083702e+07  4.518126e+07  4.257216e+07
7.495055e+04  6.728707e+07  0.000000e+00  0.000000e+00  6.051511e+08  0.000000e+00  0.000000e+00  6.025713e+07  5.069074e+07  4.504525e+07  4.244139e+07
7.503181e+04  6.716896e+07  0.000000e+00  0.000000e+00  6.040889e+08  0.000000e+00  0.000000e+00  6.009274e+07  5.054082e+07  4.490590e+07  4.230618e+07
7.511545e+04  6.704978e+07  0.000000e+00  0.000000e+00  6.030171e+08  0.000000e+00  0.000000e+00  5.992420e+07  5.038718e+07  4.476329e+07  4.216945e+07
7.519919e+04  6.693675e+07  0.000000e+00  0.000000e+00  6.020005e+08  0.000000e+00  0.000000e+00  5.975602e+07  5.023391e+07  4.462131e+07  4.203326e+07
7.528302e+04  6.681766e+07  0.000000e+00  0.000000e+00  6.009295e+08  0.000000e+00  0.000000e+00  5.958804e+07  5.008071e+07  4.447939e+07  4.189646e+07
7.536694e+04  6.669862e+07  0.000000e+00  0.000000e+00  5.998589e+08  0.000000e+00  0.000000e+00  5.942021e+07  4.992787e+07  4.433761e+07  4.176034e+07
7.545096e+04  6.657965e+07  0.000000e+00  0.000000e+00  5.987889e+08  0.000000e+00  0.000000e+00  5.925261e+07  4.977519e+07  4.419596e+07  4.162416e+07
7.553507e+04  6.646675e+07  0.000000e+00  0.000000e+00  5.977736e+08  0.000000e+00  0.000000e+00  5.908530e+07  4.962272e+07  4.405472e+07  4.148824e+07
7.561928e+04  6.634787e+07  0.000000e+00  0.000000e+00  5.967044e+08  0.000000e+00  0.000000e+00  5.891833e+07  4.947059e+07  4.391375e+07  4.135270e+07
7.570357e+04  6.623503e+07  0.000000e+00  0.000000e+00  5.956896e+08  0.000000e+00  0.000000e+00  5.875162e+07  4.931881e+07  4.377291e+07  4.121741e+07
7.578797e+04  6.611029e+07  0.000000e+00  0.000000e+00  5.945677e+08  0.000000e+00  0.000000e+00  5.858518e+07  4.916715e+07  4.363246e+07  4.108232e+07
7.587245e+04  6.599749e+07  0.000000e+00  0.000000e+00  5.935532e+08  0.000000e+00  0.000000e+00  5.841898e+07  4.901584e+07  4.349219e+07  4.094749e+07
7.595703e+04  6.588459e+07  0.000000e+00  0.000000e+00  5.925379e+08  0.000000e+00  0.000000e+00  5.825311e+07  4.886480e+07  4.335223e+07  4.081287e+07
7.604171e+04  6.575985e+07  0.000000e+00  0.000000e+00  5.914160e+08  0.000000e+00  0.000000e+00  5.808763e+07  4.871413e+07  4.321257e+07  4.067858e+07
7.612648e+04  6.564702e+07  0.000000e+00  0.000000e+00  5.904013e+08  0.000000e+00  0.000000e+00  5.792238e+07  4.856369e+07  4.307324e+07  4.054462e+07
7.621134e+04  6.553422e+07  0.000000e+00  0.000000e+00  5.893867e+08  0.000000e+00  0.000000e+00  5.775736e+07  4.841360e+07  4.293397e+07  4.041090e+07
7.629630e+04  6.541556e+07  0.000000e+00  0.000000e+00  5.883196e+08  0.000000e+00  0.000000e+00  5.759262e+07  4.826362e+07  4.279527e+07  4.027727e+07
7.638135e+04  6.529697e+07  0.000000e+00  0.000000e+00  5.872530e+08  0.000000e+00  0.000000e+00  5.742818e+07  4.811404e+07  4.265660e+07  4.014399e+07
7.646650e+04  6.518428e+07  0.000000e+00  0.000000e+00  5.862396e+08  0.000000e+00  0.000000e+00  5.726415e+07  4.796472e+07  4.251828e+07  4.001108e+07
7.655174e+04  6.506581e+07  0.000000e+00  0.000000e+00  5.851741e+08  0.000000e+00  0.000000e+00  5.710018e+07  4.781578e+07  4.238029e+07  3.987855e+07
7.663708e+04  6.495320e+07  0.000000e+00  0.000000e+00  5.841613e+08  0.000000e+00  0.000000e+00  5.693677e+07  4.766709e+07  4.224251e+07  3.974592e+07
7.672252e+04  6.483483e+07  0.000000e+00  0.000000e+00  5.830968e+08  0.000000e+00  0.000000e+00  5.677348e+07  4.751861e+07  4.210490e+07  3.961400e+07
7.680804e+04  6.471653e+07  0.000000e+00  0.000000e+00  5.820328e+08  0.000000e+00  0.000000e+00  5.661056e+07  4.737037e+07  4.196766e+07  3.948184e+07
7.689367e+04  6.460405e+07  0.000000e+00  0.000000e+00  5.810212e+08  0.000000e+00  0.000000e+00  5.644778e+07  4.722252e+07  4.183071e+07  3.935021e+07
7.697939e+04  6.449160e+07  0.000000e+00  0.000000e+00  5.800099e+08  0.000000e+00  0.000000e+00  5.628541e+07  4.707493e+07  4.169410e+07  3.921881e+07
7.706520e+04  6.437346e+07  0.000000e+00  0.000000e+00  5.789474e+08  0.000000e+00  0.000000e+00  5.612335e+07  4.692765e+07  4.155761e+07  3.908785e+07
7.715111e+04  6.426109e+07  0.000000e+00  0.000000e+00  5.779367e+08  0.000000e+00  0.000000e+00  5.596157e+07  4.678058e+07  4.142144e+07  3.895678e+07
7.723712e+04  6.414306e+07  0.000000e+00  0.000000e+00  5.768753e+08  0.000000e+00  0.000000e+00  5.580001e+07  4.663379e+07  4.128567e+07  3.882631e+07
7.732322e+04  6.403077e+07  0.000000e+00  0.000000e+00  5.758654e+08  0.000000e+00  0.000000e+00  5.563881e+07  4.648728e+07  4.114996e+07  3.869610e+07
7.740942e+04  6.391287e+07  0.000000e+00  0.000000e+00  5.748050e+08  0.000000e+00  0.000000e+00  5.547784e+07  4.634123e+07  4.101462e+07  3.856576e+07
7.749571e+04  6.380630e+07  0.000000e+00  0.000000e+00  5.738466e+08  0.000000e+00  0.000000e+00  5.531724e+07  4.619528e+07  4.087962e+07  3.843616e+07
7.758210e+04  6.368288e+07  0.000000e+00  0.000000e+00  5.727366e+08  0.000000e+00  0.000000e+00  5.515689e+07  4.604972e+07  4.074472e+07  3.830638e+07
7.766859e+04  6.357076e+07  0.000000e+00  0.000000e+00  5.717283e+08  0.000000e+00  0.000000e+00  5.499671e+07  4.590438e+07  4.061016e+07  3.817726e+07
7.775517e+04  6.345869e+07  0.000000e+00  0.000000e+00  5.707204e+08  0.000000e+00  0.000000e+00  5.483705e+07  4.575923e+07  4.047594e+07  3.804813e+07
7.784185e+04  6.334666e+07  0.000000e+00  0.000000e+00  5.697128e+08  0.000000e+00  0.000000e+00  5.467748e+07  4.561449e+07  4.034197e+07  3.791942e+07
7.792863e+04  6.322909e+07  0.000000e+00  0.000000e+00  5.686554e+08  0.000000e+00  0.000000e+00  5.451828e+07  4.547003e+07  4.020828e+07  3.779084e+07
7.801550e+04  6.311715e+07  0.000000e+00  0.000000e+00  5.676487e+08  0.000000e+00  0.000000e+00  5.435941e+07  4.532582e+07  4.007484e+07  3.766266e+07
7.810247e+04  6.300523e+07  0.000000e+00  0.000000e+00  5.666421e+08  0.000000e+00  0.000000e+00  5.420077e+07  4.518197e+07  3.994154e+07  3.753467e+07
7.818954e+04  6.288785e+07  0.000000e+00  0.000000e+00  5.655865e+08  0.000000e+00  0.000000e+00  5.404245e+07  4.503827e+07  3.980868e+07  3.740695e+07
7.827670e+04  6.277604e+07  0.000000e+00  0.000000e+00  5.645809e+08  0.000000e+00  0.000000e+00  5.388439e+07  4.489501e+07  3.967598e+07  3.727929e+07
7.836396e+04  6.266426e+07  0.000000e+00  0.000000e+00  5.635756e+08  0.000000e+00  0.000000e+00  5.372666e+07  4.475189e+07  3.954361e+07  3.715206e+07
7.845132e+04  6.255252e+07  0.000000e+00  0.000000e+00  5.625706e+08  0.000000e+00  0.000000e+00  5.356922e+07  4.460911e+07  3.941155e+07  3.702517e+07
7.853878e+04  6.243538e+07  0.000000e+00  0.000000e+00  5.615171e+08  0.000000e+00  0.000000e+00  5.341201e+07  4.446662e+07  3.927964e+07  3.689837e+07
7.862633e+04  6.232375e+07  0.000000e+00  0.000000e+00  5.605132e+08  0.000000e+00  0.000000e+00  5.325512e+07  4.432437e+07  3.914811e+07  3.677202e+07
7.871398e+04  6.221215e+07  0.000000e+00  0.000000e+00  5.595095e+08  0.000000e+00  0.000000e+00  5.309861e+07  4.418244e+07  3.901669e+07  3.664576e+07
7.880173e+04  6.210060e+07  0.000000e+00  0.000000e+00  5.585063e+08  0.000000e+00  0.000000e+00  5.294235e+07  4.404082e+07  3.888562e+07  3.651991e+07
7.888957e+04  6.198908e+07  0.000000e+00  0.000000e+00  5.575033e+08  0.000000e+00  0.000000e+00  5.278624e+07  4.389937e+07  3.875488e+07  3.639408e+07
7.897752e+04  6.187225e+07  0.000000e+00  0.000000e+00  5.564526e+08  0.000000e+00  0.000000e+00  5.263059e+07  4.375827e+07  3.862443e+07  3.626877e+07
7.906556e+04  6.176085e+07  0.000000e+00  0.000000e+00  5.554507e+08  0.000000e+00  0.000000e+00  5.247515e+07  4.361752e+07  3.849417e+07  3.614362e+07
7.915370e+04  6.164949e+07  0.000000e+00  0.000000e+00  5.544491e+08  0.000000e+00  0.000000e+00  5.232005e+07  4.347693e+07  3.836408e+07  3.601882e+07
7.924194e+04  6.153817e+07  0.000000e+00  0.000000e+00  5.534480e+08  0.000000e+00  0.000000e+00  5.216515e+07  4.333671e+07  3.823442e+07  3.589391e+07
7.933028e+04  6.142689e+07  0.000000e+00  0.000000e+00  5.524472e+08  0.000000e+00  0.000000e+00  5.201056e+07  4.319667e+07  3.810500e+07  3.576973e+07
7.941871e+04  6.131565e+07  0.000000e+00  0.000000e+00  5.514467e+08  0.000000e+00  0.000000e+00  5.185643e+07  4.305698e+07  3.797578e+07  3.564537e+07
7.950725e+04  6.120441e+07  0.000000e+00  0.000000e+00  5.504463e+08  0.000000e+00  0.000000e+00  5.170237e+07  4.291763e+07  3.784680e+07  3.552152e+07
7.959588e+04  6.109320e+07  0.000000e+00  0.000000e+00  5.494461e+08  0.000000e+00  0.000000e+00  5.154877e+07  4.277846e+07  3.771822e+07  3.539804e+07
7.968461e+04  6.097681e+07  0.000000e+00  0.000000e+00  5.483994e+08  0.000000e+00  0.000000e+00  5.139528e+07  4.263952e+07  3.758984e+07  3.527470e+07
7.977344e+04  6.087095e+07  0.000000e+00  0.000000e+00  5.474473e+08  0.000000e+00  0.000000e+00  5.124221e+07  4.250103e+07  3.746171e+07  3.515158e+07
7.986237e+04  6.075988e+07  0.000000e+00  0.000000e+00  5.464484e+08  0.000000e+00  0.000000e+00  5.108937e+07  4.236263e+07  3.733374e+07  3.502862e+07
7.995140e+04  6.064367e+07  0.000000e+00  0.000000e+00  5.454033e+08  0.000000e+00  0.000000e+00  5.093683e+07  4.222473e+07  3.720615e+07  3.490606e+07
8.004053e+04  6.053790e+07  0.000000e+00  0.000000e+00  5.444520e+08  0.000000e+00  0.000000e+00  5.078454e+07  4.208691e+07  3.707875e+07  3.478363e+07
8.012975e+04  6.042698e+07  0.000000e+00  0.000000e+00  5.434545e+08  0.000000e+00  0.000000e+00  5.063253e+07  4.194947e+07  3.695177e+07  3.466144e+07
8.021908e+04  6.031611e+07  0.000000e+00  0.000000e+00  5.424573e+08  0.000000e+00  0.000000e+00  5.048088e+07  4.181224e+07  3.682492e+07  3.453970e+07
8.030851e+04  6.020016e+07  0.000000e+00  0.000000e+00  5.414145e+08  0.000000e+00  0.000000e+00  5.032957e+07  4.167536e+07  3.669835e+07  3.441804e+07
8.039803e+04  6.009454e+07  0.000000e+00  0.000000e+00  5.404646e+08  0.000000e+00  0.000000e+00  5.017843e+07  4.153874e+07  3.657204e+07  3.429689e+07
8.048766e+04  5.998382e+07  0.000000e+00  0.000000e+00  5.394688e+08  0.000000e+00  0.000000e+00  5.002754e+07  4.140236e+07  3.644604e+07  3.417583e+07
8.057738e+04  5.987315e+07  0.000000e+00  0.000000e+00  5.384736e+08  0.000000e+00  0.000000e+00  4.987703e+07  4.126627e+07  3.632020e+07  3.405488e+07
8.066721e+04  5.976254e+07  0.000000e+00  0.000000e+00  5.374787e+08  0.000000e+00  0.000000e+00  4.972668e+07  4.113049e+07  3.619473e+07  3.393442e+07
8.075713e+04  5.965703e+07  0.000000e+00  0.000000e+00  5.365298e+08  0.000000e+00  0.000000e+00  4.957680e+07  4.099498e+07  3.606954e+07  3.381408e+07
8.084716e+04  5.954146e+07  0.000000e+00  0.000000e+00  5.354905e+08  0.000000e+00  0.000000e+00  4.942702e+07  4.085971e+07  3.594449e+07  3.369399e+07
8.093729e+04  5.943603e+07  0.000000e+00  0.000000e+00  5.345423e+08  0.000000e+00  0.000000e+00  4.927758e+07  4.072467e+07  3.581971e+07  3.357422e+07
8.102751e+04  5.932562e+07  0.000000e+00  0.000000e+00  5.335492e+08  0.000000e+00  0.000000e+00  4.912849e+07  4.059006e+07  3.569530e+07  3.345459e+07
8.111784e+04  5.921525e+07  0.000000e+00  0.000000e+00  5.325567e+08  0.000000e+00  0.000000e+00  4.897961e+07  4.045561e+07  3.557106e+07  3.333535e+07
8.120827e+04  5.910494e+07  0.000000e+00  0.000000e+00  5.315646e+08  0.000000e+00  0.000000e+00  4.883112e+07  4.032149e+07  3.544713e+07  3.321630e+07
8.129880e+04  5.899470e+07  0.000000e+00  0.000000e+00  5.305731e+08  0.000000e+00  0.000000e+00  4.868278e+07  4.018758e+07  3.532340e+07  3.309758e+07
8.138943e+04  5.888945e+07  0.000000e+00  0.000000e+00  5.296265e+08  0.000000e+00  0.000000e+00  4.853479e+07  4.005408e+07  3.520004e+07  3.297891e+07
8.148016e+04  5.877928e+07  0.000000e+00  0.000000e+00  5.286358e+08  0.000000e+00  0.000000e+00  4.838714e+07  3.992070e+07  3.507689e+07  3.286077e+07
8.157099e+04  5.866918e+07  0.000000e+00  0.000000e+00  5.276455e+08  0.000000e+00  0.000000e+00  4.823974e+07  3.978772e+07  3.495402e+07  3.274265e+07
8.166192e+04  5.855914e+07  0.000000e+00  0.000000e+00  5.266559e+08  0.000000e+00  0.000000e+00  4.809258e+07  3.965489e+07  3.483137e+07  3.262485e+07
8.175296e+04  5.845405e+07  0.000000e+00  0.000000e+00  5.257107e+08  0.000000e+00  0.000000e+00  4.794569e+07  3.952237e+07  3.470895e+07  3.250744e+07
8.184410e+04  5.834409e+07  0.000000e+00  0.000000e+00  5.247218e+08  0.000000e+00  0.000000e+00  4.779924e+07  3.939020e+07  3.458685e+07  3.239017e+07
8.193533e+04  5.823907e+07  0.000000e+00  0.000000e+00  5.237773e+08  0.000000e+00  0.000000e+00  4.765295e+07  3.925834e+07  3.446503e+07  3.227309e+07
8.202667e+04  5.812437e+07  0.000000e+00  0.000000e+00  5.227457e+08  0.000000e+00  0.000000e+00  4.750689e+07  3.912664e+07  3.434349e+07  3.215628e+07
8.211811e+04  5.801943e+07  0.000000e+00  0.000000e+00  5.218020e+08  0.000000e+00  0.000000e+00  4.736129e+07  3.899529e+07  3.422203e+07  3.203964e+07
8.220966e+04  5.791453e+07  0.000000e+00  0.000000e+00  5.208585e+08  0.000000e+00  0.000000e+00  4.721582e+07  3.886416e+07  3.410109e+07  3.192339e+07
8.230130e+04  5.780484e+07  0.000000e+00  0.000000e+00  5.198720e+08  0.000000e+00  0.000000e+00  4.707080e+07  3.873325e+07  3.398025e+07  3.180732e+07
8.239305e+04  5.769522e+07  0.000000e+00  0.000000e+00  5.188861e+08  0.000000e+00  0.000000e+00  4.692591e+07  3.860276e+07  3.385968e+07  3.169165e+07
8.248490e+04  5.759042e+07  0.000000e+00  0.000000e+00  5.179436e+08  0.000000e+00  0.000000e+00  4.678139e+07  3.847248e+07  3.373937e+07  3.157622e+07
8.257685e+04  5.748090e+07  0.000000e+00  0.000000e+00  5.169587e+08  0.000000e+00  0.000000e+00  4.663709e+07  3.834244e+07  3.361942e+07  3.146088e+07
8.266891e+04  5.737145e+07  0.000000e+00  0.000000e+00  5.159743e+08  0.000000e+00  0.000000e+00  4.649313e+07  3.821269e+07  3.349955e+07  3.134590e+07
8.276106e+04  5.726679e+07  0.000000e+00  0.000000e+00  5.150330e+08  0.000000e+00  0.000000e+00  4.634947e+07  3.808324e+07  3.338012e+07  3.123111e+07
8.285332e+04  5.715744e+07  0.000000e+00  0.000000e+00  5.140496e+08  0.000000e+00  0.000000e+00  4.620613e+07  3.795401e+07  3.326088e+07  3.111665e+07
8.294569e+04  5.705286e+07  0.000000e+00  0.000000e+00  5.131091e+08  0.000000e+00  0.000000e+00  4.606299e+07  3.782508e+07  3.314181e+07  3.100217e+07
8.303815e+04  5.694832e+07  0.000000e+00  0.000000e+00  5.121688e+08  0.000000e+00  0.000000e+00  4.592021e+07  3.769645e+07  3.302307e+07  3.088825e+07
8.313072e+04  5.683912e+07  0.000000e+00  0.000000e+00  5.111868e+08  0.000000e+00  0.000000e+00  4.577762e+07  3.756814e+07  3.290457e+07  3.077447e+07
8.322339e+04  5.673004e+07  0.000000e+00  0.000000e+00  5.102057e+08  0.000000e+00  0.000000e+00  4.563544e+07  3.744006e+07  3.278644e+07  3.066084e+07
8.331617e+04  5.662571e+07  0.000000e+00  0.000000e+00  5.092675e+08  0.000000e+00  0.000000e+00  4.549338e+07  3.731218e+07  3.266840e+07  3.054775e+07
8.340905e+04  5.652140e+07  0.000000e+00  0.000000e+00  5.083294e+08  0.000000e+00  0.000000e+00  4.535179e+07  3.718457e+07  3.255071e+07  3.043452e+07
8.350203e+04  5.641252e+07  0.000000e+00  0.000000e+00  5.073501e+08  0.000000e+00  0.000000e+00  4.521035e+07  3.705733e+07  3.243322e+07  3.032193e+07
8.359512e+04  5.630831e+07  0.000000e+00  0.000000e+00  5.064129e+08  0.000000e+00  0.000000e+00  4.506920e+07  3.693033e+07  3.231604e+07  3.020919e+07
8.368830e+04  5.619954e+07  0.000000e+00  0.000000e+00  5.054346e+08  0.000000e+00  0.000000e+00  4.492840e+07  3.680361e+07  3.219906e+07  3.009689e+07
8.378160e+04  5.609542e+07  0.000000e+00  0.000000e+00  5.044983e+08  0.000000e+00  0.000000e+00  4.478790e+07  3.667704e+07  3.208240e+07  2.998485e+07
8.387500e+04  5.599134e+07  0.000000e+00  0.000000e+00  5.035621e+08  0.000000e+00  0.000000e+00  4.464759e+07  3.655087e+07  3.196601e+07  2.987322e+07
8.396850e+04  5.588273e+07  0.000000e+00  0.000000e+00  5.025854e+08  0.000000e+00  0.000000e+00  4.450767e+07  3.642488e+07  3.184979e+07  2.976166e+07
8.406210e+04  5.577874e+07  0.000000e+00  0.000000e+00  5.016502e+08  0.000000e+00  0.000000e+00  4.436790e+07  3.629931e+07  3.173387e+07  2.965023e+07
8.415581e+04  5.567479e+07  0.000000e+00  0.000000e+00  5.007153e+08  0.000000e+00  0.000000e+00  4.422853e+07  3.617391e+07  3.161815e+07  2.953933e+07
8.424963e+04  5.556636e+07  0.000000e+00  0.000000e+00  4.997401e+08  0.000000e+00  0.000000e+00  4.408939e+07  3.604871e+07  3.150274e+07  2.942841e+07
8.434355e+04  5.546251e+07  0.000000e+00  0.000000e+00  4.988061e+08  0.000000e+00  0.000000e+00  4.395042e+07  3.592392e+07  3.138761e+07  2.931776e+07
8.443757e+04  5.535869e+07  0.000000e+00  0.000000e+00  4.978724e+08  0.000000e+00  0.000000e+00  4.381182e+07  3.579934e+07  3.127269e+07  2.920762e+07
8.453170e+04  5.525043e+07  0.000000e+00  0.000000e+00  4.968988e+08  0.000000e+00  0.000000e+00  4.367357e+07  3.567500e+07  3.115800e+07  2.909744e+07
8.462594e+04  5.515117e+07  0.000000e+00  0.000000e+00  4.960061e+08  0.000000e+00  0.000000e+00  4.353550e+07  3.555091e+07  3.104370e+07  2.898769e+07
8.472027e+04  5.504303e+07  0.000000e+00  0.000000e+00  4.950335e+08  0.000000e+00  0.000000e+00  4.339781e+07  3.542709e+07  3.092957e+07  2.887801e+07
8.481472e+04  5.493939e+07  0.000000e+00  0.000000e+00  4.941014e+08  0.000000e+00  0.000000e+00  4.326029e+07  3.530362e+07  3.081560e+07  2.876867e+07
8.490927e+04  5.483138e+07  0.000000e+00  0.000000e+00  4.931300e+08  0.000000e+00  0.000000e+00  4.312316e+07  3.518039e+07  3.070205e+07  2.865957e+07
8.500392e+04  5.473225e+07  0.000000e+00  0.000000e+00  4.922384e+08  0.000000e+00  0.000000e+00  4.298622e+07  3.505747e+07  3.058866e+07  2.855075e+07
8.509868e+04  5.462434e+07  0.000000e+00  0.000000e+00  4.912680e+08  0.000000e+00  0.000000e+00  4.284955e+07  3.493472e+07  3.047553e+07  2.844211e+07
8.519355e+04  5.452090e+07  0.000000e+00  0.000000e+00  4.903377e+08  0.000000e+00  0.000000e+00  4.271332e+07  3.481230e+07  3.036265e+07  2.833387e+07
8.528852e+04  5.441750e+07  0.000000e+00  0.000000e+00  4.894077e+08  0.000000e+00  0.000000e+00  4.257717e+07  3.469011e+07  3.025007e+07  2.822568e+07
8.538360e+04  5.431414e+07  0.000000e+00  0.000000e+00  4.884782e+08  0.000000e+00  0.000000e+00  4.244143e+07  3.456827e+07  3.013765e+07  2.811800e+07
8.547878e+04  5.421082e+07  0.000000e+00  0.000000e+00  4.875490e+08  0.000000e+00  0.000000e+00  4.230598e+07  3.444665e+07  3.002555e+07  2.801025e+07
8.557407e+04  5.410755e+07  0.000000e+00  0.000000e+00  4.866202e+08  0.000000e+00  0.000000e+00  4.217073e+07  3.432528e+07  2.991374e+07  2.790290e+07
8.566947e+04  5.400431e+07  0.000000e+00  0.000000e+00  4.856917e+08  0.000000e+00  0.000000e+00  4.203581e+07  3.420417e+07  2.980211e+07  2.779586e+07
8.576497e+04  5.389684e+07  0.000000e+00  0.000000e+00  4.847252e+08  0.000000e+00  0.000000e+00  4.190105e+07  3.408336e+07  2.969077e+07  2.768907e+07
8.586058e+04  5.379802e+07  0.000000e+00  0.000000e+00  4.838364e+08  0.000000e+00  0.000000e+00  4.176678e+07  3.396284e+07  2.957967e+07  2.758242e+07
8.595629e+04  5.369066e+07  0.000000e+00  0.000000e+00  4.828709e+08  0.000000e+00  0.000000e+00  4.163270e+07  3.384256e+07  2.946883e+07  2.747607e+07
8.605211e+04  5.359191e+07  0.000000e+00  0.000000e+00  4.819828e+08  0.000000e+00  0.000000e+00  4.149880e+07  3.372254e+07  2.935826e+07  2.736983e+07
8.614804e+04  5.348892e+07  0.000000e+00  0.000000e+00  4.810565e+08  0.000000e+00  0.000000e+00  4.136529e+07  3.360290e+07  2.924800e+07  2.726397e+07
8.624408e+04  5.338174e+07  0.000000e+00  0.000000e+00  4.800925e+08  0.000000e+00  0.000000e+00  4.123211e+07  3.348335e+07  2.913792e+07  2.715834e+07
8.634022e+04  5.328309e+07  0.000000e+00  0.000000e+00  4.792054e+08  0.000000e+00  0.000000e+00  4.109911e+07  3.336421e+07  2.902803e+07  2.705291e+07
8.643647e+04  5.318025e+07  0.000000e+00  0.000000e+00  4.782805e+08  0.000000e+00  0.000000e+00  4.096640e+07  3.324530e+07  2.891844e+07  2.694764e+07
8.653283e+04  5.307326e+07  0.000000e+00  0.000000e+00  4.773182e+08  0.000000e+00  0.000000e+00  4.083406e+07  3.312665e+07  2.880917e+07  2.684285e+07
8.662929e+04  5.297473e+07  0.000000e+00  0.000000e+00  4.764321e+08  0.000000e+00  0.000000e+00  4.070200e+07  3.300825e+07  2.869999e+07  2.673813e+07
8.672587e+04  5.287204e+07  0.000000e+00  0.000000e+00  4.755086e+08  0.000000e+00  0.000000e+00  4.057016e+07  3.289013e+07  2.859117e+07  2.663372e+07
8.682255e+04  5.276941e+07  0.000000e+00  0.000000e+00  4.745855e+08  0.000000e+00  0.000000e+00  4.043865e+07  3.277223e+07  2.848259e+07  2.652946e+07
8.691933e+04  5.266683e+07  0.000000e+00  0.000000e+00  4.736630e+08  0.000000e+00  0.000000e+00  4.030737e+07  3.265474e+07  2.837437e+07  2.642539e+07
8.701623e+04  5.256842e+07  0.000000e+00  0.000000e+00  4.727779e+08  0.000000e+00  0.000000e+00  4.017644e+07  3.253735e+07  2.826633e+07  2.632158e+07
8.711323e+04  5.246188e+07  0.000000e+00  0.000000e+00  4.718197e+08  0.000000e+00  0.000000e+00  4.004563e+07  3.242032e+07  2.815848e+07  2.621821e+07
8.721034e+04  5.236374e+07  0.000000e+00  0.000000e+00  4.709371e+08  0.000000e+00  0.000000e+00  3.991525e+07  3.230354e+07  2.805089e+07  2.611488e+07
8.730756e+04  5.226155e+07  0.000000e+00  0.000000e+00  4.700181e+08  0.000000e+00  0.000000e+00  3.978510e+07  3.218701e+07  2.794370e+07  2.601196e+07
8.740489e+04  5.215943e+07  0.000000e+00  0.000000e+00  4.690996e+08  0.000000e+00  0.000000e+00  3.965511e+07  3.207076e+07  2.783660e+07  2.590911e+07
8.750233e+04  5.205736e+07  0.000000e+00  0.000000e+00  4.681816e+08  0.000000e+00  0.000000e+00  3.952552e+07  3.195473e+07  2.772986e+07  2.580665e+07
8.759987e+04  5.195941e+07  0.000000e+00  0.000000e+00  4.673007e+08  0.000000e+00  0.000000e+00  3.939611e+07  3.183892e+07  2.762329e+07  2.570436e+07
8.769753e+04  5.185743e+07  0.000000e+00  0.000000e+00  4.663835e+08  0.000000e+00  0.000000e+00  3.926697e+07  3.172334e+07  2.751688e+07  2.560238e+07
8.779529e+04  5.175550e+07  0.000000e+00  0.000000e+00  4.654669e+08  0.000000e+00  0.000000e+00  3.913798e+07  3.160804e+07  2.741077e+07  2.550062e+07
8.789316e+04  5.165364e+07  0.000000e+00  0.000000e+00  4.645508e+08  0.000000e+00  0.000000e+00  3.900940e+07  3.149296e+07  2.730498e+07  2.539903e+07
8.799114e+04  5.155584e+07  0.000000e+00  0.000000e+00  4.636712e+08  0.000000e+00  0.000000e+00  3.888117e+07  3.137816e+07  2.719939e+07  2.529794e+07
8.808923e+04  5.145407e+07  0.000000e+00  0.000000e+00  4.627559e+08  0.000000e+00  0.000000e+00  3.875319e+07  3.126371e+07  2.709399e+07  2.519682e+07
8.818743e+04  5.135634e+07  0.000000e+00  0.000000e+00  4.618770e+08  0.000000e+00  0.000000e+00  3.862551e+07  3.114954e+07  2.698892e+07  2.509593e+07
8.828574e+04  5.125070e+07  0.000000e+00  0.000000e+00  4.609269e+08  0.000000e+00  0.000000e+00  3.849833e+07  3.103565e+07  2.688403e+07  2.499531e+07
8.838416e+04  5.115307e+07  0.000000e+00  0.000000e+00  4.600489e+08  0.000000e+00  0.000000e+00  3.837146e+07  3.092213e+07  2.677949e+07  2.489502e+07
8.848269e+04  5.105546e+07  0.000000e+00  0.000000e+00  4.591710e+08  0.000000e+00  0.000000e+00  3.824478e+07  3.080903e+07  2.667519e+07  2.479478e+07
8.858133e+04  5.095395e+07  0.000000e+00  0.000000e+00  4.582581e+08  0.000000e+00  0.000000e+00  3.811828e+07  3.069614e+07  2.657114e+07  2.469483e+07
8.868008e+04  5.085251e+07  0.000000e+00  0.000000e+00  4.573457e+08  0.000000e+00  0.000000e+00  3.799174e+07  3.058338e+07  2.646757e+07  2.459525e+07
8.877894e+04  5.075503e+07  0.000000e+00  0.000000e+00  4.564690e+08  0.000000e+00  0.000000e+00  3.786513e+07  3.047059e+07  2.636441e+07  2.449589e+07
8.887790e+04  5.065368e+07  0.000000e+00  0.000000e+00  4.555576e+08  0.000000e+00  0.000000e+00  3.773885e+07  3.035780e+07  2.626104e+07  2.439683e+07
8.897698e+04  5.055629e+07  0.000000e+00  0.000000e+00  4.546817e+08  0.000000e+00  0.000000e+00  3.761294e+07  3.024529e+07  2.615753e+07  2.429871e+07
8.907617e+04  5.045505e+07  0.000000e+00  0.000000e+00  4.537711e+08  0.000000e+00  0.000000e+00  3.748770e+07  3.013330e+07  2.605400e+07  2.419953e+07
8.917964e+04  5.035181e+07  0.000000e+00  0.000000e+00  4.528426e+08  0.000000e+00  0.000000e+00  3.735766e+07  3.001712e+07  2.594695e+07  2.409565e+07
8.928741e+04  5.024417e+07  0.000000e+00  0.000000e+00  4.518746e+08  0.000000e+00  0.000000e+00  3.722285e+07  2.989686e+07  2.583626e+07  2.399001e+07
8.939530e+04  5.014012e+07  0.000000e+00  0.000000e+00  4.509388e+08  0.000000e+00  0.000000e+00  3.708835e+07  2.977674e+07  2.572604e+07  2.388412e+07
8.950332e+04  5.002905e+07  0.000000e+00  0.000000e+00  4.499399e+08  0.000000e+00  0.000000e+00  3.695398e+07  2.965691e+07  2.561576e+07  2.377836e+07
8.961148e+04  4.992510e+07  0.000000e+00  0.000000e+00  4.490050e+08  0.000000e+00  0.000000e+00  3.681998e+07  2.953732e+07  2.550574e+07  2.367278e+07
8.971976e+04  4.981417e+07  0.000000e+00  0.000000e+00  4.480073e+08  0.000000e+00  0.000000e+00  3.668612e+07  2.941798e+07  2.539609e+07  2.356744e+07
8.982818e+04  4.971031e+07  0.000000e+00  0.000000e+00  4.470733e+08  0.000000e+00  0.000000e+00  3.655262e+07  2.929885e+07  2.528652e+07  2.346257e+07
8.993672e+04  4.960302e+07  0.000000e+00  0.000000e+00  4.461083e+08  0.000000e+00  0.000000e+00  3.641945e+07  2.918015e+07  2.517742e+07  2.335779e+07
9.004540e+04  4.949577e+07  0.000000e+00  0.000000e+00  4.451438e+08  0.000000e+00  0.000000e+00  3.628657e+07  2.906175e+07  2.506852e+07  2.325333e+07
9.015421e+04  4.939206e+07  0.000000e+00  0.000000e+00  4.442111e+08  0.000000e+00  0.000000e+00  3.615405e+07  2.894358e+07  2.495995e+07  2.314920e+07
9.026315e+04  4.928148e+07  0.000000e+00  0.000000e+00  4.432166e+08  0.000000e+00  0.000000e+00  3.602183e+07  2.882575e+07  2.485164e+07  2.304533e+07
9.037222e+04  4.917787e+07  0.000000e+00  0.000000e+00  4.422847e+08  0.000000e+00  0.000000e+00  3.588996e+07  2.870819e+07  2.474354e+07  2.294167e+07
9.048143e+04  4.907428e+07  0.000000e+00  0.000000e+00  4.413531e+08  0.000000e+00  0.000000e+00  3.575832e+07  2.859104e+07  2.463586e+07  2.283823e+07
9.059076e+04  4.896391e+07  0.000000e+00  0.000000e+00  4.403605e+08  0.000000e+00  0.000000e+00  3.562706e+07  2.847412e+07  2.452841e+07  2.273527e+07
9.070023e+04  4.886045e+07  0.000000e+00  0.000000e+00  4.394300e+08  0.000000e+00  0.000000e+00  3.549611e+07  2.835747e+07  2.442123e+07  2.263250e+07
9.080983e+04  4.875363e+07  0.000000e+00  0.000000e+00  4.384693e+08  0.000000e+00  0.000000e+00  3.536549e+07  2.824125e+07  2.431443e+07  2.253004e+07
9.091956e+04  4.865025e+07  0.000000e+00  0.000000e+00  4.375395e+08  0.000000e+00  0.000000e+00  3.523523e+07  2.812524e+07  2.420783e+07  2.242768e+07
9.102943e+04  4.854354e+07  0.000000e+00  0.000000e+00  4.365798e+08  0.000000e+00  0.000000e+00  3.510530e+07  2.800953e+07  2.410151e+07  2.232591e+07
9.113943e+04  4.843691e+07  0.000000e+00  0.000000e+00  4.356208e+08  0.000000e+00  0.000000e+00  3.497560e+07  2.789415e+07  2.399550e+07  2.222410e+07
9.124956e+04  4.833386e+07  0.000000e+00  0.000000e+00  4.346941e+08  0.000000e+00  0.000000e+00  3.484627e+07  2.777900e+07  2.388981e+07  2.212283e+07
9.135982e+04  4.822773e+07  0.000000e+00  0.000000e+00  4.337396e+08  0.000000e+00  0.000000e+00  3.471727e+07  2.766429e+07  2.378437e+07  2.202157e+07
9.147022e+04  4.812499e+07  0.000000e+00  0.000000e+00  4.328156e+08  0.000000e+00  0.000000e+00  3.458858e+07  2.754979e+07  2.367922e+07  2.192088e+07
9.158075e+04  4.801899e+07  0.000000e+00  0.000000e+00  4.318622e+08  0.000000e+00  0.000000e+00  3.446025e+07  2.743562e+07  2.357430e+07  2.182027e+07
9.169141e+04  4.791636e+07  0.000000e+00  0.000000e+00  4.309392e+08  0.000000e+00  0.000000e+00  3.433223e+07  2.732179e+07  2.346973e+07  2.171990e+07
9.180221e+04  4.781048e+07  0.000000e+00  0.000000e+00  4.299870e+08  0.000000e+00  0.000000e+00  3.420449e+07  2.720821e+07  2.336543e+07  2.161999e+07
9.191314e+04  4.770795e+07  0.000000e+00  0.000000e+00  4.290649e+08  0.000000e+00  0.000000e+00  3.407700e+07  2.709494e+07  2.326143e+07  2.152021e+07
9.202421e+04  4.760219e+07  0.000000e+00  0.000000e+00  4.281138e+08  0.000000e+00  0.000000e+00  3.394995e+07  2.698199e+07  2.315772e+07  2.142074e+07
9.213541e+04  4.749977e+07  0.000000e+00  0.000000e+00  4.271927e+08  0.000000e+00  0.000000e+00  3.382322e+07  2.686926e+07  2.305427e+07  2.132155e+07
9.224674e+04  4.739739e+07  0.000000e+00  0.000000e+00  4.262719e+08  0.000000e+00  0.000000e+00  3.369671e+07  2.675695e+07  2.295110e+07  2.122266e+07
9.235821e+04  4.729182e+07  0.000000e+00  0.000000e+00  4.253225e+08  0.000000e+00  0.000000e+00  3.357067e+07  2.664490e+07  2.284822e+07  2.112415e+07
9.246982e+04  4.718955e+07  0.000000e+00  0.000000e+00  4.244026e+08  0.000000e+00  0.000000e+00  3.344480e+07  2.653312e+07  2.274565e+07  2.102566e+07
9.258156e+04  4.708733e+07  0.000000e+00  0.000000e+00  4.234833e+08  0.000000e+00  0.000000e+00  3.331933e+07  2.642161e+07  2.264336e+07  2.092774e+07
9.269343e+04  4.698195e+07  0.000000e+00  0.000000e+00  4.225356e+08  0.000000e+00  0.000000e+00  3.319415e+07  2.631047e+07  2.254138e+07  2.082987e+07
9.280544e+04  4.687985e+07  0.000000e+00  0.000000e+00  4.216173e+08  0.000000e+00  0.000000e+00  3.306932e+07  2.619967e+07  2.243966e+07  2.073236e+07
9.291758e+04  4.677779e+07  0.000000e+00  0.000000e+00  4.206994e+08  0.000000e+00  0.000000e+00  3.294478e+07  2.608906e+07  2.233818e+07  2.063501e+07
9.302986e+04  4.667577e+07  0.000000e+00  0.000000e+00  4.197819e+08  0.000000e+00  0.000000e+00  3.282046e+07  2.597886e+07  2.223704e+07  2.053813e+07
9.314228e+04  4.657065e+07  0.000000e+00  0.000000e+00  4.188365e+08  0.000000e+00  0.000000e+00  3.269659e+07  2.586886e+07  2.213612e+07  2.044146e+07
9.325483e+04  4.646876e+07  0.000000e+00  0.000000e+00  4.179202e+08  0.000000e+00  0.000000e+00  3.257296e+07  2.575921e+07  2.203550e+07  2.034490e+07
9.336752e+04  4.636691e+07  0.000000e+00  0.000000e+00  4.170042e+08  0.000000e+00  0.000000e+00  3.244967e+07  2.564990e+07  2.193523e+07  2.024887e+07
9.348034e+04  4.626512e+07  0.000000e+00  0.000000e+00  4.160887e+08  0.000000e+00  0.000000e+00  3.232678e+07  2.554084e+07  2.183518e+07  2.015291e+07
9.359330e+04  4.616337e+07  0.000000e+00  0.000000e+00  4.151736e+08  0.000000e+00  0.000000e+00  3.220405e+07  2.543207e+07  2.173544e+07  2.005729e+07
9.370639e+04  4.606168e+07  0.000000e+00  0.000000e+00  4.142591e+08  0.000000e+00  0.000000e+00  3.208173e+07  2.532360e+07  2.163594e+07  1.996201e+07
9.381963e+04  4.596005e+07  0.000000e+00  0.000000e+00  4.133450e+08  0.000000e+00  0.000000e+00  3.195971e+07  2.521540e+07  2.153678e+07  1.986680e+07
9.393300e+04  4.585539e+07  0.000000e+00  0.000000e+00  4.124038e+08  0.000000e+00  0.000000e+00  3.183799e+07  2.510753e+07  2.143783e+07  1.977201e+07
9.404650e+04  4.575696e+07  0.000000e+00  0.000000e+00  4.115185e+08  0.000000e+00  0.000000e+00  3.171655e+07  2.499997e+07  2.133922e+07  1.967760e+07
9.416015e+04  4.565242e+07  0.000000e+00  0.000000e+00  4.105783e+08  0.000000e+00  0.000000e+00  3.159547e+07  2.489270e+07  2.124083e+07  1.958338e+07
9.427393e+04  4.555407e+07  0.000000e+00  0.000000e+00  4.096938e+08  0.000000e+00  0.000000e+00  3.147469e+07  2.478573e+07  2.114281e+07  1.948939e+07
9.438785e+04  4.544967e+07  0.000000e+00  0.000000e+00  4.087549e+08  0.000000e+00  0.000000e+00  3.135414e+07  2.467908e+07  2.104500e+07  1.939571e+07
9.450190e+04  4.535142e+07  0.000000e+00  0.000000e+00  4.078713e+08  0.000000e+00  0.000000e+00  3.123398e+07  2.457269e+07  2.094742e+07  1.930217e+07
9.461610e+04  4.525017e+07  0.000000e+00  0.000000e+00  4.069607e+08  0.000000e+00  0.000000e+00  3.111412e+07  2.446661e+07  2.085019e+07  1.920907e+07
9.473043e+04  4.514599e+07  0.000000e+00  0.000000e+00  4.060237e+08  0.000000e+00  0.000000e+00  3.099465e+07  2.436090e+07  2.075330e+07  1.911608e+07
9.484490e+04  4.504788e+07  0.000000e+00  0.000000e+00  4.051414e+08  0.000000e+00  0.000000e+00  3.087532e+07  2.425536e+07  2.065657e+07  1.902351e+07
9.495951e+04  4.494680e+07  0.000000e+00  0.000000e+00  4.042324e+08  0.000000e+00  0.000000e+00  3.075639e+07  2.415018e+07  2.056024e+07  1.893121e+07
9.507426e+04  4.484580e+07  0.000000e+00  0.000000e+00  4.033239e+08  0.000000e+00  0.000000e+00  3.063776e+07  2.404529e+07  2.046405e+07  1.883906e+07
9.518914e+04  4.474782e+07  0.000000e+00  0.000000e+00  4.024428e+08  0.000000e+00  0.000000e+00  3.051944e+07  2.394072e+07  2.036822e+07  1.874734e+07
9.530417e+04  4.464396e+07  0.000000e+00  0.000000e+00  4.015087e+08  0.000000e+00  0.000000e+00  3.040150e+07  2.383638e+07  2.027272e+07  1.865580e+07
9.541933e+04  4.454608e+07  0.000000e+00  0.000000e+00  4.006284e+08  0.000000e+00  0.000000e+00  3.028374e+07  2.373241e+07  2.017747e+07  1.856453e+07
9.553463e+04  4.444553e+07  0.000000e+00  0.000000e+00  3.997241e+08  0.000000e+00  0.000000e+00  3.016644e+07  2.362869e+07  2.008246e+07  1.847349e+07
9.565007e+04  4.434825e+07  0.000000e+00  0.000000e+00  3.988492e+08  0.000000e+00  0.000000e+00  3.004936e+07  2.352527e+07  1.998774e+07  1.838274e+07
9.576566e+04  4.424522e+07  0.000000e+00  0.000000e+00  3.979226e+08  0.000000e+00  0.000000e+00  2.993254e+07  2.342210e+07  1.989330e+07  1.829233e+07
9.588138e+04  4.414809e+07  0.000000e+00  0.000000e+00  3.970491e+08  0.000000e+00  0.000000e+00  2.981613e+07  2.331926e+07  1.979908e+07  1.820215e+07
9.599724e+04  4.405101e+07  0.000000e+00  0.000000e+00  3.961760e+08  0.000000e+00  0.000000e+00  2.969999e+07  2.321677e+07  1.970527e+07  1.811224e+07
9.611324e+04  4.394819e+07  0.000000e+00  0.000000e+00  3.952512e+08  0.000000e+00  0.000000e+00  2.958412e+07  2.311452e+07  1.961164e+07  1.802248e+07
9.622938e+04  4.385120e+07  0.000000e+00  0.000000e+00  3.943790e+08  0.000000e+00  0.000000e+00  2.946868e+07  2.301257e+07  1.951829e+07  1.793313e+07
9.634566e+04  4.375426e+07  0.000000e+00  0.000000e+00  3.935071e+08  0.000000e+00  0.000000e+00  2.935346e+07  2.291092e+07  1.942525e+07  1.784408e+07
9.646208e+04  4.365451e+07  0.000000e+00  0.000000e+00  3.926100e+08  0.000000e+00  0.000000e+00  2.923853e+07  2.280948e+07  1.933250e+07  1.775524e+07
9.657865e+04  4.355482e+07  0.000000e+00  0.000000e+00  3.917134e+08  0.000000e+00  0.000000e+00  2.912397e+07  2.270847e+07  1.924002e+07  1.766661e+07
9.669535e+04  4.345804e+07  0.000000e+00  0.000000e+00  3.908430e+08  0.000000e+00  0.000000e+00  2.900972e+07  2.260769e+07  1.914778e+07  1.757824e+07
9.681220e+04  4.335847e+07  0.000000e+00  0.000000e+00  3.899475e+08  0.000000e+00  0.000000e+00  2.889577e+07  2.250715e+07  1.905585e+07  1.749023e+07
9.692918e+04  4.326179e+07  0.000000e+00  0.000000e+00  3.890780e+08  0.000000e+00  0.000000e+00  2.878211e+07  2.240695e+07  1.896416e+07  1.740253e+07
9.704631e+04  4.316234e+07  0.000000e+00  0.000000e+00  3.881836e+08  0.000000e+00  0.000000e+00  2.866876e+07  2.230703e+07  1.887283e+07  1.731499e+07
9.716358e+04  4.306575e+07  0.000000e+00  0.000000e+00  3.873150e+08  0.000000e+00  0.000000e+00  2.855576e+07  2.220741e+07  1.878172e+07  1.722778e+07
9.728099e+04  4.296921e+07  0.000000e+00  0.000000e+00  3.864467e+08  0.000000e+00  0.000000e+00  2.844304e+07  2.210813e+07  1.869083e+07  1.714081e+07
9.739854e+04  4.286994e+07  0.000000e+00  0.000000e+00  3.855539e+08  0.000000e+00  0.000000e+00  2.833061e+07  2.200903e+07  1.860031e+07  1.705411e+07
9.751623e+04  4.277351e+07  0.000000e+00  0.000000e+00  3.846867e+08  0.000000e+00  0.000000e+00  2.821848e+07  2.191033e+07  1.851002e+07  1.696766e+07
9.763407e+04  4.267436e+07  0.000000e+00  0.000000e+00  3.837950e+08  0.000000e+00  0.000000e+00  2.810665e+07  2.181181e+07  1.842002e+07  1.688148e+07
9.775205e+04  4.257805e+07  0.000000e+00  0.000000e+00  3.829287e+08  0.000000e+00  0.000000e+00  2.799516e+07  2.171363e+07  1.833025e+07  1.679562e+07
9.787017e+04  4.248177e+07  0.000000e+00  0.000000e+00  3.820629e+08  0.000000e+00  0.000000e+00  2.788400e+07  2.161577e+07  1.824083e+07  1.670999e+07
9.798844e+04  4.238281e+07  0.000000e+00  0.000000e+00  3.811729e+08  0.000000e+00  0.000000e+00  2.777312e+07  2.151819e+07  1.815169e+07  1.662461e+07
9.810684e+04  4.228937e+07  0.000000e+00  0.000000e+00  3.803325e+08  0.000000e+00  0.000000e+00  2.766248e+07  2.142085e+07  1.806274e+07  1.653949e+07
9.822539e+04  4.219053e+07  0.000000e+00  0.000000e+00  3.794436e+08  0.000000e+00  0.000000e+00  2.755227e+07  2.132386e+07  1.797414e+07  1.645466e+07
9.834409e+04  4.209176e+07  0.000000e+00  0.000000e+00  3.785553e+08  0.000000e+00  0.000000e+00  2.744225e+07  2.122712e+07  1.788578e+07  1.637009e+07
9.846292e+04  4.199845e+07  0.000000e+00  0.000000e+00  3.777161e+08  0.000000e+00  0.000000e+00  2.733262e+07  2.113070e+07  1.779766e+07  1.628575e+07
9.858190e+04  4.190249e+07  0.000000e+00  0.000000e+00  3.768531e+08  0.000000e+00  0.000000e+00  2.722324e+07  2.103456e+07  1.770979e+07  1.620173e+07
9.870103e+04  4.180390e+07  0.000000e+00  0.000000e+00  3.759665e+08  0.000000e+00  0.000000e+00  2.711410e+07  2.093870e+07  1.762231e+07  1.611793e+07
9.882030e+04  4.170806e+07  0.000000e+00  0.000000e+00  3.751045e+08  0.000000e+00  0.000000e+00  2.700540e+07  2.084316e+07  1.753502e+07  1.603444e+07
9.893971e+04  4.161227e+07  0.000000e+00  0.000000e+00  3.742430e+08  0.000000e+00  0.000000e+00  2.689691e+07  2.074784e+07  1.744799e+07  1.595116e+07
9.905927e+04  4.151653e+07  0.000000e+00  0.000000e+00  3.733819e+08  0.000000e+00  0.000000e+00  2.678875e+07  2.065285e+07  1.736132e+07  1.586818e+07
9.917897e+04  4.142084e+07  0.000000e+00  0.000000e+00  3.725214e+08  0.000000e+00  0.000000e+00  2.668083e+07  2.055810e+07  1.727481e+07  1.578548e+07
9.929881e+04  4.132521e+07  0.000000e+00  0.000000e+00  3.716613e+08  0.000000e+00  0.000000e+00  2.657330e+07  2.046369e+07  1.718867e+07  1.570303e+07
9.941880e+04  4.122963e+07  0.000000e+00  0.000000e+00  3.708017e+08  0.000000e+00  0.000000e+00  2.646603e+07  2.036957e+07  1.710273e+07  1.562085e+07
9.953894e+04  4.113411e+07  0.000000e+00  0.000000e+00  3.699426e+08  0.000000e+00  0.000000e+00  2.635903e+07  2.027576e+07  1.701707e+07  1.553891e+07
9.965922e+04  4.103865e+07  0.000000e+00  0.000000e+00  3.690841e+08  0.000000e+00  0.000000e+00  2.625234e+07  2.018219e+07  1.693175e+07  1.545726e+07
9.977965e+04  4.094324e+07  0.000000e+00  0.000000e+00  3.682260e+08  0.000000e+00  0.000000e+00  2.614598e+07  2.008889e+07  1.684661e+07  1.537583e+07
9.990022e+04  4.084788e+07  0.000000e+00  0.000000e+00  3.673684e+08  0.000000e+00  0.000000e+00  2.603991e+07  1.999591e+07  1.676184e+07  1.529470e+07
1.000209e+05  4.075283e+07  0.000000e+00  0.000000e+00  3.665135e+08  0.000000e+00  0.000000e+00  2.593410e+07  1.990325e+07  1.667725e+07  1.521382e+07
1.001418e+05  4.065819e+07  0.000000e+00  0.000000e+00  3.656624e+08  0.000000e+00  0.000000e+00  2.582861e+07  1.981082e+07  1.659296e+07  1.513322e+07
1.002628e+05  4.056628e+07  0.000000e+00  0.000000e+00  3.648358e+08  0.000000e+00  0.000000e+00  2.572343e+07  1.971870e+07  1.650899e+07  1.505286e+07
1.003840e+05  4.047186e+07  0.000000e+00  0.000000e+00  3.639866e+08  0.000000e+00  0.000000e+00  2.561856e+07  1.962683e+07  1.642522e+07  1.497279e+07
1.005053e+05  4.037497e+07  0.000000e+00  0.000000e+00  3.631153e+08  0.000000e+00  0.000000e+00  2.551400e+07  1.953527e+07  1.634178e+07  1.489295e+07
1.006267e+05  4.028574e+07  0.000000e+00  0.000000e+00  3.623127e+08  0.000000e+00  0.000000e+00  2.540970e+07  1.944401e+07  1.625858e+07  1.481338e+07
1.007483e+05  4.018896e+07  0.000000e+00  0.000000e+00  3.614424e+08  0.000000e+00  0.000000e+00  2.530569e+07  1.935304e+07  1.617562e+07  1.473410e+07
1.008701e+05  4.009729e+07  0.000000e+00  0.000000e+00  3.606179e+08  0.000000e+00  0.000000e+00  2.520202e+07  1.926231e+07  1.609300e+07  1.465506e+07
1.009919e+05  4.000066e+07  0.000000e+00  0.000000e+00  3.597488e+08  0.000000e+00  0.000000e+00  2.509862e+07  1.917191e+07  1.601056e+07  1.457629e+07
1.011140e+05  3.991159e+07  0.000000e+00  0.000000e+00  3.589477e+08  0.000000e+00  0.000000e+00  2.499555e+07  1.908173e+07  1.592847e+07  1.449776e+07
1.012362e+05  3.981508e+07  0.000000e+00  0.000000e+00  3.580798e+08  0.000000e+00  0.000000e+00  2.489268e+07  1.899191e+07  1.584663e+07  1.441952e+07
1.013585e+05  3.972360e+07  0.000000e+00  0.000000e+00  3.572571e+08  0.000000e+00  0.000000e+00  2.479017e+07  1.890229e+07  1.576499e+07  1.434154e+07
1.014810e+05  3.963216e+07  0.000000e+00  0.000000e+00  3.564348e+08  0.000000e+00  0.000000e+00  2.468795e+07  1.881303e+07  1.568367e+07  1.426380e+07
1.016036e+05  3.953586e+07  0.000000e+00  0.000000e+00  3.555686e+08  0.000000e+00  0.000000e+00  2.458604e+07  1.872400e+07  1.560267e+07  1.418637e+07
1.017264e+05  3.944454e+07  0.000000e+00  0.000000e+00  3.547473e+08  0.000000e+00  0.000000e+00  2.448445e+07  1.863530e+07  1.552186e+07  1.410913e+07
1.018493e+05  3.935325e+07  0.000000e+00  0.000000e+00  3.539263e+08  0.000000e+00  0.000000e+00  2.438311e+07  1.854684e+07  1.544132e+07  1.403219e+07
1.019724e+05  3.925958e+07  0.000000e+00  0.000000e+00  3.530839e+08  0.000000e+00  0.000000e+00  2.428210e+07  1.845868e+07  1.536110e+07  1.395552e+07
1.020956e+05  3.916840e+07  0.000000e+00  0.000000e+00  3.522638e+08  0.000000e+00  0.000000e+00  2.418137e+07  1.837077e+07  1.528107e+07  1.387907e+07
1.022190e+05  3.907485e+07  0.000000e+00  0.000000e+00  3.514225e+08  0.000000e+00  0.000000e+00  2.408095e+07  1.828319e+07  1.520133e+07  1.380289e+07
1.023425e+05  3.898376e+07  0.000000e+00  0.000000e+00  3.506033e+08  0.000000e+00  0.000000e+00  2.398081e+07  1.819581e+07  1.512188e+07  1.372699e+07
1.024662e+05  3.889033e+07  0.000000e+00  0.000000e+00  3.497630e+08  0.000000e+00  0.000000e+00  2.388089e+07  1.810876e+07  1.504271e+07  1.365131e+07
1.025900e+05  3.879936e+07  0.000000e+00  0.000000e+00  3.489448e+08  0.000000e+00  0.000000e+00  2.378136e+07  1.802202e+07  1.496379e+07  1.357593e+07
1.027139e+05  3.870604e+07  0.000000e+00  0.000000e+00  3.481056e+08  0.000000e+00  0.000000e+00  2.368213e+07  1.793551e+07  1.488512e+07  1.350078e+07
1.028381e+05  3.861517e+07  0.000000e+00  0.000000e+00  3.472883e+08  0.000000e+00  0.000000e+00  2.358313e+07  1.784936e+07  1.480674e+07  1.342586e+07
1.029623e+05  3.852434e+07  0.000000e+00  0.000000e+00  3.464715e+08  0.000000e+00  0.000000e+00  2.348451e+07  1.776342e+07  1.472861e+07  1.335124e+07
1.030867e+05  3.843356e+07  0.000000e+00  0.000000e+00  3.456550e+08  0.000000e+00  0.000000e+00  2.338610e+07  1.767778e+07  1.465075e+07  1.327685e+07
1.032113e+05  3.834049e+07  0.000000e+00  0.000000e+00  3.448180e+08  0.000000e+00  0.000000e+00  2.328800e+07  1.759242e+07  1.457316e+07  1.320277e+07
1.033360e+05  3.824982e+07  0.000000e+00  0.000000e+00  3.440025e+08  0.000000e+00  0.000000e+00  2.319016e+07  1.750736e+07  1.449580e+07  1.312890e+07
1.034609e+05  3.815920e+07  0.000000e+00  0.000000e+00  3.431875e+08  0.000000e+00  0.000000e+00  2.309263e+07  1.742255e+07  1.441876e+07  1.305530e+07
1.035859e+05  3.806631e+07  0.000000e+00  0.000000e+00  3.423521e+08  0.000000e+00  0.000000e+00  2.299539e+07  1.733802e+07  1.434196e+07  1.298201e+07
1.037111e+05  3.797581e+07  0.000000e+00  0.000000e+00  3.415382e+08  0.000000e+00  0.000000e+00  2.289835e+07  1.725371e+07  1.426543e+07  1.290894e+07
1.038364e+05  3.788765e+07  0.000000e+00  0.000000e+00  3.407453e+08  0.000000e+00  0.000000e+00  2.280159e+07  1.716966e+07  1.418914e+07  1.283613e+07
1.039619e+05  3.779494e+07  0.000000e+00  0.000000e+00  3.399115e+08  0.000000e+00  0.000000e+00  2.270515e+07  1.708585e+07  1.411311e+07  1.276358e+07
1.040875e+05  3.770458e+07  0.000000e+00  0.000000e+00  3.390989e+08  0.000000e+00  0.000000e+00  2.260895e+07  1.700236e+07  1.403735e+07  1.269130e+07
1.042133e+05  3.761200e+07  0.000000e+00  0.000000e+00  3.382663e+08  0.000000e+00  0.000000e+00  2.251306e+07  1.691913e+07  1.396180e+07  1.261925e+07
1.043392e+05  3.752404e+07  0.000000e+00  0.000000e+00  3.374752e+08  0.000000e+00  0.000000e+00  2.241747e+07  1.683612e+07  1.388650e+07  1.254747e+07
1.044653e+05  3.743384e+07  0.000000e+00  0.000000e+00  3.366640e+08  0.000000e+00  0.000000e+00  2.232225e+07  1.675346e+07  1.381151e+07  1.247594e+07
1.045915e+05  3.734145e+07  0.000000e+00  0.000000e+00  3.358330e+08  0.000000e+00  0.000000e+00  2.222732e+07  1.667108e+07  1.373680e+07  1.240468e+07
1.047179e+05  3.725386e+07  0.000000e+00  0.000000e+00  3.350453e+08  0.000000e+00  0.000000e+00  2.213273e+07  1.658907e+07  1.366234e+07  1.233362e+07
1.048445e+05  3.716452e+07  0.000000e+00  0.000000e+00  3.342418e+08  0.000000e+00  0.000000e+00  2.203854e+07  1.650730e+07  1.358812e+07  1.226285e+07
1.049711e+05  3.707543e+07  0.000000e+00  0.000000e+00  3.334406e+08  0.000000e+00  0.000000e+00  2.194475e+07  1.642590e+07  1.351419e+07  1.219229e+07
1.050980e+05  3.698640e+07  0.000000e+00  0.000000e+00  3.326399e+08  0.000000e+00  0.000000e+00  2.185114e+07  1.634488e+07  1.344054e+07  1.212198e+07
1.052250e+05  3.689743e+07  0.000000e+00  0.000000e+00  3.318397e+08  0.000000e+00  0.000000e+00  2.175761e+07  1.626410e+07  1.336723e+07  1.205194e+07
1.053521e+05  3.680851e+07  0.000000e+00  0.000000e+00  3.310401e+08  0.000000e+00  0.000000e+00  2.166412e+07  1.618344e+07  1.329425e+07  1.198217e+07
1.054794e+05  3.671966e+07  0.000000e+00  0.000000e+00  3.302409e+08  0.000000e+00  0.000000e+00  2.157070e+07  1.610281e+07  1.322162e+07  1.191267e+07
1.056069e+05  3.663085e+07  0.000000e+00  0.000000e+00  3.294422e+08  0.000000e+00  0.000000e+00  2.147756e+07  1.602226e+07  1.314900e+07  1.184350e+07
1.057345e+05  3.654429e+07  0.000000e+00  0.000000e+00  3.286637e+08  0.000000e+00  0.000000e+00  2.138498e+07  1.594205e+07  1.307625e+07  1.177511e+07
1.058623e+05  3.645558e+07  0.000000e+00  0.000000e+00  3.278659e+08  0.000000e+00  0.000000e+00  2.129294e+07  1.586237e+07  1.300366e+07  1.170586e+07
1.059966e+05  3.636291e+07  0.000000e+00  0.000000e+00  3.270325e+08  0.000000e+00  0.000000e+00  2.119684e+07  1.577921e+07  1.292817e+07  1.163315e+07
1.061375e+05  3.626508e+07  0.000000e+00  0.000000e+00  3.261527e+08  0.000000e+00  0.000000e+00  2.109645e+07  1.569248e+07  1.284968e+07  1.155869e+07
1.062786e+05  3.616928e+07  0.000000e+00  0.000000e+00  3.252911e+08  0.000000e+00  0.000000e+00  2.099627e+07  1.560598e+07  1.277145e+07  1.148411e+07
1.064199e+05  3.607353e+07  0.000000e+00  0.000000e+00  3.244299e+08  0.000000e+00  0.000000e+00  2.089642e+07  1.551973e+07  1.269343e+07  1.140969e+07
1.065613e+05  3.597590e+07  0.000000e+00  0.000000e+00  3.235519e+08  0.000000e+00  0.000000e+00  2.079682e+07  1.543379e+07  1.261567e+07  1.133557e+07
1.067030e+05  3.588028e+07  0.000000e+00  0.000000e+00  3.226919e+08  0.000000e+00  0.000000e+00  2.069753e+07  1.534815e+07  1.253816e+07  1.126177e+07
1.068448e+05  3.578280e+07  0.000000e+00  0.000000e+00  3.218152e+08  0.000000e+00  0.000000e+00  2.059857e+07  1.526279e+07  1.246104e+07  1.118824e+07
1.069869e+05  3.568922e+07  0.000000e+00  0.000000e+00  3.209736e+08  0.000000e+00  0.000000e+00  2.049998e+07  1.517782e+07  1.238414e+07  1.111503e+07
1.071291e+05  3.559187e+07  0.000000e+00  0.000000e+00  3.200980e+08  0.000000e+00  0.000000e+00  2.040173e+07  1.509314e+07  1.230764e+07  1.104213e+07
1.072715e+05  3.549649e+07  0.000000e+00  0.000000e+00  3.192403e+08  0.000000e+00  0.000000e+00  2.030382e+07  1.500879e+07  1.223137e+07  1.096952e+07
1.074141e+05  3.539929e+07  0.000000e+00  0.000000e+00  3.183661e+08  0.000000e+00  0.000000e+00  2.020626e+07  1.492476e+07  1.215544e+07  1.089722e+07
1.075569e+05  3.530594e+07  0.000000e+00  0.000000e+00  3.175265e+08  0.000000e+00  0.000000e+00  2.010901e+07  1.484103e+07  1.207985e+07  1.082522e+07
1.076998e+05  3.520887e+07  0.000000e+00  0.000000e+00  3.166536e+08  0.000000e+00  0.000000e+00  2.001207e+07  1.475766e+07  1.200456e+07  1.075349e+07
1.078430e+05  3.511562e+07  0.000000e+00  0.000000e+00  3.158149e+08  0.000000e+00  0.000000e+00  1.991547e+07  1.467458e+07  1.192955e+07  1.068212e+07
1.079864e+05  3.501870e+07  0.000000e+00  0.000000e+00  3.149432e+08  0.000000e+00  0.000000e+00  1.981925e+07  1.459188e+07  1.185487e+07  1.061101e+07
1.081299e+05  3.492557e+07  0.000000e+00  0.000000e+00  3.141056e+08  0.000000e+00  0.000000e+00  1.972333e+07  1.450943e+07  1.178047e+07  1.054022e+07
1.082736e+05  3.482879e+07  0.000000e+00  0.000000e+00  3.132353e+08  0.000000e+00  0.000000e+00  1.962779e+07  1.442733e+07  1.170641e+07  1.046972e+07
1.084176e+05  3.473394e+07  0.000000e+00  0.000000e+00  3.123822e+08  0.000000e+00  0.000000e+00  1.953253e+07  1.434552e+07  1.163266e+07  1.039954e+07
1.085617e+05  3.464097e+07  0.000000e+00  0.000000e+00  3.115461e+08  0.000000e+00  0.000000e+00  1.943756e+07  1.426410e+07  1.155921e+07  1.032965e+07
1.087060e+05  3.454624e+07  0.000000e+00  0.000000e+00  3.106941e+08  0.000000e+00  0.000000e+00  1.934297e+07  1.418296e+07  1.148605e+07  1.026004e+07
1.088505e+05  3.444975e+07  0.000000e+00  0.000000e+00  3.098263e+08  0.000000e+00  0.000000e+00  1.924873e+07  1.410210e+07  1.141323e+07  1.019077e+07
1.089952e+05  3.435697e+07  0.000000e+00  0.000000e+00  3.089919e+08  0.000000e+00  0.000000e+00  1.915476e+07  1.402158e+07  1.134064e+07  1.012176e+07
1.091401e+05  3.426424e+07  0.000000e+00  0.000000e+00  3.081579e+08  0.000000e+00  0.000000e+00  1.906116e+07  1.394138e+07  1.126842e+07  1.005306e+07
1.092852e+05  3.416797e+07  0.000000e+00  0.000000e+00  3.072921e+08  0.000000e+00  0.000000e+00  1.896788e+07  1.386152e+07  1.119647e+07  9.984680e+06
1.094304e+05  3.407537e+07  0.000000e+00  0.000000e+00  3.064593e+08  0.000000e+00  0.000000e+00  1.887489e+07  1.378200e+07  1.112486e+07  9.916578e+06
1.095759e+05  3.398103e+07  0.000000e+00  0.000000e+00  3.056109e+08  0.000000e+00  0.000000e+00  1.878227e+07  1.370271e+07  1.105350e+07  9.848777e+06
1.097216e+05  3.388911e+07  0.000000e+00  0.000000e+00  3.047842e+08  0.000000e+00  0.000000e+00  1.868995e+07  1.362380e+07  1.098247e+07  9.781263e+06
1.098674e+05  3.379429e+07  0.000000e+00  0.000000e+00  3.039314e+08  0.000000e+00  0.000000e+00  1.859793e+07  1.354518e+07  1.091176e+07  9.714062e+06
1.100135e+05  3.370482e+07  0.000000e+00  0.000000e+00  3.031268e+08  0.000000e+00  0.000000e+00  1.850632e+07  1.346687e+07  1.084134e+07  9.647153e+06
1.101597e+05  3.361189e+07  0.000000e+00  0.000000e+00  3.022910e+08  0.000000e+00  0.000000e+00  1.841494e+07  1.338889e+07  1.077125e+07  9.580547e+06
1.103061e+05  3.351903e+07  0.000000e+00  0.000000e+00  3.014558e+08  0.000000e+00  0.000000e+00  1.832393e+07  1.331126e+07  1.070145e+07  9.514245e+06
1.104528e+05  3.342798e+07  0.000000e+00  0.000000e+00  3.006369e+08  0.000000e+00  0.000000e+00  1.823323e+07  1.323390e+07  1.063192e+07  9.448205e+06
1.105996e+05  3.333525e+07  0.000000e+00  0.000000e+00  2.998030e+08  0.000000e+00  0.000000e+00  1.814286e+07  1.315682e+07  1.056270e+07  9.382482e+06
1.107466e+05  3.324432e+07  0.000000e+00  0.000000e+00  2.989852e+08  0.000000e+00  0.000000e+00  1.805281e+07  1.308008e+07  1.049376e+07  9.317053e+06
1.108938e+05  3.315344e+07  0.000000e+00  0.000000e+00  2.981679e+08  0.000000e+00  0.000000e+00  1.796311e+07  1.300367e+07  1.042518e+07  9.251920e+06
1.110412e+05  3.306092e+07  0.000000e+00  0.000000e+00  2.973357e+08  0.000000e+00  0.000000e+00  1.787371e+07  1.292757e+07  1.035687e+07  9.187087e+06
1.111888e+05  3.297016e+07  0.000000e+00  0.000000e+00  2.965196e+08  0.000000e+00  0.000000e+00  1.778461e+07  1.285174e+07  1.028883e+07  9.122547e+06
1.113366e+05  3.287947e+07  0.000000e+00  0.000000e+00  2.957039e+08  0.000000e+00  0.000000e+00  1.769588e+07  1.277628e+07  1.022115e+07  9.058286e+06
1.114846e+05  3.278715e+07  0.000000e+00  0.000000e+00  2.948736e+08  0.000000e+00  0.000000e+00  1.760747e+07  1.270110e+07  1.015375e+07  8.994312e+06
1.116328e+05  3.269659e+07  0.000000e+00  0.000000e+00  2.940591e+08  0.000000e+00  0.000000e+00  1.751935e+07  1.262625e+07  1.008660e+07  8.930649e+06
1.117812e+05  3.260608e+07  0.000000e+00  0.000000e+00  2.932452e+08  0.000000e+00  0.000000e+00  1.743163e+07  1.255167e+07  1.001978e+07  8.867271e+06
1.119298e+05  3.251564e+07  0.000000e+00  0.000000e+00  2.924318e+08  0.000000e+00  0.000000e+00  1.734414e+07  1.247742e+07  9.953274e+06  8.804164e+06
1.120786e+05  3.242526e+07  0.000000e+00  0.000000e+00  2.916189e+08  0.000000e+00  0.000000e+00  1.725704e+07  1.240347e+07  9.887059e+06  8.741371e+06
1.122276e+05  3.233494e+07  0.000000e+00  0.000000e+00  2.908066e+08  0.000000e+00  0.000000e+00  1.717018e+07  1.232983e+07  9.821121e+06  8.678876e+06
1.123768e+05  3.224468e+07  0.000000e+00  0.000000e+00  2.899948e+08  0.000000e+00  0.000000e+00  1.708372e+07  1.225652e+07  9.755459e+06  8.616657e+06
1.125262e+05  3.215448e+07  0.000000e+00  0.000000e+00  2.891837e+08  0.000000e+00  0.000000e+00  1.699753e+07  1.218348e+07  9.690148e+06  8.554718e+06
1.126757e+05  3.206435e+07  0.000000e+00  0.000000e+00  2.883730e+08  0.000000e+00  0.000000e+00  1.691167e+07  1.211078e+07  9.625118e+06  8.493086e+06
1.128255e+05  3.197428e+07  0.000000e+00  0.000000e+00  2.875630e+08  0.000000e+00  0.000000e+00  1.682612e+07  1.203839e+07  9.560345e+06  8.431730e+06
1.129755e+05  3.188428e+07  0.000000e+00  0.000000e+00  2.867536e+08  0.000000e+00  0.000000e+00  1.674086e+07  1.196624e+07  9.495929e+06  8.370691e+06
1.131257e+05  3.179434e+07  0.000000e+00  0.000000e+00  2.859447e+08  0.000000e+00  0.000000e+00  1.665596e+07  1.189449e+07  9.431750e+06  8.309909e+06
1.132761e+05  3.170446e+07  0.000000e+00  0.000000e+00  2.851364e+08  0.000000e+00  0.000000e+00  1.657137e+07  1.182295e+07  9.367868e+06  8.249414e+06
1.134266e+05  3.161626e+07  0.000000e+00  0.000000e+00  2.843431e+08  0.000000e+00  0.000000e+00  1.648706e+07  1.175178e+07  9.304329e+06  8.189241e+06
1.135774e+05  3.152651e+07  0.000000e+00  0.000000e+00  2.835359e+08  0.000000e+00  0.000000e+00  1.640305e+07  1.168090e+07  9.241029e+06  8.129310e+06
1.137284e+05  3.143683e+07  0.000000e+00  0.000000e+00  2.827294e+08  0.000000e+00  0.000000e+00  1.631941e+07  1.161032e+07  9.178024e+06  8.069694e+06
1.138796e+05  3.134721e+07  0.000000e+00  0.000000e+00  2.819234e+08  0.000000e+00  0.000000e+00  1.623607e+07  1.154008e+07  9.115370e+06  8.010360e+06
1.140310e+05  3.125924e+07  0.000000e+00  0.000000e+00  2.811323e+08  0.000000e+00  0.000000e+00  1.615297e+07  1.147010e+07  9.052938e+06  7.951304e+06
1.141825e+05  3.116975e+07  0.000000e+00  0.000000e+00  2.803275e+08  0.000000e+00  0.000000e+00  1.607023e+07  1.140042e+07  8.990820e+06  7.892544e+06
1.143343e+05  3.108190e+07  0.000000e+00  0.000000e+00  2.795373e+08  0.000000e+00  0.000000e+00  1.598780e+07  1.133105e+07  8.929004e+06  7.834059e+06
1.144863e+05  3.099254e+07  0.000000e+00  0.000000e+00  2.787337e+08  0.000000e+00  0.000000e+00  1.590567e+07  1.126197e+07  8.867478e+06  7.775861e+06
1.146385e+05  3.090480e+07  0.000000e+00  0.000000e+00  2.779446e+08  0.000000e+00  0.000000e+00  1.582386e+07  1.119316e+07  8.806188e+06  7.717945e+06
1.147909e+05  3.081580e+07  0.000000e+00  0.000000e+00  2.771442e+08  0.000000e+00  0.000000e+00  1.574230e+07  1.112470e+07  8.745251e+06  7.660311e+06
1.149435e+05  3.072907e+07  0.000000e+00  0.000000e+00  2.763642e+08  0.000000e+00  0.000000e+00  1.566111e+07  1.105652e+07  8.684558e+06  7.602972e+06
1.150963e+05  3.064132e+07  0.000000e+00  0.000000e+00  2.755749e+08  0.000000e+00  0.000000e+00  1.558020e+07  1.098863e+07  8.624184e+06  7.545887e+06
1.152493e+05  3.055516e+07  0.000000e+00  0.000000e+00  2.748001e+08  0.000000e+00  0.000000e+00  1.549962e+07  1.092103e+07  8.564051e+06  7.489121e+06
1.154025e+05  3.046905e+07  0.000000e+00  0.000000e+00  2.740256e+08  0.000000e+00  0.000000e+00  1.541933e+07  1.085372e+07  8.504252e+06  7.432613e+06
1.155559e+05  3.038149e+07  0.000000e+00  0.000000e+00  2.732381e+08  0.000000e+00  0.000000e+00  1.533938e+07  1.078674e+07  8.444719e+06  7.376390e+06
1.157095e+05  3.029550e+07  0.000000e+00  0.000000e+00  2.724648e+08  0.000000e+00  0.000000e+00  1.525970e+07  1.072003e+07  8.385479e+06  7.320457e+06
1.158633e+05  3.020957e+07  0.000000e+00  0.000000e+00  2.716920e+08  0.000000e+00  0.000000e+00  1.518032e+07  1.065361e+07  8.326495e+06  7.264787e+06
1.160173e+05  3.012371e+07  0.000000e+00  0.000000e+00  2.709198e+08  0.000000e+00  0.000000e+00  1.510126e+07  1.058745e+07  8.267796e+06  7.209402e+06
1.161715e+05  3.003641e+07  0.000000e+00  0.000000e+00  2.701347e+08  0.000000e+00  0.000000e+00  1.502248e+07  1.052164e+07  8.209409e+06  7.154312e+06
1.163259e+05  2.995067e+07  0.000000e+00  0.000000e+00  2.693635e+08  0.000000e+00  0.000000e+00  1.494407e+07  1.045611e+07  8.151302e+06  7.099503e+06
1.164806e+05  2.986646e+07  0.000000e+00  0.000000e+00  2.686062e+08  0.000000e+00  0.000000e+00  1.486591e+07  1.039085e+07  8.093430e+06  7.044966e+06
1.166354e+05  2.977936e+07  0.000000e+00  0.000000e+00  2.678228e+08  0.000000e+00  0.000000e+00  1.478805e+07  1.032589e+07  8.035904e+06  6.990692e+06
1.167905e+05  2.969380e+07  0.000000e+00  0.000000e+00  2.670533e+08  0.000000e+00  0.000000e+00  1.471047e+07  1.026121e+07  7.978599e+06  6.936706e+06
1.169457e+05  2.960975e+07  0.000000e+00  0.000000e+00  2.662975e+08  0.000000e+00  0.000000e+00  1.463322e+07  1.019684e+07  7.921603e+06  6.883008e+06
1.171012e+05  2.952286e+07  0.000000e+00  0.000000e+00  2.655160e+08  0.000000e+00  0.000000e+00  1.455625e+07  1.013274e+07  7.864903e+06  6.829576e+06
1.172568e+05  2.943892e+07  0.000000e+00  0.000000e+00  2.647611e+08  0.000000e+00  0.000000e+00  1.447959e+07  1.006894e+07  7.808466e+06  6.776435e+06
1.174127e+05  2.935217e+07  0.000000e+00  0.000000e+00  2.639808e+08  0.000000e+00  0.000000e+00  1.440322e+07  1.000542e+07  7.752289e+06  6.723548e+06
1.175688e+05  2.926834e+07  0.000000e+00  0.000000e+00  2.632270e+08  0.000000e+00  0.000000e+00  1.432716e+07  9.942203e+06  7.696433e+06  6.670952e+06
1.177251e+05  2.918315e+07  0.000000e+00  0.000000e+00  2.624608e+08  0.000000e+00  0.000000e+00  1.425137e+07  9.879242e+06  7.640821e+06  6.618627e+06
1.178815e+05  2.909944e+07  0.000000e+00  0.000000e+00  2.617079e+08  0.000000e+00  0.000000e+00  1.417585e+07  9.816600e+06  7.585479e+06  6.566580e+06
1.180382e+05  2.901295e+07  0.000000e+00  0.000000e+00  2.609301e+08  0.000000e+00  0.000000e+00  1.410067e+07  9.754207e+06  7.530440e+06  6.514788e+06
1.181952e+05  2.892936e+07  0.000000e+00  0.000000e+00  2.601783e+08  0.000000e+00  0.000000e+00  1.402572e+07  9.692109e+06  7.475683e+06  6.463273e+06
1.183523e+05  2.884442e+07  0.000000e+00  0.000000e+00  2.594143e+08  0.000000e+00  0.000000e+00  1.395113e+07  9.630305e+06  7.421173e+06  6.412042e+06
1.185096e+05  2.876093e+07  0.000000e+00  0.000000e+00  2.586635e+08  0.000000e+00  0.000000e+00  1.387679e+07  9.568787e+06  7.366956e+06  6.361090e+06
1.186671e+05  2.867612e+07  0.000000e+00  0.000000e+00  2.579007e+08  0.000000e+00  0.000000e+00  1.380272e+07  9.507560e+06  7.313012e+06  6.310387e+06
1.188249e+05  2.859275e+07  0.000000e+00  0.000000e+00  2.571510e+08  0.000000e+00  0.000000e+00  1.372897e+07  9.446640e+06  7.259367e+06  6.259972e+06
1.189828e+05  2.850806e+07  0.000000e+00  0.000000e+00  2.563893e+08  0.000000e+00  0.000000e+00  1.365550e+07  9.385978e+06  7.205984e+06  6.209819e+06
1.191410e+05  2.842344e+07  0.000000e+00  0.000000e+00  2.556282e+08  0.000000e+00  0.000000e+00  1.358229e+07  9.325592e+06  7.152871e+06  6.159946e+06
1.192994e+05  2.834026e+07  0.000000e+00  0.000000e+00  2.548801e+08  0.000000e+00  0.000000e+00  1.350942e+07  9.265477e+06  7.100035e+06  6.110332e+06
1.194579e+05  2.825712e+07  0.000000e+00  0.000000e+00  2.541325e+08  0.000000e+00  0.000000e+00  1.343679e+07  9.205660e+06  7.047428e+06  6.061004e+06
1.196167e+05  2.817269e+07  0.000000e+00  0.000000e+00  2.533731e+08  0.000000e+00  0.000000e+00  1.336450e+07  9.146121e+06  6.995142e+06  6.011934e+06
1.197757e+05  2.809102e+07  0.000000e+00  0.000000e+00  2.526387e+08  0.000000e+00  0.000000e+00  1.329246e+07  9.086875e+06  6.943131e+06  5.963129e+06
1.199350e+05  2.800538e+07  0.000000e+00  0.000000e+00  2.518684e+08  0.000000e+00  0.000000e+00  1.322072e+07  9.027874e+06  6.891366e+06  5.914607e+06
1.200944e+05  2.792382e+07  0.000000e+00  0.000000e+00  2.511349e+08  0.000000e+00  0.000000e+00  1.314928e+07  8.969198e+06  6.839876e+06  5.866338e+06
1.202540e+05  2.784016e+07  0.000000e+00  0.000000e+00  2.503825e+08  0.000000e+00  0.000000e+00  1.307815e+07  8.910759e+06  6.788640e+06  5.818350e+06
1.204139e+05  2.775995e+07  0.000000e+00  0.000000e+00  2.496611e+08  0.000000e+00  0.000000e+00  1.300724e+07  8.852600e+06  6.737703e+06  5.770621e+06
1.205740e+05  2.767738e+07  0.000000e+00  0.000000e+00  2.489185e+08  0.000000e+00  0.000000e+00  1.293670e+07  8.794753e+06  6.687013e+06  5.723148e+06
1.207342e+05  2.759620e+07  0.000000e+00  0.000000e+00  2.481885e+08  0.000000e+00  0.000000e+00  1.286636e+07  8.737137e+06  6.636572e+06  5.675944e+06
1.208947e+05  2.751509e+07  0.000000e+00  0.000000e+00  2.474589e+08  0.000000e+00  0.000000e+00  1.279638e+07  8.679844e+06  6.586437e+06  5.629008e+06
1.210554e+05  2.743403e+07  0.000000e+00  0.000000e+00  2.467299e+08  0.000000e+00  0.000000e+00  1.272666e+07  8.622772e+06  6.536529e+06  5.582311e+06
1.212164e+05  2.735173e+07  0.000000e+00  0.000000e+00  2.459898e+08  0.000000e+00  0.000000e+00  1.265724e+07  8.566015e+06  6.486908e+06  5.535905e+06
1.213775e+05  2.727209e+07  0.000000e+00  0.000000e+00  2.452735e+08  0.000000e+00  0.000000e+00  1.258810e+07  8.509510e+06  6.437570e+06  5.489745e+06
1.215388e+05  2.719249e+07  0.000000e+00  0.000000e+00  2.445576e+08  0.000000e+00  0.000000e+00  1.251924e+07  8.453310e+06  6.388476e+06  5.443844e+06
1.217004e+05  2.711038e+07  0.000000e+00  0.000000e+00  2.438192e+08  0.000000e+00  0.000000e+00  1.245068e+07  8.397345e+06  6.339672e+06  5.398194e+06
1.218622e+05  2.702962e+07  0.000000e+00  0.000000e+00  2.430929e+08  0.000000e+00  0.000000e+00  1.238238e+07  8.341680e+06  6.291132e+06  5.352832e+06
1.220242e+05  2.695019e+07  0.000000e+00  0.000000e+00  2.423785e+08  0.000000e+00  0.000000e+00  1.231436e+07  8.286298e+06  6.242845e+06  5.307711e+06
1.221864e+05  2.686955e+07  0.000000e+00  0.000000e+00  2.416532e+08  0.000000e+00  0.000000e+00  1.224662e+07  8.231152e+06  6.194810e+06  5.262868e+06
1.223488e+05  2.678897e+07  0.000000e+00  0.000000e+00  2.409285e+08  0.000000e+00  0.000000e+00  1.217918e+07  8.176288e+06  6.147057e+06  5.218270e+06
1.225114e+05  2.670845e+07  0.000000e+00  0.000000e+00  2.402044e+08  0.000000e+00  0.000000e+00  1.211197e+07  8.121699e+06  6.099562e+06  5.173954e+06
1.226743e+05  2.662924e+07  0.000000e+00  0.000000e+00  2.394920e+08  0.000000e+00  0.000000e+00  1.204503e+07  8.067379e+06  6.052315e+06  5.129879e+06
1.228373e+05  2.654885e+07  0.000000e+00  0.000000e+00  2.387690e+08  0.000000e+00  0.000000e+00  1.197834e+07  8.013267e+06  6.005354e+06  5.086081e+06
1.230006e+05  2.646975e+07  0.000000e+00  0.000000e+00  2.380576e+08  0.000000e+00  0.000000e+00  1.191190e+07  7.959425e+06  5.958609e+06  5.042528e+06
1.231641e+05  2.638947e+07  0.000000e+00  0.000000e+00  2.373356e+08  0.000000e+00  0.000000e+00  1.184575e+07  7.905825e+06  5.912113e+06  4.999234e+06
1.233279e+05  2.630926e+07  0.000000e+00  0.000000e+00  2.366143e+08  0.000000e+00  0.000000e+00  1.177982e+07  7.852503e+06  5.865902e+06  4.956193e+06
1.234918e+05  2.623155e+07  0.000000e+00  0.000000e+00  2.359154e+08  0.000000e+00  0.000000e+00  1.171423e+07  7.799447e+06  5.819904e+06  4.913397e+06
1.236560e+05  2.615025e+07  0.000000e+00  0.000000e+00  2.351842e+08  0.000000e+00  0.000000e+00  1.164887e+07  7.746616e+06  5.774181e+06  4.870858e+06
1.238203e+05  2.607265e+07  0.000000e+00  0.000000e+00  2.344862e+08  0.000000e+00  0.000000e+00  1.158383e+07  7.694105e+06  5.728707e+06  4.828578e+06
1.239849e+05  2.599268e+07  0.000000e+00  0.000000e+00  2.337671e+08  0.000000e+00  0.000000e+00  1.151907e+07  7.641856e+06  5.683487e+06  4.786549e+06
1.241497e+05  2.591279e+07  0.000000e+00  0.000000e+00  2.330485e+08  0.000000e+00  0.000000e+00  1.145463e+07  7.589904e+06  5.638540e+06  4.744767e+06
1.243148e+05  2.583534e+07  0.000000e+00  0.000000e+00  2.323520e+08  0.000000e+00  0.000000e+00  1.139048e+07  7.538207e+06  5.593867e+06  4.703221e+06
1.244800e+05  2.575556e+07  0.000000e+00  0.000000e+00  2.316345e+08  0.000000e+00  0.000000e+00  1.132669e+07  7.486814e+06  5.549440e+06  4.661935e+06
1.246455e+05  2.567704e+07  0.000000e+00  0.000000e+00  2.309283e+08  0.000000e+00  0.000000e+00  1.126322e+07  7.435716e+06  5.505277e+06  4.620881e+06
1.248112e+05  2.559858e+07  0.000000e+00  0.000000e+00  2.302227e+08  0.000000e+00  0.000000e+00  1.120000e+07  7.384897e+06  5.461354e+06  4.580084e+06
1.249771e+05  2.552016e+07  0.000000e+00  0.000000e+00  2.295174e+08  0.000000e+00  0.000000e+00  1.113684e+07  7.334371e+06  5.417719e+06  4.539546e+06
1.251432e+05  2.544065e+07  0.000000e+00  0.000000e+00  2.288023e+08  0.000000e+00  0.000000e+00  1.107372e+07  7.283974e+06  5.374363e+06  4.499268e+06
1.253096e+05  2.536352e+07  0.000000e+00  0.000000e+00  2.281087e+08  0.000000e+00  0.000000e+00  1.101074e+07  7.233655e+06  5.331352e+06  4.459238e+06
1.254762e+05  2.528413e+07  0.000000e+00  0.000000e+00  2.273947e+08  0.000000e+00  0.000000e+00  1.094810e+07  7.183483e+06  5.288442e+06  4.419483e+06
1.256430e+05  2.520712e+07  0.000000e+00  0.000000e+00  2.267021e+08  0.000000e+00  0.000000e+00  1.088601e+07  7.133651e+06  5.245519e+06  4.380249e+06
1.258100e+05  2.512901e+07  0.000000e+00  0.000000e+00  2.259996e+08  0.000000e+00  0.000000e+00  1.082436e+07  7.084275e+06  5.202802e+06  4.340635e+06
1.259865e+05  2.504754e+07  0.000000e+00  0.000000e+00  2.252669e+08  0.000000e+00  0.000000e+00  1.075963e+07  7.032544e+06  5.158322e+06  4.299033e+06
1.261726e+05  2.496293e+07  0.000000e+00  0.000000e+00  2.245059e+08  0.000000e+00  0.000000e+00  1.069171e+07  6.978369e+06  5.111907e+06  4.256298e+06
1.263590e+05  2.487839e+07  0.000000e+00  0.000000e+00  2.237456e+08  0.000000e+00  0.000000e+00  1.062407e+07  6.924449e+06  5.065722e+06  4.213560e+06
1.265456e+05  2.479392e+07  0.000000e+00  0.000000e+00  2.229859e+08  0.000000e+00  0.000000e+00  1.055668e+07  6.870804e+06  5.019782e+06  4.171089e+06
1.267325e+05  2.470952e+07  0.000000e+00  0.000000e+00  2.222269e+08  0.000000e+00  0.000000e+00  1.048958e+07  6.817451e+06  4.974105e+06  4.128899e+06
1.269197e+05  2.462520e+07  0.000000e+00  0.000000e+00  2.214685e+08  0.000000e+00  0.000000e+00  1.042282e+07  6.764419e+06  4.928747e+06  4.087014e+06
1.271072e+05  2.454195e+07  0.000000e+00  0.000000e+00  2.207198e+08  0.000000e+00  0.000000e+00  1.035634e+07  6.711685e+06  4.883694e+06  4.045430e+06
1.272950e+05  2.445776e+07  0.000000e+00  0.000000e+00  2.199627e+08  0.000000e+00  0.000000e+00  1.029019e+07  6.659267e+06  4.838929e+06  4.004150e+06
1.274830e+05  2.437464e+07  0.000000e+00  0.000000e+00  2.192151e+08  0.000000e+00  0.000000e+00  1.022434e+07  6.607143e+06  4.794463e+06  3.963157e+06
1.276713e+05  2.428962e+07  0.000000e+00  0.000000e+00  2.184504e+08  0.000000e+00  0.000000e+00  1.015880e+07  6.555316e+06  4.750292e+06  3.922460e+06
1.278599e+05  2.420761e+07  0.000000e+00  0.000000e+00  2.177129e+08  0.000000e+00  0.000000e+00  1.009360e+07  6.503823e+06  4.706429e+06  3.882051e+06
1.280487e+05  2.412372e+07  0.000000e+00  0.000000e+00  2.169584e+08  0.000000e+00  0.000000e+00  1.002870e+07  6.452607e+06  4.662836e+06  3.841943e+06
1.282379e+05  2.404086e+07  0.000000e+00  0.000000e+00  2.162132e+08  0.000000e+00  0.000000e+00  9.964104e+06  6.401720e+06  4.619561e+06  3.802125e+06
1.284273e+05  2.395711e+07  0.000000e+00  0.000000e+00  2.154600e+08  0.000000e+00  0.000000e+00  9.899813e+06  6.351128e+06  4.576561e+06  3.762595e+06
1.286170e+05  2.387344e+07  0.000000e+00  0.000000e+00  2.147075e+08  0.000000e+00  0.000000e+00  9.835837e+06  6.300816e+06  4.533857e+06  3.723358e+06
1.288070e+05  2.379176e+07  0.000000e+00  0.000000e+00  2.139729e+08  0.000000e+00  0.000000e+00  9.772186e+06  6.250823e+06  4.491455e+06  3.684412e+06
1.289973e+05  2.370823e+07  0.000000e+00  0.000000e+00  2.132217e+08  0.000000e+00  0.000000e+00  9.708825e+06  6.201133e+06  4.449346e+06  3.645743e+06
1.291878e+05  2.362668e+07  0.000000e+00  0.000000e+00  2.124882e+08  0.000000e+00  0.000000e+00  9.645800e+06  6.151728e+06  4.407505e+06  3.607378e+06
1.293786e+05  2.354330e+07  0.000000e+00  0.000000e+00  2.117383e+08  0.000000e+00  0.000000e+00  9.583069e+06  6.102633e+06  4.365947e+06  3.569281e+06
1.295697e+05  2.346000e+07  0.000000e+00  0.000000e+00  2.109892e+08  0.000000e+00  0.000000e+00  9.520692e+06  6.053841e+06  4.324704e+06  3.531484e+06
1.297611e+05  2.337865e+07  0.000000e+00  0.000000e+00  2.102576e+08  0.000000e+00  0.000000e+00  9.458608e+06  6.005314e+06  4.283741e+06  3.493960e+06
1.299528e+05  2.329735e+07  0.000000e+00  0.000000e+00  2.095264e+08  0.000000e+00  0.000000e+00  9.396813e+06  5.957109e+06  4.243051e+06  3.456727e+06
1.301447e+05  2.321427e+07  0.000000e+00  0.000000e+00  2.087793e+08  0.000000e+00  0.000000e+00  9.335372e+06  5.909171e+06  4.202643e+06  3.419768e+06
1.303370e+05  2.313311e+07  0.000000e+00  0.000000e+00  2.080493e+08  0.000000e+00  0.000000e+00  9.274250e+06  5.861542e+06  4.162529e+06  3.383090e+06
1.305295e+05  2.305019e+07  0.000000e+00  0.000000e+00  2.073035e+08  0.000000e+00  0.000000e+00  9.213415e+06  5.814196e+06  4.122695e+06  3.346698e+06
1.307223e+05  2.296917e+07  0.000000e+00  0.000000e+00  2.065749e+08  0.000000e+00  0.000000e+00  9.152874e+06  5.767164e+06  4.083141e+06  3.310587e+06
1.309154e+05  2.288821e+07  0.000000e+00  0.000000e+00  2.058467e+08  0.000000e+00  0.000000e+00  9.092659e+06  5.720389e+06  4.043858e+06  3.274758e+06
1.311088e+05  2.280552e+07  0.000000e+00  0.000000e+00  2.051031e+08  0.000000e+00  0.000000e+00  9.032743e+06  5.673909e+06  4.004856e+06  3.239198e+06
1.313024e+05  2.272648e+07  0.000000e+00  0.000000e+00  2.043923e+08  0.000000e+00  0.000000e+00  8.973134e+06  5.627741e+06  3.966133e+06  3.203918e+06
1.314964e+05  2.264393e+07  0.000000e+00  0.000000e+00  2.036499e+08  0.000000e+00  0.000000e+00  8.913854e+06  5.581836e+06  3.927711e+06  3.168910e+06
1.316906e+05  2.256148e+07  0.000000e+00  0.000000e+00  2.029083e+08  0.000000e+00  0.000000e+00  8.854818e+06  5.536215e+06  3.889546e+06  3.134184e+06
1.318851e+05  2.248342e+07  0.000000e+00  0.000000e+00  2.022063e+08  0.000000e+00  0.000000e+00  8.796111e+06  5.490875e+06  3.851647e+06  3.099720e+06
1.320799e+05  2.240290e+07  0.000000e+00  0.000000e+00  2.014821e+08  0.000000e+00  0.000000e+00  8.737691e+06  5.445846e+06  3.814026e+06  3.065532e+06
1.322750e+05  2.232441e+07  0.000000e+00  0.000000e+00  2.007762e+08  0.000000e+00  0.000000e+00  8.679587e+06  5.401073e+06  3.776683e+06  3.031618e+06
1.324704e+05  2.224770e+07  0.000000e+00  0.000000e+00  2.000864e+08  0.000000e+00  0.000000e+00  8.621750e+06  5.356589e+06  3.739607e+06  2.997973e+06
1.326661e+05  2.216759e+07  0.000000e+00  0.000000e+00  1.993659e+08  0.000000e+00  0.000000e+00  8.564182e+06  5.312385e+06  3.702816e+06  2.964604e+06
1.328621e+05  2.208929e+07  0.000000e+00  0.000000e+00  1.986617e+08  0.000000e+00  0.000000e+00  8.506940e+06  5.268466e+06  3.666295e+06  2.931490e+06
1.330583e+05  2.201106e+07  0.000000e+00  0.000000e+00  1.979581e+08  0.000000e+00  0.000000e+00  8.449976e+06  5.224814e+06  3.630037e+06  2.898653e+06
1.332548e+05  2.193289e+07  0.000000e+00  0.000000e+00  1.972551e+08  0.000000e+00  0.000000e+00  8.393305e+06  5.181449e+06  3.594028e+06  2.866079e+06
1.334517e+05  2.185479e+07  0.000000e+00  0.000000e+00  1.965527e+08  0.000000e+00  0.000000e+00  8.336911e+06  5.138349e+06  3.558308e+06  2.833768e+06
1.336488e+05  2.177676e+07  0.000000e+00  0.000000e+00  1.958509e+08  0.000000e+00  0.000000e+00  8.280832e+06  5.095516e+06  3.522850e+06  2.801714e+06
1.338462e+05  2.169880e+07  0.000000e+00  0.000000e+00  1.951497e+08  0.000000e+00  0.000000e+00  8.225016e+06  5.052966e+06  3.487664e+06  2.769931e+06
1.340439e+05  2.162257e+07  0.000000e+00  0.000000e+00  1.944642e+08  0.000000e+00  0.000000e+00  8.169499e+06  5.010691e+06  3.452735e+06  2.738408e+06
1.342419e+05  2.154309e+07  0.000000e+00  0.000000e+00  1.937493e+08  0.000000e+00  0.000000e+00  8.114261e+06  4.968699e+06  3.418061e+06  2.707137e+06
1.344402e+05  2.146698e+07  0.000000e+00  0.000000e+00  1.930649e+08  0.000000e+00  0.000000e+00  8.059335e+06  4.926960e+06  3.383659e+06  2.676132e+06
1.346388e+05  2.138929e+07  0.000000e+00  0.000000e+00  1.923661e+08  0.000000e+00  0.000000e+00  8.004660e+06  4.885512e+06  3.349514e+06  2.645380e+06
1.348377e+05  2.131167e+07  0.000000e+00  0.000000e+00  1.916681e+08  0.000000e+00  0.000000e+00  7.950303e+06  4.844306e+06  3.315624e+06  2.614886e+06
1.350368e+05  2.123413e+07  0.000000e+00  0.000000e+00  1.909707e+08  0.000000e+00  0.000000e+00  7.896231e+06  4.803380e+06  3.281989e+06  2.584651e+06
1.352363e+05  2.115827e+07  0.000000e+00  0.000000e+00  1.902884e+08  0.000000e+00  0.000000e+00  7.842428e+06  4.762727e+06  3.248612e+06  2.554671e+06
1.354361e+05  2.108085e+07  0.000000e+00  0.000000e+00  1.895922e+08  0.000000e+00  0.000000e+00  7.788904e+06  4.722324e+06  3.215495e+06  2.524939e+06
1.356361e+05  2.100352e+07  0.000000e+00  0.000000e+00  1.888967e+08  0.000000e+00  0.000000e+00  7.735686e+06  4.682206e+06  3.182635e+06  2.495462e+06
1.358365e+05  2.092785e+07  0.000000e+00  0.000000e+00  1.882161e+08  0.000000e+00  0.000000e+00  7.682735e+06  4.642350e+06  3.150037e+06  2.466241e+06
1.360371e+05  2.085065e+07  0.000000e+00  0.000000e+00  1.875218e+08  0.000000e+00  0.000000e+00  7.630056e+06  4.602763e+06  3.117677e+06  2.437265e+06
1.362380e+05  2.077510e+07  0.000000e+00  0.000000e+00  1.868424e+08  0.000000e+00  0.000000e+00  7.577676e+06  4.563418e+06  3.085577e+06  2.408540e+06
1.364393e+05  2.069804e+07  0.000000e+00  0.000000e+00  1.861493e+08  0.000000e+00  0.000000e+00  7.525557e+06  4.524365e+06  3.053712e+06  2.380070e+06
1.366408e+05  2.062106e+07  0.000000e+00  0.000000e+00  1.854570e+08  0.000000e+00  0.000000e+00  7.473714e+06  4.485561e+06  3.022115e+06  2.351842e+06
1.368427e+05  2.054726e+07  0.000000e+00  0.000000e+00  1.847932e+08  0.000000e+00  0.000000e+00  7.422141e+06  4.447005e+06  2.990754e+06  2.323856e+06
1.370448e+05  2.046886e+07  0.000000e+00  0.000000e+00  1.840882e+08  0.000000e+00  0.000000e+00  7.370857e+06  4.408723e+06  2.959645e+06  2.296117e+06
1.372472e+05  2.039364e+07  0.000000e+00  0.000000e+00  1.834117e+08  0.000000e+00  0.000000e+00  7.319847e+06  4.370696e+06  2.928766e+06  2.268627e+06
1.374499e+05  2.031847e+07  0.000000e+00  0.000000e+00  1.827357e+08  0.000000e+00  0.000000e+00  7.269091e+06  4.332920e+06  2.898150e+06  2.241375e+06
1.376530e+05  2.024337e+07  0.000000e+00  0.000000e+00  1.820602e+08  0.000000e+00  0.000000e+00  7.218591e+06  4.295408e+06  2.867771e+06  2.214361e+06
1.378563e+05  2.016681e+07  0.000000e+00  0.000000e+00  1.813717e+08  0.000000e+00  0.000000e+00  7.168381e+06  4.258155e+06  2.837645e+06  2.187588e+06
1.380599e+05  2.009249e+07  0.000000e+00  0.000000e+00  1.807033e+08  0.000000e+00  0.000000e+00  7.118441e+06  4.221146e+06  2.807741e+06  2.161055e+06
1.382639e+05  2.001781e+07  0.000000e+00  0.000000e+00  1.800316e+08  0.000000e+00  0.000000e+00  7.068783e+06  4.184393e+06  2.778084e+06  2.134762e+06
1.384681e+05  1.994660e+07  0.000000e+00  0.000000e+00  1.793912e+08  0.000000e+00  0.000000e+00  7.019379e+06  4.147895e+06  2.748667e+06  2.108700e+06
1.386726e+05  1.987247e+07  0.000000e+00  0.000000e+00  1.787245e+08  0.000000e+00  0.000000e+00  6.970234e+06  4.111631e+06  2.719502e+06  2.082879e+06
1.388775e+05  1.979989e+07  0.000000e+00  0.000000e+00  1.780718e+08  0.000000e+00  0.000000e+00  6.921350e+06  4.075638e+06  2.690559e+06  2.057285e+06
1.390826e+05  1.972592e+07  0.000000e+00  0.000000e+00  1.774065e+08  0.000000e+00  0.000000e+00  6.872767e+06  4.039877e+06  2.661858e+06  2.031927e+06
1.392880e+05  1.965493e+07  0.000000e+00  0.000000e+00  1.767681e+08  0.000000e+00  0.000000e+00  6.824426e+06  4.004371e+06  2.633398e+06  2.006806e+06
1.394938e+05  1.958254e+07  0.000000e+00  0.000000e+00  1.761170e+08  0.000000e+00  0.000000e+00  6.776381e+06  3.969115e+06  2.605169e+06  1.981906e+06
1.396998e+05  1.950877e+07  0.000000e+00  0.000000e+00  1.754535e+08  0.000000e+00  0.000000e+00  6.728573e+06  3.934092e+06  2.577161e+06  1.957240e+06
1.399062e+05  1.943652e+07  0.000000e+00  0.000000e+00  1.748037e+08  0.000000e+00  0.000000e+00  6.681055e+06  3.899317e+06  2.549408e+06  1.932808e+06
1.401128e+05  1.936576e+07  0.000000e+00  0.000000e+00  1.741673e+08  0.000000e+00  0.000000e+00  6.633795e+06  3.864795e+06  2.521871e+06  1.908597e+06
1.403198e+05  1.929220e+07  0.000000e+00  0.000000e+00  1.735058e+08  0.000000e+00  0.000000e+00  6.586813e+06  3.830512e+06  2.494572e+06  1.884615e+06
1.405271e+05  1.922155e+07  0.000000e+00  0.000000e+00  1.728704e+08  0.000000e+00  0.000000e+00  6.540089e+06  3.796468e+06  2.467493e+06  1.860858e+06
1.407346e+05  1.914814e+07  0.000000e+00  0.000000e+00  1.722102e+08  0.000000e+00  0.000000e+00  6.493620e+06  3.762665e+06  2.440644e+06  1.837331e+06
1.409425e+05  1.907761e+07  0.000000e+00  0.000000e+00  1.715759e+08  0.000000e+00  0.000000e+00  6.447426e+06  3.729094e+06  2.414028e+06  1.814018e+06
1.411507e+05  1.900573e+07  0.000000e+00  0.000000e+00  1.709294e+08  0.000000e+00  0.000000e+00  6.401480e+06  3.695770e+06  2.387635e+06  1.790934e+06
1.413592e+05  1.893393e+07  0.000000e+00  0.000000e+00  1.702837e+08  0.000000e+00  0.000000e+00  6.355787e+06  3.662669e+06  2.361470e+06  1.768068e+06
1.415680e+05  1.886219e+07  0.000000e+00  0.000000e+00  1.696384e+08  0.000000e+00  0.000000e+00  6.310344e+06  3.629818e+06  2.335507e+06  1.745424e+06
1.417771e+05  1.879052e+07  0.000000e+00  0.000000e+00  1.689939e+08  0.000000e+00  0.000000e+00  6.265171e+06  3.597185e+06  2.309778e+06  1.722992e+06
1.419865e+05  1.872028e+07  0.000000e+00  0.000000e+00  1.683622e+08  0.000000e+00  0.000000e+00  6.220236e+06  3.564794e+06  2.284280e+06  1.700781e+06
1.421963e+05  1.864874e+07  0.000000e+00  0.000000e+00  1.677188e+08  0.000000e+00  0.000000e+00  6.175575e+06  3.532646e+06  2.258981e+06  1.678785e+06
1.424063e+05  1.857727e+07  0.000000e+00  0.000000e+00  1.670760e+08  0.000000e+00  0.000000e+00  6.131138e+06  3.500706e+06  2.233916e+06  1.656997e+06
1.426166e+05  1.850720e+07  0.000000e+00  0.000000e+00  1.664458e+08  0.000000e+00  0.000000e+00  6.086973e+06  3.469016e+06  2.209053e+06  1.635424e+06
1.428273e+05  1.843585e+07  0.000000e+00  0.000000e+00  1.658042e+08  0.000000e+00  0.000000e+00  6.043024e+06  3.437546e+06  2.184418e+06  1.614061e+06
1.430383e+05  1.836458e+07  0.000000e+00  0.000000e+00  1.651632e+08  0.000000e+00  0.000000e+00  5.999347e+06  3.406315e+06  2.159987e+06  1.592910e+06
1.432496e+05  1.829470e+07  0.000000e+00  0.000000e+00  1.645347e+08  0.000000e+00  0.000000e+00  5.955896e+06  3.375290e+06  2.135790e+06  1.571964e+06
1.434611e+05  1.822356e+07  0.000000e+00  0.000000e+00  1.638949e+08  0.000000e+00  0.000000e+00  5.912717e+06  3.344515e+06  2.111782e+06  1.551227e+06
1.436731e+05  1.815380e+07  0.000000e+00  0.000000e+00  1.632676e+08  0.000000e+00  0.000000e+00  5.869784e+06  3.313960e+06  2.088005e+06  1.530693e+06
1.438853e+05  1.808410e+07  0.000000e+00  0.000000e+00  1.626406e+08  0.000000e+00  0.000000e+00  5.827089e+06  3.283641e+06  2.064438e+06  1.510373e+06
1.440978e+05  1.801187e+07  0.000000e+00  0.000000e+00  1.619910e+08  0.000000e+00  0.000000e+00  5.784654e+06  3.253532e+06  2.041071e+06  1.490255e+06
1.443107e+05  1.794358e+07  0.000000e+00  0.000000e+00  1.613769e+08  0.000000e+00  0.000000e+00  5.742460e+06  3.223652e+06  2.017922e+06  1.470344e+06
1.445238e+05  1.787323e+07  0.000000e+00  0.000000e+00  1.607442e+08  0.000000e+00  0.000000e+00  5.700519e+06  3.194012e+06  1.994974e+06  1.450634e+06
1.447373e+05  1.780536e+07  0.000000e+00  0.000000e+00  1.601338e+08  0.000000e+00  0.000000e+00  5.658812e+06  3.164578e+06  1.972248e+06  1.431127e+06
1.449511e+05  1.773696e+07  0.000000e+00  0.000000e+00  1.595186e+08  0.000000e+00  0.000000e+00  5.617358e+06  3.135368e+06  1.949717e+06  1.411826e+06
1.451652e+05  1.766988e+07  0.000000e+00  0.000000e+00  1.589153e+08  0.000000e+00  0.000000e+00  5.576128e+06  3.106367e+06  1.927392e+06  1.392724e+06
1.453796e+05  1.760286e+07  0.000000e+00  0.000000e+00  1.583126e+08  0.000000e+00  0.000000e+00  5.535109e+06  3.077566e+06  1.905266e+06  1.373818e+06
1.455944e+05  1.753589e+07  0.000000e+00  0.000000e+00  1.577103e+08  0.000000e+00  0.000000e+00  5.494327e+06  3.048974e+06  1.883333e+06  1.355111e+06
1.458094e+05  1.746775e+07  0.000000e+00  0.000000e+00  1.570975e+08  0.000000e+00  0.000000e+00  5.453768e+06  3.020577e+06  1.861601e+06  1.336598e+06
1.460248e+05  1.740213e+07  0.000000e+00  0.000000e+00  1.565074e+08  0.000000e+00  0.000000e+00  5.413445e+06  2.992404e+06  1.840051e+06  1.318272e+06
1.462405e+05  1.733412e+07  0.000000e+00  0.000000e+00  1.558957e+08  0.000000e+00  0.000000e+00  5.373375e+06  2.964425e+06  1.818707e+06  1.300142e+06
1.464565e+05  1.726740e+07  0.000000e+00  0.000000e+00  1.552956e+08  0.000000e+00  0.000000e+00  5.333539e+06  2.936680e+06  1.797552e+06  1.282197e+06
1.466728e+05  1.720073e+07  0.000000e+00  0.000000e+00  1.546961e+08  0.000000e+00  0.000000e+00  5.293972e+06  2.909158e+06  1.776595e+06  1.264440e+06
1.468895e+05  1.713413e+07  0.000000e+00  0.000000e+00  1.540971e+08  0.000000e+00  0.000000e+00  5.254645e+06  2.881855e+06  1.755833e+06  1.246878e+06
1.471065e+05  1.706759e+07  0.000000e+00  0.000000e+00  1.534986e+08  0.000000e+00  0.000000e+00  5.215573e+06  2.854787e+06  1.735281e+06  1.229503e+06
1.473237e+05  1.700111e+07  0.000000e+00  0.000000e+00  1.529007e+08  0.000000e+00  0.000000e+00  5.176729e+06  2.827928e+06  1.714918e+06  1.212315e+06
1.475414e+05  1.693469e+07  0.000000e+00  0.000000e+00  1.523034e+08  0.000000e+00  0.000000e+00  5.138136e+06  2.801276e+06  1.694756e+06  1.195311e+06
1.477593e+05  1.686833e+07  0.000000e+00  0.000000e+00  1.517066e+08  0.000000e+00  0.000000e+00  5.099837e+06  2.774828e+06  1.674785e+06  1.178482e+06
1.479776e+05  1.680204e+07  0.000000e+00  0.000000e+00  1.511103e+08  0.000000e+00  0.000000e+00  5.061788e+06  2.748617e+06  1.654997e+06  1.161839e+06
1.481961e+05  1.673581e+07  0.000000e+00  0.000000e+00  1.505147e+08  0.000000e+00  0.000000e+00  5.023946e+06  2.722628e+06  1.635403e+06  1.145376e+06
1.484150e+05  1.667080e+07  0.000000e+00  0.000000e+00  1.499300e+08  0.000000e+00  0.000000e+00  4.986158e+06  2.696874e+06  1.615992e+06  1.129094e+06
1.486343e+05  1.660468e+07  0.000000e+00  0.000000e+00  1.493354e+08  0.000000e+00  0.000000e+00  4.948372e+06  2.671234e+06  1.596794e+06  1.112999e+06
1.488538e+05  1.653749e+07  0.000000e+00  0.000000e+00  1.487311e+08  0.000000e+00  0.000000e+00  4.910757e+06  2.645652e+06  1.577821e+06  1.097086e+06
1.490737e+05  1.647379e+07  0.000000e+00  0.000000e+00  1.481582e+08  0.000000e+00  0.000000e+00  4.873485e+06  2.620206e+06  1.558975e+06  1.081349e+06
1.492939e+05  1.640673e+07  0.000000e+00  0.000000e+00  1.475551e+08  0.000000e+00  0.000000e+00  4.836691e+06  2.595067e+06  1.540149e+06  1.065899e+06
1.495144e+05  1.634201e+07  0.000000e+00  0.000000e+00  1.469730e+08  0.000000e+00  0.000000e+00  4.800216e+06  2.570249e+06  1.521524e+06  1.050326e+06
1.497515e+05  1.627161e+07  0.000000e+00  0.000000e+00  1.463399e+08  0.000000e+00  0.000000e+00  4.761297e+06  2.543868e+06  1.501905e+06  1.033845e+06
1.500053e+05  1.619658e+07  0.000000e+00  0.000000e+00  1.456651e+08  0.000000e+00  0.000000e+00  4.719889e+06  2.515895e+06  1.481199e+06  1.016776e+06
1.502595e+05  1.612260e+07  0.000000e+00  0.000000e+00  1.449998e+08  0.000000e+00  0.000000e+00  4.678752e+06  2.488131e+06  1.460676e+06  9.997708e+05
1.505141e+05  1.604677e+07  0.000000e+00  0.000000e+00  1.443178e+08  0.000000e+00  0.000000e+00  4.637885e+06  2.460604e+06  1.440361e+06  9.829828e+05
1.507691e+05  1.597295e+07  0.000000e+00  0.000000e+00  1.436539e+08  0.000000e+00  0.000000e+00  4.597293e+06  2.433323e+06  1.420271e+06  9.664130e+05
1.510246e+05  1.589920e+07  0.000000e+00  0.000000e+00  1.429906e+08  0.000000e+00  0.000000e+00  4.557006e+06  2.406292e+06  1.400413e+06  9.500614e+05
1.512805e+05  1.582392e+07  0.000000e+00  0.000000e+00  1.423135e+08  0.000000e+00  0.000000e+00  4.517001e+06  2.379500e+06  1.380776e+06  9.339298e+05
1.515369e+05  1.575290e+07  0.000000e+00  0.000000e+00  1.416748e+08  0.000000e+00  0.000000e+00  4.477285e+06  2.352967e+06  1.361374e+06  9.180091e+05
1.517936e+05  1.568023e+07  0.000000e+00  0.000000e+00  1.410213e+08  0.000000e+00  0.000000e+00  4.437865e+06  2.326678e+06  1.342186e+06  9.023043e+05
1.520509e+05  1.560951e+07  0.000000e+00  0.000000e+00  1.403853e+08  0.000000e+00  0.000000e+00  4.398715e+06  2.300636e+06  1.323221e+06  8.868077e+05
1.523085e+05  1.553886e+07  0.000000e+00  0.000000e+00  1.397499e+08  0.000000e+00  0.000000e+00  4.359873e+06  2.274835e+06  1.304468e+06  8.715229e+05
1.525666e+05  1.546828e+07  0.000000e+00  0.000000e+00  1.391151e+08  0.000000e+00  0.000000e+00  4.321287e+06  2.249263e+06  1.285945e+06  8.564438e+05
1.528251e+05  1.539686e+07  0.000000e+00  0.000000e+00  1.384728e+08  0.000000e+00  0.000000e+00  4.282971e+06  2.223943e+06  1.267625e+06  8.415714e+05
1.530841e+05  1.532553e+07  0.000000e+00  0.000000e+00  1.378312e+08  0.000000e+00  0.000000e+00  4.244934e+06  2.198855e+06  1.249523e+06  8.269026e+05
1.533435e+05  1.525607e+07  0.000000e+00  0.000000e+00  1.372066e+08  0.000000e+00  0.000000e+00  4.207176e+06  2.174003e+06  1.231633e+06  8.124376e+05
1.536033e+05  1.518579e+07  0.000000e+00  0.000000e+00  1.365745e+08  0.000000e+00  0.000000e+00  4.169679e+06  2.149388e+06  1.213959e+06  7.981716e+05
1.538636e+05  1.511469e+07  0.000000e+00  0.000000e+00  1.359350e+08  0.000000e+00  0.000000e+00  4.132441e+06  2.125011e+06  1.196491e+06  7.841038e+05
1.541243e+05  1.504456e+07  0.000000e+00  0.000000e+00  1.353043e+08  0.000000e+00  0.000000e+00  4.095472e+06  2.100857e+06  1.179222e+06  7.702333e+05
1.543855e+05  1.497451e+07  0.000000e+00  0.000000e+00  1.346743e+08  0.000000e+00  0.000000e+00  4.058771e+06  2.076942e+06  1.162165e+06  7.565580e+05
1.546471e+05  1.490539e+07  0.000000e+00  0.000000e+00  1.340527e+08  0.000000e+00  0.000000e+00  4.022328e+06  2.053249e+06  1.145309e+06  7.430750e+05
1.549092e+05  1.483462e+07  0.000000e+00  0.000000e+00  1.334162e+08  0.000000e+00  0.000000e+00  3.986135e+06  2.029773e+06  1.128655e+06  7.297830e+05
1.551717e+05  1.476479e+07  0.000000e+00  0.000000e+00  1.327883e+08  0.000000e+00  0.000000e+00  3.950219e+06  2.006541e+06  1.112208e+06  7.166834e+05
1.554346e+05  1.469590e+07  0.000000e+00  0.000000e+00  1.321686e+08  0.000000e+00  0.000000e+00  3.914542e+06  1.983518e+06  1.095952e+06  7.037691e+05
1.556980e+05  1.462622e+07  0.000000e+00  0.000000e+00  1.315420e+08  0.000000e+00  0.000000e+00  3.879149e+06  1.960719e+06  1.079895e+06  6.910425e+05
1.559618e+05  1.455662e+07  0.000000e+00  0.000000e+00  1.309160e+08  0.000000e+00  0.000000e+00  3.844006e+06  1.938150e+06  1.064036e+06  6.784994e+05
1.562261e+05  1.448710e+07  0.000000e+00  0.000000e+00  1.302908e+08  0.000000e+00  0.000000e+00  3.809114e+06  1.915788e+06  1.048369e+06  6.661378e+05
1.564908e+05  1.441849e+07  0.000000e+00  0.000000e+00  1.296738e+08  0.000000e+00  0.000000e+00  3.774482e+06  1.893649e+06  1.032901e+06  6.539576e+05
1.567560e+05  1.434913e+07  0.000000e+00  0.000000e+00  1.290499e+08  0.000000e+00  0.000000e+00  3.740128e+06  1.871723e+06  1.017613e+06  6.419571e+05
1.570216e+05  1.428066e+07  0.000000e+00  0.000000e+00  1.284341e+08  0.000000e+00  0.000000e+00  3.706017e+06  1.850002e+06  1.002519e+06  6.301309e+05
1.572877e+05  1.421145e+07  0.000000e+00  0.000000e+00  1.278117e+08  0.000000e+00  0.000000e+00  3.672159e+06  1.828504e+06  9.876161e+05  6.184841e+05
1.575542e+05  1.414313e+07  0.000000e+00  0.000000e+00  1.271973e+08  0.000000e+00  0.000000e+00  3.638567e+06  1.807209e+06  9.728929e+05  6.070085e+05
1.578212e+05  1.407488e+07  0.000000e+00  0.000000e+00  1.265835e+08  0.000000e+00  0.000000e+00  3.605223e+06  1.786134e+06  9.583550e+05  5.957055e+05
1.580886e+05  1.400590e+07  0.000000e+00  0.000000e+00  1.259631e+08  0.000000e+00  0.000000e+00  3.572143e+06  1.765260e+06  9.439985e+05  5.845715e+05
1.583565e+05  1.393781e+07  0.000000e+00  0.000000e+00  1.253508e+08  0.000000e+00  0.000000e+00  3.539305e+06  1.744589e+06  9.298235e+05  5.736069e+05
1.586248e+05  1.387041e+07  0.000000e+00  0.000000e+00  1.247446e+08  0.000000e+00  0.000000e+00  3.506714e+06  1.724122e+06  9.158241e+05  5.628104e+05
1.588936e+05  1.380606e+07  0.000000e+00  0.000000e+00  1.241658e+08  0.000000e+00  0.000000e+00  3.474386e+06  1.703866e+06  9.020069e+05  5.521770e+05
1.591629e+05  1.374021e+07  0.000000e+00  0.000000e+00  1.235736e+08  0.000000e+00  0.000000e+00  3.442308e+06  1.683810e+06  8.883592e+05  5.417084e+05
1.594326e+05  1.367522e+07  0.000000e+00  0.000000e+00  1.229891e+08  0.000000e+00  0.000000e+00  3.410455e+06  1.663948e+06  8.748896e+05  5.313999e+05
1.597027e+05  1.361106e+07  0.000000e+00  0.000000e+00  1.224121e+08  0.000000e+00  0.000000e+00  3.378870e+06  1.644292e+06  8.615835e+05  5.212526e+05
1.599734e+05  1.354544e+07  0.000000e+00  0.000000e+00  1.218219e+08  0.000000e+00  0.000000e+00  3.347507e+06  1.624828e+06  8.484576e+05  5.112625e+05
1.602444e+05  1.348065e+07  0.000000e+00  0.000000e+00  1.212392e+08  0.000000e+00  0.000000e+00  3.316383e+06  1.605558e+06  8.354910e+05  5.014281e+05
1.605160e+05  1.341669e+07  0.000000e+00  0.000000e+00  1.206640e+08  0.000000e+00  0.000000e+00  3.285498e+06  1.586479e+06  8.226988e+05  4.917489e+05
1.607880e+05  1.335130e+07  0.000000e+00  0.000000e+00  1.200759e+08  0.000000e+00  0.000000e+00  3.254855e+06  1.567597e+06  8.100680e+05  4.822210e+05
1.610604e+05  1.328748e+07  0.000000e+00  0.000000e+00  1.195019e+08  0.000000e+00  0.000000e+00  3.224435e+06  1.548908e+06  7.975984e+05  4.728456e+05
1.613334e+05  1.322298e+07  0.000000e+00  0.000000e+00  1.189219e+08  0.000000e+00  0.000000e+00  3.194245e+06  1.530400e+06  7.852980e+05  4.636176e+05
1.616067e+05  1.315929e+07  0.000000e+00  0.000000e+00  1.183491e+08  0.000000e+00  0.000000e+00  3.164302e+06  1.512090e+06  7.731505e+05  4.545390e+05
1.618806e+05  1.309421e+07  0.000000e+00  0.000000e+00  1.177637e+08  0.000000e+00  0.000000e+00  3.134577e+06  1.493957e+06  7.611652e+05  4.456036e+05
1.621549e+05  1.303139e+07  0.000000e+00  0.000000e+00  1.171987e+08  0.000000e+00  0.000000e+00  3.105071e+06  1.476011e+06  7.493319e+05  4.368137e+05
1.624297e+05  1.296717e+07  0.000000e+00  0.000000e+00  1.166212e+08  0.000000e+00  0.000000e+00  3.075811e+06  1.458250e+06  7.376598e+05  4.281663e+05
1.627049e+05  1.290304e+07  0.000000e+00  0.000000e+00  1.160444e+08  0.000000e+00  0.000000e+00  3.046763e+06  1.440677e+06  7.261424e+05  4.196575e+05
1.629806e+05  1.283969e+07  0.000000e+00  0.000000e+00  1.154747e+08  0.000000e+00  0.000000e+00  3.017955e+06  1.423274e+06  7.147767e+05  4.112899e+05
1.632568e+05  1.277571e+07  0.000000e+00  0.000000e+00  1.148993e+08  0.000000e+00  0.000000e+00  2.989363e+06  1.406063e+06  7.035588e+05  4.030588e+05
1.635334e+05  1.271321e+07  0.000000e+00  0.000000e+00  1.143371e+08  0.000000e+00  0.000000e+00  2.961008e+06  1.389023e+06  6.924946e+05  3.949644e+05
1.638105e+05  1.264936e+07  0.000000e+00  0.000000e+00  1.137630e+08  0.000000e+00  0.000000e+00  2.932877e+06  1.372169e+06  6.815813e+05  3.870036e+05
1.640881e+05  1.258560e+07  0.000000e+00  0.000000e+00  1.131895e+08  0.000000e+00  0.000000e+00  2.904961e+06  1.355481e+06  6.708165e+05  3.791763e+05
1.643662e+05  1.252329e+07  0.000000e+00  0.000000e+00  1.126291e+08  0.000000e+00  0.000000e+00  2.877278e+06  1.338970e+06  6.601935e+05  3.714819e+05
1.646447e+05  1.246036e+07  0.000000e+00  0.000000e+00  1.120632e+08  0.000000e+00  0.000000e+00  2.849815e+06  1.322633e+06  6.497180e+05  3.639152e+05
1.649237e+05  1.239682e+07  0.000000e+00  0.000000e+00  1.114917e+08  0.000000e+00  0.000000e+00  2.822569e+06  1.306469e+06  6.393810e+05  3.564782e+05
1.652031e+05  1.233471e+07  0.000000e+00  0.000000e+00  1.109331e+08  0.000000e+00  0.000000e+00  2.795546e+06  1.290470e+06  6.291899e+05  3.491680e+05
1.654831e+05  1.227132e+07  0.000000e+00  0.000000e+00  1.103630e+08  0.000000e+00  0.000000e+00  2.768733e+06  1.274642e+06  6.191343e+05  3.419831e+05
1.657635e+05  1.220934e+07  0.000000e+00  0.000000e+00  1.098056e+08  0.000000e+00  0.000000e+00  2.742138e+06  1.258979e+06  6.092190e+05  3.349221e+05
1.660444e+05  1.214792e+07  0.000000e+00  0.000000e+00  1.092532e+08  0.000000e+00  0.000000e+00  2.715743e+06  1.243478e+06  5.994394e+05  3.279841e+05
1.663257e+05  1.208801e+07  0.000000e+00  0.000000e+00  1.087144e+08  0.000000e+00  0.000000e+00  2.689575e+06  1.228143e+06  5.897946e+05  3.211667e+05
1.666076e+05  1.202846e+07  0.000000e+00  0.000000e+00  1.081788e+08  0.000000e+00  0.000000e+00  2.663598e+06  1.212965e+06  5.802812e+05  3.144680e+05
1.668899e+05  1.196961e+07  0.000000e+00  0.000000e+00  1.076496e+08  0.000000e+00  0.000000e+00  2.637841e+06  1.197948e+06  5.709024e+05  3.078881e+05
1.671727e+05  1.191019e+07  0.000000e+00  0.000000e+00  1.071151e+08  0.000000e+00  0.000000e+00  2.612291e+06  1.183094e+06  5.616513e+05  3.014233e+05
1.674560e+05  1.185147e+07  0.000000e+00  0.000000e+00  1.065871e+08  0.000000e+00  0.000000e+00  2.586932e+06  1.168393e+06  5.525325e+05  2.950735e+05
1.677397e+05  1.179218e+07  0.000000e+00  0.000000e+00  1.060538e+08  0.000000e+00  0.000000e+00  2.561784e+06  1.153851e+06  5.435366e+05  2.888356e+05
1.680240e+05  1.173296e+07  0.000000e+00  0.000000e+00  1.055212e+08  0.000000e+00  0.000000e+00  2.536833e+06  1.139466e+06  5.346701e+05  2.827101e+05
1.683087e+05  1.167444e+07  0.000000e+00  0.000000e+00  1.049949e+08  0.000000e+00  0.000000e+00  2.512091e+06  1.125230e+06  5.259264e+05  2.766940e+05
1.685939e+05  1.161597e+07  0.000000e+00  0.000000e+00  1.044691e+08  0.000000e+00  0.000000e+00  2.487550e+06  1.111153e+06  5.173087e+05  2.707865e+05
1.688796e+05  1.155696e+07  0.000000e+00  0.000000e+00  1.039383e+08  0.000000e+00  0.000000e+00  2.463201e+06  1.097221e+06  5.088103e+05  2.649846e+05
1.691657e+05  1.149924e+07  0.000000e+00  0.000000e+00  1.034193e+08  0.000000e+00  0.000000e+00  2.439060e+06  1.083446e+06  5.004303e+05  2.592899e+05
1.694524e+05  1.144036e+07  0.000000e+00  0.000000e+00  1.028897e+08  0.000000e+00  0.000000e+00  2.415107e+06  1.069817e+06  4.921741e+05  2.536982e+05
1.697395e+05  1.138156e+07  0.000000e+00  0.000000e+00  1.023609e+08  0.000000e+00  0.000000e+00  2.391366e+06  1.056335e+06  4.840329e+05  2.482105e+05
1.700272e+05  1.132403e+07  0.000000e+00  0.000000e+00  1.018435e+08  0.000000e+00  0.000000e+00  2.367818e+06  1.042998e+06  4.760061e+05  2.428233e+05
1.703153e+05  1.126595e+07  0.000000e+00  0.000000e+00  1.013212e+08  0.000000e+00  0.000000e+00  2.344467e+06  1.029809e+06  4.680957e+05  2.375375e+05
1.706039e+05  1.120795e+07  0.000000e+00  0.000000e+00  1.007995e+08  0.000000e+00  0.000000e+00  2.321312e+06  1.016767e+06  4.603003e+05  2.323504e+05
1.708930e+05  1.115001e+07  0.000000e+00  0.000000e+00  1.002784e+08  0.000000e+00  0.000000e+00  2.298365e+06  1.003866e+06  4.526156e+05  2.272601e+05
1.711825e+05  1.109214e+07  0.000000e+00  0.000000e+00  9.975795e+07  0.000000e+00  0.000000e+00  2.275594e+06  9.911060e+05  4.450432e+05  2.222658e+05
1.714726e+05  1.103433e+07  0.000000e+00  0.000000e+00  9.923808e+07  0.000000e+00  0.000000e+00  2.253015e+06  9.784813e+05  4.375804e+05  2.173666e+05
1.717632e+05  1.097660e+07  0.000000e+00  0.000000e+00  9.871885e+07  0.000000e+00  0.000000e+00  2.230614e+06  9.659946e+05  4.302279e+05  2.125598e+05
1.720542e+05  1.091950e+07  0.000000e+00  0.000000e+00  9.820534e+07  0.000000e+00  0.000000e+00  2.208390e+06  9.536344e+05  4.229799e+05  2.078446e+05
1.723458e+05  1.086190e+07  0.000000e+00  0.000000e+00  9.768726e+07  0.000000e+00  0.000000e+00  2.186345e+06  9.413988e+05  4.158338e+05  2.032195e+05
1.726378e+05  1.080436e+07  0.000000e+00  0.000000e+00  9.716983e+07  0.000000e+00  0.000000e+00  2.164474e+06  9.292957e+05  4.087902e+05  1.986826e+05
1.729303e+05  1.074746e+07  0.000000e+00  0.000000e+00  9.665806e+07  0.000000e+00  0.000000e+00  2.142782e+06  9.173215e+05  4.018461e+05  1.942321e+05
1.732234e+05  1.069061e+07  0.000000e+00  0.000000e+00  9.614681e+07  0.000000e+00  0.000000e+00  2.121293e+06  9.054795e+05  3.950025e+05  1.898662e+05
1.735169e+05  1.063328e+07  0.000000e+00  0.000000e+00  9.563117e+07  0.000000e+00  0.000000e+00  2.099991e+06  8.937841e+05  3.882628e+05  1.855849e+05
1.738109e+05  1.057690e+07  0.000000e+00  0.000000e+00  9.512415e+07  0.000000e+00  0.000000e+00  2.078881e+06  8.822250e+05  3.816224e+05  1.813869e+05
1.741055e+05  1.052315e+07  0.000000e+00  0.000000e+00  9.464073e+07  0.000000e+00  0.000000e+00  2.057950e+06  8.707973e+05  3.750844e+05  1.772723e+05
1.744005e+05  1.046895e+07  0.000000e+00  0.000000e+00  9.415324e+07  0.000000e+00  0.000000e+00  2.037207e+06  8.595069e+05  3.686464e+05  1.732394e+05
1.746960e+05  1.041535e+07  0.000000e+00  0.000000e+00  9.367117e+07  0.000000e+00  0.000000e+00  2.016632e+06  8.483381e+05  3.623066e+05  1.692868e+05
1.749920e+05  1.036127e+07  0.000000e+00  0.000000e+00  9.318487e+07  0.000000e+00  0.000000e+00  1.996233e+06  8.372966e+05  3.560600e+05  1.654128e+05
1.752886e+05  1.030833e+07  0.000000e+00  0.000000e+00  9.270871e+07  0.000000e+00  0.000000e+00  1.976031e+06  8.263725e+05  3.499049e+05  1.616142e+05
1.755856e+05  1.025438e+07  0.000000e+00  0.000000e+00  9.222355e+07  0.000000e+00  0.000000e+00  1.956047e+06  8.155755e+05  3.438433e+05  1.578914e+05
1.758831e+05  1.020155e+07  0.000000e+00  0.000000e+00  9.174840e+07  0.000000e+00  0.000000e+00  1.936236e+06  8.049144e+05  3.378722e+05  1.542436e+05
1.761812e+05  1.014774e+07  0.000000e+00  0.000000e+00  9.126443e+07  0.000000e+00  0.000000e+00  1.916500e+06  7.943845e+05  3.319901e+05  1.506711e+05
1.764797e+05  1.009502e+07  0.000000e+00  0.000000e+00  9.079031e+07  0.000000e+00  0.000000e+00  1.896793e+06  7.839472e+05  3.262015e+05  1.471717e+05
1.767787e+05  1.004185e+07  0.000000e+00  0.000000e+00  9.031209e+07  0.000000e+00  0.000000e+00  1.877239e+06  7.735642e+05  3.205140e+05  1.437436e+05
1.770783e+05  9.988738e+06  0.000000e+00  0.000000e+00  8.983444e+07  0.000000e+00  0.000000e+00  1.857976e+06  7.632729e+05  3.149007e+05  1.403857e+05
1.773784e+05  9.936194e+06  0.000000e+00  0.000000e+00  8.936188e+07  0.000000e+00  0.000000e+00  1.839003e+06  7.531563e+05  3.093263e+05  1.371133e+05
1.776789e+05  9.883206e+06  0.000000e+00  0.000000e+00  8.888533e+07  0.000000e+00  0.000000e+00  1.820221e+06  7.432084e+05  3.038448e+05  1.338535e+05
1.780020e+05  9.826301e+06  0.000000e+00  0.000000e+00  8.837355e+07  0.000000e+00  0.000000e+00  1.800212e+06  7.326590e+05  2.981067e+05  1.304503e+05
1.783478e+05  9.766445e+06  0.000000e+00  0.000000e+00  8.783523e+07  0.000000e+00  0.000000e+00  1.779008e+06  7.215132e+05  2.920814e+05  1.269502e+05
1.786942e+05  9.705808e+06  0.000000e+00  0.000000e+00  8.728989e+07  0.000000e+00  0.000000e+00  1.757998e+06  7.105025e+05  2.861499e+05  1.235067e+05
1.790412e+05  9.646106e+06  0.000000e+00  0.000000e+00  8.675295e+07  0.000000e+00  0.000000e+00  1.737188e+06  6.996306e+05  2.803200e+05  1.201461e+05
1.793890e+05  9.586059e+06  0.000000e+00  0.000000e+00  8.621292e+07  0.000000e+00  0.000000e+00  1.716592e+06  6.889032e+05  2.745927e+05  1.168676e+05
1.797374e+05  9.526092e+06  0.000000e+00  0.000000e+00  8.567360e+07  0.000000e+00  0.000000e+00  1.696185e+06  6.783154e+05  2.689697e+05  1.136688e+05
1.800865e+05  9.466621e+06  0.000000e+00  0.000000e+00  8.513874e+07  0.000000e+00  0.000000e+00  1.675992e+06  6.678697e+05  2.634461e+05  1.105482e+05
1.804363e+05  9.406817e+06  0.000000e+00  0.000000e+00  8.460090e+07  0.000000e+00  0.000000e+00  1.655989e+06  6.575576e+05  2.580214e+05  1.075044e+05
1.807867e+05  9.347503e+06  0.000000e+00  0.000000e+00  8.406745e+07  0.000000e+00  0.000000e+00  1.636199e+06  6.473853e+05  2.526960e+05  1.045363e+05
1.811379e+05  9.287863e+06  0.000000e+00  0.000000e+00  8.353107e+07  0.000000e+00  0.000000e+00  1.616593e+06  6.373446e+05  2.474644e+05  1.016415e+05
1.814897e+05  9.228709e+06  0.000000e+00  0.000000e+00  8.299906e+07  0.000000e+00  0.000000e+00  1.597195e+06  6.274367e+05  2.423302e+05  9.881937e+04
1.818422e+05  9.169864e+06  0.000000e+00  0.000000e+00  8.246984e+07  0.000000e+00  0.000000e+00  1.578000e+06  6.176574e+05  2.372869e+05  9.606762e+04
1.821954e+05  9.112775e+06  0.000000e+00  0.000000e+00  8.195640e+07  0.000000e+00  0.000000e+00  1.558996e+06  6.080116e+05  2.323367e+05  9.338503e+04
1.825492e+05  9.057212e+06  0.000000e+00  0.000000e+00  8.145670e+07  0.000000e+00  0.000000e+00  1.540190e+06  5.984912e+05  2.274767e+05  9.077033e+04
1.829038e+05  9.001723e+06  0.000000e+00  0.000000e+00  8.095765e+07  0.000000e+00  0.000000e+00  1.521585e+06  5.891017e+05  2.227059e+05  8.822238e+04
1.832590e+05  8.946310e+06  0.000000e+00  0.000000e+00  8.045929e+07  0.000000e+00  0.000000e+00  1.503181e+06  5.798351e+05  2.180217e+05  8.573914e+04
1.836150e+05  8.890972e+06  0.000000e+00  0.000000e+00  7.996160e+07  0.000000e+00  0.000000e+00  1.484956e+06  5.706913e+05  2.134246e+05  8.331922e+04
1.839716e+05  8.836087e+06  0.000000e+00  0.000000e+00  7.946799e+07  0.000000e+00  0.000000e+00  1.466929e+06  5.616739e+05  2.089103e+05  8.096188e+04
1.843289e+05  8.780897e+06  0.000000e+00  0.000000e+00  7.897164e+07  0.000000e+00  0.000000e+00  1.449089e+06  5.527754e+05  2.044797e+05  7.866538e+04
1.846869e+05  8.726155e+06  0.000000e+00  0.000000e+00  7.847931e+07  0.000000e+00  0.000000e+00  1.431440e+06  5.439998e+05  2.001307e+05  7.642836e+04
1.850457e+05  8.671115e+06  0.000000e+00  0.000000e+00  7.798431e+07  0.000000e+00  0.000000e+00  1.413962e+06  5.353453e+05  1.958636e+05  7.424927e+04
1.854051e+05  8.616520e+06  0.000000e+00  0.000000e+00  7.749330e+07  0.000000e+00  0.000000e+00  1.396664e+06  5.268058e+05  1.916739e+05  7.212744e+04
1.857652e+05  8.561994e+06  0.000000e+00  0.000000e+00  7.700292e+07  0.000000e+00  0.000000e+00  1.379551e+06  5.183863e+05  1.875631e+05  7.006118e+04
1.861260e+05  8.507184e+06  0.000000e+00  0.000000e+00  7.650997e+07  0.000000e+00  0.000000e+00  1.362597e+06  5.100783e+05  1.835296e+05  6.804934e+04
1.864875e+05  8.453166e+06  0.000000e+00  0.000000e+00  7.602416e+07  0.000000e+00  0.000000e+00  1.345822e+06  5.018858e+05  1.795707e+05  6.609056e+04
1.868497e+05  8.398859e+06  0.000000e+00  0.000000e+00  7.553575e+07  0.000000e+00  0.000000e+00  1.329221e+06  4.938023e+05  1.756860e+05  6.418383e+04
1.872126e+05  8.344629e+06  0.000000e+00  0.000000e+00  7.504803e+07  0.000000e+00  0.000000e+00  1.312779e+06  4.858303e+05  1.718757e+05  6.232765e+04
1.875762e+05  8.290474e+06  0.000000e+00  0.000000e+00  7.456098e+07  0.000000e+00  0.000000e+00  1.296513e+06  4.779680e+05  1.681359e+05  6.052091e+04
1.879405e+05  8.236393e+06  0.000000e+00  0.000000e+00  7.407460e+07  0.000000e+00  0.000000e+00  1.280410e+06  4.702088e+05  1.644673e+05  5.876259e+04
1.883056e+05  8.182730e+06  0.000000e+00  0.000000e+00  7.359197e+07  0.000000e+00  0.000000e+00  1.264483e+06  4.625590e+05  1.608679e+05  5.705139e+04
1.886713e+05  8.128798e+06  0.000000e+00  0.000000e+00  7.310694e+07  0.000000e+00  0.000000e+00  1.248720e+06  4.550125e+05  1.573370e+05  5.538629e+04
1.890378e+05  8.075281e+06  0.000000e+00  0.000000e+00  7.262562e+07  0.000000e+00  0.000000e+00  1.233132e+06  4.475680e+05  1.538728e+05  5.376609e+04
1.894049e+05  8.021834e+06  0.000000e+00  0.000000e+00  7.214494e+07  0.000000e+00  0.000000e+00  1.217707e+06  4.402299e+05  1.504758e+05  5.218980e+04
1.897728e+05  7.968128e+06  0.000000e+00  0.000000e+00  7.166194e+07  0.000000e+00  0.000000e+00  1.202454e+06  4.329917e+05  1.471426e+05  5.065638e+04
1.901414e+05  7.914831e+06  0.000000e+00  0.000000e+00  7.118261e+07  0.000000e+00  0.000000e+00  1.187369e+06  4.258537e+05  1.438740e+05  4.916482e+04
1.905107e+05  7.862605e+06  0.000000e+00  0.000000e+00  7.071291e+07  0.000000e+00  0.000000e+00  1.172451e+06  4.188183e+05  1.406697e+05  4.771410e+04
1.908807e+05  7.811476e+06  0.000000e+00  0.000000e+00  7.025308e+07  0.000000e+00  0.000000e+00  1.157700e+06  4.118820e+05  1.375269e+05  4.630325e+04
1.912515e+05  7.761742e+06  0.000000e+00  0.000000e+00  6.980579e+07  0.000000e+00  0.000000e+00  1.143099e+06  4.050443e+05  1.344464e+05  4.493143e+04
1.916229e+05  7.712391e+06  0.000000e+00  0.000000e+00  6.936195e+07  0.000000e+00  0.000000e+00  1.128664e+06  3.983020e+05  1.314270e+05  4.359766e+04
1.919951e+05  7.662789e+06  0.000000e+00  0.000000e+00  6.891585e+07  0.000000e+00  0.000000e+00  1.114378e+06  3.916572e+05  1.284669e+05  4.230114e+04
1.923680e+05  7.613568e+06  0.000000e+00  0.000000e+00  6.847318e+07  0.000000e+00  0.000000e+00  1.100248e+06  3.851043e+05  1.255660e+05  4.104085e+04
1.927416e+05  7.564102e+06  0.000000e+00  0.000000e+00  6.802830e+07  0.000000e+00  0.000000e+00  1.086257e+06  3.786452e+05  1.227229e+05  3.981591e+04
1.931160e+05  7.514706e+06  0.000000e+00  0.000000e+00  6.758405e+07  0.000000e+00  0.000000e+00  1.072419e+06  3.722747e+05  1.199363e+05  3.862546e+04
1.934911e+05  7.465685e+06  0.000000e+00  0.000000e+00  6.714318e+07  0.000000e+00  0.000000e+00  1.058718e+06  3.659959e+05  1.172054e+05  3.746856e+04
1.938669e+05  7.416730e+06  0.000000e+00  0.000000e+00  6.670290e+07  0.000000e+00  0.000000e+00  1.045164e+06  3.598048e+05  1.145291e+05  3.634448e+04
1.942434e+05  7.367839e+06  0.000000e+00  0.000000e+00  6.626320e+07  0.000000e+00  0.000000e+00  1.031748e+06  3.537000e+05  1.119062e+05  3.525224e+04
1.946207e+05  7.319018e+06  0.000000e+00  0.000000e+00  6.582412e+07  0.000000e+00  0.000000e+00  1.018468e+06  3.476804e+05  1.093360e+05  3.419121e+04
1.949987e+05  7.270262e+06  0.000000e+00  0.000000e+00  6.538563e+07  0.000000e+00  0.000000e+00  1.005330e+06  3.417482e+05  1.068176e+05  3.316042e+04
1.953774e+05  7.221573e+06  0.000000e+00  0.000000e+00  6.494774e+07  0.000000e+00  0.000000e+00  9.923343e+05  3.358995e+05  1.043499e+05  3.215907e+04
1.957569e+05  7.173241e+06  0.000000e+00  0.000000e+00  6.451307e+07  0.000000e+00  0.000000e+00  9.794747e+05  3.301346e+05  1.019321e+05  3.118656e+04
1.961371e+05  7.124402e+06  0.000000e+00  0.000000e+00  6.407383e+07  0.000000e+00  0.000000e+00  9.667563e+05  3.244531e+05  9.956331e+04  3.024208e+04
1.965181e+05  7.076487e+06  0.000000e+00  0.000000e+00  6.364290e+07  0.000000e+00  0.000000e+00  9.541796e+05  3.188540e+05  9.724290e+04  2.932497e+04
1.968998e+05  7.027787e+06  0.000000e+00  0.000000e+00  6.320491e+07  0.000000e+00  0.000000e+00  9.417380e+05  3.133357e+05  9.497011e+04  2.843446e+04
1.972822e+05  6.979999e+06  0.000000e+00  0.000000e+00  6.277513e+07  0.000000e+00  0.000000e+00  9.294412e+05  3.078992e+05  9.274394e+04  2.756977e+04
1.976654e+05  6.931720e+06  0.000000e+00  0.000000e+00  6.234092e+07  0.000000e+00  0.000000e+00  9.172782e+05  3.025424e+05  9.056357e+04  2.673026e+04
1.980493e+05  6.883784e+06  0.000000e+00  0.000000e+00  6.190981e+07  0.000000e+00  0.000000e+00  9.052487e+05  2.972660e+05  8.842844e+04  2.591525e+04
1.984340e+05  6.835644e+06  0.000000e+00  0.000000e+00  6.147686e+07  0.000000e+00  0.000000e+00  8.933594e+05  2.920659e+05  8.633781e+04  2.512401e+04
1.988194e+05  6.788114e+06  0.000000e+00  0.000000e+00  6.104939e+07  0.000000e+00  0.000000e+00  8.816018e+05  2.869445e+05  8.429068e+04  2.435601e+04
1.992055e+05  6.740379e+06  0.000000e+00  0.000000e+00  6.062009e+07  0.000000e+00  0.000000e+00  8.699754e+05  2.818981e+05  8.228646e+04  2.361061e+04
1.995924e+05  6.693814e+06  0.000000e+00  0.000000e+00  6.020130e+07  0.000000e+00  0.000000e+00  8.584776e+05  2.769278e+05  8.032445e+04  2.288743e+04
1.999801e+05  6.649218e+06  0.000000e+00  0.000000e+00  5.980022e+07  0.000000e+00  0.000000e+00  8.471119e+05  2.720321e+05  7.840357e+04  2.218571e+04
2.003685e+05  6.604705e+06  0.000000e+00  0.000000e+00  5.939989e+07  0.000000e+00  0.000000e+00  8.358649e+05  2.672082e+05  7.652343e+04  2.150506e+04
2.007577e+05  6.561030e+06  0.000000e+00  0.000000e+00  5.900710e+07  0.000000e+00  0.000000e+00  8.247453e+05  2.624565e+05  7.468307e+04  2.084483e+04
2.011476e+05  6.516898e+06  0.000000e+00  0.000000e+00  5.861020e+07  0.000000e+00  0.000000e+00  8.137516e+05  2.577760e+05  7.288193e+04  2.020434e+04
2.015383e+05  6.472832e+06  0.000000e+00  0.000000e+00  5.821388e+07  0.000000e+00  0.000000e+00  8.028753e+05  2.531681e+05  7.111929e+04  1.958321e+04
2.019297e+05  6.429328e+06  0.000000e+00  0.000000e+00  5.782263e+07  0.000000e+00  0.000000e+00  7.921260e+05  2.486299e+05  6.939465e+04  1.898062e+04
2.023219e+05  6.385384e+06  0.000000e+00  0.000000e+00  5.742742e+07  0.000000e+00  0.000000e+00  7.814966e+05  2.441598e+05  6.770727e+04  1.839623e+04
2.027149e+05  6.341752e+06  0.000000e+00  0.000000e+00  5.703501e+07  0.000000e+00  0.000000e+00  7.709817e+05  2.397561e+05  6.605651e+04  1.782945e+04
2.031086e+05  6.298181e+06  0.000000e+00  0.000000e+00  5.664315e+07  0.000000e+00  0.000000e+00  7.605783e+05  2.354164e+05  6.444162e+04  1.727987e+04
2.035031e+05  6.254912e+06  0.000000e+00  0.000000e+00  5.625400e+07  0.000000e+00  0.000000e+00  7.502831e+05  2.311382e+05  6.286111e+04  1.674687e+04
2.038984e+05  6.211221e+06  0.000000e+00  0.000000e+00  5.586107e+07  0.000000e+00  0.000000e+00  7.401022e+05  2.269188e+05  6.131374e+04  1.623001e+04
2.042944e+05  6.168073e+06  0.000000e+00  0.000000e+00  5.547301e+07  0.000000e+00  0.000000e+00  7.300412e+05  2.227610e+05  5.979874e+04  1.572871e+04
2.046912e+05  6.124982e+06  0.000000e+00  0.000000e+00  5.508547e+07  0.000000e+00  0.000000e+00  7.200989e+05  2.186694e+05  5.831578e+04  1.524239e+04
2.050887e+05  6.081717e+06  0.000000e+00  0.000000e+00  5.469636e+07  0.000000e+00  0.000000e+00  7.102830e+05  2.146458e+05  5.686515e+04  1.477056e+04
2.054871e+05  6.038745e+06  0.000000e+00  0.000000e+00  5.430989e+07  0.000000e+00  0.000000e+00  7.005898e+05  2.106902e+05  5.544736e+04  1.431285e+04
2.058862e+05  5.995604e+06  0.000000e+00  0.000000e+00  5.392190e+07  0.000000e+00  0.000000e+00  6.910127e+05  2.067993e+05  5.406236e+04  1.386915e+04
2.062861e+05  5.952755e+06  0.000000e+00  0.000000e+00  5.353653e+07  0.000000e+00  0.000000e+00  6.815447e+05  2.029715e+05  5.270938e+04  1.343923e+04
2.066867e+05  5.910190e+06  0.000000e+00  0.000000e+00  5.315372e+07  0.000000e+00  0.000000e+00  6.721814e+05  1.992016e+05  5.138739e+04  1.302277e+04
2.070882e+05  5.867236e+06  0.000000e+00  0.000000e+00  5.276741e+07  0.000000e+00  0.000000e+00  6.629202e+05  1.954903e+05  5.009505e+04  1.261912e+04
2.074904e+05  5.824569e+06  0.000000e+00  0.000000e+00  5.238368e+07  0.000000e+00  0.000000e+00  6.537589e+05  1.918344e+05  4.883159e+04  1.222776e+04
2.078934e+05  5.782181e+06  0.000000e+00  0.000000e+00  5.200247e+07  0.000000e+00  0.000000e+00  6.447095e+05  1.882360e+05  4.759649e+04  1.184812e+04
2.082972e+05  5.739635e+06  0.000000e+00  0.000000e+00  5.161982e+07  0.000000e+00  0.000000e+00  6.357855e+05  1.846940e+05  4.638934e+04  1.148003e+04
2.087018e+05  5.697365e+06  0.000000e+00  0.000000e+00  5.123967e+07  0.000000e+00  0.000000e+00  6.269750e+05  1.812134e+05  4.520978e+04  1.112331e+04
2.091071e+05  5.656443e+06  0.000000e+00  0.000000e+00  5.087163e+07  0.000000e+00  0.000000e+00  6.182082e+05  1.777957e+05  4.405745e+04  1.077766e+04
2.095132e+05  5.617188e+06  0.000000e+00  0.000000e+00  5.051859e+07  0.000000e+00  0.000000e+00  6.094532e+05  1.744251e+05  4.293245e+04  1.044266e+04
2.099202e+05  5.578507e+06  0.000000e+00  0.000000e+00  5.017070e+07  0.000000e+00  0.000000e+00  6.007966e+05  1.710797e+05  4.183711e+04  1.011792e+04
2.103279e+05  5.539460e+06  0.000000e+00  0.000000e+00  4.981954e+07  0.000000e+00  0.000000e+00  5.923327e+05  1.677815e+05  4.076528e+04  9.803088e+03
2.107364e+05  5.500678e+06  0.000000e+00  0.000000e+00  4.947074e+07  0.000000e+00  0.000000e+00  5.840214e+05  1.645630e+05  3.970850e+04  9.499301e+03
2.111457e+05  5.462153e+06  0.000000e+00  0.000000e+00  4.912427e+07  0.000000e+00  0.000000e+00  5.757949e+05  1.614134e+05  3.867865e+04  9.198769e+03
2.115910e+05  5.420006e+06  0.000000e+00  0.000000e+00  4.874522e+07  0.000000e+00  0.000000e+00  5.669534e+05  1.580443e+05  3.759991e+04  8.886326e+03
2.120723e+05  5.374911e+06  0.000000e+00  0.000000e+00  4.833965e+07  0.000000e+00  0.000000e+00  5.575290e+05  1.544694e+05  3.646430e+04  8.565409e+03
2.125547e+05  5.329889e+06  0.000000e+00  0.000000e+00  4.793474e+07  0.000000e+00  0.000000e+00  5.482375e+05  1.509606e+05  3.535827e+04  8.253396e+03
2.130383e+05  5.284941e+06  0.000000e+00  0.000000e+00  4.753050e+07  0.000000e+00  0.000000e+00  5.390738e+05  1.475177e+05  3.428295e+04  7.952584e+03
2.135229e+05  5.240069e+06  0.000000e+00  0.000000e+00  4.712694e+07  0.000000e+00  0.000000e+00  5.300360e+05  1.441424e+05  3.323777e+04  7.662620e+03
2.140087e+05  5.195434e+06  0.000000e+00  0.000000e+00  4.672551e+07  0.000000e+00  0.000000e+00  5.211257e+05  1.408312e+05  3.222206e+04  7.383074e+03
2.144955e+05  5.150712e+06  0.000000e+00  0.000000e+00  4.632330e+07  0.000000e+00  0.000000e+00  5.123381e+05  1.375852e+05  3.123503e+04  7.113606e+03
2.149834e+05  5.106067e+06  0.000000e+00  0.000000e+00  4.592178e+07  0.000000e+00  0.000000e+00  5.036718e+05  1.344027e+05  3.027598e+04  6.853861e+03
2.154725e+05  5.061814e+06  0.000000e+00  0.000000e+00  4.552379e+07  0.000000e+00  0.000000e+00  4.951219e+05  1.312824e+05  2.934428e+04  6.603478e+03
2.159627e+05  5.017320e+06  0.000000e+00  0.000000e+00  4.512363e+07  0.000000e+00  0.000000e+00  4.866886e+05  1.282241e+05  2.843923e+04  6.362123e+03
2.164540e+05  4.973213e+06  0.000000e+00  0.000000e+00  4.472695e+07  0.000000e+00  0.000000e+00  4.783737e+05  1.252266e+05  2.756026e+04  6.129449e+03
2.169464e+05  4.929025e+06  0.000000e+00  0.000000e+00  4.432955e+07  0.000000e+00  0.000000e+00  4.701736e+05  1.222885e+05  2.670654e+04  5.905161e+03
2.174399e+05  4.884915e+06  0.000000e+00  0.000000e+00  4.393284e+07  0.000000e+00  0.000000e+00  4.620900e+05  1.194106e+05  2.587762e+04  5.688956e+03
2.179345e+05  4.841030e+06  0.000000e+00  0.000000e+00  4.353816e+07  0.000000e+00  0.000000e+00  4.541193e+05  1.165902e+05  2.507271e+04  5.480547e+03
2.184303e+05  4.797219e+06  0.000000e+00  0.000000e+00  4.314413e+07  0.000000e+00  0.000000e+00  4.462643e+05  1.138271e+05  2.429122e+04  5.279632e+03
2.189272e+05  4.754930e+06  0.000000e+00  0.000000e+00  4.276381e+07  0.000000e+00  0.000000e+00  4.385255e+05  1.111199e+05  2.353250e+04  5.085975e+03
2.194252e+05  4.714520e+06  0.000000e+00  0.000000e+00  4.240038e+07  0.000000e+00  0.000000e+00  4.308963e+05  1.084686e+05  2.279582e+04  4.899276e+03
2.199244e+05  4.674534e+06  0.000000e+00  0.000000e+00  4.204076e+07  0.000000e+00  0.000000e+00  4.233825e+05  1.058715e+05  2.208057e+04  4.719284e+03
2.204247e+05  4.634756e+06  0.000000e+00  0.000000e+00  4.168302e+07  0.000000e+00  0.000000e+00  4.159734e+05  1.033278e+05  2.138619e+04  4.545770e+03
2.209261e+05  4.595043e+06  0.000000e+00  0.000000e+00  4.132585e+07  0.000000e+00  0.000000e+00  4.086747e+05  1.008376e+05  2.071212e+04  4.378457e+03
2.214287e+05  4.555257e+06  0.000000e+00  0.000000e+00  4.096804e+07  0.000000e+00  0.000000e+00  4.014770e+05  9.839876e+04  2.005789e+04  4.217164e+03
2.219324e+05  4.515815e+06  0.000000e+00  0.000000e+00  4.061331e+07  0.000000e+00  0.000000e+00  3.943817e+05  9.601167e+04  1.942301e+04  4.061637e+03
2.224373e+05  4.476166e+06  0.000000e+00  0.000000e+00  4.025673e+07  0.000000e+00  0.000000e+00  3.873837e+05  9.367475e+04  1.880709e+04  3.911694e+03
2.229433e+05  4.436856e+06  0.000000e+00  0.000000e+00  3.990318e+07  0.000000e+00  0.000000e+00  3.804821e+05  9.138753e+04  1.820963e+04  3.767130e+03
2.234505e+05  4.397609e+06  0.000000e+00  0.000000e+00  3.955021e+07  0.000000e+00  0.000000e+00  3.736778e+05  8.914882e+04  1.763026e+04  3.627782e+03
2.239588e+05  4.358297e+06  0.000000e+00  0.000000e+00  3.919666e+07  0.000000e+00  0.000000e+00  3.669691e+05  8.695776e+04  1.706847e+04  3.493453e+03
2.244683e+05  4.319184e+06  0.000000e+00  0.000000e+00  3.884489e+07  0.000000e+00  0.000000e+00  3.603573e+05  8.481317e+04  1.652379e+04  3.363985e+03
2.249789e+05  4.280136e+06  0.000000e+00  0.000000e+00  3.849371e+07  0.000000e+00  0.000000e+00  3.538423e+05  8.271424e+04  1.599574e+04  3.239185e+03
2.254907e+05  4.241156e+06  0.000000e+00  0.000000e+00  3.814314e+07  0.000000e+00  0.000000e+00  3.474268e+05  8.066040e+04  1.548379e+04  3.118889e+03
2.260037e+05  4.202367e+06  0.000000e+00  0.000000e+00  3.779430e+07  0.000000e+00  0.000000e+00  3.411107e+05  7.865078e+04  1.498756e+04  3.002938e+03
2.265178e+05  4.163521e+06  0.000000e+00  0.000000e+00  3.744493e+07  0.000000e+00  0.000000e+00  3.348937e+05  7.668478e+04  1.450663e+04  2.891163e+03
2.270331e+05  4.124865e+06  0.000000e+00  0.000000e+00  3.709727e+07  0.000000e+00  0.000000e+00  3.287754e+05  7.476161e+04  1.404051e+04  2.783406e+03
2.275496e+05  4.086274e+06  0.000000e+00  0.000000e+00  3.675021e+07  0.000000e+00  0.000000e+00  3.227545e+05  7.288077e+04  1.358887e+04  2.679550e+03
2.280672e+05  4.047750e+06  0.000000e+00  0.000000e+00  3.640373e+07  0.000000e+00  0.000000e+00  3.168279e+05  7.104139e+04  1.315128e+04  2.579425e+03
2.285861e+05  4.009294e+06  0.000000e+00  0.000000e+00  3.605788e+07  0.000000e+00  0.000000e+00  3.109942e+05  6.924278e+04  1.272737e+04  2.482921e+03
2.291061e+05  3.971947e+06  0.000000e+00  0.000000e+00  3.572199e+07  0.000000e+00  0.000000e+00  3.052494e+05  6.748408e+04  1.231668e+04  2.389903e+03
2.296273e+05  3.936273e+06  0.000000e+00  0.000000e+00  3.540115e+07  0.000000e+00  0.000000e+00  2.995913e+05  6.576421e+04  1.191882e+04  2.300238e+03
2.301496e+05  3.901573e+06  0.000000e+00  0.000000e+00  3.508908e+07  0.000000e+00  0.000000e+00  2.940174e+05  6.408253e+04  1.153341e+04  2.213833e+03
2.306732e+05  3.867043e+06  0.000000e+00  0.000000e+00  3.477853e+07  0.000000e+00  0.000000e+00  2.885265e+05  6.243812e+04  1.116005e+04  2.130547e+03
2.311979e+05  3.832347e+06  0.000000e+00  0.000000e+00  3.446649e+07  0.000000e+00  0.000000e+00  2.831175e+05  6.083036e+04  1.079836e+04  2.050277e+03
2.317239e+05  3.797824e+06  0.000000e+00  0.000000e+00  3.415601e+07  0.000000e+00  0.000000e+00  2.777893e+05  5.925862e+04  1.044799e+04  1.972892e+03
2.322510e+05  3.763470e+06  0.000000e+00  0.000000e+00  3.384704e+07  0.000000e+00  0.000000e+00  2.725422e+05  5.772240e+04  1.010861e+04  1.898296e+03
2.327794e+05  3.729172e+06  0.000000e+00  0.000000e+00  3.353858e+07  0.000000e+00  0.000000e+00  2.673770e+05  5.622114e+04  9.779881e+03  1.826369e+03
2.333089e+05  3.694932e+06  0.000000e+00  0.000000e+00  3.323064e+07  0.000000e+00  0.000000e+00  2.622926e+05  5.475434e+04  9.461535e+03  1.757026e+03
2.338397e+05  3.660647e+06  0.000000e+00  0.000000e+00  3.292229e+07  0.000000e+00  0.000000e+00  2.572897e+05  5.332128e+04  9.153241e+03  1.690183e+03
2.343716e+05  3.626631e+06  0.000000e+00  0.000000e+00  3.261637e+07  0.000000e+00  0.000000e+00  2.523680e+05  5.192145e+04  8.854722e+03  1.625767e+03
2.349048e+05  3.592569e+06  0.000000e+00  0.000000e+00  3.231003e+07  0.000000e+00  0.000000e+00  2.475258e+05  5.055417e+04  8.565695e+03  1.563706e+03
2.354392e+05  3.558667e+06  0.000000e+00  0.000000e+00  3.200513e+07  0.000000e+00  0.000000e+00  2.427622e+05  4.921878e+04  8.285833e+03  1.503932e+03
2.359748e+05  3.524824e+06  0.000000e+00  0.000000e+00  3.170076e+07  0.000000e+00  0.000000e+00  2.380761e+05  4.791473e+04  8.014879e+03  1.446350e+03
2.365116e+05  3.490940e+06  0.000000e+00  0.000000e+00  3.139602e+07  0.000000e+00  0.000000e+00  2.334657e+05  4.664138e+04  7.752533e+03  1.390897e+03
2.370496e+05  3.457314e+06  0.000000e+00  0.000000e+00  3.109360e+07  0.000000e+00  0.000000e+00  2.289296e+05  4.539826e+04  7.498556e+03  1.337469e+03
2.375889e+05  3.423646e+06  0.000000e+00  0.000000e+00  3.079081e+07  0.000000e+00  0.000000e+00  2.244663e+05  4.418506e+04  7.252674e+03  1.286007e+03
2.381293e+05  3.390039e+06  0.000000e+00  0.000000e+00  3.048856e+07  0.000000e+00  0.000000e+00  2.200751e+05  4.300147e+04  7.014703e+03  1.236431e+03
2.386711e+05  3.356587e+06  0.000000e+00  0.000000e+00  3.018771e+07  0.000000e+00  0.000000e+00  2.157540e+05  4.184680e+04  6.784425e+03  1.188673e+03
2.392140e+05  3.323192e+06  0.000000e+00  0.000000e+00  2.988737e+07  0.000000e+00  0.000000e+00  2.115007e+05  4.072010e+04  6.561650e+03  1.142679e+03
2.397582e+05  3.290294e+06  0.000000e+00  0.000000e+00  2.959150e+07  0.000000e+00  0.000000e+00  2.073118e+05  3.961958e+04  6.346129e+03  1.098391e+03
2.403036e+05  3.259077e+06  0.000000e+00  0.000000e+00  2.931075e+07  0.000000e+00  0.000000e+00  2.031847e+05  3.854345e+04  6.137527e+03  1.055762e+03
2.408503e+05  3.229191e+06  0.000000e+00  0.000000e+00  2.904197e+07  0.000000e+00  0.000000e+00  1.991220e+05  3.749120e+04  5.935394e+03  1.014726e+03
2.413982e+05  3.199266e+06  0.000000e+00  0.000000e+00  2.877283e+07  0.000000e+00  0.000000e+00  1.951291e+05  3.646385e+04  5.739373e+03  9.752171e+02
2.419473e+05  3.169482e+06  0.000000e+00  0.000000e+00  2.850496e+07  0.000000e+00  0.000000e+00  1.912101e+05  3.546332e+04  5.549395e+03  9.371389e+02
2.424977e+05  3.139749e+06  0.000000e+00  0.000000e+00  2.823756e+07  0.000000e+00  0.000000e+00  1.873648e+05  3.449040e+04  5.365612e+03  9.004322e+02
2.430494e+05  3.110067e+06  0.000000e+00  0.000000e+00  2.797061e+07  0.000000e+00  0.000000e+00  1.835907e+05  3.354425e+04  5.188141e+03  8.650673e+02
2.436023e+05  3.080437e+06  0.000000e+00  0.000000e+00  2.770414e+07  0.000000e+00  0.000000e+00  1.798821e+05  3.262283e+04  5.016860e+03  8.310376e+02
2.441564e+05  3.050943e+06  0.000000e+00  0.000000e+00  2.743888e+07  0.000000e+00  0.000000e+00  1.762357e+05  3.172445e+04  4.851382e+03  7.983382e+02
2.447119e+05  3.021500e+06  0.000000e+00  0.000000e+00  2.717408e+07  0.000000e+00  0.000000e+00  1.726492e+05  3.084793e+04  4.691292e+03  7.669171e+02
2.452685e+05  2.992107e+06  0.000000e+00  0.000000e+00  2.690973e+07  0.000000e+00  0.000000e+00  1.691208e+05  2.999302e+04  4.536258e+03  7.367005e+02
2.458265e+05  2.962685e+06  0.000000e+00  0.000000e+00  2.664512e+07  0.000000e+00  0.000000e+00  1.656504e+05  2.915942e+04  4.386115e+03  7.076000e+02
2.463857e+05  2.933477e+06  0.000000e+00  0.000000e+00  2.638244e+07  0.000000e+00  0.000000e+00  1.622394e+05  2.834695e+04  4.240734e+03  6.795687e+02
2.469462e+05  2.904318e+06  0.000000e+00  0.000000e+00  2.612019e+07  0.000000e+00  0.000000e+00  1.588947e+05  2.755522e+04  4.100008e+03  6.525843e+02
2.475080e+05  2.875131e+06  0.000000e+00  0.000000e+00  2.585770e+07  0.000000e+00  0.000000e+00  1.556184e+05  2.678458e+04  3.963833e+03  6.266369e+02
2.480710e+05  2.845998e+06  0.000000e+00  0.000000e+00  2.559569e+07  0.000000e+00  0.000000e+00  1.523801e+05  2.603629e+04  3.832082e+03  6.016920e+02
2.486354e+05  2.817070e+06  0.000000e+00  0.000000e+00  2.533553e+07  0.000000e+00  0.000000e+00  1.491572e+05  2.530666e+04  3.704646e+03  5.776986e+02
2.492010e+05  2.788192e+06  0.000000e+00  0.000000e+00  2.507580e+07  0.000000e+00  0.000000e+00  1.459955e+05  2.458846e+04  3.581790e+03  5.546162e+02
2.497679e+05  2.759215e+06  0.000000e+00  0.000000e+00  2.481520e+07  0.000000e+00  0.000000e+00  1.429334e+05  2.388744e+04  3.462863e+03  5.324135e+02
2.503361e+05  2.730439e+06  0.000000e+00  0.000000e+00  2.455640e+07  0.000000e+00  0.000000e+00  1.399421e+05  2.321253e+04  3.346495e+03  5.111320e+02
2.509056e+05  2.701719e+06  0.000000e+00  0.000000e+00  2.429811e+07  0.000000e+00  0.000000e+00  1.369954e+05  2.255782e+04  3.233993e+03  4.902775e+02
2.515300e+05  2.672225e+06  0.000000e+00  0.000000e+00  2.403285e+07  0.000000e+00  0.000000e+00  1.338263e+05  2.185880e+04  3.116919e+03  4.687013e+02
2.522096e+05  2.641792e+06  0.000000e+00  0.000000e+00  2.375915e+07  0.000000e+00  0.000000e+00  1.304553e+05  2.112161e+04  2.993842e+03  4.465123e+02
2.528911e+05  2.611541e+06  0.000000e+00  0.000000e+00  2.348708e+07  0.000000e+00  0.000000e+00  1.271555e+05  2.040728e+04  2.875389e+03  4.251747e+02
2.535744e+05  2.581294e+06  0.000000e+00  0.000000e+00  2.321506e+07  0.000000e+00  0.000000e+00  1.239248e+05  1.971506e+04  2.761487e+03  4.048201e+02
2.542595e+05  2.551225e+06  0.000000e+00  0.000000e+00  2.294463e+07  0.000000e+00  0.000000e+00  1.207611e+05  1.904442e+04  2.651953e+03  3.854024e+02
2.549465e+05  2.521217e+06  0.000000e+00  0.000000e+00  2.267475e+07  0.000000e+00  0.000000e+00  1.176620e+05  1.839458e+04  2.546601e+03  3.668791e+02
2.556354e+05  2.491216e+06  0.000000e+00  0.000000e+00  2.240493e+07  0.000000e+00  0.000000e+00  1.146272e+05  1.776493e+04  2.445278e+03  3.492100e+02
2.563261e+05  2.461388e+06  0.000000e+00  0.000000e+00  2.213667e+07  0.000000e+00  0.000000e+00  1.116570e+05  1.715497e+04  2.347816e+03  3.323558e+02
2.570187e+05  2.431514e+06  0.000000e+00  0.000000e+00  2.186800e+07  0.000000e+00  0.000000e+00  1.087518e+05  1.656433e+04  2.254085e+03  3.162782e+02
2.577132e+05  2.401864e+06  0.000000e+00  0.000000e+00  2.160134e+07  0.000000e+00  0.000000e+00  1.059128e+05  1.599258e+04  2.163972e+03  3.009432e+02
2.584095e+05  2.372172e+06  0.000000e+00  0.000000e+00  2.133430e+07  0.000000e+00  0.000000e+00  1.031399e+05  1.543940e+04  2.077381e+03  2.863162e+02
2.591077e+05  2.342645e+06  0.000000e+00  0.000000e+00  2.106875e+07  0.000000e+00  0.000000e+00  1.004333e+05  1.490432e+04  1.994210e+03  2.723681e+02
2.598078e+05  2.313182e+06  0.000000e+00  0.000000e+00  2.080377e+07  0.000000e+00  0.000000e+00  9.779156e+04  1.438674e+04  1.914349e+03  2.590732e+02
2.605098e+05  2.283780e+06  0.000000e+00  0.000000e+00  2.053934e+07  0.000000e+00  0.000000e+00  9.521276e+04  1.388604e+04  1.837667e+03  2.464037e+02
2.612137e+05  2.254538e+06  0.000000e+00  0.000000e+00  2.027636e+07  0.000000e+00  0.000000e+00  9.269393e+04  1.340156e+04  1.764016e+03  2.343310e+02
2.619195e+05  2.225166e+06  0.000000e+00  0.000000e+00  2.001219e+07  0.000000e+00  0.000000e+00  9.023300e+04  1.293267e+04  1.693257e+03  2.228288e+02
2.626272e+05  2.196144e+06  0.000000e+00  0.000000e+00  1.975118e+07  0.000000e+00  0.000000e+00  8.782715e+04  1.247884e+04  1.625252e+03  2.118682e+02
2.633368e+05  2.168545e+06  0.000000e+00  0.000000e+00  1.950297e+07  0.000000e+00  0.000000e+00  8.547417e+04  1.203964e+04  1.559872e+03  2.014246e+02
2.640484e+05  2.142760e+06  0.000000e+00  0.000000e+00  1.927107e+07  0.000000e+00  0.000000e+00  8.317305e+04  1.161467e+04  1.497018e+03  1.914720e+02
2.647618e+05  2.117134e+06  0.000000e+00  0.000000e+00  1.904060e+07  0.000000e+00  0.000000e+00  8.092260e+04  1.120361e+04  1.436589e+03  1.819891e+02
2.654772e+05  2.091562e+06  0.000000e+00  0.000000e+00  1.881061e+07  0.000000e+00  0.000000e+00  7.872283e+04  1.080606e+04  1.378499e+03  1.729547e+02
2.661945e+05  2.066132e+06  0.000000e+00  0.000000e+00  1.858191e+07  0.000000e+00  0.000000e+00  7.657405e+04  1.042171e+04  1.322661e+03  1.643512e+02
2.669138e+05  2.040669e+06  0.000000e+00  0.000000e+00  1.835290e+07  0.000000e+00  0.000000e+00  7.447596e+04  1.005018e+04  1.268991e+03  1.561585e+02
2.676350e+05  2.015346e+06  0.000000e+00  0.000000e+00  1.812516e+07  0.000000e+00  0.000000e+00  7.242895e+04  9.691123e+03  1.217407e+03  1.483590e+02
2.683581e+05  1.990076e+06  0.000000e+00  0.000000e+00  1.789789e+07  0.000000e+00  0.000000e+00  7.043246e+04  9.344125e+03  1.167825e+03  1.409359e+02
2.690832e+05  1.964860e+06  0.000000e+00  0.000000e+00  1.767111e+07  0.000000e+00  0.000000e+00  6.848527e+04  9.008787e+03  1.120162e+03  1.338717e+02
2.698103e+05  1.939779e+06  0.000000e+00  0.000000e+00  1.744554e+07  0.000000e+00  0.000000e+00  6.658607e+04  8.684757e+03  1.074337e+03  1.271513e+02
2.705393e+05  1.914590e+06  0.000000e+00  0.000000e+00  1.721901e+07  0.000000e+00  0.000000e+00  6.473265e+04  8.371680e+03  1.030263e+03  1.207579e+02
2.712703e+05  1.889695e+06  0.000000e+00  0.000000e+00  1.699511e+07  0.000000e+00  0.000000e+00  6.292356e+04  8.069262e+03  9.878686e+02  1.146758e+02
2.720033e+05  1.864696e+06  0.000000e+00  0.000000e+00  1.677028e+07  0.000000e+00  0.000000e+00  6.115680e+04  7.777225e+03  9.470824e+02  1.088884e+02
2.727382e+05  1.839904e+06  0.000000e+00  0.000000e+00  1.654731e+07  0.000000e+00  0.000000e+00  5.943117e+04  7.495276e+03  9.078496e+02  1.033793e+02
2.734752e+05  1.815014e+06  0.000000e+00  0.000000e+00  1.632346e+07  0.000000e+00  0.000000e+00  5.774568e+04  7.223135e+03  8.701222e+02  9.813523e+01
2.742141e+05  1.790329e+06  0.000000e+00  0.000000e+00  1.610145e+07  0.000000e+00  0.000000e+00  5.610014e+04  6.960467e+03  8.338554e+02  9.314259e+01
2.749550e+05  1.765623e+06  0.000000e+00  0.000000e+00  1.587926e+07  0.000000e+00  0.000000e+00  5.449447e+04  6.706944e+03  7.990085e+02  8.839279e+01
2.756979e+05  1.742359e+06  0.000000e+00  0.000000e+00  1.567003e+07  0.000000e+00  0.000000e+00  5.292889e+04  6.462259e+03  7.655340e+02  8.387587e+01
2.764429e+05  1.720659e+06  0.000000e+00  0.000000e+00  1.547487e+07  0.000000e+00  0.000000e+00  5.140339e+04  6.226153e+03  7.333861e+02  7.958242e+01
2.771898e+05  1.699202e+06  0.000000e+00  0.000000e+00  1.528189e+07  0.000000e+00  0.000000e+00  4.991779e+04  5.998350e+03  7.025175e+02  7.550131e+01
2.779388e+05  1.677790e+06  0.000000e+00  0.000000e+00  1.508933e+07  0.000000e+00  0.000000e+00  4.847165e+04  5.778623e+03  6.728856e+02  7.162089e+01
2.786898e+05  1.656492e+06  0.000000e+00  0.000000e+00  1.489778e+07  0.000000e+00  0.000000e+00  4.706399e+04  5.566734e+03  6.444428e+02  6.793069e+01
2.794428e+05  1.635172e+06  0.000000e+00  0.000000e+00  1.470604e+07  0.000000e+00  0.000000e+00  4.569341e+04  5.362414e+03  6.171455e+02  6.442108e+01
2.801978e+05  1.613964e+06  0.000000e+00  0.000000e+00  1.451530e+07  0.000000e+00  0.000000e+00  4.435899e+04  5.165459e+03  5.909510e+02  6.108340e+01
2.809549e+05  1.592738e+06  0.000000e+00  0.000000e+00  1.432440e+07  0.000000e+00  0.000000e+00  4.305922e+04  4.975699e+03  5.658184e+02  5.791022e+01
2.817140e+05  1.571685e+06  0.000000e+00  0.000000e+00  1.413507e+07  0.000000e+00  0.000000e+00  4.179231e+04  4.792869e+03  5.417159e+02  5.489375e+01
2.824752e+05  1.550614e+06  0.000000e+00  0.000000e+00  1.394556e+07  0.000000e+00  0.000000e+00  4.055554e+04  4.616419e+03  5.186092e+02  5.202762e+01
2.832385e+05  1.529650e+06  0.000000e+00  0.000000e+00  1.375702e+07  0.000000e+00  0.000000e+00  3.934645e+04  4.445569e+03  4.964497e+02  4.930557e+01
2.840038e+05  1.508730e+06  0.000000e+00  0.000000e+00  1.356888e+07  0.000000e+00  0.000000e+00  3.816540e+04  4.279846e+03  4.751604e+02  4.672089e+01
2.847712e+05  1.487796e+06  0.000000e+00  0.000000e+00  1.338060e+07  0.000000e+00  0.000000e+00  3.701542e+04  4.119528e+03  4.546555e+02  4.426638e+01
2.855406e+05  1.466968e+06  0.000000e+00  0.000000e+00  1.319329e+07  0.000000e+00  0.000000e+00  3.589884e+04  3.965340e+03  4.349098e+02  4.193209e+01
2.863121e+05  1.446243e+06  0.000000e+00  0.000000e+00  1.300689e+07  0.000000e+00  0.000000e+00  3.481581e+04  3.817568e+03  4.159666e+02  3.970863e+01
2.870857e+05  1.425506e+06  0.000000e+00  0.000000e+00  1.282039e+07  0.000000e+00  0.000000e+00  3.376377e+04  3.675772e+03  3.978684e+02  3.759213e+01
2.878614e+05  1.404815e+06  0.000000e+00  0.000000e+00  1.263431e+07  0.000000e+00  0.000000e+00  3.274049e+04  3.539232e+03  3.805853e+02  3.558422e+01
2.886392e+05  1.385317e+06  0.000000e+00  0.000000e+00  1.245895e+07  0.000000e+00  0.000000e+00  3.174476e+04  3.407473e+03  3.640360e+02  3.368475e+01
2.894191e+05  1.367223e+06  0.000000e+00  0.000000e+00  1.229622e+07  0.000000e+00  0.000000e+00  3.077602e+04  3.280326e+03  3.481492e+02  3.188756e+01
2.902011e+05  1.349489e+06  0.000000e+00  0.000000e+00  1.213673e+07  0.000000e+00  0.000000e+00  2.983338e+04  3.157726e+03  3.328902e+02  3.018325e+01
2.909853e+05  1.331740e+06  0.000000e+00  0.000000e+00  1.197710e+07  0.000000e+00  0.000000e+00  2.891626e+04  3.039604e+03  3.182473e+02  2.856433e+01
2.917715e+05  1.314029e+06  0.000000e+00  0.000000e+00  1.181782e+07  0.000000e+00  0.000000e+00  2.802418e+04  2.925808e+03  3.042066e+02  2.702597e+01
2.925599e+05  1.296408e+06  0.000000e+00  0.000000e+00  1.165934e+07  0.000000e+00  0.000000e+00  2.715819e+04  2.816161e+03  2.907516e+02  2.556626e+01
2.933504e+05  1.278776e+06  0.000000e+00  0.000000e+00  1.150076e+07  0.000000e+00  0.000000e+00  2.632006e+04  2.710528e+03  2.778606e+02  2.418276e+01
2.941430e+05  1.261281e+06  0.000000e+00  0.000000e+00  1.134342e+07  0.000000e+00  0.000000e+00  2.550245e+04  2.609069e+03  2.655090e+02  2.287161e+01
2.949378e+05  1.243774e+06  0.000000e+00  0.000000e+00  1.118597e+07  0.000000e+00  0.000000e+00  2.469617e+04  2.511408e+03  2.536706e+02  2.162807e+01
2.957347e+05  1.226353e+06  0.000000e+00  0.000000e+00  1.102929e+07  0.000000e+00  0.000000e+00  2.391328e+04  2.416038e+03  2.423458e+02  2.044863e+01
2.965337e+05  1.208922e+06  0.000000e+00  0.000000e+00  1.087253e+07  0.000000e+00  0.000000e+00  2.316425e+04  2.323832e+03  2.315099e+02  1.932994e+01
2.973350e+05  1.191622e+06  0.000000e+00  0.000000e+00  1.071694e+07  0.000000e+00  0.000000e+00  2.243748e+04  2.236329e+03  2.209922e+02  1.827038e+01
2.981384e+05  1.174270e+06  0.000000e+00  0.000000e+00  1.056088e+07  0.000000e+00  0.000000e+00  2.172793e+04  2.152189e+03  2.108580e+02  1.725433e+01
2.990187e+05  1.155426e+06  0.000000e+00  0.000000e+00  1.039141e+07  0.000000e+00  0.000000e+00  2.097440e+04  2.063425e+03  2.004760e+02  1.621630e+01
2.999765e+05  1.135023e+06  0.000000e+00  0.000000e+00  1.020791e+07  0.000000e+00  0.000000e+00  2.018301e+04  1.971163e+03  1.896881e+02  1.515884e+01
3.009374e+05  1.114709e+06  0.000000e+00  0.000000e+00  1.002521e+07  0.000000e+00  0.000000e+00  1.941804e+04  1.882882e+03  1.794519e+02  1.416083e+01
3.019014e+05  1.095061e+06  0.000000e+00  0.000000e+00  9.848507e+06  0.000000e+00  0.000000e+00  1.867906e+04  1.798360e+03  1.697480e+02  1.322486e+01
3.028684e+05  1.076830e+06  0.000000e+00  0.000000e+00  9.684548e+06  0.000000e+00  0.000000e+00  1.796561e+04  1.717396e+03  1.605475e+02  1.234755e+01
3.038385e+05  1.059573e+06  0.000000e+00  0.000000e+00  9.529347e+06  0.000000e+00  0.000000e+00  1.727701e+04  1.639839e+03  1.518210e+02  1.152546e+01
3.048118e+05  1.042393e+06  0.000000e+00  0.000000e+00  9.374834e+06  0.000000e+00  0.000000e+00  1.661246e+04  1.565575e+03  1.435400e+02  1.075521e+01
3.057881e+05  1.025191e+06  0.000000e+00  0.000000e+00  9.220133e+06  0.000000e+00  0.000000e+00  1.597114e+04  1.494532e+03  1.356779e+02  1.003355e+01
3.067676e+05  1.008099e+06  0.000000e+00  0.000000e+00  9.066415e+06  0.000000e+00  0.000000e+00  1.535188e+04  1.426627e+03  1.282131e+02  9.357620e+00
3.077503e+05  9.910512e+05  0.000000e+00  0.000000e+00  8.913091e+06  0.000000e+00  0.000000e+00  1.475378e+04  1.361763e+03  1.211266e+02  8.724721e+00
3.087360e+05  9.740776e+05  0.000000e+00  0.000000e+00  8.760438e+06  0.000000e+00  0.000000e+00  1.417597e+04  1.299813e+03  1.144031e+02  8.132320e+00
3.097250e+05  9.571181e+05  0.000000e+00  0.000000e+00  8.607911e+06  0.000000e+00  0.000000e+00  1.361803e+04  1.240634e+03  1.080284e+02  7.578081e+00
3.107170e+05  9.402325e+05  0.000000e+00  0.000000e+00  8.456050e+06  0.000000e+00  0.000000e+00  1.307955e+04  1.184079e+03  1.019890e+02  7.059698e+00
3.117123e+05  9.233918e+05  0.000000e+00  0.000000e+00  8.304591e+06  0.000000e+00  0.000000e+00  1.256038e+04  1.130011e+03  9.627050e+01  6.575087e+00
3.127108e+05  9.066236e+05  0.000000e+00  0.000000e+00  8.153785e+06  0.000000e+00  0.000000e+00  1.206029e+04  1.078313e+03  9.085726e+01  6.122274e+00
3.137124e+05  8.898994e+05  0.000000e+00  0.000000e+00  8.003375e+06  0.000000e+00  0.000000e+00  1.157880e+04  1.028891e+03  8.573354e+01  5.699345e+00
3.147173e+05  8.732197e+05  0.000000e+00  0.000000e+00  7.853365e+06  0.000000e+00  0.000000e+00  1.111523e+04  9.816568e+02  8.088307e+01  5.304503e+00
3.157254e+05  8.566138e+05  0.000000e+00  0.000000e+00  7.704019e+06  0.000000e+00  0.000000e+00  1.066860e+04  9.365339e+02  7.629088e+01  4.935993e+00
3.167367e+05  8.413082e+05  0.000000e+00  0.000000e+00  7.566367e+06  0.000000e+00  0.000000e+00  1.023784e+04  8.934497e+02  7.194288e+01  4.592065e+00
3.177513e+05  8.273001e+05  0.000000e+00  0.000000e+00  7.440384e+06  0.000000e+00  0.000000e+00  9.821988e+03  8.523282e+02  6.782634e+01  4.271015e+00
3.187691e+05  8.133529e+05  0.000000e+00  0.000000e+00  7.314949e+06  0.000000e+00  0.000000e+00  9.420315e+03  8.130716e+02  6.393114e+01  3.971154e+00
3.197901e+05  7.994181e+05  0.000000e+00  0.000000e+00  7.189625e+06  0.000000e+00  0.000000e+00  9.032407e+03  7.755563e+02  6.024804e+01  3.690862e+00
3.208145e+05  7.855908e+05  0.000000e+00  0.000000e+00  7.065268e+06  0.000000e+00  0.000000e+00  8.658122e+03  7.396579e+02  5.676775e+01  3.428856e+00
3.218421e+05  7.717296e+05  0.000000e+00  0.000000e+00  6.940606e+06  0.000000e+00  0.000000e+00  8.297470e+03  7.052704e+02  5.347905e+01  3.184102e+00
3.228730e+05  7.579738e+05  0.000000e+00  0.000000e+00  6.816893e+06  0.000000e+00  0.000000e+00  7.950376e+03  6.723240e+02  5.037009e+01  2.955726e+00
3.239072e+05  7.442531e+05  0.000000e+00  0.000000e+00  6.693494e+06  0.000000e+00  0.000000e+00  7.616647e+03  6.407817e+02  4.743019e+01  2.742830e+00
3.249448e+05  7.305467e+05  0.000000e+00  0.000000e+00  6.570225e+06  0.000000e+00  0.000000e+00  7.295916e+03  6.106235e+02  4.465051e+01  2.544339e+00
3.259856e+05  7.168987e+05  0.000000e+00  0.000000e+00  6.447481e+06  0.000000e+00  0.000000e+00  6.987550e+03  5.818292e+02  4.202381e+01  2.359262e+00
3.270298e+05  7.032872e+05  0.000000e+00  0.000000e+00  6.325065e+06  0.000000e+00  0.000000e+00  6.690836e+03  5.543617e+02  3.954427e+01  2.186671e+00
3.280773e+05  6.897325e+05  0.000000e+00  0.000000e+00  6.203159e+06  0.000000e+00  0.000000e+00  6.405060e+03  5.281650e+02  3.720552e+01  2.025841e+00
3.291282e+05  6.762335e+05  0.000000e+00  0.000000e+00  6.081755e+06  0.000000e+00  0.000000e+00  6.129805e+03  5.031692e+02  3.500074e+01  1.876165e+00
3.301824e+05  6.627508e+05  0.000000e+00  0.000000e+00  5.960497e+06  0.000000e+00  0.000000e+00  5.865033e+03  4.793157e+02  3.292260e+01  1.737018e+00
3.312401e+05  6.499616e+05  0.000000e+00  0.000000e+00  5.845477e+06  0.000000e+00  0.000000e+00  5.610708e+03  4.565674e+02  3.096395e+01  1.607812e+00
3.323011e+05  6.383342e+05  0.000000e+00  0.000000e+00  5.740905e+06  0.000000e+00  0.000000e+00  5.366330e+03  4.348557e+02  2.911883e+01  1.487920e+00
3.333655e+05  6.271702e+05  0.000000e+00  0.000000e+00  5.640501e+06  0.000000e+00  0.000000e+00  5.130908e+03  4.140295e+02  2.738144e+01  1.376734e+00
3.344333e+05  6.160175e+05  0.000000e+00  0.000000e+00  5.540198e+06  0.000000e+00  0.000000e+00  4.904210e+03  3.939543e+02  2.574189e+01  1.273697e+00
3.355046e+05  6.049123e+05  0.000000e+00  0.000000e+00  5.440322e+06  0.000000e+00  0.000000e+00  4.687014e+03  3.746847e+02  2.418629e+01  1.178258e+00
3.365792e+05  5.938702e+05  0.000000e+00  0.000000e+00  5.341015e+06  0.000000e+00  0.000000e+00  4.479841e+03  3.563999e+02  2.270754e+01  1.089698e+00
3.376573e+05  5.828235e+05  0.000000e+00  0.000000e+00  5.241666e+06  0.000000e+00  0.000000e+00  4.281841e+03  3.391461e+02  2.131237e+01  1.007188e+00
3.387389e+05  5.718233e+05  0.000000e+00  0.000000e+00  5.142735e+06  0.000000e+00  0.000000e+00  4.091675e+03  3.227787e+02  2.000752e+01  9.303248e-01
3.398239e+05  5.608684e+05  0.000000e+00  0.000000e+00  5.044211e+06  0.000000e+00  0.000000e+00  3.908569e+03  3.071367e+02  1.878617e+01  8.591913e-01
3.409124e+05  5.499578e+05  0.000000e+00  0.000000e+00  4.946085e+06  0.000000e+00  0.000000e+00  3.732371e+03  2.921472e+02  1.763532e+01  7.936819e-01
3.420044e+05  5.390460e+05  0.000000e+00  0.000000e+00  4.847949e+06  0.000000e+00  0.000000e+00  3.563149e+03  2.777939e+02  1.654722e+01  7.331852e-01
3.430999e+05  5.282086e+05  0.000000e+00  0.000000e+00  4.750483e+06  0.000000e+00  0.000000e+00  3.400902e+03  2.640700e+02  1.551960e+01  6.770443e-01
3.441989e+05  5.173853e+05  0.000000e+00  0.000000e+00  4.653142e+06  0.000000e+00  0.000000e+00  3.245522e+03  2.509692e+02  1.455132e+01  6.248502e-01
3.453015e+05  5.065917e+05  0.000000e+00  0.000000e+00  4.556069e+06  0.000000e+00  0.000000e+00  3.096851e+03  2.384808e+02  1.364105e+01  5.763215e-01
3.464075e+05  4.960296e+05  0.000000e+00  0.000000e+00  4.461079e+06  0.000000e+00  0.000000e+00  2.954768e+03  2.265826e+02  1.278677e+01  5.312794e-01
3.475171e+05  4.864249e+05  0.000000e+00  0.000000e+00  4.374698e+06  0.000000e+00  0.000000e+00  2.819402e+03  2.152473e+02  1.198569e+01  4.895404e-01
3.486303e+05  4.776012e+05  0.000000e+00  0.000000e+00  4.295341e+06  0.000000e+00  0.000000e+00  2.689664e+03  2.044735e+02  1.123447e+01  4.508623e-01
3.497470e+05  4.688008e+05  0.000000e+00  0.000000e+00  4.216194e+06  0.000000e+00  0.000000e+00  2.563528e+03  1.942443e+02  1.052956e+01  4.150211e-01
3.508673e+05  4.600363e+05  0.000000e+00  0.000000e+00  4.137370e+06  0.000000e+00  0.000000e+00  2.442752e+03  1.843470e+02  9.868022e+00  3.818041e-01
3.519912e+05  4.512824e+05  0.000000e+00  0.000000e+00  4.058641e+06  0.000000e+00  0.000000e+00  2.328944e+03  1.748758e+02  9.249717e+00  3.510203e-01
3.531186e+05  4.425764e+05  0.000000e+00  0.000000e+00  3.980343e+06  0.000000e+00  0.000000e+00  2.219731e+03  1.660010e+02  8.660834e+00  3.225065e-01
3.542497e+05  4.338816e+05  0.000000e+00  0.000000e+00  3.902146e+06  0.000000e+00  0.000000e+00  2.114776e+03  1.575143e+02  8.100863e+00  2.960150e-01
3.554835e+05  4.244646e+05  0.000000e+00  0.000000e+00  3.817453e+06  0.000000e+00  0.000000e+00  2.005761e+03  1.487015e+02  7.544781e+00  2.696511e-01
3.568205e+05  4.143505e+05  0.000000e+00  0.000000e+00  3.726491e+06  0.000000e+00  0.000000e+00  1.893772e+03  1.396830e+02  6.982727e+00  2.436318e-01
3.581626e+05  4.042494e+05  0.000000e+00  0.000000e+00  3.635647e+06  0.000000e+00  0.000000e+00  1.787562e+03  1.311580e+02  6.460468e+00  2.199507e-01
3.595098e+05  3.941991e+05  0.000000e+00  0.000000e+00  3.545258e+06  0.000000e+00  0.000000e+00  1.686977e+03  1.231078e+02  5.975004e+00  1.985140e-01
3.608620e+05  3.841894e+05  0.000000e+00  0.000000e+00  3.455235e+06  0.000000e+00  0.000000e+00  1.591826e+03  1.155162e+02  5.523739e+00  1.791489e-01
3.622193e+05  3.742034e+05  0.000000e+00  0.000000e+00  3.365426e+06  0.000000e+00  0.000000e+00  1.501840e+03  1.083652e+02  5.104526e+00  1.616832e-01
3.635817e+05  3.650628e+05  0.000000e+00  0.000000e+00  3.283219e+06  0.000000e+00  0.000000e+00  1.416689e+03  1.016353e+02  4.715336e+00  1.459486e-01
3.649492e+05  3.568782e+05  0.000000e+00  0.000000e+00  3.209610e+06  0.000000e+00  0.000000e+00  1.335987e+03  9.530360e+01  4.354155e+00  1.317760e-01
3.663219e+05  3.488315e+05  0.000000e+00  0.000000e+00  3.137241e+06  0.000000e+00  0.000000e+00  1.259373e+03  8.934168e+01  4.018895e+00  1.189996e-01
3.676997e+05  3.408256e+05  0.000000e+00  0.000000e+00  3.065239e+06  0.000000e+00  0.000000e+00  1.186574e+03  8.372167e+01  3.707393e+00  1.074648e-01
3.690827e+05  3.328376e+05  0.000000e+00  0.000000e+00  2.993399e+06  0.000000e+00  0.000000e+00  1.117458e+03  7.842331e+01  3.417612e+00  9.703251e-02
3.704710e+05  3.248966e+05  0.000000e+00  0.000000e+00  2.921982e+06  0.000000e+00  0.000000e+00  1.052003e+03  7.343579e+01  3.147866e+00  8.758002e-02
3.718644e+05  3.169736e+05  0.000000e+00  0.000000e+00  2.850725e+06  0.000000e+00  0.000000e+00  9.901901e+02  6.874920e+01  2.897169e+00  7.899904e-02
3.732631e+05  3.090828e+05  0.000000e+00  0.000000e+00  2.779759e+06  0.000000e+00  0.000000e+00  9.319107e+02  6.434732e+01  2.664921e+00  7.119276e-02
3.746670e+05  3.012239e+05  0.000000e+00  0.000000e+00  2.709079e+06  0.000000e+00  0.000000e+00  8.769422e+02  6.021017e+01  2.450363e+00  6.408164e-02
3.760763e+05  2.933903e+05  0.000000e+00  0.000000e+00  2.638627e+06  0.000000e+00  0.000000e+00  8.249858e+02  5.631891e+01  2.252297e+00  5.760828e-02
3.774908e+05  2.855884e+05  0.000000e+00  0.000000e+00  2.568460e+06  0.000000e+00  0.000000e+00  7.757662e+02  5.265773e+01  2.069384e+00  5.172757e-02
3.789106e+05  2.778177e+05  0.000000e+00  0.000000e+00  2.498573e+06  0.000000e+00  0.000000e+00  7.290908e+02  4.921230e+01  1.900507e+00  4.639183e-02
3.803358e+05  2.705289e+05  0.000000e+00  0.000000e+00  2.433021e+06  0.000000e+00  0.000000e+00  6.848824e+02  4.596978e+01  1.744869e+00  4.154825e-02
3.817664e+05  2.640293e+05  0.000000e+00  0.000000e+00  2.374566e+06  0.000000e+00  0.000000e+00  6.431421e+02  4.291961e+01  1.601821e+00  3.714910e-02
3.832023e+05  2.578581e+05  0.000000e+00  0.000000e+00  2.319066e+06  0.000000e+00  0.000000e+00  6.038567e+02  4.005343e+01  1.470622e+00  3.315924e-02
3.846436e+05  2.517064e+05  0.000000e+00  0.000000e+00  2.263740e+06  0.000000e+00  0.000000e+00  5.669436e+02  3.736382e+01  1.350394e+00  2.955355e-02
3.860904e+05  2.455797e+05  0.000000e+00  0.000000e+00  2.208639e+06  0.000000e+00  0.000000e+00  5.322525e+02  3.484193e+01  1.240111e+00  2.631049e-02
3.875426e+05  2.394775e+05  0.000000e+00  0.000000e+00  2.153758e+06  0.000000e+00  0.000000e+00  4.996551e+02  3.247856e+01  1.138747e+00  2.340820e-02
3.890002e+05  2.333948e+05  0.000000e+00  0.000000e+00  2.099053e+06  0.000000e+00  0.000000e+00  4.690347e+02  3.026705e+01  1.045367e+00  2.082267e-02
3.904633e+05  2.273365e+05  0.000000e+00  0.000000e+00  2.044568e+06  0.000000e+00  0.000000e+00  4.401379e+02  2.819856e+01  9.592625e-01  1.852767e-02
3.919320e+05  2.212979e+05  0.000000e+00  0.000000e+00  1.990259e+06  0.000000e+00  0.000000e+00  4.125967e+02  2.625020e+01  8.799733e-01  1.649500e-02
3.934061e+05  2.152880e+05  0.000000e+00  0.000000e+00  1.936208e+06  0.000000e+00  0.000000e+00  3.863509e+02  2.439829e+01  8.068779e-01  1.469680e-02
3.948858e+05  2.093017e+05  0.000000e+00  0.000000e+00  1.882370e+06  0.000000e+00  0.000000e+00  3.617637e+02  2.265340e+01  7.388268e-01  1.310653e-02
3.963711e+05  2.033264e+05  0.000000e+00  0.000000e+00  1.828631e+06  0.000000e+00  0.000000e+00  3.390258e+02  2.104421e+01  6.751629e-01  1.169325e-02
3.978620e+05  1.975911e+05  0.000000e+00  0.000000e+00  1.777050e+06  0.000000e+00  0.000000e+00  3.178819e+02  1.956806e+01  6.165491e-01  1.042227e-02
3.993584e+05  1.924970e+05  0.000000e+00  0.000000e+00  1.731236e+06  0.000000e+00  0.000000e+00  2.980263e+02  1.819681e+01  5.633783e-01  9.276710e-03
4.008605e+05  1.878272e+05  0.000000e+00  0.000000e+00  1.689238e+06  0.000000e+00  0.000000e+00  2.793202e+02  1.691166e+01  5.147660e-01  8.260874e-03
4.023683e+05  1.831762e+05  0.000000e+00  0.000000e+00  1.647409e+06  0.000000e+00  0.000000e+00  2.616896e+02  1.570650e+01  4.698116e-01  7.366378e-03
4.038817e+05  1.785474e+05  0.000000e+00  0.000000e+00  1.605779e+06  0.000000e+00  0.000000e+00  2.450652e+02  1.457838e+01  4.282457e-01  6.567884e-03
4.054008e+05  1.739333e+05  0.000000e+00  0.000000e+00  1.564282e+06  0.000000e+00  0.000000e+00  2.293885e+02  1.352499e+01  3.899634e-01  5.847410e-03
4.069256e+05  1.693341e+05  0.000000e+00  0.000000e+00  1.522919e+06  0.000000e+00  0.000000e+00  2.146160e+02  1.254399e+01  3.547943e-01  5.196216e-03
4.084562e+05  1.647532e+05  0.000000e+00  0.000000e+00  1.481720e+06  0.000000e+00  0.000000e+00  2.007268e+02  1.163199e+01  3.225285e-01  4.607082e-03
4.099925e+05  1.601937e+05  0.000000e+00  0.000000e+00  1.440714e+06  0.000000e+00  0.000000e+00  1.877159e+02  1.078382e+01  2.929690e-01  4.073691e-03
4.115346e+05  1.556458e+05  0.000000e+00  0.000000e+00  1.399812e+06  0.000000e+00  0.000000e+00  1.755929e+02  9.993629e+00  2.659418e-01  3.590279e-03
4.130825e+05  1.511159e+05  0.000000e+00  0.000000e+00  1.359072e+06  0.000000e+00  0.000000e+00  1.642623e+02  9.257375e+00  2.412975e-01  3.151157e-03
4.146362e+05  1.466067e+05  0.000000e+00  0.000000e+00  1.318518e+06  0.000000e+00  0.000000e+00  1.534636e+02  8.573633e+00  2.188915e-01  2.751787e-03
4.161958e+05  1.421464e+05  0.000000e+00  0.000000e+00  1.278404e+06  0.000000e+00  0.000000e+00  1.433150e+02  7.925091e+00  1.985585e-01  2.389267e-03
4.177612e+05  1.381959e+05  0.000000e+00  0.000000e+00  1.242875e+06  0.000000e+00  0.000000e+00  1.339600e+02  7.319616e+00  1.802411e-01  2.062256e-03
4.193325e+05  1.347235e+05  0.000000e+00  0.000000e+00  1.211646e+06  0.000000e+00  0.000000e+00  1.250921e+02  6.769121e+00  1.633414e-01  1.770628e-03
4.209097e+05  1.312674e+05  0.000000e+00  0.000000e+00  1.180563e+06  0.000000e+00  0.000000e+00  1.167505e+02  6.255169e+00  1.476533e-01  1.514556e-03
4.226355e+05  1.275125e+05  0.000000e+00  0.000000e+00  1.146793e+06  0.000000e+00  0.000000e+00  1.082857e+02  5.735955e+00  1.326368e-01  1.276240e-03
4.245111e+05  1.234681e+05  0.000000e+00  0.000000e+00  1.110420e+06  0.000000e+00  0.000000e+00  9.984524e+01  5.218941e+00  1.180002e-01  1.062925e-03
4.263951e+05  1.194391e+05  0.000000e+00  0.000000e+00  1.074184e+06  0.000000e+00  0.000000e+00  9.209722e+01  4.742575e+00  1.048755e-01  8.909024e-04
4.282874e+05  1.154294e+05  0.000000e+00  0.000000e+00  1.038123e+06  0.000000e+00  0.000000e+00  8.495492e+01  4.303442e+00  9.311049e-02  7.532448e-04
4.301880e+05  1.114352e+05  0.000000e+00  0.000000e+00  1.002200e+06  0.000000e+00  0.000000e+00  7.833251e+01  3.901068e+00  8.255072e-02  6.423850e-04
4.320972e+05  1.074617e+05  0.000000e+00  0.000000e+00  9.664647e+05  0.000000e+00  0.000000e+00  7.217404e+01  3.534754e+00  7.306573e-02  5.517695e-04
4.340147e+05  1.035020e+05  0.000000e+00  0.000000e+00  9.308532e+05  0.000000e+00  0.000000e+00  6.645633e+01  3.201506e+00  6.455729e-02  4.763493e-04
4.359408e+05  9.965743e+04  0.000000e+00  0.000000e+00  8.962763e+05  0.000000e+00  0.000000e+00  6.117517e+01  2.897400e+00  5.692710e-02  4.124116e-04
4.378755e+05  9.628462e+04  0.000000e+00  0.000000e+00  8.659427e+05  0.000000e+00  0.000000e+00  5.632350e+01  2.619471e+00  5.005630e-02  3.574584e-04
4.398187e+05  9.329903e+04  0.000000e+00  0.000000e+00  8.390916e+05  0.000000e+00  0.000000e+00  5.187391e+01  2.366117e+00  4.383435e-02  3.099926e-04
4.417706e+05  9.032475e+04  0.000000e+00  0.000000e+00  8.123422e+05  0.000000e+00  0.000000e+00  4.777973e+01  2.136424e+00  3.818444e-02  2.688888e-04
4.437311e+05  8.736464e+04  0.000000e+00  0.000000e+00  7.857202e+05  0.000000e+00  0.000000e+00  4.398997e+01  1.929405e+00  3.306587e-02  2.330018e-04
4.457003e+05  8.441589e+04  0.000000e+00  0.000000e+00  7.592005e+05  0.000000e+00  0.000000e+00  4.046751e+01  1.743450e+00  2.847226e-02  2.013360e-04
4.476783e+05  8.148119e+04  0.000000e+00  0.000000e+00  7.328070e+05  0.000000e+00  0.000000e+00  3.719520e+01  1.576227e+00  2.442370e-02  1.731838e-04
4.496650e+05  7.856031e+04  0.000000e+00  0.000000e+00  7.065378e+05  0.000000e+00  0.000000e+00  3.416820e+01  1.425115e+00  2.094279e-02  1.480145e-04
4.516606e+05  7.565079e+04  0.000000e+00  0.000000e+00  6.803708e+05  0.000000e+00  0.000000e+00  3.138348e+01  1.287706e+00  1.802404e-02  1.253680e-04
4.536650e+05  7.275498e+04  0.000000e+00  0.000000e+00  6.543272e+05  0.000000e+00  0.000000e+00  2.883690e+01  1.162264e+00  1.561833e-02  1.048589e-04
4.556783e+05  6.987163e+04  0.000000e+00  0.000000e+00  6.283956e+05  0.000000e+00  0.000000e+00  2.651884e+01  1.048108e+00  1.363959e-02  8.622341e-05
4.577005e+05  6.728558e+04  0.000000e+00  0.000000e+00  6.051378e+05  0.000000e+00  0.000000e+00  2.439241e+01  9.452256e-01  1.198975e-02  6.938358e-05
4.597317e+05  6.506799e+04  0.000000e+00  0.000000e+00  5.851937e+05  0.000000e+00  0.000000e+00  2.238772e+01  8.522939e-01  1.058831e-02  5.447361e-05
4.617720e+05  6.293133e+04  0.000000e+00  0.000000e+00  5.659775e+05  0.000000e+00  0.000000e+00  2.048120e+01  7.665814e-01  9.378413e-03  4.176365e-05
4.638212e+05  6.080198e+04  0.000000e+00  0.000000e+00  5.468270e+05  0.000000e+00  0.000000e+00  1.873225e+01  6.878157e-01  8.300876e-03  3.148977e-05
4.658796e+05  5.868360e+04  0.000000e+00  0.000000e+00  5.277752e+05  0.000000e+00  0.000000e+00  1.716347e+01  6.175056e-01  7.315722e-03  2.365921e-05
4.679471e+05  5.657509e+04  0.000000e+00  0.000000e+00  5.088122e+05  0.000000e+00  0.000000e+00  1.572668e+01  5.545146e-01  6.438407e-03  1.795399e-05
4.700238e+05  5.447398e+04  0.000000e+00  0.000000e+00  4.899157e+05  0.000000e+00  0.000000e+00  1.438810e+01  4.968065e-01  5.676748e-03  1.393009e-05
4.721097e+05  5.238354e+04  0.000000e+00  0.000000e+00  4.711152e+05  0.000000e+00  0.000000e+00  1.314010e+01  4.438926e-01  5.000634e-03  1.119406e-05
4.742049e+05  5.030274e+04  0.000000e+00  0.000000e+00  4.524014e+05  0.000000e+00  0.000000e+00  1.198054e+01  3.956051e-01  4.391491e-03  9.320727e-06
4.763093e+05  4.822946e+04  0.000000e+00  0.000000e+00  4.337552e+05  0.000000e+00  0.000000e+00  1.091318e+01  3.515022e-01  3.845223e-03  7.935586e-06
4.784231e+05  4.627501e+04  0.000000e+00  0.000000e+00  4.161777e+05  0.000000e+00  0.000000e+00  9.944712e+00  3.112454e-01  3.354991e-03  6.842179e-06
4.805463e+05  4.459948e+04  0.000000e+00  0.000000e+00  4.011086e+05  0.000000e+00  0.000000e+00  9.076248e+00  2.748032e-01  2.912802e-03  5.945487e-06
4.826789e+05  4.309210e+04  0.000000e+00  0.000000e+00  3.875520e+05  0.000000e+00  0.000000e+00  8.300300e+00  2.423438e-01  2.511695e-03  5.185602e-06
4.848210e+05  4.159121e+04  0.000000e+00  0.000000e+00  3.740535e+05  0.000000e+00  0.000000e+00  7.602741e+00  2.139709e-01  2.144948e-03  4.526694e-06
4.869725e+05  4.009789e+04  0.000000e+00  0.000000e+00  3.606233e+05  0.000000e+00  0.000000e+00  6.967666e+00  1.895227e-01  1.806413e-03  3.948533e-06
4.891337e+05  3.861038e+04  0.000000e+00  0.000000e+00  3.472453e+05  0.000000e+00  0.000000e+00  6.382371e+00  1.685516e-01  1.492673e-03  3.438524e-06
4.913044e+05  3.713030e+04  0.000000e+00  0.000000e+00  3.339341e+05  0.000000e+00  0.000000e+00  5.826937e+00  1.504942e-01  1.205728e-03  2.987493e-06
4.934847e+05  3.565552e+04  0.000000e+00  0.000000e+00  3.206705e+05  0.000000e+00  0.000000e+00  5.310002e+00  1.342640e-01  9.527724e-04  2.586368e-06
4.956747e+05  3.418856e+04  0.000000e+00  0.000000e+00  3.074773e+05  0.000000e+00  0.000000e+00  4.849788e+00  1.197568e-01  7.429446e-04  2.226026e-06
4.978745e+05  3.272693e+04  0.000000e+00  0.000000e+00  2.943320e+05  0.000000e+00  0.000000e+00  4.426995e+00  1.071296e-01  5.783359e-04  1.899128e-06
5.000840e+05  3.127286e+04  0.000000e+00  0.000000e+00  2.812548e+05  0.000000e+00  0.000000e+00  4.040855e+00  9.567653e-02  4.566658e-04  1.600775e-06
5.025060e+05  2.991914e+04  0.000000e+00  0.000000e+00  2.690800e+05  0.000000e+00  0.000000e+00  3.653255e+00  8.437424e-02  3.673315e-04  1.302654e-06
5.051426e+05  2.866451e+04  0.000000e+00  0.000000e+00  2.577964e+05  0.000000e+00  0.000000e+00  3.266838e+00  7.344956e-02  3.033175e-04  1.003627e-06
5.077930e+05  2.741698e+04  0.000000e+00  0.000000e+00  2.465766e+05  0.000000e+00  0.000000e+00  2.913866e+00  6.380933e-02  2.583179e-04  7.250546e-07
5.104573e+05  2.617583e+04  0.000000e+00  0.000000e+00  2.354142e+05  0.000000e+00  0.000000e+00  2.595833e+00  5.535728e-02  2.230814e-04  4.761559e-07
5.131356e+05  2.494103e+04  0.000000e+00  0.000000e+00  2.243090e+05  0.000000e+00  0.000000e+00  2.312505e+00  4.794328e-02  1.934243e-04  2.759535e-07
5.158280e+05  2.371285e+04  0.000000e+00  0.000000e+00  2.132632e+05  0.000000e+00  0.000000e+00  2.060122e+00  4.138953e-02  1.676048e-04  1.374505e-07
5.185345e+05  2.249097e+04  0.000000e+00  0.000000e+00  2.022742e+05  0.000000e+00  0.000000e+00  1.833278e+00  3.555167e-02  1.448077e-04  5.750807e-08
5.212551e+05  2.127535e+04  0.000000e+00  0.000000e+00  1.913414e+05  0.000000e+00  0.000000e+00  1.628113e+00  3.033631e-02  1.246786e-04  1.985748e-08
5.239901e+05  2.010268e+04  0.000000e+00  0.000000e+00  1.807949e+05  0.000000e+00  0.000000e+00  1.443388e+00  2.565330e-02  1.070631e-04  5.590112e-09
5.267394e+05  1.911570e+04  0.000000e+00  0.000000e+00  1.719184e+05  0.000000e+00  0.000000e+00  1.278696e+00  2.137229e-02  9.176121e-05  1.271834e-09
5.295031e+05  1.827739e+04  0.000000e+00  0.000000e+00  1.643790e+05  0.000000e+00  0.000000e+00  1.132791e+00  1.737811e-02  7.837530e-05  2.322573e-10
5.322814e+05  1.744418e+04  0.000000e+00  0.000000e+00  1.568855e+05  0.000000e+00  0.000000e+00  1.003661e+00  1.369272e-02  6.642182e-05  3.385188e-11
5.350742e+05  1.661483e+04  0.000000e+00  0.000000e+00  1.494267e+05  0.000000e+00  0.000000e+00  8.888790e-01  1.050080e-02  5.558591e-05  3.919840e-12
5.378816e+05  1.579008e+04  0.000000e+00  0.000000e+00  1.420092e+05  0.000000e+00  0.000000e+00  7.849588e-01  7.997038e-03  4.577566e-05  3.592417e-13
5.407038e+05  1.496922e+04  0.000000e+00  0.000000e+00  1.346268e+05  0.000000e+00  0.000000e+00  6.900918e-01  6.206049e-03  3.688500e-05  2.597522e-14
5.435408e+05  1.415351e+04  0.000000e+00  0.000000e+00  1.272906e+05  0.000000e+00  0.000000e+00  6.064800e-01  5.006053e-03  2.852919e-05  1.477741e-15
5.463927e+05  1.334105e+04  0.000000e+00  0.000000e+00  1.199837e+05  0.000000e+00  0.000000e+00  5.335336e-01  4.219065e-03  2.043865e-05  6.598833e-17
5.492596e+05  1.258395e+04  0.000000e+00  0.000000e+00  1.131747e+05  0.000000e+00  0.000000e+00  4.678989e-01  3.653269e-03  1.310238e-05  2.307656e-18
5.521415e+05  1.195705e+04  0.000000e+00  0.000000e+00  1.075366e+05  0.000000e+00  0.000000e+00  4.088957e-01  3.191572e-03  7.295790e-06  6.310143e-20
5.550385e+05  1.140867e+04  0.000000e+00  0.000000e+00  1.026047e+05  0.000000e+00  0.000000e+00  3.568698e-01  2.796664e-03  3.412576e-06  1.348114e-21
5.579507e+05  1.086310e+04  0.000000e+00  0.000000e+00  9.769812e+04  0.000000e+00  0.000000e+00  3.114709e-01  2.452008e-03  1.304461e-06  2.247367e-23
5.608782e+05  1.032077e+04  0.000000e+00  0.000000e+00  9.282055e+04  0.000000e+00  0.000000e+00  2.717325e-01  2.145239e-03  4.010997e-07  2.902070e-25
5.638210e+05  9.780956e+03  0.000000e+00  0.000000e+00  8.796574e+04  0.000000e+00  0.000000e+00  2.364280e-01  1.870027e-03  9.807499e-08  2.893395e-27
5.667793e+05  9.243918e+03  0.000000e+00  0.000000e+00  8.313585e+04  0.000000e+00  0.000000e+00  2.046146e-01  1.624341e-03  1.888479e-08  2.235937e-29
5.697531e+05  8.709991e+03  0.000000e+00  0.000000e+00  7.833394e+04  0.000000e+00  0.000000e+00  1.759981e-01  1.407872e-03  2.841311e-09  1.339646e-31
5.727425e+05  8.178442e+03  0.000000e+00  0.000000e+00  7.355342e+04  0.000000e+00  0.000000e+00  1.505655e-01  1.220231e-03  3.320086e-10  6.098526e-34
5.757477e+05  7.702037e+03  0.000000e+00  0.000000e+00  6.926883e+04  0.000000e+00  0.000000e+00  1.277395e-01  1.057138e-03  2.998526e-11  2.027361e-36
5.787685e+05  7.314266e+03  0.000000e+00  0.000000e+00  6.578138e+04  0.000000e+00  0.000000e+00  1.062861e-01  9.104753e-04  2.084640e-12  4.627209e-39
5.818052e+05  6.963266e+03  0.000000e+00  0.000000e+00  6.262464e+04  0.000000e+00  0.000000e+00  8.510519e-02  7.754806e-04  1.111838e-13  6.870303e-42
5.848579e+05  6.614036e+03  0.000000e+00  0.000000e+00  5.948382e+04  0.000000e+00  0.000000e+00  6.481659e-02  6.504634e-04  4.535966e-15  7.408587e-45
5.879266e+05  6.266459e+03  0.000000e+00  0.000000e+00  5.635785e+04  0.000000e+00  0.000000e+00  4.735116e-02  5.392791e-04  1.411855e-16  4.794991e-48
5.910113e+05  5.920903e+03  0.000000e+00  0.000000e+00  5.325007e+04  0.000000e+00  0.000000e+00  3.421568e-02  4.394717e-04  3.344884e-18  1.585618e-51
5.941123e+05  5.577099e+03  0.000000e+00  0.000000e+00  5.015804e+04  0.000000e+00  0.000000e+00  2.568291e-02  3.420542e-04  6.018299e-20  1.910982e-55
5.974457e+05  5.211824e+03  0.000000e+00  0.000000e+00  4.687292e+04  0.000000e+00  0.000000e+00  2.035546e-02  2.374679e-04  6.031654e-22  2.673138e-60
6.010141e+05  4.829325e+03  0.000000e+00  0.000000e+00  4.343289e+04  0.000000e+00  0.000000e+00  1.701161e-02  1.354089e-04  3.156632e-24  2.906201e-66
6.046038e+05  4.515071e+03  0.000000e+00  0.000000e+00  4.060662e+04  0.000000e+00  0.000000e+00  1.465642e-02  6.074506e-05  1.138053e-26  3.397603e-73
6.082149e+05  4.264255e+03  0.000000e+00  0.000000e+00  3.835089e+04  0.000000e+00  0.000000e+00  1.272272e-02  2.046018e-05  2.795157e-29  4.125004e-81
6.118476e+05  4.014927e+03  0.000000e+00  0.000000e+00  3.610853e+04  0.000000e+00  0.000000e+00  1.108039e-02  5.007811e-06  3.497412e-32  1.150487e-101
6.155020e+05  3.767138e+03  0.000000e+00  0.000000e+00  3.388003e+04  0.000000e+00  0.000000e+00  9.667751e-03  8.702138e-07  3.233586e-35  1.816284e-113
6.191782e+05  3.520807e+03  0.000000e+00  0.000000e+00  3.166463e+04  0.000000e+00  0.000000e+00  8.413385e-03  1.055194e-07  1.713794e-38  1.384883e-114
6.228764e+05  3.275873e+03  0.000000e+00  0.000000e+00  2.946180e+04  0.000000e+00  0.000000e+00  7.280567e-03  8.810729e-09  4.467491e-42  9.998318e-116
6.265967e+05  3.032447e+03  0.000000e+00  0.000000e+00  2.727254e+04  0.000000e+00  0.000000e+00  6.272555e-03  5.015356e-10  4.106692e-46  6.801051e-117
6.303392e+05  2.804943e+03  0.000000e+00  0.000000e+00  2.522646e+04  0.000000e+00  0.000000e+00  5.384316e-03  1.931662e-11  6.607952e-51  4.349472e-118
6.341040e+05  2.621894e+03  0.000000e+00  0.000000e+00  2.358019e+04  0.000000e+00  0.000000e+00  4.640423e-03  5.002650e-13  1.274536e-56  2.611770e-119
6.378914e+05  2.468734e+03  0.000000e+00  0.000000e+00  2.220274e+04  0.000000e+00  0.000000e+00  4.024943e-03  8.661672e-15  2.675815e-63  1.474531e-120
6.417013e+05  2.316515e+03  0.000000e+00  0.000000e+00  2.083374e+04  0.000000e+00  0.000000e+00  3.450908e-03  9.992477e-17  5.909293e-71  7.800022e-122
6.455340e+05  2.165189e+03  0.000000e+00  0.000000e+00  1.947279e+04  0.000000e+00  0.000000e+00  2.901260e-03  7.615790e-19  3.906786e-91  3.884352e-123
6.493896e+05  2.014786e+03  0.000000e+00  0.000000e+00  1.812012e+04  0.000000e+00  0.000000e+00  2.410849e-03  3.776572e-21  1.226018e-107  1.911516e-124
6.532682e+05  1.865206e+03  0.000000e+00  0.000000e+00  1.677487e+04  0.000000e+00  0.000000e+00  2.000157e-03  1.194690e-23  7.645801e-128  1.074346e-125
6.571700e+05  1.716595e+03  0.000000e+00  0.000000e+00  1.543832e+04  0.000000e+00  0.000000e+00  1.644085e-03  2.322288e-26  2.221110e-143  6.655831e-127
6.610951e+05  1.585381e+03  0.000000e+00  0.000000e+00  1.425823e+04  0.000000e+00  0.000000e+00  1.275086e-03  2.568660e-29  8.472745e-146  4.003158e-128
6.650437e+05  1.482592e+03  0.000000e+00  0.000000e+00  1.333380e+04  0.000000e+00  0.000000e+00  8.561575e-04  1.380728e-32  1.779052e-147  2.270537e-129
6.690158e+05  1.391448e+03  0.000000e+00  0.000000e+00  1.251409e+04  0.000000e+00  0.000000e+00  4.540954e-04  2.549423e-36  2.848593e-149  1.175582e-130
6.730116e+05  1.300836e+03  0.000000e+00  0.000000e+00  1.169917e+04  0.000000e+00  0.000000e+00  1.766156e-04  8.071099e-41  3.982718e-151  5.778751e-132
6.770314e+05  1.210756e+03  0.000000e+00  0.000000e+00  1.088902e+04  0.000000e+00  0.000000e+00  4.774091e-05  3.084418e-46  5.192017e-153  2.549435e-133
6.810751e+05  1.121222e+03  0.000000e+00  0.000000e+00  1.008379e+04  0.000000e+00  0.000000e+00  8.623231e-06  1.301487e-52  6.116677e-155  1.097138e-134
6.851430e+05  1.032213e+03  0.000000e+00  0.000000e+00  9.283280e+03  0.000000e+00  0.000000e+00  1.010129e-06  5.867513e-60  6.271725e-157  4.158017e-136
6.892351e+05  9.437132e+02  0.000000e+00  0.000000e+00  8.487353e+03  0.000000e+00  0.000000e+00  7.501567e-08  8.886398e-89  5.890894e-159  1.542119e-137
6.933518e+05  8.706490e+02  0.000000e+00  0.000000e+00  7.830245e+03  0.000000e+00  0.000000e+00  3.485694e-09  3.486943e-102  4.907952e-161  5.038319e-139
6.974930e+05  8.152053e+02  0.000000e+00  0.000000e+00  7.331608e+03  0.000000e+00  0.000000e+00  1.000970e-10  3.275706e-118  3.765799e-163  1.577417e-140
7.016589e+05  7.623808e+02  0.000000e+00  0.000000e+00  6.856527e+03  0.000000e+00  0.000000e+00  1.753136e-12  7.712022e-137  2.675606e-165  4.509590e-142
7.058497e+05  7.098642e+02  0.000000e+00  0.000000e+00  6.384215e+03  0.000000e+00  0.000000e+00  1.861032e-14  4.853022e-158  1.811020e-167  3.460077e-143
7.104050e+05  6.535358e+02  0.000000e+00  0.000000e+00  5.877622e+03  0.000000e+00  0.000000e+00  7.755607e-17  3.776636e-179  8.307094e-170  5.752622e-144
7.153293e+05  5.933913e+02  0.000000e+00  0.000000e+00  5.336707e+03  0.000000e+00  0.000000e+00  9.449258e-20  6.699873e-201  2.382218e-172  2.512156e-145
7.202877e+05  5.336685e+02  0.000000e+00  0.000000e+00  4.799586e+03  0.000000e+00  0.000000e+00  4.954457e-23  8.921462e-215  5.911469e-175  3.160377e-147
7.252805e+05  4.823851e+02  0.000000e+00  0.000000e+00  4.338366e+03  0.000000e+00  0.000000e+00  7.867367e-27  1.898627e-218  1.259595e-177  3.345661e-149
7.303079e+05  4.435467e+02  0.000000e+00  0.000000e+00  3.989069e+03  0.000000e+00  0.000000e+00  2.000863e-31  2.957029e-222  2.281894e-180  3.277443e-151
7.353702e+05  4.089763e+02  0.000000e+00  0.000000e+00  3.678158e+03  0.000000e+00  0.000000e+00  6.108095e-37  8.200879e-226  3.552559e-183  3.156691e-153
7.404675e+05  3.746493e+02  0.000000e+00  0.000000e+00  3.369436e+03  0.000000e+00  0.000000e+00  2.073808e-43  2.155731e-228  4.570175e-186  2.199311e-155
7.456002e+05  3.405586e+02  0.000000e+00  0.000000e+00  3.062838e+03  0.000000e+00  0.000000e+00  7.568061e-51  6.833827e-231  5.401888e-189  1.623280e-157
7.507684e+05  3.067055e+02  0.000000e+00  0.000000e+00  2.758378e+03  0.000000e+00  0.000000e+00  9.082662e-100  1.823328e-233  5.327134e-192  8.882130e-160
7.559725e+05  2.730859e+02  0.000000e+00  0.000000e+00  2.456018e+03  0.000000e+00  0.000000e+00  9.664146e-108  3.428038e-236  4.530651e-195  5.151853e-162
7.612127e+05  2.467727e+02  0.000000e+00  0.000000e+00  2.219368e+03  0.000000e+00  0.000000e+00  1.884156e-126  4.164982e-239  3.332971e-198  2.355205e-164
7.664891e+05  2.277526e+02  0.000000e+00  0.000000e+00  2.048310e+03  0.000000e+00  0.000000e+00  8.041422e-148  2.725014e-242  2.708295e-201  1.197253e-166
7.718022e+05  2.088656e+02  0.000000e+00  0.000000e+00  1.878448e+03  0.000000e+00  0.000000e+00  7.991481e-172  9.358152e-246  4.476113e-204  5.980398e-169
7.771521e+05  1.901058e+02  0.000000e+00  0.000000e+00  1.709730e+03  0.000000e+00  0.000000e+00  2.010339e-198  3.779346e-249  7.630191e-207  2.714638e-171
7.825390e+05  1.714768e+02  0.000000e+00  0.000000e+00  1.542189e+03  0.000000e+00  0.000000e+00  1.285409e-225  5.143450e-252  7.015972e-210  1.030444e-173
7.879633e+05  1.529756e+02  0.000000e+00  0.000000e+00  1.375797e+03  0.000000e+00  0.000000e+00  7.040825e-248  7.976925e-255  3.315166e-213  3.597980e-176
7.934252e+05  1.359532e+02  0.000000e+00  0.000000e+00  1.222705e+03  0.000000e+00  0.000000e+00  4.270045e-272  1.101884e-257  1.169051e-216  1.025030e-178
7.989250e+05  1.230966e+02  0.000000e+00  0.000000e+00  1.107078e+03  0.000000e+00  0.000000e+00  4.392651e-297  1.269111e-260  2.116424e-220  2.731706e-181
8.044629e+05  1.130257e+02  0.000000e+00  0.000000e+00  1.016505e+03  0.000000e+00  0.000000e+00  0.000000e+00  1.015341e-263  2.262885e-223  6.072111e-184
8.100391e+05  1.030250e+02  0.000000e+00  0.000000e+00  9.265630e+02  0.000000e+00  0.000000e+00  0.000000e+00  4.130578e-267  1.172249e-225  1.314701e-186
8.156541e+05  9.309388e+01  0.000000e+00  0.000000e+00  8.372466e+02  0.000000e+00  0.000000e+00  0.000000e+00  6.111674e-271  6.884099e-228  2.106289e-189
8.213079e+05  8.322978e+01  0.000000e+00  0.000000e+00  7.485331e+02  0.000000e+00  0.000000e+00  0.000000e+00  1.448044e-275  3.788554e-230  3.494707e-192
8.270009e+05  7.343497e+01  0.000000e+00  0.000000e+00  6.604428e+02  0.000000e+00  0.000000e+00  0.000000e+00  3.403275e-281  1.803748e-232  4.352307e-195
8.327334e+05  6.519713e+01  0.000000e+00  0.000000e+00  5.863552e+02  0.000000e+00  0.000000e+00  0.000000e+00  7.148008e-288  6.309078e-235  5.512214e-198
8.385057e+05  5.925417e+01  0.000000e+00  0.000000e+00  5.329067e+02  0.000000e+00  0.000000e+00  0.000000e+00  5.735493e-305  1.264184e-237  1.280508e-200
8.445724e+05  5.387686e+01  0.000000e+00  0.000000e+00  4.845455e+02  0.000000e+00  0.000000e+00  0.000000e+00  0.000000e+00  8.198600e-241  5.595462e-203
8.509377e+05  4.831238e+01  0.000000e+00  0.000000e+00  4.345009e+02  0.000000e+00  0.000000e+00  0.000000e+00  0.000000e+00  1.825709e-244  7.411935e-206
8.573510e+05  4.279011e+01  0.000000e+00  0.000000e+00  3.848359e+02  0.000000e+00  0.000000e+00  0.000000e+00  0.000000e+00  1.564343e-247  2.996181e-209
8.638126e+05  3.730916e+01  0.000000e+00  0.000000e+00  3.355426e+02  0.000000e+00  0.000000e+00  0.000000e+00  0.000000e+00  2.969019e-250  1.289709e-212
8.703229e+05  3.238908e+01  0.000000e+00  0.000000e+00  2.912936e+02  0.000000e+00  0.000000e+00  0.000000e+00  0.000000e+00  5.334673e-253  3.319615e-216
8.768822e+05  2.880274e+01  0.000000e+00  0.000000e+00  2.590395e+02  0.000000e+00  0.000000e+00  0.000000e+00  0.000000e+00  8.576052e-256  1.204654e-219
8.834910e+05  2.602216e+01  0.000000e+00  0.000000e+00  2.340322e+02  0.000000e+00  0.000000e+00  0.000000e+00  0.000000e+00  1.225683e-258  2.785515e-222
8.901496e+05  2.326235e+01  0.000000e+00  0.000000e+00  2.092116e+02  0.000000e+00  0.000000e+00  0.000000e+00  0.000000e+00  1.231512e-261  1.797531e-224
8.968584e+05  2.052315e+01  0.000000e+00  0.000000e+00  1.845765e+02  0.000000e+00  0.000000e+00  0.000000e+00  0.000000e+00  3.614717e-265  1.123884e-226
9.036177e+05  1.780460e+01  0.000000e+00  0.000000e+00  1.601269e+02  0.000000e+00  0.000000e+00  0.000000e+00  0.000000e+00  1.330324e-269  7.051805e-229
9.104280e+05  1.528507e+01  0.000000e+00  0.000000e+00  1.374674e+02  0.000000e+00  0.000000e+00  0.000000e+00  0.000000e+00  4.693977e-275  3.980295e-231
9.172896e+05  1.345151e+01  0.000000e+00  0.000000e+00  1.209772e+02  0.000000e+00  0.000000e+00  0.000000e+00  0.000000e+00  1.489641e-281  1.889606e-233
9.242029e+05  1.212281e+01  0.000000e+00  0.000000e+00  1.090273e+02  0.000000e+00  0.000000e+00  0.000000e+00  0.000000e+00  7.980390e-299  4.420875e-236
9.311684e+05  1.080377e+01  0.000000e+00  0.000000e+00  9.716453e+01  0.000000e+00  0.000000e+00  0.000000e+00  0.000000e+00  0.000000e+00  2.506313e-239
9.381863e+05  9.494684e+00  0.000000e+00  0.000000e+00  8.539113e+01  0.000000e+00  0.000000e+00  0.000000e+00  0.000000e+00  0.000000e+00  5.190990e-243
9.452571e+05  8.195430e+00  0.000000e+00  0.000000e+00  7.370620e+01  0.000000e+00  0.000000e+00  0.000000e+00  0.000000e+00  0.000000e+00  1.939995e-245
9.523812e+05  6.950494e+00  0.000000e+00  0.000000e+00  6.250977e+01  0.000000e+00  0.000000e+00  0.000000e+00  0.000000e+00  0.000000e+00  6.646814e-248
9.595590e+05  6.045402e+00  0.000000e+00  0.000000e+00  5.436977e+01  0.000000e+00  0.000000e+00  0.000000e+00  0.000000e+00  0.000000e+00  2.323855e-250
9.667909e+05  5.435061e+00  0.000000e+00  0.000000e+00  4.888062e+01  0.000000e+00  0.000000e+00  0.000000e+00  0.000000e+00  0.000000e+00  7.623518e-253
9.740773e+05  4.829161e+00  0.000000e+00  0.000000e+00  4.343141e+01  0.000000e+00  0.000000e+00  0.000000e+00  0.000000e+00  0.000000e+00  2.219374e-255
9.814186e+05  4.227888e+00  0.000000e+00  0.000000e+00  3.802382e+01  0.000000e+00  0.000000e+00  0.000000e+00  0.000000e+00  0.000000e+00  6.217390e-258
9.888153e+05  3.631052e+00  0.000000e+00  0.000000e+00  3.265613e+01  0.000000e+00  0.000000e+00  0.000000e+00  0.000000e+00  0.000000e+00  1.476887e-260
9.962677e+05  3.038907e+00  0.000000e+00  0.000000e+00  2.733063e+01  0.000000e+00  0.000000e+00  0.000000e+00  0.000000e+00  0.000000e+00  4.816198e-277
