# Compton redistribution K(mu_out, E_out) at fixed E_in, mu_in, T
# T            = 1.000000e+08 K
# E_in         = 6.400000e+03 eV
# mu_in        = 0.960000
# NMU          = 181
# NEO          = 240
# mu_out_grid  = -1.000000 -0.988889 -0.977778 -0.966667 -0.955556 -0.944444 -0.933333 -0.922222 -0.911111 -0.900000 -0.888889 -0.877778 -0.866667 -0.855556 -0.844444 -0.833333 -0.822222 -0.811111 -0.800000 -0.788889 -0.777778 -0.766667 -0.755556 -0.744444 -0.733333 -0.722222 -0.711111 -0.700000 -0.688889 -0.677778 -0.666667 -0.655556 -0.644444 -0.633333 -0.622222 -0.611111 -0.600000 -0.588889 -0.577778 -0.566667 -0.555556 -0.544444 -0.533333 -0.522222 -0.511111 -0.500000 -0.488889 -0.477778 -0.466667 -0.455556 -0.444444 -0.433333 -0.422222 -0.411111 -0.400000 -0.388889 -0.377778 -0.366667 -0.355556 -0.344444 -0.333333 -0.322222 -0.311111 -0.300000 -0.288889 -0.277778 -0.266667 -0.255556 -0.244444 -0.233333 -0.222222 -0.211111 -0.200000 -0.188889 -0.177778 -0.166667 -0.155556 -0.144444 -0.133333 -0.122222 -0.111111 -0.100000 -0.088889 -0.077778 -0.066667 -0.055556 -0.044444 -0.033333 -0.022222 -0.011111 +0.000000 +0.011111 +0.022222 +0.033333 +0.044444 +0.055556 +0.066667 +0.077778 +0.088889 +0.100000 +0.111111 +0.122222 +0.133333 +0.144444 +0.155556 +0.166667 +0.177778 +0.188889 +0.200000 +0.211111 +0.222222 +0.233333 +0.244444 +0.255556 +0.266667 +0.277778 +0.288889 +0.300000 +0.311111 +0.322222 +0.333333 +0.344444 +0.355556 +0.366667 +0.377778 +0.388889 +0.400000 +0.411111 +0.422222 +0.433333 +0.444444 +0.455556 +0.466667 +0.477778 +0.488889 +0.500000 +0.511111 +0.522222 +0.533333 +0.544444 +0.555556 +0.566667 +0.577778 +0.588889 +0.600000 +0.611111 +0.622222 +0.633333 +0.644444 +0.655556 +0.666667 +0.677778 +0.688889 +0.700000 +0.711111 +0.722222 +0.733333 +0.744444 +0.755556 +0.766667 +0.777778 +0.788889 +0.800000 +0.811111 +0.822222 +0.833333 +0.844444 +0.855556 +0.866667 +0.877778 +0.888889 +0.900000 +0.911111 +0.922222 +0.933333 +0.944444 +0.955556 +0.966667 +0.977778 +0.988889 +1.000000
# Eout_grid_eV = 1.000000e+03 1.026344e+03 1.053381e+03 1.081131e+03 1.109612e+03 1.138843e+03 1.168844e+03 1.199636e+03 1.231238e+03 1.263673e+03 1.296963e+03 1.331130e+03 1.366196e+03 1.402187e+03 1.439125e+03 1.477037e+03 1.515948e+03 1.555883e+03 1.596871e+03 1.638938e+03 1.682113e+03 1.726426e+03 1.771906e+03 1.818585e+03 1.866493e+03 1.915663e+03 1.966128e+03 2.017923e+03 2.071082e+03 2.125642e+03 2.181639e+03 2.239111e+03 2.298097e+03 2.358637e+03 2.420772e+03 2.484544e+03 2.549996e+03 2.617171e+03 2.686117e+03 2.756879e+03 2.829505e+03 2.904044e+03 2.980547e+03 3.059065e+03 3.139652e+03 3.222362e+03 3.307250e+03 3.394375e+03 3.483795e+03 3.575570e+03 3.669763e+03 3.766438e+03 3.865660e+03 3.967495e+03 4.072013e+03 4.179284e+03 4.289381e+03 4.402379e+03 4.518353e+03 4.637383e+03 4.759548e+03 4.884931e+03 5.013618e+03 5.145694e+03 5.281250e+03 5.420377e+03 5.563169e+03 5.709723e+03 5.860137e+03 6.014514e+03 6.172958e+03 6.335575e+03 6.502477e+03 6.673775e+03 6.849586e+03 7.030029e+03 7.215225e+03 7.405300e+03 7.600382e+03 7.800603e+03 8.006098e+03 8.217008e+03 8.433473e+03 8.655640e+03 8.883661e+03 9.117688e+03 9.357880e+03 9.604400e+03 9.857414e+03 1.011709e+04 1.038361e+04 1.065716e+04 1.093790e+04 1.122605e+04 1.152178e+04 1.182530e+04 1.213683e+04 1.245655e+04 1.278470e+04 1.312150e+04 1.346716e+04 1.382194e+04 1.418606e+04 1.455977e+04 1.494332e+04 1.533698e+04 1.574101e+04 1.615569e+04 1.658129e+04 1.701810e+04 1.746641e+04 1.792654e+04 1.839879e+04 1.888348e+04 1.938094e+04 1.989150e+04 2.041551e+04 2.095333e+04 2.150532e+04 2.207184e+04 2.265330e+04 2.325006e+04 2.386255e+04 2.449118e+04 2.513636e+04 2.579854e+04 2.647817e+04 2.717570e+04 2.789160e+04 2.862637e+04 2.938049e+04 3.015447e+04 3.094885e+04 3.176415e+04 3.260093e+04 3.345976e+04 3.434121e+04 3.524588e+04 3.617438e+04 3.712734e+04 3.810541e+04 3.910924e+04 4.013952e+04 4.119693e+04 4.228221e+04 4.339607e+04 4.453928e+04 4.571260e+04 4.691683e+04 4.815279e+04 4.942131e+04 5.072324e+04 5.205947e+04 5.343090e+04 5.483846e+04 5.628310e+04 5.776580e+04 5.928756e+04 6.084940e+04 6.245239e+04 6.409761e+04 6.578617e+04 6.751921e+04 6.929791e+04 7.112346e+04 7.299711e+04 7.492011e+04 7.689377e+04 7.891943e+04 8.099845e+04 8.313224e+04 8.532223e+04 8.756993e+04 8.987683e+04 9.224451e+04 9.467455e+04 9.716862e+04 9.972839e+04 1.023556e+05 1.050520e+05 1.078194e+05 1.106598e+05 1.135750e+05 1.165669e+05 1.196377e+05 1.227894e+05 1.260241e+05 1.293440e+05 1.327514e+05 1.362486e+05 1.398378e+05 1.435217e+05 1.473025e+05 1.511830e+05 1.551657e+05 1.592533e+05 1.634486e+05 1.677544e+05 1.721737e+05 1.767094e+05 1.813645e+05 1.861423e+05 1.910459e+05 1.960788e+05 2.012442e+05 2.065457e+05 2.119868e+05 2.175713e+05 2.233029e+05 2.291855e+05 2.352231e+05 2.414197e+05 2.477795e+05 2.543069e+05 2.610063e+05 2.678821e+05 2.749391e+05 2.821820e+05 2.896156e+05 2.972451e+05 3.050756e+05 3.131124e+05 3.213609e+05 3.298267e+05 3.385155e+05 3.474332e+05 3.565858e+05 3.659796e+05 3.756208e+05 3.855160e+05 3.956718e+05 4.060953e+05 4.167932e+05 4.277731e+05 4.390421e+05 4.506081e+05 4.624787e+05 4.746620e+05 4.871663e+05 5.000000e+05
# data block: 181 rows (mu_out)  x  240 cols (E_out)
8.147388e-11 1.859255e-10 4.180920e-10 9.265647e-10 2.023990e-09 4.358393e-09 9.253057e-09 1.937044e-08 3.998919e-08 8.142297e-08 1.635325e-07 3.240144e-07 6.333986e-07 1.221774e-06 2.325698e-06 4.369289e-06 8.102307e-06 1.483173e-05 2.680425e-05 4.782854e-05 8.427212e-05 1.466341e-04 2.519882e-04 4.277192e-04 7.171479e-04 1.187866e-03 1.943890e-03 3.143089e-03 5.021774e-03 7.928795e-03 1.237199e-02 1.908037e-02 2.908573e-02 4.382780e-02 6.528687e-02 9.614734e-02 1.399949e-01 2.015477e-01 2.869200e-01 4.039123e-01 5.623174e-01 7.742271e-01 1.054317e+00 1.420080e+00 1.891975e+00 2.493445e+00 3.250775e+00 4.192726e+00 5.349925e+00 6.753966e+00 8.436216e+00 1.042632e+01 1.275046e+01 1.542933e+01 1.847607e+01 2.189416e+01 2.567533e+01 2.979794e+01 3.422560e+01 3.890648e+01 4.377336e+01 4.874444e+01 5.372511e+01 5.861051e+01 6.328896e+01 6.764605e+01 7.156916e+01 7.495230e+01 7.770076e+01 7.973557e+01 8.099721e+01 8.144848e+01 8.107636e+01 7.989260e+01 7.793311e+01 7.525616e+01 7.193953e+01 6.807676e+01 6.377282e+01 5.913937e+01 5.429011e+01 4.933617e+01 4.438212e+01 3.952257e+01 3.483958e+01 3.040091e+01 2.625916e+01 2.245175e+01 1.900151e+01 1.591796e+01 1.319898e+01 1.083276e+01 8.799841e+00 7.075183e+00 5.630121e+00 4.434088e+00 3.456099e+00 2.665946e+00 2.035108e+00 1.537379e+00 1.149260e+00 8.501302e-01 6.222528e-01 4.506580e-01 3.229311e-01 2.289488e-01 1.605887e-01 1.114350e-01 7.649612e-02 5.194562e-02 3.489235e-02 2.318261e-02 1.523436e-02 9.901338e-03 6.364268e-03 4.045432e-03 2.542840e-03 1.580471e-03 9.712748e-04 5.901465e-04 3.544975e-04 2.105111e-04 1.235713e-04 7.169882e-05 4.111776e-05 2.330452e-05 1.305309e-05 7.224672e-06 3.951141e-06 2.134982e-06 1.139725e-06 6.010434e-07 3.130960e-07 1.610941e-07 8.186095e-08 4.108016e-08 2.035675e-08 9.960204e-09 4.811414e-09 2.294472e-09 1.080086e-09 5.018332e-10 2.301147e-10 1.041289e-10 4.649411e-11 2.048240e-11 8.901769e-12 3.816275e-12 1.613710e-12 6.729586e-13 2.767459e-13 1.122166e-13 4.486090e-14 1.767931e-14 6.867520e-15 2.629190e-15 9.919291e-16 3.687440e-16 1.350526e-16 4.872615e-17 1.731607e-17 6.060530e-18 2.088775e-18 7.088221e-19 2.368055e-19 7.787509e-20 2.520582e-20 8.028618e-21 2.516287e-21 7.758901e-22 2.353430e-22 7.021067e-23 2.059895e-23 5.942455e-24 1.685402e-24 4.698893e-25 1.287593e-25 3.467282e-26 9.174090e-27 2.384707e-27 6.088918e-28 1.526906e-28 3.759972e-29 9.090558e-30 2.157557e-30 5.026107e-31 1.149027e-31 2.577442e-32 5.672024e-33 1.224355e-33 2.591950e-34 5.380525e-35 1.095040e-35 2.184594e-36 4.271441e-37 8.184055e-38 1.536313e-38 2.825106e-39 5.088144e-40 8.973866e-41 1.549604e-41 2.619435e-42 4.333764e-43 7.016460e-44 1.111451e-44 1.722288e-45 2.610286e-46 3.868662e-47 5.605925e-48 7.940913e-49 1.099394e-49 1.487368e-50 1.966024e-51 2.538556e-52 3.201361e-53 3.942350e-54 4.739917e-55 5.562929e-56 6.372006e-57 7.122150e-58 7.766600e-59 8.261489e-60 8.570697e-61 8.670165e-62 8.550968e-63 8.220594e-64 7.702203e-65 7.031930e-66 6.254697e-67 5.419197e-68 4.572836e-69 3.757370e-70 3.005772e-71 2.340606e-72 1.773895e-73 1.308226e-74 9.386883e-76 6.551981e-77 4.448016e-78 2.936522e-79 
7.586602e-11 1.731749e-10 3.895511e-10 8.636609e-10 1.887462e-09 4.066540e-09 8.638499e-09 1.809554e-08 3.738328e-08 7.617408e-08 1.531128e-07 3.036268e-07 5.940746e-07 1.146996e-06 2.185493e-06 4.110067e-06 7.629660e-06 1.398176e-05 2.529655e-05 4.519035e-05 7.971788e-05 1.388773e-04 2.389525e-04 4.061013e-04 6.817690e-04 1.130723e-03 1.852795e-03 2.999748e-03 4.799128e-03 7.587401e-03 1.185520e-02 1.830801e-02 2.794604e-02 4.216731e-02 6.289800e-02 9.275366e-02 1.352340e-01 1.949519e-01 2.778957e-01 3.917181e-01 5.460434e-01 7.527760e-01 1.026389e+00 1.384165e+00 1.846353e+00 2.436199e+00 3.179815e+00 4.105831e+00 5.244796e+00 6.628303e+00 8.287797e+00 1.025310e+01 1.255065e+01 1.520154e+01 1.821935e+01 2.160807e+01 2.536005e+01 2.945422e+01 3.385478e+01 3.851044e+01 4.335443e+01 4.830532e+01 5.326869e+01 5.813977e+01 6.280684e+01 6.715529e+01 7.107225e+01 7.445136e+01 7.719755e+01 7.923149e+01 8.049335e+01 8.094572e+01 8.057547e+01 7.939433e+01 7.743834e+01 7.476597e+01 7.145528e+01 6.760013e+01 6.330579e+01 5.868420e+01 5.384925e+01 4.891216e+01 4.397748e+01 3.913966e+01 3.448050e+01 3.006738e+01 2.595245e+01 2.217260e+01 1.875014e+01 1.569407e+01 1.300178e+01 1.066101e+01 8.651950e+00 6.949303e+00 5.524214e+00 4.346021e+00 3.383722e+00 2.607161e+00 1.987923e+00 1.499953e+00 1.119925e+00 8.274081e-01 6.048618e-01 4.375053e-01 3.131020e-01 2.216908e-01 1.552931e-01 1.076173e-01 7.377674e-02 5.003178e-02 3.356157e-02 2.226839e-02 1.461386e-02 9.485272e-03 6.088659e-03 3.865077e-03 2.426254e-03 1.506027e-03 9.243208e-04 5.608951e-04 3.364992e-04 1.995737e-04 1.170073e-04 6.780867e-05 3.884114e-05 2.198894e-05 1.230248e-05 6.801850e-06 3.716005e-06 2.005899e-06 1.069777e-06 5.636321e-07 2.933480e-07 1.508069e-07 7.657288e-08 3.839804e-08 1.901460e-08 9.297631e-09 4.488767e-09 2.139504e-09 1.006680e-09 4.675440e-10 2.143216e-10 9.695744e-11 4.328388e-11 1.906597e-11 8.285833e-12 3.552340e-12 1.502275e-12 6.266085e-13 2.577562e-13 1.045543e-13 4.181645e-14 1.648837e-14 6.408924e-15 2.455389e-15 9.271156e-16 3.449652e-16 1.264718e-16 4.568121e-17 1.625379e-17 5.696287e-18 1.966056e-18 6.682091e-19 2.236076e-19 7.366533e-20 2.388833e-20 7.624264e-21 2.394651e-21 7.400490e-22 2.250061e-22 6.729528e-23 1.979572e-23 5.726566e-24 1.628892e-24 4.555163e-25 1.252180e-25 3.383128e-26 8.982458e-27 2.343329e-27 6.005765e-28 1.511942e-28 3.738250e-29 9.076150e-30 2.163558e-30 5.062928e-31 1.162877e-31 2.621176e-32 5.797230e-33 1.257875e-33 2.677180e-34 5.588181e-35 1.143789e-35 2.295264e-36 4.515015e-37 8.704704e-38 1.644541e-38 3.044097e-39 5.519788e-40 9.803094e-41 1.704932e-41 2.903219e-42 4.839573e-43 7.896130e-44 1.260743e-44 1.969555e-45 3.009983e-46 4.499233e-47 6.576811e-48 9.399799e-49 1.313324e-49 1.793489e-50 2.393442e-51 3.120809e-52 3.975166e-53 4.945498e-54 6.008345e-55 7.127099e-56 8.252908e-57 9.327404e-58 1.028720e-58 1.106981e-59 1.162018e-60 1.189704e-61 1.187798e-62 1.156239e-63 1.097181e-64 1.014752e-65 9.145706e-67 8.031109e-68 6.870063e-69 5.723991e-70 4.644265e-71 3.668953e-72 2.821644e-73 2.112154e-74 1.538655e-75 1.090634e-76 7.520897e-78 5.044800e-79 
7.047299e-11 1.609400e-10 3.622170e-10 8.035168e-10 1.757108e-09 3.788215e-09 8.052995e-09 1.688185e-08 3.490391e-08 7.118210e-08 1.432056e-07 2.842435e-07 5.566859e-07 1.075885e-06 2.052123e-06 3.863382e-06 7.179636e-06 1.317197e-05 2.385912e-05 4.267312e-05 7.536870e-05 1.314629e-04 2.264797e-04 3.853953e-04 6.478450e-04 1.075868e-03 1.765242e-03 2.861813e-03 4.584610e-03 7.258051e-03 1.135599e-02 1.756096e-02 2.684224e-02 4.055697e-02 6.057820e-02 8.945373e-02 1.305985e-01 1.885214e-01 2.690861e-01 3.797989e-01 5.301164e-01 7.317563e-01 9.989901e-01 1.348890e+00 1.801492e+00 2.379847e+00 3.109890e+00 4.020118e+00 5.141002e+00 6.504126e+00 8.141013e+00 1.008166e+01 1.235277e+01 1.497580e+01 1.796480e+01 2.132430e+01 2.504721e+01 2.911307e+01 3.348666e+01 3.811725e+01 4.293852e+01 4.786939e+01 5.281567e+01 5.767265e+01 6.232856e+01 6.666861e+01 7.057962e+01 7.395490e+01 7.669899e+01 7.873220e+01 7.999437e+01 8.044787e+01 8.007946e+01 7.890087e+01 7.694824e+01 7.428029e+01 7.097534e+01 6.712757e+01 6.284259e+01 5.823262e+01 5.341174e+01 4.849128e+01 4.357577e+01 3.875951e+01 3.412401e+01 2.973629e+01 2.564804e+01 2.189563e+01 1.850082e+01 1.547211e+01 1.280637e+01 1.049092e+01 8.505599e+00 6.824828e+00 5.419576e+00 4.259086e+00 3.312343e+00 2.549244e+00 1.941485e+00 1.463158e+00 1.091117e+00 8.051212e-01 5.878246e-01 4.246360e-01 3.034968e-01 2.146072e-01 1.501315e-01 1.039010e-01 7.113315e-02 4.817374e-02 3.227131e-02 2.138317e-02 1.401384e-02 9.083465e-03 5.822838e-03 3.691349e-03 2.314092e-03 1.434493e-03 8.792561e-04 5.328528e-04 3.192635e-04 1.891107e-04 1.107342e-04 6.409433e-05 3.666925e-05 2.073486e-05 1.158745e-05 6.399310e-06 3.492261e-06 1.883119e-06 1.003263e-06 5.280629e-07 2.745728e-07 1.410252e-07 7.154336e-08 3.584595e-08 1.773673e-08 8.666290e-09 4.181019e-09 1.991511e-09 9.364756e-10 4.346946e-10 1.991619e-10 9.005795e-11 4.018745e-11 1.769577e-11 7.688056e-12 3.295250e-12 1.393289e-12 5.810720e-13 2.390064e-13 9.694687e-14 3.877538e-14 1.529075e-14 5.944344e-15 2.277890e-15 8.603308e-16 3.202227e-16 1.174470e-16 4.244074e-17 1.510857e-17 5.297977e-18 1.829741e-18 6.223113e-19 2.084057e-19 6.871308e-20 2.230187e-20 7.124561e-21 2.239920e-21 6.929570e-22 2.109214e-22 6.315622e-23 1.860085e-23 5.387778e-24 1.534567e-24 4.297334e-25 1.183006e-25 3.201006e-26 8.512042e-27 2.224152e-27 5.709709e-28 1.439848e-28 3.566205e-29 8.673945e-30 2.071479e-30 4.856575e-31 1.117628e-31 2.524141e-32 5.593834e-33 1.216230e-33 2.593949e-34 5.425958e-35 1.112986e-35 2.238356e-36 4.412892e-37 8.527064e-38 1.614674e-38 2.995756e-39 5.444904e-40 9.693096e-41 1.689853e-41 2.884527e-42 4.820198e-43 7.883958e-44 1.261936e-44 1.976370e-45 3.028036e-46 4.537736e-47 6.650073e-48 9.528971e-49 1.334815e-49 1.827574e-50 2.445288e-51 3.196758e-52 4.082596e-53 5.092524e-54 6.203293e-55 7.377798e-56 8.565828e-57 9.706728e-58 1.073397e-58 1.158122e-59 1.218930e-60 1.251286e-61 1.252598e-62 1.222552e-63 1.163184e-64 1.078646e-65 9.747287e-67 8.581994e-68 7.360678e-69 6.148918e-70 5.002159e-71 3.962061e-72 3.055045e-73 2.292848e-74 1.674645e-75 1.190118e-76 8.228255e-78 5.533589e-79 
6.531960e-11 1.492671e-10 3.361747e-10 7.462822e-10 1.633182e-09 3.523827e-09 7.497162e-09 1.573020e-08 3.255206e-08 6.644771e-08 1.338100e-07 2.658597e-07 5.212178e-07 1.008406e-06 1.925512e-06 3.629075e-06 6.751932e-06 1.240181e-05 2.249096e-05 4.027519e-05 7.122183e-05 1.243865e-04 2.145631e-04 3.655911e-04 6.153617e-04 1.023280e-03 1.681207e-03 2.729254e-03 4.378192e-03 6.940725e-03 1.087438e-02 1.683928e-02 2.577450e-02 3.899714e-02 5.832814e-02 8.624869e-02 1.260902e-01 1.822592e-01 2.604958e-01 3.681613e-01 5.145460e-01 7.111817e-01 9.721385e-01 1.314278e+00 1.757426e+00 2.324432e+00 3.041056e+00 3.935658e+00 5.038628e+00 6.381539e+00 7.995991e+00 9.912146e+00 1.215698e+01 1.475232e+01 1.771267e+01 2.104309e+01 2.473708e+01 2.877478e+01 3.312158e+01 3.772728e+01 4.252602e+01 4.743707e+01 5.236647e+01 5.720960e+01 6.185459e+01 6.618647e+01 7.009177e+01 7.346342e+01 7.620559e+01 7.823819e+01 7.950076e+01 7.995543e+01 7.958883e+01 7.841271e+01 7.646332e+01 7.379959e+01 7.050017e+01 6.665956e+01 6.238368e+01 5.778508e+01 5.297802e+01 4.807394e+01 4.317737e+01 3.838245e+01 3.377042e+01 2.940793e+01 2.534619e+01 2.162106e+01 1.825377e+01 1.525226e+01 1.261293e+01 1.032265e+01 8.360914e+00 6.701864e+00 5.316294e+00 4.173355e+00 3.242020e+00 2.492242e+00 1.895828e+00 1.427023e+00 1.062858e+00 7.832847e-01 5.711519e-01 4.120579e-01 2.941208e-01 2.077016e-01 1.451062e-01 1.002878e-01 6.856624e-02 4.637202e-02 3.102185e-02 2.052709e-02 1.343434e-02 8.695917e-03 5.566786e-03 3.524221e-03 2.206327e-03 1.365850e-03 8.360642e-04 5.060072e-04 3.027820e-04 1.791163e-04 1.047482e-04 6.055341e-05 3.460063e-05 1.954140e-05 1.090751e-05 6.016783e-06 3.279767e-06 1.766570e-06 9.401505e-07 4.943227e-07 2.567664e-07 1.317489e-07 6.677332e-08 3.342503e-08 1.652411e-08 8.066888e-09 3.888648e-09 1.850795e-09 8.696554e-10 4.033909e-10 1.846951e-10 8.346316e-11 3.722229e-11 1.638093e-11 7.113090e-12 3.047328e-12 1.287886e-12 5.368932e-13 2.207523e-13 8.951245e-14 3.579112e-14 1.411021e-14 5.484148e-15 2.101134e-15 7.934455e-16 2.952902e-16 1.082924e-16 3.913025e-17 1.392964e-17 4.884574e-18 1.687015e-18 5.738020e-19 1.921767e-19 6.336927e-20 2.057025e-20 6.572428e-21 2.066710e-21 6.395020e-22 1.946945e-22 5.831159e-23 1.717849e-23 4.977169e-24 1.418031e-24 3.972208e-25 1.093852e-25 2.960748e-26 7.875832e-27 2.058632e-27 5.286675e-28 1.333651e-28 3.304388e-29 8.040108e-30 1.920822e-30 4.505036e-31 1.037115e-31 2.343169e-32 5.194678e-33 1.129853e-33 2.410586e-34 5.044168e-35 1.035026e-35 2.082262e-36 4.106482e-37 7.937460e-38 1.503478e-38 2.790250e-39 5.072772e-40 9.032948e-41 1.575146e-41 2.689332e-42 4.494949e-43 7.353369e-44 1.177208e-44 1.843952e-45 2.825522e-46 4.234715e-47 6.206535e-48 8.893998e-49 1.245921e-49 1.705896e-50 2.282473e-51 2.983821e-52 3.810450e-53 4.752685e-54 5.788731e-55 6.883859e-56 7.991117e-57 9.053838e-58 1.000992e-58 1.079751e-59 1.136149e-60 1.165975e-61 1.166833e-62 1.138459e-63 1.082779e-64 1.003691e-65 9.066154e-67 7.978737e-68 6.840043e-69 5.711147e-70 4.643593e-71 3.676026e-72 2.832855e-73 2.124809e-74 1.550937e-75 1.101481e-76 7.610254e-78 5.114364e-79 
6.041590e-11 1.381722e-10 3.114450e-10 6.919757e-10 1.515672e-09 3.273255e-09 6.970571e-09 1.463941e-08 3.032474e-08 6.196402e-08 1.249109e-07 2.484436e-07 4.876060e-07 9.444315e-07 1.805415e-06 3.406692e-06 6.345719e-06 1.166979e-05 2.118950e-05 3.799210e-05 6.726979e-05 1.176357e-04 2.031828e-04 3.466570e-04 5.842697e-04 9.728839e-04 1.600576e-03 2.601905e-03 4.179630e-03 6.635078e-03 1.040988e-02 1.614230e-02 2.474191e-02 3.748663e-02 5.614625e-02 8.313656e-02 1.217068e-01 1.761622e-01 2.521210e-01 3.568009e-01 4.993270e-01 6.910461e-01 9.458279e-01 1.280323e+00 1.714147e+00 2.269946e+00 2.973304e+00 3.852441e+00 4.937664e+00 6.260534e+00 7.852721e+00 9.744553e+00 1.196328e+01 1.453108e+01 1.746293e+01 2.076443e+01 2.442966e+01 2.843937e+01 3.275953e+01 3.734051e+01 4.211692e+01 4.700837e+01 5.192112e+01 5.675062e+01 6.138494e+01 6.570890e+01 6.960872e+01 7.297697e+01 7.571740e+01 7.774954e+01 7.901259e+01 7.946846e+01 7.910365e+01 7.792990e+01 7.598362e+01 7.332394e+01 7.002982e+01 6.619611e+01 6.192909e+01 5.734158e+01 5.254808e+01 4.766015e+01 4.278228e+01 3.800849e+01 3.341975e+01 2.908230e+01 2.504692e+01 2.134891e+01 1.800898e+01 1.503453e+01 1.242145e+01 1.015620e+01 8.217887e+00 6.580404e+00 5.214361e+00 4.088820e+00 3.172744e+00 2.436147e+00 1.850946e+00 1.391541e+00 1.035142e+00 7.618930e-01 5.548390e-01 3.997666e-01 2.849705e-01 2.009711e-01 1.402147e-01 9.677542e-02 6.607438e-02 4.462534e-02 2.981220e-02 1.969941e-02 1.287482e-02 8.322232e-03 5.320219e-03 3.363494e-03 2.102823e-03 1.300003e-03 7.946825e-04 4.803172e-04 2.870281e-04 1.695737e-04 9.903884e-05 5.717948e-05 3.263144e-05 1.840631e-05 1.026133e-05 5.653527e-06 3.078111e-06 1.656031e-06 8.803216e-07 4.623507e-07 2.398981e-07 1.229630e-07 6.225593e-08 3.113229e-08 1.537554e-08 7.498993e-09 3.611534e-09 1.717352e-09 8.062460e-10 3.736607e-10 1.709421e-10 7.718665e-11 3.439658e-11 1.512608e-11 6.563456e-12 2.809897e-12 1.186740e-12 4.944050e-13 2.031546e-13 8.232660e-14 3.289851e-14 1.296244e-14 5.035273e-15 1.928126e-15 7.277356e-16 2.706991e-16 9.922549e-17 3.583691e-17 1.275133e-17 4.469350e-18 1.542917e-18 5.245598e-19 1.756085e-19 5.788125e-20 1.878082e-20 5.998157e-21 1.885337e-21 5.831344e-22 1.774587e-22 5.312683e-23 1.564436e-23 4.530714e-24 1.290264e-24 3.612686e-25 9.943930e-26 2.690282e-26 7.152944e-27 1.868760e-27 4.796652e-28 1.209406e-28 2.994941e-29 7.283149e-30 1.738988e-30 4.076168e-31 9.378130e-32 2.117481e-32 4.691287e-33 1.019677e-33 2.174008e-34 4.545851e-35 9.320801e-36 1.873712e-36 3.692253e-37 7.130921e-38 1.349559e-38 2.502399e-39 4.545326e-40 8.086170e-41 1.408689e-41 2.402740e-42 4.011825e-43 6.556094e-44 1.048432e-44 1.640405e-45 2.510736e-46 3.758490e-47 5.501884e-48 7.874412e-49 1.101682e-49 1.506429e-50 2.012881e-51 2.627767e-52 3.351026e-53 4.173622e-54 5.075930e-55 6.027091e-56 6.985736e-57 7.902264e-58 8.722655e-59 9.393481e-60 9.867527e-61 1.010921e-61 1.009897e-62 9.835834e-64 9.337790e-65 8.639729e-66 7.789401e-67 6.841969e-68 5.854057e-69 4.878178e-70 3.958310e-71 3.127092e-72 2.404794e-73 1.799906e-74 1.310948e-75 9.289984e-77 6.404253e-78 4.294152e-79 
5.576706e-11 1.276612e-10 2.880308e-10 6.405823e-10 1.404506e-09 3.036270e-09 6.472605e-09 1.360796e-08 2.821847e-08 5.772332e-08 1.164920e-07 2.319616e-07 4.557833e-07 8.838313e-07 1.691585e-06 3.195772e-06 5.960162e-06 1.097444e-05 1.995213e-05 3.581943e-05 6.350517e-05 1.111983e-04 1.923190e-04 3.285619e-04 5.545202e-04 9.246057e-04 1.523237e-03 2.479599e-03 3.988683e-03 6.340764e-03 9.962000e-03 1.546936e-02 2.374359e-02 3.602423e-02 5.403099e-02 8.011534e-02 1.174456e-01 1.702273e-01 2.439580e-01 3.457132e-01 4.844541e-01 6.713437e-01 9.200513e-01 1.247017e+00 1.671645e+00 2.216380e+00 2.906624e+00 3.770458e+00 4.838102e+00 6.141100e+00 7.711192e+00 9.578871e+00 1.177165e+01 1.431208e+01 1.721559e+01 2.048832e+01 2.412494e+01 2.810681e+01 3.240051e+01 3.695696e+01 4.171123e+01 4.658330e+01 5.147963e+01 5.629574e+01 6.091964e+01 6.523593e+01 6.913053e+01 7.249558e+01 7.523446e+01 7.726628e+01 7.852991e+01 7.898702e+01 7.862396e+01 7.745252e+01 7.550919e+01 7.285337e+01 6.956433e+01 6.573727e+01 6.147884e+01 5.690215e+01 5.212195e+01 4.724991e+01 4.239052e+01 3.763765e+01 3.307199e+01 2.875941e+01 2.475020e+01 2.107917e+01 1.776644e+01 1.481890e+01 1.223193e+01 9.991546e+00 8.076510e+00 6.460438e+00 5.113768e+00 4.005473e+00 3.104509e+00 2.380950e+00 1.806831e+00 1.356704e+00 1.007961e+00 7.409404e-01 5.388807e-01 3.877578e-01 2.760420e-01 1.944123e-01 1.354544e-01 9.336193e-02 6.365594e-02 4.293245e-02 2.864139e-02 1.889940e-02 1.233475e-02 7.962014e-03 5.082856e-03 3.208970e-03 2.003442e-03 1.236859e-03 7.550489e-04 4.557421e-04 2.719755e-04 1.604661e-04 9.359563e-05 5.396617e-05 3.075782e-05 1.732730e-05 9.647623e-06 5.308792e-06 2.886876e-06 1.551272e-06 8.236541e-07 4.320832e-07 2.239358e-07 1.146517e-07 5.798353e-08 2.896420e-08 1.428946e-08 6.961962e-09 3.349438e-09 1.591107e-09 7.462340e-10 3.455096e-10 1.579117e-10 7.123560e-11 3.171513e-11 1.393415e-11 6.040814e-12 2.583852e-12 1.090316e-12 4.538414e-13 1.863273e-13 7.544360e-14 3.012272e-14 1.185887e-14 4.602779e-15 1.761063e-15 6.641357e-16 2.468393e-16 9.040554e-17 3.262468e-17 1.159883e-17 4.062041e-18 1.401141e-18 4.759602e-19 1.592042e-19 5.242958e-20 1.699724e-20 5.423779e-21 1.703288e-21 5.263531e-22 1.600327e-22 4.786537e-23 1.408166e-23 4.074216e-24 1.159121e-24 3.242236e-25 8.915127e-26 2.409423e-26 6.399349e-27 1.670052e-27 4.281832e-28 1.078370e-28 2.667329e-29 6.478710e-30 1.545024e-30 3.616993e-31 8.311058e-32 1.874094e-32 4.146509e-33 9.000343e-34 1.916238e-34 4.001124e-35 8.191901e-36 1.644315e-36 3.235264e-37 6.238582e-38 1.178799e-38 2.182212e-39 3.957157e-40 7.027875e-41 1.222205e-41 2.080982e-42 3.468334e-43 5.657520e-44 9.030414e-45 1.410228e-45 2.154242e-46 3.218447e-47 4.701843e-48 6.715567e-49 9.375895e-50 1.279326e-50 1.705730e-51 2.221891e-52 2.827099e-53 3.513078e-54 4.262704e-55 5.049588e-56 5.838787e-57 6.588822e-58 7.254945e-59 7.793359e-60 8.165870e-61 8.344316e-62 8.314057e-63 8.075938e-64 7.646360e-65 7.055416e-66 6.343390e-67 5.556178e-68 4.740373e-69 3.938732e-70 3.186651e-71 2.510000e-72 1.924428e-73 1.435975e-74 1.042649e-75 7.365547e-77 5.061486e-78 3.382894e-79 
5.137470e-11 1.177338e-10 2.659223e-10 5.920642e-10 1.299570e-09 2.812571e-09 6.002529e-09 1.263413e-08 2.622943e-08 5.371745e-08 1.085363e-07 2.163793e-07 4.256818e-07 8.264744e-07 1.583776e-06 2.995861e-06 5.594435e-06 1.031428e-05 1.877633e-05 3.375285e-05 5.992071e-05 1.050624e-04 1.819525e-04 3.112749e-04 5.260656e-04 8.783719e-04 1.449079e-03 2.362173e-03 3.805116e-03 6.057447e-03 9.530275e-03 1.481981e-02 2.277863e-02 3.460877e-02 5.198081e-02 7.718304e-02 1.133042e-01 1.644513e-01 2.360030e-01 3.348938e-01 4.699221e-01 6.520682e-01 8.948019e-01 1.214354e+00 1.629914e+00 2.163724e+00 2.841007e+00 3.689699e+00 4.739931e+00 6.023228e+00 7.571396e+00 9.415089e+00 1.158209e+01 1.409530e+01 1.697063e+01 2.021475e+01 2.382291e+01 2.777711e+01 3.204452e+01 3.657662e+01 4.130895e+01 4.616185e+01 5.104200e+01 5.584498e+01 6.045872e+01 6.476760e+01 6.865721e+01 7.201931e+01 7.475682e+01 7.678847e+01 7.805278e+01 7.851116e+01 7.814984e+01 7.698060e+01 7.504008e+01 7.238794e+01 6.910374e+01 6.528308e+01 6.103295e+01 5.646682e+01 5.169964e+01 4.684324e+01 4.200208e+01 3.726990e+01 3.272713e+01 2.843924e+01 2.445604e+01 2.081182e+01 1.752615e+01 1.460536e+01 1.204435e+01 9.828688e+00 7.936773e+00 6.341959e+00 5.014507e+00 3.923306e+00 3.037306e+00 2.326645e+00 1.763475e+00 1.322506e+00 9.813107e-01 7.204212e-01 5.232721e-01 3.760272e-01 2.673317e-01 1.880224e-01 1.308229e-01 9.004524e-02 6.130931e-02 4.129207e-02 2.750847e-02 1.812634e-02 1.181357e-02 7.614877e-03 4.854420e-03 3.060455e-03 1.908050e-03 1.176328e-03 7.171026e-04 4.322420e-04 2.575984e-04 1.517772e-04 8.840843e-05 5.090724e-05 2.897602e-05 1.630216e-05 9.065074e-06 4.981839e-06 2.705648e-06 1.452067e-06 7.700258e-07 4.034558e-07 2.088462e-07 1.067983e-07 5.394799e-08 2.691689e-08 1.326410e-08 6.455019e-09 3.102039e-09 1.471936e-09 6.895782e-10 3.189274e-10 1.456040e-10 6.561249e-11 2.918030e-11 1.280678e-11 5.546173e-12 2.369768e-12 9.989225e-13 4.153607e-13 1.703491e-13 6.890132e-14 2.748148e-14 1.080758e-14 4.190275e-15 1.601519e-15 6.033171e-16 2.239912e-16 8.194748e-17 2.953969e-17 1.049029e-17 3.669660e-18 1.264344e-18 4.289919e-19 1.433246e-19 4.714361e-20 1.526500e-20 4.865010e-21 1.525893e-21 4.709318e-22 1.429961e-22 4.271316e-23 1.254897e-23 3.625778e-24 1.030095e-24 2.877221e-25 7.899944e-26 2.131891e-26 5.653673e-27 1.473177e-27 3.771130e-28 9.482283e-29 2.341594e-29 5.678056e-30 1.351787e-30 3.159136e-31 7.246200e-32 1.631038e-32 3.602127e-33 7.804126e-34 1.658396e-34 3.456045e-35 7.061959e-36 1.414663e-36 2.777729e-37 5.345180e-38 1.007851e-38 1.861736e-39 3.368628e-40 5.969337e-41 1.035768e-41 1.759488e-42 2.925650e-43 4.760960e-44 7.581000e-45 1.180978e-45 1.799551e-46 2.681738e-47 3.907703e-48 5.566762e-49 7.751437e-50 1.054831e-50 1.402579e-51 1.821956e-52 2.311728e-53 2.864486e-54 3.465692e-55 4.093443e-56 4.719172e-57 5.309377e-58 5.828337e-59 6.241542e-60 6.519410e-61 6.640746e-62 6.595400e-63 6.385644e-64 6.026031e-65 5.541732e-66 4.965599e-67 4.334458e-68 3.685194e-69 3.051225e-70 2.459817e-71 1.930514e-72 1.474729e-73 1.096348e-74 7.930687e-76 5.581213e-77 3.820604e-78 2.543620e-79 
4.723761e-11 1.083838e-10 2.450999e-10 5.463655e-10 1.200720e-09 2.601807e-09 5.559523e-09 1.171610e-08 2.435364e-08 4.993802e-08 1.010265e-07 2.016621e-07 3.972339e-07 7.722312e-07 1.481743e-06 2.806510e-06 5.247732e-06 9.687897e-06 1.765960e-05 3.178812e-05 5.650931e-05 9.921638e-05 1.720644e-04 2.947664e-04 4.988591e-04 8.341111e-04 1.377995e-03 2.249469e-03 3.628695e-03 5.784795e-03 9.114236e-03 1.419300e-02 2.184618e-02 3.323910e-02 4.999418e-02 7.433773e-02 1.092801e-01 1.588313e-01 2.282523e-01 3.243381e-01 4.557258e-01 6.332138e-01 8.700731e-01 1.182324e+00 1.588945e+00 2.111972e+00 2.776445e+00 3.610155e+00 4.643141e+00 5.906907e+00 7.433321e+00 9.253199e+00 1.139458e+01 1.388074e+01 1.672805e+01 1.994370e+01 2.352357e+01 2.745026e+01 3.169156e+01 3.619949e+01 4.091009e+01 4.574404e+01 5.060824e+01 5.539836e+01 6.000220e+01 6.430394e+01 6.818882e+01 7.154819e+01 7.428454e+01 7.631618e+01 7.758126e+01 7.804094e+01 7.768133e+01 7.651421e+01 7.457636e+01 7.192768e+01 6.864809e+01 6.483356e+01 6.059147e+01 5.603560e+01 5.128118e+01 4.644015e+01 4.161698e+01 3.690527e+01 3.238518e+01 2.812178e+01 2.416443e+01 2.054686e+01 1.728810e+01 1.439392e+01 1.185871e+01 9.667616e+00 7.798669e+00 6.224957e+00 4.916568e+00 3.842309e+00 2.971126e+00 2.273223e+00 1.720871e+00 1.288940e+00 9.551836e-01 7.003297e-01 5.080081e-01 3.645704e-01 2.588360e-01 1.817981e-01 1.263177e-01 8.682336e-02 5.903289e-02 3.970297e-02 2.641248e-02 1.737951e-02 1.131078e-02 7.280441e-03 4.634640e-03 2.917759e-03 1.816516e-03 1.118320e-03 6.807844e-04 4.097780e-04 2.438717e-04 1.434912e-04 8.346730e-05 4.799659e-05 2.728237e-05 1.532870e-05 8.512423e-06 4.671945e-06 2.534020e-06 1.358191e-06 7.193156e-07 3.764043e-07 1.945960e-07 9.938581e-08 5.014089e-08 2.498630e-08 1.229754e-08 5.977295e-09 2.868953e-09 1.359679e-09 6.362157e-10 2.938916e-10 1.340121e-10 6.031612e-11 2.679245e-11 1.174459e-11 5.080025e-12 2.167959e-12 9.127412e-13 3.790612e-13 1.552704e-13 6.272452e-14 2.498658e-14 9.814026e-15 3.800216e-15 1.450571e-15 5.457416e-16 2.023487e-16 7.393084e-17 2.661391e-17 9.438325e-18 3.297077e-18 1.134371e-18 3.843404e-19 1.282198e-19 4.211276e-20 1.361550e-20 4.332667e-21 1.356810e-21 4.180848e-22 1.267448e-22 3.779674e-23 1.108600e-23 3.197636e-24 9.068869e-25 2.528617e-25 6.930339e-26 1.866818e-26 4.941514e-27 1.285175e-27 3.283538e-28 8.240090e-29 2.030787e-29 4.914404e-30 1.167569e-30 2.722893e-31 6.232250e-32 1.399765e-32 3.084545e-33 6.667783e-34 1.413691e-34 2.939264e-35 5.991852e-36 1.197428e-36 2.345472e-37 4.502256e-38 8.467892e-39 1.560240e-39 2.815813e-40 4.976656e-41 8.612271e-42 1.459044e-42 2.419436e-43 3.926258e-44 6.234276e-45 9.684102e-46 1.471370e-46 2.186236e-47 3.176197e-48 4.511032e-49 6.262174e-50 8.495275e-51 1.126044e-51 1.458079e-52 1.844069e-53 2.277538e-54 2.746432e-55 3.233025e-56 3.714570e-57 4.164758e-58 4.555911e-59 4.861693e-60 5.059989e-61 5.135519e-62 5.081769e-63 4.901905e-64 4.608482e-65 4.221998e-66 3.768511e-67 3.276709e-68 2.774902e-69 2.288361e-70 1.837363e-71 1.436102e-72 1.092505e-73 8.087915e-75 5.825774e-76 4.082290e-77 2.782384e-78 1.844269e-79 
4.335233e-11 9.960105e-11 2.255360e-10 5.034165e-10 1.107787e-09 2.403584e-09 5.142704e-09 1.085193e-08 2.258700e-08 4.637648e-08 9.394529e-08 1.877757e-07 3.703725e-07 7.209741e-07 1.385248e-06 2.627283e-06 4.919266e-06 9.093891e-06 1.659953e-05 2.992114e-05 5.326410e-05 9.364887e-05 1.626364e-04 2.790071e-04 4.728555e-04 7.917537e-04 1.309880e-03 2.141329e-03 3.459194e-03 5.522482e-03 8.713426e-03 1.358830e-02 2.094537e-02 3.191406e-02 4.806962e-02 7.157745e-02 1.053708e-01 1.533642e-01 2.207021e-01 3.140418e-01 4.418599e-01 6.147744e-01 8.458579e-01 1.150921e+00 1.548729e+00 2.061113e+00 2.712927e+00 3.531816e+00 4.547723e+00 5.792129e+00 7.296960e+00 9.093189e+00 1.120912e+01 1.366839e+01 1.648783e+01 1.967518e+01 2.322691e+01 2.712625e+01 3.134161e+01 3.582556e+01 4.051464e+01 4.532987e+01 5.017838e+01 5.495588e+01 5.955011e+01 6.384497e+01 6.772539e+01 7.108228e+01 7.381767e+01 7.584945e+01 7.711541e+01 7.757643e+01 7.721850e+01 7.605341e+01 7.411807e+01 7.147266e+01 6.819743e+01 6.438876e+01 6.015441e+01 5.560852e+01 5.086657e+01 4.604064e+01 4.123521e+01 3.654375e+01 3.204613e+01 2.780705e+01 2.387537e+01 2.028429e+01 1.705228e+01 1.418455e+01 1.167500e+01 9.508322e+00 7.662189e+00 6.109424e+00 4.819944e+00 3.762474e+00 2.905961e+00 2.220676e+00 1.679012e+00 1.255998e+00 9.295737e-01 6.806604e-01 4.930838e-01 3.533831e-01 2.505510e-01 1.757365e-01 1.219361e-01 8.369426e-02 5.682510e-02 3.816392e-02 2.535248e-02 1.665822e-02 1.082585e-02 6.958333e-03 4.423249e-03 2.780695e-03 1.728712e-03 1.062749e-03 6.460364e-04 3.883123e-04 2.307712e-04 1.355925e-04 7.876260e-05 4.522832e-05 2.567330e-05 1.440482e-05 7.988437e-06 4.378402e-06 2.371595e-06 1.269425e-06 6.714040e-07 3.508650e-07 1.811519e-07 9.239722e-08 4.655367e-08 2.316822e-08 1.138778e-08 5.527846e-09 2.649754e-09 1.254149e-09 5.860668e-10 2.703702e-10 1.231241e-10 5.534230e-11 2.455040e-11 1.074740e-11 4.642443e-12 1.978531e-12 8.318520e-13 3.449918e-13 1.411183e-13 5.692738e-14 2.264502e-14 8.881535e-15 3.434125e-15 1.308897e-15 4.917039e-16 1.820362e-16 6.640704e-17 2.386812e-17 8.451138e-18 2.947468e-18 1.012427e-18 3.424537e-19 1.140528e-19 3.739535e-20 1.206918e-20 3.833780e-21 1.198410e-21 3.685970e-22 1.115334e-22 3.319730e-23 9.718136e-24 2.797579e-24 7.918395e-25 2.203349e-25 6.026371e-26 1.619905e-26 4.278767e-27 1.110393e-27 2.830719e-28 7.087798e-29 1.742821e-29 4.207774e-30 9.973359e-31 2.320334e-31 5.297974e-32 1.186995e-32 2.609139e-33 5.625789e-34 1.189696e-34 2.467077e-35 5.015928e-36 9.996980e-37 1.952819e-37 3.738155e-38 7.011011e-39 1.288124e-39 2.318003e-40 4.084832e-41 7.047957e-42 1.190434e-42 1.967999e-43 3.183797e-44 5.039537e-45 7.803402e-46 1.181812e-46 1.750279e-47 2.534446e-48 3.587553e-49 4.963358e-50 6.710229e-51 8.863510e-52 1.143676e-52 1.441290e-53 1.773669e-54 2.131028e-55 2.499326e-56 2.860857e-57 3.195442e-58 3.482170e-59 3.701479e-60 3.837335e-61 3.879145e-62 3.823113e-63 3.672793e-64 3.438724e-65 3.137211e-66 2.788430e-67 2.414183e-68 2.035634e-69 1.671375e-70 1.336038e-71 1.039586e-72 7.872750e-74 5.801551e-75 4.159506e-76 2.901004e-77 1.967858e-78 1.298100e-79 
3.971360e-11 9.137198e-11 2.071968e-10 4.631364e-10 1.020584e-09 2.217481e-09 4.751142e-09 1.003963e-08 2.092531e-08 4.302423e-08 8.727541e-08 1.746859e-07 3.450316e-07 6.725776e-07 1.294059e-06 2.457752e-06 4.608270e-06 8.530914e-06 1.559379e-05 2.814791e-05 5.017840e-05 8.834889e-05 1.536508e-04 2.639689e-04 4.480106e-04 7.512319e-04 1.244633e-03 2.037604e-03 3.296392e-03 5.270193e-03 8.327399e-03 1.300509e-02 2.007536e-02 3.063253e-02 4.620563e-02 6.890031e-02 1.015740e-01 1.480469e-01 2.133489e-01 3.040004e-01 4.283194e-01 5.967440e-01 8.221496e-01 1.120137e+00 1.509259e+00 2.011138e+00 2.650445e+00 3.454672e+00 4.453667e+00 5.678881e+00 7.162300e+00 8.935051e+00 1.102569e+01 1.345824e+01 1.624997e+01 1.940918e+01 2.293293e+01 2.680509e+01 3.099467e+01 3.545485e+01 4.012261e+01 4.491935e+01 4.975242e+01 5.451758e+01 5.910246e+01 6.339074e+01 6.726696e+01 7.062161e+01 7.335626e+01 7.538834e+01 7.665528e+01 7.711769e+01 7.676142e+01 7.559825e+01 7.366527e+01 7.102291e+01 6.775180e+01 6.394871e+01 5.972181e+01 5.518560e+01 5.045582e+01 4.564472e+01 4.085679e+01 3.618534e+01 3.170998e+01 2.749503e+01 2.358885e+01 2.002410e+01 1.681868e+01 1.397726e+01 1.149322e+01 9.350797e+00 7.527324e+00 5.995351e+00 4.724626e+00 3.683794e+00 2.841803e+00 2.168997e+00 1.637890e+00 1.223675e+00 9.044746e-01 6.614074e-01 4.784942e-01 3.424610e-01 2.424734e-01 1.698345e-01 1.176758e-01 8.065598e-02 5.468437e-02 3.667372e-02 2.432757e-02 1.596178e-02 1.035828e-02 6.648186e-03 4.219990e-03 2.649082e-03 1.644514e-03 1.009530e-03 6.128025e-04 3.678081e-04 2.182730e-04 1.280661e-04 7.428497e-05 4.259668e-05 2.414536e-05 1.352846e-05 7.491917e-06 4.100524e-06 2.217985e-06 1.185552e-06 6.261736e-07 3.267751e-07 1.684808e-07 8.581544e-08 4.317768e-08 2.145836e-08 1.053271e-08 5.105677e-09 2.443978e-09 1.155135e-09 5.390384e-10 2.483231e-10 1.129232e-10 5.068445e-11 2.245167e-11 9.814326e-12 4.233162e-12 1.801424e-12 7.562523e-13 3.131625e-13 1.279018e-13 5.151555e-14 2.045997e-14 8.011721e-15 3.092785e-15 1.176860e-15 4.413652e-16 1.631234e-16 5.940534e-17 2.131428e-17 7.533496e-18 2.622691e-18 8.992193e-19 3.035951e-19 1.009198e-19 3.302572e-20 1.063808e-20 3.372476e-21 1.052082e-21 3.229265e-22 9.751020e-23 2.896186e-23 8.459997e-24 2.430066e-24 6.862875e-25 1.905329e-25 5.199300e-26 1.394329e-26 3.674220e-27 9.512139e-28 2.419007e-28 6.041917e-29 1.481913e-29 3.568723e-30 8.436764e-31 1.957684e-31 4.458027e-32 9.961073e-33 2.183544e-33 4.695035e-34 9.900682e-35 2.047239e-35 4.150274e-36 8.247393e-37 1.606257e-37 3.065476e-38 5.731805e-39 1.049835e-39 1.883268e-40 3.308181e-41 5.689543e-42 9.578566e-43 1.578275e-43 2.544765e-44 4.014384e-45 6.194691e-46 9.349166e-47 1.379753e-47 1.990801e-48 2.807855e-49 3.870474e-50 5.213371e-51 6.860566e-52 8.818817e-53 1.107112e-53 1.357143e-54 1.624181e-55 1.897318e-56 2.163038e-57 2.406184e-58 2.611297e-59 2.764195e-60 2.853569e-61 2.872355e-62 2.818645e-63 2.695991e-64 2.513017e-65 2.282417e-66 2.019486e-67 1.740435e-68 1.460731e-69 1.193722e-70 9.496914e-72 7.354183e-73 5.542243e-74 4.064090e-75 2.899317e-76 2.011923e-77 1.357812e-78 8.910684e-80 
3.631467e-11 8.368019e-11 1.900436e-10 4.254356e-10 9.389085e-10 2.043051e-09 4.383874e-09 9.277152e-09 1.936435e-08 3.987267e-08 8.099963e-08 1.623589e-07 3.211465e-07 6.269192e-07 1.207946e-06 2.297502e-06 4.314000e-06 7.997654e-06 1.464011e-05 2.646457e-05 4.724575e-05 8.330581e-05 1.450903e-04 2.496243e-04 4.242816e-04 7.124800e-04 1.182152e-03 1.938144e-03 3.140073e-03 5.027615e-03 7.955716e-03 1.244277e-02 1.923532e-02 2.939339e-02 4.440075e-02 6.630441e-02 9.788728e-02 1.428766e-01 2.061890e-01 2.942095e-01 4.150990e-01 5.791167e-01 7.989415e-01 1.089965e+00 1.470526e+00 1.962040e+00 2.588989e+00 3.378714e+00 4.360963e+00 5.567156e+00 7.029333e+00 8.778774e+00 1.084430e+01 1.325028e+01 1.601446e+01 1.914567e+01 2.264161e+01 2.648675e+01 3.065075e+01 3.508733e+01 3.973399e+01 4.451249e+01 4.933037e+01 5.408347e+01 5.865929e+01 6.294127e+01 6.681357e+01 7.016624e+01 7.290036e+01 7.493292e+01 7.620095e+01 7.666478e+01 7.631013e+01 7.514880e+01 7.321802e+01 7.057850e+01 6.731125e+01 6.351345e+01 5.929370e+01 5.476686e+01 5.004897e+01 4.525241e+01 4.048171e+01 3.583004e+01 3.137674e+01 2.718572e+01 2.330486e+01 1.976628e+01 1.658730e+01 1.377203e+01 1.131334e+01 9.195031e+00 7.394064e+00 5.882729e+00 4.630604e+00 3.606258e+00 2.778644e+00 2.118176e+00 1.597498e+00 1.191962e+00 8.798800e-01 6.425652e-01 4.642343e-01 3.318000e-01 2.345993e-01 1.640892e-01 1.135343e-01 7.770656e-02 5.260918e-02 3.523117e-02 2.333684e-02 1.528951e-02 9.907579e-03 6.349644e-03 4.024606e-03 2.522744e-03 1.563799e-03 9.585810e-04 5.810281e-04 3.482296e-04 2.063541e-04 1.208975e-04 7.002534e-05 4.009612e-05 2.269517e-05 1.269763e-05 7.021700e-06 3.837642e-06 2.072811e-06 1.106364e-06 5.835095e-07 3.040727e-07 1.565501e-07 7.962350e-08 4.000427e-08 1.985237e-08 9.730211e-09 4.709753e-09 2.251133e-09 1.062409e-09 4.950268e-10 2.277041e-10 1.033894e-10 4.633406e-11 2.049275e-11 8.943977e-12 3.851642e-12 1.636438e-12 6.858735e-13 2.835512e-13 1.156148e-13 4.648787e-14 1.843149e-14 7.204846e-15 2.776391e-15 1.054571e-15 3.947822e-16 1.456370e-16 5.293758e-17 1.895744e-17 6.687482e-18 2.323576e-18 7.950696e-19 2.678861e-19 8.886557e-20 2.901995e-20 9.327817e-21 2.950691e-21 9.184747e-22 2.812867e-22 8.474386e-23 2.511203e-23 7.318250e-24 2.097109e-24 5.908257e-25 1.636280e-25 4.454008e-26 1.191444e-26 3.131553e-27 8.086167e-28 2.050951e-28 5.108929e-29 1.249679e-29 3.001183e-30 7.075265e-31 1.637117e-31 3.717351e-32 8.281967e-33 1.810126e-33 3.880503e-34 8.158295e-35 1.681786e-35 3.398827e-36 6.732892e-37 1.307119e-37 2.486539e-38 4.634129e-39 8.459780e-40 1.512493e-40 2.647863e-41 4.538267e-42 7.613793e-43 1.250122e-43 2.008482e-44 3.156971e-45 4.853819e-46 7.298435e-47 1.073079e-47 1.542453e-48 2.167168e-49 2.975746e-50 3.992490e-51 5.233092e-52 6.699790e-53 8.376721e-54 1.022630e-54 1.218756e-55 1.417718e-56 1.609385e-57 1.782579e-58 1.926096e-59 2.029876e-60 2.086151e-61 2.090398e-62 2.041933e-63 1.944045e-64 1.803625e-65 1.630364e-66 1.435639e-67 1.231266e-68 1.028322e-69 8.361840e-71 6.619046e-72 5.099594e-73 3.823393e-74 2.789089e-75 1.979264e-76 1.366159e-77 9.170313e-79 5.985248e-80 
3.314769e-11 7.650720e-11 1.740338e-10 3.902180e-10 8.625479e-10 1.879833e-09 4.039914e-09 8.562440e-09 1.789986e-08 3.691320e-08 7.510092e-08 1.507616e-07 2.986534e-07 5.838792e-07 1.126689e-06 2.146130e-06 4.035734e-06 7.492838e-06 1.373627e-05 2.486737e-05 4.445986e-05 7.850930e-05 1.369383e-04 2.359469e-04 4.016269e-04 6.754337e-04 1.122342e-03 1.842806e-03 2.990026e-03 4.794447e-03 7.597949e-03 1.190073e-02 1.842444e-02 2.819557e-02 4.265357e-02 6.378791e-02 9.430821e-02 1.378502e-01 1.992187e-01 2.846650e-01 4.021936e-01 5.618866e-01 7.762268e-01 1.060397e+00 1.432522e+00 1.913808e+00 2.528549e+00 3.303932e+00 4.269600e+00 5.456941e+00 6.898047e+00 8.624348e+00 1.066492e+01 1.304449e+01 1.578128e+01 1.888467e+01 2.235294e+01 2.617124e+01 3.030983e+01 3.472302e+01 3.934880e+01 4.410929e+01 4.891225e+01 5.365356e+01 5.822062e+01 6.249659e+01 6.636526e+01 6.971621e+01 7.245003e+01 7.448324e+01 7.575246e+01 7.621777e+01 7.586472e+01 7.470511e+01 7.277637e+01 7.013947e+01 6.687581e+01 6.308302e+01 5.887010e+01 5.435232e+01 4.964601e+01 4.486372e+01 4.010998e+01 3.547785e+01 3.104639e+01 2.687911e+01 2.302340e+01 1.951082e+01 1.635812e+01 1.356885e+01 1.113537e+01 9.041017e+00 7.262402e+00 5.771550e+00 4.537871e+00 3.529859e+00 2.716475e+00 2.068208e+00 1.557828e+00 1.160854e+00 8.557837e-01 6.241282e-01 4.502992e-01 3.213956e-01 2.269253e-01 1.584976e-01 1.095092e-01 7.484407e-02 5.059800e-02 3.383511e-02 2.237940e-02 1.464075e-02 9.473256e-03 6.062357e-03 3.836852e-03 2.401506e-03 1.486450e-03 9.098222e-04 5.506599e-04 3.295421e-04 1.949923e-04 1.140726e-04 6.597492e-05 3.772124e-05 2.131950e-05 1.191039e-05 6.576658e-06 3.589106e-06 1.935706e-06 1.031655e-06 5.432995e-07 2.826973e-07 1.453276e-07 7.380460e-08 3.702478e-08 1.834589e-08 8.978098e-09 4.339014e-09 2.070711e-09 9.757295e-10 4.539202e-10 2.084625e-10 9.449993e-11 4.228113e-11 1.866933e-11 8.134530e-12 3.497129e-12 1.483267e-12 6.205941e-13 2.561111e-13 1.042395e-13 4.183783e-14 1.655727e-14 6.460105e-15 2.484675e-15 9.419464e-16 3.519298e-16 1.295702e-16 4.700224e-17 1.679737e-17 5.913130e-18 2.050173e-18 7.000080e-19 2.353410e-19 7.789609e-20 2.538040e-20 8.139284e-21 2.568733e-21 7.976935e-22 2.437116e-22 7.324491e-23 2.165098e-23 6.293810e-24 1.798962e-24 5.055205e-25 1.396366e-25 3.790867e-26 1.011325e-26 2.650880e-27 6.826051e-28 1.726482e-28 4.288446e-29 1.045960e-29 2.504601e-30 5.887101e-31 1.358107e-31 3.074441e-32 6.828533e-33 1.487807e-33 3.179451e-34 6.663039e-35 1.369099e-35 2.757824e-36 5.444960e-37 1.053527e-37 1.997308e-38 3.709532e-39 6.748275e-40 1.202240e-40 2.097194e-41 3.581457e-42 5.986574e-43 9.793054e-44 1.567482e-44 2.454452e-45 3.759216e-46 5.630581e-47 8.246029e-48 1.180577e-48 1.652053e-49 2.259204e-50 3.018636e-51 3.940137e-52 5.023180e-53 6.253666e-54 7.601522e-55 9.019817e-56 1.044594e-56 1.180516e-57 1.301643e-58 1.400003e-59 1.468606e-60 1.502252e-61 1.498176e-62 1.456426e-63 1.379880e-64 1.273928e-65 1.145834e-66 1.003910e-67 8.566213e-69 7.117496e-70 5.757510e-71 4.533528e-72 3.474222e-73 2.590745e-74 1.879594e-75 1.326489e-76 9.104806e-78 6.077073e-79 3.943705e-80 
3.020388e-11 6.983288e-11 1.591219e-10 3.573829e-10 7.912819e-10 1.727352e-09 3.718264e-09 7.893418e-09 1.652763e-08 3.413735e-08 6.956252e-08 1.398615e-07 2.774901e-07 5.433406e-07 1.050072e-06 2.003242e-06 3.772769e-06 7.015234e-06 1.288015e-05 2.335268e-05 4.181468e-05 7.394937e-05 1.291785e-04 2.229108e-04 3.800061e-04 6.400311e-04 1.065108e-03 1.751449e-03 2.846046e-03 4.570392e-03 7.253679e-03 1.137840e-02 1.764192e-02 2.703798e-02 4.096265e-02 6.134896e-02 9.083450e-02 1.329649e-01 1.924345e-01 2.753623e-01 3.895982e-01 5.450477e-01 7.539988e-01 1.031426e+00 1.395238e+00 1.866435e+00 2.469117e+00 3.230315e+00 4.179568e+00 5.348227e+00 6.768433e+00 8.471762e+00 1.048754e+01 1.284087e+01 1.555043e+01 1.862615e+01 2.206693e+01 2.585854e+01 2.997190e+01 3.436191e+01 3.896702e+01 4.370975e+01 4.849806e+01 5.322787e+01 5.778647e+01 6.205674e+01 6.592207e+01 6.927157e+01 7.200532e+01 7.403935e+01 7.530990e+01 7.577672e+01 7.542523e+01 7.426726e+01 7.234038e+01 6.970587e+01 6.644554e+01 6.265744e+01 5.845105e+01 5.394201e+01 4.924697e+01 4.447864e+01 3.974160e+01 3.512877e+01 3.071893e+01 2.657519e+01 2.274446e+01 1.925772e+01 1.613114e+01 1.336773e+01 1.095929e+01 8.888745e+00 7.132328e+00 5.661803e+00 4.446416e+00 3.454587e+00 2.655287e+00 2.019082e+00 1.518872e+00 1.130342e+00 8.321792e-01 6.060907e-01 4.366841e-01 3.112438e-01 2.194478e-01 1.530567e-01 1.055981e-01 7.206661e-02 4.864934e-02 3.248438e-02 2.145438e-02 1.401486e-02 9.054837e-03 5.785984e-03 3.656485e-03 2.285201e-03 1.412350e-03 8.631756e-04 5.216465e-04 3.117119e-04 1.841660e-04 1.075776e-04 6.212519e-05 3.546682e-05 2.001520e-05 1.116488e-05 6.155696e-06 3.354287e-06 1.806314e-06 9.612255e-07 5.054340e-07 2.625897e-07 1.347816e-07 6.834216e-08 3.423067e-08 1.693455e-08 8.274192e-09 3.992383e-09 1.902189e-09 8.948475e-10 4.156012e-10 1.905435e-10 8.622995e-11 3.851449e-11 1.697647e-11 7.383833e-12 3.168700e-12 1.341522e-12 5.602522e-13 2.307756e-13 9.374908e-14 3.755475e-14 1.483311e-14 5.775877e-15 2.217018e-15 8.387518e-16 3.127209e-16 1.148908e-16 4.158760e-17 1.482986e-17 5.208936e-18 1.801950e-18 6.138481e-19 2.058950e-19 6.798904e-20 2.209943e-20 7.069892e-21 2.225736e-21 6.894503e-22 2.101065e-22 6.298266e-23 1.856886e-23 5.383556e-24 1.534650e-24 4.300722e-25 1.184679e-25 3.207173e-26 8.531794e-27 2.229917e-27 5.725328e-28 1.443804e-28 3.575566e-29 8.694434e-30 2.075531e-30 4.863393e-31 1.118412e-31 2.523752e-32 5.587311e-33 1.213387e-33 2.584430e-34 5.397925e-35 1.105384e-35 2.218967e-36 4.365829e-37 8.417572e-38 1.590147e-38 2.942682e-39 5.333721e-40 9.467231e-41 1.645303e-41 2.799128e-42 4.660987e-43 7.595116e-44 1.210921e-44 1.888620e-45 2.881004e-46 4.297698e-47 6.268201e-48 8.936902e-49 1.245346e-49 1.695795e-50 2.256104e-51 2.932028e-52 3.721535e-53 4.612561e-54 5.581482e-55 6.592730e-56 7.599950e-57 8.548836e-58 9.381565e-59 1.004239e-59 1.048367e-60 1.067152e-61 1.059003e-62 1.024350e-63 9.656095e-65 8.869093e-66 7.936046e-67 6.916707e-68 5.870679e-69 4.851708e-70 3.903397e-71 3.056730e-72 2.329502e-73 1.727374e-74 1.246101e-75 8.743615e-77 5.966601e-78 3.959039e-79 2.553927e-80 
2.747384e-11 6.363592e-11 1.452605e-10 3.268257e-10 7.248849e-10 1.585130e-09 3.417918e-09 7.268015e-09 1.524343e-08 3.153671e-08 6.436794e-08 1.296265e-07 2.575961e-07 5.051898e-07 9.778840e-07 1.868460e-06 3.524428e-06 6.563648e-06 1.206968e-05 2.191700e-05 3.930432e-05 6.961635e-05 1.217953e-04 2.104911e-04 3.593801e-04 6.062116e-04 1.010358e-03 1.663937e-03 2.707931e-03 4.355161e-03 6.922496e-03 1.087521e-02 1.688698e-02 2.591958e-02 3.932661e-02 5.898576e-02 8.746385e-02 1.282178e-01 1.858328e-01 2.662973e-01 3.773076e-01 5.285942e-01 7.322508e-01 1.003043e+00 1.358667e+00 1.819910e+00 2.410683e+00 3.157855e+00 4.090858e+00 5.241004e+00 6.640479e+00 8.321005e+00 1.031216e+01 1.263941e+01 1.532189e+01 1.837010e+01 2.178355e+01 2.554865e+01 2.963697e+01 3.400399e+01 3.858867e+01 4.331388e+01 4.808781e+01 5.280642e+01 5.735687e+01 6.162175e+01 6.548405e+01 6.883237e+01 7.156629e+01 7.360133e+01 7.487331e+01 7.534169e+01 7.499174e+01 7.383530e+01 7.191011e+01 6.927777e+01 6.602048e+01 6.223677e+01 5.803657e+01 5.353595e+01 4.885186e+01 4.409720e+01 3.937658e+01 3.478280e+01 3.039436e+01 2.627397e+01 2.246803e+01 1.900696e+01 1.590635e+01 1.316863e+01 1.078510e+01 8.738206e+00 7.003833e+00 5.553481e+00 4.356232e+00 3.380435e+00 2.595073e+00 1.970792e+00 1.480623e+00 1.100421e+00 8.090604e-01 5.884472e-01 4.233840e-01 3.013403e-01 2.121633e-01 1.477637e-01 1.017987e-01 6.937229e-02 4.676174e-02 3.117786e-02 2.056092e-02 1.341120e-02 8.651858e-03 5.520189e-03 3.483268e-03 2.173664e-03 1.341387e-03 8.185657e-04 4.939377e-04 2.947065e-04 1.738541e-04 1.013994e-04 5.846792e-05 3.332782e-05 1.877922e-05 1.045929e-05 5.757758e-06 3.132574e-06 1.684287e-06 8.948827e-07 4.698063e-07 2.436918e-07 1.248814e-07 6.321985e-08 3.161344e-08 1.561403e-08 7.616311e-09 3.668776e-09 1.745035e-09 8.195067e-10 3.799477e-10 1.738903e-10 7.855302e-11 3.502209e-11 1.540875e-11 6.689484e-12 2.865304e-12 1.210749e-12 5.046544e-13 2.074635e-13 8.410988e-14 3.362479e-14 1.325342e-14 5.149922e-15 1.972535e-15 7.446418e-16 2.770222e-16 1.015481e-16 3.667453e-17 1.304778e-17 4.572272e-18 1.577953e-18 5.362470e-19 1.794266e-19 5.910185e-20 1.916234e-20 6.114623e-21 1.920012e-21 5.931856e-22 1.802885e-22 5.389822e-23 1.584700e-23 4.581663e-24 1.302383e-24 3.639399e-25 9.996120e-26 2.698228e-26 7.156580e-27 1.864858e-27 4.773451e-28 1.200047e-28 2.962618e-29 7.181180e-30 1.708796e-30 3.991068e-31 9.147935e-32 2.057413e-32 4.539561e-33 9.824910e-34 2.085423e-34 4.340486e-35 8.857038e-36 1.771625e-36 3.473077e-37 6.671795e-38 1.255690e-38 2.315042e-39 4.180199e-40 7.391309e-41 1.279547e-41 2.168332e-42 3.596279e-43 5.836631e-44 9.267774e-45 1.439514e-45 2.186783e-46 3.248383e-47 4.717616e-48 6.697203e-49 9.291834e-50 1.259703e-50 1.668455e-51 2.158549e-52 2.727291e-53 3.364682e-54 4.052478e-55 4.764114e-56 5.465744e-57 6.118474e-58 6.681663e-59 7.116962e-60 7.392553e-61 7.486955e-62 7.391769e-63 7.112881e-64 6.669887e-65 6.093816e-66 5.423510e-67 4.701262e-68 3.968391e-69 3.261399e-70 2.609196e-71 2.031641e-72 1.539394e-73 1.134856e-74 8.138516e-76 5.676626e-77 3.850376e-78 2.539287e-79 1.627965e-80 
2.494771e-11 5.789420e-11 1.324006e-10 2.984402e-10 6.631288e-10 1.452684e-09 3.137873e-09 6.684173e-09 1.404313e-08 2.910304e-08 5.950102e-08 1.200256e-07 2.389120e-07 4.693161e-07 9.099229e-07 1.741413e-06 3.290052e-06 6.136927e-06 1.130288e-05 2.055693e-05 3.692311e-05 6.550088e-05 1.147736e-04 1.986635e-04 3.397109e-04 5.739166e-04 9.580039e-04 1.580136e-03 2.575486e-03 4.148471e-03 6.603998e-03 1.039059e-02 1.615885e-02 2.483933e-02 3.774408e-02 5.669653e-02 8.419397e-02 1.236059e-01 1.794102e-01 2.574657e-01 3.653169e-01 5.125203e-01 7.109761e-01 9.752428e-01 1.322800e+00 1.774227e+00 2.353237e+00 3.086541e+00 4.003459e+00 5.135261e+00 6.514176e+00 8.172068e+00 1.013877e+01 1.244010e+01 1.509567e+01 1.811652e+01 2.150280e+01 2.524156e+01 2.930503e+01 3.364926e+01 3.821373e+01 4.292168e+01 4.768152e+01 5.238923e+01 5.693184e+01 6.119165e+01 6.505122e+01 6.839866e+01 7.113299e+01 7.316924e+01 7.444277e+01 7.491277e+01 7.456432e+01 7.340930e+01 7.148562e+01 6.885520e+01 6.560067e+01 6.182103e+01 5.762670e+01 5.313416e+01 4.846069e+01 4.371940e+01 3.901492e+01 3.443994e+01 3.007267e+01 2.597543e+01 2.219410e+01 1.875854e+01 1.568375e+01 1.297157e+01 1.061278e+01 8.589390e+00 6.876907e+00 5.446573e+00 4.267308e+00 3.307393e+00 2.535824e+00 1.923329e+00 1.443074e+00 1.071083e+00 7.864210e-01 5.711921e-01 4.103941e-01 2.916810e-01 2.050683e-01 1.426156e-01 9.810858e-02 6.675926e-02 4.493373e-02 2.991442e-02 1.969818e-02 1.282914e-02 8.263863e-03 5.264647e-03 3.316972e-03 2.066736e-03 1.273452e-03 7.759190e-04 4.674849e-04 2.784941e-04 1.640363e-04 9.552509e-05 5.499513e-05 3.129936e-05 1.760861e-05 9.791873e-06 5.381817e-06 2.923378e-06 1.569290e-06 8.324380e-07 4.363127e-07 2.259473e-07 1.155965e-07 5.842169e-08 2.916478e-08 1.438005e-08 7.002283e-09 3.367108e-09 1.598716e-09 7.494473e-10 3.468354e-10 1.584437e-10 7.144167e-11 3.179128e-11 1.396042e-11 6.048902e-12 2.585799e-12 1.090448e-12 4.535849e-13 1.860828e-13 7.528309e-14 3.003183e-14 1.181157e-14 4.579553e-15 1.750150e-15 6.591903e-16 2.446673e-16 8.947792e-17 3.223856e-17 1.144193e-17 3.999730e-18 1.376933e-18 4.667539e-19 1.557752e-19 5.117818e-20 1.654964e-20 5.266836e-21 1.649331e-21 5.081616e-22 1.540176e-22 4.591465e-23 1.346115e-23 3.880606e-24 1.099866e-24 3.064354e-25 8.391352e-26 2.258154e-26 5.970872e-27 1.551024e-27 3.957568e-28 9.917457e-29 2.440430e-29 5.896005e-30 1.398318e-30 3.254926e-31 7.435215e-32 1.666451e-32 3.664101e-33 7.902176e-34 1.671316e-34 3.466016e-35 7.046768e-36 1.404312e-36 2.742699e-37 5.248788e-38 9.840840e-39 1.807268e-39 3.250538e-40 5.724720e-41 9.870609e-42 1.665896e-42 2.751626e-43 4.447252e-44 7.031980e-45 1.087601e-45 1.645089e-46 2.433099e-47 3.518049e-48 4.972074e-49 6.867332e-50 9.267754e-51 1.221850e-51 1.573401e-52 1.978606e-53 2.429398e-54 2.911911e-55 3.406575e-56 3.889010e-57 4.331736e-58 4.706599e-59 4.987645e-60 5.154040e-61 5.192600e-62 5.099503e-63 4.880879e-64 4.552152e-65 4.136242e-66 3.660897e-67 3.155614e-68 2.648607e-69 2.164272e-70 1.721432e-71 1.332528e-72 1.003679e-73 7.354803e-75 5.242401e-76 3.634116e-77 2.449647e-78 1.605359e-79 1.022664e-80 
2.261532e-11 5.258509e-11 1.204926e-10 2.721189e-10 6.057847e-10 1.329533e-09 2.877134e-09 6.139862e-09 1.292263e-08 2.682823e-08 5.494594e-08 1.110284e-07 2.213804e-07 4.356123e-07 8.459907e-07 1.621746e-06 3.069005e-06 5.733954e-06 1.057781e-05 1.926920e-05 3.466555e-05 6.159391e-05 1.080986e-04 1.874046e-04 3.209616e-04 5.430893e-04 9.079587e-04 1.499918e-03 2.448522e-03 3.950049e-03 6.297796e-03 9.923995e-03 1.545679e-02 2.379622e-02 3.621371e-02 5.447952e-02 8.102264e-02 1.191266e-01 1.731632e-01 2.488634e-01 3.536211e-01 4.968200e-01 6.901682e-01 9.480163e-01 1.287630e+00 1.729374e+00 2.296770e+00 3.016363e+00 3.917361e+00 5.030987e+00 6.389511e+00 8.024938e+00 9.967346e+00 1.224292e+01 1.487174e+01 1.786539e+01 2.122466e+01 2.493727e+01 2.897606e+01 3.329772e+01 3.784222e+01 4.253317e+01 4.727919e+01 5.197631e+01 5.651141e+01 6.076648e+01 6.462364e+01 6.797048e+01 7.070548e+01 7.274313e+01 7.401835e+01 7.449000e+01 7.414304e+01 7.298932e+01 7.106697e+01 6.843823e+01 6.518616e+01 6.141027e+01 5.722146e+01 5.273666e+01 4.807348e+01 4.334525e+01 3.865663e+01 3.410018e+01 2.975387e+01 2.567957e+01 2.192267e+01 1.851245e+01 1.546331e+01 1.277652e+01 1.044233e+01 8.442287e+00 6.751541e+00 5.341071e+00 4.179636e+00 3.235452e+00 2.477530e+00 1.876685e+00 1.406217e+00 1.042321e+00 7.642547e-01 5.543198e-01 3.977096e-01 2.822618e-01 1.981593e-01 1.376096e-01 9.452551e-02 6.422569e-02 4.316389e-02 2.869298e-02 1.886534e-02 1.226807e-02 7.890407e-03 5.019038e-03 3.157371e-03 1.964261e-03 1.208439e-03 7.351642e-04 4.422410e-04 2.630440e-04 1.546931e-04 8.994228e-05 5.169912e-05 2.937672e-05 1.650053e-05 9.160929e-06 5.026884e-06 2.726127e-06 1.460999e-06 7.737093e-07 4.048522e-07 2.093011e-07 1.068974e-07 5.393202e-08 2.687650e-08 1.322837e-08 6.429964e-09 3.086303e-09 1.462699e-09 6.844089e-10 3.161387e-10 1.441441e-10 6.486779e-11 2.880903e-11 1.262552e-11 5.459388e-12 2.328978e-12 9.800879e-13 4.068122e-13 1.665338e-13 6.722645e-14 2.675816e-14 1.050023e-14 4.061774e-15 1.548653e-15 5.819164e-16 2.154671e-16 7.860690e-17 2.825168e-17 1.000175e-17 3.487382e-18 1.197450e-18 4.048486e-19 1.347555e-19 4.415306e-20 1.423888e-20 4.518888e-21 1.411133e-21 4.335347e-22 1.310200e-22 3.894460e-23 1.138387e-23 3.271920e-24 9.245309e-25 2.567923e-25 7.010026e-26 1.880480e-26 4.956367e-27 1.283327e-27 3.263797e-28 8.151803e-29 1.999220e-29 4.813663e-30 1.137704e-30 2.639080e-31 6.007238e-32 1.341608e-32 2.939234e-33 6.315804e-34 1.330874e-34 2.749711e-35 5.569364e-36 1.105654e-36 2.151070e-37 4.100502e-38 7.657590e-39 1.400699e-39 2.509108e-40 4.400889e-41 7.556689e-42 1.270037e-42 2.088902e-43 3.361703e-44 5.292524e-45 8.149871e-46 1.227284e-46 1.807039e-47 2.600994e-48 3.659167e-49 5.030569e-50 6.757168e-51 8.866370e-52 1.136269e-52 1.421972e-53 1.737385e-54 2.072127e-55 2.411973e-56 2.739582e-57 3.035795e-58 3.281383e-59 3.459062e-60 3.555471e-61 3.562820e-62 3.479920e-63 3.312410e-64 3.072131e-65 2.775732e-66 2.442750e-67 2.093467e-68 1.746873e-69 1.419016e-70 1.121934e-71 8.632259e-73 6.462244e-74 4.706179e-75 3.333534e-76 2.296247e-77 1.537928e-78 1.001347e-79 6.337120e-81 
2.046636e-11 4.768576e-11 1.094867e-10 2.477545e-10 5.526246e-10 1.215201e-09 2.634717e-09 5.633080e-09 1.187793e-08 2.470436e-08 5.068729e-08 1.026053e-07 2.049453e-07 4.039740e-07 7.858966e-07 1.509112e-06 2.860672e-06 5.353649e-06 9.892604e-06 1.805062e-05 3.252634e-05 5.788669e-05 1.017561e-04 1.766918e-04 3.030967e-04 5.136745e-04 8.601386e-04 1.423156e-03 2.326852e-03 3.759624e-03 6.003506e-03 9.474897e-03 1.478004e-02 2.278925e-02 3.473419e-02 5.233301e-02 7.794763e-02 1.147770e-01 1.670882e-01 2.404861e-01 3.422152e-01 4.814878e-01 6.698203e-01 9.213566e-01 1.253147e+00 1.685345e+00 2.241273e+00 2.947311e+00 3.832553e+00 4.928172e+00 6.266476e+00 7.879606e+00 9.797888e+00 1.204787e+01 1.465009e+01 1.761671e+01 2.094914e+01 2.463575e+01 2.865006e+01 3.294935e+01 3.747411e+01 4.214833e+01 4.688083e+01 5.156768e+01 5.609560e+01 6.034627e+01 6.420135e+01 6.754790e+01 7.028382e+01 7.232307e+01 7.360011e+01 7.407347e+01 7.372795e+01 7.257544e+01 7.065422e+01 6.802691e+01 6.477701e+01 6.100452e+01 5.682088e+01 5.234346e+01 4.769024e+01 4.297475e+01 3.830170e+01 3.376353e+01 2.943794e+01 2.538638e+01 2.165372e+01 1.826867e+01 1.524503e+01 1.258348e+01 1.027374e+01 8.296888e+00 6.627725e+00 5.236965e+00 4.093207e+00 3.164603e+00 2.420185e+00 1.830852e+00 1.370044e+00 1.014129e+00 7.425554e-01 5.378249e-01 3.853257e-01 2.730786e-01 1.914330e-01 1.327429e-01 9.104717e-02 6.176978e-02 4.145081e-02 2.751245e-02 1.806158e-02 1.172740e-02 7.531054e-03 4.783051e-03 3.004246e-03 1.866086e-03 1.146244e-03 6.962319e-04 4.181603e-04 2.483266e-04 1.458054e-04 8.463899e-05 4.857242e-05 2.755534e-05 1.545224e-05 8.564828e-06 4.692002e-06 2.540267e-06 1.359097e-06 7.185197e-07 3.753272e-07 1.936999e-07 9.875539e-08 4.973556e-08 2.474059e-08 1.215488e-08 5.897240e-09 2.825295e-09 1.336453e-09 6.241317e-10 2.877316e-10 1.309313e-10 5.880296e-11 2.606207e-11 1.139793e-11 4.918167e-12 2.093597e-12 8.791166e-13 3.640949e-13 1.487124e-13 5.989550e-14 2.378505e-14 9.311617e-15 3.593396e-15 1.366755e-15 5.123052e-16 1.892190e-16 6.885637e-17 2.468376e-17 8.715868e-18 3.030996e-18 1.037955e-18 3.499712e-19 1.161686e-19 3.795673e-20 1.220599e-20 3.862620e-21 1.202693e-21 3.684091e-22 1.110062e-22 3.289599e-23 9.586392e-24 2.746758e-24 7.737040e-25 2.142171e-25 5.828987e-26 1.558571e-26 4.094381e-27 1.056603e-27 2.678119e-28 6.666147e-29 1.629217e-29 3.909065e-30 9.206359e-31 2.127914e-31 4.826156e-32 1.073888e-32 2.343988e-33 5.017867e-34 1.053363e-34 2.168003e-35 4.374121e-36 8.649633e-37 1.676125e-37 3.182312e-38 5.918772e-39 1.078197e-39 1.923384e-40 3.359385e-41 5.743847e-42 9.612106e-43 1.574091e-43 2.522081e-44 3.953018e-45 6.059835e-46 9.083997e-47 1.331370e-47 1.907423e-48 2.670811e-49 3.654330e-50 4.884965e-51 6.378590e-52 8.134255e-53 1.012887e-53 1.231329e-54 1.461091e-55 1.691962e-56 1.911763e-57 2.107305e-58 2.265638e-59 2.375439e-60 2.428327e-61 2.419918e-62 2.350417e-63 2.224644e-64 2.051484e-65 1.842845e-66 1.612292e-67 1.373582e-68 1.139314e-69 9.198828e-71 7.228438e-72 5.527166e-73 4.111785e-74 2.975448e-75 2.094080e-76 1.433106e-77 9.535292e-79 6.167183e-80 3.876720e-81 
1.849048e-11 4.317337e-11 9.933317e-11 2.252403e-10 5.034231e-10 1.109216e-09 2.409653e-09 5.161866e-09 1.090510e-08 2.272372e-08 4.671007e-08 9.472760e-08 1.895525e-07 3.743005e-07 7.294554e-07 1.403178e-06 2.664458e-06 4.994971e-06 9.245468e-06 1.689815e-05 3.050034e-05 5.437075e-05 9.573238e-05 1.665030e-04 2.860814e-04 4.856185e-04 8.144617e-04 1.349728e-03 2.210297e-03 3.576936e-03 5.720755e-03 9.042767e-03 1.412791e-02 2.181744e-02 3.330420e-02 5.025528e-02 7.496676e-02 1.105543e-01 1.611820e-01 2.323297e-01 3.310943e-01 4.665178e-01 6.499260e-01 8.952562e-01 1.219344e+00 1.642128e+00 2.186735e+00 2.879376e+00 3.749025e+00 4.826805e+00 6.145058e+00 7.736059e+00 9.630381e+00 1.185493e+01 1.443071e+01 1.737047e+01 2.067621e+01 2.433701e+01 2.832702e+01 3.260417e+01 3.710943e+01 4.176717e+01 4.648645e+01 5.116335e+01 5.568443e+01 5.993105e+01 6.378439e+01 6.713096e+01 6.986807e+01 7.190912e+01 7.318812e+01 7.366325e+01 7.331914e+01 7.216771e+01 7.024744e+01 6.762129e+01 6.437325e+01 6.060383e+01 5.642500e+01 5.195461e+01 4.731099e+01 4.260791e+01 3.795013e+01 3.342999e+01 2.912487e+01 2.509585e+01 2.138725e+01 1.802721e+01 1.502891e+01 1.239244e+01 1.010699e+01 8.153184e+00 6.505450e+00 5.134245e+00 4.008011e+00 3.094839e+00 2.363779e+00 1.785823e+00 1.334549e+00 9.864991e-01 7.213167e-01 5.217019e-01 3.732375e-01 2.641272e-01 1.848858e-01 1.280127e-01 8.767133e-02 5.938973e-02 3.979311e-02 2.637178e-02 1.728611e-02 1.120653e-02 7.185378e-03 4.556382e-03 2.857384e-03 1.772065e-03 1.086768e-03 6.590550e-04 3.951984e-04 2.343130e-04 1.373547e-04 7.960361e-05 4.560785e-05 2.583080e-05 1.446106e-05 8.001991e-06 4.376244e-06 2.365264e-06 1.263281e-06 6.666984e-07 3.476428e-07 1.790919e-07 9.114253e-08 4.581744e-08 2.274923e-08 1.115550e-08 5.402038e-09 2.583039e-09 1.219458e-09 5.683586e-10 2.614892e-10 1.187453e-10 5.321876e-11 2.353711e-11 1.027152e-11 4.422438e-12 1.878393e-12 7.869731e-13 3.251866e-13 1.325119e-13 5.324460e-14 2.109326e-14 8.237724e-15 3.171128e-15 1.203123e-15 4.498240e-16 1.657132e-16 6.014487e-17 2.150363e-17 7.572524e-18 2.626205e-18 8.968473e-19 3.015454e-19 9.980973e-20 3.251773e-20 1.042642e-20 3.289713e-21 1.021240e-21 3.118775e-22 9.368379e-23 2.767624e-23 8.039872e-24 2.296292e-24 6.447292e-25 1.779242e-25 4.825424e-26 1.285917e-26 3.366674e-27 8.658319e-28 2.186971e-28 5.424526e-29 1.321057e-29 3.158298e-30 7.411186e-31 1.706692e-31 3.856428e-32 8.548833e-33 1.858869e-33 3.964051e-34 8.289067e-35 1.699321e-35 3.414877e-36 6.725597e-37 1.297982e-37 2.454223e-38 4.545604e-39 8.245671e-40 1.464675e-40 2.547191e-41 4.336205e-42 7.224524e-43 1.177829e-43 1.878675e-44 2.931157e-45 4.472664e-46 6.673517e-47 9.734771e-48 1.388034e-48 1.934187e-49 2.633548e-50 3.503072e-51 4.551365e-52 5.774832e-53 7.154212e-54 8.652245e-55 1.021316e-55 1.176455e-56 1.322190e-57 1.449558e-58 1.549959e-59 1.616095e-60 1.642843e-61 1.627898e-62 1.572100e-63 1.479366e-64 1.356231e-65 1.211086e-66 1.053224e-67 8.918496e-69 7.352068e-70 5.899244e-71 4.606536e-72 3.499988e-73 2.586997e-74 1.859887e-75 1.300357e-76 8.839942e-78 5.842145e-79 3.752821e-80 2.342789e-81 
1.667742e-11 3.902530e-11 8.998284e-11 2.044712e-10 4.579583e-10 1.011118e-09 2.200997e-09 4.724303e-09 1.000033e-08 2.087877e-08 4.299969e-08 8.736732e-08 1.751494e-07 3.464941e-07 6.764883e-07 1.303620e-06 2.479790e-06 4.656913e-06 8.634662e-06 1.580882e-05 2.858261e-05 5.103791e-05 9.001419e-05 1.568170e-04 2.698824e-04 4.588695e-04 7.708490e-04 1.279515e-03 2.098681e-03 3.401729e-03 5.449178e-03 8.627095e-03 1.349966e-02 2.087984e-02 3.192248e-02 4.824468e-02 7.207789e-02 1.064559e-01 1.554412e-01 2.243901e-01 3.202535e-01 4.519042e-01 6.304785e-01 8.697078e-01 1.186212e+00 1.599717e+00 2.133148e+00 2.812547e+00 3.666766e+00 4.726876e+00 6.025247e+00 7.594288e+00 9.464814e+00 1.166409e+01 1.421360e+01 1.712664e+01 2.040587e+01 2.404102e+01 2.800694e+01 3.226214e+01 3.674815e+01 4.138970e+01 4.609607e+01 5.076335e+01 5.527794e+01 5.952085e+01 6.337280e+01 6.671970e+01 6.945829e+01 7.150136e+01 7.278246e+01 7.325941e+01 7.291668e+01 7.176621e+01 6.984669e+01 6.722144e+01 6.397493e+01 6.020823e+01 5.603384e+01 5.157010e+01 4.693574e+01 4.224473e+01 3.760193e+01 3.309954e+01 2.881467e+01 2.480798e+01 2.112326e+01 1.778804e+01 1.481492e+01 1.220339e+01 9.942081e+00 8.011164e+00 6.384706e+00 5.032903e+00 3.924040e+00 3.026148e+00 2.308304e+00 1.741588e+00 1.299722e+00 9.594249e-01 7.005326e-01 5.059453e-01 3.614405e-01 2.554038e-01 1.785145e-01 1.234163e-01 8.439576e-02 5.708380e-02 3.818942e-02 2.526993e-02 1.653815e-02 1.070489e-02 6.852964e-03 4.338733e-03 2.716576e-03 1.682053e-03 1.029911e-03 6.235679e-04 3.733122e-04 2.209754e-04 1.293232e-04 7.482491e-05 4.279843e-05 2.419886e-05 1.352445e-05 7.470894e-06 4.078719e-06 2.200602e-06 1.173257e-06 6.180799e-07 3.217073e-07 1.654269e-07 8.403169e-08 4.216321e-08 2.089483e-08 1.022630e-08 4.942332e-09 2.358508e-09 1.111200e-09 5.168366e-10 2.372882e-10 1.075267e-10 4.808702e-11 2.122094e-11 9.240162e-12 3.969402e-12 1.682104e-12 7.030950e-13 2.898404e-13 1.178249e-13 4.722787e-14 1.866340e-14 7.270474e-15 2.791653e-15 1.056413e-15 3.939361e-16 1.447383e-16 5.239043e-17 1.867994e-17 6.559917e-18 2.268630e-18 7.725285e-19 2.589959e-19 8.547530e-20 2.776507e-20 8.875810e-21 2.791953e-21 8.640495e-22 2.630500e-22 7.876722e-23 2.319519e-23 6.716338e-24 1.911992e-24 5.350501e-25 1.471612e-25 3.977564e-26 1.056332e-26 2.755988e-27 7.062859e-28 1.777636e-28 4.393358e-29 1.066039e-29 2.539239e-30 5.936334e-31 1.361907e-31 3.065636e-32 6.769654e-33 1.466269e-33 3.114512e-34 6.486687e-35 1.324462e-35 2.650736e-36 5.199115e-37 9.992042e-38 1.881334e-38 3.469680e-39 6.266842e-40 1.108327e-40 1.918980e-41 3.252217e-42 5.394084e-43 8.754020e-44 1.389860e-44 2.158390e-45 3.277976e-46 4.867652e-47 7.066301e-48 1.002638e-48 1.390261e-49 1.883512e-50 2.492760e-51 3.222200e-52 4.067279e-53 5.012501e-54 6.030086e-55 7.079953e-56 8.111372e-57 9.066396e-58 9.884863e-59 1.051045e-59 1.089699e-60 1.101401e-61 1.085069e-62 1.041746e-63 9.744936e-65 8.880324e-66 7.881911e-67 6.812516e-68 5.732945e-69 4.696381e-70 3.744431e-71 2.905140e-72 2.192954e-73 1.610260e-74 1.149979e-75 7.986112e-77 5.392086e-78 3.538992e-79 2.257509e-80 1.399372e-81 
1.501704e-11 3.521930e-11 8.138754e-11 1.853443e-10 4.160131e-10 9.204548e-10 2.007824e-09 4.318527e-09 9.159888e-09 1.916223e-08 3.954201e-08 8.049751e-08 1.616852e-07 3.204603e-07 6.268227e-07 1.210127e-06 2.306112e-06 4.338504e-06 8.058508e-06 1.477978e-05 2.676836e-05 4.788029e-05 8.458866e-05 1.476132e-04 2.544672e-04 4.333772e-04 7.292234e-04 1.212401e-03 1.991832e-03 3.233754e-03 5.188420e-03 8.227379e-03 1.289462e-02 1.997550e-02 3.058776e-02 4.629954e-02 6.927888e-02 1.024790e-01 1.498624e-01 2.166634e-01 3.096880e-01 4.376415e-01 6.114715e-01 8.447040e-01 1.153744e+00 1.558102e+00 2.080502e+00 2.746814e+00 3.585767e+00 4.628373e+00 5.907031e+00 7.454280e+00 9.301176e+00 1.147534e+01 1.399874e+01 1.688522e+01 2.013810e+01 2.374779e+01 2.768980e+01 3.192328e+01 3.639028e+01 4.101592e+01 4.570968e+01 5.036768e+01 5.487614e+01 5.911571e+01 6.296662e+01 6.631420e+01 6.905453e+01 7.109985e+01 7.238319e+01 7.286202e+01 7.252064e+01 7.137100e+01 6.945203e+01 6.682741e+01 6.358211e+01 5.981776e+01 5.564743e+01 5.118997e+01 4.656450e+01 4.188524e+01 3.725710e+01 3.277218e+01 2.850733e+01 2.452275e+01 2.086172e+01 1.755117e+01 1.460307e+01 1.201631e+01 9.778996e+00 7.870818e+00 6.265483e+00 4.932928e+00 3.841283e+00 2.958523e+00 2.253751e+00 1.698140e+00 1.265558e+00 9.328996e-01 6.801968e-01 4.905496e-01 3.499298e-01 2.469043e-01 1.723157e-01 1.189509e-01 8.121827e-02 5.485025e-02 3.663841e-02 2.420587e-02 1.581694e-02 1.022192e-02 6.533402e-03 4.129815e-03 2.581619e-03 1.595911e-03 9.755800e-04 5.897075e-04 3.524601e-04 2.082866e-04 1.216937e-04 7.029205e-05 4.013744e-05 2.265540e-05 1.263991e-05 6.970066e-06 3.798564e-06 2.045784e-06 1.088740e-06 5.725044e-07 2.974321e-07 1.526563e-07 7.739658e-08 3.875883e-08 1.916998e-08 9.363424e-09 4.516149e-09 2.150702e-09 1.011179e-09 4.693182e-10 2.150079e-10 9.721735e-11 4.338002e-11 1.910054e-11 8.297828e-12 3.556298e-12 1.503483e-12 6.269259e-13 2.578112e-13 1.045453e-13 4.179980e-14 1.647627e-14 6.401865e-15 2.451685e-15 9.252942e-16 3.441110e-16 1.260858e-16 4.551222e-17 1.618186e-17 5.666455e-18 1.953981e-18 6.634343e-19 2.217616e-19 7.296717e-20 2.362992e-20 7.530625e-21 2.361424e-21 7.285012e-22 2.210746e-22 6.598387e-23 1.936711e-23 5.589294e-24 1.585808e-24 4.422643e-25 1.212233e-25 3.265109e-26 8.640748e-27 2.246366e-27 5.736119e-28 1.438457e-28 3.542003e-29 8.562597e-30 2.031877e-30 4.732114e-31 1.081455e-31 2.424861e-32 5.333581e-33 1.150623e-33 2.434202e-34 5.049137e-35 1.026695e-35 2.046237e-36 3.996559e-37 7.648174e-38 1.433822e-38 2.632835e-39 4.734418e-40 8.335812e-41 1.436782e-41 2.423918e-42 4.001770e-43 6.464208e-44 1.021479e-44 1.578758e-45 2.386136e-46 3.526055e-47 5.093518e-48 7.191205e-49 9.921122e-50 1.337257e-50 1.760694e-51 2.264055e-52 2.842783e-53 3.484763e-54 4.169601e-55 4.868853e-56 5.547388e-57 6.165938e-58 6.684630e-59 7.067112e-60 7.284707e-61 7.319925e-62 7.168773e-63 6.841413e-64 6.361054e-65 5.761218e-66 5.081843e-67 4.364858e-68 3.649902e-69 2.970813e-70 2.353280e-71 1.813834e-72 1.360095e-73 9.919980e-75 7.036318e-76 4.852849e-77 3.253784e-78 2.120539e-79 1.343059e-80 8.265341e-82 
1.349945e-11 3.173363e-11 7.350020e-11 1.677590e-10 3.773762e-10 8.367886e-10 1.829237e-09 3.942725e-09 8.380182e-09 1.756701e-08 3.632334e-08 7.409206e-08 1.491108e-07 2.961081e-07 5.802917e-07 1.122398e-06 2.142891e-06 4.038808e-06 7.515390e-06 1.380827e-05 2.505297e-05 4.489026e-05 7.944338e-05 1.388717e-04 2.398043e-04 4.090926e-04 6.895105e-04 1.148275e-03 1.889584e-03 3.072768e-03 4.938133e-03 7.843130e-03 1.231211e-02 1.910350e-02 2.929881e-02 4.441825e-02 6.656765e-02 9.862111e-02 1.444423e-01 2.091454e-01 2.993930e-01 4.237240e-01 5.928984e-01 8.202374e-01 1.121931e+00 1.517274e+00 2.028787e+00 2.682168e+00 3.506017e+00 4.531286e+00 5.790400e+00 7.316024e+00 9.139455e+00 1.128868e+01 1.378611e+01 1.664620e+01 1.987289e+01 2.345729e+01 2.737560e+01 3.158758e+01 3.603581e+01 4.064582e+01 4.532729e+01 4.997636e+01 5.447905e+01 5.871566e+01 6.256590e+01 6.591448e+01 6.865686e+01 7.070466e+01 7.199038e+01 7.247116e+01 7.213109e+01 7.098217e+01 6.906353e+01 6.643926e+01 6.319483e+01 5.943247e+01 5.526581e+01 5.081424e+01 4.619728e+01 4.152942e+01 3.691563e+01 3.244792e+01 2.820283e+01 2.424016e+01 2.060262e+01 1.731657e+01 1.439333e+01 1.183120e+01 9.617726e+00 7.732135e+00 6.147771e+00 4.834310e+00 3.759732e+00 2.891955e+00 2.200111e+00 1.655471e+00 1.232048e+00 9.069161e-01 6.603032e-01 4.755095e-01 3.387008e-01 2.386247e-01 1.662861e-01 1.146138e-01 7.813670e-02 5.268738e-02 3.513875e-02 2.317861e-02 1.512173e-02 9.757070e-03 6.226297e-03 3.929346e-03 2.452317e-03 1.513502e-03 9.236822e-04 5.574122e-04 3.326017e-04 1.962207e-04 1.144496e-04 6.599454e-05 3.761840e-05 2.119646e-05 1.180507e-05 6.498088e-06 3.534949e-06 1.900328e-06 1.009457e-06 5.298178e-07 2.747314e-07 1.407331e-07 7.121182e-08 3.559074e-08 1.756755e-08 8.563151e-09 4.121572e-09 1.958648e-09 9.189058e-10 4.255620e-10 1.945302e-10 8.776038e-11 3.907068e-11 1.716318e-11 7.438607e-12 3.180420e-12 1.341306e-12 5.579206e-13 2.288593e-13 9.256902e-14 3.691586e-14 1.451306e-14 5.624078e-15 2.148016e-15 8.084709e-16 2.998320e-16 1.095529e-16 3.943186e-17 1.397953e-17 4.880941e-18 1.678123e-18 5.680620e-19 1.893049e-19 6.209601e-20 2.004667e-20 6.368512e-21 1.990631e-21 6.121248e-22 1.851502e-22 5.507846e-23 1.611202e-23 4.634108e-24 1.310287e-24 3.641554e-25 9.946317e-26 2.669487e-26 7.039102e-27 1.823326e-27 4.638760e-28 1.158944e-28 2.843005e-29 6.846663e-30 1.618442e-30 3.754586e-31 8.546803e-32 1.908759e-32 4.181505e-33 8.984143e-34 1.892826e-34 3.909863e-35 7.916915e-36 1.571159e-36 3.055479e-37 5.821821e-38 1.086634e-38 1.986448e-39 3.556019e-40 6.232572e-41 1.069326e-41 1.795621e-42 2.950553e-43 4.743492e-44 7.459685e-45 1.147338e-45 1.725568e-46 2.537246e-47 3.646728e-48 5.122413e-49 7.030656e-50 9.427288e-51 1.234715e-51 1.579263e-52 1.972284e-53 2.404531e-54 2.861252e-55 3.322500e-56 3.764227e-57 4.160131e-58 4.484120e-59 4.713081e-60 4.829571e-61 4.823997e-62 4.695901e-63 4.454133e-64 4.115842e-65 3.704460e-66 3.246991e-67 2.771066e-68 2.302197e-69 1.861608e-70 1.464889e-71 1.121535e-72 8.352846e-74 6.050503e-75 4.261931e-76 2.918787e-77 1.943135e-78 1.257282e-79 7.905267e-81 4.829256e-82 
1.211504e-11 2.854717e-11 6.627509e-11 1.516179e-10 3.418423e-10 7.596936e-10 1.664366e-09 3.595144e-09 7.657722e-09 1.608629e-08 3.333047e-08 6.812575e-08 1.373787e-07 2.733495e-07 5.367346e-07 1.040144e-06 1.989611e-06 3.756920e-06 7.003747e-06 1.289165e-05 2.343198e-05 4.206044e-05 7.456635e-05 1.305734e-04 2.258635e-04 3.859687e-04 6.516377e-04 1.087026e-03 1.791776e-03 2.918537e-03 4.697977e-03 7.473869e-03 1.175145e-02 1.826293e-02 2.805442e-02 4.259920e-02 6.394213e-02 9.487948e-02 1.391777e-01 2.018322e-01 2.893636e-01 4.101461e-01 5.747528e-01 7.963008e-01 1.090765e+00 1.477224e+00 1.977994e+00 2.618598e+00 3.427505e+00 4.435604e+00 5.675343e+00 7.179509e+00 8.979639e+00 1.110407e+01 1.357571e+01 1.640956e+01 1.961024e+01 2.316953e+01 2.706431e+01 3.125502e+01 3.568475e+01 4.027942e+01 4.494892e+01 4.958940e+01 5.408671e+01 5.832074e+01 6.217068e+01 6.552062e+01 6.826535e+01 7.031585e+01 7.160412e+01 7.208690e+01 7.174812e+01 7.059978e+01 6.868126e+01 6.605705e+01 6.281314e+01 5.905238e+01 5.488900e+01 5.044292e+01 4.583410e+01 4.117728e+01 3.657753e+01 3.212674e+01 2.790118e+01 2.396019e+01 2.034597e+01 1.708424e+01 1.418571e+01 1.164805e+01 9.458260e+00 7.595107e+00 6.031561e+00 4.737041e+00 3.679378e+00 2.826435e+00 2.147376e+00 1.613573e+00 1.199185e+00 8.814677e-01 6.408457e-01 4.608196e-01 3.277489e-01 2.305610e-01 1.604225e-01 1.104023e-01 7.514890e-02 5.059352e-02 3.368914e-02 2.218715e-02 1.445178e-02 9.309797e-03 5.931259e-03 3.737049e-03 2.328475e-03 1.434695e-03 8.741281e-04 5.266223e-04 3.136978e-04 1.847521e-04 1.075746e-04 6.192227e-05 3.523502e-05 1.981822e-05 1.101762e-05 6.053592e-06 3.287071e-06 1.763771e-06 9.351439e-07 4.898715e-07 2.535227e-07 1.296120e-07 6.545287e-08 3.264583e-08 1.608060e-08 7.821875e-09 3.756746e-09 1.781403e-09 8.339093e-10 3.853339e-10 1.757408e-10 7.910053e-11 3.513269e-11 1.539649e-11 6.656758e-12 2.839139e-12 1.194386e-12 4.955498e-13 2.027519e-13 8.179507e-14 3.253290e-14 1.275558e-14 4.929555e-15 1.877553e-15 7.046938e-16 2.606025e-16 9.494508e-17 3.407429e-17 1.204443e-17 4.192708e-18 1.437127e-18 4.849878e-19 1.611178e-19 5.268354e-20 1.695376e-20 5.368555e-21 1.672587e-21 5.126242e-22 1.545352e-22 4.581543e-23 1.335640e-23 3.828225e-24 1.078629e-24 2.987095e-25 8.129495e-26 2.173953e-26 5.711401e-27 1.473922e-27 3.735759e-28 9.297957e-29 2.272126e-29 5.450604e-30 1.283378e-30 2.965463e-31 6.723383e-32 1.495441e-32 3.262612e-33 6.980783e-34 1.464578e-34 3.012436e-35 6.073597e-36 1.200115e-36 2.323669e-37 4.407827e-38 8.190273e-39 1.490458e-39 2.655902e-40 4.633386e-41 7.912283e-42 1.322343e-42 2.162458e-43 3.459663e-44 5.414067e-45 8.285871e-46 1.239932e-46 1.813940e-47 2.593782e-48 3.624507e-49 4.948674e-50 6.600434e-51 8.598422e-52 1.093822e-52 1.358546e-53 1.647103e-54 1.948966e-55 2.250312e-56 2.534866e-57 2.785215e-58 2.984504e-59 3.118270e-60 3.176152e-61 3.153212e-62 3.050618e-63 2.875568e-64 2.640459e-65 2.361422e-66 2.056485e-67 1.743631e-68 1.439064e-69 1.155904e-70 9.034424e-72 6.869678e-73 5.081018e-74 3.654813e-75 2.556240e-76 1.738132e-77 1.148767e-78 7.378585e-80 4.605010e-81 2.792093e-82 
1.085451e-11 2.563951e-11 5.966805e-11 1.368266e-10 3.092134e-10 6.887589e-10 1.512370e-09 3.274091e-09 6.989141e-09 1.471346e-08 3.055065e-08 6.257429e-08 1.264432e-07 2.520999e-07 4.959965e-07 9.630844e-07 1.845776e-06 3.491972e-06 6.522077e-06 1.202735e-05 2.190110e-05 3.938373e-05 6.994598e-05 1.226995e-04 2.126152e-04 3.639594e-04 6.155348e-04 1.028550e-03 1.698250e-03 2.770829e-03 4.467623e-03 7.119129e-03 1.121201e-02 1.745291e-02 2.685339e-02 4.084085e-02 6.140030e-02 9.125157e-02 1.340654e-01 1.947198e-01 2.795953e-01 3.969021e-01 5.570282e-01 7.728868e-01 1.060238e+00 1.437943e+00 1.928114e+00 2.556093e+00 3.350220e+00 4.341316e+00 5.561847e+00 7.044723e+00 8.821716e+00 1.092152e+01 1.336752e+01 1.617530e+01 1.935012e+01 2.288447e+01 2.675595e+01 3.092559e+01 3.533707e+01 3.991670e+01 4.457456e+01 4.920683e+01 5.369913e+01 5.793098e+01 6.178101e+01 6.513266e+01 6.788005e+01 6.993350e+01 7.122447e+01 7.170932e+01 7.137179e+01 7.022390e+01 6.830528e+01 6.568083e+01 6.243710e+01 5.867755e+01 5.451703e+01 5.007604e+01 4.547497e+01 4.082883e+01 3.624280e+01 3.180864e+01 2.760235e+01 2.368284e+01 2.009174e+01 1.685417e+01 1.398018e+01 1.146684e+01 9.300589e+00 7.459721e+00 5.916841e+00 4.641110e+00 3.600209e+00 2.761952e+00 2.095538e+00 1.572437e+00 1.166962e+00 8.565476e-01 6.218182e-01 4.464744e-01 3.170694e-01 2.227095e-01 1.547215e-01 1.063139e-01 7.225276e-02 4.856699e-02 3.228832e-02 2.123053e-02 1.380637e-02 8.879575e-03 5.647908e-03 3.552655e-03 2.209907e-03 1.359360e-03 8.268307e-04 4.972801e-04 2.957105e-04 1.738566e-04 1.010532e-04 5.806546e-05 3.298127e-05 1.851697e-05 1.027534e-05 5.635261e-06 3.054159e-06 1.635668e-06 8.655454e-07 4.525220e-07 2.337264e-07 1.192494e-07 6.009607e-08 2.991145e-08 1.470245e-08 7.136113e-09 3.419879e-09 1.618058e-09 7.557323e-10 3.484078e-10 1.585291e-10 7.118445e-11 3.154062e-11 1.378851e-11 5.946737e-12 2.529917e-12 1.061576e-12 4.393032e-13 1.792650e-13 7.212644e-14 2.860949e-14 1.118641e-14 4.311064e-15 1.637338e-15 6.127720e-16 2.259502e-16 8.207769e-17 2.936846e-17 1.034964e-17 3.591713e-18 1.227306e-18 4.128786e-19 1.367263e-19 4.456389e-20 1.429410e-20 4.511423e-21 1.400855e-21 4.278923e-22 1.285513e-22 3.798016e-23 1.103350e-23 3.151245e-24 8.847084e-25 2.441196e-25 6.619493e-26 1.763603e-26 4.615988e-27 1.186724e-27 2.996322e-28 7.428705e-29 1.808236e-29 4.320614e-30 1.013245e-30 2.331804e-31 5.265110e-32 1.166244e-32 2.533763e-33 5.398399e-34 1.127752e-34 2.309606e-35 4.636227e-36 9.120510e-37 1.758031e-37 3.319795e-38 6.140417e-39 1.112269e-39 1.972742e-40 3.425329e-41 5.821410e-42 9.682110e-43 1.575612e-43 2.508346e-44 3.905757e-45 5.947345e-46 8.854448e-47 1.288665e-47 1.833069e-48 2.547984e-49 3.460295e-50 4.590359e-51 5.947249e-52 7.523846e-53 9.292580e-54 1.120272e-54 1.318012e-55 1.513011e-56 1.694374e-57 1.850711e-58 1.971279e-59 2.047177e-60 2.072422e-61 2.044724e-62 1.965814e-63 1.841280e-64 1.679905e-65 1.492643e-66 1.291373e-67 1.087654e-68 8.916470e-70 7.113399e-71 5.521580e-72 4.169383e-73 3.062126e-74 2.186947e-75 1.518585e-76 1.025057e-77 6.724918e-79 4.287264e-80 2.655531e-81 1.597812e-82 
9.708939e-12 2.299103e-11 5.363657e-11 1.232944e-10 2.792984e-10 6.235888e-10 1.372442e-09 2.977935e-09 6.371199e-09 1.344218e-08 2.797159e-08 5.741427e-08 1.162605e-07 2.322775e-07 4.579283e-07 8.909516e-07 1.710908e-06 3.243125e-06 6.068930e-06 1.121290e-05 2.045619e-05 3.685327e-05 6.557109e-05 1.152321e-04 2.000311e-04 3.430206e-04 5.811337e-04 9.727424e-04 1.608852e-03 2.629421e-03 4.246748e-03 6.778453e-03 1.069315e-02 1.667257e-02 2.569456e-02 3.914163e-02 5.894015e-02 8.773483e-02 1.291021e-01 1.878044e-01 2.700832e-01 3.839867e-01 5.397182e-01 7.499882e-01 1.030341e+00 1.399423e+00 1.879137e+00 2.494645e+00 3.274153e+00 4.248411e+00 5.449902e+00 6.911654e+00 8.665674e+00 1.074102e+01 1.316153e+01 1.594340e+01 1.909253e+01 2.260212e+01 2.645048e+01 3.059930e+01 3.499279e+01 3.955766e+01 4.420423e+01 4.882865e+01 5.331634e+01 5.754641e+01 6.139693e+01 6.475066e+01 6.750103e+01 6.955769e+01 7.085152e+01 7.133851e+01 7.100218e+01 6.985462e+01 6.793567e+01 6.531067e+01 6.206676e+01 5.830801e+01 5.414994e+01 4.971362e+01 4.511990e+01 4.048408e+01 3.591143e+01 3.149362e+01 2.730635e+01 2.340809e+01 1.983993e+01 1.662633e+01 1.377673e+01 1.128756e+01 9.144701e+00 7.325968e+00 5.803602e+00 4.546508e+00 3.522218e+00 2.698500e+00 2.044587e+00 1.532056e+00 1.135370e+00 8.321490e-01 6.032146e-01 4.324688e-01 3.066578e-01 2.150662e-01 1.491801e-01 1.023458e-01 6.944622e-02 4.660618e-02 3.093501e-02 2.030780e-02 1.318480e-02 8.465889e-03 5.375874e-03 3.375902e-03 2.096430e-03 1.287373e-03 7.817058e-04 4.693294e-04 2.786032e-04 1.635104e-04 9.487037e-05 5.441466e-05 3.085130e-05 1.728918e-05 9.576082e-06 5.241824e-06 2.835470e-06 1.515589e-06 8.004171e-07 4.176317e-07 2.152659e-07 1.096032e-07 5.511865e-08 2.737542e-08 1.342669e-08 6.502514e-09 3.109248e-09 1.467735e-09 6.839349e-10 3.145659e-10 1.427885e-10 6.396074e-11 2.827002e-11 1.232776e-11 5.303218e-12 2.250320e-12 9.417801e-13 3.886923e-13 1.581844e-13 6.347052e-14 2.510615e-14 9.788955e-15 3.761737e-15 1.424570e-15 5.315803e-16 1.954295e-16 7.077713e-17 2.524774e-17 8.869988e-18 3.068588e-18 1.045231e-18 3.504990e-19 1.156922e-19 3.758428e-20 1.201527e-20 3.779434e-21 1.169567e-21 3.560150e-22 1.065846e-22 3.137916e-23 9.083362e-24 2.584918e-24 7.230663e-25 1.987815e-25 5.370013e-26 1.425313e-26 3.716336e-27 9.517481e-28 2.393670e-28 5.911169e-29 1.433115e-29 3.410497e-30 7.965511e-31 1.825570e-31 4.104891e-32 9.054221e-33 1.958732e-33 4.155287e-34 8.642825e-35 1.762242e-35 3.521734e-36 6.896898e-37 1.323373e-37 2.487519e-38 4.579625e-39 8.256508e-40 1.457434e-40 2.518429e-41 4.259327e-42 7.049279e-43 1.141463e-43 1.808064e-44 2.801049e-45 4.243293e-46 6.284641e-47 9.098563e-48 1.287358e-48 1.779831e-49 2.403976e-50 3.171552e-51 4.086224e-52 5.140428e-53 6.312785e-54 7.566677e-55 8.850533e-56 1.010023e-56 1.124367e-57 1.220724e-58 1.292339e-59 1.333837e-60 1.341880e-61 1.315608e-62 1.256780e-63 1.169577e-64 1.060116e-65 9.357309e-67 8.041549e-68 6.727257e-69 5.477276e-70 4.339488e-71 3.344869e-72 2.507876e-73 1.828688e-74 1.296584e-75 8.937375e-77 5.988106e-78 3.899074e-79 2.466885e-80 1.516266e-81 9.052427e-83 
8.669775e-12 2.058292e-11 4.813988e-11 1.109343e-10 2.519142e-10 5.638032e-10 1.243803e-09 2.705110e-09 5.800782e-09 1.226633e-08 2.558151e-08 5.262320e-08 1.067880e-07 2.138041e-07 4.223867e-07 8.234865e-07 1.584547e-06 3.009573e-06 5.642913e-06 1.044592e-05 1.909325e-05 3.446244e-05 6.143088e-05 1.081539e-04 1.880835e-04 3.231091e-04 5.483685e-04 9.195041e-04 1.523435e-03 2.494094e-03 4.035038e-03 6.451396e-03 1.019424e-02 1.592106e-02 2.457678e-02 3.750003e-02 5.655970e-02 8.432674e-02 1.242848e-01 1.810820e-01 2.608228e-01 3.713942e-01 5.228164e-01 7.275978e-01 1.001068e+00 1.361654e+00 1.831053e+00 2.434243e+00 3.199292e+00 4.156878e+00 5.339497e+00 6.780290e+00 8.511501e+00 1.056254e+01 1.295773e+01 1.571384e+01 1.883744e+01 2.232246e+01 2.614790e+01 3.027612e+01 3.465189e+01 3.920231e+01 4.383792e+01 4.845487e+01 5.293836e+01 5.716707e+01 6.101848e+01 6.437468e+01 6.712835e+01 6.918847e+01 7.048535e+01 7.097453e+01 7.063939e+01 6.949200e+01 6.757249e+01 6.494664e+01 6.170215e+01 5.794380e+01 5.378775e+01 4.935568e+01 4.476890e+01 4.014302e+01 3.558342e+01 3.118166e+01 2.701316e+01 2.313594e+01 1.959052e+01 1.640073e+01 1.357536e+01 1.111021e+01 8.990584e+00 7.193837e+00 5.691834e+00 4.453224e+00 3.445395e+00 2.636067e+00 1.994515e+00 1.492421e+00 1.104403e+00 8.082651e-01 5.850289e-01 4.187974e-01 2.965094e-01 2.076272e-01 1.437949e-01 9.849559e-02 6.672722e-02 4.470948e-02 2.962800e-02 1.941803e-02 1.258637e-02 8.068235e-03 5.114794e-03 3.206536e-03 1.987867e-03 1.218612e-03 7.386714e-04 4.427160e-04 2.623403e-04 1.536905e-04 8.901154e-05 5.096076e-05 2.883949e-05 1.613139e-05 8.917798e-06 4.872059e-06 2.630288e-06 1.403120e-06 7.395232e-07 3.850677e-07 1.980674e-07 1.006331e-07 5.049874e-08 2.502604e-08 1.224712e-08 5.917857e-09 2.823193e-09 1.329593e-09 6.180949e-10 2.835991e-10 1.284170e-10 5.738020e-11 2.529747e-11 1.100324e-11 4.721112e-12 1.998023e-12 8.339500e-13 3.432524e-13 1.393065e-13 5.573945e-14 2.198551e-14 8.547547e-15 3.275104e-15 1.236616e-15 4.600631e-16 1.686238e-16 6.088143e-17 2.165012e-17 7.582105e-18 2.614671e-18 8.877388e-19 2.967134e-19 9.761460e-20 3.160528e-20 1.006961e-20 3.156558e-21 9.734261e-22 2.952699e-22 8.808477e-23 2.583960e-23 7.452656e-24 2.113068e-24 5.888829e-25 1.612846e-25 4.340501e-26 1.147636e-26 2.980708e-27 7.603588e-28 1.904732e-28 4.684865e-29 1.131200e-29 2.680967e-30 6.235670e-31 1.423128e-31 3.186418e-32 6.998223e-33 1.507394e-33 3.183809e-34 6.592879e-35 1.338250e-35 2.662311e-36 5.189971e-37 9.912436e-38 1.854510e-38 3.398090e-39 6.097064e-40 1.071049e-40 1.841718e-41 3.099443e-42 5.104021e-43 8.223005e-44 1.295861e-44 1.997178e-45 3.009713e-46 4.434074e-47 6.385128e-48 8.985540e-49 1.235507e-49 1.659553e-50 2.177208e-51 2.789265e-52 3.488818e-53 4.259740e-54 5.075998e-55 5.902155e-56 6.695266e-57 7.408155e-58 7.993821e-59 8.410422e-60 8.626154e-61 8.623222e-62 8.400245e-63 7.972627e-64 7.370812e-65 6.636681e-66 5.818697e-67 4.966582e-68 4.126335e-69 3.336296e-70 2.624681e-71 2.008719e-72 1.495243e-73 1.082367e-74 7.617751e-76 5.211825e-77 3.465651e-78 2.239409e-79 1.405912e-80 8.573977e-82 5.078430e-83 
7.728876e-12 1.839724e-11 4.313907e-11 9.966312e-11 2.268856e-10 5.090384e-10 1.125709e-09 2.454113e-09 5.274903e-09 1.118007e-08 2.336908e-08 4.817948e-08 9.798539e-08 1.966044e-07 3.892338e-07 7.604407e-07 1.466250e-06 2.790540e-06 5.242684e-06 9.724137e-06 1.780844e-05 3.220487e-05 5.751492e-05 1.014480e-04 1.767460e-04 3.041835e-04 5.171750e-04 8.687379e-04 1.441853e-03 2.364637e-03 3.832185e-03 6.137522e-03 9.714670e-03 1.519754e-02 2.349893e-02 3.591456e-02 5.425702e-02 8.102483e-02 1.196103e-01 1.745489e-01 2.518094e-01 3.591193e-01 5.063166e-01 7.057083e-01 9.724095e-01 1.324629e+00 1.783852e+00 2.374876e+00 3.125626e+00 4.066706e+00 5.230619e+00 6.650621e+00 8.359184e+00 1.038608e+01 1.275610e+01 1.548661e+01 1.858486e+01 2.204548e+01 2.584820e+01 2.995605e+01 3.431436e+01 3.885065e+01 4.347565e+01 4.808552e+01 5.256521e+01 5.679299e+01 6.064571e+01 6.400477e+01 6.676208e+01 6.882593e+01 7.012602e+01 7.061749e+01 7.028348e+01 6.913613e+01 6.721581e+01 6.458878e+01 6.134335e+01 5.758497e+01 5.343050e+01 4.900223e+01 4.442197e+01 3.980566e+01 3.525876e+01 3.087276e+01 2.672277e+01 2.286637e+01 1.934349e+01 1.617735e+01 1.337605e+01 1.093476e+01 8.838228e+00 7.063317e+00 5.581526e+00 4.361249e+00 3.369730e+00 2.574646e+00 1.945314e+00 1.453525e+00 1.074053e+00 7.848891e-01 5.672550e-01 4.054548e-01 2.866198e-01 2.003889e-01 1.385630e-01 9.476065e-02 6.409372e-02 4.287530e-02 2.836607e-02 1.856031e-02 1.201041e-02 7.686120e-03 4.864316e-03 3.044305e-03 1.884045e-03 1.152958e-03 6.976481e-04 4.173871e-04 2.468874e-04 1.443749e-04 8.346265e-05 4.769497e-05 2.694042e-05 1.504032e-05 8.298497e-06 4.524791e-06 2.437924e-06 1.297865e-06 6.826374e-07 3.547028e-07 1.820602e-07 9.230007e-08 4.621530e-08 2.285207e-08 1.115783e-08 5.379054e-09 2.560126e-09 1.202825e-09 5.578080e-10 2.553074e-10 1.153170e-10 5.139582e-11 2.260063e-11 9.804480e-12 4.195578e-12 1.770819e-12 7.370935e-13 3.025435e-13 1.224390e-13 4.885042e-14 1.921242e-14 7.447483e-15 2.845107e-15 1.071017e-15 3.972373e-16 1.451460e-16 5.224055e-17 1.851836e-17 6.464489e-18 2.222011e-18 7.519382e-19 2.504866e-19 8.212873e-20 2.650059e-20 8.414081e-21 2.628383e-21 8.076830e-22 2.441196e-22 7.256245e-23 2.120834e-23 6.094303e-24 1.721473e-24 4.779379e-25 1.303985e-25 3.495736e-26 9.206684e-27 2.381771e-27 6.051481e-28 1.509803e-28 3.698348e-29 8.893133e-30 2.098900e-30 4.861257e-31 1.104726e-31 2.462849e-32 5.385513e-33 1.154913e-33 2.428466e-34 5.006118e-35 1.011539e-35 2.003097e-36 3.886726e-37 7.388441e-38 1.375728e-38 2.508685e-39 4.479368e-40 7.830088e-41 1.339732e-41 2.243323e-42 3.675444e-43 5.891044e-44 9.235483e-45 1.415898e-45 2.122406e-46 3.110058e-47 4.454216e-48 6.233830e-49 8.523896e-50 1.138515e-50 1.485164e-51 1.891747e-52 2.352458e-53 2.855406e-54 3.382348e-55 3.909217e-56 4.407570e-57 4.846891e-58 5.197548e-59 5.434023e-60 5.537947e-61 5.500434e-62 5.323320e-63 5.019060e-64 4.609281e-65 4.122227e-66 3.589513e-67 3.042716e-68 2.510309e-69 2.015351e-70 1.574164e-71 1.196033e-72 8.837911e-74 6.350213e-75 4.435872e-76 3.011909e-77 1.987457e-78 1.274289e-79 7.937324e-81 4.802190e-82 2.821544e-83 
6.878515e-12 1.641696e-11 3.859711e-11 8.940158e-11 2.040455e-10 4.589470e-10 1.017450e-09 2.223509e-09 4.790705e-09 1.017778e-08 2.132344e-08 4.406243e-08 8.981356e-08 1.806060e-07 3.583375e-07 7.015755e-07 1.355594e-06 2.585281e-06 4.866952e-06 9.045336e-06 1.659803e-05 3.007440e-05 5.381316e-05 9.509828e-05 1.659926e-04 2.862035e-04 4.874914e-04 8.203499e-04 1.363967e-03 2.240842e-03 3.637891e-03 5.836406e-03 9.253856e-03 1.450119e-02 2.245990e-02 3.438375e-02 5.203020e-02 7.782665e-02 1.150756e-01 1.682013e-01 2.430384e-01 3.471564e-01 4.902124e-01 6.843126e-01 9.443577e-01 1.288337e+00 1.737527e+00 2.316535e+00 3.053146e+00 3.977884e+00 5.123257e+00 6.522633e+00 8.208711e+00 1.021162e+01 1.255663e+01 1.526170e+01 1.833475e+01 2.177116e+01 2.555136e+01 2.963907e+01 3.398020e+01 3.850267e+01 4.311742e+01 4.772060e+01 5.219692e+01 5.642420e+01 6.027867e+01 6.364098e+01 6.640229e+01 6.847014e+01 6.977363e+01 7.026745e+01 6.993455e+01 6.878708e+01 6.686572e+01 6.423717e+01 6.099040e+01 5.723155e+01 5.307821e+01 4.865330e+01 4.407915e+01 3.947200e+01 3.493747e+01 3.056692e+01 2.643518e+01 2.259937e+01 1.909885e+01 1.595618e+01 1.317879e+01 1.076121e+01 8.687622e+00 6.934397e+00 5.472668e+00 4.270573e+00 3.295213e+00 2.514227e+00 1.896974e+00 1.415359e+00 1.044312e+00 7.620143e-01 5.498870e-01 3.924360e-01 2.769845e-01 1.933473e-01 1.334811e-01 9.113848e-02 6.154375e-02 4.110210e-02 2.714802e-02 1.773374e-02 1.145625e-02 7.319060e-03 4.624094e-03 2.888969e-03 1.784795e-03 1.090298e-03 6.585588e-04 3.932917e-04 2.322111e-04 1.355422e-04 7.821013e-05 4.460881e-05 2.514884e-05 1.401278e-05 7.716269e-06 4.198886e-06 2.257719e-06 1.199441e-06 6.295421e-07 3.264147e-07 1.671764e-07 8.456707e-08 4.224822e-08 2.084276e-08 1.015313e-08 4.883149e-09 2.318529e-09 1.086660e-09 5.026883e-10 2.295003e-10 1.033954e-10 4.596286e-11 2.015829e-11 8.721553e-12 3.722031e-12 1.566620e-12 6.502737e-13 2.661510e-13 1.074013e-13 4.272575e-14 1.675398e-14 6.475041e-15 2.466104e-15 9.254903e-16 3.421926e-16 1.246390e-16 4.471642e-17 1.579993e-17 5.497470e-18 1.883361e-18 6.352006e-19 2.108808e-19 6.890557e-20 2.215664e-20 7.010136e-21 2.182038e-21 6.681143e-22 2.012013e-22 5.958551e-23 1.735074e-23 4.967063e-24 1.397726e-24 3.865636e-25 1.050586e-25 2.805357e-26 7.359097e-27 1.896156e-27 4.798102e-28 1.192182e-28 2.908204e-29 6.963810e-30 1.636587e-30 3.774253e-31 8.539874e-32 1.895523e-32 4.126591e-33 8.809799e-34 1.844079e-34 3.784059e-35 7.610741e-36 1.500070e-36 2.896921e-37 5.480572e-38 1.015554e-38 1.842853e-39 3.274252e-40 5.694937e-41 9.694889e-42 1.615084e-42 2.632489e-43 4.197373e-44 6.545578e-45 9.981538e-46 1.488145e-46 2.168753e-47 3.088949e-48 4.298980e-49 5.845099e-50 7.762613e-51 1.006772e-51 1.274906e-52 1.576037e-53 1.901572e-54 2.238894e-55 2.571849e-56 2.881805e-57 3.149252e-58 3.355753e-59 3.486010e-60 3.529712e-61 3.482877e-62 3.348432e-63 3.135924e-64 2.860398e-65 2.540628e-66 2.196978e-67 1.849258e-68 1.514863e-69 1.207454e-70 9.362822e-72 7.061552e-73 5.179275e-74 3.693447e-75 2.560403e-76 1.725114e-77 1.129486e-78 7.184853e-80 4.439670e-81 2.664411e-82 1.552718e-83 
6.111385e-12 1.462592e-11 3.447887e-11 8.007438e-11 1.832348e-10 4.131983e-10 9.183463e-10 2.011927e-09 4.345457e-09 9.254108e-09 1.943422e-08 4.025221e-08 8.223523e-08 1.657397e-07 3.295708e-07 6.466619e-07 1.252170e-06 2.393079e-06 4.514475e-06 8.407400e-06 1.545847e-05 2.806510e-05 5.031590e-05 8.908904e-05 1.557987e-04 2.691300e-04 4.592574e-04 7.742486e-04 1.289638e-03 2.122509e-03 3.451865e-03 5.547633e-03 8.811213e-03 1.383121e-02 2.145860e-02 3.290616e-02 4.987736e-02 7.472978e-02 1.106775e-01 1.620354e-01 2.345053e-01 3.355003e-01 4.744976e-01 6.634035e-01 9.169046e-01 1.252771e+00 1.692066e+00 2.259210e+00 2.981841e+00 3.890400e+00 5.017400e+00 6.396314e+00 8.060070e+00 1.003915e+01 1.235931e+01 1.503909e+01 1.808712e+01 2.149948e+01 2.525737e+01 2.932518e+01 3.364940e+01 3.815836e+01 4.276323e+01 4.736012e+01 5.183351e+01 5.606074e+01 5.991740e+01 6.328338e+01 6.604905e+01 6.812118e+01 6.942825e+01 6.992450e+01 6.959267e+01 6.844494e+01 6.652227e+01 6.389188e+01 6.064335e+01 5.688359e+01 5.273091e+01 4.830890e+01 4.374042e+01 3.914205e+01 3.461952e+01 3.026411e+01 2.615037e+01 2.233493e+01 1.885657e+01 1.573720e+01 1.298356e+01 1.058955e+01 8.538753e+00 6.807067e+00 5.365249e+00 4.181185e+00 3.221835e+00 2.454800e+00 1.849488e+00 1.377915e+00 1.015174e+00 7.396340e-01 5.329188e-01 3.797357e-01 2.675991e-01 1.864988e-01 1.285462e-01 8.762660e-02 5.907532e-02 3.938834e-02 2.597269e-02 1.693744e-02 1.092325e-02 6.966586e-03 4.393792e-03 2.740289e-03 1.689953e-03 1.030520e-03 6.213287e-04 3.703805e-04 2.182794e-04 1.271716e-04 7.324090e-05 4.169409e-05 2.345972e-05 1.304570e-05 7.169277e-06 3.893258e-06 2.089035e-06 1.107482e-06 5.800287e-07 3.000860e-07 1.533509e-07 7.739841e-08 3.857819e-08 1.898780e-08 9.227596e-09 4.427320e-09 2.096951e-09 9.803630e-10 4.523684e-10 2.059963e-10 9.256413e-11 4.103892e-11 1.795033e-11 7.745066e-12 3.296143e-12 1.383461e-12 5.726103e-13 2.336863e-13 9.402409e-14 3.729294e-14 1.457956e-14 5.617479e-15 2.132874e-15 7.979268e-16 2.940911e-16 1.067746e-16 3.818267e-17 1.344691e-17 4.663163e-18 1.592152e-18 5.351523e-19 1.770524e-19 5.765003e-20 1.847192e-20 5.823446e-21 1.806107e-21 5.509874e-22 1.653155e-22 4.877498e-23 1.414914e-23 4.035051e-24 1.131073e-24 3.115945e-25 8.434941e-26 2.243373e-26 5.861136e-27 1.504029e-27 3.790153e-28 9.378115e-29 2.278052e-29 5.431651e-30 1.271013e-30 2.918415e-31 6.574343e-32 1.452760e-32 3.148467e-33 6.691063e-34 1.394147e-34 2.847507e-35 5.700195e-36 1.118170e-36 2.149036e-37 4.045951e-38 7.460401e-39 1.347073e-39 2.381384e-40 4.120966e-41 6.979453e-42 1.156691e-42 1.875457e-43 2.974480e-44 4.613693e-45 6.997440e-46 1.037532e-46 1.503675e-47 2.129684e-48 2.947153e-49 3.984136e-50 5.260499e-51 6.782627e-52 8.538156e-53 1.049160e-53 1.258195e-54 1.472306e-55 1.680771e-56 1.871524e-57 2.032238e-58 2.151600e-59 2.220610e-60 2.233687e-61 2.189411e-62 2.090756e-63 1.944759e-64 1.761696e-65 1.553870e-66 1.334238e-67 1.115072e-68 9.068602e-70 7.175670e-71 5.523144e-72 4.134564e-73 3.009610e-74 2.129836e-75 1.465063e-76 9.793997e-78 6.361753e-79 4.014460e-80 2.460548e-81 1.464579e-82 8.464317e-84 
5.420602e-12 1.300888e-11 3.075112e-11 7.161019e-11 1.643027e-10 3.714779e-10 8.277531e-10 1.818063e-09 3.936557e-09 8.403933e-09 1.769150e-08 3.672988e-08 7.521472e-08 1.519391e-07 3.028123e-07 5.954801e-07 1.155587e-06 2.213246e-06 4.184062e-06 7.808290e-06 1.438632e-05 2.617127e-05 4.701378e-05 8.340520e-05 1.461401e-04 2.529256e-04 4.324149e-04 7.303456e-04 1.218736e-03 2.009442e-03 3.273824e-03 5.270798e-03 8.386173e-03 1.318682e-02 2.049397e-02 3.148038e-02 4.779663e-02 7.173185e-02 1.064132e-01 1.560476e-01 2.262057e-01 3.241456e-01 4.591660e-01 6.429740e-01 8.900424e-01 1.217921e+00 1.647460e+00 2.202890e+00 2.911699e+00 3.804244e+00 4.913036e+00 6.271653e+00 7.913247e+00 9.868651e+00 1.216412e+01 1.481877e+01 1.784193e+01 2.123043e+01 2.496621e+01 2.901436e+01 3.332194e+01 3.781772e+01 4.241308e+01 4.700410e+01 5.147501e+01 5.570264e+01 5.956195e+01 6.293202e+01 6.570242e+01 6.777913e+01 6.908998e+01 6.958874e+01 6.925793e+01 6.810979e+01 6.618555e+01 6.355295e+01 6.030227e+01 5.654113e+01 5.238864e+01 4.796906e+01 4.340580e+01 3.881580e+01 3.430492e+01 2.996435e+01 2.586832e+01 2.207303e+01 1.861664e+01 1.552039e+01 1.279036e+01 1.041976e+01 8.391610e+00 6.681315e+00 5.259259e+00 4.093076e+00 3.149587e+00 2.396358e+00 1.802846e+00 1.341185e+00 9.866304e-01 7.177415e-01 5.163446e-01 3.673487e-01 2.584591e-01 1.798397e-01 1.237553e-01 8.422255e-02 5.668651e-02 3.773252e-02 2.483892e-02 1.617054e-02 1.041078e-02 6.628237e-03 4.173082e-03 2.598037e-03 1.599362e-03 9.735152e-04 5.858854e-04 3.486055e-04 2.050611e-04 1.192433e-04 6.854231e-05 3.894293e-05 2.186821e-05 1.213614e-05 6.655755e-06 3.606862e-06 1.931263e-06 1.021637e-06 5.338973e-07 2.756044e-07 1.405215e-07 7.075996e-08 3.518680e-08 1.727738e-08 8.376058e-09 4.008874e-09 1.894012e-09 8.832361e-10 4.064994e-10 1.846235e-10 8.273941e-11 3.658391e-11 1.595781e-11 6.866173e-12 2.913847e-12 1.219498e-12 5.032794e-13 2.047864e-13 8.215002e-14 3.248464e-14 1.266080e-14 4.863020e-15 1.840603e-15 6.863899e-16 2.521651e-16 9.125336e-17 3.252429e-17 1.141582e-17 3.945396e-18 1.342463e-18 4.496615e-19 1.482460e-19 4.809898e-20 1.535627e-20 4.823623e-21 1.490522e-21 4.530232e-22 1.354122e-22 3.980055e-23 1.150141e-23 3.267239e-24 9.122512e-25 2.503152e-25 6.748916e-26 1.787676e-26 4.651419e-27 1.188657e-27 2.982871e-28 7.349382e-29 1.777610e-29 4.220091e-30 9.831882e-31 2.247554e-31 5.040465e-32 1.108782e-32 2.392016e-33 5.060009e-34 1.049382e-34 2.133228e-35 4.249978e-36 8.296725e-37 1.586796e-37 2.972718e-38 5.454152e-39 9.798600e-40 1.723400e-40 2.966983e-41 4.998870e-42 8.240944e-43 1.329078e-43 2.096584e-44 3.234309e-45 4.878397e-46 7.193125e-47 1.036624e-47 1.459841e-48 2.008577e-49 2.699523e-50 3.543382e-51 4.541488e-52 5.682559e-53 6.940192e-54 8.271739e-55 9.619129e-56 1.091199e-56 1.207305e-57 1.302537e-58 1.370058e-59 1.404684e-60 1.403539e-61 1.366443e-62 1.295972e-63 1.197158e-64 1.076899e-65 9.431521e-67 8.040578e-68 6.671255e-69 5.385906e-70 4.230165e-71 3.231616e-72 2.400841e-73 1.734224e-74 1.217765e-75 8.311051e-77 5.511904e-78 3.551564e-79 2.222951e-80 1.351303e-81 7.976440e-83 4.571103e-84 
4.799699e-12 1.155150e-11 2.738254e-11 6.394164e-11 1.471065e-10 3.334879e-10 7.450581e-10 1.640674e-09 3.561527e-09 7.622381e-09 1.608582e-08 3.347735e-08 6.871791e-08 1.391409e-07 2.779456e-07 5.478198e-07 1.065468e-06 2.045122e-06 3.874567e-06 7.246046e-06 1.337827e-05 2.438741e-05 4.389779e-05 7.803218e-05 1.369936e-04 2.375536e-04 4.069075e-04 6.885551e-04 1.151130e-03 1.901451e-03 3.103490e-03 5.005508e-03 7.978180e-03 1.256726e-02 1.956498e-02 3.010501e-02 4.578621e-02 6.883052e-02 1.022797e-01 1.502341e-01 2.181350e-01 3.130870e-01 4.442113e-01 6.230170e-01 8.637630e-01 1.183779e+00 1.603701e+00 2.147566e+00 2.842711e+00 3.719404e+00 4.810153e+00 6.148637e+00 7.768230e+00 9.700120e+00 1.197104e+01 1.460073e+01 1.759918e+01 2.096400e+01 2.467787e+01 2.870660e+01 3.299783e+01 3.748076e+01 4.206697e+01 4.665255e+01 5.112142e+01 5.534994e+01 5.921236e+01 6.258697e+01 6.536247e+01 6.744407e+01 6.875889e+01 6.926025e+01 6.893043e+01 6.778171e+01 6.585564e+01 6.322048e+01 5.996719e+01 5.620422e+01 5.205142e+01 4.763380e+01 4.307530e+01 3.849326e+01 3.399365e+01 2.966760e+01 2.558904e+01 2.181366e+01 1.837905e+01 1.530575e+01 1.259916e+01 1.025183e+01 8.246181e+00 6.557129e+00 5.154687e+00 4.006235e+00 3.078458e+00 2.338890e+00 1.757040e+00 1.305161e+00 9.586742e-01 6.963300e-01 5.001585e-01 3.552698e-01 2.495602e-01 1.733663e-01 1.191053e-01 8.092393e-02 5.437540e-02 3.613315e-02 2.374560e-02 1.543221e-02 9.918198e-03 6.303563e-03 3.961644e-03 2.461988e-03 1.512866e-03 9.191791e-04 5.521585e-04 3.279204e-04 1.925260e-04 1.117378e-04 6.410216e-05 3.634774e-05 2.036963e-05 1.128126e-05 6.174004e-06 3.338693e-06 1.783818e-06 9.415681e-07 4.909560e-07 2.528624e-07 1.286285e-07 6.461916e-08 3.205645e-08 1.570211e-08 7.593580e-09 3.625254e-09 1.708402e-09 7.946161e-10 3.647505e-10 1.652191e-10 7.384232e-11 3.256001e-11 1.416287e-11 6.076570e-12 2.571333e-12 1.073007e-12 4.415123e-13 1.791139e-13 7.163290e-14 2.823852e-14 1.097152e-14 4.200831e-15 1.584877e-15 5.891080e-16 2.157149e-16 7.780322e-17 2.763710e-17 9.667409e-18 3.329619e-18 1.128989e-18 3.768239e-19 1.237894e-19 4.001902e-20 1.273000e-20 3.983918e-21 1.226455e-21 3.713572e-22 1.105781e-22 3.237590e-23 9.319381e-24 2.636946e-24 7.333318e-25 2.004103e-25 5.381390e-26 1.419573e-26 3.678268e-27 9.360173e-28 2.338898e-28 5.737955e-29 1.381822e-29 3.266075e-30 7.575462e-31 1.723970e-31 3.848719e-32 8.427455e-33 1.809661e-33 3.810180e-34 7.864420e-35 1.591060e-35 3.154492e-36 6.128018e-37 1.166223e-37 2.173891e-38 3.968358e-39 7.092886e-40 1.241069e-40 2.125449e-41 3.562116e-42 5.841015e-43 9.369386e-44 1.469927e-44 2.255078e-45 3.382413e-46 4.959173e-47 7.106036e-48 9.949433e-49 1.360941e-49 1.818306e-50 2.372456e-51 3.022379e-52 3.758680e-53 4.562189e-54 5.403537e-55 6.244036e-56 7.038019e-57 7.736565e-58 8.292276e-59 8.664471e-60 8.824049e-61 8.757218e-62 8.467432e-63 7.975158e-64 7.315498e-65 6.534021e-66 5.681516e-67 4.808508e-68 3.960357e-69 3.173596e-70 2.473879e-71 1.875560e-72 1.382692e-73 9.910122e-75 6.904127e-76 4.674473e-77 3.075166e-78 1.965330e-79 1.219980e-80 7.354276e-82 4.304451e-83 2.445725e-84 
4.242622e-12 1.024033e-11 2.434367e-11 5.700524e-11 1.315114e-10 2.989469e-10 6.696814e-10 1.478585e-09 3.218015e-09 6.904817e-09 1.460819e-08 3.047739e-08 6.271224e-08 1.272844e-07 2.548594e-07 5.034795e-07 9.814560e-07 1.888073e-06 3.584891e-06 6.718787e-06 1.243115e-05 2.270823e-05 4.095925e-05 7.295593e-05 1.283368e-04 2.229788e-04 3.826808e-04 6.487938e-04 1.086697e-03 1.798351e-03 2.940596e-03 4.751375e-03 7.586691e-03 1.197177e-02 1.867060e-02 2.877869e-02 4.384429e-02 6.602347e-02 9.827394e-02 1.445913e-01 2.102890e-01 3.023192e-01 4.296275e-01 6.035254e-01 8.380585e-01 1.150336e+00 1.560777e+00 2.093226e+00 2.774865e+00 3.635870e+00 4.708740e+00 6.027254e+00 7.625006e+00 9.533537e+00 1.178007e+01 1.438494e+01 1.735886e+01 2.070017e+01 2.439234e+01 2.840188e+01 3.267704e+01 3.714745e+01 4.172492e+01 4.630547e+01 5.077278e+01 5.500267e+01 5.886868e+01 6.224828e+01 6.502928e+01 6.711607e+01 6.843507e+01 6.893911e+01 6.861024e+01 6.746079e+01 6.553260e+01 6.289451e+01 5.963819e+01 5.587289e+01 5.171929e+01 4.730312e+01 4.274893e+01 3.817442e+01 3.368572e+01 2.937387e+01 2.531249e+01 2.155680e+01 1.814377e+01 1.509327e+01 1.240996e+01 1.008575e+01 8.102454e+00 6.434500e+00 5.051523e+00 3.920652e+00 3.008440e+00 2.282387e+00 1.712061e+00 1.269835e+00 9.312980e-01 6.753931e-01 4.843545e-01 3.434941e-01 2.408979e-01 1.670750e-01 1.145934e-01 7.772834e-02 5.214011e-02 3.458878e-02 2.269161e-02 1.472162e-02 9.444911e-03 5.992125e-03 3.759166e-03 2.331924e-03 1.430315e-03 8.674097e-04 5.200800e-04 3.082804e-04 1.806451e-04 1.046366e-04 5.990871e-05 3.390118e-05 1.895948e-05 1.047833e-05 5.722393e-06 3.087790e-06 1.646137e-06 8.669525e-07 4.510216e-07 2.317571e-07 1.176151e-07 5.894491e-08 2.917037e-08 1.425306e-08 6.875475e-09 3.274027e-09 1.538876e-09 7.138753e-10 3.268091e-10 1.476298e-10 6.579848e-11 2.893170e-11 1.254878e-11 5.368483e-12 2.265042e-12 9.423832e-13 3.865953e-13 1.563559e-13 6.233769e-14 2.449716e-14 9.487640e-15 3.620986e-15 1.361663e-15 5.044683e-16 1.841053e-16 6.617793e-17 2.342718e-17 8.166422e-18 2.802804e-18 9.469928e-19 3.149463e-19 1.030872e-19 3.320419e-20 1.052307e-20 3.280903e-21 1.006203e-21 3.035000e-22 9.002238e-23 2.625422e-23 7.527338e-24 2.121358e-24 5.875607e-25 1.599163e-25 4.276300e-26 1.123345e-26 2.898416e-27 7.344179e-28 1.827228e-28 4.463138e-29 1.070081e-29 2.517974e-30 5.813983e-31 1.317082e-31 2.926822e-32 6.378988e-33 1.363346e-33 2.856836e-34 5.868338e-35 1.181465e-35 2.330915e-36 4.505639e-37 8.531666e-38 1.582274e-38 2.873572e-39 5.109486e-40 8.893405e-41 1.515010e-41 2.525458e-42 4.118714e-43 6.570514e-44 1.025115e-44 1.563866e-45 2.332376e-46 3.400069e-47 4.843776e-48 6.742251e-49 9.167838e-50 1.217549e-50 1.578992e-51 1.999231e-52 2.470878e-53 2.980301e-54 3.507559e-55 4.027175e-56 4.509845e-57 4.924965e-58 5.243721e-59 5.442335e-60 5.504969e-61 5.425785e-62 5.209822e-63 4.872480e-64 4.437708e-65 3.935168e-66 3.396866e-67 2.853770e-68 2.332920e-69 1.855394e-70 1.435302e-71 1.079785e-72 7.898302e-74 5.616287e-75 3.881509e-76 2.606783e-77 1.700904e-78 1.078062e-79 6.636134e-81 3.966555e-82 2.301754e-83 1.296498e-84 
3.743720e-12 9.062760e-12 2.160688e-11 5.074133e-11 1.173906e-10 2.675891e-10 6.010748e-10 1.330682e-09 2.903790e-09 6.246836e-09 1.325003e-08 2.771356e-08 5.716667e-08 1.163118e-07 2.334474e-07 4.622666e-07 9.032050e-07 1.741494e-06 3.313979e-06 6.224705e-06 1.154189e-05 2.112863e-05 3.818977e-05 6.816290e-05 1.201480e-04 2.091673e-04 3.596818e-04 6.109810e-04 1.025314e-03 1.699963e-03 2.784879e-03 4.508026e-03 7.211179e-03 1.139961e-02 1.780982e-02 2.750007e-02 4.196911e-02 6.330843e-02 9.439317e-02 1.391157e-01 2.026631e-01 2.918370e-01 4.154084e-01 5.844922e-01 8.129212e-01 1.117583e+00 1.518681e+00 2.039862e+00 2.708151e+00 3.553629e+00 4.608785e+00 5.907491e+00 7.483562e+00 9.368890e+00 1.159118e+01 1.417139e+01 1.712093e+01 2.043892e+01 2.410960e+01 2.810019e+01 3.235957e+01 3.681781e+01 4.138691e+01 4.596289e+01 5.042911e+01 5.466086e+01 5.853096e+01 6.191601e+01 6.470293e+01 6.679522e+01 6.811862e+01 6.862543e+01 6.829747e+01 6.714711e+01 6.521653e+01 6.257512e+01 5.931531e+01 5.554718e+01 5.139226e+01 4.697705e+01 4.242669e+01 3.785928e+01 3.338111e+01 2.908314e+01 2.503868e+01 2.130245e+01 1.791081e+01 1.488292e+01 1.222274e+01 9.921505e+00 7.960417e+00 6.313415e+00 4.949756e+00 3.836318e+00 2.939522e+00 2.226841e+00 1.667901e+00 1.235200e+00 9.044945e-01 6.549240e-01 4.689268e-01 3.320163e-01 2.324681e-01 1.609622e-01 1.102164e-01 7.463343e-02 4.997878e-02 3.309797e-02 2.167586e-02 1.403796e-02 8.990323e-03 5.693495e-03 3.565343e-03 2.207631e-03 1.351563e-03 8.181081e-04 4.895839e-04 2.896421e-04 1.693902e-04 9.792171e-05 5.595062e-05 3.159621e-05 1.763345e-05 9.724743e-06 5.299356e-06 2.853228e-06 1.517684e-06 7.974810e-07 4.139185e-07 2.121904e-07 1.074268e-07 5.370756e-08 2.651260e-08 1.292176e-08 6.217289e-09 2.952889e-09 1.384257e-09 6.404205e-10 2.923806e-10 1.317108e-10 5.853804e-11 2.566568e-11 1.109989e-11 4.734661e-12 1.991662e-12 8.261347e-13 3.378671e-13 1.362234e-13 5.414001e-14 2.120780e-14 8.187148e-15 3.114426e-15 1.167293e-15 4.310079e-16 1.567622e-16 5.615571e-17 1.981020e-17 6.881306e-18 2.353338e-18 7.922694e-19 2.625303e-19 8.561432e-20 2.747359e-20 8.674161e-21 2.694157e-21 8.230789e-22 2.472988e-22 7.306392e-23 2.122374e-23 6.060604e-24 1.701066e-24 4.692166e-25 1.271767e-25 3.386551e-26 8.858447e-27 2.275832e-27 5.741665e-28 1.422270e-28 3.458628e-29 8.255313e-30 1.933752e-30 4.444620e-31 1.002221e-31 2.216742e-32 4.808579e-33 1.022810e-33 2.132925e-34 4.359975e-35 8.734640e-36 1.714679e-36 3.297776e-37 6.212738e-38 1.146281e-38 2.070938e-39 3.662964e-40 6.341746e-41 1.074524e-41 1.781453e-42 2.889371e-43 4.583761e-44 7.111299e-45 1.078704e-45 1.599560e-46 2.318249e-47 3.283211e-48 4.542899e-49 6.140153e-50 8.105007e-51 1.044651e-51 1.314463e-52 1.614358e-53 1.934822e-54 2.262487e-55 2.580773e-56 2.871090e-57 3.114520e-58 3.293797e-59 3.395301e-60 3.410744e-61 3.338285e-62 3.182842e-63 2.955549e-64 2.672430e-65 2.352524e-66 2.015743e-67 1.680831e-68 1.363689e-69 1.076275e-70 8.261586e-72 6.166667e-73 4.475074e-74 3.156664e-75 2.163970e-76 1.441403e-77 9.327131e-79 5.862150e-80 3.577917e-81 2.120248e-82 1.219680e-83 6.809696e-85 
3.297731e-12 8.007048e-12 1.914633e-11 4.509400e-11 1.046249e-10 2.391643e-10 5.387215e-10 1.195912e-09 2.616740e-09 5.644265e-09 1.200321e-08 2.517025e-08 5.205163e-08 1.061678e-07 2.136082e-07 4.239970e-07 8.303861e-07 1.604802e-06 3.060819e-06 5.762064e-06 1.070757e-05 1.964372e-05 3.558131e-05 6.364001e-05 1.124065e-04 1.960861e-04 3.378594e-04 5.750387e-04 9.668648e-04 1.606112e-03 2.636085e-03 4.275094e-03 6.851124e-03 1.085007e-02 1.698167e-02 2.626785e-02 4.015895e-02 6.068315e-02 9.063452e-02 1.338037e-01 1.952531e-01 2.816353e-01 4.015479e-01 5.659105e-01 7.883430e-01 1.085512e+00 1.477403e+00 1.987463e+00 2.642558e+00 3.472671e+00 4.510275e+00 5.789337e+00 7.343885e+00 9.206163e+00 1.140437e+01 1.396007e+01 1.688540e+01 2.018024e+01 2.382962e+01 2.780152e+01 3.204541e+01 3.649180e+01 4.105294e+01 4.562480e+01 5.009042e+01 5.432455e+01 5.819925e+01 6.159023e+01 6.438347e+01 6.648161e+01 6.780962e+01 6.831930e+01 6.799221e+01 6.684076e+01 6.490749e+01 6.226237e+01 5.899861e+01 5.522715e+01 5.107039e+01 4.665561e+01 4.210859e+01 3.754784e+01 3.307982e+01 2.879540e+01 2.476757e+01 2.105058e+01 1.768013e+01 1.467468e+01 1.203749e+01 9.759080e+00 7.820058e+00 6.193863e+00 4.849375e+00 3.753222e+00 2.871694e+00 2.172241e+00 1.624551e+00 1.201246e+00 8.782563e-01 6.349162e-01 4.538696e-01 3.208315e-01 2.242663e-01 1.550243e-01 1.059717e-01 7.163688e-02 4.788960e-02 3.165932e-02 2.069729e-02 1.338043e-02 8.553850e-03 5.407254e-03 3.379880e-03 2.088905e-03 1.276468e-03 7.711783e-04 4.606064e-04 2.719635e-04 1.587341e-04 9.157575e-05 5.221695e-05 2.942604e-05 1.638736e-05 9.017972e-06 4.903391e-06 2.634121e-06 1.397943e-06 7.328580e-07 3.794793e-07 1.940683e-07 9.801202e-08 4.887890e-08 2.406797e-08 1.170015e-08 5.614803e-09 2.659660e-09 1.243433e-09 5.736926e-10 2.611874e-10 1.173265e-10 5.199551e-11 2.273081e-11 9.801596e-12 4.168355e-12 1.748119e-12 7.228822e-13 2.947175e-13 1.184505e-13 4.692570e-14 1.832219e-14 7.049948e-15 2.672914e-15 9.984411e-16 3.674057e-16 1.331686e-16 4.753756e-17 1.671076e-17 5.783955e-18 1.970911e-18 6.610986e-19 2.182557e-19 7.090994e-20 2.266901e-20 7.129889e-21 2.205962e-21 6.713020e-22 2.009006e-22 5.911888e-23 1.710371e-23 4.864190e-24 1.359636e-24 3.734759e-25 1.008010e-25 2.672781e-26 6.961323e-27 1.780668e-27 4.472687e-28 1.103012e-28 2.670232e-29 6.344602e-30 1.479368e-30 3.384490e-31 7.595973e-32 1.672147e-32 3.609883e-33 7.641276e-34 1.585690e-34 3.225339e-35 6.429270e-36 1.255744e-36 2.402796e-37 4.503312e-38 8.265490e-39 1.485417e-39 2.613318e-40 4.500090e-41 7.583248e-42 1.250300e-42 2.016586e-43 3.181136e-44 4.907143e-45 7.400720e-46 1.091027e-46 1.571920e-47 2.212969e-48 3.043593e-49 4.088652e-50 5.363789e-51 6.870312e-52 8.590326e-53 1.048301e-53 1.248303e-54 1.450194e-55 1.643305e-56 1.815978e-57 1.956667e-58 2.055185e-59 2.103905e-60 2.098727e-61 2.039643e-62 1.930785e-63 1.779955e-64 1.597690e-65 1.396042e-66 1.187245e-67 9.824979e-69 7.910187e-70 6.194692e-71 4.717860e-72 3.493633e-73 2.514962e-74 1.759636e-75 1.196375e-76 7.902799e-78 5.070845e-79 3.159967e-80 1.912077e-81 1.123226e-82 6.404515e-84 3.543911e-85 
2.899772e-12 7.062254e-12 1.693793e-11 4.001094e-11 9.310257e-11 2.134377e-10 4.821347e-10 1.073282e-09 2.354870e-09 5.093152e-09 1.086002e-08 2.283264e-08 4.733903e-08 9.680007e-08 1.952449e-07 3.884948e-07 7.626842e-07 1.477442e-06 2.824443e-06 5.329200e-06 9.925366e-06 1.824878e-05 3.312612e-05 5.937467e-05 1.050919e-04 1.837033e-04 3.171644e-04 5.408911e-04 9.112342e-04 1.516629e-03 2.493966e-03 4.052222e-03 6.506023e-03 1.032245e-02 1.618518e-02 2.508073e-02 3.841209e-02 5.814543e-02 8.699517e-02 1.286518e-01 1.880547e-01 2.717090e-01 3.880401e-01 5.477733e-01 7.643163e-01 1.054114e+00 1.436932e+00 1.936018e+00 2.578075e+00 3.392984e+00 4.413200e+00 5.672778e+00 7.205961e+00 9.045344e+00 1.121962e+01 1.375096e+01 1.665223e+01 1.992410e+01 2.355240e+01 2.750584e+01 3.173453e+01 3.616944e+01 4.072303e+01 4.529122e+01 4.975674e+01 5.399377e+01 5.787359e+01 6.127099e+01 6.407099e+01 6.617532e+01 6.750817e+01 6.802081e+01 6.769454e+01 6.654184e+01 6.460558e+01 6.195635e+01 5.868815e+01 5.491283e+01 5.075368e+01 4.633881e+01 4.179464e+01 3.724011e+01 3.278184e+01 2.851063e+01 2.449917e+01 2.080118e+01 1.745172e+01 1.446856e+01 1.185419e+01 9.598462e+00 7.681365e+00 6.075832e+00 4.750369e+00 3.671353e+00 2.804948e+00 2.118580e+00 1.582002e+00 1.167966e+00 8.525760e-01 6.153630e-01 4.391771e-01 3.099347e-01 2.162885e-01 1.492579e-01 1.018562e-01 6.873638e-02 4.587076e-02 3.027145e-02 1.975485e-02 1.274825e-02 8.134924e-03 5.132994e-03 3.202487e-03 1.975543e-03 1.204893e-03 7.265274e-04 4.330854e-04 2.552040e-04 1.486506e-04 8.558199e-05 4.869718e-05 2.738414e-05 1.521722e-05 8.355602e-06 4.533055e-06 2.429622e-06 1.286421e-06 6.728008e-07 3.475438e-07 1.773016e-07 8.932137e-08 4.443210e-08 2.182205e-08 1.058058e-08 5.064024e-09 2.392278e-09 1.115356e-09 5.131653e-10 2.329691e-10 1.043499e-10 4.610969e-11 2.009803e-11 8.640312e-12 3.663302e-12 1.531568e-12 6.313523e-13 2.565848e-13 1.027932e-13 4.059037e-14 1.579633e-14 6.057777e-15 2.288985e-15 8.521051e-16 3.124722e-16 1.128611e-16 4.014563e-17 1.406173e-17 4.849426e-18 1.646408e-18 5.502039e-19 1.809638e-19 5.857117e-20 1.865270e-20 5.843940e-21 1.801011e-21 5.458998e-22 1.627175e-22 4.768900e-23 1.374050e-23 3.891557e-24 1.083221e-24 2.962912e-25 7.962750e-26 2.102248e-26 5.451481e-27 1.388313e-27 3.471637e-28 8.522883e-29 2.053878e-29 4.857673e-30 1.127397e-30 2.567135e-31 5.734188e-32 1.256243e-32 2.698861e-33 5.684844e-34 1.173851e-34 2.375686e-35 4.711621e-36 9.155473e-37 1.742783e-37 3.249231e-38 5.932179e-39 1.060390e-39 1.855479e-40 3.177644e-41 5.325166e-42 8.730905e-43 1.400239e-43 2.196244e-44 3.368311e-45 5.050268e-46 7.401240e-47 1.059983e-47 1.483250e-48 2.027525e-49 2.706889e-50 3.528922e-51 4.491549e-52 5.580169e-53 6.765656e-54 8.003834e-55 9.236889e-56 1.039696e-56 1.141180e-57 1.221186e-58 1.273804e-59 1.294881e-60 1.282557e-61 1.237531e-62 1.163003e-63 1.064300e-64 9.482411e-66 8.223526e-67 6.940570e-68 5.699585e-69 4.553192e-70 3.537747e-71 2.672944e-72 1.963446e-73 1.401939e-74 9.728247e-76 6.559200e-77 4.296289e-78 2.733245e-79 1.688583e-80 1.012844e-81 5.897343e-83 3.332593e-84 1.827424e-85 
2.545321e-12 6.218225e-12 1.495923e-11 3.544336e-11 8.271918e-11 1.901890e-10 4.308572e-10 9.618573e-10 2.116298e-09 4.589763e-09 9.813164e-09 2.068666e-08 4.300215e-08 8.815850e-08 1.782654e-07 3.555922e-07 6.997986e-07 1.358881e-06 2.603923e-06 4.924517e-06 9.192567e-06 1.693930e-05 3.081672e-05 5.535476e-05 9.818498e-05 1.719884e-04 2.975488e-04 5.084650e-04 8.583118e-04 1.431349e-03 2.358279e-03 3.839063e-03 6.175382e-03 9.816056e-03 1.541942e-02 2.393744e-02 3.672686e-02 5.569309e-02 8.347234e-02 1.236565e-01 1.810636e-01 2.620529e-01 3.748790e-01 5.300738e-01 7.408331e-01 1.023380e+00 1.397260e+00 1.885518e+00 2.514693e+00 3.314557e+00 4.317548e+00 5.557802e+00 7.069777e+00 8.886417e+00 1.103690e+01 1.354404e+01 1.642141e+01 1.967050e+01 2.327791e+01 2.721314e+01 3.142693e+01 3.585071e+01 4.039716e+01 4.496215e+01 4.942809e+01 5.366856e+01 5.755404e+01 6.095836e+01 6.376557e+01 6.587643e+01 6.721436e+01 6.773006e+01 6.740457e+01 6.625043e+01 6.431087e+01 6.165712e+01 5.838399e+01 5.460426e+01 5.044218e+01 4.602667e+01 4.148484e+01 3.693607e+01 3.248716e+01 2.822883e+01 2.423345e+01 2.055423e+01 1.722558e+01 1.426452e+01 1.167283e+01 9.439640e+00 7.544324e+00 5.959312e+00 4.652727e+00 3.590702e+00 2.739273e+00 2.065847e+00 1.540245e+00 1.135353e+00 8.274466e-01 5.962581e-01 4.248435e-01 2.993209e-01 2.085304e-01 1.436594e-01 9.786711e-02 6.592969e-02 4.392050e-02 2.893298e-02 1.884751e-02 1.214066e-02 7.732991e-03 4.870316e-03 3.032884e-03 1.867350e-03 1.136703e-03 6.840651e-04 4.069611e-04 2.393245e-04 1.391145e-04 7.992430e-05 4.538118e-05 2.546423e-05 1.411918e-05 7.735313e-06 4.186968e-06 2.238917e-06 1.182647e-06 6.170395e-07 3.179596e-07 1.618051e-07 8.130798e-08 4.034169e-08 1.976119e-08 9.555830e-09 4.561180e-09 2.148802e-09 9.990396e-10 4.583444e-10 2.074816e-10 9.266183e-11 4.082351e-11 1.774035e-11 7.603434e-12 3.213709e-12 1.339384e-12 5.503730e-13 2.229537e-13 8.902837e-14 3.503878e-14 1.359021e-14 5.194086e-15 1.955900e-15 7.255823e-16 2.651409e-16 9.542531e-17 3.382153e-17 1.180352e-17 4.055671e-18 1.371802e-18 4.567104e-19 1.496422e-19 4.824727e-20 1.530519e-20 4.776310e-21 1.466135e-21 4.426117e-22 1.313946e-22 3.835091e-23 1.100410e-23 3.103496e-24 8.602028e-25 2.342819e-25 6.269016e-26 1.647845e-26 4.254247e-27 1.078576e-27 2.684925e-28 6.561420e-29 1.573903e-29 3.705120e-30 8.558541e-31 1.939539e-31 4.311479e-32 9.399615e-33 2.009445e-33 4.211630e-34 8.652814e-35 1.742297e-35 3.437704e-36 6.645375e-37 1.258340e-37 2.333599e-38 4.237654e-39 7.533852e-40 1.311056e-40 2.232843e-41 3.720894e-42 6.066070e-43 9.672909e-44 1.508392e-44 2.299835e-45 3.427845e-46 4.993496e-47 7.108260e-48 9.885828e-49 1.342979e-49 1.781753e-50 2.308140e-51 2.918958e-52 3.602956e-53 4.339797e-54 5.100031e-55 5.846322e-56 6.536004e-57 7.124833e-58 7.571514e-59 7.842406e-60 7.915659e-61 7.784102e-62 7.456350e-63 6.955891e-64 6.318305e-65 5.587045e-66 4.808506e-67 4.027145e-68 3.281378e-69 2.600759e-70 2.004665e-71 1.502433e-72 1.094645e-73 7.751585e-75 5.334097e-76 3.566147e-77 2.315903e-78 1.460629e-79 8.944870e-81 5.317886e-82 3.068684e-83 1.718427e-84 9.336721e-86 
2.230202e-12 5.465557e-12 1.318940e-11 3.134581e-11 7.337718e-11 1.692121e-10 3.844604e-10 8.607600e-10 1.899250e-09 4.130574e-09 8.855739e-09 1.871898e-08 3.901567e-08 8.019564e-08 1.625818e-07 3.251296e-07 6.414421e-07 1.248610e-06 2.398371e-06 4.546487e-06 8.506579e-06 1.571092e-05 2.864595e-05 5.156858e-05 9.166685e-05 1.609116e-04 2.789664e-04 4.776893e-04 8.079902e-04 1.350111e-03 2.228792e-03 3.635278e-03 5.858721e-03 9.330219e-03 1.468346e-02 2.283674e-02 3.510160e-02 5.332399e-02 8.006332e-02 1.188145e-01 1.742758e-01 2.526620e-01 3.620586e-01 5.128050e-01 7.178859e-01 9.933020e-01 1.358378e+00 1.835953e+00 2.452399e+00 3.237379e+00 4.223306e+00 5.444397e+00 6.935320e+00 8.729368e+00 1.085622e+01 1.333929e+01 1.619293e+01 1.941940e+01 2.300614e+01 2.692340e+01 3.112259e+01 3.553560e+01 4.007533e+01 4.463760e+01 4.910449e+01 5.334895e+01 5.724063e+01 6.065241e+01 6.346727e+01 6.558503e+01 6.692828e+01 6.744715e+01 6.712240e+01 6.596663e+01 6.402345e+01 6.136474e+01 5.808618e+01 5.430150e+01 5.013591e+01 4.571921e+01 4.117920e+01 3.663572e+01 3.219577e+01 2.794998e+01 2.397039e+01 2.030971e+01 1.700167e+01 1.406256e+01 1.149339e+01 9.282599e+00 7.408925e+00 5.844289e+00 4.556439e+00 3.511258e+00 2.674659e+00 2.014034e+00 1.499273e+00 1.103397e+00 8.028605e-01 5.775948e-01 4.108632e-01 2.889852e-01 2.009877e-01 1.382253e-01 9.400171e-02 6.321457e-02 4.203706e-02 2.764260e-02 1.797427e-02 1.155692e-02 7.347507e-03 4.618831e-03 2.870795e-03 1.764136e-03 1.071769e-03 6.437040e-04 3.821754e-04 2.242869e-04 1.301011e-04 7.458712e-05 4.225918e-05 2.366026e-05 1.308956e-05 7.154881e-06 3.863806e-06 2.061231e-06 1.086171e-06 5.653165e-07 2.905811e-07 1.474977e-07 7.392732e-08 3.658350e-08 1.787246e-08 8.619073e-09 4.102711e-09 1.927403e-09 8.935567e-10 4.087667e-10 1.844966e-10 8.215156e-11 3.608383e-11 1.563267e-11 6.679297e-12 2.814225e-12 1.169150e-12 4.788691e-13 1.933528e-13 7.695239e-14 3.018438e-14 1.166758e-14 4.443930e-15 1.667592e-15 6.164489e-16 2.244585e-16 8.049220e-17 2.842472e-17 9.883458e-18 3.383269e-18 1.140048e-18 3.781051e-19 1.234090e-19 3.963406e-20 1.252330e-20 3.892584e-21 1.190053e-21 3.578020e-22 1.057806e-22 3.074634e-23 8.785014e-24 2.467114e-24 6.808782e-25 1.846367e-25 4.918911e-26 1.287230e-26 3.308353e-27 8.349654e-28 2.068986e-28 5.032798e-29 1.201585e-29 2.815282e-30 6.472028e-31 1.459614e-31 3.228805e-32 7.004529e-33 1.489962e-33 3.107106e-34 6.351062e-35 1.272243e-35 2.497188e-36 4.801891e-37 9.044321e-38 1.668261e-38 3.012988e-39 5.327178e-40 9.218989e-41 1.561261e-41 2.586977e-42 4.193277e-43 6.647774e-44 1.030572e-44 1.561986e-45 2.314138e-46 3.350664e-47 4.740433e-48 6.551885e-49 8.844851e-50 1.166019e-50 1.500812e-51 1.885671e-52 2.312273e-53 2.766679e-54 3.229524e-55 3.676979e-56 4.082532e-57 4.419433e-58 4.663525e-59 4.796068e-60 4.806087e-61 4.691865e-62 4.461274e-63 4.130893e-64 3.724024e-65 3.267959e-66 2.790927e-67 2.319211e-68 1.874840e-69 1.474119e-70 1.127090e-71 8.378268e-73 6.053873e-74 4.251174e-75 2.900647e-76 1.922672e-77 1.237811e-78 7.738513e-80 4.697101e-81 2.767499e-82 1.582512e-83 8.780623e-85 4.726509e-86 
1.950569e-12 4.795565e-12 1.160913e-11 2.767611e-11 6.498576e-11 1.503146e-10 3.425430e-10 7.691658e-10 1.702061e-09 3.712266e-09 7.981228e-09 1.691702e-08 3.535559e-08 7.286641e-08 1.481108e-07 2.969545e-07 5.873408e-07 1.146146e-06 2.206938e-06 4.193644e-06 7.864914e-06 1.455947e-05 2.660689e-05 4.800491e-05 8.551948e-05 1.504444e-04 2.613726e-04 4.484954e-04 7.601654e-04 1.272761e-03 2.105275e-03 3.440537e-03 5.555571e-03 8.864282e-03 1.397641e-02 2.177741e-02 3.353472e-02 5.103602e-02 7.676540e-02 1.141224e-01 1.676869e-01 2.435312e-01 3.495731e-01 4.959602e-01 6.954667e-01 9.638711e-01 1.320275e+00 1.787313e+00 2.391183e+00 3.161439e+00 4.130462e+00 5.332550e+00 6.802576e+00 8.574183e+00 1.067754e+01 1.313671e+01 1.596676e+01 1.917078e+01 2.273705e+01 2.663660e+01 3.082150e+01 3.522410e+01 3.975754e+01 4.431758e+01 4.878595e+01 5.303497e+01 5.693343e+01 6.035319e+01 6.317619e+01 6.530122e+01 6.665004e+01 6.717218e+01 6.684813e+01 6.569054e+01 6.374341e+01 6.107931e+01 5.779479e+01 5.400458e+01 4.983490e+01 4.541644e+01 4.087772e+01 3.633906e+01 3.190765e+01 2.767405e+01 2.370999e+01 2.006760e+01 1.677998e+01 1.386265e+01 1.131586e+01 9.127324e+00 7.275152e+00 5.730754e+00 4.461494e+00 3.433011e+00 2.611097e+00 1.963131e+00 1.459076e+00 1.072092e+00 7.788107e-01 5.593667e-01 3.972304e-01 2.789227e-01 1.936565e-01 1.329524e-01 9.025719e-02 6.058883e-02 4.021875e-02 2.639897e-02 1.713415e-02 1.099629e-02 6.977942e-03 4.378160e-03 2.715955e-03 1.665716e-03 1.009964e-03 6.053594e-04 3.586723e-04 2.100546e-04 1.215869e-04 6.955546e-05 3.932179e-05 2.196642e-05 1.212481e-05 6.612173e-06 3.562302e-06 1.895819e-06 9.965627e-07 5.173862e-07 2.652700e-07 1.343026e-07 6.713713e-08 3.313464e-08 1.614363e-08 7.763860e-09 3.685267e-09 1.726363e-09 7.980383e-10 3.639989e-10 1.638010e-10 7.271582e-11 3.184135e-11 1.375178e-11 5.857126e-12 2.459927e-12 1.018649e-12 4.158565e-13 1.673521e-13 6.638018e-14 2.594872e-14 9.995707e-15 3.793854e-15 1.418620e-15 5.225375e-16 1.895757e-16 6.773426e-17 2.383091e-17 8.255144e-18 2.815175e-18 9.449892e-19 3.121996e-19 1.014996e-19 3.246871e-20 1.021823e-20 3.163269e-21 9.631343e-22 2.883809e-22 8.490116e-23 2.457342e-23 6.991326e-24 1.954931e-24 5.371761e-25 1.450274e-25 3.846499e-26 1.002067e-26 2.563749e-27 6.440717e-28 1.588561e-28 3.846053e-29 9.138981e-30 2.130986e-30 4.875198e-31 1.094109e-31 2.408308e-32 5.198449e-33 1.100199e-33 2.282599e-34 4.641660e-35 9.249671e-36 1.805975e-36 3.454239e-37 6.470983e-38 1.187099e-38 2.132175e-39 3.748857e-40 6.451113e-41 1.086299e-41 1.789624e-42 2.883966e-43 4.545192e-44 7.004307e-45 1.055227e-45 1.553855e-46 2.236018e-47 3.143803e-48 4.317834e-49 5.791909e-50 7.586424e-51 9.701214e-52 1.210883e-52 1.474956e-53 1.752950e-54 2.032293e-55 2.297960e-56 2.533669e-57 2.723459e-58 2.853431e-59 2.913408e-60 2.898241e-61 2.808525e-62 2.650602e-63 2.435817e-64 2.179164e-65 1.897546e-66 1.607915e-67 1.325605e-68 1.063058e-69 8.290934e-71 6.287327e-72 4.635075e-73 3.321149e-74 2.312457e-75 1.564320e-76 1.027917e-77 6.559710e-79 4.064620e-80 2.445000e-81 1.427501e-82 8.087776e-84 4.445833e-85 2.370641e-86 
1.702887e-12 4.200242e-12 1.020060e-11 2.439513e-11 5.746053e-11 1.333174e-10 3.047303e-10 6.863033e-10 1.523166e-09 3.331716e-09 7.183492e-09 1.526888e-08 3.199917e-08 6.612808e-08 1.347731e-07 2.709223e-07 5.372340e-07 1.051022e-06 2.028811e-06 3.864589e-06 7.265184e-06 1.348095e-05 2.469294e-05 4.465291e-05 7.972548e-05 1.405590e-04 2.447243e-04 4.208169e-04 7.147365e-04 1.199148e-03 1.987507e-03 3.254519e-03 5.265473e-03 8.417606e-03 1.329736e-02 2.075825e-02 3.202460e-02 4.882710e-02 7.357593e-02 1.095767e-01 1.612930e-01 2.346558e-01 3.374165e-01 4.795326e-01 6.735681e-01 9.350788e-01 1.282944e+00 1.739587e+00 2.331035e+00 3.086725e+00 4.039005e+00 5.222249e+00 6.671532e+00 8.420847e+00 1.050086e+01 1.293627e+01 1.574289e+01 1.892464e+01 2.247065e+01 2.635273e+01 3.052363e+01 3.491620e+01 3.944378e+01 4.400210e+01 4.847249e+01 5.272665e+01 5.663247e+01 6.006077e+01 6.289239e+01 6.502508e+01 6.637974e+01 6.690526e+01 6.658186e+01 6.542224e+01 6.347083e+01 6.080088e+01 5.750987e+01 5.371355e+01 4.953917e+01 4.511838e+01 4.058041e+01 3.604607e+01 3.162280e+01 2.740105e+01 2.345221e+01 1.982790e+01 1.656050e+01 1.366479e+01 1.114023e+01 8.973803e+00 7.142995e+00 5.618693e+00 4.367881e+00 3.355951e+00 2.548578e+00 1.913129e+00 1.419647e+00 1.041429e+00 7.552900e-01 5.415673e-01 3.839396e-01 2.691285e-01 1.865326e-01 1.278371e-01 8.663083e-02 5.805030e-02 3.846387e-02 2.520083e-02 1.632616e-02 1.045807e-02 6.623779e-03 4.147934e-03 2.568104e-03 1.571912e-03 9.511665e-04 5.689492e-04 3.363975e-04 1.965922e-04 1.135492e-04 6.481488e-05 3.655997e-05 2.037714e-05 1.122153e-05 6.105147e-06 3.281243e-06 1.741973e-06 9.134115e-07 4.730147e-07 2.418946e-07 1.221465e-07 6.089735e-08 2.997347e-08 1.456315e-08 6.984118e-09 3.305696e-09 1.544069e-09 7.116710e-10 3.236363e-10 1.451966e-10 6.425868e-11 2.805037e-11 1.207622e-11 5.127000e-12 2.146291e-12 8.858492e-13 3.604369e-13 1.445602e-13 5.714385e-14 2.226086e-14 8.545084e-15 3.231780e-15 1.204113e-15 4.419168e-16 1.597383e-16 5.686171e-17 1.993053e-17 6.877828e-18 2.336479e-18 7.812585e-19 2.570946e-19 8.325285e-20 2.652497e-20 8.313841e-21 2.563183e-21 7.771921e-22 2.317324e-22 6.793494e-23 1.957875e-23 5.546238e-24 1.544081e-24 4.224109e-25 1.135345e-25 2.997656e-26 7.773749e-27 1.979731e-27 4.950400e-28 1.215245e-28 2.928244e-29 6.924683e-30 1.606832e-30 3.658031e-31 8.168793e-32 1.789076e-32 3.842256e-33 8.090137e-34 1.669792e-34 3.377767e-35 6.695482e-36 1.300294e-36 2.473608e-37 4.608631e-38 8.407865e-39 1.501733e-39 2.625507e-40 4.492273e-41 7.520916e-42 1.231814e-42 1.973366e-43 3.091542e-44 4.735489e-45 7.090761e-46 1.037708e-46 1.483978e-47 2.073312e-48 2.829447e-49 3.770964e-50 4.907169e-51 6.233773e-52 7.729042e-53 9.351211e-54 1.103800e-54 1.270882e-55 1.427003e-56 1.562288e-57 1.667346e-58 1.734323e-59 1.757864e-60 1.735814e-61 1.669531e-62 1.563762e-63 1.426074e-64 1.265961e-65 1.093746e-66 9.194770e-68 7.519783e-69 5.981648e-70 4.626994e-71 3.479773e-72 2.543834e-73 1.807276e-74 1.247586e-75 8.366404e-77 5.449329e-78 3.446643e-79 2.116471e-80 1.261553e-81 7.297779e-83 4.096218e-84 2.230482e-85 1.178025e-86 
1.483916e-12 3.672229e-12 8.947339e-12 2.146671e-11 5.072321e-11 1.180537e-10 2.706728e-10 6.114512e-10 1.361101e-09 2.985991e-09 6.456748e-09 1.376332e-08 2.892497e-08 5.994017e-08 1.224936e-07 2.468952e-07 4.908731e-07 9.627990e-07 1.863217e-06 3.557979e-06 6.705106e-06 1.247151e-05 2.289770e-05 4.150219e-05 7.426807e-05 1.312290e-04 2.289797e-04 3.945893e-04 6.716058e-04 1.129126e-03 1.875273e-03 3.076912e-03 4.987983e-03 7.989562e-03 1.264547e-02 1.977810e-02 3.056970e-02 4.669520e-02 7.049228e-02 1.051743e-01 1.550899e-01 2.260307e-01 3.255831e-01 4.635155e-01 6.521822e-01 9.069166e-01 1.246373e+00 1.692766e+00 2.271945e+00 3.013226e+00 3.948923e+00 5.113480e+00 6.542174e+00 8.269345e+00 1.032615e+01 1.273794e+01 1.552129e+01 1.868095e+01 2.220689e+01 2.607176e+01 3.022898e+01 3.461187e+01 3.913405e+01 4.369115e+01 4.816414e+01 5.242404e+01 5.633782e+01 5.977523e+01 6.261596e+01 6.475672e+01 6.611747e+01 6.664649e+01 6.632369e+01 6.516185e+01 6.320581e+01 6.052954e+01 5.723148e+01 5.342846e+01 4.924877e+01 4.482503e+01 4.028726e+01 3.575677e+01 3.134120e+01 2.713094e+01 2.319704e+01 1.959057e+01 1.634321e+01 1.346894e+01 1.096647e+01 8.822021e+00 7.012441e+00 5.508095e+00 4.275588e+00 3.280068e+00 2.487091e+00 1.864020e+00 1.380976e+00 1.011400e+00 7.322910e-01 5.241903e-01 3.709850e-01 2.595978e-01 1.796119e-01 1.228762e-01 8.311993e-02 5.559685e-02 3.677076e-02 2.404689e-02 1.554937e-02 9.941557e-03 6.284510e-03 3.927792e-03 2.426989e-03 1.482547e-03 8.952579e-04 5.343940e-04 3.152984e-04 1.838655e-04 1.059659e-04 6.035147e-05 3.396504e-05 1.888706e-05 1.037646e-05 5.631844e-06 3.019471e-06 1.599014e-06 8.363267e-07 4.319793e-07 2.203299e-07 1.109602e-07 5.517005e-08 2.707952e-08 1.312014e-08 6.274131e-09 2.961040e-09 1.379010e-09 6.336948e-10 2.873020e-10 1.284987e-10 5.669124e-11 2.466865e-11 1.058624e-11 4.479798e-12 1.869173e-12 7.688965e-13 3.117926e-13 1.246221e-13 4.909159e-14 1.905691e-14 7.289221e-15 2.746898e-15 1.019731e-15 3.728704e-16 1.342787e-16 4.761900e-17 1.662735e-17 5.715849e-18 1.934185e-18 6.441971e-19 2.111476e-19 6.809931e-20 2.160877e-20 6.745110e-21 2.070904e-21 6.252915e-22 1.856501e-22 5.419212e-23 1.555043e-23 4.385821e-24 1.215618e-24 3.310670e-25 8.858128e-26 2.328138e-26 6.009645e-27 1.523332e-27 3.791208e-28 9.262498e-29 2.221142e-29 5.226988e-30 1.206930e-30 2.733985e-31 6.074641e-32 1.323677e-32 2.828177e-33 5.924053e-34 1.216309e-34 2.447402e-35 4.825323e-36 9.320295e-37 1.763345e-37 3.267159e-38 5.927204e-39 1.052679e-39 1.829905e-40 3.112908e-41 5.181171e-42 8.435901e-43 1.343366e-43 2.091864e-44 3.184676e-45 4.739210e-46 6.892407e-47 9.794343e-48 1.359671e-48 1.843574e-49 2.441010e-50 3.155544e-51 3.981876e-52 4.903688e-53 5.892397e-54 6.907287e-55 7.897346e-56 8.804904e-57 9.570826e-58 1.014067e-58 1.047098e-59 1.053471e-60 1.032483e-61 9.855512e-63 9.160554e-64 8.289363e-65 7.301094e-66 6.257958e-67 5.218741e-68 4.233484e-69 3.339949e-70 2.562136e-71 1.910717e-72 1.384947e-73 9.754933e-75 6.675463e-76 4.437277e-77 2.864456e-78 1.795440e-79 1.092487e-80 6.451956e-82 3.697524e-83 2.055842e-84 1.108773e-85 5.799444e-87 
1.290693e-12 3.204771e-12 7.834222e-12 1.885745e-11 4.470135e-11 1.043687e-10 2.400452e-10 5.439366e-10 1.214493e-09 2.672340e-09 5.795564e-09 1.238978e-08 2.611270e-08 5.426440e-08 1.112009e-07 2.247425e-07 4.480219e-07 8.810545e-07 1.709415e-06 3.272535e-06 6.182490e-06 1.152747e-05 2.121508e-05 3.854272e-05 6.913110e-05 1.224286e-04 2.140987e-04 3.697506e-04 6.306787e-04 1.062552e-03 1.768363e-03 2.907411e-03 4.722664e-03 7.579541e-03 1.201989e-02 1.883579e-02 2.916848e-02 4.463831e-02 6.751188e-02 1.009118e-01 1.490737e-01 2.176511e-01 3.140671e-01 4.479021e-01 6.313016e-01 8.793761e-01 1.210555e+00 1.646840e+00 2.213900e+00 2.940931e+00 3.860204e+00 5.006231e+00 6.414489e+00 8.119662e+00 1.015341e+01 1.254173e+01 1.530195e+01 1.843968e+01 2.194577e+01 2.579367e+01 2.993751e+01 3.431112e+01 3.882834e+01 4.338475e+01 4.786091e+01 5.212716e+01 5.604951e+01 5.949661e+01 6.234699e+01 6.449621e+01 6.586334e+01 6.639599e+01 6.607374e+01 6.490946e+01 6.294843e+01 6.026537e+01 5.695970e+01 5.314934e+01 4.896371e+01 4.453642e+01 3.999828e+01 3.547113e+01 3.106283e+01 2.686371e+01 2.294446e+01 1.935559e+01 1.612808e+01 1.327510e+01 1.079457e+01 8.671964e+00 6.883475e+00 5.398949e+00 4.184605e+00 3.205350e+00 2.426627e+00 1.815793e+00 1.343054e+00 9.819973e-01 7.098068e-01 5.072292e-01 3.583611e-01 2.503258e-01 1.728905e-01 1.180664e-01 7.972182e-02 5.322637e-02 3.513779e-02 2.293592e-02 1.480284e-02 9.446062e-03 5.959643e-03 3.717384e-03 2.292364e-03 1.397454e-03 8.421229e-04 5.016167e-04 2.953244e-04 1.718415e-04 9.881596e-05 5.615184e-05 3.152863e-05 1.749104e-05 9.586487e-06 5.190392e-06 2.775877e-06 1.466295e-06 7.649357e-07 3.940683e-07 2.004571e-07 1.006779e-07 4.991939e-08 2.443349e-08 1.180433e-08 5.628530e-09 2.648525e-09 1.229776e-09 5.634007e-10 2.546450e-10 1.135364e-10 4.993127e-11 2.165724e-11 9.263632e-12 3.907159e-12 1.624786e-12 6.661005e-13 2.691808e-13 1.072164e-13 4.208646e-14 1.627940e-14 6.204389e-15 2.329560e-15 8.616122e-16 3.138779e-16 1.126077e-16 3.978145e-17 1.383707e-17 4.738096e-18 1.596999e-18 5.297731e-19 1.729430e-19 5.555027e-20 1.755420e-20 5.456677e-21 1.668277e-21 5.015797e-22 1.482799e-22 4.309560e-23 1.231201e-23 3.457059e-24 9.538980e-25 2.586123e-25 6.887836e-26 1.801922e-26 4.629578e-27 1.167968e-27 2.892914e-28 7.033733e-29 1.678462e-29 3.930445e-30 9.030346e-31 2.035295e-31 4.499222e-32 9.753506e-33 2.073113e-33 4.319654e-34 8.821914e-35 1.765583e-35 3.462166e-36 6.650651e-37 1.251292e-37 2.305435e-38 4.158786e-39 7.343785e-40 1.269206e-40 2.146457e-41 3.551467e-42 5.747868e-43 9.097798e-44 1.408033e-44 2.130358e-45 3.150438e-46 4.552848e-47 6.428416e-48 8.866405e-49 1.194339e-49 1.570934e-50 2.017211e-51 2.528254e-52 3.092274e-53 3.690077e-54 4.295413e-55 4.876382e-56 5.397902e-57 5.825026e-58 6.126704e-59 6.279466e-60 6.270407e-61 6.098966e-62 5.777158e-63 5.328192e-64 4.783692e-65 4.179979e-66 3.554042e-67 2.939806e-68 2.365225e-69 1.850521e-70 1.407647e-71 1.040835e-72 7.479446e-74 5.222364e-75 3.542306e-76 2.333661e-77 1.492911e-78 9.272288e-80 5.589968e-81 3.270500e-82 1.856586e-83 1.022412e-84 5.460873e-86 2.828384e-87 
1.120514e-12 2.791688e-12 6.847344e-12 1.653661e-11 3.932801e-11 9.211923e-11 2.125455e-10 4.831326e-10 1.082063e-09 2.388189e-09 5.194840e-09 1.113831e-08 2.354325e-08 4.906460e-08 1.008276e-07 2.043404e-07 4.084559e-07 8.053878e-07 1.566699e-06 3.007031e-06 5.695243e-06 1.064530e-05 1.963920e-05 3.576490e-05 6.429904e-05 1.141330e-04 2.000422e-04 3.462407e-04 5.918636e-04 9.992895e-04 1.666574e-03 2.745721e-03 4.469094e-03 7.186944e-03 1.141979e-02 1.793022e-02 2.781943e-02 4.265445e-02 6.463219e-02 9.678613e-02 1.432403e-01 2.095121e-01 3.028628e-01 4.326858e-01 6.109185e-01 8.524487e-01 1.175479e+00 1.601798e+00 2.156891e+00 2.869829e+00 3.772836e+00 4.900490e+00 6.288463e+00 7.971784e+00 9.982617e+00 1.234760e+01 1.508485e+01 1.820082e+01 2.168725e+01 2.551844e+01 2.964921e+01 3.401393e+01 3.852665e+01 4.308289e+01 4.756282e+01 5.183604e+01 5.576760e+01 5.922500e+01 6.208555e+01 6.424367e+01 6.561746e+01 6.615385e+01 6.583211e+01 6.466518e+01 6.269878e+01 6.000843e+01 5.669456e+01 5.287624e+01 4.868403e+01 4.425256e+01 3.971346e+01 3.518914e+01 3.078768e+01 2.659934e+01 2.269445e+01 1.912295e+01 1.591509e+01 1.308325e+01 1.062451e+01 8.523616e+00 6.756086e+00 5.291242e+00 4.094922e+00 3.131789e+00 2.367176e+00 1.768441e+00 1.305874e+00 9.532134e-01 6.878301e-01 4.906777e-01 3.460624e-01 2.413079e-01 1.663643e-01 1.134043e-01 7.643390e-02 5.093679e-02 3.356336e-02 2.186670e-02 1.408567e-02 8.970921e-03 5.648696e-03 3.516366e-03 2.163990e-03 1.316466e-03 7.916501e-04 4.705429e-04 2.764263e-04 1.604884e-04 9.207893e-05 5.220312e-05 2.924273e-05 1.618413e-05 8.848606e-06 4.779001e-06 2.549403e-06 1.343200e-06 6.988840e-07 3.590805e-07 1.821635e-07 9.123750e-08 4.511148e-08 2.201717e-08 1.060609e-08 5.042277e-09 2.365557e-09 1.095047e-09 5.001289e-10 2.253396e-10 1.001511e-10 4.390281e-11 1.898027e-11 8.091721e-12 3.401433e-12 1.409676e-12 5.759252e-13 2.319289e-13 9.205295e-14 3.600525e-14 1.387682e-14 5.269392e-15 1.971181e-15 7.263348e-16 2.635965e-16 9.420677e-17 3.315210e-17 1.148609e-17 3.917518e-18 1.315139e-18 4.345084e-19 1.412646e-19 4.518761e-20 1.421994e-20 4.401585e-21 1.339965e-21 4.011346e-22 1.180694e-22 3.416433e-23 9.717029e-24 2.716161e-24 7.460606e-25 2.013372e-25 5.337515e-26 1.389801e-26 3.553829e-27 8.922836e-28 2.199391e-28 5.321393e-29 1.263575e-29 2.944139e-30 6.730154e-31 1.509137e-31 3.318910e-32 7.157343e-33 1.513292e-33 3.136408e-34 6.370970e-35 1.268133e-35 2.473048e-36 4.724232e-37 8.838566e-38 1.619217e-38 2.904165e-39 5.098586e-40 8.760106e-41 1.472714e-41 2.422116e-42 3.896332e-43 6.129403e-44 9.427528e-45 1.417459e-45 2.082915e-46 2.990857e-47 4.195628e-48 5.748961e-49 7.692832e-50 1.005080e-50 1.281873e-51 1.595629e-52 1.938086e-53 2.296572e-54 2.654386e-55 2.991825e-56 3.287813e-57 3.521983e-58 3.676943e-59 3.740383e-60 3.706677e-61 3.577689e-62 3.362631e-63 3.076978e-64 2.740610e-65 2.375514e-66 2.003385e-67 1.643530e-68 1.311314e-69 1.017328e-70 7.672740e-72 5.624513e-73 4.006586e-74 2.772869e-75 1.864062e-76 1.216965e-77 7.714255e-79 4.747003e-80 2.835090e-81 1.643040e-82 9.237975e-84 5.038091e-85 2.664588e-86 1.366419e-87 
9.709188e-13 2.427335e-12 5.973971e-12 1.447592e-11 3.454151e-11 8.117262e-11 1.878934e-10 4.284562e-10 9.626167e-10 2.131131e-09 4.649797e-09 9.999568e-09 2.119863e-08 4.430662e-08 9.130999e-08 1.855711e-07 3.719617e-07 7.354177e-07 1.434398e-06 2.760301e-06 5.241364e-06 9.821622e-06 1.816443e-05 3.315949e-05 5.975694e-05 1.063185e-04 1.867730e-04 3.240015e-04 5.550718e-04 9.392050e-04 1.569708e-03 2.591553e-03 4.226859e-03 6.811188e-03 1.084436e-02 1.706027e-02 2.652108e-02 4.074168e-02 6.185069e-02 9.279402e-02 1.375858e-01 2.016090e-01 2.919644e-01 4.178601e-01 5.910256e-01 8.261261e-01 1.141137e+00 1.557630e+00 2.100908e+00 2.799907e+00 3.686807e+00 4.796244e+00 6.164081e+00 7.825695e+00 9.813749e+00 1.215554e+01 1.486996e+01 1.796434e+01 2.143132e+01 2.524604e+01 2.936407e+01 3.372027e+01 3.822896e+01 4.278558e+01 4.726988e+01 5.155072e+01 5.549215e+01 5.896046e+01 6.183173e+01 6.399919e+01 6.537993e+01 6.592019e+01 6.559892e+01 6.442911e+01 6.245697e+01 5.975882e+01 5.643615e+01 5.260921e+01 4.840974e+01 4.397345e+01 3.943282e+01 3.491080e+01 3.051574e+01 2.633781e+01 2.244699e+01 1.889263e+01 1.570423e+01 1.289337e+01 1.045629e+01 8.376965e+00 6.630260e+00 5.184963e+00 4.006526e+00 3.059373e+00 2.308728e+00 1.721953e+00 1.269427e+00 9.250403e-01 6.663539e-01 4.745294e-01 3.340834e-01 2.325392e-01 1.600295e-01 1.088869e-01 7.325356e-02 4.872608e-02 3.204590e-02 2.083804e-02 1.339696e-02 8.515482e-03 5.351198e-03 3.324407e-03 2.041636e-03 1.239426e-03 7.437313e-04 4.411005e-04 2.585568e-04 1.497754e-04 8.573519e-05 4.849291e-05 2.709963e-05 1.496162e-05 8.159955e-06 4.395957e-06 2.339041e-06 1.229142e-06 6.378344e-07 3.268251e-07 1.653426e-07 8.258018e-08 4.071439e-08 1.981345e-08 9.516368e-09 4.510653e-09 2.109709e-09 9.735954e-10 4.432658e-10 1.990840e-10 8.819656e-11 3.853590e-11 1.660480e-11 7.055223e-12 2.955638e-12 1.220700e-12 4.969779e-13 1.994290e-13 7.887053e-14 3.073744e-14 1.180315e-14 4.465351e-15 1.664141e-15 6.108722e-16 2.208433e-16 7.862108e-17 2.755887e-17 9.510366e-18 3.230663e-18 1.080162e-18 3.554128e-19 1.150711e-19 3.665484e-20 1.148601e-20 3.540140e-21 1.073062e-21 3.198319e-22 9.372363e-23 2.699879e-23 7.644417e-24 2.127086e-24 5.815692e-25 1.562169e-25 4.121910e-26 1.068183e-26 2.718328e-27 6.792007e-28 1.665963e-28 4.010822e-29 9.476138e-30 2.196786e-30 4.996090e-31 1.114515e-31 2.438266e-32 5.230475e-33 1.099996e-33 2.267542e-34 4.580969e-35 9.068175e-36 1.758593e-36 3.340529e-37 6.214276e-38 1.131909e-38 2.018358e-39 3.522648e-40 6.016494e-41 1.005400e-41 1.643511e-42 2.627615e-43 4.107926e-44 6.278714e-45 9.380405e-46 1.369588e-46 1.953844e-47 2.722924e-48 3.706297e-49 4.926255e-50 6.392607e-51 8.097217e-52 1.000926e-52 1.207225e-53 1.420383e-54 1.629913e-55 1.823794e-56 1.989527e-57 2.115418e-58 2.191921e-59 2.212817e-60 2.176042e-61 2.084009e-62 1.943352e-63 1.764135e-64 1.558655e-65 1.340030e-66 1.120816e-67 9.118399e-69 7.213999e-70 5.549015e-71 4.149037e-72 3.014946e-73 2.128737e-74 1.460107e-75 9.726969e-77 6.292318e-78 3.951798e-79 2.409023e-80 1.425149e-81 8.180222e-83 4.554780e-84 2.459690e-85 1.288004e-86 6.538712e-88 
8.396712e-13 2.106567e-12 5.202459e-12 1.264947e-11 3.028507e-11 7.140660e-11 1.658296e-10 3.793665e-10 8.550427e-10 1.898918e-09 4.155961e-09 8.964782e-09 1.906192e-08 3.995830e-08 8.258770e-08 1.683237e-07 3.383372e-07 6.707816e-07 1.311872e-06 2.531228e-06 4.818941e-06 9.053197e-06 1.678538e-05 3.071762e-05 5.549041e-05 9.896205e-05 1.742547e-04 3.029767e-04 5.202174e-04 8.821693e-04 1.477573e-03 2.444627e-03 3.995556e-03 6.451706e-03 1.029281e-02 1.622486e-02 2.527198e-02 3.889809e-02 5.916493e-02 8.893238e-02 1.321064e-01 1.939371e-01 2.813665e-01 4.034183e-01 5.716153e-01 8.003998e-01 1.107519e+00 1.514328e+00 2.045939e+00 2.731156e+00 3.602106e+00 4.693479e+00 6.041332e+00 7.681379e+00 9.646792e+00 1.196552e+01 1.465726e+01 1.773022e+01 2.117794e+01 2.497645e+01 2.908204e+01 3.343013e+01 3.793527e+01 4.249282e+01 4.698211e+01 5.127123e+01 5.522319e+01 5.870306e+01 6.158561e+01 6.376287e+01 6.515087e+01 6.569514e+01 6.537427e+01 6.420136e+01 6.222308e+01 5.951661e+01 5.618453e+01 5.234830e+01 4.814089e+01 4.369912e+01 3.915634e+01 3.463610e+01 3.024699e+01 2.607910e+01 2.220206e+01 1.866460e+01 1.549548e+01 1.270544e+01 1.028987e+01 8.231994e+00 6.505984e+00 5.080100e+00 3.919407e+00 2.988092e+00 2.251274e+00 1.676320e+00 1.233705e+00 8.974701e-01 6.453710e-01 4.587782e-01 3.224185e-01 2.240152e-01 1.538821e-01 1.045108e-01 7.017825e-02 4.659222e-02 3.058385e-02 1.984876e-02 1.273584e-02 8.079105e-03 5.066691e-03 3.141180e-03 1.925074e-03 1.166177e-03 6.982619e-04 4.132197e-04 2.416700e-04 1.396729e-04 7.976581e-05 4.500931e-05 2.509192e-05 1.381897e-05 7.517794e-06 4.039625e-06 2.143826e-06 1.123562e-06 5.814666e-07 2.971209e-07 1.498934e-07 7.465044e-08 3.669801e-08 1.780623e-08 8.526670e-09 4.029244e-09 1.878721e-09 8.642781e-10 3.922423e-10 1.755990e-10 7.753764e-11 3.376621e-11 1.450062e-11 6.140175e-12 2.563415e-12 1.055006e-12 4.279988e-13 1.711331e-13 6.743446e-14 2.618408e-14 1.001731e-14 3.775494e-15 1.401697e-15 5.125563e-16 1.845796e-16 6.545273e-17 2.285181e-17 7.854306e-18 2.657263e-18 8.847998e-19 2.899231e-19 9.347396e-20 2.964903e-20 9.250892e-21 2.838902e-21 8.567427e-22 2.542275e-22 7.416602e-23 2.126840e-23 5.994442e-24 1.660284e-24 4.518255e-25 1.207947e-25 3.172104e-26 8.180916e-27 2.071778e-27 5.151129e-28 1.257216e-28 3.011588e-29 7.079262e-30 1.632734e-30 3.694071e-31 8.197553e-32 1.783932e-32 3.806387e-33 7.961825e-34 1.632305e-34 3.279457e-35 6.455611e-36 1.244886e-36 2.351253e-37 4.348784e-38 7.875075e-39 1.395981e-39 2.421924e-40 4.111654e-41 6.829120e-42 1.109487e-42 1.762810e-43 2.738611e-44 4.159223e-45 6.173990e-46 8.955831e-47 1.269246e-47 1.757112e-48 2.375634e-49 3.136163e-50 4.041744e-51 5.083957e-52 6.240351e-53 7.473108e-54 8.729498e-55 9.944510e-56 1.104571e-56 1.195996e-57 1.262121e-58 1.297828e-59 1.300129e-60 1.268583e-61 1.205375e-62 1.115078e-63 1.004100e-64 8.799240e-66 7.502717e-67 6.223081e-68 5.020121e-69 3.937796e-70 3.002831e-71 2.225646e-72 1.603014e-73 1.121718e-74 7.624370e-76 5.032781e-77 3.225561e-78 2.006808e-79 1.211770e-80 7.100008e-82 4.035833e-83 2.225128e-84 1.189697e-85 6.167235e-87 3.099064e-88 
7.247460e-13 1.824707e-12 4.522184e-12 1.103353e-11 2.650657e-11 6.270850e-11 1.461145e-10 3.353619e-10 7.583083e-10 1.689458e-09 3.709155e-09 8.025741e-09 1.711722e-08 3.598934e-08 7.460389e-08 1.524928e-07 3.073906e-07 6.111354e-07 1.198510e-06 2.318752e-06 4.426148e-06 8.336931e-06 1.549688e-05 2.843076e-05 5.148565e-05 9.204153e-05 1.624526e-04 2.831123e-04 4.872176e-04 8.280569e-04 1.389984e-03 2.304672e-03 3.774795e-03 6.107942e-03 9.764361e-03 1.542294e-02 2.407070e-02 3.712181e-02 5.657246e-02 8.519810e-02 1.267982e-01 1.864917e-01 2.710634e-01 3.893539e-01 5.526801e-01 7.752616e-01 1.074617e+00 1.471880e+00 1.991973e+00 2.663564e+00 3.518719e+00 4.592184e+00 5.920199e+00 7.538823e+00 9.481730e+00 1.177754e+01 1.444673e+01 1.749843e+01 2.092710e+01 2.470964e+01 2.880313e+01 3.314349e+01 3.764556e+01 4.220461e+01 4.669952e+01 5.099760e+01 5.496078e+01 5.845287e+01 6.134730e+01 6.353481e+01 6.493039e+01 6.547880e+01 6.515829e+01 6.398203e+01 6.199722e+01 5.928189e+01 5.593975e+01 5.209354e+01 4.787749e+01 4.342957e+01 3.888403e+01 3.436503e+01 2.998140e+01 2.582318e+01 2.195962e+01 1.843884e+01 1.528881e+01 1.251943e+01 1.012526e+01 8.088689e+00 6.383246e+00 4.976640e+00 3.833554e+00 2.917937e+00 2.194805e+00 1.631535e+00 1.198698e+00 8.704951e-01 6.248745e-01 4.434178e-01 3.110624e-01 2.157312e-01 1.479184e-01 1.002730e-01 6.720545e-02 4.453324e-02 2.917570e-02 1.889770e-02 1.210147e-02 7.661169e-03 4.794728e-03 2.966371e-03 1.814085e-03 1.096570e-03 6.551404e-04 3.868331e-04 2.257218e-04 1.301524e-04 7.415258e-05 4.174087e-05 2.321252e-05 1.275182e-05 6.919500e-06 3.708444e-06 1.962842e-06 1.025927e-06 5.294766e-07 2.697964e-07 1.357204e-07 6.739593e-08 3.303400e-08 1.598038e-08 7.629046e-09 3.593927e-09 1.670485e-09 7.660334e-10 3.465313e-10 1.546265e-10 6.805003e-11 2.953468e-11 1.264012e-11 5.333844e-12 2.218984e-12 9.100113e-13 3.678507e-13 1.465485e-13 5.753449e-14 2.225686e-14 8.482794e-15 3.184957e-15 1.177897e-15 4.290412e-16 1.538957e-16 5.435467e-17 1.890065e-17 6.469818e-18 2.179855e-18 7.228155e-19 2.358497e-19 7.571702e-20 2.391355e-20 7.428962e-21 2.269791e-21 6.819564e-22 2.014555e-22 5.850481e-23 1.670055e-23 4.685251e-24 1.291617e-24 3.498388e-25 9.308281e-26 2.432605e-26 6.243189e-27 1.573280e-27 3.892251e-28 9.451945e-29 2.252664e-29 5.268113e-30 1.208718e-30 2.720406e-31 6.004918e-32 1.299784e-32 2.758358e-33 5.738124e-34 1.169911e-34 2.337339e-35 4.575086e-36 8.772165e-37 1.647272e-37 3.028971e-38 5.452750e-39 9.608285e-40 1.656931e-40 2.795817e-41 4.615048e-42 7.451152e-43 1.176431e-43 1.816020e-44 2.740319e-45 4.041311e-46 5.823687e-47 8.198639e-48 1.127370e-48 1.513857e-49 1.984764e-50 2.540096e-51 3.172633e-52 3.866597e-53 4.597142e-54 5.330979e-55 6.028315e-56 6.646061e-57 7.142024e-58 7.479559e-59 7.631977e-60 7.586004e-61 7.343657e-62 6.922185e-63 6.352046e-64 5.673245e-65 4.930657e-66 4.169090e-67 3.428853e-68 2.742428e-69 2.132594e-70 1.612040e-71 1.184257e-72 8.453317e-74 5.861751e-75 3.947801e-76 2.581782e-77 1.639190e-78 1.010170e-79 6.041208e-81 3.505324e-82 1.972959e-83 1.076972e-84 5.700318e-86 2.924921e-87 1.454663e-88 
6.243118e-13 1.577510e-12 3.923477e-12 9.606420e-12 2.315823e-11 5.497473e-11 1.285272e-10 2.959786e-10 6.714553e-10 1.500800e-09 3.305479e-09 7.174763e-09 1.534962e-08 3.237126e-08 6.730494e-08 1.379791e-07 2.789405e-07 5.561526e-07 1.093735e-06 2.121860e-06 4.061240e-06 7.669866e-06 1.429398e-05 2.629077e-05 4.772937e-05 8.553566e-05 1.513329e-04 2.643560e-04 4.559920e-04 7.767468e-04 1.306760e-03 2.171423e-03 3.564193e-03 5.779355e-03 9.258270e-03 1.465347e-02 2.291586e-02 3.541098e-02 5.407091e-02 8.158816e-02 1.216573e-01 1.792681e-01 2.610495e-01 3.756605e-01 5.342127e-01 7.507031e-01 1.042421e+00 1.430277e+00 1.939002e+00 2.597119e+00 3.436637e+00 4.492346e+00 5.800671e+00 7.398010e+00 9.318545e+00 1.159156e+01 1.423836e+01 1.726896e+01 2.067877e+01 2.444560e+01 2.852729e+01 3.286033e+01 3.735983e+01 4.192095e+01 4.642213e+01 5.072987e+01 5.470498e+01 5.820996e+01 6.111686e+01 6.331512e+01 6.471860e+01 6.527130e+01 6.495110e+01 6.377125e+01 6.177948e+01 5.905473e+01 5.570188e+01 5.184498e+01 4.761958e+01 4.316481e+01 3.861588e+01 3.409756e+01 2.971896e+01 2.557004e+01 2.171966e+01 1.821532e+01 1.508421e+01 1.233534e+01 9.962414e+00 7.947036e+00 6.262031e+00 4.874573e+00 3.748957e+00 2.848897e+00 2.139310e+00 1.587587e+00 1.164399e+00 8.441075e-01 6.048574e-01 4.284419e-01 3.000097e-01 2.076826e-01 1.421344e-01 9.617038e-02 6.433268e-02 4.254720e-02 2.781994e-02 1.798375e-02 1.149299e-02 7.261064e-03 4.534872e-03 2.799672e-03 1.708456e-03 1.030458e-03 6.142686e-04 3.618755e-04 2.106695e-04 1.211863e-04 6.887800e-05 3.867659e-05 2.145460e-05 1.175604e-05 6.362568e-06 3.400925e-06 1.795215e-06 9.357331e-07 4.815759e-07 2.446894e-07 1.227336e-07 6.076733e-08 2.969576e-08 1.432174e-08 6.816064e-09 3.200859e-09 1.483040e-09 6.778768e-10 3.056454e-10 1.359288e-10 5.961949e-11 2.578723e-11 1.099807e-11 4.624647e-12 1.917106e-12 7.833812e-13 3.155099e-13 1.252330e-13 4.898266e-14 1.887712e-14 7.167196e-15 2.680609e-15 9.875015e-16 3.582702e-16 1.279972e-16 4.502501e-17 1.559257e-17 5.315418e-18 1.783438e-18 5.888756e-19 1.913275e-19 6.115921e-20 1.923175e-20 5.948251e-21 1.809311e-21 5.411651e-22 1.591394e-22 4.600389e-23 1.307126e-23 3.649910e-24 1.001438e-24 2.699467e-25 7.147881e-26 1.858896e-26 4.747266e-27 1.190348e-27 2.930062e-28 7.079169e-29 1.678491e-29 3.904953e-30 8.912507e-31 1.995254e-31 4.380632e-32 9.430638e-33 1.990379e-33 4.117605e-34 8.348167e-35 1.658432e-35 3.227648e-36 6.152872e-37 1.148665e-37 2.099675e-38 3.757283e-39 6.580775e-40 1.127923e-40 1.891468e-41 3.102786e-42 4.977995e-43 7.809489e-44 1.197764e-44 1.795622e-45 2.630677e-46 3.765675e-47 5.265671e-48 7.191387e-49 9.590291e-50 1.248598e-50 1.586707e-51 1.967725e-52 2.380873e-53 2.810104e-54 3.234687e-55 3.630576e-56 3.972473e-57 4.236404e-58 4.402438e-59 4.457146e-60 4.395378e-61 4.221038e-62 3.946694e-63 3.592083e-64 3.181746e-65 2.742194e-66 2.299067e-67 1.874705e-68 1.486448e-69 1.145800e-70 8.584559e-72 6.250063e-73 4.420950e-74 3.037523e-75 2.026768e-76 1.313038e-77 8.257481e-79 5.039924e-80 2.984802e-81 1.714872e-82 9.556137e-84 5.163904e-85 2.705390e-86 1.373881e-87 6.761581e-89 
5.367165e-13 1.361134e-12 3.397550e-12 8.348389e-12 2.019635e-11 4.811024e-11 1.128642e-10 2.607883e-10 5.935962e-10 1.331137e-09 2.941300e-09 6.404670e-09 1.374517e-08 2.907729e-08 6.064041e-08 1.246889e-07 2.528153e-07 5.055235e-07 9.969952e-07 1.939589e-06 3.722557e-06 7.049175e-06 1.317194e-05 2.428979e-05 4.420881e-05 7.942397e-05 1.408634e-04 2.466570e-04 4.264629e-04 7.281213e-04 1.227726e-03 2.044623e-03 3.363379e-03 5.465417e-03 8.773794e-03 1.391544e-02 2.180608e-02 3.376380e-02 5.165791e-02 7.809955e-02 1.166802e-01 1.722618e-01 2.513195e-01 3.623316e-01 5.162056e-01 7.267160e-01 1.010921e+00 1.389510e+00 1.887013e+00 2.531811e+00 3.355846e+00 4.393951e+00 5.682733e+00 7.258925e+00 9.157220e+00 1.140757e+01 1.403211e+01 1.704177e+01 2.043292e+01 2.418428e+01 2.825450e+01 3.258063e+01 3.707805e+01 4.164184e+01 4.614996e+01 5.046806e+01 5.445582e+01 5.797440e+01 6.089440e+01 6.310390e+01 6.451563e+01 6.507276e+01 6.475281e+01 6.356912e+01 6.156997e+01 5.883523e+01 5.547099e+01 5.160267e+01 4.736717e+01 4.290485e+01 3.835189e+01 3.383369e+01 2.945965e+01 2.531965e+01 2.148216e+01 1.799402e+01 1.488164e+01 1.215314e+01 9.801334e+00 7.807019e+00 6.142326e+00 4.773885e+00 3.665603e+00 2.780961e+00 2.084780e+00 1.544467e+00 1.130799e+00 8.182997e-01 5.853127e-01 4.138444e-01 2.892550e-01 1.998648e-01 1.365264e-01 9.219977e-02 6.155749e-02 4.063217e-02 2.651510e-02 1.710580e-02 1.090960e-02 6.878195e-03 4.286698e-03 2.640784e-03 1.607980e-03 9.676995e-04 5.755513e-04 3.382839e-04 1.964720e-04 1.127481e-04 6.392521e-05 3.580592e-05 1.981166e-05 1.082763e-05 5.844605e-06 3.115646e-06 1.640114e-06 8.524994e-07 4.374913e-07 2.216463e-07 1.108480e-07 5.471821e-08 2.665828e-08 1.281705e-08 6.080782e-09 2.846458e-09 1.314568e-09 5.988969e-10 2.691349e-10 1.192873e-10 5.214125e-11 2.247441e-11 9.551483e-12 4.002066e-12 1.653040e-12 6.730116e-13 2.700569e-13 1.067909e-13 4.161140e-14 1.597499e-14 6.041854e-15 2.250874e-15 8.259102e-16 2.984448e-16 1.061922e-16 3.720196e-17 1.283010e-17 4.355425e-18 1.455166e-18 4.784313e-19 1.547730e-19 4.925856e-20 1.542128e-20 4.748458e-21 1.437864e-21 4.281096e-22 1.253149e-22 3.605776e-23 1.019716e-23 2.833875e-24 7.738160e-25 2.075796e-25 5.469594e-26 1.415408e-26 3.596635e-27 8.972844e-28 2.197422e-28 5.281725e-29 1.245793e-29 2.883049e-30 6.545174e-31 1.457404e-31 3.182397e-32 6.813484e-33 1.430043e-33 2.941827e-34 5.930572e-35 1.171412e-35 2.266615e-36 4.295580e-37 7.971902e-38 1.448497e-38 2.576368e-39 4.484880e-40 7.639483e-41 1.273106e-41 2.075241e-42 3.308202e-43 5.156444e-44 7.857021e-45 1.170116e-45 1.702853e-46 2.421115e-47 3.362454e-48 4.560496e-49 6.039406e-50 7.807534e-51 9.851034e-52 1.212854e-52 1.456812e-53 1.706776e-54 1.950010e-55 2.172168e-56 2.358600e-57 2.495906e-58 2.573493e-59 2.584915e-60 2.528748e-61 2.408841e-62 2.233887e-63 2.016377e-64 1.771115e-65 1.513535e-66 1.258103e-67 1.017008e-68 7.993255e-70 6.106899e-71 4.534426e-72 3.271413e-73 2.292803e-74 1.560715e-75 1.031605e-76 6.619779e-78 4.123081e-79 2.492049e-80 1.461357e-81 8.312461e-83 4.585493e-84 2.452649e-85 1.271709e-86 6.390785e-88 3.112047e-89 
4.604727e-13 1.172108e-12 2.936438e-12 7.241459e-12 1.758106e-11 4.202796e-11 9.893858e-11 2.293960e-10 5.239102e-10 1.178788e-09 2.613238e-09 5.708764e-09 1.229080e-08 2.608237e-08 5.456282e-08 1.125336e-07 2.288527e-07 4.589550e-07 9.077699e-07 1.771022e-06 3.408515e-06 6.472160e-06 1.212622e-05 2.242034e-05 4.091174e-05 7.368679e-05 1.310128e-04 2.299669e-04 3.985555e-04 6.820668e-04 1.152712e-03 1.924022e-03 3.171992e-03 5.165614e-03 8.310213e-03 1.320786e-02 2.074002e-02 3.217849e-02 4.933114e-02 7.472931e-02 1.118630e-01 1.654682e-01 2.418677e-01 3.493608e-01 4.986516e-01 7.032921e-01 9.801097e-01 1.349567e+00 1.835997e+00 2.467629e+00 3.276335e+00 4.296988e+00 5.566370e+00 7.121554e+00 8.997737e+00 1.122556e+01 1.382797e+01 1.681684e+01 2.018951e+01 2.392567e+01 2.798474e+01 3.230437e+01 3.680022e+01 4.136727e+01 4.588300e+01 5.021221e+01 5.421338e+01 5.774626e+01 6.068001e+01 6.290127e+01 6.432158e+01 6.488331e+01 6.456355e+01 6.337577e+01 6.136879e+01 5.862347e+01 5.524714e+01 5.136665e+01 4.712029e+01 4.264970e+01 3.809205e+01 3.357340e+01 2.920345e+01 2.507198e+01 2.124708e+01 1.777492e+01 1.468109e+01 1.197281e+01 9.641997e+00 7.668622e+00 6.024119e+00 4.674566e+00 3.583483e+00 2.714121e+00 2.031205e+00 1.502168e+00 1.097890e+00 7.930638e-01 5.662333e-01 3.996191e-01 2.787930e-01 1.922735e-01 1.310906e-01 8.835820e-02 5.887747e-02 3.878627e-02 2.525976e-02 1.626276e-02 1.035049e-02 6.511983e-03 4.049792e-03 2.489415e-03 1.512455e-03 9.081583e-04 5.388966e-04 3.159974e-04 1.830895e-04 1.048122e-04 5.927803e-05 3.311873e-05 1.827743e-05 9.962794e-06 5.363326e-06 2.851256e-06 1.496749e-06 7.757710e-07 3.969641e-07 2.005223e-07 9.998352e-08 4.920496e-08 2.389813e-08 1.145390e-08 5.416727e-09 2.527397e-09 1.163381e-09 5.282513e-10 2.365852e-10 1.045010e-10 4.551938e-11 1.955113e-11 8.279480e-12 3.456571e-12 1.422506e-12 5.770095e-13 2.306673e-13 9.086909e-14 3.527165e-14 1.348858e-14 5.081464e-15 1.885573e-15 6.890956e-16 2.479966e-16 8.787998e-17 3.065909e-17 1.052931e-17 3.559243e-18 1.184068e-18 3.876157e-19 1.248459e-19 3.955835e-20 1.232918e-20 3.779226e-21 1.139158e-21 3.376111e-22 9.836462e-23 2.817008e-23 7.928674e-24 2.192866e-24 5.958782e-25 1.590636e-25 4.170474e-26 1.073825e-26 2.714857e-27 6.738393e-28 1.641693e-28 3.925391e-29 9.209963e-30 2.120042e-30 4.787068e-31 1.060131e-31 2.302183e-32 4.901570e-33 1.022986e-33 2.092504e-34 4.194186e-35 8.236371e-36 1.584353e-36 2.984808e-37 5.506162e-38 9.944176e-39 1.757901e-39 3.041191e-40 5.147942e-41 8.524738e-42 1.380708e-42 2.186811e-43 3.386292e-44 5.125725e-45 7.582593e-46 1.096036e-46 1.547708e-47 2.134631e-48 2.874998e-49 3.780458e-50 4.852373e-51 6.078229e-52 7.428872e-53 8.857296e-54 1.029961e-54 1.167860e-55 1.290978e-56 1.390957e-57 1.460437e-58 1.493941e-59 1.488582e-60 1.444469e-61 1.364728e-62 1.255143e-63 1.123455e-64 9.784540e-66 8.289971e-67 6.831246e-68 5.473777e-69 4.264034e-70 3.228544e-71 2.375481e-72 1.698092e-73 1.179077e-74 7.950615e-76 5.205278e-77 3.308099e-78 2.040383e-79 1.221100e-80 7.089319e-82 3.991904e-83 2.179649e-84 1.153806e-85 5.920098e-87 2.943640e-88 1.418114e-89 
3.942449e-13 1.007303e-12 2.532934e-12 6.269312e-12 1.527600e-11 3.664830e-11 8.657884e-11 2.014384e-10 4.616396e-10 1.042200e-09 2.318156e-09 5.080809e-09 1.097430e-08 2.336298e-08 4.902762e-08 1.014302e-07 2.068997e-07 4.161698e-07 8.255637e-07 1.615290e-06 3.117605e-06 5.936244e-06 1.115249e-05 2.067523e-05 3.782640e-05 6.830517e-05 1.217510e-04 2.142385e-04 3.721972e-04 6.384732e-04 1.081554e-03 1.809378e-03 2.989681e-03 4.879444e-03 7.866824e-03 1.252975e-02 1.971638e-02 3.065330e-02 4.708833e-02 7.147452e-02 1.072021e-01 1.588829e-01 2.326889e-01 3.367419e-01 4.815433e-01 6.804233e-01 9.499771e-01 1.310440e+00 1.785942e+00 2.404561e+00 3.198092e+00 4.201444e+00 5.451571e+00 6.985879e+00 8.840079e+00 1.104549e+01 1.362591e+01 1.659414e+01 1.994854e+01 2.366973e+01 2.771797e+01 3.203152e+01 3.652631e+01 4.109724e+01 4.562128e+01 4.996234e+01 5.397769e+01 5.752563e+01 6.047377e+01 6.270733e+01 6.413660e+01 6.470307e+01 6.438346e+01 6.319131e+01 6.117605e+01 5.841953e+01 5.503040e+01 5.113696e+01 4.687898e+01 4.239937e+01 3.783635e+01 3.331667e+01 2.895032e+01 2.482701e+01 2.101439e+01 1.755800e+01 1.448254e+01 1.179433e+01 9.484386e+00 7.531832e+00 5.907395e+00 4.576603e+00 3.502586e+00 2.648364e+00 1.978577e+00 1.460679e+00 1.065664e+00 7.683923e-01 5.476126e-01 3.857599e-01 2.686184e-01 1.849040e-01 1.258234e-01 8.464266e-02 5.629023e-02 3.700766e-02 2.405249e-02 1.545357e-02 9.814880e-03 6.161860e-03 3.823750e-03 2.345283e-03 1.421686e-03 8.517012e-04 5.042155e-04 2.949573e-04 1.704838e-04 9.735413e-05 5.492088e-05 3.060530e-05 1.684593e-05 9.157896e-06 4.916553e-06 2.606467e-06 1.364369e-06 7.051164e-07 3.597496e-07 1.811805e-07 9.006472e-08 4.418661e-08 2.139338e-08 1.022071e-08 4.817873e-09 2.240585e-09 1.027918e-09 4.651628e-10 2.076152e-10 9.138583e-11 3.966627e-11 1.697631e-11 7.163101e-12 2.979546e-12 1.221647e-12 4.936759e-13 1.966042e-13 7.715270e-14 2.983111e-14 1.136317e-14 4.263751e-15 1.575785e-15 5.735405e-16 2.055616e-16 7.254010e-17 2.520112e-17 8.618135e-18 2.900706e-18 9.608065e-19 3.131508e-19 1.004152e-19 3.167494e-20 9.827518e-21 2.998638e-21 8.996963e-22 2.653984e-22 7.696072e-23 2.193539e-23 6.144173e-24 1.691059e-24 4.572628e-25 1.214559e-25 3.168473e-26 8.116936e-27 2.041627e-27 5.041195e-28 1.221780e-28 2.905923e-29 6.781643e-30 1.552647e-30 3.486780e-31 7.679198e-32 1.658334e-32 3.510892e-33 7.285775e-34 1.481733e-34 2.952719e-35 5.764395e-36 1.102264e-36 2.064135e-37 3.784691e-38 6.793308e-39 1.193463e-39 2.051779e-40 3.451146e-41 5.678363e-42 9.137465e-43 1.437758e-43 2.211659e-44 3.325342e-45 4.886000e-46 7.014271e-47 9.836387e-48 1.347176e-48 1.801606e-49 2.352085e-50 2.997186e-51 3.726937e-52 4.521445e-53 5.350548e-54 6.174811e-55 6.948029e-56 7.621139e-57 8.147157e-58 8.486475e-59 8.611734e-60 8.511430e-61 8.191616e-62 7.675345e-63 6.999927e-64 6.212442e-65 5.364264e-66 4.505494e-67 3.680144e-68 2.922691e-69 2.256327e-70 1.692886e-71 1.234144e-72 8.740203e-74 6.011748e-75 4.015222e-76 2.603477e-77 1.638475e-78 1.000632e-79 5.928762e-81 3.407345e-82 1.899058e-83 1.026215e-84 5.375573e-86 2.729019e-87 1.342435e-88 6.397275e-90 
3.368360e-13 8.639039e-13 2.180531e-12 5.417159e-12 1.324813e-11 3.189861e-11 7.562799e-11 1.765816e-10 4.060861e-10 9.199351e-10 2.053141e-09 4.515002e-09 9.784292e-09 2.089714e-08 4.399299e-08 9.130027e-08 1.868119e-07 3.769058e-07 7.499075e-07 1.471567e-06 2.848392e-06 5.438972e-06 1.024662e-05 1.904757e-05 3.494154e-05 6.326095e-05 1.130492e-04 1.994265e-04 3.473181e-04 5.972341e-04 1.014091e-03 1.700456e-03 2.816103e-03 4.606420e-03 7.442939e-03 1.188018e-02 1.873386e-02 2.918652e-02 4.492722e-02 6.833230e-02 1.026939e-01 1.525013e-01 2.237776e-01 3.244684e-01 4.648735e-01 6.581013e-01 9.205143e-01 1.272119e+00 1.736840e+00 2.342596e+00 3.121106e+00 4.107306e+00 5.338320e+00 6.851887e+00 8.684228e+00 1.086735e+01 1.342590e+01 1.637365e+01 1.970996e+01 2.341643e+01 2.745417e+01 3.176206e+01 3.625631e+01 4.083174e+01 4.536480e+01 4.971849e+01 5.374881e+01 5.731257e+01 6.027580e+01 6.252219e+01 6.396079e+01 6.453218e+01 6.421265e+01 6.301586e+01 6.099185e+01 5.822350e+01 5.482084e+01 5.091367e+01 4.664325e+01 4.215386e+01 3.758479e+01 3.306348e+01 2.870025e+01 2.458471e+01 2.078408e+01 1.734321e+01 1.428596e+01 1.161769e+01 9.328483e+00 7.396632e+00 5.792143e+00 4.479984e+00 3.422899e+00 2.583682e+00 1.926885e+00 1.419991e+00 1.034111e+00 7.442776e-01 5.294435e-01 3.722609e-01 2.587260e-01 1.777521e-01 1.207212e-01 8.105020e-02 5.379343e-02 3.529451e-02 2.289190e-02 1.467720e-02 9.302011e-03 5.827274e-03 3.608180e-03 2.208113e-03 1.335483e-03 7.981994e-04 4.714218e-04 2.751067e-04 1.586180e-04 9.035021e-05 5.083884e-05 2.825632e-05 1.551144e-05 8.409462e-06 4.502210e-06 2.380054e-06 1.242262e-06 6.401268e-07 3.256169e-07 1.634921e-07 8.102079e-08 3.962477e-08 1.912352e-08 9.106683e-09 4.278618e-09 1.983159e-09 9.067368e-10 4.089156e-10 1.818750e-10 7.977328e-11 3.450200e-11 1.471263e-11 6.185179e-12 2.563218e-12 1.046997e-12 4.214891e-13 1.672100e-13 6.536209e-14 2.517272e-14 9.550504e-15 3.569155e-15 1.313704e-15 4.761813e-16 1.699566e-16 5.972312e-17 2.066011e-17 7.034846e-18 2.357511e-18 7.774536e-19 2.522670e-19 8.052937e-20 2.528705e-20 7.809678e-21 2.371916e-21 7.083311e-22 2.079613e-22 6.001721e-23 1.702366e-23 4.745151e-24 1.299578e-24 3.496584e-25 9.240784e-26 2.398443e-26 6.112767e-27 1.529555e-27 3.757002e-28 9.057249e-29 2.142686e-29 4.973429e-30 1.132441e-30 2.529089e-31 5.538941e-32 1.189401e-32 2.503763e-33 5.165881e-34 1.044491e-34 2.069168e-35 4.015494e-36 7.632284e-37 1.420569e-37 2.588697e-38 4.617742e-39 8.061679e-40 1.377164e-40 2.301582e-41 3.762390e-42 6.014684e-43 9.401302e-44 1.436492e-44 2.145222e-45 3.130454e-46 4.462941e-47 6.214772e-48 8.451441e-49 1.122144e-49 1.454416e-50 1.839760e-51 2.270780e-52 2.734256e-53 3.211161e-54 3.677492e-55 4.105972e-56 4.468503e-57 4.739110e-58 4.896965e-59 4.929003e-60 4.831691e-61 4.611615e-62 4.284759e-63 3.874580e-64 3.409206e-65 2.918214e-66 2.429526e-67 1.966851e-68 1.548002e-69 1.184205e-70 8.803241e-72 6.358040e-73 4.460402e-74 3.038785e-75 2.010048e-76 1.290621e-77 8.042344e-79 4.862549e-80 2.851997e-81 1.622349e-82 8.948634e-84 4.785127e-85 2.480061e-86 1.245580e-87 6.060806e-89 2.856588e-90 
2.871757e-13 7.393847e-13 1.873368e-12 4.671629e-12 1.146746e-11 2.771277e-11 6.594257e-11 1.545196e-10 3.566072e-10 8.106666e-10 1.815499e-09 4.005954e-09 8.710170e-09 1.866430e-08 3.941976e-08 8.207031e-08 1.684534e-07 3.409153e-07 6.803574e-07 1.339067e-06 2.599511e-06 4.978005e-06 9.404642e-06 1.753078e-05 3.224636e-05 5.853667e-05 1.048795e-04 1.854873e-04 3.238505e-04 5.582465e-04 9.501700e-04 1.597026e-03 2.650927e-03 4.346065e-03 7.037889e-03 1.125820e-02 1.779119e-02 2.777646e-02 4.284563e-02 6.529983e-02 9.833481e-02 1.463192e-01 2.151287e-01 3.125342e-01 4.486350e-01 6.363180e-01 8.917124e-01 1.234594e+00 1.688678e+00 2.281724e+00 3.045365e+00 4.014562e+00 5.226604e+00 6.719561e+00 8.530166e+00 1.069112e+01 1.322793e+01 1.615534e+01 1.947374e+01 2.316574e+01 2.719331e+01 3.149596e+01 3.599021e+01 4.057077e+01 4.511358e+01 4.948068e+01 5.352679e+01 5.710715e+01 6.008617e+01 6.234598e+01 6.379429e+01 6.437076e+01 6.405126e+01 6.284955e+01 6.081630e+01 5.803549e+01 5.461853e+01 5.069680e+01 4.641312e+01 4.191317e+01 3.733735e+01 3.281383e+01 2.845321e+01 2.434504e+01 2.055611e+01 1.713054e+01 1.409132e+01 1.144285e+01 9.174270e+00 7.263008e+00 5.678347e+00 4.384697e+00 3.344414e+00 2.520065e+00 1.876120e+00 1.380097e+00 1.003224e+00 7.207120e-01 5.117192e-01 3.591158e-01 2.491106e-01 1.708132e-01 1.157802e-01 7.757789e-02 5.138476e-02 3.364503e-02 2.177663e-02 1.393262e-02 8.811132e-03 5.507686e-03 3.402697e-03 2.077637e-03 1.253663e-03 7.475284e-04 4.404323e-04 2.563909e-04 1.474565e-04 8.377769e-05 4.701754e-05 2.606286e-05 1.426848e-05 7.714179e-06 4.118319e-06 2.170853e-06 1.129752e-06 5.804158e-07 2.943476e-07 1.473357e-07 7.278518e-08 3.548347e-08 1.706939e-08 8.101759e-09 3.793761e-09 1.752467e-09 7.985064e-10 3.588513e-10 1.590439e-10 6.950944e-11 2.995385e-11 1.272625e-11 5.330205e-12 2.200588e-12 8.954477e-13 3.590897e-13 1.418995e-13 5.524930e-14 2.119305e-14 8.008159e-15 2.980541e-15 1.092524e-15 3.943568e-16 1.401584e-16 4.904194e-17 1.689204e-17 5.726750e-18 1.910695e-18 6.273010e-19 2.026307e-19 6.439056e-20 2.012650e-20 6.187064e-21 1.870300e-21 5.558880e-22 1.624244e-22 4.664881e-23 1.316715e-23 3.652087e-24 9.952294e-25 2.664233e-25 7.005217e-26 1.808855e-26 4.586170e-27 1.141542e-27 2.789066e-28 6.687751e-29 1.573563e-29 3.632443e-30 8.225277e-31 1.826693e-31 3.978039e-32 8.493475e-33 1.777618e-33 3.646291e-34 7.329021e-35 1.443258e-35 2.783981e-36 5.259356e-37 9.728873e-38 1.761873e-38 3.123108e-39 5.417724e-40 9.195617e-41 1.526845e-41 2.479560e-42 3.937625e-43 6.113479e-44 9.277913e-45 1.376046e-45 1.994109e-46 2.822991e-47 3.903250e-48 5.269996e-49 6.946583e-50 8.937563e-51 1.122182e-51 1.374713e-52 1.642761e-53 1.914511e-54 2.175555e-55 2.410007e-56 2.602012e-57 2.737470e-58 2.805723e-59 2.800924e-60 2.722856e-61 2.577033e-62 2.374064e-63 2.128369e-64 1.856471e-65 1.575146e-66 1.299718e-67 1.042744e-68 8.132250e-70 6.163857e-71 4.539494e-72 3.247728e-73 2.256700e-74 1.522629e-75 9.973445e-77 6.340625e-78 3.911646e-79 2.341170e-80 1.359120e-81 7.651385e-83 4.176243e-84 2.209539e-85 1.132908e-86 5.628238e-88 2.708589e-89 1.262453e-90 
2.443092e-13 6.314827e-13 1.606176e-12 4.020656e-12 9.906818e-12 2.403063e-11 5.739167e-11 1.349720e-10 3.126127e-10 7.131719e-10 1.602736e-09 3.548665e-09 7.742069e-09 1.664530e-08 3.527128e-08 7.367132e-08 1.516962e-07 3.079649e-07 6.164938e-07 1.217047e-06 2.369667e-06 4.551115e-06 8.622794e-06 1.611858e-05 2.973050e-05 5.411556e-05 9.721513e-05 1.723788e-04 3.017294e-04 5.214109e-04 8.896407e-04 1.498868e-03 2.493829e-03 4.097916e-03 6.651021e-03 1.066292e-02 1.688716e-02 2.642146e-02 4.084136e-02 6.237430e-02 9.412131e-02 1.403321e-01 2.067367e-01 3.009330e-01 4.328206e-01 6.150654e-01 8.635626e-01 1.197855e+00 1.641448e+00 2.221933e+00 2.970857e+00 3.923199e+00 5.116410e+00 6.588887e+00 8.377876e+00 1.051678e+01 1.303197e+01 1.593918e+01 1.923986e+01 2.291762e+01 2.693535e+01 3.123318e+01 3.572797e+01 4.031432e+01 4.486762e+01 4.924895e+01 5.331168e+01 5.690946e+01 5.990500e+01 6.217881e+01 6.363723e+01 6.421897e+01 6.389943e+01 6.269251e+01 6.064952e+01 5.785557e+01 5.442353e+01 5.048640e+01 4.618863e+01 4.167733e+01 3.709403e+01 3.256767e+01 2.820918e+01 2.410799e+01 2.033045e+01 1.691997e+01 1.389860e+01 1.126980e+01 9.021729e+00 7.130944e+00 5.565996e+00 4.290732e+00 3.267119e+00 2.457501e+00 1.826272e+00 1.340986e+00 9.729954e-01 6.976880e-01 4.944329e-01 3.463189e-01 2.397670e-01 1.640831e-01 1.109970e-01 7.422286e-02 4.906195e-02 3.205745e-02 2.070535e-02 1.321883e-02 8.341513e-03 5.202570e-03 3.206931e-03 1.953595e-03 1.176046e-03 6.995672e-04 4.111666e-04 2.387570e-04 1.369651e-04 7.761472e-05 4.344324e-05 2.401638e-05 1.311182e-05 7.068886e-06 3.762996e-06 1.977759e-06 1.026199e-06 5.256179e-07 2.657362e-07 1.325973e-07 6.529549e-08 3.172909e-08 1.521313e-08 7.196593e-09 3.358482e-09 1.546061e-09 7.020010e-10 3.143659e-10 1.388284e-10 6.045402e-11 2.595574e-11 1.098652e-11 4.584189e-12 1.885368e-12 7.642161e-13 3.052654e-13 1.201529e-13 4.659500e-14 1.780104e-14 6.698904e-15 2.482937e-15 9.063193e-16 3.257613e-16 1.152840e-16 4.016406e-17 1.377374e-17 4.648979e-18 1.544188e-18 5.046886e-19 1.622823e-19 5.133168e-20 1.597012e-20 4.886300e-21 1.470080e-21 4.348406e-22 1.264402e-22 3.613632e-23 1.014945e-23 2.801024e-24 7.594539e-25 2.022694e-25 5.290979e-26 1.359100e-26 3.427737e-27 8.486624e-28 2.062355e-28 4.918378e-29 1.150902e-29 2.642045e-30 5.949134e-31 1.313726e-31 2.844581e-32 6.038352e-33 1.256401e-33 2.561952e-34 5.118797e-35 1.001937e-35 1.920918e-36 3.606559e-37 6.629972e-38 1.193118e-38 2.101480e-39 3.622051e-40 6.107837e-41 1.007487e-41 1.625270e-42 2.563657e-43 3.953269e-44 5.958376e-45 8.775807e-46 1.262832e-46 1.775069e-47 2.436724e-48 3.266099e-49 4.273602e-50 5.457699e-51 6.801189e-52 8.268525e-53 9.804987e-54 1.133833e-54 1.278326e-55 1.404854e-56 1.504609e-57 1.570093e-58 1.596032e-59 1.580075e-60 1.523137e-61 1.429321e-62 1.305434e-63 1.160162e-64 1.003056e-65 8.434864e-67 6.897341e-68 5.483271e-69 4.236973e-70 3.181511e-71 2.321008e-72 1.644708e-73 1.131811e-74 7.561979e-76 4.904308e-77 3.086774e-78 1.885042e-79 1.116686e-80 6.415631e-82 3.573975e-83 1.930070e-84 1.010205e-85 5.123511e-87 2.517411e-88 1.198054e-89 5.521313e-91 
2.073866e-13 5.381760e-13 1.374225e-12 3.453373e-12 8.541660e-12 2.079765e-11 4.985612e-11 1.176828e-10 2.735615e-10 6.263262e-10 1.412554e-09 3.138507e-09 6.870821e-09 1.482227e-08 3.151329e-08 6.603861e-08 1.364201e-07 2.778346e-07 5.579200e-07 1.104804e-06 2.157628e-06 4.156181e-06 7.897476e-06 1.480494e-05 2.738407e-05 4.998156e-05 9.003049e-05 1.600604e-04 2.808918e-04 4.866311e-04 8.323584e-04 1.405767e-03 2.344496e-03 3.861521e-03 6.281696e-03 1.009344e-02 1.602054e-02 2.511992e-02 3.891230e-02 5.955297e-02 9.004994e-02 1.345357e-01 1.985966e-01 2.896587e-01 4.174233e-01 5.943353e-01 8.360558e-01 1.161893e+00 1.595138e+00 2.163213e+00 2.897570e+00 3.833205e+00 5.007723e+00 6.459848e+00 8.227340e+00 1.034431e+01 1.283799e+01 1.572514e+01 1.900827e+01 2.267205e+01 2.668026e+01 3.097371e+01 3.546958e+01 4.006237e+01 4.462693e+01 4.902333e+01 5.310354e+01 5.671957e+01 5.973238e+01 6.202079e+01 6.348974e+01 6.407693e+01 6.375730e+01 6.254486e+01 6.049162e+01 5.768384e+01 5.423591e+01 5.028252e+01 4.596978e+01 4.144631e+01 3.685481e+01 3.232499e+01 2.796811e+01 2.387351e+01 2.010708e+01 1.671145e+01 1.370779e+01 1.109852e+01 8.870842e+00 7.000424e+00 5.455075e+00 4.198075e+00 3.191003e+00 2.395982e+00 1.777333e+00 1.302651e+00 9.434158e-01 6.751980e-01 4.775779e-01 3.338640e-01 2.306902e-01 1.575575e-01 1.063680e-01 7.098227e-02 4.682275e-02 3.053006e-02 1.967674e-02 1.253488e-02 7.892441e-03 4.911412e-03 3.020518e-03 1.835735e-03 1.102461e-03 6.541993e-04 3.835469e-04 2.221541e-04 1.271109e-04 7.184029e-05 4.010272e-05 2.210869e-05 1.203645e-05 6.470570e-06 3.434452e-06 1.799722e-06 9.309972e-07 4.753880e-07 2.395889e-07 1.191696e-07 5.849328e-08 2.833021e-08 1.353810e-08 6.382505e-09 2.968317e-09 1.361682e-09 6.160937e-10 2.749055e-10 1.209607e-10 5.247935e-11 2.244777e-11 9.465778e-12 3.934544e-12 1.611920e-12 6.508174e-13 2.589381e-13 1.015098e-13 3.920565e-14 1.491661e-14 5.590159e-15 2.063297e-15 7.499510e-16 2.684027e-16 9.457404e-17 3.280468e-17 1.120018e-17 3.763445e-18 1.244406e-18 4.048547e-19 1.295805e-19 4.079678e-20 1.263279e-20 3.846810e-21 1.151781e-21 3.390354e-22 9.809905e-23 2.789754e-23 7.796231e-24 2.140703e-24 5.774517e-25 1.530016e-25 3.981349e-26 1.017303e-26 2.552039e-27 6.284510e-28 1.518910e-28 3.602451e-29 8.382951e-30 1.913620e-30 4.284504e-31 9.407125e-32 2.025113e-32 4.273675e-33 8.839681e-34 1.791747e-34 3.558308e-35 6.922417e-36 1.318983e-36 2.460977e-37 4.495532e-38 8.038551e-39 1.406743e-39 2.408843e-40 4.035291e-41 6.611941e-42 1.059462e-42 1.659808e-43 2.541907e-44 3.804552e-45 5.564182e-46 7.949954e-47 1.109441e-47 1.511926e-48 2.011653e-49 2.612652e-50 3.311497e-51 4.095339e-52 4.940670e-53 5.813259e-54 6.669578e-55 7.459817e-56 8.132338e-57 8.639044e-58 8.940965e-59 9.013151e-60 8.848040e-61 8.456685e-62 7.867560e-63 7.123129e-64 6.274745e-65 5.376745e-66 4.480684e-67 3.630562e-68 2.859640e-69 2.189071e-70 1.628255e-71 1.176527e-72 8.256610e-74 5.626324e-75 3.721981e-76 2.389755e-77 1.488901e-78 8.999431e-80 5.276004e-81 2.999440e-82 1.653197e-83 8.832088e-85 4.572583e-86 2.293639e-87 1.114448e-88 5.244116e-90 2.389296e-91 
1.756528e-13 4.576615e-13 1.173284e-12 2.960015e-12 7.349832e-12 1.796443e-11 4.322762e-11 1.024185e-10 2.389584e-10 5.490962e-10 1.242831e-09 2.771201e-09 6.087926e-09 1.317860e-08 2.811382e-08 5.911164e-08 1.225123e-07 2.503171e-07 5.042617e-07 1.001672e-06 1.962226e-06 3.791189e-06 7.225262e-06 1.358414e-05 2.519759e-05 4.611926e-05 8.330082e-05 1.484933e-04 2.612771e-04 4.538142e-04 7.781826e-04 1.317513e-03 2.202622e-03 3.636443e-03 5.929294e-03 9.548913e-03 1.519015e-02 2.387023e-02 3.705635e-02 5.683313e-02 8.611726e-02 1.289259e-01 1.907032e-01 2.787052e-01 4.024359e-01 5.741199e-01 8.091832e-01 1.126699e+00 1.549738e+00 2.105553e+00 2.825494e+00 3.744568e+00 4.900531e+00 6.332430e+00 8.078540e+00 1.017368e+01 1.264597e+01 1.551320e+01 1.877896e+01 2.242899e+01 2.642800e+01 3.071751e+01 3.521501e+01 3.981492e+01 4.439152e+01 4.880383e+01 5.290241e+01 5.653756e+01 5.956842e+01 6.187206e+01 6.335197e+01 6.394479e+01 6.362501e+01 6.240674e+01 6.034271e+01 5.752039e+01 5.405575e+01 5.008520e+01 4.575661e+01 4.122013e+01 3.661969e+01 3.208577e+01 2.772999e+01 2.364158e+01 1.988595e+01 1.650496e+01 1.351884e+01 1.092898e+01 8.721591e+00 6.871434e+00 5.345572e+00 4.106716e+00 3.116055e+00 2.335498e+00 1.729292e+00 1.265082e+00 9.144774e-01 6.532345e-01 4.611474e-01 3.217453e-01 2.218750e-01 1.512321e-01 1.018896e-01 6.785331e-02 4.466497e-02 2.906114e-02 1.868951e-02 1.187978e-02 7.463219e-03 4.633714e-03 2.843105e-03 1.723812e-03 1.032738e-03 6.113116e-04 3.574982e-04 2.065330e-04 1.178621e-04 6.643425e-05 3.698334e-05 2.033198e-05 1.103761e-05 5.916362e-06 3.130986e-06 1.635748e-06 8.435735e-07 4.294005e-07 2.157234e-07 1.069520e-07 5.232385e-08 2.525752e-08 1.202884e-08 5.651448e-09 2.619145e-09 1.197247e-09 5.397498e-10 2.399636e-10 1.051966e-10 4.546948e-11 1.937575e-11 8.139066e-12 3.369964e-12 1.375203e-12 5.530373e-13 2.191508e-13 8.556320e-14 3.291086e-14 1.246959e-14 4.653481e-15 1.710279e-15 6.189698e-16 2.205639e-16 7.737674e-17 2.672051e-17 9.082054e-18 3.037904e-18 9.999070e-19 3.238057e-19 1.031554e-19 3.232393e-20 9.961444e-21 3.018748e-21 8.994503e-22 2.634584e-22 7.585237e-23 2.146275e-23 5.967558e-24 1.630189e-24 4.374656e-25 1.153049e-25 2.984568e-26 7.585382e-27 1.892632e-27 4.635296e-28 1.114142e-28 2.627750e-29 6.080439e-30 1.380130e-30 3.072312e-31 6.706496e-32 1.435276e-32 3.010979e-33 6.190641e-34 1.247214e-34 2.461754e-35 4.759564e-36 9.012146e-37 1.670886e-37 3.032779e-38 5.388003e-39 9.367522e-40 1.593483e-40 2.651621e-41 4.315504e-42 6.867862e-43 1.068551e-43 1.625043e-44 2.415144e-45 3.507044e-46 4.974740e-47 6.891932e-48 9.323151e-49 1.231246e-49 1.587072e-50 1.996299e-51 2.449852e-52 2.932560e-53 3.423365e-54 3.896415e-55 4.323038e-56 4.674447e-57 4.924859e-58 5.054576e-59 5.052513e-60 4.917746e-61 4.659771e-62 4.297407e-63 3.856516e-64 3.366928e-65 2.859074e-66 2.360873e-67 1.895301e-68 1.478920e-69 1.121436e-70 8.261709e-72 5.911988e-73 4.108354e-74 2.771884e-75 1.815340e-76 1.153769e-77 7.114773e-79 4.255858e-80 2.468882e-81 1.388687e-82 7.571861e-84 4.001286e-85 2.048801e-86 1.016267e-87 4.882354e-89 2.271277e-90 1.022909e-91 
1.484389e-13 3.883349e-13 9.995727e-13 2.531825e-12 6.311392e-12 1.548634e-11 3.740790e-11 8.896647e-11 2.083506e-10 4.805345e-10 1.091617e-09 2.442793e-09 5.385507e-09 1.169884e-08 2.504306e-08 5.283380e-08 1.098669e-07 2.252179e-07 4.551660e-07 9.070211e-07 1.782357e-06 3.454225e-06 6.602889e-06 1.245068e-05 2.316200e-05 4.251387e-05 7.700243e-05 1.376399e-04 2.428268e-04 4.228704e-04 7.269779e-04 1.233906e-03 2.067912e-03 3.422254e-03 5.593208e-03 9.028481e-03 1.439484e-02 2.267083e-02 3.527144e-02 5.421212e-02 8.231988e-02 1.234983e-01 1.830514e-01 2.680665e-01 3.878515e-01 5.544112e-01 7.829361e-01 1.092261e+00 1.505239e+00 2.048941e+00 2.754617e+00 3.657275e+00 4.794819e+00 6.206617e+00 7.931458e+00 1.000487e+01 1.245589e+01 1.530332e+01 1.855188e+01 2.218840e+01 2.617855e+01 3.046454e+01 3.496423e+01 3.957195e+01 4.416139e+01 4.859049e+01 5.270835e+01 5.636351e+01 5.941321e+01 6.173274e+01 6.322404e+01 6.382271e+01 6.350271e+01 6.227829e+01 6.020292e+01 5.736533e+01 5.388311e+01 4.989450e+01 4.554914e+01 4.099879e+01 3.638863e+01 3.184998e+01 2.749478e+01 2.341216e+01 1.966703e+01 1.630048e+01 1.333174e+01 1.076117e+01 8.573957e+00 6.743957e+00 5.237474e+00 4.016643e+00 3.042266e+00 2.276038e+00 1.682141e+00 1.228271e+00 8.861721e-01 6.317902e-01 4.451348e-01 3.099570e-01 2.133164e-01 1.451027e-01 9.755854e-02 6.483322e-02 4.258643e-02 2.764904e-02 1.774241e-02 1.125262e-02 7.053167e-03 4.368988e-03 2.674350e-03 1.617588e-03 9.667166e-04 5.707947e-04 3.329480e-04 1.918464e-04 1.091883e-04 6.137723e-05 3.407299e-05 1.867875e-05 1.011074e-05 5.403530e-06 2.850982e-06 1.484896e-06 7.633864e-07 3.873486e-07 1.939685e-07 9.585041e-08 4.673610e-08 2.248374e-08 1.067097e-08 4.995972e-09 2.307161e-09 1.050844e-09 4.720214e-10 2.090778e-10 9.131378e-11 3.931930e-11 1.669070e-11 6.983941e-12 2.880318e-12 1.170713e-12 4.689070e-13 1.850562e-13 7.195406e-14 2.756101e-14 1.039862e-14 3.864102e-15 1.414049e-15 5.095346e-16 1.807695e-16 6.313453e-17 2.170434e-17 7.343629e-18 2.445146e-18 8.010754e-19 2.582025e-19 8.186700e-20 2.553058e-20 7.829911e-21 2.361227e-21 7.000716e-22 2.040373e-22 5.844895e-23 1.645433e-23 4.551517e-24 1.236913e-24 3.301894e-25 8.656879e-26 2.228774e-26 5.633892e-27 1.398039e-27 3.405086e-28 8.138861e-29 1.908772e-29 4.391635e-30 9.910755e-31 2.193416e-31 4.759854e-32 1.012625e-32 2.111587e-33 4.315161e-34 8.640410e-35 1.694890e-35 3.256409e-36 6.126965e-37 1.128703e-37 2.035445e-38 3.592541e-39 6.204732e-40 1.048429e-40 1.732863e-41 2.801002e-42 4.426903e-43 6.839699e-44 1.032849e-44 1.524091e-45 2.197206e-46 3.094044e-47 4.254890e-48 5.713016e-49 7.488014e-50 9.578562e-51 1.195568e-51 1.455778e-52 1.728903e-53 2.002195e-54 2.260521e-55 2.487610e-56 2.667675e-57 2.787179e-58 2.836497e-59 2.811185e-60 2.712625e-61 2.547924e-62 2.329070e-63 2.071481e-64 1.792190e-65 1.507975e-66 1.233712e-67 9.811711e-69 7.583835e-70 5.695713e-71 4.155508e-72 2.944549e-73 2.025974e-74 1.353228e-75 8.772678e-77 5.518479e-78 3.367710e-79 1.993335e-80 1.144087e-81 6.366099e-83 3.433416e-84 1.794410e-85 9.085796e-87 4.456094e-88 2.116414e-89 9.732104e-91 4.331902e-92 
1.251534e-13 3.287720e-13 8.497198e-13 2.160963e-12 5.408424e-12 1.332310e-11 3.230800e-11 7.713339e-11 1.813255e-10 4.197738e-10 9.571201e-10 2.149642e-09 4.756280e-09 1.036867e-08 2.227328e-08 4.715225e-08 9.838484e-08 2.023539e-07 4.103007e-07 8.202563e-07 1.616972e-06 3.143471e-06 6.027251e-06 1.139935e-05 2.126864e-05 3.915127e-05 7.111254e-05 1.274640e-04 2.254846e-04 3.937132e-04 6.786129e-04 1.154749e-03 1.940078e-03 3.218538e-03 5.272848e-03 8.531322e-03 1.363347e-02 2.152021e-02 3.355556e-02 5.168729e-02 7.865447e-02 1.182489e-01 1.756361e-01 2.577365e-01 3.736630e-01 5.352012e-01 7.573056e-01 1.058572e+00 1.461629e+00 1.993368e+00 2.684927e+00 3.571314e+00 4.690574e+00 6.082394e+00 7.786075e+00 9.837872e+00 1.226771e+01 1.509548e+01 1.832700e+01 2.195024e+01 2.593185e+01 3.021477e+01 3.471723e+01 3.933345e+01 4.393654e+01 4.838334e+01 5.252142e+01 5.619749e+01 5.926686e+01 6.160295e+01 6.310611e+01 6.371082e+01 6.339054e+01 6.215964e+01 6.007236e+01 5.721874e+01 5.371807e+01 4.971044e+01 4.534738e+01 4.078228e+01 3.616163e+01 3.161759e+01 2.726244e+01 2.318522e+01 1.945030e+01 1.609797e+01 1.314645e+01 1.059506e+01 8.427922e+00 6.617979e+00 5.130767e+00 3.927843e+00 2.969624e+00 2.217593e+00 1.635870e+00 1.192208e+00 8.584917e-01 6.108574e-01 4.295333e-01 2.984932e-01 2.050095e-01 1.391652e-01 9.337129e-02 6.191927e-02 4.058501e-02 2.629210e-02 1.683421e-02 1.065249e-02 6.661621e-03 4.116760e-03 2.513918e-03 1.516832e-03 9.042383e-04 5.325430e-04 3.098265e-04 1.780488e-04 1.010602e-04 5.665065e-05 3.136005e-05 1.714187e-05 9.251499e-06 4.929477e-06 2.592907e-06 1.346273e-06 6.899246e-07 3.489437e-07 1.741634e-07 8.577649e-08 4.168235e-08 1.998346e-08 9.451174e-09 4.409193e-09 2.028860e-09 9.207162e-10 4.120412e-10 1.818264e-10 7.911053e-11 3.393373e-11 1.434853e-11 5.980249e-12 2.456545e-12 9.944427e-13 3.966800e-13 1.559054e-13 6.036659e-14 2.302501e-14 8.650145e-15 3.200508e-15 1.166103e-15 4.183386e-16 1.477544e-16 5.137160e-17 1.758016e-17 5.920875e-18 1.962267e-18 6.398584e-19 2.052612e-19 6.476938e-20 2.010085e-20 6.134538e-21 1.840823e-21 5.430551e-22 1.574765e-22 4.488126e-23 1.256979e-23 3.458917e-24 9.350524e-25 2.482843e-25 6.474602e-26 1.657903e-26 4.167911e-27 1.028541e-27 2.491136e-28 5.920724e-29 1.380643e-29 3.158230e-30 7.085788e-31 1.558977e-31 3.362966e-32 7.111485e-33 1.473927e-33 2.993581e-34 5.956990e-35 1.161192e-35 2.216878e-36 4.144377e-37 7.585328e-38 1.358954e-38 2.382685e-39 4.087673e-40 6.860387e-41 1.126156e-41 1.807755e-42 2.837169e-43 4.352588e-44 6.525877e-45 9.560270e-46 1.368208e-46 1.912471e-47 2.610403e-48 3.478559e-49 4.524582e-50 5.743183e-51 7.112611e-52 8.592400e-53 1.012314e-53 1.162885e-54 1.302222e-55 1.421229e-56 1.511398e-57 1.565790e-58 1.579907e-59 1.552303e-60 1.484810e-61 1.382350e-62 1.252333e-63 1.103771e-64 9.462309e-66 7.888165e-67 6.393183e-68 5.036421e-69 3.855599e-70 2.867662e-71 2.071721e-72 1.453460e-73 9.900211e-75 6.545704e-76 4.199911e-77 2.614550e-78 1.578804e-79 9.245614e-81 5.249539e-82 2.889260e-83 1.541113e-84 7.964659e-86 3.987384e-87 1.933306e-88 9.076291e-90 4.124926e-91 1.814382e-92 
1.052746e-13 2.777112e-13 7.207282e-13 1.840431e-12 4.624861e-12 1.143848e-11 2.784755e-11 6.674398e-11 1.575071e-10 3.660217e-10 8.376961e-10 1.888395e-09 4.193520e-09 9.174796e-09 1.977868e-08 4.201769e-08 8.797341e-08 1.815536e-07 3.693530e-07 7.408169e-07 1.465080e-06 2.857205e-06 5.495398e-06 1.042516e-05 1.950922e-05 3.601791e-05 6.560933e-05 1.179311e-04 2.091963e-04 3.662589e-04 6.329607e-04 1.079853e-03 1.818841e-03 3.024892e-03 4.967639e-03 8.056630e-03 1.290493e-02 2.041685e-02 3.190671e-02 4.925608e-02 7.511775e-02 1.131736e-01 1.684524e-01 2.477092e-01 3.598636e-01 5.164821e-01 7.322831e-01 1.025622e+00 1.418900e+00 1.938822e+00 2.616413e+00 3.486673e+00 4.587784e+00 5.959745e+00 7.642375e+00 9.672651e+00 1.208142e+01 1.488963e+01 1.810429e+01 2.171448e+01 2.568787e+01 2.996817e+01 3.447396e+01 3.909941e+01 4.371697e+01 4.818239e+01 5.234166e+01 5.603960e+01 5.912949e+01 6.148283e+01 6.299832e+01 6.360930e+01 6.328866e+01 6.205094e+01 5.995116e+01 5.708074e+01 5.356069e+01 4.953308e+01 4.515135e+01 4.057061e+01 3.593867e+01 3.138856e+01 2.703295e+01 2.296071e+01 1.923571e+01 1.589739e+01 1.296296e+01 1.043062e+01 8.283467e+00 6.493484e+00 5.025438e+00 3.840306e+00 2.898119e+00 2.160152e+00 1.590471e+00 1.156886e+00 8.314281e-01 5.904290e-01 4.143363e-01 2.873480e-01 1.969492e-01 1.334153e-01 8.932453e-02 5.910878e-02 3.865859e-02 2.498873e-02 1.596368e-02 1.007848e-02 6.287934e-03 3.876568e-03 2.361486e-03 1.421320e-03 8.451510e-04 4.964545e-04 2.880661e-04 1.650961e-04 9.344953e-05 5.223673e-05 2.883344e-05 1.571452e-05 8.455762e-06 4.491734e-06 2.355308e-06 1.219036e-06 6.227064e-07 3.139142e-07 1.561572e-07 7.664780e-08 3.711814e-08 1.773309e-08 8.357110e-09 3.884756e-09 1.781019e-09 8.052529e-10 3.590173e-10 1.578259e-10 6.840391e-11 2.922687e-11 1.230952e-11 5.109936e-12 2.090558e-12 8.428266e-13 3.348105e-13 1.310387e-13 5.052360e-14 1.918829e-14 7.177578e-15 2.644059e-15 9.591056e-16 3.425420e-16 1.204376e-16 4.168308e-17 1.419886e-17 4.759814e-18 1.570053e-18 5.095311e-19 1.626683e-19 5.108033e-20 1.577482e-20 4.790443e-21 1.430302e-21 4.198160e-22 1.211177e-22 3.434084e-23 9.567637e-24 2.618933e-24 7.042133e-25 1.859849e-25 4.823668e-26 1.228386e-26 3.071010e-27 7.536089e-28 1.814924e-28 4.288908e-29 9.943474e-30 2.261305e-30 5.043541e-31 1.103042e-31 2.365117e-32 4.970962e-33 1.023948e-33 2.066743e-34 4.086836e-35 7.915890e-36 1.501563e-36 2.788925e-37 5.071045e-38 9.024901e-39 1.571766e-39 2.678239e-40 4.464178e-41 7.277438e-42 1.160042e-42 1.807757e-43 2.753527e-44 4.098578e-45 5.960492e-46 8.467329e-47 1.174723e-47 1.591324e-48 2.104378e-49 2.716058e-50 3.420672e-51 4.202888e-52 5.036795e-53 5.886222e-54 6.706563e-55 7.448165e-56 8.060995e-57 8.500062e-58 8.730781e-59 8.733429e-60 8.505892e-61 8.064192e-62 7.440631e-63 6.679878e-64 5.833627e-65 4.954746e-66 4.091834e-67 3.284954e-68 2.563044e-69 1.943118e-70 1.431063e-71 1.023612e-72 7.109347e-74 4.793381e-75 3.136698e-76 1.991693e-77 1.226850e-78 7.329610e-80 4.246112e-81 2.384648e-82 1.298018e-83 6.846399e-85 3.498412e-86 1.731447e-87 8.298115e-89 3.850216e-90 1.729138e-91 7.514801e-93 
8.834321e-14 2.340375e-13 6.099373e-13 1.563991e-12 3.946329e-12 9.799905e-12 2.395403e-11 5.763953e-11 1.365539e-10 3.185551e-10 7.318403e-10 1.655972e-09 3.691024e-09 8.104944e-09 1.753532e-08 3.738423e-08 7.854600e-08 1.626561e-07 3.320289e-07 6.681742e-07 1.325745e-06 2.593792e-06 5.004526e-06 9.523379e-06 1.787587e-05 3.310083e-05 6.047187e-05 1.090079e-04 1.939096e-04 3.404269e-04 5.898989e-04 1.009033e-03 1.703931e-03 2.840923e-03 4.677020e-03 7.603619e-03 1.220813e-02 1.935930e-02 3.032294e-02 4.691594e-02 7.170645e-02 1.082682e-01 1.614952e-01 2.379788e-01 3.464463e-01 4.982461e-01 7.078599e-01 9.934003e-01 1.377040e+00 1.885293e+00 2.549064e+00 3.403340e+00 4.486434e+00 5.838656e+00 7.500340e+00 9.509190e+00 1.189699e+01 1.468577e+01 1.788371e+01 2.148107e+01 2.544657e+01 2.972469e+01 3.423441e+01 3.886979e+01 4.350269e+01 4.798768e+01 5.216912e+01 5.588990e+01 5.900120e+01 6.137250e+01 6.290082e+01 6.351828e+01 6.319722e+01 6.195232e+01 5.983945e+01 5.695141e+01 5.341106e+01 4.936247e+01 4.496108e+01 4.036377e+01 3.571973e+01 3.116288e+01 2.680625e+01 2.273861e+01 1.902324e+01 1.569873e+01 1.278123e+01 1.026784e+01 8.140575e+00 6.370456e+00 4.921474e+00 3.754021e+00 2.827741e+00 2.103707e+00 1.545933e+00 1.122296e+00 8.049734e-01 5.704974e-01 3.995374e-01 2.765159e-01 1.891307e-01 1.278490e-01 8.541492e-02 5.639909e-02 3.680511e-02 2.373734e-02 1.512965e-02 9.529720e-03 5.931474e-03 3.647962e-03 2.216739e-03 1.330834e-03 7.893072e-04 4.624303e-04 2.676020e-04 1.529463e-04 8.632936e-05 4.811839e-05 2.648252e-05 1.439018e-05 7.719591e-06 4.087959e-06 2.136809e-06 1.102390e-06 5.612776e-07 2.820049e-07 1.398089e-07 6.838733e-08 3.300212e-08 1.571073e-08 7.377372e-09 3.416804e-09 1.560679e-09 7.029810e-10 3.122276e-10 1.367279e-10 5.902842e-11 2.512134e-11 1.053806e-11 4.356854e-12 1.775158e-12 7.127044e-13 2.819331e-13 1.098757e-13 4.218234e-14 1.595094e-14 5.940476e-15 2.178647e-15 7.867449e-16 2.797127e-16 9.789731e-17 3.372542e-17 1.143456e-17 3.815070e-18 1.252426e-18 4.044946e-19 1.285072e-19 4.015491e-20 1.233922e-20 3.728341e-21 1.107545e-21 3.234180e-22 9.282424e-23 2.618122e-23 7.255808e-24 1.975531e-24 5.283459e-25 1.387785e-25 3.579547e-26 9.064982e-27 2.253562e-27 5.498768e-28 1.316689e-28 3.093506e-29 7.130100e-30 1.611919e-30 3.573710e-31 7.768695e-32 1.655592e-32 3.458261e-33 7.079188e-34 1.419880e-34 2.789861e-35 5.369030e-36 1.011836e-36 1.866999e-37 3.372208e-38 5.961256e-39 1.031169e-39 1.745043e-40 2.888555e-41 4.675919e-42 7.400792e-43 1.145055e-43 1.731504e-44 2.558469e-45 3.693233e-46 5.207304e-47 7.169811e-48 9.638280e-49 1.264726e-49 1.619591e-50 2.023639e-51 2.466528e-52 2.932040e-53 3.398518e-54 3.840165e-55 4.229168e-56 4.538461e-57 4.744760e-58 4.831419e-59 4.790628e-60 4.624554e-61 4.345188e-62 3.972923e-63 3.534076e-64 3.057783e-65 2.572783e-66 2.104582e-67 1.673382e-68 1.292978e-69 9.706298e-71 7.077545e-72 5.011618e-73 3.445398e-74 2.299146e-75 1.488878e-76 9.354430e-78 5.700864e-79 3.369220e-80 1.930560e-81 1.072268e-82 5.771512e-84 3.009839e-85 1.520426e-86 7.438022e-88 3.523073e-89 1.615326e-90 7.167638e-92 3.077319e-93 
7.395610e-14 1.967676e-13 5.149912e-13 1.326094e-12 3.359990e-12 8.378188e-12 2.056218e-11 4.967662e-11 1.181558e-10 2.767156e-10 6.381775e-10 1.449546e-09 3.243080e-09 7.147762e-09 1.552101e-08 3.320917e-08 7.002182e-08 1.455109e-07 2.980526e-07 6.018304e-07 1.198084e-06 2.351688e-06 4.551972e-06 8.689489e-06 1.636104e-05 3.038766e-05 5.568012e-05 1.006623e-04 1.795743e-04 3.161395e-04 5.493089e-04 9.421139e-04 1.595084e-03 2.666249e-03 4.400446e-03 7.171521e-03 1.154203e-02 1.834611e-02 2.880235e-02 4.466437e-02 6.841739e-02 1.035288e-01 1.547596e-01 2.285395e-01 3.334043e-01 4.804853e-01 6.840272e-01 9.618987e-01 1.336040e+00 1.832771e+00 2.482868e+00 3.321303e+00 4.386511e+00 5.719112e+00 7.359951e+00 9.347467e+00 1.171438e+01 1.448384e+01 1.766522e+01 2.124998e+01 2.520791e+01 2.948429e+01 3.399852e+01 3.864459e+01 4.329369e+01 4.779922e+01 5.200386e+01 5.574848e+01 5.888210e+01 6.127211e+01 6.281377e+01 6.343794e+01 6.311639e+01 6.186395e+01 5.973735e+01 5.683087e+01 5.326924e+01 4.919864e+01 4.477657e+01 4.016175e+01 3.550478e+01 3.094051e+01 2.658233e+01 2.251886e+01 1.881283e+01 1.550193e+01 1.260124e+01 1.010670e+01 7.999225e+00 6.248882e+00 4.818863e+00 3.668975e+00 2.758480e+00 2.048248e+00 1.502248e+00 1.088428e+00 7.791194e-01 5.510553e-01 3.851298e-01 2.659909e-01 1.815492e-01 1.224624e-01 8.163917e-02 5.378760e-02 3.502254e-02 2.253638e-02 1.433096e-02 9.005365e-03 5.591623e-03 3.430504e-03 2.079370e-03 1.245166e-03 7.365643e-04 4.303753e-04 2.483713e-04 1.415586e-04 7.967370e-05 4.427928e-05 2.429717e-05 1.316265e-05 7.039244e-06 3.715927e-06 1.936109e-06 9.955824e-07 5.052111e-07 2.529764e-07 1.249863e-07 6.092327e-08 2.929583e-08 1.389611e-08 6.501426e-09 2.999952e-09 1.365125e-09 6.125551e-10 2.710150e-10 1.182165e-10 5.083461e-11 2.154751e-11 9.002221e-12 3.706599e-12 1.503946e-12 6.012796e-13 2.368448e-13 9.190722e-14 3.513079e-14 1.322611e-14 4.903822e-15 1.790388e-15 6.436062e-16 2.277737e-16 7.934983e-17 2.720793e-17 9.181189e-18 3.048613e-18 9.959800e-19 3.201018e-19 1.011947e-19 3.146314e-20 9.619712e-21 2.891866e-21 8.546529e-22 2.482763e-22 7.088465e-23 1.988736e-23 5.482086e-24 1.484543e-24 3.948681e-25 1.031470e-25 2.645683e-26 6.662350e-27 1.646855e-27 3.995315e-28 9.511363e-29 2.221560e-29 5.090070e-30 1.143841e-30 2.520625e-31 5.445983e-32 1.153434e-32 2.394307e-33 4.870344e-34 9.706277e-35 1.894868e-35 3.622912e-36 6.782775e-37 1.243213e-37 2.230432e-38 3.916103e-39 6.727534e-40 1.130601e-40 1.858352e-41 2.986931e-42 4.693679e-43 7.209489e-44 1.082205e-44 1.587226e-45 2.274063e-46 3.182068e-47 4.347787e-48 5.799451e-49 7.550448e-50 9.592515e-51 1.188974e-51 1.437467e-52 1.694785e-53 1.948169e-54 2.182922e-55 2.383709e-56 2.536148e-57 2.628484e-58 2.653063e-59 2.607374e-60 2.494446e-61 2.322529e-62 2.104096e-63 1.854333e-64 1.589381e-65 1.324606e-66 1.073157e-67 8.450012e-69 6.465003e-70 4.805035e-71 3.468487e-72 2.431076e-73 1.654134e-74 1.092335e-75 6.999274e-77 4.350721e-78 2.622888e-79 1.533232e-80 8.688503e-82 4.771893e-83 2.539481e-84 1.309206e-85 6.537023e-87 3.160545e-88 1.479295e-89 6.701323e-91 2.937521e-92 1.245715e-93 
6.176008e-14 1.650365e-13 4.338084e-13 1.121820e-12 2.854408e-12 7.147209e-12 1.761337e-11 4.272587e-11 1.020324e-10 2.399046e-10 5.554524e-10 1.266530e-09 2.844441e-09 6.292778e-09 1.371521e-08 2.945285e-08 6.232554e-08 1.299773e-07 2.671653e-07 5.413172e-07 1.081261e-06 2.129430e-06 4.135214e-06 7.919201e-06 1.495756e-05 2.786656e-05 5.121486e-05 9.286366e-05 1.661421e-04 2.933217e-04 5.110763e-04 8.789219e-04 1.492048e-03 2.500501e-03 4.137386e-03 6.759590e-03 1.090558e-02 1.737588e-02 2.734305e-02 4.249891e-02 6.524742e-02 9.895150e-02 1.482409e-01 2.193853e-01 3.207308e-01 4.631920e-01 6.607765e-01 9.311074e-01 1.295889e+00 1.781244e+00 2.417816e+00 3.240550e+00 4.288004e+00 5.601097e+00 7.221190e+00 9.187461e+00 1.153358e+01 1.428381e+01 1.744878e+01 2.102116e+01 2.497183e+01 2.924693e+01 3.376627e+01 3.842377e+01 4.308997e+01 4.761704e+01 5.184594e+01 5.561543e+01 5.877231e+01 6.118180e+01 6.273732e+01 6.336844e+01 6.304633e+01 6.178598e+01 5.964500e+01 5.671921e+01 5.313531e+01 4.904164e+01 4.459785e+01 3.996454e+01 3.529381e+01 3.072141e+01 2.636113e+01 2.230144e+01 1.860447e+01 1.530698e+01 1.242295e+01 9.947164e+00 7.859400e+00 6.128744e+00 4.717592e+00 3.585159e+00 2.690324e+00 1.993765e+00 1.459406e+00 1.055275e+00 7.538582e-01 5.320955e-01 3.711072e-01 2.557676e-01 1.741997e-01 1.172513e-01 7.799405e-02 5.127173e-02 3.330889e-02 2.138433e-02 1.356647e-02 8.504579e-03 5.267783e-03 3.223769e-03 1.949082e-03 1.164109e-03 6.867840e-04 4.001975e-04 2.303137e-04 1.308940e-04 7.345766e-05 4.070377e-05 2.226769e-05 1.202601e-05 6.411166e-06 3.373531e-06 1.751976e-06 8.979056e-07 4.541050e-07 2.266046e-07 1.115660e-07 5.418876e-08 2.596358e-08 1.227047e-08 5.719563e-09 2.629249e-09 1.191875e-09 5.327479e-10 2.347829e-10 1.020060e-10 4.368777e-11 1.844288e-11 7.673465e-12 3.146345e-12 1.271249e-12 5.060828e-13 1.984882e-13 7.668761e-14 2.918417e-14 1.093842e-14 4.037374e-15 1.467345e-15 5.250555e-16 1.849555e-16 6.413089e-17 2.188532e-17 7.349723e-18 2.428664e-18 7.895636e-19 2.525073e-19 7.942754e-20 2.457086e-20 7.474171e-21 2.235317e-21 6.571850e-22 1.899097e-22 5.393300e-23 1.505035e-23 4.126275e-24 1.111282e-24 2.939530e-25 7.635758e-26 1.947504e-26 4.876269e-27 1.198421e-27 2.890502e-28 6.840799e-29 1.588318e-29 3.617357e-30 8.079681e-31 1.769581e-31 3.799654e-32 7.997193e-33 1.649580e-33 3.334052e-34 6.601691e-35 1.280388e-35 2.431923e-36 4.522707e-37 8.233878e-38 1.467183e-38 2.558312e-39 4.364426e-40 7.283153e-41 1.188622e-41 1.896762e-42 2.958957e-43 4.511621e-44 6.722105e-45 9.785132e-46 1.391317e-46 1.931933e-47 2.619225e-48 3.466376e-49 4.477210e-50 5.642536e-51 6.937167e-52 8.318324e-53 9.726129e-54 1.108661e-54 1.231730e-55 1.333502e-56 1.406487e-57 1.444919e-58 1.445504e-59 1.407874e-60 1.334685e-61 1.231301e-62 1.105148e-63 9.648232e-65 8.191165e-66 6.761042e-67 5.424389e-68 4.229181e-69 3.203529e-70 2.357039e-71 1.684104e-72 1.168245e-73 7.866109e-75 5.139789e-76 3.258280e-77 2.003492e-78 1.194652e-79 6.906344e-81 3.869965e-82 2.101438e-83 1.105544e-84 5.633581e-86 2.779982e-87 1.328154e-88 6.141921e-90 2.748591e-91 1.190056e-92 4.984000e-94 
5.144651e-14 1.380850e-13 3.645536e-13 9.468090e-13 2.419414e-12 6.083645e-12 1.505503e-11 3.667082e-11 8.792987e-11 2.075793e-10 4.825219e-10 1.104557e-09 2.490289e-09 5.530349e-09 1.209893e-08 2.607850e-08 5.538708e-08 1.159239e-07 2.391247e-07 4.861948e-07 9.744910e-07 1.925636e-06 3.751858e-06 7.208441e-06 1.365859e-05 2.552623e-05 4.705772e-05 8.558254e-05 1.535665e-04 2.719014e-04 4.750909e-04 8.192911e-04 1.394574e-03 2.343318e-03 3.887323e-03 6.367095e-03 1.029777e-02 1.644722e-02 2.594319e-02 4.041714e-02 6.219342e-02 9.453228e-02 1.419343e-01 2.105105e-01 3.084192e-01 4.463586e-01 6.380992e-01 9.010171e-01 1.256579e+00 1.730702e+00 2.353895e+00 3.161069e+00 4.190898e+00 5.484597e+00 7.084041e+00 9.029149e+00 1.135455e+01 1.408567e+01 1.723436e+01 2.079456e+01 2.473831e+01 2.901257e+01 3.353763e+01 3.820732e+01 4.289153e+01 4.744116e+01 5.169539e+01 5.549083e+01 5.867193e+01 6.110170e+01 6.267163e+01 6.330996e+01 6.298721e+01 6.171855e+01 5.956253e+01 5.661654e+01 5.300934e+01 4.889151e+01 4.442493e+01 3.977215e+01 3.508677e+01 3.050554e+01 2.614261e+01 2.208629e+01 1.839809e+01 1.511384e+01 1.224635e+01 9.789215e+00 7.721081e+00 6.010029e+00 4.617647e+00 3.502559e+00 2.623265e+00 1.940248e+00 1.417400e+00 1.022827e+00 7.291818e-01 5.136108e-01 3.574630e-01 2.458402e-01 1.670776e-01 1.122118e-01 7.447636e-02 4.884896e-02 3.166219e-02 2.027970e-02 1.283507e-02 8.026547e-03 4.959366e-03 3.027341e-03 1.825587e-03 1.087467e-03 6.398331e-04 3.718081e-04 2.133712e-04 1.209150e-04 6.765737e-05 3.737689e-05 2.038484e-05 1.097464e-05 5.831979e-06 3.058774e-06 1.583246e-06 8.086921e-07 4.075825e-07 2.026794e-07 9.943281e-08 4.812158e-08 2.297228e-08 1.081648e-08 5.022843e-09 2.300158e-09 1.038659e-09 4.624427e-10 2.029899e-10 8.783822e-11 3.746674e-11 1.575148e-11 6.526331e-12 2.664696e-12 1.072049e-12 4.249391e-13 1.659358e-13 6.382776e-14 2.418186e-14 9.022643e-15 3.315080e-15 1.199284e-15 4.271381e-16 1.497554e-16 5.167887e-17 1.755123e-17 5.865610e-18 1.928747e-18 6.239339e-19 1.985395e-19 6.213600e-20 1.912358e-20 5.787165e-21 1.721762e-21 5.035349e-22 1.447350e-22 4.088293e-23 1.134674e-23 3.093824e-24 8.286099e-25 2.179554e-25 5.629641e-26 1.427646e-26 3.554003e-27 8.683639e-28 2.082099e-28 4.898287e-29 1.130465e-29 2.558977e-30 5.680634e-31 1.236439e-31 2.638260e-32 5.517645e-33 1.130845e-33 2.270838e-34 4.467076e-35 8.606637e-36 1.623810e-36 2.999480e-37 5.423537e-38 9.597566e-39 1.661869e-39 2.815165e-40 4.664406e-41 7.557657e-42 1.197260e-42 1.854009e-43 2.805874e-44 4.149230e-45 5.994038e-46 8.457320e-47 1.165240e-47 1.567384e-48 2.057875e-49 2.636653e-50 3.295967e-51 4.018960e-52 4.779143e-53 5.541101e-54 6.262607e-55 6.898114e-56 7.403279e-57 7.739956e-58 7.880886e-59 7.813308e-60 7.540826e-61 7.083164e-62 6.473813e-63 5.755951e-64 4.977342e-65 4.185046e-66 3.420774e-67 2.717491e-68 2.097636e-69 1.572926e-70 1.145515e-71 8.100374e-73 5.560570e-74 3.704598e-75 2.394792e-76 1.501749e-77 9.133295e-79 5.385867e-80 3.078788e-81 1.705681e-82 9.156047e-84 4.761114e-85 2.397719e-86 1.169165e-87 5.518747e-89 2.521111e-90 1.114372e-91 4.764921e-93 1.970468e-94 
4.274632e-14 1.152480e-13 3.056127e-13 7.972125e-13 2.045983e-12 5.166716e-12 1.284014e-11 3.140684e-11 7.561952e-11 1.792476e-10 4.183464e-10 9.614676e-10 2.176210e-09 4.851606e-09 1.065464e-08 2.305205e-08 4.914132e-08 1.032283e-07 2.137041e-07 4.360503e-07 8.770345e-07 1.739002e-06 3.399642e-06 6.553339e-06 1.245762e-05 2.335591e-05 4.319113e-05 7.879073e-05 1.418029e-04 2.518092e-04 4.412459e-04 7.630607e-04 1.302424e-03 2.194351e-03 3.649755e-03 5.993326e-03 9.717605e-03 1.555879e-02 2.460097e-02 3.841668e-02 5.925233e-02 9.026733e-02 1.358349e-01 2.019095e-01 2.964626e-01 4.299774e-01 6.159868e-01 8.716187e-01 1.218099e+00 1.681135e+00 2.291095e+00 3.082850e+00 4.095180e+00 5.369597e+00 6.948486e+00 8.872510e+00 1.117728e+01 1.388936e+01 1.702191e+01 2.057015e+01 2.450727e+01 2.878115e+01 3.331254e+01 3.799521e+01 4.269836e+01 4.727161e+01 5.155228e+01 5.537476e+01 5.858110e+01 6.103196e+01 6.261687e+01 6.326266e+01 6.293920e+01 6.166183e+01 5.949008e+01 5.652298e+01 5.289141e+01 4.874829e+01 4.425781e+01 3.958454e+01 3.488365e+01 3.029286e+01 2.592673e+01 2.187337e+01 1.819367e+01 1.492246e+01 1.207140e+01 9.632830e+00 7.584250e+00 5.892721e+00 4.519017e+00 3.421167e+00 2.557292e+00 1.887689e+00 1.376219e+00 9.910773e-01 7.050824e-01 4.955938e-01 3.441907e-01 2.362031e-01 1.601781e-01 1.073401e-01 7.108294e-02 4.651679e-02 3.008051e-02 1.922103e-02 1.213568e-02 7.570475e-03 4.665804e-03 2.840819e-03 1.708605e-03 1.015047e-03 5.955826e-04 3.451217e-04 1.974877e-04 1.115856e-04 6.224994e-05 3.428433e-05 1.863979e-05 1.000319e-05 5.298480e-06 2.769768e-06 1.428825e-06 7.273143e-07 3.652897e-07 1.810045e-07 8.847946e-08 4.266397e-08 2.029131e-08 9.518160e-09 4.403054e-09 2.008521e-09 9.034071e-10 4.006247e-10 1.751464e-10 7.548055e-11 3.206272e-11 1.342323e-11 5.538149e-12 2.251549e-12 9.019142e-13 3.559368e-13 1.383759e-13 5.298870e-14 1.998459e-14 7.422493e-15 2.714559e-15 9.774515e-16 3.464878e-16 1.209002e-16 4.152034e-17 1.403257e-17 4.666620e-18 1.526871e-18 4.914520e-19 1.555904e-19 4.844507e-20 1.483281e-20 4.465243e-21 1.321460e-21 3.844049e-22 1.098975e-22 3.087358e-23 8.521629e-24 2.310626e-24 6.153776e-25 1.609504e-25 4.133446e-26 1.042159e-26 2.579212e-27 6.264706e-28 1.493150e-28 3.491585e-29 8.009117e-30 1.801836e-30 3.975020e-31 8.597665e-32 1.822896e-32 3.787963e-33 7.713173e-34 1.538738e-34 3.006905e-35 5.754629e-36 1.078389e-36 1.978386e-37 3.552553e-38 6.242804e-39 1.073354e-39 1.805281e-40 2.969601e-41 4.776563e-42 7.511191e-43 1.154487e-43 1.734070e-44 2.544785e-45 3.647972e-46 5.107122e-47 6.981242e-48 9.315970e-49 1.213301e-49 1.541914e-50 1.911648e-51 2.311620e-52 2.725772e-53 3.133508e-54 3.511099e-55 3.833795e-56 4.078403e-57 4.225988e-58 4.264264e-59 4.189270e-60 4.006001e-61 3.727881e-62 3.375131e-63 2.972321e-64 2.545518e-65 2.119485e-66 1.715364e-67 1.349124e-68 1.030896e-69 7.651432e-71 5.514835e-72 3.859061e-73 2.621120e-74 1.727609e-75 1.104725e-76 6.851882e-78 4.121066e-79 2.402981e-80 1.358092e-81 7.437776e-83 3.946297e-84 2.027994e-85 1.009187e-86 4.861862e-88 2.267036e-89 1.022910e-90 4.465180e-92 1.885223e-93 7.696781e-95 
3.542552e-14 9.594488e-14 2.555694e-13 6.696367e-13 1.726130e-12 4.377948e-12 1.092669e-11 2.684012e-11 6.489531e-11 1.544649e-10 3.619825e-10 8.352925e-10 1.898168e-09 4.248406e-09 9.366182e-09 2.034199e-08 4.352780e-08 9.177627e-08 1.906916e-07 3.904967e-07 7.881957e-07 1.568297e-06 3.076422e-06 5.950225e-06 1.134846e-05 2.134530e-05 3.959828e-05 7.246117e-05 1.308085e-04 2.329781e-04 4.094388e-04 7.100754e-04 1.215367e-03 2.053260e-03 3.424192e-03 5.637589e-03 9.164132e-03 1.470926e-02 2.331461e-02 3.649521e-02 5.642115e-02 8.615285e-02 1.299380e-01 1.935766e-01 2.848544e-01 4.140407e-01 5.944308e-01 8.429028e-01 1.180438e+00 1.632533e+00 2.229404e+00 3.005880e+00 4.000840e+00 5.256083e+00 6.814506e+00 8.717522e+00 1.100172e+01 1.369486e+01 1.681140e+01 2.034788e+01 2.427869e+01 2.855264e+01 3.309097e+01 3.778740e+01 4.251045e+01 4.710839e+01 5.141665e+01 5.526731e+01 5.849992e+01 6.097273e+01 6.257321e+01 6.322672e+01 6.290248e+01 6.161599e+01 5.942779e+01 5.643863e+01 5.278159e+01 4.861203e+01 4.409652e+01 3.940172e+01 3.468441e+01 3.008334e+01 2.571344e+01 2.166265e+01 1.799117e+01 1.473283e+01 1.189806e+01 9.477984e+00 7.448887e+00 5.776805e+00 4.421689e+00 3.340970e+00 2.492394e+00 1.836077e+00 1.335854e+00 9.600163e-01 6.815519e-01 4.780374e-01 3.312841e-01 2.268509e-01 1.534965e-01 1.026322e-01 6.781068e-02 4.427276e-02 2.856196e-02 1.820688e-02 1.146722e-02 7.135588e-03 4.386539e-03 2.663810e-03 1.597864e-03 9.466656e-04 5.539077e-04 3.200555e-04 1.826094e-04 1.028711e-04 5.721349e-05 3.141243e-05 1.702416e-05 9.106556e-06 4.807630e-06 2.504727e-06 1.287676e-06 6.531824e-07 3.268953e-07 1.613965e-07 7.860605e-08 3.776234e-08 1.789236e-08 8.360781e-09 3.852658e-09 1.750542e-09 7.842351e-10 3.463734e-10 1.508098e-10 6.472367e-11 2.737827e-11 1.141349e-11 4.688781e-12 1.897969e-12 7.569442e-13 2.974000e-13 1.151004e-13 4.387590e-14 1.647188e-14 6.089499e-15 2.216631e-15 7.943834e-16 2.802477e-16 9.731473e-17 3.325739e-17 1.118454e-17 3.700965e-18 1.204826e-18 3.858247e-19 1.215223e-19 3.764129e-20 1.146455e-20 3.433002e-21 1.010543e-21 2.923737e-22 8.313070e-23 2.322528e-23 6.374889e-24 1.718821e-24 4.551652e-25 1.183642e-25 3.022150e-26 7.575078e-27 1.863646e-27 4.499600e-28 1.065974e-28 2.477470e-29 5.647883e-30 1.262710e-30 2.768131e-31 5.949195e-32 1.253259e-32 2.587358e-33 5.233908e-34 1.037217e-34 2.013288e-35 3.826959e-36 7.122472e-37 1.297637e-37 2.313862e-38 4.037369e-39 6.892082e-40 1.150819e-40 1.879236e-41 3.000439e-42 4.683054e-43 7.143729e-44 1.064834e-44 1.550634e-45 2.205543e-46 3.063432e-47 4.154271e-48 5.498973e-49 7.103533e-50 8.953202e-51 1.100774e-51 1.319891e-52 1.543125e-53 1.758694e-54 1.953475e-55 2.114248e-56 2.229132e-57 2.289011e-58 2.288722e-59 2.227773e-60 2.110479e-61 1.945461e-62 1.744594e-63 1.521579e-64 1.290391e-65 1.063830e-66 8.524034e-68 6.636466e-69 5.019315e-70 3.686929e-71 2.629628e-72 1.820662e-73 1.223395e-74 7.976311e-76 5.044661e-77 3.094230e-78 1.840178e-79 1.060841e-80 5.926798e-82 3.208232e-83 1.682224e-84 8.542225e-86 4.199760e-87 1.998672e-88 9.204913e-90 4.101635e-91 1.767876e-92 7.368909e-94 2.969683e-95 
2.928113e-14 7.966927e-14 2.131836e-13 5.610976e-13 1.452798e-12 3.700949e-12 9.277270e-12 2.288669e-11 5.557212e-11 1.328301e-10 3.125753e-10 7.242418e-10 1.652474e-09 3.713284e-09 8.218705e-09 1.791922e-08 3.849049e-08 8.146173e-08 1.698895e-07 3.491716e-07 7.073212e-07 1.412361e-06 2.780175e-06 5.395621e-06 1.032522e-05 1.948462e-05 3.626313e-05 6.656799e-05 1.205422e-04 2.153438e-04 3.795704e-04 6.601850e-04 1.133179e-03 1.919717e-03 3.210161e-03 5.299211e-03 8.636403e-03 1.389735e-02 2.208238e-02 3.465041e-02 5.369690e-02 8.218507e-02 1.242392e-01 1.855061e-01 2.735881e-01 3.985411e-01 5.734227e-01 8.148602e-01 1.143588e+00 1.584885e+00 2.168813e+00 2.930148e+00 3.907863e+00 5.144040e+00 6.682085e+00 8.564164e+00 1.082786e+01 1.350214e+01 1.660278e+01 2.012769e+01 2.405250e+01 2.832697e+01 3.287287e+01 3.758387e+01 4.232779e+01 4.695152e+01 5.128855e+01 5.516857e+01 5.842852e+01 6.092416e+01 6.254082e+01 6.320234e+01 6.287723e+01 6.158118e+01 5.937579e+01 5.636360e+01 5.267996e+01 4.848277e+01 4.394107e+01 3.922367e+01 3.448903e+01 2.987692e+01 2.550269e+01 2.145406e+01 1.779054e+01 1.454489e+01 1.172632e+01 9.324655e+00 7.314975e+00 5.662267e+00 4.325650e+00 3.261959e+00 2.428563e+00 1.785404e+00 1.296298e+00 9.296357e-01 6.585827e-01 4.609344e-01 3.187368e-01 2.177780e-01 1.470282e-01 9.808436e-02 6.465650e-02 4.211446e-02 2.710468e-02 1.723586e-02 1.082866e-02 6.721129e-03 4.121031e-03 2.495934e-03 1.493101e-03 8.821421e-04 5.146882e-04 2.965303e-04 1.686846e-04 9.473834e-05 5.252703e-05 2.874813e-05 1.552992e-05 8.279912e-06 4.356554e-06 2.261964e-06 1.158827e-06 5.857426e-07 2.920892e-07 1.436845e-07 6.971974e-08 3.336706e-08 1.574932e-08 7.330812e-09 3.364754e-09 1.522754e-09 6.794299e-10 2.988557e-10 1.295814e-10 5.537963e-11 2.332623e-11 9.682484e-12 3.960374e-12 1.596069e-12 6.337104e-13 2.478625e-13 9.549221e-14 3.623407e-14 1.353981e-14 4.982044e-15 1.804905e-15 6.437309e-16 2.259996e-16 7.809330e-17 2.655650e-17 8.886408e-18 2.925675e-18 9.475799e-19 3.018837e-19 9.458903e-20 2.914482e-20 8.829637e-21 2.629815e-21 7.699242e-22 2.215384e-22 6.264205e-23 1.740343e-23 4.749971e-24 1.273411e-24 3.352751e-25 8.668045e-26 2.200188e-26 5.482108e-27 1.340646e-27 3.217273e-28 7.575244e-29 1.749714e-29 3.963922e-30 8.806341e-31 1.918237e-31 4.096083e-32 8.572687e-33 1.758200e-33 3.532998e-34 6.954433e-35 1.340733e-35 2.531061e-36 4.677999e-37 8.463131e-38 1.498411e-38 2.595819e-39 4.399215e-40 7.291998e-41 1.181955e-41 1.873050e-42 2.901372e-43 4.392104e-44 6.496306e-45 9.386285e-46 1.324531e-46 1.825069e-47 2.455000e-48 3.223181e-49 4.129374e-50 5.161248e-51 6.292167e-52 7.480391e-53 8.670211e-54 9.795321e-55 1.078433e-55 1.156789e-56 1.208656e-57 1.229812e-58 1.218321e-59 1.174821e-60 1.102471e-61 1.006576e-62 8.939395e-64 7.720570e-65 6.482877e-66 5.291276e-67 4.196856e-68 3.234113e-69 2.420750e-70 1.759563e-71 1.241696e-72 8.505054e-74 5.653092e-75 3.645336e-76 2.279959e-77 1.382770e-78 8.130214e-80 4.633170e-81 2.558435e-82 1.368630e-83 7.091029e-85 3.557458e-86 1.727722e-87 8.120974e-89 3.693510e-90 1.625042e-91 6.914828e-93 2.845037e-94 1.131573e-95 
2.413749e-14 6.598113e-14 1.773722e-13 4.689767e-13 1.219768e-12 3.121208e-12 7.858602e-12 1.947160e-11 4.748395e-11 1.139817e-10 2.693518e-10 6.266898e-10 1.435769e-09 3.239408e-09 7.198551e-09 1.575692e-08 3.397752e-08 7.218611e-08 1.511136e-07 3.117362e-07 6.337980e-07 1.270105e-06 2.508991e-06 4.886235e-06 9.382335e-06 1.776456e-05 3.317036e-05 6.108640e-05 1.109644e-04 1.988445e-04 3.515454e-04 6.132446e-04 1.055643e-03 1.793404e-03 3.007199e-03 4.977534e-03 8.133499e-03 1.312179e-02 2.090257e-02 3.288004e-02 5.107666e-02 7.836031e-02 1.187336e-01 1.776925e-01 2.626571e-01 3.834709e-01 5.529542e-01 7.874818e-01 1.107539e+00 1.538181e+00 2.109311e+00 2.855643e+00 3.816238e+00 5.033455e+00 6.551206e+00 8.412414e+00 1.065567e+01 1.331115e+01 1.639601e+01 1.990955e+01 2.382865e+01 2.810410e+01 3.265820e+01 3.738459e+01 4.215036e+01 4.680103e+01 5.116804e+01 5.507862e+01 5.836703e+01 6.088641e+01 6.251987e+01 6.318969e+01 6.286363e+01 6.155759e+01 5.933425e+01 5.629800e+01 5.258660e+01 4.836055e+01 4.379145e+01 3.905037e+01 3.429746e+01 2.967357e+01 2.529444e+01 2.124757e+01 1.759173e+01 1.435861e+01 1.155614e+01 9.172820e+00 7.182495e+00 5.549092e+00 4.230890e+00 3.184122e+00 2.365789e+00 1.735660e+00 1.257541e+00 8.999272e-01 6.361669e-01 4.442777e-01 3.065424e-01 2.089789e-01 1.407685e-01 9.369276e-02 6.161737e-02 4.003951e-02 2.570684e-02 1.630658e-02 1.021898e-02 6.326359e-03 3.868754e-03 2.336821e-03 1.394061e-03 8.213033e-04 4.778080e-04 2.744693e-04 1.556635e-04 8.715557e-05 4.817052e-05 2.627899e-05 1.414948e-05 7.518670e-06 3.942527e-06 2.039889e-06 1.041361e-06 5.244757e-07 2.605816e-07 1.277092e-07 6.173436e-08 2.943224e-08 1.383811e-08 6.415829e-09 2.933027e-09 1.321999e-09 5.874374e-10 2.573186e-10 1.111021e-10 4.727999e-11 1.982885e-11 8.194889e-12 3.337136e-12 1.338902e-12 5.292074e-13 2.060449e-13 7.901568e-14 2.984248e-14 1.109893e-14 4.064483e-15 1.465411e-15 5.201092e-16 1.817026e-16 6.247532e-17 2.113900e-17 7.037791e-18 2.305209e-18 7.427649e-19 2.353985e-19 7.336859e-20 2.248604e-20 6.775682e-21 2.007106e-21 5.843918e-22 1.672215e-22 4.701878e-23 1.298906e-23 3.524899e-24 9.395325e-25 2.459270e-25 6.320656e-26 1.594816e-26 3.949860e-27 9.600739e-28 2.289854e-28 5.358193e-29 1.229880e-29 2.768639e-30 6.111586e-31 1.322662e-31 2.805912e-32 5.833797e-33 1.188507e-33 2.372165e-34 4.637679e-35 8.879470e-36 1.664645e-36 3.055069e-37 5.487837e-38 9.646662e-39 1.659063e-39 2.791079e-40 4.592163e-41 7.387718e-42 1.161883e-42 1.786008e-43 2.682770e-44 3.937051e-45 5.643577e-46 7.900255e-47 1.079786e-47 1.440623e-48 1.875790e-49 2.383111e-50 2.953484e-51 3.569921e-52 4.207452e-53 4.834132e-54 5.413255e-55 5.906635e-56 6.278619e-57 6.500258e-58 6.552984e-59 6.431153e-60 6.142970e-61 5.709605e-62 5.162614e-63 4.540112e-64 3.882343e-65 3.227367e-66 2.607512e-67 2.047028e-68 1.561121e-69 1.156273e-70 8.315544e-72 5.805269e-73 3.933240e-74 2.585652e-75 1.648829e-76 1.019676e-77 6.113983e-79 3.553501e-80 2.001490e-81 1.092220e-82 5.773266e-84 2.955170e-85 1.464495e-86 7.024796e-88 3.260734e-89 1.464295e-90 6.360192e-92 2.671386e-93 1.084738e-94 4.257287e-96 
1.984297e-14 5.449878e-14 1.471916e-13 3.909824e-13 1.021574e-12 2.625908e-12 6.641168e-12 1.652802e-11 4.048219e-11 9.759507e-11 2.316143e-10 5.411630e-10 1.244993e-09 2.820537e-09 6.293196e-09 1.383036e-08 2.994098e-08 6.385798e-08 1.341922e-07 2.778741e-07 5.670515e-07 1.140502e-06 2.261066e-06 4.418952e-06 8.514494e-06 1.617622e-05 3.030537e-05 5.599272e-05 1.020373e-04 1.834208e-04 3.252718e-04 5.691143e-04 9.825496e-04 1.674010e-03 2.814858e-03 4.671918e-03 7.654523e-03 1.238134e-02 1.977350e-02 3.118189e-02 4.855756e-02 7.467490e-02 1.134169e-01 1.701304e-01 2.520549e-01 3.688228e-01 5.330168e-01 7.607585e-01 1.072280e+00 1.492412e+00 2.050887e+00 2.782353e+00 3.725952e+00 4.924313e+00 6.421851e+00 8.262250e+00 1.048512e+01 1.312187e+01 1.619105e+01 1.969339e+01 2.360710e+01 2.788396e+01 3.244690e+01 3.718951e+01 4.197816e+01 4.665692e+01 5.105517e+01 5.499755e+01 5.831556e+01 6.085964e+01 6.251056e+01 6.318898e+01 6.286189e+01 6.154538e+01 5.930330e+01 5.624196e+01 5.250158e+01 4.824541e+01 4.364768e+01 3.888180e+01 3.410966e+01 2.947323e+01 2.508863e+01 2.104312e+01 1.739471e+01 1.417396e+01 1.138749e+01 9.022453e+00 7.051429e+00 5.437266e+00 4.137395e+00 3.107449e+00 2.304062e+00 1.686836e+00 1.219574e+00 8.708826e-01 6.142966e-01 4.280603e-01 2.946946e-01 2.004483e-01 1.347129e-01 8.945368e-02 5.869031e-02 3.804558e-02 2.436664e-02 1.541770e-02 9.637185e-03 5.950560e-03 3.629194e-03 2.186114e-03 1.300497e-03 7.639815e-04 4.431550e-04 2.537989e-04 1.434984e-04 8.009227e-05 4.412480e-05 2.399313e-05 1.287559e-05 6.818478e-06 3.562977e-06 1.837000e-06 9.344187e-07 4.688955e-07 2.321020e-07 1.133225e-07 5.457003e-08 2.591547e-08 1.213659e-08 5.604443e-09 2.551713e-09 1.145406e-09 5.068498e-10 2.210830e-10 9.504961e-11 4.027416e-11 1.681688e-11 6.919388e-12 2.805130e-12 1.120368e-12 4.408066e-13 1.708334e-13 6.520651e-14 2.451080e-14 9.072495e-15 3.306372e-15 1.186273e-15 4.189641e-16 1.456391e-16 4.982390e-17 1.677272e-17 5.555495e-18 1.810261e-18 5.802349e-19 1.829172e-19 5.670695e-20 1.728585e-20 5.180346e-21 1.526090e-21 4.418690e-22 1.257294e-22 3.515172e-23 9.655143e-24 2.605001e-24 6.902838e-25 1.796185e-25 4.588910e-26 1.150891e-26 2.833053e-27 6.843840e-28 1.622175e-28 3.772030e-29 8.603163e-30 1.924296e-30 4.220273e-31 9.073762e-32 1.912206e-32 3.949152e-33 7.991265e-34 1.584125e-34 3.075702e-35 5.847873e-36 1.088598e-36 1.983670e-37 3.537683e-38 6.173488e-39 1.053945e-39 1.759926e-40 2.873902e-41 4.588404e-42 7.161011e-43 1.092244e-43 1.627822e-44 2.369979e-45 3.370076e-46 4.679501e-47 6.343519e-48 8.393389e-49 1.083741e-49 1.365209e-50 1.677497e-51 2.010093e-52 2.348359e-53 2.674292e-54 2.967904e-55 3.209138e-56 3.380061e-57 3.467029e-58 3.462473e-59 3.365967e-60 3.184386e-61 2.931107e-62 2.624368e-63 2.285083e-64 1.934459e-65 1.591818e-66 1.272915e-67 9.889464e-69 7.462920e-70 5.468929e-71 3.890881e-72 2.686829e-73 1.800417e-74 1.170418e-75 7.379683e-77 4.511879e-78 2.674201e-79 1.536177e-80 8.550531e-82 4.610453e-83 2.407613e-84 1.217354e-85 5.958377e-87 2.822378e-88 1.293519e-89 5.734514e-91 2.458565e-92 1.019116e-93 4.083376e-95 1.581121e-96 
1.626706e-14 4.489208e-14 1.218216e-13 3.251132e-13 8.534169e-13 2.203753e-12 5.598833e-12 1.399656e-11 3.443415e-11 8.337877e-11 1.987342e-10 4.663285e-10 1.077369e-09 2.450977e-09 5.491173e-09 1.211685e-08 2.633663e-08 5.639267e-08 1.189660e-07 2.472898e-07 5.065441e-07 1.022588e-06 2.034704e-06 3.990827e-06 7.716677e-06 1.471120e-05 2.765421e-05 5.126430e-05 9.372486e-05 1.690156e-04 3.006612e-04 5.276590e-04 9.136955e-04 1.561237e-03 2.632703e-03 4.381741e-03 7.198602e-03 1.167480e-02 1.869355e-02 2.955378e-02 4.613677e-02 7.112523e-02 1.082845e-01 1.628142e-01 2.417751e-01 3.545892e-01 5.136023e-01 7.346812e-01 1.037803e+00 1.447566e+00 1.993530e+00 2.710269e+00 3.636994e+00 4.816601e+00 6.294004e+00 8.113651e+00 1.031618e+01 1.293426e+01 1.598786e+01 1.947917e+01 2.338777e+01 2.766651e+01 3.223893e+01 3.699859e+01 4.181116e+01 4.651921e+01 5.094997e+01 5.492545e+01 5.827425e+01 6.084400e+01 6.251306e+01 6.320039e+01 6.287218e+01 6.154474e+01 5.928310e+01 5.619558e+01 5.242499e+01 4.813739e+01 4.350977e+01 3.871793e+01 3.392560e+01 2.927585e+01 2.488520e+01 2.084066e+01 1.719942e+01 1.399090e+01 1.122035e+01 8.873532e+00 6.921758e+00 5.326773e+00 4.045154e+00 3.031931e+00 2.243372e+00 1.638923e+00 1.182388e+00 8.424934e-01 5.929641e-01 4.122751e-01 2.831872e-01 1.921807e-01 1.288570e-01 8.536343e-02 5.587237e-02 3.613036e-02 2.308234e-02 1.456790e-02 9.082309e-03 5.593028e-03 3.401853e-03 2.043462e-03 1.212169e-03 7.100145e-04 4.106210e-04 2.344481e-04 1.321435e-04 7.351924e-05 4.037154e-05 2.187925e-05 1.170136e-05 6.175215e-06 3.215472e-06 1.651886e-06 8.371909e-07 4.185470e-07 2.063982e-07 1.003867e-07 4.815282e-08 2.277766e-08 1.062440e-08 4.886232e-09 2.215558e-09 9.903686e-10 4.363949e-10 1.895377e-10 8.113485e-11 3.422772e-11 1.422881e-11 5.828279e-12 2.352085e-12 9.351159e-13 3.662148e-13 1.412608e-13 5.366343e-14 2.007529e-14 7.394786e-15 2.681780e-15 9.574285e-16 3.364545e-16 1.163679e-16 3.960734e-17 1.326484e-17 4.370776e-18 1.416744e-18 4.516952e-19 1.416329e-19 4.367072e-20 1.323931e-20 3.945755e-21 1.155910e-21 3.328015e-22 9.415682e-23 2.617338e-23 7.147346e-24 1.917085e-24 5.049898e-25 1.306175e-25 3.316871e-26 8.267900e-27 2.022696e-27 4.855826e-28 1.143722e-28 2.642587e-29 5.988459e-30 1.330769e-30 2.899452e-31 6.192664e-32 1.296312e-32 2.659090e-33 5.344019e-34 1.052044e-34 2.028378e-35 3.829400e-36 7.077759e-37 1.280442e-37 2.266931e-38 3.926853e-39 6.654148e-40 1.102793e-40 1.787152e-41 2.831425e-42 4.384653e-43 6.635310e-44 9.810510e-45 1.416883e-45 1.998462e-46 2.752221e-47 3.700001e-48 4.854636e-49 6.215156e-50 7.762317e-51 9.455354e-52 1.123087e-52 1.300470e-53 1.467707e-54 1.614102e-55 1.729320e-56 1.804561e-57 1.833660e-58 1.813908e-59 1.746460e-60 1.636238e-61 1.491337e-62 1.322035e-63 1.139578e-64 9.549375e-66 7.777334e-67 6.154695e-68 4.731481e-69 3.532618e-70 2.560940e-71 1.802185e-72 1.230808e-73 8.155778e-75 5.242257e-76 3.267700e-77 1.974833e-78 1.156847e-79 6.567069e-81 3.611694e-82 1.923920e-83 9.924146e-85 4.955901e-86 2.395350e-87 1.120279e-88 5.068598e-90 2.217934e-91 9.384320e-93 3.838360e-94 1.517304e-95 5.795343e-97 
1.329768e-14 3.687613e-14 1.005511e-13 2.696258e-13 7.110991e-13 1.844810e-12 4.708512e-12 1.182449e-11 2.922152e-11 7.107201e-11 1.701463e-10 4.009827e-10 9.303759e-10 2.125545e-09 4.781996e-09 1.059553e-08 2.312372e-08 4.971185e-08 1.052869e-07 2.197083e-07 4.517728e-07 9.154603e-07 1.828305e-06 3.599081e-06 6.984128e-06 1.336148e-05 2.520364e-05 4.687951e-05 8.599223e-05 1.555742e-04 2.776285e-04 4.887486e-04 8.488851e-04 1.454794e-03 2.460310e-03 4.106397e-03 6.764881e-03 1.100099e-02 1.766112e-02 2.799358e-02 4.381151e-02 6.770776e-02 1.033320e-01 1.557386e-01 2.318112e-01 3.407629e-01 4.947023e-01 7.092409e-01 1.004097e+00 1.403634e+00 1.937230e+00 2.639378e+00 3.549352e+00 4.710304e+00 6.167648e+00 7.966596e+00 1.014882e+01 1.274828e+01 1.578639e+01 1.926684e+01 2.317061e+01 2.745168e+01 3.203421e+01 3.681180e+01 4.164934e+01 4.638791e+01 5.085252e+01 5.486242e+01 5.824323e+01 6.083966e+01 6.252758e+01 6.322414e+01 6.289473e+01 6.155586e+01 5.927381e+01 5.615899e+01 5.235690e+01 4.803652e+01 4.337772e+01 3.855875e+01 3.374524e+01 2.908138e+01 2.468411e+01 2.064013e+01 1.700582e+01 1.380938e+01 1.105467e+01 8.726034e+00 6.793465e+00 5.217602e+00 3.954155e+00 2.957555e+00 2.183710e+00 1.591912e+00 1.145976e+00 8.147514e-01 5.721618e-01 3.969150e-01 2.720141e-01 1.841709e-01 1.231962e-01 8.141838e-02 5.316064e-02 3.429159e-02 2.185220e-02 1.375589e-02 8.553403e-03 5.253081e-03 3.186247e-03 1.908528e-03 1.128844e-03 6.592457e-04 3.801020e-04 2.163487e-04 1.215547e-04 6.740855e-05 3.689329e-05 1.992658e-05 1.062028e-05 5.584981e-06 2.897718e-06 1.483219e-06 7.489208e-07 3.730052e-07 1.832354e-07 8.877415e-08 4.241441e-08 1.998283e-08 9.282902e-09 4.251677e-09 1.919784e-09 8.545262e-10 3.749247e-10 1.621334e-10 6.909939e-11 2.902095e-11 1.201010e-11 4.897113e-12 1.967217e-12 7.784698e-13 3.034360e-13 1.164891e-13 4.404054e-14 1.639548e-14 6.009712e-15 2.168676e-15 7.703693e-16 2.693503e-16 9.268303e-17 3.138310e-17 1.045568e-17 3.427016e-18 1.104926e-18 3.503867e-19 1.092706e-19 3.350754e-20 1.010199e-20 2.993894e-21 8.721084e-22 2.496591e-22 7.022706e-23 1.940787e-23 5.268688e-24 1.404794e-24 3.678254e-25 9.456306e-26 2.386620e-26 5.912308e-27 1.437382e-27 3.428914e-28 8.024864e-29 1.842221e-29 4.147570e-30 9.156265e-31 1.981704e-31 4.204145e-32 8.740907e-33 1.780721e-33 3.553984e-34 6.947589e-35 1.330056e-35 2.493100e-36 4.574669e-37 8.215716e-38 1.443814e-38 2.482393e-39 4.174808e-40 6.866272e-41 1.104168e-41 1.735758e-42 2.666814e-43 4.003638e-44 5.871962e-45 8.411730e-46 1.176705e-46 1.607075e-47 2.142375e-48 2.787087e-49 3.537568e-50 4.379870e-51 5.288376e-52 6.225723e-53 7.144383e-54 7.990015e-55 8.706394e-56 9.241367e-57 9.553006e-58 9.614972e-59 9.420152e-60 8.981871e-61 8.332428e-62 7.519143e-63 6.598618e-64 5.630162e-65 4.669465e-66 3.763451e-67 2.946949e-68 2.241404e-69 1.655475e-70 1.187062e-71 8.261623e-73 5.579457e-74 3.655491e-75 2.322839e-76 1.431215e-77 8.548609e-79 4.948606e-80 2.775618e-81 1.508058e-82 7.935067e-84 4.042495e-85 1.993460e-86 9.512990e-88 4.392091e-89 1.961387e-90 8.470062e-92 3.536183e-93 1.426928e-94 5.563944e-96 2.095907e-97 
1.083882e-14 3.020576e-14 8.276501e-14 2.230051e-13 5.909546e-13 1.540366e-12 3.949857e-12 9.965133e-12 2.473909e-11 6.044176e-11 1.453434e-10 3.440407e-10 8.017343e-10 1.839528e-09 4.156097e-09 9.247308e-09 2.026477e-08 4.374317e-08 9.301777e-08 1.948736e-07 4.022682e-07 8.182713e-07 1.640369e-06 3.241093e-06 6.312349e-06 1.211946e-05 2.294103e-05 4.281773e-05 7.880625e-05 1.430439e-04 2.560917e-04 4.522576e-04 7.879292e-04 1.354400e-03 2.297270e-03 3.845297e-03 6.352530e-03 1.035876e-02 1.667463e-02 2.649919e-02 4.157903e-02 6.441899e-02 9.855502e-02 1.488982e-01 2.221569e-01 3.273364e-01 4.763087e-01 6.844284e-01 9.711536e-01 1.360606e+00 1.881978e+00 2.569671e+00 3.463014e+00 4.605411e+00 6.042768e+00 7.821064e+00 9.983021e+00 1.256390e+01 1.558659e+01 1.905634e+01 2.295556e+01 2.723941e+01 3.183271e+01 3.662908e+01 4.149268e+01 4.626303e+01 5.076284e+01 5.480854e+01 5.822264e+01 6.084680e+01 6.255430e+01 6.326044e+01 6.292972e+01 6.157892e+01 5.927558e+01 5.613231e+01 5.229738e+01 4.794284e+01 4.325152e+01 3.840423e+01 3.356852e+01 2.888976e+01 2.448529e+01 2.044149e+01 1.681386e+01 1.362937e+01 1.089043e+01 8.579934e+00 6.666532e+00 5.109736e+00 3.864388e+00 2.884314e+00 2.125067e+00 1.545795e+00 1.110328e+00 7.876484e-01 5.518820e-01 3.819731e-01 2.611690e-01 1.764135e-01 1.177262e-01 7.761492e-02 5.055228e-02 3.252704e-02 2.067453e-02 1.298040e-02 8.049540e-03 4.930052e-03 2.981905e-03 1.780985e-03 1.050299e-03 6.115238e-04 3.514976e-04 1.994352e-04 1.116898e-04 6.173348e-05 3.367337e-05 1.812489e-05 9.626141e-06 5.044088e-06 2.607552e-06 1.329750e-06 6.688992e-07 3.318736e-07 1.623954e-07 7.836659e-08 3.729172e-08 1.749787e-08 8.094993e-09 3.692096e-09 1.660049e-09 7.357426e-10 3.214053e-10 1.383779e-10 5.871247e-11 2.454748e-11 1.011249e-11 4.104361e-12 1.641076e-12 6.463490e-13 2.507372e-13 9.579455e-14 3.604039e-14 1.335119e-14 4.869519e-15 1.748401e-15 6.179262e-16 2.149432e-16 7.357873e-17 2.478396e-17 8.213473e-18 2.677732e-18 8.586909e-19 2.708200e-19 8.399274e-20 2.561311e-20 7.678626e-21 2.262797e-21 6.553712e-22 1.865293e-22 5.216286e-23 1.433067e-23 3.867203e-24 1.024913e-24 2.667283e-25 6.815148e-26 1.709371e-26 4.208059e-27 1.016578e-27 2.409579e-28 5.602857e-29 1.277827e-29 2.857940e-30 6.267253e-31 1.347309e-31 2.838866e-32 5.861811e-33 1.185900e-33 2.350242e-34 4.561885e-35 8.670825e-36 1.613532e-36 2.939081e-37 5.239347e-38 9.138784e-39 1.559403e-39 2.602553e-40 4.247402e-41 6.777046e-42 1.056965e-42 1.610990e-43 2.399085e-44 3.490008e-45 4.958402e-46 6.878565e-47 9.315365e-48 1.231267e-48 1.588031e-49 1.998128e-50 2.452152e-51 2.934493e-52 3.423588e-53 3.893079e-54 4.313881e-55 4.656992e-56 4.896705e-57 5.013738e-58 4.997769e-59 4.848915e-60 4.577870e-61 4.204639e-62 3.756091e-63 3.262726e-64 2.755225e-65 2.261308e-66 1.803361e-67 1.397073e-68 1.051145e-69 7.679027e-71 5.445556e-72 3.747687e-73 2.502428e-74 1.620798e-75 1.018023e-76 6.199245e-78 3.659017e-79 2.092791e-80 1.159618e-81 6.223328e-83 3.234007e-84 1.626901e-85 7.920915e-87 3.731428e-88 1.700405e-89 7.493761e-91 3.193079e-92 1.315149e-93 5.234663e-95 2.013004e-96 7.477164e-98 
8.808523e-15 2.467053e-14 6.793296e-14 1.839377e-13 4.897900e-13 1.282793e-12 3.304978e-12 8.377257e-12 2.089350e-11 5.128026e-11 1.238714e-10 2.945267e-10 6.893838e-10 1.588653e-09 3.604757e-09 8.054697e-09 1.772533e-08 3.841993e-08 8.203147e-08 1.725480e-07 3.575924e-07 7.302287e-07 1.469483e-06 2.914393e-06 5.697084e-06 1.097795e-05 2.085437e-05 3.905928e-05 7.213519e-05 1.313745e-04 2.359723e-04 4.180651e-04 7.306449e-04 1.259783e-03 2.143184e-03 3.597869e-03 5.960740e-03 9.746978e-03 1.573255e-02 2.506857e-02 3.943665e-02 6.125546e-02 9.394922e-02 1.422878e-01 2.128059e-01 3.143024e-01 4.584131e-01 6.602350e-01 9.389625e-01 1.318472e+00 1.827763e+00 2.501137e+00 3.377969e+00 4.501908e+00 5.919347e+00 7.677034e+00 9.818751e+00 1.238108e+01 1.538842e+01 1.884761e+01 2.274256e+01 2.702963e+01 3.163435e+01 3.645039e+01 4.134116e+01 4.614457e+01 5.068098e+01 5.476390e+01 5.821259e+01 6.086558e+01 6.259342e+01 6.330949e+01 6.297738e+01 6.161411e+01 5.928858e+01 5.611566e+01 5.224653e+01 4.785640e+01 4.313117e+01 3.825433e+01 3.339539e+01 2.870094e+01 2.428868e+01 2.024467e+01 1.662350e+01 1.345083e+01 1.072760e+01 8.435210e+00 6.540941e+00 5.003164e+00 3.775841e+00 2.812197e+00 2.067434e+00 1.500561e+00 1.075435e+00 7.611762e-01 5.321169e-01 3.674425e-01 2.506459e-01 1.689034e-01 1.124425e-01 7.394951e-02 4.804446e-02 3.083454e-02 1.954768e-02 1.224019e-02 7.569816e-03 4.623293e-03 2.788367e-03 1.660515e-03 9.763170e-04 5.667027e-04 3.247111e-04 1.836445e-04 1.025085e-04 5.646849e-05 3.069589e-05 1.646444e-05 8.713082e-06 4.549051e-06 2.342938e-06 1.190307e-06 5.964629e-07 2.947825e-07 1.436753e-07 6.905461e-08 3.272664e-08 1.529242e-08 7.045059e-09 3.199585e-09 1.432418e-09 6.320901e-10 2.749076e-10 1.178304e-10 4.976856e-11 2.071298e-11 8.493406e-12 3.431107e-12 1.365400e-12 5.352024e-13 2.066174e-13 7.855314e-14 2.940792e-14 1.083987e-14 3.933661e-15 1.405193e-15 4.940747e-16 1.709692e-16 5.821856e-17 1.950616e-17 6.429784e-18 2.084883e-18 6.649251e-19 2.085518e-19 6.432032e-20 1.950373e-20 5.813842e-21 1.703432e-21 4.905023e-22 1.387873e-22 3.858226e-23 1.053635e-23 2.826131e-24 7.444358e-25 1.925429e-25 4.889052e-26 1.218566e-26 2.980784e-27 7.154795e-28 1.684909e-28 3.892200e-29 8.818169e-30 1.959074e-30 4.267134e-31 9.110810e-32 1.906491e-32 3.909223e-33 7.853144e-34 1.545301e-34 2.977949e-35 5.619177e-36 1.037996e-36 1.876730e-37 3.320511e-38 5.748028e-39 9.733216e-40 1.611866e-40 2.610045e-41 4.131648e-42 6.392407e-43 9.664509e-44 1.427503e-44 2.059508e-45 2.901650e-46 3.991418e-47 5.359381e-48 7.022817e-49 8.978847e-50 1.119811e-50 1.362028e-51 1.615271e-52 1.867339e-53 2.103873e-54 2.309584e-55 2.469814e-56 2.572227e-57 2.608352e-58 2.574732e-59 2.473449e-60 2.311933e-61 2.102054e-62 1.858677e-63 1.597901e-64 1.335290e-65 1.084363e-66 8.555403e-68 6.556405e-69 4.879138e-70 3.525045e-71 2.471852e-72 1.681930e-73 1.110229e-74 7.107679e-76 4.412091e-77 2.654933e-78 1.548267e-79 8.748069e-81 4.787879e-82 2.537636e-83 1.302152e-84 6.467414e-86 3.108331e-87 1.445249e-88 6.499317e-90 2.826143e-91 1.187991e-92 4.826334e-94 1.894517e-95 7.183722e-97 2.630653e-98 
7.136952e-15 2.009028e-14 5.559849e-14 1.512883e-13 4.048310e-13 1.065435e-12 2.758179e-12 7.024513e-12 1.760205e-11 4.340268e-11 1.053243e-10 2.515648e-10 5.914666e-10 1.369047e-09 3.120048e-09 7.001738e-09 1.547382e-08 3.368072e-08 7.221060e-08 1.525106e-07 3.173377e-07 6.505915e-07 1.314324e-06 2.616656e-06 5.134318e-06 9.930102e-06 1.893225e-05 3.558540e-05 6.594872e-05 1.205176e-04 2.171947e-04 3.860547e-04 6.768558e-04 1.170681e-03 1.997668e-03 3.363557e-03 5.588721e-03 9.164549e-03 1.483338e-02 2.369970e-02 3.738173e-02 5.821378e-02 8.951033e-02 1.359021e-01 2.037519e-01 3.016538e-01 4.410075e-01 6.366516e-01 9.075143e-01 1.277222e+00 1.774574e+00 2.433765e+00 3.294206e+00 4.399782e+00 5.797369e+00 7.534486e+00 9.655982e+00 1.219978e+01 1.519184e+01 1.864060e+01 2.253155e+01 2.682227e+01 3.143907e+01 3.627568e+01 4.119474e+01 4.603254e+01 5.060700e+01 5.472860e+01 5.821325e+01 6.089619e+01 6.264516e+01 6.337152e+01 6.303793e+01 6.166165e+01 5.931298e+01 5.610917e+01 5.220441e+01 4.777722e+01 4.301669e+01 3.810902e+01 3.322581e+01 2.851484e+01 2.409421e+01 2.004961e+01 1.643468e+01 1.327372e+01 1.056615e+01 8.291838e+00 6.416676e+00 4.897871e+00 3.688503e+00 2.741194e+00 2.010802e+00 1.456204e+00 1.041290e+00 7.353266e-01 5.128590e-01 3.533162e-01 2.404386e-01 1.616352e-01 1.073408e-01 7.041864e-02 4.563440e-02 2.921194e-02 1.847000e-02 1.153407e-02 7.113351e-03 4.332173e-03 2.605190e-03 1.546808e-03 9.066871e-04 5.246417e-04 2.996496e-04 1.689163e-04 9.397208e-05 5.158919e-05 2.794573e-05 1.493599e-05 7.875545e-06 4.096583e-06 2.101961e-06 1.063794e-06 5.309924e-07 2.613880e-07 1.268873e-07 6.073715e-08 2.866573e-08 1.333866e-08 6.118848e-09 2.766961e-09 1.233330e-09 5.418319e-10 2.345981e-10 1.000977e-10 4.208496e-11 1.743398e-11 7.115326e-12 2.860772e-12 1.132980e-12 4.419475e-13 1.697802e-13 6.422864e-14 2.392498e-14 8.774261e-15 3.167815e-15 1.125776e-15 3.937668e-16 1.355413e-16 4.590912e-17 1.529924e-17 5.015695e-18 1.617444e-18 5.129907e-19 1.599984e-19 4.906710e-20 1.479366e-20 4.384422e-21 1.277144e-21 3.655920e-22 1.028301e-22 2.841499e-23 7.712816e-24 2.056134e-24 5.382646e-25 1.383498e-25 3.490846e-26 8.645346e-27 2.101177e-27 5.010717e-28 1.172252e-28 2.689997e-29 6.053658e-30 1.335805e-30 2.889687e-31 6.127215e-32 1.273213e-32 2.592301e-33 5.170531e-34 1.010110e-34 1.932430e-35 3.619570e-36 6.636571e-37 1.190910e-37 2.091109e-38 3.592112e-39 6.035464e-40 9.916774e-41 1.593087e-41 2.501657e-42 3.839227e-43 5.756994e-44 8.433168e-45 1.206522e-45 1.685524e-46 2.298765e-47 3.059978e-48 3.974748e-49 5.036990e-50 6.225936e-51 7.504324e-52 8.818455e-53 1.010060e-53 1.127393e-54 1.225956e-55 1.298507e-56 1.339309e-57 1.344873e-58 1.314443e-59 1.250140e-60 1.156715e-61 1.040975e-62 9.109485e-64 7.749636e-65 6.407607e-66 5.147903e-67 4.017698e-68 3.045291e-69 2.241179e-70 1.601077e-71 1.110009e-72 7.466396e-74 4.871422e-75 3.082133e-76 1.890550e-77 1.123974e-78 6.475087e-80 3.613650e-81 1.953204e-82 1.022210e-83 5.178607e-85 2.538964e-86 1.204373e-87 5.526064e-89 2.451952e-90 1.051815e-91 4.361032e-93 1.747240e-94 6.762704e-96 2.528045e-97 9.125103e-99 
5.764802e-15 1.631121e-14 4.536997e-14 1.240776e-13 3.336729e-13 8.824913e-13 2.295721e-12 5.874935e-12 1.479166e-11 3.664494e-11 8.934006e-11 2.143701e-10 5.063111e-10 1.177211e-09 2.694770e-09 6.073881e-09 1.348134e-08 2.946905e-08 6.344680e-08 1.345571e-07 2.811248e-07 5.786681e-07 1.173653e-06 2.345695e-06 4.620262e-06 8.969474e-06 1.716386e-05 3.237824e-05 6.021787e-05 1.104270e-04 1.996863e-04 3.561145e-04 6.263918e-04 1.086838e-03 1.860347e-03 3.141820e-03 5.235706e-03 8.610402e-03 1.397565e-02 2.239060e-02 3.541166e-02 5.529059e-02 8.523415e-02 1.297359e-01 1.949889e-01 2.893832e-01 4.240837e-01 6.136694e-01 8.767998e-01 1.236847e+00 1.722402e+00 2.367545e+00 3.211715e+00 4.299021e+00 5.676819e+00 7.393399e+00 9.494688e+00 1.201997e+01 1.499679e+01 1.843526e+01 2.232245e+01 2.661726e+01 3.124681e+01 3.610489e+01 4.105340e+01 4.592694e+01 5.054094e+01 5.470272e+01 5.822474e+01 6.093881e+01 6.270972e+01 6.344676e+01 6.311158e+01 6.172172e+01 5.934894e+01 5.611296e+01 5.217111e+01 4.770534e+01 4.290804e+01 3.796828e+01 3.305972e+01 2.833141e+01 2.390183e+01 1.985626e+01 1.624734e+01 1.309799e+01 1.040605e+01 8.149794e+00 6.293718e+00 4.793845e+00 3.602364e+00 2.671296e+00 1.955161e+00 1.412713e+00 1.007884e+00 7.100915e-01 4.941006e-01 3.395873e-01 2.305411e-01 1.546039e-01 1.024169e-01 6.701886e-02 4.331939e-02 2.765713e-02 1.743992e-02 1.086085e-02 6.679284e-03 4.056075e-03 2.431942e-03 1.439568e-03 8.412065e-04 4.852049e-04 2.762235e-04 1.551924e-04 8.604342e-05 4.707231e-05 2.540848e-05 1.353078e-05 7.108276e-06 3.683583e-06 1.882822e-06 9.491811e-07 4.719096e-07 2.313702e-07 1.118573e-07 5.332100e-08 2.505985e-08 1.161111e-08 5.303373e-09 2.387710e-09 1.059569e-09 4.634064e-10 1.997309e-10 8.482903e-11 3.549961e-11 1.463679e-11 5.945302e-12 2.378860e-12 9.375431e-13 3.639153e-13 1.391087e-13 5.236129e-14 1.940549e-14 7.080310e-15 2.543003e-15 8.990037e-16 3.127861e-16 1.070916e-16 3.607738e-17 1.195733e-17 3.898523e-18 1.250198e-18 3.942895e-19 1.222793e-19 3.728508e-20 1.117642e-20 3.293036e-21 9.535769e-22 2.713431e-22 7.586171e-23 2.083548e-23 5.620780e-24 1.489140e-24 3.873946e-25 9.894239e-26 2.480577e-26 6.103720e-27 1.473793e-27 3.491455e-28 8.113925e-29 1.849421e-29 4.133766e-30 9.059092e-31 1.946144e-31 4.097687e-32 8.454672e-33 1.709105e-33 3.384338e-34 6.563413e-35 1.246389e-35 2.317191e-36 4.216667e-37 7.509145e-38 1.308395e-38 2.230112e-39 3.717629e-40 6.059928e-41 9.656973e-42 1.504166e-42 2.289496e-43 3.404718e-44 4.945679e-45 7.015849e-46 9.717377e-47 1.313823e-47 1.733591e-48 2.231937e-49 2.803138e-50 3.433489e-51 4.100682e-52 4.774256e-53 5.417311e-54 5.989478e-55 6.450885e-56 6.766625e-57 6.911051e-58 6.871182e-59 6.648593e-60 6.259419e-61 5.732431e-62 5.105498e-63 4.421050e-64 3.721291e-65 3.043936e-66 2.419040e-67 1.867274e-68 1.399658e-69 1.018535e-70 7.193828e-72 4.930208e-73 3.277792e-74 2.113482e-75 1.321314e-76 8.007440e-78 4.702735e-79 2.675875e-80 1.474785e-81 7.870963e-83 4.066799e-84 2.033724e-85 9.840899e-87 4.606491e-88 2.085391e-89 9.128012e-91 3.862119e-92 1.579159e-93 6.238311e-95 2.380342e-96 8.770693e-98 3.119908e-99 
4.641839e-15 1.320236e-14 3.691224e-14 1.014632e-13 2.742370e-13 7.289239e-13 1.905612e-12 4.900480e-12 1.239794e-11 3.086170e-11 7.559654e-11 1.822410e-10 4.324156e-10 1.009988e-09 2.322401e-09 5.257879e-09 1.172144e-08 2.573312e-08 5.564017e-08 1.184981e-07 2.486012e-07 5.138136e-07 1.046309e-06 2.099458e-06 4.151345e-06 8.089955e-06 1.553891e-05 2.942081e-05 5.491501e-05 1.010586e-04 1.833775e-04 3.281365e-04 5.790886e-04 1.008010e-03 1.730858e-03 2.932133e-03 4.900948e-03 8.083491e-03 1.315793e-02 2.113935e-02 3.352389e-02 5.248261e-02 8.111651e-02 1.237841e-01 1.865105e-01 2.774836e-01 4.076336e-01 5.912795e-01 8.468095e-01 1.197336e+00 1.671237e+00 2.302468e+00 3.130484e+00 4.199612e+00 5.557682e+00 7.253753e+00 9.334840e+00 1.184162e+01 1.480322e+01 1.823152e+01 2.211519e+01 2.641453e+01 3.105748e+01 3.593797e+01 4.091709e+01 4.582777e+01 5.048284e+01 5.468637e+01 5.824721e+01 6.099362e+01 6.278733e+01 6.353543e+01 6.319858e+01 6.179455e+01 5.939665e+01 5.612716e+01 5.214670e+01 4.764079e+01 4.280524e+01 3.783205e+01 3.289705e+01 2.815058e+01 2.371146e+01 1.966455e+01 1.606145e+01 1.292361e+01 1.024725e+01 8.009057e+00 6.172052e+00 4.691073e+00 3.517413e+00 2.602494e+00 1.900503e+00 1.370081e+00 9.752078e-01 6.854628e-01 4.758343e-01 3.262491e-01 2.209474e-01 1.478043e-01 9.766659e-02 6.374674e-02 4.109673e-02 2.616803e-02 1.645587e-02 1.021937e-02 6.266777e-03 3.794404e-03 2.268204e-03 1.338504e-03 7.796794e-04 4.482614e-04 2.543468e-04 1.424173e-04 7.868715e-05 4.289565e-05 2.307045e-05 1.224049e-05 6.406309e-06 3.307133e-06 1.683831e-06 8.455077e-07 4.186761e-07 2.044325e-07 9.842438e-08 4.672034e-08 2.186399e-08 1.008653e-08 4.586827e-09 2.055933e-09 9.082369e-10 3.954120e-10 1.696396e-10 7.171278e-11 2.986911e-11 1.225653e-11 4.954448e-12 1.972725e-12 7.736457e-13 2.988004e-13 1.136428e-13 4.255805e-14 1.569122e-14 5.695363e-15 2.034839e-15 7.155421e-16 2.476214e-16 8.432177e-17 2.825133e-17 9.311801e-18 3.019056e-18 9.627139e-19 3.018954e-19 9.308773e-20 2.821939e-20 8.409367e-21 2.463087e-21 7.089832e-22 2.005256e-22 5.572096e-23 1.520960e-23 4.077577e-24 1.073508e-24 2.774982e-25 7.042032e-26 1.754079e-26 4.287888e-27 1.028511e-27 2.420322e-28 5.586789e-29 1.264742e-29 2.807477e-30 6.109821e-31 1.303350e-31 2.724806e-32 5.581774e-33 1.120187e-33 2.201956e-34 4.238815e-35 7.989405e-36 1.474125e-36 2.662065e-37 4.704153e-38 8.132716e-39 1.375286e-39 2.274392e-40 3.677580e-41 5.812907e-42 8.979816e-43 1.355477e-43 1.998823e-44 2.878857e-45 4.048879e-46 5.559336e-47 7.450548e-48 9.743918e-49 1.243258e-49 1.547294e-50 1.877884e-51 2.222026e-52 2.562793e-53 2.880451e-54 3.154190e-55 3.364287e-56 3.494401e-57 3.533646e-58 3.478079e-59 3.331324e-60 3.104200e-61 2.813400e-62 2.479453e-63 2.124298e-64 1.768897e-65 1.431228e-66 1.124931e-67 8.587069e-69 6.364382e-70 4.578784e-71 3.196808e-72 2.165434e-73 1.422738e-74 9.064532e-76 5.598802e-77 3.351682e-78 1.944182e-79 1.092460e-80 5.945077e-82 3.132423e-83 1.597580e-84 7.884824e-86 3.764931e-87 1.738785e-88 7.765093e-90 3.352340e-91 1.398746e-92 5.639072e-94 2.196058e-95 8.259180e-97 2.999002e-98 1.051123e-99 
3.725644e-15 1.065257e-14 2.993927e-14 8.272252e-14 2.247308e-13 6.003667e-13 1.577405e-12 4.076601e-12 1.036421e-11 2.592451e-11 6.380763e-11 1.545513e-10 3.684344e-10 8.645352e-10 1.997041e-09 4.541700e-09 1.017002e-08 2.242544e-08 4.869881e-08 1.041589e-07 2.194402e-07 4.554275e-07 9.312068e-07 1.876020e-06 3.724207e-06 7.285776e-06 1.404768e-05 2.669697e-05 5.001380e-05 9.237009e-05 1.682017e-04 3.020174e-04 5.347883e-04 9.339578e-04 1.608852e-03 2.733988e-03 4.583720e-03 7.582797e-03 1.237881e-02 1.994405e-02 3.171592e-02 4.978657e-02 7.715330e-02 1.180416e-01 1.783107e-01 2.659479e-01 3.916492e-01 5.694730e-01 8.175340e-01 1.158680e+00 1.621070e+00 2.238523e+00 3.050503e+00 4.101544e+00 5.439943e+00 7.115529e+00 9.176413e+00 1.166467e+01 1.461110e+01 1.802931e+01 2.190972e+01 2.621401e+01 3.087103e+01 3.577484e+01 4.078579e+01 4.573503e+01 5.043275e+01 5.467963e+01 5.828080e+01 6.106081e+01 6.287821e+01 6.363779e+01 6.329915e+01 6.188034e+01 5.945627e+01 5.615191e+01 5.213128e+01 4.758360e+01 4.270827e+01 3.770029e+01 3.273775e+01 2.797227e+01 2.352303e+01 1.947443e+01 1.587694e+01 1.275054e+01 1.008975e+01 7.869603e+00 6.051660e+00 4.589542e+00 3.433641e+00 2.534779e+00 1.846820e+00 1.328298e+00 9.432536e-01 6.614325e-01 4.580524e-01 3.132946e-01 2.116515e-01 1.412314e-01 9.308558e-02 6.059893e-02 3.896377e-02 2.474262e-02 1.551632e-02 9.608499e-03 5.875014e-03 3.546576e-03 2.113568e-03 1.243337e-03 7.219163e-04 4.136850e-04 2.339369e-04 1.305376e-04 7.186941e-05 3.903805e-05 2.091864e-05 1.105724e-05 5.764957e-06 2.964486e-06 1.503405e-06 7.518755e-07 3.707907e-07 1.802997e-07 8.644004e-08 4.085626e-08 1.903689e-08 8.743729e-09 3.958492e-09 1.766298e-09 7.767245e-10 3.365938e-10 1.437301e-10 6.047239e-11 2.506681e-11 1.023616e-11 4.117504e-12 1.631365e-12 6.365740e-13 2.446171e-13 9.255999e-14 3.448382e-14 1.264792e-14 4.566561e-15 1.622855e-15 5.676010e-16 1.953578e-16 6.615960e-17 2.204340e-17 7.224967e-18 2.329225e-18 7.385009e-19 2.302497e-19 7.058279e-20 2.127123e-20 6.301173e-21 1.834532e-21 5.248592e-22 1.475408e-22 4.074453e-23 1.105224e-23 2.944349e-24 7.702289e-25 1.978217e-25 4.987500e-26 1.234175e-26 2.996987e-27 7.140606e-28 1.668992e-28 3.826208e-29 8.602068e-30 1.896187e-30 4.097568e-31 8.678808e-32 1.801373e-32 3.663337e-33 7.297916e-34 1.423926e-34 2.720570e-35 5.088996e-36 9.317929e-37 1.669691e-37 2.927489e-38 5.021225e-39 8.423464e-40 1.381812e-40 2.216126e-41 3.474047e-42 5.322075e-43 7.965948e-44 1.164693e-44 1.663062e-45 2.318641e-46 3.155659e-47 4.191617e-48 5.432632e-49 6.868752e-50 8.470032e-51 1.018432e-51 1.193764e-52 1.363774e-53 1.518107e-54 1.646250e-55 1.738677e-56 1.788002e-57 1.789940e-58 1.743914e-59 1.653187e-60 1.524484e-61 1.367165e-62 1.192089e-63 1.010364e-64 8.321862e-66 6.659284e-67 5.175944e-68 3.906581e-69 2.862459e-70 2.035665e-71 1.404711e-72 9.403078e-74 6.104417e-75 3.842356e-76 2.344327e-77 1.386098e-78 7.939850e-80 4.405152e-81 2.366611e-82 1.230829e-83 6.195278e-85 3.017193e-86 1.421385e-87 6.475519e-89 2.852191e-90 1.214259e-91 4.995293e-93 1.985249e-94 7.620124e-96 2.824167e-97 1.010390e-98 3.488568e-100 
2.980495e-15 8.567725e-15 2.420765e-14 6.723753e-14 1.836131e-13 4.930454e-13 1.302025e-12 3.381866e-12 8.640780e-12 2.172010e-11 5.371982e-11 1.307439e-10 3.131635e-10 7.382979e-10 1.713362e-09 3.914433e-09 8.805120e-09 1.950256e-08 4.253829e-08 9.137816e-08 1.933391e-07 4.029514e-07 8.273346e-07 1.673576e-06 3.335685e-06 6.551497e-06 1.268096e-05 2.419138e-05 4.548914e-05 8.432100e-05 1.540949e-04 2.776575e-04 4.933383e-04 8.644532e-04 1.493988e-03 2.546889e-03 4.283315e-03 7.107327e-03 1.163692e-02 1.880284e-02 2.998529e-02 4.719929e-02 7.334047e-02 1.125034e-01 1.703835e-01 2.547689e-01 3.761224e-01 5.482413e-01 7.889640e-01 1.120870e+00 1.571890e+00 2.175700e+00 2.971761e+00 4.004806e+00 5.323588e+00 6.978708e+00 9.019379e+00 1.148911e+01 1.442037e+01 1.782859e+01 2.170595e+01 2.601560e+01 3.068736e+01 3.561544e+01 4.065944e+01 4.564871e+01 5.039070e+01 5.468261e+01 5.832566e+01 6.114059e+01 6.298259e+01 6.375408e+01 6.341354e+01 6.197933e+01 5.952800e+01 5.618734e+01 5.212491e+01 4.753380e+01 4.261710e+01 3.757296e+01 3.258176e+01 2.779642e+01 2.333648e+01 1.928581e+01 1.569376e+01 1.257872e+01 9.933490e+00 7.731410e+00 5.932528e+00 4.489241e+00 3.351036e+00 2.468142e+00 1.794102e+00 1.287357e+00 9.120131e-01 6.379924e-01 4.407476e-01 3.007173e-01 2.026476e-01 1.348802e-01 8.866979e-02 5.757211e-02 3.691792e-02 2.337890e-02 1.461977e-02 9.027146e-03 5.503197e-03 3.312028e-03 1.967641e-03 1.153797e-03 6.677344e-04 3.813544e-04 2.149144e-04 1.195023e-04 6.555788e-05 3.547938e-05 1.894070e-05 9.973608e-06 5.179800e-06 2.653061e-06 1.340063e-06 6.674470e-07 3.277879e-07 1.587174e-07 7.576734e-08 3.565632e-08 1.654087e-08 7.563405e-09 3.408657e-09 1.513997e-09 6.626906e-10 2.858301e-10 1.214740e-10 5.086305e-11 2.098118e-11 8.525696e-12 3.412437e-12 1.345229e-12 5.222577e-13 1.996596e-13 7.515716e-14 2.785368e-14 1.016209e-14 3.649439e-15 1.289929e-15 4.486984e-16 1.535831e-16 5.172289e-17 1.713647e-17 5.584795e-18 1.790139e-18 5.642940e-19 1.749071e-19 5.330108e-20 1.596736e-20 4.701532e-21 1.360488e-21 3.868456e-22 1.080701e-22 2.965750e-23 7.993927e-24 2.116004e-24 5.499664e-25 1.403303e-25 3.514740e-26 8.639548e-27 2.083885e-27 4.931385e-28 1.144730e-28 2.606167e-29 5.818225e-30 1.273478e-30 2.732297e-31 5.745408e-32 1.183835e-32 2.389782e-33 4.725424e-34 9.150736e-35 1.735085e-35 3.220704e-36 5.851410e-37 1.040313e-37 1.809563e-38 3.078944e-39 5.123412e-40 8.335973e-41 1.325873e-41 2.061128e-42 3.130923e-43 4.646341e-44 6.734832e-45 9.532888e-46 1.317372e-46 1.776976e-47 2.339090e-48 3.004042e-49 3.763222e-50 4.597361e-51 5.475854e-52 6.357530e-53 7.193103e-54 7.929261e-55 8.514017e-56 8.902615e-57 9.063112e-58 8.980665e-59 8.659746e-60 8.123829e-61 7.412562e-62 6.576885e-63 5.672941e-64 4.755802e-65 3.873982e-66 3.065490e-67 2.355813e-68 1.757801e-69 1.273139e-70 8.948442e-72 6.102013e-73 4.035905e-74 2.588442e-75 1.609359e-76 9.697773e-78 5.662161e-79 3.202363e-80 1.753976e-81 9.300959e-83 4.773858e-84 2.371020e-85 1.139229e-86 5.293998e-88 2.378699e-89 1.033153e-90 4.336567e-92 1.758613e-93 6.888501e-95 2.605531e-96 9.514211e-98 3.353065e-99 1.140229e-100 
2.376408e-15 6.868392e-15 1.951081e-14 5.448082e-14 1.495618e-13 4.037065e-13 1.071608e-12 2.797608e-12 7.184119e-12 1.814882e-11 4.510900e-11 1.103234e-10 2.655284e-10 6.289849e-10 1.466566e-09 3.366203e-09 7.606764e-09 1.692480e-08 3.708117e-08 8.000743e-08 1.700180e-07 3.558667e-07 7.337484e-07 1.490437e-06 2.982813e-06 5.881986e-06 1.143002e-05 2.188948e-05 4.131712e-05 7.687280e-05 1.409958e-04 2.549612e-04 4.545921e-04 7.992743e-04 1.385937e-03 2.370358e-03 3.999045e-03 6.656113e-03 1.093093e-02 1.771391e-02 2.832958e-02 4.471763e-02 6.967402e-02 1.071646e-01 1.627230e-01 2.439396e-01 3.610453e-01 5.275754e-01 7.610903e-01 1.083896e+00 1.523688e+00 2.113991e+00 2.894250e+00 3.909386e+00 5.208604e+00 6.843270e+00 8.863712e+00 1.131488e+01 1.423097e+01 1.762928e+01 2.150380e+01 2.581924e+01 3.050639e+01 3.545971e+01 4.053800e+01 4.556880e+01 5.035673e+01 5.469539e+01 5.838195e+01 6.123314e+01 6.310070e+01 6.388456e+01 6.354201e+01 6.209173e+01 5.961202e+01 5.623358e+01 5.212768e+01 4.749143e+01 4.253174e+01 3.745001e+01 3.242899e+01 2.762294e+01 2.315171e+01 1.909865e+01 1.551186e+01 1.240812e+01 9.778454e+00 7.594456e+00 5.814638e+00 4.390158e+00 3.269591e+00 2.402574e+00 1.742342e+00 1.247248e+00 8.814777e-01 6.151346e-01 4.239122e-01 2.885102e-01 1.939298e-01 1.287456e-01 8.441514e-02 5.466300e-02 3.495662e-02 2.207492e-02 1.376476e-02 8.474230e-03 5.150552e-03 3.090209e-03 1.830040e-03 1.069621e-03 6.169574e-04 3.511527e-04 1.972031e-04 1.092625e-04 5.972170e-05 3.220048e-05 1.712493e-05 8.982536e-06 4.646675e-06 2.370438e-06 1.192417e-06 5.914421e-07 2.892357e-07 1.394501e-07 6.628028e-08 3.105415e-08 1.434153e-08 6.528040e-09 2.928540e-09 1.294702e-09 5.640370e-10 2.421208e-10 1.024024e-10 4.266852e-11 1.751416e-11 7.081407e-12 2.820076e-12 1.106050e-12 4.271913e-13 1.624661e-13 6.083511e-14 2.242612e-14 8.138009e-15 2.906706e-15 1.021778e-15 3.534574e-16 1.203077e-16 4.028804e-17 1.327191e-17 4.300443e-18 1.370445e-18 4.294616e-19 1.323259e-19 4.008359e-20 1.193523e-20 3.492839e-21 1.004497e-21 2.838442e-22 7.879694e-23 2.148685e-23 5.754467e-24 1.513353e-24 3.907606e-25 9.904862e-26 2.464243e-26 6.016523e-27 1.441328e-27 3.387371e-28 7.808568e-29 1.765282e-29 3.913043e-30 8.503476e-31 1.811263e-31 3.780864e-32 7.732944e-33 1.549395e-33 3.040612e-34 5.843303e-35 1.099438e-35 2.024943e-36 3.650051e-37 6.437876e-38 1.110851e-38 1.874780e-39 3.094115e-40 4.992566e-41 7.874464e-42 1.213769e-42 1.827997e-43 2.689341e-44 3.864133e-45 5.421241e-46 7.424875e-47 9.924903e-48 1.294529e-48 1.647204e-49 2.044244e-50 2.473819e-51 2.918445e-52 3.355690e-53 3.759726e-54 4.103659e-55 4.362375e-56 4.515511e-57 4.550063e-58 4.462197e-59 4.257887e-60 3.952270e-61 3.567780e-62 3.131413e-63 2.671558e-64 2.214936e-65 1.784105e-66 1.395827e-67 1.060435e-68 7.821078e-70 5.598442e-71 3.888426e-72 2.619835e-73 1.711808e-74 1.084435e-75 6.658956e-77 3.962319e-78 2.284122e-79 1.275268e-80 6.894175e-82 3.607836e-83 1.827178e-84 8.953021e-86 4.243251e-87 1.944704e-88 8.616275e-90 3.689626e-91 1.526608e-92 6.101562e-94 2.355098e-95 8.776420e-97 3.156844e-98 1.095728e-99 3.669054e-101 
1.888283e-15 5.487721e-15 1.567396e-14 4.400375e-14 1.214466e-13 3.295525e-13 8.793567e-13 2.307611e-12 5.956230e-12 1.512323e-11 3.777750e-11 9.285117e-11 2.245720e-10 5.345459e-10 1.252338e-09 2.888086e-09 6.556833e-09 1.465602e-08 3.225654e-08 6.991008e-08 1.492183e-07 3.136928e-07 6.495695e-07 1.325026e-06 2.662805e-06 5.272413e-06 1.028664e-05 1.977748e-05 3.747503e-05 6.998868e-05 1.288458e-04 2.338369e-04 4.184085e-04 7.382077e-04 1.284384e-03 2.203929e-03 3.730242e-03 6.228211e-03 1.025952e-02 1.667547e-02 2.674641e-02 4.233848e-02 6.615001e-02 1.020203e-01 1.553230e-01 2.334532e-01 3.464099e-01 5.074667e-01 7.339034e-01 1.047749e+00 1.476455e+00 2.053385e+00 2.817959e+00 3.815274e+00 5.094976e+00 6.709198e+00 8.709386e+00 1.114196e+01 1.404287e+01 1.743133e+01 2.130321e+01 2.562483e+01 3.032805e+01 3.530757e+01 4.042142e+01 4.549529e+01 5.033089e+01 5.471807e+01 5.844982e+01 6.133869e+01 6.323280e+01 6.402948e+01 6.368480e+01 6.221778e+01 5.970852e+01 5.629077e+01 5.213966e+01 4.745649e+01 4.245215e+01 3.733139e+01 3.227938e+01 2.745175e+01 2.296866e+01 1.891286e+01 1.533117e+01 1.223870e+01 9.624608e+00 7.458718e+00 5.697976e+00 4.292282e+00 3.189295e+00 2.338067e+00 1.691531e+00 1.207964e+00 8.516394e-01 5.928511e-01 4.075389e-01 2.766667e-01 1.854922e-01 1.228229e-01 8.031757e-02 5.186838e-02 3.307735e-02 2.082876e-02 1.294986e-02 7.948702e-03 4.816324e-03 2.880587e-03 1.700394e-03 9.905569e-04 5.694154e-04 3.229676e-04 1.807300e-04 9.977142e-05 5.433146e-05 2.918314e-05 1.546022e-05 8.077384e-06 4.161666e-06 2.114344e-06 1.059174e-06 5.231348e-07 2.547339e-07 1.222809e-07 5.786309e-08 2.698902e-08 1.240757e-08 5.621743e-09 2.510214e-09 1.104524e-09 4.788878e-10 2.045757e-10 8.609999e-11 3.569827e-11 1.457980e-11 5.865159e-12 2.323781e-12 9.066910e-13 3.483638e-13 1.317879e-13 4.908460e-14 1.799697e-14 6.495216e-15 2.307186e-15 8.065291e-16 2.774329e-16 9.389609e-17 3.126356e-17 1.023952e-17 3.298510e-18 1.044960e-18 3.255146e-19 9.969508e-20 3.001595e-20 8.882740e-21 2.583442e-21 7.383234e-22 2.073140e-22 5.718489e-23 1.549318e-23 4.122315e-24 1.077001e-24 2.762474e-25 6.955342e-26 1.718727e-26 4.167665e-27 9.915256e-28 2.314021e-28 5.296740e-29 1.188921e-29 2.616517e-30 5.644732e-31 1.193532e-31 2.472955e-32 5.020066e-33 9.982341e-34 1.944028e-34 3.707121e-35 6.920706e-36 1.264615e-36 2.261383e-37 3.956496e-38 6.771420e-39 1.133423e-39 1.855060e-40 2.968152e-41 4.641783e-42 7.093512e-43 1.059064e-43 1.544445e-44 2.199465e-45 3.058157e-46 4.150530e-47 5.497314e-48 7.103986e-49 8.954857e-50 1.100829e-50 1.319426e-51 1.541530e-52 1.755167e-53 1.947067e-54 2.103950e-55 2.214000e-56 2.268307e-57 2.262050e-58 2.195188e-59 2.072543e-60 1.903222e-61 1.699499e-62 1.475329e-63 1.244754e-64 1.020458e-65 8.126672e-67 6.285286e-68 4.719766e-69 3.440225e-70 2.433390e-71 1.669868e-72 1.111437e-73 7.173085e-75 4.487782e-76 2.721121e-77 1.598600e-78 9.096887e-80 5.012932e-81 2.674372e-82 1.380916e-83 6.899431e-85 3.334601e-86 1.558633e-87 7.043649e-89 3.076733e-90 1.298688e-91 5.295751e-93 2.085657e-94 7.931141e-96 2.911330e-97 1.031325e-98 3.524798e-100 1.161966e-101 
1.495183e-15 4.369627e-15 1.254966e-14 3.542576e-14 9.830304e-14 2.681848e-13 7.194131e-13 1.897821e-12 4.924016e-12 1.256676e-11 3.155139e-11 7.793894e-11 1.894436e-10 4.531495e-10 1.066805e-09 2.472039e-09 5.638910e-09 1.266330e-08 2.799960e-08 6.096072e-08 1.307017e-07 2.759843e-07 5.739812e-07 1.175870e-06 2.373052e-06 4.718235e-06 9.243034e-06 1.784230e-05 3.394127e-05 6.363356e-05 1.175891e-04 2.141967e-04 3.846517e-04 6.810473e-04 1.189019e-03 2.047153e-03 3.476259e-03 5.822703e-03 9.621419e-03 1.568580e-02 2.523347e-02 4.005883e-02 6.276456e-02 9.706558e-02 1.481779e-01 2.233026e-01 3.322083e-01 4.879066e-01 7.073943e-01 1.012418e+00 1.430180e+00 1.993873e+00 2.742879e+00 3.722459e+00 4.982692e+00 6.576473e+00 8.556376e+00 1.097031e+01 1.385601e+01 1.723466e+01 2.110409e+01 2.543229e+01 3.015224e+01 3.515893e+01 4.030964e+01 4.542817e+01 5.031321e+01 5.475075e+01 5.852942e+01 6.145743e+01 6.337912e+01 6.418911e+01 6.384220e+01 6.235773e+01 5.981771e+01 5.635905e+01 5.216095e+01 4.742902e+01 4.237831e+01 3.721703e+01 3.213284e+01 2.728277e+01 2.278725e+01 1.872838e+01 1.515165e+01 1.207041e+01 9.471921e+00 7.324176e+00 5.582527e+00 4.195602e+00 3.110140e+00 2.274613e+00 1.641660e+00 1.169497e+00 8.224898e-01 5.711339e-01 3.916203e-01 2.651801e-01 1.773290e-01 1.171070e-01 7.637311e-02 4.918506e-02 3.127763e-02 1.963854e-02 1.217366e-02 7.449538e-03 4.499777e-03 2.682644e-03 1.578346e-03 9.163596e-04 5.249444e-04 2.966910e-04 1.654250e-04 9.098445e-05 4.935915e-05 2.641006e-05 1.393608e-05 7.251883e-06 3.721092e-06 1.882655e-06 9.391256e-07 4.618509e-07 2.239121e-07 1.070099e-07 5.040957e-08 2.340548e-08 1.071048e-08 4.830135e-09 2.146539e-09 9.399776e-10 4.055690e-10 1.724045e-10 7.219992e-11 2.978483e-11 1.210289e-11 4.843763e-12 1.909147e-12 7.410041e-13 2.831959e-13 1.065610e-13 3.947412e-14 1.439418e-14 5.166269e-15 1.824894e-15 6.343403e-16 2.169616e-16 7.300796e-17 2.416763e-17 7.869062e-18 2.519904e-18 7.935299e-19 2.457002e-19 7.479188e-20 2.237960e-20 6.581734e-21 1.902211e-21 5.401893e-22 1.507093e-22 4.130263e-23 1.111716e-23 2.938482e-24 7.626027e-25 1.942906e-25 4.858632e-26 1.192381e-26 2.871332e-27 6.783388e-28 1.571924e-28 3.572425e-29 7.960971e-30 1.739256e-30 3.724583e-31 7.816815e-32 1.607460e-32 3.238380e-33 6.390149e-34 1.234829e-34 2.336314e-35 4.327125e-36 7.843787e-37 1.391308e-37 2.414374e-38 4.098080e-39 6.802388e-40 1.103969e-40 1.751361e-41 2.715344e-42 4.113499e-43 6.087530e-44 8.798707e-45 1.241792e-45 1.710936e-46 2.300788e-47 3.019106e-48 3.864916e-49 4.825714e-50 5.875460e-51 6.973957e-52 8.068102e-53 9.095257e-54 9.988635e-55 1.068415e-55 1.112786e-56 1.128274e-57 1.113377e-58 1.069023e-59 9.984847e-61 9.069769e-62 8.010181e-63 6.876540e-64 5.736786e-65 4.649727e-66 3.660453e-67 2.798201e-68 2.076573e-69 1.495638e-70 1.045211e-71 7.085419e-73 4.657975e-74 2.968822e-75 1.834053e-76 1.097906e-77 6.366912e-79 3.575912e-80 1.944570e-81 1.023583e-82 5.213971e-84 2.569475e-85 1.224712e-86 5.644442e-88 2.514715e-89 1.082732e-90 4.504029e-92 1.809728e-93 7.021680e-95 2.630078e-96 9.507803e-98 3.316350e-99 1.115820e-100 3.620483e-102 
1.179692e-15 3.467201e-15 1.001388e-14 2.842500e-14 7.931125e-14 2.175525e-13 5.867404e-13 1.556095e-12 4.058720e-12 1.041255e-11 2.627798e-11 6.524433e-11 1.593889e-10 3.831640e-10 9.065002e-10 2.110824e-09 4.838157e-09 1.091675e-08 2.425122e-08 5.304444e-08 1.142487e-07 2.423297e-07 5.062249e-07 1.041596e-06 2.111112e-06 4.215186e-06 8.291886e-06 1.607159e-05 3.069532e-05 5.777403e-05 1.071719e-04 1.959562e-04 3.531914e-04 6.275948e-04 1.099546e-03 1.899594e-03 3.236464e-03 5.438695e-03 9.015384e-03 1.474318e-02 2.378848e-02 3.787566e-02 5.951383e-02 9.229567e-02 1.412817e-01 2.134809e-01 3.184328e-01 4.688862e-01 6.815536e-01 9.778949e-01 1.384856e+00 1.935446e+00 2.669001e+00 3.630931e+00 4.871740e+00 6.445078e+00 8.404655e+00 1.079989e+01 1.367034e+01 1.703922e+01 2.090636e+01 2.524152e+01 2.997886e+01 3.501371e+01 4.020262e+01 4.536742e+01 5.030373e+01 5.479352e+01 5.862091e+01 6.158959e+01 6.353993e+01 6.436374e+01 6.401447e+01 6.251181e+01 5.993977e+01 5.643857e+01 5.219161e+01 4.740904e+01 4.231019e+01 3.710687e+01 3.198930e+01 2.711590e+01 2.260738e+01 1.854513e+01 1.497323e+01 1.190321e+01 9.320361e+00 7.190809e+00 5.468277e+00 4.100107e+00 3.032117e+00 2.212203e+00 1.592723e+00 1.131837e+00 7.940208e-01 5.499751e-01 3.761488e-01 2.540438e-01 1.694344e-01 1.115932e-01 7.257781e-02 4.660993e-02 2.955505e-02 1.850241e-02 1.143480e-02 6.975739e-03 4.200197e-03 2.495876e-03 1.463546e-03 8.467930e-04 4.833866e-04 2.722193e-04 1.512211e-04 8.285892e-05 4.477807e-05 2.386483e-05 1.254258e-05 6.500125e-06 3.321496e-06 1.673382e-06 8.311482e-07 4.069650e-07 1.964283e-07 9.345296e-08 4.382247e-08 2.025296e-08 9.224448e-09 4.140228e-09 1.831097e-09 7.979428e-10 3.425904e-10 1.449073e-10 6.037878e-11 2.478129e-11 1.001785e-11 3.988415e-12 1.563740e-12 6.037107e-13 2.294849e-13 8.588153e-14 3.163910e-14 1.147319e-14 4.094825e-15 1.438244e-15 4.970829e-16 1.690349e-16 5.654909e-17 1.860914e-17 6.023191e-18 1.917228e-18 6.000855e-19 1.846672e-19 5.586587e-20 1.661216e-20 4.854774e-21 1.394168e-21 3.933718e-22 1.090361e-22 2.968610e-23 7.937549e-24 2.084030e-24 5.372036e-25 1.359323e-25 3.375869e-26 8.227301e-27 1.967280e-27 4.614655e-28 1.061702e-28 2.395418e-29 5.299064e-30 1.149156e-30 2.442548e-31 5.087586e-32 1.038257e-32 2.075587e-33 4.063853e-34 7.791342e-35 1.462446e-35 2.686921e-36 4.831159e-37 8.499276e-38 1.462710e-38 2.462018e-39 4.052196e-40 6.520259e-41 1.025469e-41 1.576051e-42 2.366542e-43 3.471042e-44 4.971772e-45 6.952994e-46 9.491708e-47 1.264534e-47 1.643732e-48 2.084233e-49 2.577360e-50 3.107537e-51 3.652308e-52 4.183360e-53 4.668592e-54 5.075104e-55 5.372753e-56 5.537779e-57 5.555900e-58 5.424326e-59 5.152306e-60 4.760069e-61 4.276329e-62 3.734781e-63 3.170188e-64 2.614684e-65 2.094866e-66 1.629985e-67 1.231370e-68 9.029386e-70 6.425078e-71 4.435423e-72 2.969707e-73 1.927965e-74 1.213322e-75 7.399955e-77 4.372621e-78 2.502639e-79 1.387016e-80 7.441753e-82 3.864224e-83 1.941447e-84 9.435127e-86 4.434163e-87 2.014651e-88 8.846975e-90 3.753870e-91 1.538636e-92 6.090421e-94 2.327536e-95 8.585518e-97 3.055910e-98 1.049306e-99 3.474845e-101 1.109492e-102 
9.273751e-16 2.741333e-15 7.962622e-15 2.273007e-14 6.377593e-14 1.759070e-13 4.770207e-13 1.271965e-12 3.335423e-12 8.602355e-12 2.182356e-11 5.446593e-11 1.337407e-10 3.231383e-10 7.683240e-10 1.797941e-09 4.141182e-09 9.389282e-09 2.095753e-08 4.605606e-08 9.965775e-08 2.123492e-07 4.455977e-07 9.209256e-07 1.874702e-06 3.759260e-06 7.426288e-06 1.445366e-05 2.771775e-05 5.237828e-05 9.754325e-05 1.790347e-04 3.239022e-04 5.776591e-04 1.015679e-03 1.760828e-03 3.010246e-03 5.075318e-03 8.440199e-03 1.384596e-02 2.240920e-02 3.578605e-02 5.639405e-02 8.770587e-02 1.346287e-01 2.039814e-01 3.050754e-01 4.503971e-01 6.563723e-01 9.441699e-01 1.340472e+00 1.878096e+00 2.596315e+00 3.540681e+00 4.762106e+00 6.314998e+00 8.254199e+00 1.063066e+01 1.348580e+01 1.684492e+01 2.070993e+01 2.505243e+01 2.980783e+01 3.487184e+01 4.010027e+01 4.531300e+01 5.030247e+01 5.484649e+01 5.872446e+01 6.173538e+01 6.371550e+01 6.455365e+01 6.420190e+01 6.268030e+01 6.007491e+01 5.652947e+01 5.223173e+01 4.739657e+01 4.224777e+01 3.700085e+01 3.184867e+01 2.695107e+01 2.242898e+01 1.836304e+01 1.479586e+01 1.173705e+01 9.169899e+00 7.058596e+00 5.355211e+00 4.005787e+00 2.955218e+00 2.150831e+00 1.544711e+00 1.094978e+00 7.662241e-01 5.293667e-01 3.611173e-01 2.432512e-01 1.618029e-01 1.062766e-01 6.892779e-02 4.413990e-02 2.790722e-02 1.741857e-02 1.073193e-02 6.526331e-03 3.916889e-03 2.319796e-03 1.355659e-03 7.816294e-04 4.445902e-04 2.494528e-04 1.380541e-04 7.535413e-05 4.056286e-05 2.153189e-05 1.127035e-05 5.816552e-06 2.959638e-06 1.484669e-06 7.341954e-07 3.578977e-07 1.719671e-07 8.144131e-08 3.801290e-08 1.748547e-08 7.926051e-09 3.540313e-09 1.558129e-09 6.756358e-10 2.886285e-10 1.214652e-10 5.035221e-11 2.055918e-11 8.267592e-12 3.274182e-12 1.276851e-12 4.902903e-13 1.853543e-13 6.898392e-14 2.527243e-14 9.112912e-15 3.233955e-15 1.129358e-15 3.880644e-16 1.311903e-16 4.362911e-17 1.427174e-17 4.591468e-18 1.452603e-18 4.518652e-19 1.381916e-19 4.154399e-20 1.227526e-20 3.564424e-21 1.017008e-21 2.850842e-22 7.850070e-23 2.123054e-23 5.638590e-24 1.470400e-24 3.764337e-25 9.459338e-26 2.332826e-26 5.645239e-27 1.340259e-27 3.121246e-28 7.128958e-29 1.596642e-29 3.505870e-30 7.545940e-31 1.591774e-31 3.290188e-32 6.662697e-33 1.321563e-33 2.567150e-34 4.882659e-35 9.091143e-36 1.656730e-36 2.954398e-37 5.154454e-38 8.796378e-39 1.468057e-39 2.395570e-40 3.821292e-41 5.957366e-42 9.075017e-43 1.350502e-43 1.962919e-44 2.785945e-45 3.860189e-46 5.220504e-47 6.889460e-48 8.870073e-49 1.113878e-49 1.364004e-50 1.628389e-51 1.894798e-52 2.148453e-53 2.373244e-54 2.553332e-55 2.674942e-56 2.728078e-57 2.707866e-58 2.615275e-59 2.457075e-60 2.245023e-61 1.994410e-62 1.722220e-63 1.445212e-64 1.178235e-65 9.329887e-67 7.173854e-68 5.354840e-69 3.879218e-70 2.726661e-71 1.859055e-72 1.229171e-73 7.879069e-75 4.895131e-76 2.946890e-77 1.718528e-78 9.705669e-80 5.307046e-81 2.808803e-82 1.438509e-83 7.127036e-85 3.415011e-86 1.582136e-87 7.085096e-89 3.066051e-90 1.281818e-91 5.175694e-93 2.017844e-94 7.593905e-96 2.757931e-97 9.663282e-99 3.265663e-100 1.064158e-101 3.342815e-103 
7.263035e-16 2.159520e-15 6.308978e-15 1.811283e-14 5.110926e-14 1.417616e-13 3.865631e-13 1.036433e-12 2.732592e-12 7.085562e-12 1.807134e-11 4.533908e-11 1.119101e-10 2.717853e-10 6.495140e-10 1.527567e-09 3.535928e-09 8.056369e-09 1.806958e-08 3.989956e-08 8.674370e-08 1.856926e-07 3.914488e-07 8.126713e-07 1.661692e-06 3.346705e-06 6.639749e-06 1.297746e-05 2.499012e-05 4.741606e-05 8.865436e-05 1.633550e-04 2.966639e-04 5.310561e-04 9.371416e-04 1.630447e-03 2.797013e-03 4.731726e-03 7.894681e-03 1.299250e-02 2.109345e-02 3.378712e-02 5.340151e-02 8.329148e-02 1.282132e-01 1.947973e-01 2.921283e-01 4.324305e-01 6.318410e-01 9.112337e-01 1.297019e+00 1.821812e+00 2.524814e+00 3.451698e+00 4.653781e+00 6.186214e+00 8.104985e+00 1.046259e+01 1.330236e+01 1.665171e+01 2.051473e+01 2.486492e+01 2.963902e+01 3.473320e+01 4.000254e+01 4.526491e+01 5.030946e+01 5.490974e+01 5.884024e+01 6.189503e+01 6.390609e+01 6.475913e+01 6.440477e+01 6.286343e+01 6.022336e+01 5.663189e+01 5.228138e+01 4.739162e+01 4.219100e+01 3.689889e+01 3.171086e+01 2.678816e+01 2.225195e+01 1.818203e+01 1.461947e+01 1.157190e+01 9.020505e+00 6.927517e+00 5.243318e+00 3.912633e+00 2.879435e+00 2.090487e+00 1.497616e+00 1.058910e+00 7.390916e-01 5.093009e-01 3.465183e-01 2.327958e-01 1.544286e-01 1.011526e-01 6.541920e-02 4.177192e-02 2.633179e-02 1.638526e-02 1.006376e-02 6.100365e-03 3.649176e-03 2.153931e-03 1.254360e-03 7.206489e-04 4.084091e-04 2.282961e-04 1.258625e-04 6.843129e-05 3.668942e-05 1.939652e-05 1.011053e-05 5.195938e-06 2.632486e-06 1.314784e-06 6.472959e-07 3.141133e-07 1.502378e-07 7.082009e-08 3.289972e-08 1.506123e-08 6.794136e-09 3.019859e-09 1.322481e-09 5.705764e-10 2.425100e-10 1.015327e-10 4.187077e-11 1.700636e-11 6.802565e-12 2.679536e-12 1.039287e-12 3.968825e-13 1.492107e-13 5.522161e-14 2.011626e-14 7.212263e-15 2.544705e-15 8.834851e-16 3.017936e-16 1.014195e-16 3.352617e-17 1.090051e-17 3.485439e-18 1.095880e-18 3.387731e-19 1.029530e-19 3.075360e-20 9.028626e-21 2.604693e-21 7.383116e-22 2.055934e-22 5.623435e-23 1.510612e-23 3.984713e-24 1.031971e-24 2.623592e-25 6.546578e-26 1.603066e-26 3.851555e-27 9.078121e-28 2.098734e-28 4.758230e-29 1.057754e-29 2.305142e-30 4.923871e-31 1.030701e-31 2.113953e-32 4.247307e-33 8.358055e-34 1.610596e-34 3.038602e-35 5.611530e-36 1.014197e-36 1.793537e-37 3.102817e-38 5.250140e-39 8.686884e-40 1.405220e-40 2.221874e-41 3.433178e-42 5.182993e-43 7.643239e-44 1.100755e-44 1.547831e-45 2.124606e-46 2.846140e-47 3.720127e-48 4.743322e-49 5.898334e-50 7.151483e-51 8.452397e-52 9.735921e-53 1.092655e-53 1.194518e-54 1.271745e-55 1.318251e-56 1.330085e-57 1.305978e-58 1.247552e-59 1.159145e-60 1.047280e-61 9.198641e-63 7.852504e-64 6.513346e-65 5.248063e-66 4.106571e-67 3.119832e-68 2.300596e-69 1.646235e-70 1.142799e-71 7.694122e-73 5.022765e-74 3.178372e-75 1.949069e-76 1.157959e-77 6.663233e-79 3.712651e-80 2.002500e-81 1.045277e-82 5.278882e-84 2.578608e-85 1.217986e-86 5.561519e-88 2.454255e-89 1.046409e-90 4.309427e-92 1.713778e-93 6.579412e-95 2.437800e-96 8.715021e-98 3.005242e-99 9.993382e-101 3.203681e-102 9.898555e-104 
5.666560e-16 1.694839e-15 4.980524e-15 1.438207e-14 4.081587e-14 1.138562e-13 3.122213e-13 8.417865e-13 2.231667e-12 5.818315e-12 1.491958e-11 3.763197e-11 9.337827e-11 2.279658e-10 5.476123e-10 1.294493e-09 3.011561e-09 6.895876e-09 1.554292e-08 3.448737e-08 7.533713e-08 1.620378e-07 3.431768e-07 7.157302e-07 1.470096e-06 2.974009e-06 5.926168e-06 1.163259e-05 2.249498e-05 4.285865e-05 8.045874e-05 1.488433e-04 2.713612e-04 4.876089e-04 8.636661e-04 1.508057e-03 2.596188e-03 4.407096e-03 7.377674e-03 1.218123e-02 1.983907e-02 3.187603e-02 5.053254e-02 7.904791e-02 1.220295e-01 1.859218e-01 2.795839e-01 4.149778e-01 6.079508e-01 8.790769e-01 1.254488e+00 1.766588e+00 2.454488e+00 3.363976e+00 4.546753e+00 6.058713e+00 7.956988e+00 1.029564e+01 1.311994e+01 1.645951e+01 2.032067e+01 2.467889e+01 2.947235e+01 3.459771e+01 3.990935e+01 4.522310e+01 5.032474e+01 5.498337e+01 5.896840e+01 6.206878e+01 6.411199e+01 6.498050e+01 6.462339e+01 6.306150e+01 6.038532e+01 5.674599e+01 5.234065e+01 4.739420e+01 4.213985e+01 3.680093e+01 3.157577e+01 2.662709e+01 2.207620e+01 1.800204e+01 1.444401e+01 1.140770e+01 8.872149e+00 6.797553e+00 5.132583e+00 3.820635e+00 2.804760e+00 2.031165e+00 1.451430e+00 1.023626e+00 7.126151e-01 4.897698e-01 3.323445e-01 2.226709e-01 1.473060e-01 9.621650e-02 6.204825e-02 3.950302e-02 2.482646e-02 1.540073e-02 9.428990e-03 5.696918e-03 3.396402e-03 1.997823e-03 1.159335e-03 6.636394e-04 3.747026e-04 2.086575e-04 1.145878e-04 6.205344e-05 3.313483e-05 1.744477e-05 9.054792e-06 4.633376e-06 2.337202e-06 1.162115e-06 5.695488e-07 2.751170e-07 1.309736e-07 6.144764e-08 2.840905e-08 1.294234e-08 5.809614e-09 2.569409e-09 1.119549e-09 4.805604e-10 2.031975e-10 8.462989e-11 3.471620e-11 1.402525e-11 5.579879e-12 2.185946e-12 8.431751e-13 3.202004e-13 1.197051e-13 4.405031e-14 1.595473e-14 5.687102e-15 1.994844e-15 6.884894e-16 2.337809e-16 7.809010e-17 2.565713e-17 8.290763e-18 2.634528e-18 8.231511e-19 2.528540e-19 7.635145e-20 2.266025e-20 6.609271e-21 1.894191e-21 5.333525e-22 1.475241e-22 4.007798e-23 1.069248e-23 2.801012e-24 7.203573e-25 1.818484e-25 4.505362e-26 1.095313e-26 2.612542e-27 6.112682e-28 1.402717e-28 3.156475e-29 6.963908e-30 1.506067e-30 3.192258e-31 6.630316e-32 1.349189e-32 2.689251e-33 5.249619e-34 1.003409e-34 1.877575e-35 3.438741e-36 6.163083e-37 1.080699e-37 1.853664e-38 3.109471e-39 5.100124e-40 8.177520e-41 1.281493e-41 1.962326e-42 2.935562e-43 4.289247e-44 6.119894e-45 8.524763e-46 1.159039e-46 1.537770e-47 1.990501e-48 2.513102e-49 3.094088e-50 3.713874e-51 4.345004e-52 4.953557e-53 5.501778e-54 5.951712e-55 6.269412e-56 6.429104e-57 6.416593e-58 6.231318e-59 5.886636e-60 5.408238e-61 4.830974e-62 4.194617e-63 3.539290e-64 2.901304e-65 2.309990e-66 1.785881e-67 1.340312e-68 9.762358e-70 6.898957e-71 4.729070e-72 3.143510e-73 2.025740e-74 1.265216e-75 7.656662e-77 4.488385e-78 2.547990e-79 1.400372e-80 7.449166e-82 3.834167e-83 1.909035e-84 9.192129e-86 4.279151e-87 1.925387e-88 8.371001e-90 3.515725e-91 1.425970e-92 5.583976e-94 2.110541e-95 7.697347e-97 2.708104e-98 9.188543e-100 3.005836e-101 9.477680e-103 2.879637e-104 
4.403731e-16 1.325068e-15 3.917121e-15 1.137812e-14 3.247950e-14 9.112621e-14 2.513215e-13 6.814351e-13 1.816695e-12 4.762715e-12 1.227986e-11 3.114206e-11 7.768986e-11 1.906736e-10 4.604371e-10 1.094075e-09 2.558364e-09 5.887849e-09 1.333734e-08 2.973982e-08 6.528308e-08 1.410888e-07 3.002268e-07 6.290803e-07 1.298067e-06 2.637889e-06 5.279818e-06 1.040923e-05 2.021582e-05 3.867877e-05 7.291213e-05 1.354289e-04 2.478834e-04 4.471472e-04 7.949955e-04 1.393274e-03 2.407214e-03 4.100629e-03 6.888056e-03 1.141058e-02 1.864398e-02 3.004999e-02 4.778354e-02 7.497060e-02 1.160721e-01 1.773482e-01 2.674344e-01 3.980306e-01 5.846924e-01 8.476904e-01 1.212871e+00 1.712413e+00 2.385330e+00 3.277504e+00 4.441012e+00 5.932479e+00 7.810186e+00 1.012978e+01 1.293852e+01 1.626826e+01 2.012764e+01 2.449423e+01 2.930770e+01 3.446525e+01 3.982062e+01 4.518753e+01 5.034833e+01 5.506748e+01 5.910913e+01 6.225687e+01 6.433349e+01 6.521807e+01 6.485807e+01 6.327476e+01 6.056101e+01 5.687191e+01 5.240961e+01 4.740433e+01 4.209427e+01 3.670686e+01 3.144330e+01 2.646774e+01 2.190164e+01 1.782296e+01 1.426941e+01 1.124442e+01 8.724802e+00 6.668686e+00 5.022994e+00 3.729786e+00 2.731186e+00 1.972858e+00 1.406146e+00 9.891179e-01 6.867866e-01 4.707655e-01 3.185885e-01 2.128701e-01 1.404295e-01 9.146360e-02 5.881122e-02 3.733026e-02 2.338899e-02 1.446331e-02 8.826389e-03 5.315088e-03 3.157930e-03 1.851027e-03 1.070278e-03 6.103968e-04 3.433357e-04 1.904494e-04 1.041738e-04 5.618539e-05 2.987741e-05 1.566347e-05 8.095272e-06 4.124266e-06 2.071135e-06 1.025161e-06 5.001197e-07 2.404527e-07 1.139293e-07 5.319452e-08 2.447372e-08 1.109455e-08 4.955300e-09 2.180493e-09 9.452277e-10 4.036333e-10 1.697762e-10 7.033568e-11 2.869801e-11 1.153114e-11 4.562505e-12 1.777499e-12 6.817952e-13 2.574535e-13 9.569848e-14 3.501320e-14 1.260774e-14 4.467642e-15 1.557795e-15 5.344252e-16 1.803688e-16 5.988044e-17 1.955274e-17 6.278826e-18 1.982643e-18 6.155346e-19 1.878654e-19 5.636004e-20 1.661760e-20 4.814807e-21 1.370701e-21 3.833530e-22 1.053135e-22 2.841417e-23 7.528113e-24 1.958265e-24 5.000614e-25 1.253352e-25 3.082841e-26 7.440227e-27 1.761595e-27 4.091077e-28 9.317648e-29 2.080829e-29 4.555662e-30 9.776278e-31 2.056002e-31 4.236642e-32 8.552376e-33 1.690973e-33 3.274070e-34 6.206638e-35 1.151746e-35 2.091714e-36 3.717116e-37 6.462184e-38 1.098835e-38 1.827155e-39 2.970410e-40 4.720229e-41 7.330303e-42 1.112240e-42 1.648534e-43 2.386292e-44 3.372703e-45 4.653326e-46 6.265862e-47 8.232467e-48 1.055140e-48 1.318924e-49 1.607520e-50 1.909924e-51 2.211541e-52 2.495100e-53 2.742136e-54 2.934888e-55 3.058356e-56 3.102204e-57 3.062170e-58 2.940731e-59 2.746869e-60 2.494973e-61 2.203066e-62 1.890646e-63 1.576525e-64 1.276985e-65 1.004501e-66 7.671487e-68 5.686672e-69 4.090438e-70 2.854290e-71 1.931637e-72 1.267462e-73 8.061354e-75 4.968510e-76 2.966680e-77 1.715624e-78 9.606410e-80 5.206759e-81 2.730995e-82 1.385802e-83 6.801227e-85 3.227442e-86 1.480449e-87 6.562526e-89 2.810412e-90 1.162435e-91 4.642438e-93 1.789701e-94 6.658102e-96 2.389653e-97 8.272036e-99 2.760974e-100 8.883084e-102 2.754205e-103 8.226962e-105 
3.408645e-16 1.031921e-15 3.068997e-15 8.967993e-15 2.575158e-14 7.267447e-14 2.015982e-13 5.497616e-13 1.474006e-12 3.886096e-12 1.007554e-11 2.569287e-11 6.444574e-11 1.590226e-10 3.860566e-10 9.221753e-10 2.167644e-09 5.014347e-09 1.141646e-08 2.558452e-08 5.644014e-08 1.225743e-07 2.620875e-07 5.517759e-07 1.143885e-06 2.335282e-06 4.695332e-06 9.298169e-06 1.813706e-05 3.485057e-05 6.597241e-05 1.230444e-04 2.261248e-04 4.095077e-04 7.308820e-04 1.285730e-03 2.229551e-03 3.811549e-03 6.424730e-03 1.067904e-02 1.750610e-02 2.830628e-02 4.515098e-02 7.105506e-02 1.103353e-01 1.690700e-01 2.556721e-01 3.815802e-01 5.620568e-01 8.170647e-01 1.172157e+00 1.659280e+00 2.317332e+00 3.192275e+00 4.336549e+00 5.807498e+00 7.664556e+00 9.964972e+00 1.275802e+01 1.607788e+01 1.993557e+01 2.431084e+01 2.914494e+01 3.433572e+01 3.973626e+01 4.515818e+01 5.038025e+01 5.516217e+01 5.926259e+01 6.245954e+01 6.457088e+01 6.547215e+01 6.510913e+01 6.350352e+01 6.075066e+01 5.700982e+01 5.248834e+01 4.742200e+01 4.205420e+01 3.661661e+01 3.131334e+01 2.631001e+01 2.172816e+01 1.764474e+01 1.409561e+01 1.108201e+01 8.578434e+00 6.540896e+00 4.914541e+00 3.640076e+00 2.658706e+00 1.915558e+00 1.361756e+00 9.553775e-01 6.615979e-01 4.522801e-01 3.052433e-01 2.033869e-01 1.337936e-01 8.688936e-02 5.570440e-02 3.525074e-02 2.201715e-02 1.357132e-02 8.254735e-03 4.954000e-03 2.933138e-03 1.713114e-03 9.868985e-04 5.607242e-04 3.141789e-04 1.735877e-04 9.456718e-05 5.079368e-05 2.689656e-05 1.404020e-05 7.224589e-06 3.664297e-06 1.831815e-06 9.025314e-07 4.382373e-07 2.097006e-07 9.888033e-08 4.594273e-08 2.103277e-08 9.486901e-09 4.215755e-09 1.845539e-09 7.958688e-10 3.380661e-10 1.414409e-10 5.828154e-11 2.365040e-11 9.450715e-12 3.718567e-12 1.440575e-12 5.494261e-13 2.062802e-13 7.623274e-14 2.772813e-14 9.925511e-15 3.496189e-15 1.211719e-15 4.131693e-16 1.385880e-16 4.572423e-17 1.483679e-17 4.734288e-18 1.485382e-18 4.581802e-19 1.389292e-19 4.140509e-20 1.212714e-20 3.490187e-21 9.868790e-22 2.741211e-22 7.478619e-23 2.003717e-23 5.271354e-24 1.361482e-24 3.451739e-25 8.588774e-26 2.097110e-26 5.023852e-27 1.180607e-27 2.721153e-28 6.150423e-29 1.362966e-29 2.960850e-30 6.304063e-31 1.315280e-31 2.688614e-32 5.383567e-33 1.055748e-33 2.027289e-34 3.811103e-35 7.012615e-36 1.262747e-36 2.224704e-37 3.834053e-38 6.462257e-39 1.065024e-39 1.715899e-40 2.702018e-41 4.157714e-42 6.250232e-43 9.177338e-44 1.315890e-44 1.842072e-45 2.516978e-46 3.356124e-47 4.365980e-48 5.539996e-49 6.855173e-50 8.270001e-51 9.724488e-52 1.114287e-52 1.243914e-53 1.352511e-54 1.431990e-55 1.475980e-56 1.480652e-57 1.445266e-58 1.372317e-59 1.267247e-60 1.137777e-61 9.929538e-63 8.420998e-64 6.938200e-65 5.552189e-66 4.314203e-67 3.254168e-68 2.382133e-69 1.691850e-70 1.165494e-71 7.785602e-73 5.041853e-74 3.164353e-75 1.924230e-76 1.133409e-77 6.464774e-79 3.569743e-80 1.907728e-81 9.864393e-83 4.933754e-84 2.386251e-85 1.115743e-86 5.041961e-88 2.201405e-89 9.284172e-91 3.781000e-92 1.486510e-93 5.640331e-95 2.064877e-96 7.291454e-98 2.482804e-99 8.149990e-101 2.578315e-102 7.858825e-104 2.307282e-105 
2.627611e-16 8.004102e-16 2.395100e-15 7.041370e-15 2.034111e-14 5.774778e-14 1.611377e-13 4.419936e-13 1.191917e-12 3.160385e-12 8.240404e-12 2.113103e-11 5.329713e-11 1.322342e-10 3.227640e-10 7.751220e-10 1.831640e-09 4.259266e-09 9.747487e-09 2.195589e-08 4.867947e-08 1.062459e-07 2.282887e-07 4.829431e-07 1.005958e-06 2.063329e-06 4.167686e-06 8.290714e-06 1.624399e-05 3.134954e-05 5.959953e-05 1.116257e-04 2.059838e-04 3.745333e-04 6.710868e-04 1.185067e-03 2.062676e-03 3.539103e-03 5.986631e-03 9.985137e-03 1.642344e-02 2.664222e-02 4.263135e-02 6.729686e-02 1.048137e-01 1.610805e-01 2.442895e-01 3.656182e-01 5.400349e-01 7.871907e-01 1.132339e+00 1.607181e+00 2.250486e+00 3.108282e+00 4.233353e+00 5.683757e+00 7.520078e+00 9.801184e+00 1.257841e+01 1.588830e+01 1.974436e+01 2.412860e+01 2.898397e+01 3.420901e+01 3.965619e+01 4.513499e+01 5.042052e+01 5.526754e+01 5.942897e+01 6.267704e+01 6.482448e+01 6.574309e+01 6.537690e+01 6.374806e+01 6.095451e+01 5.715987e+01 5.257692e+01 4.744723e+01 4.201961e+01 3.653009e+01 3.118578e+01 2.615378e+01 2.155567e+01 1.746727e+01 1.392255e+01 1.092043e+01 8.433019e+00 6.414168e+00 4.807213e+00 3.551499e+00 2.587313e+00 1.859259e+00 1.318253e+00 9.223971e-01 6.370410e-01 4.343058e-01 2.923014e-01 1.942149e-01 1.273928e-01 8.248924e-02 5.272417e-02 3.326163e-02 2.070877e-02 1.272314e-02 7.712841e-03 4.612801e-03 2.721428e-03 1.583667e-03 9.089115e-04 5.144323e-04 2.871077e-04 1.579921e-04 8.571688e-05 4.584655e-05 2.417282e-05 1.256323e-05 6.435810e-06 3.249440e-06 1.616940e-06 7.929328e-07 3.831895e-07 1.824749e-07 8.562148e-08 3.958488e-08 1.803100e-08 8.091519e-09 3.577137e-09 1.557796e-09 6.682340e-10 2.823332e-10 1.174848e-10 4.814576e-11 1.942941e-11 7.720652e-12 3.020697e-12 1.163547e-12 4.412127e-13 1.646878e-13 6.050406e-14 2.187646e-14 7.783894e-15 2.725214e-15 9.387354e-16 3.181110e-16 1.060375e-16 3.476456e-17 1.120883e-17 3.553677e-18 1.107739e-18 3.394564e-19 1.022498e-19 3.027022e-20 8.806134e-21 2.517167e-21 7.068629e-22 1.949811e-22 5.282274e-23 1.405257e-23 3.670549e-24 9.411959e-25 2.368833e-25 5.850929e-26 1.418014e-26 3.371550e-27 7.863200e-28 1.798520e-28 4.033687e-29 8.869185e-30 1.911534e-30 4.037556e-31 8.356286e-32 1.694280e-32 3.364747e-33 6.543822e-34 1.246058e-34 2.322670e-35 4.237332e-36 7.564251e-37 1.321050e-37 2.256644e-38 3.769697e-39 6.156842e-40 9.829355e-41 1.533606e-41 2.337922e-42 3.481590e-43 5.063612e-44 7.190857e-45 9.968732e-46 1.348773e-46 1.780643e-47 2.293258e-48 2.880479e-49 3.527843e-50 4.211943e-51 4.900944e-52 5.556423e-53 6.136526e-54 6.600157e-55 6.911657e-56 7.045266e-57 6.988599e-58 6.744503e-59 6.330900e-60 5.778629e-61 5.127611e-62 4.422043e-63 3.705394e-64 3.016021e-65 2.384008e-66 1.829524e-67 1.362727e-68 9.849248e-70 6.905618e-71 4.695578e-72 3.095591e-73 1.978094e-74 1.224839e-75 7.347157e-77 4.268227e-78 2.400724e-79 1.307019e-80 6.885648e-82 3.509204e-83 1.729621e-84 8.242311e-86 3.796469e-87 1.689742e-88 7.265196e-90 3.016736e-91 1.209391e-92 4.679635e-94 1.747229e-95 6.292979e-97 2.185789e-98 7.319516e-100 2.362410e-101 7.346898e-103 2.200928e-104 6.349483e-106 
2.017046e-16 6.182940e-16 1.861690e-15 5.507009e-15 1.600596e-14 4.571566e-14 1.283285e-13 3.540890e-13 9.604766e-13 2.561527e-12 6.717374e-12 1.732358e-11 4.394004e-11 1.096261e-10 2.690553e-10 6.496604e-10 1.543438e-09 3.608188e-09 8.300888e-09 1.879456e-08 4.188396e-08 9.187672e-08 1.983989e-07 4.217759e-07 8.828062e-07 1.819374e-06 3.692183e-06 7.378724e-06 1.452273e-05 2.815252e-05 5.375545e-05 1.011112e-04 1.873636e-04 3.420735e-04 6.153801e-04 1.090942e-03 1.906081e-03 3.282558e-03 5.572723e-03 9.327424e-03 1.539403e-02 2.505518e-02 4.022123e-02 6.369163e-02 9.950189e-02 1.533732e-01 2.332789e-01 3.501361e-01 5.186175e-01 7.580591e-01 1.093407e+00 1.556106e+00 2.184785e+00 3.025517e+00 4.131417e+00 5.561244e+00 7.376731e+00 9.638382e+00 1.239962e+01 1.569944e+01 1.955391e+01 2.394740e+01 2.882465e+01 3.408498e+01 3.958030e+01 4.511790e+01 5.046914e+01 5.538367e+01 5.960845e+01 6.290963e+01 6.509459e+01 6.603123e+01 6.566172e+01 6.400869e+01 6.117280e+01 5.732221e+01 5.267541e+01 4.748001e+01 4.199041e+01 3.644719e+01 3.106051e+01 2.599894e+01 2.138406e+01 1.729048e+01 1.375017e+01 1.075963e+01 8.288529e+00 6.288484e+00 4.700999e+00 3.464047e+00 2.517001e+00 1.803954e+00 1.275630e+00 8.901685e-01 6.131077e-01 4.168348e-01 2.797556e-01 1.853478e-01 1.212216e-01 7.825876e-02 4.986694e-02 3.136013e-02 1.946173e-02 1.191720e-02 7.199551e-03 4.290662e-03 2.522214e-03 1.462284e-03 8.360441e-04 4.713389e-04 2.620028e-04 1.435859e-04 7.757435e-05 4.131381e-05 2.168778e-05 1.122152e-05 5.722429e-06 2.875929e-06 1.424368e-06 6.951700e-07 3.343202e-07 1.584220e-07 7.396530e-08 3.402342e-08 1.541852e-08 6.883330e-09 3.027064e-09 1.311254e-09 5.594578e-10 2.350912e-10 9.728930e-11 3.964823e-11 1.591042e-11 6.286454e-12 2.445472e-12 9.365206e-13 3.530475e-13 1.310003e-13 4.784045e-14 1.719339e-14 6.080355e-15 2.115700e-15 7.242554e-16 2.438911e-16 8.078276e-17 2.631547e-17 8.429904e-18 2.655226e-18 8.222321e-19 2.502920e-19 7.488647e-20 2.201944e-20 6.362054e-21 1.805996e-21 5.036203e-22 1.379414e-22 3.710455e-23 9.800226e-24 2.541296e-24 6.468701e-25 1.616044e-25 3.961808e-26 9.529434e-27 2.248546e-27 5.203843e-28 1.181026e-28 2.628041e-29 5.732777e-30 1.225689e-30 2.568019e-31 5.271556e-32 1.060036e-32 2.087665e-33 4.026021e-34 7.601181e-35 1.404722e-35 2.540485e-36 4.495438e-37 7.781574e-38 1.317385e-38 2.180805e-39 3.529290e-40 5.582530e-41 8.628868e-42 1.303048e-42 1.922005e-43 2.768464e-44 3.893278e-45 5.344228e-46 7.158920e-47 9.356251e-48 1.192741e-48 1.482783e-49 1.797183e-50 2.123175e-51 2.444287e-52 2.741482e-53 2.994871e-54 3.185827e-55 3.299201e-56 3.325279e-57 3.261141e-58 3.111158e-59 2.886513e-60 2.603819e-61 2.283078e-62 1.945311e-63 1.610277e-64 1.294612e-65 1.010626e-66 7.658355e-68 5.631934e-69 4.018263e-70 2.780732e-71 1.865953e-72 1.213789e-73 7.651852e-75 4.673579e-76 2.764847e-77 1.583833e-78 8.782994e-80 4.713548e-81 2.447386e-82 1.229089e-83 5.968524e-85 2.801750e-86 1.271004e-87 5.570514e-89 2.358034e-90 9.638000e-92 3.802605e-93 1.447799e-94 5.317942e-96 1.883920e-97 6.434878e-99 2.118618e-100 6.721639e-102 2.054394e-103 6.047201e-105 1.713814e-106 
1.541704e-16 4.756087e-16 1.441135e-15 4.289723e-15 1.254541e-14 3.605214e-14 1.018183e-13 2.826346e-13 7.712299e-13 2.068968e-12 5.457399e-12 1.415562e-11 3.611023e-11 9.060151e-11 2.236085e-10 5.429142e-10 1.296894e-09 3.048230e-09 7.050151e-09 1.604696e-08 3.594730e-08 7.925973e-08 1.720223e-07 3.675320e-07 7.730636e-07 1.600944e-06 3.264438e-06 6.554561e-06 1.296023e-05 2.523759e-05 4.840408e-05 9.144282e-05 1.701715e-04 3.119837e-04 5.635408e-04 1.003023e-03 1.759278e-03 3.041205e-03 5.181995e-03 8.704495e-03 1.441594e-02 2.354259e-02 3.791726e-02 6.023505e-02 9.439450e-02 1.459417e-01 2.226328e-01 3.351253e-01 4.977956e-01 7.296606e-01 1.055352e+00 1.506049e+00 2.120221e+00 2.943974e+00 4.030733e+00 5.439947e+00 7.234496e+00 9.476533e+00 1.222162e+01 1.551124e+01 1.936412e+01 2.376712e+01 2.866685e+01 3.396352e+01 3.950849e+01 4.510687e+01 5.052614e+01 5.551066e+01 5.980120e+01 6.315758e+01 6.538156e+01 6.633693e+01 6.596395e+01 6.428571e+01 6.140576e+01 5.749700e+01 5.278389e+01 4.752034e+01 4.196655e+01 3.636780e+01 3.093740e+01 2.584537e+01 2.121323e+01 1.711429e+01 1.357841e+01 1.059957e+01 8.144938e+00 6.163829e+00 4.595891e+00 3.377714e+00 2.447764e+00 1.749637e+00 1.233878e+00 8.586841e-01 5.897899e-01 3.998592e-01 2.675988e-01 1.767791e-01 1.152747e-01 7.419350e-02 4.712918e-02 2.954349e-02 1.827395e-02 1.115195e-02 6.713735e-03 3.986777e-03 2.334933e-03 1.348575e-03 7.680329e-04 4.312691e-04 2.387498e-04 1.302956e-04 7.009340e-05 3.716686e-05 1.942404e-05 1.000467e-05 5.078352e-06 2.540252e-06 1.252113e-06 6.081377e-07 2.910256e-07 1.372178e-07 6.374103e-08 2.916991e-08 1.315033e-08 5.839839e-09 2.554488e-09 1.100578e-09 4.670100e-10 1.951608e-10 8.031411e-11 3.254576e-11 1.298582e-11 5.101339e-12 1.972903e-12 7.511012e-13 2.814662e-13 1.038128e-13 3.768196e-14 1.345962e-14 4.730500e-15 1.635733e-15 5.564212e-16 1.861807e-16 6.127135e-17 1.983000e-17 6.310732e-18 1.974589e-18 6.073791e-19 1.836431e-19 5.457140e-20 1.593578e-20 4.572367e-21 1.288866e-21 3.568720e-22 9.704922e-23 2.591688e-23 6.795466e-24 1.749182e-24 4.419390e-25 1.095802e-25 2.666087e-26 6.363812e-27 1.490008e-27 3.421480e-28 7.704043e-29 1.700695e-29 3.680101e-30 7.804411e-31 1.621764e-31 3.301581e-32 6.583555e-33 1.285643e-33 2.458201e-34 4.601148e-35 8.429082e-36 1.511027e-36 2.650045e-37 4.546047e-38 7.626468e-39 1.250921e-39 2.005676e-40 3.142838e-41 4.811924e-42 7.197061e-43 1.051319e-43 1.499542e-44 2.087993e-45 2.837564e-46 3.762772e-47 4.867589e-48 6.141312e-49 7.555203e-50 9.060751e-51 1.059034e-51 1.206084e-52 1.338010e-53 1.445598e-54 1.520664e-55 1.557066e-56 1.551523e-57 1.504095e-58 1.418229e-59 1.300345e-60 1.159040e-61 1.004041e-62 8.450889e-64 6.909326e-65 5.485733e-66 4.228462e-67 3.163450e-68 2.296423e-69 1.617097e-70 1.104318e-71 7.311487e-73 4.691915e-74 2.917467e-75 1.757323e-76 1.025097e-77 5.789260e-79 3.164485e-80 1.673714e-81 8.563157e-83 4.236789e-84 2.026588e-85 9.369044e-87 4.185053e-88 1.805749e-89 7.523835e-91 3.026362e-92 1.174835e-93 4.400287e-95 1.589673e-96 5.537731e-98 1.859632e-99 6.018216e-101 1.876414e-102 5.634876e-104 1.629333e-105 4.535030e-107 
1.173196e-16 3.642769e-16 1.110892e-15 3.327777e-15 9.793570e-15 2.831991e-14 8.047566e-14 2.247581e-13 6.170191e-13 1.665201e-12 4.418454e-12 1.152812e-11 2.957863e-11 7.464052e-11 1.852644e-10 4.523472e-10 1.086563e-09 2.567911e-09 5.971512e-09 1.366482e-08 3.077324e-08 6.820655e-08 1.487971e-07 3.195291e-07 6.754673e-07 1.405745e-06 2.880364e-06 5.811074e-06 1.154421e-05 2.258406e-05 4.351121e-05 8.256487e-05 1.543190e-04 2.841256e-04 5.153565e-04 9.209885e-04 1.621792e-03 2.814356e-03 4.813467e-03 8.114978e-03 1.348729e-02 2.210193e-02 3.571610e-02 5.692288e-02 8.948624e-02 1.387795e-01 2.123436e-01 3.205775e-01 4.775602e-01 7.019860e-01 1.018166e+00 1.457000e+00 2.056787e+00 2.863646e+00 3.931294e+00 5.319855e+00 7.093354e+00 9.315606e+00 1.204434e+01 1.532362e+01 1.917490e+01 2.358763e+01 2.851044e+01 3.384449e+01 3.944065e+01 4.510183e+01 5.059153e+01 5.564861e+01 6.000742e+01 6.342116e+01 6.568571e+01 6.666057e+01 6.628394e+01 6.457946e+01 6.165365e+01 5.768442e+01 5.290244e+01 4.756820e+01 4.194796e+01 3.629182e+01 3.081632e+01 2.569294e+01 2.104306e+01 1.693860e+01 1.340719e+01 1.044022e+01 8.002219e+00 6.040189e+00 4.491879e+00 3.292494e+00 2.379597e+00 1.696300e+00 1.192992e+00 8.279357e-01 5.670797e-01 3.833713e-01 2.558238e-01 1.685026e-01 1.095467e-01 7.028909e-02 4.450742e-02 2.780902e-02 1.714338e-02 1.042586e-02 6.254294e-03 3.700362e-03 2.159036e-03 1.242163e-03 7.046241e-04 3.940545e-04 2.172394e-04 1.180514e-04 6.323009e-05 3.337862e-05 1.736519e-05 8.902938e-06 4.497877e-06 2.239139e-06 1.098331e-06 5.308159e-07 2.527513e-07 1.185664e-07 5.479339e-08 2.494436e-08 1.118595e-08 4.940908e-09 2.149568e-09 9.210466e-10 3.886624e-10 1.615092e-10 6.608875e-11 2.662774e-11 1.056298e-11 4.125269e-12 1.585981e-12 6.001895e-13 2.235565e-13 8.195149e-14 2.956361e-14 1.049418e-14 3.665115e-15 1.259305e-15 4.256314e-16 1.414975e-16 4.626243e-17 1.487384e-17 4.701995e-18 1.461346e-18 4.464597e-19 1.340648e-19 3.956345e-20 1.147262e-20 3.268595e-21 9.148068e-22 2.514812e-22 6.789322e-23 1.799815e-23 4.684296e-24 1.196765e-24 3.000911e-25 7.384275e-26 1.782799e-26 4.222455e-27 9.808946e-28 2.234602e-28 4.991408e-29 1.092985e-29 2.345826e-30 4.933883e-31 1.016747e-31 2.052517e-32 4.058149e-33 7.856928e-34 1.489280e-34 2.763205e-35 5.017365e-36 8.914072e-37 1.549264e-37 2.633499e-38 4.377317e-39 7.113080e-40 1.129767e-40 1.753504e-41 2.658987e-42 3.938407e-43 5.696687e-44 8.044945e-45 1.108979e-45 1.491840e-46 1.958027e-47 2.506746e-48 3.129635e-49 3.809469e-50 4.519783e-51 5.225728e-52 5.886339e-53 6.458103e-54 6.899494e-55 7.175834e-56 7.263735e-57 7.154327e-58 6.854672e-59 6.387057e-60 5.786252e-61 5.095209e-62 4.359930e-63 3.624382e-64 2.926231e-65 2.293963e-66 1.745617e-67 1.289074e-68 9.235350e-70 6.417354e-71 4.323795e-72 2.823966e-73 1.787382e-74 1.096015e-75 6.509306e-77 3.743244e-78 2.083692e-79 1.122449e-80 5.849556e-82 2.948340e-83 1.436830e-84 6.768323e-86 3.080906e-87 1.354789e-88 5.753528e-90 2.359065e-91 9.336021e-93 3.565114e-94 1.313251e-95 4.665068e-97 1.597633e-98 5.273252e-100 1.677008e-101 5.137131e-103 1.515334e-104 4.303005e-106 1.175940e-107 
8.887450e-17 2.777754e-16 8.526332e-16 2.570667e-15 7.613891e-15 2.215667e-14 6.335739e-14 1.780497e-13 4.918027e-13 1.335361e-12 3.564634e-12 9.355973e-12 2.414724e-11 6.129090e-11 1.530093e-10 3.757292e-10 9.076269e-10 2.157018e-09 5.043722e-09 1.160473e-08 2.627480e-08 5.854604e-08 1.283929e-07 2.771410e-07 5.888529e-07 1.231654e-06 2.536153e-06 5.141577e-06 1.026315e-05 2.017242e-05 3.904444e-05 7.442460e-05 1.397216e-04 2.583666e-04 4.706232e-04 8.445309e-04 1.493165e-03 2.601343e-03 4.466187e-03 7.557537e-03 1.260625e-02 2.073071e-02 3.361452e-02 5.375094e-02 8.477187e-02 1.318802e-01 2.024039e-01 3.064842e-01 4.579020e-01 6.750261e-01 9.818389e-01 1.408953e+00 1.994478e+00 2.784527e+00 3.833093e+00 5.200958e+00 6.953287e+00 9.155570e+00 1.186774e+01 1.513650e+01 1.898614e+01 2.340881e+01 2.835527e+01 3.372774e+01 3.937666e+01 4.510270e+01 5.066529e+01 5.579761e+01 6.022730e+01 6.370066e+01 6.600739e+01 6.700251e+01 6.662208e+01 6.489026e+01 6.191673e+01 5.788462e+01 5.303113e+01 4.762358e+01 4.193455e+01 3.621913e+01 3.069713e+01 2.554151e+01 2.087344e+01 1.676333e+01 1.323646e+01 1.028152e+01 7.860349e+00 5.917548e+00 4.388955e+00 3.208381e+00 2.312494e+00 1.643939e+00 1.152963e+00 7.979157e-01 5.449688e-01 3.673631e-01 2.444234e-01 1.605120e-01 1.040323e-01 6.654120e-02 4.199823e-02 2.615408e-02 1.606803e-02 9.737463e-03 5.820159e-03 3.430656e-03 1.993992e-03 1.142686e-03 6.455732e-04 3.595337e-04 1.973668e-04 1.067865e-04 5.694268e-05 2.992345e-05 1.549577e-05 7.907154e-06 3.975678e-06 1.969547e-06 9.613153e-07 4.622648e-07 2.189889e-07 1.021976e-07 4.698150e-08 2.127455e-08 9.488998e-09 4.168550e-09 1.803563e-09 7.684853e-10 3.224574e-10 1.332341e-10 5.420465e-11 2.171236e-11 8.562409e-12 3.324081e-12 1.270282e-12 4.778009e-13 1.768787e-13 6.443883e-14 2.310065e-14 8.148250e-15 2.827649e-15 9.653037e-16 3.241413e-16 1.070508e-16 3.476824e-17 1.110357e-17 3.486413e-18 1.076165e-18 3.265191e-19 9.736728e-20 2.853220e-20 8.215188e-21 2.323808e-21 6.456878e-22 1.762068e-22 4.722120e-23 1.242513e-23 3.209583e-24 8.137903e-25 2.024996e-25 4.944403e-26 1.184433e-26 2.783181e-27 6.414067e-28 1.449479e-28 3.211445e-29 6.974648e-30 1.484564e-30 3.096353e-31 6.326983e-32 1.266355e-32 2.482239e-33 4.764061e-34 8.950989e-35 1.646032e-35 2.962045e-36 5.214857e-37 8.980507e-38 1.512433e-38 2.490441e-39 4.008744e-40 6.306352e-41 9.693730e-42 1.455628e-42 2.134810e-43 3.057169e-44 4.273973e-45 5.831713e-46 7.764462e-47 1.008498e-47 1.277570e-48 1.578104e-49 1.900304e-50 2.230187e-51 2.550252e-52 2.840802e-53 3.081813e-54 3.255137e-55 3.346723e-56 3.348470e-57 3.259397e-58 3.085881e-59 2.840918e-60 2.542501e-61 2.211420e-62 1.868844e-63 1.534086e-64 1.222880e-65 9.463613e-67 7.108047e-68 5.180173e-69 3.662002e-70 2.510455e-71 1.668493e-72 1.074762e-73 6.708004e-75 4.055502e-76 2.374338e-77 1.345745e-78 7.382108e-80 3.918057e-81 2.011445e-82 9.985426e-84 4.792035e-85 2.222500e-86 9.958753e-88 4.310051e-89 1.801137e-90 7.265584e-92 2.828303e-93 1.062148e-94 3.846978e-96 1.343390e-97 4.521728e-99 1.466555e-100 4.582008e-102 1.378635e-103 3.993473e-105 1.113353e-106 2.986541e-108 
6.701477e-17 2.108568e-16 6.515216e-16 1.977232e-15 5.894353e-15 1.726332e-14 4.967987e-14 1.404949e-13 3.904984e-13 1.066863e-12 2.865366e-12 7.566269e-12 1.964540e-11 5.016058e-11 1.259593e-10 3.111037e-10 7.558364e-10 1.806492e-09 4.247826e-09 9.827768e-09 2.237352e-08 5.012304e-08 1.105084e-07 2.397940e-07 5.121483e-07 1.076704e-06 2.228271e-06 4.539825e-06 9.106216e-06 1.798428e-05 3.497312e-05 6.697188e-05 1.262990e-04 2.345802e-04 4.291448e-04 7.733528e-04 1.372955e-03 2.401521e-03 4.139227e-03 7.030870e-03 1.177102e-02 1.942652e-02 3.160931e-02 5.071511e-02 8.024620e-02 1.252377e-01 1.928064e-01 2.928371e-01 4.388122e-01 6.487716e-01 9.463628e-01 1.361899e+00 1.933286e+00 2.706612e+00 3.736124e+00 5.083249e+00 6.814280e+00 8.996396e+00 1.169178e+01 1.494981e+01 1.879774e+01 2.323053e+01 2.820120e+01 3.361313e+01 3.931640e+01 4.510942e+01 5.074743e+01 5.595775e+01 6.046104e+01 6.399635e+01 6.634696e+01 6.736316e+01 6.697875e+01 6.521846e+01 6.219526e+01 5.809778e+01 5.317001e+01 4.768647e+01 4.192623e+01 3.614959e+01 3.057970e+01 2.539096e+01 2.070426e+01 1.658838e+01 1.306616e+01 1.012345e+01 7.719302e+00 5.795895e+00 4.287114e+00 3.125370e+00 2.246451e+00 1.592547e+00 1.113785e+00 7.686161e-01 5.234492e-01 3.518270e-01 2.333904e-01 1.528010e-01 9.872635e-02 6.294558e-02 3.959824e-02 2.457606e-02 1.504593e-02 9.085318e-03 5.410286e-03 3.176922e-03 1.839288e-03 1.049793e-03 5.906449e-04 3.275519e-04 1.790318e-04 9.643743e-05 5.119159e-05 2.677711e-05 1.380123e-05 7.008737e-06 3.506786e-06 1.728651e-06 8.394900e-07 4.016204e-07 1.892735e-07 8.786567e-08 4.017772e-08 1.809541e-08 8.026905e-09 3.506737e-09 1.508729e-09 6.392176e-10 2.666801e-10 1.095496e-10 4.430797e-11 1.764309e-11 6.916058e-12 2.668715e-12 1.013612e-12 3.789067e-13 1.393951e-13 5.046375e-14 1.797583e-14 6.299912e-15 2.172071e-15 7.366538e-16 2.457295e-16 8.061366e-17 2.600573e-17 8.248764e-18 2.572270e-18 7.884961e-19 2.375656e-19 7.034175e-20 2.046592e-20 5.850321e-21 1.642853e-21 4.531343e-22 1.227446e-22 3.264834e-23 8.525857e-24 2.185581e-24 5.498951e-25 1.357713e-25 3.289132e-26 7.816783e-27 1.822114e-27 4.165334e-28 9.336316e-29 2.051523e-29 4.418497e-30 9.325912e-31 1.928620e-31 3.907141e-32 7.752583e-33 1.506347e-33 2.865564e-34 5.336001e-35 9.724234e-36 1.733965e-36 3.024696e-37 5.160468e-38 8.609360e-39 1.404218e-39 2.238653e-40 3.487649e-41 5.308558e-42 7.892629e-43 1.145962e-43 1.624513e-44 2.247921e-45 3.035586e-46 3.999504e-47 5.140067e-48 6.442090e-49 7.871823e-50 9.375807e-51 1.088229e-51 1.230558e-52 1.355333e-53 1.453593e-54 1.517685e-55 1.542239e-56 1.524898e-57 1.466682e-58 1.371903e-59 1.247639e-60 1.102852e-61 9.473088e-63 7.904884e-64 6.406359e-65 5.041044e-66 3.850383e-67 2.853921e-68 2.052173e-69 1.431194e-70 9.677751e-72 6.343353e-73 4.029107e-74 2.479253e-75 1.477510e-76 8.525374e-78 4.761506e-79 2.573342e-80 1.345386e-81 6.802459e-83 3.325276e-84 1.571103e-85 7.172485e-87 3.162964e-88 1.346947e-89 5.537449e-91 2.197067e-92 8.410514e-94 3.105404e-95 1.105608e-96 3.794393e-98 1.254910e-99 3.998364e-101 1.226939e-102 3.624974e-104 1.030859e-105 2.820836e-107 7.425260e-109 
5.029206e-17 1.593172e-16 4.955894e-16 1.514053e-15 4.543413e-15 1.339385e-14 3.879439e-14 1.104153e-13 3.088448e-13 8.490931e-13 2.294693e-12 6.096728e-12 1.592645e-11 4.091063e-11 1.033455e-10 2.567595e-10 6.274526e-10 1.508317e-09 3.566956e-09 8.299106e-09 1.899881e-08 4.279719e-08 9.486981e-08 2.069639e-07 4.443686e-07 9.390792e-07 1.953433e-06 3.999996e-06 8.063289e-06 1.600237e-05 3.126830e-05 6.015914e-05 1.139744e-04 2.126450e-04 3.907335e-04 7.071682e-04 1.260735e-03 2.214264e-03 3.831688e-03 6.533710e-03 1.097985e-02 1.818700e-02 2.969733e-02 4.781133e-02 7.590414e-02 1.188456e-01 1.835435e-01 2.796277e-01 4.202816e-01 6.232132e-01 9.117287e-01 1.315830e+00 1.873205e+00 2.629896e+00 3.640383e+00 4.966718e+00 6.676317e+00 8.838055e+00 1.151639e+01 1.476347e+01 1.860959e+01 2.305266e+01 2.804807e+01 3.350050e+01 3.925972e+01 4.512189e+01 5.083795e+01 5.612913e+01 6.070882e+01 6.430855e+01 6.670481e+01 6.774293e+01 6.735435e+01 6.556441e+01 6.248952e+01 5.832405e+01 5.331917e+01 4.775683e+01 4.192292e+01 3.608307e+01 3.046387e+01 2.524114e+01 2.053539e+01 1.641367e+01 1.289622e+01 9.965949e+00 7.579058e+00 5.675219e+00 4.186348e+00 3.043457e+00 2.181461e+00 1.542119e+00 1.075451e+00 7.400290e-01 5.025128e-01 3.367551e-01 2.227179e-01 1.453635e-01 9.362359e-02 5.949802e-02 3.730413e-02 2.307242e-02 1.407518e-02 8.468015e-03 5.023661e-03 2.938442e-03 1.694426e-03 9.631442e-04 5.396130e-04 2.979605e-04 1.621388e-04 8.694362e-05 4.593927e-05 2.391675e-05 1.226790e-05 6.199658e-06 3.086571e-06 1.513833e-06 7.314000e-07 3.480891e-07 1.631800e-07 7.534721e-08 3.426673e-08 1.534845e-08 6.770540e-09 2.941223e-09 1.258219e-09 5.300118e-10 2.198320e-10 8.977314e-11 3.609316e-11 1.428557e-11 5.565883e-12 2.134532e-12 8.056935e-13 2.992960e-13 1.094106e-13 3.935566e-14 1.392852e-14 4.849663e-15 1.661057e-15 5.596026e-16 1.854178e-16 6.041612e-17 1.935687e-17 6.097448e-18 1.888168e-18 5.747240e-19 1.719294e-19 5.054253e-20 1.459898e-20 4.142749e-21 1.154768e-21 3.161401e-22 8.499247e-23 2.243537e-23 5.813966e-24 1.478875e-24 3.691833e-25 9.043464e-26 2.173398e-26 5.123694e-27 1.184660e-27 2.685939e-28 5.970557e-29 1.300987e-29 2.778383e-30 5.814244e-31 1.192053e-31 2.393963e-32 4.708425e-33 9.067477e-34 1.709481e-34 3.154445e-35 5.696062e-36 1.006308e-36 1.739008e-37 2.938976e-38 4.856484e-39 7.844881e-40 1.238497e-40 1.910524e-41 2.879137e-42 4.237672e-43 6.090444e-44 8.545306e-45 1.170207e-45 1.563698e-46 2.038428e-47 2.591712e-48 3.213086e-49 3.883261e-50 4.574075e-51 5.249703e-52 5.869250e-53 6.390543e-54 6.774696e-55 6.990815e-56 7.020041e-57 6.858238e-58 6.516775e-59 6.021236e-60 5.408239e-61 4.720927e-62 4.003897e-63 3.298411e-64 2.638605e-65 2.049145e-66 1.544469e-67 1.129467e-68 8.011879e-70 5.511113e-71 3.675070e-72 2.375145e-73 1.487266e-74 9.020624e-76 5.297963e-77 3.012173e-78 1.657385e-79 8.822925e-81 4.542767e-82 2.261618e-83 1.088382e-84 5.061482e-86 2.273946e-87 9.866415e-89 4.133197e-90 1.671209e-91 6.520239e-93 2.453885e-94 8.905799e-96 3.115940e-97 1.050685e-98 3.413444e-100 1.068119e-101 3.218267e-103 9.334057e-105 2.605160e-106 6.994937e-108 1.806296e-109 
3.755869e-17 1.198027e-16 3.752241e-16 1.154108e-15 3.486549e-15 1.034664e-14 3.016586e-14 8.641734e-14 2.432818e-13 6.731227e-13 1.830651e-12 4.894319e-12 1.286475e-11 3.324890e-11 8.450135e-11 2.112037e-10 5.191946e-10 1.255416e-09 2.986135e-09 6.987639e-09 1.608730e-08 3.644174e-08 8.122847e-08 1.781720e-07 3.846100e-07 8.171067e-07 1.708600e-06 3.516669e-06 7.124892e-06 1.421043e-05 2.790266e-05 5.394131e-05 1.026750e-04 1.924454e-04 3.552092e-04 6.457021e-04 1.156093e-03 2.038967e-03 3.542699e-03 6.064822e-03 1.023103e-02 1.700981e-02 2.787551e-02 4.503560e-02 7.174064e-02 1.126977e-01 1.746080e-01 2.668477e-01 4.023011e-01 5.983416e-01 8.779276e-01 1.270739e+00 1.814228e+00 2.554373e+00 3.545866e+00 4.851359e+00 6.539384e+00 8.680519e+00 1.134153e+01 1.457742e+01 1.842159e+01 2.287506e+01 2.789572e+01 3.338969e+01 3.920649e+01 4.514002e+01 5.093682e+01 5.631183e+01 6.097086e+01 6.463754e+01 6.708130e+01 6.814224e+01 6.774931e+01 6.592848e+01 6.279978e+01 5.856362e+01 5.347865e+01 4.783463e+01 4.192451e+01 3.601944e+01 3.034950e+01 2.509191e+01 2.036671e+01 1.623911e+01 1.272658e+01 9.808991e+00 7.439594e+00 5.555507e+00 4.086652e+00 2.962639e+00 2.117522e+00 1.492648e+00 1.037953e+00 7.121466e-01 4.821515e-01 3.221396e-01 2.123986e-01 1.381934e-01 8.871891e-02 5.619437e-02 3.511264e-02 2.164066e-02 1.315390e-02 7.884181e-03 4.659298e-03 2.714520e-03 1.558925e-03 8.824141e-04 4.922600e-04 2.706174e-04 1.465967e-04 7.824762e-05 4.115018e-05 2.132079e-05 1.088291e-05 5.472410e-06 2.710729e-06 1.322667e-06 6.357055e-07 3.009442e-07 1.403215e-07 6.443972e-08 2.914453e-08 1.298125e-08 5.693930e-09 2.459371e-09 1.045998e-09 4.380353e-10 1.806072e-10 7.331337e-11 2.929720e-11 1.152485e-11 4.462524e-12 1.700710e-12 6.378975e-13 2.354550e-13 8.551941e-14 3.056211e-14 1.074544e-14 3.716604e-15 1.264465e-15 4.231179e-16 1.392402e-16 4.505769e-17 1.433592e-17 4.484195e-18 1.378776e-18 4.166774e-19 1.237510e-19 3.611469e-20 1.035494e-20 2.916630e-21 8.069087e-22 2.192377e-22 5.849119e-23 1.532096e-23 3.939449e-24 9.941965e-25 2.462224e-25 5.983175e-26 1.426309e-26 3.335036e-27 7.647497e-28 1.719471e-28 3.790101e-29 8.188603e-30 1.733777e-30 3.596842e-31 7.309926e-32 1.455076e-32 2.836325e-33 5.413017e-34 1.011230e-34 1.848845e-35 3.307525e-36 5.788532e-37 9.908456e-38 1.658533e-38 2.714128e-39 4.341410e-40 6.786260e-41 1.036415e-41 1.546119e-42 2.252478e-43 3.203960e-44 4.448591e-45 6.027893e-46 7.969183e-47 1.027695e-47 1.292445e-48 1.584720e-49 1.893997e-50 2.205895e-51 2.503001e-52 2.766297e-53 2.977064e-54 3.119019e-55 3.180361e-56 3.155372e-57 3.045278e-58 2.858187e-59 2.608114e-60 2.313227e-61 1.993649e-62 1.669168e-63 1.357231e-64 1.071495e-65 8.210868e-67 6.105617e-68 4.404433e-69 3.081400e-70 2.090165e-71 1.374244e-72 8.755350e-74 5.403618e-75 3.229770e-76 1.868996e-77 1.046810e-78 5.673139e-80 2.974040e-81 1.507683e-82 7.388980e-84 3.499782e-85 1.601585e-86 7.079162e-88 3.021386e-89 1.244780e-90 4.948922e-92 1.898142e-93 7.021279e-95 2.504041e-96 8.607424e-98 2.850885e-99 9.095556e-101 2.794412e-102 8.264783e-104 2.352453e-105 6.442097e-107 1.696756e-108 4.297005e-110 
2.790924e-17 8.964899e-17 2.827363e-16 8.756308e-16 2.663336e-15 7.957138e-15 2.335459e-14 6.734859e-14 1.908448e-13 5.314719e-13 1.454718e-12 3.914038e-12 1.035298e-11 2.692433e-11 6.885037e-11 1.731374e-10 4.281911e-10 1.041560e-09 2.492104e-09 5.865667e-09 1.358221e-08 3.094256e-08 6.935919e-08 1.529826e-07 3.320455e-07 7.092458e-07 1.490957e-06 3.084806e-06 6.282174e-06 1.259322e-05 2.485044e-05 4.827574e-05 9.233150e-05 1.738711e-04 3.223994e-04 5.886902e-04 1.058631e-03 1.875044e-03 3.271412e-03 5.623008e-03 9.522893e-03 1.589269e-02 2.614082e-02 4.238400e-02 6.775073e-02 1.067879e-01 1.659926e-01 2.544888e-01 3.848617e-01 5.741476e-01 8.449507e-01 1.226619e+00 1.756351e+00 2.480041e+00 3.452567e+00 4.737167e+00 6.403470e+00 8.523764e+00 1.116716e+01 1.439157e+01 1.823363e+01 2.269758e+01 2.774399e+01 3.328053e+01 3.915655e+01 4.516371e+01 5.104403e+01 5.650593e+01 6.124734e+01 6.498365e+01 6.747683e+01 6.856153e+01 6.816406e+01 6.631104e+01 6.312632e+01 5.881666e+01 5.364852e+01 4.791983e+01 4.193089e+01 3.595853e+01 3.023641e+01 2.494311e+01 2.019811e+01 1.606459e+01 1.255717e+01 9.652535e+00 7.300891e+00 5.436751e+00 3.988023e+00 2.882912e+00 2.054630e+00 1.444128e+00 1.001284e+00 6.849609e-01 4.623571e-01 3.079727e-01 2.024255e-01 1.312844e-01 8.400721e-02 5.303053e-02 3.302057e-02 2.027832e-02 1.228026e-02 7.332478e-03 4.316237e-03 2.504482e-03 1.432320e-03 8.072878e-04 4.483771e-04 2.453865e-04 1.323182e-04 7.029483e-05 3.679070e-05 1.896892e-05 9.634247e-06 4.819989e-06 2.375260e-06 1.152915e-06 5.511748e-07 2.595206e-07 1.203454e-07 5.495995e-08 2.471755e-08 1.094685e-08 4.773966e-09 2.050008e-09 8.667565e-10 3.608123e-10 1.478715e-10 5.965968e-11 2.369431e-11 9.262862e-12 3.564138e-12 1.349709e-12 5.030014e-13 1.844618e-13 6.656039e-14 2.362975e-14 8.252712e-15 2.835224e-15 9.580502e-16 3.183868e-16 1.040499e-16 3.343499e-17 1.056292e-17 3.280498e-18 1.001421e-18 3.004423e-19 8.857639e-20 2.565849e-20 7.302009e-21 2.041234e-21 5.604299e-22 1.511006e-22 4.000033e-23 1.039558e-23 2.651891e-24 6.639212e-25 1.631032e-25 3.931184e-26 9.294531e-27 2.155272e-27 4.900869e-28 1.092610e-28 2.387818e-29 5.114505e-30 1.073478e-30 2.207443e-31 4.446426e-32 8.771519e-33 1.694325e-33 3.203994e-34 5.930252e-35 1.074122e-35 1.903462e-36 3.299553e-37 5.593650e-38 9.271980e-39 1.502427e-39 2.379379e-40 3.682032e-41 5.566326e-42 8.218813e-43 1.184978e-43 1.667908e-44 2.291362e-45 3.071660e-46 4.017053e-47 5.123808e-48 6.372706e-49 7.726712e-50 9.130579e-51 1.051300e-51 1.179154e-52 1.288014e-53 1.369826e-54 1.418055e-55 1.428537e-56 1.400059e-57 1.334577e-58 1.236994e-59 1.114556e-60 9.759552e-62 8.302964e-63 6.861089e-64 5.505414e-65 4.288482e-66 3.241998e-67 2.377911e-68 1.691724e-69 1.167054e-70 7.804702e-72 5.058253e-73 3.176131e-74 1.931630e-75 1.137497e-76 6.484116e-78 3.576822e-79 1.908805e-80 9.851784e-82 4.916182e-83 2.371215e-84 1.105131e-85 4.975376e-87 2.163098e-88 9.078907e-90 3.677614e-91 1.437283e-92 5.417883e-94 1.969228e-95 6.899356e-97 2.329351e-98 7.576037e-100 2.372998e-101 7.155958e-103 2.076923e-104 5.799927e-106 1.557907e-107 4.023874e-109 9.990774e-111 
2.063263e-17 6.674861e-17 2.120018e-16 6.611672e-16 2.024976e-15 6.091523e-15 1.800064e-14 5.225917e-14 1.490749e-13 4.178941e-13 1.151327e-12 3.117814e-12 8.299802e-12 2.172181e-11 5.589562e-11 1.414341e-10 3.519360e-10 8.612792e-10 2.073147e-09 4.908580e-09 1.143281e-08 2.619704e-08 5.905846e-08 1.309997e-07 2.859191e-07 6.140816e-07 1.297908e-06 2.699731e-06 5.526880e-06 1.113644e-05 2.208740e-05 4.312209e-05 8.287801e-05 1.568166e-04 2.921390e-04 5.358787e-04 9.679678e-04 1.721929e-03 3.017007e-03 5.207099e-03 8.853814e-03 1.483342e-02 2.449030e-02 3.985267e-02 6.392948e-02 1.011102e-01 1.576901e-01 2.425427e-01 3.679544e-01 5.506218e-01 8.127891e-01 1.183460e+00 1.699567e+00 2.406895e+00 3.360486e+00 4.624136e+00 6.268562e+00 8.367765e+00 1.099324e+01 1.420584e+01 1.804560e+01 2.252009e+01 2.759271e+01 3.317282e+01 3.910974e+01 4.519285e+01 5.115956e+01 5.671153e+01 6.153849e+01 6.534720e+01 6.789183e+01 6.900126e+01 6.859904e+01 6.671249e+01 6.346945e+01 5.908334e+01 5.382884e+01 4.801239e+01 4.194194e+01 3.590019e+01 3.012443e+01 2.479458e+01 2.002944e+01 1.589002e+01 1.238793e+01 9.496545e+00 7.162929e+00 5.318943e+00 3.890455e+00 2.804273e+00 1.992779e+00 1.396556e+00 9.654385e-01 6.584640e-01 4.431215e-01 2.942466e-01 1.927917e-01 1.246306e-01 7.948348e-02 5.000247e-02 3.102476e-02 1.898301e-02 1.145246e-02 6.811601e-03 3.993546e-03 2.307675e-03 1.314163e-03 7.374626e-04 4.077638e-04 2.221376e-04 1.192206e-04 6.303344e-05 3.282908e-05 1.684205e-05 8.510627e-06 4.235871e-06 2.076458e-06 1.002510e-06 4.766775e-07 2.232117e-07 1.029322e-07 4.674249e-08 2.090177e-08 9.203395e-09 3.990143e-09 1.703276e-09 7.158418e-10 2.961846e-10 1.206418e-10 4.837240e-11 1.909130e-11 7.416231e-12 2.835376e-12 1.066808e-12 3.949819e-13 1.438959e-13 5.157785e-14 1.818795e-14 6.309144e-15 2.152691e-15 7.223953e-16 2.383995e-16 7.736184e-17 2.468265e-17 7.741963e-18 2.387008e-18 7.233494e-19 2.154169e-19 6.303675e-20 1.812314e-20 5.118472e-21 1.419891e-21 3.868267e-22 1.034813e-22 2.717866e-23 7.007275e-24 1.773204e-24 4.403406e-25 1.072926e-25 2.564670e-26 6.013145e-27 1.382633e-27 3.117257e-28 6.890060e-29 1.492728e-29 3.169331e-30 6.593314e-31 1.343718e-31 2.682248e-32 5.243150e-33 1.003469e-33 1.879957e-34 3.446967e-35 6.184200e-36 1.085420e-36 1.863327e-37 3.127996e-38 5.133764e-39 8.235774e-40 1.291150e-40 1.977681e-41 2.959007e-42 4.323620e-43 6.168242e-44 8.589876e-45 1.167408e-45 1.547980e-46 2.002221e-47 2.525559e-48 3.105962e-49 3.723239e-50 4.349349e-51 4.949909e-52 5.486939e-53 5.922596e-54 6.223456e-55 6.364670e-56 6.333319e-57 6.130327e-58 5.770550e-59 5.280996e-60 4.697453e-61 4.060120e-62 3.408995e-63 2.779747e-64 2.200670e-65 1.691041e-66 1.260901e-67 9.120365e-69 6.397711e-70 4.351046e-71 2.868101e-72 1.831898e-73 1.133412e-74 6.790891e-76 3.939044e-77 2.211321e-78 1.201104e-79 6.310272e-81 3.205710e-82 1.574269e-83 7.471038e-85 3.425305e-86 1.516708e-87 6.484214e-89 2.675670e-90 1.065356e-91 4.091770e-93 1.515474e-94 5.410940e-96 1.861875e-97 6.172309e-99 1.970745e-100 6.058490e-102 1.792733e-103 5.104461e-105 1.398083e-106 3.682401e-108 9.324168e-110 2.269010e-111 
1.517296e-17 4.944230e-17 1.581639e-16 4.967766e-16 1.532225e-15 4.641441e-15 1.381053e-14 4.036934e-14 1.159396e-13 3.271924e-13 9.074375e-13 2.473552e-12 6.627698e-12 1.745768e-11 4.521005e-11 1.151196e-10 2.882488e-10 7.097854e-10 1.718949e-09 4.094569e-09 9.593885e-09 2.211321e-08 5.014274e-08 1.118641e-07 2.455415e-07 5.303169e-07 1.127058e-06 2.357112e-06 4.851324e-06 9.826738e-06 1.959074e-05 3.844226e-05 7.425215e-05 1.411818e-04 2.642702e-04 4.870238e-04 8.837337e-04 1.579075e-03 2.778688e-03 4.815962e-03 8.222208e-03 1.382984e-02 2.292105e-02 3.743780e-02 6.027207e-02 9.565853e-02 1.496932e-01 2.310011e-01 3.515700e-01 5.277549e-01 7.814338e-01 1.141256e+00 1.643870e+00 2.334931e+00 3.269618e+00 4.512263e+00 6.134652e+00 8.212500e+00 1.081971e+01 1.402018e+01 1.785739e+01 2.234243e+01 2.744170e+01 3.306640e+01 3.906588e+01 4.522731e+01 5.128336e+01 5.692870e+01 6.184452e+01 6.572852e+01 6.832670e+01 6.946189e+01 6.905473e+01 6.713322e+01 6.382946e+01 5.936384e+01 5.401966e+01 4.811226e+01 4.195753e+01 3.584425e+01 3.001340e+01 2.464618e+01 1.986059e+01 1.571532e+01 1.221881e+01 9.340984e+00 7.025691e+00 5.202076e+00 3.793948e+00 2.726721e+00 1.931968e+00 1.349924e+00 9.304080e-01 6.326479e-01 4.244365e-01 2.809536e-01 1.834901e-01 1.182259e-01 7.514275e-02 4.710620e-02 2.912211e-02 1.775237e-02 1.066878e-02 6.320280e-03 3.690320e-03 2.123467e-03 1.204020e-03 6.726468e-04 3.702278e-04 2.007464e-04 1.072250e-04 5.641438e-05 2.923536e-05 1.492222e-05 7.501516e-06 3.713985e-06 1.810893e-06 8.695488e-07 4.111784e-07 1.914647e-07 8.779205e-08 3.963835e-08 1.762197e-08 7.713574e-09 3.324310e-09 1.410500e-09 5.891831e-10 2.422765e-10 9.806924e-11 3.907419e-11 1.532344e-11 5.914305e-12 2.246479e-12 8.396935e-13 3.088346e-13 1.117591e-13 3.978827e-14 1.393492e-14 4.800555e-15 1.626576e-15 5.420137e-16 1.776047e-16 5.722166e-17 1.812511e-17 5.643722e-18 1.727286e-18 5.195462e-19 1.535646e-19 4.459743e-20 1.272398e-20 3.565927e-21 9.815172e-22 2.653005e-22 7.040930e-23 1.834466e-23 4.691494e-24 1.177518e-24 2.900083e-25 7.007611e-26 1.661021e-26 3.861476e-27 8.803001e-28 1.967580e-28 4.311038e-29 9.257662e-30 1.948103e-30 4.016368e-31 8.111186e-32 1.604286e-32 3.107007e-33 5.890876e-34 1.093223e-34 1.985368e-35 3.527671e-36 6.131401e-37 1.042233e-37 1.732253e-38 2.814527e-39 4.469436e-40 6.935173e-41 1.051290e-41 1.556503e-42 2.250301e-43 3.176104e-44 4.375328e-45 5.881471e-46 7.712895e-47 9.865077e-48 1.230353e-48 1.495885e-49 1.772551e-50 2.046551e-51 2.301761e-52 2.521163e-53 2.688644e-54 2.790902e-55 2.819172e-56 2.770445e-57 2.647972e-58 2.460916e-59 2.223220e-60 1.951877e-61 1.664899e-62 1.379332e-63 1.109621e-64 8.665314e-66 6.567124e-67 4.828634e-68 3.443562e-69 2.381230e-70 1.596171e-71 1.036850e-72 6.525060e-74 3.977017e-75 2.346966e-76 1.340615e-77 7.410022e-79 3.962083e-80 2.048735e-81 1.024178e-82 4.948349e-84 2.309984e-85 1.041571e-86 4.534898e-88 1.905948e-89 7.730118e-91 3.024536e-92 1.141286e-93 4.152018e-95 1.455854e-96 4.918528e-98 1.600576e-99 5.015404e-101 1.512825e-102 4.391258e-104 1.226229e-105 3.293067e-107 8.502393e-109 2.109881e-110 5.030552e-112 
1.109771e-17 3.642956e-17 1.173884e-16 3.713744e-16 1.153658e-15 3.519507e-15 1.054592e-14 3.104148e-14 8.976561e-14 2.550587e-13 7.121699e-13 1.954290e-12 5.271121e-12 1.397559e-11 3.642780e-11 9.335384e-11 2.352374e-10 5.828972e-10 1.420444e-09 3.404357e-09 8.025213e-09 1.860877e-08 4.244691e-08 9.525072e-08 2.102854e-07 4.567644e-07 9.762041e-07 2.052941e-06 4.248361e-06 8.651614e-06 1.733907e-05 3.420031e-05 6.639479e-05 1.268714e-04 2.386422e-04 4.418921e-04 8.055742e-04 1.445954e-03 2.555684e-03 4.448494e-03 7.626531e-03 1.287982e-02 2.143022e-02 3.513567e-02 5.677372e-02 9.042700e-02 1.419949e-01 2.198558e-01 3.356996e-01 5.055375e-01 7.508760e-01 1.100000e+00 1.589255e+00 2.264146e+00 3.179963e+00 4.401546e+00 6.001732e+00 8.057948e+00 1.064653e+01 1.383449e+01 1.766889e+01 2.216445e+01 2.729077e+01 3.296105e+01 3.902481e+01 4.526698e+01 5.141541e+01 5.715753e+01 6.216563e+01 6.612796e+01 6.878190e+01 6.994392e+01 6.953159e+01 6.757366e+01 6.420667e+01 5.965835e+01 5.422103e+01 4.821937e+01 4.197752e+01 3.579052e+01 2.990312e+01 2.449772e+01 1.969141e+01 1.554038e+01 1.204974e+01 9.185820e+00 6.889162e+00 5.086144e+00 3.698499e+00 2.650254e+00 1.872192e+00 1.304228e+00 8.961858e-01 6.075046e-01 4.062940e-01 2.680858e-01 1.745137e-01 1.120645e-01 7.098011e-02 4.433782e-02 2.730958e-02 1.658410e-02 9.927489e-03 5.857277e-03 3.405679e-03 1.951244e-03 1.101472e-03 6.125602e-04 3.355850e-04 1.810943e-04 9.625635e-05 5.039116e-05 2.598128e-05 1.319263e-05 6.597081e-06 3.248693e-06 1.575394e-06 7.522837e-07 3.537314e-07 1.637770e-07 7.466321e-08 3.351362e-08 1.481093e-08 6.444272e-09 2.760445e-09 1.164071e-09 4.832314e-10 1.974626e-10 7.942287e-11 3.144218e-11 1.225067e-11 4.697417e-12 1.772477e-12 6.581023e-13 2.404163e-13 8.640873e-14 3.055187e-14 1.062592e-14 3.634994e-15 1.222947e-15 4.046091e-16 1.316262e-16 4.209997e-17 1.323748e-17 4.091324e-18 1.242813e-18 3.710039e-19 1.088247e-19 3.136152e-20 8.878303e-21 2.468693e-21 6.741373e-22 1.807639e-22 4.758765e-23 1.229791e-23 3.119294e-24 7.764299e-25 1.896270e-25 4.543388e-26 1.067750e-26 2.460915e-27 5.561429e-28 1.232150e-28 2.675784e-29 5.694699e-30 1.187526e-30 2.425981e-31 4.854242e-32 9.511785e-33 1.824839e-33 3.427073e-34 6.298996e-35 1.132870e-35 1.993245e-36 3.430221e-37 5.772616e-38 9.497719e-39 1.527453e-39 2.400620e-40 3.686286e-41 5.529265e-42 8.099529e-43 1.158421e-43 1.617283e-44 2.203520e-45 2.929249e-46 3.798388e-47 4.803316e-48 5.922095e-49 7.116961e-50 8.334711e-51 9.509414e-52 1.056754e-52 1.143509e-53 1.204587e-54 1.234970e-55 1.231913e-56 1.195346e-57 1.127927e-58 1.034726e-59 9.225886e-61 7.993014e-62 6.726867e-63 5.497867e-64 4.362477e-65 3.359753e-66 2.510691e-67 1.819983e-68 1.279395e-69 8.719251e-71 5.759240e-72 3.685831e-73 2.284873e-74 1.371566e-75 7.970222e-77 4.482221e-78 2.438681e-79 1.283289e-80 6.529355e-82 3.211148e-83 1.526026e-84 7.005548e-86 3.105755e-87 1.329239e-88 5.490544e-90 2.188111e-91 8.410653e-93 3.117174e-94 1.113596e-95 3.833479e-97 1.271222e-98 4.059536e-100 1.248019e-101 3.692488e-103 1.051074e-104 2.877579e-106 7.574675e-108 1.916491e-109 4.659285e-111 1.088090e-112 
8.071954e-18 2.669591e-17 8.666251e-17 2.761871e-16 8.642199e-16 2.655552e-15 8.014091e-15 2.375633e-14 6.918074e-14 1.979358e-13 5.564776e-13 1.537460e-12 4.174836e-12 1.114292e-11 2.923647e-11 7.541502e-11 1.912652e-10 4.769751e-10 1.169692e-09 2.820954e-09 6.691134e-09 1.561031e-08 3.582275e-08 8.086623e-08 1.795812e-07 3.923400e-07 8.433240e-07 1.783519e-06 3.711358e-06 7.599418e-06 1.531232e-05 3.036240e-05 5.924997e-05 1.137946e-04 2.151112e-04 4.002597e-04 7.331481e-04 1.322057e-03 2.347250e-03 4.103627e-03 7.065279e-03 1.198129e-02 2.001503e-02 3.294260e-02 5.342972e-02 8.540973e-02 1.345881e-01 2.090986e-01 3.203340e-01 4.839602e-01 7.211067e-01 1.059682e+00 1.535716e+00 2.194538e+00 3.091519e+00 4.291984e+00 5.869794e+00 7.904089e+00 1.047366e+01 1.364871e+01 1.747998e+01 2.198601e+01 2.713974e+01 3.285658e+01 3.898631e+01 4.531170e+01 5.155564e+01 5.739809e+01 6.250204e+01 6.654585e+01 6.925787e+01 7.044786e+01 7.003012e+01 6.803424e+01 6.460138e+01 5.996703e+01 5.443300e+01 4.833365e+01 4.200176e+01 3.573883e+01 2.979340e+01 2.434905e+01 1.952177e+01 1.536512e+01 1.188065e+01 9.031019e+00 6.753328e+00 4.971142e+00 3.604107e+00 2.574870e+00 1.813449e+00 1.259462e+00 8.627650e-01 5.830262e-01 3.886856e-01 2.556356e-01 1.658555e-01 1.061403e-01 6.699070e-02 4.169346e-02 2.558419e-02 1.547594e-02 9.226931e-03 5.421388e-03 3.138771e-03 1.790415e-03 1.006116e-03 5.569334e-04 3.036591e-04 1.630680e-04 8.624347e-05 4.491986e-05 2.304028e-05 1.163749e-05 5.788154e-06 2.834768e-06 1.367038e-06 6.491105e-07 3.034732e-07 1.396930e-07 6.330955e-08 2.824826e-08 1.240875e-08 5.366151e-09 2.284442e-09 9.573301e-10 3.949010e-10 1.603388e-10 6.407525e-11 2.520106e-11 9.754339e-12 3.715351e-12 1.392499e-12 5.135139e-13 1.863109e-13 6.649949e-14 2.334833e-14 8.063298e-15 2.738727e-15 9.147921e-16 3.004625e-16 9.703031e-17 3.080542e-17 9.613934e-18 2.949032e-18 8.890186e-19 2.633553e-19 7.665111e-20 2.191714e-20 6.155747e-21 1.698047e-21 4.599709e-22 1.223377e-22 3.194302e-23 8.186764e-24 2.059220e-24 5.082525e-25 1.230760e-25 2.923568e-26 6.811258e-27 1.556117e-27 3.485644e-28 7.653742e-29 1.647164e-29 3.473711e-30 7.177350e-31 1.452669e-31 2.879513e-32 5.589040e-33 1.062028e-33 1.975281e-34 3.595245e-35 6.402446e-36 1.115298e-36 1.900083e-37 3.165179e-38 5.154355e-39 8.203626e-40 1.275842e-40 1.938432e-41 2.876526e-42 4.168221e-43 5.896542e-44 8.141541e-45 1.096922e-45 1.441785e-46 1.848317e-47 2.310453e-48 2.815502e-49 3.343831e-50 3.869485e-51 4.361868e-52 4.788404e-53 5.117949e-54 5.324449e-55 5.390298e-56 5.308783e-57 5.085167e-58 4.736158e-59 4.287855e-60 3.772487e-61 3.224551e-62 2.676973e-63 2.157895e-64 1.688517e-65 1.282173e-66 9.445584e-68 6.748816e-69 4.675381e-70 3.139572e-71 2.042964e-72 1.287833e-73 7.862093e-75 4.646941e-76 2.658376e-77 1.471482e-78 7.878641e-80 4.079186e-81 2.041685e-82 9.875613e-84 4.614933e-85 2.082853e-86 9.076301e-88 3.817518e-89 1.549314e-90 6.065242e-92 2.289658e-93 8.332399e-95 2.922198e-96 9.873062e-98 3.212620e-99 1.006455e-100 3.034721e-102 8.804302e-104 2.456883e-105 6.592490e-107 1.700402e-108 4.214567e-110 1.003496e-111 2.294569e-113 
5.837668e-18 1.945384e-17 6.362988e-17 2.043018e-16 6.440240e-16 1.993479e-15 6.059828e-15 1.809277e-14 5.306411e-14 1.528976e-13 4.328677e-13 1.204240e-12 3.292463e-12 8.847555e-12 2.337020e-11 6.068463e-11 1.549210e-10 3.888600e-10 9.597583e-10 2.329423e-09 5.560102e-09 1.305250e-08 3.013753e-08 6.844628e-08 1.529127e-07 3.360557e-07 7.265636e-07 1.545436e-06 3.234170e-06 6.659297e-06 1.349171e-05 2.689668e-05 5.276480e-05 1.018654e-04 1.935398e-04 3.619124e-04 6.661276e-04 1.206891e-03 2.152664e-03 3.780321e-03 6.536988e-03 1.113224e-02 1.867274e-02 3.085500e-02 5.023543e-02 8.060093e-02 1.274657e-01 1.987214e-01 3.054641e-01 4.630135e-01 6.921166e-01 1.020297e+00 1.483248e+00 2.126103e+00 3.004287e+00 4.183575e+00 5.738834e+00 7.750907e+00 1.030107e+01 1.346277e+01 1.729055e+01 2.180693e+01 2.698841e+01 3.275275e+01 3.895020e+01 4.536133e+01 5.170400e+01 5.765045e+01 6.285397e+01 6.698257e+01 6.975509e+01 7.097422e+01 7.055086e+01 6.851540e+01 6.501394e+01 6.029008e+01 5.465560e+01 4.845503e+01 4.203009e+01 3.568896e+01 2.968403e+01 2.419997e+01 1.935153e+01 1.518942e+01 1.171150e+01 8.876552e+00 6.618176e+00 4.857069e+00 3.510773e+00 2.500570e+00 1.755736e+00 1.215622e+00 8.301383e-01 5.592044e-01 3.716032e-01 2.435950e-01 1.575088e-01 1.004475e-01 6.316973e-02 3.916931e-02 2.394300e-02 1.442568e-02 8.565480e-03 5.011440e-03 2.888766e-03 1.640405e-03 9.175620e-04 5.055076e-04 2.742814e-04 1.465597e-04 7.711879e-05 3.995898e-05 2.038739e-05 1.024209e-05 5.066208e-06 2.467373e-06 1.183134e-06 5.585611e-07 2.596182e-07 1.188001e-07 5.351864e-08 2.373490e-08 1.036218e-08 4.453292e-09 1.883918e-09 7.844697e-10 3.215174e-10 1.296960e-10 5.148959e-11 2.011682e-11 7.734287e-12 2.926001e-12 1.089162e-12 3.988809e-13 1.437121e-13 5.093405e-14 1.775625e-14 6.088128e-15 2.052892e-15 6.807008e-16 2.219273e-16 7.113519e-17 2.241457e-17 6.942251e-18 2.113216e-18 6.321341e-19 1.857989e-19 5.365261e-20 1.521933e-20 4.240329e-21 1.160227e-21 3.117203e-22 8.222487e-23 2.129086e-23 5.410902e-24 1.349478e-24 3.302273e-25 7.927598e-26 1.866726e-26 4.310793e-27 9.761073e-28 2.166838e-28 4.714842e-29 1.005407e-29 2.100733e-30 4.300054e-31 8.621227e-32 1.692673e-32 3.253880e-33 6.123059e-34 1.127683e-34 2.032213e-35 3.582821e-36 6.178233e-37 1.041825e-37 1.717605e-38 2.767935e-39 4.359099e-40 6.707324e-41 1.008128e-41 1.479779e-42 2.120766e-43 2.966894e-44 4.050627e-45 5.395728e-46 7.011011e-47 8.883997e-48 1.097555e-48 1.321682e-49 1.550961e-50 1.773120e-51 1.974367e-52 2.140711e-53 2.259516e-54 2.321057e-55 2.319820e-56 2.255301e-57 2.132160e-58 1.959665e-59 1.750538e-60 1.519391e-61 1.281015e-62 1.048829e-63 8.336769e-65 6.431468e-66 4.814126e-67 3.495381e-68 2.461021e-69 1.679783e-70 1.111169e-71 7.121444e-73 4.420667e-74 2.657110e-75 1.545975e-76 8.704336e-78 4.741076e-79 2.497432e-80 1.271900e-81 6.260666e-83 2.977573e-84 1.367866e-85 6.067759e-87 2.598250e-88 1.073656e-89 4.279998e-91 1.645430e-92 6.098665e-94 2.178572e-95 7.498117e-97 2.485635e-98 7.933928e-100 2.437621e-101 7.206619e-103 2.049488e-104 5.604900e-106 1.473533e-107 3.722900e-109 9.036359e-111 2.106475e-112 4.714449e-114 
4.197063e-18 1.409507e-17 4.645664e-17 1.502979e-16 4.773605e-16 1.488639e-15 4.558703e-15 1.371069e-14 4.050405e-14 1.175471e-13 3.351584e-13 9.389923e-13 2.585201e-12 6.995053e-12 1.860350e-11 4.863461e-11 1.249917e-10 3.158189e-10 7.846025e-10 1.916673e-09 4.604293e-09 1.087733e-08 2.527273e-08 5.775334e-08 1.298135e-07 2.870130e-07 6.242272e-07 1.335556e-06 2.811113e-06 5.821158e-06 1.185969e-05 2.377324e-05 4.688934e-05 9.100211e-05 1.737975e-04 3.266452e-04 6.041979e-04 1.099984e-03 1.971229e-03 3.477568e-03 6.040234e-03 1.033069e-02 1.740069e-02 2.886933e-02 4.718631e-02 7.599487e-02 1.206208e-01 1.887158e-01 2.910810e-01 4.426879e-01 6.638968e-01 9.818349e-01 1.431846e+00 2.058840e+00 2.918267e+00 4.076321e+00 5.608850e+00 7.598387e+00 1.012872e+01 1.327659e+01 1.710049e+01 2.162706e+01 2.683657e+01 3.264936e+01 3.891624e+01 4.541569e+01 5.186043e+01 5.791468e+01 6.322165e+01 6.743849e+01 7.027405e+01 7.152357e+01 7.109433e+01 6.901760e+01 6.544466e+01 6.062768e+01 5.488886e+01 4.858341e+01 4.206235e+01 3.564071e+01 2.957481e+01 2.405031e+01 1.918055e+01 1.501320e+01 1.154222e+01 8.722390e+00 6.483696e+00 4.743922e+00 3.418497e+00 2.427353e+00 1.699050e+00 1.172701e+00 7.982986e-01 5.360311e-01 3.550385e-01 2.319564e-01 1.494667e-01 9.498033e-02 5.951247e-02 3.676166e-02 2.238314e-02 1.343117e-02 7.941550e-03 4.626295e-03 2.654863e-03 1.500662e-03 8.354368e-04 4.580348e-04 2.472906e-04 1.314668e-04 6.881830e-05 3.546941e-05 1.799916e-05 8.992640e-06 4.423322e-06 2.142038e-06 1.021209e-06 4.792940e-07 2.214527e-07 1.007261e-07 4.509981e-08 1.987779e-08 8.624021e-09 3.682864e-09 1.548034e-09 6.404380e-10 2.607696e-10 1.044960e-10 4.120816e-11 1.599129e-11 6.106254e-12 2.294192e-12 8.480444e-13 3.083972e-13 1.103245e-13 3.882116e-14 1.343579e-14 4.573178e-15 1.530709e-15 5.037845e-16 1.630164e-16 5.185687e-17 1.621523e-17 4.983481e-18 1.505168e-18 4.467122e-19 1.302589e-19 3.731373e-20 1.049916e-20 2.901398e-21 7.873472e-22 2.097831e-22 5.487275e-23 1.408837e-23 3.549903e-24 8.777214e-25 2.129181e-25 5.066566e-26 1.182466e-26 2.706227e-27 6.072480e-28 1.335729e-28 2.879677e-29 6.083646e-30 1.259212e-30 2.553099e-31 5.069763e-32 9.857685e-33 1.876483e-33 3.496312e-34 6.375058e-35 1.137306e-35 1.984725e-36 3.387357e-37 5.652845e-38 9.221993e-39 1.470412e-39 2.290940e-40 3.486995e-41 5.183861e-42 7.525236e-43 1.066475e-43 1.475173e-44 1.991104e-45 2.621798e-46 3.367079e-47 4.216477e-48 5.147318e-49 6.124044e-50 7.099240e-51 8.016611e-52 8.815832e-53 9.438792e-54 9.836399e-55 9.974876e-56 9.840439e-57 9.441480e-58 8.807777e-59 7.986827e-60 7.037915e-61 6.024968e-62 5.009388e-63 4.043999e-64 3.168913e-65 2.409672e-66 1.777578e-67 1.271734e-68 8.821319e-70 5.930794e-71 3.863718e-72 2.438271e-73 1.490088e-74 8.815861e-76 5.047874e-77 2.796475e-78 1.498438e-79 7.763520e-81 3.888087e-82 1.881637e-83 8.796756e-85 3.971551e-86 1.731059e-87 7.281832e-89 2.955349e-90 1.156853e-91 4.366267e-93 1.588423e-94 5.568095e-96 1.880148e-97 6.113396e-99 1.913541e-100 5.763916e-102 1.670250e-103 4.654664e-105 1.247090e-106 3.211209e-108 7.944379e-110 1.887692e-111 4.306663e-113 9.430806e-115 
2.999331e-18 1.015217e-17 3.372263e-17 1.099455e-16 3.518768e-16 1.105663e-15 3.411406e-15 1.033665e-14 3.076217e-14 8.992867e-14 2.582702e-13 7.287760e-13 2.020710e-12 5.506152e-12 1.474583e-11 3.881565e-11 1.004382e-10 2.554945e-10 6.389807e-10 1.571264e-09 3.799230e-09 9.033458e-09 2.112274e-08 4.857448e-08 1.098626e-07 2.443968e-07 5.347670e-07 1.151000e-06 2.436941e-06 5.075633e-06 1.039986e-05 2.096401e-05 4.157652e-05 8.112749e-05 1.557598e-04 2.942622e-04 5.470570e-04 1.000880e-03 1.802268e-03 3.194393e-03 5.573631e-03 9.574713e-03 1.619626e-02 2.698213e-02 4.427786e-02 7.158590e-02 1.140466e-01 1.790740e-01 2.771755e-01 4.229740e-01 6.364380e-01 9.442891e-01 1.381504e+00 1.992746e+00 2.833460e+00 3.970225e+00 5.479838e+00 7.446516e+00 9.956571e+00 1.309011e+01 1.690968e+01 2.144624e+01 2.668402e+01 3.254616e+01 3.888422e+01 4.547462e+01 5.202484e+01 5.819084e+01 6.360531e+01 6.791399e+01 7.081525e+01 7.209647e+01 7.166110e+01 6.954133e+01 6.589391e+01 6.098001e+01 5.513282e+01 4.871869e+01 4.209833e+01 3.559385e+01 2.946551e+01 2.389987e+01 1.900869e+01 1.483636e+01 1.137276e+01 8.568506e+00 6.349879e+00 4.631701e+00 3.327282e+00 2.355220e+00 1.643389e+00 1.130695e+00 7.672387e-01 5.134982e-01 3.389832e-01 2.207121e-01 1.417222e-01 8.973302e-02 5.601426e-02 3.446681e-02 2.090179e-02 1.249029e-02 7.353595e-03 4.264844e-03 2.436284e-03 1.370650e-03 7.593795e-04 4.142768e-04 2.225328e-04 1.176918e-04 6.128144e-05 3.141428e-05 1.585363e-05 7.876323e-06 3.852150e-06 1.854641e-06 8.789949e-07 4.100864e-07 1.883299e-07 8.513530e-08 3.788238e-08 1.659172e-08 7.152546e-09 3.034810e-09 1.267328e-09 5.208551e-10 2.106671e-10 8.385104e-11 3.284205e-11 1.265722e-11 4.799626e-12 1.790646e-12 6.572277e-13 2.372985e-13 8.427793e-14 2.943999e-14 1.011416e-14 3.417051e-15 1.135174e-15 3.707840e-16 1.190647e-16 3.758399e-17 1.166093e-17 3.555703e-18 1.065439e-18 3.136827e-19 9.073129e-20 2.577940e-20 7.194168e-21 1.971613e-21 5.305615e-22 1.401719e-22 3.635247e-23 9.253157e-24 2.311333e-24 5.664791e-25 1.362024e-25 3.212140e-26 7.429177e-27 1.684806e-27 3.745825e-28 8.163129e-29 1.743411e-29 3.648363e-30 7.479469e-31 1.501883e-31 2.953326e-32 5.686065e-33 1.071647e-33 1.976717e-34 3.567808e-35 6.299894e-36 1.088051e-36 1.837625e-37 3.034334e-38 4.897497e-39 7.724911e-40 1.190486e-40 1.792127e-41 2.634677e-42 3.781810e-43 5.298879e-44 7.245655e-45 9.666664e-46 1.257986e-46 1.596500e-47 1.975372e-48 2.382359e-49 2.799845e-50 3.205672e-51 3.574789e-52 3.881643e-53 4.102990e-54 4.220757e-55 4.224442e-56 4.112638e-57 3.893373e-58 3.583165e-59 3.204964e-60 2.785314e-61 2.351245e-62 1.927399e-63 1.533811e-64 1.184606e-65 8.876715e-67 6.451795e-68 4.547069e-69 3.106541e-70 2.056782e-71 1.319276e-72 8.195741e-74 4.929638e-75 2.870013e-76 1.616822e-77 8.810815e-79 4.643138e-80 2.365450e-81 1.164628e-82 5.539819e-84 2.545085e-85 1.128937e-86 4.833485e-88 1.996805e-89 7.957133e-91 3.057623e-92 1.132604e-93 4.042949e-95 1.390287e-96 4.604212e-98 1.467945e-99 4.504293e-101 1.329731e-102 3.775542e-104 1.030697e-105 2.704439e-107 6.818282e-109 1.651133e-110 3.839339e-112 8.569499e-114 1.835427e-115 
2.130101e-18 7.267866e-18 2.433378e-17 7.996028e-17 2.579081e-16 8.166646e-16 2.539042e-15 7.751774e-15 2.324303e-14 6.845383e-14 1.980465e-13 5.629242e-13 1.572144e-12 4.314581e-12 1.163673e-11 3.084676e-11 8.037328e-11 2.058605e-10 5.183543e-10 1.283229e-09 3.123447e-09 7.475563e-09 1.759375e-08 4.071934e-08 9.268135e-08 2.074689e-07 4.567737e-07 9.891305e-07 2.106817e-06 4.414039e-06 9.096975e-06 1.844271e-05 3.678201e-05 7.216835e-05 1.393086e-04 2.645764e-04 4.944153e-04 9.091385e-04 1.645132e-03 2.929848e-03 5.135833e-03 8.862444e-03 1.505691e-02 2.518998e-02 4.150565e-02 6.736843e-02 1.077360e-01 1.697878e-01 2.637386e-01 4.038620e-01 6.097309e-01 9.076516e-01 1.332217e+00 1.927820e+00 2.749867e+00 3.865289e+00 5.351801e+00 7.295284e+00 9.784589e+00 1.290326e+01 1.671800e+01 2.126429e+01 2.653054e+01 3.244291e+01 3.885388e+01 4.553791e+01 5.219715e+01 5.847899e+01 6.400516e+01 6.840947e+01 7.137922e+01 7.269350e+01 7.225174e+01 7.008707e+01 6.636202e+01 6.134726e+01 5.538750e+01 4.886077e+01 4.213786e+01 3.554816e+01 2.935591e+01 2.374847e+01 1.883581e+01 1.465880e+01 1.120306e+01 8.414877e+00 6.216719e+00 4.520408e+00 3.237131e+00 2.284171e+00 1.588751e+00 1.089598e+00 7.369512e-01 4.915973e-01 3.234290e-01 2.098542e-01 1.342686e-01 8.469988e-02 5.267048e-02 3.228115e-02 1.949619e-02 1.160098e-02 6.800111e-03 3.926012e-03 2.232277e-03 1.249854e-03 6.890435e-04 3.740058e-04 1.998612e-04 1.051420e-04 5.445096e-05 2.775895e-05 1.393024e-05 6.881195e-06 3.345892e-06 1.601388e-06 7.544181e-07 3.498260e-07 1.596652e-07 7.172638e-08 3.171392e-08 1.380109e-08 5.910963e-09 2.491563e-09 1.033570e-09 4.219355e-10 1.695012e-10 6.700393e-11 2.606194e-11 9.973989e-12 3.755443e-12 1.391093e-12 5.069031e-13 1.816921e-13 6.405555e-14 2.221017e-14 7.573294e-15 2.539317e-15 8.371585e-16 2.713407e-16 8.645592e-17 2.707704e-17 8.334640e-18 2.521172e-18 7.493713e-19 2.188357e-19 6.277856e-20 1.768972e-20 4.895411e-21 1.330323e-21 3.549474e-22 9.297103e-23 2.390255e-23 6.030990e-24 1.493186e-24 3.627034e-25 8.642358e-26 2.019689e-26 4.628451e-27 1.039948e-27 2.290537e-28 4.944646e-29 1.045990e-29 2.167875e-30 4.401234e-31 8.751166e-32 1.703825e-32 3.247628e-33 6.059042e-34 1.106242e-34 1.976132e-35 3.453116e-36 5.901254e-37 9.861041e-38 1.610840e-38 2.571807e-39 4.012211e-40 6.114927e-41 9.102526e-42 1.323109e-42 1.877549e-43 2.600438e-44 3.514450e-45 4.633611e-46 5.958363e-47 7.470894e-48 9.131629e-49 1.087789e-49 1.262559e-50 1.427439e-51 1.571628e-52 1.684670e-53 1.757672e-54 1.784445e-55 1.762358e-56 1.692749e-57 1.580811e-58 1.434948e-59 1.265729e-60 1.084604e-61 9.026213e-63 7.293225e-64 5.719903e-65 4.352986e-66 3.213577e-67 2.300731e-68 1.596946e-69 1.074317e-70 7.002661e-72 4.421310e-73 2.703115e-74 1.599821e-75 9.163013e-77 5.077283e-78 2.720921e-79 1.409797e-80 7.060204e-82 3.416342e-83 1.596803e-84 7.206916e-86 3.139908e-87 1.320124e-88 5.354307e-90 2.094316e-91 7.897528e-93 2.870178e-94 1.004971e-95 3.389095e-97 1.100416e-98 3.438987e-100 1.034098e-101 2.990939e-103 8.318104e-105 2.223662e-106 5.712117e-108 1.409502e-109 3.339877e-111 7.597101e-113 1.658342e-114 3.472682e-116 
1.503122e-18 5.170511e-18 1.745165e-17 5.780557e-17 1.879305e-16 5.997653e-16 1.879237e-15 5.781705e-15 1.746866e-14 5.183771e-14 1.511004e-13 4.326811e-13 1.217304e-12 3.365143e-12 9.141620e-12 2.440607e-11 6.404200e-11 1.651809e-10 4.188084e-10 1.043909e-09 2.558176e-09 6.163747e-09 1.460262e-08 3.401813e-08 7.793003e-08 1.755629e-07 3.889662e-07 8.475358e-07 1.816295e-06 3.828347e-06 7.936819e-06 1.618475e-05 3.246417e-05 6.405559e-05 1.243316e-04 2.374096e-04 4.459954e-04 8.243385e-04 1.499191e-03 2.683016e-03 4.725531e-03 8.192050e-03 1.398012e-02 2.348957e-02 3.886536e-02 6.333695e-02 1.016825e-01 1.608492e-01 2.507613e-01 3.853425e-01 5.837662e-01 8.719141e-01 1.283979e+00 1.864059e+00 2.667491e+00 3.761518e+00 5.224740e+00 7.144682e+00 9.612748e+00 1.271598e+01 1.652535e+01 2.108105e+01 2.637590e+01 3.233934e+01 3.882498e+01 4.560537e+01 5.237725e+01 5.877918e+01 6.442145e+01 6.892534e+01 7.196651e+01 7.331530e+01 7.286686e+01 7.065536e+01 6.684938e+01 6.172961e+01 5.565291e+01 4.900952e+01 4.218070e+01 3.550337e+01 2.924577e+01 2.359591e+01 1.866174e+01 1.448044e+01 1.103307e+01 8.261479e+00 6.084212e+00 4.410047e+00 3.148047e+00 2.214209e+00 1.535133e+00 1.049405e+00 7.074287e-01 4.703202e-01 3.083674e-01 1.993751e-01 1.270992e-01 7.987527e-02 4.947660e-02 3.020113e-02 1.816362e-02 1.076124e-02 6.279628e-03 3.608753e-03 2.042111e-03 1.137775e-03 6.240959e-04 3.370037e-04 1.791359e-04 9.372958e-05 4.827280e-05 2.447085e-05 1.220979e-05 5.996158e-06 2.898269e-06 1.378796e-06 6.455839e-07 2.975033e-07 1.349310e-07 6.022912e-08 2.645868e-08 1.143899e-08 4.866930e-09 2.037783e-09 8.396194e-10 3.404185e-10 1.358102e-10 5.331146e-11 2.059002e-11 7.823793e-12 2.924672e-12 1.075497e-12 3.890307e-13 1.384109e-13 4.843236e-14 1.666651e-14 5.639760e-15 1.876484e-15 6.138421e-16 1.974030e-16 6.240107e-17 1.938765e-17 5.919784e-18 1.776169e-18 5.236118e-19 1.516450e-19 4.314060e-20 1.205388e-20 3.307447e-21 8.910956e-22 2.357003e-22 6.119810e-23 1.559529e-23 3.899964e-24 9.569130e-25 2.303351e-25 5.438179e-26 1.259160e-26 2.858701e-27 6.362719e-28 1.388119e-28 2.967860e-29 6.217473e-30 1.276021e-30 2.565037e-31 5.049384e-32 9.732129e-33 1.836184e-33 3.390601e-34 6.126336e-35 1.082927e-35 1.872323e-36 3.165582e-37 5.232678e-38 8.454687e-39 1.334991e-39 2.059533e-40 3.103638e-41 4.567571e-42 6.563125e-43 9.205453e-44 1.260044e-44 1.682782e-45 2.192128e-46 2.784795e-47 3.449071e-48 4.163739e-49 4.898096e-50 5.613350e-51 6.265500e-52 6.809492e-53 7.204178e-54 7.417361e-55 7.430069e-56 7.239308e-57 6.858724e-58 6.317013e-59 5.654337e-60 4.917350e-61 4.153722e-62 3.407035e-63 2.712840e-64 2.096303e-65 1.571593e-66 1.142758e-67 8.056908e-69 5.506213e-70 3.646514e-71 2.339441e-72 1.453528e-73 8.743378e-75 5.090332e-76 2.867409e-77 1.562337e-78 8.231245e-80 4.192040e-81 2.063086e-82 9.808513e-84 4.503441e-85 1.996190e-86 8.539564e-88 3.524565e-89 1.403041e-90 5.385038e-92 1.992135e-93 7.100976e-95 2.438056e-96 8.060319e-98 2.565077e-99 7.854959e-101 2.313869e-102 6.554509e-104 1.784857e-105 4.670720e-107 1.174183e-108 2.834749e-110 6.570139e-112 1.461405e-113 3.118581e-115 6.382472e-117 
1.053718e-18 3.654755e-18 1.243722e-17 4.153234e-17 1.361168e-16 4.378867e-16 1.382918e-15 4.288184e-15 1.305715e-14 3.904585e-14 1.146842e-13 3.308902e-13 9.379115e-13 2.612052e-12 7.148022e-12 1.922266e-11 5.080450e-11 1.319735e-10 3.369771e-10 8.458107e-10 2.087054e-09 5.062999e-09 1.207591e-08 2.831987e-08 6.530442e-08 1.480784e-07 3.301834e-07 7.240163e-07 1.561295e-06 3.311142e-06 6.906211e-06 1.416717e-05 2.858386e-05 5.672396e-05 1.107225e-04 2.125918e-04 4.015320e-04 7.460742e-04 1.363838e-03 2.453009e-03 4.341453e-03 7.561751e-03 1.296346e-02 2.187762e-02 3.635270e-02 5.948603e-02 9.587931e-02 1.522503e-01 2.382345e-01 3.674058e-01 5.585343e-01 8.370688e-01 1.236785e+00 1.801463e+00 2.586335e+00 3.658917e+00 5.098659e+00 6.994705e+00 9.441019e+00 1.252819e+01 1.633161e+01 2.089634e+01 2.621988e+01 3.223519e+01 3.879723e+01 4.567677e+01 5.256504e+01 5.909146e+01 6.485440e+01 6.946201e+01 7.257767e+01 7.396249e+01 7.350710e+01 7.124670e+01 6.735634e+01 6.212725e+01 5.592906e+01 4.916479e+01 4.222664e+01 3.545923e+01 2.913484e+01 2.344197e+01 1.848636e+01 1.430116e+01 1.086275e+01 8.108295e+00 5.952355e+00 4.300621e+00 3.060036e+00 2.145334e+00 1.482533e+00 1.010111e+00 6.786638e-01 4.496583e-01 2.937902e-01 1.892670e-01 1.202073e-01 7.525363e-02 4.642813e-02 2.822326e-02 1.690144e-02 9.969075e-03 5.790721e-03 3.312053e-03 1.865082e-03 1.033933e-03 5.642167e-04 3.030618e-04 1.602237e-04 8.337123e-05 4.269603e-05 2.151947e-05 1.067437e-05 5.210924e-06 2.503486e-06 1.183670e-06 5.507664e-07 2.522042e-07 1.136530e-07 5.040196e-08 2.199609e-08 9.446415e-09 3.992105e-09 1.660118e-09 6.793049e-10 2.735042e-10 1.083477e-10 4.222918e-11 1.619279e-11 6.108351e-12 2.266701e-12 8.273804e-13 2.970490e-13 1.048894e-13 3.642359e-14 1.243789e-14 4.176247e-15 1.378677e-15 4.474406e-16 1.427453e-16 4.476075e-17 1.379418e-17 4.177435e-18 1.243050e-18 3.633971e-19 1.043602e-19 2.943701e-20 8.154584e-21 2.218200e-21 5.924211e-22 1.553209e-22 3.997012e-23 1.009445e-23 2.501531e-24 6.081862e-25 1.450460e-25 3.392681e-26 7.781721e-27 1.749968e-27 3.857726e-28 8.334944e-29 1.764680e-29 3.660514e-30 7.437892e-31 1.480155e-31 2.884235e-32 5.502183e-33 1.027387e-33 1.877330e-34 3.356333e-35 5.869722e-36 1.003937e-36 1.678954e-37 2.744862e-38 4.385875e-39 6.847772e-40 1.044484e-40 1.556018e-41 2.263536e-42 3.214537e-43 4.455588e-44 6.026194e-45 7.951106e-46 1.023180e-46 1.283834e-47 1.570324e-48 1.871905e-49 2.174108e-50 2.459627e-51 2.709786e-52 2.906457e-53 3.034174e-54 3.082111e-55 3.045578e-56 2.926753e-57 2.734499e-58 2.483269e-59 2.191303e-60 1.878413e-61 1.563744e-62 1.263867e-63 9.914545e-65 7.546625e-66 5.572034e-67 3.989580e-68 2.769258e-69 1.862911e-70 1.214176e-71 7.664792e-73 4.685056e-74 2.771986e-75 1.587065e-76 8.790022e-78 4.708046e-79 2.437866e-80 1.220000e-81 5.898639e-83 2.754526e-84 1.241953e-85 5.404883e-87 2.269598e-88 9.192881e-90 3.590476e-91 1.351784e-92 4.904269e-94 1.713993e-95 5.768563e-97 1.868982e-98 5.827425e-100 1.747981e-101 5.042430e-103 1.398427e-104 3.727268e-106 9.544336e-108 2.347245e-109 5.542200e-111 1.255944e-112 2.730708e-114 5.694439e-116 1.138545e-117 
7.336766e-19 2.566240e-18 8.806191e-18 2.965132e-17 9.797830e-17 3.177664e-16 1.011670e-15 3.162132e-15 9.704820e-15 2.924925e-14 8.657907e-14 2.517276e-13 7.189772e-13 2.017483e-12 5.562334e-12 1.506941e-11 4.012033e-11 1.049776e-10 2.699763e-10 6.824662e-10 1.695865e-09 4.142683e-09 9.948919e-09 2.349066e-08 5.453294e-08 1.244757e-07 2.793750e-07 6.165698e-07 1.338078e-06 2.855596e-06 5.992932e-06 1.236859e-05 2.510443e-05 5.011202e-05 9.838033e-05 1.899614e-04 3.607713e-04 6.739560e-04 1.238489e-03 2.238969e-03 3.982366e-03 6.969811e-03 1.200456e-02 2.035093e-02 3.396348e-02 5.581033e-02 9.031977e-02 1.439831e-01 2.261492e-01 3.500422e-01 5.340259e-01 8.031072e-01 1.190630e+00 1.740029e+00 2.506401e+00 3.557494e+00 4.973564e+00 6.845351e+00 9.269379e+00 1.233984e+01 1.613667e+01 2.070999e+01 2.606223e+01 3.213018e+01 3.877036e+01 4.575187e+01 5.276037e+01 5.941586e+01 6.530425e+01 7.001991e+01 7.321331e+01 7.463575e+01 7.417310e+01 7.186167e+01 6.788330e+01 6.254038e+01 5.621595e+01 4.932645e+01 4.227543e+01 3.541547e+01 2.902285e+01 2.328645e+01 1.830950e+01 1.412090e+01 1.069204e+01 7.955308e+00 5.821148e+00 4.192136e+00 2.973102e+00 2.077550e+00 1.430949e+00 9.717097e-01 6.506489e-01 4.296032e-01 2.796890e-01 1.795223e-01 1.135862e-01 7.082944e-02 4.352067e-02 2.634411e-02 1.570705e-02 9.222582e-03 5.331997e-03 3.034927e-03 1.700508e-03 9.378662e-04 5.090993e-04 2.719810e-04 1.429980e-04 7.398821e-05 3.767269e-05 1.887624e-05 9.307315e-06 4.515966e-06 2.156215e-06 1.013088e-06 4.683966e-07 2.131030e-07 9.540507e-08 4.202955e-08 1.821939e-08 7.771431e-09 3.261725e-09 1.346983e-09 5.473084e-10 2.187977e-10 8.605526e-11 3.329792e-11 1.267480e-11 4.745984e-12 1.748026e-12 6.332553e-13 2.256265e-13 7.905888e-14 2.724128e-14 9.229653e-15 3.074592e-15 1.006919e-15 3.241652e-16 1.025793e-16 3.190288e-17 9.750586e-18 2.928289e-18 8.640311e-19 2.504525e-19 7.130964e-20 1.994081e-20 5.475857e-21 1.476446e-21 3.908218e-22 1.015486e-22 2.589641e-23 6.480529e-24 1.591182e-24 3.832657e-25 9.054835e-26 2.097928e-26 4.766034e-27 1.061466e-27 2.317191e-28 4.957320e-29 1.039161e-29 2.133977e-30 4.292260e-31 8.454518e-32 1.630474e-32 3.078051e-33 5.687056e-34 1.028160e-34 1.818468e-35 3.145805e-36 5.321651e-37 8.801488e-38 1.422873e-38 2.247916e-39 3.469771e-40 5.231541e-41 7.703116e-42 1.107415e-42 1.554027e-43 2.128178e-44 2.843502e-45 3.705861e-46 4.709856e-47 5.835804e-48 7.047884e-49 8.294133e-50 9.508799e-51 1.061719e-51 1.154274e-52 1.221541e-53 1.258030e-54 1.260492e-55 1.228390e-56 1.164021e-57 1.072241e-58 9.598639e-60 8.348136e-61 7.051934e-62 5.784169e-63 4.605342e-64 3.558313e-65 2.667227e-66 1.939013e-67 1.366710e-68 9.337198e-70 6.181155e-71 3.963722e-72 2.461409e-73 1.479712e-74 8.608921e-76 4.845762e-77 2.638036e-78 1.388568e-79 7.064532e-81 3.472882e-82 1.649102e-83 7.561634e-85 3.346980e-86 1.429612e-87 5.890718e-89 2.340781e-90 8.967095e-92 3.310529e-93 1.177478e-94 4.033417e-96 1.330186e-97 4.222065e-99 1.289330e-100 3.786892e-102 1.069386e-103 2.902495e-105 7.569131e-107 1.895877e-108 4.559486e-110 1.052482e-111 2.331088e-113 4.952210e-115 1.008759e-116 1.969589e-118 
5.072779e-19 1.789629e-18 6.193625e-18 2.103094e-17 7.007601e-17 2.291605e-16 7.355803e-16 2.317922e-15 7.171360e-15 2.178673e-14 6.500121e-14 1.904754e-13 5.482651e-13 1.550319e-12 4.306971e-12 1.175663e-11 3.153483e-11 8.312466e-11 2.153442e-10 5.483150e-10 1.372298e-09 3.376083e-09 8.164835e-09 1.941207e-08 4.537381e-08 1.042711e-07 2.355935e-07 5.233784e-07 1.143230e-06 2.455426e-06 5.185677e-06 1.076909e-05 2.199157e-05 4.416193e-05 8.720984e-05 1.693645e-04 3.234710e-04 6.076102e-04 1.122580e-03 2.040065e-03 3.647072e-03 6.414544e-03 1.110107e-02 1.890637e-02 3.169358e-02 5.230455e-02 8.499733e-02 1.360398e-01 2.144963e-01 3.332420e-01 5.102312e-01 7.700211e-01 1.145508e+00 1.679758e+00 2.427693e+00 3.457256e+00 4.849463e+00 6.696619e+00 9.097807e+00 1.215088e+01 1.594041e+01 2.052182e+01 2.590272e+01 3.202402e+01 3.874406e+01 4.583041e+01 5.296312e+01 5.975242e+01 6.577125e+01 7.059950e+01 7.387402e+01 7.533578e+01 7.486555e+01 7.250084e+01 6.843065e+01 6.296916e+01 5.651355e+01 4.949432e+01 4.232681e+01 3.537180e+01 2.890955e+01 2.312913e+01 1.813101e+01 1.393954e+01 1.052091e+01 7.802503e+00 5.690595e+00 4.084602e+00 2.887253e+00 2.010857e+00 1.380379e+00 9.341962e-01 6.233762e-01 4.101464e-01 2.660552e-01 1.701333e-01 1.072293e-01 6.659725e-02 4.074989e-02 2.456032e-02 1.457790e-02 8.519879e-03 4.902104e-03 2.776422e-03 1.547730e-03 8.491295e-04 4.584495e-04 2.435710e-04 1.273384e-04 6.550610e-05 3.315772e-05 1.651443e-05 8.093122e-06 3.902483e-06 1.851561e-06 8.643846e-07 3.970520e-07 1.794560e-07 7.980617e-08 3.492043e-08 1.503426e-08 6.368507e-09 2.654224e-09 1.088358e-09 4.390637e-10 1.742572e-10 6.803700e-11 2.613196e-11 9.873040e-12 3.669095e-12 1.341132e-12 4.821268e-13 1.704511e-13 5.925918e-14 2.025797e-14 6.809033e-15 2.250024e-15 7.309067e-16 2.333828e-16 7.324280e-17 2.258943e-17 6.846103e-18 2.038594e-18 5.963713e-19 1.713758e-19 4.836990e-20 1.340720e-20 3.649058e-21 9.750892e-22 2.557809e-22 6.585516e-23 1.663969e-23 4.125430e-24 1.003446e-24 2.394152e-25 5.602364e-26 1.285527e-26 2.892067e-27 6.377900e-28 1.378520e-28 2.919688e-29 6.058554e-30 1.231487e-30 2.451528e-31 4.778668e-32 9.119157e-33 1.703312e-33 3.113421e-34 5.567966e-35 9.740473e-36 1.666467e-36 2.787746e-37 4.558855e-38 7.286324e-39 1.137927e-39 1.736104e-40 2.586977e-41 3.764129e-42 5.346745e-43 7.412492e-44 1.002731e-44 1.323258e-45 1.703089e-46 2.137250e-47 2.614500e-48 3.116931e-49 3.620423e-50 4.096116e-51 4.512862e-52 4.840426e-53 5.053017e-54 5.132586e-55 5.071326e-56 4.872897e-57 4.552108e-58 4.133100e-59 3.646318e-60 3.124818e-61 2.600527e-62 2.101062e-63 1.647518e-64 1.253451e-65 9.249998e-67 6.619164e-68 4.591568e-69 3.086622e-70 2.010194e-71 1.267917e-72 7.742969e-74 4.576703e-75 2.617521e-76 1.448047e-77 7.746272e-79 4.005727e-80 2.001746e-81 9.663525e-83 4.505262e-84 2.027779e-85 8.808363e-87 3.691479e-88 1.492082e-89 5.814705e-91 2.184039e-92 7.903974e-94 2.755096e-95 9.246723e-97 2.987113e-98 9.284971e-100 2.776048e-101 7.980725e-103 2.205354e-104 5.855793e-106 1.493535e-107 3.657785e-109 8.598925e-111 1.939740e-112 4.197266e-114 8.708891e-116 1.732139e-117 3.301232e-119 
3.482210e-19 1.239265e-18 4.326177e-18 1.481640e-17 4.979028e-17 1.641999e-16 5.314819e-16 1.688689e-15 5.267593e-15 1.613356e-14 4.852378e-14 1.433292e-13 4.158313e-13 1.185075e-12 3.317896e-12 9.126561e-12 2.466698e-11 6.551240e-11 1.709866e-10 4.385922e-10 1.105726e-09 2.739973e-09 6.673907e-09 1.597971e-08 3.761237e-08 8.703248e-08 1.979861e-07 4.427954e-07 9.736364e-07 2.104870e-06 4.474010e-06 9.350167e-06 1.921323e-05 3.881935e-05 7.712096e-05 1.506552e-04 2.893997e-04 5.466787e-04 1.015569e-03 1.855494e-03 3.334410e-03 5.894305e-03 1.025074e-02 1.754086e-02 2.953895e-02 4.896350e-02 7.990553e-02 1.284126e-01 2.032670e-01 3.169954e-01 4.871405e-01 7.378019e-01 1.101413e+00 1.620646e+00 2.350216e+00 3.358211e+00 4.726367e+00 6.548512e+00 8.926286e+00 1.196124e+01 1.574273e+01 2.033165e+01 2.574110e+01 3.191639e+01 3.871801e+01 4.591213e+01 5.317311e+01 6.010115e+01 6.625563e+01 7.120124e+01 7.456045e+01 7.606329e+01 7.558516e+01 7.316479e+01 6.899880e+01 6.341380e+01 5.682186e+01 4.966821e+01 4.238051e+01 3.532790e+01 2.879465e+01 2.296980e+01 1.795075e+01 1.375700e+01 1.034930e+01 7.649872e+00 5.560699e+00 3.978025e+00 2.802496e+00 1.945260e+00 1.330821e+00 8.975644e-01 5.968379e-01 3.912792e-01 2.528805e-01 1.610923e-01 1.011301e-01 6.255170e-02 3.811149e-02 2.286858e-02 1.351152e-02 7.859139e-03 4.499728e-03 2.535613e-03 1.406113e-03 7.672949e-04 4.119859e-04 2.176508e-04 1.131311e-04 5.785467e-05 2.910881e-05 1.440912e-05 7.017416e-06 3.362360e-06 1.585039e-06 7.351323e-07 3.354455e-07 1.505945e-07 6.651602e-08 2.890484e-08 1.235771e-08 5.197835e-09 2.150881e-09 8.756087e-10 3.506643e-10 1.381487e-10 5.353775e-11 2.040859e-11 7.652178e-12 2.821980e-12 1.023517e-12 3.650741e-13 1.280512e-13 4.416430e-14 1.497653e-14 4.993075e-15 1.636458e-15 5.272080e-16 1.669393e-16 5.195072e-17 1.588677e-17 4.773580e-18 1.409185e-18 4.086552e-19 1.164015e-19 3.256252e-20 8.944990e-21 2.412605e-21 6.388189e-22 1.660325e-22 4.235161e-23 1.060092e-23 2.603441e-24 6.272130e-25 1.482096e-25 3.434477e-26 7.803610e-27 1.738231e-27 3.795079e-28 8.120050e-29 1.702327e-29 3.496177e-30 7.032815e-31 1.385375e-31 2.671922e-32 5.044442e-33 9.320694e-34 1.685159e-34 2.980585e-35 5.156308e-36 8.722895e-37 1.442691e-37 2.332284e-38 3.684588e-39 5.687195e-40 8.574523e-41 1.262480e-41 1.814846e-42 2.546556e-43 3.487072e-44 4.658622e-45 6.070668e-46 7.714187e-47 9.556737e-48 1.153944e-48 1.357701e-49 1.556163e-50 1.737098e-51 1.887977e-52 1.997360e-53 2.056298e-54 2.059528e-55 2.006234e-56 1.900235e-57 1.749538e-58 1.565334e-59 1.360612e-60 1.148631e-61 9.414992e-63 7.490752e-64 5.783210e-65 4.331333e-66 3.145962e-67 2.215305e-68 1.511924e-69 9.997917e-71 6.403814e-72 3.971757e-73 2.384546e-74 1.385388e-75 7.786497e-77 4.232331e-78 2.224052e-79 1.129530e-80 5.542400e-82 2.626657e-83 1.201910e-84 5.308367e-86 2.262176e-87 9.298737e-89 3.685603e-90 1.408103e-91 5.183888e-93 1.838336e-94 6.277616e-96 2.063562e-97 6.527464e-99 1.986218e-100 5.811864e-102 1.634784e-103 4.418870e-105 1.147408e-106 2.861078e-108 6.848499e-110 1.573128e-111 3.466441e-113 7.324933e-115 1.483787e-116 2.880290e-118 5.356064e-120 
2.372654e-19 8.519331e-19 3.000357e-18 1.036584e-17 3.513711e-17 1.168746e-16 3.815296e-16 1.222499e-15 3.845366e-15 1.187542e-14 3.601093e-14 1.072365e-13 3.136320e-13 9.009732e-13 2.542487e-12 7.048561e-12 1.919878e-11 5.138216e-11 1.351290e-10 3.492302e-10 8.870099e-10 2.214232e-09 5.432723e-09 1.310182e-08 3.105863e-08 7.237438e-08 1.657877e-07 3.733326e-07 8.264659e-07 1.798654e-06 3.848315e-06 8.094692e-06 1.673951e-05 3.403332e-05 6.802873e-05 1.336952e-04 2.583372e-04 4.908186e-04 9.169352e-04 1.684482e-03 3.043254e-03 5.407497e-03 9.451331e-03 1.625140e-02 2.749562e-02 4.578207e-02 7.503795e-02 1.210937e-01 1.924522e-01 3.012927e-01 4.647439e-01 7.064410e-01 1.058340e+00 1.562694e+00 2.273974e+00 3.260370e+00 4.604286e+00 6.401036e+00 8.754802e+00 1.177088e+01 1.554351e+01 2.013930e+01 2.557710e+01 3.180700e+01 3.869188e+01 4.599673e+01 5.339018e+01 6.046206e+01 6.675762e+01 7.182560e+01 7.527326e+01 7.681906e+01 7.633268e+01 7.385416e+01 6.958817e+01 6.387446e+01 5.714083e+01 4.984793e+01 4.243623e+01 3.528347e+01 2.867787e+01 2.280822e+01 1.776855e+01 1.357320e+01 1.017719e+01 7.497405e+00 5.431468e+00 3.872419e+00 2.718838e+00 1.880760e+00 1.282273e+00 8.618087e-01 5.710260e-01 3.729929e-01 2.401565e-01 1.523918e-01 9.528209e-02 5.868746e-02 3.560128e-02 2.126566e-02 1.250546e-02 7.238579e-03 4.123589e-03 2.311603e-03 1.275041e-03 6.919511e-04 3.694389e-04 1.940477e-04 1.002678e-04 5.096777e-05 2.548634e-05 1.253710e-05 6.066889e-06 2.888130e-06 1.352547e-06 6.231258e-07 2.824158e-07 1.259196e-07 5.523179e-08 2.383276e-08 1.011686e-08 4.224726e-09 1.735503e-09 7.013211e-10 2.787802e-10 1.090052e-10 4.192340e-11 1.585887e-11 5.900302e-12 2.158938e-12 7.768648e-13 2.748928e-13 9.564558e-14 3.272044e-14 1.100507e-14 3.638740e-15 1.182650e-15 3.778059e-16 1.186172e-16 3.659734e-17 1.109505e-17 3.304754e-18 9.670092e-19 2.779410e-19 7.846070e-20 2.175079e-20 5.920584e-21 1.582205e-21 4.150589e-22 1.068671e-22 2.700239e-23 6.694524e-24 1.628282e-24 3.884759e-25 9.089774e-26 2.085573e-26 4.691463e-27 1.034492e-27 2.235661e-28 4.734424e-29 9.822727e-30 1.996274e-30 3.973281e-31 7.743484e-32 1.477395e-32 2.758948e-33 5.041847e-34 9.014592e-35 1.576603e-35 2.696662e-36 4.509888e-37 7.373021e-38 1.178066e-38 1.839253e-39 2.805191e-40 4.178618e-41 6.077867e-42 8.630096e-43 1.195976e-43 1.617211e-44 2.133253e-45 2.744365e-46 3.442365e-47 4.208986e-48 5.015250e-49 5.822239e-50 6.583492e-51 7.248979e-52 7.770264e-53 8.106179e-54 8.228107e-55 8.123959e-56 7.800084e-57 7.280697e-58 6.604898e-59 5.821771e-60 4.984425e-61 4.144003e-62 3.344593e-63 2.619729e-64 1.990814e-65 1.467357e-66 1.048675e-67 7.264629e-69 4.876641e-70 3.171237e-71 1.997111e-72 1.217602e-73 7.184579e-75 4.101590e-76 2.264746e-77 1.209104e-78 6.239418e-80 3.111141e-81 1.498472e-82 6.969279e-84 3.128916e-85 1.355571e-86 5.665370e-88 2.283315e-89 8.871326e-91 3.321616e-92 1.198121e-93 4.161925e-95 1.391813e-96 4.479314e-98 1.386871e-99 4.129562e-101 1.182128e-102 3.252121e-104 8.595251e-106 2.181666e-107 5.316224e-109 1.243229e-110 2.789198e-112 6.001150e-114 1.237837e-115 2.446883e-117 4.633725e-119 8.403519e-121 
1.604288e-19 5.812824e-19 2.065634e-18 7.200275e-18 2.462295e-17 8.262093e-17 2.720570e-16 8.792424e-16 2.789282e-15 8.686910e-15 2.656311e-14 7.975951e-14 2.351920e-13 6.811506e-13 1.937698e-12 5.414903e-12 1.486597e-11 4.009851e-11 1.062740e-10 2.767695e-10 7.083188e-10 1.781486e-09 4.403527e-09 1.069800e-08 2.554491e-08 5.995437e-08 1.383133e-07 3.136491e-07 6.991483e-07 1.531957e-06 3.299752e-06 6.986800e-06 1.454259e-05 2.975611e-05 5.985312e-05 1.183533e-04 2.300735e-04 4.397017e-04 8.261765e-04 1.526281e-03 2.772513e-03 4.952567e-03 8.700697e-03 1.503506e-02 2.555969e-02 4.275522e-02 7.038828e-02 1.140755e-01 1.820431e-01 2.861240e-01 4.430316e-01 6.759296e-01 1.016282e+00 1.505899e+00 2.198971e+00 3.163744e+00 4.483234e+00 6.254199e+00 8.583345e+00 1.157975e+01 1.534266e+01 1.994459e+01 2.541047e+01 3.169549e+01 3.866531e+01 4.608389e+01 5.361413e+01 6.083515e+01 6.727749e+01 7.247306e+01 7.601313e+01 7.760386e+01 7.710887e+01 7.456958e+01 7.019919e+01 6.435134e+01 5.747041e+01 5.003325e+01 4.249364e+01 3.523816e+01 2.855891e+01 2.264417e+01 1.758428e+01 1.338805e+01 1.000453e+01 7.345099e+00 5.302912e+00 3.767794e+00 2.636289e+00 1.817361e+00 1.234732e+00 8.269230e-01 5.459325e-01 3.552788e-01 2.278747e-01 1.440242e-01 8.967885e-02 5.499931e-02 3.321513e-02 1.974838e-02 1.155736e-02 6.656459e-03 3.772447e-03 2.103525e-03 1.153924e-03 6.227033e-04 3.305511e-04 1.725976e-04 8.864646e-05 4.478312e-05 2.225324e-05 1.087678e-05 5.229240e-06 2.472938e-06 1.150346e-06 5.263672e-07 2.369180e-07 1.048958e-07 4.568470e-08 1.957199e-08 8.247993e-09 3.419058e-09 1.394129e-09 5.591508e-10 2.205839e-10 8.559030e-11 3.266372e-11 1.225969e-11 4.525285e-12 1.642643e-12 5.863363e-13 2.057927e-13 7.101723e-14 2.409446e-14 8.036320e-15 2.634804e-15 8.490889e-16 2.689257e-16 8.370358e-17 2.560030e-17 7.692891e-18 2.271069e-18 6.585943e-19 1.875863e-19 5.247189e-20 1.441251e-20 3.886723e-21 1.028963e-21 2.673792e-22 6.818763e-23 1.706356e-23 4.189428e-24 1.009005e-24 2.383512e-25 5.521488e-26 1.254116e-26 2.792472e-27 6.094448e-28 1.303460e-28 2.731498e-29 5.607434e-30 1.127474e-30 2.219961e-31 4.279537e-32 8.075606e-33 1.491398e-33 2.695031e-34 4.764267e-35 8.237573e-36 1.392775e-36 2.302221e-37 3.719653e-38 5.872872e-39 9.059275e-40 1.364998e-40 2.008470e-41 2.885305e-42 4.045835e-43 5.536178e-44 7.390804e-45 9.623788e-46 1.221982e-46 1.512652e-47 1.824976e-48 2.145397e-49 2.456843e-50 2.740008e-51 2.975196e-52 3.144500e-53 3.234017e-54 3.235700e-55 3.148541e-56 2.978819e-57 2.739366e-58 2.447956e-59 2.125101e-60 1.791648e-61 1.466545e-62 1.165145e-63 8.982082e-65 6.716711e-66 4.870657e-67 3.424029e-68 2.332776e-69 1.539786e-70 9.843820e-72 6.093224e-73 3.650678e-74 2.116434e-75 1.186866e-76 6.436129e-78 3.373904e-79 1.709166e-80 8.364436e-82 3.953180e-83 1.803724e-84 7.942589e-86 3.374248e-87 1.382510e-88 5.461209e-90 2.079174e-91 7.626511e-93 2.694293e-94 9.164267e-96 3.000091e-97 9.449395e-99 2.862563e-100 8.337495e-102 2.333960e-103 6.277337e-105 1.621544e-106 4.021606e-108 9.572689e-110 2.186140e-111 4.788252e-113 1.005487e-114 2.023585e-116 3.901730e-118 7.204910e-120 1.273739e-121 
1.076200e-19 3.935548e-19 1.411378e-18 4.964506e-18 1.713047e-17 5.799449e-17 1.926593e-16 6.281131e-16 2.009958e-15 6.313810e-15 1.947167e-14 5.896186e-14 1.753243e-13 5.119888e-13 1.468478e-12 4.137162e-12 1.144991e-11 3.113147e-11 8.316240e-11 2.182794e-10 5.629668e-10 1.426792e-09 3.553592e-09 8.698045e-09 2.092372e-08 4.946900e-08 1.149517e-07 2.625397e-07 5.893579e-07 1.300389e-06 2.820213e-06 6.011846e-06 1.259661e-05 2.594310e-05 5.251890e-05 1.045056e-04 2.044092e-04 3.930145e-04 7.428120e-04 1.380168e-03 2.521133e-03 4.528006e-03 7.996726e-03 1.388895e-02 2.372734e-02 3.987799e-02 6.595026e-02 1.073504e-01 1.720307e-01 2.714796e-01 4.219935e-01 6.462587e-01 9.752336e-01 1.450260e+00 2.125213e+00 3.068343e+00 4.363227e+00 6.108013e+00 8.411909e+00 1.138780e+01 1.514007e+01 1.974734e+01 2.524094e+01 3.158155e+01 3.863793e+01 4.617328e+01 5.384473e+01 6.122041e+01 6.781545e+01 7.314414e+01 7.678078e+01 7.841853e+01 7.791456e+01 7.531173e+01 7.083229e+01 6.484462e+01 5.781054e+01 5.022394e+01 4.255243e+01 3.519162e+01 2.843745e+01 2.247742e+01 1.739776e+01 1.320147e+01 9.831301e+00 7.192955e+00 5.175043e+00 3.664164e+00 2.554857e+00 1.755066e+00 1.188197e+00 7.929011e-01 5.215491e-01 3.381279e-01 2.160265e-01 1.359819e-01 8.431402e-02 5.148206e-02 3.094896e-02 1.831363e-02 1.066488e-02 6.111087e-03 3.445095e-03 1.910541e-03 1.042190e-03 5.591727e-04 2.950767e-04 1.531448e-04 7.817042e-05 3.924227e-05 1.937490e-05 9.408113e-06 4.493132e-06 2.110502e-06 9.750314e-07 4.430509e-07 1.980140e-07 8.704600e-08 3.763698e-08 1.600641e-08 6.695529e-09 2.754761e-09 1.114769e-09 4.436907e-10 1.736838e-10 6.686664e-11 2.531720e-11 9.426719e-12 3.451632e-12 1.242755e-12 4.399661e-13 1.531437e-13 5.240783e-14 1.763111e-14 5.830638e-15 1.895266e-15 6.054861e-16 1.900985e-16 5.864779e-17 1.777787e-17 5.294401e-18 1.548871e-18 4.450672e-19 1.256018e-19 3.480751e-20 9.471118e-21 2.530019e-21 6.634091e-22 1.707315e-22 4.311793e-23 1.068440e-23 2.597311e-24 6.193161e-25 1.448258e-25 3.320884e-26 7.465578e-27 1.645133e-27 3.552962e-28 7.518915e-29 1.558892e-29 3.165869e-30 6.296570e-31 1.226214e-31 2.337732e-32 4.362177e-33 7.965342e-34 1.423014e-34 2.486719e-35 4.249770e-36 7.101205e-37 1.159930e-37 1.851693e-38 2.888323e-39 4.401125e-40 6.549718e-41 9.517461e-42 1.350071e-42 1.869067e-43 2.524763e-44 3.326883e-45 4.275308e-46 5.356748e-47 6.542271e-48 7.786418e-49 9.028505e-50 1.019645e-50 1.121299e-51 1.200375e-52 1.250597e-53 1.267665e-54 1.249849e-55 1.198272e-56 1.116800e-57 1.011567e-58 8.902005e-60 7.609029e-61 6.315269e-62 5.088006e-63 3.978024e-64 3.017317e-65 2.219611e-66 1.583080e-67 1.094374e-68 7.330450e-70 4.756225e-71 2.988302e-72 1.817521e-73 1.069767e-74 6.091353e-76 3.354389e-77 1.785858e-78 9.189079e-80 4.568207e-81 2.193433e-82 1.016865e-83 4.550057e-85 1.964440e-86 8.180544e-88 3.284726e-89 1.271279e-90 4.740877e-92 1.702951e-93 5.890075e-95 1.960936e-96 6.281716e-98 1.935588e-99 5.734749e-101 1.633162e-102 4.468930e-104 1.174581e-105 2.964234e-107 7.180212e-109 1.668790e-110 3.720057e-112 7.951066e-114 1.628817e-115 3.196939e-117 6.009721e-119 1.081623e-120 1.863124e-122 
7.160687e-20 2.643325e-19 9.568338e-19 3.396888e-18 1.182908e-17 4.041200e-17 1.354629e-16 4.455954e-16 1.438560e-15 4.558650e-15 1.418136e-14 4.331333e-14 1.298956e-13 3.825435e-13 1.106425e-12 3.143092e-12 8.770464e-12 2.404097e-11 6.474056e-11 1.712870e-10 4.452682e-10 1.137342e-09 2.854654e-09 7.040871e-09 1.706574e-08 4.065021e-08 9.515892e-08 2.189241e-07 4.949956e-07 1.099960e-06 2.402276e-06 5.156337e-06 1.087759e-05 2.255264e-05 4.595541e-05 9.203494e-05 1.811548e-04 3.504577e-04 6.663799e-04 1.245450e-03 2.288091e-03 4.132347e-03 7.337366e-03 1.281028e-02 2.199482e-02 3.714550e-02 6.171774e-02 1.009108e-01 1.624062e-01 2.573495e-01 4.016195e-01 6.174190e-01 9.351877e-01 1.395776e+00 2.052705e+00 2.974182e+00 4.244283e+00 5.962494e+00 8.240493e+00 1.119500e+01 1.493564e+01 1.954736e+01 2.506823e+01 3.146480e+01 3.860934e+01 4.626453e+01 5.408176e+01 6.161781e+01 6.837177e+01 7.383936e+01 7.757696e+01 7.926394e+01 7.875058e+01 7.608130e+01 7.148793e+01 6.535446e+01 5.816115e+01 5.041973e+01 4.261222e+01 3.514348e+01 2.831318e+01 2.230771e+01 1.720886e+01 1.301338e+01 9.657473e+00 7.040976e+00 5.047877e+00 3.561546e+00 2.474553e+00 1.693878e+00 1.142665e+00 7.597367e-01 4.978673e-01 3.215315e-01 2.046036e-01 1.282575e-01 7.918129e-02 4.813063e-02 2.879878e-02 1.695835e-02 9.825765e-03 5.600812e-03 3.140363e-03 1.731839e-03 9.392913e-04 5.009961e-04 2.627812e-04 1.355413e-04 6.874863e-05 3.429039e-05 1.681905e-05 8.112562e-06 3.848129e-06 1.795084e-06 8.235144e-07 3.715494e-07 1.648645e-07 7.194618e-08 3.087889e-08 1.303437e-08 5.411187e-09 2.209356e-09 8.871656e-10 3.503498e-10 1.360653e-10 5.196713e-11 1.951783e-11 7.208396e-12 2.617765e-12 9.347285e-13 3.281552e-13 1.132623e-13 3.843039e-14 1.281790e-14 4.202210e-15 1.354011e-15 4.287586e-16 1.334164e-16 4.079154e-17 1.225324e-17 3.615812e-18 1.048062e-18 2.983624e-19 8.341139e-20 2.289691e-20 6.170824e-21 1.632550e-21 4.239233e-22 1.080301e-22 2.701316e-23 6.626971e-24 1.594766e-24 3.764033e-25 8.711929e-26 1.977008e-26 4.398073e-27 9.589630e-28 2.049040e-28 4.289735e-29 8.797565e-30 1.767118e-30 3.475819e-31 6.693506e-32 1.261739e-32 2.327650e-33 4.201553e-34 7.419190e-35 1.281345e-35 2.163945e-36 3.572751e-37 5.765543e-38 9.092050e-39 1.400778e-39 2.107964e-40 3.097724e-41 4.444320e-42 6.223684e-43 8.504809e-44 1.133836e-44 1.474337e-45 1.869372e-46 2.310664e-47 2.783612e-48 3.267375e-49 3.735886e-50 4.159849e-51 4.509563e-52 4.758245e-53 4.885352e-54 4.879346e-55 4.739396e-56 4.475665e-57 4.108109e-58 3.663965e-59 3.174388e-60 2.670798e-61 2.181556e-62 1.729444e-63 1.330245e-64 9.924531e-66 7.179749e-67 5.034958e-68 3.421647e-69 2.252639e-70 1.436245e-71 8.865600e-73 5.296536e-74 3.061542e-75 1.711640e-76 9.252665e-78 4.834606e-79 2.440910e-80 1.190405e-81 5.605888e-83 2.548327e-84 1.117841e-85 4.730108e-87 1.930102e-88 7.592031e-90 2.877759e-91 1.050797e-92 3.694877e-94 1.250678e-95 4.073830e-97 1.276494e-98 3.846262e-100 1.114062e-101 3.100805e-103 8.290471e-105 2.128470e-106 5.245450e-108 1.240419e-109 2.813630e-111 6.119574e-113 1.275773e-114 2.548385e-116 4.875715e-118 8.931712e-120 1.566014e-121 2.627016e-123 
4.724451e-20 1.760798e-19 6.434592e-19 2.305978e-18 8.105481e-18 2.794834e-17 9.454728e-17 3.138463e-16 1.022391e-15 3.268917e-15 1.025957e-14 3.161131e-14 9.562918e-14 2.840648e-13 8.286382e-13 2.373952e-12 6.679975e-12 1.846320e-11 5.013016e-11 1.337148e-10 3.504078e-10 9.022027e-10 2.282395e-09 5.673500e-09 1.385797e-08 3.326198e-08 7.845248e-08 1.818370e-07 4.141714e-07 9.270498e-07 2.039166e-06 4.407869e-06 9.363333e-06 1.954594e-05 4.009642e-05 8.083095e-05 1.601307e-04 3.117458e-04 5.964377e-04 1.121456e-03 2.072399e-03 3.764167e-03 6.720614e-03 1.179630e-02 2.035846e-02 3.455297e-02 5.768465e-02 9.474920e-02 1.531608e-01 2.437240e-01 3.818994e-01 5.894013e-01 8.961378e-01 1.342444e+00 1.981452e+00 2.881272e+00 4.126420e+00 5.817658e+00 8.069101e+00 1.100132e+01 1.472927e+01 1.934448e+01 2.489207e+01 3.134489e+01 3.857913e+01 4.635726e+01 5.432495e+01 6.202731e+01 6.894668e+01 7.455925e+01 7.840245e+01 8.014098e+01 7.961782e+01 7.687902e+01 7.216658e+01 6.588105e+01 5.852214e+01 5.062034e+01 4.267263e+01 3.509335e+01 2.818576e+01 2.213482e+01 1.701743e+01 1.282371e+01 9.483026e+00 6.889168e+00 4.921431e+00 3.459955e+00 2.395388e+00 1.633801e+00 1.098132e+00 7.274231e-01 4.748788e-01 3.054804e-01 1.935974e-01 1.208435e-01 7.427445e-02 4.494000e-02 2.676066e-02 1.567957e-02 9.037786e-03 5.124029e-03 2.857114e-03 1.566635e-03 8.446991e-04 4.478261e-04 2.334414e-04 1.196472e-04 6.029528e-05 2.987614e-05 1.455570e-05 6.972979e-06 3.284655e-06 1.521450e-06 6.929980e-07 3.103998e-07 1.367205e-07 5.922089e-08 2.522606e-08 1.056719e-08 4.353163e-09 1.763534e-09 7.025731e-10 2.752460e-10 1.060384e-10 4.017035e-11 1.496354e-11 5.480658e-12 1.973700e-12 6.988085e-13 2.432426e-13 8.323368e-14 2.799676e-14 9.256239e-15 3.007780e-15 9.605205e-16 3.014245e-16 9.294407e-17 2.815749e-17 8.380138e-18 2.449892e-18 7.034497e-19 1.983622e-19 5.492533e-20 1.493206e-20 3.985144e-21 1.043969e-21 2.684051e-22 6.771605e-23 1.676204e-23 4.070345e-24 9.694776e-25 2.264529e-25 5.186583e-26 1.164598e-26 2.563233e-27 5.528948e-28 1.168591e-28 2.419743e-29 4.907756e-30 9.748146e-31 1.895847e-31 3.609461e-32 6.725936e-33 1.226442e-33 2.187943e-34 3.817942e-35 6.515307e-36 1.087074e-36 1.772995e-37 2.826074e-38 4.401388e-39 6.696175e-40 9.949349e-41 1.443416e-41 2.044155e-42 2.825256e-43 3.809931e-44 5.011698e-45 6.429138e-46 8.041015e-47 9.802759e-48 1.164535e-48 1.347754e-49 1.519172e-50 1.667347e-51 1.781354e-52 1.852085e-53 1.873435e-54 1.843157e-55 1.763232e-56 1.639672e-57 1.481768e-58 1.300928e-59 1.109301e-60 9.184180e-62 7.380694e-63 5.755584e-64 4.353972e-65 3.194134e-66 2.271739e-67 1.565910e-68 1.045784e-69 6.764691e-71 4.236881e-72 2.568609e-73 1.506827e-74 8.550694e-76 4.692131e-77 2.489011e-78 1.275932e-79 6.318700e-81 3.021910e-82 1.395219e-83 6.216745e-85 2.672361e-86 1.107872e-87 4.427888e-89 1.705554e-90 6.329136e-92 2.261943e-93 7.782588e-95 2.577022e-96 8.209364e-98 2.515031e-99 7.407375e-101 2.096603e-102 5.700884e-104 1.488626e-105 3.731541e-107 8.976200e-109 2.071285e-110 4.583224e-112 9.721367e-114 1.975827e-115 3.846593e-117 7.170494e-119 1.279403e-120 2.184192e-122 3.566472e-124 
3.090020e-20 1.162954e-19 4.291214e-19 1.552686e-18 5.509856e-18 1.917849e-17 6.548902e-17 2.194129e-16 7.213607e-16 2.327525e-15 7.371226e-15 2.291597e-14 6.994178e-14 2.095942e-13 6.167479e-13 1.782218e-12 5.057950e-12 1.409881e-11 3.860248e-11 1.038247e-10 2.743238e-10 7.120759e-10 1.815969e-09 4.550160e-09 1.120198e-08 2.709721e-08 6.440572e-08 1.504183e-07 3.451891e-07 7.783873e-07 1.724712e-06 3.755069e-06 8.033359e-06 1.688694e-05 3.487998e-05 7.078970e-05 1.411666e-04 2.766070e-04 5.325619e-04 1.007543e-03 1.873102e-03 3.422085e-03 6.144522e-03 1.084433e-02 1.881466e-02 3.209569e-02 5.384500e-02 8.885834e-02 1.442857e-01 2.305931e-01 3.628228e-01 5.621960e-01 8.580770e-01 1.290264e+00 1.911460e+00 2.789627e+00 4.009660e+00 5.673529e+00 7.897739e+00 1.080672e+01 1.452087e+01 1.913851e+01 2.471216e+01 3.122142e+01 3.854687e+01 4.645106e+01 5.457402e+01 6.244885e+01 6.954042e+01 7.530437e+01 7.925806e+01 8.105061e+01 8.051721e+01 7.770563e+01 7.286872e+01 6.642454e+01 5.889340e+01 5.082544e+01 4.273326e+01 3.504083e+01 2.805485e+01 2.195850e+01 1.682331e+01 1.263239e+01 9.307944e+00 6.737543e+00 4.795726e+00 3.359410e+00 2.317371e+00 1.574838e+00 1.054597e+00 6.959535e-01 4.525747e-01 2.899658e-01 1.829996e-01 1.137326e-01 6.958733e-02 4.190521e-02 2.483074e-02 1.447435e-02 8.298783e-03 4.679176e-03 2.594249e-03 1.414173e-03 7.579056e-04 3.993301e-04 2.068449e-04 1.053299e-04 5.272973e-05 2.595157e-05 1.255699e-05 5.973552e-06 2.793938e-06 1.284843e-06 5.809573e-07 2.582911e-07 1.129158e-07 4.853862e-08 2.051696e-08 8.527749e-09 3.485401e-09 1.400769e-09 5.535691e-10 2.151108e-10 8.219186e-11 3.087878e-11 1.140623e-11 4.142458e-12 1.479072e-12 5.191757e-13 1.791467e-13 6.076405e-14 2.025812e-14 6.637962e-15 2.137570e-15 6.764256e-16 2.103275e-16 6.425514e-17 1.928472e-17 5.685491e-18 1.646362e-18 4.682053e-19 1.307527e-19 3.585217e-20 9.651089e-21 2.550213e-21 6.613901e-22 1.683292e-22 4.203585e-23 1.029852e-23 2.474904e-24 5.833153e-25 1.348157e-25 3.054913e-26 6.785874e-27 1.477362e-27 3.151858e-28 6.588208e-29 1.348993e-29 2.705285e-30 5.312455e-31 1.021345e-31 1.922026e-32 3.539718e-33 6.378413e-34 1.124349e-34 1.938397e-35 3.267720e-36 5.385342e-37 8.674654e-38 1.365415e-38 2.099675e-39 3.153658e-40 4.625418e-41 6.623060e-42 9.256218e-43 1.262323e-43 1.679432e-44 2.179222e-45 2.757265e-46 3.400811e-47 4.087915e-48 4.787656e-49 5.461746e-50 6.067525e-51 6.562148e-52 6.907432e-53 7.074629e-54 7.048334e-55 6.828776e-56 6.432052e-57 5.888194e-58 5.237390e-59 4.525025e-60 3.796403e-61 3.092002e-62 2.443953e-63 1.874132e-64 1.393892e-65 1.005185e-66 7.026122e-68 4.758854e-69 3.122260e-70 1.983707e-71 1.220081e-72 7.262106e-74 4.181745e-75 2.328797e-76 1.253838e-77 6.524437e-79 3.280130e-80 1.592720e-81 7.466910e-83 3.378686e-84 1.475066e-85 6.211288e-87 2.521787e-88 9.868244e-90 3.720696e-91 1.351165e-92 4.724313e-94 1.589866e-95 5.147769e-97 1.603091e-98 4.799784e-100 1.381186e-101 3.818496e-103 1.013873e-104 2.584445e-106 6.322430e-108 1.483796e-109 3.339470e-111 7.204992e-113 1.489639e-114 2.950252e-116 5.595074e-118 1.015686e-119 1.764243e-121 2.931164e-123 4.656314e-125 
2.002889e-20 7.613510e-20 2.837210e-19 1.036685e-18 3.714652e-18 1.305481e-17 4.500559e-17 1.522180e-16 5.051569e-16 1.645139e-15 5.258317e-15 1.649714e-14 5.080839e-14 1.536283e-13 4.560970e-13 1.329636e-12 3.806567e-12 1.070269e-11 2.955569e-11 8.016889e-11 2.136052e-10 5.590889e-10 1.437580e-09 3.631458e-09 9.012426e-09 2.197478e-08 5.264257e-08 1.239039e-07 2.865306e-07 6.510221e-07 1.453308e-06 3.187527e-06 6.868784e-06 1.454221e-05 3.024821e-05 6.181349e-05 1.241016e-04 2.447827e-04 4.743472e-04 9.030914e-04 1.689279e-03 3.104761e-03 5.607194e-03 9.951736e-03 1.735990e-02 2.976904e-02 5.019288e-02 8.323088e-02 1.357723e-01 2.179471e-01 3.443795e-01 5.357933e-01 8.209981e-01 1.239231e+00 1.842733e+00 2.699264e+00 3.894024e+00 5.530129e+00 7.726420e+00 1.061119e+01 1.431037e+01 1.892928e+01 2.452822e+01 3.109402e+01 3.851209e+01 4.654549e+01 5.482864e+01 6.288235e+01 7.015324e+01 7.607529e+01 8.014463e+01 8.199381e+01 8.144972e+01 7.856194e+01 7.359484e+01 6.698510e+01 5.927478e+01 5.103471e+01 4.279367e+01 3.498548e+01 2.792010e+01 2.177849e+01 1.662636e+01 1.243936e+01 9.132214e+00 6.586117e+00 4.670783e+00 3.259929e+00 2.240515e+00 1.516991e+00 1.012056e+00 6.653210e-01 4.309464e-01 2.749784e-01 1.728017e-01 1.069174e-01 6.511384e-02 3.902139e-02 2.300524e-02 1.333982e-02 7.606643e-03 4.264732e-03 2.350701e-03 1.273723e-03 6.784231e-04 3.551906e-04 1.827899e-04 9.246430e-05 4.597626e-05 2.247195e-05 1.079711e-05 5.099736e-06 2.367966e-06 1.080947e-06 4.851191e-07 2.140517e-07 9.285946e-08 3.960765e-08 1.661054e-08 6.849277e-09 2.776920e-09 1.106978e-09 4.338789e-10 1.672037e-10 6.335234e-11 2.359977e-11 8.643065e-12 3.111904e-12 1.101448e-12 3.832308e-13 1.310663e-13 4.405853e-14 1.455620e-14 4.726224e-15 1.507978e-15 4.727751e-16 1.456313e-16 4.407121e-17 1.310125e-17 3.825459e-18 1.097034e-18 3.089397e-19 8.542664e-20 2.319134e-20 6.180393e-21 1.616618e-21 4.149928e-22 1.045334e-22 2.583378e-23 6.262892e-24 1.489189e-24 3.472517e-25 7.939423e-26 1.779557e-26 3.909671e-27 8.417802e-28 1.775869e-28 3.670277e-29 7.429892e-30 1.472925e-30 2.858972e-31 5.432329e-32 1.010236e-32 1.838370e-33 3.272857e-34 5.699208e-35 9.705170e-36 1.615844e-36 2.629714e-37 4.182477e-38 6.499454e-39 9.865954e-40 1.462579e-40 2.116975e-41 2.991056e-42 4.124212e-43 5.548284e-44 7.280647e-45 9.316783e-46 1.162349e-46 1.413414e-47 1.674759e-48 1.933174e-49 2.173248e-50 2.378762e-51 2.534414e-52 2.627664e-53 2.650373e-54 2.599964e-55 2.479862e-56 2.299129e-57 2.071329e-58 1.812834e-59 1.540857e-60 1.271547e-61 1.018447e-62 7.914950e-64 5.966635e-65 4.361625e-66 3.090792e-67 2.122549e-68 1.412131e-69 9.098782e-71 5.676010e-72 3.427001e-73 2.001958e-74 1.131157e-75 6.179797e-77 3.263357e-78 1.665131e-79 8.206901e-81 3.905793e-82 1.794280e-83 7.953767e-85 3.401000e-86 1.402299e-87 5.573433e-89 2.134519e-90 7.874428e-92 2.797210e-93 9.564514e-95 3.146854e-96 9.958857e-98 3.030429e-99 8.863440e-101 2.490838e-102 6.723172e-104 1.742323e-105 4.333594e-107 1.034122e-108 2.366674e-110 5.192610e-112 1.091821e-113 2.199241e-115 4.242159e-117 7.833039e-119 1.384010e-120 2.339107e-122 3.780059e-124 5.838760e-126 
1.286189e-20 4.939074e-20 1.859203e-19 6.861497e-19 2.483073e-18 8.812599e-18 3.067787e-17 1.047643e-16 3.510152e-16 1.154033e-15 3.723427e-15 1.179096e-14 3.665088e-14 1.118389e-13 3.350550e-13 9.855822e-13 2.846814e-12 8.075097e-12 2.249516e-11 6.154751e-11 1.654002e-10 4.366038e-10 1.132095e-09 2.883623e-09 7.215498e-09 1.773685e-08 4.283275e-08 1.016176e-07 2.368414e-07 5.423018e-07 1.219878e-06 2.695747e-06 5.852252e-06 1.248076e-05 2.614719e-05 5.381065e-05 1.087838e-04 2.160273e-04 4.214066e-04 8.075071e-04 1.520039e-03 2.810899e-03 5.106785e-03 9.115976e-03 1.599071e-02 2.756847e-02 4.672248e-02 7.785960e-02 1.276119e-01 2.057762e-01 3.265590e-01 5.101835e-01 7.848935e-01 1.189345e+00 1.775277e+00 2.610195e+00 3.779539e+00 5.387487e+00 7.555162e+00 1.041471e+01 1.409767e+01 1.871661e+01 2.433995e+01 3.096226e+01 3.847432e+01 4.664008e+01 5.508848e+01 6.332770e+01 7.078535e+01 7.687260e+01 8.106306e+01 8.297163e+01 8.241636e+01 7.944876e+01 7.434545e+01 6.756288e+01 5.966614e+01 5.124777e+01 4.285340e+01 3.492687e+01 2.778114e+01 2.159455e+01 1.642644e+01 1.224455e+01 8.955831e+00 6.434909e+00 4.546630e+00 3.161534e+00 2.164831e+00 1.460265e+00 9.705057e-01 6.355181e-01 4.099847e-01 2.605092e-01 1.629952e-01 1.003905e-01 6.084798e-02 3.628375e-02 2.128044e-02 1.227320e-02 6.959304e-03 3.879220e-03 2.125437e-03 1.144579e-03 6.057839e-04 3.151044e-04 1.610848e-04 8.093242e-05 3.996393e-05 1.939564e-05 9.252205e-06 4.338180e-06 1.999435e-06 9.058587e-07 4.034426e-07 1.766382e-07 7.602932e-08 3.217219e-08 1.338415e-08 5.474146e-09 2.201204e-09 8.702070e-10 3.382208e-10 1.292375e-10 4.854883e-11 1.792919e-11 6.509101e-12 2.322970e-12 8.149103e-13 2.809949e-13 9.523266e-14 3.172092e-14 1.038363e-14 3.340143e-15 1.055747e-15 3.278665e-16 1.000320e-16 2.998090e-17 8.826151e-18 2.551961e-18 7.246120e-19 2.020303e-19 5.530388e-20 1.486173e-20 3.920145e-21 1.014838e-21 2.578064e-22 6.425869e-23 1.571259e-23 3.768572e-24 8.864450e-25 2.044581e-25 4.623425e-26 1.024845e-26 2.226454e-27 4.739743e-28 9.885624e-29 2.019681e-29 4.041201e-30 7.917806e-31 1.518736e-31 2.851397e-32 5.238946e-33 9.417870e-34 1.656129e-34 2.848241e-35 4.789693e-36 7.873947e-37 1.265130e-37 1.986272e-38 3.046520e-39 4.563847e-40 6.676028e-41 9.533715e-42 1.328797e-42 1.807183e-43 2.397645e-44 3.102405e-45 3.914112e-46 4.813685e-47 5.769246e-48 6.736645e-49 7.661893e-50 8.485546e-51 9.148648e-52 9.599491e-53 9.800162e-54 9.731736e-55 9.397157e-56 8.821194e-57 8.047438e-58 7.132806e-59 6.140559e-60 5.132995e-61 4.165038e-62 3.279598e-63 2.505204e-64 1.855891e-65 1.332950e-66 9.278776e-68 6.258150e-69 4.088284e-70 2.586047e-71 1.583402e-72 9.381320e-74 5.376648e-75 2.979822e-76 1.596450e-77 8.265334e-79 4.133888e-80 1.996652e-81 9.309844e-83 4.189179e-84 1.818490e-85 7.612671e-87 3.072234e-88 1.194839e-89 4.476595e-91 1.615155e-92 5.609872e-94 1.875024e-95 6.028628e-97 1.863929e-98 5.539630e-100 1.582023e-101 4.339751e-103 1.143079e-104 2.889915e-106 7.010181e-108 1.630971e-109 3.638082e-111 7.777580e-113 1.592935e-114 3.124415e-116 5.866667e-118 1.054147e-119 1.811891e-121 2.977960e-123 4.678376e-125 7.022554e-127 
8.180205e-21 3.174001e-20 1.207123e-19 4.500576e-19 1.645225e-18 5.897780e-18 2.073581e-17 7.151274e-17 2.419543e-16 8.032051e-16 2.616466e-15 8.364677e-15 2.624677e-14 8.084248e-14 2.444454e-13 7.256739e-13 2.115213e-12 6.054144e-12 1.701638e-11 4.697045e-11 1.273354e-10 3.390483e-10 8.867065e-10 2.277819e-09 5.747666e-09 1.424643e-08 3.468714e-08 8.296269e-08 1.949169e-07 4.498486e-07 1.019835e-06 2.271083e-06 4.967851e-06 1.067399e-05 2.252675e-05 4.669534e-05 9.506988e-05 1.901077e-04 3.733706e-04 7.202196e-04 1.364524e-03 2.539240e-03 4.641499e-03 8.334550e-03 1.470372e-02 2.548952e-02 4.342808e-02 7.273737e-02 1.197961e-01 1.940705e-01 3.093508e-01 4.853563e-01 7.497554e-01 1.140601e+00 1.709097e+00 2.522437e+00 3.666228e+00 5.245634e+00 7.383987e+00 1.021726e+01 1.388271e+01 1.850032e+01 2.414706e+01 3.082573e+01 3.843306e+01 4.673432e+01 5.535316e+01 6.378480e+01 7.143701e+01 7.769692e+01 8.201426e+01 8.398517e+01 8.341821e+01 8.036695e+01 7.512106e+01 6.815802e+01 6.006729e+01 5.146423e+01 4.291197e+01 3.486451e+01 2.763761e+01 2.140642e+01 1.622341e+01 1.204792e+01 8.778797e+00 6.283943e+00 4.423292e+00 3.064245e+00 2.090330e+00 1.404660e+00 9.299421e-01 6.065375e-01 3.896808e-01 2.465490e-01 1.535719e-01 9.414496e-02 5.678381e-02 3.368756e-02 1.965270e-02 1.127172e-02 6.354755e-03 3.521203e-03 1.917456e-03 1.026064e-03 5.395396e-04 2.787827e-04 1.415482e-04 7.062318e-05 3.462638e-05 1.668398e-05 7.900276e-06 3.676660e-06 1.681712e-06 7.560571e-07 3.341017e-07 1.451240e-07 6.196537e-08 2.600873e-08 1.073144e-08 4.352831e-09 1.735656e-09 6.803534e-10 2.621696e-10 9.931216e-11 3.698172e-11 1.353712e-11 4.870871e-12 1.722712e-12 5.988610e-13 2.046094e-13 6.870489e-14 2.267180e-14 7.351767e-15 2.342468e-15 7.333276e-16 2.255427e-16 6.814394e-17 2.022333e-17 5.894705e-18 1.687369e-18 4.742955e-19 1.308969e-19 3.546495e-20 9.432029e-21 2.462015e-21 6.306644e-22 1.585141e-22 3.908750e-23 9.454627e-24 2.242962e-24 5.217990e-25 1.190197e-25 2.661324e-26 5.832670e-27 1.252717e-27 2.636202e-28 5.434584e-29 1.097328e-29 2.169739e-30 4.200461e-31 7.960132e-32 1.476357e-32 2.679309e-33 4.756913e-34 8.260529e-35 1.402745e-35 2.328861e-36 3.779268e-37 5.993410e-38 9.286338e-39 1.405463e-39 2.077292e-40 2.997620e-41 4.222332e-42 5.803895e-43 7.783438e-44 1.018122e-44 1.298659e-45 1.614903e-46 1.957228e-47 2.311354e-48 2.658928e-49 2.978829e-50 3.249120e-51 3.449436e-52 3.563465e-53 3.581107e-54 3.499932e-55 3.325642e-56 3.071422e-57 2.756291e-58 2.402726e-59 2.033985e-60 1.671574e-61 1.333233e-62 1.031707e-63 7.743591e-65 5.635459e-66 3.975398e-67 2.717433e-68 1.799390e-69 1.153826e-70 7.162476e-72 4.302804e-73 2.500705e-74 1.405567e-75 7.637900e-77 4.011281e-78 2.035314e-79 9.974037e-81 4.719023e-82 2.154887e-83 9.493725e-85 4.034005e-86 1.652611e-87 6.525066e-89 2.482129e-90 9.093538e-92 3.207405e-93 1.088753e-94 3.555507e-96 1.116634e-97 3.371297e-99 9.781371e-101 2.726199e-102 7.296392e-104 1.874516e-105 4.621009e-107 1.092666e-108 2.477288e-110 5.383181e-112 1.120751e-113 2.234711e-115 4.265884e-117 7.793014e-119 1.361894e-120 2.275912e-122 3.635584e-124 5.549213e-126 8.090198e-128 
5.150962e-21 2.019879e-20 7.762903e-20 2.924531e-19 1.080165e-18 3.911935e-18 1.389391e-17 4.840045e-17 1.653958e-16 5.545051e-16 1.824085e-15 5.888343e-15 1.865508e-14 5.800979e-14 1.770710e-13 5.306081e-13 1.561049e-12 4.509291e-12 1.279024e-11 3.562497e-11 9.744499e-11 2.617666e-10 6.906152e-10 1.789533e-09 4.554454e-09 1.138503e-08 2.795368e-08 6.741442e-08 1.596891e-07 3.715381e-07 8.490467e-07 1.905689e-06 4.201023e-06 9.095563e-06 1.934032e-05 4.038732e-05 8.282511e-05 1.668033e-04 3.298874e-04 6.406820e-04 1.221907e-03 2.288567e-03 4.209592e-03 7.605023e-03 1.349562e-02 2.352781e-02 4.030405e-02 6.785716e-02 1.123162e-01 1.828202e-01 2.927443e-01 4.613016e-01 7.155757e-01 1.092998e+00 1.644197e+00 2.436005e+00 3.554119e+00 5.104603e+00 7.212922e+00 1.001886e+01 1.366542e+01 1.828026e+01 2.394925e+01 3.068399e+01 3.838777e+01 4.682768e+01 5.562227e+01 6.425349e+01 7.210843e+01 7.854887e+01 8.299921e+01 8.503556e+01 8.445638e+01 8.131740e+01 7.592221e+01 6.877067e+01 6.047802e+01 5.168365e+01 4.296886e+01 3.479793e+01 2.748912e+01 2.121385e+01 1.601714e+01 1.184942e+01 8.601117e+00 6.133248e+00 4.300802e+00 2.968086e+00 2.017026e+00 1.350181e+00 8.903612e-01 5.783713e-01 3.700252e-01 2.330887e-01 1.445233e-01 8.817347e-02 5.291549e-02 3.122818e-02 1.811843e-02 1.033271e-02 5.791036e-03 3.189285e-03 1.725792e-03 9.175262e-04 4.792610e-04 2.459506e-04 1.240086e-04 6.143218e-05 2.990169e-05 1.430112e-05 6.721083e-06 3.104015e-06 1.408783e-06 6.283771e-07 2.754675e-07 1.186891e-07 5.026388e-08 2.092272e-08 8.560654e-09 3.442938e-09 1.361097e-09 5.289179e-10 2.020344e-10 7.585703e-11 2.799580e-11 1.015563e-11 3.620967e-12 1.268910e-12 4.370263e-13 1.479223e-13 4.920232e-14 1.608189e-14 5.164870e-15 1.629750e-15 5.052291e-16 1.538597e-16 4.602482e-17 1.352225e-17 3.901682e-18 1.105491e-18 3.075471e-19 8.399831e-20 2.252060e-20 5.926327e-21 1.530492e-21 3.878449e-22 9.642868e-23 2.351869e-23 5.626193e-24 1.319911e-24 3.036231e-25 6.847242e-26 1.513615e-26 3.279146e-27 6.961076e-28 1.447723e-28 2.949234e-29 5.883930e-30 1.149419e-30 2.198154e-31 4.114544e-32 7.536714e-33 1.350675e-33 2.367763e-34 4.059312e-35 6.804568e-36 1.115033e-36 1.785740e-37 2.794437e-38 4.271856e-39 6.378004e-40 9.298155e-41 1.323272e-41 1.837963e-42 2.490885e-43 3.293001e-44 4.245630e-45 5.336962e-46 6.539368e-47 7.808252e-48 9.083090e-49 1.029104e-49 1.135306e-50 1.219204e-51 1.274176e-52 1.295540e-53 1.281203e-54 1.231988e-55 1.151573e-56 1.046035e-57 9.230883e-59 7.911398e-60 6.583335e-61 5.317283e-62 4.167274e-63 3.168099e-64 2.335579e-65 1.669180e-66 1.156077e-67 7.757238e-69 5.041081e-70 3.171726e-71 1.931438e-72 1.137983e-73 6.485086e-75 3.573350e-76 1.903130e-77 9.793695e-79 4.868120e-80 2.336483e-81 1.082430e-82 4.838612e-84 2.086282e-85 8.673662e-87 3.475797e-88 1.342064e-89 4.991165e-91 1.787242e-92 6.159692e-94 2.042535e-95 6.514110e-97 1.997352e-98 5.885814e-100 1.666282e-101 4.530198e-103 1.182358e-104 2.961278e-106 7.114476e-108 1.638982e-109 3.619154e-111 7.657276e-113 1.551703e-114 3.010526e-116 5.589939e-118 9.929652e-120 1.686764e-121 2.739040e-123 4.250077e-125 6.299116e-127 8.914081e-129 
3.210131e-21 1.272474e-20 4.943069e-20 1.882079e-19 7.024923e-19 2.570834e-18 9.225697e-18 3.246968e-17 1.120906e-16 3.796018e-16 1.261271e-15 4.112061e-15 1.315616e-14 4.131065e-14 1.273208e-13 3.851943e-13 1.144035e-12 3.335877e-12 9.550407e-12 2.684733e-11 7.410904e-11 2.008872e-10 5.347628e-10 1.398016e-09 3.589348e-09 9.050638e-09 2.241339e-08 5.451322e-08 1.302149e-07 3.054780e-07 7.038052e-07 1.592462e-06 3.538492e-06 7.721237e-06 1.654478e-05 3.481174e-05 7.192284e-05 1.459054e-04 2.906220e-04 5.683711e-04 1.091393e-03 2.057702e-03 3.809368e-03 6.925019e-03 1.236318e-02 2.167905e-02 3.734483e-02 6.321203e-02 1.051639e-01 1.720157e-01 2.767290e-01 4.380090e-01 6.823460e-01 1.046530e+00 1.580583e+00 2.350915e+00 3.443242e+00 4.964432e+00 7.042002e+00 9.819494e+00 1.344573e+01 1.805624e+01 2.374622e+01 3.053660e+01 3.833789e+01 4.691960e+01 5.589536e+01 6.473361e+01 7.279983e+01 7.942910e+01 8.401891e+01 8.612402e+01 8.553205e+01 8.230105e+01 7.674945e+01 6.940093e+01 6.089809e+01 5.190556e+01 4.302350e+01 3.472661e+01 2.733527e+01 2.101660e+01 1.580749e+01 1.164901e+01 8.422803e+00 5.982856e+00 4.179191e+00 2.873080e+00 1.944928e+00 1.296830e+00 8.517585e-01 5.510115e-01 3.510088e-01 2.201190e-01 1.358412e-01 8.246901e-02 4.923722e-02 2.890104e-02 1.667412e-02 9.453540e-03 5.266235e-03 2.882114e-03 1.549511e-03 8.183364e-04 4.245377e-04 2.163468e-04 1.083040e-04 5.326150e-05 2.573219e-05 1.221394e-05 5.696048e-06 2.610077e-06 1.175215e-06 5.199812e-07 2.260913e-07 9.661043e-08 4.057178e-08 1.674547e-08 6.792884e-09 2.708338e-09 1.061324e-09 4.087826e-10 1.547515e-10 5.758003e-11 2.105702e-11 7.568334e-12 2.673436e-12 9.280905e-13 3.166239e-13 1.061474e-13 3.496740e-14 1.131826e-14 3.599398e-15 1.124559e-15 3.451458e-16 1.040530e-16 3.081057e-17 8.959758e-18 2.558590e-18 7.174096e-19 1.974910e-19 5.336922e-20 1.415615e-20 3.685152e-21 9.413799e-22 2.359472e-22 5.801550e-23 1.399232e-23 3.309691e-24 7.676620e-25 1.745698e-25 3.891473e-26 8.502224e-27 1.820332e-27 3.818497e-28 7.846578e-29 1.579192e-29 3.112255e-30 6.005074e-31 1.134175e-31 2.096402e-32 3.791525e-33 6.708245e-34 1.160831e-34 1.964270e-35 3.249468e-36 5.254197e-37 8.302071e-38 1.281605e-38 1.932455e-39 2.845448e-40 4.090487e-41 5.739552e-42 7.858756e-43 1.049772e-43 1.367707e-44 1.737551e-45 2.151875e-46 2.597279e-47 3.054414e-48 3.498881e-49 3.903060e-50 4.238749e-51 4.480298e-52 4.607777e-53 4.609662e-54 4.484520e-55 4.241377e-56 3.898662e-57 3.481883e-58 3.020465e-59 2.544276e-60 2.080434e-61 1.650859e-62 1.270862e-63 9.488207e-65 6.868003e-66 4.818365e-67 3.275315e-68 2.156504e-69 1.374834e-70 8.484188e-72 5.066255e-73 2.926413e-74 1.634595e-75 8.825999e-77 4.605199e-78 2.321211e-79 1.129828e-80 5.308723e-82 2.407108e-83 1.052872e-84 4.440947e-86 1.805678e-87 7.074782e-89 2.670158e-90 9.704061e-92 3.394718e-93 1.142687e-94 3.699677e-96 1.151731e-97 3.446092e-99 9.906665e-101 2.735199e-102 7.250141e-104 1.844312e-105 4.500764e-107 1.053259e-108 2.362730e-110 5.078719e-112 1.045652e-113 2.061310e-115 3.889137e-117 7.020154e-119 1.211861e-120 1.999866e-122 3.153694e-124 4.750472e-126 6.832520e-128 9.379500e-130 
1.979269e-21 7.932652e-21 3.115394e-20 1.199114e-19 4.524080e-19 1.673360e-18 6.068787e-18 2.158387e-17 7.528876e-17 2.576088e-16 8.647171e-16 2.847873e-15 9.203388e-15 2.918771e-14 9.084881e-14 2.775516e-13 8.323564e-13 2.450463e-12 7.082553e-12 2.009835e-11 5.599935e-11 1.532065e-10 4.115852e-10 1.085785e-09 2.812804e-09 7.155724e-09 1.787680e-08 4.385796e-08 1.056640e-07 2.499886e-07 5.807902e-07 1.324993e-06 2.968179e-06 6.528803e-06 1.410028e-05 2.989893e-05 6.224434e-05 1.272168e-04 2.552559e-04 5.027864e-04 9.722157e-04 1.845507e-03 3.439180e-03 6.292221e-03 1.130321e-02 1.993901e-02 3.454498e-02 5.879512e-02 9.833090e-02 1.616473e-01 2.612943e-01 4.154678e-01 6.500576e-01 1.001193e+00 1.518257e+00 2.267183e+00 3.333624e+00 4.825160e+00 6.871265e+00 9.619186e+00 1.322361e+01 1.782813e+01 2.353766e+01 3.038310e+01 3.828286e+01 4.700946e+01 5.617194e+01 6.522494e+01 7.351142e+01 8.033829e+01 8.507444e+01 8.725182e+01 8.664646e+01 8.331886e+01 7.760333e+01 7.004893e+01 6.132724e+01 5.212945e+01 4.307532e+01 3.465002e+01 2.717566e+01 2.081440e+01 1.559435e+01 1.144666e+01 8.243877e+00 5.832805e+00 4.058495e+00 2.779250e+00 1.874050e+00 1.244607e+00 8.141293e-01 5.244498e-01 3.326221e-01 2.076308e-01 1.275174e-01 7.702458e-02 4.574333e-02 2.670166e-02 1.531634e-02 8.631647e-03 4.778491e-03 2.598374e-03 1.387709e-03 7.278921e-04 3.749777e-04 1.897233e-04 9.428148e-05 4.601949e-05 2.206426e-05 1.039186e-05 4.808170e-06 2.185616e-06 9.761134e-07 4.283341e-07 1.846897e-07 7.825281e-08 3.258152e-08 1.333127e-08 5.360587e-09 2.118373e-09 8.227117e-10 3.140155e-10 1.177911e-10 4.342391e-11 1.573237e-11 5.601434e-12 1.959891e-12 6.738722e-13 2.276764e-13 7.558451e-14 2.465463e-14 7.901123e-15 2.487568e-15 7.693526e-16 2.337255e-16 6.973976e-17 2.043663e-17 5.880997e-18 1.661735e-18 4.609939e-19 1.255460e-19 3.356092e-20 8.805116e-21 2.267000e-21 5.726981e-22 1.419379e-22 3.450708e-23 8.227948e-24 1.923902e-24 4.410779e-25 9.913322e-26 2.183854e-26 4.714715e-27 9.973327e-28 2.066811e-28 4.195264e-29 8.339413e-30 1.623109e-30 3.092517e-31 5.766921e-32 1.052340e-32 1.878713e-33 3.280700e-34 5.602513e-35 9.354405e-36 1.526763e-36 2.435302e-37 3.795439e-38 5.778292e-39 8.591411e-40 1.247253e-40 1.767525e-41 2.444514e-42 3.298589e-43 4.341745e-44 5.573029e-45 6.974255e-46 8.506901e-47 1.011109e-47 1.170744e-48 1.320221e-49 1.449552e-50 1.549188e-51 1.611152e-52 1.630079e-53 1.603973e-54 1.534534e-55 1.426990e-56 1.289445e-57 1.131861e-58 9.648538e-60 7.985033e-61 6.413660e-62 4.998216e-63 3.778059e-64 2.769048e-65 1.967263e-66 1.354334e-67 9.031917e-69 5.832889e-70 3.646652e-71 2.206318e-72 1.291397e-73 7.310104e-75 4.000477e-76 2.115808e-77 1.081103e-78 5.334996e-80 2.541705e-81 1.168658e-82 5.184029e-84 2.217736e-85 9.146579e-87 3.635442e-88 1.392026e-89 5.132987e-91 1.822073e-92 6.224058e-94 2.045181e-95 6.462157e-97 1.962671e-98 5.727666e-100 1.605472e-101 4.320724e-103 1.116022e-104 2.765565e-106 6.572366e-108 1.497330e-109 3.268903e-111 6.836047e-113 1.368850e-114 2.623514e-116 4.810783e-118 8.436864e-120 1.414511e-121 2.266308e-123 3.468527e-125 5.068872e-127 7.070391e-129 9.409515e-131 
1.206880e-21 4.891779e-21 1.942715e-20 7.560720e-20 2.884025e-19 1.078410e-18 3.953502e-18 1.421201e-17 5.010297e-17 1.732455e-16 5.876309e-16 1.955428e-15 6.384416e-15 2.045443e-14 6.431053e-14 1.984467e-13 6.010464e-13 1.786928e-12 5.215189e-12 1.494249e-11 4.203282e-11 1.160876e-10 3.147975e-10 8.381802e-10 2.191359e-09 5.625563e-09 1.418069e-08 3.510000e-08 8.530837e-08 2.035842e-07 4.770402e-07 1.097518e-06 2.479130e-06 5.497953e-06 1.197011e-05 2.558417e-05 5.367853e-05 1.105520e-04 2.234872e-04 4.434497e-04 8.636402e-04 1.650882e-03 3.097429e-03 5.704372e-03 1.031262e-02 1.830357e-02 3.189912e-02 5.459968e-02 9.180896e-02 1.517053e-01 2.464296e-01 3.936675e-01 6.187014e-01 9.569843e-01 1.457224e+00 2.184825e+00 3.225296e+00 4.686831e+00 6.700754e+00 9.417954e+00 1.299900e+01 1.759576e+01 2.332327e+01 3.022300e+01 3.822206e+01 4.709663e+01 5.645149e+01 6.572725e+01 7.424341e+01 8.127713e+01 8.616689e+01 8.842029e+01 8.780091e+01 8.437187e+01 7.848444e+01 7.071476e+01 6.176515e+01 5.235478e+01 4.312369e+01 3.456761e+01 2.700988e+01 2.060701e+01 1.537761e+01 1.124235e+01 8.064364e+00 5.683135e+00 3.938751e+00 2.686621e+00 1.804402e+00 1.193514e+00 7.774683e-01 4.986778e-01 3.148556e-01 1.956148e-01 1.195436e-01 7.183329e-02 4.242819e-02 2.462560e-02 1.404170e-02 7.864518e-03 4.325988e-03 2.336789e-03 1.239515e-03 6.456146e-04 3.302071e-04 1.658450e-04 8.179737e-05 3.962048e-05 1.884819e-05 8.806764e-06 4.041925e-06 1.822271e-06 8.070823e-07 3.511785e-07 1.501297e-07 6.306016e-08 2.602625e-08 1.055485e-08 4.206193e-09 1.647149e-09 6.338544e-10 2.396973e-10 8.907463e-11 3.252818e-11 1.167279e-11 4.116142e-12 1.426247e-12 4.855937e-13 1.624456e-13 5.339232e-14 1.724099e-14 5.469304e-15 1.704352e-15 5.216901e-16 1.568402e-16 4.630813e-17 1.342680e-17 3.822624e-18 1.068514e-18 2.932118e-19 7.897992e-20 2.088020e-20 5.417285e-21 1.379121e-21 3.444599e-22 8.439775e-23 2.028229e-23 4.780053e-24 1.104619e-24 2.502579e-25 5.557624e-26 1.209608e-26 2.579768e-27 5.390408e-28 1.103291e-28 2.211604e-29 4.341026e-30 8.341853e-31 1.569038e-31 2.888148e-32 5.201547e-33 9.163967e-34 1.578998e-34 2.660321e-35 4.381743e-36 7.053818e-37 1.109606e-37 1.705226e-38 2.559548e-39 3.751548e-40 5.368100e-41 7.497018e-42 1.021664e-42 1.358222e-43 1.761035e-44 2.226324e-45 2.743596e-46 3.294954e-47 3.855324e-48 4.393781e-49 4.876003e-50 5.267665e-51 5.538349e-52 5.665372e-53 5.636884e-54 5.453651e-55 5.129172e-56 4.688039e-57 4.162846e-58 3.590167e-59 3.006302e-60 2.443495e-61 1.927158e-62 1.474397e-63 1.093873e-64 7.867486e-66 5.483819e-67 3.703120e-68 2.421857e-69 1.533494e-70 9.397772e-72 5.572261e-73 3.195622e-74 1.771941e-75 9.496506e-77 4.917560e-78 2.459549e-79 1.187761e-80 5.536270e-82 2.489807e-83 1.079987e-84 4.516687e-86 1.820589e-87 7.070270e-89 2.644432e-90 9.522278e-92 3.299891e-93 1.100136e-94 3.527096e-96 1.087047e-97 3.219397e-99 9.158607e-101 2.501764e-102 6.559298e-104 1.650039e-105 3.980956e-107 9.208040e-109 2.041093e-110 4.334140e-112 8.812831e-114 1.715252e-115 3.194237e-117 5.689306e-119 9.687915e-121 1.576542e-122 2.450810e-124 3.638040e-126 5.154695e-128 6.968511e-130 8.984672e-132 
7.274788e-22 2.982757e-21 1.198153e-20 4.716036e-20 1.819207e-19 6.878520e-19 2.549652e-18 9.266206e-18 3.302307e-17 1.154208e-16 3.956901e-16 1.330705e-15 4.390474e-15 1.421311e-14 4.514984e-14 1.407510e-13 4.306360e-13 1.293197e-12 3.811922e-12 1.102995e-11 3.133109e-11 8.737139e-11 2.392049e-10 6.429694e-10 1.696831e-09 4.396631e-09 1.118502e-08 2.793750e-08 6.851207e-08 1.649558e-07 3.899224e-07 9.048668e-07 2.061439e-06 4.610167e-06 1.012052e-05 2.180752e-05 4.612168e-05 9.573634e-05 1.950297e-04 3.899054e-04 7.649605e-04 1.472766e-03 2.782566e-03 5.159271e-03 9.388382e-03 1.676865e-02 2.940197e-02 5.061903e-02 8.558993e-02 1.421802e-01 2.321242e-01 3.725971e-01 5.882680e-01 9.138970e-01 1.397486e+00 2.103855e+00 3.118290e+00 4.549490e+00 6.530519e+00 9.215827e+00 1.277188e+01 1.735900e+01 2.310274e+01 3.005585e+01 3.815485e+01 4.718040e+01 5.673343e+01 6.624027e+01 7.499598e+01 8.224633e+01 8.729743e+01 8.963083e+01 8.899676e+01 8.546113e+01 7.939336e+01 7.139848e+01 6.221148e+01 5.258094e+01 4.316796e+01 3.447880e+01 2.683751e+01 2.039418e+01 1.515715e+01 1.103607e+01 7.884298e+00 5.533894e+00 3.819998e+00 2.595219e+00 1.735996e+00 1.143552e+00 7.417700e-01 4.736867e-01 2.976996e-01 1.840618e-01 1.119117e-01 6.688829e-02 3.928627e-02 2.266854e-02 1.284689e-02 7.149701e-03 3.906962e-03 2.096126e-03 1.104091e-03 5.709495e-04 2.898699e-04 1.444898e-04 7.071663e-05 3.398466e-05 1.603801e-05 7.432833e-06 3.383186e-06 1.512499e-06 6.641882e-07 2.865110e-07 1.214145e-07 5.054770e-08 2.067539e-08 8.308921e-09 3.280860e-09 1.272898e-09 4.852554e-10 1.817699e-10 6.690364e-11 2.419645e-11 8.598499e-12 3.002301e-12 1.029995e-12 3.471772e-13 1.149700e-13 3.740372e-14 1.195416e-14 3.752931e-15 1.157286e-15 3.505080e-16 1.042576e-16 3.045319e-17 8.734416e-18 2.459625e-18 6.799752e-19 1.845269e-19 4.914950e-20 1.284754e-20 3.295399e-21 8.293298e-22 2.047479e-22 4.958201e-23 1.177548e-23 2.742320e-24 6.261472e-25 1.401473e-25 3.074485e-26 6.609473e-27 1.392175e-27 2.872614e-28 5.805490e-29 1.148944e-29 2.226259e-30 4.222658e-31 7.838705e-32 1.423850e-32 2.530213e-33 4.397772e-34 7.474795e-35 1.242120e-35 2.017576e-36 3.202598e-37 4.966865e-38 7.524369e-39 1.113177e-39 1.607911e-40 2.267038e-41 3.119241e-42 4.187210e-43 5.482486e-44 6.999978e-45 8.713057e-46 1.057026e-46 1.249474e-47 1.438730e-48 1.613334e-49 1.761338e-50 1.871605e-51 1.935162e-52 1.946384e-53 1.903808e-54 1.810403e-55 1.673238e-56 1.502594e-57 1.310680e-58 1.110176e-59 9.128393e-61 7.284001e-62 5.638759e-63 4.233487e-64 3.081600e-65 2.174094e-66 1.486154e-67 9.839915e-69 6.308376e-70 3.914698e-71 2.350651e-72 1.365338e-73 7.668440e-75 4.163313e-76 2.184169e-77 1.106872e-78 5.416507e-80 2.558578e-81 1.166221e-82 5.127542e-84 2.173839e-85 8.883351e-87 3.497829e-88 1.326576e-89 4.844138e-91 1.702509e-92 5.756882e-94 1.872174e-95 5.853303e-97 1.758674e-98 5.076127e-100 1.406936e-101 3.743195e-103 9.555799e-105 2.339794e-106 5.492922e-108 1.235869e-109 2.663861e-111 5.498550e-113 1.086446e-114 2.054076e-116 3.714484e-118 6.422117e-120 1.061156e-121 1.675040e-123 2.524868e-125 3.632804e-127 4.987205e-129 6.529891e-131 8.150977e-133 
4.332959e-22 1.797571e-21 7.305354e-21 2.908868e-20 1.135024e-19 4.340627e-19 1.627165e-18 5.980051e-18 2.154925e-17 7.615004e-17 2.639203e-16 8.972037e-16 2.992077e-15 9.789554e-15 3.142701e-14 9.899923e-14 3.060445e-13 9.285242e-13 2.764946e-12 8.081468e-12 2.318601e-11 6.529989e-11 1.805363e-10 4.899978e-10 1.305597e-09 3.415183e-09 8.770208e-09 2.211028e-08 5.472193e-08 1.329541e-07 3.171051e-07 7.424207e-07 1.706177e-06 3.848612e-06 8.520551e-06 1.851356e-05 3.947716e-05 8.260571e-05 1.696127e-04 3.417192e-04 6.755002e-04 1.310134e-03 2.493085e-03 4.654775e-03 8.527523e-03 1.533028e-02 2.704834e-02 4.684661e-02 7.966577e-02 1.330625e-01 2.183675e-01 3.522459e-01 5.587479e-01 8.719262e-01 1.339045e+00 2.024290e+00 3.012637e+00 4.413185e+00 6.360615e+00 9.012843e+00 1.254223e+01 1.711770e+01 2.287579e+01 2.988112e+01 3.808058e+01 4.726006e+01 5.701713e+01 6.676369e+01 7.576931e+01 8.324663e+01 8.846729e+01 9.088494e+01 9.023548e+01 8.658777e+01 8.033070e+01 7.210015e+01 6.266584e+01 5.280730e+01 4.320743e+01 3.438298e+01 2.665813e+01 2.017566e+01 1.493289e+01 1.082781e+01 7.703720e+00 5.385131e+00 3.702276e+00 2.505068e+00 1.668842e+00 1.094721e+00 7.070282e-01 4.494676e-01 2.811446e-01 1.729629e-01 1.046138e-01 6.218285e-02 3.631212e-02 2.082619e-02 1.172866e-02 6.484799e-03 3.519693e-03 1.875187e-03 9.806267e-04 5.033656e-04 2.536275e-04 1.254476e-04 6.091271e-05 2.903776e-05 1.359128e-05 6.246452e-06 2.819134e-06 1.249510e-06 5.439224e-07 2.325607e-07 9.767082e-08 4.029455e-08 1.633059e-08 6.502046e-09 2.543345e-09 9.774164e-10 3.690467e-10 1.369038e-10 4.989811e-11 1.786840e-11 6.286593e-12 2.173029e-12 7.379465e-13 2.461951e-13 8.068851e-14 2.597775e-14 8.215342e-15 2.551866e-15 7.785191e-16 2.332533e-16 6.862767e-17 1.982651e-17 5.623786e-18 1.566047e-18 4.280841e-19 1.148562e-19 3.024344e-20 7.814604e-21 1.981197e-21 4.927609e-22 1.202193e-22 2.876606e-23 6.749809e-24 1.552896e-24 3.502401e-25 7.742703e-26 1.677456e-26 3.560973e-27 7.405761e-28 1.508612e-28 3.009629e-29 5.878896e-30 1.124199e-30 2.104124e-31 3.853843e-32 6.905951e-33 1.210516e-33 2.075125e-34 3.478175e-35 5.698994e-36 9.126165e-37 1.427987e-37 2.182764e-38 3.258630e-39 4.750144e-40 6.759556e-41 9.387797e-42 1.272144e-42 1.681620e-43 2.167844e-44 2.724743e-45 3.338162e-46 3.985283e-47 4.635162e-48 5.250581e-49 5.791190e-50 6.217645e-51 6.496212e-52 6.603095e-53 6.527750e-54 6.274546e-55 5.862416e-56 5.322528e-57 4.694358e-58 4.020871e-59 3.343622e-60 2.698566e-61 2.113161e-62 1.605014e-63 1.182045e-64 8.438379e-66 5.837312e-67 3.911595e-68 2.538275e-69 1.594495e-70 9.693070e-72 5.700414e-73 3.241979e-74 1.782474e-75 9.470984e-77 4.861540e-78 2.409942e-79 1.153291e-80 5.326182e-82 2.372908e-83 1.019475e-84 4.222248e-86 1.685089e-87 6.478185e-89 2.398131e-90 8.545130e-92 2.929724e-93 9.661219e-95 3.063151e-96 9.334028e-98 2.732538e-99 7.682292e-101 2.073353e-102 5.369611e-104 1.333915e-105 3.177292e-107 7.253647e-109 1.586544e-110 3.323304e-112 6.663993e-114 1.278703e-115 2.346924e-117 4.118557e-119 6.907646e-121 1.106817e-122 1.693570e-124 2.473619e-126 3.447348e-128 4.582260e-130 5.806791e-132 7.012512e-134 
2.548926e-22 1.070226e-21 4.401533e-21 1.773440e-20 7.001392e-20 2.708796e-19 1.027207e-18 3.818494e-18 1.391679e-17 4.973428e-17 1.742997e-16 5.991183e-16 2.020002e-15 6.681270e-15 2.168085e-14 6.903066e-14 2.156709e-13 6.612363e-13 1.989602e-12 5.875503e-12 1.703001e-11 4.845004e-11 1.352998e-10 3.708812e-10 9.979635e-10 2.635970e-09 6.834590e-09 1.739511e-08 4.345876e-08 1.065744e-07 2.565309e-07 6.060671e-07 1.405322e-06 3.198031e-06 7.141931e-06 1.565121e-05 3.365517e-05 7.100655e-05 1.469808e-04 2.984783e-04 5.946113e-04 1.162000e-03 2.227531e-03 4.188794e-03 7.727146e-03 1.398454e-02 2.483311e-02 4.327594e-02 7.402851e-02 1.243428e-01 2.051491e-01 3.326028e-01 5.301312e-01 8.310656e-01 1.281905e+00 1.946142e+00 2.908369e+00 4.277965e+00 6.191102e+00 8.809048e+00 1.231004e+01 1.687176e+01 2.264211e+01 2.969834e+01 3.799854e+01 4.733482e+01 5.730191e+01 6.729714e+01 7.656356e+01 8.427879e+01 8.967775e+01 9.218419e+01 9.151858e+01 8.775295e+01 8.129707e+01 7.281982e+01 6.312780e+01 5.303316e+01 4.324136e+01 3.427954e+01 2.647130e+01 1.995123e+01 1.470473e+01 1.061758e+01 7.522679e+00 5.236900e+00 3.585628e+00 2.416195e+00 1.602951e+00 1.047021e+00 6.732366e-01 4.260114e-01 2.651808e-01 1.623087e-01 9.764171e-02 5.771030e-02 3.350037e-02 1.909436e-02 1.068384e-02 5.867468e-03 3.162510e-03 1.672814e-03 8.683442e-04 4.423553e-04 2.211582e-04 1.085207e-04 5.226723e-05 2.471088e-05 1.146898e-05 5.226070e-06 2.338170e-06 1.027217e-06 4.431669e-07 1.877682e-07 7.813669e-08 3.193683e-08 1.282197e-08 5.056659e-09 1.958998e-09 7.455536e-10 2.787451e-10 1.023824e-10 3.694324e-11 1.309592e-11 4.560620e-12 1.560239e-12 5.243570e-13 1.731082e-13 5.613659e-14 1.788100e-14 5.594119e-15 1.718857e-15 5.186647e-16 1.536883e-16 4.471642e-17 1.277404e-17 3.582485e-18 9.862623e-19 2.665062e-19 7.067753e-20 1.839349e-20 4.696815e-21 1.176641e-21 2.891537e-22 6.969448e-23 1.647370e-23 3.818064e-24 8.675385e-25 1.932235e-25 4.217806e-26 9.021875e-27 1.890674e-27 3.881239e-28 7.803332e-29 1.536265e-29 2.961060e-30 5.586501e-31 1.031476e-31 1.863452e-32 3.293279e-33 5.692457e-34 9.621438e-35 1.589848e-35 2.567740e-36 4.052562e-37 6.248745e-38 9.411095e-39 1.384108e-39 1.987372e-40 2.785239e-41 3.809022e-42 5.081878e-43 6.612797e-44 8.390450e-45 1.037796e-45 1.250982e-46 1.469221e-47 1.680750e-48 1.872322e-49 2.030483e-50 2.143080e-51 2.200770e-52 2.198285e-53 2.135210e-54 2.016126e-55 1.850062e-56 1.649366e-57 1.428165e-58 1.200709e-59 9.798531e-61 7.759129e-62 5.960146e-63 4.439711e-64 3.206026e-65 2.243640e-66 1.521147e-67 9.987979e-69 6.349330e-70 3.906395e-71 2.325280e-72 1.338680e-73 7.451279e-75 4.008544e-76 2.083494e-77 1.045909e-78 5.069178e-80 2.371194e-81 1.070103e-82 4.657524e-84 1.954323e-85 7.902944e-87 3.078728e-88 1.154998e-89 4.171138e-91 1.449529e-92 4.845431e-94 1.557415e-95 4.811437e-97 1.428154e-98 4.071320e-100 1.114255e-101 2.926524e-103 7.373344e-105 1.781348e-106 4.125063e-108 9.152399e-110 1.944849e-111 3.956463e-113 7.702309e-115 1.434331e-116 2.553959e-118 4.346453e-120 7.066960e-122 1.097303e-123 1.626430e-125 2.300263e-127 3.102925e-129 3.990561e-131 4.890833e-133 5.709982e-135 
1.480224e-22 6.291876e-22 2.619378e-21 1.068209e-20 4.268014e-20 1.671000e-19 6.411711e-19 2.411470e-18 8.891201e-18 3.214158e-17 1.139349e-16 3.960776e-16 1.350473e-15 4.516678e-15 1.481909e-14 4.770144e-14 1.506553e-13 4.668876e-13 1.419853e-12 4.237429e-12 1.241112e-11 3.567684e-11 1.006568e-10 2.787350e-10 7.575968e-10 2.021092e-09 5.292181e-09 1.360127e-08 3.430933e-08 8.494179e-08 2.063914e-07 4.921577e-07 1.151695e-06 2.644641e-06 5.958880e-06 1.317352e-05 2.857243e-05 6.079527e-05 1.268932e-04 2.597908e-04 5.216748e-04 1.027415e-03 1.984491e-03 3.759299e-03 6.984414e-03 1.272760e-02 2.275127e-02 3.990063e-02 6.867032e-02 1.160118e-01 1.924583e-01 3.136568e-01 5.024078e-01 7.913087e-01 1.226064e+00 1.869428e+00 2.805519e+00 4.143884e+00 6.022045e+00 8.604500e+00 1.207531e+01 1.662106e+01 2.240142e+01 2.950697e+01 3.790803e+01 4.740385e+01 5.758703e+01 6.784021e+01 7.737886e+01 8.534359e+01 9.093015e+01 9.353022e+01 9.284767e+01 8.895790e+01 8.229310e+01 7.355746e+01 6.359687e+01 5.325777e+01 4.326897e+01 3.416782e+01 2.627659e+01 1.972065e+01 1.447261e+01 1.040540e+01 7.341231e+00 5.089261e+00 3.470099e+00 2.328623e+00 1.538333e+00 1.000451e+00 6.403884e-01 4.033087e-01 2.497985e-01 1.520904e-01 9.098769e-02 5.346405e-02 3.084572e-02 1.746891e-02 9.709299e-03 5.295421e-03 2.833785e-03 1.487887e-03 7.664954e-04 3.874341e-04 1.921575e-04 9.352284e-05 4.466975e-05 2.094028e-05 9.635266e-06 4.352081e-06 1.929838e-06 8.401817e-07 3.591610e-07 1.507654e-07 6.214999e-08 2.516137e-08 1.000473e-08 3.907283e-09 1.498855e-09 5.647725e-10 2.090387e-10 7.600211e-11 2.714399e-11 9.522923e-12 3.281798e-12 1.110942e-12 3.694011e-13 1.206476e-13 3.870225e-14 1.219355e-14 3.772923e-15 1.146444e-15 3.420789e-16 1.002226e-16 2.882944e-17 8.141423e-18 2.256928e-18 6.141085e-19 1.639974e-19 4.297792e-20 1.105145e-20 2.788086e-21 6.900016e-22 1.674918e-22 3.987277e-23 9.307574e-24 2.130146e-24 4.778908e-25 1.050813e-25 2.264276e-26 4.780433e-27 9.887006e-28 2.002835e-28 3.973104e-29 7.716823e-30 1.467198e-30 2.730212e-31 4.971365e-32 8.856020e-33 1.543107e-33 2.629398e-34 4.380535e-35 7.133677e-36 1.135322e-36 1.765412e-37 2.681606e-38 3.977998e-39 5.761716e-40 8.146153e-41 1.123985e-41 1.513104e-42 1.986861e-43 2.544171e-44 3.176093e-45 3.864509e-46 4.581782e-47 5.291720e-48 5.952007e-49 6.518001e-50 6.947504e-51 7.205827e-52 7.270354e-53 7.133760e-54 6.805274e-55 6.309698e-56 5.684309e-57 4.974183e-58 4.226765e-59 3.486606e-60 2.791070e-61 2.167578e-62 1.632590e-63 1.192170e-64 8.437568e-66 5.785917e-67 3.842903e-68 2.471350e-69 1.538334e-70 9.265337e-72 5.397804e-73 3.040665e-74 1.655634e-75 8.710672e-77 4.426670e-78 2.172130e-79 1.028777e-80 4.701390e-82 2.072251e-83 8.806624e-85 3.607173e-86 1.423484e-87 5.410074e-89 1.979495e-90 6.970131e-92 2.361001e-93 7.690464e-95 2.407916e-96 7.244245e-98 2.093327e-99 5.807664e-101 1.546372e-102 3.950033e-104 9.675812e-106 2.271950e-107 5.111616e-109 1.101512e-110 2.272549e-112 4.486959e-114 8.474735e-116 1.530577e-117 2.642157e-119 4.357674e-121 6.863749e-123 1.032038e-124 1.480726e-126 2.026350e-128 2.643811e-130 3.287290e-132 3.893607e-134 4.391240e-136 
8.481516e-23 3.650750e-22 1.538901e-21 6.353807e-21 2.569950e-20 1.018480e-19 3.955337e-19 1.505504e-18 5.617050e-18 2.054569e-17 7.368406e-17 2.591306e-16 8.937261e-16 3.023264e-15 1.003172e-14 3.265436e-14 1.042818e-13 3.267451e-13 1.004549e-12 3.030534e-12 8.971692e-12 2.606477e-11 7.431412e-11 2.079393e-10 5.710259e-10 1.538973e-09 4.070620e-09 1.056670e-08 2.691892e-08 6.729810e-08 1.651042e-07 3.974691e-07 9.388905e-07 2.176037e-06 4.947978e-06 1.103742e-05 2.415197e-05 5.183795e-05 1.091237e-04 2.252854e-04 4.560992e-04 9.054667e-04 1.762602e-03 3.364311e-03 6.296556e-03 1.155571e-02 2.079786e-02 3.671438e-02 6.358342e-02 1.080603e-01 1.802848e-01 2.953968e-01 4.755673e-01 7.526484e-01 1.171525e+00 1.794159e+00 2.704117e+00 4.010994e+00 5.853514e+00 8.399261e+00 1.183807e+01 1.636551e+01 2.215343e+01 2.930650e+01 3.780829e+01 4.746629e+01 5.787170e+01 6.839245e+01 7.821533e+01 8.644184e+01 9.222592e+01 9.492481e+01 9.422446e+01 9.020391e+01 8.331942e+01 7.431307e+01 6.407250e+01 5.348032e+01 4.328943e+01 3.404717e+01 2.607356e+01 1.948369e+01 1.423646e+01 1.019131e+01 7.159440e+00 4.942274e+00 3.355731e+00 2.242378e+00 1.474996e+00 9.550099e-01 6.084765e-01 3.813502e-01 2.349880e-01 1.422988e-01 8.464388e-02 4.943762e-02 2.834294e-02 1.594579e-02 8.801974e-03 4.766423e-03 2.531939e-03 1.319324e-03 6.743621e-04 3.381399e-04 1.663370e-04 8.027949e-05 3.801744e-05 1.766709e-05 8.057374e-06 3.606709e-06 1.584744e-06 6.835617e-07 2.894704e-07 1.203576e-07 4.913799e-08 1.969993e-08 7.756047e-09 2.998932e-09 1.138836e-09 4.247557e-10 1.556006e-10 5.598669e-11 1.978626e-11 6.868286e-12 2.341722e-12 7.841840e-13 2.579207e-13 8.331563e-14 2.643152e-14 8.234801e-15 2.519396e-15 7.568775e-16 2.232603e-16 6.465797e-17 1.838324e-17 5.130663e-18 1.405516e-18 3.778902e-19 9.970497e-20 2.581314e-20 6.556721e-21 1.633807e-21 3.993254e-22 9.572096e-23 2.249989e-23 5.185424e-24 1.171530e-24 2.594304e-25 5.630110e-26 1.197210e-26 2.494063e-27 5.089242e-28 1.017020e-28 1.990021e-29 3.812027e-30 7.147290e-31 1.311381e-31 2.354137e-32 4.133910e-33 7.099482e-34 1.192165e-34 1.957024e-35 3.139862e-36 4.922462e-37 7.538979e-38 1.127718e-38 1.647191e-39 2.348762e-40 3.268739e-41 4.438749e-42 5.879920e-43 7.596306e-44 9.568459e-45 1.174834e-45 1.405697e-46 1.638590e-47 1.860353e-48 2.056585e-49 2.213115e-50 2.317632e-51 2.361263e-52 2.339800e-53 2.254345e-54 2.111257e-55 1.921372e-56 1.698636e-57 1.458395e-58 1.215631e-59 9.834342e-61 7.719136e-62 5.876705e-63 4.338118e-64 3.104061e-65 2.152179e-66 1.445447e-67 9.400621e-69 5.918277e-70 3.605544e-71 2.124879e-72 1.210975e-73 6.671483e-75 3.551754e-76 1.826596e-77 9.071226e-79 4.348674e-80 2.011671e-81 8.976513e-83 3.862322e-84 1.601835e-85 6.401079e-87 2.463716e-88 9.129886e-90 3.256200e-91 1.117277e-92 3.686767e-94 1.169491e-95 3.564868e-97 1.043792e-98 2.934513e-100 7.918372e-102 2.049930e-103 5.089438e-105 1.211301e-106 2.762536e-108 6.034752e-110 1.262198e-111 2.526573e-113 4.838289e-115 8.859842e-117 1.550786e-118 2.593501e-120 4.142343e-122 6.316060e-124 9.189714e-126 1.275345e-127 1.687475e-129 2.127866e-131 2.556002e-133 2.923485e-135 3.182548e-137 
4.792477e-23 2.089542e-22 8.921040e-22 3.730173e-21 1.527793e-20 6.130448e-20 2.410344e-19 9.287297e-19 3.507391e-18 1.298440e-17 4.712565e-17 1.677036e-16 5.852291e-16 2.002871e-15 6.723042e-15 2.213619e-14 7.149893e-14 2.265620e-13 7.043586e-13 2.148542e-12 6.430698e-12 1.888658e-11 5.443054e-11 1.539343e-10 4.272053e-10 1.163451e-09 3.109332e-09 8.154312e-09 2.098448e-08 5.298901e-08 1.312900e-07 3.191644e-07 7.612171e-07 1.781088e-06 4.088022e-06 9.203606e-06 2.032279e-05 4.401004e-05 9.345988e-05 1.946107e-04 3.973210e-04 7.952784e-04 1.560544e-03 3.001910e-03 5.660862e-03 1.046515e-02 1.896801e-02 3.371099e-02 5.876015e-02 1.004792e-01 1.686181e-01 2.778118e-01 4.495994e-01 7.150773e-01 1.118286e+00 1.720348e+00 2.604196e+00 3.879351e+00 5.685584e+00 8.193408e+00 1.159833e+01 1.610501e+01 2.189787e+01 2.909641e+01 3.769854e+01 4.752120e+01 5.815503e+01 6.895332e+01 7.907306e+01 8.757437e+01 9.356654e+01 9.636979e+01 9.565075e+01 9.149233e+01 8.437671e+01 7.508658e+01 6.455409e+01 5.369995e+01 4.330187e+01 3.391687e+01 2.586176e+01 1.924016e+01 1.399624e+01 9.975338e+00 6.977376e+00 4.796006e+00 3.242572e+00 2.157485e+00 1.412948e+00 9.106947e-01 5.774933e-01 3.601263e-01 2.207395e-01 1.329250e-01 7.860256e-02 4.562458e-02 2.598689e-02 1.452101e-02 7.958867e-03 4.278291e-03 2.255437e-03 1.166080e-03 5.912560e-04 2.940330e-04 1.434243e-04 6.862702e-05 3.221484e-05 1.483715e-05 6.705406e-06 2.973890e-06 1.294477e-06 5.530641e-07 2.319574e-07 9.550566e-08 3.860752e-08 1.532381e-08 5.972279e-09 2.285679e-09 8.590358e-10 3.170618e-10 1.149278e-10 4.091313e-11 1.430413e-11 4.911590e-12 1.656311e-12 5.485480e-13 1.784146e-13 5.698702e-14 1.787453e-14 5.505374e-15 1.664980e-15 4.943965e-16 1.441306e-16 4.124957e-17 1.158856e-17 3.195570e-18 8.648383e-19 2.296918e-19 5.985957e-20 1.530560e-20 3.839228e-21 9.446271e-22 2.279519e-22 5.394281e-23 1.251613e-23 2.847011e-24 6.347830e-25 1.387108e-25 2.970122e-26 6.230814e-27 1.280406e-27 2.576956e-28 5.078600e-29 9.798929e-30 1.850669e-30 3.420663e-31 6.186390e-32 1.094516e-32 1.893978e-33 3.204828e-34 5.301737e-35 8.572755e-36 1.354612e-36 2.091237e-37 3.153446e-38 4.643655e-39 6.676109e-40 9.368517e-41 1.282909e-41 1.713917e-42 2.233281e-43 2.837559e-44 3.514647e-45 4.242668e-46 4.990006e-47 5.716762e-48 6.377743e-49 6.926777e-50 7.321846e-51 7.530287e-52 7.533188e-53 7.328176e-54 6.930023e-55 6.368917e-56 5.686666e-57 4.931495e-58 4.152354e-59 3.393670e-60 2.691335e-61 2.070382e-62 1.544466e-63 1.116890e-64 7.827156e-66 5.313931e-67 3.493822e-68 2.223884e-69 1.369942e-70 8.164358e-72 4.705663e-73 2.622086e-74 1.412041e-75 7.346274e-77 3.691060e-78 1.790367e-79 8.380729e-81 3.784519e-82 1.648041e-83 6.918179e-85 2.798457e-86 1.090396e-87 4.090941e-89 1.477299e-90 5.132772e-92 1.715161e-93 5.510066e-95 1.701126e-96 5.045120e-98 1.436774e-99 3.927467e-101 1.030074e-102 2.591072e-104 6.248390e-106 1.443962e-107 3.196415e-109 6.775007e-111 1.374403e-112 2.667439e-114 4.950713e-116 8.783146e-118 1.488871e-119 2.410478e-121 3.725654e-123 5.495011e-125 7.730611e-127 1.036933e-128 1.325531e-130 1.614148e-132 1.871634e-134 2.065537e-136 2.168647e-138 
2.668940e-23 1.179081e-22 5.100048e-22 2.160267e-21 8.962236e-21 3.642267e-20 1.450245e-19 5.658346e-19 2.163606e-18 8.108968e-18 2.979253e-17 1.073138e-16 3.790171e-16 1.312693e-15 4.458719e-15 1.485384e-14 4.853822e-14 1.555884e-13 4.892679e-13 1.509441e-12 4.568843e-12 1.356854e-11 3.953755e-11 1.130432e-10 3.171334e-10 8.729775e-10 2.357893e-09 6.248817e-09 1.624847e-08 4.145270e-08 1.037527e-07 2.547583e-07 6.136390e-07 1.449849e-06 3.359879e-06 7.636230e-06 1.701962e-05 3.719596e-05 7.970308e-05 1.674352e-04 3.448039e-04 6.960100e-04 1.377044e-03 2.670228e-03 5.074688e-03 9.452321e-03 1.725694e-02 3.088431e-02 5.419294e-02 9.325940e-02 1.574479e-01 2.608907e-01 4.244932e-01 6.785874e-01 1.066346e+00 1.648006e+00 2.505787e+00 3.749011e+00 5.518333e+00 7.987024e+00 1.135614e+01 1.583952e+01 2.163448e+01 2.887617e+01 3.757798e+01 4.756760e+01 5.843611e+01 6.952225e+01 7.995210e+01 8.874203e+01 9.495359e+01 9.786715e+01 9.712845e+01 9.282456e+01 8.546561e+01 7.587787e+01 6.504097e+01 5.391571e+01 4.330538e+01 3.377624e+01 2.564076e+01 1.898985e+01 1.375191e+01 9.757543e+00 6.795119e+00 4.650526e+00 3.130667e+00 2.073968e+00 1.352197e+00 8.675029e-01 5.474310e-01 3.396274e-01 2.070434e-01 1.239603e-01 7.285608e-02 4.201859e-02 2.377249e-02 1.319062e-02 7.177035e-03 3.828898e-03 2.002790e-03 1.027148e-03 5.165177e-04 2.546957e-04 1.231631e-04 5.841259e-05 2.717354e-05 1.240078e-05 5.552186e-06 2.439159e-06 1.051536e-06 4.448979e-07 1.847527e-07 7.531030e-08 3.013604e-08 1.183908e-08 4.566438e-09 1.729376e-09 6.430935e-10 2.348270e-10 8.420231e-11 2.964906e-11 1.025213e-11 3.481245e-12 1.160835e-12 3.801155e-13 1.222252e-13 3.859158e-14 1.196451e-14 3.642066e-15 1.088500e-15 3.193816e-16 9.199482e-17 2.601094e-17 7.218588e-18 1.966137e-18 5.255319e-19 1.378365e-19 3.547008e-20 8.954546e-21 2.217462e-21 5.385743e-22 1.282787e-22 2.995874e-23 6.859472e-24 1.539543e-24 3.386572e-25 7.300080e-26 1.541782e-26 3.189871e-27 6.464029e-28 1.282733e-28 2.492257e-29 4.740148e-30 8.823694e-31 1.607250e-31 2.864206e-32 4.992568e-33 8.510441e-34 1.418392e-34 2.310799e-35 3.679208e-36 5.723673e-37 8.698099e-38 1.290928e-38 1.870702e-39 2.646233e-40 3.653141e-41 4.920528e-42 6.464795e-43 8.282941e-44 1.034638e-44 1.259658e-45 1.494381e-46 1.727019e-47 1.943753e-48 2.129968e-49 2.271806e-50 2.357827e-51 2.380512e-52 2.337331e-53 2.231174e-54 2.070049e-55 1.866083e-56 1.633999e-57 1.389344e-58 1.146751e-59 9.185303e-61 7.137473e-62 5.378765e-63 3.929767e-64 2.782625e-65 1.908984e-66 1.268424e-67 8.160083e-69 5.080947e-70 3.061013e-71 1.783634e-72 1.004879e-73 5.471876e-75 2.878844e-76 1.462863e-77 7.176868e-79 3.398237e-80 1.552386e-81 6.839303e-83 2.904875e-84 1.189003e-85 4.688275e-87 1.780130e-88 6.506259e-90 2.288144e-91 7.739947e-93 2.517237e-94 7.868095e-96 2.362660e-97 6.813099e-99 1.885925e-100 5.009147e-102 1.276102e-103 3.116810e-105 7.295569e-107 1.635879e-108 3.512409e-110 7.218349e-112 1.419275e-113 2.668740e-115 4.797029e-117 8.239076e-119 1.351568e-120 2.116719e-122 3.163487e-124 4.509799e-126 6.129811e-128 7.940455e-130 9.798536e-132 1.151338e-133 1.287593e-135 1.369923e-137 1.385996e-139 
1.464020e-23 6.555439e-23 2.873653e-22 1.233450e-21 5.184868e-21 2.134782e-20 8.610684e-20 3.402945e-19 1.317855e-18 5.001891e-18 1.860848e-17 6.786563e-17 2.426612e-16 8.507615e-16 2.924925e-15 9.861879e-15 3.261202e-14 1.057792e-13 3.365544e-13 1.050428e-12 3.216277e-12 9.661240e-12 2.847191e-11 8.232137e-11 2.335204e-10 6.499102e-10 1.774572e-09 4.753758e-09 1.249313e-08 3.220914e-08 8.145917e-08 2.020825e-07 4.917184e-07 1.173467e-06 2.746347e-06 6.302772e-06 1.418265e-05 3.128881e-05 6.766775e-05 1.434467e-04 2.980384e-04 6.068570e-04 1.210872e-03 2.367451e-03 4.535448e-03 8.513657e-03 1.565991e-02 2.822830e-02 4.987429e-02 8.639200e-02 1.467640e-01 2.446223e-01 4.002381e-01 6.431704e-01 1.015703e+00 1.577144e+00 2.408920e+00 3.620031e+00 5.351846e+00 7.780201e+00 1.111157e+01 1.556898e+01 2.136301e+01 2.864525e+01 3.744577e+01 4.760444e+01 5.871389e+01 7.009858e+01 8.085248e+01 8.994570e+01 9.638871e+01 9.941897e+01 9.865959e+01 9.420211e+01 8.658680e+01 7.668681e+01 6.553239e+01 5.412658e+01 4.329897e+01 3.362452e+01 2.541012e+01 1.873258e+01 1.350347e+01 9.537993e+00 6.612755e+00 4.505904e+00 3.020062e+00 1.991848e+00 1.292750e+00 8.254313e-01 5.182815e-01 3.198436e-01 1.938900e-01 1.153958e-01 6.739688e-02 3.861339e-02 2.169474e-02 1.195077e-02 6.453593e-03 3.416166e-03 1.772554e-03 9.015580e-04 4.495172e-04 2.197320e-04 1.053122e-04 4.949381e-05 2.281191e-05 1.031250e-05 4.573096e-06 1.989539e-06 8.492582e-07 3.557291e-07 1.462296e-07 5.899671e-08 2.336331e-08 9.082134e-09 3.465917e-09 1.298525e-09 4.776463e-10 1.725058e-10 6.117243e-11 2.129965e-11 7.282152e-12 2.444665e-12 8.058418e-13 2.608226e-13 8.288897e-14 2.586374e-14 7.923425e-15 2.383097e-15 7.036465e-16 2.039507e-16 5.802616e-17 1.620384e-17 4.440906e-18 1.194390e-18 3.152100e-19 8.161845e-20 2.073309e-20 5.166272e-21 1.262627e-21 3.026235e-22 7.112166e-23 1.638751e-23 3.701459e-24 8.194401e-25 1.777782e-25 3.779091e-26 7.869952e-27 1.605310e-27 3.206802e-28 6.272396e-29 1.201055e-29 2.251017e-30 4.128544e-31 7.408516e-32 1.300451e-32 2.232522e-33 3.747526e-34 6.149609e-35 9.863002e-36 1.545726e-36 2.366568e-37 3.538898e-38 5.167465e-39 7.366205e-40 1.024852e-40 1.391305e-41 1.842546e-42 2.379792e-43 2.996899e-44 3.678779e-45 4.400669e-46 5.128613e-47 5.821422e-48 6.434072e-49 6.922276e-50 7.247610e-51 7.382423e-52 7.313664e-53 7.044907e-54 6.596148e-55 6.001359e-56 5.304210e-57 4.552708e-58 3.793689e-59 3.068031e-60 2.407274e-61 1.831976e-62 1.351765e-63 9.667786e-65 6.699674e-66 4.497132e-67 2.922982e-68 1.838980e-69 1.119537e-70 6.592647e-72 3.753950e-73 2.066192e-74 1.098883e-75 5.645137e-77 2.800153e-78 1.340646e-79 6.193144e-81 2.759379e-82 1.185363e-83 4.907575e-85 1.957458e-86 7.519022e-88 2.780386e-89 9.893606e-91 3.386408e-92 1.114518e-93 3.525540e-95 1.071471e-96 3.127348e-98 8.762674e-100 2.356049e-101 6.076317e-103 1.502538e-104 3.560891e-106 8.084593e-108 1.757686e-109 3.657835e-111 7.283197e-113 1.386914e-114 2.524758e-116 4.391828e-118 7.296893e-120 1.157467e-121 1.752134e-123 2.530015e-125 3.483253e-127 4.570467e-129 5.712907e-131 6.799567e-133 7.702629e-135 8.301101e-137 8.507000e-139 8.286395e-141 
7.905066e-24 3.588827e-23 1.594880e-22 6.939200e-22 2.956457e-21 1.233634e-20 5.042223e-20 2.019039e-19 7.921669e-19 3.045771e-18 1.147738e-17 4.239411e-17 1.535095e-16 5.449761e-16 1.897033e-15 6.475391e-15 2.167635e-14 7.116499e-14 2.291577e-13 7.237923e-13 2.242459e-12 6.815251e-12 2.031877e-11 5.942633e-11 1.705019e-10 4.798967e-10 1.325040e-09 3.588917e-09 9.535361e-09 2.485033e-08 6.352229e-08 1.592547e-07 3.915617e-07 9.440939e-07 2.232025e-06 5.173809e-06 1.175722e-05 2.618995e-05 5.718113e-05 1.223516e-04 2.565417e-04 5.270504e-04 1.060845e-03 2.091821e-03 4.040621e-03 7.645674e-03 1.417229e-02 2.573699e-02 4.579682e-02 7.986816e-02 1.365563e-01 2.289959e-01 3.768233e-01 6.088177e-01 9.663541e-01 1.507771e+00 2.313625e+00 3.492469e+00 5.186209e+00 7.573041e+00 1.086469e+01 1.529336e+01 2.108324e+01 2.840311e+01 3.730105e+01 4.763062e+01 5.898729e+01 7.068155e+01 8.177416e+01 9.118628e+01 9.787367e+01 1.010275e+02 1.002463e+02 9.562653e+01 8.774096e+01 7.751318e+01 6.602752e+01 5.433149e+01 4.328165e+01 3.346098e+01 2.516941e+01 1.846819e+01 1.325091e+01 9.316768e+00 6.430378e+00 4.362215e+00 2.910804e+00 1.911149e+00 1.234611e+00 7.844758e-01 4.900365e-01 3.007653e-01 1.812697e-01 1.072229e-01 6.221750e-02 3.540278e-02 1.974869e-02 1.079764e-02 5.785713e-03 3.038070e-03 1.563330e-03 7.883764e-04 3.896531e-04 1.887672e-04 8.964530e-05 4.173832e-05 1.905482e-05 8.530876e-06 3.745912e-06 1.613433e-06 6.817520e-07 2.826396e-07 1.149785e-07 4.590083e-08 1.798386e-08 6.915742e-09 2.610472e-09 9.672761e-10 3.518485e-10 1.256474e-10 4.405126e-11 1.516285e-11 5.124213e-12 1.700201e-12 5.538584e-13 1.771403e-13 5.562211e-14 1.714653e-14 5.189050e-15 1.541567e-15 4.495487e-16 1.286781e-16 3.615066e-17 9.967327e-18 2.696844e-18 7.159930e-19 1.865071e-19 4.766180e-20 1.194776e-20 2.937604e-21 7.083323e-22 1.674798e-22 3.882494e-23 8.823108e-24 1.965311e-24 4.290171e-25 9.176631e-26 1.923035e-26 3.947424e-27 7.935760e-28 1.562193e-28 3.010740e-29 5.679674e-30 1.048581e-30 1.894195e-31 3.347371e-32 5.785636e-33 9.778575e-34 1.615790e-34 2.609662e-35 4.118868e-36 6.351370e-37 9.566504e-38 1.407129e-38 2.020718e-39 2.832461e-40 3.874377e-41 5.170245e-42 6.729481e-43 8.540859e-44 1.056715e-44 1.274193e-45 1.496983e-46 1.713110e-47 1.909062e-48 2.071096e-49 2.186767e-50 2.246480e-51 2.244783e-52 2.181173e-53 2.060254e-54 1.891193e-55 1.686564e-56 1.460791e-57 1.228447e-58 1.002700e-59 7.941346e-61 6.100784e-62 4.544693e-63 3.281771e-64 2.296427e-65 1.556655e-66 1.021833e-67 6.493335e-69 3.993058e-70 2.375430e-71 1.366548e-72 7.599759e-74 4.084242e-75 2.120328e-76 1.062958e-77 5.143891e-79 2.401975e-80 1.081893e-81 4.698680e-83 1.966881e-84 7.932767e-86 3.081402e-87 1.152339e-88 4.147157e-90 1.435779e-91 4.779906e-93 1.529579e-94 4.702947e-96 1.388794e-97 3.937298e-99 1.071205e-100 2.795639e-102 6.995896e-104 1.677943e-105 3.855673e-107 8.484534e-109 1.787211e-110 3.602114e-112 6.943624e-114 1.279599e-115 2.253367e-117 3.790270e-119 6.086926e-121 9.328765e-123 1.363817e-124 1.901081e-126 2.525597e-128 3.196331e-130 3.851840e-132 4.417918e-134 4.820625e-136 5.001824e-138 4.932816e-140 4.621733e-142 
4.198741e-24 1.933330e-23 8.713069e-23 3.844081e-22 1.660526e-21 7.024294e-21 2.910269e-20 1.181144e-19 4.696512e-19 1.829827e-18 6.986561e-18 2.614499e-17 9.590361e-17 3.448648e-16 1.215830e-15 4.202864e-15 1.424629e-14 4.735584e-14 1.543788e-13 4.935917e-13 1.547865e-12 4.761010e-12 1.436404e-11 4.250819e-11 1.233927e-10 3.513383e-10 9.812385e-10 2.687979e-09 7.222119e-09 1.903142e-08 4.918377e-08 1.246488e-07 3.097691e-07 7.548049e-07 1.803175e-06 4.222828e-06 9.693579e-06 2.180872e-05 4.808282e-05 1.038749e-04 2.198569e-04 4.558563e-04 9.258241e-04 1.841631e-03 3.587742e-03 6.844946e-03 1.278949e-02 2.340447e-02 4.195320e-02 7.367914e-02 1.268147e-01 2.140004e-01 3.542378e-01 5.755203e-01 9.182966e-01 1.439896e+00 2.219929e+00 3.366380e+00 5.021511e+00 7.365656e+00 1.061560e+01 1.501267e+01 2.079495e+01 2.814923e+01 3.714294e+01 4.764498e+01 5.925510e+01 7.127034e+01 8.271709e+01 9.246469e+01 9.941030e+01 1.026950e+02 1.018909e+02 9.709948e+01 8.892878e+01 7.835674e+01 6.652543e+01 5.452926e+01 4.325232e+01 3.328483e+01 2.491820e+01 1.819652e+01 1.299426e+01 9.093961e+00 6.248086e+00 4.219535e+00 2.802938e+00 1.831891e+00 1.177785e+00 7.446321e-01 4.626875e-01 2.823828e-01 1.691731e-01 9.943290e-02 5.731052e-02 3.238065e-02 1.792945e-02 9.727491e-03 5.170623e-03 2.692635e-03 1.373763e-03 6.867072e-04 3.363528e-04 1.614472e-04 7.595085e-05 3.502351e-05 1.583332e-05 7.018265e-06 3.050653e-06 1.300524e-06 5.438278e-07 2.230867e-07 8.978497e-08 3.545648e-08 1.374011e-08 5.225449e-09 1.950422e-09 7.145503e-10 2.569570e-10 9.070494e-11 3.143112e-11 1.069199e-11 3.570542e-12 1.170550e-12 3.767254e-13 1.190240e-13 3.691561e-14 1.123930e-14 3.358970e-15 9.853510e-16 2.837075e-16 8.017133e-17 2.223340e-17 6.050594e-18 1.615694e-18 4.233018e-19 1.087998e-19 2.743141e-20 6.783621e-21 1.645196e-21 3.912573e-22 9.123042e-23 2.085405e-23 4.672538e-24 1.026038e-24 2.207777e-25 4.654360e-26 9.611836e-27 1.944112e-27 3.850604e-28 7.467098e-29 1.417458e-29 2.633433e-30 4.787447e-31 8.514701e-32 1.481258e-32 2.519986e-33 4.191599e-34 6.815253e-35 1.082953e-35 1.681376e-36 2.550050e-37 3.777117e-38 5.462573e-39 7.711780e-40 1.062494e-40 1.428252e-41 1.872751e-42 2.394645e-43 2.985209e-44 3.627157e-45 4.294374e-46 4.952875e-47 5.563131e-48 6.083654e-49 6.475455e-50 6.706755e-51 6.757172e-52 6.620648e-53 6.306522e-54 5.838521e-55 5.251785e-56 4.588479e-57 3.892719e-58 3.205702e-59 2.561774e-60 1.985941e-61 1.492996e-62 1.088115e-63 7.685477e-65 5.258974e-66 3.485124e-67 2.236011e-68 1.388411e-69 8.340640e-71 4.845790e-72 2.721822e-73 1.477504e-74 7.748446e-76 3.924270e-77 1.918675e-78 9.052762e-80 4.120360e-81 1.808420e-82 7.650831e-84 3.118861e-85 1.224598e-86 4.629473e-88 1.684379e-89 5.895843e-91 1.984618e-92 6.421821e-94 1.996706e-95 5.963036e-97 1.709780e-98 4.704927e-100 1.242009e-101 3.143943e-103 7.628148e-105 1.773268e-106 3.947801e-108 8.413477e-110 1.715727e-111 3.346452e-113 6.240159e-115 1.111965e-116 1.892690e-118 3.075877e-120 4.770525e-122 7.057929e-124 9.956517e-126 1.338631e-127 1.714516e-129 2.090989e-131 2.427136e-133 2.680215e-135 2.814359e-137 2.808818e-139 2.663187e-141 2.397799e-143 
2.192167e-24 1.024129e-23 4.682333e-23 2.095441e-22 9.180581e-22 3.938397e-21 1.654601e-20 6.808609e-20 2.744594e-19 1.083959e-18 4.194876e-18 1.590929e-17 5.913673e-17 2.154692e-16 7.696216e-16 2.695083e-15 9.253482e-15 3.115354e-14 1.028504e-13 3.329849e-13 1.057260e-12 3.292246e-12 1.005465e-11 3.011703e-11 8.847677e-11 2.549270e-10 7.203854e-10 1.996478e-09 5.426236e-09 1.446260e-08 3.779919e-08 9.686725e-08 2.433861e-07 5.995150e-07 1.447596e-06 3.426032e-06 7.946611e-06 1.806201e-05 4.022433e-05 8.775936e-05 1.875527e-04 3.925758e-04 8.047154e-04 1.615229e-03 3.174413e-03 6.108117e-03 1.150699e-02 2.122492e-02 3.833617e-02 6.781628e-02 1.175294e-01 1.996251e-01 3.324708e-01 5.432691e-01 8.715261e-01 1.373525e+00 2.127860e+00 3.241823e+00 4.857844e+00 7.158163e+00 1.036439e+01 1.472691e+01 2.049795e+01 2.788309e+01 3.697052e+01 4.764628e+01 5.951605e+01 7.186401e+01 8.368113e+01 9.378189e+01 1.010006e+02 1.044242e+02 1.035958e+02 9.862268e+01 9.015094e+01 7.921714e+01 6.702513e+01 5.471862e+01 4.320987e+01 3.309530e+01 2.465608e+01 1.791746e+01 1.273356e+01 8.869681e+00 6.065986e+00 4.077941e+00 2.696510e+00 1.754093e+00 1.122276e+00 7.058950e-01 4.362257e-01 2.646863e-01 1.575907e-01 9.201741e-02 5.266862e-02 2.954093e-02 1.623221e-02 8.736621e-03 4.605606e-03 2.377939e-03 1.202544e-03 5.956908e-04 2.890717e-04 1.374389e-04 6.403142e-05 2.923609e-05 1.308436e-05 5.740596e-06 2.469424e-06 1.041667e-06 4.309377e-07 1.748664e-07 6.960735e-08 2.718361e-08 1.041609e-08 3.916393e-09 1.445057e-09 5.232759e-10 1.859723e-10 6.487218e-11 2.221149e-11 7.464795e-12 2.462562e-12 7.974239e-13 2.534683e-13 7.908357e-14 2.421970e-14 7.280460e-15 2.148032e-15 6.220068e-16 1.767659e-16 4.929746e-17 1.349096e-17 3.622601e-18 9.543781e-19 2.466625e-19 6.253537e-20 1.555043e-20 3.792313e-21 9.069006e-22 2.126447e-22 4.888005e-23 1.101365e-23 2.432156e-24 5.263168e-25 1.115916e-25 2.317792e-26 4.715248e-27 9.393933e-28 1.832427e-28 3.499161e-29 6.540006e-30 1.196153e-30 2.140447e-31 3.746663e-32 6.413844e-33 1.073581e-33 1.756713e-34 2.809454e-35 4.390375e-36 6.702567e-37 9.994025e-38 1.455115e-38 2.068273e-39 2.869238e-40 3.883882e-41 5.128577e-42 6.604631e-43 8.292937e-44 1.014991e-44 1.210581e-45 1.406650e-46 1.591914e-47 1.754177e-48 1.881592e-49 1.964043e-50 1.994458e-51 1.969789e-52 1.891501e-53 1.765448e-54 1.601153e-55 1.410610e-56 1.206818e-57 1.002307e-58 8.078779e-60 6.317379e-61 4.791078e-62 3.522830e-63 2.510545e-64 1.733471e-65 1.159285e-66 7.506538e-68 4.704519e-69 2.852758e-70 1.673153e-71 9.487960e-73 5.200204e-74 2.753727e-75 1.408365e-76 6.954135e-78 3.313927e-79 1.523531e-80 6.754667e-82 2.886920e-83 1.188985e-84 4.716940e-86 1.801841e-87 6.624811e-89 2.343466e-90 7.972566e-92 2.607453e-93 8.194781e-95 2.473903e-96 7.170898e-98 1.994939e-99 5.324382e-101 1.362730e-102 3.343236e-104 7.858802e-106 1.769258e-107 3.813153e-109 7.864062e-111 1.551279e-112 2.925649e-114 5.272936e-116 9.077952e-118 1.492227e-119 2.340984e-121 3.503350e-123 4.999117e-125 6.798772e-127 8.808399e-129 1.086660e-130 1.275912e-132 1.425207e-134 1.513783e-136 1.528185e-138 1.465591e-140 1.334659e-142 1.153574e-144 
1.124180e-24 5.330542e-24 2.473323e-23 1.123166e-22 4.992725e-22 2.172878e-21 9.259931e-21 3.864755e-20 1.579946e-19 6.327454e-19 2.482788e-18 9.546143e-18 3.597030e-17 1.328418e-16 4.808864e-16 1.706501e-15 5.936931e-15 2.025070e-14 6.772791e-14 2.221099e-13 7.142651e-13 2.252458e-12 6.965779e-12 2.112536e-11 6.282913e-11 1.832470e-10 5.241116e-10 1.469971e-09 4.042725e-09 1.090180e-08 2.882399e-08 7.471538e-08 1.898585e-07 4.729046e-07 1.154505e-06 2.762151e-06 6.475543e-06 1.487393e-05 3.346863e-05 7.376526e-05 1.592234e-04 3.365445e-04 6.964692e-04 1.411020e-03 2.798292e-03 5.431892e-03 1.032035e-02 1.919255e-02 3.493856e-02 6.227102e-02 1.086905e-01 1.858593e-01 3.115116e-01 5.120547e-01 8.260378e-01 1.308663e+00 2.037442e+00 3.118851e+00 4.695303e+00 6.950690e+00 1.011120e+01 1.443613e+01 2.019207e+01 2.760419e+01 3.678285e+01 4.763322e+01 5.976874e+01 7.246154e+01 8.466608e+01 9.513882e+01 1.026465e+02 1.062175e+02 1.053637e+02 1.001980e+02 9.140812e+01 8.009399e+01 6.752547e+01 5.489824e+01 4.315311e+01 3.289159e+01 2.438266e+01 1.763090e+01 1.246887e+01 8.644046e+00 5.884190e+00 3.937512e+00 2.591562e+00 1.677774e+00 1.068086e+00 6.682593e-01 4.106425e-01 2.476662e-01 1.465133e-01 8.496796e-02 4.828455e-02 2.687760e-02 1.465218e-02 7.821396e-03 4.088000e-03 2.092112e-03 1.048409e-03 5.145043e-04 2.472933e-04 1.164291e-04 5.370338e-05 2.427175e-05 1.075050e-05 4.667155e-06 1.986269e-06 8.287993e-07 3.391147e-07 1.360776e-07 5.355765e-08 2.067760e-08 7.831890e-09 2.910452e-09 1.061248e-09 3.797230e-10 1.333326e-10 4.594597e-11 1.553879e-11 5.157728e-12 1.680274e-12 5.372624e-13 1.686077e-13 5.193372e-14 1.569980e-14 4.658005e-15 1.356285e-15 3.875499e-16 1.086693e-16 2.989935e-17 8.071648e-18 2.137837e-18 5.554717e-19 1.415742e-19 3.539141e-20 8.676745e-21 2.085988e-21 4.917115e-22 1.136313e-22 2.574046e-23 5.714859e-24 1.243376e-24 2.650584e-25 5.535474e-26 1.132327e-26 2.268402e-27 4.449631e-28 8.544893e-29 1.606158e-29 2.954523e-30 5.317651e-31 9.362674e-32 1.612277e-32 2.714869e-33 4.469260e-34 7.191279e-35 1.130745e-35 1.737052e-36 2.606464e-37 3.819263e-38 5.463779e-39 7.629344e-40 1.039573e-40 1.381936e-41 1.791742e-42 2.265195e-43 2.791673e-44 3.353023e-45 3.923778e-46 4.472490e-47 4.964218e-48 5.363972e-49 5.640694e-50 5.771165e-51 5.743177e-52 5.557378e-53 5.227409e-54 4.778260e-55 4.243130e-56 3.659327e-57 3.063921e-58 2.489874e-59 1.963183e-60 1.501365e-61 1.113298e-62 8.001869e-64 5.572893e-65 3.759514e-66 2.455814e-67 1.552821e-68 9.500751e-70 5.622784e-71 3.217710e-72 1.779869e-73 9.512993e-75 4.911055e-76 2.447937e-77 1.177691e-78 5.466437e-80 2.447115e-81 1.056124e-82 4.392563e-84 1.759926e-85 6.790063e-87 2.521645e-88 9.010551e-90 3.096717e-91 1.023195e-92 3.248961e-94 9.910173e-96 2.902610e-97 8.159913e-99 2.200844e-100 5.692674e-102 1.411502e-103 3.353503e-105 7.630985e-107 1.662412e-108 3.465636e-110 6.910712e-112 1.317547e-113 2.400602e-115 4.178214e-117 6.943563e-119 1.101284e-120 1.666265e-122 2.403913e-124 3.305401e-126 4.329726e-128 5.400409e-130 6.410933e-132 7.240052e-134 7.774719e-136 7.934989e-138 7.693462e-140 7.082814e-142 6.188600e-144 5.129499e-146 
5.657839e-25 2.724006e-24 1.283175e-23 5.915128e-23 2.668828e-22 1.178772e-21 5.097560e-21 2.158672e-20 8.952967e-20 3.637179e-19 1.447563e-18 5.644679e-18 2.156854e-17 8.076607e-17 2.964194e-16 1.066333e-15 3.760306e-15 1.299955e-14 4.405909e-14 1.464088e-13 4.770261e-13 1.523962e-12 4.773893e-12 1.466368e-11 4.416569e-11 1.304352e-10 3.777141e-10 1.072448e-09 2.985488e-09 8.148110e-09 2.180080e-08 5.717801e-08 1.469903e-07 3.703466e-07 9.144108e-07 2.212259e-06 5.243689e-06 1.217545e-05 2.768970e-05 6.166979e-05 1.344875e-04 2.871324e-04 6.000809e-04 1.227459e-03 2.457100e-03 4.813039e-03 9.225167e-03 1.730165e-02 3.175325e-02 5.703484e-02 1.002883e-01 1.726924e-01 2.913494e-01 4.818678e-01 7.818268e-01 1.245317e+00 1.948699e+00 2.997520e+00 4.533983e+00 6.743371e+00 9.856157e+00 1.414040e+01 1.987719e+01 2.731203e+01 3.657899e+01 4.760445e+01 6.001166e+01 7.306177e+01 8.567170e+01 9.653647e+01 1.043503e+02 1.080780e+02 1.071972e+02 1.018272e+02 9.270102e+01 8.098678e+01 6.802521e+01 5.506664e+01 4.308082e+01 3.267289e+01 2.409754e+01 1.733677e+01 1.220029e+01 8.417191e+00 5.702815e+00 3.798326e+00 2.488137e+00 1.602951e+00 1.015217e+00 6.317191e-01 3.859289e-01 2.313129e-01 1.359315e-01 7.827622e-02 4.415109e-02 2.438472e-02 1.318465e-02 6.978230e-03 3.615200e-03 1.833335e-03 9.101382e-04 4.423614e-04 2.105287e-04 9.812426e-05 4.479643e-05 2.003482e-05 8.779608e-06 3.770375e-06 1.587022e-06 6.548430e-07 2.649171e-07 1.050897e-07 4.088305e-08 1.559944e-08 5.838534e-09 2.143724e-09 7.722197e-10 2.729304e-10 9.465194e-11 3.221042e-11 1.075650e-11 3.525063e-12 1.133688e-12 3.578128e-13 1.108293e-13 3.368882e-14 1.004945e-14 2.941792e-15 8.450442e-16 2.381909e-16 6.587579e-17 1.787535e-17 4.758621e-18 1.242715e-18 3.183378e-19 7.998175e-20 1.970769e-20 4.761855e-21 1.128138e-21 2.620238e-22 5.965633e-23 1.331224e-23 2.911140e-24 6.237767e-25 1.309431e-25 2.692494e-26 5.422185e-27 1.069221e-27 2.064232e-28 3.900937e-29 7.214698e-30 1.305640e-30 2.311533e-31 4.002773e-32 6.778242e-33 1.122218e-33 1.816136e-34 2.872337e-35 4.438551e-36 6.699881e-37 9.876706e-38 1.421588e-38 1.997317e-39 2.738584e-40 3.663552e-41 4.780423e-42 6.082835e-43 7.545850e-44 9.123415e-45 1.074823e-45 1.233469e-46 1.378514e-47 1.499903e-48 1.588405e-49 1.636740e-50 1.640558e-51 1.599075e-52 1.515237e-53 1.395389e-54 1.248475e-55 1.084922e-56 9.154092e-58 7.497071e-59 5.957827e-60 4.592642e-61 3.432992e-62 2.487564e-63 1.746709e-64 1.188131e-65 7.826302e-67 4.990528e-68 3.079512e-69 1.838269e-70 1.061141e-71 5.921295e-73 3.192878e-74 1.663068e-75 8.364471e-77 4.060742e-78 1.902158e-79 8.594021e-81 3.743588e-82 1.571640e-83 6.356548e-85 2.475837e-86 9.282869e-88 3.349099e-89 1.162208e-90 3.877691e-92 1.243419e-93 3.830342e-95 1.133059e-96 3.217215e-98 8.764696e-100 2.290014e-101 5.735852e-103 1.376667e-104 3.164774e-106 6.965455e-108 1.467095e-109 2.955815e-111 5.693938e-113 1.048264e-114 1.843552e-116 3.095781e-118 4.961553e-120 7.585755e-122 1.105895e-123 1.536606e-125 2.033962e-127 2.563610e-129 3.075294e-131 3.509476e-133 3.808147e-135 3.927308e-137 3.847504e-139 3.578974e-141 3.159549e-143 2.645879e-145 2.100794e-147 
2.792156e-25 1.365507e-24 6.533014e-24 3.058296e-23 1.401103e-22 6.282907e-22 2.758180e-21 1.185563e-20 4.990362e-20 2.057341e-19 8.308179e-19 3.286889e-18 1.274074e-17 4.839297e-17 1.801319e-16 6.571419e-16 2.349758e-15 8.235949e-15 2.829811e-14 9.531848e-14 3.147681e-13 1.019089e-12 3.234818e-12 1.006720e-11 3.071766e-11 9.189309e-11 2.695150e-10 7.749496e-10 2.184411e-09 6.035881e-09 1.634792e-08 4.339753e-08 1.129037e-07 2.878377e-07 7.190080e-07 1.759594e-06 4.218184e-06 9.904007e-06 2.277210e-05 5.126654e-05 1.129884e-04 2.437432e-04 5.145904e-04 1.063057e-03 2.148622e-03 4.248392e-03 8.217114e-03 1.554655e-02 2.877314e-02 5.209930e-02 9.231326e-02 1.601140e-01 2.719736e-01 4.526990e-01 7.388873e-01 1.183488e+00 1.861654e+00 2.877883e+00 4.373979e+00 6.536344e+00 9.599427e+00 1.383981e+01 1.955320e+01 2.700614e+01 3.635797e+01 4.755852e+01 6.024319e+01 7.366339e+01 8.669762e+01 9.797585e+01 1.061142e+02 1.100087e+02 1.090993e+02 1.035125e+02 9.403029e+01 8.189494e+01 6.852299e+01 5.522227e+01 4.299171e+01 3.243840e+01 2.380039e+01 1.703504e+01 1.192793e+01 8.189261e+00 5.521981e+00 3.660461e+00 2.386277e+00 1.529639e+00 9.636701e-01 5.962685e-01 3.620764e-01 2.156171e-01 1.258364e-01 7.193393e-02 4.026109e-02 2.205636e-02 1.182494e-02 6.203593e-03 3.184652e-03 1.599842e-03 7.865583e-04 3.785124e-04 1.783165e-04 8.225039e-05 3.715319e-05 1.643780e-05 7.124553e-06 3.025616e-06 1.259172e-06 5.136183e-07 2.053744e-07 8.051256e-08 3.094923e-08 1.166695e-08 4.313540e-09 1.564309e-09 5.564952e-10 1.942156e-10 6.649966e-11 2.234040e-11 7.364076e-12 2.381857e-12 7.559507e-13 2.354274e-13 7.194613e-14 2.157455e-14 6.348225e-15 1.832854e-15 5.192214e-16 1.443136e-16 3.935214e-17 1.052711e-17 2.762477e-18 7.110544e-19 1.795081e-19 4.444280e-20 1.078973e-20 2.568409e-21 5.993933e-22 1.371198e-22 3.074489e-23 6.755706e-24 1.454561e-24 3.068258e-25 6.339912e-26 1.283029e-26 2.542608e-27 4.933299e-28 9.369868e-29 1.741760e-29 3.168255e-30 5.638265e-31 9.814727e-32 1.670823e-32 2.781068e-33 4.525117e-34 7.195993e-35 1.118145e-35 1.697280e-36 2.516268e-37 3.642558e-38 5.147519e-39 7.099467e-40 9.553931e-41 1.254174e-41 1.605614e-42 2.004100e-43 2.438247e-44 2.890677e-45 3.338617e-46 3.755424e-47 4.112963e-48 4.384607e-49 4.548431e-50 4.590086e-51 4.504845e-52 4.298418e-53 3.986349e-54 3.592086e-55 3.144038e-56 2.672157e-57 2.204605e-58 1.765041e-59 1.370857e-60 1.032524e-61 7.539356e-63 5.335168e-64 3.657581e-65 2.428413e-66 1.560929e-67 9.710085e-69 5.843709e-70 3.401137e-71 1.913695e-72 1.040581e-73 5.466050e-75 2.772708e-76 1.357703e-77 6.415203e-79 2.923853e-80 1.284909e-81 5.442422e-83 2.220979e-84 8.728852e-86 3.302609e-87 1.202458e-88 4.211325e-90 1.418164e-91 4.590016e-93 1.427255e-94 4.261933e-96 1.221649e-97 3.359982e-99 8.863230e-101 2.241428e-102 5.431839e-104 1.260865e-105 2.802201e-107 5.960006e-109 1.212600e-110 2.358941e-112 4.385808e-114 7.789658e-116 1.321068e-117 2.138312e-119 3.301836e-121 4.861577e-123 6.822345e-125 9.120565e-127 1.161012e-128 1.406609e-130 1.621159e-132 1.776584e-134 1.850317e-136 1.830617e-138 1.719611e-140 1.532971e-142 1.296275e-144 1.039222e-146 7.895046e-149 
1.349894e-25 6.708630e-25 3.261194e-24 1.550995e-23 7.217956e-23 3.287485e-22 1.465654e-21 6.397156e-21 2.733981e-20 1.144247e-19 4.690488e-19 1.883413e-18 7.408898e-18 2.855548e-17 1.078441e-16 3.991301e-16 1.447699e-15 5.146587e-15 1.793346e-14 6.125408e-14 2.050926e-13 6.731657e-13 2.166006e-12 6.832300e-12 2.112722e-11 6.404423e-11 1.903132e-10 5.543611e-10 1.582816e-09 4.429509e-09 1.214889e-08 3.265406e-08 8.600332e-08 2.219341e-07 5.610631e-07 1.389383e-06 3.369718e-06 8.003159e-06 1.861043e-05 4.236496e-05 9.439268e-05 2.058146e-04 4.390824e-04 9.163832e-04 1.870701e-03 3.734846e-03 7.291914e-03 1.392164e-02 2.599120e-02 4.745599e-02 8.475572e-02 1.481138e-01 2.533738e-01 4.245388e-01 6.972136e-01 1.123180e+00 1.776324e+00 2.759988e+00 4.215386e+00 6.329756e+00 9.341178e+00 1.353448e+01 1.922002e+01 2.668608e+01 3.611881e+01 4.749394e+01 6.046159e+01 7.426500e+01 8.774339e+01 9.945796e+01 1.079408e+02 1.120129e+02 1.110732e+02 1.052560e+02 9.539660e+01 8.281774e+01 6.901729e+01 5.536348e+01 4.288443e+01 3.218729e+01 2.349086e+01 1.672567e+01 1.165191e+01 7.960415e+00 5.341813e+00 3.523995e+00 2.286019e+00 1.457851e+00 9.134451e-01 5.619012e-01 3.390761e-01 2.005694e-01 1.162188e-01 6.593289e-02 3.660743e-02 1.988663e-02 1.056842e-02 5.494004e-03 2.793861e-03 1.389919e-03 6.765417e-04 3.222439e-04 1.502221e-04 6.855216e-05 3.062870e-05 1.340104e-05 5.742920e-06 2.410961e-06 9.917161e-07 3.997575e-07 1.579379e-07 6.116751e-08 2.322518e-08 8.646812e-09 3.156902e-09 1.130366e-09 3.969810e-10 1.367565e-10 4.621508e-11 1.532152e-11 4.983367e-12 1.590237e-12 4.978859e-13 1.529441e-13 4.609699e-14 1.363158e-14 3.955000e-15 1.125803e-15 3.143968e-16 8.613395e-17 2.314876e-17 6.102547e-18 1.577951e-18 4.001661e-19 9.952077e-20 2.427013e-20 5.803247e-21 1.360387e-21 3.126044e-22 7.040688e-23 1.554052e-23 3.361137e-24 7.122208e-25 1.478378e-25 3.005595e-26 5.983828e-27 1.166429e-27 2.225831e-28 4.157221e-29 7.598199e-30 1.358727e-30 2.376745e-31 4.066072e-32 6.801745e-33 1.112313e-33 1.777877e-34 2.776829e-35 4.237127e-36 6.314943e-37 9.190553e-38 1.305824e-38 1.810896e-39 2.450534e-40 3.235025e-41 4.165175e-42 5.228956e-43 6.398946e-44 7.631282e-45 8.866743e-46 1.003433e-46 1.105731e-47 1.186106e-48 1.238186e-49 1.257506e-50 1.242132e-51 1.192969e-52 1.113684e-53 1.010261e-54 8.902436e-56 7.618178e-57 6.328812e-58 5.102491e-59 3.991074e-60 3.027622e-61 2.226758e-62 1.587296e-63 1.096247e-64 7.332880e-66 4.749040e-67 2.976797e-68 1.805306e-69 1.058899e-70 6.004864e-72 3.291076e-73 1.742603e-74 8.910918e-76 4.398926e-77 2.095589e-78 9.630178e-80 4.267398e-81 1.822733e-82 7.501416e-84 2.973384e-85 1.134678e-86 4.167085e-88 1.472155e-89 5.001012e-91 1.632923e-92 5.122661e-94 1.543353e-95 4.463655e-97 1.238758e-98 3.297356e-100 8.414745e-102 2.057890e-103 4.820799e-105 1.081283e-106 2.321079e-108 4.766240e-110 9.358401e-112 1.756184e-113 3.148348e-115 5.389399e-117 8.805257e-119 1.372417e-120 2.039715e-122 2.889272e-124 3.898858e-126 5.009685e-128 6.126328e-130 7.126868e-132 7.883093e-134 8.286743e-136 8.274646e-138 7.844792e-140 7.057765e-142 6.022727e-144 4.872424e-146 3.735150e-148 2.711853e-150 
6.387047e-26 3.227046e-25 1.594634e-24 7.708168e-24 3.645484e-23 1.687135e-22 7.642019e-22 3.388443e-21 1.470931e-20 6.252410e-20 2.602703e-19 1.061157e-18 4.238025e-18 1.658153e-17 6.356327e-17 2.387526e-16 8.787912e-16 3.169932e-15 1.120644e-14 3.882939e-14 1.318702e-13 4.389737e-13 1.432334e-12 4.581069e-12 1.436165e-11 4.413165e-11 1.329205e-10 3.923850e-10 1.135244e-09 3.218802e-09 8.943239e-09 2.434738e-08 6.494159e-08 1.696906e-07 4.343130e-07 1.088677e-06 2.672282e-06 6.422209e-06 1.510891e-05 3.478982e-05 7.839050e-05 1.728172e-04 3.726862e-04 7.860584e-04 1.621247e-03 3.269364e-03 6.445350e-03 1.242133e-02 2.340043e-02 4.309655e-02 7.760625e-02 1.366816e-01 2.355398e-01 3.973781e-01 6.567995e-01 1.064395e+00 1.692730e+00 2.643885e+00 4.058299e+00 6.123756e+00 9.081598e+00 1.322457e+01 1.887763e+01 2.635142e+01 3.586053e+01 4.740913e+01 6.066498e+01 7.486497e+01 8.880845e+01 1.009838e+02 1.098326e+02 1.140941e+02 1.131223e+02 1.070599e+02 9.680058e+01 8.375437e+01 6.950643e+01 5.548845e+01 4.275760e+01 3.191876e+01 2.316866e+01 1.640871e+01 1.137240e+01 7.730822e+00 5.162438e+00 3.389003e+00 2.187400e+00 1.387599e+00 8.645416e-01 5.286110e-01 3.169196e-01 1.861607e-01 1.070700e-01 6.026493e-02 3.318303e-02 1.786968e-02 9.410481e-03 4.846034e-03 2.440386e-03 1.201907e-03 5.790069e-04 2.728791e-04 1.258378e-04 5.679266e-05 2.509000e-05 1.085234e-05 4.596708e-06 1.907013e-06 7.750385e-07 3.086253e-07 1.204341e-07 4.606212e-08 1.726936e-08 6.347509e-09 2.287581e-09 8.084301e-10 2.801834e-10 9.523855e-11 3.175299e-11 1.038446e-11 3.331442e-12 1.048445e-12 3.236947e-13 9.804128e-14 2.913183e-14 8.491993e-15 2.428442e-15 6.812568e-16 1.874751e-16 5.060654e-17 1.339912e-17 3.479567e-18 8.861809e-19 2.213262e-19 5.420234e-20 1.301476e-20 3.063673e-21 7.069483e-22 1.598897e-22 3.543938e-23 7.697092e-24 1.637878e-24 3.414186e-25 6.970716e-26 1.393744e-26 2.728555e-27 5.229405e-28 9.809910e-29 1.800910e-29 3.234832e-30 5.684084e-31 9.768602e-32 1.641645e-32 2.697182e-33 4.331451e-34 6.797572e-35 1.042257e-35 1.560981e-36 2.283082e-37 3.260197e-38 4.544226e-39 6.181062e-40 8.202478e-41 1.061684e-41 1.339991e-42 1.648734e-43 1.977087e-44 2.309986e-45 2.628950e-46 2.913556e-47 3.143472e-48 3.300777e-49 3.372227e-50 3.351068e-51 3.238067e-52 3.041536e-53 2.776332e-54 2.461989e-55 2.120316e-56 1.772869e-57 1.438714e-58 1.132798e-59 8.651015e-61 6.405809e-62 4.597551e-63 3.197251e-64 2.153648e-65 1.404654e-66 8.867636e-68 5.416710e-69 3.200342e-70 1.828238e-71 1.009452e-72 5.385100e-74 2.774566e-75 1.380148e-76 6.625520e-78 3.068394e-79 1.370346e-80 5.899398e-82 2.447212e-83 9.777975e-85 3.761535e-86 1.392656e-87 4.960301e-89 1.698940e-90 5.593373e-92 1.769347e-93 5.375419e-95 1.567787e-96 4.387839e-98 1.177920e-99 3.031747e-101 7.478114e-103 1.766937e-104 3.997486e-106 8.655558e-108 1.792874e-109 3.551024e-111 6.722153e-113 1.215666e-114 2.099282e-116 3.459993e-118 5.440320e-120 8.156690e-122 1.165569e-123 1.586682e-125 2.056654e-127 2.537135e-129 2.977327e-131 3.321995e-133 3.522483e-135 3.547834e-137 3.392563e-139 3.078422e-141 2.649402e-143 2.161577e-145 1.671011e-147 1.223363e-149 8.477735e-152 
2.954475e-26 1.518296e-25 7.629994e-25 3.750316e-24 1.803300e-23 8.484032e-23 3.906110e-22 1.760213e-21 7.764828e-21 3.353571e-20 1.418248e-19 5.873830e-19 2.382691e-18 9.467578e-18 3.685353e-17 1.405491e-16 5.251956e-16 1.923045e-15 6.900168e-15 2.426351e-14 8.361589e-14 2.824082e-13 9.348176e-13 3.032772e-12 9.643030e-12 3.004971e-11 9.177128e-11 2.746596e-10 8.055276e-10 2.314912e-09 6.518115e-09 1.798055e-08 4.858829e-08 1.286047e-07 3.333667e-07 8.461863e-07 2.102913e-06 5.115840e-06 1.218083e-05 2.838057e-05 6.469448e-05 1.442548e-04 3.145759e-04 6.707619e-04 1.398234e-03 2.848970e-03 5.673260e-03 1.104009e-02 2.099381e-02 3.901261e-02 7.085540e-02 1.258073e-01 2.184615e-01 3.712078e-01 6.176392e-01 1.007133e+00 1.610887e+00 2.529619e+00 3.902809e+00 5.918496e+00 8.820887e+00 1.291025e+01 1.852604e+01 2.600178e+01 3.558214e+01 4.730245e+01 6.085132e+01 7.546155e+01 8.989211e+01 1.025544e+02 1.117924e+02 1.162561e+02 1.152503e+02 1.089267e+02 9.824283e+01 8.470385e+01 6.998858e+01 5.559530e+01 4.260977e+01 3.163202e+01 2.283354e+01 1.608421e+01 1.108957e+01 7.500659e+00 4.983984e+00 3.255559e+00 2.090455e+00 1.318896e+00 8.169587e-01 4.963917e-01 2.955986e-01 1.723821e-01 9.838116e-02 5.492193e-02 2.998078e-02 1.599968e-02 8.346577e-03 4.256305e-03 2.121846e-03 1.034201e-03 4.929189e-04 2.297772e-04 1.047821e-04 4.675282e-05 2.041558e-05 8.726518e-06 3.652039e-06 1.496690e-06 6.007773e-07 2.362429e-07 9.102104e-08 3.436621e-08 1.271723e-08 4.612992e-09 1.640424e-09 5.719540e-10 1.955421e-10 6.555888e-11 2.155596e-11 6.951441e-12 2.198752e-12 6.821641e-13 2.075988e-13 6.197141e-14 1.814643e-14 5.212215e-15 1.468514e-15 4.058331e-16 1.100057e-16 2.924568e-17 7.625413e-18 1.949812e-18 4.888979e-19 1.202000e-19 2.897431e-20 6.847016e-21 1.586074e-21 3.601061e-22 8.012533e-23 1.746973e-23 3.731820e-24 7.809301e-25 1.600649e-25 3.212959e-26 6.314946e-27 1.215114e-27 2.288610e-28 4.218486e-29 7.608366e-30 1.342436e-30 2.316744e-31 3.909830e-32 6.451247e-33 1.040504e-33 1.640077e-34 2.525861e-35 3.799981e-36 5.583157e-37 8.009453e-38 1.121622e-38 1.532867e-39 2.043943e-40 2.658460e-41 3.371912e-42 4.169592e-43 5.025356e-44 5.901720e-45 6.751647e-46 7.522105e-47 8.159147e-48 8.613931e-49 8.848773e-50 8.842230e-51 8.592268e-52 8.116892e-53 7.452026e-54 6.647017e-55 5.758515e-56 4.843812e-57 3.954732e-58 3.132985e-59 2.407508e-60 1.793909e-61 1.295715e-62 9.068748e-64 6.148420e-65 4.036517e-66 2.565216e-67 1.577467e-68 9.383377e-70 5.397130e-71 3.000626e-72 1.611925e-73 8.363707e-75 4.189959e-76 2.025870e-77 9.450110e-79 4.251248e-80 1.843655e-81 7.704677e-83 3.101465e-84 1.202104e-85 4.484383e-87 1.609425e-88 5.554776e-90 1.842929e-91 5.875084e-93 1.798866e-94 5.287822e-96 1.491630e-97 4.036109e-99 1.047109e-100 2.603498e-102 6.201052e-104 1.414237e-105 3.086967e-107 6.446108e-109 1.287125e-110 2.456414e-112 4.478567e-114 7.797061e-116 1.295608e-117 2.053817e-119 3.104487e-121 4.472499e-123 6.138107e-125 8.021078e-127 9.975493e-129 1.180123e-130 1.327390e-132 1.418842e-134 1.440518e-136 1.388469e-138 1.269900e-140 1.101541e-142 9.057553e-145 7.056349e-147 5.205801e-149 3.635065e-151 2.401218e-153 
1.334588e-26 6.979173e-26 3.568551e-25 1.784415e-24 8.727658e-24 4.176144e-23 1.955258e-22 8.958904e-22 4.017868e-21 1.763967e-20 7.582281e-20 3.191391e-19 1.315478e-18 5.310787e-18 2.100150e-17 8.135754e-17 3.087714e-16 1.148151e-15 4.183216e-15 1.493457e-14 5.224722e-14 1.791158e-13 6.017435e-13 1.981062e-12 6.391313e-12 2.020594e-11 6.259657e-11 1.900138e-10 5.651422e-10 1.646787e-09 4.700974e-09 1.314519e-08 3.600204e-08 9.656392e-08 2.536129e-07 6.521273e-07 1.641452e-06 4.043746e-06 9.748107e-06 2.299079e-05 5.303924e-05 1.196634e-04 2.639700e-04 5.692296e-04 1.199701e-03 2.470760e-03 4.971541e-03 9.772415e-03 1.876438e-02 3.519582e-02 6.449374e-02 1.154810e-01 2.021292e-01 3.460193e-01 5.797265e-01 9.513948e-01 1.530809e+00 2.417231e+00 3.749008e+00 5.714130e+00 8.559257e+00 1.259174e+01 1.816529e+01 2.563683e+01 3.528266e+01 4.717220e+01 6.101844e+01 7.605276e+01 9.099353e+01 1.041709e+02 1.138231e+02 1.185030e+02 1.174610e+02 1.108587e+02 9.972391e+01 8.566503e+01 7.046171e+01 5.568196e+01 4.243947e+01 3.132629e+01 2.248527e+01 1.575228e+01 1.080363e+01 7.270117e+00 4.806578e+00 3.123735e+00 1.995214e+00 1.251749e+00 7.706952e-01 4.652372e-01 2.751049e-01 1.592248e-01 9.014346e-02 4.989575e-02 2.699359e-02 1.427078e-02 7.372182e-03 3.721493e-03 1.835916e-03 8.852513e-04 4.172897e-04 1.923337e-04 8.669916e-05 3.823084e-05 1.649493e-05 6.965010e-06 2.878867e-06 1.165040e-06 4.617062e-07 1.792165e-07 6.814829e-08 2.539030e-08 9.270075e-09 3.317127e-09 1.163482e-09 4.000612e-10 1.348673e-10 4.457994e-11 1.444970e-11 4.592963e-12 1.431743e-12 4.377170e-13 1.312474e-13 3.859802e-14 1.113318e-14 3.149575e-15 8.738900e-16 2.378059e-16 6.346504e-17 1.661012e-17 4.262982e-18 1.072826e-18 2.647205e-19 6.404034e-20 1.518755e-20 3.530588e-21 8.044242e-22 1.796190e-22 3.930025e-23 8.424769e-24 1.769217e-24 3.639167e-25 7.330870e-26 1.446017e-26 2.792448e-27 5.278576e-28 9.765449e-29 1.767798e-29 3.130812e-30 5.423521e-31 9.187976e-32 1.521893e-32 2.464242e-33 3.899643e-34 6.029946e-35 9.108608e-36 1.343820e-36 1.935886e-37 2.722476e-38 3.736704e-39 5.004336e-40 6.537741e-41 8.329546e-42 1.034699e-42 1.252826e-43 1.478204e-44 1.699129e-45 1.902154e-46 2.073338e-47 2.199761e-48 2.271096e-49 2.280984e-50 2.227955e-51 2.115711e-52 1.952716e-53 1.751136e-54 1.525323e-55 1.290111e-56 1.059194e-57 8.438500e-59 6.521584e-60 4.887580e-61 3.550920e-62 2.500033e-63 1.705133e-64 1.126229e-65 7.201086e-67 4.455708e-68 2.667020e-69 1.543719e-70 8.637400e-72 4.669912e-73 2.438834e-74 1.229812e-75 5.985656e-77 2.810822e-78 1.273016e-79 5.558303e-81 2.338759e-82 9.479583e-84 3.699795e-85 1.389867e-86 5.023393e-88 1.746097e-89 5.834522e-91 1.873371e-92 5.777488e-94 1.710662e-95 4.860839e-97 1.324922e-98 3.462666e-100 8.673196e-102 2.081144e-103 4.781721e-105 1.051546e-106 2.212260e-108 4.450491e-110 8.557418e-112 1.571948e-113 2.757339e-115 4.616300e-117 7.372979e-119 1.122870e-120 1.629839e-122 2.253607e-124 2.967007e-126 3.717520e-128 4.430661e-130 5.020527e-132 5.406043e-134 5.528941e-136 5.368074e-138 4.945267e-140 4.320514e-142 3.577951e-144 2.807142e-146 2.085462e-148 1.466304e-150 9.752256e-153 6.132248e-155 
5.879928e-27 3.130614e-26 1.629506e-25 8.293490e-25 4.128155e-24 2.009977e-23 9.574556e-23 4.462832e-22 2.035801e-21 9.089871e-21 3.973185e-20 1.700339e-19 7.125262e-19 2.924042e-18 1.175245e-17 4.626745e-17 1.784271e-16 6.740857e-16 2.494969e-15 9.047581e-15 3.214651e-14 1.119131e-13 3.817507e-13 1.275946e-12 4.178630e-12 1.340834e-11 4.215418e-11 1.298404e-10 3.917925e-10 1.158103e-09 3.353087e-09 9.508355e-09 2.640456e-08 7.179761e-08 1.911336e-07 4.980732e-07 1.270298e-06 3.170275e-06 7.740760e-06 1.848751e-05 4.318072e-05 9.861057e-05 2.201318e-04 4.802547e-04 1.023754e-03 2.131896e-03 4.336147e-03 8.612828e-03 1.670513e-02 3.163777e-02 5.851184e-02 1.056929e-01 1.865332e-01 3.218040e-01 5.430558e-01 8.971808e-01 1.452509e+00 2.306762e+00 3.596979e+00 5.510812e+00 8.296932e+00 1.226927e+01 1.779551e+01 2.525629e+01 3.496114e+01 4.701662e+01 6.116400e+01 7.663643e+01 9.211170e+01 1.058340e+02 1.159279e+02 1.208392e+02 1.197587e+02 1.128588e+02 1.012443e+02 8.663659e+01 7.092358e+01 5.574629e+01 4.224516e+01 3.100082e+01 2.212370e+01 1.541305e+01 1.051481e+01 7.039390e+00 4.630349e+00 2.993598e+00 1.901708e+00 1.186168e+00 7.257496e-01 4.351417e-01 2.554309e-01 1.466800e-01 8.234823e-02 4.517825e-02 2.421437e-02 1.267717e-02 6.482807e-03 3.238326e-03 1.580333e-03 7.535668e-04 3.511789e-04 1.599802e-04 7.125854e-05 3.104165e-05 1.322797e-05 5.515489e-06 2.250688e-06 8.990456e-07 3.516196e-07 1.346711e-07 5.052023e-08 1.856609e-08 6.685103e-09 2.358804e-09 8.156974e-10 2.764850e-10 9.186832e-11 2.992624e-11 9.557971e-12 2.993203e-12 9.191529e-13 2.767829e-13 8.173431e-14 2.366965e-14 6.722099e-15 1.872158e-15 5.113265e-16 1.369499e-16 3.596812e-17 9.262888e-18 2.338966e-18 5.790580e-19 1.405429e-19 3.343862e-20 7.798314e-21 1.782471e-21 3.992698e-22 8.763598e-23 1.884588e-23 3.970192e-24 8.192326e-25 1.655543e-25 3.276008e-26 6.346752e-27 1.203617e-27 2.233987e-28 4.057432e-29 7.209750e-30 1.253156e-30 2.130203e-31 3.540631e-32 5.753003e-33 9.136308e-34 1.417800e-34 2.149468e-35 3.182878e-36 4.602370e-37 6.496999e-38 8.951770e-39 1.203547e-39 1.578579e-40 2.019332e-41 2.518690e-42 3.062334e-43 3.628477e-44 4.188629e-45 4.709497e-46 5.155968e-47 5.494837e-48 5.698787e-49 5.749967e-50 5.642533e-51 5.383656e-52 4.992776e-53 4.499181e-54 3.938355e-55 3.347713e-56 2.762442e-57 2.212117e-58 1.718500e-59 1.294709e-60 9.456476e-62 6.693791e-63 4.590399e-64 3.048682e-65 1.960215e-66 1.219747e-67 7.342658e-69 4.274601e-70 2.405671e-71 1.308318e-72 6.873272e-74 3.486752e-75 1.707337e-76 8.066585e-78 3.675886e-79 1.614970e-80 6.837917e-82 2.789105e-83 1.095497e-84 4.141754e-86 1.506624e-87 5.270976e-89 1.772802e-90 5.729648e-92 1.778722e-93 5.301674e-95 1.516539e-96 4.161399e-98 1.094909e-99 2.761060e-101 6.670186e-103 1.543006e-104 3.416382e-106 7.236612e-108 1.465794e-109 2.837770e-111 5.248608e-113 9.269759e-115 1.562585e-116 2.512822e-118 3.853130e-120 5.631038e-122 7.839250e-124 1.039103e-125 1.310769e-127 1.572757e-129 1.794106e-131 1.944767e-133 2.002170e-135 1.956715e-137 1.814371e-139 1.595417e-141 1.329683e-143 1.049841e-145 7.848277e-148 5.552321e-150 3.715324e-152 2.350241e-154 1.404730e-156 
2.523406e-27 1.368600e-26 7.255558e-26 3.760599e-25 1.905982e-24 9.447914e-24 4.581264e-23 2.173401e-22 1.008948e-21 4.583925e-21 2.038486e-20 8.874360e-20 3.782500e-19 1.578638e-18 6.451981e-18 2.582563e-17 1.012492e-16 3.888187e-16 1.462660e-15 5.390163e-15 1.945984e-14 6.882825e-14 2.385010e-13 8.096743e-13 2.692912e-12 8.774357e-12 2.800744e-11 8.757384e-11 2.682196e-10 8.046145e-10 2.363887e-09 6.800817e-09 1.915752e-08 5.283277e-08 1.426230e-07 3.768147e-07 9.741882e-07 2.464072e-06 6.096391e-06 1.475060e-05 3.489542e-05 8.069551e-05 1.823689e-04 4.026890e-04 8.685705e-04 1.829615e-03 3.763092e-03 7.555891e-03 1.480908e-02 2.833004e-02 5.290023e-02 9.643291e-02 1.716641e-01 2.985541e-01 5.076217e-01 8.444911e-01 1.376000e+00 2.198249e+00 3.446807e+00 5.308696e+00 8.034145e+00 1.194311e+01 1.741684e+01 2.485992e+01 3.461665e+01 4.683387e+01 6.128551e+01 7.721011e+01 9.324541e+01 1.075450e+02 1.181100e+02 1.232695e+02 1.221479e+02 1.149296e+02 1.028045e+02 8.761699e+01 7.137175e+01 5.578595e+01 4.202530e+01 3.065489e+01 2.174872e+01 1.506671e+01 1.022337e+01 6.808678e+00 4.455422e+00 2.865213e+00 1.809963e+00 1.122160e+00 6.821208e-01 4.060999e-01 2.365689e-01 1.347395e-01 7.498677e-02 4.076126e-02 2.163595e-02 1.121302e-02 5.673998e-03 2.803590e-03 1.352897e-03 6.377135e-04 2.936938e-04 1.321836e-04 5.815450e-05 2.501625e-05 1.052453e-05 4.331436e-06 1.744263e-06 6.874500e-07 2.652242e-07 1.001880e-07 3.706229e-08 1.342886e-08 4.766590e-09 1.657692e-09 5.649194e-10 1.886730e-10 6.176200e-11 1.981817e-11 6.234086e-12 1.922559e-12 5.813125e-13 1.723385e-13 5.009705e-14 1.427934e-14 3.990936e-15 1.093731e-15 2.939070e-16 7.743943e-17 2.000562e-17 5.067105e-18 1.258234e-18 3.062870e-19 7.308508e-20 1.709328e-20 3.918125e-21 8.801231e-22 1.937194e-22 4.177495e-23 8.825058e-24 1.826081e-24 3.700514e-25 7.343102e-26 1.426610e-26 2.713120e-27 5.050076e-28 9.198481e-29 1.639250e-29 2.857617e-30 4.872019e-31 8.122207e-32 1.323764e-32 2.108763e-33 3.282708e-34 4.992621e-35 7.416842e-36 1.075978e-36 1.523983e-37 2.106902e-38 2.842433e-39 3.741186e-40 4.802762e-41 6.012059e-42 7.336544e-43 8.725285e-44 1.011042e-44 1.141144e-45 1.254212e-46 1.341953e-47 1.397376e-48 1.415702e-49 1.395028e-50 1.336645e-51 1.244909e-52 1.126713e-53 9.906181e-55 8.458204e-56 7.011144e-57 5.640228e-58 4.402079e-59 3.332169e-60 2.445441e-61 1.739400e-62 1.198680e-63 8.000490e-65 5.169937e-66 3.233358e-67 1.956432e-68 1.144878e-69 6.477034e-71 3.541225e-72 1.870368e-73 9.539621e-75 4.696759e-76 2.231307e-77 1.022454e-78 4.517300e-80 1.923495e-81 7.890498e-83 3.117035e-84 1.185288e-85 4.336815e-87 1.526160e-88 5.163308e-90 1.678685e-91 5.242480e-93 1.571962e-94 4.523717e-96 1.248834e-97 3.305804e-99 8.387213e-101 2.038592e-102 4.744790e-104 1.057009e-105 2.252757e-107 4.591155e-109 8.943296e-111 1.664317e-112 2.957542e-114 5.016190e-116 8.116256e-118 1.252176e-119 1.841156e-121 2.578801e-123 3.439001e-125 4.364331e-127 5.268129e-129 6.045465e-131 6.592006e-133 6.826511e-135 6.710437e-137 6.258210e-139 5.534418e-141 4.638637e-143 3.682803e-145 2.768269e-147 1.969023e-149 1.324574e-151 8.422738e-154 5.059998e-156 2.870349e-158 
1.053373e-27 5.822989e-27 3.145931e-26 1.661421e-25 8.578713e-25 4.331691e-24 2.139258e-23 1.033506e-22 4.885146e-22 2.259553e-21 1.022846e-20 4.532099e-20 1.965819e-19 8.348193e-19 3.471296e-18 1.413454e-17 5.636363e-17 2.201276e-16 8.420444e-16 3.155017e-15 1.157952e-14 4.163064e-14 1.466136e-13 5.057947e-13 1.709257e-12 5.657991e-12 1.834516e-11 5.825883e-11 1.811982e-10 5.519029e-10 1.646062e-09 4.806811e-09 1.374172e-08 3.845367e-08 1.053128e-07 2.822270e-07 7.399651e-07 1.897731e-06 4.759692e-06 1.167208e-05 2.797967e-05 6.554774e-05 1.500328e-04 3.354430e-04 7.323980e-04 1.561227e-03 3.248454e-03 6.596195e-03 1.306920e-02 2.526411e-02 4.764935e-02 8.769135e-02 1.575126e-01 2.762619e-01 4.734196e-01 7.933257e-01 1.301292e+00 2.091723e+00 3.298569e+00 5.107932e+00 7.771136e+00 1.161355e+01 1.702948e+01 2.444757e+01 3.424829e+01 4.662209e+01 6.138028e+01 7.777115e+01 9.439322e+01 1.093046e+02 1.203730e+02 1.257989e+02 1.246335e+02 1.170743e+02 1.044048e+02 8.860445e+01 7.180351e+01 5.579851e+01 4.177829e+01 3.028784e+01 2.136028e+01 1.471350e+01 9.929562e+00 6.578186e+00 4.281917e+00 2.738639e+00 1.720003e+00 1.059733e+00 6.398076e-01 3.781068e-01 2.185119e-01 1.233946e-01 6.805037e-02 3.663651e-02 1.925114e-02 9.872502e-03 4.941333e-03 2.414127e-03 1.151474e-03 5.363176e-04 2.439897e-04 1.084465e-04 4.710544e-05 2.000109e-05 8.303815e-06 3.371742e-06 1.339339e-06 5.205815e-07 1.980367e-07 7.374845e-08 2.689033e-08 9.601849e-09 3.358173e-09 1.150558e-09 3.862182e-10 1.270373e-10 4.095001e-11 1.293732e-11 4.006271e-12 1.216112e-12 3.618851e-13 1.055728e-13 3.019486e-14 8.466877e-15 2.327701e-15 6.273996e-16 1.657940e-16 4.295267e-17 1.090921e-17 2.716178e-18 6.629195e-19 1.585887e-19 3.718430e-20 8.544490e-21 1.924026e-21 4.245112e-22 9.176407e-23 1.943163e-23 4.030359e-24 8.186857e-25 1.628424e-25 3.171244e-26 6.045541e-27 1.128010e-27 2.059629e-28 3.679477e-29 6.430204e-30 1.099063e-30 1.836941e-31 3.001611e-32 4.794143e-33 7.482940e-34 1.141153e-34 1.699921e-35 2.473021e-36 3.512687e-37 4.870353e-38 6.589990e-39 8.699710e-40 1.120239e-40 1.406663e-41 1.721986e-42 2.054533e-43 2.388486e-44 2.704820e-45 2.982899e-46 3.202577e-47 3.346539e-48 3.402513e-49 3.364979e-50 3.236028e-51 3.025217e-52 2.748403e-53 2.425757e-54 2.079308e-55 1.730432e-56 1.397697e-57 1.095343e-58 8.325692e-60 6.135875e-61 4.382981e-62 3.033534e-63 2.033582e-64 1.319939e-65 8.292199e-67 5.040239e-68 2.963050e-69 1.684116e-70 9.250969e-72 4.909309e-73 2.515968e-74 1.244726e-75 5.942321e-77 2.736412e-78 1.215001e-79 5.199562e-81 2.143758e-82 8.511883e-84 3.253394e-85 1.196541e-86 4.232682e-88 1.439515e-89 4.704817e-91 1.477093e-92 4.452682e-94 1.288230e-95 3.575449e-97 9.515656e-99 2.427292e-100 5.931754e-102 1.388108e-103 3.109148e-105 6.662481e-107 1.365222e-108 2.673858e-110 5.003043e-112 8.938883e-114 1.524318e-115 2.479708e-117 3.846319e-119 5.685860e-121 8.006411e-123 1.073381e-124 1.369386e-126 1.661631e-128 1.916723e-130 2.100768e-132 2.186591e-134 2.160247e-136 2.024695e-138 1.799323e-140 1.515388e-142 1.208857e-144 9.129166e-147 6.523212e-149 4.407916e-151 2.815224e-153 1.698502e-155 9.675131e-158 5.200547e-160 
4.270700e-28 2.407649e-27 1.326353e-26 7.141440e-26 3.758885e-25 1.934464e-24 9.735751e-24 4.792477e-23 2.307828e-22 1.087343e-21 5.013169e-21 2.262038e-20 9.990419e-20 4.319306e-19 1.828254e-18 7.576912e-18 3.074806e-17 1.221924e-16 4.755523e-16 1.812596e-15 6.766573e-15 2.474069e-14 8.860029e-14 3.107694e-13 1.067615e-12 3.592129e-12 1.183673e-11 3.819705e-11 1.207022e-10 3.734659e-10 1.131342e-09 3.355012e-09 9.738575e-09 2.766530e-08 7.690327e-08 2.091454e-07 5.563708e-07 1.447454e-06 3.681932e-06 9.155415e-06 2.224881e-05 5.282661e-05 1.225189e-04 2.774869e-04 6.135574e-04 1.324121e-03 2.788379e-03 5.728362e-03 1.147846e-02 2.243141e-02 4.274953e-02 7.945824e-02 1.440698e-01 2.549202e-01 4.404452e-01 7.436856e-01 1.228396e+00 1.987217e+00 3.152338e+00 4.908665e+00 7.508147e+00 1.128092e+01 1.663371e+01 2.401914e+01 3.385521e+01 4.637935e+01 6.144545e+01 7.831655e+01 9.555345e+01 1.111139e+02 1.227207e+02 1.284331e+02 1.272208e+02 1.192959e+02 1.060454e+02 8.959691e+01 7.221590e+01 5.578136e+01 4.150254e+01 2.989905e+01 2.095840e+01 1.435369e+01 9.633684e+00 6.348119e+00 4.109953e+00 2.613932e+00 1.631852e+00 9.988923e-01 5.988098e-01 3.511580e-01 2.012530e-01 1.126372e-01 6.153024e-02 3.279564e-02 1.705266e-02 8.649774e-03 4.280429e-03 2.066843e-03 9.739951e-04 4.480662e-04 2.012705e-04 8.830647e-05 3.785315e-05 1.585737e-05 6.493809e-06 2.600297e-06 1.018387e-06 3.901896e-07 1.462890e-07 5.368041e-08 1.928309e-08 6.782296e-09 2.336106e-09 7.881229e-10 2.604623e-10 8.433403e-11 2.675588e-11 8.318390e-12 2.534557e-12 7.569039e-13 2.215556e-13 6.356958e-14 1.787955e-14 4.929637e-15 1.332383e-15 3.530197e-16 9.168936e-17 2.334418e-17 5.825897e-18 1.425120e-18 3.416802e-19 8.028589e-20 1.848742e-20 4.171511e-21 9.222513e-22 1.997554e-22 4.238304e-23 8.807997e-24 1.792658e-24 3.572672e-25 6.971100e-26 1.331545e-26 2.489356e-27 4.554313e-28 8.152448e-29 1.427593e-29 2.445067e-30 4.095096e-31 6.705602e-32 1.073305e-32 1.678917e-33 2.566032e-34 3.831119e-35 5.586266e-36 7.953338e-37 1.105366e-37 1.499293e-38 1.984191e-39 2.561460e-40 3.224685e-41 3.957940e-42 4.734974e-43 5.519694e-44 6.268185e-45 6.932287e-46 7.464412e-47 7.823007e-48 7.977808e-49 7.913997e-50 7.634483e-51 7.159817e-52 6.525711e-53 5.778577e-54 4.969841e-55 4.150042e-56 3.363634e-57 2.645254e-58 2.017821e-59 1.492475e-60 1.070019e-61 7.433353e-63 5.001891e-64 3.259007e-65 2.055331e-66 1.254196e-67 7.402463e-69 4.224285e-70 2.329875e-71 1.241509e-72 6.389071e-74 3.174155e-75 1.521776e-76 7.037746e-78 3.138363e-79 1.348914e-80 5.585985e-82 2.227774e-83 8.552984e-85 3.159785e-86 1.122812e-87 3.836017e-89 1.259480e-90 3.972374e-92 1.203004e-93 3.496630e-95 9.750001e-97 2.606973e-98 6.681106e-100 1.640369e-101 3.856704e-103 8.679015e-105 1.868533e-106 3.846827e-108 7.569539e-110 1.422962e-111 2.554255e-113 4.375944e-115 7.151598e-117 1.114408e-118 1.654930e-120 2.340951e-122 3.152563e-124 4.039934e-126 4.923825e-128 5.704611e-130 6.279435e-132 6.563885e-134 6.512092e-136 6.128741e-138 5.468699e-140 4.624112e-142 3.703160e-144 2.807266e-146 2.013389e-148 1.365430e-150 8.751307e-153 5.297862e-155 3.027710e-157 1.632580e-159 8.301205e-162 
1.678915e-28 9.658784e-28 5.428980e-27 2.981992e-26 1.600936e-25 8.402407e-25 4.311967e-24 2.164037e-23 1.062291e-22 5.101283e-22 2.396826e-21 1.101981e-20 4.958472e-20 2.183776e-19 9.414581e-19 3.973454e-18 1.641898e-17 6.643036e-17 2.631818e-16 1.021022e-15 3.879007e-15 1.443185e-14 5.258282e-14 1.876226e-13 6.555997e-13 2.243320e-12 7.516630e-12 2.466089e-11 7.921657e-11 2.491187e-10 7.668924e-10 2.310727e-09 6.813821e-09 1.966054e-08 5.549976e-08 1.532496e-07 4.138428e-07 1.092718e-06 2.820455e-06 7.114849e-06 1.753631e-05 4.222042e-05 9.926596e-05 2.278505e-04 5.104446e-04 1.115769e-03 2.379084e-03 4.947052e-03 1.002977e-02 1.982321e-02 3.819094e-02 7.172357e-02 1.313266e-01 2.345223e-01 4.086952e-01 6.955722e-01 1.157321e+00 1.884758e+00 3.008181e+00 4.711035e+00 7.245424e+00 1.094556e+01 1.622983e+01 2.357463e+01 3.343664e+01 4.610373e+01 6.147799e+01 7.884303e+01 9.672410e+01 1.129735e+02 1.251572e+02 1.311782e+02 1.299157e+02 1.215978e+02 1.077265e+02 9.059201e+01 7.260568e+01 5.573177e+01 4.119646e+01 2.948799e+01 2.054318e+01 1.398760e+01 9.336039e+00 6.118682e+00 3.939640e+00 2.491146e+00 1.545531e+00 9.396460e-01 5.591274e-01 3.252498e-01 1.847857e-01 1.024590e-01 5.541746e-02 2.923015e-02 1.503319e-02 7.538979e-03 3.686941e-03 1.758710e-03 8.184660e-04 3.717092e-04 1.647889e-04 7.133527e-05 3.016214e-05 1.246034e-05 5.030749e-06 1.985597e-06 7.663394e-07 2.892897e-07 1.068392e-07 3.861116e-08 1.365749e-08 4.729228e-09 1.603430e-09 5.323810e-10 1.731306e-10 5.515229e-11 1.721253e-11 5.263370e-12 1.577110e-12 4.630982e-13 1.332680e-13 3.758740e-14 1.039057e-14 2.815320e-15 7.476752e-16 1.946234e-16 4.965563e-17 1.241719e-17 3.043293e-18 7.309874e-19 1.720667e-19 3.968947e-20 8.970392e-21 1.986403e-21 4.309241e-22 9.157268e-23 1.905955e-23 3.884970e-24 7.754137e-25 1.515268e-25 2.898622e-26 5.427161e-27 9.944022e-28 1.782733e-28 3.126576e-29 5.363282e-30 8.996821e-31 1.475569e-31 2.365670e-32 3.706663e-33 5.674840e-34 8.487319e-35 1.239756e-35 1.768281e-36 2.462141e-37 3.345930e-38 4.436665e-39 5.738828e-40 7.239451e-41 8.904114e-42 1.067489e-42 1.247114e-43 1.419385e-44 1.573344e-45 1.698062e-46 1.783876e-47 1.823600e-48 1.813508e-49 1.753894e-50 1.649104e-51 1.507019e-52 1.338070e-53 1.153958e-54 9.662993e-56 7.854194e-57 6.194636e-58 4.739236e-59 3.515860e-60 2.528343e-61 1.761856e-62 1.189273e-63 7.773464e-65 4.918277e-66 3.011051e-67 1.783076e-68 1.020954e-69 5.650197e-71 3.021177e-72 1.560188e-73 7.778518e-75 3.742528e-76 1.737037e-77 7.774185e-79 3.353715e-80 1.393944e-81 5.579987e-83 2.150346e-84 7.974214e-86 2.844379e-87 9.754849e-89 3.215136e-90 1.017968e-91 3.094807e-93 9.030351e-95 2.527857e-96 6.785485e-98 1.745789e-99 4.303138e-101 1.015688e-102 2.294635e-104 4.959533e-106 1.025028e-107 2.024838e-109 3.821161e-111 6.885567e-113 1.184162e-114 1.942652e-116 3.038619e-118 4.529364e-120 6.430717e-122 8.692059e-124 1.117906e-125 1.367364e-127 1.589771e-129 1.756025e-131 1.841812e-133 1.833366e-135 1.731062e-137 1.549544e-139 1.314287e-141 1.055694e-143 8.026224e-146 5.772632e-148 3.925437e-150 2.522404e-152 1.530784e-154 8.768892e-157 4.738759e-159 2.414518e-161 1.159306e-163 
6.388584e-29 3.753027e-28 2.153720e-27 1.207588e-26 6.616961e-26 3.543989e-25 1.855672e-24 9.500826e-24 4.757140e-23 2.329827e-22 1.116244e-21 5.232537e-21 2.400156e-20 1.077437e-19 4.733865e-19 2.035887e-18 8.571205e-18 3.532746e-17 1.425581e-16 5.632500e-16 2.178994e-15 8.254038e-15 3.061515e-14 1.111896e-13 3.954043e-13 1.376748e-12 4.693343e-12 1.566384e-11 5.117629e-11 1.636641e-10 5.122776e-10 1.569173e-09 4.703151e-09 1.379089e-08 3.955548e-08 1.109559e-07 3.043236e-07 8.159569e-07 2.138179e-06 5.474671e-06 1.369291e-05 3.344549e-05 7.975534e-05 1.856242e-04 4.215333e-04 9.337309e-04 2.016866e-03 4.246962e-03 8.716043e-03 1.743071e-02 3.396355e-02 6.447711e-02 1.192739e-01 2.150619e-01 3.781672e-01 6.489881e-01 1.088078e+00 1.784374e+00 2.866161e+00 4.515176e+00 6.983210e+00 1.060782e+01 1.581823e+01 2.311414e+01 3.299189e+01 4.579326e+01 6.147467e+01 7.934696e+01 9.790285e+01 1.148842e+02 1.276867e+02 1.340407e+02 1.327244e+02 1.239835e+02 1.094479e+02 9.158702e+01 7.296928e+01 5.564686e+01 4.085848e+01 2.905420e+01 2.011479e+01 1.361559e+01 9.036939e+00 5.890074e+00 3.771083e+00 2.370326e+00 1.461059e+00 8.820014e-01 5.207618e-01 3.003793e-01 1.691038e-01 9.285162e-02 4.970295e-02 2.593139e-02 1.318526e-02 6.534254e-03 3.156570e-03 1.486771e-03 6.829651e-04 3.060605e-04 1.338460e-04 5.713870e-05 2.381875e-05 9.698526e-06 3.858524e-06 1.500344e-06 5.703420e-07 2.120160e-07 7.709017e-08 2.742381e-08 9.546635e-09 3.252780e-09 1.084982e-09 3.543471e-10 1.133292e-10 3.549956e-11 1.089249e-11 3.274181e-12 9.642545e-13 2.782465e-13 7.867668e-14 2.180038e-14 5.919720e-15 1.575320e-15 4.108399e-16 1.050058e-16 2.630178e-17 6.456220e-18 1.553021e-18 3.660677e-19 8.454851e-20 1.913290e-20 4.241818e-21 9.212572e-22 1.959858e-22 4.083538e-23 8.332318e-24 1.664784e-24 3.256528e-25 6.235837e-26 1.168726e-26 2.143581e-27 3.846848e-28 6.753569e-29 1.159703e-29 1.947444e-30 3.197455e-31 5.131904e-32 8.050049e-33 1.233880e-33 1.847596e-34 2.702122e-35 3.858933e-36 5.380125e-37 7.321107e-38 9.721073e-39 1.259205e-39 1.590790e-40 1.959526e-41 2.352859e-42 2.753154e-43 3.138600e-44 3.484907e-45 3.767672e-46 3.965123e-47 4.060828e-48 4.045927e-49 3.920451e-50 3.693479e-51 3.382065e-52 3.009111e-53 2.600555e-54 2.182351e-55 1.777754e-56 1.405281e-57 1.077588e-58 8.012959e-60 5.776083e-61 4.034808e-62 2.730284e-63 1.789094e-64 1.134858e-65 6.965856e-67 4.135911e-68 2.374484e-69 1.317663e-70 7.064972e-72 3.658641e-73 1.829207e-74 8.826089e-76 4.108307e-77 1.844046e-78 7.978443e-80 3.326012e-81 1.335391e-82 5.161668e-84 1.919929e-85 6.869231e-87 2.363045e-88 7.812456e-90 2.481215e-91 7.566766e-93 2.214782e-94 6.219144e-96 1.674603e-97 4.321908e-99 1.068614e-100 2.530141e-102 5.733814e-104 1.243115e-105 2.577152e-107 5.106472e-109 9.665916e-111 1.747004e-112 3.013417e-114 4.958196e-116 7.778032e-118 1.162729e-119 1.655502e-121 2.243889e-123 2.893810e-125 3.549036e-127 4.137101e-129 4.581412e-131 4.817152e-133 4.806605e-135 4.548951e-137 4.081079e-139 3.468923e-141 2.792118e-143 2.126936e-145 1.532561e-147 1.043959e-149 6.719081e-152 4.083703e-154 2.342461e-156 1.267417e-158 6.464710e-161 3.106805e-163 1.405937e-165 
2.348530e-29 1.409797e-28 8.265589e-28 4.734134e-27 2.649390e-26 1.449023e-25 7.746588e-25 4.048827e-24 2.069214e-23 1.034209e-22 5.055965e-22 2.417983e-21 1.131390e-20 5.180047e-20 2.320942e-19 1.017762e-18 4.368344e-18 1.835304e-17 7.548257e-17 3.039160e-16 1.197965e-15 4.623048e-15 1.746665e-14 6.460787e-14 2.339630e-13 8.294300e-13 2.878469e-12 9.778319e-12 3.251268e-11 1.057999e-10 3.369093e-10 1.049736e-09 3.199803e-09 9.540537e-09 2.781963e-08 7.931850e-08 2.210807e-07 6.022570e-07 1.603106e-06 4.168502e-06 1.058563e-05 2.624508e-05 6.351030e-05 1.499586e-04 3.453761e-04 7.756555e-04 1.698106e-03 3.622840e-03 7.530135e-03 1.524493e-02 3.005709e-02 5.770840e-02 1.079028e-01 1.965330e-01 3.488597e-01 6.039373e-01 1.020678e+00 1.686089e+00 2.726335e+00 4.321212e+00 6.721743e+00 1.026807e+01 1.539931e+01 2.263782e+01 3.252034e+01 4.544599e+01 6.143207e+01 7.982432e+01 9.908695e+01 1.168467e+02 1.303139e+02 1.370279e+02 1.356538e+02 1.264567e+02 1.112095e+02 9.257881e+01 7.330281e+01 5.552363e+01 4.048703e+01 2.859733e+01 1.967349e+01 1.323807e+01 8.736710e+00 5.662490e+00 3.604381e+00 2.251519e+00 1.378456e+00 8.259669e-01 4.837154e-01 2.765441e-01 1.542012e-01 8.380662e-02 4.437737e-02 2.289048e-02 1.150133e-02 5.629720e-03 2.685068e-03 1.248147e-03 5.656491e-04 2.499993e-04 1.077916e-04 4.535558e-05 1.863031e-05 7.472977e-06 2.928109e-06 1.121068e-06 4.195192e-07 1.534851e-07 5.491442e-08 1.921843e-08 6.580497e-09 2.204958e-09 7.231479e-10 2.321755e-10 7.298584e-11 2.246764e-11 6.773753e-12 2.000344e-12 5.786641e-13 1.639955e-13 4.553561e-14 1.238821e-14 3.302342e-15 8.625888e-16 2.207801e-16 5.537210e-17 1.360793e-17 3.276822e-18 7.731392e-19 1.787253e-19 4.047739e-20 8.980628e-21 1.951794e-21 4.154849e-22 8.662174e-23 1.768485e-23 3.535306e-24 6.919082e-25 1.325582e-25 2.485642e-26 4.561189e-27 8.189467e-28 1.438462e-28 2.471326e-29 4.152138e-30 6.820897e-31 1.095353e-31 1.719183e-32 2.636666e-33 3.950569e-34 5.781496e-35 8.262256e-36 1.152748e-36 1.569798e-37 2.086038e-38 2.704340e-39 3.419412e-40 4.215801e-41 5.066790e-42 5.934627e-43 6.772402e-44 7.527661e-45 8.147467e-46 8.584308e-47 8.801998e-48 8.780547e-49 8.519128e-50 8.036541e-51 7.369003e-52 6.565640e-53 5.682447e-54 4.775766e-55 3.896347e-56 3.084853e-57 2.369341e-58 1.764772e-59 1.274287e-60 8.916861e-62 6.044619e-63 3.968098e-64 2.521710e-65 1.550771e-66 9.225267e-68 5.306719e-69 2.950695e-70 1.585284e-71 8.226327e-73 4.121458e-74 1.992827e-75 9.295841e-77 4.181502e-78 1.813105e-79 7.574987e-81 3.048090e-82 1.180804e-83 4.401978e-85 1.578524e-86 5.442521e-88 1.803451e-89 5.740805e-91 1.754735e-92 5.147851e-94 1.448835e-95 3.910135e-97 1.011449e-98 2.506537e-100 5.948095e-102 1.350983e-103 2.935505e-105 6.099128e-107 1.211139e-108 2.297469e-110 4.161216e-112 7.192675e-114 1.185886e-115 1.864054e-117 2.792009e-119 3.982866e-121 5.408432e-123 6.987446e-125 8.584401e-127 1.002346e-128 1.111760e-130 1.170736e-132 1.169845e-134 1.108624e-136 9.958441e-139 8.474455e-141 6.828208e-143 5.206383e-145 3.754552e-147 2.559352e-149 1.648190e-151 1.002178e-153 5.750363e-156 3.111794e-158 1.587239e-160 7.626750e-163 3.450250e-165 1.468666e-167 
8.323437e-30 5.109330e-29 3.062709e-28 1.793173e-27 1.025660e-26 5.732404e-26 3.131155e-25 1.671806e-24 8.726812e-24 4.454350e-23 2.223506e-22 1.085625e-21 5.185200e-21 2.422973e-20 1.107839e-19 4.956693e-19 2.170365e-18 9.301024e-18 3.901333e-17 1.601771e-16 6.437368e-16 2.532481e-15 9.752526e-15 3.676361e-14 1.356562e-13 4.899660e-13 1.732105e-12 5.992867e-12 2.029135e-11 6.722944e-11 2.179363e-10 6.911355e-10 2.143853e-09 6.503578e-09 1.929102e-08 5.593915e-08 1.585403e-07 4.390606e-07 1.187848e-06 3.138574e-06 8.096847e-06 2.038835e-05 5.009511e-05 1.200647e-04 2.806068e-04 6.392891e-04 1.419276e-03 3.069485e-03 6.464884e-03 1.325675e-02 2.646099e-02 5.140662e-02 9.720390e-02 1.789300e-01 3.207722e-01 5.604251e-01 9.551345e-01 1.589929e+00 2.588757e+00 4.129260e+00 6.461253e+00 9.926711e+00 1.497357e+01 2.214598e+01 3.202153e+01 4.506002e+01 6.134659e+01 8.027069e+01 1.002732e+02 1.188612e+02 1.330437e+02 1.401477e+02 1.387112e+02 1.290214e+02 1.130106e+02 9.356381e+01 7.360202e+01 5.535893e+01 4.008064e+01 2.811714e+01 1.921963e+01 1.285547e+01 8.435675e+00 5.436117e+00 3.439624e+00 2.134764e+00 1.297742e+00 7.715525e-01 4.479919e-01 2.537428e-01 1.400721e-01 7.531532e-02 3.943110e-02 2.009833e-02 9.973764e-03 4.819497e-03 2.268245e-03 1.040041e-03 4.647560e-04 2.024712e-04 8.602383e-05 3.565696e-05 1.442417e-05 5.696461e-06 2.196993e-06 8.277461e-07 3.047476e-07 1.096682e-07 3.858639e-08 1.327729e-08 4.468980e-09 1.471720e-09 4.742934e-10 1.496077e-10 4.619751e-11 1.396711e-11 4.135009e-12 1.198892e-12 3.404567e-13 9.470224e-14 2.580516e-14 6.888522e-15 1.801512e-15 4.615862e-16 1.158722e-16 2.849822e-17 6.866937e-18 1.621082e-18 3.749106e-19 8.493966e-20 1.885070e-20 4.097773e-21 8.724419e-22 1.819087e-22 3.714106e-23 7.424904e-24 1.453150e-24 2.783920e-25 5.219987e-26 9.578218e-27 1.719630e-27 3.020298e-28 5.188652e-29 8.717100e-30 1.431930e-30 2.299431e-31 3.608953e-32 5.534970e-33 8.293359e-34 1.213758e-34 1.734694e-35 2.420489e-36 3.296630e-37 4.381467e-38 5.681251e-39 7.185119e-40 8.860897e-41 1.065274e-41 1.248154e-42 1.424886e-43 1.584442e-44 1.715674e-45 1.808547e-46 1.855389e-47 1.851917e-48 1.797869e-49 1.697118e-50 1.557215e-51 1.388450e-52 1.202594e-53 1.011517e-54 8.259444e-56 6.544956e-57 5.031466e-58 3.751162e-59 2.711254e-60 1.899133e-61 1.288745e-62 8.469342e-64 5.388216e-65 3.317366e-66 1.975756e-67 1.137893e-68 6.334787e-70 3.407677e-71 1.770563e-72 8.882194e-74 4.300434e-75 2.008690e-76 9.047865e-78 3.928561e-79 1.643596e-80 6.622917e-82 2.569286e-83 9.591777e-85 3.444467e-86 1.189302e-87 3.946563e-89 1.258084e-90 3.850966e-92 1.131365e-93 3.188684e-95 8.617780e-97 2.232304e-98 5.539644e-100 1.316364e-101 2.993841e-103 6.513759e-105 1.355110e-106 2.694293e-108 5.117163e-110 9.279232e-112 1.605743e-113 2.650345e-115 4.170329e-117 6.252558e-119 8.927720e-121 1.213370e-122 1.568876e-124 1.928846e-126 2.253667e-128 2.501112e-130 2.635081e-132 2.634130e-134 2.497043e-136 2.243479e-138 1.909349e-140 1.538420e-142 1.172865e-144 8.455913e-147 5.761912e-149 3.708681e-151 2.253568e-153 1.292024e-155 6.985033e-158 3.558867e-160 1.707840e-162 7.714716e-165 3.278493e-167 1.309945e-169 
2.837562e-30 1.782557e-29 1.093310e-28 6.548480e-28 3.831130e-27 2.189729e-26 1.222968e-25 6.675455e-25 3.561755e-24 1.857959e-23 9.476858e-23 4.727283e-22 2.306407e-21 1.100755e-20 5.139540e-20 2.347901e-19 1.049531e-18 4.590953e-18 1.965305e-17 8.233748e-17 3.376142e-16 1.354904e-15 5.321869e-15 2.045897e-14 7.697628e-14 2.834439e-13 1.021387e-12 3.601602e-12 1.242640e-11 4.194634e-11 1.385125e-10 4.473732e-10 1.413089e-09 4.364274e-09 1.317694e-08 3.888542e-08 1.121321e-07 3.158916e-07 8.691564e-07 2.335009e-06 6.123250e-06 1.566908e-05 3.911395e-05 9.521384e-05 2.259421e-04 5.224789e-04 1.176954e-03 2.581767e-03 5.513104e-03 1.145688e-02 2.316437e-02 4.556056e-02 8.716770e-02 1.622472e-01 2.939050e-01 5.184591e-01 8.914613e-01 1.495919e+00 2.453476e+00 3.939424e+00 6.201961e+00 9.584116e+00 1.454151e+01 2.163899e+01 3.149511e+01 4.463347e+01 6.121446e+01 8.068120e+01 1.014580e+02 1.209280e+02 1.358813e+02 1.434088e+02 1.419049e+02 1.316817e+02 1.148504e+02 9.453789e+01 7.386228e+01 5.514952e+01 3.963791e+01 2.761352e+01 1.875364e+01 1.246828e+01 8.134160e+00 5.211129e+00 3.276894e+00 2.020100e+00 1.218936e+00 7.187700e-01 4.135966e-01 2.319743e-01 1.267105e-01 6.736876e-02 3.485415e-02 1.754558e-02 8.594776e-03 4.097705e-03 1.901979e-03 8.597478e-04 3.786089e-04 1.624895e-04 6.798871e-05 2.774510e-05 1.104667e-05 4.292649e-06 1.628603e-06 6.034511e-07 2.184440e-07 7.727454e-08 2.672089e-08 9.034334e-09 2.987288e-09 9.662540e-10 3.057939e-10 9.470481e-11 2.870755e-11 8.518614e-12 2.474861e-12 7.040364e-13 1.961318e-13 5.351172e-14 1.429981e-14 3.742985e-15 9.596918e-16 2.410374e-16 5.930389e-17 1.429318e-17 3.374558e-18 7.804348e-19 1.767960e-19 3.922860e-20 8.525144e-21 1.814421e-21 3.781600e-22 7.717451e-23 1.542013e-23 3.016257e-24 5.775127e-25 1.082207e-25 1.984508e-26 3.560611e-27 6.249662e-28 1.072943e-28 1.801397e-29 2.957169e-30 4.745639e-31 7.443553e-32 1.140893e-32 1.708432e-33 2.498879e-34 3.569365e-35 4.977784e-36 6.776087e-37 9.001514e-38 1.166647e-38 1.474828e-39 1.818068e-40 2.184904e-41 2.559128e-42 2.920591e-43 3.246747e-44 3.514815e-45 3.704319e-46 3.799610e-47 3.791979e-48 3.680933e-49 3.474418e-50 3.187891e-51 2.842399e-52 2.461998e-53 2.070955e-54 1.691184e-55 1.340304e-56 1.030532e-57 7.684512e-59 5.555423e-60 3.892346e-61 2.642071e-62 1.736841e-63 1.105350e-64 6.807749e-66 4.056104e-67 2.336966e-68 1.301570e-69 7.004659e-71 3.641171e-72 1.827504e-73 8.852486e-75 4.137012e-76 1.864429e-77 8.099601e-79 3.390464e-80 1.366941e-81 5.305807e-83 1.981880e-84 7.120978e-86 2.460074e-87 8.167914e-89 2.605163e-90 7.978552e-92 2.345207e-93 6.613131e-95 1.788138e-96 4.634042e-98 1.150481e-99 2.734974e-101 6.222613e-103 1.354342e-104 2.818437e-106 5.605302e-108 1.064842e-109 1.931298e-111 3.342514e-113 5.517419e-115 8.681910e-117 1.301629e-118 1.858343e-120 2.525247e-122 3.264316e-124 4.011989e-126 4.685696e-128 5.197579e-130 5.472743e-132 5.466993e-134 5.178361e-136 4.648320e-138 3.952004e-140 3.180627e-142 2.421791e-144 1.743583e-146 1.186266e-148 7.622647e-151 4.623409e-153 2.645447e-155 1.427126e-157 7.254317e-160 3.472524e-162 1.564411e-164 6.629086e-167 2.640546e-169 9.881191e-172 
9.282343e-31 5.972401e-30 3.751118e-29 2.300330e-28 1.377622e-27 8.058793e-27 4.605696e-26 2.572097e-25 1.403858e-24 7.489893e-24 3.906726e-23 1.992503e-22 9.937853e-22 4.847834e-21 2.313203e-20 1.079777e-19 4.931137e-19 2.203362e-18 9.633349e-18 4.121380e-17 1.725429e-16 7.068862e-16 2.834016e-15 1.111863e-14 4.268601e-14 1.603568e-13 5.894296e-13 2.119761e-12 7.457839e-12 2.566628e-11 8.639377e-11 2.843865e-10 9.153186e-10 2.880013e-09 8.857060e-09 2.661727e-08 7.814740e-08 2.240953e-07 6.274805e-07 1.715110e-06 4.574825e-06 1.190441e-05 3.020962e-05 7.473657e-05 1.801827e-04 4.231774e-04 9.678253e-04 2.154633e-03 4.667600e-03 9.835851e-03 2.015596e-02 4.015845e-02 7.778417e-02 1.464792e-01 2.682595e-01 4.780485e-01 8.296760e-01 1.404086e+00 2.320539e+00 3.751803e+00 5.944072e+00 9.240672e+00 1.410370e+01 2.111736e+01 3.094089e+01 4.416457e+01 6.103177e+01 8.105050e+01 1.026370e+02 1.230469e+02 1.388325e+02 1.468206e+02 1.452439e+02 1.344420e+02 1.167277e+02 9.549637e+01 7.407855e+01 5.489210e+01 3.915755e+01 2.708652e+01 1.827603e+01 1.207698e+01 7.832480e+00 4.987689e+00 3.116267e+00 1.907564e+00 1.142061e+00 6.676335e-01 3.805365e-01 2.112386e-01 1.141104e-01 5.995749e-02 3.063608e-02 1.522260e-02 7.356487e-03 3.458476e-03 1.582227e-03 7.046583e-04 3.056190e-04 1.291353e-04 5.317940e-05 2.135232e-05 8.362078e-06 3.195291e-06 1.191755e-06 4.339998e-07 1.543682e-07 5.364424e-08 1.821837e-08 6.048303e-09 1.963376e-09 6.233333e-10 1.935873e-10 5.882448e-11 1.749209e-11 5.090936e-12 1.450401e-12 4.045463e-13 1.104805e-13 2.954478e-14 7.737263e-15 1.984414e-15 4.984658e-16 1.226339e-16 2.955051e-17 6.974290e-18 1.612170e-18 3.649949e-19 8.093046e-20 1.757377e-20 3.736961e-21 7.781110e-22 1.586343e-22 3.166238e-23 6.186362e-24 1.183102e-24 2.214365e-25 4.055629e-26 7.267526e-27 1.273996e-27 2.184400e-28 3.662740e-29 6.004994e-30 9.624348e-31 1.507645e-31 2.307858e-32 3.451532e-33 5.042142e-34 7.193221e-35 1.001933e-35 1.362262e-36 1.807529e-37 2.339953e-38 2.954729e-39 3.638364e-40 4.367767e-41 5.110483e-42 5.826340e-43 6.470546e-44 6.998016e-45 7.368402e-46 7.551086e-47 7.529297e-48 7.302598e-49 6.887240e-50 6.314267e-51 5.625658e-52 4.869196e-53 4.092922e-54 3.340095e-55 2.645381e-56 2.032705e-57 1.514845e-58 1.094508e-59 7.664310e-61 5.199672e-62 3.416414e-63 2.173192e-64 1.337821e-65 7.967227e-67 4.588402e-68 2.554432e-69 1.374160e-70 7.140361e-72 3.582372e-73 1.734662e-74 8.103574e-76 3.650717e-77 1.585404e-78 6.634069e-80 2.673715e-81 1.037432e-82 3.873707e-84 1.391320e-85 4.804733e-87 1.594634e-88 5.084019e-90 1.556365e-91 4.572724e-93 1.288837e-94 3.483194e-96 9.022158e-98 2.238671e-99 5.318747e-101 1.209367e-102 2.630423e-104 5.470134e-106 1.087077e-107 2.063461e-109 3.739267e-111 6.465629e-113 1.066220e-114 1.675988e-116 2.509901e-118 3.579124e-120 4.857377e-122 6.270479e-124 7.695566e-126 8.974017e-128 9.938101e-130 1.044605e-131 1.041582e-133 9.846588e-136 8.820364e-138 7.482572e-140 6.008039e-142 4.563355e-144 3.276847e-146 2.223296e-148 1.424476e-150 8.613432e-153 4.912524e-155 2.641093e-157 1.337688e-159 6.379086e-162 2.862421e-164 1.207862e-166 4.790120e-169 1.784249e-171 6.238475e-174 
2.905862e-31 1.916631e-30 1.233781e-29 7.753051e-29 4.757038e-28 2.850499e-27 1.668446e-26 9.540984e-26 5.331410e-25 2.911608e-24 1.554301e-23 8.111725e-23 4.139304e-22 2.065533e-21 1.008039e-20 4.811801e-20 2.246785e-19 1.026295e-18 4.586354e-18 2.005249e-17 8.578069e-17 3.590378e-16 1.470355e-15 5.891573e-15 2.309699e-14 8.858820e-14 3.324046e-13 1.220099e-12 4.380457e-12 1.538123e-11 5.281453e-11 1.773136e-10 5.819479e-10 1.866805e-09 5.851909e-09 1.792184e-08 5.361031e-08 1.565962e-07 4.465384e-07 1.242657e-06 3.373809e-06 8.933478e-06 2.306209e-05 5.802226e-05 1.422142e-04 3.394476e-04 7.886973e-04 1.783125e-03 3.921179e-03 8.384051e-03 1.742411e-02 3.518796e-02 6.904268e-02 1.316201e-01 2.438379e-01 4.392050e-01 7.697992e-01 1.314459e+00 2.189990e+00 3.566484e+00 5.687775e+00 8.896750e+00 1.366072e+01 2.058170e+01 3.035887e+01 4.365169e+01 6.079444e+01 8.137271e+01 1.038051e+02 1.252177e+02 1.419033e+02 1.503938e+02 1.487380e+02 1.373068e+02 1.186408e+02 9.643385e+01 7.424538e+01 5.458326e+01 3.863843e+01 2.653633e+01 1.778742e+01 1.168209e+01 7.530941e+00 4.765946e+00 2.957811e+00 1.797193e+00 1.067143e+00 6.181602e-01 3.488200e-01 1.915358e-01 1.022655e-01 5.307153e-02 2.676595e-02 1.311942e-02 6.250906e-03 2.895972e-03 1.305039e-03 5.722693e-04 2.442891e-04 1.015583e-04 4.113532e-05 1.623974e-05 6.251439e-06 2.347380e-06 8.600987e-07 3.076284e-07 1.074390e-07 3.665144e-08 1.221637e-08 3.979563e-09 1.267310e-09 3.946289e-10 1.201847e-10 3.580563e-11 1.043700e-11 2.977105e-12 8.311340e-13 2.271240e-13 6.076019e-14 1.591407e-14 4.081164e-15 1.024838e-15 2.520086e-16 6.068463e-17 1.431044e-17 3.304756e-18 7.473659e-19 1.655099e-19 3.589180e-20 7.621229e-21 1.584477e-21 3.225122e-22 6.426398e-23 1.253454e-23 2.392886e-24 4.470505e-25 8.172534e-26 1.461715e-26 2.557473e-27 4.376567e-28 7.324185e-29 1.198431e-29 1.916977e-30 2.997011e-31 4.578707e-32 6.834269e-33 9.964255e-34 1.418754e-34 1.972339e-35 2.676508e-36 3.544586e-37 4.580019e-38 5.772528e-39 7.094987e-40 8.501804e-41 9.929547e-42 1.130028e-42 1.252766e-43 1.352541e-44 1.421692e-45 1.454484e-46 1.447878e-47 1.401985e-48 1.320110e-49 1.208362e-50 1.074897e-51 9.289242e-53 7.796430e-54 6.352870e-55 5.024089e-56 3.854876e-57 2.868664e-58 2.069730e-59 1.447302e-60 9.805286e-62 6.433687e-63 4.086944e-64 2.512553e-65 1.494330e-66 8.594627e-68 4.778481e-69 2.567237e-70 1.332245e-71 6.675316e-73 3.228151e-74 1.506100e-75 6.776300e-77 2.938935e-78 1.228183e-79 4.943426e-81 1.915570e-82 7.143071e-84 2.562115e-85 8.835826e-87 2.928440e-88 9.323319e-90 2.850046e-91 8.361431e-93 2.353181e-94 6.349981e-96 1.642203e-97 4.068281e-99 9.649746e-101 2.190437e-102 4.756006e-104 9.872708e-106 1.958375e-107 3.710243e-109 6.710206e-111 1.157908e-112 1.905428e-114 2.988588e-116 4.465466e-118 6.352798e-120 8.600617e-122 1.107459e-123 1.355575e-125 1.576455e-127 1.740856e-129 1.824429e-131 1.813562e-133 1.708974e-135 1.525775e-137 1.289884e-139 1.031971e-141 7.808900e-144 5.585555e-146 3.774358e-148 2.408046e-150 1.449688e-152 8.230275e-155 4.403762e-157 2.219431e-159 1.052943e-161 4.699475e-164 1.972010e-166 7.775293e-169 2.878750e-171 1.000232e-173 3.259388e-176 
8.680075e-32 5.874379e-31 3.879266e-30 2.500267e-29 1.573145e-28 9.664706e-28 5.798753e-27 3.398525e-26 1.945969e-25 1.088795e-24 5.953760e-24 3.182275e-23 1.662823e-22 8.495168e-22 4.243908e-21 2.073353e-20 9.906788e-20 4.629976e-19 2.116598e-18 9.465279e-18 4.140747e-17 1.772078e-16 7.419039e-16 3.038561e-15 1.217395e-14 4.771101e-14 1.828952e-13 6.857220e-13 2.514277e-12 9.014614e-12 3.160032e-11 1.082877e-10 3.626898e-10 1.187070e-09 3.795855e-09 1.185590e-08 3.616115e-08 1.076749e-07 3.129136e-07 8.872326e-07 2.453636e-06 6.615932e-06 1.738685e-05 4.451773e-05 1.110080e-04 2.694670e-04 6.365084e-04 1.462397e-03 3.266673e-03 7.091693e-03 1.495674e-02 3.063603e-02 6.093184e-02 1.176639e-01 2.206429e-01 4.019422e-01 7.118552e-01 1.227071e+00 2.061875e+00 3.383546e+00 5.433241e+00 8.552708e+00 1.321318e+01 2.003270e+01 2.974925e+01 4.309336e+01 6.049832e+01 8.164143e+01 1.049566e+02 1.274393e+02 1.451002e+02 1.541399e+02 1.523982e+02 1.402810e+02 1.205874e+02 9.734422e+01 7.435688e+01 5.421962e+01 3.807959e+01 2.596332e+01 1.728847e+01 1.128412e+01 7.229829e+00 4.546033e+00 2.801589e+00 1.689026e+00 9.942082e-01 5.703700e-01 3.184575e-01 1.728664e-01 9.116910e-02 4.670017e-02 2.323224e-02 1.122579e-02 5.269943e-03 2.404394e-03 1.066566e-03 4.601898e-04 1.932164e-04 7.897695e-05 3.144092e-05 1.219589e-05 4.611416e-06 1.700318e-06 6.115980e-07 2.146839e-07 7.356638e-08 2.461768e-08 8.047023e-09 2.570207e-09 8.023458e-10 2.448629e-10 7.307202e-11 2.132735e-11 6.089233e-12 1.700993e-12 4.649677e-13 1.243889e-13 3.257093e-14 8.348550e-15 2.094884e-15 5.146423e-16 1.237853e-16 2.915177e-17 6.722046e-18 1.517679e-18 3.355024e-19 7.261691e-20 1.538826e-20 3.192483e-21 6.483766e-22 1.288999e-22 2.508222e-23 4.776663e-24 8.901859e-25 1.623236e-25 2.895817e-26 5.053447e-27 8.625146e-28 1.439588e-28 2.349258e-29 3.747717e-30 5.843418e-31 8.903230e-32 1.325324e-32 1.927083e-33 2.736465e-34 3.793974e-35 5.134698e-36 6.781878e-37 8.739671e-38 1.098609e-38 1.346741e-39 1.609556e-40 1.874970e-41 2.128292e-42 2.353409e-43 2.534376e-44 2.657220e-45 2.711693e-46 2.692659e-47 2.600870e-48 2.442978e-49 2.230738e-50 1.979558e-51 1.706629e-52 1.428957e-53 1.161623e-54 9.164967e-56 7.015661e-57 5.208689e-58 3.749371e-59 2.615801e-60 1.768118e-61 1.157498e-62 7.336208e-64 4.499908e-65 2.670253e-66 1.532329e-67 8.500306e-69 4.556490e-70 2.359217e-71 1.179433e-72 5.690764e-74 2.649004e-75 1.189131e-76 5.145532e-78 2.145364e-79 8.615022e-81 3.330498e-82 1.238996e-83 4.433510e-85 1.525279e-86 5.042887e-88 1.601551e-89 4.883544e-91 1.429095e-92 4.011583e-94 1.079679e-95 2.784781e-97 6.880122e-99 1.627419e-100 3.683737e-102 7.975338e-104 1.650687e-105 3.264504e-107 6.165758e-109 1.111605e-110 1.911990e-112 3.135924e-114 4.901884e-116 7.298747e-118 1.034642e-119 1.395581e-121 1.790226e-123 2.182790e-125 2.528297e-127 2.780455e-129 2.901569e-131 2.871672e-133 2.693864e-135 2.393908e-137 2.014100e-139 1.603410e-141 1.207106e-143 8.588724e-146 5.772154e-148 3.661973e-150 2.191797e-152 1.236894e-154 6.577307e-157 3.293692e-159 1.552283e-161 6.880881e-164 2.867037e-166 1.122194e-168 4.123594e-171 1.421620e-173 4.595323e-176 1.391865e-178 
2.466068e-32 1.714148e-31 1.162386e-30 7.691528e-30 4.967449e-29 3.131889e-28 1.928063e-27 1.159214e-26 6.807913e-26 3.906154e-25 2.189986e-24 1.199933e-23 6.426250e-23 3.364345e-22 1.722014e-21 8.618112e-21 4.217612e-20 2.018526e-19 9.448073e-19 4.325288e-18 1.936711e-17 8.482051e-17 3.633498e-16 1.522408e-15 6.238883e-15 2.500526e-14 9.801146e-14 3.756705e-13 1.407921e-12 5.158672e-12 1.847675e-11 6.468032e-11 2.212584e-10 7.394725e-10 2.414035e-09 7.695912e-09 2.395292e-08 7.276397e-08 2.156765e-07 6.235594e-07 1.757894e-06 4.830473e-06 1.293313e-05 3.372568e-05 8.562101e-05 2.115315e-04 5.083380e-04 1.187730e-03 2.696960e-03 5.948850e-03 1.274132e-02 2.648884e-02 5.343926e-02 1.046037e-01 1.986777e-01 3.662764e-01 6.558726e-01 1.141960e+00 1.936242e+00 3.203064e+00 5.180625e+00 8.208880e+00 1.276169e+01 1.947117e+01 2.911241e+01 4.248832e+01 6.013920e+01 8.184966e+01 1.060848e+02 1.297104e+02 1.484300e+02 1.580719e+02 1.562364e+02 1.433696e+02 1.225646e+02 9.822046e+01 7.440671e+01 5.379783e+01 3.748031e+01 2.536804e+01 1.677994e+01 1.088360e+01 6.929407e+00 4.328070e+00 2.647663e+00 1.583104e+00 9.232913e-01 5.242867e-01 2.894609e-01 1.552311e-01 8.081360e-02 4.083188e-02 2.002283e-02 9.531110e-03 4.405429e-03 1.978008e-03 8.630816e-04 3.661493e-04 1.510949e-04 6.067760e-05 2.372425e-05 9.035145e-06 3.353072e-06 1.213095e-06 4.280186e-07 1.473361e-07 4.949816e-08 1.623485e-08 5.200248e-09 1.627215e-09 4.975426e-10 1.486932e-10 4.344397e-11 1.241191e-11 3.468199e-12 9.479851e-13 2.535126e-13 6.633737e-14 1.698750e-14 4.257532e-15 1.044431e-15 2.507984e-16 5.895417e-17 1.356639e-17 3.056203e-18 6.740152e-19 1.455198e-19 3.075589e-20 6.363136e-21 1.288629e-21 2.554291e-22 4.955235e-23 9.407426e-24 1.747616e-24 3.176441e-25 5.648092e-26 9.823607e-27 1.671037e-27 2.779588e-28 4.520473e-29 7.186573e-30 1.116648e-30 1.695454e-31 2.515042e-32 3.644232e-33 5.156754e-34 7.124622e-35 9.608693e-36 1.264687e-36 1.624107e-37 2.034474e-38 2.485346e-39 2.960103e-40 3.436352e-41 3.887251e-42 4.283730e-43 4.597423e-44 4.803918e-45 4.885836e-46 4.835214e-47 4.654733e-48 4.357555e-49 3.965744e-50 3.507537e-51 3.013949e-52 2.515264e-53 2.037987e-54 1.602666e-55 1.222813e-56 9.049034e-58 6.492579e-59 4.514926e-60 3.041907e-61 1.984927e-62 1.253967e-63 7.666689e-65 4.534666e-66 2.593773e-67 1.434166e-68 7.662610e-70 3.954501e-71 1.970469e-72 9.476197e-74 4.396495e-75 1.967010e-76 8.483044e-78 3.524987e-79 1.410709e-80 5.435048e-82 2.014952e-83 7.185041e-85 2.463217e-86 8.114999e-88 2.567963e-89 7.801947e-91 2.274726e-92 6.361551e-94 1.705683e-95 4.382554e-97 1.078548e-98 2.541109e-100 5.728809e-102 1.235227e-103 2.545967e-105 5.013747e-107 9.428746e-109 1.692402e-110 2.897915e-112 4.731212e-114 7.360959e-116 1.090788e-117 1.538708e-119 2.065130e-121 2.635580e-123 3.196714e-125 3.682892e-127 4.027995e-129 4.179832e-131 4.112938e-133 3.835487e-135 3.387766e-137 2.832557e-139 2.240591e-141 1.675751e-143 1.184299e-145 7.904232e-148 4.979009e-150 2.958342e-152 1.656959e-154 8.743130e-157 4.343562e-159 2.030391e-161 8.924764e-164 3.686588e-166 1.430175e-168 5.207323e-171 1.778376e-173 5.692950e-176 1.707166e-178 4.792448e-181 
6.640210e-33 4.745575e-32 3.307963e-31 2.249577e-30 1.492825e-29 9.668975e-29 6.113736e-28 3.774632e-27 2.275971e-26 1.340482e-25 7.713121e-25 4.336532e-24 2.382655e-23 1.279510e-22 6.716489e-22 3.446701e-21 1.729291e-20 8.483414e-20 4.069485e-19 1.908958e-18 8.757032e-18 3.928522e-17 1.723513e-16 7.394464e-16 3.102362e-15 1.272772e-14 5.105656e-14 2.002435e-13 7.677602e-13 2.877392e-12 1.053941e-11 3.772293e-11 1.319127e-10 4.505783e-10 1.502995e-09 4.894869e-09 1.555977e-08 4.826337e-08 1.460322e-07 4.308743e-07 1.239280e-06 3.473298e-06 9.481910e-06 2.520288e-05 6.519534e-05 1.640587e-04 4.014173e-04 9.545558e-04 2.204992e-03 4.945478e-03 1.076487e-02 2.273170e-02 4.655142e-02 9.243182e-02 1.779455e-01 3.322255e-01 6.018847e-01 1.059171e+00 1.813142e+00 3.025107e+00 4.930060e+00 7.865567e+00 1.230685e+01 1.889801e+01 2.844900e+01 4.183563e+01 5.971290e+01 8.198984e+01 1.071820e+02 1.320288e+02 1.519003e+02 1.622042e+02 1.602660e+02 1.465778e+02 1.245686e+02 9.905460e+01 7.438813e+01 5.331462e+01 3.684017e+01 2.475122e+01 1.626263e+01 1.048101e+01 6.629914e+00 4.112162e+00 2.496089e+00 1.479471e+00 8.544303e-01 4.799377e-01 2.618434e-01 1.386302e-01 7.119057e-02 3.545410e-02 1.712486e-02 8.024449e-03 3.649138e-03 1.611169e-03 6.909923e-04 2.880045e-04 1.167170e-04 4.601396e-05 1.765524e-05 6.596108e-06 2.400634e-06 8.514799e-07 2.944496e-07 9.931273e-08 3.268256e-08 1.049774e-08 3.292195e-09 1.008366e-09 3.017293e-10 8.822618e-11 2.521526e-11 7.045500e-12 1.924997e-12 5.143949e-13 1.344566e-13 3.438333e-14 8.602959e-15 2.106334e-15 5.046890e-16 1.183498e-16 2.716323e-17 6.102113e-18 1.341754e-18 2.887756e-19 6.083288e-20 1.254282e-20 2.531124e-21 4.998847e-22 9.661288e-23 1.827151e-23 3.381025e-24 6.120845e-25 1.083961e-25 1.877589e-26 3.180626e-27 5.268489e-28 8.532045e-29 1.350647e-29 2.089662e-30 3.159192e-31 4.666151e-32 6.731891e-33 9.484640e-34 1.304717e-34 1.751972e-35 2.295901e-36 2.935564e-37 3.661313e-38 4.453283e-39 5.280936e-40 6.104000e-41 6.875031e-42 7.543488e-43 8.060939e-44 8.386695e-45 8.493005e-46 8.368901e-47 8.021966e-48 7.477652e-49 6.776195e-50 5.967671e-51 5.106016e-52 4.243022e-53 3.423261e-54 2.680585e-55 2.036551e-56 1.500674e-57 1.072136e-58 7.423874e-60 4.980487e-61 3.236042e-62 2.035619e-63 1.239241e-64 7.298376e-66 4.156626e-67 2.288392e-68 1.217372e-69 6.255277e-71 3.103303e-72 1.485864e-73 6.863280e-75 3.057037e-76 1.312510e-77 5.429398e-79 2.163021e-80 8.295454e-82 3.061248e-83 1.086531e-84 3.707453e-86 1.215630e-87 3.828424e-89 1.157524e-90 3.358361e-92 9.345594e-94 2.493223e-95 6.373532e-97 1.560460e-98 3.657338e-100 8.201658e-102 1.758915e-103 3.605582e-105 7.061082e-107 1.320411e-108 2.356478e-110 4.011497e-112 6.510418e-114 1.006790e-115 1.482735e-117 2.078486e-119 2.771737e-121 3.514301e-123 4.234155e-125 4.844979e-127 5.262225e-129 5.421907e-131 5.296521e-133 4.902691e-135 4.297645e-137 3.565530e-139 2.798070e-141 2.075752e-143 1.454837e-145 9.627494e-148 6.011849e-150 3.540243e-152 1.964810e-154 1.027074e-156 5.053645e-159 2.339146e-161 1.017853e-163 4.161132e-166 1.597199e-168 5.752388e-171 1.942665e-173 6.147883e-176 1.821995e-178 5.053322e-181 1.310774e-183 
1.687943e-33 1.241709e-32 8.907360e-32 6.232333e-31 4.254282e-30 2.833826e-29 1.842401e-28 1.169359e-27 7.246840e-27 4.385968e-26 2.592822e-25 1.497408e-24 8.449510e-24 4.659141e-23 2.510824e-22 1.322544e-21 6.809718e-21 3.427743e-20 1.686849e-19 8.116250e-19 3.818222e-18 1.756313e-17 7.899116e-17 3.473639e-16 1.493504e-15 6.278000e-15 2.579880e-14 1.036341e-13 4.068957e-13 1.561297e-12 5.853902e-12 2.144315e-11 7.672419e-11 2.680921e-10 9.146223e-10 3.045749e-09 9.897371e-09 3.137530e-08 9.699681e-08 2.923332e-07 8.585978e-07 2.456534e-06 6.843809e-06 1.855783e-05 4.895694e-05 1.255898e-04 3.131381e-04 7.584766e-04 1.783828e-03 4.071449e-03 9.013983e-03 1.934898e-02 4.025345e-02 8.113902e-02 1.584493e-01 2.998098e-01 5.499296e-01 9.787548e-01 1.692633e+00 2.849744e+00 4.681664e+00 7.523039e+00 1.184925e+01 1.831414e+01 2.775988e+01 4.113464e+01 5.921531e+01 8.205381e+01 1.082391e+02 1.343915e+02 1.555189e+02 1.665530e+02 1.645021e+02 1.499108e+02 1.265945e+02 9.983759e+01 7.429396e+01 5.276693e+01 3.615902e+01 2.411379e+01 1.573735e+01 1.007682e+01 6.331556e+00 3.898401e+00 2.346928e+00 1.378182e+00 7.876706e-01 4.373542e-01 2.356195e-01 1.230636e-01 6.229030e-02 3.055317e-02 1.452480e-02 6.694583e-03 2.992816e-03 1.298342e-03 5.468549e-04 2.237465e-04 8.897498e-05 3.440566e-05 1.294372e-05 4.739865e-06 1.690255e-06 5.872341e-07 1.988510e-07 6.565638e-08 2.114582e-08 6.645486e-09 2.038592e-09 6.106221e-10 1.786407e-10 5.105900e-11 1.426122e-11 3.893430e-12 1.039178e-12 2.712127e-13 6.922531e-14 1.728296e-14 4.221089e-15 1.008628e-15 2.358174e-16 5.394986e-17 1.207806e-17 2.646138e-18 5.673415e-19 1.190406e-19 2.444323e-20 4.911610e-21 9.657678e-22 1.858151e-22 3.497995e-23 6.442456e-24 1.160745e-24 2.045641e-25 3.525964e-26 5.943278e-27 9.795199e-28 1.578245e-28 2.485650e-29 3.825923e-30 5.754211e-31 8.454869e-32 1.213429e-32 1.700669e-33 2.327185e-34 3.108506e-35 4.052135e-36 5.153775e-37 6.393982e-38 7.735956e-39 9.125203e-40 1.049164e-40 1.175440e-41 1.282907e-42 1.363659e-43 1.411265e-44 1.421598e-45 1.393420e-46 1.328596e-47 1.231901e-48 1.110438e-49 9.727725e-51 8.279146e-52 6.843443e-53 5.492040e-54 4.277752e-55 3.232744e-56 2.369459e-57 1.683821e-58 1.159727e-59 7.738759e-61 5.001294e-62 3.129156e-63 1.894705e-64 1.109839e-65 6.286569e-67 3.442174e-68 1.821147e-69 9.306277e-71 4.591445e-72 2.186185e-73 1.004171e-74 4.447644e-76 1.898754e-77 7.809751e-79 3.093478e-80 1.179526e-81 4.327390e-83 1.526890e-84 5.179117e-86 1.687995e-87 5.283886e-89 1.587813e-90 4.578298e-92 1.266078e-93 3.356291e-95 8.524920e-97 2.073669e-98 4.828273e-100 1.075549e-101 2.291054e-103 4.664292e-105 9.071067e-107 1.684332e-108 2.984462e-110 5.043643e-112 8.125141e-114 1.247074e-115 1.822605e-117 2.535098e-119 3.353968e-121 4.218358e-123 5.040862e-125 5.720019e-127 6.159901e-129 6.291932e-131 6.092237e-133 5.588542e-135 4.853932e-137 3.989375e-139 3.100793e-141 2.277907e-143 1.580634e-145 1.035365e-147 6.398171e-150 3.727771e-152 2.046459e-154 1.057900e-156 5.146352e-159 2.354462e-161 1.012379e-163 4.088595e-166 1.549898e-168 5.511209e-171 1.837049e-173 5.736381e-176 1.676913e-178 4.586156e-181 1.172630e-183 2.801269e-186 
4.033263e-34 3.057738e-33 2.260005e-32 1.628889e-31 1.145117e-30 7.853860e-30 5.256379e-29 3.433606e-28 2.189577e-27 1.363318e-26 8.289656e-26 4.923223e-25 2.856285e-24 1.619021e-23 8.967196e-23 4.853582e-22 2.567508e-21 1.327520e-20 6.709330e-20 3.314736e-19 1.600906e-18 7.558550e-18 3.488732e-17 1.574151e-16 6.943210e-16 2.993550e-15 1.261519e-14 5.195683e-14 2.091146e-13 8.223588e-13 3.159417e-12 1.185619e-11 4.345002e-11 1.554698e-10 5.430107e-10 1.850808e-09 6.154312e-09 1.995848e-08 6.310435e-08 1.944550e-07 5.837685e-07 1.706663e-06 4.856849e-06 1.344823e-05 3.621385e-05 9.479158e-05 2.410620e-04 5.952838e-04 1.426668e-03 3.316590e-03 7.474808e-03 1.632409e-02 3.452892e-02 7.071452e-02 1.401910e-01 2.690508e-01 5.000510e-01 9.007723e-01 1.574783e+00 2.677045e+00 4.435540e+00 7.181527e+00 1.138942e+01 1.772055e+01 2.704611e+01 4.038511e+01 5.864252e+01 8.203282e+01 1.092460e+02 1.367946e+02 1.592942e+02 1.711363e+02 1.689611e+02 1.533742e+02 1.286363e+02 1.005592e+02 7.411670e+01 5.215197e+01 3.543711e+01 2.345681e+01 1.520495e+01 9.671456e+00 6.034511e+00 3.686871e+00 2.200243e+00 1.279296e+00 7.230644e-01 3.965717e-01 2.108046e-01 1.085299e-01 5.410150e-02 2.611410e-02 1.220834e-02 5.529999e-03 2.428224e-03 1.034133e-03 4.273922e-04 1.715062e-04 6.686125e-05 2.533637e-05 9.337186e-06 3.348177e-06 1.168777e-06 3.973624e-07 1.316331e-07 4.250581e-08 1.338468e-08 4.111555e-09 1.232520e-09 3.606727e-10 1.030613e-10 2.876486e-11 7.843782e-12 2.090198e-12 5.444281e-13 1.386335e-13 3.451791e-14 8.404943e-15 2.001683e-15 4.663093e-16 1.062700e-16 2.369389e-17 5.168625e-18 1.103170e-18 2.303816e-19 4.707518e-20 9.411739e-21 1.841066e-21 3.523481e-22 6.597096e-23 1.208318e-23 2.164816e-24 3.793409e-25 6.500700e-26 1.089331e-26 1.784725e-27 2.858462e-28 4.474828e-29 6.845922e-30 1.023349e-30 1.494421e-31 2.131550e-32 2.968961e-33 4.037469e-34 5.359392e-35 6.942658e-36 8.774837e-37 1.081811e-37 1.300635e-38 1.524549e-39 1.741791e-40 1.939115e-41 2.103031e-42 2.221268e-43 2.284261e-44 2.286407e-45 2.226872e-46 2.109793e-47 1.943809e-48 1.741005e-49 1.515448e-50 1.281549e-51 1.052544e-52 8.392871e-54 6.495287e-55 4.877015e-56 3.551614e-57 2.507605e-58 1.715924e-59 1.137586e-60 7.303931e-62 4.539970e-63 2.730916e-64 1.589117e-65 8.941830e-67 4.863500e-68 2.555938e-69 1.297344e-70 6.357494e-72 3.006516e-73 1.371533e-74 6.032960e-76 2.557705e-77 1.044669e-78 4.108895e-80 1.555599e-81 5.666341e-83 1.984924e-84 6.683799e-86 2.162423e-87 6.718827e-89 2.003907e-90 5.734378e-92 1.573662e-93 4.139443e-95 1.043195e-96 2.517485e-98 5.814729e-100 1.284797e-101 2.714316e-103 5.480051e-105 1.056773e-106 1.945468e-108 3.417297e-110 5.724348e-112 9.139459e-114 1.390050e-115 2.012882e-117 2.773603e-119 3.634681e-121 4.527316e-123 5.357000e-125 6.018120e-127 6.415172e-129 6.485029e-131 6.213232e-133 5.638571e-135 4.844046e-137 3.937085e-139 3.025566e-141 2.197047e-143 1.506631e-145 9.750823e-148 5.952125e-150 3.424737e-152 1.856235e-154 9.471376e-157 4.546634e-159 2.052031e-161 8.701887e-164 3.464934e-166 1.294623e-168 4.535985e-171 1.489330e-173 4.579424e-176 1.317768e-178 3.546348e-181 8.919540e-184 2.095197e-186 4.593353e-189 
9.015609e-35 7.053210e-34 5.378212e-33 3.998140e-32 2.898359e-31 2.049377e-30 1.413720e-29 9.516316e-29 6.252100e-28 4.009747e-27 2.510842e-26 1.535344e-25 9.169432e-25 5.349225e-24 3.048643e-23 1.697613e-22 9.236988e-22 4.911548e-21 2.552306e-20 1.296272e-19 6.434651e-19 3.121961e-18 1.480486e-17 6.861967e-17 3.108460e-16 1.376166e-15 5.953782e-15 2.516928e-14 1.039572e-13 4.194544e-13 1.653075e-12 6.362087e-12 2.390657e-11 8.768944e-11 3.138924e-10 1.096222e-09 3.733970e-09 1.240102e-08 4.014277e-08 1.266074e-07 3.889017e-07 1.162966e-06 3.384131e-06 9.578042e-06 2.635374e-05 7.045644e-05 1.829282e-04 4.609809e-04 1.126893e-03 2.670739e-03 6.133131e-03 1.363941e-02 2.935966e-02 6.114540e-02 1.231713e-01 2.399711e-01 4.522975e-01 8.252938e-01 1.459671e+00 2.507087e+00 4.191779e+00 6.841222e+00 1.092784e+01 1.711823e+01 2.630901e+01 3.958728e+01 5.799094e+01 8.191760e+01 1.101907e+02 1.392324e+02 1.632350e+02 1.759746e+02 1.736619e+02 1.569733e+02 1.306863e+02 1.012077e+02 7.384855e+01 5.146732e+01 3.467507e+01 2.278153e+01 1.466624e+01 9.265291e+00 5.738926e+00 3.477652e+00 2.056106e+00 1.182887e+00 6.606724e-01 3.576291e-01 1.874142e-01 9.502646e-02 4.661107e-02 2.212054e-02 1.016041e-02 4.518943e-03 1.947173e-03 8.133222e-04 3.295079e-04 1.295593e-04 4.946773e-05 1.835144e-05 6.618352e-06 2.321610e-06 7.925136e-07 2.633973e-07 8.527100e-08 2.690080e-08 8.273338e-09 2.481505e-09 7.261479e-10 2.073752e-10 5.781571e-11 1.574048e-11 4.185891e-12 1.087580e-12 2.761424e-13 6.853134e-14 1.662668e-14 3.944110e-15 9.149081e-16 2.075582e-16 4.605503e-17 9.995873e-18 2.122244e-18 4.407748e-19 8.955584e-20 1.780033e-20 3.461097e-21 6.583216e-22 1.224848e-22 2.229051e-23 3.967533e-24 6.906309e-25 1.175583e-25 1.956561e-26 3.183558e-27 5.063519e-28 7.871338e-29 1.195729e-29 1.774729e-30 2.573176e-31 3.643875e-32 5.038821e-33 6.802625e-34 8.964242e-35 1.152773e-35 1.446329e-36 1.770030e-37 2.112408e-38 2.457817e-39 2.787296e-40 3.080088e-41 3.315671e-42 3.476057e-43 3.548020e-44 3.524863e-45 3.407429e-46 3.204114e-47 2.929895e-48 2.604488e-49 2.249988e-50 1.888359e-51 1.539187e-52 1.218023e-53 9.354671e-55 6.970436e-56 5.037295e-57 3.529278e-58 2.396450e-59 1.576471e-60 1.004331e-61 6.194096e-63 3.696777e-64 2.134248e-65 1.191443e-66 6.428887e-68 3.351650e-69 1.687584e-70 8.203087e-72 3.847815e-73 1.740977e-74 7.595028e-76 3.193273e-77 1.293374e-78 5.044319e-80 1.893555e-81 6.838408e-83 2.374851e-84 7.927245e-86 2.542209e-87 7.828873e-89 2.314092e-90 6.562165e-92 1.784386e-93 4.650429e-95 1.161036e-96 2.775431e-98 6.349334e-100 1.389371e-101 2.906552e-103 5.810083e-105 1.109185e-106 2.021220e-108 3.513822e-110 5.824639e-112 9.201227e-114 1.384433e-115 1.982933e-117 2.702164e-119 3.501377e-121 4.311647e-123 5.042852e-125 5.598705e-127 5.896910e-129 5.888875e-131 5.572554e-133 4.993803e-135 4.235480e-137 3.397856e-139 2.576755e-141 1.846036e-143 1.248638e-145 7.968768e-148 4.795463e-150 2.719440e-152 1.452314e-154 7.299518e-157 3.450638e-159 1.533179e-161 6.398661e-164 2.506693e-166 9.211706e-169 3.173326e-171 1.024076e-173 3.093842e-176 8.744116e-179 2.310400e-181 5.703114e-184 1.314282e-186 2.825618e-189 5.663455e-192 
1.875228e-35 1.516017e-34 1.194270e-33 9.169828e-33 6.864167e-32 5.010551e-31 3.567407e-30 2.477899e-29 1.679451e-28 1.110935e-27 7.173413e-27 4.522237e-26 2.783808e-25 1.673579e-24 9.827227e-24 5.636945e-23 3.158849e-22 1.729513e-21 9.252500e-21 4.836803e-20 2.470802e-19 1.233407e-18 6.016785e-18 2.868172e-17 1.336019e-16 6.080834e-16 2.704103e-15 1.174765e-14 4.985340e-14 2.066302e-13 8.363289e-13 3.304942e-12 1.274861e-11 4.799238e-11 1.762707e-10 6.314853e-10 2.205908e-09 7.511169e-09 2.492111e-08 8.053768e-08 2.534103e-07 7.759840e-07 2.311445e-06 6.694297e-06 1.884059e-05 5.150145e-05 1.366589e-04 3.518029e-04 8.781037e-04 2.123805e-03 4.974411e-03 1.127633e-02 2.472564e-02 5.241620e-02 1.073887e-01 2.125938e-01 4.067230e-01 7.524002e-01 1.347389e+00 2.339959e+00 3.950469e+00 6.502280e+00 1.046491e+01 1.650813e+01 2.555003e+01 3.874185e+01 5.725746e+01 8.169846e+01 1.110597e+02 1.416979e+02 1.673508e+02 1.810910e+02 1.786254e+02 1.607134e+02 1.327351e+02 1.017701e+02 7.348156e+01 5.071113e+01 3.387393e+01 2.208927e+01 1.412198e+01 8.858635e+00 5.444920e+00 3.270821e+00 1.914601e+00 1.089037e+00 6.005641e-01 3.205690e-01 1.654635e-01 8.254833e-02 3.980367e-02 1.855460e-02 8.365216e-03 3.649474e-03 1.541582e-03 6.308905e-04 2.503013e-04 9.633018e-05 3.598448e-05 1.305502e-05 4.602523e-06 1.577642e-06 5.260683e-07 1.707316e-07 5.395480e-08 1.661061e-08 4.983842e-09 1.457940e-09 4.159807e-10 1.158020e-10 3.146359e-11 8.346015e-12 2.161958e-12 5.470421e-13 1.352377e-13 3.267126e-14 7.714423e-15 1.780652e-15 4.018387e-16 8.866903e-17 1.913290e-17 4.037486e-18 8.332729e-19 1.681999e-19 3.320744e-20 6.412348e-21 1.211058e-21 2.236997e-22 4.041095e-23 7.139032e-24 1.233257e-24 2.083066e-25 3.439880e-26 5.552958e-27 8.761751e-28 1.351084e-28 2.035790e-29 2.996906e-30 4.309507e-31 6.052258e-32 8.299641e-33 1.111132e-33 1.451930e-34 1.851416e-35 2.303255e-36 2.794844e-37 3.307085e-38 3.815017e-39 4.289426e-40 4.699357e-41 5.015294e-42 5.212574e-43 5.274512e-44 5.194697e-45 4.978025e-46 4.640248e-47 4.206088e-48 3.706225e-49 3.173674e-50 2.640149e-51 2.132976e-52 1.672972e-53 1.273467e-54 9.404421e-56 6.735479e-57 4.676721e-58 3.146973e-59 2.051461e-60 1.295060e-61 7.914223e-63 4.680067e-64 2.677024e-65 1.480601e-66 7.914728e-68 4.087624e-69 2.038757e-70 9.816118e-72 4.560497e-73 2.043613e-74 8.829039e-76 3.675937e-77 1.474253e-78 5.692896e-80 2.115713e-81 7.563902e-83 2.600169e-84 8.590589e-86 2.726507e-87 8.308970e-89 2.430173e-90 6.818154e-92 1.834105e-93 4.728197e-95 1.167520e-96 2.760023e-98 6.243379e-100 1.350712e-101 2.793296e-103 5.518938e-105 1.041236e-106 1.874849e-108 3.220131e-110 5.272725e-112 8.226465e-114 1.222272e-115 1.728448e-117 2.325063e-119 2.973419e-121 3.613033e-123 4.168993e-125 4.565418e-127 4.742037e-129 4.669033e-131 4.355187e-133 3.846298e-135 3.214188e-137 2.539954e-139 1.896874e-141 1.337947e-143 8.907471e-146 5.593850e-148 3.311550e-150 1.846874e-152 9.697228e-155 4.790487e-157 2.225095e-159 9.711070e-162 3.979664e-164 1.530366e-166 5.518501e-169 1.864784e-171 5.900933e-174 1.747426e-176 4.839071e-179 1.252298e-181 3.026433e-184 6.825367e-187 1.435437e-189 2.813169e-192 5.133917e-195 
3.607793e-36 3.018620e-35 2.460414e-34 1.954135e-33 1.512717e-32 1.141623e-31 8.401378e-31 6.030274e-30 4.222537e-29 2.885002e-28 1.923693e-27 1.252040e-26 7.955416e-26 4.935535e-25 2.990129e-24 1.769221e-23 1.022481e-22 5.772297e-22 3.183415e-21 1.715195e-20 9.028710e-20 4.643432e-19 2.333214e-18 1.145420e-17 5.493556e-17 2.573928e-16 1.178038e-15 5.266218e-15 2.299124e-14 9.801381e-14 4.079439e-13 1.657367e-12 6.571249e-12 2.542047e-11 9.592008e-11 3.529384e-10 1.265940e-09 4.424882e-09 1.506618e-08 4.995095e-08 1.611899e-07 5.060444e-07 1.544852e-06 4.583657e-06 1.321091e-05 3.696632e-05 1.003643e-04 2.642345e-04 6.741647e-04 1.665833e-03 3.983865e-03 9.215241e-03 2.060479e-02 4.450849e-02 9.283885e-02 1.869411e-01 3.633858e-01 6.821845e-01 1.238050e+00 2.175764e+00 3.711697e+00 6.164821e+00 1.000099e+01 1.589111e+01 2.477077e+01 3.785007e+01 5.643961e+01 8.136540e+01 1.118374e+02 1.441818e+02 1.716513e+02 1.865117e+02 1.838755e+02 1.645995e+02 1.347709e+02 1.022317e+02 7.300778e+01 4.988216e+01 3.303517e+01 2.138141e+01 1.357287e+01 8.451732e+00 5.152589e+00 3.066461e+00 1.775825e+00 9.978487e-01 5.428180e-01 2.854370e-01 1.449665e-01 7.108791e-02 3.366147e-02 1.539680e-02 6.806246e-03 2.909536e-03 1.203532e-03 4.820543e-04 1.870794e-04 7.039318e-05 2.569720e-05 9.106657e-06 3.134787e-06 1.048771e-06 3.412029e-07 1.080016e-07 3.327718e-08 9.985370e-09 2.919266e-09 8.318674e-10 2.311387e-10 6.264484e-11 1.656671e-11 4.276209e-12 1.077644e-12 2.652141e-13 6.375636e-14 1.497429e-14 3.436728e-15 7.708858e-16 1.690214e-16 3.622858e-17 7.592085e-18 1.555622e-18 3.116775e-19 6.106348e-20 1.169879e-20 2.191716e-21 4.015182e-22 7.192664e-23 1.259846e-23 2.157549e-24 3.612315e-25 5.912248e-26 9.458358e-27 1.478847e-27 2.259533e-28 3.373177e-29 4.919465e-30 7.007813e-31 9.748918e-32 1.324215e-32 1.755913e-33 2.272483e-34 2.869842e-35 3.535715e-36 4.248717e-37 4.978459e-38 5.686968e-39 6.331461e-40 6.868313e-41 7.257742e-42 7.468575e-43 7.482304e-44 7.295715e-45 6.921595e-46 6.387319e-47 5.731529e-48 4.999482e-49 4.237818e-50 3.489638e-51 2.790582e-52 2.166398e-53 1.632156e-54 1.192925e-55 8.455483e-57 5.810071e-58 3.868863e-59 2.495648e-60 1.558899e-61 9.425880e-63 5.514771e-64 3.120792e-65 1.707504e-66 9.029089e-68 4.612485e-69 2.275391e-70 1.083494e-71 4.978090e-73 2.205871e-74 9.423034e-76 3.878871e-77 1.537913e-78 5.870520e-80 2.156469e-81 7.619619e-83 2.588490e-84 8.450454e-86 2.649897e-87 7.977862e-89 2.304852e-90 6.386858e-92 1.696702e-93 4.318986e-95 1.052927e-96 2.457166e-98 5.486154e-100 1.171316e-101 2.390155e-103 4.659020e-105 8.670584e-107 1.539763e-108 2.607805e-110 4.209925e-112 6.474576e-114 9.480767e-116 1.321071e-117 1.750703e-119 2.205226e-121 2.638741e-123 2.997713e-125 3.231298e-127 3.302930e-129 3.199611e-131 2.935674e-133 2.549568e-135 2.094626e-137 1.626891e-139 1.193854e-141 8.272009e-144 5.408319e-146 3.334473e-148 1.937428e-150 1.060170e-152 5.459990e-155 2.644774e-157 1.204140e-159 5.149514e-162 2.067109e-164 7.783473e-167 2.747257e-169 9.083258e-172 2.811251e-174 8.138974e-177 2.202656e-179 5.568312e-182 1.313987e-184 2.892263e-187 5.934048e-190 1.134007e-192 2.017043e-195 3.336802e-198 
6.377480e-37 5.531549e-36 4.672572e-35 3.844971e-34 3.082977e-33 2.409323e-32 1.835569e-31 1.363626e-30 9.880120e-30 6.983283e-29 4.815821e-28 3.240945e-27 2.128802e-26 1.364981e-25 8.544869e-25 5.223055e-24 3.117672e-23 1.817451e-22 1.034793e-21 5.754767e-21 3.126100e-20 1.658777e-19 8.597742e-19 4.352958e-18 2.152643e-17 1.039732e-16 4.904545e-16 2.259223e-15 1.016128e-14 4.461719e-14 1.912254e-13 7.998212e-13 3.263980e-12 1.299275e-11 5.043531e-11 1.908608e-10 7.038887e-10 2.528957e-09 8.848329e-09 3.013587e-08 9.986573e-08 3.218509e-07 1.008280e-06 3.068786e-06 9.069210e-06 2.600977e-05 7.234412e-05 1.950271e-04 5.092450e-04 1.287083e-03 3.146564e-03 7.435627e-03 1.697291e-02 3.740049e-02 7.951363e-02 1.630337e-01 3.223482e-01 6.147519e-01 1.131783e+00 2.014628e+00 3.475559e+00 5.828939e+00 9.536300e+00 1.526796e+01 2.397288e+01 3.691374e+01 5.553577e+01 8.090831e+01 1.125062e+02 1.466722e+02 1.761464e+02 1.922670e+02 1.894392e+02 1.686359e+02 1.367791e+02 1.025763e+02 7.241954e+01 4.898005e+01 3.216065e+01 2.065935e+01 1.301948e+01 8.044761e+00 4.862017e+00 2.864668e+00 1.639899e+00 9.094374e-01 4.875223e-01 2.522806e-01 1.259349e-01 6.063412e-02 2.816387e-02 1.262606e-02 5.466372e-03 2.287039e-03 9.253218e-04 3.622953e-04 1.373684e-04 5.047340e-05 1.798372e-05 6.217520e-06 2.087107e-06 6.806437e-07 2.157688e-07 6.652506e-08 1.995867e-08 5.829585e-09 1.658442e-09 4.597324e-10 1.242295e-10 3.273558e-11 8.414726e-12 2.110676e-12 5.167623e-13 1.235269e-13 2.883618e-14 6.575237e-15 1.464754e-15 3.188378e-16 6.782474e-17 1.410172e-17 2.865924e-18 5.693765e-19 1.105864e-19 2.099848e-20 3.898218e-21 7.075174e-22 1.255433e-22 2.177814e-23 3.693154e-24 6.122022e-25 9.919233e-26 1.570746e-26 2.430697e-27 3.675360e-28 5.429430e-29 7.834836e-30 1.104225e-30 1.519719e-31 2.042059e-32 2.678484e-33 3.428765e-34 4.282749e-35 5.218524e-36 6.201734e-37 7.186468e-38 8.117973e-39 8.937146e-40 9.586396e-41 1.001613e-41 1.019089e-42 1.009413e-43 9.730684e-45 9.126554e-46 8.325821e-47 7.385320e-48 6.367899e-49 5.335407e-50 4.342509e-51 3.432185e-52 2.633356e-53 1.960683e-54 1.416158e-55 9.918987e-57 6.734682e-58 4.430996e-59 2.823958e-60 1.742703e-61 1.040951e-62 6.016031e-64 3.362728e-65 1.817197e-66 9.489981e-68 4.787445e-69 2.332048e-70 1.096438e-71 4.973464e-73 2.175584e-74 9.173720e-76 3.727150e-77 1.458400e-78 5.493504e-80 1.991119e-81 6.940971e-83 2.326035e-84 7.489978e-86 2.316364e-87 6.876795e-89 1.958877e-90 5.351270e-92 1.401262e-93 3.515420e-95 8.445203e-97 1.941761e-98 4.270803e-100 8.981000e-102 1.804730e-103 3.463704e-105 6.345657e-107 1.109134e-108 1.848523e-110 2.936016e-112 4.441630e-114 6.396342e-116 8.763528e-118 1.141655e-119 1.413342e-121 1.661737e-123 1.854487e-125 1.963236e-127 1.970371e-129 1.873643e-131 1.687033e-133 1.437442e-135 1.158290e-137 8.821281e-140 6.345402e-142 4.308467e-144 2.759583e-146 1.666248e-148 9.478247e-151 5.076009e-153 2.557612e-155 1.211643e-157 5.393239e-160 2.254057e-162 8.839417e-165 3.250323e-167 1.119882e-169 3.612912e-172 1.090628e-174 3.078375e-177 8.118635e-180 1.999166e-182 4.593091e-185 9.838653e-188 1.963463e-190 3.647925e-193 6.304976e-196 1.013005e-198 1.511833e-201 
1.028016e-37 9.259849e-37 8.120673e-36 6.935587e-35 5.770217e-34 4.677664e-33 3.695721e-32 2.846448e-31 2.137650e-30 1.565633e-29 1.118530e-28 7.796317e-28 5.302597e-27 3.519755e-26 2.280457e-25 1.442354e-24 8.906552e-24 5.370023e-23 3.161583e-22 1.817695e-21 1.020570e-20 5.596035e-20 2.996641e-19 1.567106e-18 8.003039e-18 3.990972e-17 1.943275e-16 9.237965e-16 4.286959e-15 1.941723e-14 8.582483e-14 3.701167e-13 1.556914e-12 6.386750e-12 2.554237e-11 9.955729e-11 3.780660e-10 1.398249e-09 5.034427e-09 1.763917e-08 6.011308e-08 1.991636e-07 6.411736e-07 2.004596e-06 6.082920e-06 1.790470e-05 5.108758e-05 1.412111e-04 3.778586e-04 9.781120e-04 2.447550e-03 5.916153e-03 1.380369e-02 3.106665e-02 6.740021e-02 1.408888e-01 2.836748e-01 5.502200e-01 1.028743e+00 1.856703e+00 3.242169e+00 5.494713e+00 9.071016e+00 1.463927e+01 2.315800e+01 3.593514e+01 5.454537e+01 8.031735e+01 1.130462e+02 1.491539e+02 1.808464e+02 1.983913e+02 1.953474e+02 1.728260e+02 1.387418e+02 1.027860e+02 7.170973e+01 4.800533e+01 3.125257e+01 1.992438e+01 1.246225e+01 7.637836e+00 4.573278e+00 2.665557e+00 1.506966e+00 8.239400e-01 4.347742e-01 2.211480e-01 1.083769e-01 5.117178e-02 2.328718e-02 1.021967e-02 4.327938e-03 1.769962e-03 6.995363e-04 2.673898e-04 9.892093e-05 3.544484e-05 1.230956e-05 4.146188e-06 1.355356e-06 4.302534e-07 1.327144e-07 3.979949e-08 1.161003e-08 3.296122e-09 9.111527e-10 2.453515e-10 6.438351e-11 1.647080e-11 4.109250e-12 1.000137e-12 2.375387e-13 5.506871e-14 1.246457e-14 2.755156e-15 5.948336e-16 1.254581e-16 2.585348e-17 5.206065e-18 1.024504e-18 1.970453e-19 3.704174e-20 6.806223e-21 1.222415e-21 2.145995e-22 3.682377e-23 6.175925e-24 1.012342e-24 1.621715e-25 2.538675e-26 3.883135e-27 5.802987e-28 8.471487e-29 1.207942e-29 1.682072e-30 2.287096e-31 3.035909e-32 3.933479e-33 4.973508e-34 6.135596e-35 7.383530e-36 8.665354e-37 9.915649e-38 1.106018e-38 1.202264e-39 1.273271e-40 1.313433e-41 1.319293e-42 1.290024e-43 1.227584e-44 1.136507e-45 1.023359e-46 8.959505e-48 7.624341e-49 6.304379e-50 5.063615e-51 3.949223e-52 2.989832e-53 2.196419e-54 1.565177e-55 1.081523e-56 7.243918e-58 4.701284e-59 2.955299e-60 1.798717e-61 1.059579e-62 6.038685e-64 3.328266e-65 1.773313e-66 9.129939e-68 4.540316e-69 2.180010e-70 1.010186e-71 4.515741e-73 1.946493e-74 8.086912e-76 3.236873e-77 1.247633e-78 4.628803e-80 1.652236e-81 5.671464e-83 1.871259e-84 5.931738e-86 1.805639e-87 5.275577e-89 1.478720e-90 3.974328e-92 1.023730e-93 2.525988e-95 5.967317e-97 1.348977e-98 2.916624e-100 6.028068e-102 1.190326e-103 2.244453e-105 4.039016e-107 6.933029e-109 1.134520e-110 1.768885e-112 2.626279e-114 3.710973e-116 4.987588e-118 6.372311e-120 7.734857e-122 8.914555e-124 9.749441e-126 1.011186e-127 9.940061e-130 9.255247e-132 8.157537e-134 6.801914e-136 5.362050e-138 3.993766e-140 2.808720e-142 1.863922e-144 1.166428e-146 6.878817e-149 3.820394e-151 1.996877e-153 9.816379e-156 4.535381e-158 1.968077e-160 8.015628e-163 3.061955e-165 1.096282e-167 3.676231e-170 1.153804e-172 3.386880e-175 9.291675e-178 2.380673e-180 5.692468e-183 1.269338e-185 2.637601e-188 5.103552e-191 9.188455e-194 1.538124e-196 2.392159e-199 3.453876e-202 4.626026e-205 
1.498255e-38 1.404240e-37 1.280993e-36 1.137691e-35 9.839900e-35 8.290087e-34 6.805144e-33 5.444131e-32 4.245517e-31 3.228019e-30 2.393494e-29 1.731013e-28 1.221281e-27 8.407130e-27 5.647538e-26 3.702594e-25 2.369396e-24 1.480117e-23 9.026419e-23 5.374312e-22 3.124186e-21 1.773241e-20 9.826921e-20 5.317145e-19 2.808888e-18 1.448635e-17 7.293171e-17 3.583936e-16 1.718834e-15 8.043952e-15 3.672723e-14 1.635685e-13 7.103977e-13 3.008011e-12 1.241385e-11 4.991638e-11 1.954953e-10 7.454536e-10 2.766408e-09 9.986890e-09 3.505546e-08 1.195836e-07 3.962263e-07 1.274448e-06 3.976911e-06 1.203202e-05 3.527045e-05 1.001064e-04 2.749020e-04 7.298519e-04 1.871973e-03 4.634825e-03 1.106868e-02 2.547733e-02 5.648015e-02 1.205191e-01 2.474313e-01 4.887189e-01 9.291096e-01 1.702174e+00 3.011664e+00 5.162216e+00 8.605221e+00 1.400548e+01 2.232758e+01 3.491699e+01 5.346910e+01 7.958332e+01 1.134351e+02 1.516073e+02 1.857610e+02 2.049249e+02 2.016355e+02 1.771716e+02 1.406369e+02 1.028411e+02 7.087223e+01 4.695966e+01 3.031337e+01 1.917762e+01 1.190145e+01 7.231022e+00 4.286453e+00 2.469269e+00 1.377201e+00 7.415141e-01 3.846796e-01 1.920869e-01 9.229601e-02 4.268081e-02 1.900448e-02 8.153387e-03 3.372897e-03 1.346460e-03 5.191056e-04 1.934349e-04 6.972179e-05 2.432682e-05 8.222481e-06 2.694183e-06 8.563493e-07 2.642133e-07 7.917806e-08 2.305974e-08 6.530444e-09 1.799264e-09 4.825285e-10 1.260157e-10 3.206156e-11 7.950125e-12 1.921989e-12 4.531698e-13 1.042406e-13 2.339909e-14 5.126919e-15 1.096746e-15 2.291047e-16 4.674280e-17 9.315644e-18 1.813771e-18 3.450384e-19 6.413607e-20 1.164964e-20 2.067826e-21 3.586863e-22 6.080143e-23 1.007169e-23 1.630288e-24 2.578549e-25 3.984786e-26 6.016099e-27 8.872808e-28 1.278182e-28 1.798261e-29 2.470465e-30 3.313620e-31 4.338614e-32 5.544280e-33 6.913558e-34 8.410700e-35 9.980313e-36 1.154890e-36 1.302927e-37 1.432774e-38 1.535339e-39 1.602828e-40 1.629708e-41 1.613440e-42 1.554865e-43 1.458155e-44 1.330319e-45 1.180366e-46 1.018243e-47 8.537304e-49 6.954793e-50 5.502977e-51 4.227802e-52 3.152723e-53 2.281180e-54 1.600963e-55 1.089417e-56 7.185201e-58 4.591491e-59 2.841674e-60 1.702684e-61 9.873335e-63 5.538504e-64 3.004319e-65 1.575247e-66 7.980347e-68 3.904674e-69 1.844398e-70 8.407097e-72 3.696336e-73 1.566898e-74 6.401208e-76 2.519072e-77 9.545082e-79 3.480810e-80 1.221072e-81 4.118683e-83 1.335138e-84 4.157541e-86 1.243021e-87 3.566477e-89 9.815310e-91 2.589733e-92 6.547453e-94 1.585383e-95 3.674649e-97 8.148745e-99 1.727943e-100 3.501877e-102 6.779084e-104 1.252863e-105 2.209328e-107 3.715353e-109 5.954971e-111 9.091876e-113 1.321519e-114 1.827634e-116 2.403522e-118 3.003964e-120 3.565920e-122 4.018082e-124 4.295105e-126 4.352833e-128 4.179709e-130 3.800375e-132 3.269951e-134 2.660823e-136 2.046321e-138 1.486400e-140 1.019107e-142 6.590856e-145 4.018055e-147 2.307559e-149 1.247560e-151 6.345239e-154 3.034007e-156 1.362915e-158 5.747828e-161 2.274146e-163 8.435424e-166 2.931310e-168 9.536134e-171 2.902193e-173 8.256744e-176 2.194333e-178 5.443620e-181 1.259630e-183 2.716716e-186 5.457137e-189 1.020179e-191 1.773570e-194 2.865150e-197 4.297723e-200 5.981147e-203 7.716953e-206 9.223192e-209 
1.955194e-39 1.910826e-38 1.817026e-37 1.681646e-36 1.515170e-35 1.329405e-34 1.136144e-33 9.460081e-33 7.676131e-32 6.071151e-31 4.681341e-30 3.519847e-29 2.581125e-28 1.846279e-27 1.288408e-26 8.772736e-26 5.828988e-25 3.779820e-24 2.392240e-23 1.477822e-22 8.911325e-22 5.245378e-21 3.013892e-20 1.690395e-19 9.254253e-19 4.944942e-18 2.578761e-17 1.312332e-16 6.516308e-16 3.156568e-15 1.491432e-14 6.871860e-14 3.086898e-13 1.351542e-12 5.765886e-12 2.396003e-11 9.694736e-11 3.818040e-10 1.462902e-09 5.450801e-09 1.974062e-08 6.945247e-08 2.372447e-07 7.863732e-07 2.527612e-06 7.873242e-06 2.374958e-05 6.932688e-05 1.956869e-04 5.336975e-04 1.405240e-03 3.569178e-03 8.737443e-03 2.059860e-02 4.672843e-02 1.019305e-01 2.136819e-01 4.303899e-01 8.330906e-01 1.551267e+00 2.784221e+00 4.831530e+00 8.138943e+00 1.336682e+01 2.148286e+01 3.386226e+01 5.230906e+01 7.869826e+01 1.136482e+02 1.540079e+02 1.908996e+02 2.119145e+02 2.083442e+02 1.816722e+02 1.424373e+02 1.027210e+02 6.990244e+01 4.584580e+01 2.934554e+01 1.841993e+01 1.133724e+01 6.824345e+00 4.001637e+00 2.275981e+00 1.250814e+00 6.623398e-01 3.373513e-01 1.651418e-01 7.768940e-02 3.513560e-02 1.528548e-02 6.401540e-03 2.582981e-03 1.004982e-03 3.773687e-04 1.368700e-04 4.798900e-05 1.627838e-05 5.346254e-06 1.701285e-06 5.249277e-07 1.571481e-07 4.567556e-08 1.289693e-08 3.539690e-09 9.448308e-10 2.453986e-10 6.204749e-11 1.527921e-11 3.665884e-12 8.572760e-13 1.954683e-13 4.346924e-14 9.431088e-15 1.996764e-15 4.126448e-16 8.325267e-17 1.640094e-17 3.155391e-18 5.929344e-19 1.088362e-19 1.951589e-20 3.418823e-21 5.851321e-22 9.784251e-23 1.598439e-23 2.551229e-24 3.978052e-25 6.059458e-26 9.015855e-27 1.310239e-27 1.859594e-28 2.577254e-29 3.487458e-30 4.606899e-31 5.939993e-32 7.474201e-33 9.176227e-34 1.099001e-34 1.283736e-35 1.462182e-36 1.623586e-37 1.757089e-38 1.852884e-39 1.903386e-40 1.904206e-41 1.854769e-42 1.758456e-43 1.622232e-44 1.455810e-45 1.270496e-46 1.077913e-47 8.887851e-49 7.119846e-50 5.539375e-51 4.184271e-52 3.067593e-53 2.181934e-54 1.505206e-55 1.006707e-56 6.525325e-58 4.097606e-59 2.491849e-60 1.466928e-61 8.356430e-63 4.604526e-64 2.453161e-65 1.263184e-66 6.283857e-68 3.018722e-69 1.399820e-70 6.263056e-72 2.702567e-73 1.124218e-74 4.506246e-76 1.739694e-77 6.465856e-79 2.312454e-80 7.954459e-82 2.630469e-83 8.358583e-85 2.550930e-86 7.473402e-88 2.100762e-89 5.663131e-91 1.463315e-92 3.622419e-94 8.586464e-96 1.947862e-97 4.226692e-99 8.768198e-101 1.738014e-102 3.289976e-104 5.944155e-106 1.024482e-107 1.683416e-109 2.635757e-111 3.930048e-113 5.577221e-115 7.528562e-117 9.661055e-119 1.177869e-120 1.363544e-122 1.497881e-124 1.560472e-126 1.540769e-128 1.440956e-130 1.275625e-132 1.068264e-134 8.457452e-137 6.325948e-139 4.467389e-141 2.976723e-143 1.870217e-145 1.107194e-147 6.172219e-150 3.237792e-152 1.597162e-154 7.403568e-157 3.222720e-159 1.316401e-161 5.042319e-164 1.809835e-166 6.082768e-169 1.912945e-171 5.625031e-174 1.545429e-176 3.964170e-179 9.486591e-182 2.116390e-184 4.398243e-187 8.508033e-190 1.530775e-192 2.559701e-195 3.974881e-198 5.727632e-201 7.652419e-204 9.472170e-207 1.085374e-209 1.150374e-212 
2.259391e-40 2.307880e-39 2.292947e-38 2.216471e-37 2.085165e-36 1.909623e-35 1.702932e-34 1.479103e-33 1.251565e-32 1.031955e-31 8.293011e-31 6.496714e-30 4.962326e-29 3.696242e-28 2.685256e-27 1.902923e-26 1.315586e-25 8.874117e-25 5.840850e-24 3.751467e-23 2.351370e-22 1.438294e-21 8.585864e-21 5.001767e-20 2.843476e-19 1.577378e-18 8.537792e-18 4.508486e-17 2.322375e-16 1.166755e-15 5.715976e-15 2.730041e-14 1.270891e-13 5.764837e-13 2.547246e-12 1.096002e-11 4.590354e-11 1.870673e-10 7.414381e-10 2.856733e-09 1.069448e-08 3.887824e-08 1.371693e-07 4.693971e-07 1.556941e-06 5.002082e-06 1.555465e-05 4.678099e-05 1.359668e-04 3.815852e-04 1.033178e-03 2.696510e-03 6.777738e-03 1.639207e-02 3.811255e-02 8.512018e-02 1.824863e-01 3.753831e-01 7.409249e-01 1.404256e+00 2.560061e+00 4.502757e+00 7.672169e+00 1.272335e+01 2.062468e+01 3.277394e+01 5.106887e+01 7.765613e+01 1.136588e+02 1.563245e+02 1.962696e+02 2.194149e+02 2.155209e+02 1.863239e+02 1.441101e+02 1.024041e+02 6.879783e+01 4.466762e+01 2.835144e+01 1.765186e+01 1.076961e+01 6.417810e+00 3.718953e+00 2.085919e+00 1.128058e+00 5.866206e-01 2.929073e-01 1.403518e-01 6.454624e-02 2.850439e-02 1.209652e-02 4.937258e-03 1.939896e-03 7.344030e-04 2.681310e-04 9.449344e-05 3.217166e-05 1.059070e-05 3.373690e-06 1.040757e-06 3.111551e-07 9.021797e-08 2.538556e-08 6.936363e-09 1.841560e-09 4.753261e-10 1.193372e-10 2.915752e-11 6.936053e-12 1.607102e-12 3.628369e-13 7.984915e-14 1.713405e-14 3.585978e-15 7.321954e-16 1.458880e-16 2.837103e-17 5.386058e-18 9.983291e-19 1.806919e-19 3.193825e-20 5.513475e-21 9.296224e-22 1.530982e-22 2.462762e-23 3.869556e-24 5.938480e-25 8.901150e-26 1.303007e-26 1.862702e-27 2.600127e-28 3.543660e-29 4.714776e-30 6.122948e-31 7.760390e-32 9.597477e-33 1.157984e-33 1.362815e-34 1.564121e-35 1.750289e-36 1.909223e-37 2.029589e-38 2.102119e-39 2.120765e-40 2.083525e-41 1.992768e-42 1.855000e-43 1.680096e-44 1.480122e-45 1.267946e-46 1.055864e-47 8.544358e-49 6.716964e-50 5.127943e-51 3.800509e-52 2.733490e-53 1.907290e-54 1.290573e-55 8.465572e-57 5.381157e-58 3.313420e-59 1.975566e-60 1.140122e-61 6.366260e-63 3.438078e-64 1.795017e-65 9.056572e-67 4.413870e-68 2.077072e-69 9.433511e-71 4.133292e-72 1.746339e-73 7.111753e-75 2.790261e-76 1.054227e-77 3.833932e-79 1.341442e-80 4.513480e-82 1.459671e-83 4.535157e-85 1.353040e-86 3.874315e-88 1.064211e-89 2.802783e-91 7.073879e-93 1.710045e-94 3.957422e-96 8.762792e-98 1.855522e-99 3.755336e-101 7.260287e-103 1.340115e-104 2.360324e-106 3.964594e-108 6.347118e-110 9.679571e-112 1.405354e-113 1.941385e-115 2.550218e-117 3.183637e-119 3.774755e-121 4.248242e-123 4.535426e-125 4.590358e-127 4.401724e-129 3.996435e-131 3.433364e-133 2.789233e-135 2.141341e-137 1.552525e-139 1.062323e-141 6.855669e-144 4.169911e-146 2.388872e-148 1.288104e-150 6.532831e-153 3.114169e-155 1.394339e-157 5.859664e-160 2.309646e-162 8.532458e-165 2.952187e-167 9.559545e-170 2.894904e-172 8.192419e-175 2.164941e-177 5.338369e-180 1.227353e-182 2.629035e-185 5.242687e-188 9.725343e-191 1.676909e-193 2.685499e-196 3.991230e-199 5.500569e-202 7.023894e-205 8.303588e-208 9.080649e-211 9.178560e-214 8.568009e-217 
2.282698e-41 2.443311e-40 2.542785e-39 2.573789e-38 2.534514e-37 2.428829e-36 2.265669e-35 2.057807e-34 1.820236e-33 1.568435e-32 1.316787e-31 1.077367e-30 8.591977e-30 6.680053e-29 5.063993e-28 3.743645e-27 2.699224e-26 1.898336e-25 1.302375e-24 8.716820e-24 5.691954e-23 3.626260e-22 2.254002e-21 1.366915e-20 8.087323e-20 4.667855e-19 2.628102e-18 1.443214e-17 7.729000e-17 4.035967e-16 2.054562e-15 1.019392e-14 4.928368e-14 2.321029e-13 1.064475e-12 4.752424e-12 2.064676e-11 8.724952e-11 3.584675e-10 1.431191e-09 5.549776e-09 2.088989e-08 7.628084e-08 2.700427e-07 9.261669e-07 3.075185e-06 9.877511e-06 3.066695e-05 9.195550e-05 2.660671e-04 7.421976e-04 1.994158e-03 5.155827e-03 1.281499e-02 3.059174e-02 7.007428e-02 1.538963e-01 3.238551e-01 6.528825e-01 1.261474e+00 2.339470e+00 4.176038e+00 7.204863e+00 1.207493e+01 1.975346e+01 3.165475e+01 4.975355e+01 7.645378e+01 1.134388e+02 1.585180e+02 2.018761e+02 2.274910e+02 2.232206e+02 1.911173e+02 1.456152e+02 1.018688e+02 6.755866e+01 4.342984e+01 2.733299e+01 1.687355e+01 1.019844e+01 6.011421e+00 3.438569e+00 1.899365e+00 1.009233e+00 5.145830e-01 2.514669e-01 1.177476e-01 5.284612e-02 2.274878e-02 9.400685e-03 3.732731e-03 1.425550e-03 5.241441e-04 1.857157e-04 6.347221e-05 2.094358e-05 6.677775e-06 2.059171e-06 6.145873e-07 1.776805e-07 4.979424e-08 1.353639e-08 3.571870e-09 9.154310e-10 2.280048e-10 5.521867e-11 1.300979e-11 2.983324e-12 6.661374e-13 1.448883e-13 3.070910e-14 6.344664e-15 1.278168e-15 2.511435e-16 4.814088e-17 9.004408e-18 1.643707e-18 2.928796e-19 5.094543e-20 8.652026e-21 1.434702e-21 2.323063e-22 3.673085e-23 5.671227e-24 8.550581e-25 1.258852e-25 1.809646e-26 2.539946e-27 3.480413e-28 4.655535e-29 6.078416e-30 7.745265e-31 9.630384e-32 1.168269e-32 1.382478e-33 1.595545e-34 1.795594e-35 1.969989e-36 2.106588e-37 2.195098e-38 2.228335e-39 2.203175e-40 2.121021e-41 1.987693e-42 1.812759e-43 1.608386e-44 1.387940e-45 1.164522e-46 9.496956e-48 7.525598e-49 5.792609e-50 4.329501e-51 3.141107e-52 2.211345e-53 1.510095e-54 9.999271e-56 6.417825e-57 3.991165e-58 2.404019e-59 1.401955e-60 7.912558e-62 4.320289e-63 2.281106e-64 1.164224e-65 5.741221e-67 2.734421e-68 1.257285e-69 5.578545e-71 2.387458e-72 9.851100e-74 3.917168e-75 1.500375e-76 5.533083e-78 1.963681e-79 6.703564e-81 2.200208e-82 6.939599e-84 2.102351e-85 6.114498e-87 1.706412e-88 4.567245e-90 1.171789e-91 2.880347e-93 6.779737e-95 1.527297e-96 3.291130e-98 6.780196e-100 1.334683e-101 2.509071e-103 4.501990e-105 7.705629e-107 1.257409e-108 1.955060e-110 2.894719e-112 4.079068e-114 5.467214e-116 6.965657e-118 8.431145e-120 9.688898e-122 1.056472e-123 1.092364e-125 1.070360e-127 9.932752e-130 8.723869e-132 7.247160e-134 5.690659e-136 4.220924e-138 2.955387e-140 1.952055e-142 1.215478e-144 7.129892e-147 3.937322e-149 2.045500e-151 9.990208e-154 4.583731e-156 1.974349e-158 7.977680e-161 3.021780e-163 1.072173e-165 3.560927e-168 1.106203e-170 3.211843e-173 8.709520e-176 2.204063e-178 5.201280e-181 1.143714e-183 2.341572e-186 4.460044e-189 7.897126e-192 1.298827e-194 1.982609e-197 2.806568e-200 3.681398e-203 4.470878e-206 5.022926e-209 5.216075e-212 5.002535e-215 4.427206e-218 3.612388e-221 
1.986776e-42 2.234733e-41 2.443064e-40 2.596638e-39 2.684019e-38 2.698873e-37 2.640719e-36 2.514894e-35 2.331761e-34 2.105326e-33 1.851497e-32 1.586305e-31 1.324329e-30 1.077528e-29 8.545874e-29 6.607605e-28 4.981360e-27 3.661989e-26 2.625380e-25 1.835717e-24 1.251932e-23 8.327827e-23 5.403353e-22 3.419561e-21 2.110752e-20 1.270684e-19 7.459926e-19 4.270500e-18 2.383470e-17 1.296744e-16 6.875843e-16 3.552433e-15 1.787891e-14 8.762817e-14 4.181117e-13 1.941465e-12 8.769659e-12 3.851793e-11 1.644239e-10 6.818149e-10 2.744911e-09 1.072243e-08 4.061499e-08 1.490785e-07 5.298689e-07 1.822290e-06 6.059201e-06 1.946246e-05 6.033691e-05 1.803739e-04 5.194648e-04 1.439805e-03 3.836871e-03 9.820420e-03 2.411645e-02 5.676593e-02 1.279515e-01 2.759632e-01 5.692640e-01 1.123318e+00 2.122814e+00 3.851568e+00 6.736996e+00 1.142132e+01 1.886909e+01 3.050671e+01 4.836928e+01 7.509185e+01 1.129598e+02 1.605394e+02 2.077195e+02 2.362202e+02 2.315080e+02 1.960359e+02 1.469045e+02 1.010950e+02 6.618854e+01 4.213769e+01 2.629142e+01 1.608481e+01 9.623528e+00 5.605196e+00 3.160708e+00 1.716679e+00 8.946936e-01 4.464747e-01 2.131466e-01 9.734764e-02 4.255745e-02 1.782343e-02 7.158075e-03 2.759557e-03 1.022295e-03 3.642996e-04 1.250057e-04 4.134470e-05 1.319307e-05 4.065448e-06 1.210856e-06 3.488714e-07 9.731439e-08 2.630024e-08 6.891717e-09 1.752171e-09 4.324990e-10 1.037085e-10 2.417171e-11 5.478865e-12 1.208297e-12 2.593883e-13 5.422481e-14 1.104280e-14 2.191497e-15 4.239519e-16 7.996966e-17 1.471202e-17 2.640284e-18 4.623173e-19 7.899670e-20 1.317387e-20 2.144364e-21 3.407209e-22 5.284918e-23 8.002595e-24 1.182990e-24 1.707198e-25 2.405061e-26 3.307389e-27 4.439471e-28 5.816021e-29 7.435736e-30 9.276251e-31 1.129047e-31 1.340529e-32 1.552362e-33 1.753007e-34 1.930030e-35 2.071308e-36 2.166358e-37 2.207602e-38 2.191349e-39 2.118326e-40 1.993659e-41 1.826280e-42 1.627871e-43 1.411505e-44 1.190213e-45 9.756925e-47 7.773384e-48 6.016937e-49 4.523400e-50 3.301653e-51 2.338970e-52 1.607649e-53 1.071704e-54 6.926534e-56 4.338634e-57 2.632819e-58 1.547221e-59 8.801905e-61 4.845306e-62 2.579944e-63 1.328208e-64 6.608570e-66 3.176520e-67 1.474391e-68 6.605445e-70 2.855154e-71 1.190149e-72 4.782142e-74 1.851374e-75 6.902653e-77 2.477336e-78 8.554515e-80 2.840791e-81 9.067891e-83 2.780888e-84 8.189461e-86 2.314750e-87 6.276384e-89 1.631732e-90 4.065336e-92 9.701188e-94 2.216174e-95 4.843960e-97 1.012464e-98 2.022570e-100 3.859504e-102 7.031063e-104 1.222156e-105 2.025816e-107 3.200304e-109 4.815559e-111 6.897805e-113 9.399951e-115 1.217951e-116 1.499547e-118 1.753277e-120 1.945504e-122 2.047545e-124 2.042588e-126 1.930178e-128 1.726648e-130 1.461228e-132 1.169111e-134 8.837497e-137 6.307376e-139 4.247382e-141 2.696819e-143 1.613399e-145 9.088468e-148 4.817202e-150 2.400756e-152 1.124194e-154 4.942683e-157 2.038910e-159 7.885520e-162 2.857191e-164 9.691758e-167 3.075351e-169 9.121948e-172 2.527263e-174 6.535065e-177 1.575976e-179 3.541689e-182 7.411239e-185 1.442934e-187 2.611742e-190 4.391292e-193 6.852993e-196 9.918342e-199 1.330181e-201 1.651715e-204 1.897356e-207 2.014589e-210 1.975512e-213 1.787546e-216 1.491235e-219 1.145962e-222 8.104960e-226 
1.464282e-43 1.736300e-42 2.000221e-41 2.239357e-40 2.437218e-39 2.579409e-38 2.655366e-37 2.659656e-36 2.592604e-35 2.460161e-34 2.273048e-33 2.045341e-32 1.792766e-31 1.530958e-30 1.273970e-29 1.033185e-28 8.167309e-28 6.293808e-27 4.728509e-26 3.463741e-25 2.474013e-24 1.723098e-23 1.170240e-22 7.749846e-22 5.004368e-21 3.150777e-20 1.934021e-19 1.157260e-18 6.749394e-18 3.836093e-17 2.124301e-16 1.145894e-15 6.019480e-15 3.078426e-14 1.532174e-13 7.418837e-13 3.493282e-12 1.598847e-11 7.109570e-11 3.069821e-10 1.286375e-09 5.228053e-09 2.059417e-08 7.857339e-08 2.901407e-07 1.036095e-06 3.575076e-06 1.190920e-05 3.826401e-05 1.184648e-04 3.530553e-04 1.011809e-03 2.785416e-03 7.357672e-03 1.862799e-02 4.515300e-02 1.046747e-01 2.318597e-01 4.903976e-01 9.902591e-01 1.910562e+00 3.529620e+00 6.268550e+00 1.076219e+01 1.797101e+01 2.933082e+01 4.692267e+01 7.357573e+01 1.121947e+02 1.623279e+02 2.137930e+02 2.456958e+02 2.404592e+02 2.010521e+02 1.479211e+02 1.000664e+02 6.469493e+01 4.079618e+01 2.522704e+01 1.528510e+01 9.044644e+00 5.199180e+00 2.885677e+00 1.538311e+00 7.848549e-01 3.825602e-01 1.780542e-01 7.915484e-02 3.363598e-02 1.367604e-02 5.326224e-03 1.989160e-03 7.131819e-04 2.457495e-04 8.147354e-05 2.601523e-05 8.008761e-06 2.379314e-06 6.827963e-07 1.894388e-07 5.085704e-08 1.322163e-08 3.331179e-09 8.139513e-10 1.930082e-10 4.444270e-11 9.943159e-12 2.162627e-12 4.574974e-13 9.417693e-14 1.887262e-14 3.683138e-15 7.002500e-16 1.297399e-16 2.343153e-17 4.126123e-18 7.085849e-19 1.186946e-19 1.939671e-20 3.092712e-21 4.811831e-22 7.305915e-23 1.082569e-23 1.565546e-24 2.209576e-25 3.043535e-26 4.091276e-27 5.366933e-28 6.869865e-29 8.579944e-30 1.045411e-30 1.242511e-31 1.440331e-32 1.628186e-33 1.794526e-34 1.928049e-35 2.018930e-36 2.059997e-37 2.047650e-38 1.982369e-39 1.868723e-40 1.714840e-41 1.531450e-42 1.330640e-43 1.124528e-44 9.240639e-46 7.381109e-47 5.729163e-48 4.319858e-49 3.163089e-50 2.248376e-51 1.550924e-52 1.037818e-53 6.734475e-55 4.236207e-56 2.582128e-57 1.524540e-58 8.715483e-60 4.822398e-61 2.581540e-62 1.336476e-63 6.688519e-65 3.234464e-66 1.510750e-67 6.812604e-69 2.964647e-70 1.244455e-71 5.036579e-73 1.964467e-74 7.380832e-76 2.670019e-77 9.295357e-79 3.112807e-80 1.002217e-81 3.100860e-83 9.215035e-85 2.628986e-86 7.196728e-88 1.889358e-89 4.754445e-91 1.146208e-92 2.645907e-94 5.845200e-96 1.235100e-97 2.494847e-99 4.814864e-101 8.873163e-103 1.560562e-104 2.617840e-106 4.186130e-108 6.377289e-110 9.250311e-112 1.276774e-113 1.675897e-115 2.090698e-117 2.477301e-119 2.786375e-121 2.973042e-123 3.007376e-125 2.882182e-127 2.615299e-129 2.245452e-131 1.822983e-133 1.398520e-135 1.013142e-137 6.926157e-140 4.465170e-142 2.712733e-144 1.552017e-146 8.356041e-149 4.230686e-151 2.012871e-153 8.992946e-156 3.770091e-158 1.481991e-160 5.458347e-163 1.882230e-165 6.072287e-168 1.831339e-170 5.159269e-173 1.356669e-175 3.327260e-178 7.604730e-181 1.618528e-183 3.205147e-186 5.900872e-189 1.009186e-191 1.601979e-194 2.358378e-197 3.217209e-200 4.063399e-203 4.747625e-206 5.127076e-209 5.113243e-212 4.705226e-215 3.991567e-218 3.118919e-221 2.242736e-224 1.482789e-227 9.005717e-231 
8.955918e-45 1.123502e-43 1.368671e-42 1.619677e-41 1.862517e-40 2.081839e-39 2.262542e-38 2.391504e-37 2.459161e-36 2.460680e-35 2.396513e-34 2.272266e-33 2.097900e-32 1.886431e-31 1.652362e-30 1.410091e-29 1.172543e-28 9.501748e-28 7.504418e-27 5.777040e-26 4.335065e-25 3.171067e-24 2.261215e-23 1.571818e-22 1.065057e-21 7.034413e-21 4.528255e-20 2.840748e-19 1.736486e-18 1.034122e-17 5.998531e-17 3.388347e-16 1.863299e-15 9.972307e-15 5.192512e-14 2.629434e-13 1.294395e-12 6.191421e-12 2.876162e-11 1.296875e-10 5.672661e-10 2.405483e-09 9.882051e-09 3.930092e-08 1.511924e-07 5.621717e-07 2.018544e-06 6.992553e-06 2.334742e-05 7.505943e-05 2.320989e-04 6.895454e-04 1.965980e-03 5.372945e-03 1.405865e-02 3.517632e-02 8.406627e-02 1.916831e-01 4.166323e-01 8.628503e-01 1.703310e+00 3.210575e+00 5.799541e+00 1.009718e+01 1.705831e+01 2.812671e+01 4.541976e+01 7.191624e+01 1.111216e+02 1.638092e+02 2.200779e+02 2.560316e+02 2.501645e+02 2.061220e+02 1.485987e+02 9.877276e+01 6.308903e+01 3.940918e+01 2.413907e+01 1.447367e+01 8.461530e+00 4.793465e+00 2.613898e+00 1.364826e+00 6.801918e-01 3.231137e-01 1.462817e-01 6.315232e-02 2.602368e-02 1.024756e-02 3.860695e-03 1.393262e-03 4.822210e-04 1.602575e-04 5.119742e-05 1.574047e-05 4.662206e-06 1.331723e-06 3.672065e-07 9.783295e-08 2.520704e-08 6.286125e-09 1.518486e-09 3.555706e-10 8.076611e-11 1.780743e-11 3.813316e-12 7.935528e-13 1.605623e-13 3.160174e-14 6.052934e-15 1.128702e-15 2.049772e-16 3.626467e-17 6.252264e-18 1.050693e-18 1.721450e-19 2.750266e-20 4.285346e-21 6.513050e-22 9.656390e-23 1.396723e-23 1.971029e-24 2.713781e-25 3.645501e-26 4.777845e-27 6.109167e-28 7.620453e-29 9.272434e-30 1.100469e-30 1.273745e-31 1.437637e-32 1.582023e-33 1.697075e-34 1.774333e-35 1.807716e-36 1.794300e-37 1.734736e-38 1.633212e-39 1.496977e-40 1.335485e-41 1.159303e-42 9.789646e-44 8.039386e-45 6.418510e-46 4.980426e-47 3.754751e-48 2.749388e-49 1.954724e-50 1.348900e-51 9.031632e-53 5.865281e-54 3.693076e-55 2.253731e-56 1.332493e-57 7.629709e-59 4.229218e-60 2.268543e-61 1.177041e-62 5.904924e-64 2.863072e-65 1.341097e-66 6.066109e-68 2.648450e-69 1.115608e-70 4.531837e-72 1.774520e-73 6.694696e-75 2.432318e-76 8.506353e-78 2.862143e-79 9.260896e-81 2.880147e-82 8.605177e-84 2.468708e-85 6.797090e-87 1.795129e-88 4.545284e-90 1.102783e-91 2.562425e-93 5.699148e-95 1.212633e-96 2.467007e-98 4.796123e-100 8.905224e-102 1.578289e-103 2.668488e-105 4.301584e-107 6.607249e-109 9.664605e-111 1.345420e-112 1.781471e-114 2.242233e-116 2.680987e-118 3.043331e-120 3.277706e-122 3.347188e-124 3.238915e-126 2.967876e-128 2.573555e-130 2.110446e-132 1.635601e-134 1.197151e-136 8.269748e-139 5.387755e-141 3.308213e-143 1.913127e-145 1.041240e-147 5.329709e-150 2.563824e-152 1.158212e-154 4.910027e-157 1.951878e-159 7.270580e-162 2.535741e-164 8.274254e-167 2.524101e-169 7.192858e-172 1.913256e-174 4.746553e-177 1.097417e-179 2.362675e-182 4.732859e-185 8.814055e-188 1.524765e-190 2.448185e-193 3.645328e-196 5.029365e-199 6.423990e-202 7.589956e-205 8.287837e-208 8.356659e-211 7.773788e-214 6.665878e-217 5.264050e-220 3.824997e-223 2.555043e-226 1.567567e-229 8.825040e-233 4.554799e-236 
4.438462e-46 5.914157e-45 7.649072e-44 9.605666e-43 1.171632e-41 1.388474e-40 1.599183e-39 1.790603e-38 1.949672e-37 2.064903e-36 2.127755e-35 2.133682e-34 2.082661e-33 1.979140e-32 1.831404e-31 1.650494e-30 1.448877e-29 1.239061e-28 1.032395e-27 8.381657e-27 6.630920e-26 5.112074e-25 3.840690e-24 2.811956e-23 2.006238e-22 1.394783e-21 9.448108e-21 6.235168e-20 4.008247e-19 2.509505e-18 1.529885e-17 9.079505e-17 5.244181e-16 2.946925e-15 1.610584e-14 8.557563e-14 4.418563e-13 2.215997e-12 1.078917e-11 5.096726e-11 2.334598e-10 1.036245e-09 4.453815e-09 1.852208e-08 7.446988e-08 2.892195e-07 1.084003e-06 3.917117e-06 1.363297e-05 4.564935e-05 1.468961e-04 4.537420e-04 1.343702e-03 3.810208e-03 1.033211e-02 2.675836e-02 6.609944e-02 1.555482e-01 3.483274e-01 7.417259e-01 1.501814e+00 2.894973e+00 5.330034e+00 9.425906e+00 1.612986e+01 2.689254e+01 4.386456e+01 7.012948e+01 1.097276e+02 1.648941e+02 2.265371e+02 2.673673e+02 2.607314e+02 2.111790e+02 1.488631e+02 9.721428e+01 6.138489e+01 3.797828e+01 2.302569e+01 1.364968e+01 7.873913e+00 4.388215e+00 2.345946e+00 1.196924e+00 5.812384e-01 2.684090e-01 1.178970e-01 4.929968e-02 1.964808e-02 7.472809e-03 2.715848e-03 9.443976e-04 3.146246e-04 1.005462e-04 3.086057e-05 9.107903e-06 2.587615e-06 7.084632e-07 1.871192e-07 4.772302e-08 1.176380e-08 2.805158e-09 6.476097e-10 1.448606e-10 3.141813e-11 6.611421e-12 1.350715e-12 2.680630e-13 5.170643e-14 9.698345e-15 1.769656e-15 3.142632e-16 5.433372e-17 9.148675e-18 1.500672e-18 2.398627e-19 3.736678e-20 5.674620e-21 8.402046e-22 1.213073e-22 1.707992e-23 2.345387e-24 3.141185e-25 4.103298e-26 5.227969e-27 6.496554e-28 7.873423e-29 9.305632e-30 1.072488e-30 1.205195e-31 1.320343e-32 1.410001e-33 1.467529e-34 1.488376e-35 1.470670e-36 1.415485e-37 1.326747e-38 1.210774e-39 1.075534e-40 9.297358e-42 7.819025e-43 6.395606e-44 5.086520e-45 3.932231e-46 2.953938e-47 2.155603e-48 1.527559e-49 1.050854e-50 7.015376e-52 4.543280e-53 2.853255e-54 1.737012e-55 1.024689e-56 5.855192e-58 3.239508e-59 1.734731e-60 8.987198e-62 4.502728e-63 2.180741e-64 1.020527e-65 4.612631e-67 2.012733e-68 8.475078e-70 3.442112e-71 1.347819e-72 5.085829e-74 1.848467e-75 6.468073e-77 2.177920e-78 7.053440e-80 2.196026e-81 6.569535e-83 1.887437e-84 5.205098e-86 1.377143e-87 3.493778e-89 8.494690e-91 1.978350e-92 4.410895e-94 9.409796e-96 1.919654e-97 3.742930e-99 6.971085e-101 1.239483e-102 2.102715e-104 3.401468e-106 5.243744e-108 7.699211e-110 1.076015e-111 1.430517e-113 1.808017e-115 2.171082e-117 2.475374e-119 2.678059e-121 2.747486e-123 2.671192e-125 2.459486e-127 2.143215e-129 1.766359e-131 1.375913e-133 1.012292e-135 7.029502e-138 4.604104e-140 2.842254e-142 1.652609e-144 9.043907e-147 4.654868e-149 2.251683e-151 1.022907e-153 4.360859e-156 1.743367e-158 6.530677e-161 2.290597e-163 7.516675e-166 2.305960e-168 6.608247e-171 1.767606e-173 4.409639e-176 1.025154e-178 2.219170e-181 4.469431e-184 8.367869e-187 1.455180e-189 2.348512e-192 3.514593e-195 4.872956e-198 6.254187e-201 7.423918e-204 8.143274e-207 8.246797e-210 7.703811e-213 6.632399e-216 5.257606e-219 3.834091e-222 2.569777e-225 1.581561e-228 8.929541e-232 4.620809e-235 2.189487e-238 9.490493e-242 
1.732213e-47 2.462754e-46 3.396835e-45 4.546879e-44 5.908608e-43 7.456442e-42 9.140908e-41 1.088903e-39 1.260828e-38 1.419411e-37 1.554030e-36 1.655064e-35 1.715037e-34 1.729527e-33 1.697699e-32 1.622371e-31 1.509606e-30 1.367922e-29 1.207240e-28 1.037774e-27 8.690007e-27 7.088722e-26 5.633229e-25 4.361029e-24 3.288907e-23 2.416140e-22 1.728882e-21 1.204849e-20 8.176399e-20 5.402287e-19 3.474469e-18 2.174644e-17 1.324203e-16 7.842395e-16 4.515585e-15 2.526829e-14 1.373538e-13 7.249287e-13 3.712839e-12 1.844243e-11 8.878818e-11 4.140164e-10 1.868456e-09 8.154644e-09 3.438851e-08 1.399950e-07 5.496455e-07 2.079115e-06 7.568857e-06 2.648766e-05 8.900214e-05 2.867875e-04 8.850363e-04 2.612293e-03 7.364530e-03 1.980256e-02 5.071504e-02 1.235347e-01 2.858373e-01 6.275977e-01 1.307019e+00 2.583579e+00 4.860181e+00 8.747933e+00 1.518454e+01 2.562524e+01 4.225736e+01 6.823519e+01 1.080151e+02 1.654788e+02 2.331045e+02 2.798774e+02 2.722880e+02 2.161221e+02 1.486359e+02 9.540566e+01 5.959714e+01 3.650176e+01 2.188440e+01 1.281227e+01 7.281485e+00 3.983719e+00 2.082615e+00 1.035458e+00 4.885796e-01 2.187052e-01 9.293450e-02 3.752962e-02 1.442213e-02 5.281484e-03 1.845754e-03 6.164480e-04 1.970264e-04 6.034498e-05 1.773415e-05 5.006965e-06 1.359731e-06 3.555835e-07 8.964198e-08 2.180766e-08 5.124556e-09 1.164260e-09 2.559542e-10 5.449313e-11 1.124381e-11 2.249981e-12 4.369358e-13 8.239255e-14 1.509478e-14 2.688136e-15 4.655422e-16 7.843851e-17 1.286244e-17 2.053455e-18 3.192589e-19 4.835133e-20 7.134750e-21 1.025974e-21 1.437973e-22 1.964611e-23 2.616720e-24 3.398004e-25 4.302247e-26 5.311046e-27 6.392571e-28 7.501864e-29 8.582991e-30 9.573094e-31 1.040806e-31 1.102914e-32 1.138967e-33 1.146075e-34 1.123504e-35 1.072796e-36 9.975933e-38 9.032151e-39 7.960330e-40 6.827601e-41 5.697597e-42 4.624724e-43 3.650303e-44 2.800884e-45 2.088589e-46 1.513099e-47 1.064628e-48 7.272790e-50 4.822010e-51 3.101895e-52 1.935273e-53 1.170615e-54 6.862461e-56 3.897381e-57 2.143500e-58 1.141193e-59 5.878995e-61 2.929387e-62 1.411230e-63 6.570241e-65 2.954874e-66 1.283158e-67 5.377881e-69 2.174380e-70 8.477229e-72 3.185404e-73 1.153088e-74 4.019209e-76 1.348307e-77 4.351052e-79 1.350024e-80 4.025436e-82 1.152889e-83 3.169870e-85 8.362755e-87 2.115838e-88 5.131083e-90 1.192052e-91 2.651579e-93 5.644134e-95 1.149031e-96 2.235952e-98 4.156642e-100 7.377711e-102 1.249530e-103 2.018189e-105 3.106768e-107 4.555397e-109 6.358435e-111 8.443331e-113 1.065976e-114 1.278729e-116 1.456572e-118 1.574451e-120 1.613948e-122 1.567938e-124 1.442648e-126 1.256303e-128 1.034757e-130 8.055572e-133 5.923388e-135 4.111100e-137 2.691260e-139 1.660563e-141 9.650435e-144 5.278572e-146 2.715487e-148 1.312867e-150 5.960922e-153 2.539801e-155 1.014730e-157 3.798697e-160 1.331425e-162 4.365748e-165 1.338194e-167 3.831370e-170 1.023802e-172 2.551255e-175 5.923992e-178 1.280680e-180 2.575562e-183 4.814438e-186 8.357857e-189 1.346327e-191 2.010663e-194 2.781540e-197 3.561308e-200 4.216282e-203 4.611688e-206 4.655986e-209 4.335038e-212 3.718851e-215 2.936708e-218 2.132787e-221 1.423194e-224 8.717729e-228 4.897268e-231 2.520587e-234 1.187489e-237 5.115845e-241 2.013453e-244 7.232282e-248 
5.143537e-49 7.842971e-48 1.159558e-46 1.662858e-45 2.313772e-44 3.124897e-43 4.097721e-42 5.218865e-41 6.457535e-40 7.764939e-39 9.076262e-38 1.031535e-36 1.140178e-35 1.225939e-34 1.282511e-33 1.305658e-32 1.293738e-31 1.247887e-30 1.171845e-29 1.071461e-28 9.539556e-28 8.270861e-27 6.983252e-26 5.741851e-25 4.597525e-24 3.584701e-23 2.721475e-22 2.011549e-21 1.447340e-20 1.013555e-19 6.906697e-19 4.578591e-18 2.951941e-17 1.850361e-16 1.127245e-15 6.671366e-15 3.833954e-14 2.138431e-13 1.156962e-12 6.068131e-12 3.083302e-11 1.516673e-10 7.216830e-10 3.319087e-09 1.474079e-08 6.315950e-08 2.608139e-07 1.036879e-06 3.964006e-06 1.455547e-05 5.126894e-05 1.729987e-04 5.584601e-04 1.722188e-03 5.066014e-03 1.419359e-02 3.781728e-02 9.567415e-02 2.294904e-01 5.212411e-01 1.120082e+00 2.277467e+00 4.390306e+00 8.062721e+00 1.422121e+01 2.432111e+01 4.059345e+01 6.625276e+01 1.060092e+02 1.654506e+02 2.396682e+02 2.937826e+02 2.849869e+02 2.208018e+02 1.478437e+02 9.337993e+01 5.773690e+01 3.497413e+01 2.071249e+01 1.196054e+01 6.683879e+00 3.580474e+00 1.824981e+00 8.814470e-01 4.028341e-01 1.742291e-01 7.138563e-02 2.774522e-02 1.024492e-02 3.599533e-03 1.205238e-03 3.851673e-04 1.176576e-04 3.440388e-05 9.643024e-06 2.594260e-06 6.707475e-07 1.668683e-07 3.999033e-08 9.242136e-09 2.061903e-09 4.444864e-10 9.266843e-11 1.870042e-11 3.655566e-12 6.927154e-13 1.273331e-13 2.271852e-14 3.936546e-15 6.627816e-16 1.084795e-16 1.726753e-17 2.674130e-18 4.030426e-19 5.913778e-20 8.449632e-21 1.175890e-21 1.594169e-22 2.105761e-23 2.710476e-24 3.400048e-25 4.156781e-26 4.953120e-27 5.752493e-28 6.511543e-29 7.183678e-30 7.723595e-31 8.092207e-32 8.261241e-33 8.216782e-34 7.961142e-35 7.512719e-36 6.903837e-37 6.176916e-38 5.379599e-39 4.559611e-40 3.760120e-41 3.016212e-42 2.352842e-43 1.784322e-44 1.315156e-45 9.418314e-47 6.551261e-48 4.424780e-49 2.900868e-50 1.845375e-51 1.138695e-52 6.813013e-54 3.951103e-55 2.220137e-56 1.208244e-57 6.366062e-59 3.246034e-60 1.601114e-61 7.636537e-63 3.520389e-64 1.567894e-65 6.743468e-67 2.799602e-68 1.121396e-69 4.331824e-71 1.612982e-72 5.786683e-74 1.999229e-75 6.648403e-77 2.127061e-78 6.543861e-80 1.934907e-81 5.495867e-83 1.498779e-84 3.922262e-86 9.844718e-88 2.368670e-89 5.460156e-91 1.205219e-92 2.545932e-94 5.144026e-96 9.935478e-98 1.833387e-99 3.230333e-101 5.431416e-103 8.709515e-105 1.331157e-106 1.938010e-108 2.686011e-110 3.541729e-112 4.440247e-114 5.289421e-116 5.983300e-118 6.422800e-120 6.538462e-122 6.308235e-124 5.764103e-126 4.984881e-128 4.077386e-130 3.152204e-132 2.301711e-134 1.586306e-136 1.031134e-138 6.317205e-141 3.645043e-143 1.979391e-145 1.010862e-147 4.851326e-150 2.186308e-152 9.245173e-155 3.665552e-157 1.361597e-159 4.734826e-162 1.540152e-164 4.682543e-167 1.329568e-169 3.522880e-172 8.703403e-175 2.003207e-177 4.291870e-180 8.552373e-183 1.583718e-185 2.723009e-188 4.343357e-191 6.421393e-194 8.791824e-197 1.113756e-199 1.304292e-202 1.410723e-205 1.407979e-208 1.295509e-211 1.097926e-214 8.562288e-218 6.138786e-221 4.042406e-224 2.442573e-227 1.352968e-230 6.863384e-234 3.185486e-237 1.351362e-240 5.234745e-244 1.849747e-247 5.956411e-251 1.746109e-254 
1.114166e-50 1.832927e-49 2.921944e-48 4.515368e-47 6.766546e-46 9.836624e-45 1.387641e-43 1.900211e-42 2.526706e-41 3.263360e-40 4.095008e-39 4.993896e-38 5.920078e-37 6.823688e-36 7.649056e-35 8.340233e-34 8.847216e-33 9.131889e-32 9.172724e-31 8.967437e-30 8.533144e-29 7.904027e-28 7.126943e-27 6.255745e-26 5.345262e-25 4.445840e-24 3.599160e-23 2.835728e-22 2.174121e-21 1.621745e-20 1.176711e-19 8.303034e-19 5.695850e-18 3.797442e-17 2.459641e-16 1.547098e-15 9.445510e-15 5.594604e-14 3.212930e-13 1.787923e-12 9.634196e-12 5.023174e-11 2.532140e-10 1.233011e-09 5.794427e-09 2.625328e-08 1.145571e-07 4.808739e-07 1.939486e-06 7.506434e-06 2.784118e-05 9.881778e-05 3.351469e-04 1.084479e-03 3.342741e-03 9.798735e-03 2.727079e-02 7.193729e-02 1.795637e-01 4.234677e-01 9.423875e-01 1.978120e+00 3.921045e+00 7.369592e+00 1.323862e+01 2.297662e+01 3.886283e+01 6.419434e+01 1.037638e+02 1.647008e+02 2.460447e+02 3.093658e+02 2.990085e+02 2.249992e+02 1.464356e+02 9.118897e+01 5.580616e+01 3.338669e+01 1.950753e+01 1.109337e+01 6.080698e+00 3.179330e+00 1.574474e+00 7.360741e-01 3.246279e-01 1.351536e-01 5.318945e-02 1.981860e-02 7.003279e-03 2.350977e-03 7.510039e-04 2.286627e-04 6.646597e-05 1.847234e-05 4.915914e-06 1.254470e-06 3.073792e-07 7.241054e-08 1.641977e-08 3.588102e-09 7.564147e-10 1.539883e-10 3.030083e-11 5.768178e-12 1.063141e-12 1.898613e-13 3.287560e-14 5.523036e-15 9.007412e-16 1.426819e-16 2.196303e-17 3.286672e-18 4.783314e-19 6.772641e-20 9.332001e-21 1.251678e-21 1.634592e-22 2.078772e-23 2.574852e-24 3.106699e-25 3.651633e-26 4.181608e-27 4.665331e-28 5.071163e-29 5.370450e-30 5.540807e-31 5.568852e-32 5.451927e-33 5.198502e-34 4.827177e-35 4.364454e-36 3.841624e-37 3.291296e-38 2.744084e-39 2.225927e-40 1.756325e-41 1.347630e-42 1.005294e-43 7.288722e-45 5.134750e-46 3.513701e-47 2.334807e-48 1.506038e-49 9.426989e-51 5.724151e-52 3.370503e-53 1.923820e-54 1.064036e-55 5.700364e-57 2.956871e-58 1.484467e-59 7.210060e-61 3.386532e-62 1.537569e-63 6.745098e-65 2.857754e-66 1.168825e-67 4.612801e-69 1.755777e-70 6.442580e-72 2.277873e-73 7.756550e-75 2.542523e-76 8.018684e-78 2.432009e-79 7.089737e-81 1.985520e-82 5.339139e-84 1.377818e-85 3.410387e-87 8.092306e-89 1.839755e-90 4.005220e-92 8.345039e-94 1.663106e-95 3.168490e-97 5.767319e-99 1.002375e-100 1.662511e-102 2.629760e-104 3.964809e-106 5.693995e-108 7.784522e-110 1.012500e-111 1.252080e-113 1.471179e-115 1.641402e-117 1.737788e-119 1.744715e-121 1.660004e-123 1.495746e-125 1.275485e-127 1.028640e-129 7.840070e-132 5.643396e-134 3.833693e-136 2.456062e-138 1.482835e-140 8.430633e-143 4.510464e-145 2.269094e-147 1.072573e-149 4.760084e-152 1.981903e-154 7.735592e-157 2.828190e-159 9.677968e-162 3.097235e-164 9.262509e-167 2.586394e-169 6.737767e-172 1.636186e-174 3.700682e-177 7.789271e-180 1.524431e-182 2.771670e-185 4.677579e-188 7.320938e-191 1.061682e-193 1.425337e-196 1.769887e-199 2.030880e-202 2.151476e-205 2.102331e-208 1.893102e-211 1.569448e-214 1.196765e-217 8.385812e-221 5.394323e-224 3.182457e-227 1.720271e-230 8.511589e-234 3.850985e-237 1.591639e-240 6.003292e-244 2.064257e-247 6.464296e-251 1.841671e-254 4.768514e-258 1.120928e-261 
1.671320e-52 2.986938e-51 5.169367e-50 8.666882e-49 1.408208e-47 2.218238e-46 3.388750e-45 5.022366e-44 7.223634e-43 1.008593e-41 1.367468e-40 1.800862e-39 2.304193e-38 2.865094e-37 3.462888e-36 4.069184e-35 4.649721e-34 5.167363e-33 5.585943e-32 5.874380e-31 6.010467e-30 5.983658e-29 5.796395e-28 5.463746e-27 5.011419e-26 4.472515e-25 3.883593e-24 3.280666e-23 2.695736e-22 2.154294e-21 1.673993e-20 1.264488e-19 9.282425e-19 6.619859e-18 4.584700e-17 3.082206e-16 2.010447e-15 1.271664e-14 7.795518e-14 4.628390e-13 2.659621e-12 1.478017e-11 7.936795e-11 4.114562e-10 2.057265e-09 9.910354e-09 4.594428e-08 2.047366e-07 8.758422e-07 3.591978e-06 1.410251e-05 5.292479e-05 1.895550e-04 6.468567e-04 2.099586e-03 6.470586e-03 1.889947e-02 5.222163e-02 1.362523e-01 3.350846e-01 7.755347e-01 1.687539e+00 3.453578e+00 6.667799e+00 1.223500e+01 2.158896e+01 3.705208e+01 6.205574e+01 1.013613e+02 1.631548e+02 2.519395e+02 3.269951e+02 3.145594e+02 2.284003e+02 1.444141e+02 8.889614e+01 5.379220e+01 3.172958e+01 1.826748e+01 1.020913e+01 5.471649e+00 2.781688e+00 1.332955e+00 6.006674e-01 2.545571e-01 1.015737e-01 3.822437e-02 1.359104e-02 4.574339e-03 1.460066e-03 4.427676e-04 1.277932e-04 3.516519e-05 9.240763e-06 2.322622e-06 5.592163e-07 1.291615e-07 2.865673e-08 6.115266e-09 1.256668e-09 2.489605e-10 4.759942e-11 8.791413e-12 1.569986e-12 2.713175e-13 4.540892e-14 7.365379e-15 1.158571e-15 1.768408e-16 2.620648e-17 3.772361e-18 5.276991e-19 7.176254e-20 9.490689e-21 1.221006e-21 1.528522e-22 1.862331e-23 2.208788e-24 2.550523e-25 2.867700e-26 3.139821e-27 3.347859e-28 3.476420e-29 3.515604e-30 3.462250e-31 3.320362e-32 3.100614e-33 2.819048e-34 2.495153e-35 2.149663e-36 1.802403e-37 1.470494e-38 1.167128e-39 9.009973e-41 6.763588e-42 4.935961e-43 3.501004e-44 2.412787e-45 1.615193e-46 1.049969e-47 6.625776e-49 4.057538e-50 2.410492e-51 1.388715e-52 7.755810e-54 4.197456e-55 2.200512e-56 1.117042e-57 5.488446e-59 2.609067e-60 1.199487e-61 5.330826e-63 2.289252e-64 9.495128e-66 3.802073e-67 1.469108e-68 5.475185e-70 1.967210e-71 6.810852e-73 2.271119e-74 7.290409e-76 2.251752e-77 6.688455e-79 1.909612e-80 5.237842e-82 1.379493e-83 3.486700e-85 8.452858e-87 1.964488e-88 4.374334e-90 9.327138e-92 1.903326e-93 3.714992e-95 6.931557e-97 1.235600e-98 2.103013e-100 3.415569e-102 5.290273e-104 7.809466e-106 1.098055e-107 1.469651e-109 1.871187e-111 2.264935e-113 2.604646e-115 2.843889e-117 2.946189e-119 2.894031e-121 2.693687e-123 2.374088e-125 1.979945e-127 1.561399e-129 1.163520e-131 8.186993e-134 5.435683e-136 3.402891e-138 2.007188e-140 1.114687e-142 5.823960e-145 2.860594e-147 1.319883e-149 5.716386e-152 2.322078e-154 8.840161e-157 3.151571e-159 1.051307e-161 3.278814e-164 9.552862e-167 2.597897e-169 6.589011e-172 1.557269e-174 3.426756e-177 7.014671e-180 1.334628e-182 2.358103e-185 3.865738e-188 5.874664e-191 8.268461e-194 1.076872e-196 1.296595e-199 1.441932e-202 1.479727e-205 1.399930e-208 1.219855e-211 9.780739e-215 7.209054e-218 4.879839e-221 3.030591e-224 1.725099e-227 8.991503e-231 4.286915e-234 1.867717e-237 7.428250e-241 2.694157e-244 8.901611e-248 2.676505e-251 7.315805e-255 1.815883e-258 4.088641e-262 8.341902e-266 1.540538e-269 
1.626211e-54 3.182974e-53 6.028617e-52 1.105370e-50 1.962789e-49 3.376614e-48 5.629773e-47 9.100299e-46 1.426669e-44 2.169876e-43 3.202762e-42 4.589015e-41 6.384680e-40 8.627712e-39 1.132642e-37 1.444861e-36 1.791357e-35 2.158929e-34 2.529661e-33 2.882120e-32 3.193263e-31 3.440853e-30 3.606046e-29 3.675720e-28 3.644178e-27 3.513901e-26 3.295222e-25 3.004991e-24 2.664452e-23 2.296706e-22 1.924177e-21 1.566459e-20 1.238796e-19 9.513515e-19 7.092098e-18 5.129928e-17 3.598635e-16 2.446906e-15 1.611710e-14 1.027678e-13 6.338835e-13 3.779174e-12 2.175909e-11 1.208733e-10 6.471749e-10 3.336072e-09 1.653702e-08 7.872915e-08 3.594861e-07 1.572065e-06 6.574114e-06 2.624708e-05 9.987683e-05 3.615900e-04 1.243173e-03 4.051138e-03 1.248802e-02 3.634152e-02 9.963635e-02 2.568379e-01 6.213038e-01 1.408324e+00 2.989920e+00 5.956789e+00 1.120760e+01 2.015573e+01 3.514812e+01 5.980898e+01 9.889733e+01 1.608285e+02 2.568901e+02 3.471557e+02 3.318604e+02 2.305732e+02 1.418804e+02 8.655462e+01 5.166571e+01 2.999460e+01 1.699007e+01 9.305425e+00 4.856850e+00 2.389730e+00 1.102748e+00 4.766538e-01 1.931381e-01 7.348219e-02 2.630227e-02 8.875455e-03 2.829224e-03 8.536972e-04 2.443205e-04 6.644610e-05 1.720427e-05 4.248452e-06 1.002280e-06 2.262614e-07 4.895050e-08 1.016374e-08 2.028090e-09 3.894106e-10 7.203258e-11 1.285077e-11 2.213363e-12 3.683918e-13 5.930348e-14 9.240853e-15 1.394841e-15 2.040845e-16 2.896230e-17 3.988720e-18 5.333687e-19 6.928009e-20 8.744760e-21 1.072994e-21 1.280231e-22 1.485713e-23 1.677385e-24 1.842729e-25 1.970084e-26 2.049988e-27 2.076327e-28 2.047099e-29 1.964667e-30 1.835446e-31 1.669095e-32 1.477339e-33 1.272627e-34 1.066832e-35 8.701772e-37 6.905082e-38 5.329714e-39 4.000636e-40 2.919792e-41 2.071442e-42 1.428185e-43 9.566942e-45 6.224690e-46 3.932704e-47 2.411905e-48 1.435442e-49 8.287492e-51 4.640047e-52 2.518421e-53 1.324590e-54 6.748644e-56 3.329391e-57 1.589838e-58 7.345189e-60 3.281962e-61 1.417618e-62 5.916849e-64 2.385255e-65 9.283150e-67 3.486363e-68 1.262883e-69 4.410221e-71 1.484071e-72 4.809867e-74 1.500650e-75 4.504793e-77 1.300460e-78 3.608448e-80 9.618721e-82 2.461821e-83 6.046497e-85 1.424368e-86 3.216414e-88 6.958409e-90 1.441420e-91 2.857360e-93 5.417283e-95 9.817161e-97 1.699497e-98 2.808826e-100 4.429305e-102 6.660187e-104 9.543507e-106 1.302351e-107 1.691497e-109 2.089580e-111 2.453637e-113 2.736784e-115 2.897758e-117 2.910613e-119 2.771494e-121 2.500078e-123 2.135027e-125 1.724884e-127 1.317399e-129 9.505294e-132 6.474286e-134 4.159874e-136 2.519481e-138 1.437348e-140 7.718037e-143 3.897770e-145 1.849939e-147 8.245071e-150 3.448162e-152 1.352054e-154 4.966697e-157 1.707884e-159 5.493039e-162 1.651102e-164 4.634276e-167 1.213591e-169 2.962635e-172 6.736403e-175 1.425435e-177 2.804515e-180 5.125986e-183 8.696023e-186 1.368038e-188 1.993964e-191 2.690178e-194 3.356519e-197 3.869344e-200 4.117352e-203 4.040352e-206 3.652798e-209 3.039612e-212 2.325806e-215 1.634801e-218 1.054537e-221 6.236337e-225 3.377768e-228 1.673865e-231 7.581498e-235 3.135334e-238 1.182641e-241 4.064479e-245 1.271387e-248 3.615813e-252 9.339430e-256 2.188505e-259 4.647403e-263 8.933625e-267 1.552797e-270 2.437712e-274 3.452535e-278 
9.439331e-57 2.043027e-55 4.275474e-54 8.654779e-53 1.695384e-51 3.215093e-50 5.904728e-49 1.050626e-47 1.811729e-46 3.028888e-45 4.910881e-44 7.724243e-43 1.178960e-41 1.746658e-40 2.512422e-39 3.509578e-38 4.761982e-37 6.277326e-36 8.040616e-35 1.000910e-33 1.211001e-32 1.424227e-31 1.628279e-30 1.809716e-29 1.955367e-28 2.053871e-27 2.097111e-26 2.081299e-25 2.007509e-24 1.881567e-23 1.713295e-22 1.515262e-21 1.301245e-20 1.084674e-19 8.772812e-19 6.881532e-18 5.232648e-17 3.854832e-16 2.749586e-15 1.897618e-14 1.266197e-13 8.161768e-13 5.077668e-12 3.045880e-11 1.759805e-10 9.781752e-10 5.224280e-09 2.677386e-08 1.314758e-07 6.176810e-07 2.771768e-06 1.185965e-05 4.829649e-05 1.868333e-04 6.851970e-04 2.377342e-03 7.786538e-03 2.402200e-02 6.964723e-02 1.893400e-01 4.815764e-01 1.143723e+00 2.533278e+00 5.236734e+00 1.015240e+01 1.867338e+01 3.314225e+01 5.740391e+01 9.643631e+01 1.579166e+02 2.601980e+02 3.704906e+02 3.511011e+02 2.309734e+02 1.390832e+02 8.416943e+01 4.938729e+01 2.817695e+01 1.567135e+01 8.379117e+00 4.237342e+00 2.006691e+00 8.866557e-01 3.654812e-01 1.407492e-01 5.074473e-02 1.716626e-02 5.461268e-03 1.637680e-03 4.639253e-04 1.244195e-04 3.165608e-05 7.656388e-06 1.763683e-06 3.876483e-07 8.143761e-08 1.637904e-08 3.158583e-09 5.848689e-10 1.041282e-10 1.784686e-11 2.948095e-12 4.698626e-13 7.232333e-14 1.076113e-14 1.549066e-15 2.158957e-16 2.915281e-17 3.816368e-18 4.846173e-19 5.972357e-20 7.146391e-21 8.306061e-22 9.380424e-23 1.029676e-23 1.098858e-24 1.140354e-25 1.150993e-26 1.130058e-27 1.079367e-28 1.003020e-29 9.068550e-31 7.977341e-32 6.827494e-33 5.684947e-34 4.604909e-35 3.628289e-36 2.780453e-37 2.072041e-38 1.501334e-39 1.057476e-40 7.239153e-42 4.815374e-43 3.111652e-44 1.952795e-45 1.189887e-46 7.037374e-48 4.038655e-49 2.248245e-50 1.213626e-51 6.350502e-53 3.219999e-54 1.581486e-55 7.520881e-57 3.461735e-58 1.541570e-59 6.638894e-61 2.763793e-62 1.111739e-63 4.319106e-65 1.619874e-66 5.862238e-68 2.046142e-69 6.884775e-71 2.232100e-72 6.969348e-74 2.094628e-75 6.056701e-77 1.684050e-78 4.500236e-80 1.155170e-81 2.846773e-83 6.731605e-85 1.526521e-86 3.317892e-88 6.907971e-90 1.376950e-91 2.626110e-93 4.789383e-95 8.347559e-97 1.389605e-98 2.208061e-100 3.346964e-102 4.836607e-104 6.658967e-106 8.729167e-108 1.088827e-109 1.291465e-111 1.455654e-113 1.558104e-115 1.582724e-117 1.524719e-119 1.392038e-121 1.203616e-123 9.849079e-126 7.621940e-128 5.574252e-130 3.849852e-132 2.509111e-134 1.542030e-136 8.929723e-139 4.868863e-141 2.497640e-143 1.204509e-145 5.456698e-148 2.320317e-150 9.253734e-153 3.458518e-155 1.210359e-157 3.963081e-160 1.213074e-162 3.468276e-165 9.254336e-168 2.302564e-170 5.337507e-173 1.151723e-175 2.311310e-178 4.310069e-181 7.461677e-184 1.198180e-186 1.782972e-189 2.456421e-192 3.130348e-195 3.686428e-198 4.008020e-201 4.019285e-204 3.714006e-207 3.159273e-210 2.471466e-213 1.776286e-216 1.171726e-219 7.086872e-223 3.926033e-226 1.990107e-229 9.220830e-233 3.901023e-236 1.505365e-239 5.292922e-243 1.693836e-246 4.928299e-250 1.302254e-253 3.121671e-257 6.780883e-261 1.333227e-264 2.369997e-268 3.804697e-272 5.509596e-276 7.188550e-280 8.440636e-284 8.908564e-288 
2.929747e-59 7.094146e-58 1.659408e-56 3.751304e-55 8.199261e-54 1.733454e-52 3.546263e-51 7.022954e-50 1.346859e-48 2.502271e-47 4.505111e-46 7.862806e-45 1.330715e-43 2.184509e-42 3.479382e-41 5.378226e-40 8.069835e-39 1.175627e-37 1.663160e-36 2.285221e-35 3.050080e-34 3.954855e-33 4.982210e-32 6.098295e-31 7.252694e-30 8.380898e-29 9.409423e-28 1.026319e-26 1.087421e-25 1.119028e-24 1.118217e-23 1.084795e-22 1.021362e-21 9.329860e-21 8.265393e-20 7.098238e-19 5.906308e-18 4.758968e-17 3.710775e-16 2.798110e-15 2.038798e-14 1.434233e-13 9.731778e-13 6.362744e-12 4.003958e-11 2.422138e-10 1.406696e-09 7.832069e-09 4.174114e-08 2.125946e-07 1.032954e-06 4.779057e-06 2.101258e-05 8.761709e-05 3.457173e-04 1.287907e-03 4.519068e-03 1.489878e-02 4.603639e-02 1.329831e-01 3.582108e-01 8.976120e-01 2.088416e+00 4.509371e+00 9.064361e+00 1.713483e+01 3.103051e+01 5.478529e+01 9.394369e+01 1.548814e+02 2.608970e+02 3.978412e+02 3.723020e+02 2.290613e+02 1.364179e+02 8.165915e+01 4.692260e+01 2.627346e+01 1.430404e+01 7.426857e+00 3.615811e+00 1.637085e+00 6.878868e-01 2.685051e-01 9.756237e-02 3.308052e-02 1.049374e-02 3.122228e-03 8.735038e-04 2.303529e-04 5.739576e-05 1.354290e-05 3.032742e-06 6.458785e-07 1.310721e-07 2.539319e-08 4.704656e-09 8.349283e-10 1.421481e-10 2.324973e-11 3.658041e-12 5.543190e-13 8.099100e-14 1.142156e-14 1.556090e-15 2.049922e-16 2.613203e-17 3.225891e-18 3.858735e-19 4.475155e-20 5.034564e-21 5.496725e-22 5.826505e-23 5.998265e-24 5.999113e-25 5.830456e-26 5.507618e-27 5.057601e-28 4.515460e-29 3.919919e-30 3.308993e-31 2.716253e-32 2.168194e-33 1.682925e-34 1.270117e-35 9.319564e-37 6.647697e-38 4.609036e-39 3.105574e-40 2.033230e-41 1.293168e-42 7.988211e-44 4.791414e-45 2.789866e-46 1.576474e-47 8.642615e-49 4.595389e-50 2.369059e-51 1.183742e-52 5.730741e-54 2.687056e-55 1.219800e-56 5.358890e-58 2.277505e-59 9.359673e-61 3.717858e-62 1.426807e-63 5.287901e-65 1.891682e-66 6.529150e-68 2.173212e-69 6.972263e-71 2.155050e-72 6.414089e-74 1.837322e-75 5.062712e-77 1.341223e-78 3.414338e-80 8.347675e-82 1.959024e-83 4.410503e-85 9.520641e-87 1.969367e-88 3.901384e-90 7.397564e-92 1.341776e-93 2.326659e-95 3.854639e-97 6.097715e-99 9.204786e-101 1.325108e-102 1.818044e-104 2.375717e-106 2.954885e-108 3.495886e-110 3.931486e-112 4.199989e-114 4.259288e-116 4.097566e-118 3.736923e-120 3.228476e-122 2.640395e-124 2.042761e-126 1.493928e-128 1.032019e-130 6.729325e-133 4.138629e-135 2.398918e-137 1.309536e-139 6.727096e-142 3.249440e-144 1.474750e-146 6.283657e-149 2.511551e-151 9.409244e-154 3.301375e-156 1.083934e-158 3.327482e-161 9.542590e-164 2.554371e-166 6.376680e-169 1.483269e-171 3.212015e-174 6.469670e-177 1.210999e-179 2.104597e-182 3.392814e-185 5.068924e-188 7.011820e-191 8.972129e-194 1.060954e-196 1.158289e-199 1.166366e-202 1.082243e-205 9.243942e-209 7.261032e-212 5.239747e-215 3.470173e-218 2.107048e-221 1.171737e-224 5.961607e-228 2.772141e-231 1.176855e-234 4.556370e-238 1.607058e-241 5.158044e-245 1.504870e-248 3.986473e-252 9.577799e-256 2.084666e-259 4.105852e-263 7.309108e-267 1.174663e-270 1.702313e-274 2.221915e-278 2.608903e-282 2.752371e-286 2.605831e-290 2.211276e-294 1.679809e-298 
4.198982e-62 1.153930e-60 3.060205e-59 7.835383e-58 1.937786e-56 4.631040e-55 1.069951e-53 2.390785e-52 5.168699e-51 1.081562e-49 2.191340e-48 4.300380e-47 8.176851e-46 1.506893e-44 2.692296e-43 4.664707e-42 7.839634e-41 1.278309e-39 2.022706e-38 3.106451e-37 4.631247e-36 6.703288e-35 9.420570e-34 1.285569e-32 1.703567e-31 2.192149e-30 2.739144e-29 3.323264e-28 3.914479e-27 4.475881e-26 4.967023e-25 5.348407e-24 5.586499e-23 5.658430e-22 5.555499e-21 5.284765e-20 4.868343e-19 4.340485e-18 3.742959e-17 3.119587e-16 2.510932e-15 1.950037e-14 1.459809e-13 1.052272e-12 7.295063e-12 4.857846e-11 3.102905e-10 1.898232e-09 1.110402e-08 6.200134e-08 3.298354e-07 1.668389e-06 8.007082e-06 3.637852e-05 1.560890e-04 6.309100e-04 2.396040e-03 8.526558e-03 2.835261e-02 8.784431e-02 2.528643e-01 6.743590e-01 1.661962e+00 3.779129e+00 7.938539e+00 1.552722e+01 2.880809e+01 5.191724e+01 9.124333e+01 1.524054e+02 2.579547e+02 4.302263e+02 3.949207e+02 2.247314e+02 1.342599e+02 7.886353e+01 4.425526e+01 2.427700e+01 1.287645e+01 6.446335e+00 2.997490e+00 1.286868e+00 5.099085e-01 1.868364e-01 6.347353e-02 2.005052e-02 5.906284e-03 1.627041e-03 4.203299e-04 1.021095e-04 2.338610e-05 5.062319e-06 1.038181e-06 2.021646e-07 3.745997e-08 6.617973e-09 1.116831e-09 1.803470e-10 2.791200e-11 4.146514e-12 5.920864e-13 8.136721e-14 1.077415e-14 1.376102e-15 1.696976e-16 2.022290e-17 2.330789e-18 2.599976e-19 2.808834e-20 2.940531e-21 2.984651e-22 2.938512e-23 2.807379e-24 2.603539e-25 2.344470e-26 2.050454e-27 1.742078e-28 1.438027e-29 1.153454e-30 8.990893e-32 6.810747e-33 5.013968e-34 3.587193e-35 2.493979e-36 1.684850e-37 1.105896e-38 7.051714e-40 4.367511e-41 2.626962e-42 1.534144e-43 8.697074e-45 4.784855e-46 2.554101e-47 1.322385e-48 6.638924e-50 3.230870e-51 1.523625e-52 6.960200e-54 3.078876e-55 1.318333e-56 5.461981e-58 2.188728e-59 8.479467e-61 3.174638e-62 1.148094e-63 4.008871e-65 1.350914e-66 4.391262e-68 1.376251e-69 4.156608e-71 1.209196e-72 3.386482e-74 9.125797e-76 2.365016e-77 5.891231e-79 1.409780e-80 3.239147e-82 7.141697e-84 1.510141e-85 3.060766e-87 5.942737e-89 1.104666e-90 1.964737e-92 3.341526e-94 5.431088e-96 8.430666e-98 1.249103e-99 1.765310e-101 2.378219e-103 3.052177e-105 3.729152e-107 4.334761e-109 4.790535e-111 5.030051e-113 5.014560e-115 4.743126e-117 4.253670e-119 3.614288e-121 2.907575e-123 2.212963e-125 1.592337e-127 1.082412e-129 6.945802e-132 4.204329e-134 2.398746e-136 1.288991e-138 6.518622e-141 3.099984e-143 1.385209e-145 5.811316e-148 2.287093e-150 8.436975e-153 2.914896e-155 9.423854e-158 2.848627e-160 8.044004e-163 2.120134e-165 5.211100e-168 1.193403e-170 2.544190e-173 5.044583e-176 9.294359e-179 1.589765e-181 2.522101e-184 3.707670e-187 5.045884e-190 6.351200e-193 7.386472e-196 7.929711e-199 7.850345e-202 7.159771e-205 6.009690e-208 4.637746e-211 3.287145e-214 2.137659e-217 1.274125e-220 6.953150e-224 3.470442e-227 1.582541e-230 6.585980e-234 2.498652e-237 8.632383e-241 2.712754e-244 7.745614e-248 2.007119e-251 4.714804e-255 1.002824e-258 1.929074e-262 3.352153e-266 5.255728e-270 7.425991e-274 9.444143e-278 1.079758e-281 1.108436e-285 1.020411e-289 8.413467e-294 6.205271e-298 4.088632e-302 2.403632e-306 1.259119e-310 
2.268939e-65 7.205497e-64 2.205598e-62 6.510645e-61 1.854239e-59 5.097457e-58 1.353269e-56 3.470944e-55 8.604523e-54 2.062520e-52 4.782234e-51 1.072966e-49 2.330331e-48 4.900840e-47 9.983472e-46 1.970509e-44 3.769460e-43 6.990241e-42 1.256942e-40 2.191977e-39 3.707915e-38 6.085001e-37 9.689023e-36 1.497014e-34 2.244516e-33 3.265728e-32 4.610969e-31 6.317381e-30 8.397988e-29 1.083051e-27 1.354818e-26 1.643514e-25 1.932887e-24 2.203112e-23 2.432739e-22 2.601285e-21 2.692094e-20 2.694936e-19 2.607809e-18 2.437533e-17 2.198945e-16 1.912796e-15 1.602777e-14 1.292237e-13 1.001250e-12 7.445443e-12 5.305773e-11 3.617626e-10 2.355935e-09 1.462697e-08 8.640120e-08 4.845274e-07 2.573609e-06 1.291574e-05 6.108156e-05 2.714649e-04 1.130497e-03 4.398074e-03 1.593428e-02 5.358967e-02 1.667586e-01 4.785564e-01 1.262566e+00 3.054492e+00 6.772314e+00 1.383100e+01 2.645955e+01 4.879057e+01 8.809259e+01 1.509348e+02 2.512844e+02 4.684962e+02 4.167499e+02 2.193256e+02 1.325679e+02 7.562866e+01 4.138234e+01 2.216897e+01 1.137280e+01 5.438398e+00 2.391144e+00 9.634366e-01 3.561750e-01 1.211522e-01 3.803786e-02 1.105981e-02 2.987781e-03 7.523434e-04 1.771361e-04 3.911389e-05 8.123475e-06 1.591232e-06 2.947383e-07 5.175068e-08 8.633186e-09 1.371309e-09 2.078155e-10 3.010270e-11 4.175068e-12 5.553156e-13 7.093601e-14 8.714124e-15 1.030720e-15 1.175168e-16 1.292827e-17 1.373596e-18 1.410632e-19 1.401283e-20 1.347359e-21 1.254705e-22 1.132207e-23 9.904533e-25 8.403063e-26 6.916455e-27 5.524539e-28 4.283290e-29 3.224113e-30 2.356446e-31 1.672495e-32 1.152818e-33 7.717167e-35 5.017113e-36 3.167612e-37 1.942059e-38 1.156117e-39 6.681836e-41 3.748672e-42 2.041124e-43 1.078410e-44 5.527422e-46 2.747759e-47 1.324450e-48 6.188255e-50 2.801841e-51 1.228911e-52 5.219759e-54 2.146237e-55 8.539646e-57 3.286759e-58 1.223168e-59 4.399606e-61 1.528846e-62 5.130307e-64 1.661709e-65 5.192735e-67 1.564801e-68 4.544975e-70 1.271735e-71 3.426365e-73 8.884174e-75 2.215734e-76 5.312538e-78 1.223864e-79 2.707510e-81 5.748680e-83 1.170791e-84 2.285871e-86 4.275927e-88 7.658721e-90 1.312707e-91 2.151786e-93 3.371179e-95 5.044796e-97 7.206248e-99 9.819736e-101 1.275656e-102 1.578793e-104 1.860312e-106 2.085565e-108 2.223023e-110 2.251373e-112 2.164875e-114 1.975125e-116 1.708536e-118 1.400263e-120 1.086514e-122 7.975953e-125 5.535145e-127 3.628680e-129 2.245496e-131 1.310650e-133 7.210013e-136 3.735250e-138 1.820933e-140 8.346640e-143 3.594361e-145 1.453012e-147 5.509287e-150 1.957665e-152 6.513758e-155 2.027707e-157 5.900454e-160 1.603594e-162 4.066775e-165 9.615398e-168 2.117658e-170 4.340324e-173 8.271197e-176 1.464174e-178 2.405407e-181 3.663923e-184 5.169531e-187 6.749701e-190 8.147484e-193 9.083241e-196 9.343400e-199 8.858903e-202 7.734381e-205 6.211509e-208 4.584008e-211 3.105394e-214 1.929093e-217 1.097721e-220 5.715651e-224 2.720212e-227 1.182025e-230 4.684427e-234 1.691244e-237 5.556297e-241 1.659202e-244 4.498288e-248 1.105924e-251 2.462766e-255 4.961661e-259 9.032703e-263 1.484127e-266 2.198153e-270 2.931195e-274 3.514735e-278 3.784928e-282 3.655874e-286 3.163295e-290 2.448749e-294 1.693719e-298 1.045350e-302 5.749528e-307 2.814319e-311 1.224338e-315 4.731173e-320 0.000000e+00 
3.454144e-69 1.297597e-67 4.692005e-66 1.633892e-64 5.482221e-63 1.773263e-61 5.532004e-60 1.665280e-58 4.839313e-57 1.358189e-55 3.682973e-54 9.653223e-53 2.446512e-51 5.997647e-50 1.422727e-48 3.266697e-47 7.262274e-46 1.563625e-44 3.261358e-43 6.591255e-42 1.291007e-40 2.451064e-39 4.511367e-38 8.050772e-37 1.393084e-35 2.337473e-34 3.803201e-33 6.000288e-32 9.178763e-31 1.361243e-29 1.956846e-28 2.726187e-27 3.679753e-26 4.810684e-25 6.089131e-24 7.458839e-23 8.837543e-22 1.012234e-20 1.120030e-19 1.196329e-18 1.232470e-17 1.223483e-16 1.169120e-15 1.074126e-14 9.476093e-14 8.016189e-13 6.492298e-12 5.025567e-11 3.711295e-10 2.609439e-09 1.743031e-08 1.103515e-07 6.604929e-07 3.727329e-06 1.977474e-05 9.832728e-05 4.567508e-04 1.975374e-03 7.925828e-03 2.939505e-02 1.003942e-01 3.145572e-01 9.007779e-01 2.349436e+00 5.568988e+00 1.202129e+01 2.394807e+01 4.540105e+01 8.433994e+01 1.499561e+02 2.442972e+02 5.115575e+02 4.311546e+02 2.165670e+02 1.306829e+02 7.188782e+01 3.829271e+01 1.991231e+01 9.775717e+00 4.410131e+00 1.809984e+00 6.753600e-01 2.297137e-01 7.147964e-02 2.042521e-02 5.380116e-03 1.311251e-03 2.967807e-04 6.259993e-05 1.234721e-05 2.284646e-06 3.977836e-07 6.535779e-08 1.016101e-08 1.498485e-09 2.101140e-10 2.807244e-11 3.580890e-12 4.368998e-13 5.107179e-14 5.728685e-15 6.174635e-16 6.403281e-17 6.396316e-18 6.160926e-19 5.727414e-20 5.143200e-21 4.464749e-22 3.749208e-23 3.047314e-24 2.398583e-25 1.829141e-26 1.351954e-27 9.688169e-29 6.732932e-30 4.538846e-31 2.968522e-32 1.883839e-33 1.160094e-34 6.932779e-36 4.020593e-37 2.262710e-38 1.235655e-39 6.547183e-41 3.365482e-42 1.678068e-43 8.114543e-45 3.804713e-46 1.729353e-47 7.617987e-49 3.251415e-50 1.344163e-51 5.380740e-53 2.084958e-54 7.817437e-56 2.835193e-57 9.942226e-59 3.369710e-60 1.103386e-61 3.488995e-63 1.064920e-64 3.136011e-66 8.905869e-68 2.437824e-69 6.428946e-71 1.632554e-72 3.989878e-74 9.379633e-76 2.119881e-77 4.603596e-79 9.600636e-81 1.921642e-82 3.689462e-84 6.790738e-86 1.197499e-87 2.021971e-89 3.267007e-91 5.048132e-93 7.454927e-95 1.051505e-96 1.415643e-98 1.817971e-100 2.225481e-102 2.595216e-104 2.880989e-106 3.042502e-108 3.054498e-110 2.913160e-112 2.637524e-114 2.265295e-116 1.844312e-118 1.422352e-120 1.038295e-122 7.168867e-125 4.678074e-127 2.882956e-129 1.676591e-131 9.193798e-134 4.750046e-136 2.310408e-138 1.057101e-140 4.545976e-143 1.835955e-145 6.957587e-148 2.472016e-150 8.227536e-153 2.562952e-155 7.465953e-158 2.031994e-160 5.162574e-163 1.223282e-165 2.700907e-168 5.551585e-171 1.061320e-173 1.885348e-176 3.109147e-179 4.755332e-182 6.738925e-185 8.839895e-188 1.072314e-190 1.201664e-193 1.242777e-196 1.184979e-199 1.040615e-202 8.407756e-206 6.243471e-209 4.256652e-212 2.661594e-215 1.524678e-218 7.992871e-222 3.830341e-225 1.676095e-228 6.689567e-232 2.432441e-235 8.048849e-239 2.420857e-242 6.610594e-246 1.636948e-249 3.671423e-253 7.449310e-257 1.365688e-260 2.259476e-264 3.369351e-268 4.522967e-272 5.458717e-276 5.915531e-280 5.748751e-284 5.003403e-288 3.894930e-292 2.708327e-296 1.679922e-300 9.282772e-305 4.563265e-309 1.992903e-313 7.721604e-318 2.569141e-322 0.000000e+00 0.000000e+00 0.000000e+00 0.000000e+00 
9.541554e-74 4.375376e-72 1.928014e-70 8.168579e-69 3.329367e-67 1.306131e-65 4.934532e-64 1.796212e-62 6.302789e-61 2.132923e-59 6.964359e-58 2.195024e-56 6.680826e-55 1.964380e-53 5.581978e-52 1.533459e-50 4.074003e-49 1.047056e-47 2.603997e-46 6.268240e-45 1.460783e-43 3.296465e-42 7.204592e-41 1.525210e-39 3.127927e-38 6.214725e-37 1.196303e-35 2.231068e-34 4.031042e-33 7.055300e-32 1.196045e-30 1.963500e-29 3.120762e-28 4.800703e-27 7.145049e-26 1.028427e-24 1.430838e-23 1.923098e-22 2.495263e-21 3.123233e-20 3.767840e-19 4.376842e-18 4.890353e-17 5.249369e-16 5.406057e-15 5.333563e-14 5.032779e-13 4.533889e-12 3.891792e-11 3.176194e-10 2.458789e-09 1.800866e-08 1.244471e-07 8.089711e-07 4.930969e-06 2.808611e-05 1.489449e-04 7.325856e-04 3.328364e-03 1.390948e-02 5.323633e-02 1.857771e-01 5.884680e-01 1.684671e+00 4.342910e+00 1.007325e+01 2.120533e+01 4.171351e+01 7.995279e+01 1.483774e+02 2.444191e+02 5.497600e+02 4.239958e+02 2.194002e+02 1.279549e+02 6.763426e+01 3.493786e+01 1.744658e+01 8.072309e+00 3.378868e+00 1.272267e+00 4.317232e-01 1.325424e-01 3.697776e-02 9.416937e-03 2.198829e-03 4.727931e-04 9.400945e-05 1.735562e-05 2.986341e-06 4.806626e-07 7.261369e-08 1.032888e-08 1.387483e-09 1.764941e-10 2.131369e-11 2.449188e-12 2.683776e-13 2.809816e-14 2.815713e-15 2.705077e-16 2.495099e-17 2.212526e-18 1.888424e-19 1.553055e-20 1.231877e-21 9.432179e-23 6.976709e-24 4.988539e-25 3.450124e-26 2.309168e-27 1.496325e-28 9.390894e-30 5.709958e-31 3.364446e-32 1.921476e-33 1.063805e-34 5.710042e-36 2.971611e-37 1.499436e-38 7.335648e-40 3.479354e-41 1.599812e-42 7.130111e-44 3.079737e-45 1.288967e-46 5.226242e-48 2.052365e-49 7.804112e-51 2.872585e-52 1.023222e-53 3.525911e-55 1.174969e-56 3.785078e-58 1.178281e-59 3.543014e-61 1.028641e-62 2.882247e-64 7.790738e-66 2.030497e-67 5.100271e-69 1.234058e-70 2.874802e-72 6.444422e-74 1.389414e-75 2.879482e-77 5.733104e-79 1.096003e-80 2.010614e-82 3.537412e-84 5.965165e-86 9.635522e-88 1.489965e-89 2.204208e-91 3.117662e-93 4.213333e-95 5.436997e-97 6.694865e-99 7.861093e-101 8.796055e-103 9.372567e-105 9.503706e-107 9.164017e-109 8.397079e-111 7.306467e-113 6.032640e-115 4.722897e-117 3.503380e-119 2.460463e-121 1.634808e-123 1.026840e-125 6.092382e-128 3.411757e-130 1.801899e-132 8.967997e-135 4.202619e-137 1.852881e-139 7.679234e-142 2.989280e-144 1.092007e-146 3.740436e-149 1.200276e-151 3.605135e-154 1.012651e-156 2.657707e-159 6.511358e-162 1.487840e-164 3.167822e-167 6.278846e-170 1.157455e-172 1.982532e-175 3.152173e-178 4.647842e-181 6.349172e-184 8.027424e-187 9.384102e-190 1.013273e-192 1.009560e-195 9.271719e-199 7.840732e-202 6.099050e-205 4.359264e-208 2.859834e-211 1.720172e-214 9.476065e-218 4.775578e-221 2.199265e-224 9.244628e-228 3.542938e-231 1.236507e-234 3.925363e-238 1.132140e-241 2.963045e-245 7.028627e-249 1.509272e-252 2.930181e-256 5.137026e-260 8.122203e-264 1.156725e-267 1.481918e-271 1.705667e-275 1.761463e-279 1.630005e-283 1.349778e-287 9.988708e-292 6.596911e-296 3.882940e-300 2.034083e-304 9.470161e-309 3.913042e-313 1.432918e-317 4.347778e-322 0.000000e+00 0.000000e+00 0.000000e+00 0.000000e+00 0.000000e+00 0.000000e+00 0.000000e+00 0.000000e+00 
2.350094e-79 1.375105e-77 7.716076e-76 4.154597e-74 2.147779e-72 1.066666e-70 5.092007e-69 2.337803e-67 1.032796e-65 4.392703e-64 1.799592e-62 7.104737e-61 2.704284e-59 9.928345e-58 3.517245e-56 1.202821e-54 3.972223e-53 1.267220e-51 3.906581e-50 1.164119e-48 3.354064e-47 9.345952e-46 2.519103e-44 6.569266e-43 1.657675e-41 4.048013e-40 9.566994e-39 2.188338e-37 4.844555e-36 1.037933e-34 2.151865e-33 4.316403e-32 8.375235e-31 1.571521e-29 2.850645e-28 4.996742e-27 8.459383e-26 1.382452e-24 2.179379e-23 3.311746e-22 4.846701e-21 6.824549e-20 9.235478e-19 1.199673e-17 1.493758e-16 1.780079e-15 2.026711e-14 2.200439e-13 2.273404e-12 2.229899e-11 2.071226e-10 1.816730e-09 1.500204e-08 1.162432e-07 8.421368e-07 5.682177e-06 3.555990e-05 2.054931e-04 1.091411e-03 5.301433e-03 2.343057e-02 9.372594e-02 3.375097e-01 1.088257e+00 3.126140e+00 7.973752e+00 1.812532e+01 3.761244e+01 7.492451e+01 1.457300e+02 2.520476e+02 5.607919e+02 3.962211e+02 2.247236e+02 1.242038e+02 6.284386e+01 3.119279e+01 1.468889e+01 6.265139e+00 2.376959e+00 8.011615e-01 2.408548e-01 6.491963e-02 1.577346e-02 3.473325e-03 6.968225e-04 1.280189e-04 2.164339e-05 3.382942e-06 4.910031e-07 6.644724e-08 8.416527e-09 1.001362e-09 1.122719e-10 1.189812e-11 1.195112e-12 1.140653e-13 1.036830e-14 8.994410e-16 7.460468e-17 5.926872e-18 4.516639e-19 3.306222e-20 2.327603e-21 1.577693e-22 1.030611e-23 6.493820e-25 3.949726e-26 2.320502e-27 1.317632e-28 7.234633e-30 3.842644e-31 1.975084e-32 9.826653e-34 4.733551e-35 2.208019e-36 9.974784e-38 4.364343e-39 1.849521e-40 7.591315e-42 3.017638e-43 1.161633e-44 4.329783e-46 1.562388e-47 5.456996e-49 1.844438e-50 6.031313e-52 1.907556e-53 5.833504e-55 1.724359e-56 4.925167e-58 1.358779e-59 3.619447e-61 9.305144e-63 2.307839e-64 5.519443e-66 1.272305e-67 2.825430e-69 6.041711e-71 1.243355e-72 2.461285e-74 4.684094e-76 8.565368e-78 1.504102e-79 2.534943e-81 4.097908e-83 6.350352e-85 9.427766e-87 1.340060e-88 1.822503e-90 2.370070e-92 2.945225e-94 3.495037e-96 3.957934e-98 4.274368e-100 4.399073e-102 4.311534e-104 4.021382e-106 3.566806e-108 3.006270e-110 2.406029e-112 1.827152e-114 1.315593e-116 8.974510e-119 5.795714e-121 3.540556e-123 2.044381e-125 1.114889e-127 5.737605e-130 2.784230e-132 1.272908e-134 5.478287e-137 2.217597e-139 8.436089e-142 3.013330e-144 1.009768e-146 3.171643e-149 9.329301e-152 2.567593e-154 6.605742e-157 1.587220e-159 3.558526e-162 7.437279e-165 1.447631e-167 2.621718e-170 4.413453e-173 6.899399e-176 1.000588e-178 1.344861e-181 1.673553e-184 1.926189e-187 2.048370e-190 2.010556e-193 1.819554e-196 1.516678e-199 1.163149e-202 8.198203e-206 5.304782e-209 3.147752e-212 1.710926e-215 8.508792e-219 3.867357e-222 1.604605e-225 6.070479e-229 2.091539e-232 6.555104e-236 1.866555e-239 4.823045e-243 1.129502e-246 2.394412e-250 4.588930e-254 7.940987e-258 1.239173e-261 1.741492e-265 2.201283e-269 2.499319e-273 2.545540e-277 2.322551e-281 1.895775e-285 1.382445e-289 8.993845e-294 5.212796e-298 2.687873e-302 1.231228e-306 5.003024e-311 1.800768e-315 5.735114e-320 0.000000e+00 0.000000e+00 0.000000e+00 0.000000e+00 0.000000e+00 0.000000e+00 0.000000e+00 0.000000e+00 0.000000e+00 0.000000e+00 0.000000e+00 0.000000e+00 0.000000e+00 
1.459696e-86 1.165724e-84 8.904156e-83 6.509389e-81 4.557417e-79 3.057754e-77 1.967248e-75 1.214364e-73 7.196571e-72 4.096709e-70 2.241381e-68 1.179228e-66 5.969015e-65 2.908331e-63 1.364663e-61 6.169379e-60 2.688295e-58 1.129551e-56 4.578166e-55 1.790549e-53 6.759732e-52 2.464048e-50 8.674795e-49 2.950258e-47 9.694754e-46 3.078643e-44 9.448887e-43 2.803083e-41 8.037881e-40 2.227887e-38 5.968498e-37 1.545281e-35 3.865858e-34 9.342818e-33 2.180578e-31 4.913183e-30 1.068200e-28 2.239771e-27 4.526234e-26 8.809039e-25 1.649698e-23 2.969865e-22 5.133792e-21 8.510537e-20 1.351045e-18 2.050581e-17 2.970249e-16 4.097708e-15 5.372096e-14 6.675985e-13 7.842459e-12 8.682100e-11 9.027509e-10 8.783613e-09 7.964917e-08 6.701555e-07 5.206894e-06 3.716644e-05 2.423784e-04 1.435679e-03 7.676356e-03 3.681163e-02 1.572755e-01 5.946450e-01 1.976511e+00 5.742630e+00 1.457001e+01 3.282475e+01 6.915724e+01 1.420444e+02 2.612219e+02 5.854746e+02 4.169692e+02 2.299145e+02 1.194798e+02 5.736031e+01 2.680196e+01 1.154794e+01 4.390430e+00 1.456823e+00 4.230468e-01 1.081653e-01 2.451384e-02 4.957779e-03 9.007236e-04 1.479479e-04 2.210564e-05 3.022022e-06 3.800689e-07 4.419846e-08 4.775069e-09 4.813573e-10 4.545717e-11 4.036144e-12 3.380656e-13 2.679249e-14 2.014588e-15 1.440748e-16 9.821554e-18 6.394775e-19 3.983786e-20 2.378384e-21 1.362691e-22 7.502169e-24 3.973117e-25 2.026069e-26 9.956937e-28 4.719192e-29 2.158527e-30 9.533051e-32 4.067154e-33 1.676868e-34 6.683299e-36 2.575558e-37 9.598832e-39 3.460076e-40 1.206434e-41 4.068940e-43 1.327420e-44 4.188471e-46 1.278135e-47 3.771453e-49 1.075905e-50 2.966746e-52 7.905362e-54 2.035071e-55 5.059681e-57 1.214535e-58 2.813756e-60 6.289108e-62 1.355639e-63 2.816876e-65 5.639856e-67 1.087536e-68 2.018764e-70 3.605588e-72 6.192844e-74 1.022341e-75 1.621262e-77 2.468407e-79 3.606068e-81 5.051798e-83 6.782473e-85 8.721477e-87 1.073435e-88 1.263758e-90 1.422225e-92 1.528964e-94 1.569113e-96 1.536167e-98 1.433654e-100 1.274563e-102 1.078636e-104 8.682938e-107 6.643748e-109 4.828220e-111 3.330098e-113 2.178148e-115 1.350016e-117 7.922598e-120 4.398718e-122 2.308676e-124 1.144517e-126 5.354816e-129 2.362470e-131 9.820191e-134 3.842676e-136 1.414269e-138 4.891421e-141 1.588396e-143 4.838554e-146 1.381380e-148 3.692791e-151 9.235068e-154 2.158561e-156 4.711053e-159 9.591524e-162 1.819932e-164 3.215129e-167 5.283114e-170 8.066751e-173 1.143374e-175 1.502858e-178 1.829964e-181 2.062110e-184 2.148179e-187 2.066613e-190 1.834056e-193 1.499898e-196 1.129098e-199 7.815246e-203 4.968324e-206 2.897635e-209 1.548633e-212 7.575725e-216 3.388169e-219 1.383757e-222 5.154569e-226 1.749204e-229 5.401029e-233 1.515541e-236 3.859894e-240 8.911586e-244 1.862759e-247 3.520663e-251 6.008923e-255 9.249231e-259 1.282265e-262 1.598946e-266 1.790969e-270 1.799487e-274 1.619638e-278 1.304042e-282 9.379068e-287 6.017352e-291 3.438791e-295 1.747960e-299 7.891262e-304 3.159429e-308 1.120131e-312 3.511328e-317 9.486060e-322 0.000000e+00 0.000000e+00 0.000000e+00 0.000000e+00 0.000000e+00 0.000000e+00 0.000000e+00 0.000000e+00 0.000000e+00 0.000000e+00 0.000000e+00 0.000000e+00 0.000000e+00 0.000000e+00 0.000000e+00 0.000000e+00 0.000000e+00 0.000000e+00 
1.680283e-96 2.053987e-94 2.392705e-92 2.658137e-90 2.818228e-88 2.853596e-86 2.761385e-84 2.555483e-82 2.263166e-80 1.919269e-78 1.559559e-76 1.215000e-74 9.080584e-73 6.514166e-71 4.487944e-69 2.971022e-67 1.890820e-65 1.157408e-63 6.817255e-62 3.865474e-60 2.110754e-58 1.110384e-56 5.629302e-55 2.751146e-53 1.296483e-51 5.892713e-50 2.583704e-48 1.092988e-46 4.461491e-45 1.757369e-43 6.679873e-42 2.450054e-40 8.670409e-39 2.959958e-37 9.745609e-36 3.093651e-34 9.464501e-33 2.789159e-31 7.912958e-30 2.159670e-28 5.665761e-27 1.427356e-25 3.449263e-24 7.985180e-23 1.768373e-21 3.740012e-20 7.539893e-19 1.445864e-17 2.630998e-16 4.530810e-15 7.361809e-14 1.124821e-12 1.610055e-11 2.150027e-10 2.666148e-09 3.054531e-08 3.215056e-07 3.089956e-06 2.693643e-05 2.114594e-04 1.483436e-03 9.224059e-03 5.040550e-02 2.399445e-01 9.861933e-01 3.470437e+00 1.040188e+01 2.679984e+01 6.218425e+01 1.376377e+02 2.739466e+02 6.261836e+02 5.052281e+02 2.358877e+02 1.139259e+02 5.062896e+01 2.131040e+01 7.964976e+00 2.547899e+00 6.946308e-01 1.624426e-01 3.286734e-02 5.805187e-03 9.029539e-04 1.247368e-04 1.542803e-05 1.721536e-06 1.745391e-07 1.618415e-08 1.380789e-09 1.089928e-10 7.999766e-12 5.484493e-13 3.526576e-14 2.134651e-15 1.220371e-16 6.608940e-18 3.399319e-19 1.664531e-20 7.775658e-22 3.471599e-23 1.483806e-24 6.079989e-26 2.391402e-27 9.038640e-29 3.285999e-30 1.150010e-31 3.877129e-33 1.259940e-34 3.948522e-36 1.193822e-37 3.483405e-39 9.811480e-41 2.668135e-42 7.006047e-44 1.776455e-45 4.349622e-47 1.028357e-48 2.347417e-50 5.172856e-52 1.100239e-53 2.258219e-55 4.471554e-57 8.539666e-59 1.572447e-60 2.790702e-62 4.771901e-64 7.858429e-66 1.245838e-67 1.900524e-69 2.788468e-71 3.932997e-73 5.329946e-75 6.936338e-77 8.663722e-79 1.037997e-80 1.192195e-82 1.311880e-84 1.382179e-86 1.393410e-88 1.343237e-90 1.237353e-92 1.088439e-94 9.136508e-97 7.313280e-99 5.578081e-101 4.051143e-103 2.799399e-105 1.839142e-107 1.147872e-109 6.800777e-112 3.821775e-114 2.035462e-116 1.026592e-118 4.899030e-121 2.210224e-123 9.419082e-126 3.788387e-128 1.436802e-130 5.133996e-133 1.726809e-135 5.462281e-138 1.623493e-140 4.529760e-143 1.185348e-145 2.906398e-148 6.671013e-151 1.431990e-153 2.871966e-156 5.376322e-159 9.384872e-162 1.526071e-164 2.309331e-167 3.248772e-170 4.244499e-173 5.144640e-176 5.778931e-179 6.009550e-182 5.779244e-185 5.134080e-188 4.208620e-191 3.179948e-194 2.212159e-197 1.415259e-200 8.317273e-204 4.484857e-207 2.216308e-210 1.002563e-213 4.146430e-217 1.566003e-220 5.394310e-224 1.692654e-227 4.832231e-231 1.253506e-234 2.950874e-238 6.295948e-242 1.215884e-245 2.122620e-249 3.345212e-253 4.752942e-257 6.079934e-261 6.992562e-265 7.220580e-269 6.684933e-273 5.541094e-277 4.106250e-281 2.716551e-285 1.602055e-289 8.409726e-294 3.923577e-298 1.624510e-302 5.959915e-307 1.934484e-311 5.546520e-316 1.402158e-320 0.000000e+00 0.000000e+00 0.000000e+00 0.000000e+00 0.000000e+00 0.000000e+00 0.000000e+00 0.000000e+00 0.000000e+00 0.000000e+00 0.000000e+00 0.000000e+00 0.000000e+00 0.000000e+00 0.000000e+00 0.000000e+00 0.000000e+00 0.000000e+00 0.000000e+00 0.000000e+00 0.000000e+00 0.000000e+00 0.000000e+00 0.000000e+00 0.000000e+00 
2.730691e-112 6.525813e-110 1.477533e-107 3.172142e-105 6.463192e-103 1.250776e-100 2.300922e-98 4.026790e-96 6.709460e-94 1.065166e-91 1.612386e-89 2.328926e-87 3.212045e-85 4.232939e-83 5.333631e-81 6.429849e-79 7.420646e-77 8.203546e-75 8.692114e-73 8.831748e-71 8.609679e-69 8.056666e-67 7.240151e-65 6.250946e-63 5.187007e-61 4.138208e-59 3.175170e-57 2.343677e-55 1.664571e-53 1.137778e-51 7.485467e-50 4.740417e-48 2.889716e-46 1.695549e-44 9.574738e-43 5.202533e-41 2.719234e-39 1.366636e-37 6.601132e-36 3.062505e-34 1.363656e-32 5.822595e-31 2.381527e-29 9.319371e-28 3.484074e-26 1.242331e-24 4.217016e-23 1.359684e-21 4.153780e-20 1.198880e-18 3.258482e-17 8.309022e-16 1.979482e-14 4.384837e-13 8.983043e-12 1.691762e-10 2.909121e-09 4.533252e-08 6.348044e-07 7.914621e-06 8.697100e-05 8.330878e-04 6.874605e-03 4.826345e-02 2.845664e-01 1.391303e+00 5.586121e+00 1.848718e+01 5.235407e+01 1.337798e+02 3.147865e+02 6.114682e+02 5.501904e+02 2.589384e+02 1.076111e+02 4.098860e+01 1.396222e+01 4.022562e+00 9.524590e-01 1.855047e-01 3.004432e-02 4.098898e-03 4.771616e-04 4.798782e-05 4.218200e-06 3.276122e-07 2.270683e-08 1.417293e-09 8.032254e-11 4.163886e-12 1.987545e-13 8.787265e-15 3.617316e-16 1.392943e-17 5.038243e-19 1.717900e-20 5.539568e-22 1.694065e-23 4.925235e-25 1.364266e-26 3.607102e-28 9.118226e-30 2.206808e-31 5.119706e-33 1.139724e-34 2.436732e-36 5.007110e-38 9.894649e-40 1.881310e-41 3.442986e-43 6.066695e-45 1.029442e-46 1.682446e-48 2.648481e-50 4.015760e-52 5.864444e-54 8.247528e-56 1.116829e-57 1.455871e-59 1.826511e-61 2.204735e-63 2.559651e-65 2.857170e-67 3.065124e-69 3.158853e-71 3.125935e-73 2.968843e-75 2.704751e-77 2.362464e-79 1.977223e-81 1.584685e-83 1.215519e-85 8.917401e-88 6.253005e-90 4.188142e-92 2.677542e-94 1.632771e-96 9.490149e-99 5.253592e-101 2.767866e-103 1.386763e-105 6.602138e-108 2.984294e-110 1.279727e-112 5.201747e-115 2.002484e-117 7.294629e-120 2.512302e-122 8.173161e-125 2.509387e-127 7.264555e-130 1.981133e-132 5.084821e-135 1.227113e-137 2.781792e-140 5.918005e-143 1.180351e-145 2.204969e-148 3.854017e-151 6.296584e-154 9.605767e-157 1.366927e-159 1.812551e-162 2.237216e-165 2.567640e-168 2.737159e-171 2.707271e-174 2.481705e-177 2.106064e-180 1.652748e-183 1.198012e-186 8.011904e-190 4.937712e-193 2.801053e-196 1.460854e-199 6.996187e-203 3.072974e-206 1.236424e-209 4.551443e-213 1.530950e-216 4.699524e-220 1.314840e-223 3.348553e-227 7.752468e-231 1.629477e-234 3.105297e-238 5.358205e-242 8.359979e-246 1.177777e-249 1.496195e-253 1.711473e-257 1.760319e-261 1.625652e-265 1.346010e-269 9.977356e-274 6.611268e-278 3.910251e-282 2.061183e-286 9.668403e-291 4.029455e-295 1.489742e-299 4.878222e-304 1.412546e-308 3.611038e-313 8.136510e-318 1.778636e-322 0.000000e+00 0.000000e+00 0.000000e+00 0.000000e+00 0.000000e+00 0.000000e+00 0.000000e+00 0.000000e+00 0.000000e+00 0.000000e+00 0.000000e+00 0.000000e+00 0.000000e+00 0.000000e+00 0.000000e+00 0.000000e+00 0.000000e+00 0.000000e+00 0.000000e+00 0.000000e+00 0.000000e+00 0.000000e+00 0.000000e+00 0.000000e+00 0.000000e+00 0.000000e+00 0.000000e+00 0.000000e+00 0.000000e+00 0.000000e+00 0.000000e+00 0.000000e+00 0.000000e+00 0.000000e+00 
2.836997e-167 6.773915e-164 1.501193e-160 3.091710e-157 5.924729e-154 1.057742e-150 1.761402e-147 2.739194e-144 3.982742e-141 5.420481e-138 6.913248e-135 8.271778e-132 9.295286e-129 9.820626e-126 9.765266e-123 9.148371e-120 8.082663e-117 6.741278e-114 5.312789e-111 3.960043e-108 2.794265e-105 1.868130e-102 1.184370e-99 7.126321e-97 4.072711e-94 2.212438e-91 1.143251e-88 5.623319e-86 2.634544e-83 1.176365e-80 5.008932e-78 2.034866e-75 7.890631e-73 2.921763e-70 1.033426e-67 3.492432e-65 1.127894e-62 3.481288e-60 1.026926e-57 2.894768e-55 7.795724e-53 2.004924e-50 4.921505e-48 1.152221e-45 2.570386e-43 5.457149e-41 1.101021e-38 2.107187e-36 3.817140e-34 6.527667e-32 1.050496e-29 1.584949e-27 2.231911e-25 2.917896e-23 3.519268e-21 3.886621e-19 3.895596e-17 3.506640e-15 2.799764e-13 1.953821e-11 1.171304e-09 5.911122e-08 2.452629e-06 8.141942e-05 2.096522e-03 4.044970e-02 5.631395e-01 5.437650e+00 3.500146e+01 1.447169e+02 3.724153e+02 5.830973e+02 5.492056e+02 3.116285e+02 1.080313e+02 2.345872e+01 3.298016e+00 3.117990e-01 2.062869e-02 9.933756e-04 3.613297e-05 1.026936e-06 2.350370e-08 4.447927e-10 7.120890e-12 9.835057e-14 1.191621e-15 1.284620e-17 1.247089e-19 1.101314e-21 8.923503e-24 6.682017e-26 4.652365e-28 3.027356e-30 1.849069e-32 1.063945e-34 5.784742e-37 2.979555e-39 1.456932e-41 6.774956e-44 3.000361e-46 1.266900e-48 5.105192e-51 1.964682e-53 7.224598e-56 2.539448e-58 8.534365e-61 2.742576e-63 8.427593e-66 2.476086e-68 6.954528e-71 1.866802e-73 4.787576e-76 1.172604e-78 2.741644e-81 6.116153e-84 1.301115e-86 2.637948e-89 5.093958e-92 9.362501e-95 1.636700e-97 2.719352e-100 4.290875e-103 6.424841e-106 9.121248e-109 1.226730e-111 1.561575e-114 1.879755e-117 2.137757e-120 2.294663e-123 2.322509e-126 2.214312e-129 1.986638e-132 1.675498e-135 1.326942e-138 9.857608e-142 6.861575e-145 4.470138e-148 2.722496e-151 1.548315e-154 8.212700e-158 4.058152e-161 1.865779e-164 7.971652e-168 3.161200e-171 1.162047e-174 3.954657e-178 1.244360e-181 3.615494e-185 9.687203e-189 2.390326e-192 5.424454e-196 1.130578e-199 2.161174e-203 3.783695e-207 6.058510e-211 8.859687e-215 1.181535e-218 1.434886e-222 1.584493e-226 1.588616e-230 1.443941e-234 1.188015e-238 8.834249e-243 5.928140e-247 3.584163e-251 1.949350e-255 9.522029e-260 4.170662e-264 1.635335e-268 5.730839e-273 1.791904e-277 4.990740e-282 1.236030e-286 2.717438e-291 5.294214e-296 9.124131e-301 1.388540e-305 1.862611e-310 2.198341e-315 2.274678e-320 0.000000e+00 0.000000e+00 0.000000e+00 0.000000e+00 0.000000e+00 0.000000e+00 0.000000e+00 0.000000e+00 0.000000e+00 0.000000e+00 0.000000e+00 0.000000e+00 0.000000e+00 0.000000e+00 0.000000e+00 0.000000e+00 0.000000e+00 0.000000e+00 0.000000e+00 0.000000e+00 0.000000e+00 0.000000e+00 0.000000e+00 0.000000e+00 0.000000e+00 0.000000e+00 0.000000e+00 0.000000e+00 0.000000e+00 0.000000e+00 0.000000e+00 0.000000e+00 0.000000e+00 0.000000e+00 0.000000e+00 0.000000e+00 0.000000e+00 0.000000e+00 0.000000e+00 0.000000e+00 0.000000e+00 0.000000e+00 0.000000e+00 0.000000e+00 0.000000e+00 0.000000e+00 0.000000e+00 0.000000e+00 0.000000e+00 0.000000e+00 0.000000e+00 0.000000e+00 0.000000e+00 0.000000e+00 0.000000e+00 0.000000e+00 0.000000e+00 0.000000e+00 0.000000e+00 
