# E_keV F_E_erg_cm-2_s-1_keV-1 E_F_E_erg_cm-2_s-1; upper outgoing flux = 2*pi*sum(w*mu*I), mu>0
1.0025110000000000e-03 2.5686212806492128e+17 2.5750710886849228e+14
1.0075309999999999e-03 2.6052347827696000e+17 2.6248548059186375e+14
1.0125759999999998e-03 2.6408331256842896e+17 2.6740442430728947e+14
1.0176460000000001e-03 2.6758228904190848e+17 2.7230404611434203e+14
1.0227410000000000e-03 2.7104600207935587e+17 2.7720985921264250e+14
1.0278620000000000e-03 2.7449000567581411e+17 2.8213784621395369e+14
1.0330080000000000e-03 2.7792444338239786e+17 2.8709817340956406e+14
1.0381810000000000e-03 2.8135625261780995e+17 2.9209871569901056e+14
1.0433790000000001e-03 2.8484930742879382e+17 2.9720578553574750e+14
1.0486029999999999e-03 2.8823003362411920e+17 3.0223887794835225e+14
1.0538530000000000e-03 2.9167820434708294e+17 3.0738595068578638e+14
1.0591299999999999e-03 2.9513683192959328e+17 3.1258827280159012e+14
1.0644330000000000e-03 2.9920610028478362e+17 3.1848484694443306e+14
1.0697630000000001e-03 3.0209145770219712e+17 3.2316626406587550e+14
1.0751190000000000e-03 3.0558999510940122e+17 3.2854560995202431e+14
1.0805020000000001e-03 3.0910425391527693e+17 3.3398776456396456e+14
1.0859120000000001e-03 3.1263513693957331e+17 3.3949424682432594e+14
1.0913489999999999e-03 3.1618373999157331e+17 3.4506680845606350e+14
1.0968140000000000e-03 3.1975109633837011e+17 3.5070747897927306e+14
1.1023050000000000e-03 3.2333812375997126e+17 3.5641723051123512e+14
1.1078250000000000e-03 3.2694141775590074e+17 3.6219387612543075e+14
1.1133720000000001e-03 3.3057446097388864e+17 3.6805234876342038e+14
1.1189460000000000e-03 3.3422633903787200e+17 3.7398122516107075e+14
1.1245490000000001e-03 3.3790183222270221e+17 3.7998716752420756e+14
1.1301790000000000e-03 3.4160198537271482e+17 3.8607139022654950e+14
1.1358379999999999e-03 3.4604400193073696e+17 3.9304992706500438e+14
1.1415250000000000e-03 3.4908054856799904e+17 3.9848417320408512e+14
1.1472410000000000e-03 3.5325256523592947e+17 4.0526582619383300e+14
1.1529850000000000e-03 3.5667141645280026e+17 4.1123679309883194e+14
1.1587580000000000e-03 3.6054041424106982e+17 4.1777908932515356e+14
1.1645600000000000e-03 3.6438333434866592e+17 4.2434625584908238e+14
1.1703910000000000e-03 3.6828742982101274e+17 4.3104029327564494e+14
1.1762509999999999e-03 3.7222491793860909e+17 4.3782993195020681e+14
1.1821410000000001e-03 3.7619700945423181e+17 4.4471790895323506e+14
1.1880599999999999e-03 3.8026168446749453e+17 4.5177369684845150e+14
1.1940079999999999e-03 3.8424874883469670e+17 4.5879608009861850e+14
1.1999870000000000e-03 3.8833045202043795e+17 4.6599149412864931e+14
1.2059949999999999e-03 3.9245067927403917e+17 4.7329355695109481e+14
1.2120329999999999e-03 3.9661041489851789e+17 4.8070491100069531e+14
1.2181020000000000e-03 4.0081032711397536e+17 4.8822786107818762e+14
1.2242010000000001e-03 4.0800213353336493e+17 4.9947661987367888e+14
1.2303310000000001e-03 4.0934266654961798e+17 5.0362697227865806e+14
1.2364909999999999e-03 4.1416110554422502e+17 5.1210647955548431e+14
1.2426820000000002e-03 4.1802550563321235e+17 5.1947277139129169e+14
1.2489040000000001e-03 4.2243719444600390e+17 5.2758350189239212e+14
1.2551570000000000e-03 4.2689326564224634e+17 5.3581807062372500e+14
1.2614420000000000e-03 4.3139479867563110e+17 5.4417951763098544e+14
1.2677579999999999e-03 4.3598247723169549e+17 5.5272027337029975e+14
1.2741059999999999e-03 4.4053609769458490e+17 5.6128968528925675e+14
1.2804850000000000e-03 4.4528956492138573e+17 5.7018660853836062e+14
1.2868960000000000e-03 4.4986518273254144e+17 5.7892970419777662e+14
1.2933400000000000e-03 4.5460139040260538e+17 5.8795416226330562e+14
1.2998160000000001e-03 4.5974557258410458e+17 5.9758465117398050e+14
1.3063240000000000e-03 4.6421974573028320e+17 6.0642139512136650e+14
1.3128649999999999e-03 4.6910312595796742e+17 6.1586907546080688e+14
1.3194380000000000e-03 4.7403682794670982e+17 6.2546220419235088e+14
1.3260449999999999e-03 4.7950831217588973e+17 6.3584959981927762e+14
1.3326840000000000e-03 4.8405681961271546e+17 6.4509477858875212e+14
1.3393570000000000e-03 4.8914982449041690e+17 6.5514624148001125e+14
1.3460630000000000e-03 4.9454736554493779e+17 6.6569191050751562e+14
1.3528030000000001e-03 4.9947544432585274e+17 6.7569187951034662e+14
1.3595759999999999e-03 5.0474202004005037e+17 6.8623513663797150e+14
1.3663840000000000e-03 5.1001923476194624e+17 6.9688212207096712e+14
1.3732249999999998e-03 5.1555098598983123e+17 7.0796750273588588e+14
1.3801010000000001e-03 5.2077998381263712e+17 7.1872897643980438e+14
1.3870110000000001e-03 5.2624327856133158e+17 7.2990521604063112e+14
1.3939560000000000e-03 5.3176244079389574e+17 7.4125344491929575e+14
1.4009350000000001e-03 5.3747582100369101e+17 7.5296868929780588e+14
1.4079500000000000e-03 5.4297044484882579e+17 7.6447523782490425e+14
1.4149989999999999e-03 5.4866028181519053e+17 7.7635375010821275e+14
1.4220839999999999e-03 5.5440805242730541e+17 7.8841482082803212e+14
1.4292050000000000e-03 5.6021431962079085e+17 8.0066110667363238e+14
1.4363609999999999e-03 5.6616301611033888e+17 8.1321447598326238e+14
1.4435530000000000e-03 5.7200473080701261e+17 8.2571914517065550e+14
1.4507800000000000e-03 5.7799034154821440e+17 8.3853682771131850e+14
1.4580439999999999e-03 5.8403680510097894e+17 8.5155135945665175e+14
1.4653449999999998e-03 5.9014495784007898e+17 8.6476596324617038e+14
1.4726820000000001e-03 5.9631517343634432e+17 8.7818262224658250e+14
1.4800560000000000e-03 6.0254772786942938e+17 8.9180437991951612e+14
1.4874660000000000e-03 6.0885616285533030e+17 9.0565284113776675e+14
1.4949140000000002e-03 6.1525207544282406e+17 9.1974894110853400e+14
1.5023990000000000e-03 6.2200340778078259e+17 9.3449729784644000e+14
1.5099219999999999e-03 6.2877297319754342e+17 9.4939814523638112e+14
1.5174819999999999e-03 6.3468593718607731e+17 9.6312448533300288e+14
1.5250800000000001e-03 6.4130748930142989e+17 9.7804522578382475e+14
1.5327159999999999e-03 6.4799624790615347e+17 9.9319421710572788e+14
1.5403900000000000e-03 6.5475266914744307e+17 1.0085744640280299e+15
1.5481030000000001e-03 6.6160246622811354e+17 1.0242287627751414e+15
1.5558540000000002e-03 6.6847136979134310e+17 1.0400438545753405e+15
1.5636440000000001e-03 6.7552916740926707e+17 1.0562871294444961e+15
1.5714729999999999e-03 6.8246863834604774e+17 1.0724810385075786e+15
1.5793420000000001e-03 6.8957367473894144e+17 1.0890726666095492e+15
1.5872500000000001e-03 6.9675072490288154e+17 1.1059175881020988e+15
1.5951970000000000e-03 7.0400042821921434e+17 1.1230193710940061e+15
1.6031839999999999e-03 7.1177250323345779e+17 1.1411022888238278e+15
1.6112110000000000e-03 7.1872049612236198e+17 1.1580103692778070e+15
1.6192789999999999e-03 7.2619193243423232e+17 1.1759073461601712e+15
1.6273860000000000e-03 7.3373873907947430e+17 1.1940761516355892e+15
1.6355350000000000e-03 7.4166585520433216e+17 1.2130204644916175e+15
1.6437240000000001e-03 7.4906059851970419e+17 1.2312488832412022e+15
1.6519540000000000e-03 7.5683768411112397e+17 1.2502610396181078e+15
1.6602250000000000e-03 7.6469312098695258e+17 1.2695626367905632e+15
1.6685380000000000e-03 7.7263868702494771e+17 1.2891770095712322e+15
1.6768920000000001e-03 7.8064241500432026e+17 1.3090530205814248e+15
1.6852890000000000e-03 7.8873779478424154e+17 1.3292511294341395e+15
1.6937269999999999e-03 7.9691433888739840e+17 1.3497553324607365e+15
1.7022070000000001e-03 8.0517328059103552e+17 1.3705715944350248e+15
1.7107300000000001e-03 8.1351499031830669e+17 1.3917044993872370e+15
1.7192959999999999e-03 8.2194034105711002e+17 1.4131587406181250e+15
1.7279040000000002e-03 8.3069512219538406e+17 1.4353614244218930e+15
1.7365560000000000e-03 8.3904584255882432e+17 1.4570500921705818e+15
1.7452510000000002e-03 8.4772782601239514e+17 1.4794978360759588e+15
1.7539890000000001e-03 8.5678963643873907e+17 1.5027995976275475e+15
1.7627719999999999e-03 8.6535448151516531e+17 1.5254226500894510e+15
1.7715980000000001e-03 8.7430043877667520e+17 1.5489089087358802e+15
1.7804679999999999e-03 8.8333596163149261e+17 1.5727514129341002e+15
1.7893829999999999e-03 8.9246198414556582e+17 1.5969563025763450e+15
1.7983420000000001e-03 9.0187731300012147e+17 1.6218838508152645e+15
1.8073469999999999e-03 9.1098871868065600e+17 1.6464727277413275e+15
1.8163959999999999e-03 9.2039167769253389e+17 1.6717957617940078e+15
1.8254910000000000e-03 9.2988895934232512e+17 1.6975039262787805e+15
1.8346310000000000e-03 9.3948168936593997e+17 1.7236022312431238e+15
1.8438170000000000e-03 9.4917034502069222e+17 1.7500964180450178e+15
1.8530489999999998e-03 9.5911790169427776e+17 1.7772924686166795e+15
1.8623270000000000e-03 9.6883989973519014e+17 1.8042967039541375e+15
1.8716520000000001e-03 9.7884795485313421e+17 1.8320627323967785e+15
1.8810229999999999e-03 9.8890490279376538e+17 1.8601528669678368e+15
1.8904420000000000e-03 1.0290882638740448e+18 1.9454316757345770e+15
1.8999069999999999e-03 1.0094963731429106e+18 1.9179492258088278e+15
1.9094200000000000e-03 1.0197403814239469e+18 1.9471126790985128e+15
1.9189799999999998e-03 1.0302221292259672e+18 1.9769756615420465e+15
1.9285890000000001e-03 1.0408084458362273e+18 2.0072917197468440e+15
1.9382449999999999e-03 1.0516112672433727e+18 2.0382802806781308e+15
1.9479500000000002e-03 1.0622983548696087e+18 2.0693040803682545e+15
1.9577029999999999e-03 1.0732037459107660e+18 2.1010141929807440e+15
1.9675050000000000e-03 1.0843105446290248e+18 2.1333864181103295e+15
1.9773569999999999e-03 1.0953403851978185e+18 2.1658789780536028e+15
1.9872570000000001e-03 1.1066525144602244e+18 2.1992029559286822e+15
1.9972079999999999e-03 1.1180944104332371e+18 2.2330671012725445e+15
2.0072079999999999e-03 1.1294445141998862e+18 2.2670300644581250e+15
2.0172580000000001e-03 1.1409495536950190e+18 2.3015896147877065e+15
2.0273579999999999e-03 1.1527056376468396e+18 2.3369469961284215e+15
2.0375089999999998e-03 1.1644842591281590e+18 2.3726471583319560e+15
2.0477110000000002e-03 1.1785893632880202e+18 2.4134104036878755e+15
2.0579640000000002e-03 1.1883933264765268e+18 2.4456706837289395e+15
2.0682680000000003e-03 1.2005481803958474e+18 2.4830553839709590e+15
2.0786239999999998e-03 1.2128232675369810e+18 2.5210035516607895e+15
2.0890309999999999e-03 1.2252197979455299e+18 2.5595221397219480e+15
2.0994910000000002e-03 1.2377390452856489e+18 2.5986219859258125e+15
2.1100030000000001e-03 1.2504055597496783e+18 2.6383594822885005e+15
2.1205680000000002e-03 1.2631500136281674e+18 2.6785954980994560e+15
2.1311860000000002e-03 1.2760681863202524e+18 2.7195386537311135e+15
2.1418570000000000e-03 1.2892306949624197e+18 2.7613477886201235e+15
2.1525810000000002e-03 1.3022124534068070e+18 2.8031177851668785e+15
2.1633589999999997e-03 1.3154901234599035e+18 2.8458773979980930e+15
2.1741909999999998e-03 1.3294117352696172e+18 2.8903950301175840e+15
2.1850770000000001e-03 1.3426347645641549e+18 2.9337603434495500e+15
2.1960180000000001e-03 1.3560991935854034e+18 2.9780182388990305e+15
2.2070129999999999e-03 1.3699076146855068e+18 3.0234039144099045e+15
2.2180640000000001e-03 1.3838519695694070e+18 3.0694722350309970e+15
2.2291690000000000e-03 1.3979333029109978e+18 3.1162295829168060e+15
2.2403309999999999e-03 1.4121527893146442e+18 3.1636896706380660e+15
2.2515479999999999e-03 1.4265117687106862e+18 3.2118597198170080e+15
2.2628219999999998e-03 1.4410116113283016e+18 3.2607527763691300e+15
2.2741519999999998e-03 1.4556535457827092e+18 3.3103774224488395e+15
2.2855379999999997e-03 1.4728582472345795e+18 3.3662734926680260e+15
2.2969819999999999e-03 1.4853695531795195e+18 3.4118671270013990e+15
2.3084829999999996e-03 1.5004462249663194e+18 3.4637546027489235e+15
2.3200420000000000e-03 1.5156710167581709e+18 3.5164204170616605e+15
2.3316579999999999e-03 1.5310446786796974e+18 3.5698725734009460e+15
2.3433330000000000e-03 1.5472854631432612e+18 3.6258050862038875e+15
2.3550659999999998e-03 1.5622437609353436e+18 3.6791871650909555e+15
2.3668580000000003e-03 1.5780719827601339e+18 3.7350722969716855e+15
2.3787080000000002e-03 1.5940550308284961e+18 3.7917914542719905e+15
2.3906190000000001e-03 1.6101941788045847e+18 3.8493607975396375e+15
2.4025880000000002e-03 1.6265465629270656e+18 3.9079212535298130e+15
2.4146179999999999e-03 1.6429474131450578e+18 3.9670903968334930e+15
2.4267080000000001e-03 1.6595659047005115e+18 4.0272818574639690e+15
2.4388589999999998e-03 1.6763462265350036e+18 4.0883720817009320e+15
2.4510700000000001e-03 1.6932898021813919e+18 4.1503718354327445e+15
2.4633430000000002e-03 1.7103985871936108e+18 4.2132983869732710e+15
2.4756769999999999e-03 1.7276740335242939e+18 4.2771628682933230e+15
2.4880720000000000e-03 1.7453691924401577e+18 4.3426042173729680e+15
2.5005299999999999e-03 1.7627316097770911e+18 4.4077632721959095e+15
2.5130499999999997e-03 1.7805182259522906e+18 4.4745313277294035e+15
2.5256330000000002e-03 1.7984786444333542e+18 4.5422970141761460e+15
2.5382790000000001e-03 1.8166149945360010e+18 4.6110756917158460e+15
2.5509879999999997e-03 1.8538860090102300e+18 4.7292409623529880e+15
2.5637609999999999e-03 1.8534080190314557e+18 4.7516951962801040e+15
2.5765980000000003e-03 1.8720675064630899e+18 4.8235653930177850e+15
2.5894989999999999e-03 1.8909126834530084e+18 4.8965165028888820e+15
2.6024640000000001e-03 1.9099333758238518e+18 4.9705328529800450e+15
2.6154950000000002e-03 1.9291438560041167e+18 5.0456661096594880e+15
2.6285900000000001e-03 1.9485417966481006e+18 5.1219174812512310e+15
2.6417519999999998e-03 2.0000350939551091e+18 5.2835967095260970e+15
2.6549790000000000e-03 1.9878860930086953e+18 5.2777958313301330e+15
2.6682730000000001e-03 2.0089165623037279e+18 5.3603378224478550e+15
2.6816330000000001e-03 2.0279726449274319e+18 5.4382783677346840e+15
2.6950600000000000e-03 2.0483117075721370e+18 5.5203229506093630e+15
2.7085539999999997e-03 2.0688460481428065e+18 5.6035812390813910e+15
2.7221150000000002e-03 2.0897914778658522e+18 5.6886527287708050e+15
2.7357449999999999e-03 2.1125368168658719e+18 5.7793620340567240e+15
2.7494429999999999e-03 2.1325117458786294e+18 5.8632194921237760e+15
2.7632090000000000e-03 2.1529813555034396e+18 5.9491374583593040e+15
2.7770450000000001e-03 2.1745255664256466e+18 6.0387553516145100e+15
2.7909490000000000e-03 2.1962840833154849e+18 6.1297168660452690e+15
2.8049240000000003e-03 2.2182464892103995e+18 6.2220128155019910e+15
2.8189679999999998e-03 2.2404204039163436e+18 6.3156734251872470e+15
2.8330820000000002e-03 2.2628078486815916e+18 6.4107201855585410e+15
2.8472680000000000e-03 2.2854108330709350e+18 6.5071771318562150e+15
2.8615240000000003e-03 2.3243308165821594e+18 6.6511284155894480e+15
2.8758519999999999e-03 2.3312818425023585e+18 6.7044215493240930e+15
2.8902509999999999e-03 2.3545325469735741e+18 6.8051900484229190e+15
2.9047230000000001e-03 2.3784108868017382e+18 6.9086248063434060e+15
2.9192659999999998e-03 2.4017075122907689e+18 7.0112230825750230e+15
2.9338830000000000e-03 2.4256356899870612e+18 7.1165313150463090e+15
2.9485729999999999e-03 2.4506383372012908e+18 7.2258860338366210e+15
2.9633369999999999e-03 2.4742372517652833e+18 7.3319987949343790e+15
2.9781740000000001e-03 2.4989075377229578e+18 7.4421814572505320e+15
2.9930859999999998e-03 2.5237196219809382e+18 7.5537098684764380e+15
3.0080719999999997e-03 2.5488123800478607e+18 7.6670111536753280e+15
3.0231340000000002e-03 2.5811053524340541e+18 7.8030273485253720e+15
3.0382699999999996e-03 2.5998390931534915e+18 7.8990131215554570e+15
3.0534830000000001e-03 2.6256628326200172e+18 8.0174168231370680e+15
3.0687720000000000e-03 2.6517330774856801e+18 8.1375642196618860e+15
3.0841370000000002e-03 2.6785920930483021e+18 8.2611449820777120e+15
3.0995789999999999e-03 2.7046226940923075e+18 8.3831917055319400e+15
3.1150989999999996e-03 2.7355525829323423e+18 8.5215171155399560e+15
3.1306960000000001e-03 2.7591414495567662e+18 8.6380330995615700e+15
3.1463720000000001e-03 2.7861639818273403e+18 8.7663083398300530e+15
3.1621260000000003e-03 2.8139989069976381e+18 8.8982191077888140e+15
3.1779579999999998e-03 2.8414990863448279e+18 9.0301647534422360e+15
3.1938700000000001e-03 2.8736904533917297e+18 9.1781937283742440e+15
3.2098620000000004e-03 2.8982696051421240e+18 9.3030454713007100e+15
3.2259340000000002e-03 2.9291679194036296e+18 9.4493023829134280e+15
3.2420859999999999e-03 2.9558722341775483e+18 9.5831919882157500e+15
3.2583190000000000e-03 2.9868029394609055e+18 9.7319567669013180e+15
3.2746339999999998e-03 3.0145639569029279e+18 9.8715936284488620e+15
3.2910299999999999e-03 3.0454569567601746e+18 1.0022690208406438e+16
3.3075079999999998e-03 3.0746965623233946e+18 1.0169583477457126e+16
3.3240690000000002e-03 3.1055800609610993e+18 1.0323162407658902e+16
3.3407120000000000e-03 3.1356469421702211e+18 1.0475293367471364e+16
3.3574389999999998e-03 3.1665524420576430e+18 1.0631506664509570e+16
3.3742500000000001e-03 3.1977486388719954e+18 1.0790003344713830e+16
3.3911449999999999e-03 3.2292372686931814e+18 1.0950811817542538e+16
3.4081109999999997e-03 3.2618186962278333e+18 1.1116640178619736e+16
3.4251480000000003e-03 3.2938730631596698e+18 1.1282002734535218e+16
3.4422709999999998e-03 3.3267944852145797e+18 1.1451728179414076e+16
3.4594800000000000e-03 3.3588459436670879e+18 1.1619860365197418e+16
3.4767739999999998e-03 3.3917900521089034e+18 1.1792487466630880e+16
3.4941550000000001e-03 3.4250457975296886e+18 1.1967640898667350e+16
3.5116230000000002e-03 3.4586127604110331e+18 1.2145344117552874e+16
3.5291780000000000e-03 3.4942228166230554e+18 1.2331734291524122e+16
3.5468209999999999e-03 3.5272330579755960e+18 1.2510464281922062e+16
3.5645519999999999e-03 3.5654153456569554e+18 1.2709108401192192e+16
3.5823719999999999e-03 3.5964745040733804e+18 1.2883909562106364e+16
3.6002800000000000e-03 3.6320818765826068e+18 1.3076511738622828e+16
3.6182789999999999e-03 3.6697971173943429e+18 1.3278349844128486e+16
3.6363669999999997e-03 3.7033668733344297e+18 1.3466801087086500e+16
3.6545459999999998e-03 3.7395198520828820e+18 1.3666247317350088e+16
3.6728149999999998e-03 3.7760085394945137e+18 1.3868580803983542e+16
3.6911760000000000e-03 3.8128358528579461e+18 1.4073848192008782e+16
3.7096289999999999e-03 3.8500489988898591e+18 1.4282253417702788e+16
3.7281739999999999e-03 3.8875137767302108e+18 1.4493327787047376e+16
3.7468120000000000e-03 3.9260762701943485e+18 1.4710269682079428e+16
3.7655430000000001e-03 3.9639922310009574e+18 1.4926583197500038e+16
3.7843669999999999e-03 4.0025554225168517e+18 1.5147138656643830e+16
3.8032859999999999e-03 4.0419991236561034e+18 1.5372878679013526e+16
3.8222989999999999e-03 4.0807508083218237e+18 1.5597849733897698e+16
3.8414069999999998e-03 4.1207643941102659e+18 1.5829533188885934e+16
3.8606109999999999e-03 4.1866502149193492e+18 1.6163027872870004e+16
3.8799109999999998e-03 4.2012073555215160e+18 1.6300310631968840e+16
3.8993069999999999e-03 4.2418135142264274e+18 1.6540133128717708e+16
3.9188000000000001e-03 4.2833878623630500e+18 1.6785740355028320e+16
3.9383910000000003e-03 4.3243445051972091e+18 1.7030959480168142e+16
3.9580789999999998e-03 4.3674549376497480e+18 1.7286731672157776e+16
3.9778660000000000e-03 4.4087242970348124e+18 1.7537314484548682e+16
3.9977520000000002e-03 4.4513250558805990e+18 1.7795293644796778e+16
4.0177379999999999e-03 4.4943151984069960e+18 1.8056980956617328e+16
4.0378230000000003e-03 4.5376908658097500e+18 1.8322392544856524e+16
4.0580090000000004e-03 4.5817912591565071e+18 1.8592950165778440e+16
4.0782950000000000e-03 4.6259221055995863e+18 1.8865874993656264e+16
4.0986830000000005e-03 4.6713970327364966e+18 1.9146575604327524e+16
4.1191730000000003e-03 4.7154673799068006e+18 1.9423825913692836e+16
4.1397650000000001e-03 4.7611727975598623e+18 1.9710136506290404e+16
4.1604609999999998e-03 4.8218744681242040e+18 2.0061220671526492e+16
4.1812589999999997e-03 4.8530559332448922e+18 2.0291883798383604e+16
4.2021620000000006e-03 4.8996555095439780e+18 2.0589146195296344e+16
4.2231690000000006e-03 4.9468654779110093e+18 2.0891448933483960e+16
4.2442820000000003e-03 4.9946090137108142e+18 2.1198529133930564e+16
4.2654989999999999e-03 5.0433209641870080e+18 2.1512280529418716e+16
4.2868230000000004e-03 5.0907334174232893e+18 2.1823073100678760e+16
4.3082540000000001e-03 5.1393463659981128e+18 2.2141609538696832e+16
4.3297910000000004e-03 5.1886320817569300e+18 2.2465692489902420e+16
4.3514369999999997e-03 5.2382303882207222e+18 2.2793829525828012e+16
4.3731899999999999e-03 5.2883730583415183e+18 2.3127060175008544e+16
4.3950520000000000e-03 5.3388605848718725e+18 2.3464569891262292e+16
4.4170239999999994e-03 5.3898772751517276e+18 2.3807217281399780e+16
4.4391049999999996e-03 5.4413160486581043e+18 2.4154573278178432e+16
4.4612970000000004e-03 5.4932232542760509e+18 2.4506900424631984e+16
4.4835989999999996e-03 5.5455677176230021e+18 2.4864101873166772e+16
4.5060140000000000e-03 5.5983911086632428e+18 2.5226428713112092e+16
4.5285399999999993e-03 5.6695120183468360e+18 2.5674611955564376e+16
4.5511790000000007e-03 5.7053845820933489e+18 2.5966226496947028e+16
4.5739309999999998e-03 5.7595368410186066e+18 2.6343724102777076e+16
4.5967960000000002e-03 5.8141570296847442e+18 2.6726493777426716e+16
4.6197770000000003e-03 5.8724786720488335e+18 2.7129541902121744e+16
4.6428710000000007e-03 5.9248324066748252e+18 2.7508232560810756e+16
4.6660820000000002e-03 5.9808949794101309e+18 2.7907346407315984e+16
4.6894079999999999e-03 6.0374477071456717e+18 2.8312055577470568e+16
4.7128509999999997e-03 6.0971701715359109e+18 2.8735054540093188e+16
4.7364119999999997e-03 6.1520324517627638e+18 2.9138560328918572e+16
4.7600899999999998e-03 6.2103360881793823e+18 2.9561758709981796e+16
4.7838860000000002e-03 6.2686147779861115e+18 2.9988338475800868e+16
4.8078010000000004e-03 6.3276695931382753e+18 3.0422176197559796e+16
4.8318359999999999e-03 6.3883894847818619e+18 3.0867650294590452e+16
4.8559910000000005e-03 6.4473184352116982e+18 3.1308120295522092e+16
4.8802669999999998e-03 6.5079198536160604e+18 3.1760386500247288e+16
4.9046640000000004e-03 6.5791887508244685e+18 3.2268710215373744e+16
4.9291830000000002e-03 6.6429372562479964e+18 3.2744253393564268e+16
4.9538250000000002e-03 6.6942014530509844e+18 3.3161902513160296e+16
4.9785899999999998e-03 6.7554778958741248e+18 3.3632754697619956e+16
5.0034789999999999e-03 6.8186819731750779e+18 3.4117132060460064e+16
5.0284919999999999e-03 6.8824299581772564e+18 3.4608243985254668e+16
5.0536299999999999e-03 6.9467244108375388e+18 3.5106174884340912e+16
5.0788939999999996e-03 7.0115657491685222e+18 3.5610999214057508e+16
5.1042839999999997e-03 7.0778538862159985e+18 3.6127376345750136e+16
5.1298009999999998e-03 7.1429070252846469e+18 3.6641691601212208e+16
5.1554460000000002e-03 7.2096274417420933e+18 3.7168844956019512e+16
5.1812180000000005e-03 7.2764797561789829e+18 3.7701027889350160e+16
5.2071200000000000e-03 7.3527796951832607e+18 3.8286806206382664e+16
5.2331510000000001e-03 7.4123072665759427e+18 3.8789723184389160e+16
5.2593129999999998e-03 7.4811953557703117e+18 3.9345947990142424e+16
5.2856050000000005e-03 7.5504158739268536e+18 3.9908515895307152e+16
5.3120279999999999e-03 7.6212861973814016e+18 4.0484485676503528e+16
5.3385840000000004e-03 7.6908539405073152e+18 4.1058269793129304e+16
5.3652719999999999e-03 7.7695960166151834e+18 4.1685995959256976e+16
5.3920940000000001e-03 7.8344373520303749e+18 4.2244022639258872e+16
5.4190500000000008e-03 7.9058972971453809e+18 4.2842452748095680e+16
5.4461399999999995e-03 7.9787685309497948e+18 4.3453490447146912e+16
5.4733660000000003e-03 8.0524400910116966e+18 4.4073951811180328e+16
5.5007289999999993e-03 8.1309962938080809e+18 4.4726407112242624e+16
5.5282270000000001e-03 8.2010132703756093e+18 4.5337062988648744e+16
5.5558639999999998e-03 8.2763149723067075e+18 4.5982080407299832e+16
5.5836379999999993e-03 8.3557966151557898e+18 4.6655743500655240e+16
5.6115519999999997e-03 8.4312426834330696e+18 4.7312356742704208e+16
5.6396050000000007e-03 8.5060051119001283e+18 4.7970508959097528e+16
5.6677979999999999e-03 8.5864911376595415e+18 4.8666497297044472e+16
5.6961320000000005e-03 8.6621266943147561e+18 4.9340617051540504e+16
5.7246080000000000e-03 8.7433818165861192e+18 5.0052433494283432e+16
5.7532259999999993e-03 8.8210338753351066e+18 5.0749401438458688e+16
5.7819869999999997e-03 8.9032364440374364e+18 5.1478397377350680e+16
5.8108919999999998e-03 8.9836299456557773e+18 5.2202903382171592e+16
5.8399419999999999e-03 9.0650076755204700e+18 5.2939119054594360e+16
5.8691370000000000e-03 9.1479402171354102e+18 5.3690514402177472e+16
5.8984770000000001e-03 9.2297445865316884e+18 5.4441436159531672e+16
5.9279650000000003e-03 9.3126172286124380e+18 5.5204868989611536e+16
5.9575990000000001e-03 9.4006598736063160e+18 5.6005361862337112e+16
5.9873820000000003e-03 9.4930437436401111e+18 5.6838479235883416e+16
6.0173140000000002e-03 9.5673708192769372e+18 5.7569874374026584e+16
6.0473960000000000e-03 9.6549070089982034e+18 5.8387046026587696e+16
6.0776269999999995e-03 9.7404026163451494e+18 5.9198533931969920e+16
6.1080100000000005e-03 9.8280157620728238e+18 6.0029618554898432e+16
6.1385449999999996e-03 9.9163257824961802e+18 6.0871812050513008e+16
6.1692330000000005e-03 1.0005334601386574e+19 6.1725240398915904e+16
6.2000739999999999e-03 1.0095062121623988e+19 6.2590132188665728e+16
6.2310689999999997e-03 1.0185469180705731e+19 6.3466361262350872e+16
6.2622190000000003e-03 1.0284924471477883e+19 6.4406449438853760e+16
6.2935240000000000e-03 1.0368423906472182e+19 6.5253924697556432e+16
6.3249869999999998e-03 1.0463147518085683e+19 6.6179272030974208e+16
6.3566059999999999e-03 1.0554984122137549e+19 6.7093875400684272e+16
6.3883840000000004e-03 1.0648227167712866e+19 6.8024964066582200e+16
6.4203200000000002e-03 1.0799193307944567e+19 6.9334276778862664e+16
6.4524160000000007e-03 1.0838228475449115e+19 6.9932758826643480e+16
6.4846729999999998e-03 1.0934459536646396e+19 7.0906394526883392e+16
6.5170910000000000e-03 1.1030986368188914e+19 7.1889941981246656e+16
6.5496710000000000e-03 1.1128482826517955e+19 7.2887901242842672e+16
6.5824129999999996e-03 1.1227366529953610e+19 7.3903163402531520e+16
6.6153200000000001e-03 1.1325720866492615e+19 7.4923267762525920e+16
6.6483910000000000e-03 1.1425342354666983e+19 7.5960143282686784e+16
6.6816269999999999e-03 1.1526910832844718e+19 7.7018518647327760e+16
6.7150299999999994e-03 1.1627184046701220e+19 7.8076889689120080e+16
6.7485989999999992e-03 1.1729225296193958e+19 7.9155838104669232e+16
6.7823359999999999e-03 1.1832041747812364e+19 8.0248882699690720e+16
6.8162420000000001e-03 1.1935636502079214e+19 8.1356186822205424e+16
6.8503170000000007e-03 1.2040015412242082e+19 8.2477922258743952e+16
6.8845629999999998e-03 1.2147069533558997e+19 8.3627265469167520e+16
6.9189799999999999e-03 1.2251140240540094e+19 8.4765394301492096e+16
6.9535689999999997e-03 1.2358642412909296e+19 8.5936672764491280e+16
6.9883309999999995e-03 1.2465457326052190e+19 8.7112741860827616e+16
7.0232669999999997e-03 1.2591414053051152e+19 8.8432862802130400e+16
7.0583770000000002e-03 1.2682953205874758e+19 8.9521065200422656e+16
7.0936630000000001e-03 1.2793429016956885e+19 9.0752274060713424e+16
7.1291250000000000e-03 1.2903671918846304e+19 9.1991890068445152e+16
7.1647650000000000e-03 1.3015982507824906e+19 9.3256455912676112e+16
7.2005819999999996e-03 1.3127697413941926e+19 9.4527061700276768e+16
7.2365789999999999e-03 1.3241030424426572e+19 9.5819762707766416e+16
7.2727560000000000e-03 1.3355198205861554e+19 9.7129097882868848e+16
7.3091129999999999e-03 1.3470238659640039e+19 9.8455496500277584e+16
7.3456530000000006e-03 1.3587784003393485e+19 9.9811146327879376e+16
7.3823750000000000e-03 1.3702966327820906e+19 1.0116043604434686e+17
7.4192799999999995e-03 1.3820702437993034e+19 1.0253966118415294e+17
7.4563699999999995e-03 1.3939525395444040e+19 1.0393825897282707e+17
7.4936459999999996e-03 1.4062558740374301e+19 1.0537983705457091e+17
7.5311079999999999e-03 1.4181710255225446e+19 1.0680399155681040e+17
7.5687569999999997e-03 1.4921805883108438e+19 1.1293952273041818e+17
7.6065940000000004e-03 1.4420843155944647e+19 1.0969349902494962e+17
7.6446209999999999e-03 1.4541466753883273e+19 1.1116400211753790e+17
7.6828370000000005e-03 1.4663029700275417e+19 1.1265366711337490e+17
7.7212449999999998e-03 1.4785495638577828e+19 1.1416243427189086e+17
7.7598440000000001e-03 1.4908866053791394e+19 1.1569047479431683e+17
7.7986370000000006e-03 1.5033270336465160e+19 1.1723901827695966e+17
7.8376239999999996e-03 1.5158667090722300e+19 1.1880793299825526e+17
7.8768050000000006e-03 1.5284545273596602e+19 1.2039338263379210e+17
7.9161820000000008e-03 1.5411284882148358e+19 1.2199853598093496e+17
7.9557559999999996e-03 1.5539107992067611e+19 1.2362535164253984e+17
7.9955280000000000e-03 1.5667812582567002e+19 1.2527243420266678e+17
8.0354989999999998e-03 1.5797402249468264e+19 1.2694000997819998e+17
8.0756700000000001e-03 1.5928189177419190e+19 1.2863079949440883e+17
8.1160409999999992e-03 1.6063337312750170e+19 1.3037070422711019e+17
8.1566150000000007e-03 1.6204022814467541e+19 1.3216997554882818e+17
8.1973910000000001e-03 1.6324531510672867e+19 1.3381856768480616e+17
8.2383710000000013e-03 1.6458462786270902e+19 1.3559092252299342e+17
8.2795559999999987e-03 1.6593276610790679e+19 1.3738496292253160e+17
8.3209459999999992e-03 1.6728994830288114e+19 1.3920106261710654e+17
8.3625439999999995e-03 1.6865602854564907e+19 1.4103934595782462e+17
8.4043490000000002e-03 1.7003104286514534e+19 1.4290002250726414e+17
8.4463640000000013e-03 1.7147867322738618e+19 1.4483712923155587e+17
8.4885889999999995e-03 1.7280761842549395e+19 1.4668928488828451e+17
8.5310239999999999e-03 1.7420924012650117e+19 1.4861832085409446e+17
8.5736720000000009e-03 1.7561989678103097e+19 1.5057073916744157e+17
8.6165330000000009e-03 1.7703962543139875e+19 1.5254677748372867e+17
8.6596090000000004e-03 1.7846848552437860e+19 1.5454673034632787e+17
8.7028990000000001e-03 1.7992589714028274e+19 1.5658769102962694e+17
8.7464060000000000e-03 1.8149896319959867e+19 1.5874636207227491e+17
8.7901310000000014e-03 1.8280922397504823e+19 1.6069170267490150e+17
8.8340739999999991e-03 1.8428108504755153e+19 1.6279527421103635e+17
8.8782370000000006e-03 1.8574868115059986e+19 1.6491208136924586e+17
8.9226200000000009e-03 1.8723190990496268e+19 1.6705991839562182e+17
8.9672260000000000e-03 1.8873015066402394e+19 1.6923859140183526e+17
9.0120539999999985e-03 1.9022799947343348e+19 1.7143450035665539e+17
9.0571070000000000e-03 1.9190460393012359e+19 1.7381005315877498e+17
9.1023849999999993e-03 1.9326220348128764e+19 1.7591469820350202e+17
9.1478889999999993e-03 1.9483170072186163e+19 1.7822987718848099e+17
9.1936199999999996e-03 1.9633513692062929e+19 1.8050306414962358e+17
9.2395810000000002e-03 1.9788750552203960e+19 1.8283976361588323e+17
9.2857710000000000e-03 1.9944874166103781e+19 1.8520353413025568e+17
9.3321919999999996e-03 2.0102152496129241e+19 1.8759714670715731e+17
9.3788450000000002e-03 2.0260511256971645e+19 1.9002019469989222e+17
9.4257310000000014e-03 2.0424461466474017e+19 1.9251547960284963e+17
9.4728520000000004e-03 2.0580547245380219e+19 1.9495647813449450e+17
9.5202080000000005e-03 2.0742265881156055e+19 1.9747068557990893e+17
9.5678009999999990e-03 2.0906745365428675e+19 2.0003157921409382e+17
9.6156310000000012e-03 2.1079237194397573e+19 2.0269016662280237e+17
9.6637010000000002e-03 2.1234916757850391e+19 2.0520788630775558e+17
9.7120119999999990e-03 2.1401071686030832e+19 2.0784746502759165e+17
9.7605629999999999e-03 2.1572125427177861e+19 2.1055608927587142e+17
9.8093579999999989e-03 2.1738108192321151e+19 2.1323688550121101e+17
9.8583960000000002e-03 2.1908733814696960e+19 2.1598497380387325e+17
9.9076799999999986e-03 2.2080846196405142e+19 2.1876995824319926e+17
9.9572099999999993e-03 2.2254651463497212e+19 2.2159423809884906e+17
1.0006990000000000e-02 2.2429839389258752e+19 2.2445517846991843e+17
1.0057010000000000e-02 2.2608548424390955e+19 2.2737439758958406e+17
1.0107290000000001e-02 2.2785927643918279e+19 2.3030397861609882e+17
1.0157820000000000e-02 2.2966962307979694e+19 2.3329426907124230e+17
1.0208600000000000e-02 2.6224988782383129e+19 2.6772042048383642e+17
1.0259629999999999e-02 2.3313872776379228e+19 2.3919170855272358e+17
1.0310919999999999e-02 2.3481147581963649e+19 2.4211223422582061e+17
1.0362470000000000e-02 2.3646164099021300e+19 2.4503266609118525e+17
1.0414270000000000e-02 2.3814606750877647e+19 2.4801174464746256e+17
1.0466329999999999e-02 2.3985528212880605e+19 2.5104045350031866e+17
1.0518660000000001e-02 2.4155956809889120e+19 2.5408829665790832e+17
1.0571239999999999e-02 2.4387305338923606e+19 2.5780405769104275e+17
1.0624090000000001e-02 2.4672352563229897e+19 2.6212129414348515e+17
1.0677200000000000e-02 2.4676129714386690e+19 2.6347197218644957e+17
1.0730580000000000e-02 2.4852002281196925e+19 2.6667639863856611e+17
1.0784219999999999e-02 2.5027466973410632e+19 2.6990170988399437e+17
1.0838130000000000e-02 2.5204952732654166e+19 2.7317455436036109e+17
1.0892310000000001e-02 2.5393859448361951e+19 2.7659778920798739e+17
1.0946770000000001e-02 2.5564090029996012e+19 2.7984421381765949e+17
1.1001490000000001e-02 2.5798592469855556e+19 2.8382295707119123e+17
1.1056490000000000e-02 2.5926302746693247e+19 2.8665390705578643e+17
1.1111760000000000e-02 2.6110095577168159e+19 2.9012911563055405e+17
1.1167310000000000e-02 2.6293431034181976e+19 2.9362689532233069e+17
1.1223140000000001e-02 2.6478767733703295e+19 2.9717491730283482e+17
1.1279239999999999e-02 2.6665282202161009e+19 3.0076411762590253e+17
1.1335629999999999e-02 2.6852994037761466e+19 3.0439560480427002e+17
1.1392300000000001e-02 2.7041896789880726e+19 3.0806940079935821e+17
1.1449249999999999e-02 2.7403206906679325e+19 3.1374616667629824e+17
1.1506489999999999e-02 2.7421937315261354e+19 3.1553024749868160e+17
1.1564010000000000e-02 2.7612932649018282e+19 3.1931622928257389e+17
1.1621820000000000e-02 2.7806504249547104e+19 3.2316218721747149e+17
1.1679920000000000e-02 2.7999084535034384e+19 3.2702706744243878e+17
1.1738310000000000e-02 2.8202614923194286e+19 3.3105103677908070e+17
1.1796989999999999e-02 2.8388769611715428e+19 3.3490203122171072e+17
1.1855960000000000e-02 2.8587254581810287e+19 3.3892934683175949e+17
1.1915229999999999e-02 2.8791020514335494e+19 3.4305163136302566e+17
1.1974800000000001e-02 2.8983225916332605e+19 3.4706833370289971e+17
1.2034660000000001e-02 2.9183703023879193e+19 3.5121594343335802e+17
1.2094829999999999e-02 3.0385712955792511e+19 3.6751003262910790e+17
1.2155290000000001e-02 2.9587120058451218e+19 3.5964002457529152e+17
1.2216060000000001e-02 2.9775879348980998e+19 3.6374392867991283e+17
1.2277129999999999e-02 2.9972605497544790e+19 3.6797757413207206e+17
1.2338500000000001e-02 3.0170385085487809e+19 3.7225729637729133e+17
1.2400180000000000e-02 3.0370134243632792e+19 3.7659513124521050e+17
1.2462170000000000e-02 3.0570207681527534e+19 3.8097112506250195e+17
1.2524470000000001e-02 3.0833712853635101e+19 3.8617591162396723e+17
1.2587090000000000e-02 3.0970767528463524e+19 3.8983183824984794e+17
1.2650010000000000e-02 3.1180376812883780e+19 3.9443207848674790e+17
1.2713250000000001e-02 3.1375589398030103e+19 3.9888571191450624e+17
1.2776810000000000e-02 3.2041629210424300e+19 4.0938980851204128e+17
1.2840680000000000e-02 3.1779645448224305e+19 4.0807225771410490e+17
1.2904870000000001e-02 3.2012585964394172e+19 4.1311826023433146e+17
1.2969379999999999e-02 3.2182107545752277e+19 4.1738198196172864e+17
1.3034219999999999e-02 3.2617962608028402e+19 4.2514970058481594e+17
1.3099380000000001e-02 3.2584707674118222e+19 4.2683946801219078e+17
1.3164870000000000e-02 3.2802382178877395e+19 4.3183909707523763e+17
1.3230680000000000e-02 3.3116458262879109e+19 4.3815326200950938e+17
1.3296820000000001e-02 3.3279392131053142e+19 4.4251008687603008e+17
1.3363290000000000e-02 3.3454591387701072e+19 4.4706340654535187e+17
1.3430099999999999e-02 3.3692867925187658e+19 4.5249858552206272e+17
1.3497239999999999e-02 3.3803169920570634e+19 4.5624949717872275e+17
1.3564710000000001e-02 3.3989379534493929e+19 4.6105607646534515e+17
1.3601530000000001e-02 3.3929348701390393e+19 4.6149105424242246e+17
1.3638450000000000e-02 3.4046735084076614e+19 4.6434469410742470e+17
1.3706450000000000e-02 3.4246316966194070e+19 4.6939543118129069e+17
1.3774789999999999e-02 3.4447311540647186e+19 4.7450448253699142e+17
1.3843460000000000e-02 3.4649599702564188e+19 4.7967034749845926e+17
1.3912490000000000e-02 3.4859082970642416e+19 4.8497664323823290e+17
1.3981850000000001e-02 3.5058096581115568e+19 4.9017704768267072e+17
1.4051560000000001e-02 3.5264133792827662e+19 4.9551609183794554e+17
1.4121620000000000e-02 3.5472631486980059e+19 5.0093102225916736e+17
1.4192030000000001e-02 3.5679620833580368e+19 5.0636624925879763e+17
1.4262790000000001e-02 3.5888968539044000e+19 5.1187682158899142e+17
1.4333900000000000e-02 3.6099449204510962e+19 5.1744589495253965e+17
1.4405360000000001e-02 3.6320373910362321e+19 5.2320806151337696e+17
1.4477190000000001e-02 3.6522859353278505e+19 5.2874837420069005e+17
1.4549369999999999e-02 3.6736596633464807e+19 5.3449433696103386e+17
1.4621910000000000e-02 3.6953488014993236e+19 5.4033057594130976e+17
1.4694810000000001e-02 3.7168306457459065e+19 5.4618120141413408e+17
1.4768079999999999e-02 3.7379980142453703e+19 5.5203053714216768e+17
1.4841710000000001e-02 3.7598360353892114e+19 5.5802396084796416e+17
1.4915699999999999e-02 3.7813197762226782e+19 5.6401031386204595e+17
1.4990069999999999e-02 3.8076801897068904e+19 5.7077392581319565e+17
1.5064810000000000e-02 3.8251206144168116e+19 5.7624715283272525e+17
1.5139919999999999e-02 3.8467790097259479e+19 5.8239926464930074e+17
1.5215400000000000e-02 3.8694861272873501e+19 5.8875779221127949e+17
1.5291270000000001e-02 3.8905905709969449e+19 5.9492070880568461e+17
1.5367509999999999e-02 3.9127046128079143e+19 6.0128527264371750e+17
1.5444129999999999e-02 3.9346725973693178e+19 6.0767595101209395e+17
1.5521129999999999e-02 3.9596661648860054e+19 6.1458493301797120e+17
1.5598509999999999e-02 3.9797859118404346e+19 6.2078730343702131e+17
1.5676280000000001e-02 4.0011169601891762e+19 6.2722629780674381e+17
1.5754440000000001e-02 4.0233404476473680e+19 6.3385475682033600e+17
1.5832990000000002e-02 4.0456124134766682e+19 6.4054140886451955e+17
1.5911930000000001e-02 4.0679650661138285e+19 6.4729175374448614e+17
1.5991269999999998e-02 4.0902774455217054e+19 6.5408731006247872e+17
1.6071000000000002e-02 4.1126749417736954e+19 6.6094798989245069e+17
1.6151119999999998e-02 4.1350967398639280e+19 6.6786443657151078e+17
1.6231649999999997e-02 4.1584433798450536e+19 6.7498397486461952e+17
1.6312580000000000e-02 4.1800631359833448e+19 6.8187614310779187e+17
1.6393910000000001e-02 4.2030092175976096e+19 6.8903754842465638e+17
1.6475650000000001e-02 4.2251553868856639e+19 6.9612181349942797e+17
1.6557789999999999e-02 4.2477566419514606e+19 7.0333462448537472e+17
1.6640340000000000e-02 4.2802662391692943e+19 7.1225085510298381e+17
1.6723310000000002e-02 4.2931064473675178e+19 7.1794949982325696e+17
1.6806689999999999e-02 4.3155004792159420e+19 7.2529278749033779e+17
1.6890479999999999e-02 4.3381097277396206e+19 7.3272755594191501e+17
1.6974699999999999e-02 4.3667074972614803e+19 7.4123549753764442e+17
1.7059329999999998e-02 4.3955265001410839e+19 7.4984737089651789e+17
1.7144380000000001e-02 4.4062851832315290e+19 7.5543027569690970e+17
1.7229860000000000e-02 4.4285008862819623e+19 7.6302450280514125e+17
1.7315770000000001e-02 4.4508280631906124e+19 7.7069515051754112e+17
1.7402100000000000e-02 4.4734773531923677e+19 7.7847900247988902e+17
1.7488859999999998e-02 4.4959108057047343e+19 7.8628354653457293e+17
1.7576059999999998e-02 4.5184803562467795e+19 7.9417081850214758e+17
1.7663689999999999e-02 4.5411587122660688e+19 8.0213619734267034e+17
1.7751760000000002e-02 4.5636860138007282e+19 8.1013458832347226e+17
1.7840270000000002e-02 4.5864526291600171e+19 8.1823553246424589e+17
1.7929219999999999e-02 4.6090111174412739e+19 8.2635974307050432e+17
1.8018609999999997e-02 4.6316646705561985e+19 8.3456159349530611e+17
1.8108440000000000e-02 4.6558217776464691e+19 8.4309669311204429e+17
1.8198730000000000e-02 4.6770012590055178e+19 8.5115483122301491e+17
1.8289470000000002e-02 4.6996771422449705e+19 8.5954604102775130e+17
1.8380649999999998e-02 4.7253003101810336e+19 8.6854091146329011e+17
1.8472300000000001e-02 4.7455626319917310e+19 8.7661456606940851e+17
1.8564399999999998e-02 4.7680167730871583e+19 8.8515370582299238e+17
1.8656949999999999e-02 4.7903896843185660e+19 8.9374060820847258e+17
1.8749970000000001e-02 4.8134767853872497e+19 9.0252545321707379e+17
1.8843459999999999e-02 4.8357891212731564e+19 9.1122998875145869e+17
1.8937409999999998e-02 4.8585096758977962e+19 9.2007589721443674e+17
1.9031830000000000e-02 4.8824052031725339e+19 9.2921105817895117e+17
1.9126720000000000e-02 4.9039738534091489e+19 9.3796934781477837e+17
1.9222079999999999e-02 4.9267208468729102e+19 9.4701822256258829e+17
1.9317920000000002e-02 4.9498211572960215e+19 9.5620249130951974e+17
1.9414230000000001e-02 4.9722729475821593e+19 9.6532850627137984e+17
1.9511030000000002e-02 4.9950831422646534e+19 9.7459217041219930e+17
1.9608310000000000e-02 5.0722512928297542e+19 9.9458275747706598e+17
1.9706069999999999e-02 5.0466605693655163e+19 9.9449846446156710e+17
1.9804320000000000e-02 5.0622790168266572e+19 1.0025499357852050e+18
1.9903060000000000e-02 5.0958581270198002e+19 1.0142317005356270e+18
2.0002289999999999e-02 5.1063932547756368e+19 1.0213955873606616e+18
2.0102019999999998e-02 5.1281587396895302e+19 1.0308634954841372e+18
2.0202249999999998e-02 5.1498237888229548e+19 1.0403802763774853e+18
2.0302970000000000e-02 5.1729830189877354e+19 1.0502691904501742e+18
2.0404200000000001e-02 5.1935303146222084e+19 1.0596983124561446e+18
2.0505929999999999e-02 5.2153751439603712e+19 1.0694611762579128e+18
2.0608170000000002e-02 5.2392294868532027e+19 1.0797093193408358e+18
2.0710920000000001e-02 5.2590023984455844e+19 1.0891877795401463e+18
2.0814180000000002e-02 5.2813985156292641e+19 1.0992797935604032e+18
2.0917950000000001e-02 5.3025554672119103e+19 1.1091859013536539e+18
2.1022249999999999e-02 5.3245477061505876e+19 1.1193397301562419e+18
2.1127060000000000e-02 5.3467581738505380e+19 1.1296128074443075e+18
2.1232390000000000e-02 5.3757124460663431e+19 1.1413922318273457e+18
2.1338259999999998e-02 5.3892733358685921e+19 1.1499771565183133e+18
2.1444640000000001e-02 5.4109170050784379e+19 1.1603516724378527e+18
2.1551559999999997e-02 5.4361458950044819e+19 1.1715742442494277e+18
2.1659020000000001e-02 5.4538260585564479e+19 1.1812452767879529e+18
2.1766999999999998e-02 5.4752489478220595e+19 1.1917974384724275e+18
2.1875530000000001e-02 5.4966825307295924e+19 1.2024284360145114e+18
2.1984600000000000e-02 5.5180567170245689e+19 1.2131226970109834e+18
2.2094210000000000e-02 5.5423281696728728e+19 1.2245336246966807e+18
2.2204370000000001e-02 5.5607345556318822e+19 1.2347260754503590e+18
2.2315069999999999e-02 5.5820124465555784e+19 1.2456299848575898e+18
2.2426330000000001e-02 5.6032687542804840e+19 1.2566075416218307e+18
2.2538139999999998e-02 5.6256462148895736e+19 1.2679160198165128e+18
2.2650520000000000e-02 5.6456874881682301e+19 1.2787775736450427e+18
2.2763449999999998e-02 5.6669576367092818e+19 1.2899950681534989e+18
2.2876940000000002e-02 5.6879950983261405e+19 1.3012392258470124e+18
2.2991000000000001e-02 5.7106612912053019e+19 1.3129381374610109e+18
2.3105630000000002e-02 5.7327921512776253e+19 1.3245977431432484e+18
2.3220829999999998e-02 5.7512736121062597e+19 1.3354934683020539e+18
2.3336610000000001e-02 5.7721248488033288e+19 1.3470182646783224e+18
2.3452960000000002e-02 5.7930775388721701e+19 1.3586481579606746e+18
2.3569890000000000e-02 5.8140128576055394e+19 1.3703564351234824e+18
2.3687409999999999e-02 5.8350123715747758e+19 1.3821633040056404e+18
2.3805510000000002e-02 5.8793148738577310e+19 1.3996008902276897e+18
2.3924200000000000e-02 5.8764918121232187e+19 1.4059036541159831e+18
2.4043479999999999e-02 5.9094433640500240e+19 1.4208358333466947e+18
2.4163350000000000e-02 5.9168568852450812e+19 1.4297108381808673e+18
2.4283829999999999e-02 5.9370503165853295e+19 1.4417432058940431e+18
2.4404900000000000e-02 5.9571472090562814e+19 1.4538358192229765e+18
2.4526579999999999e-02 5.9781323767852442e+19 1.4662314198981343e+18
2.4648920000000001e-02 5.9977092947918889e+19 1.4783705659058168e+18
2.4771930000000001e-02 6.0243505464264540e+19 1.4923479003153787e+18
2.4895549999999999e-02 6.0368684831236481e+19 1.5029116116502894e+18
2.5019780000000002e-02 6.0564400416470942e+19 1.5153079742520115e+18
2.5144639999999999e-02 6.0759775669070938e+19 1.5277826856795479e+18
2.5270120000000000e-02 6.0959635542564790e+19 1.5404573053168773e+18
2.5396220000000001e-02 6.1150974537707610e+19 1.5530036025740209e+18
2.5522960000000001e-02 6.1343609911554884e+19 1.5656705020282189e+18
2.5650329999999999e-02 6.1537505588492517e+19 1.5784573257216773e+18
2.5778330000000002e-02 6.1739244834085110e+19 1.5915346272838413e+18
2.5906970000000001e-02 6.1929493425324442e+19 1.6044055282850778e+18
2.6036250000000000e-02 6.2119281291229135e+19 1.6173531375187645e+18
2.6166180000000001e-02 6.2349482958991213e+19 1.6314477940118968e+18
2.6296759999999999e-02 6.2502110851868787e+19 1.6436030085649889e+18
2.6427990000000002e-02 6.2693725167834743e+19 1.6568691417982851e+18
2.6559869999999999e-02 6.2924009500064023e+19 1.6712535122004654e+18
2.6692419999999998e-02 6.3076470607169364e+19 1.6836636455642196e+18
2.6825620000000001e-02 6.3268169483629887e+19 1.6972078726634516e+18
2.6959489999999999e-02 6.3458628409054626e+19 1.7108122580076239e+18
2.7094020000000000e-02 6.3649476830245134e+19 1.7245201982281981e+18
2.7229230000000000e-02 6.3844420219575124e+19 1.7384344023754616e+18
2.7365110000000002e-02 6.4031886419711312e+19 1.7522396153829064e+18
2.7501670000000002e-02 6.4223445194105356e+19 1.7662519959913715e+18
2.7638909999999999e-02 6.4444239187500212e+19 1.7811685269217915e+18
2.7776840000000001e-02 6.4721781183524168e+19 1.7977665604497615e+18
2.7915460000000000e-02 6.4868613314946163e+19 1.8108371802488471e+18
2.8054760000000002e-02 6.5000719601571619e+19 1.8235795882493875e+18
2.8194759999999999e-02 6.5174488742920724e+19 1.8375790682293514e+18
2.8335460000000000e-02 6.5353741453467705e+19 1.8518283268050760e+18
2.8476870000000001e-02 6.5541757520942850e+19 1.8664241084954120e+18
2.8618970000000001e-02 6.5727499104626229e+19 1.8810533250503250e+18
2.8761790000000002e-02 6.5940235238772408e+19 1.8965591984881720e+18
2.8905319999999998e-02 6.6308586823673946e+19 1.9166709208860790e+18
2.9049570000000000e-02 6.6296406024205877e+19 1.9258820875485903e+18
2.9194530000000000e-02 6.6483683336504517e+19 1.9409598876780813e+18
2.9340220000000000e-02 6.6673580347358749e+19 1.9562175155791821e+18
2.9486640000000001e-02 6.6865659224243167e+19 1.9716436219079375e+18
2.9633790000000000e-02 6.7377139088633184e+19 1.9966399905533471e+18
2.9781670000000000e-02 6.7243863235679699e+19 2.0026345444101450e+18
2.9930289999999998e-02 6.7416015415492149e+19 2.0177808920301504e+18
3.0079649999999999e-02 6.7597375710587240e+19 2.0333054022929654e+18
3.0229759999999998e-02 6.8105822738668478e+19 2.0588226759924908e+18
3.0380610000000002e-02 6.7969238365963035e+19 2.0649469227933604e+18
3.0532219999999999e-02 6.8137282353889649e+19 2.0803824950310766e+18
3.0684590000000001e-02 6.8546253678792884e+19 2.1033136901697516e+18
3.0837710000000001e-02 6.8495284486098870e+19 2.1122377193498161e+18
3.0991599999999998e-02 6.8687909978066575e+19 2.1287482308762478e+18
3.1146260000000002e-02 6.8860675367586644e+19 2.1447524987744494e+18
3.1301690000000000e-02 6.9057760155446174e+19 2.1616246004801280e+18
3.1457890000000002e-02 6.9247145762819391e+19 2.1783690942207386e+18
3.1614879999999998e-02 6.9430812119412539e+19 2.1950467934577731e+18
3.1772650000000000e-02 6.9638241099924324e+19 2.2125914610835105e+18
3.1931200000000000e-02 7.0158145227226055e+19 2.2402337668796006e+18
3.2090550000000002e-02 7.0021737157496504e+19 2.2470360573394995e+18
3.2250689999999999e-02 7.0207109760688710e+19 2.2642277326879457e+18
3.2411630000000004e-02 7.0559325123930399e+19 2.2869427389665364e+18
3.2573369999999997e-02 7.0595199669139907e+19 2.2995235590467715e+18
3.2735920000000002e-02 7.0895678904371323e+19 2.3208352729591875e+18
3.2899289999999998e-02 7.1002806413324190e+19 2.3359419190058122e+18
3.3063459999999996e-02 7.1215120080372564e+19 2.3546182741725947e+18
3.3228460000000001e-02 7.1438886965670273e+19 2.3738041979832960e+18
3.3394280000000005e-02 7.1665151090594922e+19 2.3932061217616328e+18
3.3560929999999996e-02 7.1892899500373262e+19 2.4127925676290616e+18
3.3728409999999993e-02 7.2147246696591376e+19 2.4334119169537792e+18
3.3896720000000005e-02 7.2379486288683762e+19 2.4534271804713528e+18
3.4065880000000000e-02 7.2640272099689472e+19 2.4745547925153695e+18
3.4235880000000003e-02 7.2902081285841584e+19 2.4958669066523182e+18
3.4406720000000002e-02 7.4049032440189174e+19 2.5477843254405059e+18
3.4578419999999999e-02 7.3467450303874867e+19 2.5403883529365125e+18
3.4750980000000001e-02 7.3618724835371999e+19 2.5583228343795159e+18
3.4924400000000001e-02 7.3954671321659228e+19 2.5828225231061555e+18
3.5098680000000000e-02 7.4991848881715937e+19 2.6321149065077053e+18
3.5273840000000001e-02 7.4296412788794540e+19 2.6207197772858926e+18
3.5449860000000000e-02 7.4591751188051067e+19 2.6442671367712440e+18
3.5626770000000002e-02 7.4719402883184624e+19 2.6620109810565555e+18
3.5804559999999999e-02 7.4931593362597462e+19 2.6828927304467226e+18
3.5983229999999998e-02 7.5730166458239320e+19 2.7250159976051108e+18
3.6162799999999995e-02 7.5387219147977622e+19 2.7262129286044846e+18
3.6343260000000002e-02 7.5628291446077047e+19 2.7485786593805542e+18
3.6524630000000002e-02 7.5866824880564814e+19 2.7710077080374241e+18
3.6706900000000001e-02 7.6295771975065780e+19 2.8005812723115423e+18
3.6890070000000004e-02 7.8611041202589811e+19 2.8999668127364224e+18
3.7074170000000004e-02 7.6502169534774673e+19 2.8362544387010575e+18
3.7259180000000003e-02 7.6604026229177418e+19 2.8542032019976428e+18
3.7445109999999997e-02 7.6724330501851759e+19 2.8729509953181942e+18
3.7631979999999995e-02 7.6842178305280492e+19 2.8917233171407488e+18
3.7819769999999996e-02 7.6990613378137096e+19 2.9117672901200676e+18
3.8008500000000001e-02 7.7144221356166250e+19 2.9321361374158449e+18
3.8198179999999998e-02 7.7323120425833071e+19 2.9536024721876480e+18
3.8388800000000001e-02 7.7519808819798917e+19 2.9758924368214968e+18
3.8580370000000003e-02 7.7714042710832366e+19 2.9982365219797161e+18
3.8772899999999999e-02 7.7925012860253913e+19 3.0213787311293389e+18
3.8966389999999997e-02 7.8162061944115888e+19 3.0456933889185777e+18
3.9160840000000002e-02 7.8412574939874066e+19 3.0707023012084183e+18
3.9356259999999997e-02 7.8683760773811372e+19 3.0966985467919212e+18
3.9552660000000003e-02 7.9320141102383907e+19 3.1373225721746161e+18
3.9750040000000000e-02 7.9276048826416300e+19 3.1512261118920008e+18
3.9948410000000004e-02 7.9617127037722771e+19 3.1805776339250350e+18
4.0147759999999998e-02 7.9948118259826409e+19 3.2097378643471283e+18
4.0348110000000000e-02 8.0309260503989666e+19 3.2403268768336302e+18
4.0549460000000002e-02 8.0698092226557526e+19 3.2722640628171054e+18
4.0751820000000001e-02 9.4210084411096220e+19 3.8392324021057992e+18
4.0955180000000001e-02 8.2662287637659533e+19 3.3854488694121211e+18
4.1159559999999998e-02 8.1218880317663019e+19 3.3429333775676698e+18
4.1364960000000006e-02 8.1234731599301968e+19 3.3602714232158623e+18
4.1571379999999998e-02 8.1286930991257256e+19 3.3792098972713318e+18
4.1778840000000005e-02 8.1362104941466812e+19 3.3992143644127519e+18
4.1987319999999995e-02 8.1483351417139151e+19 3.4212675506238746e+18
4.2196850000000001e-02 8.1573567034126221e+19 3.4421475721039693e+18
4.2407429999999996e-02 8.3268890266724876e+19 3.5312196351638159e+18
4.2619049999999999e-02 8.1842660672435683e+19 3.4880564473315697e+18
4.2831740000000000e-02 8.2048945548666929e+19 3.5142991030146591e+18
4.3045479999999997e-02 8.2211768301886472e+19 3.5388450282034877e+18
4.3260290000000000e-02 8.2365648352732234e+19 3.5631618337772186e+18
4.3476170000000001e-02 8.2597718352178348e+19 3.5910324446914258e+18
4.3693129999999997e-02 8.3036193878322479e+19 3.6281112138307482e+18
4.3911169999999999e-02 8.3150435953291624e+19 3.6512329287191004e+18
4.4130299999999997e-02 8.3631415229226959e+19 3.6906794434903542e+18
4.4350529999999999e-02 8.3887406241734771e+19 3.7204509271462451e+18
4.4571849999999996e-02 8.4207767898738213e+19 3.7532959996173747e+18
4.4794279999999999e-02 8.4628574581085241e+19 3.7908760657860147e+18
4.5017809999999998e-02 8.5161990273148125e+19 3.8338062973384305e+18
4.5242470000000000e-02 8.5590884631941186e+19 3.8723430302340603e+18
4.5468240000000000e-02 8.6126901281975091e+19 3.9160386179451510e+18
4.5695140000000002e-02 8.7296939727604646e+19 3.9890458824244562e+18
4.5923169999999999e-02 8.7388016597693972e+19 4.0131347421787218e+18
4.6152340000000000e-02 8.7957424121621496e+19 4.0594409435852764e+18
4.6382659999999999e-02 8.8646647724652790e+19 4.1116673215523441e+18
4.6614120000000002e-02 8.9569293924791271e+19 4.1751938153254917e+18
4.6846739999999998e-02 9.0355508964474995e+19 4.2328610360264289e+18
4.7080520000000001e-02 9.3635809197633634e+19 4.4084225876453745e+18
4.7315469999999998e-02 9.1767620370965381e+19 4.3420280886338012e+18
4.7551580000000003e-02 9.2190955751971766e+19 4.3838256077163459e+18
4.7788879999999999e-02 9.2983244470175908e+19 4.4435651119958999e+18
4.8027360000000005e-02 9.3699045779681886e+19 4.5001178033172634e+18
4.8267029999999995e-02 9.8029336160207143e+19 4.7315849093248020e+18
4.8507900000000000e-02 1.6253993537576190e+20 7.8844709312139203e+18
4.8749969999999997e-02 9.4744516336891642e+19 4.6187923290879775e+18
4.8993250000000002e-02 9.4548830231460495e+19 4.6322544767375022e+18
4.9237740000000002e-02 9.3691077224983970e+19 4.6131369007236823e+18
4.9483449999999998e-02 9.4465320012976407e+19 4.6744699395961170e+18
4.9722090000000004e-02 9.2696912579190211e+19 4.6090842299846282e+18
4.9953589999999999e-02 9.2244732784613851e+19 4.6079555611821583e+18
5.0186169999999995e-02 9.2013620956534276e+19 4.6178112236401910e+18
5.0419820000000004e-02 9.1317424604998910e+19 4.6042081114476165e+18
5.0654570000000003e-02 9.0902734311781794e+19 4.6046389183875528e+18
5.0890410000000004e-02 9.0640386645083079e+19 4.6127264389268029e+18
5.1127350000000002e-02 9.1730508604258763e+19 4.6899378190879498e+18
5.1365389999999997e-02 8.9694319857254826e+19 4.6071837202526382e+18
5.1604539999999997e-02 8.9320430096004202e+19 4.6093397077064525e+18
5.1844799999999996e-02 8.9003079157514109e+19 4.6143468383054868e+18
5.2086179999999996e-02 8.8710123102237999e+19 4.6205714397253263e+18
5.2328690000000004e-02 8.9116548170442605e+19 4.6633522230811587e+18
5.2571250000000000e-02 8.7960168465596629e+19 4.6241760064469965e+18
5.2813850000000002e-02 8.8128825401649971e+19 4.6544225654389320e+18
5.3057580000000000e-02 8.7440531330147500e+19 4.6393829862918072e+18
5.3302419999999996e-02 8.7765977211817951e+19 4.6781389790547487e+18
5.3548400000000003e-02 8.7086420698911605e+19 4.6633384901535980e+18
5.3795520000000006e-02 8.6951045971199033e+19 4.6775767325645578e+18
5.4043770000000005e-02 8.6608373859187376e+19 4.6806430369199350e+18
5.4293170000000002e-02 8.6378831175441121e+19 4.6897805654095247e+18
5.4554529999999997e-02 8.5003430156654068e+19 4.6373221805840886e+18
5.4827950000000000e-02 8.4863536703546966e+19 4.6528937472052378e+18
5.5102749999999999e-02 8.4881364840166621e+19 4.6771966264464916e+18
5.5378919999999998e-02 8.4703211160079909e+19 4.6907723545771725e+18
5.5656470000000000e-02 8.4873171892463518e+19 4.7237411452377385e+18
5.5935420000000000e-02 8.7288654507170415e+19 4.8825275510934702e+18
5.6215760000000004e-02 8.4674287894537060e+19 4.7600294464502006e+18
5.6497510000000001e-02 8.4685729698353119e+19 4.7845328604900024e+18
5.6780669999999998e-02 8.4886941003142660e+19 4.8199373844089119e+18
5.7065249999999998e-02 8.4886221680287580e+19 4.8440534617410304e+18
5.7351260000000001e-02 8.5037838300205285e+19 4.8770271741930312e+18
5.7638700000000001e-02 8.5286531681678344e+19 4.9158048136407542e+18
5.7927579999999999e-02 8.5464842236224029e+19 4.9507714858262467e+18
5.8217900000000003e-02 8.5785283529780462e+19 4.9942390580084060e+18
5.8509689999999996e-02 8.6135090777972081e+19 5.0397374595410053e+18
5.8802930000000003e-02 8.6562900278487499e+19 5.0901521656728812e+18
5.9097650000000002e-02 8.7043170550399779e+19 5.1440468280778332e+18
5.9393839999999996e-02 8.7753281936570319e+19 5.2120043868155474e+18
5.9691519999999998e-02 8.8191321776508207e+19 5.2642740476488745e+18
5.9990689999999999e-02 8.9024798692565303e+19 5.3406591006780908e+18
6.0291359999999995e-02 8.9578257833816080e+19 5.4007949912314255e+18
6.0593530000000000e-02 9.0415195290051215e+19 5.4785758482635766e+18
6.0897219999999995e-02 9.1243031387313324e+19 5.5564469558601247e+18
6.1202430000000002e-02 9.2172705952768066e+19 5.6411935839848714e+18
6.1509169999999995e-02 9.3181162118793806e+19 5.7314959415624479e+18
6.1817450000000003e-02 9.4987734530582610e+19 5.8718995299575644e+18
6.2127280000000000e-02 9.5424746014117052e+19 5.9284799145479342e+18
6.2438650000000005e-02 9.6588905518058193e+19 6.0308808655251046e+18
6.2751589999999996e-02 9.7968884227151479e+19 6.1477032557796762e+18
6.3066100000000000e-02 9.9203679815484097e+19 6.2563891916113019e+18
6.3382179999999996e-02 1.0062598121205037e+20 6.3778940538587945e+18
6.3699850000000002e-02 1.0216512120869170e+20 6.5079028962254807e+18
6.4019099999999995e-02 1.0375154631555609e+20 6.6420806187302164e+18
6.4339960000000002e-02 1.0623457932819540e+20 6.8351285845929185e+18
6.4662430000000007e-02 2.5840755376441305e+20 1.6709260356762597e+19
6.4986509999999997e-02 1.0603845571822613e+20 6.8910691629170596e+18
6.5312219999999990e-02 1.0488522437703193e+20 6.8502868492620718e+18
6.5639560000000000e-02 1.0383105498634022e+20 6.8154247636391782e+18
6.5968540000000006e-02 1.0289136528765474e+20 6.7875931466332631e+18
6.6299170000000004e-02 1.0238804055706180e+20 6.7882421068595354e+18
6.6631449999999995e-02 1.0092664241174477e+20 6.7248885275260508e+18
6.6965400000000008e-02 1.0004013434147907e+20 6.6992276122308833e+18
6.7301029999999998e-02 9.9338827092567507e+19 6.6856053823216988e+18
6.7638340000000005e-02 9.8419440031124718e+19 6.6569275474348247e+18
6.7977329999999989e-02 9.8510346924452921e+19 6.6964703612980204e+18
6.8318029999999988e-02 9.7050850213447483e+19 6.6303228964078100e+18
6.8660439999999989e-02 9.6278984052970570e+19 6.6105574078299412e+18
6.9004559999999993e-02 9.8464995176615887e+19 6.7945336675645010e+18
6.9350399999999993e-02 9.5278206259250512e+19 6.6075817153615258e+18
6.9697980000000007e-02 9.4237766624395035e+19 6.5681819734317537e+18
7.0047300000000007e-02 9.3699534288996123e+19 6.5633993882015990e+18
7.0398370000000002e-02 9.3136354061363577e+19 6.5566475136628756e+18
7.0751200000000000e-02 9.2618712688612721e+19 6.5528850651745761e+18
7.1105799999999997e-02 9.2192068530585731e+19 6.5553907865221222e+18
7.1462180000000000e-02 9.5369969505974845e+19 6.8153459274304850e+18
7.1820339999999996e-02 9.1381644888202510e+19 6.5630608056299663e+18
7.2180300000000003e-02 9.1027654117144920e+19 6.5704033824717558e+18
7.2542060000000005e-02 9.1039731312467476e+19 6.6042096512528947e+18
7.2905629999999999e-02 9.0373205002704896e+19 6.5887154458413517e+18
7.3271030000000001e-02 9.0283350847149277e+19 6.6151541084220006e+18
7.3638259999999997e-02 8.9937701513641378e+19 6.6228558478639176e+18
7.4007329999999996e-02 8.9901651367009812e+19 6.6533811802632458e+18
7.4378249999999993e-02 9.6809283305889579e+19 7.2005050760462807e+18
7.4751020000000001e-02 8.9427838690488926e+19 6.6848221585095117e+18
7.5125670000000005e-02 8.9218940765702537e+19 6.7026327017137162e+18
7.5502189999999997e-02 8.9261840396683035e+19 6.7394644333800376e+18
7.5880600000000006e-02 8.8896316049357554e+19 6.7455057996148818e+18
7.6260910000000001e-02 8.8966082667698078e+19 6.7846344233738834e+18
7.6643130000000004e-02 8.8754531811964944e+19 6.8024251197535652e+18
7.7027249999999992e-02 8.8848391892940358e+19 6.8437472944354898e+18
7.7413309999999999e-02 8.8716650846196105e+19 6.8678495941183416e+18
7.7801300000000004e-02 8.8764272768689046e+19 6.9059758149586074e+18
7.8191230000000000e-02 8.8859650805690221e+19 6.9480453938674094e+18
7.8583119999999992e-02 8.9136645338974568e+19 7.0046356970700790e+18
7.8976969999999994e-02 8.9669120194841035e+19 7.0817954155543542e+18
7.9372799999999993e-02 9.4152642915661103e+19 7.4731588956161853e+18
7.9770610000000006e-02 8.9534730043292860e+19 7.1422400317387981e+18
8.0170409999999998e-02 9.2450598847823380e+19 7.4118024143755274e+18
8.0572220000000000e-02 8.9740443917738066e+19 7.2305867902376530e+18
8.0976039999999999e-02 8.9880562848802243e+19 7.2781720524671242e+18
8.1381889999999998e-02 9.0074712175150531e+19 7.3304503180197612e+18
8.1789760000000003e-02 9.0534888948328104e+19 7.4048268387104082e+18
8.2199690000000006e-02 9.0605324716878561e+19 7.4477296040767560e+18
8.2611669999999998e-02 9.1303437369202229e+19 7.5427294378102026e+18
8.3025710000000003e-02 9.2364938097763271e+19 7.6686645646728448e+18
8.3441829999999995e-02 9.1713369661351035e+19 7.6527314000096102e+18
8.3860029999999988e-02 9.2167070558641046e+19 7.7291333020597535e+18
8.4280330000000001e-02 9.7030376438968680e+19 8.1777521463005051e+18
8.4702740000000012e-02 9.3137934958466531e+19 7.8890382889239030e+18
8.5127260000000010e-02 9.6276082797593756e+19 8.1957191320922921e+18
8.5553909999999997e-02 9.4244178781493740e+19 8.0629579894958244e+18
8.5982699999999995e-02 9.9934176845466092e+19 8.5926103474506568e+18
8.6413640000000000e-02 9.4919655304120369e+19 8.2023529223743478e+18
8.6846739999999992e-02 9.5310760159251808e+19 8.2774288067529001e+18
8.7281999999999998e-02 9.8617509554042864e+19 8.6075334688959693e+18
8.7719449999999990e-02 9.6278029434479575e+19 8.4454557890763581e+18
8.8159099999999990e-02 9.6820677946118963e+19 8.5356238291196948e+18
8.8600939999999989e-02 9.7286745350672138e+19 8.6196970876101796e+18
8.9044999999999999e-02 9.7765445880428429e+19 8.7055241284227492e+18
8.9491290000000001e-02 9.8415617735072350e+19 8.8073405872585032e+18
8.9939809999999995e-02 9.9023152802917253e+19 8.9061235486953452e+18
9.0390579999999998e-02 9.9728863295875187e+19 9.0145497960548700e+18
9.0843609999999991e-02 1.0319434912947333e+20 9.3745472065217126e+18
9.1298910000000011e-02 1.0667006424100486e+20 9.7388605948337213e+18
9.1756500000000005e-02 1.0217898649897691e+20 9.3755861746933760e+18
9.2216369999999992e-02 1.0401262181162392e+20 9.5916664176507802e+18
9.2678549999999998e-02 1.0361308197371647e+20 9.6027101983551795e+18
9.3143050000000005e-02 1.4628666749371153e+20 1.3625586384700148e+19
9.3609880000000006e-02 1.0370840388375649e+20 9.7081312425499791e+18
9.4079040000000003e-02 1.0291154110754071e+20 9.6818189923179663e+18
9.4550560000000006e-02 1.0246897197879527e+20 9.6884986832194007e+18
9.5024440000000002e-02 1.0208789152981176e+20 9.7008447234011054e+18
9.5500689999999999e-02 1.0199671947978716e+20 9.7407570880561152e+18
9.5979330000000002e-02 1.0148910596387018e+20 9.7408563927112643e+18
9.6460370000000004e-02 1.0302824192921066e+20 9.9381423369411748e+18
9.6943830000000009e-02 1.0139451185881098e+20 9.8295723205735567e+18
9.7429699999999994e-02 1.0076721283206537e+20 9.8177193160642785e+18
9.7918010000000000e-02 1.0058188224881367e+20 9.8487777518581596e+18
9.8408770000000007e-02 1.0156565938747056e+20 9.9949516145599324e+18
9.8901980000000000e-02 1.0041987154926715e+20 9.9317241275681894e+18
9.9397670000000007e-02 1.0039498346794703e+20 9.9790274364024545e+18
9.9895840000000014e-02 1.0066654977581919e+20 1.0056169549757272e+19
1.0039650000000000e-01 1.0051316323295307e+20 1.0091169792517173e+19
1.0089969999999999e-01 1.0066174588027342e+20 1.0156739960795824e+19
1.0140540000000001e-01 1.0090842155564779e+20 1.0232658851219087e+19
1.0191360000000001e-01 1.0387802408676758e+20 1.0586583395569197e+19
1.0242440000000000e-01 1.0471689053037168e+20 1.0725564682439002e+19
1.0293780000000000e-01 1.0173057322230060e+20 1.0471921400242534e+19
1.0345370000000000e-01 1.0342728263350908e+20 1.0699935069382257e+19
1.0397220000000000e-01 1.0215561790756687e+20 1.0621344336209123e+19
1.0449330000000001e-01 1.0443812984346354e+20 1.0913084833171991e+19
1.0501700000000000e-01 1.0246311111219554e+20 1.0760368539669438e+19
1.0554330000000001e-01 1.0491114127306262e+20 1.1072668056725232e+19
1.0607229999999999e-01 1.0765234204838817e+20 1.1418931521459243e+19
1.0660390000000000e-01 1.0614826809888401e+20 1.1315819357586620e+19
1.0713820000000000e-01 1.0321739252560249e+20 1.1058525643886504e+19
1.0767520000000000e-01 1.0364096034624487e+20 1.1159561133473987e+19
1.0821480000000000e-01 1.1092344002324436e+20 1.2003557877427384e+19
1.0875720000000000e-01 1.0362331217735334e+20 1.1269781287134853e+19
1.0930230000000001e-01 1.1083197093378833e+20 1.2114189336596212e+19
1.0985009999999999e-01 1.0331421482858665e+20 1.1349076830341726e+19
1.1040070000000000e-01 1.0368543347309655e+20 1.1446944435233290e+19
1.1095400000000000e-01 1.0382132254780870e+20 1.1519391021969566e+19
1.1151010000000000e-01 1.0274853927140778e+20 1.1457499889008609e+19
1.1206890000000000e-01 1.0561842908608607e+20 1.1836541167405670e+19
1.1263060000000000e-01 1.0356270515926244e+20 1.1664329619710824e+19
1.1319509999999999e-01 1.0234893210839446e+20 1.1585397604902922e+19
1.1376240000000000e-01 1.0229991964306507e+20 1.1637884378402226e+19
1.1433259999999999e-01 1.0720804011497749e+20 1.2257373967249674e+19
1.1490560000000001e-01 1.0168997425987478e+20 1.1684747506315469e+19
1.1548150000000000e-01 1.0091222350340486e+20 1.1653494938508448e+19
1.1606029999999999e-01 1.0137690016744248e+20 1.1765833446503424e+19
1.1664200000000000e-01 1.0180889273623852e+20 1.1875192866540333e+19
1.1722660000000000e-01 9.9851346464668238e+19 1.1705233851475077e+19
1.1781409999999999e-01 9.9528086136397054e+19 1.1725811892882096e+19
1.1840460000000000e-01 9.9237908561700356e+19 1.1750224868084705e+19
1.1899800000000001e-01 1.0134847738321894e+20 1.2060266111648289e+19
1.1959449999999999e-01 9.8734103875689071e+19 1.1808055785961095e+19
1.2019389999999999e-01 9.8372844342550233e+19 1.1823815815624049e+19
1.2079630000000000e-01 1.0253877184997022e+20 1.2386304246020557e+19
1.2140170000000000e-01 1.0071035193819857e+20 1.2226407932895601e+19
1.2201010000000000e-01 9.9858663206987973e+19 1.2183765483750922e+19
1.2262160000000000e-01 9.6913255033320489e+19 1.1883658393393811e+19
1.2323619999999999e-01 9.7414870756930175e+19 1.2005038495575198e+19
1.2385389999999999e-01 9.6016423940702159e+19 1.1892008569109330e+19
1.2447459999999999e-01 9.5616551464172077e+19 1.1901831996882233e+19
1.2509850000000000e-01 9.6090289209199165e+19 1.2020751044637002e+19
1.2572539999999999e-01 9.4946824701284516e+19 1.1937227514298876e+19
1.2635559999999998e-01 9.7991852361802056e+19 1.2381819300286915e+19
1.2698879999999999e-01 9.5314749164816892e+19 1.2103905618741098e+19
1.2762530000000000e-01 9.3797600509867524e+19 1.1970946904351996e+19
1.2826499999999999e-01 9.3414382531828761e+19 1.1981795775445015e+19
1.2890780000000002e-01 9.3092751082616848e+19 1.2000381738007757e+19
1.2955390000000000e-01 9.3277058662893027e+19 1.2084406730306576e+19
1.3020320000000002e-01 9.2449739970723971e+19 1.2037251983356168e+19
1.3085579999999999e-01 9.3133846135385719e+19 1.2187103943122807e+19
1.3151159999999998e-01 9.1938273195340841e+19 1.2090949409156385e+19
1.3217070000000000e-01 1.0146530565430470e+20 1.3410740474043410e+19
1.3283320000000001e-01 9.0812940041671688e+19 1.2062973427143385e+19
1.3349890000000000e-01 9.0003455863451025e+19 1.2015362353969263e+19
1.3416800000000001e-01 8.9295554227314999e+19 1.1980605919570399e+19
1.3484040000000000e-01 8.8443633057308754e+19 1.1925774858900736e+19
1.3551620000000000e-01 8.8107029357113229e+19 1.1939929811764429e+19
1.3619539999999999e-01 9.1364800601879233e+19 1.2443465563893182e+19
1.3687800000000000e-01 8.6472815098915668e+19 1.1836225985109379e+19
1.3756409999999999e-01 8.4995869092001399e+19 1.1692380235358988e+19
1.3825350000000000e-01 8.4042416159862194e+19 1.1619158182557508e+19
1.3894640000000000e-01 8.3101866453093417e+19 1.1546705176938099e+19
1.3964279999999998e-01 8.2305309592029659e+19 1.1493343886297879e+19
1.4034270000000001e-01 8.1380356792913740e+19 1.1421138999280857e+19
1.4104610000000001e-01 8.0436357666955297e+19 1.1345234547129143e+19
1.4175299999999999e-01 7.9576590650872005e+19 1.1280220454533059e+19
1.4246340000000002e-01 7.8758746193416864e+19 1.1220238762451225e+19
1.4317750000000001e-01 7.7951109615125807e+19 1.1160844996919677e+19
1.4389510000000003e-01 7.7200296833270989e+19 1.1108744432853215e+19
1.4461620000000000e-01 7.6453138508900909e+19 1.1056362369230916e+19
1.4534100000000000e-01 7.5716334252211601e+19 1.1004687736550687e+19
1.4606950000000002e-01 7.5052640512808780e+19 1.0962901673385724e+19
1.4680160000000000e-01 7.4360315805692690e+19 1.0916213336780976e+19
1.4753729999999998e-01 7.3904837859773121e+19 1.0903720234768703e+19
1.4827680000000001e-01 7.3175750179437281e+19 1.0850266074206386e+19
1.4901990000000001e-01 7.2938647173528592e+19 1.0869309907934515e+19
1.4976679999999998e-01 7.1884053492553507e+19 1.0765844662608560e+19
1.5051740000000000e-01 7.1303171144394670e+19 1.0732367932409309e+19
1.5127180000000001e-01 7.0875160917095178e+19 1.0721413167218639e+19
1.5203000000000000e-01 7.0244632362912457e+19 1.0679291458133580e+19
1.5279190000000001e-01 6.9721606638532542e+19 1.0652896749354000e+19
1.5355770000000002e-01 6.9209322770833867e+19 1.0627624423246877e+19
1.5432730000000000e-01 6.8871331019845878e+19 1.0628726563699061e+19
1.5510079999999998e-01 6.8259233986448966e+19 1.0587061798685422e+19
1.5587819999999999e-01 6.7808421745326399e+19 1.0569854726502337e+19
1.5665940000000000e-01 6.7392737482847773e+19 1.0557705818420443e+19
1.5744460000000002e-01 6.7327623951936463e+19 1.0600370822063057e+19
1.5823370000000000e-01 6.6653200787403555e+19 1.0546782577433778e+19
1.5902669999999999e-01 6.6125448457793126e+19 1.0515711854262929e+19
1.5982370000000001e-01 6.5734612721246052e+19 1.0505949023176614e+19
1.6062479999999998e-01 6.5344319286699819e+19 1.0495918216562301e+19
1.6142980000000001e-01 6.4989185115349213e+19 1.0491191155333802e+19
1.6223889999999999e-01 6.4643281748232716e+19 1.0487654923223351e+19
1.6305200000000000e-01 6.5861606246144623e+19 1.0738866621646373e+19
1.6386919999999999e-01 6.3959020389664940e+19 1.0480913504038081e+19
1.6469049999999999e-01 6.3486774737672290e+19 1.0455668674934618e+19
1.6551589999999999e-01 6.3111764437804368e+19 1.0446000491511183e+19
1.6634549999999998e-01 6.2857369075987030e+19 1.0456040487629599e+19
1.6717920000000000e-01 6.2406885532875096e+19 1.0433133197877633e+19
1.6801710000000000e-01 6.2063214590513365e+19 1.0427681332175743e+19
1.6885919999999999e-01 6.1737197040764682e+19 1.0424893702545891e+19
1.6970550000000001e-01 6.1624352544602587e+19 1.0457991560758055e+19
1.7055600000000001e-01 6.1092297604369580e+19 1.0419657910210859e+19
1.7141080000000000e-01 6.0790316111941812e+19 1.0420116717000835e+19
1.7226990000000000e-01 6.0494045676061745e+19 1.0421303199210590e+19
1.7313329999999999e-01 6.0210306064795320e+19 1.0424408983008027e+19
1.7400110000000002e-01 5.9939968806005219e+19 1.0429620506210597e+19
1.7487310000000000e-01 5.9672089166539358e+19 1.0435043216029153e+19
1.7574959999999998e-01 5.9426528340693901e+19 1.0444188585265615e+19
1.7663040000000002e-01 5.9179902305433035e+19 1.0452969816169560e+19
1.7751570000000000e-01 5.8933368319141945e+19 1.0461598130530306e+19
1.7840539999999999e-01 5.8705960362435133e+19 1.0473460340844384e+19
1.7929950000000000e-01 5.8488947678416585e+19 1.0487039074266255e+19
1.8019820000000000e-01 5.8273651751950303e+19 1.0500807153128290e+19
1.8110130000000002e-01 5.8067385152919020e+19 1.0516078938794334e+19
1.8200899999999998e-01 5.7892886911266456e+19 1.0537026453832696e+19
1.8292120000000001e-01 5.8527737908361716e+19 1.0705964051483015e+19
1.8383800000000000e-01 5.7464978442462421e+19 1.0564246706905407e+19
1.8475939999999999e-01 5.7253738441427362e+19 1.0578166362195055e+19
1.8568540000000000e-01 5.7046995662473626e+19 1.0592794208384680e+19
1.8661600000000000e-01 5.7004791931272151e+19 1.0638006251046283e+19
1.8755130000000000e-01 5.6741455518696260e+19 1.0641933746423658e+19
1.8849130000000000e-01 5.6423419651040322e+19 1.0635323720470137e+19
1.8943599999999999e-01 5.7470529388603408e+19 1.0886987205259475e+19
1.9038540000000001e-01 5.6106650151383794e+19 1.0681887031731266e+19
1.9133960000000000e-01 5.5931368259018605e+19 1.0701885630133316e+19
1.9229859999999999e-01 5.5586549225194390e+19 1.0689215594835966e+19
1.9326240000000000e-01 5.5768500110909604e+19 1.0777954175834657e+19
1.9423099999999999e-01 5.5082524805354013e+19 1.0698733875468714e+19
1.9520450000000000e-01 5.4798995149476413e+19 1.0697010448655968e+19
1.9618279999999999e-01 5.4573907921396736e+19 1.0706462062961791e+19
1.9716610000000001e-01 5.4298174067701268e+19 1.0705759218049796e+19
1.9815430000000001e-01 5.4028116063967511e+19 1.0705903518974237e+19
1.9914740000000000e-01 5.3775103834080526e+19 1.0709172113287168e+19
2.0014550000000000e-01 5.3851451481423462e+19 1.0778125682475239e+19
2.0114859999999998e-01 5.3289681328329662e+19 1.0719144793639651e+19
2.0215680000000000e-01 5.3039928167711736e+19 1.0722382150614469e+19
2.0316990000000001e-01 5.2799120797842563e+19 1.0727192092585595e+19
2.0418819999999999e-01 5.2773526689060610e+19 1.0775731422291245e+19
2.0521159999999999e-01 5.2325898497103192e+19 1.0737881352028142e+19
2.0624010000000001e-01 5.2086284515799597e+19 1.0742280527166962e+19
2.0727380000000001e-01 5.2045079125895127e+19 1.0787581321724963e+19
2.0831260000000001e-01 5.1737931614050812e+19 1.0777663053145123e+19
2.0935659999999998e-01 5.1501169752976998e+19 1.0782109795506102e+19
2.1040590000000001e-01 5.1240835751745913e+19 1.0781374163098276e+19
2.1146050000000000e-01 5.0997227278610432e+19 1.0783899178948602e+19
2.1252030000000000e-01 5.0777858185925738e+19 1.0791325655030393e+19
2.1358539999999998e-01 5.0553210613290615e+19 1.0797427710123919e+19
2.1465590000000001e-01 5.0354389871766626e+19 1.0808866876874951e+19
2.1573170000000000e-01 5.0030225603469353e+19 1.0793105620819970e+19
2.1681290000000000e-01 4.9812140316058345e+19 1.0799914597131526e+19
2.1789960000000000e-01 4.9646999574683124e+19 1.0818061348523622e+19
2.1899170000000001e-01 4.9449546107150975e+19 1.0829040166233375e+19
2.2008930000000002e-01 4.9237151242233979e+19 1.0836570150897408e+19
2.2119229999999998e-01 4.9037890206436614e+19 1.0846803721909189e+19
2.2230090000000002e-01 4.8894998359572783e+19 1.0869402140831554e+19
2.2341510000000001e-01 4.8604204943378047e+19 1.0858913307845300e+19
2.2453479999999998e-01 4.8395300584198513e+19 1.0866429137612894e+19
2.2566020000000001e-01 4.8198728865335419e+19 1.0876534795497363e+19
2.2679120000000000e-01 4.8080729033582789e+19 1.0904286234401081e+19
2.2792779999999999e-01 4.7761374436869087e+19 1.0886145000371808e+19
2.2907020000000000e-01 4.7591263425490657e+19 1.0901740231129829e+19
2.3021829999999999e-01 4.7333314563266986e+19 1.0896995212120568e+19
2.3137210000000000e-01 4.7106853147243397e+19 1.0899211537069314e+19
2.3253170000000001e-01 4.6891850232801190e+19 1.0903841650778657e+19
2.3369710000000002e-01 4.6671507111869661e+19 1.0906995864673317e+19
2.3486840000000000e-01 4.6541414942216700e+19 1.0931107661214530e+19
2.3604549999999999e-01 4.6287923735943045e+19 1.0926056102212545e+19
2.3722860000000001e-01 4.6028391544506991e+19 1.0919250886355231e+19
2.3841759999999998e-01 4.5820236814299300e+19 1.0924350892696883e+19
2.3961250000000001e-01 4.5581738051598803e+19 1.0921954208888719e+19
2.4081340000000001e-01 4.5362011617573642e+19 1.0923780248467409e+19
2.4202029999999999e-01 4.5203196424605688e+19 1.0940091159641995e+19
2.4323330000000001e-01 4.4942107318115992e+19 1.0931417071939502e+19
2.4445240000000001e-01 4.4723068555481375e+19 1.0932661443751956e+19
2.4567760000000002e-01 4.4632221586902958e+19 1.0965137082138511e+19
2.4690889999999999e-01 4.4296935204627145e+19 1.0937307544745763e+19
2.4814639999999999e-01 4.4158027776803676e+19 1.0957655623913834e+19
2.4939010000000000e-01 4.3858472529533411e+19 1.0937868849987590e+19
2.5063999999999997e-01 4.3650398455205528e+19 1.0940535868812712e+19
2.5189620000000001e-01 4.3429044691729850e+19 1.0939611327476922e+19
2.5315870000000001e-01 4.3217742623537603e+19 1.0940947539509369e+19
2.5442750000000003e-01 4.3047881305343492e+19 1.0952564820815282e+19
2.5570260000000000e-01 4.3334167191623156e+19 1.1080659219732740e+19
2.5698420000000000e-01 4.2588632766917460e+19 1.0944605720700070e+19
2.5827220000000001e-01 4.2372050923969020e+19 1.0943522810645512e+19
2.5956659999999998e-01 4.2154482120312455e+19 1.0941895598730293e+19
2.6086750000000003e-01 4.1936782297088066e+19 1.0939943555885621e+19
2.6217499999999999e-01 4.1730694642425438e+19 1.0940744867877888e+19
2.6348899999999997e-01 4.1550766643236020e+19 1.0948169952059615e+19
2.6480959999999998e-01 4.1321217041972920e+19 1.0942254956398031e+19
2.6613680000000001e-01 4.1152113934187946e+19 1.0952091915680190e+19
2.6747060000000000e-01 4.0900056128125403e+19 1.0939562552623378e+19
2.6881119999999997e-01 4.0697122692629897e+19 1.0939842387553073e+19
2.7015839999999997e-01 4.0517706501243863e+19 1.0946198760045638e+19
2.7151239999999999e-01 4.0302282078405935e+19 1.0942569332584983e+19
2.7287319999999998e-01 4.0761708799180882e+19 1.1122777917500643e+19
2.7424090000000001e-01 3.9908736969443656e+19 1.0944607944363502e+19
2.7561530000000001e-01 3.9686387910382084e+19 1.0938175709836331e+19
2.7699669999999998e-01 3.9484689952525713e+19 1.0937128817372778e+19
2.7838499999999999e-01 3.9308985590685123e+19 1.0943031953662878e+19
2.7978019999999998e-01 3.9103203606125445e+19 1.0940302125562497e+19
2.8118250000000000e-01 3.8901241656947048e+19 1.0938348382204514e+19
2.8259170000000000e-01 3.8697309034188022e+19 1.0935538345396552e+19
2.8400799999999998e-01 3.8504171021738779e+19 1.0935492603541987e+19
2.8543150000000000e-01 3.8567814914112864e+19 1.1008469262657606e+19
2.8686200000000001e-01 3.8116276735121777e+19 1.0934111376790503e+19
2.8829979999999999e-01 3.7919056905100902e+19 1.0932056521929210e+19
2.8974470000000002e-01 3.7730746939049165e+19 1.0932283952630718e+19
2.9119690000000004e-01 3.7588938995464020e+19 1.0945782509768237e+19
2.9265629999999998e-01 3.7366876627489071e+19 1.0935651856357429e+19
2.9412310000000003e-01 3.7172337749279531e+19 1.0933243213065120e+19
2.9559720000000000e-01 3.7068436338389344e+19 1.0957325990006143e+19
2.9707870000000003e-01 3.6857334336385266e+19 1.0949528970118699e+19
2.9856769999999999e-01 3.6641385290813759e+19 1.0939934131092095e+19
3.0006410000000000e-01 3.6486849638644449e+19 1.0948393698655173e+19
3.0156790000000000e-01 3.6295580595144040e+19 1.0945582019358339e+19
3.0307940000000000e-01 3.6317533127587807e+19 1.1007096149789436e+19
3.0459840000000005e-01 3.5956278775444521e+19 1.0952224984954362e+19
3.0612499999999998e-01 3.5789422324195582e+19 1.0956036908994372e+19
3.0765929999999997e-01 3.5615785057502167e+19 1.0957527499741575e+19
3.0920119999999995e-01 3.5459712892247273e+19 1.0964185777938326e+19
3.1075090000000000e-01 3.5287243605362790e+19 1.0965542708885731e+19
3.1230839999999999e-01 3.5122460326412517e+19 1.0969039388605370e+19
3.1387369999999998e-01 3.4985545892944974e+19 1.0981042735938441e+19
3.1544679999999997e-01 3.4829981231729189e+19 1.0987006123609031e+19
3.1702780000000003e-01 3.4663596276339999e+19 1.0989323667576263e+19
3.1861669999999997e-01 3.4500390455067443e+19 1.0992400555505086e+19
3.2021359999999999e-01 3.4354748077401166e+19 1.1000857558957705e+19
3.2181840000000000e-01 3.4253057599014519e+19 1.1023264191622695e+19
3.2343139999999998e-01 3.4065682282469208e+19 1.1017911312574210e+19
3.2505239999999996e-01 3.3927690732697063e+19 1.1028277299120937e+19
3.2668150000000001e-01 3.3898562673301115e+19 1.1074033301958019e+19
3.2831880000000002e-01 3.3743416478384333e+19 1.1078598006083371e+19
3.2996429999999999e-01 3.3524747155501216e+19 1.1061969727841950e+19
3.3161810000000003e-01 3.3394947571056030e+19 1.1074369063113216e+19
3.3328010000000002e-01 3.3271846890707329e+19 1.1088844458919629e+19
3.3495049999999998e-01 3.3147496774387732e+19 1.1102770618329557e+19
3.3662920000000002e-01 3.3035214995840467e+19 1.1120617995877779e+19
3.3831639999999996e-01 3.2917118191956603e+19 1.1136400925077266e+19
3.4001199999999998e-01 3.2849770772762178e+19 1.1169316259988412e+19
3.4171609999999997e-01 3.2722966754940416e+19 1.1181964579927894e+19
3.4342880000000003e-01 3.2620918971174175e+19 1.1202963057167583e+19
3.4514999999999996e-01 3.2518340357743702e+19 1.1223705174475237e+19
3.4687990000000002e-01 3.2422876151196410e+19 1.1246844037039397e+19
3.4861839999999999e-01 3.2347353385870889e+19 1.1276882581616892e+19
3.5036570000000000e-01 3.2240683306189988e+19 1.1296029575051569e+19
3.5212169999999998e-01 3.2159699609851527e+19 1.1324128098110255e+19
3.5388649999999999e-01 3.2076918850615292e+19 1.1351588542828268e+19
3.5566009999999998e-01 3.1987247707466609e+19 1.1376587718362343e+19
3.5744270000000000e-01 3.1937853572306317e+19 1.1415952613089815e+19
3.5923410000000000e-01 3.1861623016947368e+19 1.1445781469032372e+19
3.6103460000000004e-01 3.1755561703996305e+19 1.1464856517577626e+19
3.6284410000000000e-01 3.1692462468073292e+19 1.1499423021011833e+19
3.6466260000000000e-01 3.1610951823426511e+19 1.1527331880405453e+19
3.6649029999999999e-01 3.1538883110501163e+19 1.1558694732832504e+19
3.6832709999999996e-01 3.6179327942978904e+19 1.3325826941186384e+19
3.7017309999999998e-01 3.2194078747676766e+19 1.1917381931671626e+19
3.7202839999999998e-01 3.1042976781143241e+19 1.1548868983125869e+19
3.7389299999999998e-01 3.0813979435186602e+19 1.1521131212960223e+19
3.7576690000000001e-01 3.0597983673219064e+19 1.1497709471136141e+19
3.7765019999999999e-01 3.0399589464757567e+19 1.1480411041283588e+19
3.7954289999999996e-01 3.0161942094151635e+19 1.1447750972046383e+19
3.8144519999999998e-01 3.0106656165591745e+19 1.1484039482415376e+19
3.8335690000000000e-01 2.9794499826547229e+19 1.1421927090555683e+19
3.8527830000000002e-01 2.9520050895957733e+19 1.1373435025108072e+19
3.8720929999999998e-01 2.9336053668559356e+19 1.1359192805765300e+19
3.8914989999999999e-01 2.9131246411893121e+19 1.1336421628063566e+19
3.9110030000000001e-01 2.8909804444492116e+19 1.1306633191182201e+19
3.9306049999999998e-01 2.8688318078745297e+19 1.1276244648190665e+19
3.9503050000000001e-01 2.8488148616814105e+19 1.1253687592174385e+19
3.9701029999999998e-01 2.8296079205667660e+19 1.1233834894265879e+19
3.9900009999999997e-01 2.8150174012129718e+19 1.1231922245857157e+19
4.0099990000000002e-01 2.7929928088055144e+19 1.1199898370317304e+19
4.0300970000000003e-01 2.7765698701062705e+19 1.1189845903805671e+19
4.0502949999999999e-01 2.7563512423234064e+19 1.1164035655026280e+19
4.0705950000000002e-01 2.7416398151095624e+19 1.1160105323185910e+19
4.0909960000000001e-01 2.7223289810710237e+19 1.1137036972245633e+19
4.1114999999999996e-01 2.7192482523552395e+19 1.1180189189558567e+19
4.1321069999999999e-01 2.6908494505793446e+19 1.1118877850685063e+19
4.1528160000000003e-01 2.7162793937314722e+19 1.1280208526758359e+19
4.1736299999999998e-01 2.6585234098701414e+19 1.1095693059136317e+19
4.1945479999999996e-01 2.6434300408635441e+19 1.1087994191044096e+19
4.2155710000000002e-01 2.6420232499243713e+19 1.1137636593706932e+19
4.2366989999999999e-01 2.6158224474404422e+19 1.1082452347248474e+19
4.2579329999999999e-01 2.6016294062728909e+19 1.1077563702739749e+19
4.2792730000000001e-01 2.5885908456172618e+19 1.1077286913697116e+19
4.3007200000000001e-01 2.5762725526092698e+19 1.1079826892457738e+19
4.3222750000000004e-01 2.5593646758565908e+19 1.1062277954338048e+19
4.3439380000000000e-01 2.5583410031920484e+19 1.1113274700724060e+19
4.3657100000000004e-01 2.6552261893625954e+19 1.1591947527162178e+19
4.3875900000000001e-01 2.5195704285437915e+19 1.1054842016574454e+19
4.4095800000000002e-01 2.5026017277477028e+19 1.1035422526641715e+19
4.4316809999999995e-01 2.4846269381024408e+19 1.1011073993676761e+19
4.4538920000000004e-01 2.4715030959947026e+19 1.1007807867226038e+19
4.4762150000000001e-01 2.4566461387532304e+19 1.0996476295979291e+19
4.4986489999999996e-01 2.4646884938643735e+19 1.1087768428234469e+19
4.5211960000000001e-01 2.4223537399456559e+19 1.0951936039627340e+19
4.5438560000000000e-01 2.4086290555836330e+19 1.0944463585988024e+19
4.5666289999999998e-01 2.3918375624386085e+19 1.0922634775921459e+19
4.5895170000000002e-01 2.4220649727229190e+19 1.1116108367416373e+19
4.6125189999999999e-01 2.3607975223087542e+19 1.0889223426802053e+19
4.6356369999999997e-01 2.3456855782857945e+19 1.0873746857068026e+19
4.6588700000000000e-01 2.3289926839126442e+19 1.0850474145300101e+19
4.6822199999999997e-01 2.3134502633805418e+19 1.0832083092205640e+19
4.7056869999999995e-01 2.3217288229082518e+19 1.0925329139484662e+19
4.7292709999999999e-01 2.2821048391911801e+19 1.0792692234946511e+19
4.7529739999999998e-01 2.2799849358143599e+19 1.0836709120317321e+19
4.7767950000000003e-01 2.2503517917469901e+19 1.0749469187058063e+19
4.8007359999999999e-01 2.2432282257180865e+19 1.0769146499420942e+19
4.8247969999999996e-01 2.2294173064761639e+19 1.0756485932034275e+19
4.8489789999999999e-01 2.2692813491062698e+19 1.1003697606907972e+19
4.8732809999999999e-01 2.1903595757447725e+19 1.0674237703645061e+19
4.8977060000000000e-01 2.1467805609081221e+19 1.0514300033843075e+19
4.9222529999999998e-01 2.1357140535319122e+19 1.0512524907139615e+19
4.9469229999999997e-01 2.1200484247668486e+19 1.0487716313592893e+19
4.9717159999999999e-01 2.1077203683558187e+19 1.0478987078880518e+19
4.9966340000000004e-01 2.3114941520595620e+19 1.1549690270981978e+19
5.0216769999999999e-01 2.0739536002672599e+19 1.0414725093529293e+19
5.0468449999999998e-01 2.0544434958153458e+19 1.0368457884638198e+19
5.0721390000000000e-01 2.0361602574886781e+19 1.0327687852258365e+19
5.0975610000000005e-01 2.0195784513253122e+19 1.0294924349916312e+19
5.1231089999999990e-01 2.0035382612787991e+19 1.0264344898201766e+19
5.1487859999999996e-01 1.9870420318745022e+19 1.0230854195126991e+19
5.1745910000000006e-01 1.9732075206247096e+19 1.0210541877356937e+19
5.2005259999999998e-01 1.9581619232837210e+19 1.0183471994246996e+19
5.2265899999999998e-01 1.9430746122743177e+19 1.0155654337766826e+19
5.2527859999999993e-01 1.9300744405039522e+19 1.0138268000036991e+19
5.2791120000000002e-01 1.9178886191180530e+19 1.0124748823849544e+19
5.3055710000000000e-01 1.9052475867531543e+19 1.0108426344097520e+19
5.3321619999999992e-01 1.8944014885681254e+19 1.0101255630086392e+19
5.3588860000000005e-01 1.8847665128501780e+19 1.0100248878981640e+19
5.3857440000000001e-01 1.8782149775948706e+19 1.0115585046291708e+19
5.4127369999999997e-01 1.8653306388210266e+19 1.0096544165980207e+19
5.4398649999999993e-01 1.8572801815906472e+19 1.0103353455028605e+19
5.4671300000000000e-01 1.8497172039655928e+19 1.0112644417316411e+19
5.4945299999999997e-01 1.8440829749307099e+19 1.0132369228246032e+19
5.5220680000000000e-01 1.8367443947160963e+19 1.0142627446241124e+19
5.5497450000000004e-01 1.8314221548330123e+19 1.0163925946673736e+19
5.5775589999999997e-01 1.8338655664447799e+19 1.0228493394914179e+19
5.6055139999999992e-01 1.8419770758420404e+19 1.0325228286311619e+19
5.6336079999999999e-01 1.8204078377018296e+19 1.0255464157739729e+19
5.6618429999999997e-01 1.8174747310714917e+19 1.0290256583794008e+19
5.6902200000000003e-01 1.8169775108188060e+19 1.0339001771611386e+19
5.7187390000000005e-01 1.8162159142603012e+19 1.0386464781301041e+19
5.7474009999999998e-01 1.8220514243421592e+19 1.0472060178315549e+19
5.7762059999999993e-01 1.8175708854948104e+19 1.0498663854220435e+19
5.8051559999999991e-01 1.8205629017388612e+19 1.0568651652406759e+19
5.8342510000000003e-01 1.8252906791436825e+19 1.0649203970084708e+19
5.8634920000000001e-01 1.8289175256321075e+19 1.0723843280203657e+19
5.8928790000000009e-01 1.8322796431901323e+19 1.0797402231482626e+19
5.9224140000000003e-01 1.8938065431224287e+19 1.1215906384279876e+19
5.9520960000000001e-01 1.8446230631729207e+19 1.0979373555819289e+19
5.9819280000000008e-01 1.8517283885150388e+19 1.1076905895652991e+19
6.0119090000000008e-01 1.8613500302241755e+19 1.1190266998854994e+19
6.0420399999999996e-01 1.8723263253062164e+19 1.1312670550553172e+19
6.0723220000000000e-01 1.8938209650137940e+19 1.1499890709914491e+19
6.1027560000000003e-01 1.8930162849396015e+19 1.1552616491012864e+19
6.1333430000000000e-01 1.9360557646588207e+19 1.1874494071779826e+19
6.1640819999999996e-01 1.9198054628097733e+19 1.1833838296807391e+19
6.1949759999999998e-01 1.9345974288087949e+19 1.1984784641132194e+19
6.2260249999999995e-01 1.9526651160203940e+19 1.2157341828970873e+19
6.2572289999999997e-01 1.9935481166619787e+19 1.2474087088472715e+19
6.2885900000000006e-01 1.9862553034409439e+19 1.2490745238665687e+19
6.3201079999999998e-01 2.0051490184231129e+19 1.2672758352528062e+19
6.3517840000000003e-01 2.0292747122418483e+19 1.2889514648822376e+19
6.3836179999999998e-01 2.0457321771861012e+19 1.3059172749464386e+19
6.4156130000000000e-01 2.0819948603842318e+19 1.3357273292214262e+19
6.4477669999999998e-01 2.0916846166198088e+19 1.3486695045448854e+19
6.4800829999999998e-01 2.1199185359902962e+19 1.3737248066455605e+19
6.5125599999999995e-01 2.1371348921613246e+19 1.3918219213294156e+19
6.5452009999999994e-01 4.5414176706926109e+19 2.9724491479634944e+19
6.5780050000000001e-01 2.1358992557578138e+19 1.4049955983871179e+19
6.6109730000000000e-01 2.0916141130225033e+19 1.3827604427610718e+19
6.6441070000000002e-01 2.0579265993842692e+19 1.3673084524455219e+19
6.6774069999999996e-01 2.0075409514284339e+19 1.3405168001854884e+19
6.7108730000000005e-01 1.9773736075605750e+19 1.3269903153890859e+19
6.7445079999999991e-01 1.9451738605098799e+19 1.3119240663599768e+19
6.7783110000000002e-01 1.9153418257720160e+19 1.2982782566390540e+19
6.8122830000000001e-01 1.8855800241327026e+19 1.2845104743538801e+19
6.8464250000000004e-01 1.8564250991132533e+19 1.2709875209196456e+19
6.8807390000000002e-01 1.8290390644279267e+19 1.2585140423132748e+19
6.9152250000000004e-01 1.8036120835301052e+19 1.2472383370329473e+19
6.9498830000000000e-01 1.7818169396385784e+19 1.2383419257906182e+19
6.9847159999999997e-01 1.7578178558180852e+19 1.2277858502618272e+19
7.0197220000000005e-01 1.7352546642371897e+19 1.2181005342148415e+19
7.0549050000000002e-01 1.7094863729685789e+19 1.2060263960087892e+19
7.0902630000000000e-01 1.6974406292161950e+19 1.2035300488028305e+19
7.1257989999999993e-01 1.6733459723837254e+19 1.1923927056665977e+19
7.1615130000000005e-01 1.6589249380809011e+19 1.1880412510090570e+19
7.1974059999999995e-01 1.6387370859814705e+19 1.1794656135065551e+19
7.2334789999999993e-01 1.6231798128908945e+19 1.1741237089770213e+19
7.2697319999999999e-01 1.6298890260700008e+19 1.1848856409269920e+19
7.3061680000000007e-01 1.5972147968731595e+19 1.1669519638041178e+19
7.3427860000000000e-01 1.5979698937135075e+19 1.1733550963981031e+19
7.3795869999999997e-01 1.5862055267449416e+19 1.1705541684495122e+19
7.4165729999999996e-01 1.5664789770869742e+19 1.1617905686530871e+19
7.4537439999999999e-01 1.5569421509218546e+19 1.1605048215780868e+19
7.4911019999999995e-01 1.5450027054945221e+19 1.1573772857135423e+19
7.5286459999999999e-01 1.5369606005470335e+19 1.1571232277466022e+19
7.5663789999999997e-01 1.5405368125439271e+19 1.1656285387159306e+19
7.6043010000000000e-01 1.5256653205406990e+19 1.1601618322652959e+19
7.6424139999999996e-01 1.5192208371239045e+19 1.1610514594727447e+19
7.6807169999999991e-01 1.5164366457705300e+19 1.1647320724592687e+19
7.7192119999999997e-01 1.5272088283001625e+19 1.1788848713920553e+19
7.7578999999999998e-01 2.0669573678050443e+19 1.6035248563694754e+19
7.7967819999999999e-01 1.4965859158786097e+19 1.1668554130375858e+19
7.8358590000000006e-01 1.4777173791552115e+19 1.1579185024909777e+19
7.8751309999999997e-01 1.4603934196748177e+19 1.1500789491477166e+19
7.9146010000000000e-01 1.4454615385464281e+19 1.1440251338441099e+19
7.9542679999999999e-01 1.4330035837556337e+19 1.1398494550152757e+19
7.9941340000000005e-01 1.4184950004423596e+19 1.1339639111866282e+19
8.0341999999999991e-01 1.4059408302375408e+19 1.1295609818294448e+19
8.0744669999999996e-01 1.3900880913972521e+19 1.1224220421080095e+19
8.1149360000000004e-01 1.3824226584796899e+19 1.1218271398512542e+19
8.1556070000000003e-01 1.6056202055208307e+19 1.3094807387487126e+19
8.1964819999999994e-01 1.3485767040820064e+19 1.1053584680627491e+19
8.2375620000000005e-01 1.3308683532203483e+19 1.0963110573490520e+19
8.2788480000000009e-01 1.3280139757390107e+19 1.0994425847018959e+19
8.3203410000000000e-01 1.2934637479494482e+19 1.0762059454077460e+19
8.3620420000000006e-01 1.4086053772257030e+19 1.1778817325787173e+19
8.4039520000000001e-01 1.2578782901663343e+19 1.0571148772399946e+19
8.4460720000000000e-01 1.2294333414664475e+19 1.0383882521226201e+19
8.4884029999999999e-01 1.2899800982766336e+19 1.0949870936151671e+19
8.5309460000000004e-01 1.2371763483185758e+19 1.0554284619982961e+19
8.5737019999999997e-01 1.1904252207602498e+19 1.0206351096082594e+19
8.6166729999999991e-01 1.1775071593014145e+19 1.0146194146859196e+19
8.6598589999999998e-01 1.1472810231535428e+19 9.9352918938854154e+18
8.7032619999999994e-01 9.5424436719608750e+18 8.3050387397317540e+18
8.7468820000000003e-01 9.5851871484747715e+18 8.3840500935625308e+18
8.7907199999999996e-01 9.3670118933256684e+18 8.2342778790895821e+18
8.8347789999999993e-01 9.1640070780536177e+18 8.0961977289039452e+18
8.8790579999999997e-01 8.9820254499616317e+18 7.9751924927685427e+18
8.9235589999999998e-01 8.7978869484126464e+18 7.8508463259490202e+18
8.9682830000000002e-01 8.6568760106566738e+18 7.7637313959480064e+18
9.0132309999999993e-01 8.4956542655671736e+18 7.6573294391692278e+18
9.0584050000000005e-01 8.3517642068557261e+18 7.5653662650202952e+18
9.1038050000000004e-01 8.2180054873822730e+18 7.4815119446058179e+18
9.1494320000000007e-01 8.1217046693184707e+18 7.4308984596011837e+18
9.1952889999999998e-01 7.9709319769475072e+18 7.3295023127373660e+18
9.2413750000000006e-01 7.8977865673907773e+18 7.2986407339220951e+18
9.2876919999999996e-01 7.7771860223623465e+18 7.2232108402406584e+18
9.3342409999999998e-01 7.6769985099265352e+18 7.1658954248295168e+18
9.3810230000000006e-01 7.5765488591996539e+18 7.1075779108775721e+18
9.4280399999999998e-01 7.4951489619917855e+18 7.0664564219617034e+18
9.4752930000000002e-01 7.4144263090860237e+18 7.0253861705498634e+18
9.5227819999999996e-01 7.3545099274759301e+18 7.0035394756189092e+18
9.5705100000000010e-01 7.2907839454388050e+18 6.9776520657661542e+18
9.6184760000000002e-01 7.2254709291323146e+18 6.9498018720556872e+18
9.6666830000000004e-01 7.1721021635150807e+18 6.9330438058314455e+18
9.7151319999999997e-01 7.1147529555732808e+18 6.9120764110784553e+18
9.7638230000000004e-01 7.0474920636837110e+18 6.8810465103712481e+18
9.8127589999999998e-01 7.0144456101883208e+18 6.8831064291385938e+18
9.8619389999999996e-01 6.9596231415779830e+18 6.8635378885230428e+18
9.9113669999999998e-01 6.9195080781244764e+18 6.8581784021756355e+18
9.9610420000000000e-01 6.9201619944854292e+18 6.8932024273873132e+18
1.0010969999999999e+00 6.8762499631920937e+18 6.8837932094017147e+18
1.0061140000000000e+00 6.8340253458020403e+18 6.8758085767662735e+18
1.0111570000000001e+00 6.7928026369668895e+18 6.8685899359875297e+18
1.0162240000000000e+00 6.7773191900950723e+18 6.8872744166351749e+18
1.0213179999999999e+00 6.8745798247511910e+18 7.0211321174552361e+18
1.0264359999999999e+00 6.7358444600586148e+18 6.9139132442047232e+18
1.0315809999999999e+00 6.7347800642333133e+18 6.9474711534418647e+18
1.0367510000000000e+00 6.7143441053213645e+18 6.9611029655360297e+18
1.0419470000000000e+00 6.8026679901295022e+18 7.0880195043114639e+18
1.0471690000000000e+00 6.8302201062859520e+18 7.1523947584793539e+18
1.0524179999999999e+00 6.7534898566268836e+18 7.1074942879315507e+18
1.0576920000000001e+00 6.8669968795883633e+18 7.2631676635655752e+18
1.0629929999999999e+00 6.6336621147020544e+18 7.0515363922934804e+18
1.0683209999999999e+00 6.6000228047746345e+18 7.0509429628196413e+18
1.0736749999999999e+00 6.6171495123975045e+18 7.1046680027233905e+18
1.0790560000000000e+00 6.5779518934889103e+18 7.0979784583805696e+18
1.0844650000000000e+00 7.2395408530070374e+18 7.8510286711562772e+18
1.0899000000000001e+00 6.5217826176669952e+18 7.1080908749952584e+18
1.0953620000000002e+00 6.7133741263647109e+18 7.3535749098031032e+18
1.1008520000000002e+00 6.6939339485088031e+18 7.3690305750838139e+18
1.1063699999999999e+00 6.6451060500238623e+18 7.3519459805648998e+18
1.1119150000000000e+00 7.7206388289084232e+18 8.5846941234457088e+18
1.1174870000000001e+00 6.4141351630194473e+18 7.1677126609171139e+18
1.1230879999999999e+00 7.3427505600940995e+18 8.2465550410349609e+18
1.1287170000000002e+00 6.4337751468618680e+18 7.2619113824404879e+18
1.1343740000000000e+00 6.3426929140082268e+18 7.1949859316351683e+18
1.1400589999999999e+00 6.2659786374667581e+18 7.1435853394517146e+18
1.1457729999999999e+00 6.2668775034895933e+18 7.1804190378057810e+18
1.1515160000000000e+00 6.1959043074957240e+18 7.1346829445502464e+18
1.1572870000000000e+00 6.1530915824278149e+18 7.1208928981531382e+18
1.1630870000000000e+00 6.5417256639956644e+18 7.6085960773597256e+18
1.1689170000000000e+00 6.7678304486986721e+18 7.9110320646015058e+18
1.1747750000000001e+00 6.0503607298281206e+18 7.1078125263838310e+18
1.1806630000000000e+00 6.1782353200537876e+18 7.2944138476806656e+18
1.1865800000000000e+00 5.9702597226176164e+18 7.0841907816636109e+18
1.1925270000000001e+00 5.9318722212361226e+18 7.0739177843740498e+18
1.1985040000000000e+00 6.5742361546297160e+18 7.8792483282683331e+18
1.2045109999999999e+00 5.8895413132484864e+18 7.0940172967622472e+18
1.2105480000000000e+00 7.2547077243145277e+18 8.7821719262535025e+18
1.2166150000000000e+00 6.3098138990843054e+18 7.6766142368344525e+18
1.2227129999999999e+00 5.7012935276083251e+18 6.9710457130225572e+18
1.2288409999999999e+00 5.6338596643217039e+18 6.9231177437647462e+18
1.2350000000000001e+00 5.8057576703478180e+18 7.1701107228795556e+18
1.2411890000000001e+00 5.5090685939272335e+18 6.8377953390279496e+18
1.2474100000000001e+00 5.4514291773251379e+18 6.8001672700871506e+18
1.2536620000000001e+00 5.3937632273804462e+18 6.7619559951642255e+18
1.2599449999999999e+00 5.3267631682395290e+18 6.7114286200075530e+18
1.2662599999999999e+00 5.2746676050788475e+18 6.6791006016071414e+18
1.2726059999999999e+00 5.2252087657228421e+18 6.6496320265114829e+18
1.2789849999999998e+00 5.7885307503621560e+18 7.4034440017519411e+18
1.2853950000000001e+00 5.6611105449101988e+18 7.2767631888748452e+18
1.2918369999999999e+00 5.0613315432540211e+18 6.5384153568426445e+18
1.2983119999999999e+00 5.0033175833041203e+18 6.4958672582147389e+18
1.3048190000000000e+00 5.3131143085459005e+18 6.9326524989625528e+18
1.3113580000000000e+00 4.8856312931668460e+18 6.4068116813446892e+18
1.3179310000000000e+00 4.8257063990064712e+18 6.3599480601489971e+18
1.3245360000000002e+00 5.0091042731023391e+18 6.6347389374778808e+18
1.3311750000000000e+00 4.7053012750964972e+18 6.2635794248765798e+18
1.3378460000000001e+00 4.6445840932935475e+18 6.2137382508763996e+18
1.3445520000000000e+00 4.6535648152978391e+18 6.2569598795383398e+18
1.3512899999999999e+00 4.5723093215325210e+18 6.1785158630936801e+18
1.3580630000000000e+00 4.4543382498132838e+18 6.0492719665561774e+18
1.3648689999999999e+00 4.2862282971458237e+18 5.8501401296971233e+18
1.3717100000000000e+00 4.2495124364548050e+18 5.8290987042094203e+18
1.3785849999999999e+00 4.2009432011839247e+18 5.7913572830041405e+18
1.3854940000000000e+00 4.1545286796444739e+18 5.7560745584753408e+18
1.3924380000000001e+00 4.1101348130596925e+18 5.7231078988272128e+18
1.3994169999999999e+00 4.0676369281218995e+18 5.6923202670415636e+18
1.4064310000000000e+00 4.0269241052391788e+18 5.6635908962556436e+18
1.4134800000000001e+00 3.9878900551528740e+18 5.6368028351574845e+18
1.4205640000000002e+00 3.9504384862072177e+18 5.6118506977204705e+18
1.4276840000000000e+00 3.9434919856030408e+18 5.6300604119736914e+18
1.4348390000000000e+00 3.8797913466335831e+18 5.5668759360123832e+18
1.4420299999999999e+00 3.8462831426791020e+18 5.5464556802375455e+18
1.4492579999999999e+00 3.8234211577038054e+18 5.5411237001715016e+18
1.4565210000000000e+00 3.7833753075030799e+18 5.5105655862596936e+18
1.4638209999999998e+00 3.7496579827191060e+18 5.4888280979218637e+18
1.4711580000000000e+00 3.7259567866124631e+18 5.4814711342792182e+18
1.4785310000000000e+00 3.7159786462655846e+18 5.4941896238417009e+18
1.4859410000000000e+00 3.6647350780646477e+18 5.4455801066344602e+18
1.4933889999999999e+00 3.7430869381429212e+18 5.5898848594663188e+18
1.5008740000000000e+00 3.6165238082043674e+18 5.4279465541149215e+18
1.5083959999999998e+00 3.6461291964039404e+18 5.4998066953389179e+18
1.5159559999999999e+00 3.5600119102926787e+18 5.3968214154796472e+18
1.5235540000000001e+00 3.5349511344976840e+18 5.3856889407684844e+18
1.5311900000000001e+00 3.5106025373942774e+18 5.3753994992327434e+18
1.5388640000000000e+00 3.4869201567697900e+18 5.3658959001273856e+18
1.5465760000000000e+00 3.4638661004277606e+18 5.3571321781351639e+18
1.5543279999999999e+00 3.5361421374763059e+18 5.4963247362592717e+18
1.5621179999999999e+00 3.4183141756194125e+18 5.3398101033902449e+18
1.5699470000000000e+00 3.3957507541853926e+18 5.3311487092810947e+18
1.5778150000000000e+00 3.3854672255988557e+18 5.3416409705582582e+18
1.5857230000000000e+00 3.3509834567690429e+18 5.3137315400181770e+18
1.5936710000000001e+00 3.3812613123600036e+18 5.3886180969300797e+18
1.6016579999999998e+00 3.3148867491172511e+18 5.3093148808176374e+18
1.6096860000000000e+00 3.4720759493066726e+18 5.5889520465356605e+18
1.6177530000000000e+00 3.2695219156788721e+18 5.2892788876552428e+18
1.6258610000000000e+00 3.3874069798436234e+18 5.5074528996555336e+18
1.6340100000000000e+00 3.2585782359811671e+18 5.3245494233755863e+18
1.6421990000000000e+00 3.1977162513351188e+18 5.2512864302262804e+18
1.6504300000000001e+00 3.1750740863026227e+18 5.2402375242564383e+18
1.6587019999999999e+00 3.2658016364416087e+18 5.4169917059689687e+18
1.6670150000000001e+00 3.1505434203765417e+18 5.2520031399190006e+18
1.6753699999999998e+00 3.1083449197086751e+18 5.2076278281323223e+18
1.6837670000000000e+00 3.0890432737136824e+18 5.2012291258510664e+18
1.6922059999999999e+00 3.0579080253026785e+18 5.1746103078653440e+18
1.7006869999999998e+00 3.0326356671955610e+18 5.1575640549358162e+18
1.7092110000000000e+00 3.0115226723257011e+18 5.1473276782884844e+18
1.7177770000000001e+00 2.9935228869982597e+18 5.1422047642592102e+18
1.7263860000000000e+00 2.9914775335795313e+18 5.1644449332862331e+18
1.7350390000000000e+00 3.1034218005481068e+18 5.3845578574011863e+18
1.7437349999999998e+00 2.9313392517701135e+18 5.1114788501853583e+18
1.7524739999999999e+00 2.9092819973758858e+18 5.0984410590693079e+18
1.7612580000000000e+00 2.8921150400575273e+18 5.0937607512216402e+18
1.7700850000000001e+00 2.8689459076056090e+18 5.0782781168640748e+18
1.7789560000000000e+00 2.8530368143808737e+18 5.0754269591637412e+18
1.7878720000000001e+00 2.8573924328767949e+18 5.1086519237523016e+18
1.7968330000000001e+00 2.8045510682250921e+18 5.0393099095720970e+18
1.8058390000000000e+00 2.8606773022059935e+18 5.1659226387383685e+18
1.8148890000000000e+00 2.7836740443987507e+18 5.0520594027648041e+18
1.8239850000000000e+00 2.8302966047837542e+18 5.1624185526764964e+18
1.8331270000000000e+00 2.7282430861934008e+18 5.0012160638644500e+18
1.8423150000000001e+00 3.0068747994066606e+18 5.5396105460688824e+18
1.8515480000000000e+00 2.8850888149209928e+18 5.3418804250893343e+18
1.8608279999999999e+00 2.7576058947662807e+18 5.1314302619461489e+18
1.8701540000000001e+00 2.6361116354081270e+18 4.9299347194050509e+18
1.8795269999999999e+00 2.6110827887873807e+18 4.9076006007611791e+18
1.8889469999999999e+00 2.7904284428795054e+18 5.2709714358919127e+18
1.8984150000000000e+00 2.5590797457442980e+18 4.8581953755171615e+18
1.9079290000000000e+00 2.7001432480449132e+18 5.1516816070990828e+18
1.9174920000000000e+00 2.5034191975293266e+18 4.8002862839089039e+18
1.9271020000000001e+00 2.5170805067524403e+18 4.8506708787236413e+18
1.9367600000000000e+00 2.4450698009968492e+18 4.7355133877786573e+18
1.9464670000000002e+00 2.4516458403933164e+18 4.7720477240128573e+18
1.9562230000000000e+00 2.4012604396647864e+18 4.6974009010623672e+18
1.9660270000000000e+00 2.3095888938274104e+18 4.5407141241648220e+18
1.9758810000000000e+00 2.3324703878947732e+18 4.6086839225039124e+18
1.9857840000000002e+00 2.3001906661556780e+18 4.5676818218012872e+18
1.9957360000000002e+00 2.2534701681348155e+18 4.4973315394727045e+18
2.0057390000000002e+00 2.2259603806184717e+18 4.4646955478613130e+18
2.0157910000000001e+00 2.2340058193006392e+18 4.5032888244938552e+18
2.0258940000000001e+00 2.1967663254690350e+18 4.4504157181697654e+18
2.0360480000000001e+00 2.1601702460924396e+18 4.3982103092160195e+18
2.0462520000000000e+00 2.0638507526733990e+18 4.2231587303594481e+18
2.0565080000000000e+00 2.1161782202547732e+18 4.3519374393797033e+18
2.0668150000000001e+00 2.0132935542222400e+18 4.1611053172698394e+18
2.0771739999999999e+00 2.0191575472998595e+18 4.1941415591550382e+18
2.0875850000000002e+00 1.9913568858743647e+18 4.1571267645980360e+18
2.0980470000000002e+00 1.9615241074404708e+18 4.1153697690431580e+18
2.1085630000000002e+00 1.9727669349557102e+18 4.1597033666710175e+18
2.1191300000000002e+00 1.9558267036928684e+18 4.1446510425966684e+18
2.1297510000000002e+00 1.9250114376140874e+18 4.0997950342700406e+18
2.1404259999999997e+00 1.9153213187272607e+18 4.0996035489581153e+18
2.1511529999999999e+00 1.9185059201129452e+18 4.1269997655687219e+18
2.1619350000000002e+00 1.9166089011371026e+18 4.1435838646798423e+18
2.1727699999999999e+00 1.9353207511437911e+18 4.2050068684626949e+18
2.1836599999999997e+00 1.9268021756399073e+18 4.2074808388578396e+18
2.1946040000000000e+00 1.9125037784155141e+18 4.1971884421258010e+18
2.2056030000000000e+00 1.8917521351106355e+18 4.1724541844564229e+18
2.2166579999999998e+00 1.8928209034008261e+18 4.1957365980906680e+18
2.2277669999999996e+00 1.8729038571721577e+18 4.1723934071808456e+18
2.2389329999999998e+00 1.8733886368001500e+18 4.1943916407568701e+18
2.2501540000000002e+00 1.8636687893265272e+18 4.1935417809782431e+18
2.2614319999999997e+00 1.8608741915242125e+18 4.2082404446869821e+18
2.2727660000000003e+00 1.8498885269028114e+18 4.2043637477347958e+18
2.2841570000000000e+00 1.8457723613214868e+18 4.2160338595190036e+18
2.2956050000000001e+00 1.8400155206946611e+18 4.2239488293842678e+18
2.3071100000000002e+00 1.8191624532088100e+18 4.1970078874225782e+18
2.3186730000000000e+00 1.8252032343659318e+18 4.2320494590369582e+18
2.3302939999999999e+00 1.8185803140038236e+18 4.2378267942412257e+18
2.3419729999999999e+00 1.8202026890983063e+18 4.2628655523956275e+18
2.3537109999999997e+00 1.8061635889351677e+18 4.2511871070761820e+18
2.3655079999999997e+00 1.8003847856747395e+18 4.2588246135918812e+18
2.3773629999999999e+00 1.8019366861691830e+18 4.2838576060412273e+18
2.3892790000000002e+00 1.7944076273937188e+18 4.2873404615716372e+18
2.4012530000000001e+00 1.7882178159594476e+18 4.2939633952260716e+18
2.4132880000000001e+00 1.7847253379612398e+18 4.3070562413978045e+18
2.4253829999999996e+00 1.7761326028536415e+18 4.3078018207069727e+18
2.4375390000000001e+00 1.7706149151276293e+18 4.3159429096052864e+18
2.4497559999999998e+00 1.9790925430605722e+18 4.8482938319178947e+18
2.4620340000000001e+00 1.8541087343639340e+18 4.5648787437009741e+18
2.4743739999999996e+00 1.7566769487935808e+18 4.3466757684941670e+18
2.4867750000000002e+00 1.7502247561907615e+18 4.3524151680762813e+18
2.4992379999999996e+00 1.7443025231978790e+18 4.3594271494720200e+18
2.5117640000000003e+00 2.0997486899494804e+18 5.2740731684622674e+18
2.5243530000000001e+00 1.7294156385432074e+18 4.3656555554034616e+18
2.5370050000000002e+00 1.7204872369023826e+18 4.3648847224575293e+18
2.5497199999999998e+00 1.7127041959499174e+18 4.3669161424974228e+18
2.5624989999999999e+00 1.9185991532467999e+18 4.9164084115957709e+18
2.5753420000000000e+00 1.6942362342972626e+18 4.3632377321075809e+18
2.5882499999999999e+00 1.6947232481780111e+18 4.3863674470967373e+18
2.6012220000000004e+00 1.8274458465516265e+18 4.7535923398587156e+18
2.6142590000000001e+00 1.7737358458857108e+18 4.6370048987293327e+18
2.6273610000000001e+00 1.7392159909680369e+18 4.5695482652457723e+18
2.6405289999999999e+00 1.7518227772683098e+18 4.6257388462375127e+18
2.6537640000000002e+00 1.7337571655476047e+18 4.6009823506722739e+18
2.6670639999999999e+00 1.5569984655794739e+18 4.1526145556022538e+18
2.6804310000000000e+00 1.6251262517861604e+18 4.3560387842014295e+18
2.6938649999999997e+00 1.6122514164293018e+18 4.3431876619193206e+18
2.7073670000000001e+00 1.5996755970854950e+18 4.3309089222545654e+18
2.7209360000000000e+00 1.5873917322922176e+18 4.3191913104962575e+18
2.7345729999999997e+00 1.5753951325168709e+18 4.3080329937120568e+18
2.7482780000000000e+00 1.5649124766601641e+18 4.3008145315306424e+18
2.7620520000000002e+00 1.5522389112871508e+18 4.2873645893984978e+18
2.7758960000000004e+00 1.5410743036751199e+18 4.2778619952745513e+18
2.7898079999999998e+00 1.5301867559559229e+18 4.2689272532598815e+18
2.8037899999999998e+00 1.5195744546542981e+18 4.2605676602151741e+18
2.8178429999999999e+00 1.5092366979422333e+18 4.2527920646396365e+18
2.8319660000000000e+00 1.4991720371147715e+18 4.2456042372597709e+18
2.8461590000000001e+00 1.4893796867413842e+18 4.2390113998361713e+18
2.8604240000000001e+00 1.4798588174687596e+18 4.2330236780992594e+18
2.8747600000000002e+00 1.4745009108516974e+18 4.2388362384800261e+18
2.8891680000000002e+00 1.4884688965552860e+18 4.3004367049228426e+18
2.9036480000000000e+00 1.4524028677453542e+18 4.2172666821230623e+18
2.9182009999999998e+00 1.4435049847945400e+18 4.2124376901324114e+18
2.9328270000000001e+00 1.4348720676073620e+18 4.2082315414246968e+18
2.9475259999999999e+00 1.4265000976542856e+18 4.2046461268385454e+18
2.9622989999999998e+00 1.4183851566092531e+18 4.2016809310384338e+18
2.9771460000000003e+00 1.4105244102161889e+18 4.1993371057774863e+18
2.9920670000000000e+00 1.4029156751027853e+18 4.1976176952577654e+18
3.0070630000000000e+00 1.3955574157138900e+18 4.1965290691688576e+18
3.0221339999999999e+00 1.3884489617078792e+18 4.1960788144420797e+18
3.0372810000000001e+00 1.3985204979774346e+18 4.2476997366174008e+18
3.0525030000000002e+00 1.3747281451704113e+18 4.1963617873171159e+18
3.0678019999999999e+00 1.3681219039591549e+18 4.1971271132097034e+18
3.0831779999999998e+00 1.3617749204378898e+18 4.1985944756458516e+18
3.0986300000000000e+00 1.3658674336985958e+18 4.2323178060814802e+18
3.1141610000000002e+00 1.3496941236638584e+18 4.2031648018431652e+18
3.1297679999999999e+00 1.4731989098503736e+18 4.6107708056845839e+18
3.1454550000000001e+00 1.3932899555429955e+18 4.3825308571124931e+18
3.1612190000000000e+00 1.3353672393623427e+18 4.2213882890497853e+18
3.1770630000000000e+00 1.3260828851728814e+18 4.2130488694160102e+18
3.1929859999999999e+00 1.3207868512976947e+18 4.2172539251776210e+18
3.2089889999999999e+00 1.3063365683240312e+18 4.1920196780495647e+18
3.2250719999999999e+00 1.2986262265516444e+18 4.1881630817173647e+18
3.2412359999999998e+00 1.2951587018517980e+18 4.1979150101553142e+18
3.2574810000000003e+00 1.2884307888401349e+18 4.1970388144617518e+18
3.2738069999999997e+00 1.2819280363913313e+18 4.1967849790341949e+18
3.2902150000000003e+00 1.2784233292498363e+18 4.2062876142477507e+18
3.3067060000000001e+00 1.2709994356458248e+18 4.2028214598466627e+18
3.3232789999999999e+00 1.2644056841805453e+18 4.2019728577178383e+18
3.3399350000000001e+00 1.2580876561745254e+18 4.2019309959252639e+18
3.3566739999999999e+00 1.3771048259231695e+18 4.6224919644508293e+18
3.3734970000000000e+00 1.2460202551460524e+18 4.2034455926744422e+18
3.3904050000000003e+00 1.3320092137957220e+18 4.5160506984990853e+18
3.4073980000000001e+00 1.2323087872034857e+18 4.1989664968995830e+18
3.4244749999999997e+00 1.2252750859277486e+18 4.1959238998824264e+18
3.4416379999999998e+00 1.2184901700038723e+18 4.1936020717117865e+18
3.4588880000000000e+00 1.2119411422521469e+18 4.1919686736422441e+18
3.4762230000000001e+00 1.2056166686252854e+18 4.1909923926585953e+18
3.4936460000000000e+00 1.1862471180476549e+18 4.1443274989787172e+18
3.5111560000000002e+00 1.2207880433151130e+18 4.2863772630141189e+18
3.5287530000000000e+00 1.2136289672346573e+18 4.2825968590161987e+18
3.5464389999999999e+00 1.2065208144470170e+18 4.2788524706666644e+18
3.5642130000000001e+00 1.1994818613111171e+18 4.2752088433492808e+18
3.5820770000000004e+00 1.1925275460206904e+18 4.2717254944671570e+18
3.6000300000000003e+00 1.1856723759511985e+18 4.2684561235955932e+18
3.6180729999999999e+00 1.1789283805565233e+18 4.2654489426252815e+18
3.6362069999999997e+00 1.1723065246326861e+18 4.2627491910150451e+18
3.6544310000000002e+00 1.1658168144448358e+18 4.2603971070284559e+18
3.6727469999999998e+00 1.1632886186730135e+18 4.2724647843654538e+18
3.6911540000000000e+00 1.1704836436584038e+18 4.3204353832242918e+18
3.7096540000000000e+00 1.1468670938225105e+18 4.2544801020670510e+18
3.7282459999999999e+00 1.1406862772284782e+18 4.2527590503319649e+18
3.7469319999999997e+00 1.1346758799834481e+18 4.2515533643381407e+18
3.7657109999999996e+00 1.1288400223983116e+18 4.2508852895855677e+18
3.7845849999999999e+00 1.1231829507595814e+18 4.2507813477004503e+18
3.8035530000000000e+00 1.1177104019953169e+18 4.2512707526404936e+18
3.8226160000000000e+00 1.1124351301784392e+18 4.2524123275821844e+18
3.8417750000000002e+00 1.1073466661120177e+18 4.2541767382024970e+18
3.8610289999999998e+00 1.1034341873747512e+18 4.2603913970453484e+18
3.8803800000000002e+00 1.2621978919625915e+18 4.8978074560138015e+18
3.8998290000000000e+00 1.1352502200580952e+18 4.4272817304389417e+18
3.9193739999999999e+00 1.0839043321612211e+18 4.2482264579600538e+18
3.9390179999999999e+00 1.0770518489954659e+18 4.2425266201264220e+18
3.9587600000000003e+00 1.0935534763787908e+18 4.3291157601493023e+18
3.9786010000000003e+00 1.0637012407359813e+18 4.2320428200934164e+18
3.9985410000000003e+00 1.0572245352541923e+18 4.2273556504198333e+18
4.0185820000000003e+00 1.0509755299255167e+18 4.2234313469991429e+18
4.0387219999999999e+00 1.0449434228590749e+18 4.2202359906562488e+18
4.0589639999999996e+00 1.0403890675593708e+18 4.2229017712170532e+18
4.0793070000000000e+00 1.0342789388688433e+18 4.2191413152802442e+18
4.0997520000000005e+00 1.0283420516931424e+18 4.2159473831130644e+18
4.1203000000000003e+00 1.0220911626779907e+18 4.2113222175821251e+18
4.1409510000000003e+00 1.0195585792913247e+18 4.2219421184749906e+18
4.1617049999999995e+00 1.0144864801793315e+18 4.2219934569947244e+18
4.1825630000000000e+00 1.0095739551270954e+18 4.2226066704782495e+18
4.2035260000000001e+00 1.0048187126948640e+18 4.2237815840993910e+18
4.2245929999999996e+00 1.0002180523308192e+18 4.2255141823504123e+18
4.2457669999999998e+00 9.9576929671478336e+17 4.2278044196048353e+18
4.2670460000000006e+00 9.9146941596586906e+17 4.2306456055194982e+18
4.2884319999999994e+00 9.8731486231650317e+17 4.2340326496336855e+18
4.3099249999999998e+00 9.8330235059728333e+17 4.2379593833979960e+18
4.3315260000000002e+00 9.7942811813903373e+17 4.2424183588502963e+18
4.3532359999999999e+00 9.7568881798712678e+17 4.2474036872590075e+18
4.3750540000000004e+00 9.7208094092757286e+17 4.2529066089289416e+18
4.3969809999999994e+00 9.6860123204407322e+17 4.2589212138743803e+18
4.4190180000000003e+00 9.5591306191537715e+17 4.2241970270391665e+18
4.4411659999999999e+00 9.7485393484394918e+17 4.3294881503951626e+18
4.4634250000000000e+00 9.7088748239103155e+17 4.3334834610911898e+18
4.4857950000000004e+00 9.6695922466748416e+17 4.3375808552172774e+18
4.5082780000000007e+00 9.6308090035170291e+17 4.3418364352757750e+18
4.5308729999999997e+00 9.5926370068946867e+17 4.3463020013339945e+18
4.5535810000000003e+00 9.5551687870896230e+17 4.3510235040684355e+18
4.5764030000000000e+00 9.7676502899963366e+17 4.4700704090090107e+18
4.5993399999999998e+00 9.4790117222686426e+17 4.3597197774699054e+18
4.6223909999999995e+00 9.4405494544358131e+17 4.3637910833239009e+18
4.6455580000000003e+00 9.4031333207477965e+17 4.3682801223266493e+18
4.6688419999999997e+00 9.3667873929489549e+17 4.3732050385270579e+18
4.6922410000000001e+00 9.3315354091291533e+17 4.3785813039667589e+18
4.7157580000000001e+00 9.2974041683525338e+17 4.3844308086141809e+18
4.7393929999999997e+00 9.2644181038475622e+17 4.3907718310448410e+18
4.7631470000000000e+00 9.2326027789738816e+17 4.3976244228861107e+18
4.7870189999999999e+00 9.2019893751858035e+17 4.4050097976812570e+18
4.8110119999999998e+00 9.3580956536856998e+17 4.5021910487029745e+18
4.8351239999999995e+00 9.1416590787814093e+17 4.4201055211633879e+18
4.8593570000000001e+00 9.1264662685040896e+17 4.4348757747119227e+18
4.8837120000000001e+00 9.0837781468108352e+17 4.4362556340917837e+18
4.9081890000000001e+00 9.0568857786986470e+17 4.4452907153265137e+18
4.9327879999999995e+00 9.2853386642725069e+17 4.5802607139059446e+18
4.9575110000000002e+00 9.0033165462129178e+17 4.4634040814332549e+18
4.9823570000000004e+00 8.9757928864914752e+17 4.4720604518561009e+18
5.0073289999999995e+00 8.9508688815488960e+17 4.4819945325777347e+18
5.0324249999999999e+00 8.9274011561574502e+17 4.4926476763275658e+18
5.0576470000000002e+00 8.9055129528220096e+17 4.5040940869301381e+18
5.0829960000000005e+00 8.8851608191508518e+17 4.5163236903100508e+18
5.1084709999999998e+00 8.8667001195468147e+17 4.5295280426401434e+18
5.1340740000000000e+00 8.8566027894546509e+17 4.5470454109666596e+18
5.1598059999999997e+00 8.8566312088998003e+17 4.5698498851468442e+18
5.1856660000000003e+00 8.8394655608042048e+17 4.5838516016833300e+18
5.2116569999999998e+00 8.8238556847992653e+17 4.5986909246673884e+18
5.2377770000000003e+00 8.8098788205687885e+17 4.6144180659162327e+18
5.2640280000000006e+00 8.7976124005644992e+17 4.6310878009718743e+18
5.2904109999999998e+00 8.7871331484133811e+17 4.6487545866830787e+18
5.3169260000000005e+00 8.7793465937468531e+17 4.6679136167304090e+18
5.3435739999999994e+00 8.7718586696217498e+17 4.6873075918665370e+18
5.3703560000000001e+00 8.7672311858701619e+17 4.7083152602424945e+18
5.3972720000000001e+00 8.7647363420909542e+17 4.7305666046549934e+18
5.4243220000000001e+00 8.7644685917233331e+17 4.7541299800393892e+18
5.4515079999999996e+00 8.7665394422847130e+17 4.7790859901930650e+18
5.4788310000000005e+00 8.8392363137966272e+17 4.8428681932354693e+18
5.5062899999999999e+00 8.8710372478605773e+17 4.8846503687522222e+18
5.5338880000000001e+00 8.8706042853500749e+17 4.9088930607447357e+18
5.5616230000000000e+00 8.8725550745615693e+17 4.9345806371448340e+18
5.5894970000000006e+00 8.8771549973180275e+17 4.9618831226044129e+18
5.6175110000000004e+00 8.8846570715465101e+17 4.9909658830640312e+18
5.6456660000000003e+00 8.8953117415310554e+17 5.0219959058562673e+18
5.6739610000000003e+00 8.9093640092489715e+17 5.0551383923282309e+18
5.7023990000000007e+00 8.9270598489421939e+17 5.0905657155548119e+18
5.7309790000000005e+00 8.9514643428966221e+17 5.1300654168389345e+18
5.7597019999999999e+00 8.9743133433218688e+17 5.1689370512157655e+18
5.7885690000000007e+00 9.0043475767971802e+17 5.2122287248273285e+18
5.8175810000000006e+00 9.0389633770419174e+17 5.2584901601974897e+18
5.8467380000000002e+00 9.0783848591699098e+17 5.3078937734733363e+18
5.8760420000000000e+00 9.1228180860897997e+17 5.3606062232223283e+18
5.9054920000000006e+00 9.1724605595474522e+17 5.4167892454723011e+18
5.9350899999999998e+00 9.2274858438165581e+17 5.4765958956777216e+18
5.9648360000000000e+00 9.2880412248106330e+17 5.5401642667234560e+18
5.9947309999999998e+00 9.3542488040049882e+17 5.6076205287081626e+18
6.0247760000000001e+00 9.4261960549105318e+17 5.6790719762919660e+18
6.0549719999999994e+00 9.5039236835265754e+17 5.7545991793890273e+18
6.0853190000000001e+00 9.5874374795004723e+17 5.8342615455316337e+18
6.1158180000000000e+00 9.6766908610168013e+17 5.9180880148242053e+18
6.1464699999999999e+00 9.7715951961465216e+17 6.0060816725258711e+18
6.1772760000000000e+00 9.8720129830532058e+17 6.0982148871902976e+18
6.2082360000000003e+00 9.9777688679639846e+17 6.1944343885773261e+18
6.2393510000000001e+00 1.0088658158228908e+18 6.2946679368203694e+18
6.2706220000000004e+00 1.0204464805794675e+18 6.3988341509441823e+18
6.3020500000000004e+00 1.0324977548867267e+18 6.5068524761838961e+18
6.3336350000000001e+00 1.0450018697890312e+18 6.6186604175612508e+18
6.3653789999999999e+00 1.0579476079645999e+18 6.7342374868380969e+18
6.3972820000000006e+00 1.0713332108327167e+18 6.8536206656623442e+18
6.4293440000000004e+00 1.0936624254907409e+18 7.0315319533543424e+18
6.4615680000000006e+00 1.1127383249595429e+18 7.1900343529321841e+18
6.4939520000000002e+00 1.1327466952803302e+18 7.3560026673090908e+18
6.5264989999999994e+00 1.1498606203716527e+18 7.5045641889949706e+18
6.5592100000000002e+00 1.2270562860487841e+18 8.0485198620140452e+18
6.5920839999999998e+00 1.1525506876035575e+18 7.5977109469404099e+18
6.6251229999999994e+00 1.4446078370342472e+18 9.5707046071158415e+18
6.6583280000000000e+00 2.9490147072854333e+18 1.9635507197930406e+19
6.6916989999999998e+00 4.0750906624891986e+18 2.7269280111088308e+19
6.7252369999999999e+00 1.1302442587164393e+18 7.6011605077573704e+18
6.7589430000000004e+00 1.0944587609552614e+18 7.3973843811472384e+18
6.7928180000000005e+00 1.0620620421645764e+18 7.2143941571322941e+18
6.8268630000000003e+00 1.0326642556013554e+18 7.0498573979874365e+18
6.8610790000000001e+00 1.0059423909240841e+18 6.9018502135790244e+18
6.8954660000000008e+00 9.8309618845034125e+17 6.7789063421889219e+18
6.9300259999999998e+00 9.6117859394948109e+17 6.6609926467133460e+18
6.9647579999999998e+00 9.4511406147781376e+17 6.5824907205900954e+18
6.9996650000000002e+00 9.2093141900339405e+17 6.4462114209983928e+18
7.0347470000000003e+00 9.0422256300964416e+17 6.3609769624644055e+18
7.0700050000000001e+00 8.8906107557011789e+17 6.2856662495861115e+18
7.1054390000000005e+00 8.7532895980856768e+17 6.2195965288532296e+18
7.1410510000000000e+00 8.6291757475623654e+17 6.1621384101305979e+18
7.1768410000000005e+00 8.5172601242040192e+17 6.1127021667052503e+18
7.2128109999999994e+00 8.4165948955728358e+17 6.0707308245331599e+18
7.2489610000000004e+00 8.3262799482493453e+17 6.0356878619941530e+18
7.2852920000000001e+00 8.2454657235619994e+17 6.0070625472140442e+18
7.3218050000000003e+00 8.1733427664831091e+17 5.9843621934349865e+18
7.3585020000000005e+00 8.1091362876872410e+17 5.9671095591219139e+18
7.3953819999999997e+00 8.0521198742680525e+17 5.9548502380004219e+18
7.4324469999999998e+00 8.0015985559453824e+17 5.9471457182340588e+18
7.4696980000000002e+00 7.9569271220636275e+17 5.9435842609824440e+18
7.5071349999999999e+00 7.9174999552726413e+17 5.9437741026725683e+18
7.5447600000000001e+00 7.8827616931457843e+17 5.9473545111978588e+18
7.5825739999999993e+00 7.8521664712139661e+17 5.9539633328298762e+18
7.6205769999999999e+00 7.8253604401918528e+17 5.9633761787235912e+18
7.6587709999999998e+00 7.8003184200758374e+17 5.9740852506442639e+18
7.6971559999999997e+00 7.7802019234957402e+17 5.9885427916646779e+18
7.7357340000000008e+00 7.7630080971051251e+17 6.0052565679051428e+18
7.7745040000000003e+00 7.7458676798744525e+17 6.0220279260654653e+18
7.8134700000000006e+00 7.7343456166449830e+17 6.0432077445287076e+18
7.8526300000000004e+00 7.7255774283143347e+17 6.0666101080903997e+18
7.8919870000000003e+00 1.7068890729925496e+18 1.3470746374499254e+19
7.9315410000000002e+00 7.5996913423640922e+17 6.0277263469305836e+18
7.9712929999999993e+00 7.4925224935366259e+17 5.9725092105071043e+18
8.0112439999999996e+00 7.3931502646589504e+17 5.9228330698847427e+18
8.0513960000000004e+00 7.2971571652162573e+17 5.8752302011393516e+18
8.0917490000000001e+00 7.2106379890828928e+17 5.8346672737523507e+18
8.1323039999999995e+00 7.1293342616502208e+17 5.7977913533355131e+18
8.1730630000000009e+00 7.0477910551906739e+17 5.7602040304909865e+18
8.2140249999999995e+00 6.9756593962290637e+17 5.7298240672110428e+18
8.2551929999999984e+00 6.9075319049296192e+17 5.7023009028851651e+18
8.2965679999999988e+00 1.1350121831120910e+18 9.4167057580179128e+18
8.3381489999999996e+00 6.7160489792554432e+17 5.5999417080329789e+18
8.3799400000000013e+00 6.6076902927636608e+17 5.5372048191941919e+18
8.4219390000000001e+00 6.5053841860225920e+17 5.4787948786246922e+18
8.4641489999999990e+00 6.3652937234405235e+17 5.3876794503965379e+18
8.5065709999999992e+00 8.8564610507234240e+17 7.5338114736713400e+18
8.5492050000000006e+00 6.1610197073368282e+17 5.2671820487062548e+18
8.5920529999999999e+00 7.4832714715268736e+17 6.4296665096746885e+18
8.6351160000000000e+00 6.6154689754685837e+17 5.7125341997572372e+18
8.6783940000000008e+00 6.2585175145646490e+17 5.4313880847292764e+18
8.7218900000000001e+00 7.1799114315375949e+17 6.2622397715613430e+18
8.7656029999999987e+00 5.3623528905224403e+17 4.7004256584222167e+18
8.8095350000000003e+00 4.4201242388566010e+17 3.8939239186555587e+18
8.8536880000000000e+00 5.7944002423678157e+17 5.1301811893049016e+18
8.8980619999999995e+00 5.6222225526501350e+17 5.0026884851279165e+18
8.9426579999999998e+00 5.4592420433423917e+17 4.8820134532832184e+18
8.9874779999999994e+00 5.3053629509906790e+17 4.7681832804043807e+18
9.0325229999999994e+00 5.1604304891434112e+17 4.6611707083089111e+18
9.0777929999999998e+00 5.0242537457688640e+17 4.5609135483564370e+18
9.1232900000000008e+00 4.8966116561740998e+17 4.4673208156656609e+18
9.1690149999999999e+00 5.1399301925476224e+17 4.7128097034422036e+18
9.2149699999999992e+00 5.2451379771808230e+17 4.8333789105581967e+18
9.2611540000000012e+00 4.6564737536830566e+17 4.3124320529816863e+18
9.3075700000000001e+00 4.9641390296935494e+17 4.6204071508604795e+18
9.3542189999999987e+00 4.8157475088071066e+17 4.5047556846086098e+18
9.4011020000000016e+00 4.6752924111693440e+17 4.3952900837228948e+18
9.4482189999999999e+00 4.5426723611067277e+17 4.2920163312983444e+18
9.4955730000000003e+00 4.4177331252229952e+17 4.1948907385073096e+18
9.5431640000000009e+00 4.3002797481684326e+17 4.1038274882650056e+18
9.5909940000000002e+00 4.1900903487860998e+17 4.0187131394665390e+18
9.6390630000000002e+00 4.0869198907800691e+17 3.9394078303182208e+18
9.6873729999999991e+00 3.9905072202702419e+17 3.8657531901950991e+18
9.7359249999999999e+00 3.9005824775492506e+17 3.7975778457733688e+18
9.7847209999999993e+00 3.8168686249524192e+17 3.7346994588813056e+18
9.8337610000000009e+00 3.7390831363454464e+17 3.6769249921951534e+18
9.8830470000000012e+00 3.6669468768688058e+17 3.6240608330597627e+18
9.9325799999999997e+00 3.6001788804903219e+17 3.5759064744780559e+18
9.9823619999999984e+00 3.5385071270446125e+17 3.5322659081739305e+18
1.0032389999999999e+01 3.4816587557313875e+17 3.4929358484412012e+18
1.0082670000000000e+01 3.4293738783940666e+17 3.4577245122467502e+18
1.0133209999999998e+01 3.3813956459697747e+17 3.4264392173697377e+18
1.0183990000000000e+01 3.3374775382371853e+17 3.3988837874632110e+18
1.0235040000000001e+01 3.2973808175598227e+17 3.3748824562957491e+18
1.0286330000000000e+01 3.2608754696441037e+17 3.3542441169664230e+18
1.0337890000000000e+01 3.2277423776695136e+17 3.3368045648685885e+18
1.0389700000000001e+01 3.1977684249449363e+17 3.3223854604650409e+18
1.0441770000000000e+01 3.1707549559483053e+17 3.3108293976372337e+18
1.0494110000000001e+01 3.1465089813415866e+17 3.3019811366186557e+18
1.0546700000000001e+01 3.1248472403979040e+17 3.2956826390304579e+18
1.0599560000000000e+01 3.1055985978770502e+17 3.2917978674113669e+18
1.0652680000000000e+01 3.0885984067569728e+17 3.2901850475691868e+18
1.0706070000000000e+01 3.0736934514723021e+17 3.2907177250004070e+18
1.0759729999999999e+01 3.0607374151961210e+17 3.2932708188408156e+18
1.0813660000000000e+01 3.0495920847492755e+17 3.2977251943169853e+18
1.0867860000000000e+01 3.0401302161227667e+17 3.3039709570591974e+18
1.0922330000000001e+01 3.0322270948063584e+17 3.3118984964416333e+18
1.0977069999999999e+01 3.0257694175703526e+17 3.3214082700528988e+18
1.1032080000000001e+01 3.0206506533100966e+17 3.3324059659369252e+18
1.1087380000000000e+01 3.0167709651404666e+17 3.3448086063479107e+18
1.1142940000000001e+01 3.0140384934092954e+17 3.3585250089750175e+18
1.1198790000000001e+01 3.0123626981760032e+17 3.3734817260706447e+18
1.1254920000000000e+01 3.0116654562474131e+17 3.3896053776828134e+18
1.1311330000000000e+01 3.0118696923832422e+17 3.4068252007545339e+18
1.1368020000000000e+01 3.0129032682214253e+17 3.4250744611206528e+18
1.1424989999999999e+01 3.0147008249938752e+17 3.4442926778546770e+18
1.1482260000000000e+01 3.0172015457873133e+17 3.4644292621131837e+18
1.1539800000000000e+01 3.0203478796249331e+17 3.4854210461295800e+18
1.1597640000000000e+01 3.0240860317952205e+17 3.5072261125789522e+18
1.1655770000000000e+01 3.0283679970955674e+17 3.5297960849506601e+18
1.1714180000000001e+01 3.0331492605944941e+17 3.5530856405470812e+18
1.1772900000000000e+01 3.0383850148760691e+17 3.5770602941634473e+18
1.1831899999999999e+01 3.0440392334348096e+17 3.6016767806077322e+18
1.1891200000000001e+01 3.0500721628126438e+17 3.6269018102437714e+18
1.1950799999999999e+01 3.0564522451326451e+17 3.6527049491131213e+18
1.2010690000000000e+01 3.0631459725471078e+17 3.6790496701011825e+18
1.2070889999999999e+01 3.0701257658760390e+17 3.7059150406055419e+18
1.2131390000000000e+01 3.0773634659774637e+17 3.7332696377524342e+18
1.2192190000000000e+01 3.0848359025291130e+17 3.7610905442456428e+18
1.2253299999999999e+01 3.0925193360877203e+17 3.7893567180883661e+18
1.2314710000000000e+01 3.1003918914091456e+17 3.8180427029055119e+18
1.2376430000000001e+01 3.1084336979377523e+17 3.8471312072167736e+18
1.2438459999999999e+01 3.1166274740270976e+17 3.8766046170587090e+18
1.2500800000000000e+01 3.1249552850411053e+17 3.9064441027241851e+18
1.2563450000000001e+01 3.1334005997854605e+17 3.9366321765374648e+18
1.2626420000000000e+01 3.1419473540082931e+17 3.9671546909597389e+18
1.2689700000000000e+01 3.1505833538511814e+17 3.9979957585365340e+18
1.2753299999999999e+01 3.1592966265801235e+17 4.0291457667764285e+18
1.2817219999999999e+01 3.1680735731905203e+17 4.0605895963768996e+18
1.2881459999999999e+01 3.1769029837473018e+17 4.0923148709021512e+18
1.2946020000000001e+01 3.1857752243489312e+17 4.1243109769925755e+18
1.3010909999999999e+01 3.1946810605745869e+17 4.1565707757840497e+18
1.3076110000000000e+01 3.2036100789196941e+17 4.1890757789062600e+18
1.3141650000000000e+01 3.2125534508278234e+17 4.2218253057071468e+18
1.3207520000000001e+01 3.2215031182323686e+17 4.2548066864116378e+18
1.3273709999999999e+01 3.2304499062847405e+17 4.2880055225550822e+18
1.3340240000000000e+01 3.2393889864703565e+17 4.3214226532871306e+18
1.3407100000000000e+01 3.2483119803711174e+17 4.3550443552033608e+18
1.3474290000000002e+01 3.2572134843649702e+17 4.3888639080244081e+18
1.3541829999999999e+01 3.2660863740715885e+17 4.4228786442993859e+18
1.3609700000000000e+01 3.2749247163426067e+17 4.4570742912007977e+18
1.3677910000000001e+01 3.2837230907518598e+17 4.4914468900225772e+18
1.3746459999999999e+01 3.2924760038455328e+17 4.5259889687822459e+18
1.3815350000000000e+01 3.3011760747828998e+17 4.5606902884751939e+18
1.3884600000000001e+01 3.3098208564280173e+17 4.5955538663160453e+18
1.3954180000000001e+01 3.3184024996905005e+17 4.6305585793131192e+18
1.4024120000000000e+01 3.3269184065245952e+17 4.6657102963309701e+18
1.4094410000000000e+01 3.3353644760772672e+17 4.7009994425268193e+18
1.4165049999999999e+01 3.3437345236176038e+17 4.7364166713769533e+18
1.4236040000000001e+01 3.3520246208843386e+17 4.7719556583894282e+18
1.4307390000000000e+01 3.3602316020179398e+17 4.8076144020395448e+18
1.4379100000000001e+01 3.3683501121276000e+17 4.8433843097293978e+18
1.4451169999999999e+01 3.3763749980885382e+17 4.8792569081127137e+18
1.4523600000000000e+01 3.3843028377794195e+17 4.9152260694773176e+18
1.4596390000000000e+01 3.3921313670998490e+17 4.9512872365422561e+18
1.4669540000000001e+01 3.3998550921988134e+17 4.9874310269214188e+18
1.4743069999999999e+01 3.4074695226735238e+17 5.0236561695642348e+18
1.4816960000000000e+01 3.4149725489963008e+17 5.0599511659576228e+18
1.4891219999999999e+01 3.4223595586082554e+17 5.0963109106338417e+18
1.4965850000000000e+01 3.4296273288305101e+17 5.1327288159178086e+18
1.5040860000000000e+01 3.4367716813250739e+17 5.1692001710775050e+18
1.5116239999999999e+01 3.4437889591921728e+17 5.2057140416499087e+18
1.5192000000000000e+01 3.4506756792324192e+17 5.2422664918898913e+18
1.5268150000000000e+01 3.4574290816492742e+17 5.2788545832983368e+18
1.5344670000000001e+01 3.4640461461256851e+17 5.3154644977070418e+18
1.5421569999999999e+01 3.4705212051102496e+17 5.3520885701092065e+18
1.5498870000000000e+01 3.4768535256663603e+17 5.3887300803344579e+18
1.5576540000000001e+01 3.4830391126901779e+17 5.4253698060383068e+18
1.5654610000000000e+01 3.4890752840687181e+17 5.4620112832734996e+18
1.5733070000000000e+01 3.4949582603489037e+17 5.4986422957147525e+18
1.5811930000000000e+01 3.5006845259147379e+17 5.5352578675847025e+18
1.5891170000000001e+01 3.5062502851048384e+17 5.5718419343149455e+18
1.5970820000000000e+01 3.5116552558090016e+17 5.6084013992579523e+18
1.6050860000000000e+01 3.5168938531435706e+17 5.6449170871668009e+18
1.6131309999999999e+01 3.5219653579182253e+17 5.6813914997839841e+18
1.6212160000000001e+01 3.5268668486919648e+17 5.7178129649689928e+18
1.6293410000000002e+01 3.5315939638324992e+17 5.7541708406248090e+18
1.6375070000000001e+01 3.5361477787531731e+17 5.7904667407427727e+18
1.6457139999999999e+01 3.5405212031486080e+17 5.8266853113185075e+18
1.6539630000000002e+01 3.5447149646341734e+17 5.8628273970512323e+18
1.6622520000000002e+01 3.5487265032529850e+17 5.8988777274852813e+18
1.6705830000000002e+01 3.5525509101924640e+17 5.9348311572020582e+18
1.6789560000000002e+01 3.5561870793731571e+17 5.9706816340360387e+18
1.6873709999999999e+01 3.5596350810096774e+17 6.0064250062783805e+18
1.6958279999999998e+01 3.5628915515967219e+17 6.0420512541611653e+18
1.7043270000000000e+01 3.5659542577601536e+17 6.0775521222655887e+18
1.7128689999999999e+01 3.5688232909298163e+17 6.1129267815116636e+18
1.7214540000000000e+01 3.5714932399224390e+17 6.1481613238374420e+18
1.7300819999999998e+01 3.5739657202599104e+17 6.1832537612387052e+18
1.7387529999999998e+01 3.5762368589944934e+17 6.2181925672872520e+18
1.7474670000000000e+01 3.5783055429749901e+17 6.2529708522658765e+18
1.7562249999999999e+01 3.5801711614208941e+17 6.2875860979664097e+18
1.7650269999999999e+01 3.5818318424421850e+17 6.3220299113702021e+18
1.7738730000000000e+01 3.5832888400766349e+17 6.3562993246132603e+18
1.7827639999999999e+01 3.5845389063004992e+17 6.3903869187519027e+18
1.7916990000000002e+01 3.5855806574509581e+17 6.4242812783742249e+18
1.8006790000000002e+01 3.5864138305454842e+17 6.4579800699728128e+18
1.8097040000000000e+01 3.5870390292928410e+17 6.4914788794673715e+18
1.8187740000000002e+01 3.5874524721751334e+17 6.5247652826278564e+18
1.8278890000000001e+01 3.5876562940649101e+17 6.5578374757020150e+18
1.8370509999999999e+01 3.5876472469384243e+17 6.5906909626354790e+18
1.8462580000000003e+01 3.5874262441072160e+17 6.6233144025929011e+18
1.8555109999999999e+01 3.5869966561483328e+17 6.6557117524464486e+18
1.8648109999999999e+01 3.5863518573892371e+17 6.6878683935298806e+18
1.8741569999999999e+01 3.5854964088445280e+17 6.7197831931108342e+18
1.8835500000000000e+01 3.5844297704056659e+17 6.7514526940475914e+18
1.8929900000000000e+01 3.5831492200139590e+17 6.7828656419942246e+18
1.9024780000000000e+01 3.5816585928792934e+17 6.8140266764638126e+18
1.9120130000000000e+01 3.5799538610238694e+17 6.8449183216778312e+18
1.9215959999999999e+01 3.5780392451934016e+17 6.8755459014066596e+18
1.9312270000000002e+01 3.5759121712875200e+17 6.9058981348190843e+18
1.9409060000000000e+01 3.5735765518024685e+17 6.9359761708527217e+18
1.9506330000000002e+01 3.5710303461320250e+17 6.9657696371665510e+18
1.9604099999999999e+01 3.5682763984308314e+17 6.9952847342477855e+18
1.9702349999999999e+01 3.5653123669149370e+17 7.0245032112286505e+18
1.9801099999999998e+01 3.5621436938910669e+17 7.0534363497106401e+18
1.9900340000000000e+01 3.5587664682162848e+17 7.0820662698103265e+18
2.0000080000000001e+01 3.5551839831812800e+17 7.1103964078344253e+18
2.0100320000000000e+01 3.5513983878020883e+17 7.1384244042306068e+18
2.0201060000000002e+01 3.5474090642264621e+17 7.1661423350982625e+18
2.0302299999999999e+01 3.5432170483192397e+17 7.1935455480091699e+18
2.0404060000000001e+01 3.5388250928052205e+17 7.2206399523103293e+18
2.0506319999999999e+01 3.5342346586335795e+17 7.2474146865030943e+18
2.0609099999999998e+01 3.5294464338711776e+17 7.2738714500294482e+18
2.0712389999999999e+01 3.5244629011885434e+17 7.3000050149948570e+18
2.0816200000000002e+01 3.5192851808086150e+17 7.3258144180748298e+18
2.0920529999999999e+01 3.5139132656596506e+17 7.3512927891630684e+18
2.1025380000000002e+01 3.5083515621835373e+17 7.3764424768502508e+18
2.1130759999999999e+01 3.5025982309670144e+17 7.4012562594988544e+18
2.1236660000000001e+01 3.4966587072450669e+17 7.4257352101803028e+18
2.1343100000000000e+01 3.4905334161020282e+17 7.4498803753207194e+18
2.1450070000000000e+01 3.4842247695364627e+17 7.4736865202290995e+18
2.1557569999999998e+01 3.4777345621520358e+17 7.4971506265011855e+18
2.1665620000000001e+01 3.4710666668964864e+17 7.5202811399645860e+18
2.1774200000000000e+01 3.4642194371244678e+17 7.5430606867835587e+18
2.1883340000000000e+01 3.4571972722061248e+17 7.5655023354759178e+18
2.1993009999999998e+01 3.4499999864452870e+17 7.5875884201891052e+18
2.2103240000000003e+01 3.4426325899926029e+17 7.6093334368428114e+18
2.2214020000000001e+01 3.4350949744382573e+17 7.6307268464070943e+18
2.2325350000000000e+01 3.4273917643970726e+17 7.6517720727282186e+18
2.2437249999999999e+01 3.4195241955735450e+17 7.6724719257132513e+18
2.2549700000000001e+01 3.4114944028402253e+17 7.6928175335726234e+18
2.2662720000000000e+01 3.4033069896194368e+17 7.7128193379788206e+18
2.2776299999999999e+01 3.3949601027516358e+17 7.7324629788302080e+18
2.2890450000000001e+01 3.3864587569971936e+17 7.7517564854106419e+18
2.3005179999999999e+01 3.3778027782585222e+17 7.7706960918337393e+18
2.3120480000000001e+01 3.3689969369837939e+17 7.7892826301595075e+18
2.3236360000000001e+01 3.3600437320518387e+17 7.8075185773700065e+18
2.3352820000000001e+01 3.3509446879519046e+17 7.8254008127696998e+18
2.3469860000000001e+01 3.3417025196107872e+17 7.8429290296912435e+18
2.3587490000000003e+01 3.3323206844858042e+17 7.8601080822102067e+18
2.3705710000000000e+01 3.3228003663399635e+17 7.8769341872348938e+18
2.3824520000000000e+01 3.3131438808179494e+17 7.8934062651424850e+18
2.3943919999999999e+01 3.3033549462947866e+17 7.9095266565686661e+18
2.4063929999999999e+01 3.2934329095822419e+17 7.9252938995883397e+18
2.4184540000000002e+01 3.2833835155180794e+17 7.9407119966387620e+18
2.4305750000000000e+01 3.2732068185058042e+17 7.9557746628897444e+18
2.4427560000000000e+01 3.2629076890705254e+17 7.9704873349231606e+18
2.4549990000000001e+01 3.2524875904248390e+17 7.9848537820053893e+18
2.4673040000000000e+01 3.2419496775872934e+17 7.9988754073098394e+18
2.4796700000000001e+01 3.2312950077074931e+17 8.0125452917620398e+18
2.4920970000000001e+01 3.2205281286033696e+17 8.0258684877080719e+18
2.5045880000000000e+01 3.2096485933100256e+17 8.0388473510211707e+18
2.5171400000000002e+01 3.1986608885673421e+17 8.0514772690483999e+18
2.5297560000000001e+01 3.1875655530381920e+17 8.0637630831916851e+18
2.5424349999999997e+01 3.1763654363508749e+17 8.0757026581687357e+18
2.5551770000000001e+01 3.1650626532017965e+17 8.0872952950202071e+18
2.5679839999999999e+01 3.1536582881870458e+17 8.0985440255317217e+18
2.5808540000000001e+01 3.1421562101942560e+17 8.1094464237046866e+18
2.5937889999999999e+01 3.1305559494679501e+17 8.1200015856145244e+18
2.6067889999999998e+01 3.1188601055596954e+17 8.1302102157118525e+18
2.6198540000000001e+01 3.1070723749639590e+17 8.1400759898388285e+18
2.6329849999999997e+01 3.0951925105554989e+17 8.1495954524049695e+18
2.6461810000000000e+01 3.0832235407394586e+17 8.1587675522574807e+18
2.6594429999999999e+01 3.0711690994264333e+17 8.1675991632859320e+18
2.6727720000000001e+01 3.0590321584008205e+17 8.1760955000732785e+18
2.6861680000000000e+01 3.0468155070287462e+17 8.1842583168843930e+18
2.6996310000000001e+01 3.0345213309111706e+17 8.1920878550890547e+18
2.7131610000000002e+01 3.0221528037952474e+17 8.1995871232979180e+18
2.7267589999999998e+01 3.0097117539520704e+17 8.2067586124945930e+18
2.7404259999999997e+01 2.9972002701751187e+17 8.2136055475949189e+18
2.7541610000000002e+01 2.9846209100618394e+17 8.2201265102768261e+18
2.7679639999999999e+01 2.9719746689704928e+17 8.2263188926222408e+18
2.7818369999999998e+01 2.9592651625996371e+17 8.2321933221306860e+18
2.7957789999999999e+01 2.9464947286712422e+17 8.2377480860297564e+18
2.8097909999999999e+01 2.9336651266497197e+17 8.2429858698742426e+18
2.8238740000000000e+01 2.9207789631080992e+17 8.2479117736679209e+18
2.8380269999999999e+01 2.9078384052085120e+17 8.2525239056186972e+18
2.8522509999999997e+01 2.8948450541108518e+17 8.2568247004327301e+18
2.8665459999999999e+01 2.8818006788414918e+17 8.2608142087303629e+18
2.8809130000000000e+01 2.8687073784630493e+17 8.2644963798101187e+18
2.8953520000000001e+01 2.8555664851772262e+17 8.2678701339908526e+18
2.9098630000000000e+01 2.8423803817549280e+17 8.2709375047945400e+18
2.9244470000000000e+01 2.8291513460119645e+17 8.2737031663906519e+18
2.9391040000000000e+01 2.8158813766721411e+17 8.2761682177025966e+18
2.9538349999999998e+01 2.8025723849018995e+17 8.2783364005567017e+18
2.9686389999999999e+01 2.7892263391719424e+17 8.2802060902930555e+18
2.9835180000000001e+01 2.7758446752704589e+17 8.2817825538735688e+18
2.9984710000000000e+01 2.7624290175432509e+17 8.2830632986619290e+18
3.0134990000000002e+01 2.7489810352497283e+17 8.2840516007440220e+18
3.0286020000000001e+01 2.7355020272261456e+17 8.2847469106611589e+18
3.0437819999999999e+01 2.7219939535073968e+17 8.2851561997946511e+18
3.0590370000000000e+01 2.7084588823311510e+17 8.2852759340296376e+18
3.0743680000000001e+01 2.6948986746267782e+17 8.2851102485149788e+18
3.0897770000000001e+01 2.6813150879182294e+17 8.2846656884027238e+18
3.1052630000000001e+01 2.6677095702032880e+17 8.2839398230981724e+18
3.1208259999999999e+01 2.6540839593607475e+17 8.2829342265559644e+18
3.1364669999999997e+01 2.6404391939375155e+17 8.2816503972916163e+18
3.1521870000000000e+01 2.6267767707998304e+17 8.2800915888172052e+18
3.1679849999999998e+01 2.6130978743564813e+17 8.2782548694932173e+18
3.1838630000000002e+01 2.5994038901585872e+17 8.2761458679319900e+18
3.1998200000000001e+01 2.5856969583628483e+17 8.2737648413086095e+18
3.2158580000000001e+01 2.5719786352155555e+17 8.2711180698870262e+18
3.2319749999999999e+01 2.5582503975989827e+17 8.2682013287799716e+18
3.2481740000000002e+01 2.5445137585438138e+17 8.2650234331442944e+18
3.2644529999999996e+01 2.5307699396438058e+17 8.2615795217800397e+18
3.2808140000000002e+01 2.5170202731006634e+17 8.2578753502724803e+18
3.2972569999999997e+01 2.5032655412325693e+17 8.2539098286878771e+18
3.3137830000000001e+01 2.4895068735949542e+17 8.2496855561021082e+18
3.3303910000000002e+01 2.4757455490401078e+17 8.2452006948132342e+18
3.3470829999999999e+01 2.4619832182578202e+17 8.2404621761160397e+18
3.3638580000000005e+01 2.4482214083674326e+17 8.2354691703080561e+18
3.3807180000000002e+01 2.4344612232875632e+17 8.2302268778702848e+18
3.3976620000000004e+01 2.4207040788224333e+17 8.2247342618599875e+18
3.4146900000000002e+01 2.4069513163167302e+17 8.2189925903135764e+18
3.4318049999999999e+01 2.3932034870225888e+17 8.2130076927815557e+18
3.4490050000000004e+01 2.3794615635595402e+17 8.2067748300246723e+18
3.4662910000000004e+01 2.3657264992703245e+17 8.2002964728822333e+18
3.4836630000000000e+01 2.3519993170115418e+17 8.1935729966983782e+18
3.5011230000000005e+01 2.3382814802839811e+17 8.1866110710962944e+18
3.5186709999999998e+01 2.3245739757958323e+17 8.1794110359874970e+18
3.5363059999999997e+01 2.3108782362229366e+17 8.1719725720245873e+18
3.5540300000000002e+01 2.2971957166302730e+17 8.1643024927754895e+18
3.5718419999999995e+01 2.2835266319194451e+17 8.1563963320084132e+18
3.5897440000000003e+01 2.2698721611757782e+17 8.1482599713477837e+18
3.6077349999999996e+01 2.2562328525390605e+17 8.1398902302550067e+18
3.6258170000000000e+01 2.2426094985070173e+17 8.1312916440482181e+18
3.6439889999999998e+01 2.2290029681126966e+17 8.1224622967700173e+18
3.6622529999999998e+01 2.2154141813333882e+17 8.1134072318307441e+18
3.6806080000000001e+01 2.2018446575597987e+17 8.1041270613718559e+18
3.6990540000000003e+01 2.1882954003717366e+17 8.0946228539266744e+18
3.7175940000000004e+01 2.1747670336475427e+17 8.0849008756859034e+18
3.7362259999999999e+01 2.1612605224134432e+17 8.0749577566146888e+18
3.7549519999999994e+01 2.1477767749632422e+17 8.0647986967017748e+18
3.7737710000000000e+01 2.1343160395639923e+17 8.0544199749414472e+18
3.7926850000000002e+01 2.1208787337635709e+17 8.0438249603640893e+18
3.8116940000000000e+01 2.1074658617136314e+17 8.0330149802986783e+18
3.8307980000000001e+01 2.0940778325262403e+17 8.0219891726858568e+18
3.8499970000000005e+01 2.0807161740279136e+17 8.0107510278589460e+18
3.8692929999999997e+01 2.0673817475230634e+17 7.9993057240187556e+18
3.8886859999999999e+01 2.0540754537121891e+17 7.9876544597942374e+18
3.9081750000000000e+01 2.0407978694842368e+17 7.9757952135715574e+18
3.9277629999999995e+01 2.0275495018849117e+17 7.9637339141719849e+18
3.9474489999999996e+01 2.0143308133756950e+17 7.9514681549290732e+18
3.9672330000000002e+01 2.0011423404586240e+17 7.9389979307646884e+18
3.9871160000000003e+01 1.9879845887650534e+17 7.9263251616185651e+18
4.0070989999999995e+01 1.9748579712265702e+17 7.9134514016440177e+18
4.0271830000000001e+01 1.9617638291878630e+17 7.9003819429202657e+18
4.0473669999999998e+01 1.9487028200280518e+17 7.8871154865884754e+18
4.0676519999999996e+01 1.9356759286219971e+17 7.8736560624111227e+18
4.0880379999999995e+01 1.9226835107323523e+17 7.8600032538472632e+18
4.1085269999999994e+01 1.9097260410759283e+17 7.8461610023635599e+18
4.1291190000000000e+01 1.8968041211419299e+17 7.8321299358854441e+18
4.1498139999999999e+01 1.8839177624785114e+17 7.8179083055820012e+18
4.1706120000000006e+01 1.8710675890993443e+17 7.8034969399087954e+18
4.1915150000000004e+01 1.8582539387693075e+17 7.7888992581606349e+18
4.2125219999999999e+01 1.8454777641239667e+17 7.7741156818830203e+18
4.2336349999999996e+01 1.8327397432335818e+17 7.7591511228447037e+18
4.2548540000000003e+01 1.8200407676556678e+17 7.7440077404227891e+18
4.2761789999999998e+01 1.8073810638399843e+17 7.7286849501901998e+18
4.2976109999999998e+01 1.7947609990973389e+17 7.7131846120917135e+18
4.3191499999999998e+01 1.7821807806007002e+17 7.6975061185315133e+18
4.3407969999999999e+01 1.7696408142144582e+17 7.6816515374196777e+18
4.3625529999999998e+01 1.7571409777825130e+17 7.6656206440480348e+18
4.3844180000000001e+01 1.7446818566296208e+17 7.6494145364803287e+18
4.4063919999999996e+01 1.7322638798518160e+17 7.6330337020680028e+18
4.4284769999999995e+01 1.7198877170835475e+17 7.6164831976869960e+18
4.4506720000000001e+01 1.7075542457936733e+17 7.5997638702350193e+18
4.4729779999999998e+01 1.6952635920931443e+17 7.5828767516336077e+18
4.4953960000000002e+01 1.6830157752587530e+17 7.5658223840350976e+18
4.5179269999999995e+01 1.6708112159507210e+17 7.5486031044465920e+18
4.5405699999999996e+01 1.6586498197255498e+17 7.5312156119512392e+18
4.5633269999999996e+01 1.6465317003035296e+17 7.5136625643510047e+18
4.5861980000000003e+01 1.6344567355285606e+17 7.4959422115676140e+18
4.6091839999999998e+01 1.6224256915543789e+17 7.4780585387013775e+18
4.6322849999999995e+01 1.6104391428647616e+17 7.4600130849052918e+18
4.6555010000000003e+01 1.5984974413132451e+17 7.4418064365312543e+18
4.6788339999999998e+01 1.5866010770739130e+17 7.4234430638500444e+18
4.7022839999999995e+01 1.5747499272834893e+17 7.4049213870663148e+18
4.7258519999999997e+01 1.5629442376685261e+17 7.3862431514742784e+18
4.7495370000000001e+01 1.5511839271670061e+17 7.3674054558850007e+18
4.7733419999999995e+01 1.5394690652927894e+17 7.3484123470628137e+18
4.7972650000000002e+01 1.5277995684433594e+17 7.3292593967084329e+18
4.8213089999999994e+01 1.5161758295663360e+17 7.3099521726706412e+18
4.8454730000000005e+01 1.5045987693461856e+17 7.2904927127001702e+18
4.8697580000000002e+01 1.4930686269069750e+17 7.2708828904292577e+18
4.8941650000000003e+01 1.4815858822889824e+17 7.2511257695928576e+18
4.9186940000000000e+01 1.4701506383715165e+17 7.2312211240541481e+18
4.9433459999999997e+01 1.4587629144313683e+17 7.2111698180026460e+18
4.9681220000000003e+01 1.4474228365794906e+17 7.1909732377129718e+18
4.9930210000000002e+01 1.4361302787049306e+17 7.1706286403095716e+18
5.0180459999999997e+01 1.4248853946312426e+17 7.1501404549877279e+18
5.0431959999999997e+01 1.4136878156332691e+17 7.1295047370504397e+18
5.0684719999999999e+01 1.4025372941511315e+17 7.1087210043607736e+18
5.0938749999999999e+01 1.3914330910365195e+17 7.0877862366036511e+18
5.1194050000000004e+01 1.3803753291527085e+17 7.0667003619410217e+18
5.1450629999999997e+01 1.3693633729378723e+17 7.0454608236578478e+18
5.1708500000000001e+01 1.3583974025138163e+17 7.0240692087885670e+18
5.1967649999999999e+01 1.3474768974533539e+17 7.0025207789941791e+18
5.2228110000000001e+01 1.3366019497948131e+17 6.9808193660097976e+18
5.2489879999999999e+01 1.3257725781078112e+17 6.9589643532169636e+18
5.2752949999999998e+01 1.3149886802202128e+17 6.9369532098222868e+18
5.3017339999999997e+01 1.3042508639812434e+17 6.9147911500987331e+18
5.3283059999999999e+01 1.2935594741772429e+17 6.8924807076154481e+18
5.3550110000000004e+01 1.2829150164853010e+17 6.8700240253439683e+18
5.3818500000000000e+01 1.2723176022205379e+17 6.8474224875106017e+18
5.4088239999999999e+01 1.2617669044590554e+17 6.8246751152438456e+18
5.4359319999999997e+01 1.2512633034741667e+17 6.8017822317809336e+18
5.4631769999999996e+01 1.2408063663503181e+17 6.7787448020986317e+18
5.4905580000000000e+01 1.2303963806153198e+17 6.7555626907584891e+18
5.5180759999999999e+01 1.2200331120907770e+17 6.7322354350334259e+18
5.5457320000000003e+01 1.2097169898727224e+17 6.7087662216808325e+18
5.5735270000000000e+01 1.1994488566959501e+17 6.6851605879140086e+18
5.6014609999999998e+01 1.1892286392270805e+17 6.6614178427135611e+18
5.6295349999999999e+01 1.1790565052429930e+17 6.6375398632431124e+18
5.6577500000000001e+01 1.1689325559250003e+17 6.6135281682846710e+18
5.6861059999999995e+01 1.1588566862722701e+17 6.5893819569528719e+18
5.7146039999999999e+01 1.1488288397334461e+17 6.5651018828561101e+18
5.7432449999999996e+01 1.1388489706877490e+17 6.5406886566575606e+18
5.7720300000000002e+01 1.1289167026813861e+17 6.5161410753780408e+18
5.8009589999999996e+01 1.1190328335355480e+17 6.4914635869935380e+18
5.8300330000000002e+01 1.1091974576937334e+17 6.4666577818705705e+18
5.8592519999999993e+01 1.0994111310701018e+17 6.4417268685447547e+18
5.8886180000000003e+01 1.0896739835493899e+17 6.4166738336606413e+18
5.9181319999999999e+01 1.0799858343026170e+17 6.3914987255330150e+18
5.9477930000000001e+01 1.0703466924727680e+17 6.3662005650626826e+18
5.9776029999999999e+01 1.0607562311359450e+17 6.3407796295069174e+18
6.0075620000000001e+01 1.0512146118443370e+17 6.3152369559607890e+18
6.0376709999999996e+01 1.0417217432667899e+17 6.2895731593913426e+18
6.0679319999999997e+01 1.0322773912249088e+17 6.2637890150901432e+18
6.0983440000000002e+01 1.0228826119407429e+17 6.2378900392331581e+18
6.1289079999999998e+01 1.0135375592378456e+17 6.2118784551133061e+18
6.1596260000000001e+01 1.0042418876227019e+17 6.1857544412898734e+18
6.1904969999999999e+01 9.9499611498199696e+16 6.1595204648077066e+18
6.2215230000000005e+01 9.8579988809358032e+16 6.1331766771716362e+18
6.2527050000000003e+01 9.7665304229291744e+16 6.1067233608101366e+18
6.2840429999999998e+01 9.6755560529260992e+16 6.0801610285497876e+18
6.3155379999999994e+01 9.5850744650074624e+16 6.0534902016584294e+18
6.3471910000000001e+01 9.4950846233084272e+16 6.0267115665301637e+18
6.3790030000000002e+01 9.4055912679253712e+16 5.9998294914869750e+18
6.4109740000000002e+01 9.3165990064931456e+16 5.9728473999053394e+18
6.4431049999999999e+01 9.2281083654341520e+16 5.9457671149870612e+18
6.4753969999999995e+01 9.1401175053351344e+16 5.9185889473694607e+18
6.5078519999999997e+01 9.0526267344455632e+16 5.8913154999015025e+18
6.5404679999999999e+01 8.9656325667068336e+16 5.8639432902303908e+18
6.5732489999999999e+01 8.8791378773970432e+16 5.8364784173462231e+18
6.6061929999999990e+01 8.7931383373606640e+16 5.8089168932303647e+18
6.6393029999999996e+01 8.7076327632318880e+16 5.7812612327823759e+18
6.6725789999999989e+01 8.6226254318275520e+16 5.7535149381278444e+18
6.7060210000000012e+01 8.5381229381540912e+16 5.7256831723843052e+18
6.7396310000000000e+01 8.4541211769473424e+16 5.6977657161910794e+18
6.7734089999999995e+01 8.3706214936749248e+16 5.6697642960851169e+18
6.8073570000000004e+01 8.2876239967466512e+16 5.6416815227621294e+18
6.8414749999999998e+01 8.2051266987909456e+16 5.6135169181610783e+18
6.8757639999999995e+01 8.1231286416866704e+16 5.5852715481878108e+18
6.9102249999999998e+01 8.0416253794434336e+16 5.5569440737664502e+18
6.9448580000000007e+01 7.9606178395162640e+16 5.5285360487707249e+18
6.9796650000000000e+01 7.8801112643722272e+16 5.5000536788044585e+18
7.0146470000000008e+01 7.8001060649521712e+16 5.4714990608198564e+18
7.0498039999999989e+01 7.7206030914247664e+16 5.4428738556338678e+18
7.0851369999999989e+01 7.6416019116339344e+16 5.4141796443388314e+18
7.1206469999999996e+01 7.5631034912299024e+16 5.3854190185515725e+18
7.1563350000000000e+01 7.4851035783434944e+16 5.3565908716324792e+18
7.1922020000000003e+01 7.4076037423337008e+16 5.3276982450819932e+18
7.2282490000000010e+01 7.3305976275822544e+16 5.2987384970973809e+18
7.2644759999999991e+01 7.2540862628822544e+16 5.2697135558637824e+18
7.3008850000000010e+01 7.1780727176330168e+16 5.2406283433076132e+18
7.3374759999999995e+01 7.1025575182569488e+16 5.2114845328829921e+18
7.3742509999999996e+01 7.0275436568670104e+16 5.1822870839195208e+18
7.4112100000000012e+01 6.9530305156109520e+16 5.1530369287601050e+18
7.4483550000000008e+01 6.8790169813375816e+16 5.1237360528030689e+18
7.4856850000000009e+01 6.8055020252537992e+16 5.0943844427911987e+18
7.5232029999999995e+01 6.7324813563992728e+16 5.0649823937907077e+18
7.5609089999999995e+01 6.6599534054150184e+16 5.0355301642583060e+18
7.5988029999999995e+01 6.5879187057951840e+16 5.0060296425352561e+18
7.6368880000000004e+01 6.5163755336080664e+16 4.9764830116105042e+18
7.6751630000000006e+01 6.4453291001972784e+16 4.9468951432657449e+18
7.7136309999999995e+01 6.3747798546988656e+16 4.9172699505380659e+18
7.7522910000000010e+01 6.3047245108938832e+16 4.8876059083282063e+18
7.7911439999999999e+01 6.2351662395197224e+16 4.8579078036036649e+18
7.8301929999999999e+01 6.1661011747003848e+16 4.8281762255430728e+18
7.8694369999999992e+01 6.0975275218322080e+16 4.7984108688824678e+18
7.9088780000000000e+01 6.0294432025711160e+16 4.7686130697064243e+18
7.9485169999999997e+01 5.9618464293851872e+16 4.7387837695357460e+18
7.9883539999999996e+01 5.8947354712709792e+16 4.7089233680869407e+18
8.0283910000000006e+01 5.8281147671471384e+16 4.6790384143531182e+18
8.0686290000000000e+01 5.7619851205620864e+16 4.6491320241335747e+18
8.1090679999999992e+01 5.6963455351994864e+16 4.6192053296429025e+18
8.1497100000000003e+01 5.6311957787429224e+16 4.5892612549978982e+18
8.1905559999999994e+01 5.5665313745358904e+16 4.5592986948893179e+18
8.2316059999999993e+01 5.5023540465100952e+16 4.5293210583376773e+18
8.2728619999999992e+01 5.4386581977860928e+16 4.4993268735453046e+18
8.3143249999999995e+01 5.3754452115693536e+16 4.4693198508681364e+18
8.3559960000000004e+01 5.3127120580090648e+16 4.4393000705875517e+18
8.3978750000000005e+01 5.2504589298731384e+16 4.4092697785708385e+18
8.4399649999999994e+01 5.1886903433665832e+16 4.3792364893851940e+18
8.4822649999999996e+01 5.1274040721870040e+16 4.3492000102369295e+18
8.5247780000000006e+01 5.0666002006925016e+16 4.3191641925659023e+18
8.5675029999999992e+01 5.0062752739479288e+16 4.2891278428374697e+18
8.6104429999999994e+01 4.9464291439949656e+16 4.2590946197907441e+18
8.6535979999999995e+01 4.8870570570510976e+16 4.2290627174783263e+18
8.6969690000000000e+01 4.8281588651580032e+16 4.1990347977354332e+18
8.7405570000000012e+01 4.7697300845874400e+16 4.1690097678951347e+18
8.7843639999999994e+01 4.7117764601771680e+16 4.1389959512827745e+18
8.8283910000000006e+01 4.6542962609237408e+16 4.1089947221272806e+18
8.8726380000000006e+01 4.5972901046794088e+16 4.0790090879802501e+18
8.9171070000000000e+01 4.5407557269465768e+16 4.0490404678045409e+18
8.9617990000000006e+01 4.4846926324262976e+16 4.0190913948585364e+18
9.0067139999999995e+01 4.4290991744732248e+16 3.9891629542116434e+18
9.0518550000000005e+01 4.3739703740601688e+16 3.9592545600288410e+18
9.0972220000000007e+01 4.3193059606755080e+16 3.9293685210188370e+18
9.1428169999999994e+01 4.2651024091694792e+16 3.8995050813295667e+18
9.1886399999999995e+01 4.2113631744772320e+16 3.8696700119528468e+18
9.2346929999999986e+01 4.1580859077430720e+16 3.8398646825633587e+18
9.2809759999999997e+01 4.1052742189322104e+16 3.8100951499328589e+18
9.3274919999999995e+01 4.0529231921603232e+16 3.7803608651489874e+18
9.3742399999999989e+01 4.0010318057060608e+16 3.7506632394321981e+18
9.4212229999999991e+01 3.9495985142621472e+16 3.7210048363332367e+18
9.4684420000000003e+01 3.8986205721755248e+16 3.6913862767650770e+18
9.5158969999999997e+01 3.8480957149486032e+16 3.6618082469592269e+18
9.5635899999999992e+01 3.7980215683206680e+16 3.6322721090575857e+18
9.6115220000000008e+01 3.7483989753886440e+16 3.6027819216725412e+18
9.6596940000000004e+01 3.6992262895071856e+16 3.5733393993394826e+18
9.7081070000000011e+01 3.6505061603726672e+16 3.5439504409057019e+18
9.7567639999999997e+01 3.6022335449604764e+16 3.5146142571062758e+18
9.8056640000000002e+01 3.5544107497787320e+16 3.4853357530318321e+18
9.8548090000000002e+01 3.5070314732154760e+16 3.4561125325527132e+18
9.9042000000000002e+01 3.4600953488024056e+16 3.4269476353608786e+18
9.9538389999999993e+01 3.4135992097699684e+16 3.3978416944577490e+18
1.0003730000000000e+02 3.3675405460011488e+16 3.3687966386248074e+18
1.0053860000000000e+02 3.3219194309207992e+16 3.3398112889757389e+18
1.0104250000000000e+02 3.2767354312180388e+16 3.3108953980884869e+18
1.0154900000000001e+02 3.2319866032824160e+16 3.2820500757672607e+18
1.0205789999999999e+02 3.1876746587589808e+16 3.2532738155615816e+18
1.0256939999999999e+02 3.1437939911743820e+16 3.2245706339836160e+18
1.0308350000000000e+02 3.1003433326983756e+16 3.1959424193621299e+18
1.0360010000000001e+02 3.0573221555090704e+16 3.1673888104295526e+18
1.0411940000000000e+02 3.0147256280802456e+16 3.1389142356033833e+18
1.0464120000000000e+02 2.9725512592617020e+16 3.1105133083065559e+18
1.0516570000000000e+02 2.9307986205574516e+16 3.0821948848995881e+18
1.0569270000000000e+02 2.8894666691269280e+16 3.0539553382003169e+18
1.0622250000000000e+02 2.8485547842041368e+16 3.0258061056512389e+18
1.0675480000000000e+02 2.8080603399392532e+16 2.9977391997814702e+18
1.0728989999999999e+02 2.7679825205415148e+16 2.9697656783064704e+18
1.0782760000000000e+02 2.7283182170084752e+16 2.9418800537630305e+18
1.0836799999999999e+02 2.6890650106632776e+16 2.9140859707555804e+18
1.0891119999999999e+02 2.6502198458528904e+16 2.8863862367565332e+18
1.0945699999999999e+02 2.6117805265306956e+16 2.8587766109247032e+18
1.1000560000000000e+02 2.5737450479704480e+16 2.8312636824901791e+18
1.1055700000000000e+02 2.5361126247416180e+16 2.8038500345355909e+18
1.1111110000000001e+02 2.4988814204868908e+16 2.7765346339986099e+18
1.1166789999999999e+02 2.4620506353374896e+16 2.7493202414180321e+18
1.1222760000000001e+02 2.4256175264756216e+16 2.7222123351429550e+18
1.1279010000000001e+02 2.3895799561497580e+16 2.6952096221212682e+18
1.1335539999999999e+02 2.3539351363860424e+16 2.6683125895909437e+18
1.1392350000000000e+02 2.3186803525439972e+16 2.6415218114304609e+18
1.1449450000000000e+02 2.2838133183720056e+16 2.6148406398034360e+18
1.1506830000000001e+02 2.2493321837816776e+16 2.5882683052304522e+18
1.1564500000000000e+02 2.2152344668965844e+16 2.5618078992425549e+18
1.1622460000000001e+02 2.1815195586342168e+16 2.5354623809443840e+18
1.1680710000000001e+02 2.1481853900497320e+16 2.5092330567407805e+18
1.1739260000000000e+02 2.1152300661411372e+16 2.4831235706248008e+18
1.1798089999999999e+02 2.0826508213237108e+16 2.4571301828551055e+18
1.1857220000000000e+02 2.0504452587378916e+16 2.4312580530812104e+18
1.1916650000000000e+02 2.0186110728552692e+16 2.4055081641340744e+18
1.1976380000000000e+02 1.9871460392094504e+16 2.3798816081067279e+18
1.2036400000000000e+02 1.9560472275511808e+16 2.3543766849697034e+18
1.2096730000000001e+02 1.9253130722075360e+16 2.3289992399965066e+18
1.2157350000000000e+02 1.8949419835667752e+16 2.3037472923915533e+18
1.2218289999999999e+02 1.8649324518458912e+16 2.2786285527064133e+18
1.2279519999999999e+02 1.8352819115659344e+16 2.2536380938712123e+18
1.2341069999999999e+02 1.8059877819260168e+16 2.2287821635893706e+18
1.2402920000000000e+02 1.7770484237845028e+16 2.2040589436325286e+18
1.2465080000000000e+02 1.7484610073662750e+16 2.1794706333701207e+18
1.2527560000000001e+02 1.7202232920404960e+16 2.1550200504434839e+18
1.2590339999999999e+02 1.6923327517243042e+16 2.1307044737344573e+18
1.2653439999999999e+02 1.6647875123904950e+16 2.1065288900782385e+18
1.2716860000000001e+02 1.6375858359729734e+16 2.0824949814051269e+18
1.2780600000000000e+02 1.6107252413024846e+16 2.0586035018990533e+18
1.2844649999999999e+02 1.5842038627876324e+16 2.0348544146155159e+18
1.2909030000000001e+02 1.5580187793221470e+16 2.0112511162832978e+18
1.2973730000000000e+02 1.5321686579971510e+16 1.9877942483317379e+18
1.3038749999999999e+02 1.5066506728570474e+16 1.9644841460714826e+18
1.3104100000000000e+02 1.4814625376502188e+16 1.9413233239622231e+18
1.3169780000000000e+02 1.4566021585021828e+16 1.9183129974998876e+18
1.3235780000000000e+02 1.4320667589872384e+16 1.8954520567268109e+18
1.3302120000000002e+02 1.4078543211047858e+16 1.8727447121854397e+18
1.3368789999999998e+02 1.3839629876992404e+16 1.8501910550323725e+18
1.3435790000000000e+02 1.3603903534752288e+16 1.8277919107318945e+18
1.3503129999999999e+02 1.3371339116266814e+16 1.8055493036103588e+18
1.3570810000000000e+02 1.3141911873443652e+16 1.7834638907124785e+18
1.3638820000000001e+02 1.2915603511852960e+16 1.7615359148953039e+18
1.3707180000000000e+02 1.2692389027034270e+16 1.7397686102358359e+18
1.3775879999999998e+02 1.2472240770212124e+16 1.7181609218154977e+18
1.3844920000000002e+02 1.2255142929627212e+16 1.6967147344925440e+18
1.3914310000000000e+02 1.2041068203844708e+16 1.6754315571943846e+18
1.3984049999999999e+02 1.1829985162571260e+16 1.6543110401265462e+18
1.4054139999999998e+02 1.1621869264168578e+16 1.6333537770032215e+18
1.4124579999999997e+02 1.1416702773106002e+16 1.6125613165495754e+18
1.4195370000000000e+02 1.1214461495543216e+16 1.5919343027998930e+18
1.4266510000000000e+02 1.1015118477843374e+16 1.5714729791533727e+18
1.4338020000000000e+02 1.0818650516764052e+16 1.5511802748237332e+18
1.4409879999999998e+02 1.0625038886176704e+16 1.5310553534513994e+18
1.4482100000000000e+02 1.0434258433662522e+16 1.5110997406214400e+18
1.4554679999999999e+02 1.0246273778236718e+16 1.4913123603462638e+18
1.4627629999999999e+02 1.0061062457062428e+16 1.4716949902880008e+18
1.4700940000000000e+02 9.8785973939494960e+15 1.4522466757260790e+18
1.4774620000000002e+02 9.6988459677096700e+15 1.4329676361144266e+18
1.4848670000000001e+02 9.5217960849586680e+15 1.4138600787284324e+18
1.4923089999999999e+02 9.3474155425208240e+15 1.3949232340843707e+18
1.4997879999999998e+02 9.1756834016513200e+15 1.3761579857595827e+18
1.5073050000000001e+02 9.0065761890534710e+15 1.3575657322641242e+18
1.5148599999999999e+02 8.8400681726514390e+15 1.3391465672022758e+18
1.5224520000000001e+02 8.6761321424402350e+15 1.3208994732522422e+18
1.5300820000000002e+02 8.5147343640804110e+15 1.3028241785260884e+18
1.5377510000000001e+02 8.3558401517257750e+15 1.2849201549156462e+18
1.5454579999999999e+02 8.1994249708097840e+15 1.2671866916537746e+18
1.5532040000000001e+02 8.0454692521069480e+15 1.2496255024249521e+18
1.5609879999999998e+02 7.8939451677600330e+15 1.2322353679531397e+18
1.5688120000000001e+02 7.7448298934480630e+15 1.2150182074800044e+18
1.5766749999999999e+02 7.5980988564092940e+15 1.1979732514429123e+18
1.5845770000000002e+02 7.4537298431032500e+15 1.1811008873595021e+18
1.5925190000000001e+02 7.3116934945089120e+15 1.1644010812181839e+18
1.6005000000000001e+02 7.1719468972717980e+15 1.1478701009083514e+18
1.6085220000000001e+02 7.0344643263878170e+15 1.1315090627209985e+18
1.6165840000000000e+02 6.8992139330936720e+15 1.1153158856816301e+18
1.6246860000000001e+02 6.7661740835059390e+15 1.0992908307034931e+18
1.6328279999999998e+02 6.6353220376617410e+15 1.0834339612111144e+18
1.6410120000000001e+02 6.5066327204286420e+15 1.0677462373816047e+18
1.6492370000000003e+02 6.3800825487468360e+15 1.0522268202447587e+18
1.6575029999999998e+02 6.2556486601001480e+15 1.0368756421061975e+18
1.6658099999999999e+02 6.1333050731163460e+15 1.0216920923847940e+18
1.6741589999999999e+02 6.0130108547407850e+15 1.0066736239561978e+18
1.6825489999999999e+02 5.8947294543089990e+15 9.9181711486181517e+17
1.6909820000000002e+02 5.7784352170315010e+15 9.7712299401663629e+17
1.6994570000000002e+02 5.6641040334260850e+15 9.6259012483341952e+17
1.7079750000000001e+02 5.5517143468956830e+15 9.4821893116391552e+17
1.7165350000000001e+02 5.4412421492961530e+15 9.3400825927420723e+17
1.7251379999999997e+02 5.3326667341991010e+15 9.1995860245027674e+17
1.7337840000000000e+02 5.2259650138436670e+15 9.0606945255619277e+17
1.7424740000000000e+02 5.1211166602655380e+15 8.9234126314795328e+17
1.7512070000000000e+02 5.0180808318399170e+15 8.7876982792838861e+17
1.7599840000000000e+02 4.9168148079802380e+15 8.6535153930082918e+17
1.7688050000000001e+02 4.8172944721325490e+15 8.5208545487804134e+17
1.7776700000000000e+02 4.7194990010335890e+15 8.3897117891673805e+17
1.7865799999999999e+02 4.6234066453183730e+15 8.2600858443928986e+17
1.7955339999999998e+02 4.5289976948748390e+15 8.1319693470693978e+17
1.8045329999999998e+02 4.4362526577638525e+15 8.0053643172725773e+17
1.8135770000000002e+02 4.3451499844600915e+15 7.8802640733671808e+17
1.8226670000000001e+02 4.2556712188892605e+15 7.7566714935192320e+17
1.8318020000000001e+02 4.1677810390196470e+15 7.6345496428382682e+17
1.8409820000000002e+02 4.0814381710703735e+15 7.5138542070534797e+17
1.8502089999999998e+02 3.9966176624623040e+15 7.3945779686467162e+17
1.8594820000000001e+02 3.9132974612994255e+15 7.2767061899319795e+17
1.8688020000000000e+02 3.8314617628941715e+15 7.1602434054201536e+17
1.8781680000000000e+02 3.7510905824704825e+15 7.0451782970974208e+17
1.8875810000000001e+02 3.6721672016320545e+15 6.9315130386238362e+17
1.8970420000000001e+02 3.5946768988879270e+15 6.8192530536201510e+17
1.9065500000000000e+02 3.5186017911463130e+15 6.7083902449100032e+17
1.9161050000000000e+02 3.4439104856531120e+15 6.5988941011123558e+17
1.9257089999999999e+02 3.3705646153659580e+15 6.4907266148917632e+17
1.9353600000000000e+02 3.2985370572063170e+15 6.3838566790348173e+17
1.9450600000000000e+02 3.2278108238784165e+15 6.2782857210929523e+17
1.9548079999999999e+02 3.1583677687583225e+15 6.1740025813109184e+17
1.9646060000000000e+02 3.0901952812822415e+15 6.0710161907787789e+17
1.9744520000000000e+02 3.0232794406484135e+15 5.9693201381471411e+17
1.9843480000000000e+02 2.9576063082383700e+15 5.8689201625401933e+17
1.9942929999999998e+02 2.8931619406187540e+15 5.7698126060423962e+17
2.0042890000000000e+02 2.8299227604924105e+15 5.6719830597045728e+17
2.0143340000000001e+02 2.7678518452632255e+15 5.5753780788764544e+17
2.0244300000000001e+02 2.7069202801646215e+15 5.4799706227736653e+17
2.0345760000000001e+02 2.6471116491826585e+15 5.3857498307474566e+17
2.0447729999999999e+02 2.5884144401043615e+15 5.2927199599355149e+17
2.0550210000000001e+02 2.5308163046915710e+15 5.2008806532835770e+17
2.0653210000000001e+02 2.4743070607500975e+15 5.1102383330154522e+17
2.0756720000000001e+02 2.4188736967673565e+15 5.0207884039164928e+17
2.0860749999999999e+02 2.3645056705022690e+15 4.9325361665930208e+17
2.0965299999999999e+02 2.3111879960762385e+15 4.8454749694137158e+17
2.1070380000000000e+02 2.2588848279134685e+15 4.7595561700371386e+17
2.1175979999999998e+02 2.2075644766550062e+15 4.6747341206356877e+17
2.1282120000000000e+02 2.1572136766259060e+15 4.5910080331593728e+17
2.1388780000000000e+02 2.1078228756480870e+15 4.5083759766204288e+17
2.1495980000000000e+02 2.0593814312487940e+15 4.4268422058495450e+17
2.1603710000000001e+02 2.0118803439164280e+15 4.3464079504670778e+17
2.1711990000000000e+02 1.9653113969222890e+15 4.2670821396862771e+17
2.1820810000000000e+02 1.9196654601628662e+15 4.1888655269776474e+17
2.1930170000000001e+02 1.8749331430122670e+15 4.1117602564893331e+17
2.2040090000000001e+02 1.8310827483829045e+15 4.0357228571806573e+17
2.2150550000000001e+02 1.7880794876282062e+15 3.9606944094682963e+17
2.2261560000000000e+02 1.7459113809469765e+15 3.8866710961633971e+17
2.2373140000000001e+02 1.7045699253617218e+15 3.8136581579907354e+17
2.2485270000000000e+02 1.6640481426091192e+15 3.7416571779564550e+17
2.2597960000000000e+02 1.6243379162992752e+15 3.6706723259014368e+17
2.2711220000000000e+02 1.5854326084742472e+15 3.6007108766232493e+17
2.2825049999999999e+02 1.5473250786113505e+15 3.5317772285558003e+17
2.2939449999999999e+02 1.5100079109154180e+15 3.4638750972048685e+17
2.3054420000000002e+02 1.4734555754948422e+15 3.3969663688799802e+17
2.3169970000000001e+02 1.4376360440996390e+15 3.3309984012707315e+17
2.3286089999999999e+02 1.4025338907331288e+15 3.2659530407661798e+17
2.3402799999999999e+02 1.3681418501760230e+15 3.2018350091299430e+17
2.3520089999999999e+02 1.3344540428954815e+15 3.1386479189765587e+17
2.3637970000000001e+02 1.3014645879443160e+15 3.0763980885890106e+17
2.3756440000000001e+02 1.2691672911211188e+15 3.0150896601481389e+17
2.3875510000000000e+02 1.2375573091311332e+15 2.9547311909733466e+17
2.3995170000000002e+02 1.2066277665903468e+15 2.8953238386055693e+17
2.4115429999999998e+02 1.1763604399662598e+15 2.8368437844775536e+17
2.4236300000000000e+02 1.1467251792745915e+15 2.7792375462452781e+17
2.4357770000000002e+02 1.1177035256325600e+15 2.7224765405547005e+17
2.4479849999999999e+02 1.0892893613740796e+15 2.6665640173033261e+17
2.4602539999999999e+02 1.0614775569556021e+15 2.6115044054102480e+17
2.4725839999999999e+02 1.0342633533920642e+15 2.5573030193835638e+17
2.4849770000000001e+02 1.0076425744826570e+15 2.5039686218101898e+17
2.4974310000000000e+02 9.8160978317205750e+14 2.4515027023971747e+17
2.5099480000000000e+02 9.5616070740160900e+14 2.3999136552212538e+17
2.5225279999999998e+02 9.3128274594268088e+14 2.3491868025572986e+17
2.5351710000000000e+02 9.0694770502636700e+14 2.2992675202994000e+17
2.5478770000000000e+02 8.8313487105038825e+14 2.2501190258472499e+17
2.5606459999999998e+02 8.5983815406126112e+14 2.2017411298443520e+17
2.5734800000000001e+02 8.3705404367310688e+14 2.1541418403118672e+17
2.5863779999999997e+02 8.1477770041068975e+14 2.1073231192327987e+17
2.5993410000000000e+02 7.9300619610054300e+14 2.0612935187781814e+17
2.6123689999999999e+02 7.7173503157281125e+14 2.0160566726948333e+17
2.6254620000000000e+02 7.5096191803537525e+14 1.9716219792489923e+17
2.6386200000000002e+02 7.3067784372130600e+14 1.9279811719999126e+17
2.6518450000000001e+02 7.1085888762752800e+14 1.8850875868606221e+17
2.6651360000000000e+02 6.9148077482164075e+14 1.8428903062850483e+17
2.6784929999999997e+02 6.7253861201427962e+14 1.8013899645099638e+17
2.6919170000000003e+02 6.5402861524508362e+14 1.7605907478646998e+17
2.7054090000000002e+02 6.3594800243550375e+14 1.7204994493210339e+17
2.7189679999999998e+02 6.1829350303090438e+14 1.6811202493489318e+17
2.7325959999999998e+02 6.0106184407147888e+14 1.6424591908623469e+17
2.7462909999999999e+02 5.8425094323090075e+14 1.6045231071365338e+17
2.7600549999999998e+02 5.6785652326237988e+14 1.5673152363129478e+17
2.7738880000000000e+02 5.5185741512361719e+14 1.5307906615224202e+17
2.7877909999999997e+02 5.3622879781821181e+14 1.4948938164984304e+17
2.8017629999999997e+02 5.2096538934767644e+14 1.4596215521549139e+17
2.8158049999999997e+02 5.0606342333044456e+14 1.4249759177309822e+17
2.8299180000000001e+02 4.9152147552648412e+14 1.3909654709789570e+17
2.8441010000000000e+02 4.7733618023048575e+14 1.3575923075297048e+17
2.8583560000000000e+02 4.6350548536922675e+14 1.3248636851380414e+17
2.8726820000000004e+02 4.5002676509288231e+14 1.2927837876005515e+17
2.8870790000000000e+02 4.3689770289673125e+14 1.2613581831813920e+17
2.9015490000000000e+02 4.2410208942935394e+14 1.2305529934816525e+17
2.9160909999999996e+02 4.1161806212091969e+14 1.2003157263882546e+17
2.9307059999999996e+02 3.9943671473144138e+14 1.1706315764837235e+17
2.9453949999999998e+02 3.8755612482623088e+14 1.1415058722825562e+17
2.9601570000000004e+02 3.7597358295294569e+14 1.1129408333932430e+17
2.9749930000000001e+02 3.6468727238263094e+14 1.0849420825274203e+17
2.9899040000000002e+02 3.5369510671401181e+14 1.0575144143446509e+17
3.0048890000000000e+02 3.4299560701209962e+14 1.0306637265589810e+17
3.0199490000000003e+02 3.3258614793471531e+14 1.0043932048692957e+17
3.0350850000000003e+02 3.2245604238604025e+14 9.7868149740523504e+16
3.0502959999999996e+02 3.1258593133938512e+14 9.5347961602080096e+16
3.0655840000000001e+02 3.0296473395313331e+14 9.2876384097098224e+16
3.0809490000000000e+02 2.9359027909025912e+14 9.0453667677285472e+16
3.0963900000000001e+02 2.8446062312125044e+14 8.8080102882640864e+16
3.1119090000000000e+02 2.7557430929526491e+14 8.5756217326471856e+16
3.1275049999999999e+02 2.6692956608081172e+14 8.3482355256556896e+16
3.1431799999999998e+02 2.5852525993786678e+14 8.1259142653150400e+16
3.1589340000000004e+02 2.5035925246590028e+14 7.9086835482911632e+16
3.1747659999999996e+02 2.4242544066752347e+14 7.6964404656627072e+16
3.1906779999999998e+02 2.3470685439699862e+14 7.4887399677370672e+16
3.2066690000000000e+02 2.2719065049355606e+14 7.2852521602752096e+16
3.2227409999999998e+02 2.1987456178752416e+14 7.0859876512968736e+16
3.2388929999999999e+02 2.1275746536229047e+14 6.8909866525966504e+16
3.2551259999999996e+02 2.0583811799882822e+14 6.7002900968905360e+16
3.2714400000000001e+02 1.9911502786661794e+14 6.5139286676396856e+16
3.2878359999999998e+02 1.9258709255419153e+14 6.3319477603500280e+16
3.3043150000000003e+02 1.8625313756384675e+14 6.1543903624928232e+16
3.3208759999999995e+02 1.8011042816341141e+14 5.9812439823759696e+16
3.3375200000000001e+02 1.7414404313455209e+14 5.8120922684243032e+16
3.3542470000000003e+02 1.6834012377257747e+14 5.6465435514379672e+16
3.3710579999999999e+02 1.6269695470883678e+14 5.4846087074686192e+16
3.3879540000000003e+02 1.5721337359052069e+14 5.3263167790949896e+16
3.4049340000000001e+02 1.5188853398877106e+14 5.1717043358852224e+16
3.4219990000000001e+02 1.4672125328615106e+14 5.0207998202395568e+16
3.4391500000000002e+02 1.4171067610402003e+14 4.8736427172314048e+16
3.4563870000000003e+02 1.3685579287222002e+14 4.7302658335823400e+16
3.4737099999999998e+02 1.3215527180550372e+14 4.5906908922349632e+16
3.4911200000000002e+02 1.2759799070074362e+14 4.4545989729518008e+16
3.5086169999999998e+02 1.2317095998708664e+14 4.3215972411701192e+16
3.5262020000000001e+02 1.1887143819926644e+14 4.1916470312112976e+16
3.5438749999999999e+02 1.1469845919554162e+14 4.0647700208160008e+16
3.5616359999999997e+02 1.1065119975731497e+14 3.9409929649884424e+16
3.5794870000000003e+02 1.0672896005985761e+14 3.8203492505777960e+16
3.5974270000000001e+02 1.0293082091429608e+14 3.7028611428925344e+16
3.6154570000000001e+02 9.9256148615765547e+13 3.5885633730590988e+16
3.6335770000000002e+02 9.5703974251264516e+13 3.4774775964798700e+16
3.6517890000000000e+02 9.2266773044963875e+13 3.3693878687109560e+16
3.6700909999999999e+02 8.8933645505138641e+13 3.2639457196559976e+16
3.6884850000000000e+02 8.5700259911840578e+13 3.1610412318092528e+16
3.7069720000000001e+02 8.2565791001604438e+13 3.0606907540079960e+16
3.7255509999999998e+02 7.9529625080142516e+13 2.9629167424695000e+16
3.7442230000000001e+02 7.6591196249615969e+13 2.8677451859532584e+16
3.7629890000000000e+02 7.3749858264782172e+13 2.7751990540193440e+16
3.7818480000000000e+02 7.1005068263689734e+13 2.6853037540289848e+16
3.8008029999999997e+02 6.8356071212145930e+13 2.5980796053133788e+16
3.8198520000000002e+02 6.5798380231775820e+13 2.5134007432510936e+16
3.8389970000000000e+02 6.3322949768149906e+13 2.4309661419107820e+16
3.8582380000000001e+02 6.0924446831409359e+13 2.3506101589392320e+16
3.8775749999999999e+02 5.8602180221840328e+13 2.2723434897370252e+16
3.8970090000000005e+02 5.6355738751934672e+13 2.1961882111793820e+16
3.9165400000000000e+02 5.4184579870975578e+13 2.1221607444787068e+16
3.9361700000000002e+02 5.2088284733349250e+13 2.0502834371886732e+16
3.9558969999999999e+02 5.0066419648006469e+13 1.9805759928628984e+16
3.9757240000000002e+02 4.8118469591478422e+13 1.9130575439811096e+16
3.9956500000000000e+02 4.6242149565245719e+13 1.8476744491037404e+16
4.0156759999999997e+02 4.4430073485452430e+13 1.7841677977376766e+16
4.0358019999999999e+02 4.2676383004368594e+13 1.7223343188179678e+16
4.0560290000000003e+02 4.0980587035178273e+13 1.6621844945170712e+16
4.0763579999999996e+02 3.9342329911071805e+13 1.6037342127163682e+16
4.0967879999999997e+02 3.7761253737412930e+13 1.5469985117638842e+16
4.1173210000000000e+02 3.6237029248416586e+13 1.4919948150211982e+16
4.1379570000000001e+02 3.4769270015471145e+13 1.4387374424540894e+16
4.1586959999999999e+02 3.3357665915167523e+13 1.3872439181074352e+16
4.1795390000000003e+02 3.2001585498458090e+13 1.3375187465264004e+16
4.2004859999999996e+02 3.0695011794740445e+13 1.2893396731364210e+16
4.2215390000000002e+02 2.9432089997518355e+13 1.2424871577603364e+16
4.2426970000000000e+02 2.8212407586744121e+13 1.1969669703105652e+16
4.2639609999999999e+02 2.7035745898367641e+13 1.1527936611654958e+16
4.2853309999999999e+02 2.5901776196522133e+13 1.1099768449001838e+16
4.3068090000000001e+02 2.4810293426490785e+13 1.0685319502185136e+16
4.3283940000000001e+02 2.3761024024365887e+13 1.0284707382092116e+16
4.3500880000000001e+02 2.2753704926388656e+13 9.8980618755824180e+15
4.3718900000000002e+02 2.1787987304162930e+13 9.5254683815196880e+15
4.3938020000000000e+02 2.0859910068202234e+13 9.1654314577487120e+15
4.4158229999999998e+02 1.9964747307559816e+13 8.8160790349910710e+15
4.4379550000000000e+02 1.9101371165669555e+13 8.4771025671539030e+15
4.4601979999999998e+02 1.8269565119968285e+13 8.1485877808952300e+15
4.4825520000000000e+02 1.7469149919100926e+13 7.8306372908165690e+15
4.5050180000000000e+02 1.6699931033904611e+13 7.5233489906498880e+15
4.5275970000000001e+02 1.5961720065132691e+13 7.2268235881734580e+15
4.5502890000000002e+02 1.5254330447690695e+13 6.9411612038492050e+15
4.5730940000000004e+02 1.4577507910841693e+13 6.6664313962022690e+15
4.5960140000000001e+02 1.3928902446776742e+13 6.4017430650020160e+15
4.6190490000000000e+02 1.3304835380206768e+13 6.1455686558108690e+15
4.6421990000000000e+02 1.2703719532025037e+13 5.8973194107847090e+15
4.6654659999999996e+02 1.2125390615349080e+13 5.6570597652630210e+15
4.6888490000000002e+02 1.1569701883177211e+13 5.4248585105233580e+15
4.7123490000000004e+02 1.1036522556650432e+13 5.2007946033309110e+15
4.7359670000000000e+02 1.0525725753909189e+13 4.9849489821564040e+15
4.7597030000000001e+02 1.0037164960268219e+13 4.7773924172883520e+15
4.7835579999999999e+02 9.5706830215354180e+12 4.5781917333129920e+15
4.8075329999999997e+02 9.1250317024043496e+12 4.3868891035355085e+15
4.8316280000000000e+02 8.6973936218764268e+12 4.2022570550479555e+15
4.8558440000000002e+02 8.2860102638195293e+12 4.0235573223506480e+15
4.8801810000000000e+02 7.8907476514215898e+12 3.8508276764262265e+15
4.9046400000000000e+02 7.5115205310163066e+12 3.6841304057243820e+15
4.9292210000000000e+02 7.1482256419991318e+12 3.5235183947280605e+15
4.9539259999999996e+02 6.8007748158771572e+12 3.3690535180519060e+15
4.9787549999999999e+02 6.4690680542130703e+12 3.2207904920253595e+15
5.0037079999999997e+02 6.1530014149498545e+12 3.0787822403995905e+15
5.0287859999999995e+02 5.8521007807052129e+12 2.9428962476599440e+15
5.0539900000000000e+02 5.5643978026705645e+12 2.8122410850719005e+15
5.0793200000000002e+02 5.2882906620841611e+12 2.6860920525737320e+15
5.1047770000000003e+02 5.0236864631468955e+12 2.5644799112283620e+15
5.1303620000000001e+02 4.7705232567729502e+12 2.4474511236664185e+15
5.1560749999999996e+02 4.5287258109506260e+12 2.3350449935697245e+15
5.1819169999999997e+02 4.2982344806402036e+12 2.2273094325215640e+15
5.2078880000000004e+02 4.0789752624627383e+12 2.1242846321676548e+15
5.2339900000000000e+02 3.8708862750850029e+12 2.0260180054932155e+15
5.2602220000000000e+02 3.6738447800466582e+12 1.9325239136586592e+15
5.2865859999999998e+02 3.4862611131084355e+12 1.8430419192903470e+15
5.3130819999999994e+02 3.3065153453754326e+12 1.7567787164237992e+15
5.3397109999999998e+02 3.1344980337843760e+12 1.6737313630476802e+15
5.3664730000000009e+02 2.9701548826544233e+12 1.5939255983583135e+15
5.3933690000000001e+02 2.8134470962504932e+12 1.5173958352057428e+15
5.4203999999999996e+02 2.6643234996470640e+12 1.4441699097486945e+15
5.4475669999999991e+02 2.5227394351268101e+12 1.3742792096395450e+15
5.4748699999999997e+02 2.3886547119566938e+12 1.3077574022850342e+15
5.5023090000000002e+02 2.2619932579833262e+12 1.2446185861340978e+15
5.5298860000000002e+02 2.1418610549870981e+12 1.1844247461918385e+15
5.5576019999999994e+02 2.0271187885586016e+12 1.1265919433530860e+15
5.5854559999999992e+02 1.9174554995986418e+12 1.0709863324966230e+15
5.6134500000000003e+02 1.8128440485585093e+12 1.0176309424380765e+15
5.6415840000000003e+02 1.7132500043719521e+12 9.6654438126647362e+14
5.6698590000000002e+02 1.6186462866278547e+12 9.1774962160535225e+14
5.6982759999999996e+02 1.5290020041917729e+12 8.7126754244378788e+14
5.7268349999999998e+02 1.4442904902913513e+12 8.2712133299676712e+14
5.7555380000000002e+02 1.3644643722805930e+12 7.8532265443071000e+14
5.7843840000000000e+02 1.2890664873595413e+12 7.4564555644187325e+14
5.8133749999999998e+02 1.2173116385868440e+12 7.0766890469697938e+14
5.8425109999999995e+02 1.1488268334323994e+12 6.7120334114239612e+14
5.8717930000000001e+02 1.0835936803901029e+12 6.3626377873588438e+14
5.9012219999999991e+02 1.0215919128900863e+12 6.0286406713690600e+14
5.9307980000000009e+02 9.6280271664449951e+11 5.7101884262697650e+14
5.9605230000000006e+02 9.0720765075267285e+11 5.4074320680872744e+14
5.9903969999999993e+02 8.5478805404313513e+11 5.1205197945758338e+14
6.0204200000000003e+02 8.0551740914751953e+11 4.8495531203799100e+14
6.0505939999999998e+02 7.5919504334908386e+11 4.5935809741177069e+14
6.0809190000000001e+02 7.1528662483818884e+11 4.3496000274244144e+14
6.1113959999999997e+02 6.7343766247594849e+11 4.1156442367048612e+14
6.1420259999999996e+02 6.3363441379481555e+11 3.8917990440225156e+14
6.1728089999999997e+02 5.9586589082852112e+11 3.6781663336993125e+14
6.2037469999999996e+02 5.6011977411626709e+11 3.4748413683144694e+14
6.2348390000000006e+02 5.2638335224045593e+11 3.2819154534995325e+14
6.2660880000000009e+02 4.9464525908302942e+11 3.0994907221970619e+14
6.2974930000000006e+02 4.6489340865441003e+11 2.9276629867472869e+14
6.3290559999999994e+02 4.3706347465393018e+11 2.7661992066393044e+14
6.3607759999999996e+02 4.1080279410666949e+11 2.6130245534866447e+14
6.3926559999999995e+02 3.8580839331785260e+11 2.4663403403937300e+14
6.4246950000000004e+02 3.6207135923852820e+11 2.3261980513429759e+14
6.4568959999999993e+02 3.3958547348687897e+11 2.1926680854155347e+14
6.4892570000000001e+02 3.1834203609057971e+11 2.0658032860950472e+14
6.5217809999999997e+02 2.9833499565112561e+11 1.9456755062725934e+14
6.5544669999999996e+02 2.7955627455308588e+11 1.8323423762011409e+14
6.5873180000000002e+02 2.6199921017238596e+11 1.7258721131543412e+14
6.6203330000000005e+02 2.4564883949606036e+11 1.6262771185274719e+14
6.6535130000000004e+02 2.3029756770751968e+11 1.5322878606103625e+14
6.6868600000000004e+02 2.1572569400845026e+11 1.4425275142373456e+14
6.7203740000000005e+02 2.0190792641816891e+11 1.3568967790945756e+14
6.7540559999999994e+02 1.8883985535282849e+11 1.2754349580849033e+14
6.7879069999999990e+02 1.7651673929084647e+11 1.1981792102495116e+14
6.8219269999999995e+02 1.6493475422588467e+11 1.1251728530919267e+14
6.8561180000000002e+02 1.5408911624557053e+11 1.0564531634953486e+14
6.8904809999999998e+02 1.4397610999108127e+11 9.9206465034745562e+13
6.9250149999999996e+02 1.3458729925615620e+11 9.3201906615837047e+13
6.9597230000000002e+02 1.2582090221632025e+11 8.7567862703567500e+13
6.9946040000000005e+02 1.1753867260018614e+11 8.2213646952395250e+13
7.0296609999999998e+02 1.0969679099150949e+11 7.7113125345816562e+13
7.0648930000000007e+02 1.0229263118687863e+11 7.2268649402376062e+13
7.1003009999999995e+02 9.5323694207862503e+10 6.7682692130778031e+13
7.1358869999999990e+02 8.8787285803506195e+10 6.3357603853052430e+13
7.1716519999999991e+02 8.2681083831871994e+10 5.9295996022501234e+13
7.2075959999999998e+02 7.7002594408953186e+10 5.5500359145159336e+13
7.2437199999999996e+02 7.1747719564006516e+10 5.1972039116018523e+13
7.2800240000000008e+02 6.6871344619042274e+10 4.8682499373889867e+13
7.3165109999999993e+02 6.2288794268705513e+10 4.5573664844372078e+13
7.3531809999999996e+02 5.7956227475869637e+10 4.2616263070724258e+13
7.3900350000000003e+02 5.3872242791299591e+10 3.9811775975620172e+13
7.4270730000000003e+02 5.0035324052337860e+10 3.7161600431536914e+13
7.4642969999999991e+02 4.6444109877375076e+10 3.4667263002536109e+13
7.5017069999999990e+02 4.3097166968367416e+10 3.2330231912677059e+13
7.5393050000000005e+02 3.9993111934731789e+10 3.0152026877508309e+13
7.5770909999999992e+02 3.7129926349612892e+10 2.8133683077431469e+13
7.6150669999999991e+02 3.4491246623191132e+10 2.6265315394912418e+13
7.6532330000000002e+02 3.2026381956375607e+10 2.4510536325913836e+13
7.6915909999999997e+02 2.9699444339440735e+10 2.2843597878624328e+13
7.7301400000000001e+02 2.7509528720778660e+10 2.1265250834563996e+13
7.7688830000000007e+02 2.5455859790925186e+10 1.9776359638010227e+13
7.8078200000000004e+02 2.3537682800776814e+10 1.8377799052556121e+13
7.8469520000000000e+02 2.1754231329968185e+10 1.7070440904315650e+13
7.8862810000000002e+02 2.0104684862282124e+10 1.5855119424040312e+13
7.9258060000000000e+02 1.8588282507593937e+10 1.4732712102838307e+13
7.9655290000000002e+02 1.7201331218637917e+10 1.3701770266066566e+13
8.0054519999999991e+02 1.5914544698955873e+10 1.2740312368934568e+13
8.0455750000000000e+02 1.4701443038631689e+10 1.1828156257553916e+13
8.0858980000000008e+02 1.3561604675142811e+10 1.0965775211952791e+13
8.1264240000000007e+02 1.2494585426132505e+10 1.0153629887697342e+13
8.1671530000000007e+02 1.1499994252517818e+10 9.3922212559433672e+12
8.2080859999999996e+02 1.0577396814972200e+10 8.6820182713417900e+12
8.2492250000000001e+02 9.7263859459788647e+09 8.0235146105217500e+12
8.2905690000000004e+02 8.9465860638018055e+09 7.4172289076387275e+12
8.3321209999999996e+02 8.2369685659222155e+09 6.8631418764460371e+12
8.3738810000000001e+02 7.5834937034375982e+09 6.3503273836835742e+12
8.4158500000000004e+02 6.9704853030370207e+09 5.8662558737564111e+12
8.4580290000000002e+02 6.3953648841498709e+09 5.4092181655721250e+12
8.5004200000000003e+02 5.8579109705908098e+09 4.9794703572629531e+12
8.5430240000000003e+02 5.3579147130529327e+09 4.5772793983564316e+12
8.5858409999999992e+02 4.8951652819294949e+09 4.2029110779366812e+12
8.6288720000000001e+02 4.4694544782426014e+09 3.8566350602582192e+12
8.6721190000000001e+02 4.0805661130835757e+09 3.5387154920028228e+12
8.7155830000000003e+02 3.7280571153988128e+09 3.2492191217998931e+12
8.7592650000000003e+02 3.4060958091563540e+09 2.9834895807789932e+12
8.8031659999999999e+02 3.1061640617079716e+09 2.7344077858449517e+12
8.8472860000000003e+02 2.8251553636633472e+09 2.4994957496763643e+12
8.8916280000000006e+02 2.5629622402819200e+09 2.2788906818633447e+12
8.9361919999999998e+02 2.3194773086189976e+09 2.0727294569462617e+12
8.9809799999999996e+02 2.0945910907292516e+09 1.8811480694017593e+12
9.0259920000000000e+02 1.8882059796481991e+09 1.7042932066656807e+12
9.0712290000000007e+02 1.7002160103568912e+09 1.5423048779413733e+12
9.1166940000000000e+02 1.5304311408381379e+09 1.3952472399092207e+12
9.1623860000000002e+02 1.3767268361141891e+09 1.2614102689036941e+12
9.2083069999999998e+02 1.2346410839912517e+09 1.1368954136204231e+12
9.2544580000000008e+02 1.1016622462237368e+09 1.0195286987863231e+12
9.3008409999999992e+02 9.7773592608481956e+08 9.0937663885026587e+11
9.3474559999999997e+02 8.6281360768773234e+08 8.0651122340623401e+11
9.3943040000000008e+02 7.5684292120677364e+08 7.1100124820644788e+11
9.4413880000000006e+02 6.5977415433351755e+08 6.2291837834346216e+11
9.4887069999999994e+02 5.7155899693981636e+08 5.4233558551758136e+11
9.5362639999999999e+02 4.9212455207951748e+08 4.6930296495120276e+11
9.5840589999999997e+02 4.2085859724898589e+08 4.0335336266915186e+11
9.6320930000000010e+02 3.5550715345873111e+08 3.4242779642797699e+11
9.6803690000000006e+02 2.9436522853796858e+08 2.8495640330168665e+11
9.7288860000000000e+02 2.3740748729716477e+08 2.3097103794605643e+11
9.7776459999999997e+02 1.8461078688953641e+08 1.8050589219873282e+11
9.8266509999999994e+02 1.3595120161327663e+08 1.3359450112843063e+11
9.8759010000000001e+02 9.1406246877696157e+07 9.0271904494568634e+10
9.9253989999999999e+02 5.0952759348519012e+07 5.0572646668503128e+10
9.9751440000000002e+02 1.5436775057340430e+07 1.5398405409257906e+10
