# Emergent specific intensity at surface (nd=0)  iter=20
# Col 1: E [eV]
# Col 2: I_corona (incident) [erg cm^-2 s^-1 eV^-1 sr^-1]
# Col 3: I_disk (incident) [erg cm^-2 s^-1 eV^-1 sr^-1]
# Col 4: I(mu=-0.960290) [erg cm^-2 s^-1 eV^-1 sr^-1]
# Col 5: I(mu=-0.796666) [erg cm^-2 s^-1 eV^-1 sr^-1]
# Col 6: I(mu=-0.525532) [erg cm^-2 s^-1 eV^-1 sr^-1]
# Col 7: I(mu=-0.183435) [erg cm^-2 s^-1 eV^-1 sr^-1]
# Col 8: I(mu=0.183435) [erg cm^-2 s^-1 eV^-1 sr^-1]
# Col 9: I(mu=0.525532) [erg cm^-2 s^-1 eV^-1 sr^-1]
# Col 10: I(mu=0.796666) [erg cm^-2 s^-1 eV^-1 sr^-1]
# Col 11: I(mu=0.960290) [erg cm^-2 s^-1 eV^-1 sr^-1]
1.004861e+00  5.554764e-30  0.000000e+00  0.000000e+00  4.995717e-29  0.000000e+00  0.000000e+00  8.041776e+11  7.056612e+11  6.480462e+11  6.186379e+11
1.014577e+00  1.426861e-29  0.000000e+00  0.000000e+00  1.283258e-28  0.000000e+00  0.000000e+00  8.229569e+11  7.210469e+11  6.613795e+11  6.309481e+11
1.024387e+00  3.631904e-29  0.000000e+00  0.000000e+00  3.266379e-28  0.000000e+00  0.000000e+00  8.384779e+11  7.334044e+11  6.719361e+11  6.406252e+11
1.034292e+00  9.161384e-29  0.000000e+00  0.000000e+00  8.239357e-28  0.000000e+00  0.000000e+00  8.533996e+11  7.451729e+11  6.820581e+11  6.500186e+11
1.044293e+00  2.290339e-28  0.000000e+00  0.000000e+00  2.059833e-27  0.000000e+00  0.000000e+00  8.683432e+11  7.568792e+11  6.918655e+11  6.588406e+11
1.054391e+00  5.675281e-28  0.000000e+00  0.000000e+00  5.104105e-27  0.000000e+00  0.000000e+00  8.836515e+11  7.689006e+11  7.020686e+11  6.681578e+11
1.064586e+00  1.393994e-27  0.000000e+00  0.000000e+00  1.253699e-26  0.000000e+00  0.000000e+00  1.113958e+12  1.009250e+12  9.455663e+11  9.112488e+11
1.074880e+00  3.394354e-27  0.000000e+00  0.000000e+00  3.052737e-26  0.000000e+00  0.000000e+00  9.131898e+11  7.916227e+11  7.211104e+11  6.854424e+11
1.085273e+00  8.194299e-27  0.000000e+00  0.000000e+00  7.369603e-26  0.000000e+00  0.000000e+00  9.274543e+11  8.023587e+11  7.299866e+11  6.934371e+11
1.095767e+00  1.961377e-26  0.000000e+00  0.000000e+00  1.763979e-25  0.000000e+00  0.000000e+00  9.423714e+11  8.136406e+11  7.393491e+11  7.018890e+11
1.106362e+00  4.655220e-26  0.000000e+00  0.000000e+00  4.186706e-25  0.000000e+00  0.000000e+00  9.562408e+11  8.239321e+11  7.477700e+11  7.094369e+11
1.117059e+00  1.095682e-25  0.000000e+00  0.000000e+00  9.854096e-25  0.000000e+00  0.000000e+00  9.753520e+11  8.400224e+11  7.624718e+11  7.234665e+11
1.127861e+00  2.557577e-25  0.000000e+00  0.000000e+00  2.300176e-24  0.000000e+00  0.000000e+00  1.213135e+12  1.083975e+12  1.007364e+12  9.677031e+11
1.138766e+00  5.921168e-25  0.000000e+00  0.000000e+00  5.325246e-24  0.000000e+00  0.000000e+00  1.030557e+12  8.880826e+11  8.062877e+11  7.651191e+11
1.149777e+00  1.359736e-24  0.000000e+00  0.000000e+00  1.222888e-23  0.000000e+00  0.000000e+00  1.022797e+12  8.763211e+11  7.938902e+11  7.529717e+11
1.160894e+00  3.097449e-24  0.000000e+00  0.000000e+00  2.785713e-23  0.000000e+00  0.000000e+00  1.037853e+12  8.856335e+11  7.990248e+11  7.557606e+11
1.172119e+00  6.999863e-24  0.000000e+00  0.000000e+00  6.295378e-23  0.000000e+00  0.000000e+00  1.054551e+12  8.979863e+11  8.090879e+11  7.647252e+11
1.183453e+00  1.569437e-23  0.000000e+00  0.000000e+00  1.411485e-22  0.000000e+00  0.000000e+00  1.072210e+12  9.111860e+11  8.199440e+11  7.744801e+11
1.194855e+00  3.481435e-23  0.000000e+00  0.000000e+00  3.131053e-22  0.000000e+00  0.000000e+00  1.111037e+12  9.466004e+11  8.529365e+11  8.060426e+11
1.206325e+00  7.642097e-23  0.000000e+00  0.000000e+00  6.872976e-22  0.000000e+00  0.000000e+00  1.111534e+12  9.412623e+11  8.453005e+11  7.977056e+11
1.217905e+00  1.664872e-22  0.000000e+00  0.000000e+00  1.497314e-21  0.000000e+00  0.000000e+00  1.134904e+12  9.595996e+11  8.606118e+11  8.114738e+11
1.229597e+00  3.599929e-22  0.000000e+00  0.000000e+00  3.237623e-21  0.000000e+00  0.000000e+00  2.425730e+12  2.357966e+12  2.292919e+12  2.243718e+12
1.241401e+00  7.726509e-22  0.000000e+00  0.000000e+00  6.948892e-21  0.000000e+00  0.000000e+00  1.171057e+12  9.859665e+11  8.822905e+11  8.311087e+11
1.253318e+00  1.646188e-21  0.000000e+00  0.000000e+00  1.480511e-20  0.000000e+00  0.000000e+00  1.183059e+12  9.929316e+11  8.865970e+11  8.340956e+11
1.265349e+00  3.481869e-21  0.000000e+00  0.000000e+00  3.131444e-20  0.000000e+00  0.000000e+00  1.211659e+12  1.017263e+12  9.083975e+11  8.545536e+11
1.277496e+00  7.311603e-21  0.000000e+00  0.000000e+00  6.575744e-20  0.000000e+00  0.000000e+00  1.214347e+12  1.013892e+12  9.026243e+11  8.479363e+11
1.289760e+00  1.524438e-20  0.000000e+00  0.000000e+00  1.371014e-19  0.000000e+00  0.000000e+00  1.232563e+12  1.026700e+12  9.128723e+11  8.570663e+11
1.302141e+00  3.155973e-20  0.000000e+00  0.000000e+00  2.838348e-19  0.000000e+00  0.000000e+00  1.375782e+12  1.173298e+12  1.061091e+12  1.005921e+12
1.314641e+00  6.488026e-20  0.000000e+00  0.000000e+00  5.835053e-19  0.000000e+00  0.000000e+00  1.271278e+12  1.054023e+12  9.345448e+11  8.761834e+11
1.327261e+00  1.324575e-19  0.000000e+00  0.000000e+00  1.191266e-18  0.000000e+00  0.000000e+00  1.465010e+12  1.253438e+12  1.128664e+12  1.064740e+12
1.340003e+00  2.685676e-19  0.000000e+00  0.000000e+00  2.415382e-18  0.000000e+00  0.000000e+00  1.400011e+12  1.178014e+12  1.056380e+12  9.970489e+11
1.352866e+00  5.408444e-19  0.000000e+00  0.000000e+00  4.864123e-18  0.000000e+00  0.000000e+00  1.328393e+12  1.093180e+12  9.648871e+11  9.025624e+11
1.365854e+00  1.081835e-18  0.000000e+00  0.000000e+00  9.729560e-18  0.000000e+00  0.000000e+00  1.355091e+12  1.114248e+12  9.832154e+11  9.196639e+11
1.378965e+00  2.149548e-18  0.000000e+00  0.000000e+00  1.933212e-17  0.000000e+00  0.000000e+00  1.435561e+12  1.193608e+12  1.062583e+12  9.991825e+11
1.392203e+00  4.242860e-18  0.000000e+00  0.000000e+00  3.815847e-17  0.000000e+00  0.000000e+00  1.440024e+12  1.190284e+12  1.055426e+12  9.903188e+11
1.405568e+00  8.319991e-18  0.000000e+00  0.000000e+00  7.482644e-17  0.000000e+00  0.000000e+00  1.407771e+12  1.146893e+12  1.006607e+12  9.390923e+11
1.419100e+00  1.624067e-17  0.000000e+00  0.000000e+00  1.460617e-16  0.000000e+00  0.000000e+00  1.465012e+12  1.201008e+12  1.060063e+12  9.925226e+11
1.432802e+00  3.155709e-17  0.000000e+00  0.000000e+00  2.838110e-16  0.000000e+00  0.000000e+00  1.478645e+12  1.206774e+12  1.061781e+12  9.923720e+11
1.446637e+00  6.092436e-17  0.000000e+00  0.000000e+00  5.479276e-16  0.000000e+00  0.000000e+00  1.513581e+12  1.236276e+12  1.089400e+12  1.019395e+12
1.460605e+00  1.168727e-16  0.000000e+00  0.000000e+00  1.051103e-15  0.000000e+00  0.000000e+00  1.521636e+12  1.235486e+12  1.084026e+12  1.011893e+12
1.474708e+00  2.227868e-16  0.000000e+00  0.000000e+00  2.003649e-15  0.000000e+00  0.000000e+00  1.550471e+12  1.257829e+12  1.103772e+12  1.030657e+12
1.488947e+00  4.220332e-16  0.000000e+00  0.000000e+00  3.795586e-15  0.000000e+00  0.000000e+00  1.536400e+12  1.232001e+12  1.071619e+12  9.955326e+11
1.503323e+00  7.945304e-16  0.000000e+00  0.000000e+00  7.145667e-15  0.000000e+00  0.000000e+00  1.691135e+12  1.385216e+12  1.214575e+12  1.131226e+12
1.517838e+00  1.486644e-15  0.000000e+00  0.000000e+00  1.337024e-14  0.000000e+00  0.000000e+00  1.588229e+12  1.280911e+12  1.121919e+12  1.046492e+12
1.532494e+00  2.764784e-15  0.000000e+00  0.000000e+00  2.486529e-14  0.000000e+00  0.000000e+00  1.612273e+12  1.297456e+12  1.135102e+12  1.058233e+12
1.547291e+00  5.110918e-15  0.000000e+00  0.000000e+00  4.596541e-14  0.000000e+00  0.000000e+00  1.635628e+12  1.312946e+12  1.147037e+12  1.068625e+12
1.562231e+00  9.391713e-15  0.000000e+00  0.000000e+00  8.446506e-14  0.000000e+00  0.000000e+00  1.741211e+12  1.427026e+12  1.248976e+12  1.163101e+12
1.577315e+00  1.715631e-14  0.000000e+00  0.000000e+00  1.542965e-13  0.000000e+00  0.000000e+00  1.682379e+12  1.343687e+12  1.170642e+12  1.089141e+12
1.592545e+00  3.115734e-14  0.000000e+00  0.000000e+00  2.802158e-13  0.000000e+00  0.000000e+00  1.705671e+12  1.358878e+12  1.182433e+12  1.099541e+12
1.607921e+00  5.625731e-14  0.000000e+00  0.000000e+00  5.059542e-13  0.000000e+00  0.000000e+00  1.731838e+12  1.379684e+12  1.200333e+12  1.115962e+12
1.623447e+00  1.009958e-13  0.000000e+00  0.000000e+00  9.083134e-13  0.000000e+00  0.000000e+00  1.756516e+12  1.395778e+12  1.212669e+12  1.126698e+12
1.639122e+00  1.802843e-13  0.000000e+00  0.000000e+00  1.621400e-12  0.000000e+00  0.000000e+00  1.881864e+12  1.512579e+12  1.318799e+12  1.226467e+12
1.654948e+00  3.200116e-13  0.000000e+00  0.000000e+00  2.878048e-12  0.000000e+00  0.000000e+00  1.803127e+12  1.421539e+12  1.229886e+12  1.140593e+12
1.670928e+00  5.648726e-13  0.000000e+00  0.000000e+00  5.080222e-12  0.000000e+00  0.000000e+00  1.827278e+12  1.436640e+12  1.241077e+12  1.150149e+12
1.687029e+00  9.904874e-13  0.000000e+00  0.000000e+00  8.908021e-12  0.000000e+00  0.000000e+00  1.852065e+12  1.452224e+12  1.252736e+12  1.160178e+12
1.703253e+00  1.725452e-12  0.000000e+00  0.000000e+00  1.551798e-11  0.000000e+00  0.000000e+00  1.877529e+12  1.469597e+12  1.267844e+12  1.174685e+12
1.719633e+00  2.989655e-12  0.000000e+00  0.000000e+00  2.688768e-11  0.000000e+00  0.000000e+00  1.984684e+12  1.567398e+12  1.354056e+12  1.254106e+12
1.736170e+00  5.152593e-12  0.000000e+00  0.000000e+00  4.634022e-11  0.000000e+00  0.000000e+00  1.928511e+12  1.499976e+12  1.288371e+12  1.190883e+12
1.752867e+00  8.833631e-12  0.000000e+00  0.000000e+00  7.944590e-11  0.000000e+00  0.000000e+00  1.954595e+12  1.523704e+12  1.317222e+12  1.223427e+12
1.769724e+00  1.506548e-11  0.000000e+00  0.000000e+00  1.354925e-10  0.000000e+00  0.000000e+00  1.981695e+12  1.532921e+12  1.312844e+12  1.211920e+12
1.786743e+00  2.556106e-11  0.000000e+00  0.000000e+00  2.298852e-10  0.000000e+00  0.000000e+00  2.012035e+12  1.552316e+12  1.327590e+12  1.224773e+12
1.803926e+00  4.314675e-11  0.000000e+00  0.000000e+00  3.880434e-10  0.000000e+00  0.000000e+00  2.113401e+12  1.642001e+12  1.406646e+12  1.298110e+12
1.821274e+00  7.246227e-11  0.000000e+00  0.000000e+00  6.516947e-10  0.000000e+00  0.000000e+00  2.091862e+12  1.606872e+12  1.371012e+12  1.263575e+12
1.838789e+00  1.210853e-10  0.000000e+00  0.000000e+00  1.088990e-09  0.000000e+00  0.000000e+00  2.152038e+12  1.651021e+12  1.407669e+12  1.297038e+12
1.856473e+00  2.013296e-10  0.000000e+00  0.000000e+00  1.810672e-09  0.000000e+00  0.000000e+00  2.292419e+12  1.808017e+12  1.590141e+12  1.494380e+12
1.874326e+00  3.331046e-10  0.000000e+00  0.000000e+00  2.995801e-09  0.000000e+00  0.000000e+00  2.365848e+12  1.817402e+12  1.550092e+12  1.428828e+12
1.892351e+00  5.484427e-10  0.000000e+00  0.000000e+00  4.932459e-09  0.000000e+00  0.000000e+00  1.241916e+13  1.343878e+13  1.458404e+13  1.524131e+13
1.910550e+00  8.986271e-10  0.000000e+00  0.000000e+00  8.081868e-09  0.000000e+00  0.000000e+00  2.435618e+12  1.863715e+12  1.586206e+12  1.460789e+12
1.928923e+00  1.465364e-09  0.000000e+00  0.000000e+00  1.317886e-08  0.000000e+00  0.000000e+00  2.397077e+12  1.825682e+12  1.549135e+12  1.424370e+12
1.947473e+00  2.378204e-09  0.000000e+00  0.000000e+00  2.138855e-08  0.000000e+00  0.000000e+00  2.327045e+12  1.754634e+12  1.483065e+12  1.361540e+12
1.966202e+00  3.841580e-09  0.000000e+00  0.000000e+00  3.454953e-08  0.000000e+00  0.000000e+00  2.347241e+12  1.767983e+12  1.492325e+12  1.368939e+12
1.985111e+00  6.176570e-09  0.000000e+00  0.000000e+00  5.554943e-08  0.000000e+00  0.000000e+00  2.348510e+12  1.760784e+12  1.483126e+12  1.359320e+12
2.004246e+00  9.895803e-09  0.000000e+00  0.000000e+00  8.899863e-08  0.000000e+00  0.000000e+00  2.360846e+12  1.762833e+12  1.482123e+12  1.357398e+12
2.023609e+00  1.579872e-08  0.000000e+00  0.000000e+00  1.420869e-07  0.000000e+00  0.000000e+00  2.380182e+12  1.770654e+12  1.486218e+12  1.360252e+12
2.043160e+00  2.510780e-08  0.000000e+00  0.000000e+00  2.258088e-07  0.000000e+00  0.000000e+00  2.403402e+12  1.781676e+12  1.493138e+12  1.365759e+12
2.062900e+00  3.972192e-08  0.000000e+00  0.000000e+00  3.572419e-07  0.000000e+00  0.000000e+00  2.428872e+12  1.794488e+12  1.501636e+12  1.372780e+12
2.082830e+00  6.256126e-08  0.000000e+00  0.000000e+00  5.626493e-07  0.000000e+00  0.000000e+00  2.443884e+12  1.797253e+12  1.501403e+12  1.371791e+12
2.102954e+00  9.809642e-08  0.000000e+00  0.000000e+00  8.822373e-07  0.000000e+00  0.000000e+00  2.481720e+12  1.938977e+12  1.731263e+12  1.644612e+12
2.123271e+00  1.531410e-07  0.000000e+00  0.000000e+00  1.377285e-06  0.000000e+00  0.000000e+00  2.500769e+12  1.827337e+12  1.522164e+12  1.389251e+12
2.143785e+00  2.380340e-07  0.000000e+00  0.000000e+00  2.140776e-06  0.000000e+00  0.000000e+00  2.528817e+12  1.841565e+12  1.531645e+12  1.397062e+12
2.164497e+00  3.683949e-07  0.000000e+00  0.000000e+00  3.313187e-06  0.000000e+00  0.000000e+00  2.558197e+12  1.856711e+12  1.541917e+12  1.405639e+12
2.185409e+00  5.677188e-07  0.000000e+00  0.000000e+00  5.105821e-06  0.000000e+00  0.000000e+00  2.700334e+12  1.965106e+12  1.627739e+12  1.481622e+12
2.206523e+00  8.711958e-07  0.000000e+00  0.000000e+00  7.835163e-06  0.000000e+00  0.000000e+00  2.632845e+12  1.901801e+12  1.575486e+12  1.434822e+12
2.227841e+00  1.331308e-06  0.000000e+00  0.000000e+00  1.197322e-05  0.000000e+00  0.000000e+00  2.663892e+12  1.917870e+12  1.586547e+12  1.444157e+12
2.249365e+00  2.025999e-06  0.000000e+00  0.000000e+00  1.822097e-05  0.000000e+00  0.000000e+00  2.697411e+12  1.935620e+12  1.598976e+12  1.454721e+12
2.271097e+00  3.070542e-06  0.000000e+00  0.000000e+00  2.761514e-05  0.000000e+00  0.000000e+00  2.734774e+12  1.956002e+12  1.613507e+12  1.467175e+12
2.293039e+00  4.634713e-06  0.000000e+00  0.000000e+00  4.168262e-05  0.000000e+00  0.000000e+00  3.575152e+12  2.717452e+12  2.263927e+12  2.059811e+12
2.315193e+00  6.967543e-06  0.000000e+00  0.000000e+00  6.266311e-05  0.000000e+00  0.000000e+00  2.794243e+12  1.985044e+12  1.633041e+12  1.483558e+12
2.337561e+00  1.043284e-05  0.000000e+00  0.000000e+00  9.382846e-05  0.000000e+00  0.000000e+00  2.823534e+12  2.004830e+12  1.648443e+12  1.497248e+12
2.360145e+00  1.555992e-05  0.000000e+00  0.000000e+00  1.399393e-04  0.000000e+00  0.000000e+00  2.840198e+12  2.003661e+12  1.644190e+12  1.492520e+12
2.382904e+00  2.309885e-05  0.000000e+00  0.000000e+00  2.077412e-04  0.000000e+00  0.000000e+00  2.867759e+12  2.016145e+12  1.652364e+12  1.499363e+12
2.405840e+00  3.413342e-05  0.000000e+00  0.000000e+00  3.069814e-04  0.000000e+00  0.000000e+00  2.898829e+12  2.031100e+12  1.662585e+12  1.508076e+12
2.428996e+00  5.024733e-05  0.000000e+00  0.000000e+00  4.519030e-04  0.000000e+00  0.000000e+00  2.935290e+12  2.049909e+12  1.676017e+12  1.519728e+12
2.452376e+00  7.368948e-05  0.000000e+00  0.000000e+00  6.627317e-04  0.000000e+00  0.000000e+00  2.981098e+12  2.078791e+12  1.700562e+12  1.543020e+12
2.475980e+00  1.076646e-04  0.000000e+00  0.000000e+00  9.682895e-04  0.000000e+00  0.000000e+00  3.043426e+12  2.134149e+12  1.758688e+12  1.603163e+12
2.499812e+00  1.567224e-04  0.000000e+00  0.000000e+00  1.409494e-03  0.000000e+00  0.000000e+00  3.135328e+12  2.179462e+12  1.778267e+12  1.611524e+12
2.523873e+00  2.272976e-04  0.000000e+00  0.000000e+00  2.044217e-03  0.000000e+00  0.000000e+00  3.256407e+12  2.306281e+12  1.922705e+12  1.765308e+12
2.548165e+00  3.284579e-04  0.000000e+00  0.000000e+00  2.954010e-03  0.000000e+00  0.000000e+00  9.377460e+12  8.987291e+12  8.625365e+12  8.441217e+12
2.572692e+00  4.729342e-04  0.000000e+00  0.000000e+00  4.253368e-03  0.000000e+00  0.000000e+00  3.496687e+12  2.386400e+12  1.933912e+12  1.748224e+12
2.597454e+00  6.785357e-04  0.000000e+00  0.000000e+00  6.102460e-03  0.000000e+00  0.000000e+00  3.395633e+12  2.320495e+12  1.881157e+12  1.700836e+12
2.622455e+00  9.700866e-04  0.000000e+00  0.000000e+00  8.724544e-03  0.000000e+00  0.000000e+00  3.496351e+12  2.399238e+12  1.955397e+12  1.773898e+12
2.647696e+00  1.382066e-03  0.000000e+00  0.000000e+00  1.242971e-02  0.000000e+00  0.000000e+00  1.374363e+13  1.132934e+13  9.341765e+12  8.408218e+12
2.673181e+00  1.962193e-03  0.000000e+00  0.000000e+00  1.764713e-02  0.000000e+00  0.000000e+00  3.520482e+12  2.376556e+12  1.916844e+12  1.729679e+12
2.698911e+00  2.776285e-03  0.000000e+00  0.000000e+00  2.496872e-02  0.000000e+00  0.000000e+00  3.429257e+12  2.305386e+12  1.859134e+12  1.678264e+12
2.724888e+00  3.914802e-03  0.000000e+00  0.000000e+00  3.520805e-02  0.000000e+00  0.000000e+00  3.818307e+12  2.616814e+12  2.110742e+12  1.902720e+12
2.751115e+00  5.501651e-03  0.000000e+00  0.000000e+00  4.947950e-02  0.000000e+00  0.000000e+00  3.402336e+12  2.283052e+12  1.841812e+12  1.663776e+12
2.777595e+00  7.705978e-03  0.000000e+00  0.000000e+00  6.930427e-02  0.000000e+00  0.000000e+00  3.446372e+12  2.529056e+12  2.201481e+12  2.072214e+12
2.804330e+00  1.075791e-02  0.000000e+00  0.000000e+00  9.675202e-02  0.000000e+00  0.000000e+00  3.443581e+12  2.288699e+12  1.845596e+12  1.668554e+12
2.831363e+00  1.497692e-02  0.000000e+00  0.000000e+00  1.346960e-01  0.000000e+00  0.000000e+00  3.523611e+12  2.370449e+12  1.935044e+12  1.762052e+12
2.858697e+00  2.079300e-02  0.000000e+00  0.000000e+00  1.870033e-01  0.000000e+00  0.000000e+00  7.075734e+12  6.384923e+12  6.036883e+12  5.883173e+12
2.886296e+00  2.877459e-02  0.000000e+00  0.000000e+00  2.587864e-01  0.000000e+00  0.000000e+00  3.574868e+12  2.351500e+12  1.890964e+12  1.708476e+12
2.914161e+00  3.969286e-02  0.000000e+00  0.000000e+00  3.569806e-01  0.000000e+00  0.000000e+00  3.554151e+12  2.326761e+12  1.868395e+12  1.687305e+12
2.942295e+00  5.458078e-02  0.000000e+00  0.000000e+00  4.908763e-01  0.000000e+00  0.000000e+00  3.802653e+12  2.505237e+12  2.007686e+12  1.809927e+12
2.970700e+00  7.481774e-02  0.000000e+00  0.000000e+00  6.728788e-01  0.000000e+00  0.000000e+00  3.591737e+12  2.336284e+12  1.874463e+12  1.693043e+12
2.999380e+00  1.022398e-01  0.000000e+00  0.000000e+00  9.195009e-01  0.000000e+00  0.000000e+00  3.657169e+12  2.408701e+12  1.956272e+12  1.779429e+12
3.028337e+00  1.392831e-01  0.000000e+00  0.000000e+00  1.252653e+00  0.000000e+00  0.000000e+00  5.869957e+12  4.987617e+12  4.631343e+12  4.485065e+12
3.057573e+00  1.891705e-01  0.000000e+00  0.000000e+00  1.701318e+00  0.000000e+00  0.000000e+00  3.730819e+12  2.405807e+12  1.928294e+12  1.742225e+12
3.087091e+00  2.561515e-01  0.000000e+00  0.000000e+00  2.303717e+00  0.000000e+00  0.000000e+00  3.950588e+12  2.736426e+12  2.308482e+12  2.142477e+12
3.116895e+00  3.458135e-01  0.000000e+00  0.000000e+00  3.110098e+00  0.000000e+00  0.000000e+00  5.211124e+12  4.195718e+12  3.820742e+12  3.672213e+12
3.146986e+00  4.654795e-01  0.000000e+00  0.000000e+00  4.186324e+00  0.000000e+00  0.000000e+00  3.913328e+12  2.518448e+12  2.021820e+12  1.829387e+12
3.177368e+00  6.247199e-01  0.000000e+00  0.000000e+00  5.618464e+00  0.000000e+00  0.000000e+00  4.983765e+12  3.882661e+12  3.495168e+12  3.344222e+12
3.208043e+00  8.360039e-01  0.000000e+00  0.000000e+00  7.518662e+00  0.000000e+00  0.000000e+00  3.922925e+12  2.511485e+12  2.018557e+12  1.828721e+12
3.239014e+00  1.115531e+00  0.000000e+00  0.000000e+00  1.003261e+01  0.000000e+00  0.000000e+00  4.652862e+12  3.504492e+12  3.110062e+12  2.958276e+12
3.270284e+00  1.484284e+00  0.000000e+00  0.000000e+00  1.334902e+01  0.000000e+00  0.000000e+00  4.452733e+12  3.150655e+12  2.701253e+12  2.528686e+12
3.301856e+00  1.969367e+00  0.000000e+00  0.000000e+00  1.771165e+01  0.000000e+00  0.000000e+00  4.561707e+12  3.328063e+12  2.910640e+12  2.751327e+12
3.333733e+00  2.605686e+00  0.000000e+00  0.000000e+00  2.343443e+01  0.000000e+00  0.000000e+00  4.622197e+12  3.460200e+12  3.076486e+12  2.931150e+12
3.362168e+00  3.329741e+00  0.000000e+00  0.000000e+00  2.994627e+01  0.000000e+00  0.000000e+00  4.420221e+12  3.113754e+12  2.678039e+12  2.512761e+12
3.387101e+00  4.114198e+00  0.000000e+00  0.000000e+00  3.700134e+01  0.000000e+00  0.000000e+00  3.951086e+12  2.469963e+12  1.976214e+12  1.788861e+12
3.416470e+00  5.257230e+00  0.000000e+00  0.000000e+00  4.728128e+01  0.000000e+00  0.000000e+00  4.380430e+12  3.134429e+12  2.684513e+12  2.509978e+12
3.450350e+00  6.938932e+00  0.000000e+00  0.000000e+00  6.240579e+01  0.000000e+00  0.000000e+00  4.417522e+12  3.130993e+12  2.666741e+12  2.486747e+12
3.484566e+00  9.132773e+00  0.000000e+00  0.000000e+00  8.213626e+01  0.000000e+00  0.000000e+00  4.452202e+12  3.140129e+12  2.668872e+12  2.486492e+12
3.519121e+00  1.198668e+01  0.000000e+00  0.000000e+00  1.078031e+02  0.000000e+00  0.000000e+00  4.489388e+12  3.163269e+12  2.690410e+12  2.507911e+12
3.554019e+00  1.568894e+01  0.000000e+00  0.000000e+00  1.410997e+02  0.000000e+00  0.000000e+00  4.534251e+12  3.189520e+12  2.711210e+12  2.526878e+12
3.589264e+00  2.047851e+01  0.000000e+00  0.000000e+00  1.841750e+02  0.000000e+00  0.000000e+00  4.559663e+12  3.198098e+12  2.718837e+12  2.534765e+12
3.624857e+00  2.665784e+01  0.000000e+00  0.000000e+00  2.397492e+02  0.000000e+00  0.000000e+00  4.657160e+12  3.228756e+12  2.720514e+12  2.524549e+12
3.660804e+00  3.460867e+01  0.000000e+00  0.000000e+00  3.112555e+02  0.000000e+00  0.000000e+00  4.631621e+12  3.216660e+12  2.718526e+12  2.527180e+12
3.697107e+00  4.481150e+01  0.000000e+00  0.000000e+00  4.030155e+02  0.000000e+00  0.000000e+00  4.674203e+12  3.240952e+12  2.739843e+12  2.547853e+12
3.733770e+00  5.786958e+01  0.000000e+00  0.000000e+00  5.204543e+02  0.000000e+00  0.000000e+00  4.946057e+12  3.391023e+12  2.847160e+12  2.638997e+12
3.770797e+00  7.453814e+01  0.000000e+00  0.000000e+00  6.703641e+02  0.000000e+00  0.000000e+00  4.783114e+12  3.293383e+12  2.778328e+12  2.581712e+12
3.808191e+00  9.576024e+01  0.000000e+00  0.000000e+00  8.612267e+02  0.000000e+00  0.000000e+00  4.865424e+12  3.336257e+12  2.810113e+12  2.609555e+12
3.845955e+00  1.227104e+02  0.000000e+00  0.000000e+00  1.103605e+03  0.000000e+00  0.000000e+00  5.034920e+12  3.424805e+12  2.875965e+12  2.667209e+12
3.884095e+00  1.568476e+02  0.000000e+00  0.000000e+00  1.410621e+03  0.000000e+00  0.000000e+00  1.158077e+13  8.242105e+12  6.659689e+12  6.011704e+12
3.922612e+00  1.999797e+02  0.000000e+00  0.000000e+00  1.798532e+03  0.000000e+00  0.000000e+00  5.052864e+12  3.429840e+12  2.880580e+12  2.672302e+12
3.961511e+00  2.543405e+02  0.000000e+00  0.000000e+00  2.287430e+03  0.000000e+00  0.000000e+00  5.003996e+12  3.397377e+12  2.855680e+12  2.650675e+12
4.000261e+00  3.216484e+02  0.000000e+00  0.000000e+00  2.892768e+03  0.000000e+00  0.000000e+00  4.955186e+12  3.357572e+12  2.825804e+12  2.625326e+12
4.038853e+00  4.045287e+02  0.000000e+00  0.000000e+00  3.638159e+03  0.000000e+00  0.000000e+00  4.946314e+12  3.346030e+12  2.817168e+12  2.618286e+12
4.077817e+00  5.076053e+02  0.000000e+00  0.000000e+00  4.565185e+03  0.000000e+00  0.000000e+00  4.951746e+12  3.343153e+12  2.815155e+12  2.617009e+12
4.117158e+00  6.355083e+02  0.000000e+00  0.000000e+00  5.715490e+03  0.000000e+00  0.000000e+00  4.987847e+12  3.364385e+12  2.832073e+12  2.632430e+12
4.156877e+00  7.938599e+02  0.000000e+00  0.000000e+00  7.139636e+03  0.000000e+00  0.000000e+00  5.017048e+12  3.377860e+12  2.842741e+12  2.642321e+12
4.196981e+00  9.894717e+02  0.000000e+00  0.000000e+00  8.898886e+03  0.000000e+00  0.000000e+00  5.025359e+12  3.417805e+12  2.902839e+12  2.711008e+12
4.237471e+00  1.230578e+03  0.000000e+00  0.000000e+00  1.106729e+04  0.000000e+00  0.000000e+00  5.030172e+12  3.371085e+12  2.841219e+12  2.644065e+12
4.278351e+00  1.527109e+03  0.000000e+00  0.000000e+00  1.373416e+04  0.000000e+00  0.000000e+00  5.051790e+12  3.372400e+12  2.838404e+12  2.639822e+12
4.319626e+00  1.891015e+03  0.000000e+00  0.000000e+00  1.700698e+04  0.000000e+00  0.000000e+00  5.080734e+12  3.384031e+12  2.847616e+12  2.648444e+12
4.361299e+00  2.336648e+03  0.000000e+00  0.000000e+00  2.101482e+04  0.000000e+00  0.000000e+00  5.124615e+12  3.435088e+12  2.905959e+12  2.710035e+12
4.403375e+00  2.881202e+03  0.000000e+00  0.000000e+00  2.591230e+04  0.000000e+00  0.000000e+00  5.174977e+12  3.484053e+12  2.960599e+12  2.767244e+12
4.445856e+00  3.545234e+03  0.000000e+00  0.000000e+00  3.188432e+04  0.000000e+00  0.000000e+00  5.256470e+12  3.596165e+12  3.090282e+12  2.904047e+12
4.488747e+00  4.353269e+03  0.000000e+00  0.000000e+00  3.915144e+04  0.000000e+00  0.000000e+00  5.287535e+12  3.501222e+12  2.949640e+12  2.745942e+12
4.532052e+00  5.334508e+03  0.000000e+00  0.000000e+00  4.797628e+04  0.000000e+00  0.000000e+00  9.278184e+12  6.081586e+12  4.880454e+12  4.415515e+12
4.575774e+00  6.523637e+03  0.000000e+00  0.000000e+00  5.867080e+04  0.000000e+00  0.000000e+00  5.317687e+12  3.499149e+12  2.943807e+12  2.739224e+12
4.619919e+00  7.961781e+03  0.000000e+00  0.000000e+00  7.160486e+04  0.000000e+00  0.000000e+00  5.277854e+12  3.474063e+12  2.927445e+12  2.726503e+12
4.664489e+00  9.697598e+03  0.000000e+00  0.000000e+00  8.721605e+04  0.000000e+00  0.000000e+00  5.254416e+12  3.446873e+12  2.902467e+12  2.702651e+12
4.709489e+00  1.178853e+04  0.000000e+00  0.000000e+00  1.060210e+05  0.000000e+00  0.000000e+00  5.250765e+12  3.443520e+12  2.902895e+12  2.704798e+12
4.754887e+00  1.430008e+04  0.000000e+00  0.000000e+00  1.286089e+05  0.000000e+00  0.000000e+00  5.256121e+12  3.428573e+12  2.883147e+12  2.683369e+12
4.800686e+00  1.731057e+04  0.000000e+00  0.000000e+00  1.556838e+05  0.000000e+00  0.000000e+00  5.277983e+12  3.441091e+12  2.896145e+12  2.696783e+12
4.846926e+00  2.091475e+04  0.000000e+00  0.000000e+00  1.880983e+05  0.000000e+00  0.000000e+00  5.310116e+12  3.453870e+12  2.905922e+12  2.705623e+12
4.893612e+00  2.522149e+04  0.000000e+00  0.000000e+00  2.268313e+05  0.000000e+00  0.000000e+00  5.564692e+12  3.575765e+12  2.995270e+12  2.784498e+12
4.940747e+00  3.035801e+04  0.000000e+00  0.000000e+00  2.730270e+05  0.000000e+00  0.000000e+00  7.836648e+12  5.008603e+12  4.062318e+12  3.705589e+12
4.988336e+00  3.647272e+04  0.000000e+00  0.000000e+00  3.280200e+05  0.000000e+00  0.000000e+00  5.393850e+12  3.485488e+12  2.930146e+12  2.727604e+12
5.036384e+00  4.373841e+04  0.000000e+00  0.000000e+00  3.933645e+05  0.000000e+00  0.000000e+00  5.374197e+12  3.469515e+12  2.918641e+12  2.718008e+12
5.084894e+00  5.235587e+04  0.000000e+00  0.000000e+00  4.708663e+05  0.000000e+00  0.000000e+00  5.403571e+12  3.485462e+12  2.931160e+12  2.729237e+12
5.133872e+00  6.255802e+04  0.000000e+00  0.000000e+00  5.626201e+05  0.000000e+00  0.000000e+00  5.393976e+12  3.470870e+12  2.920455e+12  2.720310e+12
5.183321e+00  7.461451e+04  0.000000e+00  0.000000e+00  6.710510e+05  0.000000e+00  0.000000e+00  6.969405e+12  4.406812e+12  3.610650e+12  3.315301e+12
5.233247e+00  8.883695e+04  0.000000e+00  0.000000e+00  7.989616e+05  0.000000e+00  0.000000e+00  5.443158e+12  3.492865e+12  2.938679e+12  2.737314e+12
5.283653e+00  1.055848e+05  0.000000e+00  0.000000e+00  9.495846e+05  0.000000e+00  0.000000e+00  5.483814e+12  3.502737e+12  2.946278e+12  2.744547e+12
5.334545e+00  1.252720e+05  0.000000e+00  0.000000e+00  1.126643e+06  0.000000e+00  0.000000e+00  5.477406e+12  3.504190e+12  2.951432e+12  2.751034e+12
5.385928e+00  1.483742e+05  0.000000e+00  0.000000e+00  1.334414e+06  0.000000e+00  0.000000e+00  6.771370e+12  4.541655e+12  4.031965e+12  3.857587e+12
5.437805e+00  1.754372e+05  0.000000e+00  0.000000e+00  1.577807e+06  0.000000e+00  0.000000e+00  8.435821e+12  5.401571e+12  4.363774e+12  3.971530e+12
5.490182e+00  2.070863e+05  0.000000e+00  0.000000e+00  1.862445e+06  0.000000e+00  0.000000e+00  6.275284e+12  3.943881e+12  3.270207e+12  3.023835e+12
5.543063e+00  2.440360e+05  0.000000e+00  0.000000e+00  2.194756e+06  0.000000e+00  0.000000e+00  5.473648e+12  3.479117e+12  2.929041e+12  2.729914e+12
5.596454e+00  2.871023e+05  0.000000e+00  0.000000e+00  2.582075e+06  0.000000e+00  0.000000e+00  5.986143e+12  3.763898e+12  3.134842e+12  2.905731e+12
5.650380e+00  3.372352e+05  0.000000e+00  0.000000e+00  3.032949e+06  0.000000e+00  0.000000e+00  5.829758e+12  3.669030e+12  3.064601e+12  2.844981e+12
5.704846e+00  3.955018e+05  0.000000e+00  0.000000e+00  3.556974e+06  0.000000e+00  0.000000e+00  5.716639e+12  3.599887e+12  3.013463e+12  2.800779e+12
5.759837e+00  4.630878e+05  0.000000e+00  0.000000e+00  4.164814e+06  0.000000e+00  0.000000e+00  5.634519e+12  3.548892e+12  2.975779e+12  2.768208e+12
5.815358e+00  5.413577e+05  0.000000e+00  0.000000e+00  4.868740e+06  0.000000e+00  0.000000e+00  5.744840e+12  3.605205e+12  3.015985e+12  2.802371e+12
5.871414e+00  6.318560e+05  0.000000e+00  0.000000e+00  5.682642e+06  0.000000e+00  0.000000e+00  5.714632e+12  3.583278e+12  2.999434e+12  2.787963e+12
5.928011e+00  7.363276e+05  0.000000e+00  0.000000e+00  6.622216e+06  0.000000e+00  0.000000e+00  5.529240e+12  3.478572e+12  2.923270e+12  2.722477e+12
5.985153e+00  8.567416e+05  0.000000e+00  0.000000e+00  7.705168e+06  0.000000e+00  0.000000e+00  5.640262e+12  3.526336e+12  2.955892e+12  2.749724e+12
6.042846e+00  9.953157e+05  0.000000e+00  0.000000e+00  8.951444e+06  0.000000e+00  0.000000e+00  5.501086e+12  3.453257e+12  2.903339e+12  2.704691e+12
6.101095e+00  1.154544e+06  0.000000e+00  0.000000e+00  1.038347e+07  0.000000e+00  0.000000e+00  5.676916e+12  3.541955e+12  2.966177e+12  2.757941e+12
6.159906e+00  1.337226e+06  0.000000e+00  0.000000e+00  1.202644e+07  0.000000e+00  0.000000e+00  5.670989e+12  3.533659e+12  2.959248e+12  2.751572e+12
6.219284e+00  1.546502e+06  0.000000e+00  0.000000e+00  1.390858e+07  0.000000e+00  0.000000e+00  5.772830e+12  3.570949e+12  2.983495e+12  2.771362e+12
6.279234e+00  1.785885e+06  0.000000e+00  0.000000e+00  1.606149e+07  0.000000e+00  0.000000e+00  5.656450e+12  3.516087e+12  2.944773e+12  2.738321e+12
6.339762e+00  2.059301e+06  0.000000e+00  0.000000e+00  1.852048e+07  0.000000e+00  0.000000e+00  5.652213e+12  3.510790e+12  2.941437e+12  2.735747e+12
6.400873e+00  2.371133e+06  0.000000e+00  0.000000e+00  2.132496e+07  0.000000e+00  0.000000e+00  5.654756e+12  3.506595e+12  2.936744e+12  2.730879e+12
6.462573e+00  2.726262e+06  0.000000e+00  0.000000e+00  2.451883e+07  0.000000e+00  0.000000e+00  5.669945e+12  3.511839e+12  2.942106e+12  2.736848e+12
6.524868e+00  3.130118e+06  0.000000e+00  0.000000e+00  2.815094e+07  0.000000e+00  0.000000e+00  7.630739e+12  4.631931e+12  3.755925e+12  3.434575e+12
6.587764e+00  3.588734e+06  0.000000e+00  0.000000e+00  3.227554e+07  0.000000e+00  0.000000e+00  5.635771e+12  3.480336e+12  2.912770e+12  2.707759e+12
6.651266e+00  4.108801e+06  0.000000e+00  0.000000e+00  3.695280e+07  0.000000e+00  0.000000e+00  5.618980e+12  3.468539e+12  2.902493e+12  2.698021e+12
6.715385e+00  4.697784e+06  0.000000e+00  0.000000e+00  4.224986e+07  0.000000e+00  0.000000e+00  5.568721e+12  3.433000e+12  2.874872e+12  2.673527e+12
6.780128e+00  5.363899e+06  0.000000e+00  0.000000e+00  4.824061e+07  0.000000e+00  0.000000e+00  5.537621e+12  3.410836e+12  2.856593e+12  2.656638e+12
6.845496e+00  6.116153e+06  0.000000e+00  0.000000e+00  5.500607e+07  0.000000e+00  0.000000e+00  5.515219e+12  3.394001e+12  2.842581e+12  2.643705e+12
6.911493e+00  6.964535e+06  0.000000e+00  0.000000e+00  6.263605e+07  0.000000e+00  0.000000e+00  5.726510e+12  3.484560e+12  2.903267e+12  2.693817e+12
6.978127e+00  7.920040e+06  0.000000e+00  0.000000e+00  7.122946e+07  0.000000e+00  0.000000e+00  5.472275e+12  3.361543e+12  2.815595e+12  2.618721e+12
7.045403e+00  8.994762e+06  0.000000e+00  0.000000e+00  8.089505e+07  0.000000e+00  0.000000e+00  5.463694e+12  3.358987e+12  2.816461e+12  2.620797e+12
7.113328e+00  1.020198e+07  0.000000e+00  0.000000e+00  9.175226e+07  0.000000e+00  0.000000e+00  5.479144e+12  3.366541e+12  2.822703e+12  2.626571e+12
7.181908e+00  1.155626e+07  0.000000e+00  0.000000e+00  1.039321e+08  0.000000e+00  0.000000e+00  5.600301e+12  3.459889e+12  2.894737e+12  2.688795e+12
7.251149e+00  1.307354e+07  0.000000e+00  0.000000e+00  1.175779e+08  0.000000e+00  0.000000e+00  5.656807e+12  3.443769e+12  2.870917e+12  2.663555e+12
7.321057e+00  1.477127e+07  0.000000e+00  0.000000e+00  1.328465e+08  0.000000e+00  0.000000e+00  5.907509e+12  3.574146e+12  2.966338e+12  2.745633e+12
7.391640e+00  1.666850e+07  0.000000e+00  0.000000e+00  1.499094e+08  0.000000e+00  0.000000e+00  6.352950e+12  3.809176e+12  3.139721e+12  2.895465e+12
7.462902e+00  1.878599e+07  0.000000e+00  0.000000e+00  1.689532e+08  0.000000e+00  0.000000e+00  7.116027e+12  4.224017e+12  3.453118e+12  3.170305e+12
7.534852e+00  2.114638e+07  0.000000e+00  0.000000e+00  1.901815e+08  0.000000e+00  0.000000e+00  5.685593e+13  2.909696e+13  2.119202e+13  1.830677e+13
7.607496e+00  2.377427e+07  0.000000e+00  0.000000e+00  2.138157e+08  0.000000e+00  0.000000e+00  1.484980e+13  7.639210e+12  5.802811e+12  5.144562e+12
7.680840e+00  2.669641e+07  0.000000e+00  0.000000e+00  2.400961e+08  0.000000e+00  0.000000e+00  6.548314e+12  3.892333e+12  3.191529e+12  2.935302e+12
7.754891e+00  2.994181e+07  0.000000e+00  0.000000e+00  2.692839e+08  0.000000e+00  0.000000e+00  5.913280e+12  3.548583e+12  2.935444e+12  2.712333e+12
7.829656e+00  3.354190e+07  0.000000e+00  0.000000e+00  3.016615e+08  0.000000e+00  0.000000e+00  5.559337e+12  3.357451e+12  2.792600e+12  2.587699e+12
7.905142e+00  3.753070e+07  0.000000e+00  0.000000e+00  3.375350e+08  0.000000e+00  0.000000e+00  5.369614e+12  3.254934e+12  2.716622e+12  2.521645e+12
7.981370e+00  4.194580e+07  0.000000e+00  0.000000e+00  3.772426e+08  0.000000e+00  0.000000e+00  6.050745e+12  4.129880e+12  3.570376e+12  3.349119e+12
8.058346e+00  4.682716e+07  0.000000e+00  0.000000e+00  4.211434e+08  0.000000e+00  0.000000e+00  5.138577e+12  3.122517e+12  2.613636e+12  2.429820e+12
8.136065e+00  5.221684e+07  0.000000e+00  0.000000e+00  4.696159e+08  0.000000e+00  0.000000e+00  5.478280e+12  3.247196e+12  2.689171e+12  2.488567e+12
8.214533e+00  5.816096e+07  0.000000e+00  0.000000e+00  5.230748e+08  0.000000e+00  0.000000e+00  5.076607e+12  3.056910e+12  2.550348e+12  2.367908e+12
8.293758e+00  6.470912e+07  0.000000e+00  0.000000e+00  5.819662e+08  0.000000e+00  0.000000e+00  4.993293e+12  3.033257e+12  2.534505e+12  2.353807e+12
8.373748e+00  7.191459e+07  0.000000e+00  0.000000e+00  6.467691e+08  0.000000e+00  0.000000e+00  4.893926e+12  2.953908e+12  2.468143e+12  2.293180e+12
8.454508e+00  7.983452e+07  0.000000e+00  0.000000e+00  7.179975e+08  0.000000e+00  0.000000e+00  4.862304e+12  2.927560e+12  2.444654e+12  2.270904e+12
8.536048e+00  8.853014e+07  0.000000e+00  0.000000e+00  7.962022e+08  0.000000e+00  0.000000e+00  4.808904e+12  2.896096e+12  2.419722e+12  2.248441e+12
8.618374e+00  9.806699e+07  0.000000e+00  0.000000e+00  8.819726e+08  0.000000e+00  0.000000e+00  4.779015e+12  2.876585e+12  2.403273e+12  2.233046e+12
8.701494e+00  1.085151e+08  0.000000e+00  0.000000e+00  9.759388e+08  0.000000e+00  0.000000e+00  4.801997e+12  2.894201e+12  2.419959e+12  2.249324e+12
8.785416e+00  1.199494e+08  0.000000e+00  0.000000e+00  1.078773e+09  0.000000e+00  0.000000e+00  4.808575e+12  2.952387e+12  2.503047e+12  2.342741e+12
8.870147e+00  1.324495e+08  0.000000e+00  0.000000e+00  1.191194e+09  0.000000e+00  0.000000e+00  5.261012e+12  3.426200e+12  2.913166e+12  2.718326e+12
8.955695e+00  1.461004e+08  0.000000e+00  0.000000e+00  1.313965e+09  0.000000e+00  0.000000e+00  4.702305e+12  2.815944e+12  2.348529e+12  2.180277e+12
9.042068e+00  1.609926e+08  0.000000e+00  0.000000e+00  1.447898e+09  0.000000e+00  0.000000e+00  4.679023e+12  2.793291e+12  2.325902e+12  2.157774e+12
9.129274e+00  1.772220e+08  0.000000e+00  0.000000e+00  1.593859e+09  0.000000e+00  0.000000e+00  4.604265e+12  2.746070e+12  2.287451e+12  2.122587e+12
9.217322e+00  1.948908e+08  0.000000e+00  0.000000e+00  1.752764e+09  0.000000e+00  0.000000e+00  4.604153e+12  2.738208e+12  2.279202e+12  2.114323e+12
9.306218e+00  2.141070e+08  0.000000e+00  0.000000e+00  1.925587e+09  0.000000e+00  0.000000e+00  4.588780e+12  2.873475e+12  2.460436e+12  2.311160e+12
9.395972e+00  2.349852e+08  0.000000e+00  0.000000e+00  2.113356e+09  0.000000e+00  0.000000e+00  4.534097e+12  2.701978e+12  2.250929e+12  2.088666e+12
9.486571e+00  2.576412e+08  0.000000e+00  0.000000e+00  2.317115e+09  0.000000e+00  0.000000e+00  4.533119e+12  2.796772e+12  2.378442e+12  2.226843e+12
9.578023e+00  2.822018e+08  0.000000e+00  0.000000e+00  2.538002e+09  0.000000e+00  0.000000e+00  4.605735e+12  2.921476e+12  2.508244e+12  2.354067e+12
9.670357e+00  3.088068e+08  0.000000e+00  0.000000e+00  2.777276e+09  0.000000e+00  0.000000e+00  5.078821e+12  2.926432e+12  2.400639e+12  2.211321e+12
9.763581e+00  3.375985e+08  0.000000e+00  0.000000e+00  3.036217e+09  0.000000e+00  0.000000e+00  4.733101e+12  2.816365e+12  2.336471e+12  2.161950e+12
9.857703e+00  3.687269e+08  0.000000e+00  0.000000e+00  3.316172e+09  0.000000e+00  0.000000e+00  4.964844e+12  2.970914e+12  2.460326e+12  2.272400e+12
9.952733e+00  4.023496e+08  0.000000e+00  0.000000e+00  3.618560e+09  0.000000e+00  0.000000e+00  9.216932e+12  5.261149e+12  4.202958e+12  3.806239e+12
1.004868e+01  4.386324e+08  0.000000e+00  0.000000e+00  3.944872e+09  0.000000e+00  0.000000e+00  7.902841e+12  4.778978e+12  3.862082e+12  3.511047e+12
1.014555e+01  4.777492e+08  0.000000e+00  0.000000e+00  4.296672e+09  0.000000e+00  0.000000e+00  6.957467e+12  4.241821e+12  3.484302e+12  3.193692e+12
1.024335e+01  5.198826e+08  0.000000e+00  0.000000e+00  4.675602e+09  0.000000e+00  0.000000e+00  7.121843e+13  3.630084e+13  2.716266e+13  2.377245e+13
1.034210e+01  5.652236e+08  0.000000e+00  0.000000e+00  5.083379e+09  0.000000e+00  0.000000e+00  7.049038e+12  4.611500e+12  3.978035e+12  3.738798e+12
1.044180e+01  6.139723e+08  0.000000e+00  0.000000e+00  5.521805e+09  0.000000e+00  0.000000e+00  5.818430e+12  3.594806e+12  3.008891e+12  2.789007e+12
1.054246e+01  6.663378e+08  0.000000e+00  0.000000e+00  5.992758e+09  0.000000e+00  0.000000e+00  5.506604e+12  3.618115e+12  3.056030e+12  2.834822e+12
1.064409e+01  7.225384e+08  0.000000e+00  0.000000e+00  6.498202e+09  0.000000e+00  0.000000e+00  4.997064e+12  2.903503e+12  2.379480e+12  2.187401e+12
1.074670e+01  7.828019e+08  0.000000e+00  0.000000e+00  7.040186e+09  0.000000e+00  0.000000e+00  4.318859e+12  2.554342e+12  2.110429e+12  1.947917e+12
1.085030e+01  8.473656e+08  0.000000e+00  0.000000e+00  7.620844e+09  0.000000e+00  0.000000e+00  4.167106e+12  2.452413e+12  2.024674e+12  1.868665e+12
1.095490e+01  9.164766e+08  0.000000e+00  0.000000e+00  8.242399e+09  0.000000e+00  0.000000e+00  4.424479e+12  2.799030e+12  2.350344e+12  2.178520e+12
1.106051e+01  9.903917e+08  0.000000e+00  0.000000e+00  8.907160e+09  0.000000e+00  0.000000e+00  4.733091e+12  2.933551e+12  2.463792e+12  2.285346e+12
1.116713e+01  1.069378e+09  0.000000e+00  0.000000e+00  9.617528e+09  0.000000e+00  0.000000e+00  4.163859e+12  2.444823e+12  2.013697e+12  1.855999e+12
1.127477e+01  1.153698e+09  0.000000e+00  0.000000e+00  1.037586e+10  0.000000e+00  0.000000e+00  4.378390e+12  2.685475e+12  2.250048e+12  2.087695e+12
1.138342e+01  1.243635e+09  0.000000e+00  0.000000e+00  1.118473e+10  0.000000e+00  0.000000e+00  1.368636e+13  6.885038e+12  5.149880e+12  4.527899e+12
1.149313e+01  1.339501e+09  0.000000e+00  0.000000e+00  1.204690e+10  0.000000e+00  0.000000e+00  4.669295e+12  2.854066e+12  2.395307e+12  2.224840e+12
1.160389e+01  1.441603e+09  0.000000e+00  0.000000e+00  1.296516e+10  0.000000e+00  0.000000e+00  5.404805e+12  3.981469e+12  3.465347e+12  3.243199e+12
1.171571e+01  1.550258e+09  0.000000e+00  0.000000e+00  1.394236e+10  0.000000e+00  0.000000e+00  5.422908e+12  3.671606e+12  3.114589e+12  2.887422e+12
1.182862e+01  1.665794e+09  0.000000e+00  0.000000e+00  1.498144e+10  0.000000e+00  0.000000e+00  6.046828e+12  3.633076e+12  2.966502e+12  2.710949e+12
1.194261e+01  1.788549e+09  0.000000e+00  0.000000e+00  1.608545e+10  0.000000e+00  0.000000e+00  1.935811e+13  9.901236e+12  7.397499e+12  6.483289e+12
1.205770e+01  1.918871e+09  0.000000e+00  0.000000e+00  1.725751e+10  0.000000e+00  0.000000e+00  5.122357e+13  2.684089e+13  2.018400e+13  1.769366e+13
1.217390e+01  2.057120e+09  0.000000e+00  0.000000e+00  1.850086e+10  0.000000e+00  0.000000e+00  6.468131e+12  4.285715e+12  3.673864e+12  3.431888e+12
1.229122e+01  2.203663e+09  0.000000e+00  0.000000e+00  1.981880e+10  0.000000e+00  0.000000e+00  5.607589e+12  3.580347e+12  3.007828e+12  2.783217e+12
1.240967e+01  2.358880e+09  0.000000e+00  0.000000e+00  2.121475e+10  0.000000e+00  0.000000e+00  6.077298e+12  3.753014e+12  3.118464e+12  2.871055e+12
1.252926e+01  2.523158e+09  0.000000e+00  0.000000e+00  2.269220e+10  0.000000e+00  0.000000e+00  8.754238e+12  5.354515e+12  4.370492e+12  3.985518e+12
1.265000e+01  2.696896e+09  0.000000e+00  0.000000e+00  2.425473e+10  0.000000e+00  0.000000e+00  6.413780e+12  4.531699e+12  3.914470e+12  3.652120e+12
1.277191e+01  2.880502e+09  0.000000e+00  0.000000e+00  2.590601e+10  0.000000e+00  0.000000e+00  2.677994e+13  1.758346e+13  1.431118e+13  1.295431e+13
1.289499e+01  3.074394e+09  0.000000e+00  0.000000e+00  2.764978e+10  0.000000e+00  0.000000e+00  9.465333e+12  6.636228e+12  5.700121e+12  5.298792e+12
1.301926e+01  3.278996e+09  0.000000e+00  0.000000e+00  2.948989e+10  0.000000e+00  0.000000e+00  2.490980e+13  1.869910e+13  1.579477e+13  1.449618e+13
1.314473e+01  3.494745e+09  0.000000e+00  0.000000e+00  3.143024e+10  0.000000e+00  0.000000e+00  1.161336e+13  9.098204e+12  8.082904e+12  7.604719e+12
1.327140e+01  3.722084e+09  0.000000e+00  0.000000e+00  3.347483e+10  0.000000e+00  0.000000e+00  3.799593e+13  3.236205e+13  2.807018e+13  2.597610e+13
1.340059e+01  3.963941e+09  0.000000e+00  0.000000e+00  3.564999e+10  0.000000e+00  0.000000e+00  3.773833e+13  3.604641e+13  3.252121e+13  3.057056e+13
1.353234e+01  4.221140e+09  0.000000e+00  0.000000e+00  3.796313e+10  0.000000e+00  0.000000e+00  3.846881e+13  4.199217e+13  4.026604e+13  3.893470e+13
1.360153e+01  4.360550e+09  0.000000e+00  0.000000e+00  3.921692e+10  0.000000e+00  0.000000e+00  4.434649e+12  3.964625e+12  3.689306e+12  3.557815e+12
1.366978e+01  4.500986e+09  0.000000e+00  0.000000e+00  4.047994e+10  0.000000e+00  0.000000e+00  4.483857e+12  4.085362e+12  3.806529e+12  3.667347e+12
1.380089e+01  4.779078e+09  0.000000e+00  0.000000e+00  4.298098e+10  0.000000e+00  0.000000e+00  4.073356e+12  3.762405e+12  3.522430e+12  3.400186e+12
1.393325e+01  5.071002e+09  0.000000e+00  0.000000e+00  4.560643e+10  0.000000e+00  0.000000e+00  3.837001e+12  3.566161e+12  3.343045e+12  3.228251e+12
1.406689e+01  5.377241e+09  0.000000e+00  0.000000e+00  4.836061e+10  0.000000e+00  0.000000e+00  3.759185e+12  3.479344e+12  3.252889e+12  3.137078e+12
1.420181e+01  5.698282e+09  0.000000e+00  0.000000e+00  5.124791e+10  0.000000e+00  0.000000e+00  3.678127e+12  3.413794e+12  3.186979e+12  3.070310e+12
1.433802e+01  6.034617e+09  0.000000e+00  0.000000e+00  5.427276e+10  0.000000e+00  0.000000e+00  3.682290e+12  3.403773e+12  3.165252e+12  3.043117e+12
1.447554e+01  6.386743e+09  0.000000e+00  0.000000e+00  5.743964e+10  0.000000e+00  0.000000e+00  3.699357e+12  3.390870e+12  3.138149e+12  3.010475e+12
1.461438e+01  6.755163e+09  0.000000e+00  0.000000e+00  6.075305e+10  0.000000e+00  0.000000e+00  3.734301e+12  3.395482e+12  3.126201e+12  2.991560e+12
1.475455e+01  7.140382e+09  0.000000e+00  0.000000e+00  6.421755e+10  0.000000e+00  0.000000e+00  3.778752e+12  3.410024e+12  3.122932e+12  2.980627e+12
1.489606e+01  7.542909e+09  0.000000e+00  0.000000e+00  6.783770e+10  0.000000e+00  0.000000e+00  3.821147e+12  3.412881e+12  3.109837e+12  2.961736e+12
1.503893e+01  7.963255e+09  0.000000e+00  0.000000e+00  7.161812e+10  0.000000e+00  0.000000e+00  4.132326e+12  3.574125e+12  3.202024e+12  3.027242e+12
1.518318e+01  8.401934e+09  0.000000e+00  0.000000e+00  7.556341e+10  0.000000e+00  0.000000e+00  4.070526e+12  3.482097e+12  3.115442e+12  2.943741e+12
1.532880e+01  8.859460e+09  0.000000e+00  0.000000e+00  7.967820e+10  0.000000e+00  0.000000e+00  3.978406e+12  3.437680e+12  3.074373e+12  2.902635e+12
1.547582e+01  9.336350e+09  0.000000e+00  0.000000e+00  8.396714e+10  0.000000e+00  0.000000e+00  4.100163e+12  3.485650e+12  3.092034e+12  2.908804e+12
1.562426e+01  9.833118e+09  0.000000e+00  0.000000e+00  8.843486e+10  0.000000e+00  0.000000e+00  4.223941e+12  3.538844e+12  3.117999e+12  2.924344e+12
1.577411e+01  1.035028e+10  0.000000e+00  0.000000e+00  9.308600e+10  0.000000e+00  0.000000e+00  4.460893e+12  3.661015e+12  3.194418e+12  2.982878e+12
1.592580e+01  1.088977e+10  0.000000e+00  0.000000e+00  9.793794e+10  0.000000e+00  0.000000e+00  1.937795e+13  1.245745e+13  9.746522e+12  8.653644e+12
1.607934e+01  1.145225e+10  0.000000e+00  0.000000e+00  1.029967e+11  0.000000e+00  0.000000e+00  2.582986e+13  1.511701e+13  1.152067e+13  1.012393e+13
1.623435e+01  1.203690e+10  0.000000e+00  0.000000e+00  1.082547e+11  0.000000e+00  0.000000e+00  4.824690e+12  3.997900e+12  3.457999e+12  3.208772e+12
1.639087e+01  1.264422e+10  0.000000e+00  0.000000e+00  1.137167e+11  0.000000e+00  0.000000e+00  4.506925e+12  3.635002e+12  3.124916e+12  2.896153e+12
1.654889e+01  1.327472e+10  0.000000e+00  0.000000e+00  1.193872e+11  0.000000e+00  0.000000e+00  4.446211e+12  3.568683e+12  3.057587e+12  2.829441e+12
1.670843e+01  1.392891e+10  0.000000e+00  0.000000e+00  1.252707e+11  0.000000e+00  0.000000e+00  4.288928e+12  3.371806e+12  2.873788e+12  2.655586e+12
1.686952e+01  1.460729e+10  0.000000e+00  0.000000e+00  1.313717e+11  0.000000e+00  0.000000e+00  4.246440e+12  3.320286e+12  2.819889e+12  2.601612e+12
1.703215e+01  1.531036e+10  0.000000e+00  0.000000e+00  1.376948e+11  0.000000e+00  0.000000e+00  4.385609e+12  3.401642e+12  2.872595e+12  2.642617e+12
1.719636e+01  1.603859e+10  0.000000e+00  0.000000e+00  1.442442e+11  0.000000e+00  0.000000e+00  4.279543e+12  3.283583e+12  2.762869e+12  2.538479e+12
1.736214e+01  1.679246e+10  0.000000e+00  0.000000e+00  1.510242e+11  0.000000e+00  0.000000e+00  4.283240e+12  3.282260e+12  2.753996e+12  2.526357e+12
1.752953e+01  1.757245e+10  0.000000e+00  0.000000e+00  1.580391e+11  0.000000e+00  0.000000e+00  4.464174e+12  3.501640e+12  2.940677e+12  2.693953e+12
1.769853e+01  1.837902e+10  0.000000e+00  0.000000e+00  1.652931e+11  0.000000e+00  0.000000e+00  4.329457e+12  3.272033e+12  2.724040e+12  2.489798e+12
1.786916e+01  1.921261e+10  0.000000e+00  0.000000e+00  1.727900e+11  0.000000e+00  0.000000e+00  4.353508e+12  3.250435e+12  2.691312e+12  2.454022e+12
1.804143e+01  2.007367e+10  0.000000e+00  0.000000e+00  1.805340e+11  0.000000e+00  0.000000e+00  4.291162e+12  3.121842e+12  2.566721e+12  2.335365e+12
1.821536e+01  2.096262e+10  0.000000e+00  0.000000e+00  1.885288e+11  0.000000e+00  0.000000e+00  4.296681e+12  3.092383e+12  2.530615e+12  2.297679e+12
1.839098e+01  2.187987e+10  0.000000e+00  0.000000e+00  1.967782e+11  0.000000e+00  0.000000e+00  4.368229e+12  3.116369e+12  2.537969e+12  2.299088e+12
1.856828e+01  2.282583e+10  0.000000e+00  0.000000e+00  2.052857e+11  0.000000e+00  0.000000e+00  4.345728e+12  3.051963e+12  2.472504e+12  2.235335e+12
1.874729e+01  2.380088e+10  0.000000e+00  0.000000e+00  2.140550e+11  0.000000e+00  0.000000e+00  4.325365e+12  3.010726e+12  2.430517e+12  2.194092e+12
1.892800e+01  2.480523e+10  0.000000e+00  0.000000e+00  2.230876e+11  0.000000e+00  0.000000e+00  4.334475e+12  2.983504e+12  2.397666e+12  2.160176e+12
1.911042e+01  2.583921e+10  0.000000e+00  0.000000e+00  2.323868e+11  0.000000e+00  0.000000e+00  4.489159e+12  3.097021e+12  2.481760e+12  2.231372e+12
1.929460e+01  2.690334e+10  0.000000e+00  0.000000e+00  2.419571e+11  0.000000e+00  0.000000e+00  4.453587e+12  2.988713e+12  2.378103e+12  2.133202e+12
1.948055e+01  2.799794e+10  0.000000e+00  0.000000e+00  2.518015e+11  0.000000e+00  0.000000e+00  4.663081e+12  3.105568e+12  2.459214e+12  2.200244e+12
1.966829e+01  2.912331e+10  0.000000e+00  0.000000e+00  2.619226e+11  0.000000e+00  0.000000e+00  5.918628e+12  3.837414e+12  3.001195e+12  2.667338e+12
1.985785e+01  3.027976e+10  0.000000e+00  0.000000e+00  2.723232e+11  0.000000e+00  0.000000e+00  2.589704e+13  1.314014e+13  9.526485e+12  8.194726e+12
2.004923e+01  3.146754e+10  0.000000e+00  0.000000e+00  2.830057e+11  0.000000e+00  0.000000e+00  5.521270e+12  3.522868e+12  2.739012e+12  2.429182e+12
2.024245e+01  3.268692e+10  0.000000e+00  0.000000e+00  2.939722e+11  0.000000e+00  0.000000e+00  3.396154e+13  1.595837e+13  1.134089e+13  9.681167e+12
2.043754e+01  3.393812e+10  0.000000e+00  0.000000e+00  3.052250e+11  0.000000e+00  0.000000e+00  5.041764e+12  3.110745e+12  2.400628e+12  2.124596e+12
2.063450e+01  3.522136e+10  0.000000e+00  0.000000e+00  3.167658e+11  0.000000e+00  0.000000e+00  4.663980e+12  2.903289e+12  2.244888e+12  1.988369e+12
2.083337e+01  3.653682e+10  0.000000e+00  0.000000e+00  3.285966e+11  0.000000e+00  0.000000e+00  4.438438e+12  2.754904e+12  2.129166e+12  1.885844e+12
2.103415e+01  3.788468e+10  0.000000e+00  0.000000e+00  3.407187e+11  0.000000e+00  0.000000e+00  4.445787e+12  2.765699e+12  2.136762e+12  1.891793e+12
2.123687e+01  3.926509e+10  0.000000e+00  0.000000e+00  3.531335e+11  0.000000e+00  0.000000e+00  4.940101e+12  4.573216e+12  4.281998e+12  4.116472e+12
2.144154e+01  4.067817e+10  0.000000e+00  0.000000e+00  3.658421e+11  0.000000e+00  0.000000e+00  5.700696e+12  3.461586e+12  2.635194e+12  2.314940e+12
2.164818e+01  4.212403e+10  0.000000e+00  0.000000e+00  3.788455e+11  0.000000e+00  0.000000e+00  5.180861e+12  3.447750e+12  2.675260e+12  2.363403e+12
2.185682e+01  4.360275e+10  0.000000e+00  0.000000e+00  3.921445e+11  0.000000e+00  0.000000e+00  4.239057e+12  2.531777e+12  1.928781e+12  1.697288e+12
2.206746e+01  4.511438e+10  0.000000e+00  0.000000e+00  4.057394e+11  0.000000e+00  0.000000e+00  6.452720e+12  4.332949e+12  3.341510e+12  2.939195e+12
2.228014e+01  4.665896e+10  0.000000e+00  0.000000e+00  4.196307e+11  0.000000e+00  0.000000e+00  5.539114e+12  3.683283e+12  2.839561e+12  2.498942e+12
2.249243e+01  4.821853e+10  0.000000e+00  0.000000e+00  4.336569e+11  0.000000e+00  0.000000e+00  4.383665e+12  2.536754e+12  1.911111e+12  1.673417e+12
2.270431e+01  4.979216e+10  0.000000e+00  0.000000e+00  4.478094e+11  0.000000e+00  0.000000e+00  4.084532e+12  2.355665e+12  1.777497e+12  1.558322e+12
2.291819e+01  5.139724e+10  0.000000e+00  0.000000e+00  4.622448e+11  0.000000e+00  0.000000e+00  4.254440e+12  2.428179e+12  1.827858e+12  1.601219e+12
2.313409e+01  5.303371e+10  0.000000e+00  0.000000e+00  4.769625e+11  0.000000e+00  0.000000e+00  5.284041e+12  5.182856e+12  4.982284e+12  4.842654e+12
2.335202e+01  5.470149e+10  0.000000e+00  0.000000e+00  4.919619e+11  0.000000e+00  0.000000e+00  4.448351e+12  2.508972e+12  1.883545e+12  1.648351e+12
2.357200e+01  5.640049e+10  0.000000e+00  0.000000e+00  5.072419e+11  0.000000e+00  0.000000e+00  4.554662e+12  2.545769e+12  1.907473e+12  1.668161e+12
2.379405e+01  5.813057e+10  0.000000e+00  0.000000e+00  5.228015e+11  0.000000e+00  0.000000e+00  3.409693e+13  1.631491e+13  1.214302e+13  1.066242e+13
2.401820e+01  5.989159e+10  0.000000e+00  0.000000e+00  5.386393e+11  0.000000e+00  0.000000e+00  5.433585e+12  3.687410e+12  3.153118e+12  2.950290e+12
2.424445e+01  6.168337e+10  0.000000e+00  0.000000e+00  5.547539e+11  0.000000e+00  0.000000e+00  7.409621e+12  4.758385e+12  3.929452e+12  3.621041e+12
2.447284e+01  6.350572e+10  0.000000e+00  0.000000e+00  5.711433e+11  0.000000e+00  0.000000e+00  5.180631e+12  3.577481e+12  3.122785e+12  2.960988e+12
2.470950e+01  6.540777e+10  0.000000e+00  0.000000e+00  5.882496e+11  0.000000e+00  0.000000e+00  4.079672e+13  1.773463e+13  1.259740e+13  1.081620e+13
2.495457e+01  6.739124e+10  0.000000e+00  0.000000e+00  6.060880e+11  0.000000e+00  0.000000e+00  5.157772e+12  3.387539e+12  2.822444e+12  2.609818e+12
2.520206e+01  6.940776e+10  0.000000e+00  0.000000e+00  6.242237e+11  0.000000e+00  0.000000e+00  7.006838e+12  4.003936e+12  3.190119e+12  2.895652e+12
2.545201e+01  7.145699e+10  0.000000e+00  0.000000e+00  6.426536e+11  0.000000e+00  0.000000e+00  6.689673e+12  3.993314e+12  3.182448e+12  2.883045e+12
2.570444e+01  7.353858e+10  0.000000e+00  0.000000e+00  6.613745e+11  0.000000e+00  0.000000e+00  4.360995e+12  2.725094e+12  2.249011e+12  2.073924e+12
2.595938e+01  7.565213e+10  0.000000e+00  0.000000e+00  6.803830e+11  0.000000e+00  0.000000e+00  3.858084e+12  2.453901e+12  2.035559e+12  1.881025e+12
2.621684e+01  7.779724e+10  0.000000e+00  0.000000e+00  6.996751e+11  0.000000e+00  0.000000e+00  3.817610e+12  2.393375e+12  1.970505e+12  1.814452e+12
2.647685e+01  7.997345e+10  0.000000e+00  0.000000e+00  7.192470e+11  0.000000e+00  0.000000e+00  6.256090e+12  3.511541e+12  2.732723e+12  2.448923e+12
2.673574e+01  8.214911e+10  0.000000e+00  0.000000e+00  7.388140e+11  0.000000e+00  0.000000e+00  6.003879e+12  3.557503e+12  2.779921e+12  2.489202e+12
2.699346e+01  8.432279e+10  0.000000e+00  0.000000e+00  7.583631e+11  0.000000e+00  0.000000e+00  3.732525e+12  2.229157e+12  1.794262e+12  1.634595e+12
2.725366e+01  8.652447e+10  0.000000e+00  0.000000e+00  7.781641e+11  0.000000e+00  0.000000e+00  3.777475e+12  2.218504e+12  1.770219e+12  1.605756e+12
2.751637e+01  8.875367e+10  0.000000e+00  0.000000e+00  7.982126e+11  0.000000e+00  0.000000e+00  3.968586e+12  2.285874e+12  1.803740e+12  1.626871e+12
2.778161e+01  9.100985e+10  0.000000e+00  0.000000e+00  8.185037e+11  0.000000e+00  0.000000e+00  2.731157e+13  1.222657e+13  8.618380e+12  7.351204e+12
2.804941e+01  9.329248e+10  0.000000e+00  0.000000e+00  8.390327e+11  0.000000e+00  0.000000e+00  7.473308e+12  4.188077e+12  3.158347e+12  2.774134e+12
2.831979e+01  9.560099e+10  0.000000e+00  0.000000e+00  8.597944e+11  0.000000e+00  0.000000e+00  6.617601e+12  3.872024e+12  2.943644e+12  2.591615e+12
2.859278e+01  9.793478e+10  0.000000e+00  0.000000e+00  8.807836e+11  0.000000e+00  0.000000e+00  5.417115e+12  2.804483e+12  2.103200e+12  1.850061e+12
2.886840e+01  1.002933e+11  0.000000e+00  0.000000e+00  9.019948e+11  0.000000e+00  0.000000e+00  4.578072e+12  2.590053e+12  1.974179e+12  1.744631e+12
2.914667e+01  1.026758e+11  0.000000e+00  0.000000e+00  9.234223e+11  0.000000e+00  0.000000e+00  3.934018e+12  2.056640e+12  1.557496e+12  1.377102e+12
2.942763e+01  1.050818e+11  0.000000e+00  0.000000e+00  9.450604e+11  0.000000e+00  0.000000e+00  3.748262e+12  1.991054e+12  1.508218e+12  1.332389e+12
2.971130e+01  1.075105e+11  0.000000e+00  0.000000e+00  9.669031e+11  0.000000e+00  0.000000e+00  3.870535e+13  1.604108e+13  1.102561e+13  9.296508e+12
2.999770e+01  1.099612e+11  0.000000e+00  0.000000e+00  9.889443e+11  0.000000e+00  0.000000e+00  4.052151e+12  2.092377e+12  1.560815e+12  1.368045e+12
3.028686e+01  1.124334e+11  0.000000e+00  0.000000e+00  1.011178e+12  0.000000e+00  0.000000e+00  3.413954e+12  1.735020e+12  1.294714e+12  1.136059e+12
3.057881e+01  1.149261e+11  0.000000e+00  0.000000e+00  1.033597e+12  0.000000e+00  0.000000e+00  3.089186e+12  1.594805e+12  1.193120e+12  1.047554e+12
3.087357e+01  1.174388e+11  0.000000e+00  0.000000e+00  1.056195e+12  0.000000e+00  0.000000e+00  2.763347e+12  1.420482e+12  1.062040e+12  9.324152e+11
3.117117e+01  1.199707e+11  0.000000e+00  0.000000e+00  1.078965e+12  0.000000e+00  0.000000e+00  2.596251e+12  1.318757e+12  9.827654e+11  8.616533e+11
3.147164e+01  1.225210e+11  0.000000e+00  0.000000e+00  1.101901e+12  0.000000e+00  0.000000e+00  2.571149e+12  1.295031e+12  9.603781e+11  8.398308e+11
3.177505e+01  1.250892e+11  0.000000e+00  0.000000e+00  1.124999e+12  0.000000e+00  0.000000e+00  3.232440e+12  1.517289e+12  1.101244e+12  9.538991e+11
3.208143e+01  1.276746e+11  0.000000e+00  0.000000e+00  1.148251e+12  0.000000e+00  0.000000e+00  2.531482e+12  1.250297e+12  9.187714e+11  7.996430e+11
3.239075e+01  1.302761e+11  0.000000e+00  0.000000e+00  1.171647e+12  0.000000e+00  0.000000e+00  3.953775e+12  1.940448e+12  1.401830e+12  1.207596e+12
3.270306e+01  1.328928e+11  0.000000e+00  0.000000e+00  1.195181e+12  0.000000e+00  0.000000e+00  2.550077e+12  1.244877e+12  9.082433e+11  7.872088e+11
3.301839e+01  1.355238e+11  0.000000e+00  0.000000e+00  1.218843e+12  0.000000e+00  0.000000e+00  2.859795e+12  1.404329e+12  1.020216e+12  8.814932e+11
3.333675e+01  1.381684e+11  0.000000e+00  0.000000e+00  1.242628e+12  0.000000e+00  0.000000e+00  4.427634e+12  2.074263e+12  1.480360e+12  1.268144e+12
3.365818e+01  1.408258e+11  0.000000e+00  0.000000e+00  1.266527e+12  0.000000e+00  0.000000e+00  1.393324e+13  6.443398e+12  4.521054e+12  3.835975e+12
3.398271e+01  1.434949e+11  0.000000e+00  0.000000e+00  1.290532e+12  0.000000e+00  0.000000e+00  1.138635e+13  5.337566e+12  3.762024e+12  3.197808e+12
3.431037e+01  1.461751e+11  0.000000e+00  0.000000e+00  1.314636e+12  0.000000e+00  0.000000e+00  2.400167e+13  1.001456e+13  6.876619e+12  5.789388e+12
3.464119e+01  1.488653e+11  0.000000e+00  0.000000e+00  1.338831e+12  0.000000e+00  0.000000e+00  6.103373e+12  2.927259e+12  2.084954e+12  1.781043e+12
3.497520e+01  1.515648e+11  0.000000e+00  0.000000e+00  1.363109e+12  0.000000e+00  0.000000e+00  1.518997e+13  6.802230e+12  4.836043e+12  4.147571e+12
3.531243e+01  1.542726e+11  0.000000e+00  0.000000e+00  1.387462e+12  0.000000e+00  0.000000e+00  8.035931e+12  4.200837e+12  3.104246e+12  2.703677e+12
3.565291e+01  1.569878e+11  0.000000e+00  0.000000e+00  1.411881e+12  0.000000e+00  0.000000e+00  9.151406e+12  4.510133e+12  3.280867e+12  2.839164e+12
3.599667e+01  1.597095e+11  0.000000e+00  0.000000e+00  1.436359e+12  0.000000e+00  0.000000e+00  3.652534e+12  1.958753e+12  1.495148e+12  1.325642e+12
3.634375e+01  1.624369e+11  0.000000e+00  0.000000e+00  1.460888e+12  0.000000e+00  0.000000e+00  3.881163e+12  2.166783e+12  1.657291e+12  1.466209e+12
3.669418e+01  1.651690e+11  0.000000e+00  0.000000e+00  1.485460e+12  0.000000e+00  0.000000e+00  4.569236e+12  2.279215e+12  1.687754e+12  1.474964e+12
3.704798e+01  1.679049e+11  0.000000e+00  0.000000e+00  1.510065e+12  0.000000e+00  0.000000e+00  2.478931e+13  1.003616e+13  6.892653e+12  5.815622e+12
3.740520e+01  1.706438e+11  0.000000e+00  0.000000e+00  1.534697e+12  0.000000e+00  0.000000e+00  2.347772e+12  1.179574e+12  8.975179e+11  7.962810e+11
3.776582e+01  1.733843e+11  0.000000e+00  0.000000e+00  1.559344e+12  0.000000e+00  0.000000e+00  2.437919e+12  1.177705e+12  8.832626e+11  7.786554e+11
3.812988e+01  1.761256e+11  0.000000e+00  0.000000e+00  1.583998e+12  0.000000e+00  0.000000e+00  2.030759e+12  1.001625e+12  7.562892e+11  6.684928e+11
3.849745e+01  1.788670e+11  0.000000e+00  0.000000e+00  1.608654e+12  0.000000e+00  0.000000e+00  5.599441e+12  2.547161e+12  1.814488e+12  1.555989e+12
3.886856e+01  1.816078e+11  0.000000e+00  0.000000e+00  1.633303e+12  0.000000e+00  0.000000e+00  4.564431e+12  2.087934e+12  1.493886e+12  1.283784e+12
3.924326e+01  1.843468e+11  0.000000e+00  0.000000e+00  1.657936e+12  0.000000e+00  0.000000e+00  3.010659e+12  1.434991e+12  1.044707e+12  9.047872e+11
3.962156e+01  1.870833e+11  0.000000e+00  0.000000e+00  1.682547e+12  0.000000e+00  0.000000e+00  5.662922e+12  2.596662e+12  1.843299e+12  1.575763e+12
4.000351e+01  1.898163e+11  0.000000e+00  0.000000e+00  1.707126e+12  0.000000e+00  0.000000e+00  4.632491e+12  2.115281e+12  1.508406e+12  1.292510e+12
4.038914e+01  1.925449e+11  0.000000e+00  0.000000e+00  1.731666e+12  0.000000e+00  0.000000e+00  3.990179e+12  1.884138e+12  1.357625e+12  1.167831e+12
4.077849e+01  1.952682e+11  0.000000e+00  0.000000e+00  1.756158e+12  0.000000e+00  0.000000e+00  6.883469e+13  2.911401e+13  1.999410e+13  1.682249e+13
4.117159e+01  1.979853e+11  0.000000e+00  0.000000e+00  1.780595e+12  0.000000e+00  0.000000e+00  4.524791e+12  2.093480e+12  1.497454e+12  1.283669e+12
4.156849e+01  2.006954e+11  0.000000e+00  0.000000e+00  1.804969e+12  0.000000e+00  0.000000e+00  4.840796e+12  2.169185e+12  1.533536e+12  1.308195e+12
4.196921e+01  2.033975e+11  0.000000e+00  0.000000e+00  1.829270e+12  0.000000e+00  0.000000e+00  2.374531e+12  1.147537e+12  8.313639e+11  7.165451e+11
4.237379e+01  2.060908e+11  0.000000e+00  0.000000e+00  1.853493e+12  0.000000e+00  0.000000e+00  4.819379e+12  2.109438e+12  1.476520e+12  1.253907e+12
4.278227e+01  2.087744e+11  0.000000e+00  0.000000e+00  1.877628e+12  0.000000e+00  0.000000e+00  4.866073e+12  2.139181e+12  1.495100e+12  1.268464e+12
4.319469e+01  2.114475e+11  0.000000e+00  0.000000e+00  1.901668e+12  0.000000e+00  0.000000e+00  2.274156e+12  1.058543e+12  7.555690e+11  6.468766e+11
4.361108e+01  2.141091e+11  0.000000e+00  0.000000e+00  1.925606e+12  0.000000e+00  0.000000e+00  1.198843e+13  4.660165e+12  3.157861e+12  2.646946e+12
4.403149e+01  2.167585e+11  0.000000e+00  0.000000e+00  1.949434e+12  0.000000e+00  0.000000e+00  1.810599e+12  8.304077e+11  5.912293e+11  5.057029e+11
4.445595e+01  2.193949e+11  0.000000e+00  0.000000e+00  1.973144e+12  0.000000e+00  0.000000e+00  1.348083e+12  6.230869e+11  4.457155e+11  3.820689e+11
4.488309e+01  2.220087e+11  0.000000e+00  0.000000e+00  1.996651e+12  0.000000e+00  0.000000e+00  1.698288e+12  8.135706e+11  5.851426e+11  5.019880e+11
4.531291e+01  2.245993e+11  0.000000e+00  0.000000e+00  2.019950e+12  0.000000e+00  0.000000e+00  3.500135e+12  1.460184e+12  1.005798e+12  8.481291e+11
4.574685e+01  2.271747e+11  0.000000e+00  0.000000e+00  2.043112e+12  0.000000e+00  0.000000e+00  3.383725e+12  1.423684e+12  9.815474e+11  8.277544e+11
4.618494e+01  2.297340e+11  0.000000e+00  0.000000e+00  2.066129e+12  0.000000e+00  0.000000e+00  1.404502e+12  6.403397e+11  4.516727e+11  3.843028e+11
4.662723e+01  2.322764e+11  0.000000e+00  0.000000e+00  2.088995e+12  0.000000e+00  0.000000e+00  4.678953e+12  1.917511e+12  1.312190e+12  1.103166e+12
4.707375e+01  2.348012e+11  0.000000e+00  0.000000e+00  2.111702e+12  0.000000e+00  0.000000e+00  1.989091e+12  8.937189e+11  6.256501e+11  5.303725e+11
4.752455e+01  2.373076e+11  0.000000e+00  0.000000e+00  2.134243e+12  0.000000e+00  0.000000e+00  3.041729e+12  1.403881e+12  9.993050e+11  8.553793e+11
4.797967e+01  2.397950e+11  0.000000e+00  0.000000e+00  2.156614e+12  0.000000e+00  0.000000e+00  6.634176e+12  2.974606e+12  2.083081e+12  1.768370e+12
4.843914e+01  2.422625e+11  0.000000e+00  0.000000e+00  2.178806e+12  0.000000e+00  0.000000e+00  4.655995e+13  2.089613e+13  1.450737e+13  1.224970e+13
4.890302e+01  2.447096e+11  0.000000e+00  0.000000e+00  2.200813e+12  0.000000e+00  0.000000e+00  2.857695e+12  1.362878e+12  9.745615e+11  8.349789e+11
4.937134e+01  2.471354e+11  0.000000e+00  0.000000e+00  2.222630e+12  0.000000e+00  0.000000e+00  4.402353e+12  1.915877e+12  1.334725e+12  1.131163e+12
4.983811e+01  2.495090e+11  0.000000e+00  0.000000e+00  2.243977e+12  0.000000e+00  0.000000e+00  3.211072e+12  1.532898e+12  1.088993e+12  9.283114e+11
5.030327e+01  2.518308e+11  0.000000e+00  0.000000e+00  2.264859e+12  0.000000e+00  0.000000e+00  3.166825e+12  1.473877e+12  1.043377e+12  8.885272e+11
5.077277e+01  2.541307e+11  0.000000e+00  0.000000e+00  2.285543e+12  0.000000e+00  0.000000e+00  3.250751e+12  1.517088e+12  1.076806e+12  9.178348e+11
5.124665e+01  2.564079e+11  0.000000e+00  0.000000e+00  2.306023e+12  0.000000e+00  0.000000e+00  3.353750e+13  1.608662e+13  1.130733e+13  9.584825e+12
5.172495e+01  2.586620e+11  0.000000e+00  0.000000e+00  2.326295e+12  0.000000e+00  0.000000e+00  4.201512e+12  1.997894e+12  1.420239e+12  1.210703e+12
5.220772e+01  2.608923e+11  0.000000e+00  0.000000e+00  2.346354e+12  0.000000e+00  0.000000e+00  2.136233e+13  1.033539e+13  7.282093e+12  6.178322e+12
5.260930e+01  2.627137e+11  0.000000e+00  0.000000e+00  2.362735e+12  0.000000e+00  0.000000e+00  3.972287e+12  2.057757e+12  1.531611e+12  1.337495e+12
5.292843e+01  2.641394e+11  0.000000e+00  0.000000e+00  2.375557e+12  0.000000e+00  0.000000e+00  2.578918e+13  1.363375e+13  9.836346e+12  8.425148e+12
5.330826e+01  2.658114e+11  0.000000e+00  0.000000e+00  2.390594e+12  0.000000e+00  0.000000e+00  1.424617e+13  7.601336e+12  5.517858e+12  4.741585e+12
5.374966e+01  2.677207e+11  0.000000e+00  0.000000e+00  2.407766e+12  0.000000e+00  0.000000e+00  2.105579e+13  1.124062e+13  8.125371e+12  6.964655e+12
5.419472e+01  2.696097e+11  0.000000e+00  0.000000e+00  2.424754e+12  0.000000e+00  0.000000e+00  1.319066e+13  6.986740e+12  5.051982e+12  4.332771e+12
5.468790e+01  2.716610e+11  0.000000e+00  0.000000e+00  2.443203e+12  0.000000e+00  0.000000e+00  8.547210e+12  7.746209e+12  7.502217e+12  7.412569e+12
5.523007e+01  2.738658e+11  0.000000e+00  0.000000e+00  2.463032e+12  0.000000e+00  0.000000e+00  8.069444e+12  7.404007e+12  7.198012e+12  7.122115e+12
5.577760e+01  2.760398e+11  0.000000e+00  0.000000e+00  2.482584e+12  0.000000e+00  0.000000e+00  8.458786e+12  7.475234e+12  7.180875e+12  7.073140e+12
5.633057e+01  2.781825e+11  0.000000e+00  0.000000e+00  2.501855e+12  0.000000e+00  0.000000e+00  1.020285e+13  7.964371e+12  7.411101e+12  7.215722e+12
5.688901e+01  2.802935e+11  0.000000e+00  0.000000e+00  2.520840e+12  0.000000e+00  0.000000e+00  8.174985e+12  7.007738e+12  6.683844e+12  6.566902e+12
5.745299e+01  2.823721e+11  0.000000e+00  0.000000e+00  2.539534e+12  0.000000e+00  0.000000e+00  7.308874e+12  6.385801e+12  6.126079e+12  6.032084e+12
5.802257e+01  2.844180e+11  0.000000e+00  0.000000e+00  2.557934e+12  0.000000e+00  0.000000e+00  6.801187e+12  6.002888e+12  5.775823e+12  5.693511e+12
5.859779e+01  2.864306e+11  0.000000e+00  0.000000e+00  2.576035e+12  0.000000e+00  0.000000e+00  7.414875e+12  6.117544e+12  5.784539e+12  5.666128e+12
5.917871e+01  2.884096e+11  0.000000e+00  0.000000e+00  2.593833e+12  0.000000e+00  0.000000e+00  6.569057e+12  5.630350e+12  5.377219e+12  5.286358e+12
5.976539e+01  2.903545e+11  0.000000e+00  0.000000e+00  2.611324e+12  0.000000e+00  0.000000e+00  5.865763e+12  5.225160e+12  5.047374e+12  4.983192e+12
6.035789e+01  2.922649e+11  0.000000e+00  0.000000e+00  2.628506e+12  0.000000e+00  0.000000e+00  6.027338e+12  5.286966e+12  5.083046e+12  5.009556e+12
6.095626e+01  2.941405e+11  0.000000e+00  0.000000e+00  2.645374e+12  0.000000e+00  0.000000e+00  6.463450e+12  5.248268e+12  4.935852e+12  4.824821e+12
6.156056e+01  2.959808e+11  0.000000e+00  0.000000e+00  2.661925e+12  0.000000e+00  0.000000e+00  5.858255e+12  4.957355e+12  4.720511e+12  4.635952e+12
6.217086e+01  2.977855e+11  0.000000e+00  0.000000e+00  2.678156e+12  0.000000e+00  0.000000e+00  5.754728e+12  4.704909e+12  4.437372e+12  4.342462e+12
6.278720e+01  2.995544e+11  0.000000e+00  0.000000e+00  2.694064e+12  0.000000e+00  0.000000e+00  4.908385e+12  4.219265e+12  4.038968e+12  3.974629e+12
6.340101e+01  3.012633e+11  0.000000e+00  0.000000e+00  2.709433e+12  0.000000e+00  0.000000e+00  4.893231e+12  4.126752e+12  3.928881e+12  3.858482e+12
6.401216e+01  3.029137e+11  0.000000e+00  0.000000e+00  2.724277e+12  0.000000e+00  0.000000e+00  4.968372e+12  4.135048e+12  3.928079e+12  3.854977e+12
6.462920e+01  3.045294e+11  0.000000e+00  0.000000e+00  2.738808e+12  0.000000e+00  0.000000e+00  4.560981e+12  3.797408e+12  3.605527e+12  3.537622e+12
6.525219e+01  3.061102e+11  0.000000e+00  0.000000e+00  2.753024e+12  0.000000e+00  0.000000e+00  5.216076e+12  4.054865e+12  3.763884e+12  3.661072e+12
6.588119e+01  3.076557e+11  0.000000e+00  0.000000e+00  2.766924e+12  0.000000e+00  0.000000e+00  4.578392e+12  3.657474e+12  3.435333e+12  3.357367e+12
6.651625e+01  3.091658e+11  0.000000e+00  0.000000e+00  2.780505e+12  0.000000e+00  0.000000e+00  4.056199e+12  3.413464e+12  3.254071e+12  3.197796e+12
6.715743e+01  3.106403e+11  0.000000e+00  0.000000e+00  2.793767e+12  0.000000e+00  0.000000e+00  4.084470e+12  3.389321e+12  3.216817e+12  3.155923e+12
6.780479e+01  3.120791e+11  0.000000e+00  0.000000e+00  2.806707e+12  0.000000e+00  0.000000e+00  5.983282e+12  5.086116e+12  4.862210e+12  4.783081e+12
6.845840e+01  3.134821e+11  0.000000e+00  0.000000e+00  2.819324e+12  0.000000e+00  0.000000e+00  3.728342e+12  3.045015e+12  2.879183e+12  2.820898e+12
6.911830e+01  3.148489e+11  0.000000e+00  0.000000e+00  2.831617e+12  0.000000e+00  0.000000e+00  3.350181e+12  2.736975e+12  2.588536e+12  2.536391e+12
6.978456e+01  3.161797e+11  0.000000e+00  0.000000e+00  2.843585e+12  0.000000e+00  0.000000e+00  3.187172e+12  2.583374e+12  2.438565e+12  2.387797e+12
7.045725e+01  3.174741e+11  0.000000e+00  0.000000e+00  2.855227e+12  0.000000e+00  0.000000e+00  3.065772e+12  2.488942e+12  2.350607e+12  2.302108e+12
7.113642e+01  3.187323e+11  0.000000e+00  0.000000e+00  2.866542e+12  0.000000e+00  0.000000e+00  3.203021e+12  2.754190e+12  2.646163e+12  2.608213e+12
7.182214e+01  3.199540e+11  0.000000e+00  0.000000e+00  2.877529e+12  0.000000e+00  0.000000e+00  2.785845e+12  2.253390e+12  2.127341e+12  2.083257e+12
7.251447e+01  3.211392e+11  0.000000e+00  0.000000e+00  2.888189e+12  0.000000e+00  0.000000e+00  2.916886e+12  2.221286e+12  2.059638e+12  2.003372e+12
7.321347e+01  3.222879e+11  0.000000e+00  0.000000e+00  2.898520e+12  0.000000e+00  0.000000e+00  2.523505e+12  1.995525e+12  1.872660e+12  1.829868e+12
7.391921e+01  3.234001e+11  0.000000e+00  0.000000e+00  2.908522e+12  0.000000e+00  0.000000e+00  2.516694e+12  2.008215e+12  1.890343e+12  1.849300e+12
7.463175e+01  3.244757e+11  0.000000e+00  0.000000e+00  2.918196e+12  0.000000e+00  0.000000e+00  2.496961e+12  2.013331e+12  1.900442e+12  1.861068e+12
7.535120e+01  3.255148e+11  0.000000e+00  0.000000e+00  2.927541e+12  0.000000e+00  0.000000e+00  2.384703e+12  1.841287e+12  1.716288e+12  1.672850e+12
7.607764e+01  3.265173e+11  0.000000e+00  0.000000e+00  2.936558e+12  0.000000e+00  0.000000e+00  2.247284e+12  1.749379e+12  1.634200e+12  1.594128e+12
7.681109e+01  3.274834e+11  0.000000e+00  0.000000e+00  2.945246e+12  0.000000e+00  0.000000e+00  2.300928e+12  1.827026e+12  1.718206e+12  1.680379e+12
7.755160e+01  3.284129e+11  0.000000e+00  0.000000e+00  2.953605e+12  0.000000e+00  0.000000e+00  2.054443e+12  1.597436e+12  1.492310e+12  1.455775e+12
7.829925e+01  3.293060e+11  0.000000e+00  0.000000e+00  2.961637e+12  0.000000e+00  0.000000e+00  2.089426e+12  1.623253e+12  1.516623e+12  1.479609e+12
7.905411e+01  3.301626e+11  0.000000e+00  0.000000e+00  2.969341e+12  0.000000e+00  0.000000e+00  1.891391e+12  1.470953e+12  1.374967e+12  1.341657e+12
7.981625e+01  3.309829e+11  0.000000e+00  0.000000e+00  2.976719e+12  0.000000e+00  0.000000e+00  1.908500e+12  1.439311e+12  1.333186e+12  1.296443e+12
8.058574e+01  3.317670e+11  0.000000e+00  0.000000e+00  2.983771e+12  0.000000e+00  0.000000e+00  1.742942e+12  1.357508e+12  1.270232e+12  1.239982e+12
8.136264e+01  3.325150e+11  0.000000e+00  0.000000e+00  2.990498e+12  0.000000e+00  0.000000e+00  1.610961e+12  1.231514e+12  1.145886e+12  1.116245e+12
8.214704e+01  3.332269e+11  0.000000e+00  0.000000e+00  2.996901e+12  0.000000e+00  0.000000e+00  1.592060e+12  1.220261e+12  1.136717e+12  1.107824e+12
8.293899e+01  3.339030e+11  0.000000e+00  0.000000e+00  3.002981e+12  0.000000e+00  0.000000e+00  1.475776e+12  1.116769e+12  1.036306e+12  1.008481e+12
8.373858e+01  3.345432e+11  0.000000e+00  0.000000e+00  3.008739e+12  0.000000e+00  0.000000e+00  1.433967e+12  1.106640e+12  1.033528e+12  1.008254e+12
8.454588e+01  3.351479e+11  0.000000e+00  0.000000e+00  3.014177e+12  0.000000e+00  0.000000e+00  1.367448e+12  1.047706e+12  9.765239e+11  9.519314e+11
8.536096e+01  3.357170e+11  0.000000e+00  0.000000e+00  3.019295e+12  0.000000e+00  0.000000e+00  1.296441e+12  9.842066e+11  9.149676e+11  8.910729e+11
8.618391e+01  3.362509e+11  0.000000e+00  0.000000e+00  3.024097e+12  0.000000e+00  0.000000e+00  1.293132e+12  9.726327e+11  9.020081e+11  8.776657e+11
8.701478e+01  3.367496e+11  0.000000e+00  0.000000e+00  3.028582e+12  0.000000e+00  0.000000e+00  1.241059e+12  9.392844e+11  8.725281e+11  8.494952e+11
8.785366e+01  3.372134e+11  0.000000e+00  0.000000e+00  3.032753e+12  0.000000e+00  0.000000e+00  1.202011e+12  9.216760e+11  8.601903e+11  8.390190e+11
8.870064e+01  3.376424e+11  0.000000e+00  0.000000e+00  3.036612e+12  0.000000e+00  0.000000e+00  1.163051e+12  9.045218e+11  8.477503e+11  8.281805e+11
8.955575e+01  3.380369e+11  0.000000e+00  0.000000e+00  3.040159e+12  0.000000e+00  0.000000e+00  1.149875e+12  9.011928e+11  8.466857e+11  8.279051e+11
9.041909e+01  3.383970e+11  0.000000e+00  0.000000e+00  3.043398e+12  0.000000e+00  0.000000e+00  1.171794e+12  9.284510e+11  8.751149e+11  8.567370e+11
9.129076e+01  3.387230e+11  0.000000e+00  0.000000e+00  3.046330e+12  0.000000e+00  0.000000e+00  1.664593e+12  1.334726e+12  1.259227e+12  1.232965e+12
9.217082e+01  3.390152e+11  0.000000e+00  0.000000e+00  3.048957e+12  0.000000e+00  0.000000e+00  2.205711e+12  1.929452e+12  1.867520e+12  1.845977e+12
9.305937e+01  3.392737e+11  0.000000e+00  0.000000e+00  3.051282e+12  0.000000e+00  0.000000e+00  2.158300e+12  1.702267e+12  1.599788e+12  1.564287e+12
9.395649e+01  3.394988e+11  0.000000e+00  0.000000e+00  3.053307e+12  0.000000e+00  0.000000e+00  1.130664e+12  9.164577e+11  8.697506e+11  8.536490e+11
9.486225e+01  3.396907e+11  0.000000e+00  0.000000e+00  3.055033e+12  0.000000e+00  0.000000e+00  1.287453e+12  1.125615e+12  1.090253e+12  1.078007e+12
9.577675e+01  3.398498e+11  0.000000e+00  0.000000e+00  3.056464e+12  0.000000e+00  0.000000e+00  1.164538e+12  9.467403e+11  8.994463e+11  8.831459e+11
9.670006e+01  3.399763e+11  0.000000e+00  0.000000e+00  3.057601e+12  0.000000e+00  0.000000e+00  4.580282e+12  3.785439e+12  3.593968e+12  3.526670e+12
9.763228e+01  3.400704e+11  0.000000e+00  0.000000e+00  3.058448e+12  0.000000e+00  0.000000e+00  1.234637e+12  9.502007e+11  8.885094e+11  8.672895e+11
9.857348e+01  3.401325e+11  0.000000e+00  0.000000e+00  3.059006e+12  0.000000e+00  0.000000e+00  1.105447e+12  8.418662e+11  7.849006e+11  7.653223e+11
9.952375e+01  3.401628e+11  0.000000e+00  0.000000e+00  3.059279e+12  0.000000e+00  0.000000e+00  1.070035e+12  8.064666e+11  7.495995e+11  7.300621e+11
1.004832e+02  3.401617e+11  0.000000e+00  0.000000e+00  3.059269e+12  0.000000e+00  0.000000e+00  9.788077e+11  7.450114e+11  6.946931e+11  6.774131e+11
1.014519e+02  3.401293e+11  0.000000e+00  0.000000e+00  3.058978e+12  0.000000e+00  0.000000e+00  1.066244e+12  8.550750e+11  8.096590e+11  7.940344e+11
1.024299e+02  3.400662e+11  0.000000e+00  0.000000e+00  3.058410e+12  0.000000e+00  0.000000e+00  1.567858e+12  1.354497e+12  1.307752e+12  1.291544e+12
1.034173e+02  3.399724e+11  0.000000e+00  0.000000e+00  3.057567e+12  0.000000e+00  0.000000e+00  1.962898e+12  1.610520e+12  1.529568e+12  1.501331e+12
1.044143e+02  3.398485e+11  0.000000e+00  0.000000e+00  3.056452e+12  0.000000e+00  0.000000e+00  9.096892e+11  7.109054e+11  6.683100e+11  6.536763e+11
1.054209e+02  3.396946e+11  0.000000e+00  0.000000e+00  3.055068e+12  0.000000e+00  0.000000e+00  8.573691e+11  6.716164e+11  6.318615e+11  6.182032e+11
1.064372e+02  3.395111e+11  0.000000e+00  0.000000e+00  3.053418e+12  0.000000e+00  0.000000e+00  9.157928e+11  7.663403e+11  7.343558e+11  7.233260e+11
1.074632e+02  3.392984e+11  0.000000e+00  0.000000e+00  3.051505e+12  0.000000e+00  0.000000e+00  7.958132e+11  6.356581e+11  6.014788e+11  5.897258e+11
1.084991e+02  3.390568e+11  0.000000e+00  0.000000e+00  3.049332e+12  0.000000e+00  0.000000e+00  1.335616e+12  1.120814e+12  1.074595e+12  1.058631e+12
1.095450e+02  3.387865e+11  0.000000e+00  0.000000e+00  3.046901e+12  0.000000e+00  0.000000e+00  7.306035e+11  5.835304e+11  5.522162e+11  5.414504e+11
1.106010e+02  3.384881e+11  0.000000e+00  0.000000e+00  3.044217e+12  0.000000e+00  0.000000e+00  7.485488e+11  5.980238e+11  5.659157e+11  5.548677e+11
1.116672e+02  3.381618e+11  0.000000e+00  0.000000e+00  3.041282e+12  0.000000e+00  0.000000e+00  8.411649e+11  6.986864e+11  6.683177e+11  6.578438e+11
1.127437e+02  3.378079e+11  0.000000e+00  0.000000e+00  3.038100e+12  0.000000e+00  0.000000e+00  7.483246e+11  6.177151e+11  5.898759e+11  5.802780e+11
1.138305e+02  3.374268e+11  0.000000e+00  0.000000e+00  3.034672e+12  0.000000e+00  0.000000e+00  6.641697e+11  5.291496e+11  5.005944e+11  4.907805e+11
1.149278e+02  3.370189e+11  0.000000e+00  0.000000e+00  3.031004e+12  0.000000e+00  0.000000e+00  6.440134e+11  5.231057e+11  4.975997e+11  4.888274e+11
1.160357e+02  3.365845e+11  0.000000e+00  0.000000e+00  3.027097e+12  0.000000e+00  0.000000e+00  6.994213e+11  5.989205e+11  5.774451e+11  5.700107e+11
1.171543e+02  3.361240e+11  0.000000e+00  0.000000e+00  3.022956e+12  0.000000e+00  0.000000e+00  6.961334e+11  5.745107e+11  5.486232e+11  5.396914e+11
1.182837e+02  3.356378e+11  0.000000e+00  0.000000e+00  3.018583e+12  0.000000e+00  0.000000e+00  7.770933e+11  6.850832e+11  6.653076e+11  6.584205e+11
1.194239e+02  3.351261e+11  0.000000e+00  0.000000e+00  3.013981e+12  0.000000e+00  0.000000e+00  8.794827e+11  7.719373e+11  7.488187e+11  7.407648e+11
1.205751e+02  3.345895e+11  0.000000e+00  0.000000e+00  3.009155e+12  0.000000e+00  0.000000e+00  5.329283e+12  2.737634e+12  2.190364e+12  2.003779e+12
1.217375e+02  3.340282e+11  0.000000e+00  0.000000e+00  3.004107e+12  0.000000e+00  0.000000e+00  9.558100e+11  8.514331e+11  8.288393e+11  8.209283e+11
1.229110e+02  3.334426e+11  0.000000e+00  0.000000e+00  2.998840e+12  0.000000e+00  0.000000e+00  1.370701e+12  1.290667e+12  1.272384e+12  1.265775e+12
1.240958e+02  3.328331e+11  0.000000e+00  0.000000e+00  2.993359e+12  0.000000e+00  0.000000e+00  1.622705e+12  1.522789e+12  1.499222e+12  1.490672e+12
1.252921e+02  3.322000e+11  0.000000e+00  0.000000e+00  2.987665e+12  0.000000e+00  0.000000e+00  1.632048e+12  1.499005e+12  1.468912e+12  1.458174e+12
1.264999e+02  3.315438e+11  0.000000e+00  0.000000e+00  2.981764e+12  0.000000e+00  0.000000e+00  1.389082e+12  1.324823e+12  1.309840e+12  1.304309e+12
1.277194e+02  3.308648e+11  0.000000e+00  0.000000e+00  2.975657e+12  0.000000e+00  0.000000e+00  1.405261e+12  1.335469e+12  1.319092e+12  1.313062e+12
1.289507e+02  3.301634e+11  0.000000e+00  0.000000e+00  2.969348e+12  0.000000e+00  0.000000e+00  2.525510e+12  2.313208e+12  2.261090e+12  2.242251e+12
1.301938e+02  3.294399e+11  0.000000e+00  0.000000e+00  2.962842e+12  0.000000e+00  0.000000e+00  1.167353e+12  1.094121e+12  1.077482e+12  1.071439e+12
1.314489e+02  3.286947e+11  0.000000e+00  0.000000e+00  2.956140e+12  0.000000e+00  0.000000e+00  1.062288e+12  9.852037e+11  9.680120e+11  9.618329e+11
1.327161e+02  3.279283e+11  0.000000e+00  0.000000e+00  2.949247e+12  0.000000e+00  0.000000e+00  9.709052e+11  9.074082e+11  8.930340e+11  8.878221e+11
1.339956e+02  3.271409e+11  0.000000e+00  0.000000e+00  2.942166e+12  0.000000e+00  0.000000e+00  8.952277e+11  8.340955e+11  8.202999e+11  8.153030e+11
1.352873e+02  3.263330e+11  0.000000e+00  0.000000e+00  2.934900e+12  0.000000e+00  0.000000e+00  8.282547e+11  7.681237e+11  7.546126e+11  7.497309e+11
1.365915e+02  3.255049e+11  0.000000e+00  0.000000e+00  2.927452e+12  0.000000e+00  0.000000e+00  1.125767e+12  1.026371e+12  1.003015e+12  9.945958e+11
1.379083e+02  3.246571e+11  0.000000e+00  0.000000e+00  2.919827e+12  0.000000e+00  0.000000e+00  4.879472e+11  3.367120e+11  3.018566e+11  2.896803e+11
1.392378e+02  3.237898e+11  0.000000e+00  0.000000e+00  2.912027e+12  0.000000e+00  0.000000e+00  5.071718e+11  3.389733e+11  2.994557e+11  2.856099e+11
1.405801e+02  3.229035e+11  0.000000e+00  0.000000e+00  2.904056e+12  0.000000e+00  0.000000e+00  5.030046e+11  3.281353e+11  2.876678e+11  2.735382e+11
1.419353e+02  3.219985e+11  0.000000e+00  0.000000e+00  2.895917e+12  0.000000e+00  0.000000e+00  3.731085e+11  2.499007e+11  2.217005e+11  2.118658e+11
1.433036e+02  3.210752e+11  0.000000e+00  0.000000e+00  2.887613e+12  0.000000e+00  0.000000e+00  6.811640e+11  4.291634e+11  3.663048e+11  3.440489e+11
1.446851e+02  3.201340e+11  0.000000e+00  0.000000e+00  2.879148e+12  0.000000e+00  0.000000e+00  5.691991e+11  3.587608e+11  3.069441e+11  2.886385e+11
1.460799e+02  3.191752e+11  0.000000e+00  0.000000e+00  2.870525e+12  0.000000e+00  0.000000e+00  3.190916e+11  2.071520e+11  1.816712e+11  1.727982e+11
1.474882e+02  3.181992e+11  0.000000e+00  0.000000e+00  2.861748e+12  0.000000e+00  0.000000e+00  3.807759e+11  2.421686e+11  2.095168e+11  1.980763e+11
1.489100e+02  3.172064e+11  0.000000e+00  0.000000e+00  2.852819e+12  0.000000e+00  0.000000e+00  3.827652e+11  2.370090e+11  2.037357e+11  1.921534e+11
1.503456e+02  3.161971e+11  0.000000e+00  0.000000e+00  2.843742e+12  0.000000e+00  0.000000e+00  2.949031e+11  1.875567e+11  1.631896e+11  1.547126e+11
1.517949e+02  3.151717e+11  0.000000e+00  0.000000e+00  2.834520e+12  0.000000e+00  0.000000e+00  8.933909e+11  5.357698e+11  4.477202e+11  4.166459e+11
1.532583e+02  3.141306e+11  0.000000e+00  0.000000e+00  2.825157e+12  0.000000e+00  0.000000e+00  2.975282e+11  1.842106e+11  1.587642e+11  1.499334e+11
1.547358e+02  3.130741e+11  0.000000e+00  0.000000e+00  2.815655e+12  0.000000e+00  0.000000e+00  3.746375e+11  2.265885e+11  1.929280e+11  1.812212e+11
1.562275e+02  3.120026e+11  0.000000e+00  0.000000e+00  2.806018e+12  0.000000e+00  0.000000e+00  3.129035e+11  1.935524e+11  1.664704e+11  1.570522e+11
1.577336e+02  3.109164e+11  0.000000e+00  0.000000e+00  2.796249e+12  0.000000e+00  0.000000e+00  8.852960e+11  5.022572e+11  4.143361e+11  3.837467e+11
1.592542e+02  3.098159e+11  0.000000e+00  0.000000e+00  2.786352e+12  0.000000e+00  0.000000e+00  7.601036e+11  4.377544e+11  3.638647e+11  3.381499e+11
1.607895e+02  3.087015e+11  0.000000e+00  0.000000e+00  2.776329e+12  0.000000e+00  0.000000e+00  4.390535e+11  2.738310e+11  2.345749e+11  2.207911e+11
1.623395e+02  3.075734e+11  0.000000e+00  0.000000e+00  2.766184e+12  0.000000e+00  0.000000e+00  4.692471e+11  2.935894e+11  2.517790e+11  2.370918e+11
1.639045e+02  3.064320e+11  0.000000e+00  0.000000e+00  2.755919e+12  0.000000e+00  0.000000e+00  1.862006e+12  8.997458e+11  6.868188e+11  6.134314e+11
1.654846e+02  3.052778e+11  0.000000e+00  0.000000e+00  2.745538e+12  0.000000e+00  0.000000e+00  4.239222e+11  2.652182e+11  2.279876e+11  2.149427e+11
1.670800e+02  3.041109e+11  0.000000e+00  0.000000e+00  2.735043e+12  0.000000e+00  0.000000e+00  7.311607e+11  4.248019e+11  3.553406e+11  3.312051e+11
1.686907e+02  3.029318e+11  0.000000e+00  0.000000e+00  2.724439e+12  0.000000e+00  0.000000e+00  5.087825e+11  3.171127e+11  2.720069e+11  2.561911e+11
1.703169e+02  3.017408e+11  0.000000e+00  0.000000e+00  2.713728e+12  0.000000e+00  0.000000e+00  5.649498e+11  3.576374e+11  3.079971e+11  2.905267e+11
1.719588e+02  3.005382e+11  0.000000e+00  0.000000e+00  2.702912e+12  0.000000e+00  0.000000e+00  8.151491e+11  5.231903e+11  4.517209e+11  4.264577e+11
1.736166e+02  2.993244e+11  0.000000e+00  0.000000e+00  2.691995e+12  0.000000e+00  0.000000e+00  6.154661e+11  3.879828e+11  3.332258e+11  3.139356e+11
1.752903e+02  2.980996e+11  0.000000e+00  0.000000e+00  2.680981e+12  0.000000e+00  0.000000e+00  5.630451e+11  3.535359e+11  3.033857e+11  2.857372e+11
1.769802e+02  2.968643e+11  0.000000e+00  0.000000e+00  2.669870e+12  0.000000e+00  0.000000e+00  5.188557e+11  3.249756e+11  2.788221e+11  2.625942e+11
1.786863e+02  2.956186e+11  0.000000e+00  0.000000e+00  2.658668e+12  0.000000e+00  0.000000e+00  5.422336e+11  3.422289e+11  2.943784e+11  2.775287e+11
1.804090e+02  2.943631e+11  0.000000e+00  0.000000e+00  2.647375e+12  0.000000e+00  0.000000e+00  5.327858e+11  3.361567e+11  2.892330e+11  2.727176e+11
1.821482e+02  2.930978e+11  0.000000e+00  0.000000e+00  2.635997e+12  0.000000e+00  0.000000e+00  1.104935e+12  5.625528e+11  4.422998e+11  4.007821e+11
1.839042e+02  2.918233e+11  0.000000e+00  0.000000e+00  2.624534e+12  0.000000e+00  0.000000e+00  4.650160e+11  2.914998e+11  2.505825e+11  2.362104e+11
1.856771e+02  2.905397e+11  0.000000e+00  0.000000e+00  2.612990e+12  0.000000e+00  0.000000e+00  4.320205e+11  2.702588e+11  2.323166e+11  2.189983e+11
1.874671e+02  2.892474e+11  0.000000e+00  0.000000e+00  2.601368e+12  0.000000e+00  0.000000e+00  4.016600e+11  2.519749e+11  2.170584e+11  2.048120e+11
1.892744e+02  2.879467e+11  0.000000e+00  0.000000e+00  2.589670e+12  0.000000e+00  0.000000e+00  7.406924e+11  3.807184e+11  3.040503e+11  2.777717e+11
1.910991e+02  2.866379e+11  0.000000e+00  0.000000e+00  2.577899e+12  0.000000e+00  0.000000e+00  3.578729e+11  2.249766e+11  1.944036e+11  1.837018e+11
1.929414e+02  2.853213e+11  0.000000e+00  0.000000e+00  2.566058e+12  0.000000e+00  0.000000e+00  7.476502e+11  3.820916e+11  3.019266e+11  2.742926e+11
1.948014e+02  2.839972e+11  0.000000e+00  0.000000e+00  2.554149e+12  0.000000e+00  0.000000e+00  3.074418e+11  1.960189e+11  1.705525e+11  1.616364e+11
1.966794e+02  2.826658e+11  0.000000e+00  0.000000e+00  2.542176e+12  0.000000e+00  0.000000e+00  2.822545e+11  1.817428e+11  1.588098e+11  1.507760e+11
1.985755e+02  2.813275e+11  0.000000e+00  0.000000e+00  2.530140e+12  0.000000e+00  0.000000e+00  2.652609e+11  1.719510e+11  1.507283e+11  1.432935e+11
2.004899e+02  2.799826e+11  0.000000e+00  0.000000e+00  2.518044e+12  0.000000e+00  0.000000e+00  2.507540e+11  1.640521e+11  1.443730e+11  1.374751e+11
2.024227e+02  2.786312e+11  0.000000e+00  0.000000e+00  2.505890e+12  0.000000e+00  0.000000e+00  2.401698e+11  1.584632e+11  1.399565e+11  1.334660e+11
2.043741e+02  2.772738e+11  0.000000e+00  0.000000e+00  2.493682e+12  0.000000e+00  0.000000e+00  2.719510e+11  1.762381e+11  1.547243e+11  1.471960e+11
2.063444e+02  2.759105e+11  0.000000e+00  0.000000e+00  2.481421e+12  0.000000e+00  0.000000e+00  2.186592e+11  1.420208e+11  1.245764e+11  1.184550e+11
2.083337e+02  2.745417e+11  0.000000e+00  0.000000e+00  2.469111e+12  0.000000e+00  0.000000e+00  2.179979e+11  1.412225e+11  1.238226e+11  1.177199e+11
2.103421e+02  2.731675e+11  0.000000e+00  0.000000e+00  2.456752e+12  0.000000e+00  0.000000e+00  2.257709e+11  1.463359e+11  1.283501e+11  1.220406e+11
2.123699e+02  2.717884e+11  0.000000e+00  0.000000e+00  2.444349e+12  0.000000e+00  0.000000e+00  4.605584e+11  2.724625e+11  2.304606e+11  2.158333e+11
2.144171e+02  2.704045e+11  0.000000e+00  0.000000e+00  2.431903e+12  0.000000e+00  0.000000e+00  2.173246e+11  1.439755e+11  1.273543e+11  1.215075e+11
2.164841e+02  2.690161e+11  0.000000e+00  0.000000e+00  2.419416e+12  0.000000e+00  0.000000e+00  2.240070e+11  1.492781e+11  1.323454e+11  1.263840e+11
2.185710e+02  2.676235e+11  0.000000e+00  0.000000e+00  2.406891e+12  0.000000e+00  0.000000e+00  7.548641e+11  3.745112e+11  2.914426e+11  2.628075e+11
2.206781e+02  2.662268e+11  0.000000e+00  0.000000e+00  2.394330e+12  0.000000e+00  0.000000e+00  8.421068e+11  4.224134e+11  3.308917e+11  2.993398e+11
2.228054e+02  2.648263e+11  0.000000e+00  0.000000e+00  2.381735e+12  0.000000e+00  0.000000e+00  6.878631e+11  3.482621e+11  2.744262e+11  2.489706e+11
2.249533e+02  2.634223e+11  0.000000e+00  0.000000e+00  2.369108e+12  0.000000e+00  0.000000e+00  6.199340e+11  3.187766e+11  2.533401e+11  2.307721e+11
2.271218e+02  2.620150e+11  0.000000e+00  0.000000e+00  2.356451e+12  0.000000e+00  0.000000e+00  6.017989e+11  3.119328e+11  2.491026e+11  2.274275e+11
2.293113e+02  2.606047e+11  0.000000e+00  0.000000e+00  2.343767e+12  0.000000e+00  0.000000e+00  5.412048e+11  2.866984e+11  2.315096e+11  2.124519e+11
2.315219e+02  2.591915e+11  0.000000e+00  0.000000e+00  2.331057e+12  0.000000e+00  0.000000e+00  4.622778e+11  2.488214e+11  2.026055e+11  1.866338e+11
2.337537e+02  2.577757e+11  0.000000e+00  0.000000e+00  2.318324e+12  0.000000e+00  0.000000e+00  4.215706e+11  2.237553e+11  1.807408e+11  1.658700e+11
2.360071e+02  2.563575e+11  0.000000e+00  0.000000e+00  2.305570e+12  0.000000e+00  0.000000e+00  7.287264e+11  3.743059e+11  2.972008e+11  2.705748e+11
2.382823e+02  2.549372e+11  0.000000e+00  0.000000e+00  2.292796e+12  0.000000e+00  0.000000e+00  3.304182e+11  1.792220e+11  1.441745e+11  1.318747e+11
2.405793e+02  2.535149e+11  0.000000e+00  0.000000e+00  2.280005e+12  0.000000e+00  0.000000e+00  2.924392e+11  1.570189e+11  1.257000e+11  1.147163e+11
2.428985e+02  2.520909e+11  0.000000e+00  0.000000e+00  2.267198e+12  0.000000e+00  0.000000e+00  2.795219e+11  1.484263e+11  1.181280e+11  1.075076e+11
2.452401e+02  2.506654e+11  0.000000e+00  0.000000e+00  2.254377e+12  0.000000e+00  0.000000e+00  3.551740e+11  1.807862e+11  1.406670e+11  1.266376e+11
2.476042e+02  2.492386e+11  0.000000e+00  0.000000e+00  2.241545e+12  0.000000e+00  0.000000e+00  2.202599e+11  1.176595e+11  9.405291e+10  8.577723e+10
2.499911e+02  2.478106e+11  0.000000e+00  0.000000e+00  2.228703e+12  0.000000e+00  0.000000e+00  2.621861e+11  1.379127e+11  1.091653e+11  9.908516e+10
2.524011e+02  2.463818e+11  0.000000e+00  0.000000e+00  2.215852e+12  0.000000e+00  0.000000e+00  1.977223e+11  1.072676e+11  8.646622e+10  7.916889e+10
2.548343e+02  2.449521e+11  0.000000e+00  0.000000e+00  2.202995e+12  0.000000e+00  0.000000e+00  2.821215e+11  1.386613e+11  1.069632e+11  9.597512e+10
2.572911e+02  2.435220e+11  0.000000e+00  0.000000e+00  2.190133e+12  0.000000e+00  0.000000e+00  2.048821e+11  1.082324e+11  8.594035e+10  7.812233e+10
2.597715e+02  2.420915e+11  0.000000e+00  0.000000e+00  2.177268e+12  0.000000e+00  0.000000e+00  1.869266e+11  9.887621e+10  7.858736e+10  7.147286e+10
2.622758e+02  2.406609e+11  0.000000e+00  0.000000e+00  2.164401e+12  0.000000e+00  0.000000e+00  1.748345e+11  9.167778e+10  7.173549e+10  6.467898e+10
2.648042e+02  2.392303e+11  0.000000e+00  0.000000e+00  2.151535e+12  0.000000e+00  0.000000e+00  1.709796e+11  9.075960e+10  7.144103e+10  6.459093e+10
2.673571e+02  2.378000e+11  0.000000e+00  0.000000e+00  2.138671e+12  0.000000e+00  0.000000e+00  1.808462e+11  9.486013e+10  7.405144e+10  6.667158e+10
2.699345e+02  2.363700e+11  0.000000e+00  0.000000e+00  2.125811e+12  0.000000e+00  0.000000e+00  2.064673e+11  1.077064e+11  8.353453e+10  7.494410e+10
2.725368e+02  2.349406e+11  0.000000e+00  0.000000e+00  2.112955e+12  0.000000e+00  0.000000e+00  1.879396e+11  9.315049e+10  7.089298e+10  6.306309e+10
2.751642e+02  2.335119e+11  0.000000e+00  0.000000e+00  2.100106e+12  0.000000e+00  0.000000e+00  1.476428e+11  7.665108e+10  5.939411e+10  5.326771e+10
2.778169e+02  2.320842e+11  0.000000e+00  0.000000e+00  2.087266e+12  0.000000e+00  0.000000e+00  1.535589e+11  7.907806e+10  6.095715e+10  5.452553e+10
2.804952e+02  2.306575e+11  0.000000e+00  0.000000e+00  2.074435e+12  0.000000e+00  0.000000e+00  2.063026e+11  1.054689e+11  8.075041e+10  7.196750e+10
2.831993e+02  2.292320e+11  0.000000e+00  0.000000e+00  2.061615e+12  0.000000e+00  0.000000e+00  2.041163e+11  1.032879e+11  7.868040e+10  6.994930e+10
2.859295e+02  2.278079e+11  0.000000e+00  0.000000e+00  2.048807e+12  0.000000e+00  0.000000e+00  2.332835e+11  1.124737e+11  8.401227e+10  7.400115e+10
2.886859e+02  2.263854e+11  0.000000e+00  0.000000e+00  2.036014e+12  0.000000e+00  0.000000e+00  1.704913e+11  8.531885e+10  6.467356e+10  5.736062e+10
2.914690e+02  2.249645e+11  0.000000e+00  0.000000e+00  2.023235e+12  0.000000e+00  0.000000e+00  1.779823e+11  9.151088e+10  6.921029e+10  6.116407e+10
2.942789e+02  2.235455e+11  0.000000e+00  0.000000e+00  2.010473e+12  0.000000e+00  0.000000e+00  1.683635e+11  8.547182e+10  6.414198e+10  5.645375e+10
2.971159e+02  2.221285e+11  0.000000e+00  0.000000e+00  1.997729e+12  0.000000e+00  0.000000e+00  1.557612e+11  7.838156e+10  5.851899e+10  5.136518e+10
2.999802e+02  2.207136e+11  0.000000e+00  0.000000e+00  1.985004e+12  0.000000e+00  0.000000e+00  1.463903e+11  7.325662e+10  5.451482e+10  4.776872e+10
3.028720e+02  2.193010e+11  0.000000e+00  0.000000e+00  1.972300e+12  0.000000e+00  0.000000e+00  1.799134e+11  9.486233e+10  7.385044e+10  6.631305e+10
3.057918e+02  2.178908e+11  0.000000e+00  0.000000e+00  1.959617e+12  0.000000e+00  0.000000e+00  2.716981e+11  1.919150e+11  1.700369e+11  1.617709e+11
3.087397e+02  2.164832e+11  0.000000e+00  0.000000e+00  1.946957e+12  0.000000e+00  0.000000e+00  2.130429e+11  1.222448e+11  9.708221e+10  8.780067e+10
3.117160e+02  2.150781e+11  0.000000e+00  0.000000e+00  1.934321e+12  0.000000e+00  0.000000e+00  1.246583e+11  6.525033e+10  4.998554e+10  4.446943e+10
3.147209e+02  2.136759e+11  0.000000e+00  0.000000e+00  1.921710e+12  0.000000e+00  0.000000e+00  1.856366e+11  9.170327e+10  6.804315e+10  5.955547e+10
3.177549e+02  2.122766e+11  0.000000e+00  0.000000e+00  1.909125e+12  0.000000e+00  0.000000e+00  1.244683e+11  6.235477e+10  4.660079e+10  4.093538e+10
3.208181e+02  2.108803e+11  0.000000e+00  0.000000e+00  1.896568e+12  0.000000e+00  0.000000e+00  1.124255e+11  5.631616e+10  4.199091e+10  3.683381e+10
3.239108e+02  2.094872e+11  0.000000e+00  0.000000e+00  1.884039e+12  0.000000e+00  0.000000e+00  1.013698e+11  5.083839e+10  3.785539e+10  3.317639e+10
3.270334e+02  2.080974e+11  0.000000e+00  0.000000e+00  1.871539e+12  0.000000e+00  0.000000e+00  1.958974e+11  9.356145e+10  6.791238e+10  5.871562e+10
3.301861e+02  2.067109e+11  0.000000e+00  0.000000e+00  1.859070e+12  0.000000e+00  0.000000e+00  1.045262e+11  6.111469e+10  4.836271e+10  4.354237e+10
3.333691e+02  2.053279e+11  0.000000e+00  0.000000e+00  1.846632e+12  0.000000e+00  0.000000e+00  9.739643e+10  5.499876e+10  4.277624e+10  3.818736e+10
3.365828e+02  2.039486e+11  0.000000e+00  0.000000e+00  1.834226e+12  0.000000e+00  0.000000e+00  9.215287e+10  5.050430e+10  3.869778e+10  3.429085e+10
3.398275e+02  2.025729e+11  0.000000e+00  0.000000e+00  1.821854e+12  0.000000e+00  0.000000e+00  1.434409e+11  7.102154e+10  5.226510e+10  4.544402e+10
3.431035e+02  2.012010e+11  0.000000e+00  0.000000e+00  1.809516e+12  0.000000e+00  0.000000e+00  1.438137e+11  6.936315e+10  5.053928e+10  4.374250e+10
3.464111e+02  1.998331e+11  0.000000e+00  0.000000e+00  1.797213e+12  0.000000e+00  0.000000e+00  1.269988e+11  6.113198e+10  4.447632e+10  3.846302e+10
3.497506e+02  1.984691e+11  0.000000e+00  0.000000e+00  1.784947e+12  0.000000e+00  0.000000e+00  1.235739e+11  6.767639e+10  5.364412e+10  4.852723e+10
3.531222e+02  1.971093e+11  0.000000e+00  0.000000e+00  1.772717e+12  0.000000e+00  0.000000e+00  1.531023e+11  8.399976e+10  6.642622e+10  6.001227e+10
3.565264e+02  1.957536e+11  0.000000e+00  0.000000e+00  1.760525e+12  0.000000e+00  0.000000e+00  1.043969e+11  5.096046e+10  3.725479e+10  3.227963e+10
3.599634e+02  1.944023e+11  0.000000e+00  0.000000e+00  1.748371e+12  0.000000e+00  0.000000e+00  9.265881e+10  4.615380e+10  3.391983e+10  2.943435e+10
3.634335e+02  1.930552e+11  0.000000e+00  0.000000e+00  1.736256e+12  0.000000e+00  0.000000e+00  1.066214e+11  5.240520e+10  3.822346e+10  3.303742e+10
3.669371e+02  1.917127e+11  0.000000e+00  0.000000e+00  1.724182e+12  0.000000e+00  0.000000e+00  1.346258e+12  5.983549e+11  4.212745e+11  3.584017e+11
3.704745e+02  1.903747e+11  0.000000e+00  0.000000e+00  1.712149e+12  0.000000e+00  0.000000e+00  1.031466e+11  5.508022e+10  4.185158e+10  3.692780e+10
3.740459e+02  1.890413e+11  0.000000e+00  0.000000e+00  1.700157e+12  0.000000e+00  0.000000e+00  8.885165e+10  4.556386e+10  3.360752e+10  2.916718e+10
3.776518e+02  1.877126e+11  0.000000e+00  0.000000e+00  1.688207e+12  0.000000e+00  0.000000e+00  7.631520e+10  4.095979e+10  3.125034e+10  2.763932e+10
3.812925e+02  1.863887e+11  0.000000e+00  0.000000e+00  1.676300e+12  0.000000e+00  0.000000e+00  7.086987e+10  4.069986e+10  3.264664e+10  2.965433e+10
3.849682e+02  1.850696e+11  0.000000e+00  0.000000e+00  1.664437e+12  0.000000e+00  0.000000e+00  8.318315e+10  4.804082e+10  3.873313e+10  3.528014e+10
3.886794e+02  1.837554e+11  0.000000e+00  0.000000e+00  1.652618e+12  0.000000e+00  0.000000e+00  6.610769e+10  3.854086e+10  3.125462e+10  2.854958e+10
3.924264e+02  1.824463e+11  0.000000e+00  0.000000e+00  1.640844e+12  0.000000e+00  0.000000e+00  7.164452e+10  4.221855e+10  3.391963e+10  3.078313e+10
3.962095e+02  1.811422e+11  0.000000e+00  0.000000e+00  1.629115e+12  0.000000e+00  0.000000e+00  6.754913e+10  4.047054e+10  3.291615e+10  3.006464e+10
4.000290e+02  1.798432e+11  0.000000e+00  0.000000e+00  1.617433e+12  0.000000e+00  0.000000e+00  7.261413e+10  4.348189e+10  3.502321e+10  3.179160e+10
4.038854e+02  1.785494e+11  0.000000e+00  0.000000e+00  1.605797e+12  0.000000e+00  0.000000e+00  6.511171e+10  3.806368e+10  3.013881e+10  2.710799e+10
4.077790e+02  1.772608e+11  0.000000e+00  0.000000e+00  1.594208e+12  0.000000e+00  0.000000e+00  5.389019e+10  3.099107e+10  2.424557e+10  2.166510e+10
4.117101e+02  1.759776e+11  0.000000e+00  0.000000e+00  1.582667e+12  0.000000e+00  0.000000e+00  6.272755e+10  3.432240e+10  2.616021e+10  2.306986e+10
4.156790e+02  1.746997e+11  0.000000e+00  0.000000e+00  1.571174e+12  0.000000e+00  0.000000e+00  6.174265e+10  3.341251e+10  2.523481e+10  2.214013e+10
4.196863e+02  1.734272e+11  0.000000e+00  0.000000e+00  1.559730e+12  0.000000e+00  0.000000e+00  6.856297e+10  3.655671e+10  2.737365e+10  2.390843e+10
4.237322e+02  1.721602e+11  0.000000e+00  0.000000e+00  1.548335e+12  0.000000e+00  0.000000e+00  6.900802e+10  3.638599e+10  2.714945e+10  2.367990e+10
4.278171e+02  1.708987e+11  0.000000e+00  0.000000e+00  1.536990e+12  0.000000e+00  0.000000e+00  1.554073e+11  1.229080e+11  1.149980e+11  1.120820e+11
4.319414e+02  1.696428e+11  0.000000e+00  0.000000e+00  1.525695e+12  0.000000e+00  0.000000e+00  9.513866e+10  5.454793e+10  4.187299e+10  3.695327e+10
4.361055e+02  1.683925e+11  0.000000e+00  0.000000e+00  1.514450e+12  0.000000e+00  0.000000e+00  5.512598e+11  2.812990e+11  2.060446e+11  1.779686e+11
4.403097e+02  1.671479e+11  0.000000e+00  0.000000e+00  1.503256e+12  0.000000e+00  0.000000e+00  8.104029e+10  4.078144e+10  2.979863e+10  2.572981e+10
4.445544e+02  1.659089e+11  0.000000e+00  0.000000e+00  1.492114e+12  0.000000e+00  0.000000e+00  5.463048e+10  2.803433e+10  2.064405e+10  1.789048e+10
4.488401e+02  1.646758e+11  0.000000e+00  0.000000e+00  1.481023e+12  0.000000e+00  0.000000e+00  6.510875e+10  4.330573e+10  3.758193e+10  3.540571e+10
4.531670e+02  1.634484e+11  0.000000e+00  0.000000e+00  1.469985e+12  0.000000e+00  0.000000e+00  6.549477e+10  3.969589e+10  3.259761e+10  2.990079e+10
4.575357e+02  1.622268e+11  0.000000e+00  0.000000e+00  1.458999e+12  0.000000e+00  0.000000e+00  3.331742e+11  1.908394e+11  1.469602e+11  1.299905e+11
4.619465e+02  1.610111e+11  0.000000e+00  0.000000e+00  1.448065e+12  0.000000e+00  0.000000e+00  4.927619e+10  2.835721e+10  2.224967e+10  1.991451e+10
4.663999e+02  1.598013e+11  0.000000e+00  0.000000e+00  1.437185e+12  0.000000e+00  0.000000e+00  4.735083e+10  2.642710e+10  2.032830e+10  1.800737e+10
4.708961e+02  1.585975e+11  0.000000e+00  0.000000e+00  1.426358e+12  0.000000e+00  0.000000e+00  2.469021e+11  1.441398e+11  1.119152e+11  9.939385e+10
4.754357e+02  1.573996e+11  0.000000e+00  0.000000e+00  1.415585e+12  0.000000e+00  0.000000e+00  1.879309e+11  1.155263e+11  9.163764e+10  8.218064e+10
4.800191e+02  1.562077e+11  0.000000e+00  0.000000e+00  1.404866e+12  0.000000e+00  0.000000e+00  4.674267e+10  2.663614e+10  2.061411e+10  1.830360e+10
4.846466e+02  1.550219e+11  0.000000e+00  0.000000e+00  1.394201e+12  0.000000e+00  0.000000e+00  4.597570e+10  2.561256e+10  1.953779e+10  1.721648e+10
4.893188e+02  1.538421e+11  0.000000e+00  0.000000e+00  1.383590e+12  0.000000e+00  0.000000e+00  1.795275e+11  1.318904e+11  1.117570e+11  1.030234e+11
4.940360e+02  1.526684e+11  0.000000e+00  0.000000e+00  1.373034e+12  0.000000e+00  0.000000e+00  3.644803e+11  2.665576e+11  2.249768e+11  2.069344e+11
4.987987e+02  1.515008e+11  0.000000e+00  0.000000e+00  1.362533e+12  0.000000e+00  0.000000e+00  6.904431e+11  4.121598e+11  3.208639e+11  2.847562e+11
5.036072e+02  1.503393e+11  0.000000e+00  0.000000e+00  1.352088e+12  0.000000e+00  0.000000e+00  2.153752e+11  1.454450e+11  1.182619e+11  1.068450e+11
5.084622e+02  1.491840e+11  0.000000e+00  0.000000e+00  1.341697e+12  0.000000e+00  0.000000e+00  1.651039e+11  1.074955e+11  8.597138e+10  7.706950e+10
5.133639e+02  1.480349e+11  0.000000e+00  0.000000e+00  1.331363e+12  0.000000e+00  0.000000e+00  1.270809e+11  7.998905e+10  6.303360e+10  5.612047e+10
5.183129e+02  1.468920e+11  0.000000e+00  0.000000e+00  1.321083e+12  0.000000e+00  0.000000e+00  1.035613e+11  6.289909e+10  4.882939e+10  4.317873e+10
5.233096e+02  1.457552e+11  0.000000e+00  0.000000e+00  1.310860e+12  0.000000e+00  0.000000e+00  8.712523e+10  5.545487e+10  4.387291e+10  3.913428e+10
5.283544e+02  1.446247e+11  0.000000e+00  0.000000e+00  1.300693e+12  0.000000e+00  0.000000e+00  6.750780e+10  4.104529e+10  3.169844e+10  2.793310e+10
5.334479e+02  1.435005e+11  0.000000e+00  0.000000e+00  1.290582e+12  0.000000e+00  0.000000e+00  5.721337e+10  3.460466e+10  2.685955e+10  2.376658e+10
5.385905e+02  1.423825e+11  0.000000e+00  0.000000e+00  1.280527e+12  0.000000e+00  0.000000e+00  5.179040e+10  3.275985e+10  2.632947e+10  2.374746e+10
5.437827e+02  1.412708e+11  0.000000e+00  0.000000e+00  1.270529e+12  0.000000e+00  0.000000e+00  4.596299e+10  3.092372e+10  2.607838e+10  2.414143e+10
5.490249e+02  1.401653e+11  0.000000e+00  0.000000e+00  1.260587e+12  0.000000e+00  0.000000e+00  4.316599e+10  2.734524e+10  2.215174e+10  2.008413e+10
5.543177e+02  1.390662e+11  0.000000e+00  0.000000e+00  1.250702e+12  0.000000e+00  0.000000e+00  4.488327e+10  3.131152e+10  2.679066e+10  2.494930e+10
5.596615e+02  1.379734e+11  0.000000e+00  0.000000e+00  1.240873e+12  0.000000e+00  0.000000e+00  5.145288e+10  3.425804e+10  2.814555e+10  2.563330e+10
5.650568e+02  1.368868e+11  0.000000e+00  0.000000e+00  1.231102e+12  0.000000e+00  0.000000e+00  6.011795e+10  4.215124e+10  3.456583e+10  3.129350e+10
5.705041e+02  1.358066e+11  0.000000e+00  0.000000e+00  1.221387e+12  0.000000e+00  0.000000e+00  1.510875e+12  1.462498e+12  1.311491e+12  1.224101e+12
5.760039e+02  1.347328e+11  0.000000e+00  0.000000e+00  1.211729e+12  0.000000e+00  0.000000e+00  2.173702e+11  1.181812e+11  8.786667e+10  7.627855e+10
5.815568e+02  1.336652e+11  0.000000e+00  0.000000e+00  1.202128e+12  0.000000e+00  0.000000e+00  4.381383e+10  2.795181e+10  2.198555e+10  1.952655e+10
5.871631e+02  1.326040e+11  0.000000e+00  0.000000e+00  1.192584e+12  0.000000e+00  0.000000e+00  4.134177e+10  2.524063e+10  1.951982e+10  1.721183e+10
5.928236e+02  1.315492e+11  0.000000e+00  0.000000e+00  1.183097e+12  0.000000e+00  0.000000e+00  1.476121e+11  8.950822e+10  6.884083e+10  6.053362e+10
5.985386e+02  1.305006e+11  0.000000e+00  0.000000e+00  1.173667e+12  0.000000e+00  0.000000e+00  3.060028e+10  1.796537e+10  1.372875e+10  1.205317e+10
6.043086e+02  1.294584e+11  0.000000e+00  0.000000e+00  1.164294e+12  0.000000e+00  0.000000e+00  2.729719e+10  1.581637e+10  1.201901e+10  1.052532e+10
6.101343e+02  1.284226e+11  0.000000e+00  0.000000e+00  1.154978e+12  0.000000e+00  0.000000e+00  2.481647e+10  1.426450e+10  1.080672e+10  9.451494e+09
6.160162e+02  1.273931e+11  0.000000e+00  0.000000e+00  1.145719e+12  0.000000e+00  0.000000e+00  3.538093e+10  2.441815e+10  1.969596e+10  1.766877e+10
6.219548e+02  1.263700e+11  0.000000e+00  0.000000e+00  1.136517e+12  0.000000e+00  0.000000e+00  3.166312e+10  2.067984e+10  1.634923e+10  1.454510e+10
6.279506e+02  1.253531e+11  0.000000e+00  0.000000e+00  1.127373e+12  0.000000e+00  0.000000e+00  9.501843e+10  5.995696e+10  4.680185e+10  4.143397e+10
6.340042e+02  1.243427e+11  0.000000e+00  0.000000e+00  1.118285e+12  0.000000e+00  0.000000e+00  2.822597e+10  1.698138e+10  1.304874e+10  1.147735e+10
6.401162e+02  1.233385e+11  0.000000e+00  0.000000e+00  1.109254e+12  0.000000e+00  0.000000e+00  7.659646e+10  4.792119e+10  3.738693e+10  3.311805e+10
6.462871e+02  1.223407e+11  0.000000e+00  0.000000e+00  1.100280e+12  0.000000e+00  0.000000e+00  7.051883e+10  4.387359e+10  3.422542e+10  3.033196e+10
6.525174e+02  1.213492e+11  0.000000e+00  0.000000e+00  1.091363e+12  0.000000e+00  0.000000e+00  1.070667e+12  4.397834e+11  3.016368e+11  2.537813e+11
6.588079e+02  1.203640e+11  0.000000e+00  0.000000e+00  1.082502e+12  0.000000e+00  0.000000e+00  3.100866e+10  1.867802e+10  1.432597e+10  1.258318e+10
6.651590e+02  1.193851e+11  0.000000e+00  0.000000e+00  1.073699e+12  0.000000e+00  0.000000e+00  1.120954e+11  7.445979e+10  5.877950e+10  5.224675e+10
6.715713e+02  1.184125e+11  0.000000e+00  0.000000e+00  1.064952e+12  0.000000e+00  0.000000e+00  1.540688e+11  1.095754e+11  8.958246e+10  8.090955e+10
6.780454e+02  1.174462e+11  0.000000e+00  0.000000e+00  1.056261e+12  0.000000e+00  0.000000e+00  1.094398e+11  7.392704e+10  5.917826e+10  5.294585e+10
6.845820e+02  1.164862e+11  0.000000e+00  0.000000e+00  1.047627e+12  0.000000e+00  0.000000e+00  7.846814e+10  5.120836e+10  4.043391e+10  3.594666e+10
6.911815e+02  1.155325e+11  0.000000e+00  0.000000e+00  1.039050e+12  0.000000e+00  0.000000e+00  5.873842e+10  3.685724e+10  2.867607e+10  2.533369e+10
6.978447e+02  1.145850e+11  0.000000e+00  0.000000e+00  1.030528e+12  0.000000e+00  0.000000e+00  8.835686e+10  5.870016e+10  4.603645e+10  4.071589e+10
7.045721e+02  1.136437e+11  0.000000e+00  0.000000e+00  1.022063e+12  0.000000e+00  0.000000e+00  4.103057e+10  2.479307e+10  1.899085e+10  1.666523e+10
7.113644e+02  1.127087e+11  0.000000e+00  0.000000e+00  1.013654e+12  0.000000e+00  0.000000e+00  7.913304e+10  5.665622e+10  4.550791e+10  4.060748e+10
7.182221e+02  1.117799e+11  0.000000e+00  0.000000e+00  1.005301e+12  0.000000e+00  0.000000e+00  8.857543e+10  6.784059e+10  5.569832e+10  5.012185e+10
7.251459e+02  1.108574e+11  0.000000e+00  0.000000e+00  9.970038e+11  0.000000e+00  0.000000e+00  1.988465e+11  1.447288e+11  1.162005e+11  1.036692e+11
7.321365e+02  1.099410e+11  0.000000e+00  0.000000e+00  9.887623e+11  0.000000e+00  0.000000e+00  9.955884e+11  6.332912e+11  4.910426e+11  4.328179e+11
7.391944e+02  1.090308e+11  0.000000e+00  0.000000e+00  9.805764e+11  0.000000e+00  0.000000e+00  1.670652e+11  1.393178e+11  1.229493e+11  1.150343e+11
7.463204e+02  1.081268e+11  0.000000e+00  0.000000e+00  9.724459e+11  0.000000e+00  0.000000e+00  7.786455e+11  5.236738e+11  4.210023e+11  3.780707e+11
7.535151e+02  1.072289e+11  0.000000e+00  0.000000e+00  9.643707e+11  0.000000e+00  0.000000e+00  1.013416e+11  8.472996e+10  7.519389e+10  7.051692e+10
7.607792e+02  1.063371e+11  0.000000e+00  0.000000e+00  9.563507e+11  0.000000e+00  0.000000e+00  7.031363e+10  5.506893e+10  4.758628e+10  4.411515e+10
7.681133e+02  1.054515e+11  0.000000e+00  0.000000e+00  9.483856e+11  0.000000e+00  0.000000e+00  5.060135e+10  3.709316e+10  3.118931e+10  2.857394e+10
7.755180e+02  1.045719e+11  0.000000e+00  0.000000e+00  9.404754e+11  0.000000e+00  0.000000e+00  4.476147e+11  2.214378e+11  1.603572e+11  1.378686e+11
7.829942e+02  1.036985e+11  0.000000e+00  0.000000e+00  9.326199e+11  0.000000e+00  0.000000e+00  2.949993e+10  1.923710e+10  1.539021e+10  1.379497e+10
7.905425e+02  1.028311e+11  0.000000e+00  0.000000e+00  9.248189e+11  0.000000e+00  0.000000e+00  2.374748e+10  1.496530e+10  1.178365e+10  1.048638e+10
7.981635e+02  1.019697e+11  0.000000e+00  0.000000e+00  9.170723e+11  0.000000e+00  0.000000e+00  1.986626e+10  1.207585e+10  9.362338e+09  8.274492e+09
8.058579e+02  1.011144e+11  0.000000e+00  0.000000e+00  9.093798e+11  0.000000e+00  0.000000e+00  1.837154e+10  1.095138e+10  8.411280e+09  7.402211e+09
8.136266e+02  1.002651e+11  0.000000e+00  0.000000e+00  9.017414e+11  0.000000e+00  0.000000e+00  3.147882e+11  1.687886e+11  1.244859e+11  1.076649e+11
8.214701e+02  9.942175e+10  0.000000e+00  0.000000e+00  8.941568e+11  0.000000e+00  0.000000e+00  2.586792e+10  1.566672e+10  1.202114e+10  1.056411e+10
8.293893e+02  9.858438e+10  0.000000e+00  0.000000e+00  8.866258e+11  0.000000e+00  0.000000e+00  2.250976e+10  1.339978e+10  1.023033e+10  8.973143e+09
8.373848e+02  9.775295e+10  0.000000e+00  0.000000e+00  8.791482e+11  0.000000e+00  0.000000e+00  2.550508e+11  1.431487e+11  1.071847e+11  9.327711e+10
8.454574e+02  9.692743e+10  0.000000e+00  0.000000e+00  8.717239e+11  0.000000e+00  0.000000e+00  2.614436e+11  1.524565e+11  1.157031e+11  1.012566e+11
8.536078e+02  9.610782e+10  0.000000e+00  0.000000e+00  8.643527e+11  0.000000e+00  0.000000e+00  1.921306e+10  1.119170e+10  8.490262e+09  7.428836e+09
8.618368e+02  9.529409e+10  0.000000e+00  0.000000e+00  8.570343e+11  0.000000e+00  0.000000e+00  1.961041e+10  1.131271e+10  8.552325e+09  7.472422e+09
8.701451e+02  9.448621e+10  0.000000e+00  0.000000e+00  8.497686e+11  0.000000e+00  0.000000e+00  1.897427e+11  1.660946e+11  1.487832e+11  1.396697e+11
8.785335e+02  9.368416e+10  0.000000e+00  0.000000e+00  8.425553e+11  0.000000e+00  0.000000e+00  4.001683e+11  3.413977e+11  3.019990e+11  2.818657e+11
8.870028e+02  9.288793e+10  0.000000e+00  0.000000e+00  8.353943e+11  0.000000e+00  0.000000e+00  2.554366e+11  2.091527e+11  1.814987e+11  1.679485e+11
8.955537e+02  9.209748e+10  0.000000e+00  0.000000e+00  8.282854e+11  0.000000e+00  0.000000e+00  1.620115e+11  1.279933e+11  1.092619e+11  1.003664e+11
9.041871e+02  9.131279e+10  0.000000e+00  0.000000e+00  8.212283e+11  0.000000e+00  0.000000e+00  1.042513e+11  7.944407e+10  6.673167e+10  6.086495e+10
9.129036e+02  9.053385e+10  0.000000e+00  0.000000e+00  8.142227e+11  0.000000e+00  0.000000e+00  3.194192e+11  2.725990e+11  2.412991e+11  2.254427e+11
9.217043e+02  8.976061e+10  0.000000e+00  0.000000e+00  8.072686e+11  0.000000e+00  0.000000e+00  8.022877e+10  5.335473e+10  4.245664e+10  3.785459e+10
9.305897e+02  8.899307e+10  0.000000e+00  0.000000e+00  8.003657e+11  0.000000e+00  0.000000e+00  2.833919e+10  1.957542e+10  1.576809e+10  1.412292e+10
9.395608e+02  8.823120e+10  0.000000e+00  0.000000e+00  7.935137e+11  0.000000e+00  0.000000e+00  1.885998e+10  1.266740e+10  1.008845e+10  8.992455e+09
9.486184e+02  8.747496e+10  0.000000e+00  0.000000e+00  7.867124e+11  0.000000e+00  0.000000e+00  1.303448e+10  8.565615e+09  6.764359e+09  6.008336e+09
9.577633e+02  8.672434e+10  0.000000e+00  0.000000e+00  7.799616e+11  0.000000e+00  0.000000e+00  9.474571e+09  6.129490e+09  4.810348e+09  4.261383e+09
9.669964e+02  8.597930e+10  0.000000e+00  0.000000e+00  7.732611e+11  0.000000e+00  0.000000e+00  7.342741e+09  4.719038e+09  3.694453e+09  3.269600e+09
9.763185e+02  8.523984e+10  0.000000e+00  0.000000e+00  7.666107e+11  0.000000e+00  0.000000e+00  6.499094e+09  4.175234e+09  3.266395e+09  2.889659e+09
9.857304e+02  8.450591e+10  0.000000e+00  0.000000e+00  7.600100e+11  0.000000e+00  0.000000e+00  5.639763e+09  3.636594e+09  2.849448e+09  2.522565e+09
9.952331e+02  8.377749e+10  0.000000e+00  0.000000e+00  7.534589e+11  0.000000e+00  0.000000e+00  5.208700e+09  3.377418e+09  2.651905e+09  2.349747e+09
1.004573e+03  8.307359e+10  0.000000e+00  0.000000e+00  7.471284e+11  0.000000e+00  0.000000e+00  5.079756e+09  3.309822e+09  2.602583e+09  2.307335e+09
1.013745e+03  8.239360e+10  0.000000e+00  0.000000e+00  7.410129e+11  0.000000e+00  0.000000e+00  5.180734e+09  3.386386e+09  2.664471e+09  2.362717e+09
1.023001e+03  8.171849e+10  0.000000e+00  0.000000e+00  7.349412e+11  0.000000e+00  0.000000e+00  1.889508e+11  9.988398e+10  7.369168e+10  6.376786e+10
1.032342e+03  8.104823e+10  0.000000e+00  0.000000e+00  7.289132e+11  0.000000e+00  0.000000e+00  5.076734e+09  3.320939e+09  2.612871e+09  2.316814e+09
1.041768e+03  8.038281e+10  0.000000e+00  0.000000e+00  7.229286e+11  0.000000e+00  0.000000e+00  4.824442e+09  3.155807e+09  2.484320e+09  2.203540e+09
1.051280e+03  7.972219e+10  0.000000e+00  0.000000e+00  7.169873e+11  0.000000e+00  0.000000e+00  4.726585e+09  3.089684e+09  2.431684e+09  2.156628e+09
1.060878e+03  7.906635e+10  0.000000e+00  0.000000e+00  7.110890e+11  0.000000e+00  0.000000e+00  4.721132e+09  3.083761e+09  2.426052e+09  2.151233e+09
1.070565e+03  7.841528e+10  0.000000e+00  0.000000e+00  7.052335e+11  0.000000e+00  0.000000e+00  2.770942e+10  1.888890e+10  1.505813e+10  1.342425e+10
1.080340e+03  7.776895e+10  0.000000e+00  0.000000e+00  6.994207e+11  0.000000e+00  0.000000e+00  4.670011e+09  3.037562e+09  2.387669e+09  2.116657e+09
1.090204e+03  7.712733e+10  0.000000e+00  0.000000e+00  6.936502e+11  0.000000e+00  0.000000e+00  4.683089e+09  3.031154e+09  2.378104e+09  2.106516e+09
1.100158e+03  7.649040e+10  0.000000e+00  0.000000e+00  6.879220e+11  0.000000e+00  0.000000e+00  4.708132e+09  3.036177e+09  2.378515e+09  2.105556e+09
1.110203e+03  7.585814e+10  0.000000e+00  0.000000e+00  6.822357e+11  0.000000e+00  0.000000e+00  4.767293e+09  3.063197e+09  2.396009e+09  2.119704e+09
1.120340e+03  7.523052e+10  0.000000e+00  0.000000e+00  6.765912e+11  0.000000e+00  0.000000e+00  4.659281e+09  3.011403e+09  2.364779e+09  2.095912e+09
1.130570e+03  7.460752e+10  0.000000e+00  0.000000e+00  6.709882e+11  0.000000e+00  0.000000e+00  1.977249e+10  1.408659e+10  1.148152e+10  1.033978e+10
1.140892e+03  7.398912e+10  0.000000e+00  0.000000e+00  6.654265e+11  0.000000e+00  0.000000e+00  4.907877e+09  3.163735e+09  2.481396e+09  2.198178e+09
1.151309e+03  7.337529e+10  0.000000e+00  0.000000e+00  6.599060e+11  0.000000e+00  0.000000e+00  1.805042e+10  1.309892e+10  1.077317e+10  9.742243e+09
1.161822e+03  7.276601e+10  0.000000e+00  0.000000e+00  6.544264e+11  0.000000e+00  0.000000e+00  2.207565e+10  1.636532e+10  1.358494e+10  1.233594e+10
1.172430e+03  7.216124e+10  0.000000e+00  0.000000e+00  6.489874e+11  0.000000e+00  0.000000e+00  1.789133e+10  1.324035e+10  1.099470e+10  9.987195e+09
1.183135e+03  7.156098e+10  0.000000e+00  0.000000e+00  6.435889e+11  0.000000e+00  0.000000e+00  5.202232e+10  4.196301e+10  3.617652e+10  3.340962e+10
1.193937e+03  7.096520e+10  0.000000e+00  0.000000e+00  6.382306e+11  0.000000e+00  0.000000e+00  2.669265e+10  2.182781e+10  1.905243e+10  1.770822e+10
1.204839e+03  7.037386e+10  0.000000e+00  0.000000e+00  6.329124e+11  0.000000e+00  0.000000e+00  5.084383e+10  4.085713e+10  3.532112e+10  3.267343e+10
1.215840e+03  6.978695e+10  0.000000e+00  0.000000e+00  6.276340e+11  0.000000e+00  0.000000e+00  6.864501e+10  4.652528e+10  3.766853e+10  3.388745e+10
1.226941e+03  6.920444e+10  0.000000e+00  0.000000e+00  6.223952e+11  0.000000e+00  0.000000e+00  1.628606e+10  1.185271e+10  9.817959e+09  8.909313e+09
1.238144e+03  6.862631e+10  0.000000e+00  0.000000e+00  6.171957e+11  0.000000e+00  0.000000e+00  1.039684e+10  7.185403e+09  5.820857e+09  5.230769e+09
1.249449e+03  6.805253e+10  0.000000e+00  0.000000e+00  6.120354e+11  0.000000e+00  0.000000e+00  7.276904e+09  4.813927e+09  3.827432e+09  3.411490e+09
1.260857e+03  6.748308e+10  0.000000e+00  0.000000e+00  6.069140e+11  0.000000e+00  0.000000e+00  1.868014e+10  1.204429e+10  9.255997e+09  8.114287e+09
1.272369e+03  6.691793e+10  0.000000e+00  0.000000e+00  6.018313e+11  0.000000e+00  0.000000e+00  2.795687e+10  1.847202e+10  1.457347e+10  1.293943e+10
1.283987e+03  6.635706e+10  0.000000e+00  0.000000e+00  5.967871e+11  0.000000e+00  0.000000e+00  7.437738e+09  4.713927e+09  3.636332e+09  3.196708e+09
1.295710e+03  6.580045e+10  0.000000e+00  0.000000e+00  5.917811e+11  0.000000e+00  0.000000e+00  5.421517e+09  3.458277e+09  2.687588e+09  2.370979e+09
1.307541e+03  6.524806e+10  0.000000e+00  0.000000e+00  5.868132e+11  0.000000e+00  0.000000e+00  1.542824e+10  1.039137e+10  8.302313e+09  7.413522e+09
1.319479e+03  6.469988e+10  0.000000e+00  0.000000e+00  5.818831e+11  0.000000e+00  0.000000e+00  1.886604e+10  1.291540e+10  1.038205e+10  9.291940e+09
1.331527e+03  6.415588e+10  0.000000e+00  0.000000e+00  5.769906e+11  0.000000e+00  0.000000e+00  5.037956e+09  3.512209e+09  2.858591e+09  2.575009e+09
1.343685e+03  6.361604e+10  0.000000e+00  0.000000e+00  5.721355e+11  0.000000e+00  0.000000e+00  1.242552e+11  9.489829e+10  8.063443e+10  7.403032e+10
1.355953e+03  6.308033e+10  0.000000e+00  0.000000e+00  5.673175e+11  0.000000e+00  0.000000e+00  3.764962e+10  2.242165e+10  1.708995e+10  1.497748e+10
1.368334e+03  6.254872e+10  0.000000e+00  0.000000e+00  5.625365e+11  0.000000e+00  0.000000e+00  7.524398e+10  5.623407e+10  4.671260e+10  4.236777e+10
1.380828e+03  6.202120e+10  0.000000e+00  0.000000e+00  5.577922e+11  0.000000e+00  0.000000e+00  3.966232e+10  2.844422e+10  2.320355e+10  2.088048e+10
1.393435e+03  6.149773e+10  0.000000e+00  0.000000e+00  5.530843e+11  0.000000e+00  0.000000e+00  2.112338e+10  1.460421e+10  1.173201e+10  1.048853e+10
1.406158e+03  6.097830e+10  0.000000e+00  0.000000e+00  5.484128e+11  0.000000e+00  0.000000e+00  1.170417e+10  7.861687e+09  6.243871e+09  5.555682e+09
1.418674e+03  6.047577e+10  0.000000e+00  0.000000e+00  5.438933e+11  0.000000e+00  0.000000e+00  7.029934e+09  4.642101e+09  3.664964e+09  3.253398e+09
1.430976e+03  5.998972e+10  0.000000e+00  0.000000e+00  5.395219e+11  0.000000e+00  0.000000e+00  4.708528e+09  3.098932e+09  2.446306e+09  2.171875e+09
1.443386e+03  5.950724e+10  0.000000e+00  0.000000e+00  5.351827e+11  0.000000e+00  0.000000e+00  3.531508e+09  2.342258e+09  1.856446e+09  1.651185e+09
1.455903e+03  5.902831e+10  0.000000e+00  0.000000e+00  5.308754e+11  0.000000e+00  0.000000e+00  6.846765e+09  3.747371e+09  2.807891e+09  2.446077e+09
1.468529e+03  5.855292e+10  0.000000e+00  0.000000e+00  5.265999e+11  0.000000e+00  0.000000e+00  2.954458e+10  1.962566e+10  1.567471e+10  1.399988e+10
1.481264e+03  5.808104e+10  0.000000e+00  0.000000e+00  5.223560e+11  0.000000e+00  0.000000e+00  3.603098e+09  2.206563e+09  1.718705e+09  1.520089e+09
1.494110e+03  5.761265e+10  0.000000e+00  0.000000e+00  5.181435e+11  0.000000e+00  0.000000e+00  2.915443e+09  1.878841e+09  1.485939e+09  1.321707e+09
1.507067e+03  5.714773e+10  0.000000e+00  0.000000e+00  5.139623e+11  0.000000e+00  0.000000e+00  2.559425e+09  1.712513e+09  1.368543e+09  1.221913e+09
1.520136e+03  5.668626e+10  0.000000e+00  0.000000e+00  5.098120e+11  0.000000e+00  0.000000e+00  2.386416e+09  1.634837e+09  1.314522e+09  1.176240e+09
1.533319e+03  5.622823e+10  0.000000e+00  0.000000e+00  5.056926e+11  0.000000e+00  0.000000e+00  2.312425e+09  1.605344e+09  1.295047e+09  1.160140e+09
1.546616e+03  5.577360e+10  0.000000e+00  0.000000e+00  5.016039e+11  0.000000e+00  0.000000e+00  2.292190e+09  1.602499e+09  1.294853e+09  1.160616e+09
1.560028e+03  5.532236e+10  0.000000e+00  0.000000e+00  4.975456e+11  0.000000e+00  0.000000e+00  2.302479e+09  1.615624e+09  1.306533e+09  1.171398e+09
1.573557e+03  5.487448e+10  0.000000e+00  0.000000e+00  4.935176e+11  0.000000e+00  0.000000e+00  9.140050e+09  6.836581e+09  5.686372e+09  5.160885e+09
1.587203e+03  5.442995e+10  0.000000e+00  0.000000e+00  4.895197e+11  0.000000e+00  0.000000e+00  2.320894e+09  1.633693e+09  1.321577e+09  1.184926e+09
1.600967e+03  5.398875e+10  0.000000e+00  0.000000e+00  4.855518e+11  0.000000e+00  0.000000e+00  2.337024e+09  1.642348e+09  1.327526e+09  1.189835e+09
1.614851e+03  5.355086e+10  0.000000e+00  0.000000e+00  4.816135e+11  0.000000e+00  0.000000e+00  2.359756e+09  1.656484e+09  1.338340e+09  1.199309e+09
1.628855e+03  5.311625e+10  0.000000e+00  0.000000e+00  4.777048e+11  0.000000e+00  0.000000e+00  2.392985e+09  1.678304e+09  1.355301e+09  1.214240e+09
1.642980e+03  5.268490e+10  0.000000e+00  0.000000e+00  4.738255e+11  0.000000e+00  0.000000e+00  2.435518e+09  1.707493e+09  1.378463e+09  1.234811e+09
1.657229e+03  5.225680e+10  0.000000e+00  0.000000e+00  4.699753e+11  0.000000e+00  0.000000e+00  7.794157e+09  5.866520e+09  4.877748e+09  4.423628e+09
1.671600e+03  5.183192e+10  0.000000e+00  0.000000e+00  4.661542e+11  0.000000e+00  0.000000e+00  2.488397e+09  1.747737e+09  1.412251e+09  1.265635e+09
1.685748e+03  5.142029e+10  0.000000e+00  0.000000e+00  4.624521e+11  0.000000e+00  0.000000e+00  2.542346e+09  1.786286e+09  1.443340e+09  1.293420e+09
1.699668e+03  5.102158e+10  0.000000e+00  0.000000e+00  4.588663e+11  0.000000e+00  0.000000e+00  7.469189e+09  5.644052e+09  4.696623e+09  4.260140e+09
1.713703e+03  5.062575e+10  0.000000e+00  0.000000e+00  4.553063e+11  0.000000e+00  0.000000e+00  8.698673e+09  6.637342e+09  5.540749e+09  5.031704e+09
1.727854e+03  5.023277e+10  0.000000e+00  0.000000e+00  4.517720e+11  0.000000e+00  0.000000e+00  7.258202e+09  5.511106e+09  4.589187e+09  4.162983e+09
1.742122e+03  4.984262e+10  0.000000e+00  0.000000e+00  4.482632e+11  0.000000e+00  0.000000e+00  2.788552e+10  2.139108e+10  1.791074e+10  1.630409e+10
1.756507e+03  4.945529e+10  0.000000e+00  0.000000e+00  4.447797e+11  0.000000e+00  0.000000e+00  7.116983e+09  5.720385e+09  4.888918e+09  4.485574e+09
1.771011e+03  4.907076e+10  0.000000e+00  0.000000e+00  4.413215e+11  0.000000e+00  0.000000e+00  2.504936e+10  2.013637e+10  1.715035e+10  1.569930e+10
1.785635e+03  4.868902e+10  0.000000e+00  0.000000e+00  4.378882e+11  0.000000e+00  0.000000e+00  1.244050e+10  9.264732e+09  7.645609e+09  6.907995e+09
1.800380e+03  4.831005e+10  0.000000e+00  0.000000e+00  4.344799e+11  0.000000e+00  0.000000e+00  6.895332e+09  4.861767e+09  3.923726e+09  3.512313e+09
1.815247e+03  4.793382e+10  0.000000e+00  0.000000e+00  4.310963e+11  0.000000e+00  0.000000e+00  4.526465e+09  3.174550e+09  2.623750e+09  2.391243e+09
1.830236e+03  4.756033e+10  0.000000e+00  0.000000e+00  4.277373e+11  0.000000e+00  0.000000e+00  3.783223e+09  2.844958e+09  2.488345e+09  2.334111e+09
1.845349e+03  4.718955e+10  0.000000e+00  0.000000e+00  4.244027e+11  0.000000e+00  0.000000e+00  9.558650e+09  6.821981e+09  5.531359e+09  4.959839e+09
1.860587e+03  4.682148e+10  0.000000e+00  0.000000e+00  4.210924e+11  0.000000e+00  0.000000e+00  8.481511e+10  6.023528e+10  4.868504e+10  4.357997e+10
1.875951e+03  4.645609e+10  0.000000e+00  0.000000e+00  4.178062e+11  0.000000e+00  0.000000e+00  2.932104e+09  2.056232e+09  1.658240e+09  1.484533e+09
1.891441e+03  4.609336e+10  0.000000e+00  0.000000e+00  4.145440e+11  0.000000e+00  0.000000e+00  4.128201e+09  2.823400e+09  2.254409e+09  2.009836e+09
1.907060e+03  4.573328e+10  0.000000e+00  0.000000e+00  4.113056e+11  0.000000e+00  0.000000e+00  4.991838e+09  3.386578e+09  2.694107e+09  2.397894e+09
1.922807e+03  4.537583e+10  0.000000e+00  0.000000e+00  4.080909e+11  0.000000e+00  0.000000e+00  2.683008e+09  1.849960e+09  1.483632e+09  1.325418e+09
1.938684e+03  4.502100e+10  0.000000e+00  0.000000e+00  4.048997e+11  0.000000e+00  0.000000e+00  2.695064e+09  1.852436e+09  1.483906e+09  1.325067e+09
1.954693e+03  4.466877e+10  0.000000e+00  0.000000e+00  4.017319e+11  0.000000e+00  0.000000e+00  2.693708e+09  1.876061e+09  1.509215e+09  1.349830e+09
1.970834e+03  4.431913e+10  0.000000e+00  0.000000e+00  3.985873e+11  0.000000e+00  0.000000e+00  1.683986e+10  1.134898e+10  8.970490e+09  7.957883e+09
1.987108e+03  4.397205e+10  0.000000e+00  0.000000e+00  3.954658e+11  0.000000e+00  0.000000e+00  8.301426e+09  5.382476e+09  4.203966e+09  3.713206e+09
2.003140e+03  4.363535e+10  0.000000e+00  0.000000e+00  3.924377e+11  0.000000e+00  0.000000e+00  1.151184e+10  7.337580e+09  5.699641e+09  5.022983e+09
2.018926e+03  4.330879e+10  0.000000e+00  0.000000e+00  3.895007e+11  0.000000e+00  0.000000e+00  3.610849e+09  2.374189e+09  1.872733e+09  1.662050e+09
2.034837e+03  4.298452e+10  0.000000e+00  0.000000e+00  3.865844e+11  0.000000e+00  0.000000e+00  3.063560e+09  2.051806e+09  1.629804e+09  1.450562e+09
2.050872e+03  4.266254e+10  0.000000e+00  0.000000e+00  3.836886e+11  0.000000e+00  0.000000e+00  2.850474e+09  1.931325e+09  1.540064e+09  1.372787e+09
2.067035e+03  4.234282e+10  0.000000e+00  0.000000e+00  3.808132e+11  0.000000e+00  0.000000e+00  2.777997e+09  1.892342e+09  1.511369e+09  1.348009e+09
2.083324e+03  4.202535e+10  0.000000e+00  0.000000e+00  3.779581e+11  0.000000e+00  0.000000e+00  2.765468e+09  1.887120e+09  1.507775e+09  1.344958e+09
2.099742e+03  4.171013e+10  0.000000e+00  0.000000e+00  3.751230e+11  0.000000e+00  0.000000e+00  2.779307e+09  1.896534e+09  1.514993e+09  1.351254e+09
2.116289e+03  4.139712e+10  0.000000e+00  0.000000e+00  3.723080e+11  0.000000e+00  0.000000e+00  2.805522e+09  1.912857e+09  1.527313e+09  1.361962e+09
2.132967e+03  4.108633e+10  0.000000e+00  0.000000e+00  3.695129e+11  0.000000e+00  0.000000e+00  2.838097e+09  1.932906e+09  1.542534e+09  1.375242e+09
2.149776e+03  4.077774e+10  0.000000e+00  0.000000e+00  3.667376e+11  0.000000e+00  0.000000e+00  2.876076e+09  1.956189e+09  1.560078e+09  1.390467e+09
2.166718e+03  4.047133e+10  0.000000e+00  0.000000e+00  3.639819e+11  0.000000e+00  0.000000e+00  2.919378e+09  1.982903e+09  1.580268e+09  1.408015e+09
2.183793e+03  4.016710e+10  0.000000e+00  0.000000e+00  3.612457e+11  0.000000e+00  0.000000e+00  9.440564e+09  6.148640e+09  4.801635e+09  4.239156e+09
2.201002e+03  3.986501e+10  0.000000e+00  0.000000e+00  3.585289e+11  0.000000e+00  0.000000e+00  2.972140e+09  2.011011e+09  1.600426e+09  1.425224e+09
2.218348e+03  3.956508e+10  0.000000e+00  0.000000e+00  3.558314e+11  0.000000e+00  0.000000e+00  2.992781e+09  2.019938e+09  1.605970e+09  1.429618e+09
2.235829e+03  3.926727e+10  0.000000e+00  0.000000e+00  3.531530e+11  0.000000e+00  0.000000e+00  3.021394e+09  2.034418e+09  1.616006e+09  1.438048e+09
2.253449e+03  3.897157e+10  0.000000e+00  0.000000e+00  3.504937e+11  0.000000e+00  0.000000e+00  3.056897e+09  2.053258e+09  1.629447e+09  1.449504e+09
2.271208e+03  3.867798e+10  0.000000e+00  0.000000e+00  3.478533e+11  0.000000e+00  0.000000e+00  3.052896e+09  2.052287e+09  1.630234e+09  1.450980e+09
2.289106e+03  3.838649e+10  0.000000e+00  0.000000e+00  3.452316e+11  0.000000e+00  0.000000e+00  7.804207e+09  5.074197e+09  3.958746e+09  3.494291e+09
2.307146e+03  3.809706e+10  0.000000e+00  0.000000e+00  3.426287e+11  0.000000e+00  0.000000e+00  3.139960e+09  2.206349e+09  1.990807e+09  1.947284e+09
2.325328e+03  3.780970e+10  0.000000e+00  0.000000e+00  3.400443e+11  0.000000e+00  0.000000e+00  3.190170e+09  2.134486e+09  1.699110e+09  1.515609e+09
2.343653e+03  3.752439e+10  0.000000e+00  0.000000e+00  3.374783e+11  0.000000e+00  0.000000e+00  6.901308e+09  4.614093e+09  3.663159e+09  3.259807e+09
2.362122e+03  3.724112e+10  0.000000e+00  0.000000e+00  3.349307e+11  0.000000e+00  0.000000e+00  3.138174e+09  2.121917e+09  1.689434e+09  1.505054e+09
2.379612e+03  3.697675e+10  0.000000e+00  0.000000e+00  3.325531e+11  0.000000e+00  0.000000e+00  1.013844e+10  6.763190e+09  5.412214e+09  4.837168e+09
2.396106e+03  3.673081e+10  0.000000e+00  0.000000e+00  3.303412e+11  0.000000e+00  0.000000e+00  1.095542e+10  7.821548e+09  6.433797e+09  5.812462e+09
2.412715e+03  3.648642e+10  0.000000e+00  0.000000e+00  3.281433e+11  0.000000e+00  0.000000e+00  1.914348e+10  1.346597e+10  1.078676e+10  9.614486e+09
2.429440e+03  3.624357e+10  0.000000e+00  0.000000e+00  3.259592e+11  0.000000e+00  0.000000e+00  5.967074e+09  3.928311e+09  3.077510e+09  2.721388e+09
2.446280e+03  3.600225e+10  0.000000e+00  0.000000e+00  3.237889e+11  0.000000e+00  0.000000e+00  3.625599e+10  2.365626e+10  1.834500e+10  1.613494e+10
2.463236e+03  3.576245e+10  0.000000e+00  0.000000e+00  3.216322e+11  0.000000e+00  0.000000e+00  1.325000e+10  8.387479e+09  6.463621e+09  5.675002e+09
2.480311e+03  3.552417e+10  0.000000e+00  0.000000e+00  3.194892e+11  0.000000e+00  0.000000e+00  5.895242e+09  3.749924e+09  2.911205e+09  2.565962e+09
2.497503e+03  3.528740e+10  0.000000e+00  0.000000e+00  3.173598e+11  0.000000e+00  0.000000e+00  3.944473e+09  2.558802e+09  2.007716e+09  1.778047e+09
2.514815e+03  3.505212e+10  0.000000e+00  0.000000e+00  3.152438e+11  0.000000e+00  0.000000e+00  3.777984e+09  2.468922e+09  1.941923e+09  1.721437e+09
2.532247e+03  3.481833e+10  0.000000e+00  0.000000e+00  3.131412e+11  0.000000e+00  0.000000e+00  2.948604e+09  1.987386e+09  1.581819e+09  1.409186e+09
2.549800e+03  3.458602e+10  0.000000e+00  0.000000e+00  3.110519e+11  0.000000e+00  0.000000e+00  2.858299e+09  1.938466e+09  1.545548e+09  1.377592e+09
2.567474e+03  3.435518e+10  0.000000e+00  0.000000e+00  3.089758e+11  0.000000e+00  0.000000e+00  3.134332e+09  2.101163e+09  1.667397e+09  1.483308e+09
2.585271e+03  3.412581e+10  0.000000e+00  0.000000e+00  3.069129e+11  0.000000e+00  0.000000e+00  2.846013e+09  1.933747e+09  1.542273e+09  1.374813e+09
2.603191e+03  3.389789e+10  0.000000e+00  0.000000e+00  3.048631e+11  0.000000e+00  0.000000e+00  3.437241e+09  2.277845e+09  1.799246e+09  1.597569e+09
2.621235e+03  3.367142e+10  0.000000e+00  0.000000e+00  3.028263e+11  0.000000e+00  0.000000e+00  3.302598e+09  2.181381e+09  1.723129e+09  1.530287e+09
2.639405e+03  3.344638e+10  0.000000e+00  0.000000e+00  3.008025e+11  0.000000e+00  0.000000e+00  2.918289e+09  1.976335e+09  1.574147e+09  1.402496e+09
2.657700e+03  3.322278e+10  0.000000e+00  0.000000e+00  2.987915e+11  0.000000e+00  0.000000e+00  2.948946e+09  1.994253e+09  1.587555e+09  1.414134e+09
2.676123e+03  3.300060e+10  0.000000e+00  0.000000e+00  2.967933e+11  0.000000e+00  0.000000e+00  5.813970e+09  3.683990e+09  2.853067e+09  2.512181e+09
2.694673e+03  3.277983e+10  0.000000e+00  0.000000e+00  2.948077e+11  0.000000e+00  0.000000e+00  4.776189e+09  3.016588e+09  2.342077e+09  2.065336e+09
2.713351e+03  3.256046e+10  0.000000e+00  0.000000e+00  2.928349e+11  0.000000e+00  0.000000e+00  3.585386e+09  2.334694e+09  1.835973e+09  1.627721e+09
2.732159e+03  3.234249e+10  0.000000e+00  0.000000e+00  2.908746e+11  0.000000e+00  0.000000e+00  3.199685e+09  2.127421e+09  1.684765e+09  1.497788e+09
2.751097e+03  3.212592e+10  0.000000e+00  0.000000e+00  2.889268e+11  0.000000e+00  0.000000e+00  3.085396e+09  2.069839e+09  1.643414e+09  1.462471e+09
2.770167e+03  3.191072e+10  0.000000e+00  0.000000e+00  2.869914e+11  0.000000e+00  0.000000e+00  3.063596e+09  2.060538e+09  1.637003e+09  1.457075e+09
2.789369e+03  3.169690e+10  0.000000e+00  0.000000e+00  2.850683e+11  0.000000e+00  0.000000e+00  3.072996e+09  2.066288e+09  1.641252e+09  1.460753e+09
2.808704e+03  3.148444e+10  0.000000e+00  0.000000e+00  2.831576e+11  0.000000e+00  0.000000e+00  3.094720e+09  2.078589e+09  1.650245e+09  1.468506e+09
2.827123e+03  3.128465e+10  0.000000e+00  0.000000e+00  2.813607e+11  0.000000e+00  0.000000e+00  3.118545e+09  2.091551e+09  1.659633e+09  1.476551e+09
2.844614e+03  3.109724e+10  0.000000e+00  0.000000e+00  2.796753e+11  0.000000e+00  0.000000e+00  3.142072e+09  2.103969e+09  1.668516e+09  1.484143e+09
2.862212e+03  3.091090e+10  0.000000e+00  0.000000e+00  2.779994e+11  0.000000e+00  0.000000e+00  3.158429e+09  2.111072e+09  1.673601e+09  1.488602e+09
2.879920e+03  3.072562e+10  0.000000e+00  0.000000e+00  2.763331e+11  0.000000e+00  0.000000e+00  4.755800e+09  2.954249e+09  2.283785e+09  2.011313e+09
2.897737e+03  3.054141e+10  0.000000e+00  0.000000e+00  2.746764e+11  0.000000e+00  0.000000e+00  3.203736e+09  2.134003e+09  1.689979e+09  1.502619e+09
2.915665e+03  3.035825e+10  0.000000e+00  0.000000e+00  2.730291e+11  0.000000e+00  0.000000e+00  3.224521e+09  2.144030e+09  1.697076e+09  1.508715e+09
2.933703e+03  3.017613e+10  0.000000e+00  0.000000e+00  2.713912e+11  0.000000e+00  0.000000e+00  3.202876e+09  2.131241e+09  1.688980e+09  1.502474e+09
2.951853e+03  2.999506e+10  0.000000e+00  0.000000e+00  2.697628e+11  0.000000e+00  0.000000e+00  3.226649e+09  2.143591e+09  1.698148e+09  1.510525e+09
2.970115e+03  2.981503e+10  0.000000e+00  0.000000e+00  2.681436e+11  0.000000e+00  0.000000e+00  3.252036e+09  2.157348e+09  1.708674e+09  1.519849e+09
2.988491e+03  2.963602e+10  0.000000e+00  0.000000e+00  2.665337e+11  0.000000e+00  0.000000e+00  3.278967e+09  2.172728e+09  1.721286e+09  1.531648e+09
3.006980e+03  2.945805e+10  0.000000e+00  0.000000e+00  2.649331e+11  0.000000e+00  0.000000e+00  3.313660e+09  2.483912e+09  2.297016e+09  2.228564e+09
3.025583e+03  2.928109e+10  0.000000e+00  0.000000e+00  2.633416e+11  0.000000e+00  0.000000e+00  4.235788e+09  2.695571e+09  2.120813e+09  1.885103e+09
3.044301e+03  2.910515e+10  0.000000e+00  0.000000e+00  2.617593e+11  0.000000e+00  0.000000e+00  3.261208e+09  2.174495e+09  1.730204e+09  1.542774e+09
3.063135e+03  2.893022e+10  0.000000e+00  0.000000e+00  2.601860e+11  0.000000e+00  0.000000e+00  6.643311e+09  4.851554e+09  3.898967e+09  3.478024e+09
3.082086e+03  2.875629e+10  0.000000e+00  0.000000e+00  2.586218e+11  0.000000e+00  0.000000e+00  3.416319e+09  2.541324e+09  2.109903e+09  1.909654e+09
3.101154e+03  2.858336e+10  0.000000e+00  0.000000e+00  2.570666e+11  0.000000e+00  0.000000e+00  4.137884e+09  2.626560e+09  2.051558e+09  1.815008e+09
3.120340e+03  2.841143e+10  0.000000e+00  0.000000e+00  2.555203e+11  0.000000e+00  0.000000e+00  3.371562e+09  2.220530e+09  1.757439e+09  1.562951e+09
3.139645e+03  2.824048e+10  0.000000e+00  0.000000e+00  2.539829e+11  0.000000e+00  0.000000e+00  4.128161e+09  2.619193e+09  2.045189e+09  1.809167e+09
3.159069e+03  2.807052e+10  0.000000e+00  0.000000e+00  2.524543e+11  0.000000e+00  0.000000e+00  3.876713e+09  2.490985e+09  1.953224e+09  1.730664e+09
3.178613e+03  2.790154e+10  0.000000e+00  0.000000e+00  2.509345e+11  0.000000e+00  0.000000e+00  4.247273e+09  2.681701e+09  2.090275e+09  1.847769e+09
3.198278e+03  2.773353e+10  0.000000e+00  0.000000e+00  2.494235e+11  0.000000e+00  0.000000e+00  4.996881e+09  3.069110e+09  2.368815e+09  2.085826e+09
3.218065e+03  2.756649e+10  0.000000e+00  0.000000e+00  2.479212e+11  0.000000e+00  0.000000e+00  4.492457e+09  2.841849e+09  2.212604e+09  1.954733e+09
3.237974e+03  2.740041e+10  0.000000e+00  0.000000e+00  2.464275e+11  0.000000e+00  0.000000e+00  6.376757e+09  3.789507e+09  2.889215e+09  2.531582e+09
3.258007e+03  2.723528e+10  0.000000e+00  0.000000e+00  2.449425e+11  0.000000e+00  0.000000e+00  4.191934e+09  2.661333e+09  2.094832e+09  1.862543e+09
3.278163e+03  2.707111e+10  0.000000e+00  0.000000e+00  2.434660e+11  0.000000e+00  0.000000e+00  3.573208e+09  2.335731e+09  1.845126e+09  1.640073e+09
3.298444e+03  2.690789e+10  0.000000e+00  0.000000e+00  2.419980e+11  0.000000e+00  0.000000e+00  3.352512e+09  2.230019e+09  1.769912e+09  1.575866e+09
3.318850e+03  2.674561e+10  0.000000e+00  0.000000e+00  2.405386e+11  0.000000e+00  0.000000e+00  3.312665e+09  2.213083e+09  1.758306e+09  1.566100e+09
3.339383e+03  2.658426e+10  0.000000e+00  0.000000e+00  2.390875e+11  0.000000e+00  0.000000e+00  3.311367e+09  2.215159e+09  1.760626e+09  1.568406e+09
3.358744e+03  2.643388e+10  0.000000e+00  0.000000e+00  2.377350e+11  0.000000e+00  0.000000e+00  3.345579e+09  2.233741e+09  1.774473e+09  1.580494e+09
3.376919e+03  2.629423e+10  0.000000e+00  0.000000e+00  2.364790e+11  0.000000e+00  0.000000e+00  3.343602e+09  2.234593e+09  1.775743e+09  1.581846e+09
3.395193e+03  2.615528e+10  0.000000e+00  0.000000e+00  2.352294e+11  0.000000e+00  0.000000e+00  3.402713e+09  2.264926e+09  1.797894e+09  1.600963e+09
3.413565e+03  2.601704e+10  0.000000e+00  0.000000e+00  2.339862e+11  0.000000e+00  0.000000e+00  3.383577e+09  2.257682e+09  1.793525e+09  1.597572e+09
3.432037e+03  2.587950e+10  0.000000e+00  0.000000e+00  2.327492e+11  0.000000e+00  0.000000e+00  3.404702e+09  2.269840e+09  1.802869e+09  1.605832e+09
3.450608e+03  2.574266e+10  0.000000e+00  0.000000e+00  2.315185e+11  0.000000e+00  0.000000e+00  3.425972e+09  2.281756e+09  1.812020e+09  1.613935e+09
3.469281e+03  2.560651e+10  0.000000e+00  0.000000e+00  2.302940e+11  0.000000e+00  0.000000e+00  3.447773e+09  2.294266e+09  1.821658e+09  1.622465e+09
3.488054e+03  2.547105e+10  0.000000e+00  0.000000e+00  2.290757e+11  0.000000e+00  0.000000e+00  3.530483e+09  2.336948e+09  1.852798e+09  1.649329e+09
3.506929e+03  2.533627e+10  0.000000e+00  0.000000e+00  2.278636e+11  0.000000e+00  0.000000e+00  3.692630e+09  2.415274e+09  1.908662e+09  1.697037e+09
3.525906e+03  2.520218e+10  0.000000e+00  0.000000e+00  2.266577e+11  0.000000e+00  0.000000e+00  3.573142e+09  2.358570e+09  1.869390e+09  1.664084e+09
3.544985e+03  2.506877e+10  0.000000e+00  0.000000e+00  2.254578e+11  0.000000e+00  0.000000e+00  3.549781e+09  2.350118e+09  1.864465e+09  1.660355e+09
3.564168e+03  2.493604e+10  0.000000e+00  0.000000e+00  2.242641e+11  0.000000e+00  0.000000e+00  3.556906e+09  2.356135e+09  1.869772e+09  1.665329e+09
3.583455e+03  2.480398e+10  0.000000e+00  0.000000e+00  2.230764e+11  0.000000e+00  0.000000e+00  3.574063e+09  2.366807e+09  1.878396e+09  1.673147e+09
3.602846e+03  2.467259e+10  0.000000e+00  0.000000e+00  2.218948e+11  0.000000e+00  0.000000e+00  3.594628e+09  2.379052e+09  1.888204e+09  1.681985e+09
3.622342e+03  2.454187e+10  0.000000e+00  0.000000e+00  2.207191e+11  0.000000e+00  0.000000e+00  3.607632e+09  2.386559e+09  1.894841e+09  1.688303e+09
3.641943e+03  2.441182e+10  0.000000e+00  0.000000e+00  2.195495e+11  0.000000e+00  0.000000e+00  3.630197e+09  2.400084e+09  1.905767e+09  1.698234e+09
3.661651e+03  2.428242e+10  0.000000e+00  0.000000e+00  2.183857e+11  0.000000e+00  0.000000e+00  3.653364e+09  2.414168e+09  1.917274e+09  1.708714e+09
3.681465e+03  2.415369e+10  0.000000e+00  0.000000e+00  2.172279e+11  0.000000e+00  0.000000e+00  3.720201e+09  2.447256e+09  1.942002e+09  1.730416e+09
3.701386e+03  2.402561e+10  0.000000e+00  0.000000e+00  2.160760e+11  0.000000e+00  0.000000e+00  3.672011e+09  2.430793e+09  1.933575e+09  1.724669e+09
3.721416e+03  2.389818e+10  0.000000e+00  0.000000e+00  2.149300e+11  0.000000e+00  0.000000e+00  3.697513e+09  2.509516e+09  2.110309e+09  1.957496e+09
3.741553e+03  2.377139e+10  0.000000e+00  0.000000e+00  2.137898e+11  0.000000e+00  0.000000e+00  3.773435e+09  2.953128e+09  2.606837e+09  2.430877e+09
3.761800e+03  2.364526e+10  0.000000e+00  0.000000e+00  2.126553e+11  0.000000e+00  0.000000e+00  3.752190e+09  2.543458e+09  2.061598e+09  1.855777e+09
3.782156e+03  2.351977e+10  0.000000e+00  0.000000e+00  2.115267e+11  0.000000e+00  0.000000e+00  3.770268e+09  2.502851e+09  1.998034e+09  1.785317e+09
3.802622e+03  2.339491e+10  0.000000e+00  0.000000e+00  2.104038e+11  0.000000e+00  0.000000e+00  3.754136e+09  2.494952e+09  1.988487e+09  1.774947e+09
3.823199e+03  2.327069e+10  0.000000e+00  0.000000e+00  2.092867e+11  0.000000e+00  0.000000e+00  6.371758e+09  4.042790e+09  3.142463e+09  2.773801e+09
3.843887e+03  2.314711e+10  0.000000e+00  0.000000e+00  2.081752e+11  0.000000e+00  0.000000e+00  4.427826e+09  3.111973e+09  2.487990e+09  2.218976e+09
3.864688e+03  2.302416e+10  0.000000e+00  0.000000e+00  2.070694e+11  0.000000e+00  0.000000e+00  3.849819e+09  2.531064e+09  2.010235e+09  1.791899e+09
3.885601e+03  2.290183e+10  0.000000e+00  0.000000e+00  2.059693e+11  0.000000e+00  0.000000e+00  3.817286e+09  2.518421e+09  2.002206e+09  1.785446e+09
3.906627e+03  2.278013e+10  0.000000e+00  0.000000e+00  2.048747e+11  0.000000e+00  0.000000e+00  3.802406e+09  2.516779e+09  2.002876e+09  1.786713e+09
3.927766e+03  2.265905e+10  0.000000e+00  0.000000e+00  2.037858e+11  0.000000e+00  0.000000e+00  3.820314e+09  2.527197e+09  2.011206e+09  1.794207e+09
3.949021e+03  2.253858e+10  0.000000e+00  0.000000e+00  2.027024e+11  0.000000e+00  0.000000e+00  3.839364e+09  2.538616e+09  2.020368e+09  1.802459e+09
3.970390e+03  2.241874e+10  0.000000e+00  0.000000e+00  2.016245e+11  0.000000e+00  0.000000e+00  3.949179e+09  2.588563e+09  2.055997e+09  1.832990e+09
3.990416e+03  2.230756e+10  0.000000e+00  0.000000e+00  2.006247e+11  0.000000e+00  0.000000e+00  3.866077e+09  2.558558e+09  2.037216e+09  1.817894e+09
4.009084e+03  2.220489e+10  0.000000e+00  0.000000e+00  1.997013e+11  0.000000e+00  0.000000e+00  3.883574e+09  2.569106e+09  2.045674e+09  1.825488e+09
4.027840e+03  2.210268e+10  0.000000e+00  0.000000e+00  1.987821e+11  0.000000e+00  0.000000e+00  3.901668e+09  2.580083e+09  2.054450e+09  1.833389e+09
4.046683e+03  2.200092e+10  0.000000e+00  0.000000e+00  1.978669e+11  0.000000e+00  0.000000e+00  3.920339e+09  2.591314e+09  2.063340e+09  1.841369e+09
4.065615e+03  2.189961e+10  0.000000e+00  0.000000e+00  1.969557e+11  0.000000e+00  0.000000e+00  3.939034e+09  2.618034e+09  2.107623e+09  1.894513e+09
4.084635e+03  2.179875e+10  0.000000e+00  0.000000e+00  1.960486e+11  0.000000e+00  0.000000e+00  3.970648e+09  2.686746e+09  2.167452e+09  1.944889e+09
4.103744e+03  2.169833e+10  0.000000e+00  0.000000e+00  1.951455e+11  0.000000e+00  0.000000e+00  3.978197e+09  2.631429e+09  2.098373e+09  1.874079e+09
4.122943e+03  2.159836e+10  0.000000e+00  0.000000e+00  1.942464e+11  0.000000e+00  0.000000e+00  4.056942e+09  2.663175e+09  2.118357e+09  1.890021e+09
4.142231e+03  2.149884e+10  0.000000e+00  0.000000e+00  1.933513e+11  0.000000e+00  0.000000e+00  4.054833e+09  2.664009e+09  2.119332e+09  1.890969e+09
4.161610e+03  2.139975e+10  0.000000e+00  0.000000e+00  1.924602e+11  0.000000e+00  0.000000e+00  4.044305e+09  2.662721e+09  2.119494e+09  1.891513e+09
4.181079e+03  2.130110e+10  0.000000e+00  0.000000e+00  1.915730e+11  0.000000e+00  0.000000e+00  4.053964e+09  2.670422e+09  2.126129e+09  1.897633e+09
4.200640e+03  2.120289e+10  0.000000e+00  0.000000e+00  1.906897e+11  0.000000e+00  0.000000e+00  4.070063e+09  2.681009e+09  2.134879e+09  1.905588e+09
4.220292e+03  2.110512e+10  0.000000e+00  0.000000e+00  1.898104e+11  0.000000e+00  0.000000e+00  4.088037e+09  2.692246e+09  2.144083e+09  1.913952e+09
4.240036e+03  2.100778e+10  0.000000e+00  0.000000e+00  1.889350e+11  0.000000e+00  0.000000e+00  4.107098e+09  2.704129e+09  2.153762e+09  1.922738e+09
4.259872e+03  2.091087e+10  0.000000e+00  0.000000e+00  1.880634e+11  0.000000e+00  0.000000e+00  4.124211e+09  2.714125e+09  2.162120e+09  1.930406e+09
4.279801e+03  2.081439e+10  0.000000e+00  0.000000e+00  1.871957e+11  0.000000e+00  0.000000e+00  4.143354e+09  2.726135e+09  2.171950e+09  1.939332e+09
4.299823e+03  2.071834e+10  0.000000e+00  0.000000e+00  1.863319e+11  0.000000e+00  0.000000e+00  4.162501e+09  2.738211e+09  2.181848e+09  1.948332e+09
4.319939e+03  2.062271e+10  0.000000e+00  0.000000e+00  1.854718e+11  0.000000e+00  0.000000e+00  4.181620e+09  2.750280e+09  2.191787e+09  1.957353e+09
4.340149e+03  2.052751e+10  0.000000e+00  0.000000e+00  1.846157e+11  0.000000e+00  0.000000e+00  4.200639e+09  2.762329e+09  2.201703e+09  1.966391e+09
4.360454e+03  2.043273e+10  0.000000e+00  0.000000e+00  1.837633e+11  0.000000e+00  0.000000e+00  4.215115e+09  2.771267e+09  2.209516e+09  1.973665e+09
4.380853e+03  2.033838e+10  0.000000e+00  0.000000e+00  1.829147e+11  0.000000e+00  0.000000e+00  4.233959e+09  2.783327e+09  2.219480e+09  1.982754e+09
4.401348e+03  2.024444e+10  0.000000e+00  0.000000e+00  1.820698e+11  0.000000e+00  0.000000e+00  4.252761e+09  2.795405e+09  2.229471e+09  1.991881e+09
4.421939e+03  2.015092e+10  0.000000e+00  0.000000e+00  1.812287e+11  0.000000e+00  0.000000e+00  4.272241e+09  2.807779e+09  2.239711e+09  2.001204e+09
4.442626e+03  2.005781e+10  0.000000e+00  0.000000e+00  1.803914e+11  0.000000e+00  0.000000e+00  4.291331e+09  2.819989e+09  2.249860e+09  2.010437e+09
4.463410e+03  1.996512e+10  0.000000e+00  0.000000e+00  1.795578e+11  0.000000e+00  0.000000e+00  4.295095e+09  2.825211e+09  2.255466e+09  2.016036e+09
4.484291e+03  1.987285e+10  0.000000e+00  0.000000e+00  1.787279e+11  0.000000e+00  0.000000e+00  4.313184e+09  2.837107e+09  2.265436e+09  2.025171e+09
4.505270e+03  1.978098e+10  0.000000e+00  0.000000e+00  1.779017e+11  0.000000e+00  0.000000e+00  4.331457e+09  2.849187e+09  2.275540e+09  2.034411e+09
4.526347e+03  1.968952e+10  0.000000e+00  0.000000e+00  1.770791e+11  0.000000e+00  0.000000e+00  4.349690e+09  2.861263e+09  2.285680e+09  2.043707e+09
4.547523e+03  1.959847e+10  0.000000e+00  0.000000e+00  1.762602e+11  0.000000e+00  0.000000e+00  4.340019e+09  2.862855e+09  2.289392e+09  2.047893e+09
4.568798e+03  1.950782e+10  0.000000e+00  0.000000e+00  1.754450e+11  0.000000e+00  0.000000e+00  4.358833e+09  2.875384e+09  2.299922e+09  2.057548e+09
4.590172e+03  1.941758e+10  0.000000e+00  0.000000e+00  1.746334e+11  0.000000e+00  0.000000e+00  4.377612e+09  2.888075e+09  2.310593e+09  2.067321e+09
4.611646e+03  1.932774e+10  0.000000e+00  0.000000e+00  1.738254e+11  0.000000e+00  0.000000e+00  4.395801e+09  2.900625e+09  2.321224e+09  2.077100e+09
4.633221e+03  1.923829e+10  0.000000e+00  0.000000e+00  1.730210e+11  0.000000e+00  0.000000e+00  4.414527e+09  2.913460e+09  2.332088e+09  2.087057e+09
4.654897e+03  1.914925e+10  0.000000e+00  0.000000e+00  1.722202e+11  0.000000e+00  0.000000e+00  4.403195e+09  2.916399e+09  2.337069e+09  2.092437e+09
4.676674e+03  1.906061e+10  0.000000e+00  0.000000e+00  1.714229e+11  0.000000e+00  0.000000e+00  4.422209e+09  2.929593e+09  2.348245e+09  2.102692e+09
4.698553e+03  1.897236e+10  0.000000e+00  0.000000e+00  1.706293e+11  0.000000e+00  0.000000e+00  4.441491e+09  2.943033e+09  2.359636e+09  2.113164e+09
4.720534e+03  1.888450e+10  0.000000e+00  0.000000e+00  1.698391e+11  0.000000e+00  0.000000e+00  4.461196e+09  2.956783e+09  2.371321e+09  2.123895e+09
4.741071e+03  1.880313e+10  0.000000e+00  0.000000e+00  1.691074e+11  0.000000e+00  0.000000e+00  4.478887e+09  2.969248e+09  2.381914e+09  2.133654e+09
4.760150e+03  1.872816e+10  0.000000e+00  0.000000e+00  1.684331e+11  0.000000e+00  0.000000e+00  4.479371e+09  2.975680e+09  2.388649e+09  2.140227e+09
4.779306e+03  1.865348e+10  0.000000e+00  0.000000e+00  1.677614e+11  0.000000e+00  0.000000e+00  4.495238e+09  2.986985e+09  2.398319e+09  2.149134e+09
4.798539e+03  1.857908e+10  0.000000e+00  0.000000e+00  1.670923e+11  0.000000e+00  0.000000e+00  4.511566e+09  2.998631e+09  2.408261e+09  2.158296e+09
4.817849e+03  1.850497e+10  0.000000e+00  0.000000e+00  1.664258e+11  0.000000e+00  0.000000e+00  4.529247e+09  3.010912e+09  2.418676e+09  2.167867e+09
4.837237e+03  1.843114e+10  0.000000e+00  0.000000e+00  1.657618e+11  0.000000e+00  0.000000e+00  4.544922e+09  3.022516e+09  2.428664e+09  2.177107e+09
4.856703e+03  1.835760e+10  0.000000e+00  0.000000e+00  1.651004e+11  0.000000e+00  0.000000e+00  4.561824e+09  3.034667e+09  2.439048e+09  2.186671e+09
4.876247e+03  1.828434e+10  0.000000e+00  0.000000e+00  1.644415e+11  0.000000e+00  0.000000e+00  4.574866e+09  3.045779e+09  2.448868e+09  2.195797e+09
4.895870e+03  1.821136e+10  0.000000e+00  0.000000e+00  1.637852e+11  0.000000e+00  0.000000e+00  4.591943e+09  3.058147e+09  2.459453e+09  2.205554e+09
4.915572e+03  1.813866e+10  0.000000e+00  0.000000e+00  1.631313e+11  0.000000e+00  0.000000e+00  4.609099e+09  3.070602e+09  2.470107e+09  2.215381e+09
4.935354e+03  1.806624e+10  0.000000e+00  0.000000e+00  1.624800e+11  0.000000e+00  0.000000e+00  4.628393e+09  3.083935e+09  2.481385e+09  2.225717e+09
4.955215e+03  1.799410e+10  0.000000e+00  0.000000e+00  1.618312e+11  0.000000e+00  0.000000e+00  4.643539e+09  3.095711e+09  2.491627e+09  2.235193e+09
4.975156e+03  1.792223e+10  0.000000e+00  0.000000e+00  1.611849e+11  0.000000e+00  0.000000e+00  4.660070e+09  3.108140e+09  2.502330e+09  2.245068e+09
4.995177e+03  1.785065e+10  0.000000e+00  0.000000e+00  1.605411e+11  0.000000e+00  0.000000e+00  4.677355e+09  3.120807e+09  2.513172e+09  2.255079e+09
5.015278e+03  1.777934e+10  0.000000e+00  0.000000e+00  1.598997e+11  0.000000e+00  0.000000e+00  4.694625e+09  3.133507e+09  2.524064e+09  2.265096e+09
5.035461e+03  1.770830e+10  0.000000e+00  0.000000e+00  1.592609e+11  0.000000e+00  0.000000e+00  4.711916e+09  3.146223e+09  2.534953e+09  2.275122e+09
5.055725e+03  1.763753e+10  0.000000e+00  0.000000e+00  1.586245e+11  0.000000e+00  0.000000e+00  4.729165e+09  3.158938e+09  2.545841e+09  2.285152e+09
5.076070e+03  1.756704e+10  0.000000e+00  0.000000e+00  1.579905e+11  0.000000e+00  0.000000e+00  4.746444e+09  3.171658e+09  2.556722e+09  2.295164e+09
5.096497e+03  1.749682e+10  0.000000e+00  0.000000e+00  1.573590e+11  0.000000e+00  0.000000e+00  4.763658e+09  3.184361e+09  2.567565e+09  2.305137e+09
5.117006e+03  1.742687e+10  0.000000e+00  0.000000e+00  1.567299e+11  0.000000e+00  0.000000e+00  4.780882e+09  3.197040e+09  2.578388e+09  2.315084e+09
5.137598e+03  1.735719e+10  0.000000e+00  0.000000e+00  1.561032e+11  0.000000e+00  0.000000e+00  4.799560e+09  3.210295e+09  2.589560e+09  2.325316e+09
5.158273e+03  1.728778e+10  0.000000e+00  0.000000e+00  1.554789e+11  0.000000e+00  0.000000e+00  4.815658e+09  3.222475e+09  2.600020e+09  2.334910e+09
5.179031e+03  1.721864e+10  0.000000e+00  0.000000e+00  1.548571e+11  0.000000e+00  0.000000e+00  4.832383e+09  3.234889e+09  2.610547e+09  2.344581e+09
5.199873e+03  1.714976e+10  0.000000e+00  0.000000e+00  1.542376e+11  0.000000e+00  0.000000e+00  4.849349e+09  3.247328e+09  2.621077e+09  2.354206e+09
5.220798e+03  1.708115e+10  0.000000e+00  0.000000e+00  1.536205e+11  0.000000e+00  0.000000e+00  4.866349e+09  3.259696e+09  2.631524e+09  2.363738e+09
5.241808e+03  1.701280e+10  0.000000e+00  0.000000e+00  1.530058e+11  0.000000e+00  0.000000e+00  4.883301e+09  3.271973e+09  2.641807e+09  2.373134e+09
5.262902e+03  1.694471e+10  0.000000e+00  0.000000e+00  1.523935e+11  0.000000e+00  0.000000e+00  4.895288e+09  3.275056e+09  2.644288e+09  2.375647e+09
5.284081e+03  1.687689e+10  0.000000e+00  0.000000e+00  1.517836e+11  0.000000e+00  0.000000e+00  4.912179e+09  3.287348e+09  2.654687e+09  2.385189e+09
5.305345e+03  1.680933e+10  0.000000e+00  0.000000e+00  1.511760e+11  0.000000e+00  0.000000e+00  4.929167e+09  3.299890e+09  2.665390e+09  2.395015e+09
5.326695e+03  1.674203e+10  0.000000e+00  0.000000e+00  1.505707e+11  0.000000e+00  0.000000e+00  4.946249e+09  3.312753e+09  2.676432e+09  2.405190e+09
5.348131e+03  1.667499e+10  0.000000e+00  0.000000e+00  1.499678e+11  0.000000e+00  0.000000e+00  4.963438e+09  3.325803e+09  2.687715e+09  2.415591e+09
5.369653e+03  1.660821e+10  0.000000e+00  0.000000e+00  1.493671e+11  0.000000e+00  0.000000e+00  4.980701e+09  3.339020e+09  2.699143e+09  2.426174e+09
5.391261e+03  1.654169e+10  0.000000e+00  0.000000e+00  1.487689e+11  0.000000e+00  0.000000e+00  4.998030e+09  3.352379e+09  2.710743e+09  2.436922e+09
5.412957e+03  1.647542e+10  0.000000e+00  0.000000e+00  1.481729e+11  0.000000e+00  0.000000e+00  5.015424e+09  3.365900e+09  2.722501e+09  2.447819e+09
5.434740e+03  1.640941e+10  0.000000e+00  0.000000e+00  1.475792e+11  0.000000e+00  0.000000e+00  5.032903e+09  3.379535e+09  2.734384e+09  2.458824e+09
5.456610e+03  1.634365e+10  0.000000e+00  0.000000e+00  1.469878e+11  0.000000e+00  0.000000e+00  5.050454e+09  3.393284e+09  2.746411e+09  2.469992e+09
5.478569e+03  1.627815e+10  0.000000e+00  0.000000e+00  1.463987e+11  0.000000e+00  0.000000e+00  5.068087e+09  3.407186e+09  2.758557e+09  2.481254e+09
5.500616e+03  1.621290e+10  0.000000e+00  0.000000e+00  1.458119e+11  0.000000e+00  0.000000e+00  5.085817e+09  3.421183e+09  2.770817e+09  2.492648e+09
5.522751e+03  1.614790e+10  0.000000e+00  0.000000e+00  1.452273e+11  0.000000e+00  0.000000e+00  5.103607e+09  3.435338e+09  2.783218e+09  2.504181e+09
5.544976e+03  1.608316e+10  0.000000e+00  0.000000e+00  1.446450e+11  0.000000e+00  0.000000e+00  5.121479e+09  3.449597e+09  2.795742e+09  2.515818e+09
5.567290e+03  1.601866e+10  0.000000e+00  0.000000e+00  1.440650e+11  0.000000e+00  0.000000e+00  5.139456e+09  3.464012e+09  2.808412e+09  2.527627e+09
5.589694e+03  1.595441e+10  0.000000e+00  0.000000e+00  1.434872e+11  0.000000e+00  0.000000e+00  5.157472e+09  3.478530e+09  2.821203e+09  2.539541e+09
5.612188e+03  1.589041e+10  0.000000e+00  0.000000e+00  1.429116e+11  0.000000e+00  0.000000e+00  5.175854e+09  3.493412e+09  2.834320e+09  2.551757e+09
5.632995e+03  1.583166e+10  0.000000e+00  0.000000e+00  1.423832e+11  0.000000e+00  0.000000e+00  5.192245e+09  3.506794e+09  2.846180e+09  2.562821e+09
5.652102e+03  1.577809e+10  0.000000e+00  0.000000e+00  1.419014e+11  0.000000e+00  0.000000e+00  5.206590e+09  3.518732e+09  2.856800e+09  2.572775e+09
5.671273e+03  1.572469e+10  0.000000e+00  0.000000e+00  1.414211e+11  0.000000e+00  0.000000e+00  5.221233e+09  3.530934e+09  2.867688e+09  2.582963e+09
5.690509e+03  1.567146e+10  0.000000e+00  0.000000e+00  1.409424e+11  0.000000e+00  0.000000e+00  5.236290e+09  3.543480e+09  2.878908e+09  2.593465e+09
5.709811e+03  1.561841e+10  0.000000e+00  0.000000e+00  1.404653e+11  0.000000e+00  0.000000e+00  5.251773e+09  3.556467e+09  2.890527e+09  2.604401e+09
5.729178e+03  1.556553e+10  0.000000e+00  0.000000e+00  1.399897e+11  0.000000e+00  0.000000e+00  5.267685e+09  3.569874e+09  2.902561e+09  2.615710e+09
5.748611e+03  1.551282e+10  0.000000e+00  0.000000e+00  1.395157e+11  0.000000e+00  0.000000e+00  5.283973e+09  3.583709e+09  2.915004e+09  2.627399e+09
5.768109e+03  1.546028e+10  0.000000e+00  0.000000e+00  1.390432e+11  0.000000e+00  0.000000e+00  5.300794e+09  3.598068e+09  2.927987e+09  2.639625e+09
5.787674e+03  1.540792e+10  0.000000e+00  0.000000e+00  1.385722e+11  0.000000e+00  0.000000e+00  5.318160e+09  3.613040e+09  2.941536e+09  2.652441e+09
5.807305e+03  1.535573e+10  0.000000e+00  0.000000e+00  1.381028e+11  0.000000e+00  0.000000e+00  5.336171e+09  3.628712e+09  2.955806e+09  2.665933e+09
5.827003e+03  1.530370e+10  0.000000e+00  0.000000e+00  1.376350e+11  0.000000e+00  0.000000e+00  5.354979e+09  3.645246e+09  2.970929e+09  2.680275e+09
5.846768e+03  1.525185e+10  0.000000e+00  0.000000e+00  1.371686e+11  0.000000e+00  0.000000e+00  5.374721e+09  3.662809e+09  2.987065e+09  2.695594e+09
5.866599e+03  1.520017e+10  0.000000e+00  0.000000e+00  1.367038e+11  0.000000e+00  0.000000e+00  5.395649e+09  3.681617e+09  3.004454e+09  2.712163e+09
5.886498e+03  1.514865e+10  0.000000e+00  0.000000e+00  1.362405e+11  0.000000e+00  0.000000e+00  5.417962e+09  3.701946e+09  3.023347e+09  2.730175e+09
5.906464e+03  1.509730e+10  0.000000e+00  0.000000e+00  1.357787e+11  0.000000e+00  0.000000e+00  5.441968e+09  3.724126e+09  3.044062e+09  2.750016e+09
5.926499e+03  1.504613e+10  0.000000e+00  0.000000e+00  1.353184e+11  0.000000e+00  0.000000e+00  5.468000e+09  3.748540e+09  3.067003e+09  2.772032e+09
5.946601e+03  1.499511e+10  0.000000e+00  0.000000e+00  1.348596e+11  0.000000e+00  0.000000e+00  5.496546e+09  3.775634e+09  3.092601e+09  2.796660e+09
5.966771e+03  1.494427e+10  0.000000e+00  0.000000e+00  1.344024e+11  0.000000e+00  0.000000e+00  5.528024e+09  3.805935e+09  3.121367e+09  2.824390e+09
5.987009e+03  1.489359e+10  0.000000e+00  0.000000e+00  1.339466e+11  0.000000e+00  0.000000e+00  5.563039e+09  3.840050e+09  3.153883e+09  2.855777e+09
6.007317e+03  1.484308e+10  0.000000e+00  0.000000e+00  1.334923e+11  0.000000e+00  0.000000e+00  5.602098e+09  3.878577e+09  3.190744e+09  2.891435e+09
6.027693e+03  1.479273e+10  0.000000e+00  0.000000e+00  1.330395e+11  0.000000e+00  0.000000e+00  5.645917e+09  3.922224e+09  3.232654e+09  2.932017e+09
6.048138e+03  1.474254e+10  0.000000e+00  0.000000e+00  1.325881e+11  0.000000e+00  0.000000e+00  5.695132e+09  3.971705e+09  3.280276e+09  2.978158e+09
6.068653e+03  1.469252e+10  0.000000e+00  0.000000e+00  1.321383e+11  0.000000e+00  0.000000e+00  5.750451e+09  4.027679e+09  3.334252e+09  3.030504e+09
6.089237e+03  1.464267e+10  0.000000e+00  0.000000e+00  1.316899e+11  0.000000e+00  0.000000e+00  5.812449e+09  4.090860e+09  3.395233e+09  3.089656e+09
6.109891e+03  1.459298e+10  0.000000e+00  0.000000e+00  1.312430e+11  0.000000e+00  0.000000e+00  5.881802e+09  4.161791e+09  3.463778e+09  3.156149e+09
6.130615e+03  1.454345e+10  0.000000e+00  0.000000e+00  1.307975e+11  0.000000e+00  0.000000e+00  5.958978e+09  4.240992e+09  3.540291e+09  3.230387e+09
6.151409e+03  1.449408e+10  0.000000e+00  0.000000e+00  1.303535e+11  0.000000e+00  0.000000e+00  6.044414e+09  4.328802e+09  3.625122e+09  3.312661e+09
6.172274e+03  1.444487e+10  0.000000e+00  0.000000e+00  1.299110e+11  0.000000e+00  0.000000e+00  6.138386e+09  4.425469e+09  3.718416e+09  3.403109e+09
6.193210e+03  1.439582e+10  0.000000e+00  0.000000e+00  1.294699e+11  0.000000e+00  0.000000e+00  6.240996e+09  4.531017e+09  3.820218e+09  3.501718e+09
6.214217e+03  1.434694e+10  0.000000e+00  0.000000e+00  1.290302e+11  0.000000e+00  0.000000e+00  6.352354e+09  4.645448e+09  3.930379e+09  3.608393e+09
6.235295e+03  1.429821e+10  0.000000e+00  0.000000e+00  1.285920e+11  0.000000e+00  0.000000e+00  6.472420e+09  4.768626e+09  4.048829e+09  3.722966e+09
6.256444e+03  1.424965e+10  0.000000e+00  0.000000e+00  1.281552e+11  0.000000e+00  0.000000e+00  6.601136e+09  4.900442e+09  4.175360e+09  3.845286e+09
6.277665e+03  1.420124e+10  0.000000e+00  0.000000e+00  1.277199e+11  0.000000e+00  0.000000e+00  6.738623e+09  5.040992e+09  4.310064e+09  3.975349e+09
6.298958e+03  1.415299e+10  0.000000e+00  0.000000e+00  1.272860e+11  0.000000e+00  0.000000e+00  6.884939e+09  5.190368e+09  4.453011e+09  4.113334e+09
6.320324e+03  1.410490e+10  0.000000e+00  0.000000e+00  1.268534e+11  0.000000e+00  0.000000e+00  7.041104e+09  5.349696e+09  4.605268e+09  4.260190e+09
6.341762e+03  1.405697e+10  0.000000e+00  0.000000e+00  1.264224e+11  0.000000e+00  0.000000e+00  7.208103e+09  5.520202e+09  4.768052e+09  4.417077e+09
6.363272e+03  1.400919e+10  0.000000e+00  0.000000e+00  1.259927e+11  0.000000e+00  0.000000e+00  7.387780e+09  5.704061e+09  4.943513e+09  4.586130e+09
6.384856e+03  1.396157e+10  0.000000e+00  0.000000e+00  1.255644e+11  0.000000e+00  0.000000e+00  7.582764e+09  5.904335e+09  5.134694e+09  4.770295e+09
6.406513e+03  1.391411e+10  0.000000e+00  0.000000e+00  1.251375e+11  0.000000e+00  0.000000e+00  7.796640e+09  6.125158e+09  5.345642e+09  4.973517e+09
6.428243e+03  1.386680e+10  0.000000e+00  0.000000e+00  1.247121e+11  0.000000e+00  0.000000e+00  1.785696e+10  2.682519e+10  2.711056e+10  2.653446e+10
6.450047e+03  1.381965e+10  0.000000e+00  0.000000e+00  1.242880e+11  0.000000e+00  0.000000e+00  2.910300e+10  4.923998e+10  5.038920e+10  4.947804e+10
6.471924e+03  1.377265e+10  0.000000e+00  0.000000e+00  1.238653e+11  0.000000e+00  0.000000e+00  1.203671e+10  1.222499e+10  1.085604e+10  1.007925e+10
6.493877e+03  1.372580e+10  0.000000e+00  0.000000e+00  1.234440e+11  0.000000e+00  0.000000e+00  7.885091e+09  6.250932e+09  5.375619e+09  4.957942e+09
6.515903e+03  1.367911e+10  0.000000e+00  0.000000e+00  1.230241e+11  0.000000e+00  0.000000e+00  7.880302e+09  5.868137e+09  4.941749e+09  4.522034e+09
6.538004e+03  1.363257e+10  0.000000e+00  0.000000e+00  1.226055e+11  0.000000e+00  0.000000e+00  9.091784e+09  6.441669e+09  5.273686e+09  4.768899e+09
6.560181e+03  1.358619e+10  0.000000e+00  0.000000e+00  1.221884e+11  0.000000e+00  0.000000e+00  1.672182e+10  1.097712e+10  8.549596e+09  7.562659e+09
6.582432e+03  1.353995e+10  0.000000e+00  0.000000e+00  1.217725e+11  0.000000e+00  0.000000e+00  2.045797e+10  1.178934e+10  8.946193e+09  7.843028e+09
6.604759e+03  1.349387e+10  0.000000e+00  0.000000e+00  1.213581e+11  0.000000e+00  0.000000e+00  2.341017e+10  1.203852e+10  8.949741e+09  7.793727e+09
6.627161e+03  1.344794e+10  0.000000e+00  0.000000e+00  1.209450e+11  0.000000e+00  0.000000e+00  2.521742e+10  1.204646e+10  8.841031e+09  7.667231e+09
6.649640e+03  1.340216e+10  0.000000e+00  0.000000e+00  1.205333e+11  0.000000e+00  0.000000e+00  6.413307e+09  4.494092e+09  3.710515e+09  3.366184e+09
6.672195e+03  1.335653e+10  0.000000e+00  0.000000e+00  1.201229e+11  0.000000e+00  0.000000e+00  6.291135e+09  4.409098e+09  3.639430e+09  3.301042e+09
6.692965e+03  1.331478e+10  0.000000e+00  0.000000e+00  1.197474e+11  0.000000e+00  0.000000e+00  6.212787e+09  4.355185e+09  3.594425e+09  3.259851e+09
6.711940e+03  1.327686e+10  0.000000e+00  0.000000e+00  1.194064e+11  0.000000e+00  0.000000e+00  6.161985e+09  4.320840e+09  3.565896e+09  3.233757e+09
6.730969e+03  1.323904e+10  0.000000e+00  0.000000e+00  1.190663e+11  0.000000e+00  0.000000e+00  6.126647e+09  4.297544e+09  3.546650e+09  3.216198e+09
6.750052e+03  1.320133e+10  0.000000e+00  0.000000e+00  1.187271e+11  0.000000e+00  0.000000e+00  6.103197e+09  4.282700e+09  3.534539e+09  3.205144e+09
6.769189e+03  1.316372e+10  0.000000e+00  0.000000e+00  1.183889e+11  0.000000e+00  0.000000e+00  6.088900e+09  4.274313e+09  3.527751e+09  3.198995e+09
6.788380e+03  1.312621e+10  0.000000e+00  0.000000e+00  1.180515e+11  0.000000e+00  0.000000e+00  6.081537e+09  4.270707e+09  3.524940e+09  3.196434e+09
6.807625e+03  1.308881e+10  0.000000e+00  0.000000e+00  1.177152e+11  0.000000e+00  0.000000e+00  6.079467e+09  4.270643e+09  3.524985e+09  3.196449e+09
6.826925e+03  1.305151e+10  0.000000e+00  0.000000e+00  1.173797e+11  0.000000e+00  0.000000e+00  6.081342e+09  4.273029e+09  3.526961e+09  3.198203e+09
6.846280e+03  1.301431e+10  0.000000e+00  0.000000e+00  1.170452e+11  0.000000e+00  0.000000e+00  6.086090e+09  4.277068e+09  3.530130e+09  3.200950e+09
6.865690e+03  1.297722e+10  0.000000e+00  0.000000e+00  1.167115e+11  0.000000e+00  0.000000e+00  6.092916e+09  4.282073e+09  3.533880e+09  3.204176e+09
6.885154e+03  1.294022e+10  0.000000e+00  0.000000e+00  1.163788e+11  0.000000e+00  0.000000e+00  6.101088e+09  4.287408e+09  3.537717e+09  3.207390e+09
6.904674e+03  1.290333e+10  0.000000e+00  0.000000e+00  1.160470e+11  0.000000e+00  0.000000e+00  6.110070e+09  4.292688e+09  3.541224e+09  3.210183e+09
6.924249e+03  1.286654e+10  0.000000e+00  0.000000e+00  1.157161e+11  0.000000e+00  0.000000e+00  6.119459e+09  4.297536e+09  3.544062e+09  3.212289e+09
6.943880e+03  1.282985e+10  0.000000e+00  0.000000e+00  1.153862e+11  0.000000e+00  0.000000e+00  6.128879e+09  4.301619e+09  3.545977e+09  3.213394e+09
6.963566e+03  1.279326e+10  0.000000e+00  0.000000e+00  1.150571e+11  0.000000e+00  0.000000e+00  6.138102e+09  4.304720e+09  3.546795e+09  3.213401e+09
6.983308e+03  1.275677e+10  0.000000e+00  0.000000e+00  1.147289e+11  0.000000e+00  0.000000e+00  6.146982e+09  4.306788e+09  3.546370e+09  3.212134e+09
7.003106e+03  1.272038e+10  0.000000e+00  0.000000e+00  1.144017e+11  0.000000e+00  0.000000e+00  6.155424e+09  4.307670e+09  3.544661e+09  3.209591e+09
7.022961e+03  1.268409e+10  0.000000e+00  0.000000e+00  1.140753e+11  0.000000e+00  0.000000e+00  6.163419e+09  4.307408e+09  3.541707e+09  3.205795e+09
7.042871e+03  1.264790e+10  0.000000e+00  0.000000e+00  1.137498e+11  0.000000e+00  0.000000e+00  6.171067e+09  4.306101e+09  3.537600e+09  3.200849e+09
7.062838e+03  1.261182e+10  0.000000e+00  0.000000e+00  1.134253e+11  0.000000e+00  0.000000e+00  6.178494e+09  4.303921e+09  3.532466e+09  3.194867e+09
7.082862e+03  1.257582e+10  0.000000e+00  0.000000e+00  1.131016e+11  0.000000e+00  0.000000e+00  6.185966e+09  4.301043e+09  3.526539e+09  3.188065e+09
7.102942e+03  1.253993e+10  0.000000e+00  0.000000e+00  1.127788e+11  0.000000e+00  0.000000e+00  6.194231e+09  4.300553e+09  3.523867e+09  3.184848e+09
7.123079e+03  1.250414e+10  0.000000e+00  0.000000e+00  1.124569e+11  0.000000e+00  0.000000e+00  1.268804e+10  1.576009e+10  1.507006e+10  1.443047e+10
7.143274e+03  1.246845e+10  0.000000e+00  0.000000e+00  1.121359e+11  0.000000e+00  0.000000e+00  6.813609e+09  5.054880e+09  4.165941e+09  3.764848e+09
7.163525e+03  1.243285e+10  0.000000e+00  0.000000e+00  1.118157e+11  0.000000e+00  0.000000e+00  5.741911e+09  3.722368e+09  3.007160e+09  2.708442e+09
7.183834e+03  1.239735e+10  0.000000e+00  0.000000e+00  1.114965e+11  0.000000e+00  0.000000e+00  5.931864e+09  4.010502e+09  3.268304e+09  2.950341e+09
7.204201e+03  1.236195e+10  0.000000e+00  0.000000e+00  1.111781e+11  0.000000e+00  0.000000e+00  5.696773e+09  3.701057e+09  2.983609e+09  2.682967e+09
7.224625e+03  1.232665e+10  0.000000e+00  0.000000e+00  1.108606e+11  0.000000e+00  0.000000e+00  5.595868e+09  3.573169e+09  2.864282e+09  2.569950e+09
7.245107e+03  1.229144e+10  0.000000e+00  0.000000e+00  1.105440e+11  0.000000e+00  0.000000e+00  5.573441e+09  3.528739e+09  2.817744e+09  2.523904e+09
7.265648e+03  1.225633e+10  0.000000e+00  0.000000e+00  1.102282e+11  0.000000e+00  0.000000e+00  5.749776e+09  3.631379e+09  2.887260e+09  2.580858e+09
7.286246e+03  1.222132e+10  0.000000e+00  0.000000e+00  1.099133e+11  0.000000e+00  0.000000e+00  6.041456e+09  3.802321e+09  3.007886e+09  2.682296e+09
7.306903e+03  1.218640e+10  0.000000e+00  0.000000e+00  1.095993e+11  0.000000e+00  0.000000e+00  5.967137e+09  3.742465e+09  2.960291e+09  2.639846e+09
7.327619e+03  1.215158e+10  0.000000e+00  0.000000e+00  1.092861e+11  0.000000e+00  0.000000e+00  5.746305e+09  3.582022e+09  2.837632e+09  2.532581e+09
7.348393e+03  1.211686e+10  0.000000e+00  0.000000e+00  1.089738e+11  0.000000e+00  0.000000e+00  5.582028e+09  3.476779e+09  2.758425e+09  2.463563e+09
7.369226e+03  1.208223e+10  0.000000e+00  0.000000e+00  1.086624e+11  0.000000e+00  0.000000e+00  5.269640e+09  3.319835e+09  2.648131e+09  2.370177e+09
7.390118e+03  1.204770e+10  0.000000e+00  0.000000e+00  1.083518e+11  0.000000e+00  0.000000e+00  5.249910e+09  3.306139e+09  2.636911e+09  2.360004e+09
7.411070e+03  1.201326e+10  0.000000e+00  0.000000e+00  1.080421e+11  0.000000e+00  0.000000e+00  5.128953e+09  3.248110e+09  2.598009e+09  2.327861e+09
7.432080e+03  1.197891e+10  0.000000e+00  0.000000e+00  1.077332e+11  0.000000e+00  0.000000e+00  5.112194e+09  3.237211e+09  2.589366e+09  2.320139e+09
7.453151e+03  1.194466e+10  0.000000e+00  0.000000e+00  1.074252e+11  0.000000e+00  0.000000e+00  4.967385e+09  3.175063e+09  2.548856e+09  2.287036e+09
7.474281e+03  1.191051e+10  0.000000e+00  0.000000e+00  1.071180e+11  0.000000e+00  0.000000e+00  4.953430e+09  3.166516e+09  2.542311e+09  2.281315e+09
7.495471e+03  1.187645e+10  0.000000e+00  0.000000e+00  1.068117e+11  0.000000e+00  0.000000e+00  4.765928e+09  3.093670e+09  2.496125e+09  2.244029e+09
7.516721e+03  1.184248e+10  0.000000e+00  0.000000e+00  1.065062e+11  0.000000e+00  0.000000e+00  4.755060e+09  3.087494e+09  2.491598e+09  2.240125e+09
7.538032e+03  1.180861e+10  0.000000e+00  0.000000e+00  1.062016e+11  0.000000e+00  0.000000e+00  4.745137e+09  3.082128e+09  2.487791e+09  2.236898e+09
7.559402e+03  1.177482e+10  0.000000e+00  0.000000e+00  1.058977e+11  0.000000e+00  0.000000e+00  4.577473e+09  3.022115e+09  2.450788e+09  2.207431e+09
7.580834e+03  1.174114e+10  0.000000e+00  0.000000e+00  1.055948e+11  0.000000e+00  0.000000e+00  4.569946e+09  3.018426e+09  2.448348e+09  2.205464e+09
7.602326e+03  1.170754e+10  0.000000e+00  0.000000e+00  1.052926e+11  0.000000e+00  0.000000e+00  4.391179e+09  2.958022e+09  2.411861e+09  2.176664e+09
7.623879e+03  1.167404e+10  0.000000e+00  0.000000e+00  1.049913e+11  0.000000e+00  0.000000e+00  4.386634e+09  2.956280e+09  2.410980e+09  2.176099e+09
7.645493e+03  1.164063e+10  0.000000e+00  0.000000e+00  1.046909e+11  0.000000e+00  0.000000e+00  4.085715e+09  2.860240e+09  2.353997e+09  2.131500e+09
7.667168e+03  1.160731e+10  0.000000e+00  0.000000e+00  1.043912e+11  0.000000e+00  0.000000e+00  4.086134e+09  2.861460e+09  2.355442e+09  2.133006e+09
7.688905e+03  1.157409e+10  0.000000e+00  0.000000e+00  1.040924e+11  0.000000e+00  0.000000e+00  4.087776e+09  2.863770e+09  2.357841e+09  2.135362e+09
7.710704e+03  1.154095e+10  0.000000e+00  0.000000e+00  1.037944e+11  0.000000e+00  0.000000e+00  4.090491e+09  2.866928e+09  2.360940e+09  2.138361e+09
7.732564e+03  1.150791e+10  0.000000e+00  0.000000e+00  1.034972e+11  0.000000e+00  0.000000e+00  4.093924e+09  2.870654e+09  2.364548e+09  2.141818e+09
7.754486e+03  1.147496e+10  0.000000e+00  0.000000e+00  1.032008e+11  0.000000e+00  0.000000e+00  4.097832e+09  2.874801e+09  2.368483e+09  2.145592e+09
7.776471e+03  1.144209e+10  0.000000e+00  0.000000e+00  1.029053e+11  0.000000e+00  0.000000e+00  3.943112e+09  2.830297e+09  2.343737e+09  2.126953e+09
7.798518e+03  1.140932e+10  0.000000e+00  0.000000e+00  1.026106e+11  0.000000e+00  0.000000e+00  3.949071e+09  2.835699e+09  2.348680e+09  2.131625e+09
7.820627e+03  1.137664e+10  0.000000e+00  0.000000e+00  1.023167e+11  0.000000e+00  0.000000e+00  3.955765e+09  2.841680e+09  2.354085e+09  2.136721e+09
7.842799e+03  1.134405e+10  0.000000e+00  0.000000e+00  1.020235e+11  0.000000e+00  0.000000e+00  3.962988e+09  2.848047e+09  2.359850e+09  2.142130e+09
7.865034e+03  1.131155e+10  0.000000e+00  0.000000e+00  1.017313e+11  0.000000e+00  0.000000e+00  3.970580e+09  2.854735e+09  2.365854e+09  2.147779e+09
7.887331e+03  1.127914e+10  0.000000e+00  0.000000e+00  1.014398e+11  0.000000e+00  0.000000e+00  3.978437e+09  2.861617e+09  2.372052e+09  2.153585e+09
7.909692e+03  1.124682e+10  0.000000e+00  0.000000e+00  1.011491e+11  0.000000e+00  0.000000e+00  3.929574e+09  2.851585e+09  2.368352e+09  2.151686e+09
7.932117e+03  1.121458e+10  0.000000e+00  0.000000e+00  1.008592e+11  0.000000e+00  0.000000e+00  3.938352e+09  2.859100e+09  2.375050e+09  2.157948e+09
7.952883e+03  1.118490e+10  0.000000e+00  0.000000e+00  1.005922e+11  0.000000e+00  0.000000e+00  3.946578e+09  2.866137e+09  2.381321e+09  2.163814e+09
7.971981e+03  1.115773e+10  0.000000e+00  0.000000e+00  1.003478e+11  0.000000e+00  0.000000e+00  3.953995e+09  2.872505e+09  2.386998e+09  2.169129e+09
7.991125e+03  1.113062e+10  0.000000e+00  0.000000e+00  1.001041e+11  0.000000e+00  0.000000e+00  3.961486e+09  2.878937e+09  2.392741e+09  2.174498e+09
8.010315e+03  1.110358e+10  0.000000e+00  0.000000e+00  9.986084e+10  0.000000e+00  0.000000e+00  3.969128e+09  2.885509e+09  2.398598e+09  2.179983e+09
8.029551e+03  1.107660e+10  0.000000e+00  0.000000e+00  9.961820e+10  0.000000e+00  0.000000e+00  3.976930e+09  2.892198e+09  2.404542e+09  2.185541e+09
8.048833e+03  1.104968e+10  0.000000e+00  0.000000e+00  9.937613e+10  0.000000e+00  0.000000e+00  3.976246e+09  2.896433e+09  2.409097e+09  2.190032e+09
8.068161e+03  1.102283e+10  0.000000e+00  0.000000e+00  9.913462e+10  0.000000e+00  0.000000e+00  3.984275e+09  2.903297e+09  2.415198e+09  2.195739e+09
8.087536e+03  1.099604e+10  0.000000e+00  0.000000e+00  9.889368e+10  0.000000e+00  0.000000e+00  3.992391e+09  2.910222e+09  2.421369e+09  2.201496e+09
8.106958e+03  1.096931e+10  0.000000e+00  0.000000e+00  9.865330e+10  0.000000e+00  0.000000e+00  4.000569e+09  2.917220e+09  2.427596e+09  2.207322e+09
8.126426e+03  1.094265e+10  0.000000e+00  0.000000e+00  9.841348e+10  0.000000e+00  0.000000e+00  4.008813e+09  2.924269e+09  2.433852e+09  2.213176e+09
8.145941e+03  1.091604e+10  0.000000e+00  0.000000e+00  9.817423e+10  0.000000e+00  0.000000e+00  4.017075e+09  2.931336e+09  2.440158e+09  2.219058e+09
8.165502e+03  1.088950e+10  0.000000e+00  0.000000e+00  9.793553e+10  0.000000e+00  0.000000e+00  4.025383e+09  2.938453e+09  2.446482e+09  2.224967e+09
8.185111e+03  1.086302e+10  0.000000e+00  0.000000e+00  9.769739e+10  0.000000e+00  0.000000e+00  4.033075e+09  2.945404e+09  2.452733e+09  2.230838e+09
8.204767e+03  1.083661e+10  0.000000e+00  0.000000e+00  9.745981e+10  0.000000e+00  0.000000e+00  4.041424e+09  2.952562e+09  2.459115e+09  2.236801e+09
8.224470e+03  1.081025e+10  0.000000e+00  0.000000e+00  9.722278e+10  0.000000e+00  0.000000e+00  4.049788e+09  2.959753e+09  2.465514e+09  2.242769e+09
8.244220e+03  1.078396e+10  0.000000e+00  0.000000e+00  9.698631e+10  0.000000e+00  0.000000e+00  4.058160e+09  2.966962e+09  2.471934e+09  2.248768e+09
8.264018e+03  1.075773e+10  0.000000e+00  0.000000e+00  9.675039e+10  0.000000e+00  0.000000e+00  4.066560e+09  2.974189e+09  2.478357e+09  2.254787e+09
8.283863e+03  1.073156e+10  0.000000e+00  0.000000e+00  9.651502e+10  0.000000e+00  0.000000e+00  4.074943e+09  2.981422e+09  2.484810e+09  2.260823e+09
8.303756e+03  1.070545e+10  0.000000e+00  0.000000e+00  9.628021e+10  0.000000e+00  0.000000e+00  4.083350e+09  2.988671e+09  2.491277e+09  2.266883e+09
8.323697e+03  1.067940e+10  0.000000e+00  0.000000e+00  9.604594e+10  0.000000e+00  0.000000e+00  4.091740e+09  2.995939e+09  2.497765e+09  2.272949e+09
8.343685e+03  1.065341e+10  0.000000e+00  0.000000e+00  9.581222e+10  0.000000e+00  0.000000e+00  4.100110e+09  3.003204e+09  2.504249e+09  2.279026e+09
8.363722e+03  1.062748e+10  0.000000e+00  0.000000e+00  9.557905e+10  0.000000e+00  0.000000e+00  4.108520e+09  3.010484e+09  2.510758e+09  2.285110e+09
8.383806e+03  1.060162e+10  0.000000e+00  0.000000e+00  9.534642e+10  0.000000e+00  0.000000e+00  4.116936e+09  3.017790e+09  2.517277e+09  2.291216e+09
8.403939e+03  1.057581e+10  0.000000e+00  0.000000e+00  9.511434e+10  0.000000e+00  0.000000e+00  4.125338e+09  3.025094e+09  2.523811e+09  2.297318e+09
8.424121e+03  1.055007e+10  0.000000e+00  0.000000e+00  9.488280e+10  0.000000e+00  0.000000e+00  4.133751e+09  3.032413e+09  2.530358e+09  2.303450e+09
8.444350e+03  1.052438e+10  0.000000e+00  0.000000e+00  9.465180e+10  0.000000e+00  0.000000e+00  4.142156e+09  3.039746e+09  2.536907e+09  2.309590e+09
8.464629e+03  1.049876e+10  0.000000e+00  0.000000e+00  9.442135e+10  0.000000e+00  0.000000e+00  4.150562e+09  3.047079e+09  2.543471e+09  2.315735e+09
8.484956e+03  1.047319e+10  0.000000e+00  0.000000e+00  9.419143e+10  0.000000e+00  0.000000e+00  4.158966e+09  3.054436e+09  2.550052e+09  2.321911e+09
8.505331e+03  1.044769e+10  0.000000e+00  0.000000e+00  9.396205e+10  0.000000e+00  0.000000e+00  4.167368e+09  3.061790e+09  2.556633e+09  2.328080e+09
8.525756e+03  1.042224e+10  0.000000e+00  0.000000e+00  9.373321e+10  0.000000e+00  0.000000e+00  4.175780e+09  3.069155e+09  2.563239e+09  2.334247e+09
8.546230e+03  1.039686e+10  0.000000e+00  0.000000e+00  9.350490e+10  0.000000e+00  0.000000e+00  4.184189e+09  3.076524e+09  2.569839e+09  2.340440e+09
8.566753e+03  1.037153e+10  0.000000e+00  0.000000e+00  9.327713e+10  0.000000e+00  0.000000e+00  4.192583e+09  3.083913e+09  2.576455e+09  2.346663e+09
8.587325e+03  1.034627e+10  0.000000e+00  0.000000e+00  9.304989e+10  0.000000e+00  0.000000e+00  4.200986e+09  3.091305e+09  2.583082e+09  2.352876e+09
8.607947e+03  1.032106e+10  0.000000e+00  0.000000e+00  9.282319e+10  0.000000e+00  0.000000e+00  4.209394e+09  3.098696e+09  2.589731e+09  2.359096e+09
8.628618e+03  1.029591e+10  0.000000e+00  0.000000e+00  9.259701e+10  0.000000e+00  0.000000e+00  4.217765e+09  3.106102e+09  2.596375e+09  2.365331e+09
8.649339e+03  1.027082e+10  0.000000e+00  0.000000e+00  9.237136e+10  0.000000e+00  0.000000e+00  4.226158e+09  3.113525e+09  2.603034e+09  2.371595e+09
8.670109e+03  1.024579e+10  0.000000e+00  0.000000e+00  9.214625e+10  0.000000e+00  0.000000e+00  4.234560e+09  3.120952e+09  2.609709e+09  2.377841e+09
8.690930e+03  1.022082e+10  0.000000e+00  0.000000e+00  9.192166e+10  0.000000e+00  0.000000e+00  4.242932e+09  3.128384e+09  2.616383e+09  2.384113e+09
8.711800e+03  1.019590e+10  0.000000e+00  0.000000e+00  9.169759e+10  0.000000e+00  0.000000e+00  4.251313e+09  3.135823e+09  2.623084e+09  2.390393e+09
8.732721e+03  1.017105e+10  0.000000e+00  0.000000e+00  9.147405e+10  0.000000e+00  0.000000e+00  4.259695e+09  3.143270e+09  2.629782e+09  2.396685e+09
8.753692e+03  1.014625e+10  0.000000e+00  0.000000e+00  9.125104e+10  0.000000e+00  0.000000e+00  4.268087e+09  3.150727e+09  2.636488e+09  2.402987e+09
8.774713e+03  1.012151e+10  0.000000e+00  0.000000e+00  9.102855e+10  0.000000e+00  0.000000e+00  4.276466e+09  3.158182e+09  2.643206e+09  2.409292e+09
8.795785e+03  1.009683e+10  0.000000e+00  0.000000e+00  9.080657e+10  0.000000e+00  0.000000e+00  4.284817e+09  3.165648e+09  2.649938e+09  2.415617e+09
8.816907e+03  1.007221e+10  0.000000e+00  0.000000e+00  9.058512e+10  0.000000e+00  0.000000e+00  4.293201e+09  3.173139e+09  2.656678e+09  2.421948e+09
8.838080e+03  1.004764e+10  0.000000e+00  0.000000e+00  9.036419e+10  0.000000e+00  0.000000e+00  4.301559e+09  3.180622e+09  2.663430e+09  2.428286e+09
8.859304e+03  1.002313e+10  0.000000e+00  0.000000e+00  9.014377e+10  0.000000e+00  0.000000e+00  4.309924e+09  3.188117e+09  2.670186e+09  2.434641e+09
8.880578e+03  9.998682e+09  0.000000e+00  0.000000e+00  8.992388e+10  0.000000e+00  0.000000e+00  4.318287e+09  3.195612e+09  2.676951e+09  2.441002e+09
8.901904e+03  9.974289e+09  0.000000e+00  0.000000e+00  8.970449e+10  0.000000e+00  0.000000e+00  4.326641e+09  3.203127e+09  2.683743e+09  2.447381e+09
8.923281e+03  9.949953e+09  0.000000e+00  0.000000e+00  8.948562e+10  0.000000e+00  0.000000e+00  4.335004e+09  3.210642e+09  2.690531e+09  2.453762e+09
8.944710e+03  9.925674e+09  0.000000e+00  0.000000e+00  8.926727e+10  0.000000e+00  0.000000e+00  4.343351e+09  3.218171e+09  2.697318e+09  2.460160e+09
8.966190e+03  9.901451e+09  0.000000e+00  0.000000e+00  8.904942e+10  0.000000e+00  0.000000e+00  4.351708e+09  3.225696e+09  2.704136e+09  2.466564e+09
8.987721e+03  9.877286e+09  0.000000e+00  0.000000e+00  8.883209e+10  0.000000e+00  0.000000e+00  4.360049e+09  3.233242e+09  2.710958e+09  2.472973e+09
9.009304e+03  9.853177e+09  0.000000e+00  0.000000e+00  8.861526e+10  0.000000e+00  0.000000e+00  4.368373e+09  3.240795e+09  2.717785e+09  2.479410e+09
9.030939e+03  9.829125e+09  0.000000e+00  0.000000e+00  8.839895e+10  0.000000e+00  0.000000e+00  4.376724e+09  3.248357e+09  2.724619e+09  2.485840e+09
9.052626e+03  9.805129e+09  0.000000e+00  0.000000e+00  8.818314e+10  0.000000e+00  0.000000e+00  4.385057e+09  3.255916e+09  2.731476e+09  2.492286e+09
9.074365e+03  9.781189e+09  0.000000e+00  0.000000e+00  8.796784e+10  0.000000e+00  0.000000e+00  4.393398e+09  3.263483e+09  2.738327e+09  2.498745e+09
9.096156e+03  9.757306e+09  0.000000e+00  0.000000e+00  8.775304e+10  0.000000e+00  0.000000e+00  4.401720e+09  3.271056e+09  2.745199e+09  2.505215e+09
9.118000e+03  9.733478e+09  0.000000e+00  0.000000e+00  8.753874e+10  0.000000e+00  0.000000e+00  4.410049e+09  3.278656e+09  2.752067e+09  2.511696e+09
9.139896e+03  9.709707e+09  0.000000e+00  0.000000e+00  8.732495e+10  0.000000e+00  0.000000e+00  4.418371e+09  3.286243e+09  2.758975e+09  2.518184e+09
9.161845e+03  9.685991e+09  0.000000e+00  0.000000e+00  8.711166e+10  0.000000e+00  0.000000e+00  4.426685e+09  3.293842e+09  2.765850e+09  2.524677e+09
9.183846e+03  9.662331e+09  0.000000e+00  0.000000e+00  8.689887e+10  0.000000e+00  0.000000e+00  4.435008e+09  3.301446e+09  2.772753e+09  2.531178e+09
9.205900e+03  9.638726e+09  0.000000e+00  0.000000e+00  8.668658e+10  0.000000e+00  0.000000e+00  4.443310e+09  3.309061e+09  2.779679e+09  2.537695e+09
9.228007e+03  9.615176e+09  0.000000e+00  0.000000e+00  8.647479e+10  0.000000e+00  0.000000e+00  4.451557e+09  3.316616e+09  2.786548e+09  2.544193e+09
9.250167e+03  9.591682e+09  0.000000e+00  0.000000e+00  8.626349e+10  0.000000e+00  0.000000e+00  4.459850e+09  3.324237e+09  2.793491e+09  2.550721e+09
9.272381e+03  9.568243e+09  0.000000e+00  0.000000e+00  8.605269e+10  0.000000e+00  0.000000e+00  4.468125e+09  3.331863e+09  2.800406e+09  2.557266e+09
9.294647e+03  9.544859e+09  0.000000e+00  0.000000e+00  8.584239e+10  0.000000e+00  0.000000e+00  4.476414e+09  3.339486e+09  2.807366e+09  2.563801e+09
9.316968e+03  9.521530e+09  0.000000e+00  0.000000e+00  8.563257e+10  0.000000e+00  0.000000e+00  4.484678e+09  3.347123e+09  2.814312e+09  2.570360e+09
9.339342e+03  9.498256e+09  0.000000e+00  0.000000e+00  8.542325e+10  0.000000e+00  0.000000e+00  4.492933e+09  3.354752e+09  2.821266e+09  2.576916e+09
9.361769e+03  9.475036e+09  0.000000e+00  0.000000e+00  8.521442e+10  0.000000e+00  0.000000e+00  4.501172e+09  3.362387e+09  2.828218e+09  2.583495e+09
9.384250e+03  9.451870e+09  0.000000e+00  0.000000e+00  8.500608e+10  0.000000e+00  0.000000e+00  4.509407e+09  3.370018e+09  2.835175e+09  2.590053e+09
9.406786e+03  9.428759e+09  0.000000e+00  0.000000e+00  8.479823e+10  0.000000e+00  0.000000e+00  4.517642e+09  3.377658e+09  2.842161e+09  2.596657e+09
9.429375e+03  9.405703e+09  0.000000e+00  0.000000e+00  8.459087e+10  0.000000e+00  0.000000e+00  4.526126e+09  3.385507e+09  2.849285e+09  2.603385e+09
9.450284e+03  9.384459e+09  0.000000e+00  0.000000e+00  8.439982e+10  0.000000e+00  0.000000e+00  4.533972e+09  3.392743e+09  2.855901e+09  2.609618e+09
9.469503e+03  9.365013e+09  0.000000e+00  0.000000e+00  8.422493e+10  0.000000e+00  0.000000e+00  4.540787e+09  3.399132e+09  2.861727e+09  2.615137e+09
9.488762e+03  9.345606e+09  0.000000e+00  0.000000e+00  8.405039e+10  0.000000e+00  0.000000e+00  4.547421e+09  3.405373e+09  2.867469e+09  2.620562e+09
9.508060e+03  9.326238e+09  0.000000e+00  0.000000e+00  8.387620e+10  0.000000e+00  0.000000e+00  4.554095e+09  3.411679e+09  2.873243e+09  2.626014e+09
9.527397e+03  9.306908e+09  0.000000e+00  0.000000e+00  8.370235e+10  0.000000e+00  0.000000e+00  4.560838e+09  3.418020e+09  2.879050e+09  2.631508e+09
9.546773e+03  9.287616e+09  0.000000e+00  0.000000e+00  8.352885e+10  0.000000e+00  0.000000e+00  4.567599e+09  3.424388e+09  2.884865e+09  2.637033e+09
9.566189e+03  9.268363e+09  0.000000e+00  0.000000e+00  8.335569e+10  0.000000e+00  0.000000e+00  4.574396e+09  3.430772e+09  2.890738e+09  2.642574e+09
9.585644e+03  9.249148e+09  0.000000e+00  0.000000e+00  8.318288e+10  0.000000e+00  0.000000e+00  4.581189e+09  3.437187e+09  2.896609e+09  2.648144e+09
9.605139e+03  9.229971e+09  0.000000e+00  0.000000e+00  8.301042e+10  0.000000e+00  0.000000e+00  4.588010e+09  3.443631e+09  2.902522e+09  2.653723e+09
9.624674e+03  9.210833e+09  0.000000e+00  0.000000e+00  8.283829e+10  0.000000e+00  0.000000e+00  4.594832e+09  3.450058e+09  2.908417e+09  2.659305e+09
9.644248e+03  9.191732e+09  0.000000e+00  0.000000e+00  8.266651e+10  0.000000e+00  0.000000e+00  4.601663e+09  3.456515e+09  2.914330e+09  2.664921e+09
9.663862e+03  9.172670e+09  0.000000e+00  0.000000e+00  8.249507e+10  0.000000e+00  0.000000e+00  4.608491e+09  3.462970e+09  2.920261e+09  2.670530e+09
9.683516e+03  9.153645e+09  0.000000e+00  0.000000e+00  8.232397e+10  0.000000e+00  0.000000e+00  4.615324e+09  3.469451e+09  2.926204e+09  2.676150e+09
9.703210e+03  9.134658e+09  0.000000e+00  0.000000e+00  8.215321e+10  0.000000e+00  0.000000e+00  4.622141e+09  3.475924e+09  2.932139e+09  2.681780e+09
9.722944e+03  9.115709e+09  0.000000e+00  0.000000e+00  8.198279e+10  0.000000e+00  0.000000e+00  4.628961e+09  3.482384e+09  2.938091e+09  2.687417e+09
9.742718e+03  9.096798e+09  0.000000e+00  0.000000e+00  8.181271e+10  0.000000e+00  0.000000e+00  4.635790e+09  3.488874e+09  2.944049e+09  2.693049e+09
9.762532e+03  9.077924e+09  0.000000e+00  0.000000e+00  8.164297e+10  0.000000e+00  0.000000e+00  4.642597e+09  3.495354e+09  2.950018e+09  2.698697e+09
9.782387e+03  9.059088e+09  0.000000e+00  0.000000e+00  8.147357e+10  0.000000e+00  0.000000e+00  4.649397e+09  3.501833e+09  2.955972e+09  2.704343e+09
9.802282e+03  9.040290e+09  0.000000e+00  0.000000e+00  8.130450e+10  0.000000e+00  0.000000e+00  4.656198e+09  3.508308e+09  2.961955e+09  2.710014e+09
9.822218e+03  9.021529e+09  0.000000e+00  0.000000e+00  8.113577e+10  0.000000e+00  0.000000e+00  4.662984e+09  3.514809e+09  2.967931e+09  2.715668e+09
9.842194e+03  9.002805e+09  0.000000e+00  0.000000e+00  8.096738e+10  0.000000e+00  0.000000e+00  4.669773e+09  3.521284e+09  2.973910e+09  2.721331e+09
9.862210e+03  8.984118e+09  0.000000e+00  0.000000e+00  8.079932e+10  0.000000e+00  0.000000e+00  4.676538e+09  3.527780e+09  2.979870e+09  2.727015e+09
9.882268e+03  8.965469e+09  0.000000e+00  0.000000e+00  8.063160e+10  0.000000e+00  0.000000e+00  4.683305e+09  3.534277e+09  2.985872e+09  2.732679e+09
9.902366e+03  8.946857e+09  0.000000e+00  0.000000e+00  8.046421e+10  0.000000e+00  0.000000e+00  4.690064e+09  3.540751e+09  2.991842e+09  2.738371e+09
9.922505e+03  8.928282e+09  0.000000e+00  0.000000e+00  8.029715e+10  0.000000e+00  0.000000e+00  4.696813e+09  3.547255e+09  2.997838e+09  2.744044e+09
9.942685e+03  8.909743e+09  0.000000e+00  0.000000e+00  8.013043e+10  0.000000e+00  0.000000e+00  4.703564e+09  3.553722e+09  3.003828e+09  2.749731e+09
9.962906e+03  8.891242e+09  0.000000e+00  0.000000e+00  7.996403e+10  0.000000e+00  0.000000e+00  4.710299e+09  3.560213e+09  3.009824e+09  2.755425e+09
9.983168e+03  8.872778e+09  0.000000e+00  0.000000e+00  7.979797e+10  0.000000e+00  0.000000e+00  4.717016e+09  3.566706e+09  3.015811e+09  2.761109e+09
1.000347e+04  8.854350e+09  0.000000e+00  0.000000e+00  7.963224e+10  0.000000e+00  0.000000e+00  4.723721e+09  3.573202e+09  3.021817e+09  2.766818e+09
1.002382e+04  8.835959e+09  0.000000e+00  0.000000e+00  7.946684e+10  0.000000e+00  0.000000e+00  4.730418e+09  3.579678e+09  3.027812e+09  2.772517e+09
1.004420e+04  8.817605e+09  0.000000e+00  0.000000e+00  7.930177e+10  0.000000e+00  0.000000e+00  4.737120e+09  3.586158e+09  3.033817e+09  2.778210e+09
1.006463e+04  8.799287e+09  0.000000e+00  0.000000e+00  7.913702e+10  0.000000e+00  0.000000e+00  4.743801e+09  3.592654e+09  3.039822e+09  2.783913e+09
1.008510e+04  8.781005e+09  0.000000e+00  0.000000e+00  7.897261e+10  0.000000e+00  0.000000e+00  4.750460e+09  3.599139e+09  3.045828e+09  2.789629e+09
1.010561e+04  8.762760e+09  0.000000e+00  0.000000e+00  7.880852e+10  0.000000e+00  0.000000e+00  4.757125e+09  3.605629e+09  3.051830e+09  2.795325e+09
1.012616e+04  8.744552e+09  0.000000e+00  0.000000e+00  7.864476e+10  0.000000e+00  0.000000e+00  4.763775e+09  3.612106e+09  3.057839e+09  2.801035e+09
1.014676e+04  8.726379e+09  0.000000e+00  0.000000e+00  7.848133e+10  0.000000e+00  0.000000e+00  4.770404e+09  3.618572e+09  3.063843e+09  2.806750e+09
1.016739e+04  8.708243e+09  0.000000e+00  0.000000e+00  7.831822e+10  0.000000e+00  0.000000e+00  4.777035e+09  3.625059e+09  3.069856e+09  2.812479e+09
1.018807e+04  8.690143e+09  0.000000e+00  0.000000e+00  7.815544e+10  0.000000e+00  0.000000e+00  4.783655e+09  3.631515e+09  3.075864e+09  2.818196e+09
1.020879e+04  8.672079e+09  0.000000e+00  0.000000e+00  7.799298e+10  0.000000e+00  0.000000e+00  4.790264e+09  3.637990e+09  3.081882e+09  2.823923e+09
1.022955e+04  8.654051e+09  0.000000e+00  0.000000e+00  7.783084e+10  0.000000e+00  0.000000e+00  4.796849e+09  3.644470e+09  3.087889e+09  2.829627e+09
1.025036e+04  8.636059e+09  0.000000e+00  0.000000e+00  7.766903e+10  0.000000e+00  0.000000e+00  4.803419e+09  3.650925e+09  3.093900e+09  2.835363e+09
1.027120e+04  8.618103e+09  0.000000e+00  0.000000e+00  7.750754e+10  0.000000e+00  0.000000e+00  4.809985e+09  3.657389e+09  3.099922e+09  2.841089e+09
1.029209e+04  8.600183e+09  0.000000e+00  0.000000e+00  7.734637e+10  0.000000e+00  0.000000e+00  4.816537e+09  3.663863e+09  3.105931e+09  2.846811e+09
1.031302e+04  8.582298e+09  0.000000e+00  0.000000e+00  7.718552e+10  0.000000e+00  0.000000e+00  4.823078e+09  3.670318e+09  3.111947e+09  2.852542e+09
1.033400e+04  8.564449e+09  0.000000e+00  0.000000e+00  7.702499e+10  0.000000e+00  0.000000e+00  4.829617e+09  3.676758e+09  3.117960e+09  2.858284e+09
1.035501e+04  8.546635e+09  0.000000e+00  0.000000e+00  7.686478e+10  0.000000e+00  0.000000e+00  4.836138e+09  3.683221e+09  3.123979e+09  2.863995e+09
1.037607e+04  8.528857e+09  0.000000e+00  0.000000e+00  7.670490e+10  0.000000e+00  0.000000e+00  4.842638e+09  3.689674e+09  3.129998e+09  2.869746e+09
1.039718e+04  8.511114e+09  0.000000e+00  0.000000e+00  7.654533e+10  0.000000e+00  0.000000e+00  4.849133e+09  3.696113e+09  3.136016e+09  2.875465e+09
1.041832e+04  8.493407e+09  0.000000e+00  0.000000e+00  7.638607e+10  0.000000e+00  0.000000e+00  4.855619e+09  3.702549e+09  3.142033e+09  2.881212e+09
1.043951e+04  8.475735e+09  0.000000e+00  0.000000e+00  7.622714e+10  0.000000e+00  0.000000e+00  4.862087e+09  3.709016e+09  3.148049e+09  2.886952e+09
1.046074e+04  8.458098e+09  0.000000e+00  0.000000e+00  7.606852e+10  0.000000e+00  0.000000e+00  4.868538e+09  3.715452e+09  3.154062e+09  2.892684e+09
1.048202e+04  8.440497e+09  0.000000e+00  0.000000e+00  7.591022e+10  0.000000e+00  0.000000e+00  4.874968e+09  3.721880e+09  3.160077e+09  2.898439e+09
1.050333e+04  8.422930e+09  0.000000e+00  0.000000e+00  7.575224e+10  0.000000e+00  0.000000e+00  4.881387e+09  3.728306e+09  3.166087e+09  2.904177e+09
1.052470e+04  8.405399e+09  0.000000e+00  0.000000e+00  7.559456e+10  0.000000e+00  0.000000e+00  4.887823e+09  3.734727e+09  3.172107e+09  2.909924e+09
1.054610e+04  8.387902e+09  0.000000e+00  0.000000e+00  7.543721e+10  0.000000e+00  0.000000e+00  4.894224e+09  3.741149e+09  3.178116e+09  2.915655e+09
1.056755e+04  8.370440e+09  0.000000e+00  0.000000e+00  7.528016e+10  0.000000e+00  0.000000e+00  4.900598e+09  3.747569e+09  3.184136e+09  2.921392e+09
1.058904e+04  8.353014e+09  0.000000e+00  0.000000e+00  7.512343e+10  0.000000e+00  0.000000e+00  4.906975e+09  3.753986e+09  3.190146e+09  2.927151e+09
1.061058e+04  8.335621e+09  0.000000e+00  0.000000e+00  7.496702e+10  0.000000e+00  0.000000e+00  4.913341e+09  3.760405e+09  3.196163e+09  2.932897e+09
1.063216e+04  8.318264e+09  0.000000e+00  0.000000e+00  7.481091e+10  0.000000e+00  0.000000e+00  4.919690e+09  3.766804e+09  3.202183e+09  2.938630e+09
1.065378e+04  8.300941e+09  0.000000e+00  0.000000e+00  7.465512e+10  0.000000e+00  0.000000e+00  4.926014e+09  3.773212e+09  3.208183e+09  2.944385e+09
1.067545e+04  8.283653e+09  0.000000e+00  0.000000e+00  7.449963e+10  0.000000e+00  0.000000e+00  4.932338e+09  3.779610e+09  3.214198e+09  2.950128e+09
1.069716e+04  8.266399e+09  0.000000e+00  0.000000e+00  7.434446e+10  0.000000e+00  0.000000e+00  4.938652e+09  3.786000e+09  3.220215e+09  2.955877e+09
1.071891e+04  8.249179e+09  0.000000e+00  0.000000e+00  7.418960e+10  0.000000e+00  0.000000e+00  4.944955e+09  3.792392e+09  3.226226e+09  2.961629e+09
1.074071e+04  8.231994e+09  0.000000e+00  0.000000e+00  7.403504e+10  0.000000e+00  0.000000e+00  4.951236e+09  3.798777e+09  3.232223e+09  2.967382e+09
1.076256e+04  8.214844e+09  0.000000e+00  0.000000e+00  7.388079e+10  0.000000e+00  0.000000e+00  4.957479e+09  3.805165e+09  3.238232e+09  2.973127e+09
1.078444e+04  8.197727e+09  0.000000e+00  0.000000e+00  7.372685e+10  0.000000e+00  0.000000e+00  4.963738e+09  3.811537e+09  3.244233e+09  2.978886e+09
1.080638e+04  8.180644e+09  0.000000e+00  0.000000e+00  7.357322e+10  0.000000e+00  0.000000e+00  4.969983e+09  3.817906e+09  3.250250e+09  2.984612e+09
1.082836e+04  8.163596e+09  0.000000e+00  0.000000e+00  7.341989e+10  0.000000e+00  0.000000e+00  4.976200e+09  3.824274e+09  3.256242e+09  2.990378e+09
1.085038e+04  8.146582e+09  0.000000e+00  0.000000e+00  7.326687e+10  0.000000e+00  0.000000e+00  4.982411e+09  3.830627e+09  3.262251e+09  2.996118e+09
1.087244e+04  8.129601e+09  0.000000e+00  0.000000e+00  7.311416e+10  0.000000e+00  0.000000e+00  4.988595e+09  3.836985e+09  3.268248e+09  3.001863e+09
1.089456e+04  8.112654e+09  0.000000e+00  0.000000e+00  7.296175e+10  0.000000e+00  0.000000e+00  4.994759e+09  3.843329e+09  3.274244e+09  3.007598e+09
1.091671e+04  8.095742e+09  0.000000e+00  0.000000e+00  7.280964e+10  0.000000e+00  0.000000e+00  5.000916e+09  3.849669e+09  3.280234e+09  3.013339e+09
1.093892e+04  8.078863e+09  0.000000e+00  0.000000e+00  7.265784e+10  0.000000e+00  0.000000e+00  5.007059e+09  3.856003e+09  3.286218e+09  3.019096e+09
1.096116e+04  8.062017e+09  0.000000e+00  0.000000e+00  7.250634e+10  0.000000e+00  0.000000e+00  5.013174e+09  3.862321e+09  3.292206e+09  3.024824e+09
1.098345e+04  8.045205e+09  0.000000e+00  0.000000e+00  7.235514e+10  0.000000e+00  0.000000e+00  5.019290e+09  3.868639e+09  3.298194e+09  3.030573e+09
1.100579e+04  8.028427e+09  0.000000e+00  0.000000e+00  7.220424e+10  0.000000e+00  0.000000e+00  5.025373e+09  3.874954e+09  3.304161e+09  3.036320e+09
1.102818e+04  8.011682e+09  0.000000e+00  0.000000e+00  7.205365e+10  0.000000e+00  0.000000e+00  5.031434e+09  3.881260e+09  3.310131e+09  3.042039e+09
1.105060e+04  7.994971e+09  0.000000e+00  0.000000e+00  7.190335e+10  0.000000e+00  0.000000e+00  5.037498e+09  3.887552e+09  3.316106e+09  3.047776e+09
1.107308e+04  7.978293e+09  0.000000e+00  0.000000e+00  7.175336e+10  0.000000e+00  0.000000e+00  5.043517e+09  3.893836e+09  3.322081e+09  3.053512e+09
1.109560e+04  7.961648e+09  0.000000e+00  0.000000e+00  7.160366e+10  0.000000e+00  0.000000e+00  5.049547e+09  3.900116e+09  3.328042e+09  3.059219e+09
1.111816e+04  7.945037e+09  0.000000e+00  0.000000e+00  7.145427e+10  0.000000e+00  0.000000e+00  5.055545e+09  3.906388e+09  3.333997e+09  3.064955e+09
1.114078e+04  7.928459e+09  0.000000e+00  0.000000e+00  7.130517e+10  0.000000e+00  0.000000e+00  5.061512e+09  3.912649e+09  3.339936e+09  3.070674e+09
1.116343e+04  7.911913e+09  0.000000e+00  0.000000e+00  7.115637e+10  0.000000e+00  0.000000e+00  5.067456e+09  3.918893e+09  3.345892e+09  3.076379e+09
1.118614e+04  7.895401e+09  0.000000e+00  0.000000e+00  7.100786e+10  0.000000e+00  0.000000e+00  5.073403e+09  3.925134e+09  3.351820e+09  3.082102e+09
1.120889e+04  7.878922e+09  0.000000e+00  0.000000e+00  7.085966e+10  0.000000e+00  0.000000e+00  5.079622e+09  3.931594e+09  3.357962e+09  3.087988e+09
1.123017e+04  7.863566e+09  0.000000e+00  0.000000e+00  7.072155e+10  0.000000e+00  0.000000e+00  5.085549e+09  3.937740e+09  3.363783e+09  3.093586e+09
1.124998e+04  7.849326e+09  0.000000e+00  0.000000e+00  7.059349e+10  0.000000e+00  0.000000e+00  5.090684e+09  3.943144e+09  3.368922e+09  3.098522e+09
1.126982e+04  7.835111e+09  0.000000e+00  0.000000e+00  7.046564e+10  0.000000e+00  0.000000e+00  5.095539e+09  3.948347e+09  3.373925e+09  3.103329e+09
1.128969e+04  7.820920e+09  0.000000e+00  0.000000e+00  7.033801e+10  0.000000e+00  0.000000e+00  5.100454e+09  3.953593e+09  3.378949e+09  3.108187e+09
1.130961e+04  7.806754e+09  0.000000e+00  0.000000e+00  7.021061e+10  0.000000e+00  0.000000e+00  5.105387e+09  3.958875e+09  3.383988e+09  3.113035e+09
1.132955e+04  7.792612e+09  0.000000e+00  0.000000e+00  7.008343e+10  0.000000e+00  0.000000e+00  5.110313e+09  3.964164e+09  3.389050e+09  3.117922e+09
1.134954e+04  7.778495e+09  0.000000e+00  0.000000e+00  6.995646e+10  0.000000e+00  0.000000e+00  5.115282e+09  3.969469e+09  3.394119e+09  3.122790e+09
1.136955e+04  7.764402e+09  0.000000e+00  0.000000e+00  6.982972e+10  0.000000e+00  0.000000e+00  5.120252e+09  3.974769e+09  3.399209e+09  3.127703e+09
1.138961e+04  7.750334e+09  0.000000e+00  0.000000e+00  6.970319e+10  0.000000e+00  0.000000e+00  5.125205e+09  3.980079e+09  3.404291e+09  3.132612e+09
1.140969e+04  7.736290e+09  0.000000e+00  0.000000e+00  6.957689e+10  0.000000e+00  0.000000e+00  5.130171e+09  3.985393e+09  3.409376e+09  3.137519e+09
1.142982e+04  7.722271e+09  0.000000e+00  0.000000e+00  6.945080e+10  0.000000e+00  0.000000e+00  5.135120e+09  3.990696e+09  3.414472e+09  3.142431e+09
1.144998e+04  7.708275e+09  0.000000e+00  0.000000e+00  6.932493e+10  0.000000e+00  0.000000e+00  5.140064e+09  3.996010e+09  3.419564e+09  3.147341e+09
1.147017e+04  7.694304e+09  0.000000e+00  0.000000e+00  6.919928e+10  0.000000e+00  0.000000e+00  5.145001e+09  4.001324e+09  3.424651e+09  3.152246e+09
1.149040e+04  7.680357e+09  0.000000e+00  0.000000e+00  6.907385e+10  0.000000e+00  0.000000e+00  5.149924e+09  4.006613e+09  3.429755e+09  3.157159e+09
1.151067e+04  7.666435e+09  0.000000e+00  0.000000e+00  6.894864e+10  0.000000e+00  0.000000e+00  5.154830e+09  4.011919e+09  3.434842e+09  3.162076e+09
1.153097e+04  7.652536e+09  0.000000e+00  0.000000e+00  6.882364e+10  0.000000e+00  0.000000e+00  5.159725e+09  4.017201e+09  3.439927e+09  3.166975e+09
1.155131e+04  7.638662e+09  0.000000e+00  0.000000e+00  6.869886e+10  0.000000e+00  0.000000e+00  5.164614e+09  4.022497e+09  3.444996e+09  3.171886e+09
1.157168e+04  7.624811e+09  0.000000e+00  0.000000e+00  6.857429e+10  0.000000e+00  0.000000e+00  5.169481e+09  4.027776e+09  3.450071e+09  3.176785e+09
1.159209e+04  7.610985e+09  0.000000e+00  0.000000e+00  6.844994e+10  0.000000e+00  0.000000e+00  5.174332e+09  4.033038e+09  3.455148e+09  3.181694e+09
1.161254e+04  7.597182e+09  0.000000e+00  0.000000e+00  6.832581e+10  0.000000e+00  0.000000e+00  5.179180e+09  4.038301e+09  3.460220e+09  3.186588e+09
1.163302e+04  7.583404e+09  0.000000e+00  0.000000e+00  6.820189e+10  0.000000e+00  0.000000e+00  5.184008e+09  4.043563e+09  3.465281e+09  3.191481e+09
1.165353e+04  7.569649e+09  0.000000e+00  0.000000e+00  6.807819e+10  0.000000e+00  0.000000e+00  5.188812e+09  4.048806e+09  3.470348e+09  3.196380e+09
1.167409e+04  7.555918e+09  0.000000e+00  0.000000e+00  6.795470e+10  0.000000e+00  0.000000e+00  5.193615e+09  4.054049e+09  3.475403e+09  3.201272e+09
1.169468e+04  7.542211e+09  0.000000e+00  0.000000e+00  6.783142e+10  0.000000e+00  0.000000e+00  5.198393e+09  4.059283e+09  3.480452e+09  3.206154e+09
1.171531e+04  7.528528e+09  0.000000e+00  0.000000e+00  6.770836e+10  0.000000e+00  0.000000e+00  5.203162e+09  4.064501e+09  3.485491e+09  3.211034e+09
1.173597e+04  7.514868e+09  0.000000e+00  0.000000e+00  6.758551e+10  0.000000e+00  0.000000e+00  5.207922e+09  4.069716e+09  3.490531e+09  3.215907e+09
1.175667e+04  7.501232e+09  0.000000e+00  0.000000e+00  6.746287e+10  0.000000e+00  0.000000e+00  5.212654e+09  4.074934e+09  3.495586e+09  3.220785e+09
1.177740e+04  7.487620e+09  0.000000e+00  0.000000e+00  6.734045e+10  0.000000e+00  0.000000e+00  5.217371e+09  4.080129e+09  3.500616e+09  3.225662e+09
1.179817e+04  7.474031e+09  0.000000e+00  0.000000e+00  6.721824e+10  0.000000e+00  0.000000e+00  5.222074e+09  4.085312e+09  3.505631e+09  3.230522e+09
1.181898e+04  7.460466e+09  0.000000e+00  0.000000e+00  6.709624e+10  0.000000e+00  0.000000e+00  5.226756e+09  4.090492e+09  3.510650e+09  3.235389e+09
1.183983e+04  7.446924e+09  0.000000e+00  0.000000e+00  6.697445e+10  0.000000e+00  0.000000e+00  5.231421e+09  4.095669e+09  3.515664e+09  3.240247e+09
1.186071e+04  7.433406e+09  0.000000e+00  0.000000e+00  6.685288e+10  0.000000e+00  0.000000e+00  5.236073e+09  4.100820e+09  3.520659e+09  3.245095e+09
1.188163e+04  7.419911e+09  0.000000e+00  0.000000e+00  6.673151e+10  0.000000e+00  0.000000e+00  5.240713e+09  4.105982e+09  3.525677e+09  3.249944e+09
1.190259e+04  7.406440e+09  0.000000e+00  0.000000e+00  6.661036e+10  0.000000e+00  0.000000e+00  5.245334e+09  4.111132e+09  3.530660e+09  3.254791e+09
1.192358e+04  7.392992e+09  0.000000e+00  0.000000e+00  6.648941e+10  0.000000e+00  0.000000e+00  5.249944e+09  4.116260e+09  3.535663e+09  3.259619e+09
1.194461e+04  7.379567e+09  0.000000e+00  0.000000e+00  6.636867e+10  0.000000e+00  0.000000e+00  5.254526e+09  4.121374e+09  3.540640e+09  3.264463e+09
1.196568e+04  7.366166e+09  0.000000e+00  0.000000e+00  6.624815e+10  0.000000e+00  0.000000e+00  5.259088e+09  4.126491e+09  3.545610e+09  3.269286e+09
1.198678e+04  7.352788e+09  0.000000e+00  0.000000e+00  6.612783e+10  0.000000e+00  0.000000e+00  5.263642e+09  4.131603e+09  3.550584e+09  3.274105e+09
1.200792e+04  7.339433e+09  0.000000e+00  0.000000e+00  6.600772e+10  0.000000e+00  0.000000e+00  5.268173e+09  4.136685e+09  3.555541e+09  3.278925e+09
1.202910e+04  7.326101e+09  0.000000e+00  0.000000e+00  6.588782e+10  0.000000e+00  0.000000e+00  5.272692e+09  4.141777e+09  3.560496e+09  3.283737e+09
1.205032e+04  7.312792e+09  0.000000e+00  0.000000e+00  6.576813e+10  0.000000e+00  0.000000e+00  5.277179e+09  4.146850e+09  3.565453e+09  3.288546e+09
1.207157e+04  7.299506e+09  0.000000e+00  0.000000e+00  6.564864e+10  0.000000e+00  0.000000e+00  5.281669e+09  4.151915e+09  3.570390e+09  3.293345e+09
1.209286e+04  7.286244e+09  0.000000e+00  0.000000e+00  6.552936e+10  0.000000e+00  0.000000e+00  5.286133e+09  4.156959e+09  3.575317e+09  3.298146e+09
1.211419e+04  7.273004e+09  0.000000e+00  0.000000e+00  6.541029e+10  0.000000e+00  0.000000e+00  5.290571e+09  4.161991e+09  3.580249e+09  3.302931e+09
1.213556e+04  7.259788e+09  0.000000e+00  0.000000e+00  6.529143e+10  0.000000e+00  0.000000e+00  5.294989e+09  4.167030e+09  3.585163e+09  3.307713e+09
1.215696e+04  7.246594e+09  0.000000e+00  0.000000e+00  6.517277e+10  0.000000e+00  0.000000e+00  5.299394e+09  4.172049e+09  3.590069e+09  3.312498e+09
1.217840e+04  7.233423e+09  0.000000e+00  0.000000e+00  6.505432e+10  0.000000e+00  0.000000e+00  5.303786e+09  4.177060e+09  3.594988e+09  3.317273e+09
1.219988e+04  7.220275e+09  0.000000e+00  0.000000e+00  6.493607e+10  0.000000e+00  0.000000e+00  5.308145e+09  4.182047e+09  3.599880e+09  3.322033e+09
1.222140e+04  7.207150e+09  0.000000e+00  0.000000e+00  6.481803e+10  0.000000e+00  0.000000e+00  5.312489e+09  4.187032e+09  3.604754e+09  3.326789e+09
1.224295e+04  7.194048e+09  0.000000e+00  0.000000e+00  6.470019e+10  0.000000e+00  0.000000e+00  5.316820e+09  4.191999e+09  3.609633e+09  3.331538e+09
1.226455e+04  7.180968e+09  0.000000e+00  0.000000e+00  6.458256e+10  0.000000e+00  0.000000e+00  5.321148e+09  4.196965e+09  3.614508e+09  3.336292e+09
1.228618e+04  7.167911e+09  0.000000e+00  0.000000e+00  6.446513e+10  0.000000e+00  0.000000e+00  5.325431e+09  4.201908e+09  3.619363e+09  3.341024e+09
1.230785e+04  7.154877e+09  0.000000e+00  0.000000e+00  6.434790e+10  0.000000e+00  0.000000e+00  5.329706e+09  4.206845e+09  3.624242e+09  3.345765e+09
1.232956e+04  7.141865e+09  0.000000e+00  0.000000e+00  6.423088e+10  0.000000e+00  0.000000e+00  5.333976e+09  4.211776e+09  3.629068e+09  3.350494e+09
1.235130e+04  7.128876e+09  0.000000e+00  0.000000e+00  6.411406e+10  0.000000e+00  0.000000e+00  5.338203e+09  4.216699e+09  3.633922e+09  3.355206e+09
1.237309e+04  7.115909e+09  0.000000e+00  0.000000e+00  6.399745e+10  0.000000e+00  0.000000e+00  5.342431e+09  4.221599e+09  3.638754e+09  3.359921e+09
1.239491e+04  7.102965e+09  0.000000e+00  0.000000e+00  6.388103e+10  0.000000e+00  0.000000e+00  5.346620e+09  4.226490e+09  3.643560e+09  3.364634e+09
1.241677e+04  7.090043e+09  0.000000e+00  0.000000e+00  6.376482e+10  0.000000e+00  0.000000e+00  5.350799e+09  4.231377e+09  3.648392e+09  3.369328e+09
1.243867e+04  7.077144e+09  0.000000e+00  0.000000e+00  6.364881e+10  0.000000e+00  0.000000e+00  5.354972e+09  4.236231e+09  3.653194e+09  3.374029e+09
1.246061e+04  7.064267e+09  0.000000e+00  0.000000e+00  6.353300e+10  0.000000e+00  0.000000e+00  5.359100e+09  4.241096e+09  3.657984e+09  3.378716e+09
1.248259e+04  7.051413e+09  0.000000e+00  0.000000e+00  6.341739e+10  0.000000e+00  0.000000e+00  5.363228e+09  4.245934e+09  3.662785e+09  3.383382e+09
1.250460e+04  7.038581e+09  0.000000e+00  0.000000e+00  6.330199e+10  0.000000e+00  0.000000e+00  5.367339e+09  4.250766e+09  3.667559e+09  3.388063e+09
1.252666e+04  7.025771e+09  0.000000e+00  0.000000e+00  6.318678e+10  0.000000e+00  0.000000e+00  5.371417e+09  4.255579e+09  3.672335e+09  3.392719e+09
1.254875e+04  7.012983e+09  0.000000e+00  0.000000e+00  6.307177e+10  0.000000e+00  0.000000e+00  5.375480e+09  4.260375e+09  3.677085e+09  3.397372e+09
1.257088e+04  7.000217e+09  0.000000e+00  0.000000e+00  6.295696e+10  0.000000e+00  0.000000e+00  5.379516e+09  4.265165e+09  3.681824e+09  3.402031e+09
1.259306e+04  6.987474e+09  0.000000e+00  0.000000e+00  6.284236e+10  0.000000e+00  0.000000e+00  5.383537e+09  4.269948e+09  3.686590e+09  3.406668e+09
1.261527e+04  6.974753e+09  0.000000e+00  0.000000e+00  6.272795e+10  0.000000e+00  0.000000e+00  5.387551e+09  4.274729e+09  3.691310e+09  3.411296e+09
1.263752e+04  6.962054e+09  0.000000e+00  0.000000e+00  6.261374e+10  0.000000e+00  0.000000e+00  5.391534e+09  4.279475e+09  3.696048e+09  3.415931e+09
1.265981e+04  6.949377e+09  0.000000e+00  0.000000e+00  6.249972e+10  0.000000e+00  0.000000e+00  5.395495e+09  4.284211e+09  3.700752e+09  3.420543e+09
1.268213e+04  6.936721e+09  0.000000e+00  0.000000e+00  6.238591e+10  0.000000e+00  0.000000e+00  5.399440e+09  4.288937e+09  3.705445e+09  3.425146e+09
1.270450e+04  6.924088e+09  0.000000e+00  0.000000e+00  6.227229e+10  0.000000e+00  0.000000e+00  5.403362e+09  4.293637e+09  3.710134e+09  3.429746e+09
1.272691e+04  6.911477e+09  0.000000e+00  0.000000e+00  6.215887e+10  0.000000e+00  0.000000e+00  5.407261e+09  4.298346e+09  3.714820e+09  3.434344e+09
1.274936e+04  6.898888e+09  0.000000e+00  0.000000e+00  6.204565e+10  0.000000e+00  0.000000e+00  5.411146e+09  4.303020e+09  3.719511e+09  3.438929e+09
1.277184e+04  6.886320e+09  0.000000e+00  0.000000e+00  6.193262e+10  0.000000e+00  0.000000e+00  5.414996e+09  4.307705e+09  3.724161e+09  3.443497e+09
1.279437e+04  6.873775e+09  0.000000e+00  0.000000e+00  6.181979e+10  0.000000e+00  0.000000e+00  5.418840e+09  4.312365e+09  3.728814e+09  3.448068e+09
1.281694e+04  6.861251e+09  0.000000e+00  0.000000e+00  6.170716e+10  0.000000e+00  0.000000e+00  5.422661e+09  4.317009e+09  3.733450e+09  3.452626e+09
1.283954e+04  6.848749e+09  0.000000e+00  0.000000e+00  6.159472e+10  0.000000e+00  0.000000e+00  5.426448e+09  4.321621e+09  3.738089e+09  3.457171e+09
1.286219e+04  6.836268e+09  0.000000e+00  0.000000e+00  6.148247e+10  0.000000e+00  0.000000e+00  5.430226e+09  4.326236e+09  3.742725e+09  3.461701e+09
1.288487e+04  6.823809e+09  0.000000e+00  0.000000e+00  6.137043e+10  0.000000e+00  0.000000e+00  5.433984e+09  4.330843e+09  3.747321e+09  3.466232e+09
1.290760e+04  6.811372e+09  0.000000e+00  0.000000e+00  6.125857e+10  0.000000e+00  0.000000e+00  5.437715e+09  4.335430e+09  3.751925e+09  3.470759e+09
1.293036e+04  6.798957e+09  0.000000e+00  0.000000e+00  6.114691e+10  0.000000e+00  0.000000e+00  5.441411e+09  4.339985e+09  3.756515e+09  3.475258e+09
1.295317e+04  6.786563e+09  0.000000e+00  0.000000e+00  6.103545e+10  0.000000e+00  0.000000e+00  5.445103e+09  4.344532e+09  3.761084e+09  3.479751e+09
1.297602e+04  6.774190e+09  0.000000e+00  0.000000e+00  6.092417e+10  0.000000e+00  0.000000e+00  5.448757e+09  4.349084e+09  3.765637e+09  3.484248e+09
1.299890e+04  6.761839e+09  0.000000e+00  0.000000e+00  6.081309e+10  0.000000e+00  0.000000e+00  5.452393e+09  4.353590e+09  3.770185e+09  3.488720e+09
1.302183e+04  6.749510e+09  0.000000e+00  0.000000e+00  6.070221e+10  0.000000e+00  0.000000e+00  5.456004e+09  4.358096e+09  3.774718e+09  3.493201e+09
1.304480e+04  6.737202e+09  0.000000e+00  0.000000e+00  6.059151e+10  0.000000e+00  0.000000e+00  5.459613e+09  4.362587e+09  3.779244e+09  3.497655e+09
1.306780e+04  6.724915e+09  0.000000e+00  0.000000e+00  6.048101e+10  0.000000e+00  0.000000e+00  5.463186e+09  4.367075e+09  3.783782e+09  3.502092e+09
1.309085e+04  6.712650e+09  0.000000e+00  0.000000e+00  6.037070e+10  0.000000e+00  0.000000e+00  5.466736e+09  4.371528e+09  3.788280e+09  3.506544e+09
1.311394e+04  6.700406e+09  0.000000e+00  0.000000e+00  6.026059e+10  0.000000e+00  0.000000e+00  5.470265e+09  4.375966e+09  3.792768e+09  3.510958e+09
1.313707e+04  6.688183e+09  0.000000e+00  0.000000e+00  6.015066e+10  0.000000e+00  0.000000e+00  5.473761e+09  4.380402e+09  3.797251e+09  3.515380e+09
1.316024e+04  6.675981e+09  0.000000e+00  0.000000e+00  6.004092e+10  0.000000e+00  0.000000e+00  5.477256e+09  4.384812e+09  3.801704e+09  3.519791e+09
1.318345e+04  6.663801e+09  0.000000e+00  0.000000e+00  5.993138e+10  0.000000e+00  0.000000e+00  5.480712e+09  4.389201e+09  3.806143e+09  3.524171e+09
1.320670e+04  6.651642e+09  0.000000e+00  0.000000e+00  5.982202e+10  0.000000e+00  0.000000e+00  5.484148e+09  4.393575e+09  3.810585e+09  3.528561e+09
1.323000e+04  6.639504e+09  0.000000e+00  0.000000e+00  5.971286e+10  0.000000e+00  0.000000e+00  5.487553e+09  4.397945e+09  3.815030e+09  3.532920e+09
1.325333e+04  6.627387e+09  0.000000e+00  0.000000e+00  5.960388e+10  0.000000e+00  0.000000e+00  5.490941e+09  4.402260e+09  3.819419e+09  3.537287e+09
1.327671e+04  6.615291e+09  0.000000e+00  0.000000e+00  5.949510e+10  0.000000e+00  0.000000e+00  5.494298e+09  4.406596e+09  3.823823e+09  3.541629e+09
1.330012e+04  6.603216e+09  0.000000e+00  0.000000e+00  5.938650e+10  0.000000e+00  0.000000e+00  5.497615e+09  4.410897e+09  3.828189e+09  3.545944e+09
1.332358e+04  6.591162e+09  0.000000e+00  0.000000e+00  5.927809e+10  0.000000e+00  0.000000e+00  5.501223e+09  4.415393e+09  3.832777e+09  3.550466e+09
1.334561e+04  6.579881e+09  0.000000e+00  0.000000e+00  5.917664e+10  0.000000e+00  0.000000e+00  5.504784e+09  4.419776e+09  3.837173e+09  3.554796e+09
1.336620e+04  6.569368e+09  0.000000e+00  0.000000e+00  5.908209e+10  0.000000e+00  0.000000e+00  5.507683e+09  4.423554e+09  3.840997e+09  3.558588e+09
1.338683e+04  6.558871e+09  0.000000e+00  0.000000e+00  5.898768e+10  0.000000e+00  0.000000e+00  5.510323e+09  4.427093e+09  3.844650e+09  3.562216e+09
1.340748e+04  6.548390e+09  0.000000e+00  0.000000e+00  5.889342e+10  0.000000e+00  0.000000e+00  5.513028e+09  4.430682e+09  3.848352e+09  3.565875e+09
1.342817e+04  6.537925e+09  0.000000e+00  0.000000e+00  5.879930e+10  0.000000e+00  0.000000e+00  5.515731e+09  4.434291e+09  3.852043e+09  3.569546e+09
1.344889e+04  6.527476e+09  0.000000e+00  0.000000e+00  5.870533e+10  0.000000e+00  0.000000e+00  5.518431e+09  4.437898e+09  3.855765e+09  3.573232e+09
1.346965e+04  6.517043e+09  0.000000e+00  0.000000e+00  5.861150e+10  0.000000e+00  0.000000e+00  5.521155e+09  4.441526e+09  3.859477e+09  3.576898e+09
1.349043e+04  6.506625e+09  0.000000e+00  0.000000e+00  5.851781e+10  0.000000e+00  0.000000e+00  5.523862e+09  4.445126e+09  3.863188e+09  3.580587e+09
1.351125e+04  6.496224e+09  0.000000e+00  0.000000e+00  5.842426e+10  0.000000e+00  0.000000e+00  5.526568e+09  4.448737e+09  3.866863e+09  3.584265e+09
1.353210e+04  6.485838e+09  0.000000e+00  0.000000e+00  5.833086e+10  0.000000e+00  0.000000e+00  5.529254e+09  4.452327e+09  3.870576e+09  3.587923e+09
1.355298e+04  6.475468e+09  0.000000e+00  0.000000e+00  5.823760e+10  0.000000e+00  0.000000e+00  5.531930e+09  4.455932e+09  3.874261e+09  3.591593e+09
1.357389e+04  6.465114e+09  0.000000e+00  0.000000e+00  5.814447e+10  0.000000e+00  0.000000e+00  5.534587e+09  4.459507e+09  3.877958e+09  3.595257e+09
1.359484e+04  6.454776e+09  0.000000e+00  0.000000e+00  5.805150e+10  0.000000e+00  0.000000e+00  5.537253e+09  4.463059e+09  3.881623e+09  3.598915e+09
1.361582e+04  6.444453e+09  0.000000e+00  0.000000e+00  5.795866e+10  0.000000e+00  0.000000e+00  5.539881e+09  4.466633e+09  3.885314e+09  3.602555e+09
1.363683e+04  6.434146e+09  0.000000e+00  0.000000e+00  5.786596e+10  0.000000e+00  0.000000e+00  5.542494e+09  4.470161e+09  3.888954e+09  3.606188e+09
1.365787e+04  6.423855e+09  0.000000e+00  0.000000e+00  5.777341e+10  0.000000e+00  0.000000e+00  5.545108e+09  4.473700e+09  3.892607e+09  3.609817e+09
1.367895e+04  6.413579e+09  0.000000e+00  0.000000e+00  5.768099e+10  0.000000e+00  0.000000e+00  5.547705e+09  4.477218e+09  3.896264e+09  3.613438e+09
1.370005e+04  6.403320e+09  0.000000e+00  0.000000e+00  5.758872e+10  0.000000e+00  0.000000e+00  5.550250e+09  4.480735e+09  3.899876e+09  3.617056e+09
1.372120e+04  6.393075e+09  0.000000e+00  0.000000e+00  5.749659e+10  0.000000e+00  0.000000e+00  5.552806e+09  4.484220e+09  3.903495e+09  3.620663e+09
1.374237e+04  6.382846e+09  0.000000e+00  0.000000e+00  5.740459e+10  0.000000e+00  0.000000e+00  5.555337e+09  4.487703e+09  3.907104e+09  3.624254e+09
1.376357e+04  6.372633e+09  0.000000e+00  0.000000e+00  5.731274e+10  0.000000e+00  0.000000e+00  5.557853e+09  4.491170e+09  3.910689e+09  3.627827e+09
1.378481e+04  6.362436e+09  0.000000e+00  0.000000e+00  5.722103e+10  0.000000e+00  0.000000e+00  5.560340e+09  4.494613e+09  3.914273e+09  3.631403e+09
1.380608e+04  6.352253e+09  0.000000e+00  0.000000e+00  5.712945e+10  0.000000e+00  0.000000e+00  5.562830e+09  4.498064e+09  3.917842e+09  3.634964e+09
1.382739e+04  6.342087e+09  0.000000e+00  0.000000e+00  5.703802e+10  0.000000e+00  0.000000e+00  5.565284e+09  4.501475e+09  3.921402e+09  3.638498e+09
1.384873e+04  6.331936e+09  0.000000e+00  0.000000e+00  5.694672e+10  0.000000e+00  0.000000e+00  5.567711e+09  4.504873e+09  3.924944e+09  3.642039e+09
1.387010e+04  6.321800e+09  0.000000e+00  0.000000e+00  5.685557e+10  0.000000e+00  0.000000e+00  5.570125e+09  4.508279e+09  3.928479e+09  3.645567e+09
1.389150e+04  6.311679e+09  0.000000e+00  0.000000e+00  5.676455e+10  0.000000e+00  0.000000e+00  5.572534e+09  4.511648e+09  3.932001e+09  3.649096e+09
1.391293e+04  6.301575e+09  0.000000e+00  0.000000e+00  5.667367e+10  0.000000e+00  0.000000e+00  5.574916e+09  4.515014e+09  3.935529e+09  3.652594e+09
1.393440e+04  6.291485e+09  0.000000e+00  0.000000e+00  5.658293e+10  0.000000e+00  0.000000e+00  5.577258e+09  4.518379e+09  3.939025e+09  3.656092e+09
1.395591e+04  6.281411e+09  0.000000e+00  0.000000e+00  5.649232e+10  0.000000e+00  0.000000e+00  5.579615e+09  4.521699e+09  3.942515e+09  3.659563e+09
1.397744e+04  6.271352e+09  0.000000e+00  0.000000e+00  5.640186e+10  0.000000e+00  0.000000e+00  5.581936e+09  4.525019e+09  3.945988e+09  3.663040e+09
1.399901e+04  6.261308e+09  0.000000e+00  0.000000e+00  5.631153e+10  0.000000e+00  0.000000e+00  5.584234e+09  4.528322e+09  3.949447e+09  3.666500e+09
1.402061e+04  6.251280e+09  0.000000e+00  0.000000e+00  5.622134e+10  0.000000e+00  0.000000e+00  5.586516e+09  4.531612e+09  3.952897e+09  3.669960e+09
1.404225e+04  6.241267e+09  0.000000e+00  0.000000e+00  5.613129e+10  0.000000e+00  0.000000e+00  5.588770e+09  4.534867e+09  3.956325e+09  3.673381e+09
1.406391e+04  6.231269e+09  0.000000e+00  0.000000e+00  5.604137e+10  0.000000e+00  0.000000e+00  5.591018e+09  4.538120e+09  3.959750e+09  3.676822e+09
1.408562e+04  6.221287e+09  0.000000e+00  0.000000e+00  5.595159e+10  0.000000e+00  0.000000e+00  5.593237e+09  4.541375e+09  3.963156e+09  3.680225e+09
1.410735e+04  6.211319e+09  0.000000e+00  0.000000e+00  5.586195e+10  0.000000e+00  0.000000e+00  5.595429e+09  4.544592e+09  3.966550e+09  3.683630e+09
1.412912e+04  6.201367e+09  0.000000e+00  0.000000e+00  5.577245e+10  0.000000e+00  0.000000e+00  5.597622e+09  4.547781e+09  3.969929e+09  3.687026e+09
1.415092e+04  6.191430e+09  0.000000e+00  0.000000e+00  5.568308e+10  0.000000e+00  0.000000e+00  5.599769e+09  4.550974e+09  3.973303e+09  3.690402e+09
1.417276e+04  6.181508e+09  0.000000e+00  0.000000e+00  5.559384e+10  0.000000e+00  0.000000e+00  5.601895e+09  4.554148e+09  3.976651e+09  3.693760e+09
1.419463e+04  6.171601e+09  0.000000e+00  0.000000e+00  5.550475e+10  0.000000e+00  0.000000e+00  5.604021e+09  4.557309e+09  3.979992e+09  3.697119e+09
1.421653e+04  6.161710e+09  0.000000e+00  0.000000e+00  5.541578e+10  0.000000e+00  0.000000e+00  5.606119e+09  4.560463e+09  3.983318e+09  3.700466e+09
1.423847e+04  6.151833e+09  0.000000e+00  0.000000e+00  5.532696e+10  0.000000e+00  0.000000e+00  5.608202e+09  4.563575e+09  3.986636e+09  3.703785e+09
1.426044e+04  6.141971e+09  0.000000e+00  0.000000e+00  5.523827e+10  0.000000e+00  0.000000e+00  5.610265e+09  4.566677e+09  3.989932e+09  3.707097e+09
1.428245e+04  6.132125e+09  0.000000e+00  0.000000e+00  5.514971e+10  0.000000e+00  0.000000e+00  5.612302e+09  4.569786e+09  3.993215e+09  3.710408e+09
1.430449e+04  6.122293e+09  0.000000e+00  0.000000e+00  5.506129e+10  0.000000e+00  0.000000e+00  5.614322e+09  4.572850e+09  3.996487e+09  3.713692e+09
1.432656e+04  6.112476e+09  0.000000e+00  0.000000e+00  5.497300e+10  0.000000e+00  0.000000e+00  5.616314e+09  4.575896e+09  3.999746e+09  3.716962e+09
1.434867e+04  6.102675e+09  0.000000e+00  0.000000e+00  5.488485e+10  0.000000e+00  0.000000e+00  5.618282e+09  4.578954e+09  4.002986e+09  3.720227e+09
1.437081e+04  6.092888e+09  0.000000e+00  0.000000e+00  5.479683e+10  0.000000e+00  0.000000e+00  5.620224e+09  4.581981e+09  4.006221e+09  3.723488e+09
1.439298e+04  6.083116e+09  0.000000e+00  0.000000e+00  5.470895e+10  0.000000e+00  0.000000e+00  5.622179e+09  4.584976e+09  4.009435e+09  3.726732e+09
1.441519e+04  6.073359e+09  0.000000e+00  0.000000e+00  5.462120e+10  0.000000e+00  0.000000e+00  5.624075e+09  4.587963e+09  4.012637e+09  3.729938e+09
1.443744e+04  6.063617e+09  0.000000e+00  0.000000e+00  5.453358e+10  0.000000e+00  0.000000e+00  5.625956e+09  4.590953e+09  4.015820e+09  3.733162e+09
1.445972e+04  6.053890e+09  0.000000e+00  0.000000e+00  5.444610e+10  0.000000e+00  0.000000e+00  5.627842e+09  4.593904e+09  4.018991e+09  3.736359e+09
1.448203e+04  6.044177e+09  0.000000e+00  0.000000e+00  5.435875e+10  0.000000e+00  0.000000e+00  5.629690e+09  4.596827e+09  4.022149e+09  3.739551e+09
1.450438e+04  6.034479e+09  0.000000e+00  0.000000e+00  5.427153e+10  0.000000e+00  0.000000e+00  5.631509e+09  4.599768e+09  4.025291e+09  3.742713e+09
1.452676e+04  6.024796e+09  0.000000e+00  0.000000e+00  5.418444e+10  0.000000e+00  0.000000e+00  5.633308e+09  4.602645e+09  4.028410e+09  3.745870e+09
1.454917e+04  6.015128e+09  0.000000e+00  0.000000e+00  5.409749e+10  0.000000e+00  0.000000e+00  5.635095e+09  4.605554e+09  4.031529e+09  3.749012e+09
1.457163e+04  6.005475e+09  0.000000e+00  0.000000e+00  5.401067e+10  0.000000e+00  0.000000e+00  5.636854e+09  4.608407e+09  4.034620e+09  3.752155e+09
1.459411e+04  5.995836e+09  0.000000e+00  0.000000e+00  5.392399e+10  0.000000e+00  0.000000e+00  5.638598e+09  4.611273e+09  4.037695e+09  3.755258e+09
1.461663e+04  5.986212e+09  0.000000e+00  0.000000e+00  5.383743e+10  0.000000e+00  0.000000e+00  5.640329e+09  4.614085e+09  4.040758e+09  3.758369e+09
1.463919e+04  5.976602e+09  0.000000e+00  0.000000e+00  5.375101e+10  0.000000e+00  0.000000e+00  5.642030e+09  4.616911e+09  4.043811e+09  3.761443e+09
1.466178e+04  5.967008e+09  0.000000e+00  0.000000e+00  5.366472e+10  0.000000e+00  0.000000e+00  5.643686e+09  4.619694e+09  4.046850e+09  3.764526e+09
1.468440e+04  5.957427e+09  0.000000e+00  0.000000e+00  5.357856e+10  0.000000e+00  0.000000e+00  5.645354e+09  4.622491e+09  4.049866e+09  3.767574e+09
1.470706e+04  5.947862e+09  0.000000e+00  0.000000e+00  5.349253e+10  0.000000e+00  0.000000e+00  5.646982e+09  4.625232e+09  4.052872e+09  3.770620e+09
1.472975e+04  5.938311e+09  0.000000e+00  0.000000e+00  5.340663e+10  0.000000e+00  0.000000e+00  5.648611e+09  4.627978e+09  4.055852e+09  3.773650e+09
1.475248e+04  5.928774e+09  0.000000e+00  0.000000e+00  5.332086e+10  0.000000e+00  0.000000e+00  5.650190e+09  4.630720e+09  4.058830e+09  3.776667e+09
1.477525e+04  5.919252e+09  0.000000e+00  0.000000e+00  5.323523e+10  0.000000e+00  0.000000e+00  5.651763e+09  4.633401e+09  4.061786e+09  3.779684e+09
1.479805e+04  5.909745e+09  0.000000e+00  0.000000e+00  5.314972e+10  0.000000e+00  0.000000e+00  5.653302e+09  4.636099e+09  4.064718e+09  3.782655e+09
1.482088e+04  5.900252e+09  0.000000e+00  0.000000e+00  5.306435e+10  0.000000e+00  0.000000e+00  5.654819e+09  4.638766e+09  4.067650e+09  3.785639e+09
1.484375e+04  5.890774e+09  0.000000e+00  0.000000e+00  5.297910e+10  0.000000e+00  0.000000e+00  5.656318e+09  4.641410e+09  4.070550e+09  3.788593e+09
1.486666e+04  5.881309e+09  0.000000e+00  0.000000e+00  5.289398e+10  0.000000e+00  0.000000e+00  5.657818e+09  4.644045e+09  4.073440e+09  3.791521e+09
1.488960e+04  5.871860e+09  0.000000e+00  0.000000e+00  5.280900e+10  0.000000e+00  0.000000e+00  5.659253e+09  4.646670e+09  4.076318e+09  3.794447e+09
1.491258e+04  5.862425e+09  0.000000e+00  0.000000e+00  5.272414e+10  0.000000e+00  0.000000e+00  5.660691e+09  4.649251e+09  4.079178e+09  3.797372e+09
1.493559e+04  5.853004e+09  0.000000e+00  0.000000e+00  5.263941e+10  0.000000e+00  0.000000e+00  5.662096e+09  4.651818e+09  4.082021e+09  3.800276e+09
1.495863e+04  5.843597e+09  0.000000e+00  0.000000e+00  5.255482e+10  0.000000e+00  0.000000e+00  5.663512e+09  4.654367e+09  4.084849e+09  3.803149e+09
1.498172e+04  5.834205e+09  0.000000e+00  0.000000e+00  5.247035e+10  0.000000e+00  0.000000e+00  5.664881e+09  4.656897e+09  4.087656e+09  3.806024e+09
1.500483e+04  5.824827e+09  0.000000e+00  0.000000e+00  5.238601e+10  0.000000e+00  0.000000e+00  5.666205e+09  4.659435e+09  4.090440e+09  3.808862e+09
1.502799e+04  5.815464e+09  0.000000e+00  0.000000e+00  5.230180e+10  0.000000e+00  0.000000e+00  5.667550e+09  4.661916e+09  4.093223e+09  3.811707e+09
1.505118e+04  5.806114e+09  0.000000e+00  0.000000e+00  5.221771e+10  0.000000e+00  0.000000e+00  5.668841e+09  4.664413e+09  4.095978e+09  3.814524e+09
1.507440e+04  5.796779e+09  0.000000e+00  0.000000e+00  5.213376e+10  0.000000e+00  0.000000e+00  5.670107e+09  4.666856e+09  4.098720e+09  3.817310e+09
1.509767e+04  5.787458e+09  0.000000e+00  0.000000e+00  5.204993e+10  0.000000e+00  0.000000e+00  5.671380e+09  4.669307e+09  4.101446e+09  3.820098e+09
1.512096e+04  5.778152e+09  0.000000e+00  0.000000e+00  5.196623e+10  0.000000e+00  0.000000e+00  5.672595e+09  4.671713e+09  4.104151e+09  3.822879e+09
1.514430e+04  5.768859e+09  0.000000e+00  0.000000e+00  5.188266e+10  0.000000e+00  0.000000e+00  5.673819e+09  4.674107e+09  4.106832e+09  3.825631e+09
1.516766e+04  5.759581e+09  0.000000e+00  0.000000e+00  5.179921e+10  0.000000e+00  0.000000e+00  5.675004e+09  4.676505e+09  4.109504e+09  3.828363e+09
1.519107e+04  5.750317e+09  0.000000e+00  0.000000e+00  5.171589e+10  0.000000e+00  0.000000e+00  5.676154e+09  4.678851e+09  4.112170e+09  3.831092e+09
1.521451e+04  5.741067e+09  0.000000e+00  0.000000e+00  5.163270e+10  0.000000e+00  0.000000e+00  5.677291e+09  4.681182e+09  4.114794e+09  3.833802e+09
1.523799e+04  5.731831e+09  0.000000e+00  0.000000e+00  5.154964e+10  0.000000e+00  0.000000e+00  5.678425e+09  4.683514e+09  4.117413e+09  3.836487e+09
1.526150e+04  5.722609e+09  0.000000e+00  0.000000e+00  5.146670e+10  0.000000e+00  0.000000e+00  5.679503e+09  4.685804e+09  4.120015e+09  3.839153e+09
1.528505e+04  5.713401e+09  0.000000e+00  0.000000e+00  5.138389e+10  0.000000e+00  0.000000e+00  5.680593e+09  4.688087e+09  4.122594e+09  3.841819e+09
1.530864e+04  5.704208e+09  0.000000e+00  0.000000e+00  5.130121e+10  0.000000e+00  0.000000e+00  5.681614e+09  4.690350e+09  4.125159e+09  3.844452e+09
1.533226e+04  5.695028e+09  0.000000e+00  0.000000e+00  5.121865e+10  0.000000e+00  0.000000e+00  5.682657e+09  4.692587e+09  4.127711e+09  3.847075e+09
1.535592e+04  5.685862e+09  0.000000e+00  0.000000e+00  5.113622e+10  0.000000e+00  0.000000e+00  5.683669e+09  4.694802e+09  4.130244e+09  3.849677e+09
1.537962e+04  5.676710e+09  0.000000e+00  0.000000e+00  5.105391e+10  0.000000e+00  0.000000e+00  5.684623e+09  4.697000e+09  4.132747e+09  3.852256e+09
1.540335e+04  5.667573e+09  0.000000e+00  0.000000e+00  5.097173e+10  0.000000e+00  0.000000e+00  5.685596e+09  4.699169e+09  4.135242e+09  3.854825e+09
1.542712e+04  5.658449e+09  0.000000e+00  0.000000e+00  5.088967e+10  0.000000e+00  0.000000e+00  5.686533e+09  4.701330e+09  4.137714e+09  3.857393e+09
1.545092e+04  5.649339e+09  0.000000e+00  0.000000e+00  5.080774e+10  0.000000e+00  0.000000e+00  5.687418e+09  4.703463e+09  4.140174e+09  3.859926e+09
1.547477e+04  5.640243e+09  0.000000e+00  0.000000e+00  5.072593e+10  0.000000e+00  0.000000e+00  5.688329e+09  4.705568e+09  4.142600e+09  3.862452e+09
1.549864e+04  5.631160e+09  0.000000e+00  0.000000e+00  5.064425e+10  0.000000e+00  0.000000e+00  5.689181e+09  4.707662e+09  4.145027e+09  3.864944e+09
1.552256e+04  5.622092e+09  0.000000e+00  0.000000e+00  5.056269e+10  0.000000e+00  0.000000e+00  5.690023e+09  4.709733e+09  4.147420e+09  3.867433e+09
1.554651e+04  5.613038e+09  0.000000e+00  0.000000e+00  5.048126e+10  0.000000e+00  0.000000e+00  5.690817e+09  4.711787e+09  4.149792e+09  3.869899e+09
1.557050e+04  5.603997e+09  0.000000e+00  0.000000e+00  5.039995e+10  0.000000e+00  0.000000e+00  5.691625e+09  4.713817e+09  4.152159e+09  3.872354e+09
1.559453e+04  5.594970e+09  0.000000e+00  0.000000e+00  5.031877e+10  0.000000e+00  0.000000e+00  5.692369e+09  4.715810e+09  4.154489e+09  3.874772e+09
1.561859e+04  5.585957e+09  0.000000e+00  0.000000e+00  5.023771e+10  0.000000e+00  0.000000e+00  5.693093e+09  4.717805e+09  4.156814e+09  3.877169e+09
1.564269e+04  5.576957e+09  0.000000e+00  0.000000e+00  5.015677e+10  0.000000e+00  0.000000e+00  5.693835e+09  4.719762e+09  4.159115e+09  3.879564e+09
1.566683e+04  5.567972e+09  0.000000e+00  0.000000e+00  5.007596e+10  0.000000e+00  0.000000e+00  5.694501e+09  4.721703e+09  4.161402e+09  3.881940e+09
1.569101e+04  5.559000e+09  0.000000e+00  0.000000e+00  4.999527e+10  0.000000e+00  0.000000e+00  5.695184e+09  4.723627e+09  4.163660e+09  3.884308e+09
1.571522e+04  5.550041e+09  0.000000e+00  0.000000e+00  4.991470e+10  0.000000e+00  0.000000e+00  5.695823e+09  4.725535e+09  4.165902e+09  3.886644e+09
1.573947e+04  5.541097e+09  0.000000e+00  0.000000e+00  4.983426e+10  0.000000e+00  0.000000e+00  5.696451e+09  4.727408e+09  4.168134e+09  3.888972e+09
1.576376e+04  5.532166e+09  0.000000e+00  0.000000e+00  4.975393e+10  0.000000e+00  0.000000e+00  5.697033e+09  4.729262e+09  4.170338e+09  3.891266e+09
1.578808e+04  5.523248e+09  0.000000e+00  0.000000e+00  4.967373e+10  0.000000e+00  0.000000e+00  5.697638e+09  4.731101e+09  4.172530e+09  3.893553e+09
1.581245e+04  5.514344e+09  0.000000e+00  0.000000e+00  4.959366e+10  0.000000e+00  0.000000e+00  5.698067e+09  4.732863e+09  4.174651e+09  3.895788e+09
1.583685e+04  5.505454e+09  0.000000e+00  0.000000e+00  4.951370e+10  0.000000e+00  0.000000e+00  5.698809e+09  4.734828e+09  4.176960e+09  3.898189e+09
1.585992e+04  5.497071e+09  0.000000e+00  0.000000e+00  4.943830e+10  0.000000e+00  0.000000e+00  5.699684e+09  4.736837e+09  4.179258e+09  3.900541e+09
1.588168e+04  5.489191e+09  0.000000e+00  0.000000e+00  4.936744e+10  0.000000e+00  0.000000e+00  5.700152e+09  4.738410e+09  4.181147e+09  3.902530e+09
1.590346e+04  5.481322e+09  0.000000e+00  0.000000e+00  4.929667e+10  0.000000e+00  0.000000e+00  5.700411e+09  4.739823e+09  4.182898e+09  3.904377e+09
1.592527e+04  5.473464e+09  0.000000e+00  0.000000e+00  4.922599e+10  0.000000e+00  0.000000e+00  5.700687e+09  4.741261e+09  4.184665e+09  3.906242e+09
1.594711e+04  5.465616e+09  0.000000e+00  0.000000e+00  4.915542e+10  0.000000e+00  0.000000e+00  5.700989e+09  4.742704e+09  4.186434e+09  3.908109e+09
1.596899e+04  5.457779e+09  0.000000e+00  0.000000e+00  4.908493e+10  0.000000e+00  0.000000e+00  5.701271e+09  4.744135e+09  4.188204e+09  3.909976e+09
1.599089e+04  5.449953e+09  0.000000e+00  0.000000e+00  4.901455e+10  0.000000e+00  0.000000e+00  5.701566e+09  4.745566e+09  4.189974e+09  3.911849e+09
1.601282e+04  5.442137e+09  0.000000e+00  0.000000e+00  4.894425e+10  0.000000e+00  0.000000e+00  5.701859e+09  4.746994e+09  4.191722e+09  3.913699e+09
1.603478e+04  5.434332e+09  0.000000e+00  0.000000e+00  4.887406e+10  0.000000e+00  0.000000e+00  5.702108e+09  4.748400e+09  4.193463e+09  3.915537e+09
1.605677e+04  5.426537e+09  0.000000e+00  0.000000e+00  4.880396e+10  0.000000e+00  0.000000e+00  5.702371e+09  4.749806e+09  4.195194e+09  3.917367e+09
1.607880e+04  5.418753e+09  0.000000e+00  0.000000e+00  4.873395e+10  0.000000e+00  0.000000e+00  5.702607e+09  4.751192e+09  4.196925e+09  3.919179e+09
1.610085e+04  5.410980e+09  0.000000e+00  0.000000e+00  4.866404e+10  0.000000e+00  0.000000e+00  5.702820e+09  4.752563e+09  4.198620e+09  3.921013e+09
1.612293e+04  5.403217e+09  0.000000e+00  0.000000e+00  4.859422e+10  0.000000e+00  0.000000e+00  5.703036e+09  4.753909e+09  4.200327e+09  3.922803e+09
1.614504e+04  5.395464e+09  0.000000e+00  0.000000e+00  4.852450e+10  0.000000e+00  0.000000e+00  5.703244e+09  4.755250e+09  4.202004e+09  3.924583e+09
1.616719e+04  5.387722e+09  0.000000e+00  0.000000e+00  4.845487e+10  0.000000e+00  0.000000e+00  5.703425e+09  4.756585e+09  4.203666e+09  3.926336e+09
1.618936e+04  5.379991e+09  0.000000e+00  0.000000e+00  4.838534e+10  0.000000e+00  0.000000e+00  5.703575e+09  4.757894e+09  4.205321e+09  3.928099e+09
1.621156e+04  5.372270e+09  0.000000e+00  0.000000e+00  4.831590e+10  0.000000e+00  0.000000e+00  5.703721e+09  4.759179e+09  4.206950e+09  3.929839e+09
1.623380e+04  5.364560e+09  0.000000e+00  0.000000e+00  4.824656e+10  0.000000e+00  0.000000e+00  5.703832e+09  4.760453e+09  4.208566e+09  3.931559e+09
1.625606e+04  5.356860e+09  0.000000e+00  0.000000e+00  4.817731e+10  0.000000e+00  0.000000e+00  5.703942e+09  4.761715e+09  4.210169e+09  3.933256e+09
1.627836e+04  5.349170e+09  0.000000e+00  0.000000e+00  4.810815e+10  0.000000e+00  0.000000e+00  5.704038e+09  4.762944e+09  4.211759e+09  3.934941e+09
1.630069e+04  5.341491e+09  0.000000e+00  0.000000e+00  4.803909e+10  0.000000e+00  0.000000e+00  5.704098e+09  4.764169e+09  4.213324e+09  3.936644e+09
1.632304e+04  5.333823e+09  0.000000e+00  0.000000e+00  4.797012e+10  0.000000e+00  0.000000e+00  5.704150e+09  4.765366e+09  4.214876e+09  3.938285e+09
1.634543e+04  5.326164e+09  0.000000e+00  0.000000e+00  4.790125e+10  0.000000e+00  0.000000e+00  5.704142e+09  4.766553e+09  4.216401e+09  3.939947e+09
1.636785e+04  5.318517e+09  0.000000e+00  0.000000e+00  4.783247e+10  0.000000e+00  0.000000e+00  5.704151e+09  4.767722e+09  4.217928e+09  3.941577e+09
1.639030e+04  5.310879e+09  0.000000e+00  0.000000e+00  4.776378e+10  0.000000e+00  0.000000e+00  5.704138e+09  4.768871e+09  4.219425e+09  3.943177e+09
1.641278e+04  5.303252e+09  0.000000e+00  0.000000e+00  4.769518e+10  0.000000e+00  0.000000e+00  5.704113e+09  4.770003e+09  4.220911e+09  3.944775e+09
1.643529e+04  5.295635e+09  0.000000e+00  0.000000e+00  4.762668e+10  0.000000e+00  0.000000e+00  5.704058e+09  4.771115e+09  4.222385e+09  3.946350e+09
1.645783e+04  5.288029e+09  0.000000e+00  0.000000e+00  4.755827e+10  0.000000e+00  0.000000e+00  5.703989e+09  4.772205e+09  4.223831e+09  3.947923e+09
1.648040e+04  5.280433e+09  0.000000e+00  0.000000e+00  4.748996e+10  0.000000e+00  0.000000e+00  5.703922e+09  4.773278e+09  4.225273e+09  3.949469e+09
1.650301e+04  5.272847e+09  0.000000e+00  0.000000e+00  4.742173e+10  0.000000e+00  0.000000e+00  5.703794e+09  4.774337e+09  4.226685e+09  3.951013e+09
1.652564e+04  5.265271e+09  0.000000e+00  0.000000e+00  4.735360e+10  0.000000e+00  0.000000e+00  5.703678e+09  4.775378e+09  4.228091e+09  3.952536e+09
1.654830e+04  5.257706e+09  0.000000e+00  0.000000e+00  4.728556e+10  0.000000e+00  0.000000e+00  5.703516e+09  4.776390e+09  4.229482e+09  3.954008e+09
1.657100e+04  5.250151e+09  0.000000e+00  0.000000e+00  4.721762e+10  0.000000e+00  0.000000e+00  5.703349e+09  4.777395e+09  4.230847e+09  3.955517e+09
1.659373e+04  5.242606e+09  0.000000e+00  0.000000e+00  4.714976e+10  0.000000e+00  0.000000e+00  5.703174e+09  4.778389e+09  4.232199e+09  3.956980e+09
1.661649e+04  5.235072e+09  0.000000e+00  0.000000e+00  4.708200e+10  0.000000e+00  0.000000e+00  5.702965e+09  4.779348e+09  4.233519e+09  3.958437e+09
1.663928e+04  5.227548e+09  0.000000e+00  0.000000e+00  4.701433e+10  0.000000e+00  0.000000e+00  5.702737e+09  4.780285e+09  4.234833e+09  3.959846e+09
1.666210e+04  5.220034e+09  0.000000e+00  0.000000e+00  4.694675e+10  0.000000e+00  0.000000e+00  5.702478e+09  4.781213e+09  4.236145e+09  3.961292e+09
1.668495e+04  5.212530e+09  0.000000e+00  0.000000e+00  4.687927e+10  0.000000e+00  0.000000e+00  5.702236e+09  4.782132e+09  4.237425e+09  3.962671e+09
1.670784e+04  5.205036e+09  0.000000e+00  0.000000e+00  4.681187e+10  0.000000e+00  0.000000e+00  5.701941e+09  4.783022e+09  4.238687e+09  3.964068e+09
1.673075e+04  5.197553e+09  0.000000e+00  0.000000e+00  4.674457e+10  0.000000e+00  0.000000e+00  5.701629e+09  4.783887e+09  4.239934e+09  3.965433e+09
1.675370e+04  5.190079e+09  0.000000e+00  0.000000e+00  4.667736e+10  0.000000e+00  0.000000e+00  5.701295e+09  4.784746e+09  4.241157e+09  3.966784e+09
1.677668e+04  5.182616e+09  0.000000e+00  0.000000e+00  4.661024e+10  0.000000e+00  0.000000e+00  5.700986e+09  4.785579e+09  4.242370e+09  3.968117e+09
1.679968e+04  5.175163e+09  0.000000e+00  0.000000e+00  4.654321e+10  0.000000e+00  0.000000e+00  5.700581e+09  4.786388e+09  4.243562e+09  3.969450e+09
1.682273e+04  5.167720e+09  0.000000e+00  0.000000e+00  4.647627e+10  0.000000e+00  0.000000e+00  5.700215e+09  4.787187e+09  4.244737e+09  3.970740e+09
1.684580e+04  5.160287e+09  0.000000e+00  0.000000e+00  4.640942e+10  0.000000e+00  0.000000e+00  5.699807e+09  4.787952e+09  4.245897e+09  3.972011e+09
1.686890e+04  5.152865e+09  0.000000e+00  0.000000e+00  4.634266e+10  0.000000e+00  0.000000e+00  5.699384e+09  4.788714e+09  4.247033e+09  3.973302e+09
1.689204e+04  5.145452e+09  0.000000e+00  0.000000e+00  4.627600e+10  0.000000e+00  0.000000e+00  5.698934e+09  4.789453e+09  4.248148e+09  3.974533e+09
1.691521e+04  5.138049e+09  0.000000e+00  0.000000e+00  4.620942e+10  0.000000e+00  0.000000e+00  5.698490e+09  4.790171e+09  4.249261e+09  3.975778e+09
1.693841e+04  5.130657e+09  0.000000e+00  0.000000e+00  4.614294e+10  0.000000e+00  0.000000e+00  5.698001e+09  4.790877e+09  4.250348e+09  3.976991e+09
1.696164e+04  5.123274e+09  0.000000e+00  0.000000e+00  4.607654e+10  0.000000e+00  0.000000e+00  5.697494e+09  4.791562e+09  4.251418e+09  3.978186e+09
1.698490e+04  5.115902e+09  0.000000e+00  0.000000e+00  4.601024e+10  0.000000e+00  0.000000e+00  5.696982e+09  4.792219e+09  4.252463e+09  3.979361e+09
1.700820e+04  5.108539e+09  0.000000e+00  0.000000e+00  4.594402e+10  0.000000e+00  0.000000e+00  5.696444e+09  4.792867e+09  4.253506e+09  3.980545e+09
1.703152e+04  5.101187e+09  0.000000e+00  0.000000e+00  4.587790e+10  0.000000e+00  0.000000e+00  5.695876e+09  4.793482e+09  4.254523e+09  3.981702e+09
1.705488e+04  5.093844e+09  0.000000e+00  0.000000e+00  4.581186e+10  0.000000e+00  0.000000e+00  5.695303e+09  4.794100e+09  4.255514e+09  3.982817e+09
1.707827e+04  5.086512e+09  0.000000e+00  0.000000e+00  4.574591e+10  0.000000e+00  0.000000e+00  5.694700e+09  4.794679e+09  4.256490e+09  3.983921e+09
1.710170e+04  5.079189e+09  0.000000e+00  0.000000e+00  4.568006e+10  0.000000e+00  0.000000e+00  5.694083e+09  4.795251e+09  4.257455e+09  3.985019e+09
1.712515e+04  5.071877e+09  0.000000e+00  0.000000e+00  4.561429e+10  0.000000e+00  0.000000e+00  5.693437e+09  4.795795e+09  4.258401e+09  3.986115e+09
1.714864e+04  5.064574e+09  0.000000e+00  0.000000e+00  4.554861e+10  0.000000e+00  0.000000e+00  5.692777e+09  4.796331e+09  4.259325e+09  3.987158e+09
1.717216e+04  5.057281e+09  0.000000e+00  0.000000e+00  4.548303e+10  0.000000e+00  0.000000e+00  5.692107e+09  4.796835e+09  4.260230e+09  3.988224e+09
1.719571e+04  5.049998e+09  0.000000e+00  0.000000e+00  4.541753e+10  0.000000e+00  0.000000e+00  5.691413e+09  4.797327e+09  4.261119e+09  3.989236e+09
1.721930e+04  5.042725e+09  0.000000e+00  0.000000e+00  4.535212e+10  0.000000e+00  0.000000e+00  5.690686e+09  4.797802e+09  4.261989e+09  3.990264e+09
1.724291e+04  5.035462e+09  0.000000e+00  0.000000e+00  4.528679e+10  0.000000e+00  0.000000e+00  5.689946e+09  4.798255e+09  4.262844e+09  3.991259e+09
1.726656e+04  5.028209e+09  0.000000e+00  0.000000e+00  4.522156e+10  0.000000e+00  0.000000e+00  5.689198e+09  4.798680e+09  4.263677e+09  3.992219e+09
1.729024e+04  5.020965e+09  0.000000e+00  0.000000e+00  4.515642e+10  0.000000e+00  0.000000e+00  5.688417e+09  4.799095e+09  4.264497e+09  3.993173e+09
1.731396e+04  5.013732e+09  0.000000e+00  0.000000e+00  4.509136e+10  0.000000e+00  0.000000e+00  5.687622e+09  4.799479e+09  4.265285e+09  3.994116e+09
1.733771e+04  5.006508e+09  0.000000e+00  0.000000e+00  4.502639e+10  0.000000e+00  0.000000e+00  5.686797e+09  4.799858e+09  4.266077e+09  3.995050e+09
1.736148e+04  4.999294e+09  0.000000e+00  0.000000e+00  4.496152e+10  0.000000e+00  0.000000e+00  5.685959e+09  4.800212e+09  4.266829e+09  3.995954e+09
1.738530e+04  4.992090e+09  0.000000e+00  0.000000e+00  4.489672e+10  0.000000e+00  0.000000e+00  5.685110e+09  4.800556e+09  4.267569e+09  3.996827e+09
1.740914e+04  4.984896e+09  0.000000e+00  0.000000e+00  4.483202e+10  0.000000e+00  0.000000e+00  5.684233e+09  4.800868e+09  4.268309e+09  3.997690e+09
1.743302e+04  4.977711e+09  0.000000e+00  0.000000e+00  4.476741e+10  0.000000e+00  0.000000e+00  5.683331e+09  4.801155e+09  4.269011e+09  3.998551e+09
1.745693e+04  4.970536e+09  0.000000e+00  0.000000e+00  4.470288e+10  0.000000e+00  0.000000e+00  5.682421e+09  4.801436e+09  4.269693e+09  3.999387e+09
1.748087e+04  4.963371e+09  0.000000e+00  0.000000e+00  4.463844e+10  0.000000e+00  0.000000e+00  5.681480e+09  4.801690e+09  4.270370e+09  4.000194e+09
1.750485e+04  4.956216e+09  0.000000e+00  0.000000e+00  4.457409e+10  0.000000e+00  0.000000e+00  5.680522e+09  4.801924e+09  4.271018e+09  4.000982e+09
1.752885e+04  4.949070e+09  0.000000e+00  0.000000e+00  4.450982e+10  0.000000e+00  0.000000e+00  5.679554e+09  4.802146e+09  4.271648e+09  4.001774e+09
1.755290e+04  4.941934e+09  0.000000e+00  0.000000e+00  4.444565e+10  0.000000e+00  0.000000e+00  5.678560e+09  4.802342e+09  4.272256e+09  4.002546e+09
1.757697e+04  4.934808e+09  0.000000e+00  0.000000e+00  4.438156e+10  0.000000e+00  0.000000e+00  5.677545e+09  4.802519e+09  4.272850e+09  4.003266e+09
1.760108e+04  4.927692e+09  0.000000e+00  0.000000e+00  4.431755e+10  0.000000e+00  0.000000e+00  5.676509e+09  4.802677e+09  4.273435e+09  4.004012e+09
1.762522e+04  4.920585e+09  0.000000e+00  0.000000e+00  4.425364e+10  0.000000e+00  0.000000e+00  5.675457e+09  4.802822e+09  4.273995e+09  4.004727e+09
1.764939e+04  4.913487e+09  0.000000e+00  0.000000e+00  4.418981e+10  0.000000e+00  0.000000e+00  5.674375e+09  4.802938e+09  4.274536e+09  4.005400e+09
1.767360e+04  4.906400e+09  0.000000e+00  0.000000e+00  4.412606e+10  0.000000e+00  0.000000e+00  5.673289e+09  4.803052e+09  4.275052e+09  4.006086e+09
1.769784e+04  4.899322e+09  0.000000e+00  0.000000e+00  4.406241e+10  0.000000e+00  0.000000e+00  5.672170e+09  4.803120e+09  4.275551e+09  4.006743e+09
1.772211e+04  4.892254e+09  0.000000e+00  0.000000e+00  4.399884e+10  0.000000e+00  0.000000e+00  5.671037e+09  4.803193e+09  4.276035e+09  4.007365e+09
1.774642e+04  4.885195e+09  0.000000e+00  0.000000e+00  4.393536e+10  0.000000e+00  0.000000e+00  5.669885e+09  4.803222e+09  4.276495e+09  4.007987e+09
1.777076e+04  4.878146e+09  0.000000e+00  0.000000e+00  4.387196e+10  0.000000e+00  0.000000e+00  5.668709e+09  4.803249e+09  4.276946e+09  4.008565e+09
1.779513e+04  4.871106e+09  0.000000e+00  0.000000e+00  4.380865e+10  0.000000e+00  0.000000e+00  5.667524e+09  4.803242e+09  4.277371e+09  4.009159e+09
1.781954e+04  4.864076e+09  0.000000e+00  0.000000e+00  4.374542e+10  0.000000e+00  0.000000e+00  5.666303e+09  4.803228e+09  4.277772e+09  4.009712e+09
1.784398e+04  4.857056e+09  0.000000e+00  0.000000e+00  4.368228e+10  0.000000e+00  0.000000e+00  5.665073e+09  4.803184e+09  4.278164e+09  4.010284e+09
1.786845e+04  4.850045e+09  0.000000e+00  0.000000e+00  4.361923e+10  0.000000e+00  0.000000e+00  5.663823e+09  4.803128e+09  4.278538e+09  4.010782e+09
1.789296e+04  4.843043e+09  0.000000e+00  0.000000e+00  4.355626e+10  0.000000e+00  0.000000e+00  5.662557e+09  4.803053e+09  4.278879e+09  4.011313e+09
1.791750e+04  4.836052e+09  0.000000e+00  0.000000e+00  4.349338e+10  0.000000e+00  0.000000e+00  5.661254e+09  4.802956e+09  4.279221e+09  4.011788e+09
1.794207e+04  4.829069e+09  0.000000e+00  0.000000e+00  4.343059e+10  0.000000e+00  0.000000e+00  5.659942e+09  4.802833e+09  4.279530e+09  4.012273e+09
1.796668e+04  4.822096e+09  0.000000e+00  0.000000e+00  4.336787e+10  0.000000e+00  0.000000e+00  5.658620e+09  4.802705e+09  4.279826e+09  4.012714e+09
1.799132e+04  4.815133e+09  0.000000e+00  0.000000e+00  4.330525e+10  0.000000e+00  0.000000e+00  5.657271e+09  4.802552e+09  4.280103e+09  4.013157e+09
1.801600e+04  4.808179e+09  0.000000e+00  0.000000e+00  4.324271e+10  0.000000e+00  0.000000e+00  5.655897e+09  4.802367e+09  4.280353e+09  4.013569e+09
1.804071e+04  4.801235e+09  0.000000e+00  0.000000e+00  4.318025e+10  0.000000e+00  0.000000e+00  5.654509e+09  4.802170e+09  4.280584e+09  4.013981e+09
1.806545e+04  4.794300e+09  0.000000e+00  0.000000e+00  4.311788e+10  0.000000e+00  0.000000e+00  5.653098e+09  4.801960e+09  4.280816e+09  4.014357e+09
1.809023e+04  4.787374e+09  0.000000e+00  0.000000e+00  4.305560e+10  0.000000e+00  0.000000e+00  5.651667e+09  4.801717e+09  4.281015e+09  4.014705e+09
1.811504e+04  4.780458e+09  0.000000e+00  0.000000e+00  4.299339e+10  0.000000e+00  0.000000e+00  5.650217e+09  4.801464e+09  4.281196e+09  4.015060e+09
1.813988e+04  4.773551e+09  0.000000e+00  0.000000e+00  4.293128e+10  0.000000e+00  0.000000e+00  5.648752e+09  4.801184e+09  4.281350e+09  4.015363e+09
1.816476e+04  4.766654e+09  0.000000e+00  0.000000e+00  4.286925e+10  0.000000e+00  0.000000e+00  5.647261e+09  4.800882e+09  4.281485e+09  4.015668e+09
1.818968e+04  4.759766e+09  0.000000e+00  0.000000e+00  4.280730e+10  0.000000e+00  0.000000e+00  5.645750e+09  4.800569e+09  4.281604e+09  4.015955e+09
1.821462e+04  4.752887e+09  0.000000e+00  0.000000e+00  4.274543e+10  0.000000e+00  0.000000e+00  5.644217e+09  4.800232e+09  4.281712e+09  4.016241e+09
1.823961e+04  4.746018e+09  0.000000e+00  0.000000e+00  4.268365e+10  0.000000e+00  0.000000e+00  5.642668e+09  4.799877e+09  4.281800e+09  4.016487e+09
1.826462e+04  4.739158e+09  0.000000e+00  0.000000e+00  4.262196e+10  0.000000e+00  0.000000e+00  5.641086e+09  4.799499e+09  4.281861e+09  4.016706e+09
1.828967e+04  4.732307e+09  0.000000e+00  0.000000e+00  4.256035e+10  0.000000e+00  0.000000e+00  5.639503e+09  4.799100e+09  4.281914e+09  4.016939e+09
1.831476e+04  4.725466e+09  0.000000e+00  0.000000e+00  4.249882e+10  0.000000e+00  0.000000e+00  5.637888e+09  4.798684e+09  4.281939e+09  4.017129e+09
1.833988e+04  4.718633e+09  0.000000e+00  0.000000e+00  4.243737e+10  0.000000e+00  0.000000e+00  5.636260e+09  4.798239e+09  4.281934e+09  4.017282e+09
1.836503e+04  4.711811e+09  0.000000e+00  0.000000e+00  4.237601e+10  0.000000e+00  0.000000e+00  5.634624e+09  4.797791e+09  4.281923e+09  4.017469e+09
1.839022e+04  4.704997e+09  0.000000e+00  0.000000e+00  4.231473e+10  0.000000e+00  0.000000e+00  5.632951e+09  4.797305e+09  4.281891e+09  4.017592e+09
1.841544e+04  4.698193e+09  0.000000e+00  0.000000e+00  4.225354e+10  0.000000e+00  0.000000e+00  5.631276e+09  4.796809e+09  4.281853e+09  4.017720e+09
1.844070e+04  4.691398e+09  0.000000e+00  0.000000e+00  4.219243e+10  0.000000e+00  0.000000e+00  5.629566e+09  4.796291e+09  4.281778e+09  4.017802e+09
1.846599e+04  4.684612e+09  0.000000e+00  0.000000e+00  4.213140e+10  0.000000e+00  0.000000e+00  5.627793e+09  4.795740e+09  4.281689e+09  4.017894e+09
1.849132e+04  4.677836e+09  0.000000e+00  0.000000e+00  4.207046e+10  0.000000e+00  0.000000e+00  5.626056e+09  4.795181e+09  4.281573e+09  4.017949e+09
1.851668e+04  4.671069e+09  0.000000e+00  0.000000e+00  4.200959e+10  0.000000e+00  0.000000e+00  5.624298e+09  4.794616e+09  4.281454e+09  4.018015e+09
1.854207e+04  4.664310e+09  0.000000e+00  0.000000e+00  4.194882e+10  0.000000e+00  0.000000e+00  5.622507e+09  4.794017e+09  4.281307e+09  4.018041e+09
1.856750e+04  4.657562e+09  0.000000e+00  0.000000e+00  4.188812e+10  0.000000e+00  0.000000e+00  5.620712e+09  4.793404e+09  4.281130e+09  4.018020e+09
1.859297e+04  4.650822e+09  0.000000e+00  0.000000e+00  4.182750e+10  0.000000e+00  0.000000e+00  5.618887e+09  4.792760e+09  4.280944e+09  4.018035e+09
1.861847e+04  4.644091e+09  0.000000e+00  0.000000e+00  4.176697e+10  0.000000e+00  0.000000e+00  5.617039e+09  4.792103e+09  4.280741e+09  4.018001e+09
1.864401e+04  4.637370e+09  0.000000e+00  0.000000e+00  4.170652e+10  0.000000e+00  0.000000e+00  5.615180e+09  4.791426e+09  4.280530e+09  4.017954e+09
1.866958e+04  4.630658e+09  0.000000e+00  0.000000e+00  4.164616e+10  0.000000e+00  0.000000e+00  5.613314e+09  4.790743e+09  4.280288e+09  4.017888e+09
1.869518e+04  4.623955e+09  0.000000e+00  0.000000e+00  4.158587e+10  0.000000e+00  0.000000e+00  5.611409e+09  4.790019e+09  4.280028e+09  4.017796e+09
1.872082e+04  4.617261e+09  0.000000e+00  0.000000e+00  4.152567e+10  0.000000e+00  0.000000e+00  5.609485e+09  4.789289e+09  4.279740e+09  4.017695e+09
1.874650e+04  4.610576e+09  0.000000e+00  0.000000e+00  4.146555e+10  0.000000e+00  0.000000e+00  5.607550e+09  4.788530e+09  4.279451e+09  4.017575e+09
1.877221e+04  4.603900e+09  0.000000e+00  0.000000e+00  4.140551e+10  0.000000e+00  0.000000e+00  5.605603e+09  4.787760e+09  4.279135e+09  4.017442e+09
1.879796e+04  4.597233e+09  0.000000e+00  0.000000e+00  4.134555e+10  0.000000e+00  0.000000e+00  5.603594e+09  4.786944e+09  4.278779e+09  4.017262e+09
1.882374e+04  4.590575e+09  0.000000e+00  0.000000e+00  4.128567e+10  0.000000e+00  0.000000e+00  5.601765e+09  4.786273e+09  4.278551e+09  4.017195e+09
1.884826e+04  4.584259e+09  0.000000e+00  0.000000e+00  4.122887e+10  0.000000e+00  0.000000e+00  5.600160e+09  4.785736e+09  4.278416e+09  4.017226e+09
1.887153e+04  4.578283e+09  0.000000e+00  0.000000e+00  4.117512e+10  0.000000e+00  0.000000e+00  5.598350e+09  4.784983e+09  4.278072e+09  4.017053e+09
1.889482e+04  4.572314e+09  0.000000e+00  0.000000e+00  4.112144e+10  0.000000e+00  0.000000e+00  5.596389e+09  4.784105e+09  4.277611e+09  4.016757e+09
1.891814e+04  4.566352e+09  0.000000e+00  0.000000e+00  4.106782e+10  0.000000e+00  0.000000e+00  5.594463e+09  4.783240e+09  4.277186e+09  4.016489e+09
1.894149e+04  4.560397e+09  0.000000e+00  0.000000e+00  4.101427e+10  0.000000e+00  0.000000e+00  5.592527e+09  4.782376e+09  4.276737e+09  4.016207e+09
1.896487e+04  4.554450e+09  0.000000e+00  0.000000e+00  4.096078e+10  0.000000e+00  0.000000e+00  5.590597e+09  4.781518e+09  4.276287e+09  4.015930e+09
1.898828e+04  4.548510e+09  0.000000e+00  0.000000e+00  4.090736e+10  0.000000e+00  0.000000e+00  5.588670e+09  4.780648e+09  4.275834e+09  4.015638e+09
1.901172e+04  4.542578e+09  0.000000e+00  0.000000e+00  4.085400e+10  0.000000e+00  0.000000e+00  5.586710e+09  4.779764e+09  4.275361e+09  4.015338e+09
1.903518e+04  4.536652e+09  0.000000e+00  0.000000e+00  4.080071e+10  0.000000e+00  0.000000e+00  5.584762e+09  4.778873e+09  4.274883e+09  4.015025e+09
1.905868e+04  4.530734e+09  0.000000e+00  0.000000e+00  4.074749e+10  0.000000e+00  0.000000e+00  5.582801e+09  4.777960e+09  4.274396e+09  4.014702e+09
1.908220e+04  4.524823e+09  0.000000e+00  0.000000e+00  4.069433e+10  0.000000e+00  0.000000e+00  5.580832e+09  4.777037e+09  4.273907e+09  4.014374e+09
1.910576e+04  4.518920e+09  0.000000e+00  0.000000e+00  4.064123e+10  0.000000e+00  0.000000e+00  5.578841e+09  4.776108e+09  4.273390e+09  4.014023e+09
1.912934e+04  4.513023e+09  0.000000e+00  0.000000e+00  4.058820e+10  0.000000e+00  0.000000e+00  5.576841e+09  4.775165e+09  4.272872e+09  4.013665e+09
1.915295e+04  4.507134e+09  0.000000e+00  0.000000e+00  4.053524e+10  0.000000e+00  0.000000e+00  5.574831e+09  4.774218e+09  4.272335e+09  4.013292e+09
1.917659e+04  4.501252e+09  0.000000e+00  0.000000e+00  4.048234e+10  0.000000e+00  0.000000e+00  5.572810e+09  4.773234e+09  4.271773e+09  4.012908e+09
1.920026e+04  4.495377e+09  0.000000e+00  0.000000e+00  4.042950e+10  0.000000e+00  0.000000e+00  5.570769e+09  4.772248e+09  4.271212e+09  4.012503e+09
1.922396e+04  4.489510e+09  0.000000e+00  0.000000e+00  4.037673e+10  0.000000e+00  0.000000e+00  5.568708e+09  4.771246e+09  4.270617e+09  4.012089e+09
1.924769e+04  4.483649e+09  0.000000e+00  0.000000e+00  4.032402e+10  0.000000e+00  0.000000e+00  5.566635e+09  4.770230e+09  4.270027e+09  4.011651e+09
1.927144e+04  4.477796e+09  0.000000e+00  0.000000e+00  4.027138e+10  0.000000e+00  0.000000e+00  5.564550e+09  4.769191e+09  4.269405e+09  4.011210e+09
1.929523e+04  4.471950e+09  0.000000e+00  0.000000e+00  4.021881e+10  0.000000e+00  0.000000e+00  5.562462e+09  4.768144e+09  4.268769e+09  4.010745e+09
1.931904e+04  4.466111e+09  0.000000e+00  0.000000e+00  4.016629e+10  0.000000e+00  0.000000e+00  5.560347e+09  4.767078e+09  4.268137e+09  4.010271e+09
1.934289e+04  4.460279e+09  0.000000e+00  0.000000e+00  4.011385e+10  0.000000e+00  0.000000e+00  5.558208e+09  4.765990e+09  4.267467e+09  4.009786e+09
1.936676e+04  4.454455e+09  0.000000e+00  0.000000e+00  4.006146e+10  0.000000e+00  0.000000e+00  5.556067e+09  4.764892e+09  4.266792e+09  4.009276e+09
1.939067e+04  4.448637e+09  0.000000e+00  0.000000e+00  4.000914e+10  0.000000e+00  0.000000e+00  5.553915e+09  4.763784e+09  4.266105e+09  4.008761e+09
1.941460e+04  4.442827e+09  0.000000e+00  0.000000e+00  3.995689e+10  0.000000e+00  0.000000e+00  5.551741e+09  4.762663e+09  4.265401e+09  4.008225e+09
1.943857e+04  4.437024e+09  0.000000e+00  0.000000e+00  3.990469e+10  0.000000e+00  0.000000e+00  5.548920e+09  4.761242e+09  4.264510e+09  4.007536e+09
1.946256e+04  4.431227e+09  0.000000e+00  0.000000e+00  3.985257e+10  0.000000e+00  0.000000e+00  5.546708e+09  4.760079e+09  4.263782e+09  4.006969e+09
1.948658e+04  4.425438e+09  0.000000e+00  0.000000e+00  3.980050e+10  0.000000e+00  0.000000e+00  5.544497e+09  4.758906e+09  4.263027e+09  4.006397e+09
1.951063e+04  4.419656e+09  0.000000e+00  0.000000e+00  3.974850e+10  0.000000e+00  0.000000e+00  5.542260e+09  4.757733e+09  4.262260e+09  4.005794e+09
1.953472e+04  4.413882e+09  0.000000e+00  0.000000e+00  3.969657e+10  0.000000e+00  0.000000e+00  5.540025e+09  4.756514e+09  4.261475e+09  4.005197e+09
1.955883e+04  4.408114e+09  0.000000e+00  0.000000e+00  3.964469e+10  0.000000e+00  0.000000e+00  5.537755e+09  4.755297e+09  4.260683e+09  4.004570e+09
1.958297e+04  4.402353e+09  0.000000e+00  0.000000e+00  3.959288e+10  0.000000e+00  0.000000e+00  5.535491e+09  4.754060e+09  4.259872e+09  4.003934e+09
1.960714e+04  4.396600e+09  0.000000e+00  0.000000e+00  3.954114e+10  0.000000e+00  0.000000e+00  5.533197e+09  4.752815e+09  4.259044e+09  4.003277e+09
1.963134e+04  4.390853e+09  0.000000e+00  0.000000e+00  3.948946e+10  0.000000e+00  0.000000e+00  5.530904e+09  4.751544e+09  4.258211e+09  4.002619e+09
1.965557e+04  4.385113e+09  0.000000e+00  0.000000e+00  3.943784e+10  0.000000e+00  0.000000e+00  5.528583e+09  4.750278e+09  4.257359e+09  4.001938e+09
1.967983e+04  4.379381e+09  0.000000e+00  0.000000e+00  3.938628e+10  0.000000e+00  0.000000e+00  5.526248e+09  4.748968e+09  4.256491e+09  4.001241e+09
1.970412e+04  4.373655e+09  0.000000e+00  0.000000e+00  3.933479e+10  0.000000e+00  0.000000e+00  5.523909e+09  4.747655e+09  4.255600e+09  4.000524e+09
1.972844e+04  4.367937e+09  0.000000e+00  0.000000e+00  3.928336e+10  0.000000e+00  0.000000e+00  5.521546e+09  4.746337e+09  4.254699e+09  3.999799e+09
1.975279e+04  4.362225e+09  0.000000e+00  0.000000e+00  3.923199e+10  0.000000e+00  0.000000e+00  5.519166e+09  4.744994e+09  4.253788e+09  3.999058e+09
1.977717e+04  4.356521e+09  0.000000e+00  0.000000e+00  3.918069e+10  0.000000e+00  0.000000e+00  5.516772e+09  4.743636e+09  4.252852e+09  3.998307e+09
1.980158e+04  4.350823e+09  0.000000e+00  0.000000e+00  3.912945e+10  0.000000e+00  0.000000e+00  5.514373e+09  4.742268e+09  4.251905e+09  3.997538e+09
1.982603e+04  4.345133e+09  0.000000e+00  0.000000e+00  3.907827e+10  0.000000e+00  0.000000e+00  5.511956e+09  4.740868e+09  4.250943e+09  3.996751e+09
1.985050e+04  4.339449e+09  0.000000e+00  0.000000e+00  3.902715e+10  0.000000e+00  0.000000e+00  5.509528e+09  4.739477e+09  4.249973e+09  3.995961e+09
1.987500e+04  4.333773e+09  0.000000e+00  0.000000e+00  3.897610e+10  0.000000e+00  0.000000e+00  5.507073e+09  4.738055e+09  4.248988e+09  3.995145e+09
1.989953e+04  4.328103e+09  0.000000e+00  0.000000e+00  3.892511e+10  0.000000e+00  0.000000e+00  5.504624e+09  4.736612e+09  4.247977e+09  3.994309e+09
1.992409e+04  4.322441e+09  0.000000e+00  0.000000e+00  3.887418e+10  0.000000e+00  0.000000e+00  5.502151e+09  4.735170e+09  4.246965e+09  3.993476e+09
1.994868e+04  4.316785e+09  0.000000e+00  0.000000e+00  3.882332e+10  0.000000e+00  0.000000e+00  5.499657e+09  4.733712e+09  4.245925e+09  3.992616e+09
1.997331e+04  4.311136e+09  0.000000e+00  0.000000e+00  3.877252e+10  0.000000e+00  0.000000e+00  5.497145e+09  4.732231e+09  4.244877e+09  3.991748e+09
1.999796e+04  4.305494e+09  0.000000e+00  0.000000e+00  3.872177e+10  0.000000e+00  0.000000e+00  5.494640e+09  4.730736e+09  4.243800e+09  3.990862e+09
2.002264e+04  4.299859e+09  0.000000e+00  0.000000e+00  3.867110e+10  0.000000e+00  0.000000e+00  5.492098e+09  4.729224e+09  4.242720e+09  3.989961e+09
2.004735e+04  4.294231e+09  0.000000e+00  0.000000e+00  3.862048e+10  0.000000e+00  0.000000e+00  5.489560e+09  4.727688e+09  4.241641e+09  3.989036e+09
2.007210e+04  4.288610e+09  0.000000e+00  0.000000e+00  3.856993e+10  0.000000e+00  0.000000e+00  5.486999e+09  4.726157e+09  4.240516e+09  3.988107e+09
2.009687e+04  4.282996e+09  0.000000e+00  0.000000e+00  3.851943e+10  0.000000e+00  0.000000e+00  5.484422e+09  4.724602e+09  4.239404e+09  3.987166e+09
2.012168e+04  4.277388e+09  0.000000e+00  0.000000e+00  3.846900e+10  0.000000e+00  0.000000e+00  5.481830e+09  4.723030e+09  4.238261e+09  3.986207e+09
2.014652e+04  4.271788e+09  0.000000e+00  0.000000e+00  3.841863e+10  0.000000e+00  0.000000e+00  5.479227e+09  4.721446e+09  4.237099e+09  3.985235e+09
2.017138e+04  4.266194e+09  0.000000e+00  0.000000e+00  3.836833e+10  0.000000e+00  0.000000e+00  5.476611e+09  4.719850e+09  4.235933e+09  3.984244e+09
2.019628e+04  4.260607e+09  0.000000e+00  0.000000e+00  3.831808e+10  0.000000e+00  0.000000e+00  5.473977e+09  4.718224e+09  4.234751e+09  3.983249e+09
2.022121e+04  4.255027e+09  0.000000e+00  0.000000e+00  3.826790e+10  0.000000e+00  0.000000e+00  5.471336e+09  4.716605e+09  4.233565e+09  3.982225e+09
2.024617e+04  4.249454e+09  0.000000e+00  0.000000e+00  3.821778e+10  0.000000e+00  0.000000e+00  5.468685e+09  4.714958e+09  4.232351e+09  3.981193e+09
2.027116e+04  4.243888e+09  0.000000e+00  0.000000e+00  3.816772e+10  0.000000e+00  0.000000e+00  5.466009e+09  4.713292e+09  4.231121e+09  3.980158e+09
2.029618e+04  4.238329e+09  0.000000e+00  0.000000e+00  3.811772e+10  0.000000e+00  0.000000e+00  5.463320e+09  4.711628e+09  4.229879e+09  3.979094e+09
2.032123e+04  4.232776e+09  0.000000e+00  0.000000e+00  3.806778e+10  0.000000e+00  0.000000e+00  5.460631e+09  4.709935e+09  4.228617e+09  3.978024e+09
2.034631e+04  4.227230e+09  0.000000e+00  0.000000e+00  3.801790e+10  0.000000e+00  0.000000e+00  5.457922e+09  4.708226e+09  4.227351e+09  3.976927e+09
2.037142e+04  4.221691e+09  0.000000e+00  0.000000e+00  3.796809e+10  0.000000e+00  0.000000e+00  5.455188e+09  4.706512e+09  4.226069e+09  3.975829e+09
2.039657e+04  4.216159e+09  0.000000e+00  0.000000e+00  3.791833e+10  0.000000e+00  0.000000e+00  5.452456e+09  4.704769e+09  4.224758e+09  3.974711e+09
2.042174e+04  4.210633e+09  0.000000e+00  0.000000e+00  3.786864e+10  0.000000e+00  0.000000e+00  5.449696e+09  4.703033e+09  4.223457e+09  3.973589e+09
2.044695e+04  4.205115e+09  0.000000e+00  0.000000e+00  3.781901e+10  0.000000e+00  0.000000e+00  5.446929e+09  4.701267e+09  4.222125e+09  3.972443e+09
2.047219e+04  4.199603e+09  0.000000e+00  0.000000e+00  3.776943e+10  0.000000e+00  0.000000e+00  5.444147e+09  4.699485e+09  4.220782e+09  3.971282e+09
2.049745e+04  4.194098e+09  0.000000e+00  0.000000e+00  3.771992e+10  0.000000e+00  0.000000e+00  5.441349e+09  4.697691e+09  4.219414e+09  3.970101e+09
2.052275e+04  4.188599e+09  0.000000e+00  0.000000e+00  3.767047e+10  0.000000e+00  0.000000e+00  5.438544e+09  4.695894e+09  4.218055e+09  3.968922e+09
2.054809e+04  4.183108e+09  0.000000e+00  0.000000e+00  3.762108e+10  0.000000e+00  0.000000e+00  5.435717e+09  4.694074e+09  4.216670e+09  3.967721e+09
2.057345e+04  4.177623e+09  0.000000e+00  0.000000e+00  3.757175e+10  0.000000e+00  0.000000e+00  5.432884e+09  4.692237e+09  4.215268e+09  3.966505e+09
2.059884e+04  4.172145e+09  0.000000e+00  0.000000e+00  3.752248e+10  0.000000e+00  0.000000e+00  5.430048e+09  4.690378e+09  4.213845e+09  3.965272e+09
2.062427e+04  4.166673e+09  0.000000e+00  0.000000e+00  3.747328e+10  0.000000e+00  0.000000e+00  5.427186e+09  4.688524e+09  4.212419e+09  3.964030e+09
2.064972e+04  4.161208e+09  0.000000e+00  0.000000e+00  3.742413e+10  0.000000e+00  0.000000e+00  5.424305e+09  4.686634e+09  4.210981e+09  3.962772e+09
2.067521e+04  4.155750e+09  0.000000e+00  0.000000e+00  3.737504e+10  0.000000e+00  0.000000e+00  5.421425e+09  4.684745e+09  4.209512e+09  3.961495e+09
2.070073e+04  4.150299e+09  0.000000e+00  0.000000e+00  3.732601e+10  0.000000e+00  0.000000e+00  5.418523e+09  4.682844e+09  4.208038e+09  3.960221e+09
2.072628e+04  4.144854e+09  0.000000e+00  0.000000e+00  3.727705e+10  0.000000e+00  0.000000e+00  5.415599e+09  4.680919e+09  4.206567e+09  3.958913e+09
2.075186e+04  4.139416e+09  0.000000e+00  0.000000e+00  3.722814e+10  0.000000e+00  0.000000e+00  5.412672e+09  4.678975e+09  4.205058e+09  3.957600e+09
2.077748e+04  4.133985e+09  0.000000e+00  0.000000e+00  3.717929e+10  0.000000e+00  0.000000e+00  5.409745e+09  4.677028e+09  4.203543e+09  3.956273e+09
2.080312e+04  4.128560e+09  0.000000e+00  0.000000e+00  3.713051e+10  0.000000e+00  0.000000e+00  5.406792e+09  4.675059e+09  4.202023e+09  3.954933e+09
2.082880e+04  4.123142e+09  0.000000e+00  0.000000e+00  3.708178e+10  0.000000e+00  0.000000e+00  5.403811e+09  4.673082e+09  4.200476e+09  3.953582e+09
2.085451e+04  4.117731e+09  0.000000e+00  0.000000e+00  3.703311e+10  0.000000e+00  0.000000e+00  5.400835e+09  4.671087e+09  4.198915e+09  3.952213e+09
2.088025e+04  4.112326e+09  0.000000e+00  0.000000e+00  3.698450e+10  0.000000e+00  0.000000e+00  5.397845e+09  4.669084e+09  4.197339e+09  3.950826e+09
2.090602e+04  4.106928e+09  0.000000e+00  0.000000e+00  3.693595e+10  0.000000e+00  0.000000e+00  5.394836e+09  4.667059e+09  4.195754e+09  3.949427e+09
2.093182e+04  4.101536e+09  0.000000e+00  0.000000e+00  3.688746e+10  0.000000e+00  0.000000e+00  5.391818e+09  4.665022e+09  4.194172e+09  3.948017e+09
2.095766e+04  4.096151e+09  0.000000e+00  0.000000e+00  3.683904e+10  0.000000e+00  0.000000e+00  5.388786e+09  4.662966e+09  4.192547e+09  3.946593e+09
2.098353e+04  4.090773e+09  0.000000e+00  0.000000e+00  3.679067e+10  0.000000e+00  0.000000e+00  5.385741e+09  4.660910e+09  4.190930e+09  3.945158e+09
2.100943e+04  4.085401e+09  0.000000e+00  0.000000e+00  3.674235e+10  0.000000e+00  0.000000e+00  5.382686e+09  4.658825e+09  4.189286e+09  3.943715e+09
2.103536e+04  4.080036e+09  0.000000e+00  0.000000e+00  3.669410e+10  0.000000e+00  0.000000e+00  5.379621e+09  4.656736e+09  4.187621e+09  3.942249e+09
2.106132e+04  4.074678e+09  0.000000e+00  0.000000e+00  3.664591e+10  0.000000e+00  0.000000e+00  5.376537e+09  4.654625e+09  4.185969e+09  3.940762e+09
2.108732e+04  4.069326e+09  0.000000e+00  0.000000e+00  3.659778e+10  0.000000e+00  0.000000e+00  5.373437e+09  4.652501e+09  4.184280e+09  3.939279e+09
2.111335e+04  4.063980e+09  0.000000e+00  0.000000e+00  3.654970e+10  0.000000e+00  0.000000e+00  5.369952e+09  4.650238e+09  4.182484e+09  3.937696e+09
2.113941e+04  4.058642e+09  0.000000e+00  0.000000e+00  3.650169e+10  0.000000e+00  0.000000e+00  5.366824e+09  4.648087e+09  4.180784e+09  3.936178e+09
2.116550e+04  4.053309e+09  0.000000e+00  0.000000e+00  3.645373e+10  0.000000e+00  0.000000e+00  5.363701e+09  4.645921e+09  4.179060e+09  3.934650e+09
2.119162e+04  4.047984e+09  0.000000e+00  0.000000e+00  3.640584e+10  0.000000e+00  0.000000e+00  5.360551e+09  4.643746e+09  4.177315e+09  3.933098e+09
2.121778e+04  4.042664e+09  0.000000e+00  0.000000e+00  3.635800e+10  0.000000e+00  0.000000e+00  5.357389e+09  4.641552e+09  4.175568e+09  3.931547e+09
2.124397e+04  4.037352e+09  0.000000e+00  0.000000e+00  3.631022e+10  0.000000e+00  0.000000e+00  5.354225e+09  4.639355e+09  4.173800e+09  3.929976e+09
2.127019e+04  4.032046e+09  0.000000e+00  0.000000e+00  3.626250e+10  0.000000e+00  0.000000e+00  5.351047e+09  4.637137e+09  4.172021e+09  3.928387e+09
2.129644e+04  4.026746e+09  0.000000e+00  0.000000e+00  3.621483e+10  0.000000e+00  0.000000e+00  5.347839e+09  4.634904e+09  4.170244e+09  3.926787e+09
2.132273e+04  4.021453e+09  0.000000e+00  0.000000e+00  3.616723e+10  0.000000e+00  0.000000e+00  5.344640e+09  4.632670e+09  4.168425e+09  3.925168e+09
2.134905e+04  4.016166e+09  0.000000e+00  0.000000e+00  3.611968e+10  0.000000e+00  0.000000e+00  5.341416e+09  4.630408e+09  4.166625e+09  3.923554e+09
2.137540e+04  4.010886e+09  0.000000e+00  0.000000e+00  3.607220e+10  0.000000e+00  0.000000e+00  5.338178e+09  4.628131e+09  4.164781e+09  3.921904e+09
2.140178e+04  4.005612e+09  0.000000e+00  0.000000e+00  3.602477e+10  0.000000e+00  0.000000e+00  5.334944e+09  4.625845e+09  4.162932e+09  3.920259e+09
2.142820e+04  4.000345e+09  0.000000e+00  0.000000e+00  3.597740e+10  0.000000e+00  0.000000e+00  5.331680e+09  4.623553e+09  4.161074e+09  3.918593e+09
2.145465e+04  3.995085e+09  0.000000e+00  0.000000e+00  3.593008e+10  0.000000e+00  0.000000e+00  5.328422e+09  4.621237e+09  4.159207e+09  3.916918e+09
2.148113e+04  3.989830e+09  0.000000e+00  0.000000e+00  3.588283e+10  0.000000e+00  0.000000e+00  5.325136e+09  4.618915e+09  4.157331e+09  3.915220e+09
2.150764e+04  3.984582e+09  0.000000e+00  0.000000e+00  3.583563e+10  0.000000e+00  0.000000e+00  5.321843e+09  4.616585e+09  4.155427e+09  3.913522e+09
2.153419e+04  3.979341e+09  0.000000e+00  0.000000e+00  3.578849e+10  0.000000e+00  0.000000e+00  5.318533e+09  4.614228e+09  4.153516e+09  3.911802e+09
2.156077e+04  3.974106e+09  0.000000e+00  0.000000e+00  3.574141e+10  0.000000e+00  0.000000e+00  5.315224e+09  4.611864e+09  4.151587e+09  3.910069e+09
2.158738e+04  3.968877e+09  0.000000e+00  0.000000e+00  3.569439e+10  0.000000e+00  0.000000e+00  5.311894e+09  4.609493e+09  4.149637e+09  3.908323e+09
2.161402e+04  3.963655e+09  0.000000e+00  0.000000e+00  3.564742e+10  0.000000e+00  0.000000e+00  5.308554e+09  4.607096e+09  4.147688e+09  3.906571e+09
2.164070e+04  3.958440e+09  0.000000e+00  0.000000e+00  3.560051e+10  0.000000e+00  0.000000e+00  5.305207e+09  4.604695e+09  4.145738e+09  3.904794e+09
2.166741e+04  3.953230e+09  0.000000e+00  0.000000e+00  3.555366e+10  0.000000e+00  0.000000e+00  5.301837e+09  4.602277e+09  4.143747e+09  3.903011e+09
2.169416e+04  3.948027e+09  0.000000e+00  0.000000e+00  3.550687e+10  0.000000e+00  0.000000e+00  5.298459e+09  4.599833e+09  4.141759e+09  3.901223e+09
2.172093e+04  3.942831e+09  0.000000e+00  0.000000e+00  3.546014e+10  0.000000e+00  0.000000e+00  5.295065e+09  4.597388e+09  4.139761e+09  3.899413e+09
2.174774e+04  3.937641e+09  0.000000e+00  0.000000e+00  3.541346e+10  0.000000e+00  0.000000e+00  5.291666e+09  4.594934e+09  4.137729e+09  3.897583e+09
2.177459e+04  3.932457e+09  0.000000e+00  0.000000e+00  3.536684e+10  0.000000e+00  0.000000e+00  5.288259e+09  4.592470e+09  4.135714e+09  3.895756e+09
2.180146e+04  3.927280e+09  0.000000e+00  0.000000e+00  3.532027e+10  0.000000e+00  0.000000e+00  5.284827e+09  4.589979e+09  4.133668e+09  3.893910e+09
2.182837e+04  3.922109e+09  0.000000e+00  0.000000e+00  3.527377e+10  0.000000e+00  0.000000e+00  5.281400e+09  4.587493e+09  4.131613e+09  3.892050e+09
2.185532e+04  3.916944e+09  0.000000e+00  0.000000e+00  3.522732e+10  0.000000e+00  0.000000e+00  5.277957e+09  4.584985e+09  4.129536e+09  3.890182e+09
2.188229e+04  3.911785e+09  0.000000e+00  0.000000e+00  3.518093e+10  0.000000e+00  0.000000e+00  5.274491e+09  4.582458e+09  4.127465e+09  3.888286e+09
2.190930e+04  3.906633e+09  0.000000e+00  0.000000e+00  3.513459e+10  0.000000e+00  0.000000e+00  5.271027e+09  4.579933e+09  4.125368e+09  3.886389e+09
2.193634e+04  3.901488e+09  0.000000e+00  0.000000e+00  3.508831e+10  0.000000e+00  0.000000e+00  5.267547e+09  4.577374e+09  4.123258e+09  3.884485e+09
2.196342e+04  3.896348e+09  0.000000e+00  0.000000e+00  3.504209e+10  0.000000e+00  0.000000e+00  5.264048e+09  4.574824e+09  4.121139e+09  3.882564e+09
2.199053e+04  3.891215e+09  0.000000e+00  0.000000e+00  3.499593e+10  0.000000e+00  0.000000e+00  5.260546e+09  4.572250e+09  4.119010e+09  3.880625e+09
2.201767e+04  3.886088e+09  0.000000e+00  0.000000e+00  3.494982e+10  0.000000e+00  0.000000e+00  5.257035e+09  4.569657e+09  4.116859e+09  3.878681e+09
2.204485e+04  3.880968e+09  0.000000e+00  0.000000e+00  3.490377e+10  0.000000e+00  0.000000e+00  5.253504e+09  4.567064e+09  4.114698e+09  3.876725e+09
2.207206e+04  3.875854e+09  0.000000e+00  0.000000e+00  3.485777e+10  0.000000e+00  0.000000e+00  5.249969e+09  4.564445e+09  4.112531e+09  3.874746e+09
2.209930e+04  3.870746e+09  0.000000e+00  0.000000e+00  3.481183e+10  0.000000e+00  0.000000e+00  5.246420e+09  4.561831e+09  4.110340e+09  3.872768e+09
2.212658e+04  3.865644e+09  0.000000e+00  0.000000e+00  3.476595e+10  0.000000e+00  0.000000e+00  5.242857e+09  4.559191e+09  4.108148e+09  3.870772e+09
2.215389e+04  3.860549e+09  0.000000e+00  0.000000e+00  3.472013e+10  0.000000e+00  0.000000e+00  5.239291e+09  4.556549e+09  4.105947e+09  3.868760e+09
2.218123e+04  3.855460e+09  0.000000e+00  0.000000e+00  3.467436e+10  0.000000e+00  0.000000e+00  5.235711e+09  4.553887e+09  4.103733e+09  3.866733e+09
2.220861e+04  3.850377e+09  0.000000e+00  0.000000e+00  3.462864e+10  0.000000e+00  0.000000e+00  5.232107e+09  4.551218e+09  4.101496e+09  3.864710e+09
2.223602e+04  3.845300e+09  0.000000e+00  0.000000e+00  3.458299e+10  0.000000e+00  0.000000e+00  5.228509e+09  4.548525e+09  4.099239e+09  3.862657e+09
2.226347e+04  3.840230e+09  0.000000e+00  0.000000e+00  3.453738e+10  0.000000e+00  0.000000e+00  5.224893e+09  4.545829e+09  4.096999e+09  3.860598e+09
2.229095e+04  3.835165e+09  0.000000e+00  0.000000e+00  3.449184e+10  0.000000e+00  0.000000e+00  5.221271e+09  4.543114e+09  4.094725e+09  3.858536e+09
2.231846e+04  3.830108e+09  0.000000e+00  0.000000e+00  3.444635e+10  0.000000e+00  0.000000e+00  5.217641e+09  4.540410e+09  4.092438e+09  3.856460e+09
2.234601e+04  3.825056e+09  0.000000e+00  0.000000e+00  3.440092e+10  0.000000e+00  0.000000e+00  5.213969e+09  4.537645e+09  4.090136e+09  3.854341e+09
2.237359e+04  3.820010e+09  0.000000e+00  0.000000e+00  3.435554e+10  0.000000e+00  0.000000e+00  5.210416e+09  4.534991e+09  4.087908e+09  3.852321e+09
2.240011e+04  3.815170e+09  0.000000e+00  0.000000e+00  3.431201e+10  0.000000e+00  0.000000e+00  5.207077e+09  4.532500e+09  4.085820e+09  3.850414e+09
2.242558e+04  3.810534e+09  0.000000e+00  0.000000e+00  3.427031e+10  0.000000e+00  0.000000e+00  5.203701e+09  4.529958e+09  4.083700e+09  3.848462e+09
2.245107e+04  3.805903e+09  0.000000e+00  0.000000e+00  3.422866e+10  0.000000e+00  0.000000e+00  5.200217e+09  4.527342e+09  4.081470e+09  3.846442e+09
2.247659e+04  3.801277e+09  0.000000e+00  0.000000e+00  3.418706e+10  0.000000e+00  0.000000e+00  5.196763e+09  4.524730e+09  4.079266e+09  3.844427e+09
2.250214e+04  3.796656e+09  0.000000e+00  0.000000e+00  3.414550e+10  0.000000e+00  0.000000e+00  5.193311e+09  4.522113e+09  4.077062e+09  3.842400e+09
2.252772e+04  3.792041e+09  0.000000e+00  0.000000e+00  3.410400e+10  0.000000e+00  0.000000e+00  5.189862e+09  4.519503e+09  4.074865e+09  3.840381e+09
2.255333e+04  3.787431e+09  0.000000e+00  0.000000e+00  3.406253e+10  0.000000e+00  0.000000e+00  5.186404e+09  4.516880e+09  4.072649e+09  3.838356e+09
2.257897e+04  3.782826e+09  0.000000e+00  0.000000e+00  3.402112e+10  0.000000e+00  0.000000e+00  5.182962e+09  4.514257e+09  4.070438e+09  3.836324e+09
2.260464e+04  3.778226e+09  0.000000e+00  0.000000e+00  3.397975e+10  0.000000e+00  0.000000e+00  5.179494e+09  4.511618e+09  4.068197e+09  3.834288e+09
2.263034e+04  3.773632e+09  0.000000e+00  0.000000e+00  3.393843e+10  0.000000e+00  0.000000e+00  5.176018e+09  4.508983e+09  4.065973e+09  3.832245e+09
2.265606e+04  3.769043e+09  0.000000e+00  0.000000e+00  3.389716e+10  0.000000e+00  0.000000e+00  5.172556e+09  4.506337e+09  4.063725e+09  3.830193e+09
2.268182e+04  3.764458e+09  0.000000e+00  0.000000e+00  3.385593e+10  0.000000e+00  0.000000e+00  5.169073e+09  4.503676e+09  4.061483e+09  3.828122e+09
2.270760e+04  3.759880e+09  0.000000e+00  0.000000e+00  3.381475e+10  0.000000e+00  0.000000e+00  5.165583e+09  4.501025e+09  4.059234e+09  3.826059e+09
2.273341e+04  3.755306e+09  0.000000e+00  0.000000e+00  3.377362e+10  0.000000e+00  0.000000e+00  5.162090e+09  4.498358e+09  4.056968e+09  3.823970e+09
2.275926e+04  3.750737e+09  0.000000e+00  0.000000e+00  3.373253e+10  0.000000e+00  0.000000e+00  5.158580e+09  4.495668e+09  4.054686e+09  3.821891e+09
2.278513e+04  3.746174e+09  0.000000e+00  0.000000e+00  3.369149e+10  0.000000e+00  0.000000e+00  5.155066e+09  4.492980e+09  4.052408e+09  3.819794e+09
2.281103e+04  3.741616e+09  0.000000e+00  0.000000e+00  3.365049e+10  0.000000e+00  0.000000e+00  5.151542e+09  4.490275e+09  4.050096e+09  3.817680e+09
2.283696e+04  3.737063e+09  0.000000e+00  0.000000e+00  3.360955e+10  0.000000e+00  0.000000e+00  5.148010e+09  4.487563e+09  4.047798e+09  3.815566e+09
2.286292e+04  3.732515e+09  0.000000e+00  0.000000e+00  3.356864e+10  0.000000e+00  0.000000e+00  5.144488e+09  4.484853e+09  4.045478e+09  3.813436e+09
2.288891e+04  3.727972e+09  0.000000e+00  0.000000e+00  3.352779e+10  0.000000e+00  0.000000e+00  5.140936e+09  4.482116e+09  4.043160e+09  3.811303e+09
2.291493e+04  3.723435e+09  0.000000e+00  0.000000e+00  3.348698e+10  0.000000e+00  0.000000e+00  5.137381e+09  4.479378e+09  4.040826e+09  3.809157e+09
2.294098e+04  3.718902e+09  0.000000e+00  0.000000e+00  3.344622e+10  0.000000e+00  0.000000e+00  5.133826e+09  4.476643e+09  4.038490e+09  3.807005e+09
2.296706e+04  3.714375e+09  0.000000e+00  0.000000e+00  3.340550e+10  0.000000e+00  0.000000e+00  5.130250e+09  4.473885e+09  4.036147e+09  3.804837e+09
2.299317e+04  3.709853e+09  0.000000e+00  0.000000e+00  3.336483e+10  0.000000e+00  0.000000e+00  5.126669e+09  4.471123e+09  4.033769e+09  3.802659e+09
2.301931e+04  3.705335e+09  0.000000e+00  0.000000e+00  3.332420e+10  0.000000e+00  0.000000e+00  5.123089e+09  4.468344e+09  4.031415e+09  3.800474e+09
2.304548e+04  3.700824e+09  0.000000e+00  0.000000e+00  3.328363e+10  0.000000e+00  0.000000e+00  5.119493e+09  4.465563e+09  4.029017e+09  3.798292e+09
2.307168e+04  3.696317e+09  0.000000e+00  0.000000e+00  3.324309e+10  0.000000e+00  0.000000e+00  5.115892e+09  4.462770e+09  4.026645e+09  3.796086e+09
2.309790e+04  3.691815e+09  0.000000e+00  0.000000e+00  3.320261e+10  0.000000e+00  0.000000e+00  5.112280e+09  4.459950e+09  4.024243e+09  3.793880e+09
2.312416e+04  3.687318e+09  0.000000e+00  0.000000e+00  3.316216e+10  0.000000e+00  0.000000e+00  5.108664e+09  4.457143e+09  4.021819e+09  3.791653e+09
2.315045e+04  3.682827e+09  0.000000e+00  0.000000e+00  3.312177e+10  0.000000e+00  0.000000e+00  5.105029e+09  4.454317e+09  4.019408e+09  3.789424e+09
2.317677e+04  3.678340e+09  0.000000e+00  0.000000e+00  3.308142e+10  0.000000e+00  0.000000e+00  5.101397e+09  4.451485e+09  4.016990e+09  3.787183e+09
2.320311e+04  3.673859e+09  0.000000e+00  0.000000e+00  3.304112e+10  0.000000e+00  0.000000e+00  5.097746e+09  4.448647e+09  4.014543e+09  3.784940e+09
2.322949e+04  3.669382e+09  0.000000e+00  0.000000e+00  3.300086e+10  0.000000e+00  0.000000e+00  5.094104e+09  4.445808e+09  4.012102e+09  3.782688e+09
2.325590e+04  3.664911e+09  0.000000e+00  0.000000e+00  3.296064e+10  0.000000e+00  0.000000e+00  5.090449e+09  4.442949e+09  4.009643e+09  3.780421e+09
2.328233e+04  3.660445e+09  0.000000e+00  0.000000e+00  3.292048e+10  0.000000e+00  0.000000e+00  5.086779e+09  4.440084e+09  4.007193e+09  3.778151e+09
2.330880e+04  3.655984e+09  0.000000e+00  0.000000e+00  3.288036e+10  0.000000e+00  0.000000e+00  5.083104e+09  4.437206e+09  4.004710e+09  3.775864e+09
2.333530e+04  3.651528e+09  0.000000e+00  0.000000e+00  3.284028e+10  0.000000e+00  0.000000e+00  5.079414e+09  4.434322e+09  4.002241e+09  3.773570e+09
2.336183e+04  3.647077e+09  0.000000e+00  0.000000e+00  3.280025e+10  0.000000e+00  0.000000e+00  5.075724e+09  4.431419e+09  3.999747e+09  3.771262e+09
2.338838e+04  3.642631e+09  0.000000e+00  0.000000e+00  3.276026e+10  0.000000e+00  0.000000e+00  5.072034e+09  4.428521e+09  3.997233e+09  3.768958e+09
2.341497e+04  3.638190e+09  0.000000e+00  0.000000e+00  3.272032e+10  0.000000e+00  0.000000e+00  5.068325e+09  4.425613e+09  3.994727e+09  3.766633e+09
2.344159e+04  3.633754e+09  0.000000e+00  0.000000e+00  3.268043e+10  0.000000e+00  0.000000e+00  5.064604e+09  4.422692e+09  3.992216e+09  3.764314e+09
2.346824e+04  3.629323e+09  0.000000e+00  0.000000e+00  3.264058e+10  0.000000e+00  0.000000e+00  5.060887e+09  4.419750e+09  3.989695e+09  3.761970e+09
2.349492e+04  3.624897e+09  0.000000e+00  0.000000e+00  3.260077e+10  0.000000e+00  0.000000e+00  5.057162e+09  4.416823e+09  3.987159e+09  3.759627e+09
2.352162e+04  3.620476e+09  0.000000e+00  0.000000e+00  3.256101e+10  0.000000e+00  0.000000e+00  5.053415e+09  4.413878e+09  3.984616e+09  3.757271e+09
2.354836e+04  3.616060e+09  0.000000e+00  0.000000e+00  3.252130e+10  0.000000e+00  0.000000e+00  5.049681e+09  4.410916e+09  3.982057e+09  3.754912e+09
2.357513e+04  3.611649e+09  0.000000e+00  0.000000e+00  3.248163e+10  0.000000e+00  0.000000e+00  5.045931e+09  4.407942e+09  3.979488e+09  3.752544e+09
2.360193e+04  3.607243e+09  0.000000e+00  0.000000e+00  3.244200e+10  0.000000e+00  0.000000e+00  5.042165e+09  4.404968e+09  3.976934e+09  3.750157e+09
2.362876e+04  3.602842e+09  0.000000e+00  0.000000e+00  3.240242e+10  0.000000e+00  0.000000e+00  5.038408e+09  4.401997e+09  3.974340e+09  3.747765e+09
2.365562e+04  3.598446e+09  0.000000e+00  0.000000e+00  3.236289e+10  0.000000e+00  0.000000e+00  5.034634e+09  4.399010e+09  3.971765e+09  3.745379e+09
2.368252e+04  3.594055e+09  0.000000e+00  0.000000e+00  3.232340e+10  0.000000e+00  0.000000e+00  5.030853e+09  4.395994e+09  3.969170e+09  3.742968e+09
2.370944e+04  3.589669e+09  0.000000e+00  0.000000e+00  3.228395e+10  0.000000e+00  0.000000e+00  5.027052e+09  4.392988e+09  3.966557e+09  3.740553e+09
2.373639e+04  3.585288e+09  0.000000e+00  0.000000e+00  3.224455e+10  0.000000e+00  0.000000e+00  5.023259e+09  4.389986e+09  3.963953e+09  3.738129e+09
2.376337e+04  3.580912e+09  0.000000e+00  0.000000e+00  3.220519e+10  0.000000e+00  0.000000e+00  5.019461e+09  4.386947e+09  3.961312e+09  3.735703e+09
2.379039e+04  3.576541e+09  0.000000e+00  0.000000e+00  3.216588e+10  0.000000e+00  0.000000e+00  5.015649e+09  4.383928e+09  3.958685e+09  3.733261e+09
2.381743e+04  3.572175e+09  0.000000e+00  0.000000e+00  3.212662e+10  0.000000e+00  0.000000e+00  5.011824e+09  4.380890e+09  3.956059e+09  3.730805e+09
2.384451e+04  3.567814e+09  0.000000e+00  0.000000e+00  3.208739e+10  0.000000e+00  0.000000e+00  5.008002e+09  4.377834e+09  3.953412e+09  3.728356e+09
2.387161e+04  3.563458e+09  0.000000e+00  0.000000e+00  3.204821e+10  0.000000e+00  0.000000e+00  5.004171e+09  4.374768e+09  3.950739e+09  3.725893e+09
2.389875e+04  3.559106e+09  0.000000e+00  0.000000e+00  3.200908e+10  0.000000e+00  0.000000e+00  5.000334e+09  4.371704e+09  3.948080e+09  3.723419e+09
2.392592e+04  3.554760e+09  0.000000e+00  0.000000e+00  3.196999e+10  0.000000e+00  0.000000e+00  4.996496e+09  4.368638e+09  3.945416e+09  3.720942e+09
2.395312e+04  3.550418e+09  0.000000e+00  0.000000e+00  3.193094e+10  0.000000e+00  0.000000e+00  4.992642e+09  4.365557e+09  3.942733e+09  3.718447e+09
2.398035e+04  3.546082e+09  0.000000e+00  0.000000e+00  3.189194e+10  0.000000e+00  0.000000e+00  4.988778e+09  4.362468e+09  3.940036e+09  3.715954e+09
2.400761e+04  3.541750e+09  0.000000e+00  0.000000e+00  3.185299e+10  0.000000e+00  0.000000e+00  4.984908e+09  4.359358e+09  3.937357e+09  3.713440e+09
2.403490e+04  3.537423e+09  0.000000e+00  0.000000e+00  3.181407e+10  0.000000e+00  0.000000e+00  4.981041e+09  4.356254e+09  3.934636e+09  3.710928e+09
2.406222e+04  3.533101e+09  0.000000e+00  0.000000e+00  3.177521e+10  0.000000e+00  0.000000e+00  4.977152e+09  4.353146e+09  3.931934e+09  3.708412e+09
2.408958e+04  3.528785e+09  0.000000e+00  0.000000e+00  3.173638e+10  0.000000e+00  0.000000e+00  4.973271e+09  4.350012e+09  3.929199e+09  3.705876e+09
2.411696e+04  3.524472e+09  0.000000e+00  0.000000e+00  3.169760e+10  0.000000e+00  0.000000e+00  4.969377e+09  4.346890e+09  3.926484e+09  3.703345e+09
2.414438e+04  3.520165e+09  0.000000e+00  0.000000e+00  3.165886e+10  0.000000e+00  0.000000e+00  4.965482e+09  4.343749e+09  3.923739e+09  3.700802e+09
2.417182e+04  3.515863e+09  0.000000e+00  0.000000e+00  3.162017e+10  0.000000e+00  0.000000e+00  4.961571e+09  4.340600e+09  3.921001e+09  3.698240e+09
2.419930e+04  3.511566e+09  0.000000e+00  0.000000e+00  3.158152e+10  0.000000e+00  0.000000e+00  4.957646e+09  4.337439e+09  3.918246e+09  3.695679e+09
2.422681e+04  3.507273e+09  0.000000e+00  0.000000e+00  3.154292e+10  0.000000e+00  0.000000e+00  4.953736e+09  4.334285e+09  3.915488e+09  3.693110e+09
2.425435e+04  3.502985e+09  0.000000e+00  0.000000e+00  3.150435e+10  0.000000e+00  0.000000e+00  4.949813e+09  4.331118e+09  3.912705e+09  3.690539e+09
2.428192e+04  3.498703e+09  0.000000e+00  0.000000e+00  3.146584e+10  0.000000e+00  0.000000e+00  4.945872e+09  4.327938e+09  3.909943e+09  3.687956e+09
2.430953e+04  3.494425e+09  0.000000e+00  0.000000e+00  3.142736e+10  0.000000e+00  0.000000e+00  4.941929e+09  4.324746e+09  3.907143e+09  3.685362e+09
2.433716e+04  3.490151e+09  0.000000e+00  0.000000e+00  3.138893e+10  0.000000e+00  0.000000e+00  4.937990e+09  4.321551e+09  3.904358e+09  3.682764e+09
2.436483e+04  3.485883e+09  0.000000e+00  0.000000e+00  3.135054e+10  0.000000e+00  0.000000e+00  4.934027e+09  4.318360e+09  3.901547e+09  3.680152e+09
2.439253e+04  3.481620e+09  0.000000e+00  0.000000e+00  3.131220e+10  0.000000e+00  0.000000e+00  4.930061e+09  4.315145e+09  3.898743e+09  3.677539e+09
2.442026e+04  3.477361e+09  0.000000e+00  0.000000e+00  3.127390e+10  0.000000e+00  0.000000e+00  4.926100e+09  4.311933e+09  3.895936e+09  3.674910e+09
2.444802e+04  3.473107e+09  0.000000e+00  0.000000e+00  3.123564e+10  0.000000e+00  0.000000e+00  4.922132e+09  4.308716e+09  3.893110e+09  3.672283e+09
2.447581e+04  3.468858e+09  0.000000e+00  0.000000e+00  3.119743e+10  0.000000e+00  0.000000e+00  4.918148e+09  4.305484e+09  3.890273e+09  3.669639e+09
2.450363e+04  3.464614e+09  0.000000e+00  0.000000e+00  3.115926e+10  0.000000e+00  0.000000e+00  4.914168e+09  4.302235e+09  3.887449e+09  3.667003e+09
2.453149e+04  3.460375e+09  0.000000e+00  0.000000e+00  3.112113e+10  0.000000e+00  0.000000e+00  4.910166e+09  4.298997e+09  3.884599e+09  3.664350e+09
2.455937e+04  3.456140e+09  0.000000e+00  0.000000e+00  3.108305e+10  0.000000e+00  0.000000e+00  4.906181e+09  4.295745e+09  3.881742e+09  3.661690e+09
2.458729e+04  3.451911e+09  0.000000e+00  0.000000e+00  3.104501e+10  0.000000e+00  0.000000e+00  4.902165e+09  4.292483e+09  3.878875e+09  3.659015e+09
2.461524e+04  3.447686e+09  0.000000e+00  0.000000e+00  3.100701e+10  0.000000e+00  0.000000e+00  4.898164e+09  4.289207e+09  3.876002e+09  3.656337e+09
2.464323e+04  3.443465e+09  0.000000e+00  0.000000e+00  3.096906e+10  0.000000e+00  0.000000e+00  4.894142e+09  4.285944e+09  3.873136e+09  3.653657e+09
2.467124e+04  3.439250e+09  0.000000e+00  0.000000e+00  3.093115e+10  0.000000e+00  0.000000e+00  4.890125e+09  4.282655e+09  3.870248e+09  3.650972e+09
2.469929e+04  3.435040e+09  0.000000e+00  0.000000e+00  3.089328e+10  0.000000e+00  0.000000e+00  4.886098e+09  4.279377e+09  3.867356e+09  3.648275e+09
2.472736e+04  3.430834e+09  0.000000e+00  0.000000e+00  3.085545e+10  0.000000e+00  0.000000e+00  4.881887e+09  4.276013e+09  3.864418e+09  3.645530e+09
2.475547e+04  3.426633e+09  0.000000e+00  0.000000e+00  3.081767e+10  0.000000e+00  0.000000e+00  4.877843e+09  4.272695e+09  3.861517e+09  3.642822e+09
2.478362e+04  3.422436e+09  0.000000e+00  0.000000e+00  3.077993e+10  0.000000e+00  0.000000e+00  4.873806e+09  4.269399e+09  3.858593e+09  3.640102e+09
2.481179e+04  3.418245e+09  0.000000e+00  0.000000e+00  3.074223e+10  0.000000e+00  0.000000e+00  4.869745e+09  4.266064e+09  3.855692e+09  3.637380e+09
2.484000e+04  3.414058e+09  0.000000e+00  0.000000e+00  3.070458e+10  0.000000e+00  0.000000e+00  4.865692e+09  4.262749e+09  3.852748e+09  3.634639e+09
2.486823e+04  3.409876e+09  0.000000e+00  0.000000e+00  3.066697e+10  0.000000e+00  0.000000e+00  4.861618e+09  4.259419e+09  3.849819e+09  3.631903e+09
2.489650e+04  3.405699e+09  0.000000e+00  0.000000e+00  3.062940e+10  0.000000e+00  0.000000e+00  4.857554e+09  4.256075e+09  3.846876e+09  3.629162e+09
2.492481e+04  3.401526e+09  0.000000e+00  0.000000e+00  3.059187e+10  0.000000e+00  0.000000e+00  4.853472e+09  4.252729e+09  3.843943e+09  3.626408e+09
2.495314e+04  3.397358e+09  0.000000e+00  0.000000e+00  3.055439e+10  0.000000e+00  0.000000e+00  4.849404e+09  4.249377e+09  3.840980e+09  3.623641e+09
2.498151e+04  3.393195e+09  0.000000e+00  0.000000e+00  3.051695e+10  0.000000e+00  0.000000e+00  4.845305e+09  4.246022e+09  3.838019e+09  3.620878e+09
2.500991e+04  3.389037e+09  0.000000e+00  0.000000e+00  3.047955e+10  0.000000e+00  0.000000e+00  4.841216e+09  4.242655e+09  3.835051e+09  3.618100e+09
2.503834e+04  3.384883e+09  0.000000e+00  0.000000e+00  3.044219e+10  0.000000e+00  0.000000e+00  4.837123e+09  4.239278e+09  3.832069e+09  3.615321e+09
2.506680e+04  3.380734e+09  0.000000e+00  0.000000e+00  3.040488e+10  0.000000e+00  0.000000e+00  4.833017e+09  4.235903e+09  3.829085e+09  3.612531e+09
2.509530e+04  3.376590e+09  0.000000e+00  0.000000e+00  3.036761e+10  0.000000e+00  0.000000e+00  4.828915e+09  4.232520e+09  3.826106e+09  3.609729e+09
2.512382e+04  3.372450e+09  0.000000e+00  0.000000e+00  3.033038e+10  0.000000e+00  0.000000e+00  4.824786e+09  4.229127e+09  3.823107e+09  3.606936e+09
2.515238e+04  3.368315e+09  0.000000e+00  0.000000e+00  3.029319e+10  0.000000e+00  0.000000e+00  4.820664e+09  4.225713e+09  3.820098e+09  3.604123e+09
2.518098e+04  3.364185e+09  0.000000e+00  0.000000e+00  3.025604e+10  0.000000e+00  0.000000e+00  4.816542e+09  4.222319e+09  3.817088e+09  3.601306e+09
2.520960e+04  3.360060e+09  0.000000e+00  0.000000e+00  3.021894e+10  0.000000e+00  0.000000e+00  4.812408e+09  4.218893e+09  3.814077e+09  3.598481e+09
2.523826e+04  3.355939e+09  0.000000e+00  0.000000e+00  3.018188e+10  0.000000e+00  0.000000e+00  4.808270e+09  4.215474e+09  3.811048e+09  3.595655e+09
2.526695e+04  3.351823e+09  0.000000e+00  0.000000e+00  3.014486e+10  0.000000e+00  0.000000e+00  4.804139e+09  4.212064e+09  3.808023e+09  3.592826e+09
2.529567e+04  3.347711e+09  0.000000e+00  0.000000e+00  3.010788e+10  0.000000e+00  0.000000e+00  4.799984e+09  4.208625e+09  3.804979e+09  3.589980e+09
2.532443e+04  3.343604e+09  0.000000e+00  0.000000e+00  3.007095e+10  0.000000e+00  0.000000e+00  4.795836e+09  4.205177e+09  3.801933e+09  3.587134e+09
2.535322e+04  3.339502e+09  0.000000e+00  0.000000e+00  3.003406e+10  0.000000e+00  0.000000e+00  4.791671e+09  4.201742e+09  3.798885e+09  3.584282e+09
2.538204e+04  3.335405e+09  0.000000e+00  0.000000e+00  2.999720e+10  0.000000e+00  0.000000e+00  4.787511e+09  4.198283e+09  3.795839e+09  3.581420e+09
2.541089e+04  3.331312e+09  0.000000e+00  0.000000e+00  2.996040e+10  0.000000e+00  0.000000e+00  4.783286e+09  4.194811e+09  3.792761e+09  3.578541e+09
2.543978e+04  3.327224e+09  0.000000e+00  0.000000e+00  2.992363e+10  0.000000e+00  0.000000e+00  4.779111e+09  4.191350e+09  3.789685e+09  3.575666e+09
2.546870e+04  3.323140e+09  0.000000e+00  0.000000e+00  2.988690e+10  0.000000e+00  0.000000e+00  4.774932e+09  4.187871e+09  3.786617e+09  3.572784e+09
2.549765e+04  3.319061e+09  0.000000e+00  0.000000e+00  2.985022e+10  0.000000e+00  0.000000e+00  4.770747e+09  4.184396e+09  3.783534e+09  3.569894e+09
2.552664e+04  3.314987e+09  0.000000e+00  0.000000e+00  2.981357e+10  0.000000e+00  0.000000e+00  4.766554e+09  4.180907e+09  3.780450e+09  3.567000e+09
2.555566e+04  3.310917e+09  0.000000e+00  0.000000e+00  2.977697e+10  0.000000e+00  0.000000e+00  4.762359e+09  4.177418e+09  3.777357e+09  3.564108e+09
2.558471e+04  3.306852e+09  0.000000e+00  0.000000e+00  2.974041e+10  0.000000e+00  0.000000e+00  4.758164e+09  4.173932e+09  3.774260e+09  3.561193e+09
2.561379e+04  3.302791e+09  0.000000e+00  0.000000e+00  2.970390e+10  0.000000e+00  0.000000e+00  4.753966e+09  4.170421e+09  3.771153e+09  3.558289e+09
2.564291e+04  3.298736e+09  0.000000e+00  0.000000e+00  2.966742e+10  0.000000e+00  0.000000e+00  4.749756e+09  4.166911e+09  3.768031e+09  3.555365e+09
2.567206e+04  3.294684e+09  0.000000e+00  0.000000e+00  2.963098e+10  0.000000e+00  0.000000e+00  4.745527e+09  4.163399e+09  3.764908e+09  3.552443e+09
2.570124e+04  3.290638e+09  0.000000e+00  0.000000e+00  2.959459e+10  0.000000e+00  0.000000e+00  4.741318e+09  4.159879e+09  3.761782e+09  3.549519e+09
2.573046e+04  3.286596e+09  0.000000e+00  0.000000e+00  2.955824e+10  0.000000e+00  0.000000e+00  4.737095e+09  4.156354e+09  3.758658e+09  3.546571e+09
2.575971e+04  3.282558e+09  0.000000e+00  0.000000e+00  2.952192e+10  0.000000e+00  0.000000e+00  4.732856e+09  4.152830e+09  3.755515e+09  3.543638e+09
2.578899e+04  3.278525e+09  0.000000e+00  0.000000e+00  2.948565e+10  0.000000e+00  0.000000e+00  4.728626e+09  4.149293e+09  3.752367e+09  3.540689e+09
2.581831e+04  3.274497e+09  0.000000e+00  0.000000e+00  2.944942e+10  0.000000e+00  0.000000e+00  4.724394e+09  4.145747e+09  3.749217e+09  3.537727e+09
2.584766e+04  3.270473e+09  0.000000e+00  0.000000e+00  2.941324e+10  0.000000e+00  0.000000e+00  4.720149e+09  4.142202e+09  3.746077e+09  3.534774e+09
2.587704e+04  3.266454e+09  0.000000e+00  0.000000e+00  2.937709e+10  0.000000e+00  0.000000e+00  4.715909e+09  4.138648e+09  3.742905e+09  3.531809e+09
2.590646e+04  3.262439e+09  0.000000e+00  0.000000e+00  2.934098e+10  0.000000e+00  0.000000e+00  4.711643e+09  4.135077e+09  3.739746e+09  3.528836e+09
2.593591e+04  3.258429e+09  0.000000e+00  0.000000e+00  2.930492e+10  0.000000e+00  0.000000e+00  4.707387e+09  4.131523e+09  3.736555e+09  3.525860e+09
2.596540e+04  3.254423e+09  0.000000e+00  0.000000e+00  2.926889e+10  0.000000e+00  0.000000e+00  4.703128e+09  4.127956e+09  3.733378e+09  3.522869e+09
2.599491e+04  3.250422e+09  0.000000e+00  0.000000e+00  2.923291e+10  0.000000e+00  0.000000e+00  4.698865e+09  4.124380e+09  3.730203e+09  3.519890e+09
2.602446e+04  3.246426e+09  0.000000e+00  0.000000e+00  2.919697e+10  0.000000e+00  0.000000e+00  4.694593e+09  4.120782e+09  3.727020e+09  3.516887e+09
2.605405e+04  3.242434e+09  0.000000e+00  0.000000e+00  2.916107e+10  0.000000e+00  0.000000e+00  4.690320e+09  4.117192e+09  3.723812e+09  3.513893e+09
2.608367e+04  3.238447e+09  0.000000e+00  0.000000e+00  2.912521e+10  0.000000e+00  0.000000e+00  4.686034e+09  4.113613e+09  3.720611e+09  3.510882e+09
2.611332e+04  3.234464e+09  0.000000e+00  0.000000e+00  2.908939e+10  0.000000e+00  0.000000e+00  4.681757e+09  4.110006e+09  3.717407e+09  3.507868e+09
2.614300e+04  3.230485e+09  0.000000e+00  0.000000e+00  2.905361e+10  0.000000e+00  0.000000e+00  4.677467e+09  4.106410e+09  3.714198e+09  3.504849e+09
2.617272e+04  3.226512e+09  0.000000e+00  0.000000e+00  2.901787e+10  0.000000e+00  0.000000e+00  4.673175e+09  4.102792e+09  3.710981e+09  3.501834e+09
2.620247e+04  3.222542e+09  0.000000e+00  0.000000e+00  2.898217e+10  0.000000e+00  0.000000e+00  4.668876e+09  4.099169e+09  3.707751e+09  3.498800e+09
2.623226e+04  3.218577e+09  0.000000e+00  0.000000e+00  2.894651e+10  0.000000e+00  0.000000e+00  4.664577e+09  4.095559e+09  3.704509e+09  3.495764e+09
2.626208e+04  3.214617e+09  0.000000e+00  0.000000e+00  2.891089e+10  0.000000e+00  0.000000e+00  4.660274e+09  4.091925e+09  3.701291e+09  3.492723e+09
2.629194e+04  3.210661e+09  0.000000e+00  0.000000e+00  2.887532e+10  0.000000e+00  0.000000e+00  4.655964e+09  4.088293e+09  3.698042e+09  3.489689e+09
2.632182e+04  3.206710e+09  0.000000e+00  0.000000e+00  2.883978e+10  0.000000e+00  0.000000e+00  4.651642e+09  4.084654e+09  3.694804e+09  3.486635e+09
2.635175e+04  3.202763e+09  0.000000e+00  0.000000e+00  2.880428e+10  0.000000e+00  0.000000e+00  4.647309e+09  4.081014e+09  3.691545e+09  3.483579e+09
2.638170e+04  3.198821e+09  0.000000e+00  0.000000e+00  2.876883e+10  0.000000e+00  0.000000e+00  4.642922e+09  4.077333e+09  3.688270e+09  3.480505e+09
2.641169e+04  3.194883e+09  0.000000e+00  0.000000e+00  2.873341e+10  0.000000e+00  0.000000e+00  4.638601e+09  4.073688e+09  3.685001e+09  3.477436e+09
2.644172e+04  3.190949e+09  0.000000e+00  0.000000e+00  2.869803e+10  0.000000e+00  0.000000e+00  4.634270e+09  4.070040e+09  3.681731e+09  3.474368e+09
2.647178e+04  3.187020e+09  0.000000e+00  0.000000e+00  2.866270e+10  0.000000e+00  0.000000e+00  4.629930e+09  4.066366e+09  3.678478e+09  3.471294e+09
2.650187e+04  3.183096e+09  0.000000e+00  0.000000e+00  2.862740e+10  0.000000e+00  0.000000e+00  4.625598e+09  4.062695e+09  3.675192e+09  3.468204e+09
2.653200e+04  3.179176e+09  0.000000e+00  0.000000e+00  2.859215e+10  0.000000e+00  0.000000e+00  4.621256e+09  4.059039e+09  3.671918e+09  3.465123e+09
2.656216e+04  3.175260e+09  0.000000e+00  0.000000e+00  2.855693e+10  0.000000e+00  0.000000e+00  4.616898e+09  4.055340e+09  3.668611e+09  3.462024e+09
2.659235e+04  3.171349e+09  0.000000e+00  0.000000e+00  2.852176e+10  0.000000e+00  0.000000e+00  4.612608e+09  4.051711e+09  3.665359e+09  3.458968e+09
2.662174e+04  3.167551e+09  0.000000e+00  0.000000e+00  2.848760e+10  0.000000e+00  0.000000e+00  4.608476e+09  4.048210e+09  3.662232e+09  3.456023e+09
2.665031e+04  3.163867e+09  0.000000e+00  0.000000e+00  2.845447e+10  0.000000e+00  0.000000e+00  4.604363e+09  4.044725e+09  3.659133e+09  3.453099e+09
2.667891e+04  3.160187e+09  0.000000e+00  0.000000e+00  2.842137e+10  0.000000e+00  0.000000e+00  4.600203e+09  4.041199e+09  3.655974e+09  3.450127e+09
2.670754e+04  3.156510e+09  0.000000e+00  0.000000e+00  2.838830e+10  0.000000e+00  0.000000e+00  4.596050e+09  4.037683e+09  3.652813e+09  3.447164e+09
2.673620e+04  3.152838e+09  0.000000e+00  0.000000e+00  2.835527e+10  0.000000e+00  0.000000e+00  4.591910e+09  4.034176e+09  3.649677e+09  3.444205e+09
2.676490e+04  3.149169e+09  0.000000e+00  0.000000e+00  2.832228e+10  0.000000e+00  0.000000e+00  4.587770e+09  4.030661e+09  3.646524e+09  3.441239e+09
2.679362e+04  3.145504e+09  0.000000e+00  0.000000e+00  2.828932e+10  0.000000e+00  0.000000e+00  4.583623e+09  4.027138e+09  3.643374e+09  3.438274e+09
2.682238e+04  3.141844e+09  0.000000e+00  0.000000e+00  2.825640e+10  0.000000e+00  0.000000e+00  4.579489e+09  4.023625e+09  3.640216e+09  3.435317e+09
2.685116e+04  3.138187e+09  0.000000e+00  0.000000e+00  2.822351e+10  0.000000e+00  0.000000e+00  4.575341e+09  4.020102e+09  3.637058e+09  3.432350e+09
2.687998e+04  3.134534e+09  0.000000e+00  0.000000e+00  2.819066e+10  0.000000e+00  0.000000e+00  4.571191e+09  4.016581e+09  3.633910e+09  3.429375e+09
2.690883e+04  3.130885e+09  0.000000e+00  0.000000e+00  2.815784e+10  0.000000e+00  0.000000e+00  4.567060e+09  4.013046e+09  3.630761e+09  3.426401e+09
2.693771e+04  3.127240e+09  0.000000e+00  0.000000e+00  2.812506e+10  0.000000e+00  0.000000e+00  4.562904e+09  4.009532e+09  3.627578e+09  3.423422e+09
2.696662e+04  3.123599e+09  0.000000e+00  0.000000e+00  2.809231e+10  0.000000e+00  0.000000e+00  4.558756e+09  4.005985e+09  3.624426e+09  3.420436e+09
2.699556e+04  3.119961e+09  0.000000e+00  0.000000e+00  2.805960e+10  0.000000e+00  0.000000e+00  4.554607e+09  4.002458e+09  3.621249e+09  3.417456e+09
2.702453e+04  3.116328e+09  0.000000e+00  0.000000e+00  2.802692e+10  0.000000e+00  0.000000e+00  4.550450e+09  3.998923e+09  3.618083e+09  3.414467e+09
2.705353e+04  3.112699e+09  0.000000e+00  0.000000e+00  2.799428e+10  0.000000e+00  0.000000e+00  4.546283e+09  3.995378e+09  3.614904e+09  3.411467e+09
2.708257e+04  3.109073e+09  0.000000e+00  0.000000e+00  2.796167e+10  0.000000e+00  0.000000e+00  4.542127e+09  3.991827e+09  3.611716e+09  3.408471e+09
2.711163e+04  3.105451e+09  0.000000e+00  0.000000e+00  2.792910e+10  0.000000e+00  0.000000e+00  4.537965e+09  3.988282e+09  3.608527e+09  3.405469e+09
2.714073e+04  3.101833e+09  0.000000e+00  0.000000e+00  2.789656e+10  0.000000e+00  0.000000e+00  4.533784e+09  3.984723e+09  3.605348e+09  3.402471e+09
2.716986e+04  3.098219e+09  0.000000e+00  0.000000e+00  2.786406e+10  0.000000e+00  0.000000e+00  4.529617e+09  3.981152e+09  3.602154e+09  3.399459e+09
2.719901e+04  3.094609e+09  0.000000e+00  0.000000e+00  2.783159e+10  0.000000e+00  0.000000e+00  4.525456e+09  3.977600e+09  3.598938e+09  3.396449e+09
2.722820e+04  3.091003e+09  0.000000e+00  0.000000e+00  2.779916e+10  0.000000e+00  0.000000e+00  4.521279e+09  3.974027e+09  3.595753e+09  3.393432e+09
2.725743e+04  3.087401e+09  0.000000e+00  0.000000e+00  2.776676e+10  0.000000e+00  0.000000e+00  4.517097e+09  3.970461e+09  3.592544e+09  3.390416e+09
2.728668e+04  3.083802e+09  0.000000e+00  0.000000e+00  2.773440e+10  0.000000e+00  0.000000e+00  4.512915e+09  3.966890e+09  3.589320e+09  3.387392e+09
2.731596e+04  3.080208e+09  0.000000e+00  0.000000e+00  2.770207e+10  0.000000e+00  0.000000e+00  4.508719e+09  3.963305e+09  3.586117e+09  3.384353e+09
2.734528e+04  3.076617e+09  0.000000e+00  0.000000e+00  2.766978e+10  0.000000e+00  0.000000e+00  4.504537e+09  3.959726e+09  3.582900e+09  3.381330e+09
2.737463e+04  3.073030e+09  0.000000e+00  0.000000e+00  2.763752e+10  0.000000e+00  0.000000e+00  4.500342e+09  3.956144e+09  3.579674e+09  3.378296e+09
2.740401e+04  3.069447e+09  0.000000e+00  0.000000e+00  2.760530e+10  0.000000e+00  0.000000e+00  4.496154e+09  3.952557e+09  3.576452e+09  3.375251e+09
2.743342e+04  3.065868e+09  0.000000e+00  0.000000e+00  2.757311e+10  0.000000e+00  0.000000e+00  4.491957e+09  3.948967e+09  3.573216e+09  3.372208e+09
2.746286e+04  3.062293e+09  0.000000e+00  0.000000e+00  2.754095e+10  0.000000e+00  0.000000e+00  4.487754e+09  3.945378e+09  3.569999e+09  3.369164e+09
2.749233e+04  3.058721e+09  0.000000e+00  0.000000e+00  2.750883e+10  0.000000e+00  0.000000e+00  4.483561e+09  3.941778e+09  3.566743e+09  3.366112e+09
2.752184e+04  3.055153e+09  0.000000e+00  0.000000e+00  2.747674e+10  0.000000e+00  0.000000e+00  4.479347e+09  3.938161e+09  3.563509e+09  3.363059e+09
2.755137e+04  3.051590e+09  0.000000e+00  0.000000e+00  2.744469e+10  0.000000e+00  0.000000e+00  4.475151e+09  3.934565e+09  3.560277e+09  3.360003e+09
2.758094e+04  3.048029e+09  0.000000e+00  0.000000e+00  2.741267e+10  0.000000e+00  0.000000e+00  4.470931e+09  3.930954e+09  3.557016e+09  3.356936e+09
2.761054e+04  3.044473e+09  0.000000e+00  0.000000e+00  2.738069e+10  0.000000e+00  0.000000e+00  4.466726e+09  3.927338e+09  3.553774e+09  3.353869e+09
2.764017e+04  3.040921e+09  0.000000e+00  0.000000e+00  2.734874e+10  0.000000e+00  0.000000e+00  4.462508e+09  3.923717e+09  3.550515e+09  3.350803e+09
2.766984e+04  3.037372e+09  0.000000e+00  0.000000e+00  2.731683e+10  0.000000e+00  0.000000e+00  4.458307e+09  3.920104e+09  3.547271e+09  3.347737e+09
2.769953e+04  3.033827e+09  0.000000e+00  0.000000e+00  2.728495e+10  0.000000e+00  0.000000e+00  4.454078e+09  3.916481e+09  3.544006e+09  3.344659e+09
2.772926e+04  3.030286e+09  0.000000e+00  0.000000e+00  2.725310e+10  0.000000e+00  0.000000e+00  4.449861e+09  3.912863e+09  3.540741e+09  3.341583e+09
2.775902e+04  3.026749e+09  0.000000e+00  0.000000e+00  2.722129e+10  0.000000e+00  0.000000e+00  4.445629e+09  3.909225e+09  3.537477e+09  3.338495e+09
2.778881e+04  3.023216e+09  0.000000e+00  0.000000e+00  2.718951e+10  0.000000e+00  0.000000e+00  4.441407e+09  3.905600e+09  3.534193e+09  3.335409e+09
2.781863e+04  3.019686e+09  0.000000e+00  0.000000e+00  2.715777e+10  0.000000e+00  0.000000e+00  4.437175e+09  3.901967e+09  3.530916e+09  3.332314e+09
2.784849e+04  3.016160e+09  0.000000e+00  0.000000e+00  2.712606e+10  0.000000e+00  0.000000e+00  4.432944e+09  3.898320e+09  3.527646e+09  3.329226e+09
2.787838e+04  3.012638e+09  0.000000e+00  0.000000e+00  2.709438e+10  0.000000e+00  0.000000e+00  4.428722e+09  3.894682e+09  3.524360e+09  3.326131e+09
2.790829e+04  3.009120e+09  0.000000e+00  0.000000e+00  2.706274e+10  0.000000e+00  0.000000e+00  4.424486e+09  3.891026e+09  3.521070e+09  3.323036e+09
2.793825e+04  3.005606e+09  0.000000e+00  0.000000e+00  2.703113e+10  0.000000e+00  0.000000e+00  4.420245e+09  3.887390e+09  3.517780e+09  3.319934e+09
2.796823e+04  3.002095e+09  0.000000e+00  0.000000e+00  2.699956e+10  0.000000e+00  0.000000e+00  4.416004e+09  3.883740e+09  3.514495e+09  3.316826e+09
2.799825e+04  2.998588e+09  0.000000e+00  0.000000e+00  2.696802e+10  0.000000e+00  0.000000e+00  4.411759e+09  3.880087e+09  3.511196e+09  3.313720e+09
2.802829e+04  2.995085e+09  0.000000e+00  0.000000e+00  2.693651e+10  0.000000e+00  0.000000e+00  4.407528e+09  3.876414e+09  3.507913e+09  3.310597e+09
2.805837e+04  2.991585e+09  0.000000e+00  0.000000e+00  2.690504e+10  0.000000e+00  0.000000e+00  4.403272e+09  3.872767e+09  3.504596e+09  3.307481e+09
2.808849e+04  2.988090e+09  0.000000e+00  0.000000e+00  2.687360e+10  0.000000e+00  0.000000e+00  4.399024e+09  3.869100e+09  3.501296e+09  3.304372e+09
2.811863e+04  2.984598e+09  0.000000e+00  0.000000e+00  2.684220e+10  0.000000e+00  0.000000e+00  4.394770e+09  3.865428e+09  3.497982e+09  3.301245e+09
2.814881e+04  2.981109e+09  0.000000e+00  0.000000e+00  2.681082e+10  0.000000e+00  0.000000e+00  4.390518e+09  3.861763e+09  3.494671e+09  3.298121e+09
2.817902e+04  2.977625e+09  0.000000e+00  0.000000e+00  2.677949e+10  0.000000e+00  0.000000e+00  4.386270e+09  3.858085e+09  3.491373e+09  3.294991e+09
2.820926e+04  2.974144e+09  0.000000e+00  0.000000e+00  2.674818e+10  0.000000e+00  0.000000e+00  4.382004e+09  3.854418e+09  3.488052e+09  3.291865e+09
2.823953e+04  2.970667e+09  0.000000e+00  0.000000e+00  2.671691e+10  0.000000e+00  0.000000e+00  4.377761e+09  3.850741e+09  3.484734e+09  3.288727e+09
2.826984e+04  2.967194e+09  0.000000e+00  0.000000e+00  2.668568e+10  0.000000e+00  0.000000e+00  4.373484e+09  3.847055e+09  3.481404e+09  3.285588e+09
2.830018e+04  2.963725e+09  0.000000e+00  0.000000e+00  2.665447e+10  0.000000e+00  0.000000e+00  4.369230e+09  3.843364e+09  3.478078e+09  3.282447e+09
2.833055e+04  2.960259e+09  0.000000e+00  0.000000e+00  2.662330e+10  0.000000e+00  0.000000e+00  4.364965e+09  3.839679e+09  3.474751e+09  3.279305e+09
2.836096e+04  2.956797e+09  0.000000e+00  0.000000e+00  2.659217e+10  0.000000e+00  0.000000e+00  4.360696e+09  3.835988e+09  3.471417e+09  3.276165e+09
2.839139e+04  2.953338e+09  0.000000e+00  0.000000e+00  2.656106e+10  0.000000e+00  0.000000e+00  4.356435e+09  3.832296e+09  3.468083e+09  3.273008e+09
2.842186e+04  2.949884e+09  0.000000e+00  0.000000e+00  2.652999e+10  0.000000e+00  0.000000e+00  4.352157e+09  3.828602e+09  3.464752e+09  3.269856e+09
2.845237e+04  2.946433e+09  0.000000e+00  0.000000e+00  2.649896e+10  0.000000e+00  0.000000e+00  4.347877e+09  3.824910e+09  3.461411e+09  3.266707e+09
2.848290e+04  2.942986e+09  0.000000e+00  0.000000e+00  2.646796e+10  0.000000e+00  0.000000e+00  4.343618e+09  3.821209e+09  3.458073e+09  3.263545e+09
2.851347e+04  2.939542e+09  0.000000e+00  0.000000e+00  2.643699e+10  0.000000e+00  0.000000e+00  4.339339e+09  3.817502e+09  3.454717e+09  3.260385e+09
2.854407e+04  2.936102e+09  0.000000e+00  0.000000e+00  2.640605e+10  0.000000e+00  0.000000e+00  4.335060e+09  3.813793e+09  3.451368e+09  3.257223e+09
2.857470e+04  2.932666e+09  0.000000e+00  0.000000e+00  2.637515e+10  0.000000e+00  0.000000e+00  4.330768e+09  3.810088e+09  3.448011e+09  3.254058e+09
2.860537e+04  2.929234e+09  0.000000e+00  0.000000e+00  2.634428e+10  0.000000e+00  0.000000e+00  4.326503e+09  3.806381e+09  3.444673e+09  3.250887e+09
2.863607e+04  2.925805e+09  0.000000e+00  0.000000e+00  2.631344e+10  0.000000e+00  0.000000e+00  4.322209e+09  3.802664e+09  3.441315e+09  3.247719e+09
2.866680e+04  2.922380e+09  0.000000e+00  0.000000e+00  2.628264e+10  0.000000e+00  0.000000e+00  4.317931e+09  3.798946e+09  3.437957e+09  3.244545e+09
2.869757e+04  2.918959e+09  0.000000e+00  0.000000e+00  2.625187e+10  0.000000e+00  0.000000e+00  4.313648e+09  3.795229e+09  3.434594e+09  3.241369e+09
2.872837e+04  2.915541e+09  0.000000e+00  0.000000e+00  2.622113e+10  0.000000e+00  0.000000e+00  4.309352e+09  3.791517e+09  3.431229e+09  3.238189e+09
2.875920e+04  2.912127e+09  0.000000e+00  0.000000e+00  2.619042e+10  0.000000e+00  0.000000e+00  4.305058e+09  3.787786e+09  3.427852e+09  3.235003e+09
2.879006e+04  2.908716e+09  0.000000e+00  0.000000e+00  2.615975e+10  0.000000e+00  0.000000e+00  4.300770e+09  3.784060e+09  3.424476e+09  3.231816e+09
2.882096e+04  2.905310e+09  0.000000e+00  0.000000e+00  2.612911e+10  0.000000e+00  0.000000e+00  4.296475e+09  3.780343e+09  3.421112e+09  3.228636e+09
2.885189e+04  2.901907e+09  0.000000e+00  0.000000e+00  2.609851e+10  0.000000e+00  0.000000e+00  4.292186e+09  3.776613e+09  3.417744e+09  3.225444e+09
2.888286e+04  2.898507e+09  0.000000e+00  0.000000e+00  2.606793e+10  0.000000e+00  0.000000e+00  4.287891e+09  3.772876e+09  3.414370e+09  3.222245e+09
2.891385e+04  2.895111e+09  0.000000e+00  0.000000e+00  2.603739e+10  0.000000e+00  0.000000e+00  4.283591e+09  3.769138e+09  3.410990e+09  3.219054e+09
2.894488e+04  2.891719e+09  0.000000e+00  0.000000e+00  2.600689e+10  0.000000e+00  0.000000e+00  4.279290e+09  3.765402e+09  3.407601e+09  3.215858e+09
2.897595e+04  2.888331e+09  0.000000e+00  0.000000e+00  2.597641e+10  0.000000e+00  0.000000e+00  4.274984e+09  3.761662e+09  3.404222e+09  3.212654e+09
2.900704e+04  2.884946e+09  0.000000e+00  0.000000e+00  2.594597e+10  0.000000e+00  0.000000e+00  4.270687e+09  3.757921e+09  3.400823e+09  3.209452e+09
2.903817e+04  2.881565e+09  0.000000e+00  0.000000e+00  2.591556e+10  0.000000e+00  0.000000e+00  4.266382e+09  3.754167e+09  3.397441e+09  3.206247e+09
2.906934e+04  2.878187e+09  0.000000e+00  0.000000e+00  2.588519e+10  0.000000e+00  0.000000e+00  4.262074e+09  3.750429e+09  3.394033e+09  3.203047e+09
2.910054e+04  2.874813e+09  0.000000e+00  0.000000e+00  2.585484e+10  0.000000e+00  0.000000e+00  4.257765e+09  3.746686e+09  3.390652e+09  3.199835e+09
2.913177e+04  2.871443e+09  0.000000e+00  0.000000e+00  2.582453e+10  0.000000e+00  0.000000e+00  4.253468e+09  3.742928e+09  3.387250e+09  3.196614e+09
2.916303e+04  2.868076e+09  0.000000e+00  0.000000e+00  2.579425e+10  0.000000e+00  0.000000e+00  4.249159e+09  3.739181e+09  3.383850e+09  3.193407e+09
2.919433e+04  2.864713e+09  0.000000e+00  0.000000e+00  2.576400e+10  0.000000e+00  0.000000e+00  4.244841e+09  3.735427e+09  3.380453e+09  3.190186e+09
2.922566e+04  2.861354e+09  0.000000e+00  0.000000e+00  2.573379e+10  0.000000e+00  0.000000e+00  4.240530e+09  3.731657e+09  3.377048e+09  3.186965e+09
2.925703e+04  2.857998e+09  0.000000e+00  0.000000e+00  2.570361e+10  0.000000e+00  0.000000e+00  4.236217e+09  3.727913e+09  3.373647e+09  3.183754e+09
2.928843e+04  2.854645e+09  0.000000e+00  0.000000e+00  2.567346e+10  0.000000e+00  0.000000e+00  4.231901e+09  3.724153e+09  3.370223e+09  3.180528e+09
2.931986e+04  2.851297e+09  0.000000e+00  0.000000e+00  2.564334e+10  0.000000e+00  0.000000e+00  4.227595e+09  3.720384e+09  3.366831e+09  3.177298e+09
2.935132e+04  2.847952e+09  0.000000e+00  0.000000e+00  2.561326e+10  0.000000e+00  0.000000e+00  4.223281e+09  3.716624e+09  3.363418e+09  3.174076e+09
2.938282e+04  2.844610e+09  0.000000e+00  0.000000e+00  2.558321e+10  0.000000e+00  0.000000e+00  4.218962e+09  3.712850e+09  3.359986e+09  3.170849e+09
2.941436e+04  2.841272e+09  0.000000e+00  0.000000e+00  2.555319e+10  0.000000e+00  0.000000e+00  4.214638e+09  3.709088e+09  3.356581e+09  3.167612e+09
2.944593e+04  2.837938e+09  0.000000e+00  0.000000e+00  2.552320e+10  0.000000e+00  0.000000e+00  4.210309e+09  3.705305e+09  3.353155e+09  3.164382e+09
2.947753e+04  2.834607e+09  0.000000e+00  0.000000e+00  2.549325e+10  0.000000e+00  0.000000e+00  4.205989e+09  3.701533e+09  3.349742e+09  3.161143e+09
2.950916e+04  2.831280e+09  0.000000e+00  0.000000e+00  2.546332e+10  0.000000e+00  0.000000e+00  4.201676e+09  3.697761e+09  3.346325e+09  3.157900e+09
2.954083e+04  2.827957e+09  0.000000e+00  0.000000e+00  2.543343e+10  0.000000e+00  0.000000e+00  4.197342e+09  3.693994e+09  3.342880e+09  3.154662e+09
2.957254e+04  2.824637e+09  0.000000e+00  0.000000e+00  2.540357e+10  0.000000e+00  0.000000e+00  4.193020e+09  3.690213e+09  3.339460e+09  3.151422e+09
2.960427e+04  2.821320e+09  0.000000e+00  0.000000e+00  2.537375e+10  0.000000e+00  0.000000e+00  4.188690e+09  3.686430e+09  3.336030e+09  3.148173e+09
2.963605e+04  2.818007e+09  0.000000e+00  0.000000e+00  2.534395e+10  0.000000e+00  0.000000e+00  4.184367e+09  3.682640e+09  3.332613e+09  3.144926e+09
2.966785e+04  2.814698e+09  0.000000e+00  0.000000e+00  2.531419e+10  0.000000e+00  0.000000e+00  4.180040e+09  3.678869e+09  3.329175e+09  3.141685e+09
2.969969e+04  2.811392e+09  0.000000e+00  0.000000e+00  2.528446e+10  0.000000e+00  0.000000e+00  4.175709e+09  3.675075e+09  3.325733e+09  3.138427e+09
2.973156e+04  2.808090e+09  0.000000e+00  0.000000e+00  2.525476e+10  0.000000e+00  0.000000e+00  4.171389e+09  3.671289e+09  3.322295e+09  3.135185e+09
2.976347e+04  2.804791e+09  0.000000e+00  0.000000e+00  2.522509e+10  0.000000e+00  0.000000e+00  4.167050e+09  3.667505e+09  3.318867e+09  3.131920e+09
2.979542e+04  2.801496e+09  0.000000e+00  0.000000e+00  2.519546e+10  0.000000e+00  0.000000e+00  4.162727e+09  3.663705e+09  3.315429e+09  3.128667e+09
2.982739e+04  2.798205e+09  0.000000e+00  0.000000e+00  2.516586e+10  0.000000e+00  0.000000e+00  4.158388e+09  3.659922e+09  3.311985e+09  3.125411e+09
2.985940e+04  2.794917e+09  0.000000e+00  0.000000e+00  2.513629e+10  0.000000e+00  0.000000e+00  4.154048e+09  3.656127e+09  3.308536e+09  3.122155e+09
2.989145e+04  2.791632e+09  0.000000e+00  0.000000e+00  2.510675e+10  0.000000e+00  0.000000e+00  4.149726e+09  3.652328e+09  3.305096e+09  3.118886e+09
2.992353e+04  2.788351e+09  0.000000e+00  0.000000e+00  2.507724e+10  0.000000e+00  0.000000e+00  4.145391e+09  3.648541e+09  3.301649e+09  3.115630e+09
2.995564e+04  2.785074e+09  0.000000e+00  0.000000e+00  2.504776e+10  0.000000e+00  0.000000e+00  4.141053e+09  3.644738e+09  3.298196e+09  3.112367e+09
2.998779e+04  2.781800e+09  0.000000e+00  0.000000e+00  2.501832e+10  0.000000e+00  0.000000e+00  4.136717e+09  3.640933e+09  3.294744e+09  3.109102e+09
3.001997e+04  2.778529e+09  0.000000e+00  0.000000e+00  2.498891e+10  0.000000e+00  0.000000e+00  4.132333e+09  3.637112e+09  3.291274e+09  3.105814e+09
3.005219e+04  2.775263e+09  0.000000e+00  0.000000e+00  2.495953e+10  0.000000e+00  0.000000e+00  4.127982e+09  3.633307e+09  3.287832e+09  3.102544e+09
3.008444e+04  2.771999e+09  0.000000e+00  0.000000e+00  2.493018e+10  0.000000e+00  0.000000e+00  4.123646e+09  3.629503e+09  3.284363e+09  3.099273e+09
3.011673e+04  2.768739e+09  0.000000e+00  0.000000e+00  2.490086e+10  0.000000e+00  0.000000e+00  4.119311e+09  3.625697e+09  3.280913e+09  3.096009e+09
3.014905e+04  2.765483e+09  0.000000e+00  0.000000e+00  2.487157e+10  0.000000e+00  0.000000e+00  4.114975e+09  3.621904e+09  3.277448e+09  3.092736e+09
3.018141e+04  2.762230e+09  0.000000e+00  0.000000e+00  2.484232e+10  0.000000e+00  0.000000e+00  4.110628e+09  3.618084e+09  3.273984e+09  3.089451e+09
3.021380e+04  2.758981e+09  0.000000e+00  0.000000e+00  2.481309e+10  0.000000e+00  0.000000e+00  4.106281e+09  3.614272e+09  3.270531e+09  3.086174e+09
3.024622e+04  2.755735e+09  0.000000e+00  0.000000e+00  2.478390e+10  0.000000e+00  0.000000e+00  4.101944e+09  3.610461e+09  3.267067e+09  3.082892e+09
3.027869e+04  2.752492e+09  0.000000e+00  0.000000e+00  2.475474e+10  0.000000e+00  0.000000e+00  4.097596e+09  3.606647e+09  3.263589e+09  3.079614e+09
3.031118e+04  2.749253e+09  0.000000e+00  0.000000e+00  2.472561e+10  0.000000e+00  0.000000e+00  4.093268e+09  3.602844e+09  3.260137e+09  3.076327e+09
3.034371e+04  2.746018e+09  0.000000e+00  0.000000e+00  2.469651e+10  0.000000e+00  0.000000e+00  4.088917e+09  3.599016e+09  3.256656e+09  3.073052e+09
3.037628e+04  2.742786e+09  0.000000e+00  0.000000e+00  2.466745e+10  0.000000e+00  0.000000e+00  4.084569e+09  3.595215e+09  3.253190e+09  3.069765e+09
3.040888e+04  2.739558e+09  0.000000e+00  0.000000e+00  2.463841e+10  0.000000e+00  0.000000e+00  4.080222e+09  3.591393e+09  3.249733e+09  3.066473e+09
3.044151e+04  2.736333e+09  0.000000e+00  0.000000e+00  2.460941e+10  0.000000e+00  0.000000e+00  4.075875e+09  3.587578e+09  3.246249e+09  3.063184e+09
3.047418e+04  2.733111e+09  0.000000e+00  0.000000e+00  2.458043e+10  0.000000e+00  0.000000e+00  4.071531e+09  3.583755e+09  3.242787e+09  3.059900e+09
3.050689e+04  2.729893e+09  0.000000e+00  0.000000e+00  2.455149e+10  0.000000e+00  0.000000e+00  4.067187e+09  3.579936e+09  3.239308e+09  3.056603e+09
3.053963e+04  2.726678e+09  0.000000e+00  0.000000e+00  2.452258e+10  0.000000e+00  0.000000e+00  4.062837e+09  3.576108e+09  3.235829e+09  3.053313e+09
3.057240e+04  2.723467e+09  0.000000e+00  0.000000e+00  2.449370e+10  0.000000e+00  0.000000e+00  4.058502e+09  3.572292e+09  3.232343e+09  3.050019e+09
3.060521e+04  2.720260e+09  0.000000e+00  0.000000e+00  2.446485e+10  0.000000e+00  0.000000e+00  4.054139e+09  3.568456e+09  3.228873e+09  3.046725e+09
3.063806e+04  2.717055e+09  0.000000e+00  0.000000e+00  2.443603e+10  0.000000e+00  0.000000e+00  4.049803e+09  3.564628e+09  3.225386e+09  3.043428e+09
3.067094e+04  2.713855e+09  0.000000e+00  0.000000e+00  2.440725e+10  0.000000e+00  0.000000e+00  4.045457e+09  3.560806e+09  3.221898e+09  3.040130e+09
3.070386e+04  2.710657e+09  0.000000e+00  0.000000e+00  2.437849e+10  0.000000e+00  0.000000e+00  4.041105e+09  3.556976e+09  3.218415e+09  3.036826e+09
3.073681e+04  2.707463e+09  0.000000e+00  0.000000e+00  2.434977e+10  0.000000e+00  0.000000e+00  4.036748e+09  3.553145e+09  3.214949e+09  3.033532e+09
3.076979e+04  2.704273e+09  0.000000e+00  0.000000e+00  2.432107e+10  0.000000e+00  0.000000e+00  4.032398e+09  3.549322e+09  3.211445e+09  3.030223e+09
3.080282e+04  2.701086e+09  0.000000e+00  0.000000e+00  2.429241e+10  0.000000e+00  0.000000e+00  4.028058e+09  3.545491e+09  3.207969e+09  3.026919e+09
3.083587e+04  2.697902e+09  0.000000e+00  0.000000e+00  2.426378e+10  0.000000e+00  0.000000e+00  4.023705e+09  3.541663e+09  3.204488e+09  3.023616e+09
3.086897e+04  2.694722e+09  0.000000e+00  0.000000e+00  2.423518e+10  0.000000e+00  0.000000e+00  4.019357e+09  3.537821e+09  3.200996e+09  3.020313e+09
3.090210e+04  2.691545e+09  0.000000e+00  0.000000e+00  2.420661e+10  0.000000e+00  0.000000e+00  4.015004e+09  3.533984e+09  3.197511e+09  3.017004e+09
3.093526e+04  2.688372e+09  0.000000e+00  0.000000e+00  2.417807e+10  0.000000e+00  0.000000e+00  4.010653e+09  3.530165e+09  3.194021e+09  3.013698e+09
3.096846e+04  2.685202e+09  0.000000e+00  0.000000e+00  2.414956e+10  0.000000e+00  0.000000e+00  4.006304e+09  3.526326e+09  3.190517e+09  3.010391e+09
3.100170e+04  2.682035e+09  0.000000e+00  0.000000e+00  2.412108e+10  0.000000e+00  0.000000e+00  4.001945e+09  3.522480e+09  3.187019e+09  3.007084e+09
3.103497e+04  2.678872e+09  0.000000e+00  0.000000e+00  2.409263e+10  0.000000e+00  0.000000e+00  3.997590e+09  3.518651e+09  3.183541e+09  3.003775e+09
3.106827e+04  2.675712e+09  0.000000e+00  0.000000e+00  2.406421e+10  0.000000e+00  0.000000e+00  3.993252e+09  3.514808e+09  3.180038e+09  3.000459e+09
3.110162e+04  2.672556e+09  0.000000e+00  0.000000e+00  2.403583e+10  0.000000e+00  0.000000e+00  3.988892e+09  3.510973e+09  3.176537e+09  2.997147e+09
3.113500e+04  2.669403e+09  0.000000e+00  0.000000e+00  2.400747e+10  0.000000e+00  0.000000e+00  3.984538e+09  3.507138e+09  3.173034e+09  2.993837e+09
3.116841e+04  2.666253e+09  0.000000e+00  0.000000e+00  2.397914e+10  0.000000e+00  0.000000e+00  3.980189e+09  3.503282e+09  3.169540e+09  2.990514e+09
3.120186e+04  2.663107e+09  0.000000e+00  0.000000e+00  2.395085e+10  0.000000e+00  0.000000e+00  3.975842e+09  3.499443e+09  3.166044e+09  2.987204e+09
3.123535e+04  2.659964e+09  0.000000e+00  0.000000e+00  2.392258e+10  0.000000e+00  0.000000e+00  3.971486e+09  3.495604e+09  3.162549e+09  2.983881e+09
3.126887e+04  2.656825e+09  0.000000e+00  0.000000e+00  2.389435e+10  0.000000e+00  0.000000e+00  3.967130e+09  3.491763e+09  3.159042e+09  2.980569e+09
3.130243e+04  2.653689e+09  0.000000e+00  0.000000e+00  2.386615e+10  0.000000e+00  0.000000e+00  3.962776e+09  3.487919e+09  3.155541e+09  2.977243e+09
3.133602e+04  2.650556e+09  0.000000e+00  0.000000e+00  2.383797e+10  0.000000e+00  0.000000e+00  3.958430e+09  3.484069e+09  3.152051e+09  2.973924e+09
3.136965e+04  2.647427e+09  0.000000e+00  0.000000e+00  2.380983e+10  0.000000e+00  0.000000e+00  3.954070e+09  3.480224e+09  3.148539e+09  2.970609e+09
3.140332e+04  2.644301e+09  0.000000e+00  0.000000e+00  2.378171e+10  0.000000e+00  0.000000e+00  3.949722e+09  3.476387e+09  3.145029e+09  2.967282e+09
3.143702e+04  2.641179e+09  0.000000e+00  0.000000e+00  2.375363e+10  0.000000e+00  0.000000e+00  3.945365e+09  3.472535e+09  3.141526e+09  2.963967e+09
3.147076e+04  2.638059e+09  0.000000e+00  0.000000e+00  2.372558e+10  0.000000e+00  0.000000e+00  3.941018e+09  3.468696e+09  3.138022e+09  2.960641e+09
3.150453e+04  2.634944e+09  0.000000e+00  0.000000e+00  2.369756e+10  0.000000e+00  0.000000e+00  3.936667e+09  3.464853e+09  3.134511e+09  2.957319e+09
3.153834e+04  2.631831e+09  0.000000e+00  0.000000e+00  2.366956e+10  0.000000e+00  0.000000e+00  3.932312e+09  3.460993e+09  3.131011e+09  2.953994e+09
3.157219e+04  2.628722e+09  0.000000e+00  0.000000e+00  2.364160e+10  0.000000e+00  0.000000e+00  3.927953e+09  3.457149e+09  3.127505e+09  2.950657e+09
3.160607e+04  2.625616e+09  0.000000e+00  0.000000e+00  2.361367e+10  0.000000e+00  0.000000e+00  3.923638e+09  3.453323e+09  3.124020e+09  2.947368e+09
3.163929e+04  2.622578e+09  0.000000e+00  0.000000e+00  2.358635e+10  0.000000e+00  0.000000e+00  3.919439e+09  3.449610e+09  3.120635e+09  2.944152e+09
3.167183e+04  2.619608e+09  0.000000e+00  0.000000e+00  2.355964e+10  0.000000e+00  0.000000e+00  3.915249e+09  3.445911e+09  3.117252e+09  2.940957e+09
3.170440e+04  2.616641e+09  0.000000e+00  0.000000e+00  2.353295e+10  0.000000e+00  0.000000e+00  3.911054e+09  3.442205e+09  3.113870e+09  2.937741e+09
3.173701e+04  2.613677e+09  0.000000e+00  0.000000e+00  2.350630e+10  0.000000e+00  0.000000e+00  3.906878e+09  3.438490e+09  3.110488e+09  2.934540e+09
3.176965e+04  2.610716e+09  0.000000e+00  0.000000e+00  2.347967e+10  0.000000e+00  0.000000e+00  3.902686e+09  3.434800e+09  3.107119e+09  2.931340e+09
3.180232e+04  2.607758e+09  0.000000e+00  0.000000e+00  2.345306e+10  0.000000e+00  0.000000e+00  3.898512e+09  3.431090e+09  3.103742e+09  2.928151e+09
3.183503e+04  2.604804e+09  0.000000e+00  0.000000e+00  2.342649e+10  0.000000e+00  0.000000e+00  3.894337e+09  3.427402e+09  3.100379e+09  2.924945e+09
3.186777e+04  2.601852e+09  0.000000e+00  0.000000e+00  2.339994e+10  0.000000e+00  0.000000e+00  3.890165e+09  3.423708e+09  3.097009e+09  2.921753e+09
3.190055e+04  2.598903e+09  0.000000e+00  0.000000e+00  2.337342e+10  0.000000e+00  0.000000e+00  3.885994e+09  3.420001e+09  3.093645e+09  2.918559e+09
3.193335e+04  2.595957e+09  0.000000e+00  0.000000e+00  2.334693e+10  0.000000e+00  0.000000e+00  3.881816e+09  3.416323e+09  3.090277e+09  2.915367e+09
3.196620e+04  2.593015e+09  0.000000e+00  0.000000e+00  2.332047e+10  0.000000e+00  0.000000e+00  3.877658e+09  3.412625e+09  3.086896e+09  2.912173e+09
3.199907e+04  2.590075e+09  0.000000e+00  0.000000e+00  2.329403e+10  0.000000e+00  0.000000e+00  3.873485e+09  3.408923e+09  3.083535e+09  2.908979e+09
3.203198e+04  2.587138e+09  0.000000e+00  0.000000e+00  2.326762e+10  0.000000e+00  0.000000e+00  3.869322e+09  3.405234e+09  3.080161e+09  2.905785e+09
3.206493e+04  2.584205e+09  0.000000e+00  0.000000e+00  2.324123e+10  0.000000e+00  0.000000e+00  3.865154e+09  3.401536e+09  3.076783e+09  2.902580e+09
3.209790e+04  2.581274e+09  0.000000e+00  0.000000e+00  2.321488e+10  0.000000e+00  0.000000e+00  3.860986e+09  3.397842e+09  3.073425e+09  2.899387e+09
3.213092e+04  2.578347e+09  0.000000e+00  0.000000e+00  2.318855e+10  0.000000e+00  0.000000e+00  3.856822e+09  3.394159e+09  3.070048e+09  2.896193e+09
3.216396e+04  2.575422e+09  0.000000e+00  0.000000e+00  2.316225e+10  0.000000e+00  0.000000e+00  3.852652e+09  3.390452e+09  3.066671e+09  2.892997e+09
3.219704e+04  2.572501e+09  0.000000e+00  0.000000e+00  2.313597e+10  0.000000e+00  0.000000e+00  3.848486e+09  3.386771e+09  3.063317e+09  2.889795e+09
3.223016e+04  2.569582e+09  0.000000e+00  0.000000e+00  2.310973e+10  0.000000e+00  0.000000e+00  3.844327e+09  3.383079e+09  3.059932e+09  2.886605e+09
3.226330e+04  2.566667e+09  0.000000e+00  0.000000e+00  2.308351e+10  0.000000e+00  0.000000e+00  3.840151e+09  3.379380e+09  3.056560e+09  2.883401e+09
3.229648e+04  2.563755e+09  0.000000e+00  0.000000e+00  2.305731e+10  0.000000e+00  0.000000e+00  3.835998e+09  3.375691e+09  3.053189e+09  2.880205e+09
3.232970e+04  2.560845e+09  0.000000e+00  0.000000e+00  2.303115e+10  0.000000e+00  0.000000e+00  3.831826e+09  3.371982e+09  3.049818e+09  2.877007e+09
3.236295e+04  2.557939e+09  0.000000e+00  0.000000e+00  2.300501e+10  0.000000e+00  0.000000e+00  3.827662e+09  3.368302e+09  3.046449e+09  2.873810e+09
3.239623e+04  2.555035e+09  0.000000e+00  0.000000e+00  2.297889e+10  0.000000e+00  0.000000e+00  3.823499e+09  3.364606e+09  3.043074e+09  2.870612e+09
3.242955e+04  2.552135e+09  0.000000e+00  0.000000e+00  2.295281e+10  0.000000e+00  0.000000e+00  3.819339e+09  3.360912e+09  3.039705e+09  2.867407e+09
3.246291e+04  2.549237e+09  0.000000e+00  0.000000e+00  2.292675e+10  0.000000e+00  0.000000e+00  3.815179e+09  3.357203e+09  3.036340e+09  2.864211e+09
3.249629e+04  2.546343e+09  0.000000e+00  0.000000e+00  2.290072e+10  0.000000e+00  0.000000e+00  3.811021e+09  3.353522e+09  3.032966e+09  2.861015e+09
3.252971e+04  2.543451e+09  0.000000e+00  0.000000e+00  2.287472e+10  0.000000e+00  0.000000e+00  3.806854e+09  3.349827e+09  3.029585e+09  2.857807e+09
3.256317e+04  2.540563e+09  0.000000e+00  0.000000e+00  2.284874e+10  0.000000e+00  0.000000e+00  3.802691e+09  3.346130e+09  3.026206e+09  2.854615e+09
3.259666e+04  2.537677e+09  0.000000e+00  0.000000e+00  2.282279e+10  0.000000e+00  0.000000e+00  3.798541e+09  3.342424e+09  3.022832e+09  2.851414e+09
3.263019e+04  2.534795e+09  0.000000e+00  0.000000e+00  2.279686e+10  0.000000e+00  0.000000e+00  3.794374e+09  3.338737e+09  3.019468e+09  2.848209e+09
3.266374e+04  2.531915e+09  0.000000e+00  0.000000e+00  2.277096e+10  0.000000e+00  0.000000e+00  3.790224e+09  3.335049e+09  3.016090e+09  2.845004e+09
3.269734e+04  2.529039e+09  0.000000e+00  0.000000e+00  2.274509e+10  0.000000e+00  0.000000e+00  3.786059e+09  3.331350e+09  3.012721e+09  2.841809e+09
3.273097e+04  2.526165e+09  0.000000e+00  0.000000e+00  2.271925e+10  0.000000e+00  0.000000e+00  3.781903e+09  3.327656e+09  3.009340e+09  2.838605e+09
3.276463e+04  2.523295e+09  0.000000e+00  0.000000e+00  2.269343e+10  0.000000e+00  0.000000e+00  3.777747e+09  3.323963e+09  3.005968e+09  2.835405e+09
3.279833e+04  2.520427e+09  0.000000e+00  0.000000e+00  2.266764e+10  0.000000e+00  0.000000e+00  3.773597e+09  3.320268e+09  3.002587e+09  2.832205e+09
3.283206e+04  2.517562e+09  0.000000e+00  0.000000e+00  2.264188e+10  0.000000e+00  0.000000e+00  3.769440e+09  3.316567e+09  2.999207e+09  2.829008e+09
3.286583e+04  2.514700e+09  0.000000e+00  0.000000e+00  2.261614e+10  0.000000e+00  0.000000e+00  3.765291e+09  3.312874e+09  2.995847e+09  2.825807e+09
3.289963e+04  2.511842e+09  0.000000e+00  0.000000e+00  2.259043e+10  0.000000e+00  0.000000e+00  3.761127e+09  3.309173e+09  2.992473e+09  2.822597e+09
3.293346e+04  2.508986e+09  0.000000e+00  0.000000e+00  2.256475e+10  0.000000e+00  0.000000e+00  3.756977e+09  3.305482e+09  2.989084e+09  2.819401e+09
3.296733e+04  2.506133e+09  0.000000e+00  0.000000e+00  2.253909e+10  0.000000e+00  0.000000e+00  3.752827e+09  3.301797e+09  2.985712e+09  2.816201e+09
3.300124e+04  2.503283e+09  0.000000e+00  0.000000e+00  2.251346e+10  0.000000e+00  0.000000e+00  3.748672e+09  3.298095e+09  2.982338e+09  2.812990e+09
3.303518e+04  2.500436e+09  0.000000e+00  0.000000e+00  2.248785e+10  0.000000e+00  0.000000e+00  3.744521e+09  3.294404e+09  2.978966e+09  2.809788e+09
3.306916e+04  2.497592e+09  0.000000e+00  0.000000e+00  2.246227e+10  0.000000e+00  0.000000e+00  3.740380e+09  3.290713e+09  2.975587e+09  2.806592e+09
3.310317e+04  2.494751e+09  0.000000e+00  0.000000e+00  2.243672e+10  0.000000e+00  0.000000e+00  3.736221e+09  3.287017e+09  2.972225e+09  2.803391e+09
3.313721e+04  2.491912e+09  0.000000e+00  0.000000e+00  2.241119e+10  0.000000e+00  0.000000e+00  3.732071e+09  3.283333e+09  2.968838e+09  2.800189e+09
3.317129e+04  2.489077e+09  0.000000e+00  0.000000e+00  2.238570e+10  0.000000e+00  0.000000e+00  3.727924e+09  3.279637e+09  2.965481e+09  2.796989e+09
3.320541e+04  2.486245e+09  0.000000e+00  0.000000e+00  2.236022e+10  0.000000e+00  0.000000e+00  3.723780e+09  3.275938e+09  2.962102e+09  2.793787e+09
3.323956e+04  2.483415e+09  0.000000e+00  0.000000e+00  2.233478e+10  0.000000e+00  0.000000e+00  3.719630e+09  3.272247e+09  2.958723e+09  2.790588e+09
3.327374e+04  2.480589e+09  0.000000e+00  0.000000e+00  2.230936e+10  0.000000e+00  0.000000e+00  3.715491e+09  3.268554e+09  2.955356e+09  2.787376e+09
3.330797e+04  2.477765e+09  0.000000e+00  0.000000e+00  2.228396e+10  0.000000e+00  0.000000e+00  3.711350e+09  3.264876e+09  2.951971e+09  2.784179e+09
3.334222e+04  2.474945e+09  0.000000e+00  0.000000e+00  2.225859e+10  0.000000e+00  0.000000e+00  3.707202e+09  3.261186e+09  2.948610e+09  2.780974e+09
3.337651e+04  2.472127e+09  0.000000e+00  0.000000e+00  2.223325e+10  0.000000e+00  0.000000e+00  3.703051e+09  3.257489e+09  2.945234e+09  2.777777e+09
3.341084e+04  2.469312e+09  0.000000e+00  0.000000e+00  2.220794e+10  0.000000e+00  0.000000e+00  3.698919e+09  3.253790e+09  2.941855e+09  2.774577e+09
3.344520e+04  2.466500e+09  0.000000e+00  0.000000e+00  2.218265e+10  0.000000e+00  0.000000e+00  3.694781e+09  3.250102e+09  2.938480e+09  2.771376e+09
3.347960e+04  2.463691e+09  0.000000e+00  0.000000e+00  2.215738e+10  0.000000e+00  0.000000e+00  3.690638e+09  3.246412e+09  2.935112e+09  2.768179e+09
3.351403e+04  2.460885e+09  0.000000e+00  0.000000e+00  2.213215e+10  0.000000e+00  0.000000e+00  3.686497e+09  3.242725e+09  2.931745e+09  2.764972e+09
3.354850e+04  2.458082e+09  0.000000e+00  0.000000e+00  2.210694e+10  0.000000e+00  0.000000e+00  3.682359e+09  3.239037e+09  2.928361e+09  2.761768e+09
3.358300e+04  2.455281e+09  0.000000e+00  0.000000e+00  2.208175e+10  0.000000e+00  0.000000e+00  3.678215e+09  3.235350e+09  2.924990e+09  2.758576e+09
3.361754e+04  2.452484e+09  0.000000e+00  0.000000e+00  2.205659e+10  0.000000e+00  0.000000e+00  3.674084e+09  3.231666e+09  2.921618e+09  2.755379e+09
3.365212e+04  2.449689e+09  0.000000e+00  0.000000e+00  2.203146e+10  0.000000e+00  0.000000e+00  3.669953e+09  3.227984e+09  2.918243e+09  2.752178e+09
3.368673e+04  2.446898e+09  0.000000e+00  0.000000e+00  2.200635e+10  0.000000e+00  0.000000e+00  3.665820e+09  3.224286e+09  2.914871e+09  2.748969e+09
3.372137e+04  2.444109e+09  0.000000e+00  0.000000e+00  2.198127e+10  0.000000e+00  0.000000e+00  3.661677e+09  3.220603e+09  2.911498e+09  2.745778e+09
3.375605e+04  2.441323e+09  0.000000e+00  0.000000e+00  2.195621e+10  0.000000e+00  0.000000e+00  3.657556e+09  3.216926e+09  2.908131e+09  2.742579e+09
3.379077e+04  2.438540e+09  0.000000e+00  0.000000e+00  2.193118e+10  0.000000e+00  0.000000e+00  3.653410e+09  3.213230e+09  2.904776e+09  2.739371e+09
3.382552e+04  2.435760e+09  0.000000e+00  0.000000e+00  2.190618e+10  0.000000e+00  0.000000e+00  3.649283e+09  3.209557e+09  2.901401e+09  2.736176e+09
3.386031e+04  2.432982e+09  0.000000e+00  0.000000e+00  2.188120e+10  0.000000e+00  0.000000e+00  3.645164e+09  3.205861e+09  2.898037e+09  2.732978e+09
3.389514e+04  2.430208e+09  0.000000e+00  0.000000e+00  2.185625e+10  0.000000e+00  0.000000e+00  3.641024e+09  3.202179e+09  2.894652e+09  2.729782e+09
3.393000e+04  2.427436e+09  0.000000e+00  0.000000e+00  2.183133e+10  0.000000e+00  0.000000e+00  3.636895e+09  3.198501e+09  2.891288e+09  2.726589e+09
3.396489e+04  2.424668e+09  0.000000e+00  0.000000e+00  2.180642e+10  0.000000e+00  0.000000e+00  3.632779e+09  3.194816e+09  2.887921e+09  2.723386e+09
3.399983e+04  2.421902e+09  0.000000e+00  0.000000e+00  2.178155e+10  0.000000e+00  0.000000e+00  3.628658e+09  3.191138e+09  2.884560e+09  2.720188e+09
3.403479e+04  2.419139e+09  0.000000e+00  0.000000e+00  2.175670e+10  0.000000e+00  0.000000e+00  3.624528e+09  3.187453e+09  2.881183e+09  2.716990e+09
3.406980e+04  2.416379e+09  0.000000e+00  0.000000e+00  2.173188e+10  0.000000e+00  0.000000e+00  3.620401e+09  3.183778e+09  2.877826e+09  2.713803e+09
3.410484e+04  2.413622e+09  0.000000e+00  0.000000e+00  2.170708e+10  0.000000e+00  0.000000e+00  3.616282e+09  3.180086e+09  2.874449e+09  2.710606e+09
3.413991e+04  2.410867e+09  0.000000e+00  0.000000e+00  2.168231e+10  0.000000e+00  0.000000e+00  3.612163e+09  3.176419e+09  2.871091e+09  2.707406e+09
3.417502e+04  2.408116e+09  0.000000e+00  0.000000e+00  2.165756e+10  0.000000e+00  0.000000e+00  3.608039e+09  3.172743e+09  2.867725e+09  2.704216e+09
3.421017e+04  2.405367e+09  0.000000e+00  0.000000e+00  2.163284e+10  0.000000e+00  0.000000e+00  3.603927e+09  3.169061e+09  2.864355e+09  2.701014e+09
3.424536e+04  2.402621e+09  0.000000e+00  0.000000e+00  2.160815e+10  0.000000e+00  0.000000e+00  3.599814e+09  3.165378e+09  2.860989e+09  2.697828e+09
3.428058e+04  2.399878e+09  0.000000e+00  0.000000e+00  2.158348e+10  0.000000e+00  0.000000e+00  3.595689e+09  3.161701e+09  2.857621e+09  2.694633e+09
3.431583e+04  2.397138e+09  0.000000e+00  0.000000e+00  2.155883e+10  0.000000e+00  0.000000e+00  3.591570e+09  3.158022e+09  2.854260e+09  2.691433e+09
3.435113e+04  2.394400e+09  0.000000e+00  0.000000e+00  2.153421e+10  0.000000e+00  0.000000e+00  3.587464e+09  3.154351e+09  2.850898e+09  2.688246e+09
3.438645e+04  2.391666e+09  0.000000e+00  0.000000e+00  2.150962e+10  0.000000e+00  0.000000e+00  3.583348e+09  3.150678e+09  2.847542e+09  2.685050e+09
3.442182e+04  2.388934e+09  0.000000e+00  0.000000e+00  2.148505e+10  0.000000e+00  0.000000e+00  3.579243e+09  3.147007e+09  2.844178e+09  2.681861e+09
3.445722e+04  2.386205e+09  0.000000e+00  0.000000e+00  2.146051e+10  0.000000e+00  0.000000e+00  3.575122e+09  3.143328e+09  2.840814e+09  2.678667e+09
3.449266e+04  2.383479e+09  0.000000e+00  0.000000e+00  2.143599e+10  0.000000e+00  0.000000e+00  3.571013e+09  3.139658e+09  2.837455e+09  2.675473e+09
3.452813e+04  2.380756e+09  0.000000e+00  0.000000e+00  2.141150e+10  0.000000e+00  0.000000e+00  3.566910e+09  3.135977e+09  2.834100e+09  2.672290e+09
3.456365e+04  2.378035e+09  0.000000e+00  0.000000e+00  2.138703e+10  0.000000e+00  0.000000e+00  3.562807e+09  3.132317e+09  2.830730e+09  2.669101e+09
3.459919e+04  2.375318e+09  0.000000e+00  0.000000e+00  2.136259e+10  0.000000e+00  0.000000e+00  3.558706e+09  3.128644e+09  2.827378e+09  2.665905e+09
3.463478e+04  2.372603e+09  0.000000e+00  0.000000e+00  2.133818e+10  0.000000e+00  0.000000e+00  3.554599e+09  3.124967e+09  2.824008e+09  2.662720e+09
3.467040e+04  2.369891e+09  0.000000e+00  0.000000e+00  2.131379e+10  0.000000e+00  0.000000e+00  3.550501e+09  3.121306e+09  2.820658e+09  2.659535e+09
3.470606e+04  2.367182e+09  0.000000e+00  0.000000e+00  2.128942e+10  0.000000e+00  0.000000e+00  3.546401e+09  3.117632e+09  2.817292e+09  2.656347e+09
3.474175e+04  2.364475e+09  0.000000e+00  0.000000e+00  2.126508e+10  0.000000e+00  0.000000e+00  3.542290e+09  3.113975e+09  2.813935e+09  2.653156e+09
3.477748e+04  2.361772e+09  0.000000e+00  0.000000e+00  2.124076e+10  0.000000e+00  0.000000e+00  3.538203e+09  3.110310e+09  2.810597e+09  2.649977e+09
3.481325e+04  2.359071e+09  0.000000e+00  0.000000e+00  2.121647e+10  0.000000e+00  0.000000e+00  3.534093e+09  3.106646e+09  2.807224e+09  2.646792e+09
3.484905e+04  2.356373e+09  0.000000e+00  0.000000e+00  2.119221e+10  0.000000e+00  0.000000e+00  3.529999e+09  3.102973e+09  2.803877e+09  2.643608e+09
3.488489e+04  2.353678e+09  0.000000e+00  0.000000e+00  2.116797e+10  0.000000e+00  0.000000e+00  3.525915e+09  3.099313e+09  2.800517e+09  2.640424e+09
3.492077e+04  2.350985e+09  0.000000e+00  0.000000e+00  2.114376e+10  0.000000e+00  0.000000e+00  3.521819e+09  3.095647e+09  2.797182e+09  2.637235e+09
3.495669e+04  2.348295e+09  0.000000e+00  0.000000e+00  2.111957e+10  0.000000e+00  0.000000e+00  3.517722e+09  3.091985e+09  2.793824e+09  2.634054e+09
3.499264e+04  2.345609e+09  0.000000e+00  0.000000e+00  2.109540e+10  0.000000e+00  0.000000e+00  3.513628e+09  3.088332e+09  2.790468e+09  2.630867e+09
3.502863e+04  2.342924e+09  0.000000e+00  0.000000e+00  2.107126e+10  0.000000e+00  0.000000e+00  3.509550e+09  3.084671e+09  2.787125e+09  2.627692e+09
3.506465e+04  2.340243e+09  0.000000e+00  0.000000e+00  2.104715e+10  0.000000e+00  0.000000e+00  3.505456e+09  3.081003e+09  2.783765e+09  2.624511e+09
3.510072e+04  2.337565e+09  0.000000e+00  0.000000e+00  2.102306e+10  0.000000e+00  0.000000e+00  3.501377e+09  3.077355e+09  2.780413e+09  2.621328e+09
3.513682e+04  2.334889e+09  0.000000e+00  0.000000e+00  2.099899e+10  0.000000e+00  0.000000e+00  3.497281e+09  3.073699e+09  2.777068e+09  2.618153e+09
3.517295e+04  2.332216e+09  0.000000e+00  0.000000e+00  2.097495e+10  0.000000e+00  0.000000e+00  3.493198e+09  3.070040e+09  2.773724e+09  2.614968e+09
3.520913e+04  2.329545e+09  0.000000e+00  0.000000e+00  2.095094e+10  0.000000e+00  0.000000e+00  3.489126e+09  3.066382e+09  2.770373e+09  2.611798e+09
3.524534e+04  2.326878e+09  0.000000e+00  0.000000e+00  2.092695e+10  0.000000e+00  0.000000e+00  3.485049e+09  3.062730e+09  2.767035e+09  2.608616e+09
3.528159e+04  2.324213e+09  0.000000e+00  0.000000e+00  2.090298e+10  0.000000e+00  0.000000e+00  3.480933e+09  3.059070e+09  2.763689e+09  2.605434e+09
3.531787e+04  2.321551e+09  0.000000e+00  0.000000e+00  2.087904e+10  0.000000e+00  0.000000e+00  3.476852e+09  3.055424e+09  2.760337e+09  2.602266e+09
3.535420e+04  2.318892e+09  0.000000e+00  0.000000e+00  2.085512e+10  0.000000e+00  0.000000e+00  3.472781e+09  3.051766e+09  2.756993e+09  2.599091e+09
3.539056e+04  2.316236e+09  0.000000e+00  0.000000e+00  2.083123e+10  0.000000e+00  0.000000e+00  3.468702e+09  3.048125e+09  2.753660e+09  2.595914e+09
3.542696e+04  2.313582e+09  0.000000e+00  0.000000e+00  2.080737e+10  0.000000e+00  0.000000e+00  3.464630e+09  3.044470e+09  2.750317e+09  2.592739e+09
3.546339e+04  2.310931e+09  0.000000e+00  0.000000e+00  2.078352e+10  0.000000e+00  0.000000e+00  3.460568e+09  3.040818e+09  2.746980e+09  2.589575e+09
3.549986e+04  2.308283e+09  0.000000e+00  0.000000e+00  2.075971e+10  0.000000e+00  0.000000e+00  3.456493e+09  3.037182e+09  2.743635e+09  2.586397e+09
3.553637e+04  2.305637e+09  0.000000e+00  0.000000e+00  2.073592e+10  0.000000e+00  0.000000e+00  3.452426e+09  3.033532e+09  2.740299e+09  2.583233e+09
3.557292e+04  2.302994e+09  0.000000e+00  0.000000e+00  2.071215e+10  0.000000e+00  0.000000e+00  3.448367e+09  3.029888e+09  2.736959e+09  2.580055e+09
3.560951e+04  2.300354e+09  0.000000e+00  0.000000e+00  2.068840e+10  0.000000e+00  0.000000e+00  3.444301e+09  3.026239e+09  2.733624e+09  2.576894e+09
3.564613e+04  2.297717e+09  0.000000e+00  0.000000e+00  2.066469e+10  0.000000e+00  0.000000e+00  3.440230e+09  3.022596e+09  2.730288e+09  2.573726e+09
3.568279e+04  2.295082e+09  0.000000e+00  0.000000e+00  2.064099e+10  0.000000e+00  0.000000e+00  3.436178e+09  3.018967e+09  2.726958e+09  2.570559e+09
3.571949e+04  2.292451e+09  0.000000e+00  0.000000e+00  2.061732e+10  0.000000e+00  0.000000e+00  3.432118e+09  3.015325e+09  2.723621e+09  2.567394e+09
3.575623e+04  2.289822e+09  0.000000e+00  0.000000e+00  2.059368e+10  0.000000e+00  0.000000e+00  3.428058e+09  3.011679e+09  2.720282e+09  2.564226e+09
3.579300e+04  2.287195e+09  0.000000e+00  0.000000e+00  2.057006e+10  0.000000e+00  0.000000e+00  3.423997e+09  3.008054e+09  2.716956e+09  2.561058e+09
3.582981e+04  2.284571e+09  0.000000e+00  0.000000e+00  2.054646e+10  0.000000e+00  0.000000e+00  3.419943e+09  3.004417e+09  2.713612e+09  2.557895e+09
3.586666e+04  2.281950e+09  0.000000e+00  0.000000e+00  2.052289e+10  0.000000e+00  0.000000e+00  3.415889e+09  3.000785e+09  2.710292e+09  2.554733e+09
3.590355e+04  2.279332e+09  0.000000e+00  0.000000e+00  2.049934e+10  0.000000e+00  0.000000e+00  3.411839e+09  2.997144e+09  2.706960e+09  2.551577e+09
3.594048e+04  2.276717e+09  0.000000e+00  0.000000e+00  2.047582e+10  0.000000e+00  0.000000e+00  3.407791e+09  2.993511e+09  2.703630e+09  2.548420e+09
3.597744e+04  2.274104e+09  0.000000e+00  0.000000e+00  2.045232e+10  0.000000e+00  0.000000e+00  3.403742e+09  2.989878e+09  2.700301e+09  2.545256e+09
3.601444e+04  2.271494e+09  0.000000e+00  0.000000e+00  2.042884e+10  0.000000e+00  0.000000e+00  3.399683e+09  2.986245e+09  2.696987e+09  2.542104e+09
3.605148e+04  2.268886e+09  0.000000e+00  0.000000e+00  2.040539e+10  0.000000e+00  0.000000e+00  3.395641e+09  2.982621e+09  2.693658e+09  2.538941e+09
3.608856e+04  2.266282e+09  0.000000e+00  0.000000e+00  2.038197e+10  0.000000e+00  0.000000e+00  3.391594e+09  2.978990e+09  2.690341e+09  2.535790e+09
3.612568e+04  2.263679e+09  0.000000e+00  0.000000e+00  2.035857e+10  0.000000e+00  0.000000e+00  3.387562e+09  2.975373e+09  2.687014e+09  2.532630e+09
3.616283e+04  2.261080e+09  0.000000e+00  0.000000e+00  2.033519e+10  0.000000e+00  0.000000e+00  3.383515e+09  2.971740e+09  2.683687e+09  2.529476e+09
3.620002e+04  2.258483e+09  0.000000e+00  0.000000e+00  2.031184e+10  0.000000e+00  0.000000e+00  3.379479e+09  2.968126e+09  2.680376e+09  2.526328e+09
3.623725e+04  2.255890e+09  0.000000e+00  0.000000e+00  2.028851e+10  0.000000e+00  0.000000e+00  3.375436e+09  2.964506e+09  2.677057e+09  2.523169e+09
3.627452e+04  2.253298e+09  0.000000e+00  0.000000e+00  2.026520e+10  0.000000e+00  0.000000e+00  3.371415e+09  2.960878e+09  2.673729e+09  2.520023e+09
3.631183e+04  2.250710e+09  0.000000e+00  0.000000e+00  2.024192e+10  0.000000e+00  0.000000e+00  3.367372e+09  2.957263e+09  2.670425e+09  2.516877e+09
3.634917e+04  2.248124e+09  0.000000e+00  0.000000e+00  2.021866e+10  0.000000e+00  0.000000e+00  3.363337e+09  2.953634e+09  2.667106e+09  2.513723e+09
3.638656e+04  2.245540e+09  0.000000e+00  0.000000e+00  2.019543e+10  0.000000e+00  0.000000e+00  3.359319e+09  2.950030e+09  2.663798e+09  2.510576e+09
3.642398e+04  2.242960e+09  0.000000e+00  0.000000e+00  2.017222e+10  0.000000e+00  0.000000e+00  3.355292e+09  2.946410e+09  2.660471e+09  2.507429e+09
3.646144e+04  2.240382e+09  0.000000e+00  0.000000e+00  2.014904e+10  0.000000e+00  0.000000e+00  3.351259e+09  2.942798e+09  2.657163e+09  2.504279e+09
3.649894e+04  2.237807e+09  0.000000e+00  0.000000e+00  2.012588e+10  0.000000e+00  0.000000e+00  3.347241e+09  2.939188e+09  2.653848e+09  2.501137e+09
3.653648e+04  2.235234e+09  0.000000e+00  0.000000e+00  2.010274e+10  0.000000e+00  0.000000e+00  3.343209e+09  2.935568e+09  2.650545e+09  2.497993e+09
3.657406e+04  2.232664e+09  0.000000e+00  0.000000e+00  2.007963e+10  0.000000e+00  0.000000e+00  3.339189e+09  2.931952e+09  2.647231e+09  2.494856e+09
3.661167e+04  2.230097e+09  0.000000e+00  0.000000e+00  2.005654e+10  0.000000e+00  0.000000e+00  3.335168e+09  2.928345e+09  2.643926e+09  2.491713e+09
3.664932e+04  2.227533e+09  0.000000e+00  0.000000e+00  2.003348e+10  0.000000e+00  0.000000e+00  3.331153e+09  2.924738e+09  2.640621e+09  2.488575e+09
3.668702e+04  2.224971e+09  0.000000e+00  0.000000e+00  2.001043e+10  0.000000e+00  0.000000e+00  3.327143e+09  2.921142e+09  2.637317e+09  2.485432e+09
3.672475e+04  2.222411e+09  0.000000e+00  0.000000e+00  1.998742e+10  0.000000e+00  0.000000e+00  3.323127e+09  2.917539e+09  2.634008e+09  2.482303e+09
3.676252e+04  2.219855e+09  0.000000e+00  0.000000e+00  1.996442e+10  0.000000e+00  0.000000e+00  3.319112e+09  2.913927e+09  2.630715e+09  2.479167e+09
3.680033e+04  2.217301e+09  0.000000e+00  0.000000e+00  1.994146e+10  0.000000e+00  0.000000e+00  3.315106e+09  2.910327e+09  2.627410e+09  2.476025e+09
3.683818e+04  2.214749e+09  0.000000e+00  0.000000e+00  1.991851e+10  0.000000e+00  0.000000e+00  3.311093e+09  2.906734e+09  2.624106e+09  2.472889e+09
3.687606e+04  2.212201e+09  0.000000e+00  0.000000e+00  1.989559e+10  0.000000e+00  0.000000e+00  3.307090e+09  2.903138e+09  2.620821e+09  2.469761e+09
3.691399e+04  2.209655e+09  0.000000e+00  0.000000e+00  1.987269e+10  0.000000e+00  0.000000e+00  3.303084e+09  2.899527e+09  2.617510e+09  2.466632e+09
3.695195e+04  2.207111e+09  0.000000e+00  0.000000e+00  1.984982e+10  0.000000e+00  0.000000e+00  3.299085e+09  2.895940e+09  2.614214e+09  2.463502e+09
3.698996e+04  2.204570e+09  0.000000e+00  0.000000e+00  1.982696e+10  0.000000e+00  0.000000e+00  3.295086e+09  2.892344e+09  2.610919e+09  2.460367e+09
3.702800e+04  2.202032e+09  0.000000e+00  0.000000e+00  1.980414e+10  0.000000e+00  0.000000e+00  3.291083e+09  2.888746e+09  2.607628e+09  2.457241e+09
3.706608e+04  2.199497e+09  0.000000e+00  0.000000e+00  1.978133e+10  0.000000e+00  0.000000e+00  3.287082e+09  2.885155e+09  2.604337e+09  2.454111e+09
3.710420e+04  2.196964e+09  0.000000e+00  0.000000e+00  1.975855e+10  0.000000e+00  0.000000e+00  3.283097e+09  2.881568e+09  2.601056e+09  2.450987e+09
3.714236e+04  2.194434e+09  0.000000e+00  0.000000e+00  1.973580e+10  0.000000e+00  0.000000e+00  3.279099e+09  2.877985e+09  2.597758e+09  2.447863e+09
3.718056e+04  2.191906e+09  0.000000e+00  0.000000e+00  1.971307e+10  0.000000e+00  0.000000e+00  3.275114e+09  2.874390e+09  2.594470e+09  2.444746e+09
3.721880e+04  2.189381e+09  0.000000e+00  0.000000e+00  1.969036e+10  0.000000e+00  0.000000e+00  3.271115e+09  2.870813e+09  2.591188e+09  2.441624e+09
3.725708e+04  2.186859e+09  0.000000e+00  0.000000e+00  1.966767e+10  0.000000e+00  0.000000e+00  3.267135e+09  2.867232e+09  2.587907e+09  2.438499e+09
3.729540e+04  2.184339e+09  0.000000e+00  0.000000e+00  1.964501e+10  0.000000e+00  0.000000e+00  3.263149e+09  2.863646e+09  2.584622e+09  2.435387e+09
3.733376e+04  2.181822e+09  0.000000e+00  0.000000e+00  1.962237e+10  0.000000e+00  0.000000e+00  3.259169e+09  2.860066e+09  2.581334e+09  2.432267e+09
3.737215e+04  2.179307e+09  0.000000e+00  0.000000e+00  1.959976e+10  0.000000e+00  0.000000e+00  3.255189e+09  2.856486e+09  2.578055e+09  2.429153e+09
3.741059e+04  2.176795e+09  0.000000e+00  0.000000e+00  1.957716e+10  0.000000e+00  0.000000e+00  3.251198e+09  2.852908e+09  2.574790e+09  2.426036e+09
3.744906e+04  2.174286e+09  0.000000e+00  0.000000e+00  1.955460e+10  0.000000e+00  0.000000e+00  3.247233e+09  2.849343e+09  2.571510e+09  2.422929e+09
3.748758e+04  2.171779e+09  0.000000e+00  0.000000e+00  1.953205e+10  0.000000e+00  0.000000e+00  3.243256e+09  2.845752e+09  2.568225e+09  2.419817e+09
3.752613e+04  2.169275e+09  0.000000e+00  0.000000e+00  1.950953e+10  0.000000e+00  0.000000e+00  3.239275e+09  2.842191e+09  2.564947e+09  2.416697e+09
3.756473e+04  2.166773e+09  0.000000e+00  0.000000e+00  1.948703e+10  0.000000e+00  0.000000e+00  3.235320e+09  2.838627e+09  2.561689e+09  2.413603e+09
3.760291e+04  2.164303e+09  0.000000e+00  0.000000e+00  1.946482e+10  0.000000e+00  0.000000e+00  3.231426e+09  2.835114e+09  2.558475e+09  2.410554e+09
3.764069e+04  2.161865e+09  0.000000e+00  0.000000e+00  1.944289e+10  0.000000e+00  0.000000e+00  3.227543e+09  2.831629e+09  2.555276e+09  2.407509e+09
3.767850e+04  2.159429e+09  0.000000e+00  0.000000e+00  1.942098e+10  0.000000e+00  0.000000e+00  3.223662e+09  2.828137e+09  2.552077e+09  2.404474e+09
3.771635e+04  2.156995e+09  0.000000e+00  0.000000e+00  1.939910e+10  0.000000e+00  0.000000e+00  3.219786e+09  2.824655e+09  2.548875e+09  2.401437e+09
3.775424e+04  2.154565e+09  0.000000e+00  0.000000e+00  1.937723e+10  0.000000e+00  0.000000e+00  3.215901e+09  2.821175e+09  2.545681e+09  2.398397e+09
3.779216e+04  2.152136e+09  0.000000e+00  0.000000e+00  1.935539e+10  0.000000e+00  0.000000e+00  3.212033e+09  2.817692e+09  2.542495e+09  2.395364e+09
3.783012e+04  2.149710e+09  0.000000e+00  0.000000e+00  1.933357e+10  0.000000e+00  0.000000e+00  3.208166e+09  2.814212e+09  2.539300e+09  2.392344e+09
3.786813e+04  2.147286e+09  0.000000e+00  0.000000e+00  1.931178e+10  0.000000e+00  0.000000e+00  3.204301e+09  2.810741e+09  2.536116e+09  2.389308e+09
3.790617e+04  2.144865e+09  0.000000e+00  0.000000e+00  1.929000e+10  0.000000e+00  0.000000e+00  3.200441e+09  2.807252e+09  2.532928e+09  2.386288e+09
3.794424e+04  2.142446e+09  0.000000e+00  0.000000e+00  1.926825e+10  0.000000e+00  0.000000e+00  3.196584e+09  2.803785e+09  2.529747e+09  2.383265e+09
3.798236e+04  2.140030e+09  0.000000e+00  0.000000e+00  1.924652e+10  0.000000e+00  0.000000e+00  3.192721e+09  2.800313e+09  2.526566e+09  2.380246e+09
3.802052e+04  2.137616e+09  0.000000e+00  0.000000e+00  1.922481e+10  0.000000e+00  0.000000e+00  3.188868e+09  2.796847e+09  2.523385e+09  2.377220e+09
3.805871e+04  2.135205e+09  0.000000e+00  0.000000e+00  1.920312e+10  0.000000e+00  0.000000e+00  3.185013e+09  2.793386e+09  2.520204e+09  2.374197e+09
3.809694e+04  2.132796e+09  0.000000e+00  0.000000e+00  1.918146e+10  0.000000e+00  0.000000e+00  3.181162e+09  2.789919e+09  2.517026e+09  2.371182e+09
3.813521e+04  2.130389e+09  0.000000e+00  0.000000e+00  1.915981e+10  0.000000e+00  0.000000e+00  3.177316e+09  2.786457e+09  2.513855e+09  2.368167e+09
3.817352e+04  2.127985e+09  0.000000e+00  0.000000e+00  1.913819e+10  0.000000e+00  0.000000e+00  3.173466e+09  2.782986e+09  2.510677e+09  2.365153e+09
3.821187e+04  2.125584e+09  0.000000e+00  0.000000e+00  1.911659e+10  0.000000e+00  0.000000e+00  3.169622e+09  2.779529e+09  2.507509e+09  2.362139e+09
3.825025e+04  2.123185e+09  0.000000e+00  0.000000e+00  1.909502e+10  0.000000e+00  0.000000e+00  3.165783e+09  2.776069e+09  2.504335e+09  2.359131e+09
3.828867e+04  2.120788e+09  0.000000e+00  0.000000e+00  1.907346e+10  0.000000e+00  0.000000e+00  3.161933e+09  2.772614e+09  2.501168e+09  2.356114e+09
3.832714e+04  2.118394e+09  0.000000e+00  0.000000e+00  1.905193e+10  0.000000e+00  0.000000e+00  3.158101e+09  2.769162e+09  2.497998e+09  2.353104e+09
3.836564e+04  2.116002e+09  0.000000e+00  0.000000e+00  1.903041e+10  0.000000e+00  0.000000e+00  3.154261e+09  2.765703e+09  2.494832e+09  2.350095e+09
3.840418e+04  2.113612e+09  0.000000e+00  0.000000e+00  1.900892e+10  0.000000e+00  0.000000e+00  3.150425e+09  2.762262e+09  2.491667e+09  2.347093e+09
3.844276e+04  2.111225e+09  0.000000e+00  0.000000e+00  1.898746e+10  0.000000e+00  0.000000e+00  3.146592e+09  2.758802e+09  2.488505e+09  2.344090e+09
3.848137e+04  2.108840e+09  0.000000e+00  0.000000e+00  1.896601e+10  0.000000e+00  0.000000e+00  3.142767e+09  2.755357e+09  2.485343e+09  2.341089e+09
3.852003e+04  2.106458e+09  0.000000e+00  0.000000e+00  1.894458e+10  0.000000e+00  0.000000e+00  3.138929e+09  2.751911e+09  2.482179e+09  2.338081e+09
3.855872e+04  2.104078e+09  0.000000e+00  0.000000e+00  1.892318e+10  0.000000e+00  0.000000e+00  3.135114e+09  2.748465e+09  2.479022e+09  2.335083e+09
3.859746e+04  2.101701e+09  0.000000e+00  0.000000e+00  1.890180e+10  0.000000e+00  0.000000e+00  3.131287e+09  2.745026e+09  2.475863e+09  2.332085e+09
3.863623e+04  2.099326e+09  0.000000e+00  0.000000e+00  1.888044e+10  0.000000e+00  0.000000e+00  3.127455e+09  2.741587e+09  2.472710e+09  2.329088e+09
3.867504e+04  2.096953e+09  0.000000e+00  0.000000e+00  1.885910e+10  0.000000e+00  0.000000e+00  3.123638e+09  2.738139e+09  2.469554e+09  2.326092e+09
3.871389e+04  2.094583e+09  0.000000e+00  0.000000e+00  1.883779e+10  0.000000e+00  0.000000e+00  3.119817e+09  2.734711e+09  2.466401e+09  2.323096e+09
3.875278e+04  2.092215e+09  0.000000e+00  0.000000e+00  1.881649e+10  0.000000e+00  0.000000e+00  3.116012e+09  2.731273e+09  2.463251e+09  2.320105e+09
3.879171e+04  2.089850e+09  0.000000e+00  0.000000e+00  1.879522e+10  0.000000e+00  0.000000e+00  3.112200e+09  2.727841e+09  2.460104e+09  2.317117e+09
3.883068e+04  2.087487e+09  0.000000e+00  0.000000e+00  1.877397e+10  0.000000e+00  0.000000e+00  3.108380e+09  2.724409e+09  2.456957e+09  2.314128e+09
3.886969e+04  2.085126e+09  0.000000e+00  0.000000e+00  1.875274e+10  0.000000e+00  0.000000e+00  3.104576e+09  2.720969e+09  2.453811e+09  2.311136e+09
3.890873e+04  2.082768e+09  0.000000e+00  0.000000e+00  1.873153e+10  0.000000e+00  0.000000e+00  3.100769e+09  2.717547e+09  2.450667e+09  2.308156e+09
3.894782e+04  2.080412e+09  0.000000e+00  0.000000e+00  1.871034e+10  0.000000e+00  0.000000e+00  3.096962e+09  2.714118e+09  2.447523e+09  2.305166e+09
3.898694e+04  2.078059e+09  0.000000e+00  0.000000e+00  1.868917e+10  0.000000e+00  0.000000e+00  3.093156e+09  2.710698e+09  2.444381e+09  2.302185e+09
3.902611e+04  2.075708e+09  0.000000e+00  0.000000e+00  1.866803e+10  0.000000e+00  0.000000e+00  3.089353e+09  2.707267e+09  2.441243e+09  2.299204e+09
3.906531e+04  2.073359e+09  0.000000e+00  0.000000e+00  1.864691e+10  0.000000e+00  0.000000e+00  3.085551e+09  2.703843e+09  2.438108e+09  2.296224e+09
3.910455e+04  2.071013e+09  0.000000e+00  0.000000e+00  1.862581e+10  0.000000e+00  0.000000e+00  3.081767e+09  2.700428e+09  2.434970e+09  2.293239e+09
3.914383e+04  2.068669e+09  0.000000e+00  0.000000e+00  1.860473e+10  0.000000e+00  0.000000e+00  3.077972e+09  2.697012e+09  2.431841e+09  2.290271e+09
3.918315e+04  2.066327e+09  0.000000e+00  0.000000e+00  1.858367e+10  0.000000e+00  0.000000e+00  3.074175e+09  2.693599e+09  2.428706e+09  2.287290e+09
3.922252e+04  2.063988e+09  0.000000e+00  0.000000e+00  1.856263e+10  0.000000e+00  0.000000e+00  3.070382e+09  2.690182e+09  2.425575e+09  2.284314e+09
3.926192e+04  2.061652e+09  0.000000e+00  0.000000e+00  1.854161e+10  0.000000e+00  0.000000e+00  3.066603e+09  2.686765e+09  2.422443e+09  2.281348e+09
3.930136e+04  2.059317e+09  0.000000e+00  0.000000e+00  1.852062e+10  0.000000e+00  0.000000e+00  3.062812e+09  2.683363e+09  2.419316e+09  2.278371e+09
3.934084e+04  2.056985e+09  0.000000e+00  0.000000e+00  1.849964e+10  0.000000e+00  0.000000e+00  3.059028e+09  2.679943e+09  2.416193e+09  2.275409e+09
3.938036e+04  2.054655e+09  0.000000e+00  0.000000e+00  1.847869e+10  0.000000e+00  0.000000e+00  3.055240e+09  2.676541e+09  2.413070e+09  2.272444e+09
3.941991e+04  2.052328e+09  0.000000e+00  0.000000e+00  1.845776e+10  0.000000e+00  0.000000e+00  3.051464e+09  2.673137e+09  2.409946e+09  2.269474e+09
3.945951e+04  2.050003e+09  0.000000e+00  0.000000e+00  1.843685e+10  0.000000e+00  0.000000e+00  3.047697e+09  2.669733e+09  2.406829e+09  2.266515e+09
3.949915e+04  2.047681e+09  0.000000e+00  0.000000e+00  1.841596e+10  0.000000e+00  0.000000e+00  3.043917e+09  2.666341e+09  2.403705e+09  2.263545e+09
3.953883e+04  2.045360e+09  0.000000e+00  0.000000e+00  1.839510e+10  0.000000e+00  0.000000e+00  3.040144e+09  2.662939e+09  2.400589e+09  2.260586e+09
3.957855e+04  2.043042e+09  0.000000e+00  0.000000e+00  1.837425e+10  0.000000e+00  0.000000e+00  3.036372e+09  2.659542e+09  2.397476e+09  2.257628e+09
3.961831e+04  2.040727e+09  0.000000e+00  0.000000e+00  1.835342e+10  0.000000e+00  0.000000e+00  3.032610e+09  2.656147e+09  2.394365e+09  2.254676e+09
3.965811e+04  2.038414e+09  0.000000e+00  0.000000e+00  1.833262e+10  0.000000e+00  0.000000e+00  3.028839e+09  2.652756e+09  2.391252e+09  2.251713e+09
3.969794e+04  2.036103e+09  0.000000e+00  0.000000e+00  1.831184e+10  0.000000e+00  0.000000e+00  3.025070e+09  2.649357e+09  2.388142e+09  2.248767e+09
3.973782e+04  2.033794e+09  0.000000e+00  0.000000e+00  1.829108e+10  0.000000e+00  0.000000e+00  3.021317e+09  2.645968e+09  2.385030e+09  2.245814e+09
3.977774e+04  2.031488e+09  0.000000e+00  0.000000e+00  1.827034e+10  0.000000e+00  0.000000e+00  3.017551e+09  2.642577e+09  2.381928e+09  2.242863e+09
3.981770e+04  2.029184e+09  0.000000e+00  0.000000e+00  1.824962e+10  0.000000e+00  0.000000e+00  3.013795e+09  2.639199e+09  2.378823e+09  2.239913e+09
3.985770e+04  2.026883e+09  0.000000e+00  0.000000e+00  1.822892e+10  0.000000e+00  0.000000e+00  3.010044e+09  2.635810e+09  2.375719e+09  2.236963e+09
3.989773e+04  2.024584e+09  0.000000e+00  0.000000e+00  1.820824e+10  0.000000e+00  0.000000e+00  3.006298e+09  2.632434e+09  2.372618e+09  2.234017e+09
3.993781e+04  2.022287e+09  0.000000e+00  0.000000e+00  1.818758e+10  0.000000e+00  0.000000e+00  3.002540e+09  2.629049e+09  2.369521e+09  2.231075e+09
3.997793e+04  2.019992e+09  0.000000e+00  0.000000e+00  1.816695e+10  0.000000e+00  0.000000e+00  2.998799e+09  2.625673e+09  2.366419e+09  2.228136e+09
4.001809e+04  2.017700e+09  0.000000e+00  0.000000e+00  1.814633e+10  0.000000e+00  0.000000e+00  2.995050e+09  2.622302e+09  2.363328e+09  2.225198e+09
4.005829e+04  2.015410e+09  0.000000e+00  0.000000e+00  1.812574e+10  0.000000e+00  0.000000e+00  2.991307e+09  2.618933e+09  2.360230e+09  2.222251e+09
4.009853e+04  2.013123e+09  0.000000e+00  0.000000e+00  1.810517e+10  0.000000e+00  0.000000e+00  2.987571e+09  2.615553e+09  2.357137e+09  2.219323e+09
4.013881e+04  2.010837e+09  0.000000e+00  0.000000e+00  1.808461e+10  0.000000e+00  0.000000e+00  2.983824e+09  2.612193e+09  2.354051e+09  2.216388e+09
4.017913e+04  2.008555e+09  0.000000e+00  0.000000e+00  1.806408e+10  0.000000e+00  0.000000e+00  2.980097e+09  2.608814e+09  2.350963e+09  2.213449e+09
4.021949e+04  2.006274e+09  0.000000e+00  0.000000e+00  1.804357e+10  0.000000e+00  0.000000e+00  2.976358e+09  2.605456e+09  2.347878e+09  2.210517e+09
4.025990e+04  2.003996e+09  0.000000e+00  0.000000e+00  1.802308e+10  0.000000e+00  0.000000e+00  2.972635e+09  2.602091e+09  2.344788e+09  2.207591e+09
4.030034e+04  2.001720e+09  0.000000e+00  0.000000e+00  1.800261e+10  0.000000e+00  0.000000e+00  2.968900e+09  2.598725e+09  2.341707e+09  2.204658e+09
4.034082e+04  1.999446e+09  0.000000e+00  0.000000e+00  1.798216e+10  0.000000e+00  0.000000e+00  2.965177e+09  2.595366e+09  2.338630e+09  2.201733e+09
4.038135e+04  1.997175e+09  0.000000e+00  0.000000e+00  1.796174e+10  0.000000e+00  0.000000e+00  2.961452e+09  2.592005e+09  2.335551e+09  2.198809e+09
4.042191e+04  1.994906e+09  0.000000e+00  0.000000e+00  1.794133e+10  0.000000e+00  0.000000e+00  2.957728e+09  2.588652e+09  2.332470e+09  2.195892e+09
4.046252e+04  1.992639e+09  0.000000e+00  0.000000e+00  1.792094e+10  0.000000e+00  0.000000e+00  2.954015e+09  2.585296e+09  2.329394e+09  2.192965e+09
4.050316e+04  1.990375e+09  0.000000e+00  0.000000e+00  1.790058e+10  0.000000e+00  0.000000e+00  2.950293e+09  2.581950e+09  2.326321e+09  2.190053e+09
4.054385e+04  1.988113e+09  0.000000e+00  0.000000e+00  1.788023e+10  0.000000e+00  0.000000e+00  2.946575e+09  2.578608e+09  2.323251e+09  2.187129e+09
4.058458e+04  1.985853e+09  0.000000e+00  0.000000e+00  1.785991e+10  0.000000e+00  0.000000e+00  2.942856e+09  2.575252e+09  2.320180e+09  2.184221e+09
4.062535e+04  1.983595e+09  0.000000e+00  0.000000e+00  1.783961e+10  0.000000e+00  0.000000e+00  2.939145e+09  2.571915e+09  2.317114e+09  2.181300e+09
4.066616e+04  1.981340e+09  0.000000e+00  0.000000e+00  1.781932e+10  0.000000e+00  0.000000e+00  2.935448e+09  2.568561e+09  2.314047e+09  2.178392e+09
4.070701e+04  1.979087e+09  0.000000e+00  0.000000e+00  1.779906e+10  0.000000e+00  0.000000e+00  2.931738e+09  2.565221e+09  2.310986e+09  2.175480e+09
4.074790e+04  1.976836e+09  0.000000e+00  0.000000e+00  1.777882e+10  0.000000e+00  0.000000e+00  2.928034e+09  2.561892e+09  2.307921e+09  2.172571e+09
4.078883e+04  1.974588e+09  0.000000e+00  0.000000e+00  1.775860e+10  0.000000e+00  0.000000e+00  2.924341e+09  2.558552e+09  2.304863e+09  2.169673e+09
4.082981e+04  1.972342e+09  0.000000e+00  0.000000e+00  1.773840e+10  0.000000e+00  0.000000e+00  2.920640e+09  2.555222e+09  2.301805e+09  2.166766e+09
4.087082e+04  1.970098e+09  0.000000e+00  0.000000e+00  1.771822e+10  0.000000e+00  0.000000e+00  2.916938e+09  2.551881e+09  2.298750e+09  2.163865e+09
4.091188e+04  1.967856e+09  0.000000e+00  0.000000e+00  1.769806e+10  0.000000e+00  0.000000e+00  2.913249e+09  2.548554e+09  2.295691e+09  2.160958e+09
4.095297e+04  1.965617e+09  0.000000e+00  0.000000e+00  1.767792e+10  0.000000e+00  0.000000e+00  2.909551e+09  2.545218e+09  2.292639e+09  2.158059e+09
4.099411e+04  1.963380e+09  0.000000e+00  0.000000e+00  1.765780e+10  0.000000e+00  0.000000e+00  2.905872e+09  2.541899e+09  2.289591e+09  2.155167e+09
4.103529e+04  1.961145e+09  0.000000e+00  0.000000e+00  1.763770e+10  0.000000e+00  0.000000e+00  2.902183e+09  2.538576e+09  2.286543e+09  2.152269e+09
4.107651e+04  1.958913e+09  0.000000e+00  0.000000e+00  1.761763e+10  0.000000e+00  0.000000e+00  2.898494e+09  2.535254e+09  2.283497e+09  2.149377e+09
4.111778e+04  1.956683e+09  0.000000e+00  0.000000e+00  1.759757e+10  0.000000e+00  0.000000e+00  2.894817e+09  2.531937e+09  2.280454e+09  2.146482e+09
4.115908e+04  1.954455e+09  0.000000e+00  0.000000e+00  1.757753e+10  0.000000e+00  0.000000e+00  2.891142e+09  2.528616e+09  2.277408e+09  2.143600e+09
4.120043e+04  1.952229e+09  0.000000e+00  0.000000e+00  1.755751e+10  0.000000e+00  0.000000e+00  2.887459e+09  2.525301e+09  2.274367e+09  2.140708e+09
4.124182e+04  1.950006e+09  0.000000e+00  0.000000e+00  1.753752e+10  0.000000e+00  0.000000e+00  2.883796e+09  2.521978e+09  2.271331e+09  2.137826e+09
4.128324e+04  1.947785e+09  0.000000e+00  0.000000e+00  1.751754e+10  0.000000e+00  0.000000e+00  2.880125e+09  2.518674e+09  2.268293e+09  2.134942e+09
4.132472e+04  1.945566e+09  0.000000e+00  0.000000e+00  1.749759e+10  0.000000e+00  0.000000e+00  2.876447e+09  2.515367e+09  2.265258e+09  2.132055e+09
4.136623e+04  1.943349e+09  0.000000e+00  0.000000e+00  1.747765e+10  0.000000e+00  0.000000e+00  2.872788e+09  2.512053e+09  2.262228e+09  2.129180e+09
4.140778e+04  1.941135e+09  0.000000e+00  0.000000e+00  1.745774e+10  0.000000e+00  0.000000e+00  2.869116e+09  2.508760e+09  2.259195e+09  2.126302e+09
4.144938e+04  1.938923e+09  0.000000e+00  0.000000e+00  1.743784e+10  0.000000e+00  0.000000e+00  2.865454e+09  2.505448e+09  2.256171e+09  2.123421e+09
4.149101e+04  1.936713e+09  0.000000e+00  0.000000e+00  1.741797e+10  0.000000e+00  0.000000e+00  2.861801e+09  2.502154e+09  2.253143e+09  2.120548e+09
4.153269e+04  1.934505e+09  0.000000e+00  0.000000e+00  1.739811e+10  0.000000e+00  0.000000e+00  2.858149e+09  2.498851e+09  2.250119e+09  2.117678e+09
4.157441e+04  1.932300e+09  0.000000e+00  0.000000e+00  1.737828e+10  0.000000e+00  0.000000e+00  2.854487e+09  2.495559e+09  2.247092e+09  2.114807e+09
4.161618e+04  1.930096e+09  0.000000e+00  0.000000e+00  1.735846e+10  0.000000e+00  0.000000e+00  2.850830e+09  2.492266e+09  2.244073e+09  2.111941e+09
4.165798e+04  1.927895e+09  0.000000e+00  0.000000e+00  1.733867e+10  0.000000e+00  0.000000e+00  2.847186e+09  2.488972e+09  2.241056e+09  2.109070e+09
4.169983e+04  1.925697e+09  0.000000e+00  0.000000e+00  1.731889e+10  0.000000e+00  0.000000e+00  2.843534e+09  2.485683e+09  2.238037e+09  2.106208e+09
4.174172e+04  1.923500e+09  0.000000e+00  0.000000e+00  1.729914e+10  0.000000e+00  0.000000e+00  2.839889e+09  2.482387e+09  2.235027e+09  2.103345e+09
4.178365e+04  1.921306e+09  0.000000e+00  0.000000e+00  1.727941e+10  0.000000e+00  0.000000e+00  2.836255e+09  2.479102e+09  2.232015e+09  2.100485e+09
4.182562e+04  1.919114e+09  0.000000e+00  0.000000e+00  1.725969e+10  0.000000e+00  0.000000e+00  2.832619e+09  2.475826e+09  2.229002e+09  2.097625e+09
4.186764e+04  1.916924e+09  0.000000e+00  0.000000e+00  1.724000e+10  0.000000e+00  0.000000e+00  2.828981e+09  2.472538e+09  2.225993e+09  2.094767e+09
4.190970e+04  1.914737e+09  0.000000e+00  0.000000e+00  1.722032e+10  0.000000e+00  0.000000e+00  2.825346e+09  2.469259e+09  2.222987e+09  2.091913e+09
4.195180e+04  1.912551e+09  0.000000e+00  0.000000e+00  1.720067e+10  0.000000e+00  0.000000e+00  2.821713e+09  2.465987e+09  2.219981e+09  2.089062e+09
4.199394e+04  1.910368e+09  0.000000e+00  0.000000e+00  1.718104e+10  0.000000e+00  0.000000e+00  2.818089e+09  2.462718e+09  2.216985e+09  2.086209e+09
4.203612e+04  1.908187e+09  0.000000e+00  0.000000e+00  1.716142e+10  0.000000e+00  0.000000e+00  2.814456e+09  2.459439e+09  2.213980e+09  2.083368e+09
4.207835e+04  1.906009e+09  0.000000e+00  0.000000e+00  1.714183e+10  0.000000e+00  0.000000e+00  2.810835e+09  2.456172e+09  2.210982e+09  2.080516e+09
4.212062e+04  1.903832e+09  0.000000e+00  0.000000e+00  1.712225e+10  0.000000e+00  0.000000e+00  2.807213e+09  2.452909e+09  2.207985e+09  2.077674e+09
4.216293e+04  1.901658e+09  0.000000e+00  0.000000e+00  1.710270e+10  0.000000e+00  0.000000e+00  2.803589e+09  2.449640e+09  2.204997e+09  2.074829e+09
4.220529e+04  1.899486e+09  0.000000e+00  0.000000e+00  1.708317e+10  0.000000e+00  0.000000e+00  2.799979e+09  2.446376e+09  2.202002e+09  2.071990e+09
4.224768e+04  1.897316e+09  0.000000e+00  0.000000e+00  1.706365e+10  0.000000e+00  0.000000e+00  2.796356e+09  2.443120e+09  2.199016e+09  2.069155e+09
4.229012e+04  1.895149e+09  0.000000e+00  0.000000e+00  1.704416e+10  0.000000e+00  0.000000e+00  2.792744e+09  2.439862e+09  2.196028e+09  2.066318e+09
4.233260e+04  1.892983e+09  0.000000e+00  0.000000e+00  1.702468e+10  0.000000e+00  0.000000e+00  2.789142e+09  2.436606e+09  2.193039e+09  2.063479e+09
4.237513e+04  1.890820e+09  0.000000e+00  0.000000e+00  1.700523e+10  0.000000e+00  0.000000e+00  2.785530e+09  2.433353e+09  2.190057e+09  2.060642e+09
4.241770e+04  1.888659e+09  0.000000e+00  0.000000e+00  1.698579e+10  0.000000e+00  0.000000e+00  2.781927e+09  2.430094e+09  2.187078e+09  2.057814e+09
4.246031e+04  1.886500e+09  0.000000e+00  0.000000e+00  1.696638e+10  0.000000e+00  0.000000e+00  2.778331e+09  2.426852e+09  2.184098e+09  2.054987e+09
4.250296e+04  1.884343e+09  0.000000e+00  0.000000e+00  1.694698e+10  0.000000e+00  0.000000e+00  2.774733e+09  2.423596e+09  2.181118e+09  2.052164e+09
4.254566e+04  1.882189e+09  0.000000e+00  0.000000e+00  1.692760e+10  0.000000e+00  0.000000e+00  2.771137e+09  2.420365e+09  2.178146e+09  2.049331e+09
4.258839e+04  1.880037e+09  0.000000e+00  0.000000e+00  1.690825e+10  0.000000e+00  0.000000e+00  2.767547e+09  2.417122e+09  2.175171e+09  2.046514e+09
4.263118e+04  1.877887e+09  0.000000e+00  0.000000e+00  1.688891e+10  0.000000e+00  0.000000e+00  2.763949e+09  2.413870e+09  2.172201e+09  2.043693e+09
4.267400e+04  1.875739e+09  0.000000e+00  0.000000e+00  1.686959e+10  0.000000e+00  0.000000e+00  2.760360e+09  2.410642e+09  2.169231e+09  2.040874e+09
4.271687e+04  1.873593e+09  0.000000e+00  0.000000e+00  1.685030e+10  0.000000e+00  0.000000e+00  2.756774e+09  2.407407e+09  2.166264e+09  2.038053e+09
4.275978e+04  1.871450e+09  0.000000e+00  0.000000e+00  1.683102e+10  0.000000e+00  0.000000e+00  2.753191e+09  2.404164e+09  2.163302e+09  2.035242e+09
4.280273e+04  1.869308e+09  0.000000e+00  0.000000e+00  1.681176e+10  0.000000e+00  0.000000e+00  2.749615e+09  2.400944e+09  2.160342e+09  2.032435e+09
4.284573e+04  1.867169e+09  0.000000e+00  0.000000e+00  1.679252e+10  0.000000e+00  0.000000e+00  2.746032e+09  2.397713e+09  2.157380e+09  2.029624e+09
4.288877e+04  1.865032e+09  0.000000e+00  0.000000e+00  1.677330e+10  0.000000e+00  0.000000e+00  2.742458e+09  2.394481e+09  2.154423e+09  2.026810e+09
4.293185e+04  1.862897e+09  0.000000e+00  0.000000e+00  1.675410e+10  0.000000e+00  0.000000e+00  2.738883e+09  2.391266e+09  2.151466e+09  2.024008e+09
4.297498e+04  1.860765e+09  0.000000e+00  0.000000e+00  1.673492e+10  0.000000e+00  0.000000e+00  2.735319e+09  2.388031e+09  2.148514e+09  2.021198e+09
4.301815e+04  1.858634e+09  0.000000e+00  0.000000e+00  1.671576e+10  0.000000e+00  0.000000e+00  2.731749e+09  2.384819e+09  2.145561e+09  2.018399e+09
4.306136e+04  1.856506e+09  0.000000e+00  0.000000e+00  1.669662e+10  0.000000e+00  0.000000e+00  2.728181e+09  2.381597e+09  2.142614e+09  2.015599e+09
4.310462e+04  1.854380e+09  0.000000e+00  0.000000e+00  1.667750e+10  0.000000e+00  0.000000e+00  2.724622e+09  2.378383e+09  2.139667e+09  2.012799e+09
4.314792e+04  1.852256e+09  0.000000e+00  0.000000e+00  1.665840e+10  0.000000e+00  0.000000e+00  2.721065e+09  2.375175e+09  2.136719e+09  2.010005e+09
4.319126e+04  1.850134e+09  0.000000e+00  0.000000e+00  1.663931e+10  0.000000e+00  0.000000e+00  2.717507e+09  2.371969e+09  2.133776e+09  2.007210e+09
4.323465e+04  1.848014e+09  0.000000e+00  0.000000e+00  1.662025e+10  0.000000e+00  0.000000e+00  2.713950e+09  2.368762e+09  2.130836e+09  2.004423e+09
4.327808e+04  1.845897e+09  0.000000e+00  0.000000e+00  1.660121e+10  0.000000e+00  0.000000e+00  2.710396e+09  2.365557e+09  2.127898e+09  2.001632e+09
4.332156e+04  1.843781e+09  0.000000e+00  0.000000e+00  1.658218e+10  0.000000e+00  0.000000e+00  2.706840e+09  2.362356e+09  2.124962e+09  1.998844e+09
4.336507e+04  1.841668e+09  0.000000e+00  0.000000e+00  1.656318e+10  0.000000e+00  0.000000e+00  2.703297e+09  2.359147e+09  2.122030e+09  1.996061e+09
4.340864e+04  1.839557e+09  0.000000e+00  0.000000e+00  1.654419e+10  0.000000e+00  0.000000e+00  2.699759e+09  2.355957e+09  2.119098e+09  1.993271e+09
4.345224e+04  1.837448e+09  0.000000e+00  0.000000e+00  1.652522e+10  0.000000e+00  0.000000e+00  2.696216e+09  2.352755e+09  2.116169e+09  1.990493e+09
4.349589e+04  1.835342e+09  0.000000e+00  0.000000e+00  1.650628e+10  0.000000e+00  0.000000e+00  2.692681e+09  2.349557e+09  2.113242e+09  1.987718e+09
4.353959e+04  1.833237e+09  0.000000e+00  0.000000e+00  1.648735e+10  0.000000e+00  0.000000e+00  2.689140e+09  2.346372e+09  2.110315e+09  1.984941e+09
4.358332e+04  1.831134e+09  0.000000e+00  0.000000e+00  1.646844e+10  0.000000e+00  0.000000e+00  2.685607e+09  2.343179e+09  2.107392e+09  1.982164e+09
4.362710e+04  1.829034e+09  0.000000e+00  0.000000e+00  1.644955e+10  0.000000e+00  0.000000e+00  2.682075e+09  2.339994e+09  2.104472e+09  1.979388e+09
4.367093e+04  1.826936e+09  0.000000e+00  0.000000e+00  1.643068e+10  0.000000e+00  0.000000e+00  2.678538e+09  2.336819e+09  2.101552e+09  1.976621e+09
4.371480e+04  1.824840e+09  0.000000e+00  0.000000e+00  1.641183e+10  0.000000e+00  0.000000e+00  2.675024e+09  2.333630e+09  2.098639e+09  1.973852e+09
4.375871e+04  1.822746e+09  0.000000e+00  0.000000e+00  1.639300e+10  0.000000e+00  0.000000e+00  2.671498e+09  2.330448e+09  2.095722e+09  1.971081e+09
4.380267e+04  1.820654e+09  0.000000e+00  0.000000e+00  1.637419e+10  0.000000e+00  0.000000e+00  2.667978e+09  2.327276e+09  2.092811e+09  1.968318e+09
4.384667e+04  1.818564e+09  0.000000e+00  0.000000e+00  1.635539e+10  0.000000e+00  0.000000e+00  2.664455e+09  2.324098e+09  2.089904e+09  1.965557e+09
4.389072e+04  1.816477e+09  0.000000e+00  0.000000e+00  1.633662e+10  0.000000e+00  0.000000e+00  2.660942e+09  2.320933e+09  2.086993e+09  1.962800e+09
4.393481e+04  1.814392e+09  0.000000e+00  0.000000e+00  1.631786e+10  0.000000e+00  0.000000e+00  2.657430e+09  2.317759e+09  2.084091e+09  1.960044e+09
4.397894e+04  1.812308e+09  0.000000e+00  0.000000e+00  1.629913e+10  0.000000e+00  0.000000e+00  2.653922e+09  2.314589e+09  2.081190e+09  1.957289e+09
4.402312e+04  1.810227e+09  0.000000e+00  0.000000e+00  1.628041e+10  0.000000e+00  0.000000e+00  2.650411e+09  2.311432e+09  2.078284e+09  1.954528e+09
4.406734e+04  1.808148e+09  0.000000e+00  0.000000e+00  1.626171e+10  0.000000e+00  0.000000e+00  2.646914e+09  2.308263e+09  2.075387e+09  1.951784e+09
4.411161e+04  1.806071e+09  0.000000e+00  0.000000e+00  1.624303e+10  0.000000e+00  0.000000e+00  2.643412e+09  2.305110e+09  2.072492e+09  1.949030e+09
4.415592e+04  1.803996e+09  0.000000e+00  0.000000e+00  1.622437e+10  0.000000e+00  0.000000e+00  2.639912e+09  2.301948e+09  2.069599e+09  1.946284e+09
4.420028e+04  1.801924e+09  0.000000e+00  0.000000e+00  1.620573e+10  0.000000e+00  0.000000e+00  2.636409e+09  2.298797e+09  2.066707e+09  1.943539e+09
4.424468e+04  1.799853e+09  0.000000e+00  0.000000e+00  1.618711e+10  0.000000e+00  0.000000e+00  2.632918e+09  2.295636e+09  2.063819e+09  1.940800e+09
4.428912e+04  1.797784e+09  0.000000e+00  0.000000e+00  1.616850e+10  0.000000e+00  0.000000e+00  2.629425e+09  2.292487e+09  2.060929e+09  1.938057e+09
4.433361e+04  1.795718e+09  0.000000e+00  0.000000e+00  1.614992e+10  0.000000e+00  0.000000e+00  2.625940e+09  2.289343e+09  2.058045e+09  1.935315e+09
4.437815e+04  1.793654e+09  0.000000e+00  0.000000e+00  1.613136e+10  0.000000e+00  0.000000e+00  2.622452e+09  2.286194e+09  2.055163e+09  1.932586e+09
4.442273e+04  1.791592e+09  0.000000e+00  0.000000e+00  1.611281e+10  0.000000e+00  0.000000e+00  2.618973e+09  2.283057e+09  2.052284e+09  1.929848e+09
4.446735e+04  1.789531e+09  0.000000e+00  0.000000e+00  1.609428e+10  0.000000e+00  0.000000e+00  2.615485e+09  2.279906e+09  2.049404e+09  1.927117e+09
4.451202e+04  1.787474e+09  0.000000e+00  0.000000e+00  1.607577e+10  0.000000e+00  0.000000e+00  2.612005e+09  2.276782e+09  2.046529e+09  1.924391e+09
4.455673e+04  1.785418e+09  0.000000e+00  0.000000e+00  1.605728e+10  0.000000e+00  0.000000e+00  2.608533e+09  2.273641e+09  2.043658e+09  1.921660e+09
4.460149e+04  1.783364e+09  0.000000e+00  0.000000e+00  1.603881e+10  0.000000e+00  0.000000e+00  2.605061e+09  2.270503e+09  2.040786e+09  1.918934e+09
4.464630e+04  1.781312e+09  0.000000e+00  0.000000e+00  1.602036e+10  0.000000e+00  0.000000e+00  2.601600e+09  2.267375e+09  2.037916e+09  1.916215e+09
4.469102e+04  1.779268e+09  0.000000e+00  0.000000e+00  1.600198e+10  0.000000e+00  0.000000e+00  2.598149e+09  2.264263e+09  2.035065e+09  1.913506e+09
4.473565e+04  1.777233e+09  0.000000e+00  0.000000e+00  1.598367e+10  0.000000e+00  0.000000e+00  2.594703e+09  2.261148e+09  2.032214e+09  1.910798e+09
4.478033e+04  1.775199e+09  0.000000e+00  0.000000e+00  1.596538e+10  0.000000e+00  0.000000e+00  2.591260e+09  2.258049e+09  2.029366e+09  1.908099e+09
4.482505e+04  1.773168e+09  0.000000e+00  0.000000e+00  1.594711e+10  0.000000e+00  0.000000e+00  2.587818e+09  2.254945e+09  2.026523e+09  1.905397e+09
4.486982e+04  1.771138e+09  0.000000e+00  0.000000e+00  1.592886e+10  0.000000e+00  0.000000e+00  2.584380e+09  2.251844e+09  2.023680e+09  1.902700e+09
4.491463e+04  1.769111e+09  0.000000e+00  0.000000e+00  1.591062e+10  0.000000e+00  0.000000e+00  2.580940e+09  2.248742e+09  2.020842e+09  1.900010e+09
4.495949e+04  1.767085e+09  0.000000e+00  0.000000e+00  1.589241e+10  0.000000e+00  0.000000e+00  2.577510e+09  2.245641e+09  2.018006e+09  1.897317e+09
4.500439e+04  1.765062e+09  0.000000e+00  0.000000e+00  1.587421e+10  0.000000e+00  0.000000e+00  2.574082e+09  2.242551e+09  2.015169e+09  1.894621e+09
4.504934e+04  1.763040e+09  0.000000e+00  0.000000e+00  1.585603e+10  0.000000e+00  0.000000e+00  2.570654e+09  2.239460e+09  2.012338e+09  1.891934e+09
4.509433e+04  1.761021e+09  0.000000e+00  0.000000e+00  1.583787e+10  0.000000e+00  0.000000e+00  2.567241e+09  2.236372e+09  2.009511e+09  1.889254e+09
4.513937e+04  1.759004e+09  0.000000e+00  0.000000e+00  1.581973e+10  0.000000e+00  0.000000e+00  2.563822e+09  2.233289e+09  2.006684e+09  1.886567e+09
4.518445e+04  1.756989e+09  0.000000e+00  0.000000e+00  1.580161e+10  0.000000e+00  0.000000e+00  2.560403e+09  2.230208e+09  2.003859e+09  1.883886e+09
4.522958e+04  1.754976e+09  0.000000e+00  0.000000e+00  1.578350e+10  0.000000e+00  0.000000e+00  2.556991e+09  2.227128e+09  2.001036e+09  1.881209e+09
4.527475e+04  1.752965e+09  0.000000e+00  0.000000e+00  1.576541e+10  0.000000e+00  0.000000e+00  2.553573e+09  2.224040e+09  1.998215e+09  1.878532e+09
4.531997e+04  1.750955e+09  0.000000e+00  0.000000e+00  1.574735e+10  0.000000e+00  0.000000e+00  2.550160e+09  2.220972e+09  1.995396e+09  1.875858e+09
4.536523e+04  1.748948e+09  0.000000e+00  0.000000e+00  1.572929e+10  0.000000e+00  0.000000e+00  2.546763e+09  2.217897e+09  1.992579e+09  1.873180e+09
4.541054e+04  1.746943e+09  0.000000e+00  0.000000e+00  1.571126e+10  0.000000e+00  0.000000e+00  2.543349e+09  2.214823e+09  1.989769e+09  1.870511e+09
4.545589e+04  1.744940e+09  0.000000e+00  0.000000e+00  1.569325e+10  0.000000e+00  0.000000e+00  2.539948e+09  2.211756e+09  1.986957e+09  1.867849e+09
4.550129e+04  1.742940e+09  0.000000e+00  0.000000e+00  1.567525e+10  0.000000e+00  0.000000e+00  2.536550e+09  2.208691e+09  1.984148e+09  1.865186e+09
4.554673e+04  1.740941e+09  0.000000e+00  0.000000e+00  1.565728e+10  0.000000e+00  0.000000e+00  2.533156e+09  2.205630e+09  1.981339e+09  1.862516e+09
4.559222e+04  1.738944e+09  0.000000e+00  0.000000e+00  1.563932e+10  0.000000e+00  0.000000e+00  2.529768e+09  2.202566e+09  1.978538e+09  1.859853e+09
4.563776e+04  1.736949e+09  0.000000e+00  0.000000e+00  1.562138e+10  0.000000e+00  0.000000e+00  2.526374e+09  2.199513e+09  1.975735e+09  1.857199e+09
4.568334e+04  1.734956e+09  0.000000e+00  0.000000e+00  1.560345e+10  0.000000e+00  0.000000e+00  2.522988e+09  2.196454e+09  1.972933e+09  1.854538e+09
4.572896e+04  1.732965e+09  0.000000e+00  0.000000e+00  1.558555e+10  0.000000e+00  0.000000e+00  2.519603e+09  2.193402e+09  1.970139e+09  1.851890e+09
4.577463e+04  1.730976e+09  0.000000e+00  0.000000e+00  1.556766e+10  0.000000e+00  0.000000e+00  2.516224e+09  2.190350e+09  1.967345e+09  1.849239e+09
4.582035e+04  1.728990e+09  0.000000e+00  0.000000e+00  1.554979e+10  0.000000e+00  0.000000e+00  2.512849e+09  2.187304e+09  1.964549e+09  1.846589e+09
4.586611e+04  1.727005e+09  0.000000e+00  0.000000e+00  1.553194e+10  0.000000e+00  0.000000e+00  2.509461e+09  2.184255e+09  1.961761e+09  1.843935e+09
4.591192e+04  1.725022e+09  0.000000e+00  0.000000e+00  1.551411e+10  0.000000e+00  0.000000e+00  2.506097e+09  2.181215e+09  1.958974e+09  1.841295e+09
4.595777e+04  1.723041e+09  0.000000e+00  0.000000e+00  1.549630e+10  0.000000e+00  0.000000e+00  2.502728e+09  2.178172e+09  1.956187e+09  1.838651e+09
4.600367e+04  1.721063e+09  0.000000e+00  0.000000e+00  1.547850e+10  0.000000e+00  0.000000e+00  2.499350e+09  2.175137e+09  1.953402e+09  1.836006e+09
4.604962e+04  1.719086e+09  0.000000e+00  0.000000e+00  1.546072e+10  0.000000e+00  0.000000e+00  2.495985e+09  2.172100e+09  1.950624e+09  1.833369e+09
4.609561e+04  1.717111e+09  0.000000e+00  0.000000e+00  1.544296e+10  0.000000e+00  0.000000e+00  2.492631e+09  2.169055e+09  1.947844e+09  1.830736e+09
4.614164e+04  1.715138e+09  0.000000e+00  0.000000e+00  1.542522e+10  0.000000e+00  0.000000e+00  2.489264e+09  2.166028e+09  1.945066e+09  1.828099e+09
4.618773e+04  1.713168e+09  0.000000e+00  0.000000e+00  1.540750e+10  0.000000e+00  0.000000e+00  2.485912e+09  2.163008e+09  1.942294e+09  1.825467e+09
4.623386e+04  1.711199e+09  0.000000e+00  0.000000e+00  1.538979e+10  0.000000e+00  0.000000e+00  2.482548e+09  2.159981e+09  1.939521e+09  1.822835e+09
4.628003e+04  1.709232e+09  0.000000e+00  0.000000e+00  1.537211e+10  0.000000e+00  0.000000e+00  2.479204e+09  2.156948e+09  1.936756e+09  1.820207e+09
4.632625e+04  1.707268e+09  0.000000e+00  0.000000e+00  1.535444e+10  0.000000e+00  0.000000e+00  2.475856e+09  2.153933e+09  1.933987e+09  1.817580e+09
4.637252e+04  1.705305e+09  0.000000e+00  0.000000e+00  1.533678e+10  0.000000e+00  0.000000e+00  2.472503e+09  2.150909e+09  1.931222e+09  1.814959e+09
4.641883e+04  1.703344e+09  0.000000e+00  0.000000e+00  1.531915e+10  0.000000e+00  0.000000e+00  2.469166e+09  2.147891e+09  1.928459e+09  1.812339e+09
4.646519e+04  1.701385e+09  0.000000e+00  0.000000e+00  1.530153e+10  0.000000e+00  0.000000e+00  2.465816e+09  2.144884e+09  1.925700e+09  1.809719e+09
4.651160e+04  1.699429e+09  0.000000e+00  0.000000e+00  1.528393e+10  0.000000e+00  0.000000e+00  2.462481e+09  2.141877e+09  1.922943e+09  1.807108e+09
4.655805e+04  1.697474e+09  0.000000e+00  0.000000e+00  1.526635e+10  0.000000e+00  0.000000e+00  2.459147e+09  2.138863e+09  1.920189e+09  1.804493e+09
4.660455e+04  1.695521e+09  0.000000e+00  0.000000e+00  1.524879e+10  0.000000e+00  0.000000e+00  2.455821e+09  2.135860e+09  1.917435e+09  1.801884e+09
4.665110e+04  1.693570e+09  0.000000e+00  0.000000e+00  1.523125e+10  0.000000e+00  0.000000e+00  2.452485e+09  2.132858e+09  1.914687e+09  1.799269e+09
4.669769e+04  1.691621e+09  0.000000e+00  0.000000e+00  1.521372e+10  0.000000e+00  0.000000e+00  2.449156e+09  2.129850e+09  1.911935e+09  1.796667e+09
4.674433e+04  1.689674e+09  0.000000e+00  0.000000e+00  1.519621e+10  0.000000e+00  0.000000e+00  2.445841e+09  2.126857e+09  1.909194e+09  1.794057e+09
4.679101e+04  1.687729e+09  0.000000e+00  0.000000e+00  1.517872e+10  0.000000e+00  0.000000e+00  2.442514e+09  2.123856e+09  1.906448e+09  1.791455e+09
4.683774e+04  1.685787e+09  0.000000e+00  0.000000e+00  1.516124e+10  0.000000e+00  0.000000e+00  2.439191e+09  2.120870e+09  1.903706e+09  1.788857e+09
4.688452e+04  1.683846e+09  0.000000e+00  0.000000e+00  1.514379e+10  0.000000e+00  0.000000e+00  2.435885e+09  2.117876e+09  1.900972e+09  1.786256e+09
4.693135e+04  1.681907e+09  0.000000e+00  0.000000e+00  1.512635e+10  0.000000e+00  0.000000e+00  2.432569e+09  2.114883e+09  1.898232e+09  1.783664e+09
4.697822e+04  1.679970e+09  0.000000e+00  0.000000e+00  1.510893e+10  0.000000e+00  0.000000e+00  2.429252e+09  2.111899e+09  1.895501e+09  1.781072e+09
4.702514e+04  1.678035e+09  0.000000e+00  0.000000e+00  1.509153e+10  0.000000e+00  0.000000e+00  2.425949e+09  2.108921e+09  1.892771e+09  1.778477e+09
4.707210e+04  1.676101e+09  0.000000e+00  0.000000e+00  1.507414e+10  0.000000e+00  0.000000e+00  2.422646e+09  2.105942e+09  1.890039e+09  1.775889e+09
4.711911e+04  1.674170e+09  0.000000e+00  0.000000e+00  1.505677e+10  0.000000e+00  0.000000e+00  2.419343e+09  2.102958e+09  1.887313e+09  1.773302e+09
4.716617e+04  1.672241e+09  0.000000e+00  0.000000e+00  1.503942e+10  0.000000e+00  0.000000e+00  2.416047e+09  2.099984e+09  1.884592e+09  1.770718e+09
4.721328e+04  1.670314e+09  0.000000e+00  0.000000e+00  1.502209e+10  0.000000e+00  0.000000e+00  2.412749e+09  2.097011e+09  1.881867e+09  1.768141e+09
4.726043e+04  1.668389e+09  0.000000e+00  0.000000e+00  1.500478e+10  0.000000e+00  0.000000e+00  2.409456e+09  2.094046e+09  1.879148e+09  1.765560e+09
4.730763e+04  1.666465e+09  0.000000e+00  0.000000e+00  1.498748e+10  0.000000e+00  0.000000e+00  2.406163e+09  2.091077e+09  1.876433e+09  1.762978e+09
4.735488e+04  1.664544e+09  0.000000e+00  0.000000e+00  1.497020e+10  0.000000e+00  0.000000e+00  2.402870e+09  2.088112e+09  1.873718e+09  1.760409e+09
4.740217e+04  1.662625e+09  0.000000e+00  0.000000e+00  1.495294e+10  0.000000e+00  0.000000e+00  2.399587e+09  2.085145e+09  1.871005e+09  1.757831e+09
4.744952e+04  1.660707e+09  0.000000e+00  0.000000e+00  1.493569e+10  0.000000e+00  0.000000e+00  2.396304e+09  2.082187e+09  1.868297e+09  1.755267e+09
4.749691e+04  1.658792e+09  0.000000e+00  0.000000e+00  1.491846e+10  0.000000e+00  0.000000e+00  2.393028e+09  2.079232e+09  1.865587e+09  1.752695e+09
4.754434e+04  1.656878e+09  0.000000e+00  0.000000e+00  1.490125e+10  0.000000e+00  0.000000e+00  2.389753e+09  2.076280e+09  1.862883e+09  1.750127e+09
4.759183e+04  1.654967e+09  0.000000e+00  0.000000e+00  1.488406e+10  0.000000e+00  0.000000e+00  2.386470e+09  2.073326e+09  1.860179e+09  1.747571e+09
4.763936e+04  1.653057e+09  0.000000e+00  0.000000e+00  1.486689e+10  0.000000e+00  0.000000e+00  2.383200e+09  2.070372e+09  1.857479e+09  1.745005e+09
4.768694e+04  1.651149e+09  0.000000e+00  0.000000e+00  1.484973e+10  0.000000e+00  0.000000e+00  2.379933e+09  2.067431e+09  1.854786e+09  1.742447e+09
4.773456e+04  1.649243e+09  0.000000e+00  0.000000e+00  1.483259e+10  0.000000e+00  0.000000e+00  2.376670e+09  2.064491e+09  1.852087e+09  1.739892e+09
4.778224e+04  1.647339e+09  0.000000e+00  0.000000e+00  1.481547e+10  0.000000e+00  0.000000e+00  2.373412e+09  2.061538e+09  1.849396e+09  1.737340e+09
4.782996e+04  1.645438e+09  0.000000e+00  0.000000e+00  1.479836e+10  0.000000e+00  0.000000e+00  2.370146e+09  2.058605e+09  1.846708e+09  1.734780e+09
4.787773e+04  1.643538e+09  0.000000e+00  0.000000e+00  1.478127e+10  0.000000e+00  0.000000e+00  2.366889e+09  2.055664e+09  1.844016e+09  1.732236e+09
4.792554e+04  1.641639e+09  0.000000e+00  0.000000e+00  1.476420e+10  0.000000e+00  0.000000e+00  2.363631e+09  2.052729e+09  1.841334e+09  1.729687e+09
4.797341e+04  1.639743e+09  0.000000e+00  0.000000e+00  1.474715e+10  0.000000e+00  0.000000e+00  2.360387e+09  2.049798e+09  1.838651e+09  1.727146e+09
4.802132e+04  1.637849e+09  0.000000e+00  0.000000e+00  1.473011e+10  0.000000e+00  0.000000e+00  2.357134e+09  2.046871e+09  1.835971e+09  1.724601e+09
4.806928e+04  1.635957e+09  0.000000e+00  0.000000e+00  1.471310e+10  0.000000e+00  0.000000e+00  2.353886e+09  2.043943e+09  1.833290e+09  1.722060e+09
4.811729e+04  1.634066e+09  0.000000e+00  0.000000e+00  1.469610e+10  0.000000e+00  0.000000e+00  2.350640e+09  2.041022e+09  1.830615e+09  1.719518e+09
4.816535e+04  1.632178e+09  0.000000e+00  0.000000e+00  1.467911e+10  0.000000e+00  0.000000e+00  2.347398e+09  2.038103e+09  1.827943e+09  1.716985e+09
4.821345e+04  1.630291e+09  0.000000e+00  0.000000e+00  1.466214e+10  0.000000e+00  0.000000e+00  2.344167e+09  2.035183e+09  1.825271e+09  1.714457e+09
4.826160e+04  1.628407e+09  0.000000e+00  0.000000e+00  1.464520e+10  0.000000e+00  0.000000e+00  2.340932e+09  2.032268e+09  1.822601e+09  1.711922e+09
4.830980e+04  1.626524e+09  0.000000e+00  0.000000e+00  1.462826e+10  0.000000e+00  0.000000e+00  2.337695e+09  2.029359e+09  1.819935e+09  1.709397e+09
4.835805e+04  1.624643e+09  0.000000e+00  0.000000e+00  1.461135e+10  0.000000e+00  0.000000e+00  2.334473e+09  2.026436e+09  1.817272e+09  1.706872e+09
4.840635e+04  1.622764e+09  0.000000e+00  0.000000e+00  1.459445e+10  0.000000e+00  0.000000e+00  2.331237e+09  2.023532e+09  1.814608e+09  1.704347e+09
4.845469e+04  1.620887e+09  0.000000e+00  0.000000e+00  1.457757e+10  0.000000e+00  0.000000e+00  2.328020e+09  2.020633e+09  1.811949e+09  1.701819e+09
4.850309e+04  1.619012e+09  0.000000e+00  0.000000e+00  1.456071e+10  0.000000e+00  0.000000e+00  2.324802e+09  2.017727e+09  1.809295e+09  1.699305e+09
4.855153e+04  1.617139e+09  0.000000e+00  0.000000e+00  1.454386e+10  0.000000e+00  0.000000e+00  2.321578e+09  2.014828e+09  1.806640e+09  1.696789e+09
4.860002e+04  1.615268e+09  0.000000e+00  0.000000e+00  1.452703e+10  0.000000e+00  0.000000e+00  2.318371e+09  2.011923e+09  1.803990e+09  1.694272e+09
4.864855e+04  1.613399e+09  0.000000e+00  0.000000e+00  1.451022e+10  0.000000e+00  0.000000e+00  2.315159e+09  2.009033e+09  1.801343e+09  1.691764e+09
4.869714e+04  1.611531e+09  0.000000e+00  0.000000e+00  1.449342e+10  0.000000e+00  0.000000e+00  2.311948e+09  2.006142e+09  1.798692e+09  1.689247e+09
4.874578e+04  1.609666e+09  0.000000e+00  0.000000e+00  1.447665e+10  0.000000e+00  0.000000e+00  2.308737e+09  2.003255e+09  1.796052e+09  1.686747e+09
4.879446e+04  1.607802e+09  0.000000e+00  0.000000e+00  1.445988e+10  0.000000e+00  0.000000e+00  2.305529e+09  2.000365e+09  1.793409e+09  1.684241e+09
4.884319e+04  1.605940e+09  0.000000e+00  0.000000e+00  1.444314e+10  0.000000e+00  0.000000e+00  2.302335e+09  1.997482e+09  1.790768e+09  1.681737e+09
4.889197e+04  1.604080e+09  0.000000e+00  0.000000e+00  1.442641e+10  0.000000e+00  0.000000e+00  2.299131e+09  1.994591e+09  1.788131e+09  1.679233e+09
4.894080e+04  1.602222e+09  0.000000e+00  0.000000e+00  1.440970e+10  0.000000e+00  0.000000e+00  2.295937e+09  1.991712e+09  1.785496e+09  1.676741e+09
4.898968e+04  1.600366e+09  0.000000e+00  0.000000e+00  1.439301e+10  0.000000e+00  0.000000e+00  2.292747e+09  1.988841e+09  1.782863e+09  1.674240e+09
4.903861e+04  1.598512e+09  0.000000e+00  0.000000e+00  1.437633e+10  0.000000e+00  0.000000e+00  2.289555e+09  1.985971e+09  1.780234e+09  1.671750e+09
4.908759e+04  1.596660e+09  0.000000e+00  0.000000e+00  1.435968e+10  0.000000e+00  0.000000e+00  2.286367e+09  1.983087e+09  1.777609e+09  1.669257e+09
4.913661e+04  1.594809e+09  0.000000e+00  0.000000e+00  1.434303e+10  0.000000e+00  0.000000e+00  2.283180e+09  1.980222e+09  1.774983e+09  1.666772e+09
4.918569e+04  1.592961e+09  0.000000e+00  0.000000e+00  1.432641e+10  0.000000e+00  0.000000e+00  2.280002e+09  1.977358e+09  1.772362e+09  1.664281e+09
4.923481e+04  1.591114e+09  0.000000e+00  0.000000e+00  1.430980e+10  0.000000e+00  0.000000e+00  2.276823e+09  1.974490e+09  1.769741e+09  1.661798e+09
4.928398e+04  1.589269e+09  0.000000e+00  0.000000e+00  1.429321e+10  0.000000e+00  0.000000e+00  2.273647e+09  1.971632e+09  1.767127e+09  1.659317e+09
4.933320e+04  1.587426e+09  0.000000e+00  0.000000e+00  1.427663e+10  0.000000e+00  0.000000e+00  2.270480e+09  1.968777e+09  1.764510e+09  1.656833e+09
4.938247e+04  1.585585e+09  0.000000e+00  0.000000e+00  1.426008e+10  0.000000e+00  0.000000e+00  2.267311e+09  1.965925e+09  1.761900e+09  1.654363e+09
4.943179e+04  1.583746e+09  0.000000e+00  0.000000e+00  1.424354e+10  0.000000e+00  0.000000e+00  2.264145e+09  1.963064e+09  1.759287e+09  1.651883e+09
4.948116e+04  1.581909e+09  0.000000e+00  0.000000e+00  1.422701e+10  0.000000e+00  0.000000e+00  2.260979e+09  1.960221e+09  1.756680e+09  1.649415e+09
4.953058e+04  1.580073e+09  0.000000e+00  0.000000e+00  1.421051e+10  0.000000e+00  0.000000e+00  2.257816e+09  1.957371e+09  1.754075e+09  1.646944e+09
4.958005e+04  1.578240e+09  0.000000e+00  0.000000e+00  1.419401e+10  0.000000e+00  0.000000e+00  2.254652e+09  1.954516e+09  1.751475e+09  1.644476e+09
4.962956e+04  1.576408e+09  0.000000e+00  0.000000e+00  1.417754e+10  0.000000e+00  0.000000e+00  2.251502e+09  1.951681e+09  1.748874e+09  1.642013e+09
4.967913e+04  1.574578e+09  0.000000e+00  0.000000e+00  1.416108e+10  0.000000e+00  0.000000e+00  2.248350e+09  1.948840e+09  1.746278e+09  1.639547e+09
4.972875e+04  1.572750e+09  0.000000e+00  0.000000e+00  1.414464e+10  0.000000e+00  0.000000e+00  2.245195e+09  1.946005e+09  1.743681e+09  1.637089e+09
4.977841e+04  1.570924e+09  0.000000e+00  0.000000e+00  1.412822e+10  0.000000e+00  0.000000e+00  2.242050e+09  1.943170e+09  1.741088e+09  1.634630e+09
4.982813e+04  1.569100e+09  0.000000e+00  0.000000e+00  1.411181e+10  0.000000e+00  0.000000e+00  2.238897e+09  1.940329e+09  1.738500e+09  1.632176e+09
4.987789e+04  1.567278e+09  0.000000e+00  0.000000e+00  1.409542e+10  0.000000e+00  0.000000e+00  2.235756e+09  1.937503e+09  1.735910e+09  1.629722e+09
4.992771e+04  1.565457e+09  0.000000e+00  0.000000e+00  1.407905e+10  0.000000e+00  0.000000e+00  2.232620e+09  1.934675e+09  1.733329e+09  1.627268e+09
4.997757e+04  1.563638e+09  0.000000e+00  0.000000e+00  1.406269e+10  0.000000e+00  0.000000e+00  2.229486e+09  1.931856e+09  1.730743e+09  1.624827e+09
5.002749e+04  1.561821e+09  0.000000e+00  0.000000e+00  1.404635e+10  0.000000e+00  0.000000e+00  2.226356e+09  1.929031e+09  1.728165e+09  1.622378e+09
5.007745e+04  1.560006e+09  0.000000e+00  0.000000e+00  1.403003e+10  0.000000e+00  0.000000e+00  2.223228e+09  1.926217e+09  1.725585e+09  1.619937e+09
5.012746e+04  1.558193e+09  0.000000e+00  0.000000e+00  1.401372e+10  0.000000e+00  0.000000e+00  2.220100e+09  1.923396e+09  1.723008e+09  1.617492e+09
5.017753e+04  1.556382e+09  0.000000e+00  0.000000e+00  1.399743e+10  0.000000e+00  0.000000e+00  2.216976e+09  1.920577e+09  1.720436e+09  1.615050e+09
5.022764e+04  1.554572e+09  0.000000e+00  0.000000e+00  1.398116e+10  0.000000e+00  0.000000e+00  2.213845e+09  1.917772e+09  1.717868e+09  1.612618e+09
5.027780e+04  1.552765e+09  0.000000e+00  0.000000e+00  1.396490e+10  0.000000e+00  0.000000e+00  2.210729e+09  1.914964e+09  1.715298e+09  1.610184e+09
5.032802e+04  1.550959e+09  0.000000e+00  0.000000e+00  1.394866e+10  0.000000e+00  0.000000e+00  2.207618e+09  1.912158e+09  1.712733e+09  1.607752e+09
5.037828e+04  1.549155e+09  0.000000e+00  0.000000e+00  1.393244e+10  0.000000e+00  0.000000e+00  2.204504e+09  1.909358e+09  1.710170e+09  1.605324e+09
5.042860e+04  1.547353e+09  0.000000e+00  0.000000e+00  1.391623e+10  0.000000e+00  0.000000e+00  2.201388e+09  1.906555e+09  1.707612e+09  1.602892e+09
5.047896e+04  1.545553e+09  0.000000e+00  0.000000e+00  1.390004e+10  0.000000e+00  0.000000e+00  2.198281e+09  1.903758e+09  1.705054e+09  1.600469e+09
5.052938e+04  1.543754e+09  0.000000e+00  0.000000e+00  1.388387e+10  0.000000e+00  0.000000e+00  2.195184e+09  1.900956e+09  1.702497e+09  1.598046e+09
5.057984e+04  1.541958e+09  0.000000e+00  0.000000e+00  1.386771e+10  0.000000e+00  0.000000e+00  2.192082e+09  1.898162e+09  1.699943e+09  1.595632e+09
5.063036e+04  1.540163e+09  0.000000e+00  0.000000e+00  1.385157e+10  0.000000e+00  0.000000e+00  2.188983e+09  1.895379e+09  1.697395e+09  1.593215e+09
5.068092e+04  1.538370e+09  0.000000e+00  0.000000e+00  1.383544e+10  0.000000e+00  0.000000e+00  2.185880e+09  1.892589e+09  1.694844e+09  1.590795e+09
5.073154e+04  1.536579e+09  0.000000e+00  0.000000e+00  1.381933e+10  0.000000e+00  0.000000e+00  2.182787e+09  1.889803e+09  1.692299e+09  1.588387e+09
5.078221e+04  1.534789e+09  0.000000e+00  0.000000e+00  1.380324e+10  0.000000e+00  0.000000e+00  2.179694e+09  1.887025e+09  1.689759e+09  1.585976e+09
5.083292e+04  1.533002e+09  0.000000e+00  0.000000e+00  1.378716e+10  0.000000e+00  0.000000e+00  2.176617e+09  1.884241e+09  1.687219e+09  1.583565e+09
5.088369e+04  1.531216e+09  0.000000e+00  0.000000e+00  1.377111e+10  0.000000e+00  0.000000e+00  2.173529e+09  1.881472e+09  1.684679e+09  1.581162e+09
5.093451e+04  1.529432e+09  0.000000e+00  0.000000e+00  1.375506e+10  0.000000e+00  0.000000e+00  2.170447e+09  1.878696e+09  1.682142e+09  1.578758e+09
5.098538e+04  1.527650e+09  0.000000e+00  0.000000e+00  1.373904e+10  0.000000e+00  0.000000e+00  2.167370e+09  1.875925e+09  1.679610e+09  1.576359e+09
5.103630e+04  1.525870e+09  0.000000e+00  0.000000e+00  1.372302e+10  0.000000e+00  0.000000e+00  2.164290e+09  1.873155e+09  1.677078e+09  1.573962e+09
5.108727e+04  1.524092e+09  0.000000e+00  0.000000e+00  1.370703e+10  0.000000e+00  0.000000e+00  2.161213e+09  1.870383e+09  1.674550e+09  1.571563e+09
5.113829e+04  1.522315e+09  0.000000e+00  0.000000e+00  1.369105e+10  0.000000e+00  0.000000e+00  2.158151e+09  1.867618e+09  1.672027e+09  1.569168e+09
5.118937e+04  1.520540e+09  0.000000e+00  0.000000e+00  1.367509e+10  0.000000e+00  0.000000e+00  2.155074e+09  1.864858e+09  1.669501e+09  1.566781e+09
5.124049e+04  1.518767e+09  0.000000e+00  0.000000e+00  1.365915e+10  0.000000e+00  0.000000e+00  2.152014e+09  1.862101e+09  1.666985e+09  1.564393e+09
5.129167e+04  1.516996e+09  0.000000e+00  0.000000e+00  1.364322e+10  0.000000e+00  0.000000e+00  2.148953e+09  1.859344e+09  1.664466e+09  1.562003e+09
5.134289e+04  1.515227e+09  0.000000e+00  0.000000e+00  1.362730e+10  0.000000e+00  0.000000e+00  2.145887e+09  1.856599e+09  1.661947e+09  1.559622e+09
5.139417e+04  1.513459e+09  0.000000e+00  0.000000e+00  1.361141e+10  0.000000e+00  0.000000e+00  2.142839e+09  1.853841e+09  1.659436e+09  1.557237e+09
5.144550e+04  1.511694e+09  0.000000e+00  0.000000e+00  1.359553e+10  0.000000e+00  0.000000e+00  2.139781e+09  1.851097e+09  1.656927e+09  1.554859e+09
5.149688e+04  1.509930e+09  0.000000e+00  0.000000e+00  1.357966e+10  0.000000e+00  0.000000e+00  2.136734e+09  1.848358e+09  1.654416e+09  1.552479e+09
5.154831e+04  1.508168e+09  0.000000e+00  0.000000e+00  1.356381e+10  0.000000e+00  0.000000e+00  2.133689e+09  1.845614e+09  1.651913e+09  1.550108e+09
5.159979e+04  1.506407e+09  0.000000e+00  0.000000e+00  1.354798e+10  0.000000e+00  0.000000e+00  2.130636e+09  1.842870e+09  1.649410e+09  1.547739e+09
5.165133e+04  1.504649e+09  0.000000e+00  0.000000e+00  1.353217e+10  0.000000e+00  0.000000e+00  2.127601e+09  1.840141e+09  1.646909e+09  1.545370e+09
5.170291e+04  1.502892e+09  0.000000e+00  0.000000e+00  1.351637e+10  0.000000e+00  0.000000e+00  2.124563e+09  1.837406e+09  1.644411e+09  1.543000e+09
5.175455e+04  1.501137e+09  0.000000e+00  0.000000e+00  1.350058e+10  0.000000e+00  0.000000e+00  2.121520e+09  1.834671e+09  1.641912e+09  1.540637e+09
5.180624e+04  1.499384e+09  0.000000e+00  0.000000e+00  1.348482e+10  0.000000e+00  0.000000e+00  2.118492e+09  1.831939e+09  1.639420e+09  1.538269e+09
5.185798e+04  1.497632e+09  0.000000e+00  0.000000e+00  1.346906e+10  0.000000e+00  0.000000e+00  2.115462e+09  1.829215e+09  1.636933e+09  1.535913e+09
5.190977e+04  1.495883e+09  0.000000e+00  0.000000e+00  1.345333e+10  0.000000e+00  0.000000e+00  2.112430e+09  1.826493e+09  1.634443e+09  1.533558e+09
5.196162e+04  1.494135e+09  0.000000e+00  0.000000e+00  1.343761e+10  0.000000e+00  0.000000e+00  2.109404e+09  1.823770e+09  1.631954e+09  1.531204e+09
5.201351e+04  1.492389e+09  0.000000e+00  0.000000e+00  1.342191e+10  0.000000e+00  0.000000e+00  2.106388e+09  1.821055e+09  1.629474e+09  1.528850e+09
5.206546e+04  1.490644e+09  0.000000e+00  0.000000e+00  1.340622e+10  0.000000e+00  0.000000e+00  2.103365e+09  1.818337e+09  1.626991e+09  1.526501e+09
5.211746e+04  1.488902e+09  0.000000e+00  0.000000e+00  1.339055e+10  0.000000e+00  0.000000e+00  2.100353e+09  1.815623e+09  1.624513e+09  1.524148e+09
5.216951e+04  1.487161e+09  0.000000e+00  0.000000e+00  1.337489e+10  0.000000e+00  0.000000e+00  2.097335e+09  1.812912e+09  1.622042e+09  1.521804e+09
5.222161e+04  1.485422e+09  0.000000e+00  0.000000e+00  1.335925e+10  0.000000e+00  0.000000e+00  2.094326e+09  1.810207e+09  1.619565e+09  1.519462e+09
5.227377e+04  1.483685e+09  0.000000e+00  0.000000e+00  1.334363e+10  0.000000e+00  0.000000e+00  2.091313e+09  1.807501e+09  1.617095e+09  1.517122e+09
5.232598e+04  1.481950e+09  0.000000e+00  0.000000e+00  1.332802e+10  0.000000e+00  0.000000e+00  2.088312e+09  1.804798e+09  1.614626e+09  1.514785e+09
5.237824e+04  1.480216e+09  0.000000e+00  0.000000e+00  1.331243e+10  0.000000e+00  0.000000e+00  2.085309e+09  1.802101e+09  1.612162e+09  1.512443e+09
5.243055e+04  1.478484e+09  0.000000e+00  0.000000e+00  1.329685e+10  0.000000e+00  0.000000e+00  2.082307e+09  1.799403e+09  1.609697e+09  1.510115e+09
5.248291e+04  1.476754e+09  0.000000e+00  0.000000e+00  1.328129e+10  0.000000e+00  0.000000e+00  2.079320e+09  1.796709e+09  1.607237e+09  1.507780e+09
5.253533e+04  1.475026e+09  0.000000e+00  0.000000e+00  1.326575e+10  0.000000e+00  0.000000e+00  2.076326e+09  1.794019e+09  1.604780e+09  1.505457e+09
5.258780e+04  1.473299e+09  0.000000e+00  0.000000e+00  1.325022e+10  0.000000e+00  0.000000e+00  2.073332e+09  1.791327e+09  1.602323e+09  1.503124e+09
5.264032e+04  1.471574e+09  0.000000e+00  0.000000e+00  1.323471e+10  0.000000e+00  0.000000e+00  2.070344e+09  1.788643e+09  1.599870e+09  1.500801e+09
5.269289e+04  1.469851e+09  0.000000e+00  0.000000e+00  1.321921e+10  0.000000e+00  0.000000e+00  2.067364e+09  1.785958e+09  1.597421e+09  1.498478e+09
5.274552e+04  1.468130e+09  0.000000e+00  0.000000e+00  1.320373e+10  0.000000e+00  0.000000e+00  2.064383e+09  1.783278e+09  1.594973e+09  1.496164e+09
5.279819e+04  1.466410e+09  0.000000e+00  0.000000e+00  1.318827e+10  0.000000e+00  0.000000e+00  2.061398e+09  1.780601e+09  1.592526e+09  1.493847e+09
5.285093e+04  1.464693e+09  0.000000e+00  0.000000e+00  1.317282e+10  0.000000e+00  0.000000e+00  2.058426e+09  1.777925e+09  1.590085e+09  1.491535e+09
5.290371e+04  1.462976e+09  0.000000e+00  0.000000e+00  1.315739e+10  0.000000e+00  0.000000e+00  2.055453e+09  1.775252e+09  1.587644e+09  1.489222e+09
5.295655e+04  1.461262e+09  0.000000e+00  0.000000e+00  1.314197e+10  0.000000e+00  0.000000e+00  2.052480e+09  1.772584e+09  1.585205e+09  1.486915e+09
5.300944e+04  1.459550e+09  0.000000e+00  0.000000e+00  1.312657e+10  0.000000e+00  0.000000e+00  2.049508e+09  1.769915e+09  1.582774e+09  1.484605e+09
5.306238e+04  1.457839e+09  0.000000e+00  0.000000e+00  1.311118e+10  0.000000e+00  0.000000e+00  2.046536e+09  1.767244e+09  1.580335e+09  1.482293e+09
5.311584e+04  1.456115e+09  0.000000e+00  0.000000e+00  1.309567e+10  0.000000e+00  0.000000e+00  2.043537e+09  1.764550e+09  1.577872e+09  1.479968e+09
5.316983e+04  1.454377e+09  0.000000e+00  0.000000e+00  1.308005e+10  0.000000e+00  0.000000e+00  2.040533e+09  1.761847e+09  1.575406e+09  1.477630e+09
5.322387e+04  1.452642e+09  0.000000e+00  0.000000e+00  1.306444e+10  0.000000e+00  0.000000e+00  2.037534e+09  1.759149e+09  1.572941e+09  1.475291e+09
5.327796e+04  1.450908e+09  0.000000e+00  0.000000e+00  1.304885e+10  0.000000e+00  0.000000e+00  2.034528e+09  1.756452e+09  1.570478e+09  1.472962e+09
5.333211e+04  1.449176e+09  0.000000e+00  0.000000e+00  1.303327e+10  0.000000e+00  0.000000e+00  2.031532e+09  1.753754e+09  1.568016e+09  1.470629e+09
5.338631e+04  1.447446e+09  0.000000e+00  0.000000e+00  1.301771e+10  0.000000e+00  0.000000e+00  2.028530e+09  1.751062e+09  1.565558e+09  1.468304e+09
5.344057e+04  1.445717e+09  0.000000e+00  0.000000e+00  1.300216e+10  0.000000e+00  0.000000e+00  2.025536e+09  1.748369e+09  1.563098e+09  1.465975e+09
5.349489e+04  1.443991e+09  0.000000e+00  0.000000e+00  1.298664e+10  0.000000e+00  0.000000e+00  2.022542e+09  1.745679e+09  1.560646e+09  1.463648e+09
5.354926e+04  1.442266e+09  0.000000e+00  0.000000e+00  1.297112e+10  0.000000e+00  0.000000e+00  2.019556e+09  1.742993e+09  1.558191e+09  1.461328e+09
5.360368e+04  1.440543e+09  0.000000e+00  0.000000e+00  1.295563e+10  0.000000e+00  0.000000e+00  2.016565e+09  1.740307e+09  1.555742e+09  1.459007e+09
5.365817e+04  1.438822e+09  0.000000e+00  0.000000e+00  1.294015e+10  0.000000e+00  0.000000e+00  2.013578e+09  1.737626e+09  1.553294e+09  1.456686e+09
5.371270e+04  1.437102e+09  0.000000e+00  0.000000e+00  1.292468e+10  0.000000e+00  0.000000e+00  2.010606e+09  1.734949e+09  1.550851e+09  1.454371e+09
5.376729e+04  1.435385e+09  0.000000e+00  0.000000e+00  1.290924e+10  0.000000e+00  0.000000e+00  2.007619e+09  1.732275e+09  1.548406e+09  1.452059e+09
5.382194e+04  1.433669e+09  0.000000e+00  0.000000e+00  1.289381e+10  0.000000e+00  0.000000e+00  2.004648e+09  1.729601e+09  1.545969e+09  1.449749e+09
5.387664e+04  1.431955e+09  0.000000e+00  0.000000e+00  1.287839e+10  0.000000e+00  0.000000e+00  2.001678e+09  1.726929e+09  1.543534e+09  1.447439e+09
5.393140e+04  1.430242e+09  0.000000e+00  0.000000e+00  1.286299e+10  0.000000e+00  0.000000e+00  1.998701e+09  1.724262e+09  1.541097e+09  1.445140e+09
5.398622e+04  1.428532e+09  0.000000e+00  0.000000e+00  1.284761e+10  0.000000e+00  0.000000e+00  1.995735e+09  1.721598e+09  1.538665e+09  1.442836e+09
5.404108e+04  1.426823e+09  0.000000e+00  0.000000e+00  1.283224e+10  0.000000e+00  0.000000e+00  1.992778e+09  1.718937e+09  1.536235e+09  1.440530e+09
5.409601e+04  1.425116e+09  0.000000e+00  0.000000e+00  1.281689e+10  0.000000e+00  0.000000e+00  1.989808e+09  1.716277e+09  1.533813e+09  1.438233e+09
5.415099e+04  1.423411e+09  0.000000e+00  0.000000e+00  1.280155e+10  0.000000e+00  0.000000e+00  1.986855e+09  1.713619e+09  1.531388e+09  1.435940e+09
5.420603e+04  1.421708e+09  0.000000e+00  0.000000e+00  1.278623e+10  0.000000e+00  0.000000e+00  1.983897e+09  1.710968e+09  1.528964e+09  1.433648e+09
5.426112e+04  1.420006e+09  0.000000e+00  0.000000e+00  1.277093e+10  0.000000e+00  0.000000e+00  1.980951e+09  1.708315e+09  1.526545e+09  1.431354e+09
5.431627e+04  1.418306e+09  0.000000e+00  0.000000e+00  1.275564e+10  0.000000e+00  0.000000e+00  1.977997e+09  1.705668e+09  1.524132e+09  1.429070e+09
5.437148e+04  1.416608e+09  0.000000e+00  0.000000e+00  1.274037e+10  0.000000e+00  0.000000e+00  1.975060e+09  1.703025e+09  1.521715e+09  1.426782e+09
5.442674e+04  1.414912e+09  0.000000e+00  0.000000e+00  1.272511e+10  0.000000e+00  0.000000e+00  1.972111e+09  1.700382e+09  1.519308e+09  1.424505e+09
5.448205e+04  1.413217e+09  0.000000e+00  0.000000e+00  1.270987e+10  0.000000e+00  0.000000e+00  1.969176e+09  1.697742e+09  1.516898e+09  1.422219e+09
5.453743e+04  1.411524e+09  0.000000e+00  0.000000e+00  1.269465e+10  0.000000e+00  0.000000e+00  1.966233e+09  1.695104e+09  1.514491e+09  1.419943e+09
5.459286e+04  1.409833e+09  0.000000e+00  0.000000e+00  1.267944e+10  0.000000e+00  0.000000e+00  1.963299e+09  1.692472e+09  1.512087e+09  1.417668e+09
5.464834e+04  1.408144e+09  0.000000e+00  0.000000e+00  1.266425e+10  0.000000e+00  0.000000e+00  1.960370e+09  1.689837e+09  1.509691e+09  1.415396e+09
5.470389e+04  1.406456e+09  0.000000e+00  0.000000e+00  1.264907e+10  0.000000e+00  0.000000e+00  1.957447e+09  1.687211e+09  1.507292e+09  1.413127e+09
5.475948e+04  1.404771e+09  0.000000e+00  0.000000e+00  1.263391e+10  0.000000e+00  0.000000e+00  1.954512e+09  1.684584e+09  1.504895e+09  1.410857e+09
5.481514e+04  1.403087e+09  0.000000e+00  0.000000e+00  1.261876e+10  0.000000e+00  0.000000e+00  1.951594e+09  1.681961e+09  1.502501e+09  1.408591e+09
5.487085e+04  1.401404e+09  0.000000e+00  0.000000e+00  1.260363e+10  0.000000e+00  0.000000e+00  1.948677e+09  1.679340e+09  1.500112e+09  1.406328e+09
5.492662e+04  1.399724e+09  0.000000e+00  0.000000e+00  1.258852e+10  0.000000e+00  0.000000e+00  1.945759e+09  1.676725e+09  1.497726e+09  1.404072e+09
5.498245e+04  1.398045e+09  0.000000e+00  0.000000e+00  1.257342e+10  0.000000e+00  0.000000e+00  1.942845e+09  1.674110e+09  1.495342e+09  1.401816e+09
5.503833e+04  1.396368e+09  0.000000e+00  0.000000e+00  1.255834e+10  0.000000e+00  0.000000e+00  1.939937e+09  1.671497e+09  1.492959e+09  1.399560e+09
5.509427e+04  1.394693e+09  0.000000e+00  0.000000e+00  1.254327e+10  0.000000e+00  0.000000e+00  1.937031e+09  1.668886e+09  1.490579e+09  1.397301e+09
5.515026e+04  1.393019e+09  0.000000e+00  0.000000e+00  1.252822e+10  0.000000e+00  0.000000e+00  1.934119e+09  1.666280e+09  1.488201e+09  1.395052e+09
5.520632e+04  1.391347e+09  0.000000e+00  0.000000e+00  1.251318e+10  0.000000e+00  0.000000e+00  1.931224e+09  1.663677e+09  1.485825e+09  1.392806e+09
5.526243e+04  1.389677e+09  0.000000e+00  0.000000e+00  1.249816e+10  0.000000e+00  0.000000e+00  1.928321e+09  1.661075e+09  1.483457e+09  1.390565e+09
5.531859e+04  1.388009e+09  0.000000e+00  0.000000e+00  1.248316e+10  0.000000e+00  0.000000e+00  1.925427e+09  1.658480e+09  1.481085e+09  1.388317e+09
5.537482e+04  1.386342e+09  0.000000e+00  0.000000e+00  1.246817e+10  0.000000e+00  0.000000e+00  1.922534e+09  1.655883e+09  1.478719e+09  1.386081e+09
5.543110e+04  1.384678e+09  0.000000e+00  0.000000e+00  1.245320e+10  0.000000e+00  0.000000e+00  1.919647e+09  1.653290e+09  1.476355e+09  1.383843e+09
5.548743e+04  1.383014e+09  0.000000e+00  0.000000e+00  1.243824e+10  0.000000e+00  0.000000e+00  1.916762e+09  1.650701e+09  1.473993e+09  1.381606e+09
5.554383e+04  1.381353e+09  0.000000e+00  0.000000e+00  1.242330e+10  0.000000e+00  0.000000e+00  1.913878e+09  1.648114e+09  1.471636e+09  1.379371e+09
5.560028e+04  1.379693e+09  0.000000e+00  0.000000e+00  1.240837e+10  0.000000e+00  0.000000e+00  1.910990e+09  1.645530e+09  1.469277e+09  1.377142e+09
5.565679e+04  1.378036e+09  0.000000e+00  0.000000e+00  1.239346e+10  0.000000e+00  0.000000e+00  1.908120e+09  1.642947e+09  1.466925e+09  1.374917e+09
5.571336e+04  1.376379e+09  0.000000e+00  0.000000e+00  1.237857e+10  0.000000e+00  0.000000e+00  1.905246e+09  1.640368e+09  1.464573e+09  1.372686e+09
5.576999e+04  1.374725e+09  0.000000e+00  0.000000e+00  1.236369e+10  0.000000e+00  0.000000e+00  1.902365e+09  1.637793e+09  1.462224e+09  1.370466e+09
5.582667e+04  1.373072e+09  0.000000e+00  0.000000e+00  1.234882e+10  0.000000e+00  0.000000e+00  1.899497e+09  1.635219e+09  1.459877e+09  1.368243e+09
5.588341e+04  1.371421e+09  0.000000e+00  0.000000e+00  1.233397e+10  0.000000e+00  0.000000e+00  1.896630e+09  1.632652e+09  1.457538e+09  1.366028e+09
5.594021e+04  1.369772e+09  0.000000e+00  0.000000e+00  1.231914e+10  0.000000e+00  0.000000e+00  1.893769e+09  1.630081e+09  1.455196e+09  1.363811e+09
5.599706e+04  1.368124e+09  0.000000e+00  0.000000e+00  1.230432e+10  0.000000e+00  0.000000e+00  1.890916e+09  1.627519e+09  1.452858e+09  1.361603e+09
5.605397e+04  1.366478e+09  0.000000e+00  0.000000e+00  1.228952e+10  0.000000e+00  0.000000e+00  1.888051e+09  1.624954e+09  1.450520e+09  1.359387e+09
5.611095e+04  1.364834e+09  0.000000e+00  0.000000e+00  1.227473e+10  0.000000e+00  0.000000e+00  1.885199e+09  1.622397e+09  1.448190e+09  1.357186e+09
5.616797e+04  1.363192e+09  0.000000e+00  0.000000e+00  1.225996e+10  0.000000e+00  0.000000e+00  1.882346e+09  1.619840e+09  1.445860e+09  1.354974e+09
5.622506e+04  1.361551e+09  0.000000e+00  0.000000e+00  1.224521e+10  0.000000e+00  0.000000e+00  1.879506e+09  1.617286e+09  1.443532e+09  1.352776e+09
5.628221e+04  1.359912e+09  0.000000e+00  0.000000e+00  1.223047e+10  0.000000e+00  0.000000e+00  1.876656e+09  1.614735e+09  1.441205e+09  1.350576e+09
5.633941e+04  1.358275e+09  0.000000e+00  0.000000e+00  1.221574e+10  0.000000e+00  0.000000e+00  1.873813e+09  1.612187e+09  1.438886e+09  1.348373e+09
5.639667e+04  1.356639e+09  0.000000e+00  0.000000e+00  1.220103e+10  0.000000e+00  0.000000e+00  1.870972e+09  1.609643e+09  1.436563e+09  1.346184e+09
5.645399e+04  1.355005e+09  0.000000e+00  0.000000e+00  1.218634e+10  0.000000e+00  0.000000e+00  1.868139e+09  1.607099e+09  1.434246e+09  1.343988e+09
5.651137e+04  1.353373e+09  0.000000e+00  0.000000e+00  1.217166e+10  0.000000e+00  0.000000e+00  1.865300e+09  1.604558e+09  1.431932e+09  1.341800e+09
5.656880e+04  1.351742e+09  0.000000e+00  0.000000e+00  1.215699e+10  0.000000e+00  0.000000e+00  1.862471e+09  1.602022e+09  1.429619e+09  1.339606e+09
5.662630e+04  1.350113e+09  0.000000e+00  0.000000e+00  1.214234e+10  0.000000e+00  0.000000e+00  1.859645e+09  1.599487e+09  1.427312e+09  1.337425e+09
5.668385e+04  1.348486e+09  0.000000e+00  0.000000e+00  1.212771e+10  0.000000e+00  0.000000e+00  1.856817e+09  1.596955e+09  1.425002e+09  1.335240e+09
5.674146e+04  1.346861e+09  0.000000e+00  0.000000e+00  1.211309e+10  0.000000e+00  0.000000e+00  1.853995e+09  1.594425e+09  1.422700e+09  1.333063e+09
5.679913e+04  1.345237e+09  0.000000e+00  0.000000e+00  1.209849e+10  0.000000e+00  0.000000e+00  1.851178e+09  1.591903e+09  1.420398e+09  1.330881e+09
5.685686e+04  1.343615e+09  0.000000e+00  0.000000e+00  1.208390e+10  0.000000e+00  0.000000e+00  1.848361e+09  1.589378e+09  1.418097e+09  1.328711e+09
5.691465e+04  1.341995e+09  0.000000e+00  0.000000e+00  1.206933e+10  0.000000e+00  0.000000e+00  1.845548e+09  1.586857e+09  1.415804e+09  1.326538e+09
5.697249e+04  1.340376e+09  0.000000e+00  0.000000e+00  1.205477e+10  0.000000e+00  0.000000e+00  1.842743e+09  1.584338e+09  1.413510e+09  1.324363e+09
5.703040e+04  1.338759e+09  0.000000e+00  0.000000e+00  1.204023e+10  0.000000e+00  0.000000e+00  1.839934e+09  1.581824e+09  1.411219e+09  1.322193e+09
5.708836e+04  1.337144e+09  0.000000e+00  0.000000e+00  1.202570e+10  0.000000e+00  0.000000e+00  1.837133e+09  1.579311e+09  1.408928e+09  1.320034e+09
5.714639e+04  1.335530e+09  0.000000e+00  0.000000e+00  1.201119e+10  0.000000e+00  0.000000e+00  1.834333e+09  1.576802e+09  1.406643e+09  1.317870e+09
5.720447e+04  1.333918e+09  0.000000e+00  0.000000e+00  1.199669e+10  0.000000e+00  0.000000e+00  1.831532e+09  1.574297e+09  1.404359e+09  1.315711e+09
5.726261e+04  1.332308e+09  0.000000e+00  0.000000e+00  1.198221e+10  0.000000e+00  0.000000e+00  1.828735e+09  1.571792e+09  1.402079e+09  1.313547e+09
5.732081e+04  1.330700e+09  0.000000e+00  0.000000e+00  1.196774e+10  0.000000e+00  0.000000e+00  1.825947e+09  1.569289e+09  1.399800e+09  1.311398e+09
5.737907e+04  1.329093e+09  0.000000e+00  0.000000e+00  1.195329e+10  0.000000e+00  0.000000e+00  1.823157e+09  1.566790e+09  1.397524e+09  1.309244e+09
5.743738e+04  1.327488e+09  0.000000e+00  0.000000e+00  1.193886e+10  0.000000e+00  0.000000e+00  1.820366e+09  1.564297e+09  1.395250e+09  1.307089e+09
5.749576e+04  1.325884e+09  0.000000e+00  0.000000e+00  1.192443e+10  0.000000e+00  0.000000e+00  1.817585e+09  1.561802e+09  1.392980e+09  1.304944e+09
5.755420e+04  1.324282e+09  0.000000e+00  0.000000e+00  1.191003e+10  0.000000e+00  0.000000e+00  1.814807e+09  1.559312e+09  1.390713e+09  1.302798e+09
5.761269e+04  1.322682e+09  0.000000e+00  0.000000e+00  1.189564e+10  0.000000e+00  0.000000e+00  1.812027e+09  1.556826e+09  1.388446e+09  1.300651e+09
5.767125e+04  1.321083e+09  0.000000e+00  0.000000e+00  1.188126e+10  0.000000e+00  0.000000e+00  1.809248e+09  1.554342e+09  1.386184e+09  1.298515e+09
5.772986e+04  1.319487e+09  0.000000e+00  0.000000e+00  1.186690e+10  0.000000e+00  0.000000e+00  1.806481e+09  1.551861e+09  1.383925e+09  1.296374e+09
5.778854e+04  1.317891e+09  0.000000e+00  0.000000e+00  1.185255e+10  0.000000e+00  0.000000e+00  1.803707e+09  1.549378e+09  1.381667e+09  1.294239e+09
5.784727e+04  1.316298e+09  0.000000e+00  0.000000e+00  1.183822e+10  0.000000e+00  0.000000e+00  1.800947e+09  1.546902e+09  1.379409e+09  1.292106e+09
5.790607e+04  1.314706e+09  0.000000e+00  0.000000e+00  1.182390e+10  0.000000e+00  0.000000e+00  1.798180e+09  1.544431e+09  1.377156e+09  1.289973e+09
5.796492e+04  1.313116e+09  0.000000e+00  0.000000e+00  1.180960e+10  0.000000e+00  0.000000e+00  1.795421e+09  1.541960e+09  1.374910e+09  1.287844e+09
5.802383e+04  1.311527e+09  0.000000e+00  0.000000e+00  1.179532e+10  0.000000e+00  0.000000e+00  1.792664e+09  1.539491e+09  1.372662e+09  1.285725e+09
5.808281e+04  1.309941e+09  0.000000e+00  0.000000e+00  1.178105e+10  0.000000e+00  0.000000e+00  1.789909e+09  1.537027e+09  1.370416e+09  1.283598e+09
5.814184e+04  1.308355e+09  0.000000e+00  0.000000e+00  1.176679e+10  0.000000e+00  0.000000e+00  1.787156e+09  1.534562e+09  1.368173e+09  1.281479e+09
5.820093e+04  1.306772e+09  0.000000e+00  0.000000e+00  1.175255e+10  0.000000e+00  0.000000e+00  1.784415e+09  1.532104e+09  1.365932e+09  1.279359e+09
5.826009e+04  1.305190e+09  0.000000e+00  0.000000e+00  1.173832e+10  0.000000e+00  0.000000e+00  1.781666e+09  1.529645e+09  1.363698e+09  1.277244e+09
5.831930e+04  1.303610e+09  0.000000e+00  0.000000e+00  1.172411e+10  0.000000e+00  0.000000e+00  1.778924e+09  1.527190e+09  1.361462e+09  1.275130e+09
5.837857e+04  1.302031e+09  0.000000e+00  0.000000e+00  1.170991e+10  0.000000e+00  0.000000e+00  1.776182e+09  1.524741e+09  1.359229e+09  1.273021e+09
5.843791e+04  1.300454e+09  0.000000e+00  0.000000e+00  1.169573e+10  0.000000e+00  0.000000e+00  1.773452e+09  1.522291e+09  1.357000e+09  1.270914e+09
5.849730e+04  1.298879e+09  0.000000e+00  0.000000e+00  1.168156e+10  0.000000e+00  0.000000e+00  1.770719e+09  1.519843e+09  1.354773e+09  1.268808e+09
5.855675e+04  1.297305e+09  0.000000e+00  0.000000e+00  1.166741e+10  0.000000e+00  0.000000e+00  1.767984e+09  1.517402e+09  1.352552e+09  1.266699e+09
5.861627e+04  1.295733e+09  0.000000e+00  0.000000e+00  1.165327e+10  0.000000e+00  0.000000e+00  1.765259e+09  1.514961e+09  1.350328e+09  1.264600e+09
5.867585e+04  1.294163e+09  0.000000e+00  0.000000e+00  1.163915e+10  0.000000e+00  0.000000e+00  1.762536e+09  1.512521e+09  1.348108e+09  1.262501e+09
5.873548e+04  1.292594e+09  0.000000e+00  0.000000e+00  1.162504e+10  0.000000e+00  0.000000e+00  1.759805e+09  1.510089e+09  1.345893e+09  1.260405e+09
5.879518e+04  1.291027e+09  0.000000e+00  0.000000e+00  1.161094e+10  0.000000e+00  0.000000e+00  1.757090e+09  1.507655e+09  1.343678e+09  1.258310e+09
5.885493e+04  1.289461e+09  0.000000e+00  0.000000e+00  1.159686e+10  0.000000e+00  0.000000e+00  1.754379e+09  1.505225e+09  1.341470e+09  1.256222e+09
5.891475e+04  1.287897e+09  0.000000e+00  0.000000e+00  1.158280e+10  0.000000e+00  0.000000e+00  1.751664e+09  1.502800e+09  1.339258e+09  1.254137e+09
5.897463e+04  1.286335e+09  0.000000e+00  0.000000e+00  1.156875e+10  0.000000e+00  0.000000e+00  1.748952e+09  1.500373e+09  1.337052e+09  1.252045e+09
5.903457e+04  1.284775e+09  0.000000e+00  0.000000e+00  1.155471e+10  0.000000e+00  0.000000e+00  1.746244e+09  1.497954e+09  1.334849e+09  1.249966e+09
5.909457e+04  1.283216e+09  0.000000e+00  0.000000e+00  1.154069e+10  0.000000e+00  0.000000e+00  1.743544e+09  1.495533e+09  1.332648e+09  1.247879e+09
5.915463e+04  1.281658e+09  0.000000e+00  0.000000e+00  1.152669e+10  0.000000e+00  0.000000e+00  1.740839e+09  1.493117e+09  1.330451e+09  1.245801e+09
5.921476e+04  1.280103e+09  0.000000e+00  0.000000e+00  1.151270e+10  0.000000e+00  0.000000e+00  1.738136e+09  1.490704e+09  1.328256e+09  1.243728e+09
5.927494e+04  1.278549e+09  0.000000e+00  0.000000e+00  1.149872e+10  0.000000e+00  0.000000e+00  1.735445e+09  1.488294e+09  1.326063e+09  1.241657e+09
5.933518e+04  1.276996e+09  0.000000e+00  0.000000e+00  1.148476e+10  0.000000e+00  0.000000e+00  1.732750e+09  1.485887e+09  1.323871e+09  1.239585e+09
5.939549e+04  1.275446e+09  0.000000e+00  0.000000e+00  1.147081e+10  0.000000e+00  0.000000e+00  1.730061e+09  1.483481e+09  1.321681e+09  1.237514e+09
5.945586e+04  1.273896e+09  0.000000e+00  0.000000e+00  1.145688e+10  0.000000e+00  0.000000e+00  1.727374e+09  1.481079e+09  1.319498e+09  1.235451e+09
5.951629e+04  1.272349e+09  0.000000e+00  0.000000e+00  1.144296e+10  0.000000e+00  0.000000e+00  1.724686e+09  1.478680e+09  1.317315e+09  1.233381e+09
5.957678e+04  1.270803e+09  0.000000e+00  0.000000e+00  1.142906e+10  0.000000e+00  0.000000e+00  1.722013e+09  1.476283e+09  1.315135e+09  1.231320e+09
5.963733e+04  1.269258e+09  0.000000e+00  0.000000e+00  1.141517e+10  0.000000e+00  0.000000e+00  1.719329e+09  1.473890e+09  1.312955e+09  1.229265e+09
5.969794e+04  1.267716e+09  0.000000e+00  0.000000e+00  1.140129e+10  0.000000e+00  0.000000e+00  1.716651e+09  1.471499e+09  1.310779e+09  1.227208e+09
5.975862e+04  1.266175e+09  0.000000e+00  0.000000e+00  1.138743e+10  0.000000e+00  0.000000e+00  1.713988e+09  1.469111e+09  1.308607e+09  1.225154e+09
5.981935e+04  1.264635e+09  0.000000e+00  0.000000e+00  1.137359e+10  0.000000e+00  0.000000e+00  1.711313e+09  1.466725e+09  1.306440e+09  1.223098e+09
5.988015e+04  1.263097e+09  0.000000e+00  0.000000e+00  1.135976e+10  0.000000e+00  0.000000e+00  1.708642e+09  1.464341e+09  1.304272e+09  1.221051e+09
5.994101e+04  1.261561e+09  0.000000e+00  0.000000e+00  1.134594e+10  0.000000e+00  0.000000e+00  1.705985e+09  1.461959e+09  1.302105e+09  1.219006e+09
6.000193e+04  1.260026e+09  0.000000e+00  0.000000e+00  1.133214e+10  0.000000e+00  0.000000e+00  1.703322e+09  1.459584e+09  1.299941e+09  1.216961e+09
6.006292e+04  1.258493e+09  0.000000e+00  0.000000e+00  1.131835e+10  0.000000e+00  0.000000e+00  1.700664e+09  1.457207e+09  1.297783e+09  1.214919e+09
6.012396e+04  1.256962e+09  0.000000e+00  0.000000e+00  1.130458e+10  0.000000e+00  0.000000e+00  1.698007e+09  1.454835e+09  1.295624e+09  1.212883e+09
6.018507e+04  1.255432e+09  0.000000e+00  0.000000e+00  1.129082e+10  0.000000e+00  0.000000e+00  1.695356e+09  1.452466e+09  1.293469e+09  1.210843e+09
6.024624e+04  1.253904e+09  0.000000e+00  0.000000e+00  1.127707e+10  0.000000e+00  0.000000e+00  1.692706e+09  1.450099e+09  1.291318e+09  1.208807e+09
6.030747e+04  1.252377e+09  0.000000e+00  0.000000e+00  1.126334e+10  0.000000e+00  0.000000e+00  1.690061e+09  1.447736e+09  1.289168e+09  1.206774e+09
6.036877e+04  1.250852e+09  0.000000e+00  0.000000e+00  1.124963e+10  0.000000e+00  0.000000e+00  1.687421e+09  1.445373e+09  1.287020e+09  1.204748e+09
6.043012e+04  1.249329e+09  0.000000e+00  0.000000e+00  1.123593e+10  0.000000e+00  0.000000e+00  1.684775e+09  1.443017e+09  1.284878e+09  1.202724e+09
6.049154e+04  1.247807e+09  0.000000e+00  0.000000e+00  1.122224e+10  0.000000e+00  0.000000e+00  1.682142e+09  1.440661e+09  1.282734e+09  1.200695e+09
6.055302e+04  1.246286e+09  0.000000e+00  0.000000e+00  1.120857e+10  0.000000e+00  0.000000e+00  1.679502e+09  1.438307e+09  1.280595e+09  1.198672e+09
6.061457e+04  1.244768e+09  0.000000e+00  0.000000e+00  1.119491e+10  0.000000e+00  0.000000e+00  1.676871e+09  1.435956e+09  1.278460e+09  1.196655e+09
6.067617e+04  1.243251e+09  0.000000e+00  0.000000e+00  1.118126e+10  0.000000e+00  0.000000e+00  1.674242e+09  1.433610e+09  1.276323e+09  1.194635e+09
6.073784e+04  1.241735e+09  0.000000e+00  0.000000e+00  1.116763e+10  0.000000e+00  0.000000e+00  1.671622e+09  1.431265e+09  1.274192e+09  1.192622e+09
6.079957e+04  1.240221e+09  0.000000e+00  0.000000e+00  1.115402e+10  0.000000e+00  0.000000e+00  1.668993e+09  1.428923e+09  1.272065e+09  1.190610e+09
6.086137e+04  1.238709e+09  0.000000e+00  0.000000e+00  1.114042e+10  0.000000e+00  0.000000e+00  1.666381e+09  1.426583e+09  1.269935e+09  1.188597e+09
6.092322e+04  1.237198e+09  0.000000e+00  0.000000e+00  1.112683e+10  0.000000e+00  0.000000e+00  1.663758e+09  1.424244e+09  1.267814e+09  1.186594e+09
6.098514e+04  1.235689e+09  0.000000e+00  0.000000e+00  1.111326e+10  0.000000e+00  0.000000e+00  1.661149e+09  1.421910e+09  1.265692e+09  1.184586e+09
6.104713e+04  1.234181e+09  0.000000e+00  0.000000e+00  1.109970e+10  0.000000e+00  0.000000e+00  1.658537e+09  1.419579e+09  1.263571e+09  1.182582e+09
6.110917e+04  1.232675e+09  0.000000e+00  0.000000e+00  1.108615e+10  0.000000e+00  0.000000e+00  1.655924e+09  1.417253e+09  1.261455e+09  1.180584e+09
6.117128e+04  1.231171e+09  0.000000e+00  0.000000e+00  1.107262e+10  0.000000e+00  0.000000e+00  1.653321e+09  1.414927e+09  1.259340e+09  1.178585e+09
6.123346e+04  1.229668e+09  0.000000e+00  0.000000e+00  1.105911e+10  0.000000e+00  0.000000e+00  1.650715e+09  1.412602e+09  1.257230e+09  1.176594e+09
6.129569e+04  1.228167e+09  0.000000e+00  0.000000e+00  1.104561e+10  0.000000e+00  0.000000e+00  1.648119e+09  1.410283e+09  1.255123e+09  1.174596e+09
6.135799e+04  1.226667e+09  0.000000e+00  0.000000e+00  1.103212e+10  0.000000e+00  0.000000e+00  1.645518e+09  1.407965e+09  1.253014e+09  1.172608e+09
6.142035e+04  1.225169e+09  0.000000e+00  0.000000e+00  1.101864e+10  0.000000e+00  0.000000e+00  1.642926e+09  1.405649e+09  1.250912e+09  1.170624e+09
6.148278e+04  1.223672e+09  0.000000e+00  0.000000e+00  1.100518e+10  0.000000e+00  0.000000e+00  1.640334e+09  1.403338e+09  1.248809e+09  1.168635e+09
6.154527e+04  1.222177e+09  0.000000e+00  0.000000e+00  1.099174e+10  0.000000e+00  0.000000e+00  1.637747e+09  1.401029e+09  1.246712e+09  1.166649e+09
6.160782e+04  1.220684e+09  0.000000e+00  0.000000e+00  1.097831e+10  0.000000e+00  0.000000e+00  1.635161e+09  1.398721e+09  1.244617e+09  1.164673e+09
6.167043e+04  1.219192e+09  0.000000e+00  0.000000e+00  1.096489e+10  0.000000e+00  0.000000e+00  1.632576e+09  1.396416e+09  1.242522e+09  1.162695e+09
6.173311e+04  1.217701e+09  0.000000e+00  0.000000e+00  1.095149e+10  0.000000e+00  0.000000e+00  1.629997e+09  1.394115e+09  1.240429e+09  1.160718e+09
6.179586e+04  1.216213e+09  0.000000e+00  0.000000e+00  1.093810e+10  0.000000e+00  0.000000e+00  1.627420e+09  1.391816e+09  1.238341e+09  1.158741e+09
6.185866e+04  1.214726e+09  0.000000e+00  0.000000e+00  1.092472e+10  0.000000e+00  0.000000e+00  1.624846e+09  1.389519e+09  1.236258e+09  1.156771e+09
6.192153e+04  1.213240e+09  0.000000e+00  0.000000e+00  1.091136e+10  0.000000e+00  0.000000e+00  1.622275e+09  1.387226e+09  1.234172e+09  1.154805e+09
6.198447e+04  1.211756e+09  0.000000e+00  0.000000e+00  1.089801e+10  0.000000e+00  0.000000e+00  1.619710e+09  1.384938e+09  1.232093e+09  1.152839e+09
6.204747e+04  1.210273e+09  0.000000e+00  0.000000e+00  1.088468e+10  0.000000e+00  0.000000e+00  1.617143e+09  1.382647e+09  1.230011e+09  1.150874e+09
6.211053e+04  1.208792e+09  0.000000e+00  0.000000e+00  1.087136e+10  0.000000e+00  0.000000e+00  1.614580e+09  1.380362e+09  1.227939e+09  1.148912e+09
6.217366e+04  1.207313e+09  0.000000e+00  0.000000e+00  1.085806e+10  0.000000e+00  0.000000e+00  1.612021e+09  1.378080e+09  1.225863e+09  1.146954e+09
6.223685e+04  1.205835e+09  0.000000e+00  0.000000e+00  1.084476e+10  0.000000e+00  0.000000e+00  1.609463e+09  1.375800e+09  1.223794e+09  1.144997e+09
6.230010e+04  1.204359e+09  0.000000e+00  0.000000e+00  1.083149e+10  0.000000e+00  0.000000e+00  1.606909e+09  1.373522e+09  1.221726e+09  1.143042e+09
6.236342e+04  1.202884e+09  0.000000e+00  0.000000e+00  1.081822e+10  0.000000e+00  0.000000e+00  1.604358e+09  1.371249e+09  1.219660e+09  1.141095e+09
6.242681e+04  1.201411e+09  0.000000e+00  0.000000e+00  1.080497e+10  0.000000e+00  0.000000e+00  1.601810e+09  1.368977e+09  1.217595e+09  1.139147e+09
6.249025e+04  1.199939e+09  0.000000e+00  0.000000e+00  1.079174e+10  0.000000e+00  0.000000e+00  1.599267e+09  1.366709e+09  1.215536e+09  1.137194e+09
6.255377e+04  1.198469e+09  0.000000e+00  0.000000e+00  1.077852e+10  0.000000e+00  0.000000e+00  1.596722e+09  1.364443e+09  1.213478e+09  1.135254e+09
6.261734e+04  1.197000e+09  0.000000e+00  0.000000e+00  1.076531e+10  0.000000e+00  0.000000e+00  1.594184e+09  1.362177e+09  1.211422e+09  1.133313e+09
6.268099e+04  1.195533e+09  0.000000e+00  0.000000e+00  1.075211e+10  0.000000e+00  0.000000e+00  1.591647e+09  1.359918e+09  1.209367e+09  1.131370e+09
6.274469e+04  1.194068e+09  0.000000e+00  0.000000e+00  1.073893e+10  0.000000e+00  0.000000e+00  1.589112e+09  1.357659e+09  1.207319e+09  1.129432e+09
6.280846e+04  1.192604e+09  0.000000e+00  0.000000e+00  1.072577e+10  0.000000e+00  0.000000e+00  1.586580e+09  1.355402e+09  1.205270e+09  1.127499e+09
6.287230e+04  1.191141e+09  0.000000e+00  0.000000e+00  1.071262e+10  0.000000e+00  0.000000e+00  1.584053e+09  1.353149e+09  1.203221e+09  1.125568e+09
6.293620e+04  1.189680e+09  0.000000e+00  0.000000e+00  1.069948e+10  0.000000e+00  0.000000e+00  1.581530e+09  1.350899e+09  1.201179e+09  1.123642e+09
6.300017e+04  1.188221e+09  0.000000e+00  0.000000e+00  1.068635e+10  0.000000e+00  0.000000e+00  1.579010e+09  1.348654e+09  1.199143e+09  1.121714e+09
6.306420e+04  1.186763e+09  0.000000e+00  0.000000e+00  1.067324e+10  0.000000e+00  0.000000e+00  1.576475e+09  1.346398e+09  1.197093e+09  1.119775e+09
6.312947e+04  1.185280e+09  0.000000e+00  0.000000e+00  1.065990e+10  0.000000e+00  0.000000e+00  1.573896e+09  1.344102e+09  1.195007e+09  1.117807e+09
6.319598e+04  1.183772e+09  0.000000e+00  0.000000e+00  1.064634e+10  0.000000e+00  0.000000e+00  1.571297e+09  1.341785e+09  1.192907e+09  1.115824e+09
6.326256e+04  1.182266e+09  0.000000e+00  0.000000e+00  1.063279e+10  0.000000e+00  0.000000e+00  1.568706e+09  1.339475e+09  1.190811e+09  1.113842e+09
6.332921e+04  1.180761e+09  0.000000e+00  0.000000e+00  1.061926e+10  0.000000e+00  0.000000e+00  1.566109e+09  1.337166e+09  1.188713e+09  1.111861e+09
6.339593e+04  1.179258e+09  0.000000e+00  0.000000e+00  1.060574e+10  0.000000e+00  0.000000e+00  1.563516e+09  1.334853e+09  1.186616e+09  1.109882e+09
6.346273e+04  1.177757e+09  0.000000e+00  0.000000e+00  1.059224e+10  0.000000e+00  0.000000e+00  1.560923e+09  1.332546e+09  1.184519e+09  1.107903e+09
6.352959e+04  1.176257e+09  0.000000e+00  0.000000e+00  1.057875e+10  0.000000e+00  0.000000e+00  1.558334e+09  1.330239e+09  1.182427e+09  1.105928e+09
6.359652e+04  1.174759e+09  0.000000e+00  0.000000e+00  1.056528e+10  0.000000e+00  0.000000e+00  1.555746e+09  1.327937e+09  1.180335e+09  1.103953e+09
6.366352e+04  1.173262e+09  0.000000e+00  0.000000e+00  1.055182e+10  0.000000e+00  0.000000e+00  1.553162e+09  1.325633e+09  1.178247e+09  1.101979e+09
6.373060e+04  1.171767e+09  0.000000e+00  0.000000e+00  1.053838e+10  0.000000e+00  0.000000e+00  1.550583e+09  1.323336e+09  1.176160e+09  1.100011e+09
6.379774e+04  1.170274e+09  0.000000e+00  0.000000e+00  1.052495e+10  0.000000e+00  0.000000e+00  1.548004e+09  1.321042e+09  1.174078e+09  1.098046e+09
6.386496e+04  1.168783e+09  0.000000e+00  0.000000e+00  1.051153e+10  0.000000e+00  0.000000e+00  1.545427e+09  1.318749e+09  1.171998e+09  1.096081e+09
6.393224e+04  1.167293e+09  0.000000e+00  0.000000e+00  1.049813e+10  0.000000e+00  0.000000e+00  1.542858e+09  1.316459e+09  1.169919e+09  1.094117e+09
6.399960e+04  1.165804e+09  0.000000e+00  0.000000e+00  1.048474e+10  0.000000e+00  0.000000e+00  1.540288e+09  1.314171e+09  1.167843e+09  1.092158e+09
6.406703e+04  1.164317e+09  0.000000e+00  0.000000e+00  1.047137e+10  0.000000e+00  0.000000e+00  1.537721e+09  1.311887e+09  1.165771e+09  1.090204e+09
6.413453e+04  1.162832e+09  0.000000e+00  0.000000e+00  1.045802e+10  0.000000e+00  0.000000e+00  1.535160e+09  1.309607e+09  1.163704e+09  1.088244e+09
6.420210e+04  1.161349e+09  0.000000e+00  0.000000e+00  1.044467e+10  0.000000e+00  0.000000e+00  1.532598e+09  1.307328e+09  1.161637e+09  1.086292e+09
6.426974e+04  1.159867e+09  0.000000e+00  0.000000e+00  1.043135e+10  0.000000e+00  0.000000e+00  1.530040e+09  1.305051e+09  1.159572e+09  1.084344e+09
6.433745e+04  1.158386e+09  0.000000e+00  0.000000e+00  1.041803e+10  0.000000e+00  0.000000e+00  1.527487e+09  1.302780e+09  1.157510e+09  1.082399e+09
6.440523e+04  1.156908e+09  0.000000e+00  0.000000e+00  1.040473e+10  0.000000e+00  0.000000e+00  1.524937e+09  1.300511e+09  1.155450e+09  1.080458e+09
6.447309e+04  1.155431e+09  0.000000e+00  0.000000e+00  1.039145e+10  0.000000e+00  0.000000e+00  1.522391e+09  1.298244e+09  1.153395e+09  1.078516e+09
6.454102e+04  1.153955e+09  0.000000e+00  0.000000e+00  1.037818e+10  0.000000e+00  0.000000e+00  1.519845e+09  1.295980e+09  1.151340e+09  1.076572e+09
6.460901e+04  1.152481e+09  0.000000e+00  0.000000e+00  1.036493e+10  0.000000e+00  0.000000e+00  1.517301e+09  1.293718e+09  1.149290e+09  1.074640e+09
6.467708e+04  1.151009e+09  0.000000e+00  0.000000e+00  1.035168e+10  0.000000e+00  0.000000e+00  1.514766e+09  1.291460e+09  1.147243e+09  1.072709e+09
6.474523e+04  1.149539e+09  0.000000e+00  0.000000e+00  1.033846e+10  0.000000e+00  0.000000e+00  1.512229e+09  1.289206e+09  1.145196e+09  1.070776e+09
6.481344e+04  1.148069e+09  0.000000e+00  0.000000e+00  1.032525e+10  0.000000e+00  0.000000e+00  1.509697e+09  1.286954e+09  1.143155e+09  1.068849e+09
6.488172e+04  1.146602e+09  0.000000e+00  0.000000e+00  1.031205e+10  0.000000e+00  0.000000e+00  1.507167e+09  1.284704e+09  1.141113e+09  1.066919e+09
6.495008e+04  1.145136e+09  0.000000e+00  0.000000e+00  1.029887e+10  0.000000e+00  0.000000e+00  1.504642e+09  1.282456e+09  1.139077e+09  1.064995e+09
6.501851e+04  1.143672e+09  0.000000e+00  0.000000e+00  1.028570e+10  0.000000e+00  0.000000e+00  1.502117e+09  1.280211e+09  1.137039e+09  1.063074e+09
6.508701e+04  1.142209e+09  0.000000e+00  0.000000e+00  1.027254e+10  0.000000e+00  0.000000e+00  1.499597e+09  1.277970e+09  1.135008e+09  1.061160e+09
6.515558e+04  1.140748e+09  0.000000e+00  0.000000e+00  1.025940e+10  0.000000e+00  0.000000e+00  1.497078e+09  1.275733e+09  1.132978e+09  1.059244e+09
6.522423e+04  1.139289e+09  0.000000e+00  0.000000e+00  1.024628e+10  0.000000e+00  0.000000e+00  1.494564e+09  1.273498e+09  1.130950e+09  1.057327e+09
6.529295e+04  1.137831e+09  0.000000e+00  0.000000e+00  1.023316e+10  0.000000e+00  0.000000e+00  1.492052e+09  1.271266e+09  1.128927e+09  1.055415e+09
6.536174e+04  1.136375e+09  0.000000e+00  0.000000e+00  1.022007e+10  0.000000e+00  0.000000e+00  1.489544e+09  1.269035e+09  1.126906e+09  1.053508e+09
6.543060e+04  1.134920e+09  0.000000e+00  0.000000e+00  1.020698e+10  0.000000e+00  0.000000e+00  1.487039e+09  1.266807e+09  1.124889e+09  1.051603e+09
6.549954e+04  1.133467e+09  0.000000e+00  0.000000e+00  1.019392e+10  0.000000e+00  0.000000e+00  1.484536e+09  1.264586e+09  1.122869e+09  1.049700e+09
6.556855e+04  1.132015e+09  0.000000e+00  0.000000e+00  1.018086e+10  0.000000e+00  0.000000e+00  1.482037e+09  1.262362e+09  1.120856e+09  1.047801e+09
6.563763e+04  1.130565e+09  0.000000e+00  0.000000e+00  1.016782e+10  0.000000e+00  0.000000e+00  1.479543e+09  1.260143e+09  1.118848e+09  1.045902e+09
6.570678e+04  1.129117e+09  0.000000e+00  0.000000e+00  1.015479e+10  0.000000e+00  0.000000e+00  1.477049e+09  1.257928e+09  1.116838e+09  1.044009e+09
6.577601e+04  1.127670e+09  0.000000e+00  0.000000e+00  1.014178e+10  0.000000e+00  0.000000e+00  1.474558e+09  1.255717e+09  1.114833e+09  1.042118e+09
6.584531e+04  1.126225e+09  0.000000e+00  0.000000e+00  1.012879e+10  0.000000e+00  0.000000e+00  1.472070e+09  1.253507e+09  1.112827e+09  1.040226e+09
6.591468e+04  1.124781e+09  0.000000e+00  0.000000e+00  1.011580e+10  0.000000e+00  0.000000e+00  1.469587e+09  1.251298e+09  1.110829e+09  1.038338e+09
6.598412e+04  1.123339e+09  0.000000e+00  0.000000e+00  1.010283e+10  0.000000e+00  0.000000e+00  1.467105e+09  1.249095e+09  1.108832e+09  1.036449e+09
6.605364e+04  1.121899e+09  0.000000e+00  0.000000e+00  1.008988e+10  0.000000e+00  0.000000e+00  1.464625e+09  1.246895e+09  1.106837e+09  1.034570e+09
6.612323e+04  1.120460e+09  0.000000e+00  0.000000e+00  1.007694e+10  0.000000e+00  0.000000e+00  1.462152e+09  1.244696e+09  1.104845e+09  1.032689e+09
6.619290e+04  1.119022e+09  0.000000e+00  0.000000e+00  1.006401e+10  0.000000e+00  0.000000e+00  1.459678e+09  1.242499e+09  1.102853e+09  1.030813e+09
6.626264e+04  1.117587e+09  0.000000e+00  0.000000e+00  1.005110e+10  0.000000e+00  0.000000e+00  1.457211e+09  1.240305e+09  1.100866e+09  1.028936e+09
6.633245e+04  1.116153e+09  0.000000e+00  0.000000e+00  1.003820e+10  0.000000e+00  0.000000e+00  1.454743e+09  1.238117e+09  1.098883e+09  1.027061e+09
6.640234e+04  1.114720e+09  0.000000e+00  0.000000e+00  1.002531e+10  0.000000e+00  0.000000e+00  1.452279e+09  1.235930e+09  1.096900e+09  1.025193e+09
6.647229e+04  1.113289e+09  0.000000e+00  0.000000e+00  1.001244e+10  0.000000e+00  0.000000e+00  1.449820e+09  1.233745e+09  1.094920e+09  1.023324e+09
6.654233e+04  1.111859e+09  0.000000e+00  0.000000e+00  9.999587e+09  0.000000e+00  0.000000e+00  1.447363e+09  1.231561e+09  1.092943e+09  1.021460e+09
6.661243e+04  1.110431e+09  0.000000e+00  0.000000e+00  9.986745e+09  0.000000e+00  0.000000e+00  1.444910e+09  1.229382e+09  1.090970e+09  1.019601e+09
6.668261e+04  1.109005e+09  0.000000e+00  0.000000e+00  9.973916e+09  0.000000e+00  0.000000e+00  1.442457e+09  1.227209e+09  1.089000e+09  1.017738e+09
6.675287e+04  1.107580e+09  0.000000e+00  0.000000e+00  9.961102e+09  0.000000e+00  0.000000e+00  1.440010e+09  1.225035e+09  1.087031e+09  1.015880e+09
6.682320e+04  1.106157e+09  0.000000e+00  0.000000e+00  9.948302e+09  0.000000e+00  0.000000e+00  1.437564e+09  1.222863e+09  1.085062e+09  1.014024e+09
6.689360e+04  1.104735e+09  0.000000e+00  0.000000e+00  9.935515e+09  0.000000e+00  0.000000e+00  1.435122e+09  1.220696e+09  1.083101e+09  1.012175e+09
6.696408e+04  1.103315e+09  0.000000e+00  0.000000e+00  9.922743e+09  0.000000e+00  0.000000e+00  1.432682e+09  1.218533e+09  1.081138e+09  1.010325e+09
6.703463e+04  1.101896e+09  0.000000e+00  0.000000e+00  9.909984e+09  0.000000e+00  0.000000e+00  1.430247e+09  1.216370e+09  1.079180e+09  1.008478e+09
6.710525e+04  1.100479e+09  0.000000e+00  0.000000e+00  9.897240e+09  0.000000e+00  0.000000e+00  1.427813e+09  1.214211e+09  1.077227e+09  1.006631e+09
6.717595e+04  1.099064e+09  0.000000e+00  0.000000e+00  9.884509e+09  0.000000e+00  0.000000e+00  1.425382e+09  1.212055e+09  1.075273e+09  1.004785e+09
6.724673e+04  1.097650e+09  0.000000e+00  0.000000e+00  9.871792e+09  0.000000e+00  0.000000e+00  1.422955e+09  1.209901e+09  1.073321e+09  1.002951e+09
6.731758e+04  1.096237e+09  0.000000e+00  0.000000e+00  9.859090e+09  0.000000e+00  0.000000e+00  1.420530e+09  1.207750e+09  1.071374e+09  1.001109e+09
6.738850e+04  1.094826e+09  0.000000e+00  0.000000e+00  9.846401e+09  0.000000e+00  0.000000e+00  1.418109e+09  1.205600e+09  1.069429e+09  9.992792e+08
6.745950e+04  1.093417e+09  0.000000e+00  0.000000e+00  9.833726e+09  0.000000e+00  0.000000e+00  1.415691e+09  1.203457e+09  1.067485e+09  9.974426e+08
6.753057e+04  1.092009e+09  0.000000e+00  0.000000e+00  9.821064e+09  0.000000e+00  0.000000e+00  1.413273e+09  1.201314e+09  1.065546e+09  9.956153e+08
6.760172e+04  1.090603e+09  0.000000e+00  0.000000e+00  9.808417e+09  0.000000e+00  0.000000e+00  1.410863e+09  1.199173e+09  1.063611e+09  9.937835e+08
6.767294e+04  1.089198e+09  0.000000e+00  0.000000e+00  9.795783e+09  0.000000e+00  0.000000e+00  1.408452e+09  1.197038e+09  1.061673e+09  9.919604e+08
6.774424e+04  1.087795e+09  0.000000e+00  0.000000e+00  9.783164e+09  0.000000e+00  0.000000e+00  1.406045e+09  1.194902e+09  1.059742e+09  9.901390e+08
6.781561e+04  1.086393e+09  0.000000e+00  0.000000e+00  9.770558e+09  0.000000e+00  0.000000e+00  1.403644e+09  1.192771e+09  1.057812e+09  9.883205e+08
6.788706e+04  1.084993e+09  0.000000e+00  0.000000e+00  9.757965e+09  0.000000e+00  0.000000e+00  1.401242e+09  1.190642e+09  1.055888e+09  9.865004e+08
6.795859e+04  1.083595e+09  0.000000e+00  0.000000e+00  9.745387e+09  0.000000e+00  0.000000e+00  1.398844e+09  1.188516e+09  1.053961e+09  9.846894e+08
6.803018e+04  1.082198e+09  0.000000e+00  0.000000e+00  9.732822e+09  0.000000e+00  0.000000e+00  1.396448e+09  1.186395e+09  1.052038e+09  9.828757e+08
6.810186e+04  1.080802e+09  0.000000e+00  0.000000e+00  9.720271e+09  0.000000e+00  0.000000e+00  1.394058e+09  1.184275e+09  1.050120e+09  9.810617e+08
6.817361e+04  1.079408e+09  0.000000e+00  0.000000e+00  9.707734e+09  0.000000e+00  0.000000e+00  1.391667e+09  1.182158e+09  1.048204e+09  9.792576e+08
6.824543e+04  1.078015e+09  0.000000e+00  0.000000e+00  9.695211e+09  0.000000e+00  0.000000e+00  1.389284e+09  1.180044e+09  1.046291e+09  9.774498e+08
6.831733e+04  1.076625e+09  0.000000e+00  0.000000e+00  9.682701e+09  0.000000e+00  0.000000e+00  1.386902e+09  1.177932e+09  1.044378e+09  9.756515e+08
6.838931e+04  1.075235e+09  0.000000e+00  0.000000e+00  9.670205e+09  0.000000e+00  0.000000e+00  1.384521e+09  1.175823e+09  1.042472e+09  9.738464e+08
6.846136e+04  1.073847e+09  0.000000e+00  0.000000e+00  9.657722e+09  0.000000e+00  0.000000e+00  1.382142e+09  1.173717e+09  1.040564e+09  9.720499e+08
6.853349e+04  1.072461e+09  0.000000e+00  0.000000e+00  9.645254e+09  0.000000e+00  0.000000e+00  1.379769e+09  1.171612e+09  1.038661e+09  9.702553e+08
6.860570e+04  1.071076e+09  0.000000e+00  0.000000e+00  9.632798e+09  0.000000e+00  0.000000e+00  1.377400e+09  1.169512e+09  1.036758e+09  9.684675e+08
6.867798e+04  1.069692e+09  0.000000e+00  0.000000e+00  9.620357e+09  0.000000e+00  0.000000e+00  1.375030e+09  1.167414e+09  1.034862e+09  9.666742e+08
6.875033e+04  1.068311e+09  0.000000e+00  0.000000e+00  9.607929e+09  0.000000e+00  0.000000e+00  1.372665e+09  1.165320e+09  1.032967e+09  9.648867e+08
6.882277e+04  1.066930e+09  0.000000e+00  0.000000e+00  9.595515e+09  0.000000e+00  0.000000e+00  1.370302e+09  1.163227e+09  1.031073e+09  9.631024e+08
6.889528e+04  1.065551e+09  0.000000e+00  0.000000e+00  9.583114e+09  0.000000e+00  0.000000e+00  1.367944e+09  1.161137e+09  1.029182e+09  9.613164e+08
6.896786e+04  1.064174e+09  0.000000e+00  0.000000e+00  9.570727e+09  0.000000e+00  0.000000e+00  1.365587e+09  1.159049e+09  1.027295e+09  9.595382e+08
6.904052e+04  1.062798e+09  0.000000e+00  0.000000e+00  9.558353e+09  0.000000e+00  0.000000e+00  1.363233e+09  1.156967e+09  1.025408e+09  9.577600e+08
6.911326e+04  1.061424e+09  0.000000e+00  0.000000e+00  9.545993e+09  0.000000e+00  0.000000e+00  1.360882e+09  1.154884e+09  1.023527e+09  9.559885e+08
6.918608e+04  1.060051e+09  0.000000e+00  0.000000e+00  9.533647e+09  0.000000e+00  0.000000e+00  1.358536e+09  1.152807e+09  1.021644e+09  9.542139e+08
6.925897e+04  1.058680e+09  0.000000e+00  0.000000e+00  9.521314e+09  0.000000e+00  0.000000e+00  1.356193e+09  1.150729e+09  1.019766e+09  9.524411e+08
6.933194e+04  1.057310e+09  0.000000e+00  0.000000e+00  9.508994e+09  0.000000e+00  0.000000e+00  1.353849e+09  1.148656e+09  1.017892e+09  9.506737e+08
6.940499e+04  1.055942e+09  0.000000e+00  0.000000e+00  9.496688e+09  0.000000e+00  0.000000e+00  1.351509e+09  1.146585e+09  1.016020e+09  9.489100e+08
6.947811e+04  1.054575e+09  0.000000e+00  0.000000e+00  9.484396e+09  0.000000e+00  0.000000e+00  1.349175e+09  1.144519e+09  1.014150e+09  9.471438e+08
6.955131e+04  1.053210e+09  0.000000e+00  0.000000e+00  9.472117e+09  0.000000e+00  0.000000e+00  1.346843e+09  1.142454e+09  1.012284e+09  9.453864e+08
6.962459e+04  1.051846e+09  0.000000e+00  0.000000e+00  9.459851e+09  0.000000e+00  0.000000e+00  1.344511e+09  1.140391e+09  1.010417e+09  9.436307e+08
6.969794e+04  1.050483e+09  0.000000e+00  0.000000e+00  9.447599e+09  0.000000e+00  0.000000e+00  1.342184e+09  1.138333e+09  1.008553e+09  9.418726e+08
6.977137e+04  1.049123e+09  0.000000e+00  0.000000e+00  9.435360e+09  0.000000e+00  0.000000e+00  1.339860e+09  1.136276e+09  1.006696e+09  9.401191e+08
6.984488e+04  1.047763e+09  0.000000e+00  0.000000e+00  9.423135e+09  0.000000e+00  0.000000e+00  1.337539e+09  1.134222e+09  1.004840e+09  9.383703e+08
6.991847e+04  1.046405e+09  0.000000e+00  0.000000e+00  9.410923e+09  0.000000e+00  0.000000e+00  1.335220e+09  1.132170e+09  1.002983e+09  9.366213e+08
6.999213e+04  1.045049e+09  0.000000e+00  0.000000e+00  9.398725e+09  0.000000e+00  0.000000e+00  1.332905e+09  1.130122e+09  1.001132e+09  9.348720e+08
7.006587e+04  1.043694e+09  0.000000e+00  0.000000e+00  9.386539e+09  0.000000e+00  0.000000e+00  1.330593e+09  1.128076e+09  9.992810e+08  9.331296e+08
7.013969e+04  1.042341e+09  0.000000e+00  0.000000e+00  9.374368e+09  0.000000e+00  0.000000e+00  1.328284e+09  1.126033e+09  9.974346e+08  9.313910e+08
7.021359e+04  1.040989e+09  0.000000e+00  0.000000e+00  9.362209e+09  0.000000e+00  0.000000e+00  1.325976e+09  1.123994e+09  9.955894e+08  9.296516e+08
7.028756e+04  1.039638e+09  0.000000e+00  0.000000e+00  9.350064e+09  0.000000e+00  0.000000e+00  1.323674e+09  1.121956e+09  9.937502e+08  9.279182e+08
7.036161e+04  1.038289e+09  0.000000e+00  0.000000e+00  9.337932e+09  0.000000e+00  0.000000e+00  1.321373e+09  1.119921e+09  9.919099e+08  9.261799e+08
7.043574e+04  1.036942e+09  0.000000e+00  0.000000e+00  9.325814e+09  0.000000e+00  0.000000e+00  1.319076e+09  1.117889e+09  9.900719e+08  9.244545e+08
7.050995e+04  1.035596e+09  0.000000e+00  0.000000e+00  9.313708e+09  0.000000e+00  0.000000e+00  1.316782e+09  1.115861e+09  9.882374e+08  9.227200e+08
7.058424e+04  1.034252e+09  0.000000e+00  0.000000e+00  9.301616e+09  0.000000e+00  0.000000e+00  1.314488e+09  1.113835e+09  9.864063e+08  9.209996e+08
7.065861e+04  1.032908e+09  0.000000e+00  0.000000e+00  9.289538e+09  0.000000e+00  0.000000e+00  1.312199e+09  1.111811e+09  9.845768e+08  9.192705e+08
7.073305e+04  1.031567e+09  0.000000e+00  0.000000e+00  9.277472e+09  0.000000e+00  0.000000e+00  1.309914e+09  1.109789e+09  9.827525e+08  9.175495e+08
7.080757e+04  1.030227e+09  0.000000e+00  0.000000e+00  9.265420e+09  0.000000e+00  0.000000e+00  1.307630e+09  1.107770e+09  9.809260e+08  9.158353e+08
7.088217e+04  1.028888e+09  0.000000e+00  0.000000e+00  9.253381e+09  0.000000e+00  0.000000e+00  1.305351e+09  1.105757e+09  9.791053e+08  9.141183e+08
7.095685e+04  1.027551e+09  0.000000e+00  0.000000e+00  9.241355e+09  0.000000e+00  0.000000e+00  1.303070e+09  1.103742e+09  9.772855e+08  9.124012e+08
7.103161e+04  1.026215e+09  0.000000e+00  0.000000e+00  9.229343e+09  0.000000e+00  0.000000e+00  1.300797e+09  1.101733e+09  9.754692e+08  9.106897e+08
7.110644e+04  1.024881e+09  0.000000e+00  0.000000e+00  9.217343e+09  0.000000e+00  0.000000e+00  1.298526e+09  1.099725e+09  9.736547e+08  9.089803e+08
7.118136e+04  1.023548e+09  0.000000e+00  0.000000e+00  9.205357e+09  0.000000e+00  0.000000e+00  1.296256e+09  1.097721e+09  9.718458e+08  9.072720e+08
7.125635e+04  1.022217e+09  0.000000e+00  0.000000e+00  9.193384e+09  0.000000e+00  0.000000e+00  1.293991e+09  1.095717e+09  9.700362e+08  9.055704e+08
7.133143e+04  1.020887e+09  0.000000e+00  0.000000e+00  9.181424e+09  0.000000e+00  0.000000e+00  1.291727e+09  1.093718e+09  9.682301e+08  9.038660e+08
7.140658e+04  1.019559e+09  0.000000e+00  0.000000e+00  9.169477e+09  0.000000e+00  0.000000e+00  1.289466e+09  1.091721e+09  9.664265e+08  9.021651e+08
7.148181e+04  1.018232e+09  0.000000e+00  0.000000e+00  9.157543e+09  0.000000e+00  0.000000e+00  1.287210e+09  1.089729e+09  9.646231e+08  9.004710e+08
7.155712e+04  1.016907e+09  0.000000e+00  0.000000e+00  9.145623e+09  0.000000e+00  0.000000e+00  1.284956e+09  1.087737e+09  9.628255e+08  8.987770e+08
7.163251e+04  1.015582e+09  0.000000e+00  0.000000e+00  9.133715e+09  0.000000e+00  0.000000e+00  1.282705e+09  1.085748e+09  9.610281e+08  8.970852e+08
7.170798e+04  1.014260e+09  0.000000e+00  0.000000e+00  9.121821e+09  0.000000e+00  0.000000e+00  1.280453e+09  1.083762e+09  9.592344e+08  8.953919e+08
7.178353e+04  1.012939e+09  0.000000e+00  0.000000e+00  9.109939e+09  0.000000e+00  0.000000e+00  1.278208e+09  1.081780e+09  9.574461e+08  8.937029e+08
7.185916e+04  1.011619e+09  0.000000e+00  0.000000e+00  9.098071e+09  0.000000e+00  0.000000e+00  1.275964e+09  1.079800e+09  9.556549e+08  8.920179e+08
7.193487e+04  1.010301e+09  0.000000e+00  0.000000e+00  9.086216e+09  0.000000e+00  0.000000e+00  1.273727e+09  1.077821e+09  9.538694e+08  8.903379e+08
7.201066e+04  1.008984e+09  0.000000e+00  0.000000e+00  9.074373e+09  0.000000e+00  0.000000e+00  1.271489e+09  1.075846e+09  9.520862e+08  8.886595e+08
7.208652e+04  1.007669e+09  0.000000e+00  0.000000e+00  9.062544e+09  0.000000e+00  0.000000e+00  1.269253e+09  1.073874e+09  9.503042e+08  8.869792e+08
7.216247e+04  1.006355e+09  0.000000e+00  0.000000e+00  9.050728e+09  0.000000e+00  0.000000e+00  1.267023e+09  1.071906e+09  9.485257e+08  8.853056e+08
7.223850e+04  1.005043e+09  0.000000e+00  0.000000e+00  9.038924e+09  0.000000e+00  0.000000e+00  1.264795e+09  1.069937e+09  9.467510e+08  8.836314e+08
7.231461e+04  1.003732e+09  0.000000e+00  0.000000e+00  9.027134e+09  0.000000e+00  0.000000e+00  1.262570e+09  1.067973e+09  9.449766e+08  8.819595e+08
7.239080e+04  1.002422e+09  0.000000e+00  0.000000e+00  9.015357e+09  0.000000e+00  0.000000e+00  1.260345e+09  1.066012e+09  9.432047e+08  8.802897e+08
7.246706e+04  1.001114e+09  0.000000e+00  0.000000e+00  9.003592e+09  0.000000e+00  0.000000e+00  1.258126e+09  1.064051e+09  9.414357e+08  8.786246e+08
7.254341e+04  9.998074e+08  0.000000e+00  0.000000e+00  8.991841e+09  0.000000e+00  0.000000e+00  1.255910e+09  1.062097e+09  9.396691e+08  8.769636e+08
7.261984e+04  9.985022e+08  0.000000e+00  0.000000e+00  8.980102e+09  0.000000e+00  0.000000e+00  1.253695e+09  1.060143e+09  9.379052e+08  8.753033e+08
7.269635e+04  9.971984e+08  0.000000e+00  0.000000e+00  8.968376e+09  0.000000e+00  0.000000e+00  1.251484e+09  1.058192e+09  9.361467e+08  8.736411e+08
7.277294e+04  9.958961e+08  0.000000e+00  0.000000e+00  8.956664e+09  0.000000e+00  0.000000e+00  1.249275e+09  1.056243e+09  9.343866e+08  8.719841e+08
7.284961e+04  9.945951e+08  0.000000e+00  0.000000e+00  8.944964e+09  0.000000e+00  0.000000e+00  1.247068e+09  1.054299e+09  9.326289e+08  8.703332e+08
7.292637e+04  9.932956e+08  0.000000e+00  0.000000e+00  8.933277e+09  0.000000e+00  0.000000e+00  1.244864e+09  1.052355e+09  9.308782e+08  8.686788e+08
7.300320e+04  9.919976e+08  0.000000e+00  0.000000e+00  8.921602e+09  0.000000e+00  0.000000e+00  1.242664e+09  1.050414e+09  9.291253e+08  8.670310e+08
7.308011e+04  9.907009e+08  0.000000e+00  0.000000e+00  8.909941e+09  0.000000e+00  0.000000e+00  1.240469e+09  1.048478e+09  9.273764e+08  8.653829e+08
7.315711e+04  9.894057e+08  0.000000e+00  0.000000e+00  8.898292e+09  0.000000e+00  0.000000e+00  1.238273e+09  1.046543e+09  9.256295e+08  8.637399e+08
7.323418e+04  9.881120e+08  0.000000e+00  0.000000e+00  8.886657e+09  0.000000e+00  0.000000e+00  1.236081e+09  1.044610e+09  9.238880e+08  8.620963e+08
7.331134e+04  9.868196e+08  0.000000e+00  0.000000e+00  8.875034e+09  0.000000e+00  0.000000e+00  1.233894e+09  1.042680e+09  9.221442e+08  8.604552e+08
7.338858e+04  9.855287e+08  0.000000e+00  0.000000e+00  8.863424e+09  0.000000e+00  0.000000e+00  1.231706e+09  1.040754e+09  9.204054e+08  8.588187e+08
7.346590e+04  9.842391e+08  0.000000e+00  0.000000e+00  8.851826e+09  0.000000e+00  0.000000e+00  1.229525e+09  1.038829e+09  9.186711e+08  8.571817e+08
7.354330e+04  9.829510e+08  0.000000e+00  0.000000e+00  8.840242e+09  0.000000e+00  0.000000e+00  1.227343e+09  1.036906e+09  9.169353e+08  8.555513e+08
7.362078e+04  9.816644e+08  0.000000e+00  0.000000e+00  8.828670e+09  0.000000e+00  0.000000e+00  1.225168e+09  1.034990e+09  9.152035e+08  8.539185e+08
7.369835e+04  9.803791e+08  0.000000e+00  0.000000e+00  8.817111e+09  0.000000e+00  0.000000e+00  1.222993e+09  1.033073e+09  9.134749e+08  8.522931e+08
7.377599e+04  9.790952e+08  0.000000e+00  0.000000e+00  8.805564e+09  0.000000e+00  0.000000e+00  1.220821e+09  1.031157e+09  9.117509e+08  8.506673e+08
7.385372e+04  9.778128e+08  0.000000e+00  0.000000e+00  8.794031e+09  0.000000e+00  0.000000e+00  1.218650e+09  1.029246e+09  9.100268e+08  8.490422e+08
7.393153e+04  9.765318e+08  0.000000e+00  0.000000e+00  8.782510e+09  0.000000e+00  0.000000e+00  1.216486e+09  1.027340e+09  9.083049e+08  8.474227e+08
7.400942e+04  9.752522e+08  0.000000e+00  0.000000e+00  8.771001e+09  0.000000e+00  0.000000e+00  1.214321e+09  1.025433e+09  9.065862e+08  8.458049e+08
7.408740e+04  9.739740e+08  0.000000e+00  0.000000e+00  8.759506e+09  0.000000e+00  0.000000e+00  1.212163e+09  1.023532e+09  9.048664e+08  8.441871e+08
7.416545e+04  9.726972e+08  0.000000e+00  0.000000e+00  8.748023e+09  0.000000e+00  0.000000e+00  1.210003e+09  1.021630e+09  9.031541e+08  8.425745e+08
7.424359e+04  9.714218e+08  0.000000e+00  0.000000e+00  8.736552e+09  0.000000e+00  0.000000e+00  1.207848e+09  1.019733e+09  9.014417e+08  8.409597e+08
7.432181e+04  9.701478e+08  0.000000e+00  0.000000e+00  8.725095e+09  0.000000e+00  0.000000e+00  1.205699e+09  1.017838e+09  8.997321e+08  8.393546e+08
7.440011e+04  9.688752e+08  0.000000e+00  0.000000e+00  8.713649e+09  0.000000e+00  0.000000e+00  1.203548e+09  1.015943e+09  8.980248e+08  8.377461e+08
7.447850e+04  9.676040e+08  0.000000e+00  0.000000e+00  8.702217e+09  0.000000e+00  0.000000e+00  1.201403e+09  1.014054e+09  8.963203e+08  8.361398e+08
7.455697e+04  9.663342e+08  0.000000e+00  0.000000e+00  8.690797e+09  0.000000e+00  0.000000e+00  1.199260e+09  1.012169e+09  8.946214e+08  8.345401e+08
7.463552e+04  9.650658e+08  0.000000e+00  0.000000e+00  8.679390e+09  0.000000e+00  0.000000e+00  1.197118e+09  1.010282e+09  8.929215e+08  8.329388e+08
7.471415e+04  9.637989e+08  0.000000e+00  0.000000e+00  8.667995e+09  0.000000e+00  0.000000e+00  1.194977e+09  1.008399e+09  8.912215e+08  8.313389e+08
7.479287e+04  9.625333e+08  0.000000e+00  0.000000e+00  8.656613e+09  0.000000e+00  0.000000e+00  1.192843e+09  1.006520e+09  8.895292e+08  8.297437e+08
7.487167e+04  9.612691e+08  0.000000e+00  0.000000e+00  8.645243e+09  0.000000e+00  0.000000e+00  1.190716e+09  1.004648e+09  8.878401e+08  8.281551e+08
7.495055e+04  9.600063e+08  0.000000e+00  0.000000e+00  8.633886e+09  0.000000e+00  0.000000e+00  1.188568e+09  1.002759e+09  8.861354e+08  8.265524e+08
7.503181e+04  9.587082e+08  0.000000e+00  0.000000e+00  8.622212e+09  0.000000e+00  0.000000e+00  1.186358e+09  1.000814e+09  8.843835e+08  8.249035e+08
7.511545e+04  9.573751e+08  0.000000e+00  0.000000e+00  8.610223e+09  0.000000e+00  0.000000e+00  1.184123e+09  9.988481e+08  8.826107e+08  8.232362e+08
7.519919e+04  9.560436e+08  0.000000e+00  0.000000e+00  8.598248e+09  0.000000e+00  0.000000e+00  1.181894e+09  9.968862e+08  8.808422e+08  8.215670e+08
7.528302e+04  9.547136e+08  0.000000e+00  0.000000e+00  8.586286e+09  0.000000e+00  0.000000e+00  1.179658e+09  9.949173e+08  8.790685e+08  8.198981e+08
7.536694e+04  9.533852e+08  0.000000e+00  0.000000e+00  8.574339e+09  0.000000e+00  0.000000e+00  1.177423e+09  9.929503e+08  8.772944e+08  8.182302e+08
7.545096e+04  9.520583e+08  0.000000e+00  0.000000e+00  8.562405e+09  0.000000e+00  0.000000e+00  1.175188e+09  9.909865e+08  8.755248e+08  8.165662e+08
7.553507e+04  9.507329e+08  0.000000e+00  0.000000e+00  8.550486e+09  0.000000e+00  0.000000e+00  1.172956e+09  9.890233e+08  8.737538e+08  8.148979e+08
7.561928e+04  9.494091e+08  0.000000e+00  0.000000e+00  8.538580e+09  0.000000e+00  0.000000e+00  1.170728e+09  9.870635e+08  8.719906e+08  8.132378e+08
7.570357e+04  9.480869e+08  0.000000e+00  0.000000e+00  8.526688e+09  0.000000e+00  0.000000e+00  1.168505e+09  9.851072e+08  8.702271e+08  8.115799e+08
7.578797e+04  9.467662e+08  0.000000e+00  0.000000e+00  8.514811e+09  0.000000e+00  0.000000e+00  1.166282e+09  9.831533e+08  8.684650e+08  8.099235e+08
7.587245e+04  9.454470e+08  0.000000e+00  0.000000e+00  8.502947e+09  0.000000e+00  0.000000e+00  1.164064e+09  9.812011e+08  8.667067e+08  8.082655e+08
7.595703e+04  9.441294e+08  0.000000e+00  0.000000e+00  8.491096e+09  0.000000e+00  0.000000e+00  1.161846e+09  9.792536e+08  8.649500e+08  8.066135e+08
7.604171e+04  9.428133e+08  0.000000e+00  0.000000e+00  8.479260e+09  0.000000e+00  0.000000e+00  1.159632e+09  9.773089e+08  8.631982e+08  8.049626e+08
7.612648e+04  9.414988e+08  0.000000e+00  0.000000e+00  8.467438e+09  0.000000e+00  0.000000e+00  1.157423e+09  9.753668e+08  8.614471e+08  8.033203e+08
7.621134e+04  9.401858e+08  0.000000e+00  0.000000e+00  8.455629e+09  0.000000e+00  0.000000e+00  1.155217e+09  9.734258e+08  8.597013e+08  8.016768e+08
7.629630e+04  9.388743e+08  0.000000e+00  0.000000e+00  8.443834e+09  0.000000e+00  0.000000e+00  1.153013e+09  9.714905e+08  8.579570e+08  8.000343e+08
7.638135e+04  9.375643e+08  0.000000e+00  0.000000e+00  8.432053e+09  0.000000e+00  0.000000e+00  1.150812e+09  9.695575e+08  8.562136e+08  7.983934e+08
7.646650e+04  9.362559e+08  0.000000e+00  0.000000e+00  8.420286e+09  0.000000e+00  0.000000e+00  1.148616e+09  9.676254e+08  8.544743e+08  7.967572e+08
7.655174e+04  9.349490e+08  0.000000e+00  0.000000e+00  8.408532e+09  0.000000e+00  0.000000e+00  1.146420e+09  9.656987e+08  8.527382e+08  7.951232e+08
7.663708e+04  9.336437e+08  0.000000e+00  0.000000e+00  8.396792e+09  0.000000e+00  0.000000e+00  1.144231e+09  9.637745e+08  8.510044e+08  7.934905e+08
7.672252e+04  9.323398e+08  0.000000e+00  0.000000e+00  8.385066e+09  0.000000e+00  0.000000e+00  1.142041e+09  9.618499e+08  8.492733e+08  7.918609e+08
7.680804e+04  9.310375e+08  0.000000e+00  0.000000e+00  8.373354e+09  0.000000e+00  0.000000e+00  1.139857e+09  9.599318e+08  8.475439e+08  7.902376e+08
7.689367e+04  9.297367e+08  0.000000e+00  0.000000e+00  8.361655e+09  0.000000e+00  0.000000e+00  1.137674e+09  9.580162e+08  8.458195e+08  7.886142e+08
7.697939e+04  9.284375e+08  0.000000e+00  0.000000e+00  8.349970e+09  0.000000e+00  0.000000e+00  1.135495e+09  9.561026e+08  8.440965e+08  7.869938e+08
7.706520e+04  9.271397e+08  0.000000e+00  0.000000e+00  8.338298e+09  0.000000e+00  0.000000e+00  1.133321e+09  9.541919e+08  8.423749e+08  7.853735e+08
7.715111e+04  9.258435e+08  0.000000e+00  0.000000e+00  8.326641e+09  0.000000e+00  0.000000e+00  1.131149e+09  9.522833e+08  8.406581e+08  7.837568e+08
7.723712e+04  9.245488e+08  0.000000e+00  0.000000e+00  8.314997e+09  0.000000e+00  0.000000e+00  1.128979e+09  9.503797e+08  8.389411e+08  7.821411e+08
7.732322e+04  9.232556e+08  0.000000e+00  0.000000e+00  8.303366e+09  0.000000e+00  0.000000e+00  1.126812e+09  9.484758e+08  8.372302e+08  7.805337e+08
7.740942e+04  9.219639e+08  0.000000e+00  0.000000e+00  8.291749e+09  0.000000e+00  0.000000e+00  1.124648e+09  9.465764e+08  8.355200e+08  7.789255e+08
7.749571e+04  9.206737e+08  0.000000e+00  0.000000e+00  8.280146e+09  0.000000e+00  0.000000e+00  1.122487e+09  9.446821e+08  8.338118e+08  7.773174e+08
7.758210e+04  9.193850e+08  0.000000e+00  0.000000e+00  8.268556e+09  0.000000e+00  0.000000e+00  1.120329e+09  9.427873e+08  8.321080e+08  7.757133e+08
7.766859e+04  9.180979e+08  0.000000e+00  0.000000e+00  8.256980e+09  0.000000e+00  0.000000e+00  1.118176e+09  9.408965e+08  8.304074e+08  7.741150e+08
7.775517e+04  9.168122e+08  0.000000e+00  0.000000e+00  8.245417e+09  0.000000e+00  0.000000e+00  1.116024e+09  9.390092e+08  8.287090e+08  7.725143e+08
7.784185e+04  9.155280e+08  0.000000e+00  0.000000e+00  8.233868e+09  0.000000e+00  0.000000e+00  1.113877e+09  9.371251e+08  8.270100e+08  7.709193e+08
7.792863e+04  9.142454e+08  0.000000e+00  0.000000e+00  8.222332e+09  0.000000e+00  0.000000e+00  1.111730e+09  9.352431e+08  8.253157e+08  7.693288e+08
7.801550e+04  9.129643e+08  0.000000e+00  0.000000e+00  8.210810e+09  0.000000e+00  0.000000e+00  1.109588e+09  9.333631e+08  8.236265e+08  7.677383e+08
7.810247e+04  9.116846e+08  0.000000e+00  0.000000e+00  8.199302e+09  0.000000e+00  0.000000e+00  1.107450e+09  9.314878e+08  8.219371e+08  7.661482e+08
7.818954e+04  9.104064e+08  0.000000e+00  0.000000e+00  8.187807e+09  0.000000e+00  0.000000e+00  1.105313e+09  9.296133e+08  8.202512e+08  7.645617e+08
7.827670e+04  9.091298e+08  0.000000e+00  0.000000e+00  8.176325e+09  0.000000e+00  0.000000e+00  1.103180e+09  9.277432e+08  8.185691e+08  7.629815e+08
7.836396e+04  9.078546e+08  0.000000e+00  0.000000e+00  8.164857e+09  0.000000e+00  0.000000e+00  1.101051e+09  9.258773e+08  8.168871e+08  7.613976e+08
7.845132e+04  9.065810e+08  0.000000e+00  0.000000e+00  8.153402e+09  0.000000e+00  0.000000e+00  1.098925e+09  9.240120e+08  8.152101e+08  7.598197e+08
7.853878e+04  9.053088e+08  0.000000e+00  0.000000e+00  8.141960e+09  0.000000e+00  0.000000e+00  1.096801e+09  9.221485e+08  8.135350e+08  7.582467e+08
7.862633e+04  9.040381e+08  0.000000e+00  0.000000e+00  8.130532e+09  0.000000e+00  0.000000e+00  1.094679e+09  9.202910e+08  8.118604e+08  7.566699e+08
7.871398e+04  9.027689e+08  0.000000e+00  0.000000e+00  8.119118e+09  0.000000e+00  0.000000e+00  1.092561e+09  9.184332e+08  8.101911e+08  7.550999e+08
7.880173e+04  9.015012e+08  0.000000e+00  0.000000e+00  8.107717e+09  0.000000e+00  0.000000e+00  1.090447e+09  9.165795e+08  8.085252e+08  7.535356e+08
7.888957e+04  9.002350e+08  0.000000e+00  0.000000e+00  8.096329e+09  0.000000e+00  0.000000e+00  1.088334e+09  9.147297e+08  8.068592e+08  7.519700e+08
7.897752e+04  8.989702e+08  0.000000e+00  0.000000e+00  8.084954e+09  0.000000e+00  0.000000e+00  1.086226e+09  9.128823e+08  8.051976e+08  7.504045e+08
7.906556e+04  8.977070e+08  0.000000e+00  0.000000e+00  8.073593e+09  0.000000e+00  0.000000e+00  1.084119e+09  9.110352e+08  8.035361e+08  7.488474e+08
7.915370e+04  8.964452e+08  0.000000e+00  0.000000e+00  8.062245e+09  0.000000e+00  0.000000e+00  1.082018e+09  9.091943e+08  8.018801e+08  7.472869e+08
7.924194e+04  8.951849e+08  0.000000e+00  0.000000e+00  8.050910e+09  0.000000e+00  0.000000e+00  1.079918e+09  9.073546e+08  8.002253e+08  7.457307e+08
7.933028e+04  8.939261e+08  0.000000e+00  0.000000e+00  8.039589e+09  0.000000e+00  0.000000e+00  1.077822e+09  9.055176e+08  7.985727e+08  7.441770e+08
7.941871e+04  8.926687e+08  0.000000e+00  0.000000e+00  8.028281e+09  0.000000e+00  0.000000e+00  1.075729e+09  9.036829e+08  7.969249e+08  7.426287e+08
7.950725e+04  8.914128e+08  0.000000e+00  0.000000e+00  8.016986e+09  0.000000e+00  0.000000e+00  1.073637e+09  9.018531e+08  7.952785e+08  7.410776e+08
7.959588e+04  8.901584e+08  0.000000e+00  0.000000e+00  8.005705e+09  0.000000e+00  0.000000e+00  1.071550e+09  9.000253e+08  7.936332e+08  7.395341e+08
7.968461e+04  8.889055e+08  0.000000e+00  0.000000e+00  7.994436e+09  0.000000e+00  0.000000e+00  1.069465e+09  8.981987e+08  7.919922e+08  7.379897e+08
7.977344e+04  8.876541e+08  0.000000e+00  0.000000e+00  7.983181e+09  0.000000e+00  0.000000e+00  1.067385e+09  8.963765e+08  7.903539e+08  7.364529e+08
7.986237e+04  8.864041e+08  0.000000e+00  0.000000e+00  7.971939e+09  0.000000e+00  0.000000e+00  1.065306e+09  8.945577e+08  7.887184e+08  7.349139e+08
7.995140e+04  8.851555e+08  0.000000e+00  0.000000e+00  7.960711e+09  0.000000e+00  0.000000e+00  1.063230e+09  8.927394e+08  7.870842e+08  7.333775e+08
8.004053e+04  8.839085e+08  0.000000e+00  0.000000e+00  7.949495e+09  0.000000e+00  0.000000e+00  1.061157e+09  8.909253e+08  7.854547e+08  7.318437e+08
8.012975e+04  8.826629e+08  0.000000e+00  0.000000e+00  7.938293e+09  0.000000e+00  0.000000e+00  1.059089e+09  8.891141e+08  7.838240e+08  7.303131e+08
8.021908e+04  8.814187e+08  0.000000e+00  0.000000e+00  7.927104e+09  0.000000e+00  0.000000e+00  1.057021e+09  8.873059e+08  7.822000e+08  7.287842e+08
8.030851e+04  8.801761e+08  0.000000e+00  0.000000e+00  7.915927e+09  0.000000e+00  0.000000e+00  1.054958e+09  8.855002e+08  7.805773e+08  7.272573e+08
8.039803e+04  8.789349e+08  0.000000e+00  0.000000e+00  7.904764e+09  0.000000e+00  0.000000e+00  1.052896e+09  8.836978e+08  7.789548e+08  7.257365e+08
8.048766e+04  8.776951e+08  0.000000e+00  0.000000e+00  7.893615e+09  0.000000e+00  0.000000e+00  1.050839e+09  8.818959e+08  7.773373e+08  7.242174e+08
8.057738e+04  8.764568e+08  0.000000e+00  0.000000e+00  7.882478e+09  0.000000e+00  0.000000e+00  1.048786e+09  8.801008e+08  7.757219e+08  7.226976e+08
8.066721e+04  8.752199e+08  0.000000e+00  0.000000e+00  7.871354e+09  0.000000e+00  0.000000e+00  1.046733e+09  8.783057e+08  7.741101e+08  7.211793e+08
8.075713e+04  8.739845e+08  0.000000e+00  0.000000e+00  7.860243e+09  0.000000e+00  0.000000e+00  1.044686e+09  8.765134e+08  7.724994e+08  7.196658e+08
8.084716e+04  8.727506e+08  0.000000e+00  0.000000e+00  7.849146e+09  0.000000e+00  0.000000e+00  1.042640e+09  8.747234e+08  7.708926e+08  7.181579e+08
8.093729e+04  8.715181e+08  0.000000e+00  0.000000e+00  7.838061e+09  0.000000e+00  0.000000e+00  1.040598e+09  8.729377e+08  7.692862e+08  7.166477e+08
8.102751e+04  8.702870e+08  0.000000e+00  0.000000e+00  7.826990e+09  0.000000e+00  0.000000e+00  1.038557e+09  8.711555e+08  7.676842e+08  7.151410e+08
8.111784e+04  8.690574e+08  0.000000e+00  0.000000e+00  7.815931e+09  0.000000e+00  0.000000e+00  1.036521e+09  8.693736e+08  7.660839e+08  7.136389e+08
8.120827e+04  8.678293e+08  0.000000e+00  0.000000e+00  7.804886e+09  0.000000e+00  0.000000e+00  1.034487e+09  8.675969e+08  7.644881e+08  7.121380e+08
8.129880e+04  8.666026e+08  0.000000e+00  0.000000e+00  7.793853e+09  0.000000e+00  0.000000e+00  1.032457e+09  8.658197e+08  7.628935e+08  7.106390e+08
8.138943e+04  8.653773e+08  0.000000e+00  0.000000e+00  7.782834e+09  0.000000e+00  0.000000e+00  1.030429e+09  8.640476e+08  7.613007e+08  7.091434e+08
8.148016e+04  8.641535e+08  0.000000e+00  0.000000e+00  7.771827e+09  0.000000e+00  0.000000e+00  1.028405e+09  8.622774e+08  7.597110e+08  7.076508e+08
8.157099e+04  8.629311e+08  0.000000e+00  0.000000e+00  7.760833e+09  0.000000e+00  0.000000e+00  1.026382e+09  8.605111e+08  7.581217e+08  7.061584e+08
8.166192e+04  8.617101e+08  0.000000e+00  0.000000e+00  7.749852e+09  0.000000e+00  0.000000e+00  1.024363e+09  8.587478e+08  7.565370e+08  7.046697e+08
8.175296e+04  8.604906e+08  0.000000e+00  0.000000e+00  7.738884e+09  0.000000e+00  0.000000e+00  1.022346e+09  8.569862e+08  7.549565e+08  7.031809e+08
8.184410e+04  8.592725e+08  0.000000e+00  0.000000e+00  7.727930e+09  0.000000e+00  0.000000e+00  1.020333e+09  8.552279e+08  7.533758e+08  7.016950e+08
8.193533e+04  8.580558e+08  0.000000e+00  0.000000e+00  7.716987e+09  0.000000e+00  0.000000e+00  1.018324e+09  8.534698e+08  7.518008e+08  7.002146e+08
8.202667e+04  8.568406e+08  0.000000e+00  0.000000e+00  7.706058e+09  0.000000e+00  0.000000e+00  1.016318e+09  8.517190e+08  7.502261e+08  6.987385e+08
8.211811e+04  8.556268e+08  0.000000e+00  0.000000e+00  7.695142e+09  0.000000e+00  0.000000e+00  1.014311e+09  8.499683e+08  7.486548e+08  6.972576e+08
8.220966e+04  8.544144e+08  0.000000e+00  0.000000e+00  7.684238e+09  0.000000e+00  0.000000e+00  1.012310e+09  8.482183e+08  7.470854e+08  6.957852e+08
8.230130e+04  8.532035e+08  0.000000e+00  0.000000e+00  7.673348e+09  0.000000e+00  0.000000e+00  1.010314e+09  8.464737e+08  7.455164e+08  6.943136e+08
8.239305e+04  8.519940e+08  0.000000e+00  0.000000e+00  7.662470e+09  0.000000e+00  0.000000e+00  1.008317e+09  8.447314e+08  7.439533e+08  6.928463e+08
8.248490e+04  8.507859e+08  0.000000e+00  0.000000e+00  7.651605e+09  0.000000e+00  0.000000e+00  1.006325e+09  8.429937e+08  7.423907e+08  6.913789e+08
8.257685e+04  8.495792e+08  0.000000e+00  0.000000e+00  7.640752e+09  0.000000e+00  0.000000e+00  1.004335e+09  8.412560e+08  7.408318e+08  6.899098e+08
8.266891e+04  8.483739e+08  0.000000e+00  0.000000e+00  7.629913e+09  0.000000e+00  0.000000e+00  1.002349e+09  8.395234e+08  7.392752e+08  6.884503e+08
8.276106e+04  8.471701e+08  0.000000e+00  0.000000e+00  7.619086e+09  0.000000e+00  0.000000e+00  1.000366e+09  8.377908e+08  7.377217e+08  6.869913e+08
8.285332e+04  8.459677e+08  0.000000e+00  0.000000e+00  7.608272e+09  0.000000e+00  0.000000e+00  9.983855e+08  8.360619e+08  7.361714e+08  6.855347e+08
8.294569e+04  8.447667e+08  0.000000e+00  0.000000e+00  7.597471e+09  0.000000e+00  0.000000e+00  9.964066e+08  8.343374e+08  7.346200e+08  6.840769e+08
8.303815e+04  8.435671e+08  0.000000e+00  0.000000e+00  7.586682e+09  0.000000e+00  0.000000e+00  9.944329e+08  8.326140e+08  7.330731e+08  6.826258e+08
8.313072e+04  8.423689e+08  0.000000e+00  0.000000e+00  7.575906e+09  0.000000e+00  0.000000e+00  9.924599e+08  8.308915e+08  7.315303e+08  6.811745e+08
8.322339e+04  8.411722e+08  0.000000e+00  0.000000e+00  7.565143e+09  0.000000e+00  0.000000e+00  9.904929e+08  8.291744e+08  7.299884e+08  6.797283e+08
8.331617e+04  8.399768e+08  0.000000e+00  0.000000e+00  7.554393e+09  0.000000e+00  0.000000e+00  9.885272e+08  8.274604e+08  7.284493e+08  6.782817e+08
8.340905e+04  8.387829e+08  0.000000e+00  0.000000e+00  7.543655e+09  0.000000e+00  0.000000e+00  9.865633e+08  8.257480e+08  7.269146e+08  6.768383e+08
8.350203e+04  8.375903e+08  0.000000e+00  0.000000e+00  7.532930e+09  0.000000e+00  0.000000e+00  9.846030e+08  8.240394e+08  7.253779e+08  6.753956e+08
8.359512e+04  8.363992e+08  0.000000e+00  0.000000e+00  7.522217e+09  0.000000e+00  0.000000e+00  9.826465e+08  8.223318e+08  7.238482e+08  6.739568e+08
8.368830e+04  8.352095e+08  0.000000e+00  0.000000e+00  7.511517e+09  0.000000e+00  0.000000e+00  9.806920e+08  8.206264e+08  7.223183e+08  6.725202e+08
8.378160e+04  8.340211e+08  0.000000e+00  0.000000e+00  7.500830e+09  0.000000e+00  0.000000e+00  9.787401e+08  8.189256e+08  7.207909e+08  6.710906e+08
8.387500e+04  8.328342e+08  0.000000e+00  0.000000e+00  7.490155e+09  0.000000e+00  0.000000e+00  9.767902e+08  8.172273e+08  7.192672e+08  6.696581e+08
8.396850e+04  8.316487e+08  0.000000e+00  0.000000e+00  7.479493e+09  0.000000e+00  0.000000e+00  9.748451e+08  8.155318e+08  7.177461e+08  6.682295e+08
8.406210e+04  8.304646e+08  0.000000e+00  0.000000e+00  7.468843e+09  0.000000e+00  0.000000e+00  9.729027e+08  8.138378e+08  7.162283e+08  6.668005e+08
8.415581e+04  8.292818e+08  0.000000e+00  0.000000e+00  7.458206e+09  0.000000e+00  0.000000e+00  9.709613e+08  8.121478e+08  7.147119e+08  6.653774e+08
8.424963e+04  8.281005e+08  0.000000e+00  0.000000e+00  7.447582e+09  0.000000e+00  0.000000e+00  9.690245e+08  8.104587e+08  7.131963e+08  6.639579e+08
8.434355e+04  8.269205e+08  0.000000e+00  0.000000e+00  7.436970e+09  0.000000e+00  0.000000e+00  9.670913e+08  8.087739e+08  7.116865e+08  6.625357e+08
8.443757e+04  8.257420e+08  0.000000e+00  0.000000e+00  7.426371e+09  0.000000e+00  0.000000e+00  9.651609e+08  8.070905e+08  7.101759e+08  6.611226e+08
8.453170e+04  8.245648e+08  0.000000e+00  0.000000e+00  7.415784e+09  0.000000e+00  0.000000e+00  9.632311e+08  8.054113e+08  7.086706e+08  6.597067e+08
8.462594e+04  8.233891e+08  0.000000e+00  0.000000e+00  7.405209e+09  0.000000e+00  0.000000e+00  9.613066e+08  8.037332e+08  7.071655e+08  6.582921e+08
8.472027e+04  8.222147e+08  0.000000e+00  0.000000e+00  7.394647e+09  0.000000e+00  0.000000e+00  9.593829e+08  8.020597e+08  7.056644e+08  6.568815e+08
8.481472e+04  8.210417e+08  0.000000e+00  0.000000e+00  7.384098e+09  0.000000e+00  0.000000e+00  9.574634e+08  8.003860e+08  7.041645e+08  6.554750e+08
8.490927e+04  8.198701e+08  0.000000e+00  0.000000e+00  7.373561e+09  0.000000e+00  0.000000e+00  9.555462e+08  7.987172e+08  7.026687e+08  6.540703e+08
8.500392e+04  8.186998e+08  0.000000e+00  0.000000e+00  7.363036e+09  0.000000e+00  0.000000e+00  9.536331e+08  7.970518e+08  7.011730e+08  6.526675e+08
8.509868e+04  8.175310e+08  0.000000e+00  0.000000e+00  7.352524e+09  0.000000e+00  0.000000e+00  9.517224e+08  7.953879e+08  6.996819e+08  6.512673e+08
8.519355e+04  8.163635e+08  0.000000e+00  0.000000e+00  7.342025e+09  0.000000e+00  0.000000e+00  9.498131e+08  7.937251e+08  6.981933e+08  6.498714e+08
8.528852e+04  8.151974e+08  0.000000e+00  0.000000e+00  7.331537e+09  0.000000e+00  0.000000e+00  9.479074e+08  7.920681e+08  6.967076e+08  6.484714e+08
8.538360e+04  8.140327e+08  0.000000e+00  0.000000e+00  7.321062e+09  0.000000e+00  0.000000e+00  9.460061e+08  7.904107e+08  6.952209e+08  6.470808e+08
8.547878e+04  8.128694e+08  0.000000e+00  0.000000e+00  7.310600e+09  0.000000e+00  0.000000e+00  9.441074e+08  7.887571e+08  6.937409e+08  6.456893e+08
8.557407e+04  8.117074e+08  0.000000e+00  0.000000e+00  7.300149e+09  0.000000e+00  0.000000e+00  9.422090e+08  7.871073e+08  6.922595e+08  6.442980e+08
8.566947e+04  8.105468e+08  0.000000e+00  0.000000e+00  7.289712e+09  0.000000e+00  0.000000e+00  9.403144e+08  7.854578e+08  6.907834e+08  6.429139e+08
8.576497e+04  8.093876e+08  0.000000e+00  0.000000e+00  7.279286e+09  0.000000e+00  0.000000e+00  9.384239e+08  7.838125e+08  6.893078e+08  6.415292e+08
8.586058e+04  8.082297e+08  0.000000e+00  0.000000e+00  7.268873e+09  0.000000e+00  0.000000e+00  9.365370e+08  7.821702e+08  6.878370e+08  6.401473e+08
8.595629e+04  8.070732e+08  0.000000e+00  0.000000e+00  7.258472e+09  0.000000e+00  0.000000e+00  9.346507e+08  7.805300e+08  6.863676e+08  6.387695e+08
8.605211e+04  8.059181e+08  0.000000e+00  0.000000e+00  7.248083e+09  0.000000e+00  0.000000e+00  9.327698e+08  7.788941e+08  6.848996e+08  6.373938e+08
8.614804e+04  8.047644e+08  0.000000e+00  0.000000e+00  7.237707e+09  0.000000e+00  0.000000e+00  9.308899e+08  7.772592e+08  6.834359e+08  6.360153e+08
8.624408e+04  8.036120e+08  0.000000e+00  0.000000e+00  7.227343e+09  0.000000e+00  0.000000e+00  9.290114e+08  7.756255e+08  6.819737e+08  6.346428e+08
8.634022e+04  8.024610e+08  0.000000e+00  0.000000e+00  7.216991e+09  0.000000e+00  0.000000e+00  9.271386e+08  7.739966e+08  6.805115e+08  6.332761e+08
8.643647e+04  8.013113e+08  0.000000e+00  0.000000e+00  7.206652e+09  0.000000e+00  0.000000e+00  9.252662e+08  7.723708e+08  6.790544e+08  6.319035e+08
8.653283e+04  8.001630e+08  0.000000e+00  0.000000e+00  7.196324e+09  0.000000e+00  0.000000e+00  9.233988e+08  7.707459e+08  6.776014e+08  6.305427e+08
8.662929e+04  7.990161e+08  0.000000e+00  0.000000e+00  7.186009e+09  0.000000e+00  0.000000e+00  9.215326e+08  7.691249e+08  6.761489e+08  6.291778e+08
8.672587e+04  7.978705e+08  0.000000e+00  0.000000e+00  7.175706e+09  0.000000e+00  0.000000e+00  9.196710e+08  7.675041e+08  6.746982e+08  6.278157e+08
8.682255e+04  7.967262e+08  0.000000e+00  0.000000e+00  7.165415e+09  0.000000e+00  0.000000e+00  9.178095e+08  7.658890e+08  6.732488e+08  6.264569e+08
8.691933e+04  7.955834e+08  0.000000e+00  0.000000e+00  7.155137e+09  0.000000e+00  0.000000e+00  9.159528e+08  7.642746e+08  6.718033e+08  6.251021e+08
8.701623e+04  7.944418e+08  0.000000e+00  0.000000e+00  7.144870e+09  0.000000e+00  0.000000e+00  9.140986e+08  7.626626e+08  6.703610e+08  6.237461e+08
8.711323e+04  7.933017e+08  0.000000e+00  0.000000e+00  7.134616e+09  0.000000e+00  0.000000e+00  9.122478e+08  7.610558e+08  6.689208e+08  6.223930e+08
8.721034e+04  7.921628e+08  0.000000e+00  0.000000e+00  7.124374e+09  0.000000e+00  0.000000e+00  9.103988e+08  7.594504e+08  6.674822e+08  6.210485e+08
8.730756e+04  7.910254e+08  0.000000e+00  0.000000e+00  7.114144e+09  0.000000e+00  0.000000e+00  9.085538e+08  7.578458e+08  6.660470e+08  6.196985e+08
8.740489e+04  7.898892e+08  0.000000e+00  0.000000e+00  7.103926e+09  0.000000e+00  0.000000e+00  9.067115e+08  7.562462e+08  6.646136e+08  6.183543e+08
8.750233e+04  7.887545e+08  0.000000e+00  0.000000e+00  7.093721e+09  0.000000e+00  0.000000e+00  9.048708e+08  7.546473e+08  6.631838e+08  6.170111e+08
8.759987e+04  7.876210e+08  0.000000e+00  0.000000e+00  7.083527e+09  0.000000e+00  0.000000e+00  9.030336e+08  7.530515e+08  6.617544e+08  6.156713e+08
8.769753e+04  7.864889e+08  0.000000e+00  0.000000e+00  7.073345e+09  0.000000e+00  0.000000e+00  9.011991e+08  7.514580e+08  6.603284e+08  6.143356e+08
8.779529e+04  7.853582e+08  0.000000e+00  0.000000e+00  7.063176e+09  0.000000e+00  0.000000e+00  8.993678e+08  7.498686e+08  6.589029e+08  6.129958e+08
8.789316e+04  7.842287e+08  0.000000e+00  0.000000e+00  7.053018e+09  0.000000e+00  0.000000e+00  8.975374e+08  7.482800e+08  6.574842e+08  6.116640e+08
8.799114e+04  7.831007e+08  0.000000e+00  0.000000e+00  7.042873e+09  0.000000e+00  0.000000e+00  8.957111e+08  7.466955e+08  6.560653e+08  6.103326e+08
8.808923e+04  7.819739e+08  0.000000e+00  0.000000e+00  7.032739e+09  0.000000e+00  0.000000e+00  8.938885e+08  7.451120e+08  6.546482e+08  6.090018e+08
8.818743e+04  7.808485e+08  0.000000e+00  0.000000e+00  7.022618e+09  0.000000e+00  0.000000e+00  8.920693e+08  7.435342e+08  6.532321e+08  6.076760e+08
8.828574e+04  7.797245e+08  0.000000e+00  0.000000e+00  7.012509e+09  0.000000e+00  0.000000e+00  8.902495e+08  7.419543e+08  6.518205e+08  6.063547e+08
8.838416e+04  7.786017e+08  0.000000e+00  0.000000e+00  7.002411e+09  0.000000e+00  0.000000e+00  8.884343e+08  7.403807e+08  6.504128e+08  6.050285e+08
8.848269e+04  7.774803e+08  0.000000e+00  0.000000e+00  6.992326e+09  0.000000e+00  0.000000e+00  8.866227e+08  7.388095e+08  6.490044e+08  6.037102e+08
8.858133e+04  7.763602e+08  0.000000e+00  0.000000e+00  6.982252e+09  0.000000e+00  0.000000e+00  8.848152e+08  7.372402e+08  6.476006e+08  6.023923e+08
8.868008e+04  7.752415e+08  0.000000e+00  0.000000e+00  6.972191e+09  0.000000e+00  0.000000e+00  8.830077e+08  7.356720e+08  6.461986e+08  6.010795e+08
8.877894e+04  7.741241e+08  0.000000e+00  0.000000e+00  6.962141e+09  0.000000e+00  0.000000e+00  8.812025e+08  7.341052e+08  6.447971e+08  5.997617e+08
8.887790e+04  7.730080e+08  0.000000e+00  0.000000e+00  6.952103e+09  0.000000e+00  0.000000e+00  8.794032e+08  7.325454e+08  6.434013e+08  5.984543e+08
8.897698e+04  7.718932e+08  0.000000e+00  0.000000e+00  6.942077e+09  0.000000e+00  0.000000e+00  8.776098e+08  7.309897e+08  6.420088e+08  5.971490e+08
8.907617e+04  7.707797e+08  0.000000e+00  0.000000e+00  6.932064e+09  0.000000e+00  0.000000e+00  8.757919e+08  7.294152e+08  6.406014e+08  5.958286e+08
8.917964e+04  7.696209e+08  0.000000e+00  0.000000e+00  6.921642e+09  0.000000e+00  0.000000e+00  8.739001e+08  7.277751e+08  6.391343e+08  5.944527e+08
8.928741e+04  7.684170e+08  0.000000e+00  0.000000e+00  6.910815e+09  0.000000e+00  0.000000e+00  8.719784e+08  7.261099e+08  6.376438e+08  5.930548e+08
8.939530e+04  7.672147e+08  0.000000e+00  0.000000e+00  6.900001e+09  0.000000e+00  0.000000e+00  8.700575e+08  7.244445e+08  6.361531e+08  5.916587e+08
8.950332e+04  7.660139e+08  0.000000e+00  0.000000e+00  6.889202e+09  0.000000e+00  0.000000e+00  8.681297e+08  7.227717e+08  6.346570e+08  5.902559e+08
8.961148e+04  7.648146e+08  0.000000e+00  0.000000e+00  6.878416e+09  0.000000e+00  0.000000e+00  8.661985e+08  7.210998e+08  6.331626e+08  5.888550e+08
8.971976e+04  7.636169e+08  0.000000e+00  0.000000e+00  6.867644e+09  0.000000e+00  0.000000e+00  8.642743e+08  7.194297e+08  6.316693e+08  5.874548e+08
8.982818e+04  7.624207e+08  0.000000e+00  0.000000e+00  6.856886e+09  0.000000e+00  0.000000e+00  8.623488e+08  7.177632e+08  6.301798e+08  5.860549e+08
8.993672e+04  7.612261e+08  0.000000e+00  0.000000e+00  6.846142e+09  0.000000e+00  0.000000e+00  8.604296e+08  7.161012e+08  6.286905e+08  5.846579e+08
9.004540e+04  7.600330e+08  0.000000e+00  0.000000e+00  6.835412e+09  0.000000e+00  0.000000e+00  8.585116e+08  7.144407e+08  6.272074e+08  5.832692e+08
9.015421e+04  7.588414e+08  0.000000e+00  0.000000e+00  6.824696e+09  0.000000e+00  0.000000e+00  8.565990e+08  7.127828e+08  6.257258e+08  5.818792e+08
9.026315e+04  7.576514e+08  0.000000e+00  0.000000e+00  6.813993e+09  0.000000e+00  0.000000e+00  8.546864e+08  7.111273e+08  6.242441e+08  5.804898e+08
9.037222e+04  7.564629e+08  0.000000e+00  0.000000e+00  6.803304e+09  0.000000e+00  0.000000e+00  8.527807e+08  7.094754e+08  6.227671e+08  5.791039e+08
9.048143e+04  7.552759e+08  0.000000e+00  0.000000e+00  6.792629e+09  0.000000e+00  0.000000e+00  8.508761e+08  7.078256e+08  6.212934e+08  5.777221e+08
9.059076e+04  7.540905e+08  0.000000e+00  0.000000e+00  6.781968e+09  0.000000e+00  0.000000e+00  8.489744e+08  7.061813e+08  6.198221e+08  5.763442e+08
9.070023e+04  7.529066e+08  0.000000e+00  0.000000e+00  6.771320e+09  0.000000e+00  0.000000e+00  8.470757e+08  7.045380e+08  6.183535e+08  5.749683e+08
9.080983e+04  7.517242e+08  0.000000e+00  0.000000e+00  6.760687e+09  0.000000e+00  0.000000e+00  8.451809e+08  7.028970e+08  6.168889e+08  5.735947e+08
9.091956e+04  7.505434e+08  0.000000e+00  0.000000e+00  6.750066e+09  0.000000e+00  0.000000e+00  8.432891e+08  7.012601e+08  6.154262e+08  5.722219e+08
9.102943e+04  7.493640e+08  0.000000e+00  0.000000e+00  6.739460e+09  0.000000e+00  0.000000e+00  8.414011e+08  6.996256e+08  6.139660e+08  5.708526e+08
9.113943e+04  7.481862e+08  0.000000e+00  0.000000e+00  6.728867e+09  0.000000e+00  0.000000e+00  8.395151e+08  6.979945e+08  6.125072e+08  5.694857e+08
9.124956e+04  7.470099e+08  0.000000e+00  0.000000e+00  6.718288e+09  0.000000e+00  0.000000e+00  8.376352e+08  6.963683e+08  6.110518e+08  5.681227e+08
9.135982e+04  7.458352e+08  0.000000e+00  0.000000e+00  6.707723e+09  0.000000e+00  0.000000e+00  8.357553e+08  6.947416e+08  6.095999e+08  5.667611e+08
9.147022e+04  7.446619e+08  0.000000e+00  0.000000e+00  6.697171e+09  0.000000e+00  0.000000e+00  8.338786e+08  6.931191e+08  6.081509e+08  5.654023e+08
9.158075e+04  7.434902e+08  0.000000e+00  0.000000e+00  6.686633e+09  0.000000e+00  0.000000e+00  8.320068e+08  6.915008e+08  6.067040e+08  5.640479e+08
9.169141e+04  7.423199e+08  0.000000e+00  0.000000e+00  6.676108e+09  0.000000e+00  0.000000e+00  8.301374e+08  6.898846e+08  6.052590e+08  5.626900e+08
9.180221e+04  7.411512e+08  0.000000e+00  0.000000e+00  6.665597e+09  0.000000e+00  0.000000e+00  8.282724e+08  6.882714e+08  6.038186e+08  5.613389e+08
9.191314e+04  7.399840e+08  0.000000e+00  0.000000e+00  6.655100e+09  0.000000e+00  0.000000e+00  8.264097e+08  6.866610e+08  6.023792e+08  5.599946e+08
9.202421e+04  7.388183e+08  0.000000e+00  0.000000e+00  6.644616e+09  0.000000e+00  0.000000e+00  8.245501e+08  6.850525e+08  6.009423e+08  5.586459e+08
9.213541e+04  7.376541e+08  0.000000e+00  0.000000e+00  6.634146e+09  0.000000e+00  0.000000e+00  8.226921e+08  6.834482e+08  5.995098e+08  5.573035e+08
9.224674e+04  7.364914e+08  0.000000e+00  0.000000e+00  6.623689e+09  0.000000e+00  0.000000e+00  8.208403e+08  6.818462e+08  5.980795e+08  5.559639e+08
9.235821e+04  7.353302e+08  0.000000e+00  0.000000e+00  6.613246e+09  0.000000e+00  0.000000e+00  8.189886e+08  6.802478e+08  5.966500e+08  5.546227e+08
9.246982e+04  7.341705e+08  0.000000e+00  0.000000e+00  6.602816e+09  0.000000e+00  0.000000e+00  8.171412e+08  6.786515e+08  5.952258e+08  5.532881e+08
9.258156e+04  7.330123e+08  0.000000e+00  0.000000e+00  6.592399e+09  0.000000e+00  0.000000e+00  8.152986e+08  6.770579e+08  5.938036e+08  5.519569e+08
9.269343e+04  7.318556e+08  0.000000e+00  0.000000e+00  6.581996e+09  0.000000e+00  0.000000e+00  8.134560e+08  6.754685e+08  5.923829e+08  5.506229e+08
9.280544e+04  7.307004e+08  0.000000e+00  0.000000e+00  6.571607e+09  0.000000e+00  0.000000e+00  8.116197e+08  6.738793e+08  5.909662e+08  5.492968e+08
9.291758e+04  7.295467e+08  0.000000e+00  0.000000e+00  6.561231e+09  0.000000e+00  0.000000e+00  8.097838e+08  6.722945e+08  5.895495e+08  5.479710e+08
9.302986e+04  7.283944e+08  0.000000e+00  0.000000e+00  6.550868e+09  0.000000e+00  0.000000e+00  8.079545e+08  6.707142e+08  5.881378e+08  5.466452e+08
9.314228e+04  7.272437e+08  0.000000e+00  0.000000e+00  6.540519e+09  0.000000e+00  0.000000e+00  8.061251e+08  6.691352e+08  5.867288e+08  5.453250e+08
9.325483e+04  7.260945e+08  0.000000e+00  0.000000e+00  6.530183e+09  0.000000e+00  0.000000e+00  8.043006e+08  6.675604e+08  5.853233e+08  5.440088e+08
9.336752e+04  7.249467e+08  0.000000e+00  0.000000e+00  6.519861e+09  0.000000e+00  0.000000e+00  8.024774e+08  6.659868e+08  5.839189e+08  5.426932e+08
9.348034e+04  7.238004e+08  0.000000e+00  0.000000e+00  6.509552e+09  0.000000e+00  0.000000e+00  8.006596e+08  6.644166e+08  5.825160e+08  5.413785e+08
9.359330e+04  7.226556e+08  0.000000e+00  0.000000e+00  6.499256e+09  0.000000e+00  0.000000e+00  7.988430e+08  6.628487e+08  5.811168e+08  5.400706e+08
9.370639e+04  7.215123e+08  0.000000e+00  0.000000e+00  6.488974e+09  0.000000e+00  0.000000e+00  7.970315e+08  6.612842e+08  5.797225e+08  5.387588e+08
9.381963e+04  7.203705e+08  0.000000e+00  0.000000e+00  6.478705e+09  0.000000e+00  0.000000e+00  7.952205e+08  6.597245e+08  5.783293e+08  5.374555e+08
9.393300e+04  7.192302e+08  0.000000e+00  0.000000e+00  6.468449e+09  0.000000e+00  0.000000e+00  7.934143e+08  6.581654e+08  5.769374e+08  5.361513e+08
9.404650e+04  7.180913e+08  0.000000e+00  0.000000e+00  6.458206e+09  0.000000e+00  0.000000e+00  7.916110e+08  6.566100e+08  5.755491e+08  5.348498e+08
9.416015e+04  7.169539e+08  0.000000e+00  0.000000e+00  6.447977e+09  0.000000e+00  0.000000e+00  7.898110e+08  6.550555e+08  5.741629e+08  5.335529e+08
9.427393e+04  7.158180e+08  0.000000e+00  0.000000e+00  6.437761e+09  0.000000e+00  0.000000e+00  7.880142e+08  6.535054e+08  5.727792e+08  5.322568e+08
9.438785e+04  7.146835e+08  0.000000e+00  0.000000e+00  6.427558e+09  0.000000e+00  0.000000e+00  7.862195e+08  6.519590e+08  5.714006e+08  5.309660e+08
9.450190e+04  7.135505e+08  0.000000e+00  0.000000e+00  6.417368e+09  0.000000e+00  0.000000e+00  7.844295e+08  6.504155e+08  5.700223e+08  5.296741e+08
9.461610e+04  7.124190e+08  0.000000e+00  0.000000e+00  6.407192e+09  0.000000e+00  0.000000e+00  7.826402e+08  6.488733e+08  5.686479e+08  5.283880e+08
9.473043e+04  7.112889e+08  0.000000e+00  0.000000e+00  6.397029e+09  0.000000e+00  0.000000e+00  7.808556e+08  6.473342e+08  5.672733e+08  5.270985e+08
9.484490e+04  7.101603e+08  0.000000e+00  0.000000e+00  6.386879e+09  0.000000e+00  0.000000e+00  7.790740e+08  6.457987e+08  5.659040e+08  5.258152e+08
9.495951e+04  7.090332e+08  0.000000e+00  0.000000e+00  6.376742e+09  0.000000e+00  0.000000e+00  7.772948e+08  6.442650e+08  5.645378e+08  5.245351e+08
9.507426e+04  7.079075e+08  0.000000e+00  0.000000e+00  6.366618e+09  0.000000e+00  0.000000e+00  7.755199e+08  6.427360e+08  5.631714e+08  5.232576e+08
9.518914e+04  7.067833e+08  0.000000e+00  0.000000e+00  6.356507e+09  0.000000e+00  0.000000e+00  7.737468e+08  6.412078e+08  5.618105e+08  5.219822e+08
9.530417e+04  7.056606e+08  0.000000e+00  0.000000e+00  6.346410e+09  0.000000e+00  0.000000e+00  7.719789e+08  6.396838e+08  5.604507e+08  5.207111e+08
9.541933e+04  7.045393e+08  0.000000e+00  0.000000e+00  6.336325e+09  0.000000e+00  0.000000e+00  7.702113e+08  6.381618e+08  5.590928e+08  5.194379e+08
9.553463e+04  7.034195e+08  0.000000e+00  0.000000e+00  6.326254e+09  0.000000e+00  0.000000e+00  7.684497e+08  6.366431e+08  5.577383e+08  5.181699e+08
9.565007e+04  7.023011e+08  0.000000e+00  0.000000e+00  6.316196e+09  0.000000e+00  0.000000e+00  7.666894e+08  6.351280e+08  5.563869e+08  5.169042e+08
9.576566e+04  7.011841e+08  0.000000e+00  0.000000e+00  6.306151e+09  0.000000e+00  0.000000e+00  7.649307e+08  6.336135e+08  5.550364e+08  5.156389e+08
9.588138e+04  7.000687e+08  0.000000e+00  0.000000e+00  6.296118e+09  0.000000e+00  0.000000e+00  7.631772e+08  6.321040e+08  5.536912e+08  5.143801e+08
9.599724e+04  6.989546e+08  0.000000e+00  0.000000e+00  6.286099e+09  0.000000e+00  0.000000e+00  7.614257e+08  6.305947e+08  5.523463e+08  5.131230e+08
9.611324e+04  6.978420e+08  0.000000e+00  0.000000e+00  6.276093e+09  0.000000e+00  0.000000e+00  7.596776e+08  6.290906e+08  5.510039e+08  5.118626e+08
9.622938e+04  6.967309e+08  0.000000e+00  0.000000e+00  6.266100e+09  0.000000e+00  0.000000e+00  7.579334e+08  6.275877e+08  5.496665e+08  5.106098e+08
9.634566e+04  6.956212e+08  0.000000e+00  0.000000e+00  6.256120e+09  0.000000e+00  0.000000e+00  7.561909e+08  6.260896e+08  5.483307e+08  5.093586e+08
9.646208e+04  6.945129e+08  0.000000e+00  0.000000e+00  6.246152e+09  0.000000e+00  0.000000e+00  7.544527e+08  6.245930e+08  5.469947e+08  5.081098e+08
9.657865e+04  6.934061e+08  0.000000e+00  0.000000e+00  6.236198e+09  0.000000e+00  0.000000e+00  7.527164e+08  6.230989e+08  5.456632e+08  5.068635e+08
9.669535e+04  6.923007e+08  0.000000e+00  0.000000e+00  6.226257e+09  0.000000e+00  0.000000e+00  7.509832e+08  6.216085e+08  5.443356e+08  5.056189e+08
9.681220e+04  6.911967e+08  0.000000e+00  0.000000e+00  6.216328e+09  0.000000e+00  0.000000e+00  7.492530e+08  6.201195e+08  5.430103e+08  5.043787e+08
9.692918e+04  6.900942e+08  0.000000e+00  0.000000e+00  6.206413e+09  0.000000e+00  0.000000e+00  7.475264e+08  6.186340e+08  5.416851e+08  5.031396e+08
9.704631e+04  6.889931e+08  0.000000e+00  0.000000e+00  6.196510e+09  0.000000e+00  0.000000e+00  7.458029e+08  6.171519e+08  5.403651e+08  5.019016e+08
9.716358e+04  6.878935e+08  0.000000e+00  0.000000e+00  6.186620e+09  0.000000e+00  0.000000e+00  7.440835e+08  6.156719e+08  5.390452e+08  5.006679e+08
9.728099e+04  6.867953e+08  0.000000e+00  0.000000e+00  6.176743e+09  0.000000e+00  0.000000e+00  7.423639e+08  6.141946e+08  5.377301e+08  4.994355e+08
9.739854e+04  6.856985e+08  0.000000e+00  0.000000e+00  6.166879e+09  0.000000e+00  0.000000e+00  7.406500e+08  6.127195e+08  5.364167e+08  4.982058e+08
9.751623e+04  6.846031e+08  0.000000e+00  0.000000e+00  6.157028e+09  0.000000e+00  0.000000e+00  7.389372e+08  6.112493e+08  5.351046e+08  4.969788e+08
9.763407e+04  6.835092e+08  0.000000e+00  0.000000e+00  6.147189e+09  0.000000e+00  0.000000e+00  7.372306e+08  6.097794e+08  5.337977e+08  4.957543e+08
9.775205e+04  6.824166e+08  0.000000e+00  0.000000e+00  6.137364e+09  0.000000e+00  0.000000e+00  7.355231e+08  6.083142e+08  5.324911e+08  4.945323e+08
9.787017e+04  6.813256e+08  0.000000e+00  0.000000e+00  6.127551e+09  0.000000e+00  0.000000e+00  7.338205e+08  6.068505e+08  5.311871e+08  4.933112e+08
9.798844e+04  6.802359e+08  0.000000e+00  0.000000e+00  6.117751e+09  0.000000e+00  0.000000e+00  7.321219e+08  6.053891e+08  5.298854e+08  4.920945e+08
9.810684e+04  6.791476e+08  0.000000e+00  0.000000e+00  6.107963e+09  0.000000e+00  0.000000e+00  7.304251e+08  6.039325e+08  5.285872e+08  4.908790e+08
9.822539e+04  6.780608e+08  0.000000e+00  0.000000e+00  6.098189e+09  0.000000e+00  0.000000e+00  7.287320e+08  6.024770e+08  5.272933e+08  4.896659e+08
9.834409e+04  6.769753e+08  0.000000e+00  0.000000e+00  6.088427e+09  0.000000e+00  0.000000e+00  7.270397e+08  6.010238e+08  5.259988e+08  4.884563e+08
9.846292e+04  6.758913e+08  0.000000e+00  0.000000e+00  6.078678e+09  0.000000e+00  0.000000e+00  7.253535e+08  5.995752e+08  5.247080e+08  4.872474e+08
9.858190e+04  6.748087e+08  0.000000e+00  0.000000e+00  6.068941e+09  0.000000e+00  0.000000e+00  7.236683e+08  5.981285e+08  5.234206e+08  4.860419e+08
9.870103e+04  6.737275e+08  0.000000e+00  0.000000e+00  6.059218e+09  0.000000e+00  0.000000e+00  7.219859e+08  5.966836e+08  5.221331e+08  4.848380e+08
9.882030e+04  6.726477e+08  0.000000e+00  0.000000e+00  6.049506e+09  0.000000e+00  0.000000e+00  7.203068e+08  5.952422e+08  5.208491e+08  4.836380e+08
9.893971e+04  6.715694e+08  0.000000e+00  0.000000e+00  6.039808e+09  0.000000e+00  0.000000e+00  7.186322e+08  5.938041e+08  5.195683e+08  4.824379e+08
9.905927e+04  6.704924e+08  0.000000e+00  0.000000e+00  6.030122e+09  0.000000e+00  0.000000e+00  7.169585e+08  5.923671e+08  5.182921e+08  4.812420e+08
9.917897e+04  6.694168e+08  0.000000e+00  0.000000e+00  6.020449e+09  0.000000e+00  0.000000e+00  7.152895e+08  5.909332e+08  5.170159e+08  4.800477e+08
9.929881e+04  6.683427e+08  0.000000e+00  0.000000e+00  6.010788e+09  0.000000e+00  0.000000e+00  7.136211e+08  5.895028e+08  5.157427e+08  4.788574e+08
9.941880e+04  6.672699e+08  0.000000e+00  0.000000e+00  6.001140e+09  0.000000e+00  0.000000e+00  7.119564e+08  5.880764e+08  5.144717e+08  4.776676e+08
9.953894e+04  6.661985e+08  0.000000e+00  0.000000e+00  5.991505e+09  0.000000e+00  0.000000e+00  7.102965e+08  5.866501e+08  5.132012e+08  4.764804e+08
9.965922e+04  6.651286e+08  0.000000e+00  0.000000e+00  5.981882e+09  0.000000e+00  0.000000e+00  7.086388e+08  5.852287e+08  5.119360e+08  4.752962e+08
9.977965e+04  6.640600e+08  0.000000e+00  0.000000e+00  5.972272e+09  0.000000e+00  0.000000e+00  7.069842e+08  5.838079e+08  5.106717e+08  4.741143e+08
9.990022e+04  6.629928e+08  0.000000e+00  0.000000e+00  5.962674e+09  0.000000e+00  0.000000e+00  7.053313e+08  5.823905e+08  5.094117e+08  4.729339e+08
1.000209e+05  6.619270e+08  0.000000e+00  0.000000e+00  5.953089e+09  0.000000e+00  0.000000e+00  7.036807e+08  5.809765e+08  5.081536e+08  4.717570e+08
1.001418e+05  6.608626e+08  0.000000e+00  0.000000e+00  5.943516e+09  0.000000e+00  0.000000e+00  7.020362e+08  5.795636e+08  5.068965e+08  4.705818e+08
1.002628e+05  6.597996e+08  0.000000e+00  0.000000e+00  5.933956e+09  0.000000e+00  0.000000e+00  7.003927e+08  5.781561e+08  5.056440e+08  4.694086e+08
1.003840e+05  6.587380e+08  0.000000e+00  0.000000e+00  5.924408e+09  0.000000e+00  0.000000e+00  6.987521e+08  5.767489e+08  5.043922e+08  4.682377e+08
1.005053e+05  6.576778e+08  0.000000e+00  0.000000e+00  5.914873e+09  0.000000e+00  0.000000e+00  6.971140e+08  5.753457e+08  5.031438e+08  4.670698e+08
1.006267e+05  6.566189e+08  0.000000e+00  0.000000e+00  5.905350e+09  0.000000e+00  0.000000e+00  6.954782e+08  5.739450e+08  5.018973e+08  4.659044e+08
1.007483e+05  6.555615e+08  0.000000e+00  0.000000e+00  5.895840e+09  0.000000e+00  0.000000e+00  6.938471e+08  5.725453e+08  5.006519e+08  4.647406e+08
1.008701e+05  6.545054e+08  0.000000e+00  0.000000e+00  5.886342e+09  0.000000e+00  0.000000e+00  6.922189e+08  5.711509e+08  4.994107e+08  4.635793e+08
1.009919e+05  6.534507e+08  0.000000e+00  0.000000e+00  5.876856e+09  0.000000e+00  0.000000e+00  6.905926e+08  5.697569e+08  4.981719e+08  4.624194e+08
1.011140e+05  6.523973e+08  0.000000e+00  0.000000e+00  5.867383e+09  0.000000e+00  0.000000e+00  6.889690e+08  5.683664e+08  4.969347e+08  4.612636e+08
1.012362e+05  6.513454e+08  0.000000e+00  0.000000e+00  5.857922e+09  0.000000e+00  0.000000e+00  6.873499e+08  5.669793e+08  4.957003e+08  4.601093e+08
1.013585e+05  6.502948e+08  0.000000e+00  0.000000e+00  5.848474e+09  0.000000e+00  0.000000e+00  6.857324e+08  5.655942e+08  4.944697e+08  4.589574e+08
1.014810e+05  6.492456e+08  0.000000e+00  0.000000e+00  5.839038e+09  0.000000e+00  0.000000e+00  6.841189e+08  5.642109e+08  4.932403e+08  4.578070e+08
1.016036e+05  6.481978e+08  0.000000e+00  0.000000e+00  5.829614e+09  0.000000e+00  0.000000e+00  6.825065e+08  5.628319e+08  4.920122e+08  4.566591e+08
1.017264e+05  6.471513e+08  0.000000e+00  0.000000e+00  5.820203e+09  0.000000e+00  0.000000e+00  6.808994e+08  5.614547e+08  4.907898e+08  4.555139e+08
1.018493e+05  6.461063e+08  0.000000e+00  0.000000e+00  5.810804e+09  0.000000e+00  0.000000e+00  6.792940e+08  5.600792e+08  4.895667e+08  4.543713e+08
1.019724e+05  6.450625e+08  0.000000e+00  0.000000e+00  5.801417e+09  0.000000e+00  0.000000e+00  6.776896e+08  5.587083e+08  4.883460e+08  4.532312e+08
1.020956e+05  6.440202e+08  0.000000e+00  0.000000e+00  5.792042e+09  0.000000e+00  0.000000e+00  6.760912e+08  5.573386e+08  4.871299e+08  4.520920e+08
1.022190e+05  6.429792e+08  0.000000e+00  0.000000e+00  5.782680e+09  0.000000e+00  0.000000e+00  6.744934e+08  5.559718e+08  4.859140e+08  4.509567e+08
1.023425e+05  6.419396e+08  0.000000e+00  0.000000e+00  5.773330e+09  0.000000e+00  0.000000e+00  6.728993e+08  5.546078e+08  4.847021e+08  4.498222e+08
1.024662e+05  6.409013e+08  0.000000e+00  0.000000e+00  5.763992e+09  0.000000e+00  0.000000e+00  6.713077e+08  5.532457e+08  4.834933e+08  4.486907e+08
1.025900e+05  6.398644e+08  0.000000e+00  0.000000e+00  5.754667e+09  0.000000e+00  0.000000e+00  6.697206e+08  5.518872e+08  4.822853e+08  4.475608e+08
1.027139e+05  6.388288e+08  0.000000e+00  0.000000e+00  5.745354e+09  0.000000e+00  0.000000e+00  6.681352e+08  5.505303e+08  4.810783e+08  4.464348e+08
1.028381e+05  6.377946e+08  0.000000e+00  0.000000e+00  5.736053e+09  0.000000e+00  0.000000e+00  6.665532e+08  5.491775e+08  4.798774e+08  4.453097e+08
1.029623e+05  6.367618e+08  0.000000e+00  0.000000e+00  5.726764e+09  0.000000e+00  0.000000e+00  6.649735e+08  5.478261e+08  4.786758e+08  4.441873e+08
1.030867e+05  6.357303e+08  0.000000e+00  0.000000e+00  5.717487e+09  0.000000e+00  0.000000e+00  6.633959e+08  5.464786e+08  4.774789e+08  4.430667e+08
1.032113e+05  6.347002e+08  0.000000e+00  0.000000e+00  5.708222e+09  0.000000e+00  0.000000e+00  6.618223e+08  5.451324e+08  4.762819e+08  4.419498e+08
1.033360e+05  6.336714e+08  0.000000e+00  0.000000e+00  5.698970e+09  0.000000e+00  0.000000e+00  6.602510e+08  5.437898e+08  4.750893e+08  4.408338e+08
1.034609e+05  6.326440e+08  0.000000e+00  0.000000e+00  5.689730e+09  0.000000e+00  0.000000e+00  6.586827e+08  5.424494e+08  4.738972e+08  4.397197e+08
1.035859e+05  6.316179e+08  0.000000e+00  0.000000e+00  5.680501e+09  0.000000e+00  0.000000e+00  6.571170e+08  5.411114e+08  4.727098e+08  4.386082e+08
1.037111e+05  6.305932e+08  0.000000e+00  0.000000e+00  5.671285e+09  0.000000e+00  0.000000e+00  6.555558e+08  5.397750e+08  4.715217e+08  4.374995e+08
1.038364e+05  6.295698e+08  0.000000e+00  0.000000e+00  5.662081e+09  0.000000e+00  0.000000e+00  6.539944e+08  5.384434e+08  4.703382e+08  4.363937e+08
1.039619e+05  6.285477e+08  0.000000e+00  0.000000e+00  5.652890e+09  0.000000e+00  0.000000e+00  6.524391e+08  5.371123e+08  4.691569e+08  4.352893e+08
1.040875e+05  6.275270e+08  0.000000e+00  0.000000e+00  5.643710e+09  0.000000e+00  0.000000e+00  6.508843e+08  5.357854e+08  4.679780e+08  4.341868e+08
1.042133e+05  6.265076e+08  0.000000e+00  0.000000e+00  5.634542e+09  0.000000e+00  0.000000e+00  6.493341e+08  5.344599e+08  4.668018e+08  4.330857e+08
1.043392e+05  6.254896e+08  0.000000e+00  0.000000e+00  5.625386e+09  0.000000e+00  0.000000e+00  6.477846e+08  5.331358e+08  4.656270e+08  4.319889e+08
1.044653e+05  6.244729e+08  0.000000e+00  0.000000e+00  5.616242e+09  0.000000e+00  0.000000e+00  6.462402e+08  5.318173e+08  4.644540e+08  4.308928e+08
1.045915e+05  6.234575e+08  0.000000e+00  0.000000e+00  5.607111e+09  0.000000e+00  0.000000e+00  6.446972e+08  5.304989e+08  4.632842e+08  4.297999e+08
1.047179e+05  6.224435e+08  0.000000e+00  0.000000e+00  5.597991e+09  0.000000e+00  0.000000e+00  6.431568e+08  5.291849e+08  4.621175e+08  4.287088e+08
1.048445e+05  6.214308e+08  0.000000e+00  0.000000e+00  5.588883e+09  0.000000e+00  0.000000e+00  6.416186e+08  5.278726e+08  4.609534e+08  4.276186e+08
1.049711e+05  6.204194e+08  0.000000e+00  0.000000e+00  5.579787e+09  0.000000e+00  0.000000e+00  6.400853e+08  5.265616e+08  4.597888e+08  4.265321e+08
1.050980e+05  6.194094e+08  0.000000e+00  0.000000e+00  5.570704e+09  0.000000e+00  0.000000e+00  6.385539e+08  5.252553e+08  4.586285e+08  4.254478e+08
1.052250e+05  6.184007e+08  0.000000e+00  0.000000e+00  5.561632e+09  0.000000e+00  0.000000e+00  6.370266e+08  5.239516e+08  4.574708e+08  4.243667e+08
1.053521e+05  6.173933e+08  0.000000e+00  0.000000e+00  5.552572e+09  0.000000e+00  0.000000e+00  6.355003e+08  5.226507e+08  4.563165e+08  4.232858e+08
1.054794e+05  6.163873e+08  0.000000e+00  0.000000e+00  5.543524e+09  0.000000e+00  0.000000e+00  6.339745e+08  5.213486e+08  4.551614e+08  4.222064e+08
1.056069e+05  6.153825e+08  0.000000e+00  0.000000e+00  5.534487e+09  0.000000e+00  0.000000e+00  6.324548e+08  5.200505e+08  4.540091e+08  4.211302e+08
1.057345e+05  6.143791e+08  0.000000e+00  0.000000e+00  5.525463e+09  0.000000e+00  0.000000e+00  6.309450e+08  5.187635e+08  4.528650e+08  4.200615e+08
1.058623e+05  6.133770e+08  0.000000e+00  0.000000e+00  5.516451e+09  0.000000e+00  0.000000e+00  6.294057e+08  5.174525e+08  4.517035e+08  4.189744e+08
1.059966e+05  6.123262e+08  0.000000e+00  0.000000e+00  5.507000e+09  0.000000e+00  0.000000e+00  6.277951e+08  5.160783e+08  4.504831e+08  4.178362e+08
1.061375e+05  6.112269e+08  0.000000e+00  0.000000e+00  5.497114e+09  0.000000e+00  0.000000e+00  6.261607e+08  5.146837e+08  4.492446e+08  4.166793e+08
1.062786e+05  6.101293e+08  0.000000e+00  0.000000e+00  5.487242e+09  0.000000e+00  0.000000e+00  6.245167e+08  5.132814e+08  4.480026e+08  4.155177e+08
1.064199e+05  6.090332e+08  0.000000e+00  0.000000e+00  5.477384e+09  0.000000e+00  0.000000e+00  6.228664e+08  5.118741e+08  4.467526e+08  4.143503e+08
1.065613e+05  6.079387e+08  0.000000e+00  0.000000e+00  5.467541e+09  0.000000e+00  0.000000e+00  6.212173e+08  5.104696e+08  4.455058e+08  4.131851e+08
1.067030e+05  6.068458e+08  0.000000e+00  0.000000e+00  5.457712e+09  0.000000e+00  0.000000e+00  6.195705e+08  5.090670e+08  4.442627e+08  4.120225e+08
1.068448e+05  6.057545e+08  0.000000e+00  0.000000e+00  5.447897e+09  0.000000e+00  0.000000e+00  6.179287e+08  5.076665e+08  4.430200e+08  4.108631e+08
1.069869e+05  6.046647e+08  0.000000e+00  0.000000e+00  5.438096e+09  0.000000e+00  0.000000e+00  6.162887e+08  5.062690e+08  4.417817e+08  4.097054e+08
1.071291e+05  6.035766e+08  0.000000e+00  0.000000e+00  5.428310e+09  0.000000e+00  0.000000e+00  6.146527e+08  5.048751e+08  4.405444e+08  4.085499e+08
1.072715e+05  6.024900e+08  0.000000e+00  0.000000e+00  5.418538e+09  0.000000e+00  0.000000e+00  6.130193e+08  5.034849e+08  4.393104e+08  4.073977e+08
1.074141e+05  6.014050e+08  0.000000e+00  0.000000e+00  5.408779e+09  0.000000e+00  0.000000e+00  6.113901e+08  5.020971e+08  4.380794e+08  4.062479e+08
1.075569e+05  6.003216e+08  0.000000e+00  0.000000e+00  5.399036e+09  0.000000e+00  0.000000e+00  6.097648e+08  5.007108e+08  4.368522e+08  4.051000e+08
1.076998e+05  5.992397e+08  0.000000e+00  0.000000e+00  5.389306e+09  0.000000e+00  0.000000e+00  6.081405e+08  4.993294e+08  4.356256e+08  4.039557e+08
1.078430e+05  5.981594e+08  0.000000e+00  0.000000e+00  5.379590e+09  0.000000e+00  0.000000e+00  6.065207e+08  4.979518e+08  4.344042e+08  4.028137e+08
1.079864e+05  5.970807e+08  0.000000e+00  0.000000e+00  5.369888e+09  0.000000e+00  0.000000e+00  6.049047e+08  4.965742e+08  4.331848e+08  4.016739e+08
1.081299e+05  5.960035e+08  0.000000e+00  0.000000e+00  5.360201e+09  0.000000e+00  0.000000e+00  6.032925e+08  4.952013e+08  4.319669e+08  4.005371e+08
1.082736e+05  5.949279e+08  0.000000e+00  0.000000e+00  5.350527e+09  0.000000e+00  0.000000e+00  6.016826e+08  4.938318e+08  4.307525e+08  3.994032e+08
1.084176e+05  5.938539e+08  0.000000e+00  0.000000e+00  5.340868e+09  0.000000e+00  0.000000e+00  6.000761e+08  4.924653e+08  4.295411e+08  3.982717e+08
1.085617e+05  5.927814e+08  0.000000e+00  0.000000e+00  5.331223e+09  0.000000e+00  0.000000e+00  5.984731e+08  4.911017e+08  4.283312e+08  3.971416e+08
1.087060e+05  5.917105e+08  0.000000e+00  0.000000e+00  5.321591e+09  0.000000e+00  0.000000e+00  5.968744e+08  4.897404e+08  4.271253e+08  3.960161e+08
1.088505e+05  5.906411e+08  0.000000e+00  0.000000e+00  5.311974e+09  0.000000e+00  0.000000e+00  5.952775e+08  4.883833e+08  4.259216e+08  3.948912e+08
1.089952e+05  5.895733e+08  0.000000e+00  0.000000e+00  5.302371e+09  0.000000e+00  0.000000e+00  5.936834e+08  4.870280e+08  4.247202e+08  3.937706e+08
1.091401e+05  5.885071e+08  0.000000e+00  0.000000e+00  5.292781e+09  0.000000e+00  0.000000e+00  5.920935e+08  4.856762e+08  4.235225e+08  3.926515e+08
1.092852e+05  5.874424e+08  0.000000e+00  0.000000e+00  5.283206e+09  0.000000e+00  0.000000e+00  5.905070e+08  4.843262e+08  4.223280e+08  3.915345e+08
1.094304e+05  5.863792e+08  0.000000e+00  0.000000e+00  5.273644e+09  0.000000e+00  0.000000e+00  5.889249e+08  4.829811e+08  4.211356e+08  3.904211e+08
1.095759e+05  5.853176e+08  0.000000e+00  0.000000e+00  5.264097e+09  0.000000e+00  0.000000e+00  5.873451e+08  4.816376e+08  4.199440e+08  3.893097e+08
1.097216e+05  5.842576e+08  0.000000e+00  0.000000e+00  5.254563e+09  0.000000e+00  0.000000e+00  5.857687e+08  4.802988e+08  4.187580e+08  3.882011e+08
1.098674e+05  5.831990e+08  0.000000e+00  0.000000e+00  5.245043e+09  0.000000e+00  0.000000e+00  5.841947e+08  4.789615e+08  4.175729e+08  3.870957e+08
1.100135e+05  5.821421e+08  0.000000e+00  0.000000e+00  5.235537e+09  0.000000e+00  0.000000e+00  5.826244e+08  4.776266e+08  4.163914e+08  3.859912e+08
1.101597e+05  5.810866e+08  0.000000e+00  0.000000e+00  5.226045e+09  0.000000e+00  0.000000e+00  5.810580e+08  4.762947e+08  4.152112e+08  3.848909e+08
1.103061e+05  5.800327e+08  0.000000e+00  0.000000e+00  5.216566e+09  0.000000e+00  0.000000e+00  5.794927e+08  4.749673e+08  4.140357e+08  3.837914e+08
1.104528e+05  5.789803e+08  0.000000e+00  0.000000e+00  5.207102e+09  0.000000e+00  0.000000e+00  5.779330e+08  4.736415e+08  4.128600e+08  3.826960e+08
1.105996e+05  5.779295e+08  0.000000e+00  0.000000e+00  5.197651e+09  0.000000e+00  0.000000e+00  5.763757e+08  4.723195e+08  4.116887e+08  3.816020e+08
1.107466e+05  5.768802e+08  0.000000e+00  0.000000e+00  5.188214e+09  0.000000e+00  0.000000e+00  5.748220e+08  4.709995e+08  4.105221e+08  3.805115e+08
1.108938e+05  5.758324e+08  0.000000e+00  0.000000e+00  5.178791e+09  0.000000e+00  0.000000e+00  5.732707e+08  4.696824e+08  4.093561e+08  3.794233e+08
1.110412e+05  5.747862e+08  0.000000e+00  0.000000e+00  5.169381e+09  0.000000e+00  0.000000e+00  5.717244e+08  4.683700e+08  4.081912e+08  3.783373e+08
1.111888e+05  5.737414e+08  0.000000e+00  0.000000e+00  5.159985e+09  0.000000e+00  0.000000e+00  5.701802e+08  4.670585e+08  4.070314e+08  3.772532e+08
1.113366e+05  5.726982e+08  0.000000e+00  0.000000e+00  5.150603e+09  0.000000e+00  0.000000e+00  5.686378e+08  4.657514e+08  4.058734e+08  3.761725e+08
1.114846e+05  5.716566e+08  0.000000e+00  0.000000e+00  5.141235e+09  0.000000e+00  0.000000e+00  5.671009e+08  4.644469e+08  4.047187e+08  3.750941e+08
1.116328e+05  5.706164e+08  0.000000e+00  0.000000e+00  5.131880e+09  0.000000e+00  0.000000e+00  5.655666e+08  4.631443e+08  4.035663e+08  3.740186e+08
1.117812e+05  5.695778e+08  0.000000e+00  0.000000e+00  5.122539e+09  0.000000e+00  0.000000e+00  5.640353e+08  4.618442e+08  4.024149e+08  3.729451e+08
1.119298e+05  5.685406e+08  0.000000e+00  0.000000e+00  5.113212e+09  0.000000e+00  0.000000e+00  5.625072e+08  4.605482e+08  4.012686e+08  3.718741e+08
1.120786e+05  5.675050e+08  0.000000e+00  0.000000e+00  5.103898e+09  0.000000e+00  0.000000e+00  5.609817e+08  4.592550e+08  4.001237e+08  3.708053e+08
1.122276e+05  5.664709e+08  0.000000e+00  0.000000e+00  5.094597e+09  0.000000e+00  0.000000e+00  5.594607e+08  4.579654e+08  3.989800e+08  3.697401e+08
1.123768e+05  5.654383e+08  0.000000e+00  0.000000e+00  5.085311e+09  0.000000e+00  0.000000e+00  5.579418e+08  4.566774e+08  3.978416e+08  3.686768e+08
1.125262e+05  5.644073e+08  0.000000e+00  0.000000e+00  5.076038e+09  0.000000e+00  0.000000e+00  5.564263e+08  4.553928e+08  3.967047e+08  3.676148e+08
1.126757e+05  5.633777e+08  0.000000e+00  0.000000e+00  5.066778e+09  0.000000e+00  0.000000e+00  5.549152e+08  4.541103e+08  3.955693e+08  3.665563e+08
1.128255e+05  5.623496e+08  0.000000e+00  0.000000e+00  5.057532e+09  0.000000e+00  0.000000e+00  5.534049e+08  4.528325e+08  3.944386e+08  3.655002e+08
1.129755e+05  5.613230e+08  0.000000e+00  0.000000e+00  5.048300e+09  0.000000e+00  0.000000e+00  5.518989e+08  4.515565e+08  3.933097e+08  3.644469e+08
1.131257e+05  5.602980e+08  0.000000e+00  0.000000e+00  5.039081e+09  0.000000e+00  0.000000e+00  5.503970e+08  4.502826e+08  3.921832e+08  3.633962e+08
1.132761e+05  5.592744e+08  0.000000e+00  0.000000e+00  5.029875e+09  0.000000e+00  0.000000e+00  5.488969e+08  4.490120e+08  3.910599e+08  3.623471e+08
1.134266e+05  5.582523e+08  0.000000e+00  0.000000e+00  5.020683e+09  0.000000e+00  0.000000e+00  5.474012e+08  4.477451e+08  3.899388e+08  3.613008e+08
1.135774e+05  5.572318e+08  0.000000e+00  0.000000e+00  5.011504e+09  0.000000e+00  0.000000e+00  5.459080e+08  4.464798e+08  3.888203e+08  3.602578e+08
1.137284e+05  5.562127e+08  0.000000e+00  0.000000e+00  5.002339e+09  0.000000e+00  0.000000e+00  5.444176e+08  4.452190e+08  3.877029e+08  3.592161e+08
1.138796e+05  5.551951e+08  0.000000e+00  0.000000e+00  4.993187e+09  0.000000e+00  0.000000e+00  5.429321e+08  4.439594e+08  3.865901e+08  3.581769e+08
1.140310e+05  5.541790e+08  0.000000e+00  0.000000e+00  4.984049e+09  0.000000e+00  0.000000e+00  5.414485e+08  4.427032e+08  3.854786e+08  3.571399e+08
1.141825e+05  5.531644e+08  0.000000e+00  0.000000e+00  4.974924e+09  0.000000e+00  0.000000e+00  5.399683e+08  4.414497e+08  3.843697e+08  3.561067e+08
1.143343e+05  5.521512e+08  0.000000e+00  0.000000e+00  4.965812e+09  0.000000e+00  0.000000e+00  5.384895e+08  4.401988e+08  3.832653e+08  3.550752e+08
1.144863e+05  5.511396e+08  0.000000e+00  0.000000e+00  4.956714e+09  0.000000e+00  0.000000e+00  5.370162e+08  4.389530e+08  3.821619e+08  3.540455e+08
1.146385e+05  5.501294e+08  0.000000e+00  0.000000e+00  4.947629e+09  0.000000e+00  0.000000e+00  5.355448e+08  4.377069e+08  3.810607e+08  3.530189e+08
1.147909e+05  5.491207e+08  0.000000e+00  0.000000e+00  4.938557e+09  0.000000e+00  0.000000e+00  5.340766e+08  4.364662e+08  3.799633e+08  3.519950e+08
1.149435e+05  5.481135e+08  0.000000e+00  0.000000e+00  4.929499e+09  0.000000e+00  0.000000e+00  5.326119e+08  4.352260e+08  3.788673e+08  3.509722e+08
1.150963e+05  5.471078e+08  0.000000e+00  0.000000e+00  4.920454e+09  0.000000e+00  0.000000e+00  5.311518e+08  4.339896e+08  3.777733e+08  3.499532e+08
1.152493e+05  5.461036e+08  0.000000e+00  0.000000e+00  4.911422e+09  0.000000e+00  0.000000e+00  5.296925e+08  4.327567e+08  3.766833e+08  3.489356e+08
1.154025e+05  5.451008e+08  0.000000e+00  0.000000e+00  4.902404e+09  0.000000e+00  0.000000e+00  5.282374e+08  4.315260e+08  3.755952e+08  3.479216e+08
1.155559e+05  5.440995e+08  0.000000e+00  0.000000e+00  4.893398e+09  0.000000e+00  0.000000e+00  5.267850e+08  4.302978e+08  3.745095e+08  3.469092e+08
1.157095e+05  5.430996e+08  0.000000e+00  0.000000e+00  4.884406e+09  0.000000e+00  0.000000e+00  5.253350e+08  4.290727e+08  3.734268e+08  3.458991e+08
1.158633e+05  5.421013e+08  0.000000e+00  0.000000e+00  4.875427e+09  0.000000e+00  0.000000e+00  5.238898e+08  4.278509e+08  3.723480e+08  3.448908e+08
1.160173e+05  5.411044e+08  0.000000e+00  0.000000e+00  4.866461e+09  0.000000e+00  0.000000e+00  5.224472e+08  4.266301e+08  3.712690e+08  3.438859e+08
1.161715e+05  5.401089e+08  0.000000e+00  0.000000e+00  4.857509e+09  0.000000e+00  0.000000e+00  5.210071e+08  4.254138e+08  3.701936e+08  3.428837e+08
1.163259e+05  5.391149e+08  0.000000e+00  0.000000e+00  4.848569e+09  0.000000e+00  0.000000e+00  5.195706e+08  4.242005e+08  3.691221e+08  3.418830e+08
1.164806e+05  5.381224e+08  0.000000e+00  0.000000e+00  4.839643e+09  0.000000e+00  0.000000e+00  5.181372e+08  4.229879e+08  3.680515e+08  3.408855e+08
1.166354e+05  5.371314e+08  0.000000e+00  0.000000e+00  4.830730e+09  0.000000e+00  0.000000e+00  5.167062e+08  4.217807e+08  3.669844e+08  3.398892e+08
1.167905e+05  5.361418e+08  0.000000e+00  0.000000e+00  4.821830e+09  0.000000e+00  0.000000e+00  5.152796e+08  4.205740e+08  3.659194e+08  3.388962e+08
1.169457e+05  5.351536e+08  0.000000e+00  0.000000e+00  4.812943e+09  0.000000e+00  0.000000e+00  5.138554e+08  4.193709e+08  3.648555e+08  3.379057e+08
1.171012e+05  5.341669e+08  0.000000e+00  0.000000e+00  4.804069e+09  0.000000e+00  0.000000e+00  5.124330e+08  4.181722e+08  3.637964e+08  3.369163e+08
1.172568e+05  5.331817e+08  0.000000e+00  0.000000e+00  4.795208e+09  0.000000e+00  0.000000e+00  5.110146e+08  4.169737e+08  3.627386e+08  3.359304e+08
1.174127e+05  5.321979e+08  0.000000e+00  0.000000e+00  4.786360e+09  0.000000e+00  0.000000e+00  5.096005e+08  4.157800e+08  3.616836e+08  3.349471e+08
1.175688e+05  5.312155e+08  0.000000e+00  0.000000e+00  4.777525e+09  0.000000e+00  0.000000e+00  5.081881e+08  4.145880e+08  3.606304e+08  3.339656e+08
1.177251e+05  5.302346e+08  0.000000e+00  0.000000e+00  4.768704e+09  0.000000e+00  0.000000e+00  5.067788e+08  4.133981e+08  3.595800e+08  3.329861e+08
1.178815e+05  5.292552e+08  0.000000e+00  0.000000e+00  4.759895e+09  0.000000e+00  0.000000e+00  5.053727e+08  4.122128e+08  3.585330e+08  3.320091e+08
1.180382e+05  5.282771e+08  0.000000e+00  0.000000e+00  4.751099e+09  0.000000e+00  0.000000e+00  5.039693e+08  4.110285e+08  3.574881e+08  3.310346e+08
1.181952e+05  5.273006e+08  0.000000e+00  0.000000e+00  4.742316e+09  0.000000e+00  0.000000e+00  5.025700e+08  4.098475e+08  3.564444e+08  3.300634e+08
1.183523e+05  5.263254e+08  0.000000e+00  0.000000e+00  4.733546e+09  0.000000e+00  0.000000e+00  5.011737e+08  4.086701e+08  3.554044e+08  3.290932e+08
1.185096e+05  5.253517e+08  0.000000e+00  0.000000e+00  4.724789e+09  0.000000e+00  0.000000e+00  4.997795e+08  4.074946e+08  3.543666e+08  3.281256e+08
1.186671e+05  5.243795e+08  0.000000e+00  0.000000e+00  4.716045e+09  0.000000e+00  0.000000e+00  4.983882e+08  4.063211e+08  3.533326e+08  3.271603e+08
1.188249e+05  5.234086e+08  0.000000e+00  0.000000e+00  4.707314e+09  0.000000e+00  0.000000e+00  4.970004e+08  4.051506e+08  3.522983e+08  3.261978e+08
1.189828e+05  5.224392e+08  0.000000e+00  0.000000e+00  4.698595e+09  0.000000e+00  0.000000e+00  4.956171e+08  4.039832e+08  3.512685e+08  3.252372e+08
1.191410e+05  5.214713e+08  0.000000e+00  0.000000e+00  4.689890e+09  0.000000e+00  0.000000e+00  4.942346e+08  4.028185e+08  3.502405e+08  3.242792e+08
1.192994e+05  5.205047e+08  0.000000e+00  0.000000e+00  4.681197e+09  0.000000e+00  0.000000e+00  4.928558e+08  4.016576e+08  3.492160e+08  3.233232e+08
1.194579e+05  5.195396e+08  0.000000e+00  0.000000e+00  4.672517e+09  0.000000e+00  0.000000e+00  4.914811e+08  4.004978e+08  3.481920e+08  3.223703e+08
1.196167e+05  5.185759e+08  0.000000e+00  0.000000e+00  4.663850e+09  0.000000e+00  0.000000e+00  4.901087e+08  3.993418e+08  3.471722e+08  3.214186e+08
1.197757e+05  5.176136e+08  0.000000e+00  0.000000e+00  4.655196e+09  0.000000e+00  0.000000e+00  4.887395e+08  3.981886e+08  3.461547e+08  3.204697e+08
1.199350e+05  5.166528e+08  0.000000e+00  0.000000e+00  4.646554e+09  0.000000e+00  0.000000e+00  4.873719e+08  3.970377e+08  3.451374e+08  3.195234e+08
1.200944e+05  5.156934e+08  0.000000e+00  0.000000e+00  4.637926e+09  0.000000e+00  0.000000e+00  4.860094e+08  3.958892e+08  3.441256e+08  3.185793e+08
1.202540e+05  5.147353e+08  0.000000e+00  0.000000e+00  4.629310e+09  0.000000e+00  0.000000e+00  4.846476e+08  3.947427e+08  3.431139e+08  3.176374e+08
1.204139e+05  5.137787e+08  0.000000e+00  0.000000e+00  4.620707e+09  0.000000e+00  0.000000e+00  4.832902e+08  3.936006e+08  3.421060e+08  3.166976e+08
1.205740e+05  5.128236e+08  0.000000e+00  0.000000e+00  4.612116e+09  0.000000e+00  0.000000e+00  4.819367e+08  3.924587e+08  3.411006e+08  3.157596e+08
1.207342e+05  5.118698e+08  0.000000e+00  0.000000e+00  4.603538e+09  0.000000e+00  0.000000e+00  4.805846e+08  3.913210e+08  3.400966e+08  3.148252e+08
1.208947e+05  5.109174e+08  0.000000e+00  0.000000e+00  4.594973e+09  0.000000e+00  0.000000e+00  4.792353e+08  3.901860e+08  3.390953e+08  3.138922e+08
1.210554e+05  5.099665e+08  0.000000e+00  0.000000e+00  4.586421e+09  0.000000e+00  0.000000e+00  4.778913e+08  3.890536e+08  3.380959e+08  3.129613e+08
1.212164e+05  5.090169e+08  0.000000e+00  0.000000e+00  4.577881e+09  0.000000e+00  0.000000e+00  4.765484e+08  3.879246e+08  3.371003e+08  3.120329e+08
1.213775e+05  5.080688e+08  0.000000e+00  0.000000e+00  4.569354e+09  0.000000e+00  0.000000e+00  4.752084e+08  3.867970e+08  3.361059e+08  3.111071e+08
1.215388e+05  5.071221e+08  0.000000e+00  0.000000e+00  4.560839e+09  0.000000e+00  0.000000e+00  4.738713e+08  3.856734e+08  3.351158e+08  3.101835e+08
1.217004e+05  5.061767e+08  0.000000e+00  0.000000e+00  4.552337e+09  0.000000e+00  0.000000e+00  4.725373e+08  3.845515e+08  3.341255e+08  3.092616e+08
1.218622e+05  5.052328e+08  0.000000e+00  0.000000e+00  4.543848e+09  0.000000e+00  0.000000e+00  4.712075e+08  3.834319e+08  3.331388e+08  3.083428e+08
1.220242e+05  5.042902e+08  0.000000e+00  0.000000e+00  4.535371e+09  0.000000e+00  0.000000e+00  4.698801e+08  3.823162e+08  3.321547e+08  3.074256e+08
1.221864e+05  5.033491e+08  0.000000e+00  0.000000e+00  4.526907e+09  0.000000e+00  0.000000e+00  4.685553e+08  3.812021e+08  3.311729e+08  3.065107e+08
1.223488e+05  5.024094e+08  0.000000e+00  0.000000e+00  4.518455e+09  0.000000e+00  0.000000e+00  4.672324e+08  3.800918e+08  3.301932e+08  3.055979e+08
1.225114e+05  5.014710e+08  0.000000e+00  0.000000e+00  4.510016e+09  0.000000e+00  0.000000e+00  4.659142e+08  3.789823e+08  3.292174e+08  3.046880e+08
1.226743e+05  5.005340e+08  0.000000e+00  0.000000e+00  4.501589e+09  0.000000e+00  0.000000e+00  4.645984e+08  3.778764e+08  3.282414e+08  3.037804e+08
1.228373e+05  4.995985e+08  0.000000e+00  0.000000e+00  4.493175e+09  0.000000e+00  0.000000e+00  4.632842e+08  3.767726e+08  3.272693e+08  3.028737e+08
1.230006e+05  4.986643e+08  0.000000e+00  0.000000e+00  4.484773e+09  0.000000e+00  0.000000e+00  4.619755e+08  3.756721e+08  3.263001e+08  3.019703e+08
1.231641e+05  4.977315e+08  0.000000e+00  0.000000e+00  4.476384e+09  0.000000e+00  0.000000e+00  4.606678e+08  3.745744e+08  3.253317e+08  3.010699e+08
1.233279e+05  4.968001e+08  0.000000e+00  0.000000e+00  4.468007e+09  0.000000e+00  0.000000e+00  4.593645e+08  3.734795e+08  3.243665e+08  3.001699e+08
1.234918e+05  4.958700e+08  0.000000e+00  0.000000e+00  4.459643e+09  0.000000e+00  0.000000e+00  4.580618e+08  3.723871e+08  3.234042e+08  2.992735e+08
1.236560e+05  4.949414e+08  0.000000e+00  0.000000e+00  4.451291e+09  0.000000e+00  0.000000e+00  4.567637e+08  3.712956e+08  3.224420e+08  2.983779e+08
1.238203e+05  4.940141e+08  0.000000e+00  0.000000e+00  4.442952e+09  0.000000e+00  0.000000e+00  4.554681e+08  3.702081e+08  3.214852e+08  2.974857e+08
1.239849e+05  4.930882e+08  0.000000e+00  0.000000e+00  4.434625e+09  0.000000e+00  0.000000e+00  4.541744e+08  3.691235e+08  3.205287e+08  2.965958e+08
1.241497e+05  4.921637e+08  0.000000e+00  0.000000e+00  4.426310e+09  0.000000e+00  0.000000e+00  4.528857e+08  3.680414e+08  3.195752e+08  2.957079e+08
1.243148e+05  4.912405e+08  0.000000e+00  0.000000e+00  4.418007e+09  0.000000e+00  0.000000e+00  4.516001e+08  3.669611e+08  3.186240e+08  2.948225e+08
1.244800e+05  4.903188e+08  0.000000e+00  0.000000e+00  4.409717e+09  0.000000e+00  0.000000e+00  4.503153e+08  3.658837e+08  3.176762e+08  2.939380e+08
1.246455e+05  4.893984e+08  0.000000e+00  0.000000e+00  4.401440e+09  0.000000e+00  0.000000e+00  4.490326e+08  3.648072e+08  3.167277e+08  2.930564e+08
1.248112e+05  4.884793e+08  0.000000e+00  0.000000e+00  4.393174e+09  0.000000e+00  0.000000e+00  4.477548e+08  3.637357e+08  3.157826e+08  2.921762e+08
1.249771e+05  4.875617e+08  0.000000e+00  0.000000e+00  4.384921e+09  0.000000e+00  0.000000e+00  4.464810e+08  3.626664e+08  3.148419e+08  2.913002e+08
1.251432e+05  4.866454e+08  0.000000e+00  0.000000e+00  4.376680e+09  0.000000e+00  0.000000e+00  4.452108e+08  3.616013e+08  3.139050e+08  2.904261e+08
1.253096e+05  4.857304e+08  0.000000e+00  0.000000e+00  4.368452e+09  0.000000e+00  0.000000e+00  4.439384e+08  3.605345e+08  3.129640e+08  2.895514e+08
1.254762e+05  4.848168e+08  0.000000e+00  0.000000e+00  4.360235e+09  0.000000e+00  0.000000e+00  4.426678e+08  3.594695e+08  3.120270e+08  2.886797e+08
1.256430e+05  4.839046e+08  0.000000e+00  0.000000e+00  4.352031e+09  0.000000e+00  0.000000e+00  4.414154e+08  3.584180e+08  3.111022e+08  2.878169e+08
1.258100e+05  4.829938e+08  0.000000e+00  0.000000e+00  4.343840e+09  0.000000e+00  0.000000e+00  4.401305e+08  3.573435e+08  3.101553e+08  2.869359e+08
1.259865e+05  4.820337e+08  0.000000e+00  0.000000e+00  4.335205e+09  0.000000e+00  0.000000e+00  4.387804e+08  3.562119e+08  3.091609e+08  2.860090e+08
1.261726e+05  4.810249e+08  0.000000e+00  0.000000e+00  4.326132e+09  0.000000e+00  0.000000e+00  4.374144e+08  3.550662e+08  3.081510e+08  2.850700e+08
1.263590e+05  4.800176e+08  0.000000e+00  0.000000e+00  4.317074e+09  0.000000e+00  0.000000e+00  4.360316e+08  3.539086e+08  3.071313e+08  2.841207e+08
1.265456e+05  4.790121e+08  0.000000e+00  0.000000e+00  4.308030e+09  0.000000e+00  0.000000e+00  4.346459e+08  3.527468e+08  3.061093e+08  2.831693e+08
1.267325e+05  4.780082e+08  0.000000e+00  0.000000e+00  4.299002e+09  0.000000e+00  0.000000e+00  4.332619e+08  3.515870e+08  3.050895e+08  2.822198e+08
1.269197e+05  4.770060e+08  0.000000e+00  0.000000e+00  4.289988e+09  0.000000e+00  0.000000e+00  4.318820e+08  3.504311e+08  3.040711e+08  2.812724e+08
1.271072e+05  4.760055e+08  0.000000e+00  0.000000e+00  4.280990e+09  0.000000e+00  0.000000e+00  4.305045e+08  3.492791e+08  3.030582e+08  2.803287e+08
1.272950e+05  4.750066e+08  0.000000e+00  0.000000e+00  4.272006e+09  0.000000e+00  0.000000e+00  4.291312e+08  3.481296e+08  3.020450e+08  2.793861e+08
1.274830e+05  4.740093e+08  0.000000e+00  0.000000e+00  4.263037e+09  0.000000e+00  0.000000e+00  4.277610e+08  3.469825e+08  3.010377e+08  2.784479e+08
1.276713e+05  4.730138e+08  0.000000e+00  0.000000e+00  4.254084e+09  0.000000e+00  0.000000e+00  4.263949e+08  3.458380e+08  3.000300e+08  2.775109e+08
1.278599e+05  4.720198e+08  0.000000e+00  0.000000e+00  4.245145e+09  0.000000e+00  0.000000e+00  4.250321e+08  3.446984e+08  2.990271e+08  2.765771e+08
1.280487e+05  4.710276e+08  0.000000e+00  0.000000e+00  4.236221e+09  0.000000e+00  0.000000e+00  4.236726e+08  3.435599e+08  2.980264e+08  2.756461e+08
1.282379e+05  4.700369e+08  0.000000e+00  0.000000e+00  4.227311e+09  0.000000e+00  0.000000e+00  4.223170e+08  3.424257e+08  2.970286e+08  2.747166e+08
1.284273e+05  4.690479e+08  0.000000e+00  0.000000e+00  4.218417e+09  0.000000e+00  0.000000e+00  4.209640e+08  3.412941e+08  2.960344e+08  2.737914e+08
1.286170e+05  4.680606e+08  0.000000e+00  0.000000e+00  4.209537e+09  0.000000e+00  0.000000e+00  4.196152e+08  3.401661e+08  2.950410e+08  2.728672e+08
1.288070e+05  4.670749e+08  0.000000e+00  0.000000e+00  4.200672e+09  0.000000e+00  0.000000e+00  4.182681e+08  3.390404e+08  2.940524e+08  2.719460e+08
1.289973e+05  4.660909e+08  0.000000e+00  0.000000e+00  4.191822e+09  0.000000e+00  0.000000e+00  4.169268e+08  3.379190e+08  2.930642e+08  2.710285e+08
1.291878e+05  4.651084e+08  0.000000e+00  0.000000e+00  4.182986e+09  0.000000e+00  0.000000e+00  4.155867e+08  3.367988e+08  2.920814e+08  2.701121e+08
1.293786e+05  4.641276e+08  0.000000e+00  0.000000e+00  4.174166e+09  0.000000e+00  0.000000e+00  4.142527e+08  3.356824e+08  2.911000e+08  2.691993e+08
1.295697e+05  4.631485e+08  0.000000e+00  0.000000e+00  4.165360e+09  0.000000e+00  0.000000e+00  4.129205e+08  3.345693e+08  2.901211e+08  2.682881e+08
1.297611e+05  4.621710e+08  0.000000e+00  0.000000e+00  4.156568e+09  0.000000e+00  0.000000e+00  4.115915e+08  3.334597e+08  2.891446e+08  2.673805e+08
1.299528e+05  4.611951e+08  0.000000e+00  0.000000e+00  4.147791e+09  0.000000e+00  0.000000e+00  4.102660e+08  3.323523e+08  2.881712e+08  2.664750e+08
1.301447e+05  4.602208e+08  0.000000e+00  0.000000e+00  4.139029e+09  0.000000e+00  0.000000e+00  4.089434e+08  3.312482e+08  2.872013e+08  2.655713e+08
1.303370e+05  4.592481e+08  0.000000e+00  0.000000e+00  4.130282e+09  0.000000e+00  0.000000e+00  4.076255e+08  3.301469e+08  2.862331e+08  2.646706e+08
1.305295e+05  4.582771e+08  0.000000e+00  0.000000e+00  4.121549e+09  0.000000e+00  0.000000e+00  4.063096e+08  3.290485e+08  2.852672e+08  2.637731e+08
1.307223e+05  4.573077e+08  0.000000e+00  0.000000e+00  4.112830e+09  0.000000e+00  0.000000e+00  4.049979e+08  3.279523e+08  2.843041e+08  2.628772e+08
1.309154e+05  4.563399e+08  0.000000e+00  0.000000e+00  4.104126e+09  0.000000e+00  0.000000e+00  4.036893e+08  3.268599e+08  2.833440e+08  2.619848e+08
1.311088e+05  4.553737e+08  0.000000e+00  0.000000e+00  4.095437e+09  0.000000e+00  0.000000e+00  4.023841e+08  3.257714e+08  2.823877e+08  2.610941e+08
1.313024e+05  4.544092e+08  0.000000e+00  0.000000e+00  4.086762e+09  0.000000e+00  0.000000e+00  4.010820e+08  3.246855e+08  2.814325e+08  2.602056e+08
1.314964e+05  4.534462e+08  0.000000e+00  0.000000e+00  4.078102e+09  0.000000e+00  0.000000e+00  3.997847e+08  3.236008e+08  2.804818e+08  2.593207e+08
1.316906e+05  4.524849e+08  0.000000e+00  0.000000e+00  4.069456e+09  0.000000e+00  0.000000e+00  3.984894e+08  3.225210e+08  2.795312e+08  2.584378e+08
1.318851e+05  4.515251e+08  0.000000e+00  0.000000e+00  4.060824e+09  0.000000e+00  0.000000e+00  3.971965e+08  3.214433e+08  2.785846e+08  2.575568e+08
1.320799e+05  4.505670e+08  0.000000e+00  0.000000e+00  4.052207e+09  0.000000e+00  0.000000e+00  3.959090e+08  3.203686e+08  2.776403e+08  2.566785e+08
1.322750e+05  4.496105e+08  0.000000e+00  0.000000e+00  4.043604e+09  0.000000e+00  0.000000e+00  3.946233e+08  3.192962e+08  2.767000e+08  2.558033e+08
1.324704e+05  4.486555e+08  0.000000e+00  0.000000e+00  4.035016e+09  0.000000e+00  0.000000e+00  3.933421e+08  3.182279e+08  2.757601e+08  2.549302e+08
1.326661e+05  4.477022e+08  0.000000e+00  0.000000e+00  4.026442e+09  0.000000e+00  0.000000e+00  3.920630e+08  3.171622e+08  2.748249e+08  2.540600e+08
1.328621e+05  4.467504e+08  0.000000e+00  0.000000e+00  4.017882e+09  0.000000e+00  0.000000e+00  3.907873e+08  3.160982e+08  2.738920e+08  2.531916e+08
1.330583e+05  4.458003e+08  0.000000e+00  0.000000e+00  4.009337e+09  0.000000e+00  0.000000e+00  3.895150e+08  3.150386e+08  2.729604e+08  2.523252e+08
1.332548e+05  4.448517e+08  0.000000e+00  0.000000e+00  4.000806e+09  0.000000e+00  0.000000e+00  3.882465e+08  3.139815e+08  2.720327e+08  2.514619e+08
1.334517e+05  4.439047e+08  0.000000e+00  0.000000e+00  3.992290e+09  0.000000e+00  0.000000e+00  3.869820e+08  3.129275e+08  2.711070e+08  2.506012e+08
1.336488e+05  4.429593e+08  0.000000e+00  0.000000e+00  3.983787e+09  0.000000e+00  0.000000e+00  3.857191e+08  3.118751e+08  2.701835e+08  2.497431e+08
1.338462e+05  4.420155e+08  0.000000e+00  0.000000e+00  3.975299e+09  0.000000e+00  0.000000e+00  3.844598e+08  3.108264e+08  2.692630e+08  2.488869e+08
1.340439e+05  4.410733e+08  0.000000e+00  0.000000e+00  3.966825e+09  0.000000e+00  0.000000e+00  3.832054e+08  3.097812e+08  2.683451e+08  2.480334e+08
1.342419e+05  4.401327e+08  0.000000e+00  0.000000e+00  3.958365e+09  0.000000e+00  0.000000e+00  3.819531e+08  3.087376e+08  2.674299e+08  2.471826e+08
1.344402e+05  4.391936e+08  0.000000e+00  0.000000e+00  3.949920e+09  0.000000e+00  0.000000e+00  3.807032e+08  3.076977e+08  2.665163e+08  2.463331e+08
1.346388e+05  4.382561e+08  0.000000e+00  0.000000e+00  3.941488e+09  0.000000e+00  0.000000e+00  3.794567e+08  3.066611e+08  2.656061e+08  2.454869e+08
1.348377e+05  4.373202e+08  0.000000e+00  0.000000e+00  3.933071e+09  0.000000e+00  0.000000e+00  3.782151e+08  3.056270e+08  2.646990e+08  2.446430e+08
1.350368e+05  4.363858e+08  0.000000e+00  0.000000e+00  3.924668e+09  0.000000e+00  0.000000e+00  3.769753e+08  3.045953e+08  2.637939e+08  2.438017e+08
1.352363e+05  4.354531e+08  0.000000e+00  0.000000e+00  3.916279e+09  0.000000e+00  0.000000e+00  3.757393e+08  3.035658e+08  2.628907e+08  2.429626e+08
1.354361e+05  4.345218e+08  0.000000e+00  0.000000e+00  3.907904e+09  0.000000e+00  0.000000e+00  3.745060e+08  3.025408e+08  2.619899e+08  2.421257e+08
1.356361e+05  4.335922e+08  0.000000e+00  0.000000e+00  3.899543e+09  0.000000e+00  0.000000e+00  3.732755e+08  3.015178e+08  2.610937e+08  2.412910e+08
1.358365e+05  4.326641e+08  0.000000e+00  0.000000e+00  3.891196e+09  0.000000e+00  0.000000e+00  3.720499e+08  3.004978e+08  2.601977e+08  2.404590e+08
1.360371e+05  4.317376e+08  0.000000e+00  0.000000e+00  3.882863e+09  0.000000e+00  0.000000e+00  3.708258e+08  2.994800e+08  2.593059e+08  2.396292e+08
1.362380e+05  4.308126e+08  0.000000e+00  0.000000e+00  3.874544e+09  0.000000e+00  0.000000e+00  3.696063e+08  2.984650e+08  2.584150e+08  2.388026e+08
1.364393e+05  4.298892e+08  0.000000e+00  0.000000e+00  3.866240e+09  0.000000e+00  0.000000e+00  3.683884e+08  2.974531e+08  2.575282e+08  2.379779e+08
1.366408e+05  4.289673e+08  0.000000e+00  0.000000e+00  3.857949e+09  0.000000e+00  0.000000e+00  3.671743e+08  2.964434e+08  2.566427e+08  2.371545e+08
1.368427e+05  4.280470e+08  0.000000e+00  0.000000e+00  3.849672e+09  0.000000e+00  0.000000e+00  3.659636e+08  2.954374e+08  2.557607e+08  2.363350e+08
1.370448e+05  4.271283e+08  0.000000e+00  0.000000e+00  3.841409e+09  0.000000e+00  0.000000e+00  3.647569e+08  2.944339e+08  2.548811e+08  2.355166e+08
1.372472e+05  4.262110e+08  0.000000e+00  0.000000e+00  3.833160e+09  0.000000e+00  0.000000e+00  3.635528e+08  2.934342e+08  2.540037e+08  2.347016e+08
1.374499e+05  4.252954e+08  0.000000e+00  0.000000e+00  3.824925e+09  0.000000e+00  0.000000e+00  3.623509e+08  2.924354e+08  2.531277e+08  2.338885e+08
1.376530e+05  4.243812e+08  0.000000e+00  0.000000e+00  3.816704e+09  0.000000e+00  0.000000e+00  3.611533e+08  2.914407e+08  2.522551e+08  2.330773e+08
1.378563e+05  4.234687e+08  0.000000e+00  0.000000e+00  3.808496e+09  0.000000e+00  0.000000e+00  3.599591e+08  2.904480e+08  2.513850e+08  2.322687e+08
1.380599e+05  4.225576e+08  0.000000e+00  0.000000e+00  3.800303e+09  0.000000e+00  0.000000e+00  3.587666e+08  2.894583e+08  2.505176e+08  2.314625e+08
1.382639e+05  4.216481e+08  0.000000e+00  0.000000e+00  3.792123e+09  0.000000e+00  0.000000e+00  3.575773e+08  2.884723e+08  2.496524e+08  2.306586e+08
1.384681e+05  4.207401e+08  0.000000e+00  0.000000e+00  3.783957e+09  0.000000e+00  0.000000e+00  3.563917e+08  2.874876e+08  2.487894e+08  2.298570e+08
1.386726e+05  4.198337e+08  0.000000e+00  0.000000e+00  3.775805e+09  0.000000e+00  0.000000e+00  3.552099e+08  2.865059e+08  2.479299e+08  2.290571e+08
1.388775e+05  4.189288e+08  0.000000e+00  0.000000e+00  3.767666e+09  0.000000e+00  0.000000e+00  3.540303e+08  2.855270e+08  2.470720e+08  2.282598e+08
1.390826e+05  4.180254e+08  0.000000e+00  0.000000e+00  3.759542e+09  0.000000e+00  0.000000e+00  3.528547e+08  2.845510e+08  2.462170e+08  2.274655e+08
1.392880e+05  4.171235e+08  0.000000e+00  0.000000e+00  3.751431e+09  0.000000e+00  0.000000e+00  3.516816e+08  2.835774e+08  2.453639e+08  2.266733e+08
1.394938e+05  4.162232e+08  0.000000e+00  0.000000e+00  3.743334e+09  0.000000e+00  0.000000e+00  3.505123e+08  2.826069e+08  2.445140e+08  2.258828e+08
1.396998e+05  4.153244e+08  0.000000e+00  0.000000e+00  3.735250e+09  0.000000e+00  0.000000e+00  3.493455e+08  2.816390e+08  2.436652e+08  2.250953e+08
1.399062e+05  4.144271e+08  0.000000e+00  0.000000e+00  3.727180e+09  0.000000e+00  0.000000e+00  3.481817e+08  2.806739e+08  2.428201e+08  2.243090e+08
1.401128e+05  4.135313e+08  0.000000e+00  0.000000e+00  3.719124e+09  0.000000e+00  0.000000e+00  3.470203e+08  2.797118e+08  2.419764e+08  2.235263e+08
1.403198e+05  4.126371e+08  0.000000e+00  0.000000e+00  3.711081e+09  0.000000e+00  0.000000e+00  3.458624e+08  2.787524e+08  2.411364e+08  2.227445e+08
1.405271e+05  4.117443e+08  0.000000e+00  0.000000e+00  3.703052e+09  0.000000e+00  0.000000e+00  3.447087e+08  2.777946e+08  2.402969e+08  2.219659e+08
1.407346e+05  4.108531e+08  0.000000e+00  0.000000e+00  3.695037e+09  0.000000e+00  0.000000e+00  3.435562e+08  2.768409e+08  2.394603e+08  2.211891e+08
1.409425e+05  4.099634e+08  0.000000e+00  0.000000e+00  3.687035e+09  0.000000e+00  0.000000e+00  3.424084e+08  2.758889e+08  2.386264e+08  2.204145e+08
1.411507e+05  4.090751e+08  0.000000e+00  0.000000e+00  3.679047e+09  0.000000e+00  0.000000e+00  3.412628e+08  2.749384e+08  2.377961e+08  2.196419e+08
1.413592e+05  4.081884e+08  0.000000e+00  0.000000e+00  3.671072e+09  0.000000e+00  0.000000e+00  3.401207e+08  2.739925e+08  2.369662e+08  2.188725e+08
1.415680e+05  4.073032e+08  0.000000e+00  0.000000e+00  3.663111e+09  0.000000e+00  0.000000e+00  3.389801e+08  2.730489e+08  2.361401e+08  2.181046e+08
1.417771e+05  4.064195e+08  0.000000e+00  0.000000e+00  3.655163e+09  0.000000e+00  0.000000e+00  3.378440e+08  2.721074e+08  2.353167e+08  2.173397e+08
1.419865e+05  4.055373e+08  0.000000e+00  0.000000e+00  3.647229e+09  0.000000e+00  0.000000e+00  3.367113e+08  2.711699e+08  2.344946e+08  2.165757e+08
1.421963e+05  4.046566e+08  0.000000e+00  0.000000e+00  3.639309e+09  0.000000e+00  0.000000e+00  3.355818e+08  2.702333e+08  2.336750e+08  2.158152e+08
1.424063e+05  4.037774e+08  0.000000e+00  0.000000e+00  3.631401e+09  0.000000e+00  0.000000e+00  3.344542e+08  2.693005e+08  2.328584e+08  2.150563e+08
1.426166e+05  4.028997e+08  0.000000e+00  0.000000e+00  3.623507e+09  0.000000e+00  0.000000e+00  3.333294e+08  2.683693e+08  2.320431e+08  2.142997e+08
1.428273e+05  4.020234e+08  0.000000e+00  0.000000e+00  3.615627e+09  0.000000e+00  0.000000e+00  3.322091e+08  2.674408e+08  2.312315e+08  2.135454e+08
1.430383e+05  4.011487e+08  0.000000e+00  0.000000e+00  3.607760e+09  0.000000e+00  0.000000e+00  3.310901e+08  2.665151e+08  2.304212e+08  2.127925e+08
1.432496e+05  4.002754e+08  0.000000e+00  0.000000e+00  3.599906e+09  0.000000e+00  0.000000e+00  3.299742e+08  2.655926e+08  2.296126e+08  2.120417e+08
1.434611e+05  3.994037e+08  0.000000e+00  0.000000e+00  3.592066e+09  0.000000e+00  0.000000e+00  3.288626e+08  2.646715e+08  2.288064e+08  2.112938e+08
1.436731e+05  3.985334e+08  0.000000e+00  0.000000e+00  3.584239e+09  0.000000e+00  0.000000e+00  3.277524e+08  2.637546e+08  2.280034e+08  2.105486e+08
1.438853e+05  3.976646e+08  0.000000e+00  0.000000e+00  3.576425e+09  0.000000e+00  0.000000e+00  3.266462e+08  2.628392e+08  2.272026e+08  2.098045e+08
1.440978e+05  3.967972e+08  0.000000e+00  0.000000e+00  3.568625e+09  0.000000e+00  0.000000e+00  3.255439e+08  2.619272e+08  2.264057e+08  2.090634e+08
1.443107e+05  3.959314e+08  0.000000e+00  0.000000e+00  3.560838e+09  0.000000e+00  0.000000e+00  3.244436e+08  2.610181e+08  2.256086e+08  2.083245e+08
1.445238e+05  3.950670e+08  0.000000e+00  0.000000e+00  3.553064e+09  0.000000e+00  0.000000e+00  3.233455e+08  2.601103e+08  2.248147e+08  2.075873e+08
1.447373e+05  3.942041e+08  0.000000e+00  0.000000e+00  3.545303e+09  0.000000e+00  0.000000e+00  3.222514e+08  2.592057e+08  2.240236e+08  2.068527e+08
1.449511e+05  3.933427e+08  0.000000e+00  0.000000e+00  3.537556e+09  0.000000e+00  0.000000e+00  3.211589e+08  2.583026e+08  2.232333e+08  2.061188e+08
1.451652e+05  3.924827e+08  0.000000e+00  0.000000e+00  3.529822e+09  0.000000e+00  0.000000e+00  3.200697e+08  2.574022e+08  2.224459e+08  2.053881e+08
1.453796e+05  3.916242e+08  0.000000e+00  0.000000e+00  3.522101e+09  0.000000e+00  0.000000e+00  3.189842e+08  2.565050e+08  2.216617e+08  2.046593e+08
1.455944e+05  3.907672e+08  0.000000e+00  0.000000e+00  3.514393e+09  0.000000e+00  0.000000e+00  3.179011e+08  2.556099e+08  2.208788e+08  2.039333e+08
1.458094e+05  3.899116e+08  0.000000e+00  0.000000e+00  3.506698e+09  0.000000e+00  0.000000e+00  3.168217e+08  2.547190e+08  2.200995e+08  2.032091e+08
1.460248e+05  3.890575e+08  0.000000e+00  0.000000e+00  3.499017e+09  0.000000e+00  0.000000e+00  3.157464e+08  2.538304e+08  2.193215e+08  2.024873e+08
1.462405e+05  3.882048e+08  0.000000e+00  0.000000e+00  3.491349e+09  0.000000e+00  0.000000e+00  3.146727e+08  2.529426e+08  2.185467e+08  2.017678e+08
1.464565e+05  3.873537e+08  0.000000e+00  0.000000e+00  3.483693e+09  0.000000e+00  0.000000e+00  3.136002e+08  2.520580e+08  2.177724e+08  2.010493e+08
1.466728e+05  3.865039e+08  0.000000e+00  0.000000e+00  3.476051e+09  0.000000e+00  0.000000e+00  3.125316e+08  2.511758e+08  2.170007e+08  2.003324e+08
1.468895e+05  3.856556e+08  0.000000e+00  0.000000e+00  3.468422e+09  0.000000e+00  0.000000e+00  3.114647e+08  2.502948e+08  2.162305e+08  1.996181e+08
1.471065e+05  3.848088e+08  0.000000e+00  0.000000e+00  3.460806e+09  0.000000e+00  0.000000e+00  3.104021e+08  2.494175e+08  2.154635e+08  1.989065e+08
1.473237e+05  3.839634e+08  0.000000e+00  0.000000e+00  3.453203e+09  0.000000e+00  0.000000e+00  3.093442e+08  2.485449e+08  2.147000e+08  1.981982e+08
1.475414e+05  3.831195e+08  0.000000e+00  0.000000e+00  3.445613e+09  0.000000e+00  0.000000e+00  3.082893e+08  2.476737e+08  2.139401e+08  1.974917e+08
1.477593e+05  3.822770e+08  0.000000e+00  0.000000e+00  3.438036e+09  0.000000e+00  0.000000e+00  3.072353e+08  2.468045e+08  2.131785e+08  1.967858e+08
1.479776e+05  3.814359e+08  0.000000e+00  0.000000e+00  3.430472e+09  0.000000e+00  0.000000e+00  3.061809e+08  2.459350e+08  2.124191e+08  1.960802e+08
1.481961e+05  3.805963e+08  0.000000e+00  0.000000e+00  3.422920e+09  0.000000e+00  0.000000e+00  3.051319e+08  2.450693e+08  2.116626e+08  1.953783e+08
1.484150e+05  3.797581e+08  0.000000e+00  0.000000e+00  3.415382e+09  0.000000e+00  0.000000e+00  3.040896e+08  2.442091e+08  2.109107e+08  1.946809e+08
1.486343e+05  3.789214e+08  0.000000e+00  0.000000e+00  3.407857e+09  0.000000e+00  0.000000e+00  3.030513e+08  2.433526e+08  2.101631e+08  1.939861e+08
1.488538e+05  3.780861e+08  0.000000e+00  0.000000e+00  3.400345e+09  0.000000e+00  0.000000e+00  3.020070e+08  2.424929e+08  2.094100e+08  1.932887e+08
1.490737e+05  3.772522e+08  0.000000e+00  0.000000e+00  3.392845e+09  0.000000e+00  0.000000e+00  3.009643e+08  2.416318e+08  2.086595e+08  1.925908e+08
1.492939e+05  3.764198e+08  0.000000e+00  0.000000e+00  3.385359e+09  0.000000e+00  0.000000e+00  2.999449e+08  2.407931e+08  2.079257e+08  1.919100e+08
1.495144e+05  3.755888e+08  0.000000e+00  0.000000e+00  3.377885e+09  0.000000e+00  0.000000e+00  2.988883e+08  2.399219e+08  2.071644e+08  1.912046e+08
1.497515e+05  3.746982e+08  0.000000e+00  0.000000e+00  3.369876e+09  0.000000e+00  0.000000e+00  2.977546e+08  2.389885e+08  2.063495e+08  1.904473e+08
1.500053e+05  3.737485e+08  0.000000e+00  0.000000e+00  3.361334e+09  0.000000e+00  0.000000e+00  2.966146e+08  2.380483e+08  2.055285e+08  1.896862e+08
1.502595e+05  3.728007e+08  0.000000e+00  0.000000e+00  3.352810e+09  0.000000e+00  0.000000e+00  2.954473e+08  2.370866e+08  2.046881e+08  1.889064e+08
1.505141e+05  3.718547e+08  0.000000e+00  0.000000e+00  3.344302e+09  0.000000e+00  0.000000e+00  2.942795e+08  2.361249e+08  2.038477e+08  1.881266e+08
1.507691e+05  3.709106e+08  0.000000e+00  0.000000e+00  3.335812e+09  0.000000e+00  0.000000e+00  2.931150e+08  2.351659e+08  2.030102e+08  1.873490e+08
1.510246e+05  3.699684e+08  0.000000e+00  0.000000e+00  3.327337e+09  0.000000e+00  0.000000e+00  2.919542e+08  2.342097e+08  2.021747e+08  1.865746e+08
1.512805e+05  3.690280e+08  0.000000e+00  0.000000e+00  3.318880e+09  0.000000e+00  0.000000e+00  2.907967e+08  2.332557e+08  2.013427e+08  1.858025e+08
1.515369e+05  3.680895e+08  0.000000e+00  0.000000e+00  3.310440e+09  0.000000e+00  0.000000e+00  2.896428e+08  2.323071e+08  2.005126e+08  1.850327e+08
1.517936e+05  3.671528e+08  0.000000e+00  0.000000e+00  3.302016e+09  0.000000e+00  0.000000e+00  2.884930e+08  2.313597e+08  1.996859e+08  1.842663e+08
1.520509e+05  3.662180e+08  0.000000e+00  0.000000e+00  3.293608e+09  0.000000e+00  0.000000e+00  2.873464e+08  2.304169e+08  1.988624e+08  1.835020e+08
1.523085e+05  3.652851e+08  0.000000e+00  0.000000e+00  3.285218e+09  0.000000e+00  0.000000e+00  2.862032e+08  2.294765e+08  1.980413e+08  1.827403e+08
1.525666e+05  3.643539e+08  0.000000e+00  0.000000e+00  3.276844e+09  0.000000e+00  0.000000e+00  2.850650e+08  2.285383e+08  1.972230e+08  1.819820e+08
1.528251e+05  3.634247e+08  0.000000e+00  0.000000e+00  3.268486e+09  0.000000e+00  0.000000e+00  2.839284e+08  2.276053e+08  1.964082e+08  1.812253e+08
1.530841e+05  3.624972e+08  0.000000e+00  0.000000e+00  3.260145e+09  0.000000e+00  0.000000e+00  2.827976e+08  2.266739e+08  1.955951e+08  1.804714e+08
1.533435e+05  3.615716e+08  0.000000e+00  0.000000e+00  3.251821e+09  0.000000e+00  0.000000e+00  2.816684e+08  2.257463e+08  1.947850e+08  1.797204e+08
1.536033e+05  3.606479e+08  0.000000e+00  0.000000e+00  3.243513e+09  0.000000e+00  0.000000e+00  2.805435e+08  2.248217e+08  1.939786e+08  1.789715e+08
1.538636e+05  3.597260e+08  0.000000e+00  0.000000e+00  3.235222e+09  0.000000e+00  0.000000e+00  2.794235e+08  2.239000e+08  1.931743e+08  1.782256e+08
1.541243e+05  3.588059e+08  0.000000e+00  0.000000e+00  3.226947e+09  0.000000e+00  0.000000e+00  2.783054e+08  2.229815e+08  1.923728e+08  1.774827e+08
1.543855e+05  3.578876e+08  0.000000e+00  0.000000e+00  3.218688e+09  0.000000e+00  0.000000e+00  2.771914e+08  2.220658e+08  1.915733e+08  1.767419e+08
1.546471e+05  3.569711e+08  0.000000e+00  0.000000e+00  3.210446e+09  0.000000e+00  0.000000e+00  2.760809e+08  2.211529e+08  1.907773e+08  1.760034e+08
1.549092e+05  3.560565e+08  0.000000e+00  0.000000e+00  3.202220e+09  0.000000e+00  0.000000e+00  2.749744e+08  2.202435e+08  1.899838e+08  1.752675e+08
1.551717e+05  3.551437e+08  0.000000e+00  0.000000e+00  3.194011e+09  0.000000e+00  0.000000e+00  2.738705e+08  2.193374e+08  1.891928e+08  1.745340e+08
1.554346e+05  3.542327e+08  0.000000e+00  0.000000e+00  3.185817e+09  0.000000e+00  0.000000e+00  2.727710e+08  2.184338e+08  1.884043e+08  1.738036e+08
1.556980e+05  3.533235e+08  0.000000e+00  0.000000e+00  3.177641e+09  0.000000e+00  0.000000e+00  2.716739e+08  2.175329e+08  1.876196e+08  1.730747e+08
1.559618e+05  3.524161e+08  0.000000e+00  0.000000e+00  3.169480e+09  0.000000e+00  0.000000e+00  2.705822e+08  2.166364e+08  1.868364e+08  1.723495e+08
1.562261e+05  3.515105e+08  0.000000e+00  0.000000e+00  3.161336e+09  0.000000e+00  0.000000e+00  2.694927e+08  2.157421e+08  1.860573e+08  1.716262e+08
1.564908e+05  3.506068e+08  0.000000e+00  0.000000e+00  3.153208e+09  0.000000e+00  0.000000e+00  2.684071e+08  2.148513e+08  1.852800e+08  1.709055e+08
1.567560e+05  3.497048e+08  0.000000e+00  0.000000e+00  3.145096e+09  0.000000e+00  0.000000e+00  2.673241e+08  2.139625e+08  1.845046e+08  1.701871e+08
1.570216e+05  3.488046e+08  0.000000e+00  0.000000e+00  3.137000e+09  0.000000e+00  0.000000e+00  2.662463e+08  2.130772e+08  1.837326e+08  1.694715e+08
1.572877e+05  3.479063e+08  0.000000e+00  0.000000e+00  3.128920e+09  0.000000e+00  0.000000e+00  2.651703e+08  2.121951e+08  1.829642e+08  1.687583e+08
1.575542e+05  3.470097e+08  0.000000e+00  0.000000e+00  3.120857e+09  0.000000e+00  0.000000e+00  2.640988e+08  2.113162e+08  1.821971e+08  1.680482e+08
1.578212e+05  3.461149e+08  0.000000e+00  0.000000e+00  3.112809e+09  0.000000e+00  0.000000e+00  2.630315e+08  2.104393e+08  1.814329e+08  1.673399e+08
1.580886e+05  3.452219e+08  0.000000e+00  0.000000e+00  3.104778e+09  0.000000e+00  0.000000e+00  2.619664e+08  2.095663e+08  1.806715e+08  1.666338e+08
1.583565e+05  3.443306e+08  0.000000e+00  0.000000e+00  3.096763e+09  0.000000e+00  0.000000e+00  2.609043e+08  2.086964e+08  1.799126e+08  1.659308e+08
1.586248e+05  3.434412e+08  0.000000e+00  0.000000e+00  3.088763e+09  0.000000e+00  0.000000e+00  2.598465e+08  2.078286e+08  1.791566e+08  1.652296e+08
1.588936e+05  3.425535e+08  0.000000e+00  0.000000e+00  3.080780e+09  0.000000e+00  0.000000e+00  2.587927e+08  2.069641e+08  1.784031e+08  1.645314e+08
1.591629e+05  3.416676e+08  0.000000e+00  0.000000e+00  3.072812e+09  0.000000e+00  0.000000e+00  2.577415e+08  2.061027e+08  1.776526e+08  1.638347e+08
1.594326e+05  3.407835e+08  0.000000e+00  0.000000e+00  3.064861e+09  0.000000e+00  0.000000e+00  2.566934e+08  2.052439e+08  1.769048e+08  1.631413e+08
1.597027e+05  3.399011e+08  0.000000e+00  0.000000e+00  3.056926e+09  0.000000e+00  0.000000e+00  2.556497e+08  2.043882e+08  1.761589e+08  1.624507e+08
1.599734e+05  3.390205e+08  0.000000e+00  0.000000e+00  3.049006e+09  0.000000e+00  0.000000e+00  2.546086e+08  2.035362e+08  1.754155e+08  1.617618e+08
1.602444e+05  3.381417e+08  0.000000e+00  0.000000e+00  3.041102e+09  0.000000e+00  0.000000e+00  2.535709e+08  2.026860e+08  1.746752e+08  1.610754e+08
1.605160e+05  3.372647e+08  0.000000e+00  0.000000e+00  3.033214e+09  0.000000e+00  0.000000e+00  2.525372e+08  2.018395e+08  1.739377e+08  1.603920e+08
1.607880e+05  3.363894e+08  0.000000e+00  0.000000e+00  3.025342e+09  0.000000e+00  0.000000e+00  2.515073e+08  2.009955e+08  1.732022e+08  1.597103e+08
1.610604e+05  3.355158e+08  0.000000e+00  0.000000e+00  3.017486e+09  0.000000e+00  0.000000e+00  2.504805e+08  2.001543e+08  1.724700e+08  1.590317e+08
1.613334e+05  3.346440e+08  0.000000e+00  0.000000e+00  3.009645e+09  0.000000e+00  0.000000e+00  2.494568e+08  1.993159e+08  1.717388e+08  1.583550e+08
1.616067e+05  3.337740e+08  0.000000e+00  0.000000e+00  3.001820e+09  0.000000e+00  0.000000e+00  2.484366e+08  1.984815e+08  1.710123e+08  1.576804e+08
1.618806e+05  3.329057e+08  0.000000e+00  0.000000e+00  2.994011e+09  0.000000e+00  0.000000e+00  2.474196e+08  1.976482e+08  1.702860e+08  1.570088e+08
1.621549e+05  3.320391e+08  0.000000e+00  0.000000e+00  2.986218e+09  0.000000e+00  0.000000e+00  2.464053e+08  1.968185e+08  1.695641e+08  1.563394e+08
1.624297e+05  3.311743e+08  0.000000e+00  0.000000e+00  2.978440e+09  0.000000e+00  0.000000e+00  2.453945e+08  1.959922e+08  1.688432e+08  1.556719e+08
1.627049e+05  3.303112e+08  0.000000e+00  0.000000e+00  2.970678e+09  0.000000e+00  0.000000e+00  2.443881e+08  1.951687e+08  1.681265e+08  1.550071e+08
1.629806e+05  3.294499e+08  0.000000e+00  0.000000e+00  2.962932e+09  0.000000e+00  0.000000e+00  2.433836e+08  1.943466e+08  1.674109e+08  1.543444e+08
1.632568e+05  3.285903e+08  0.000000e+00  0.000000e+00  2.955201e+09  0.000000e+00  0.000000e+00  2.423837e+08  1.935292e+08  1.666987e+08  1.536840e+08
1.635334e+05  3.277324e+08  0.000000e+00  0.000000e+00  2.947485e+09  0.000000e+00  0.000000e+00  2.413872e+08  1.927142e+08  1.659885e+08  1.530265e+08
1.638105e+05  3.268763e+08  0.000000e+00  0.000000e+00  2.939786e+09  0.000000e+00  0.000000e+00  2.403938e+08  1.919012e+08  1.652812e+08  1.523712e+08
1.640881e+05  3.260219e+08  0.000000e+00  0.000000e+00  2.932101e+09  0.000000e+00  0.000000e+00  2.394031e+08  1.910922e+08  1.645769e+08  1.517185e+08
1.643662e+05  3.251692e+08  0.000000e+00  0.000000e+00  2.924433e+09  0.000000e+00  0.000000e+00  2.384160e+08  1.902858e+08  1.638748e+08  1.510681e+08
1.646447e+05  3.243182e+08  0.000000e+00  0.000000e+00  2.916779e+09  0.000000e+00  0.000000e+00  2.374327e+08  1.894815e+08  1.631753e+08  1.504199e+08
1.649237e+05  3.234689e+08  0.000000e+00  0.000000e+00  2.909141e+09  0.000000e+00  0.000000e+00  2.364524e+08  1.886800e+08  1.624780e+08  1.497737e+08
1.652031e+05  3.226214e+08  0.000000e+00  0.000000e+00  2.901519e+09  0.000000e+00  0.000000e+00  2.354752e+08  1.878812e+08  1.617823e+08  1.491298e+08
1.654831e+05  3.217756e+08  0.000000e+00  0.000000e+00  2.893912e+09  0.000000e+00  0.000000e+00  2.345009e+08  1.870853e+08  1.610896e+08  1.484884e+08
1.657635e+05  3.209314e+08  0.000000e+00  0.000000e+00  2.886320e+09  0.000000e+00  0.000000e+00  2.335306e+08  1.862930e+08  1.603990e+08  1.478487e+08
1.660444e+05  3.200890e+08  0.000000e+00  0.000000e+00  2.878744e+09  0.000000e+00  0.000000e+00  2.325620e+08  1.855021e+08  1.597116e+08  1.472112e+08
1.663257e+05  3.192483e+08  0.000000e+00  0.000000e+00  2.871183e+09  0.000000e+00  0.000000e+00  2.315973e+08  1.847146e+08  1.590261e+08  1.465770e+08
1.666076e+05  3.184093e+08  0.000000e+00  0.000000e+00  2.863637e+09  0.000000e+00  0.000000e+00  2.306373e+08  1.839294e+08  1.583427e+08  1.459440e+08
1.668899e+05  3.175720e+08  0.000000e+00  0.000000e+00  2.856107e+09  0.000000e+00  0.000000e+00  2.296798e+08  1.831483e+08  1.576635e+08  1.453143e+08
1.671727e+05  3.167364e+08  0.000000e+00  0.000000e+00  2.848592e+09  0.000000e+00  0.000000e+00  2.287255e+08  1.823700e+08  1.569860e+08  1.446870e+08
1.674560e+05  3.159025e+08  0.000000e+00  0.000000e+00  2.841092e+09  0.000000e+00  0.000000e+00  2.277753e+08  1.815938e+08  1.563110e+08  1.440620e+08
1.677397e+05  3.150703e+08  0.000000e+00  0.000000e+00  2.833607e+09  0.000000e+00  0.000000e+00  2.268275e+08  1.808206e+08  1.556384e+08  1.434387e+08
1.680240e+05  3.142397e+08  0.000000e+00  0.000000e+00  2.826138e+09  0.000000e+00  0.000000e+00  2.258828e+08  1.800497e+08  1.549677e+08  1.428178e+08
1.683087e+05  3.134109e+08  0.000000e+00  0.000000e+00  2.818683e+09  0.000000e+00  0.000000e+00  2.249415e+08  1.792810e+08  1.543000e+08  1.421995e+08
1.685939e+05  3.125837e+08  0.000000e+00  0.000000e+00  2.811244e+09  0.000000e+00  0.000000e+00  2.240027e+08  1.785163e+08  1.536337e+08  1.415822e+08
1.688796e+05  3.117582e+08  0.000000e+00  0.000000e+00  2.803820e+09  0.000000e+00  0.000000e+00  2.230665e+08  1.777524e+08  1.529697e+08  1.409676e+08
1.691657e+05  3.109344e+08  0.000000e+00  0.000000e+00  2.796411e+09  0.000000e+00  0.000000e+00  2.221340e+08  1.769920e+08  1.523082e+08  1.403552e+08
1.694524e+05  3.101122e+08  0.000000e+00  0.000000e+00  2.789017e+09  0.000000e+00  0.000000e+00  2.212052e+08  1.762339e+08  1.516491e+08  1.397454e+08
1.697395e+05  3.092918e+08  0.000000e+00  0.000000e+00  2.781638e+09  0.000000e+00  0.000000e+00  2.202796e+08  1.754801e+08  1.509926e+08  1.391379e+08
1.700272e+05  3.084730e+08  0.000000e+00  0.000000e+00  2.774274e+09  0.000000e+00  0.000000e+00  2.193586e+08  1.747280e+08  1.503394e+08  1.385329e+08
1.703153e+05  3.076559e+08  0.000000e+00  0.000000e+00  2.766925e+09  0.000000e+00  0.000000e+00  2.184398e+08  1.739794e+08  1.496884e+08  1.379298e+08
1.706039e+05  3.068404e+08  0.000000e+00  0.000000e+00  2.759591e+09  0.000000e+00  0.000000e+00  2.175241e+08  1.732336e+08  1.490399e+08  1.373298e+08
1.708930e+05  3.060266e+08  0.000000e+00  0.000000e+00  2.752272e+09  0.000000e+00  0.000000e+00  2.166118e+08  1.724898e+08  1.483932e+08  1.367311e+08
1.711825e+05  3.052145e+08  0.000000e+00  0.000000e+00  2.744968e+09  0.000000e+00  0.000000e+00  2.157013e+08  1.717480e+08  1.477489e+08  1.361342e+08
1.714726e+05  3.044040e+08  0.000000e+00  0.000000e+00  2.737679e+09  0.000000e+00  0.000000e+00  2.147931e+08  1.710082e+08  1.471063e+08  1.355389e+08
1.717632e+05  3.035951e+08  0.000000e+00  0.000000e+00  2.730405e+09  0.000000e+00  0.000000e+00  2.138883e+08  1.702719e+08  1.464659e+08  1.349460e+08
1.720542e+05  3.027880e+08  0.000000e+00  0.000000e+00  2.723146e+09  0.000000e+00  0.000000e+00  2.129878e+08  1.695382e+08  1.458279e+08  1.343555e+08
1.723458e+05  3.019824e+08  0.000000e+00  0.000000e+00  2.715901e+09  0.000000e+00  0.000000e+00  2.120911e+08  1.688079e+08  1.451925e+08  1.337677e+08
1.726378e+05  3.011785e+08  0.000000e+00  0.000000e+00  2.708671e+09  0.000000e+00  0.000000e+00  2.111984e+08  1.680804e+08  1.445614e+08  1.331833e+08
1.729303e+05  3.003763e+08  0.000000e+00  0.000000e+00  2.701456e+09  0.000000e+00  0.000000e+00  2.103095e+08  1.673569e+08  1.439325e+08  1.326004e+08
1.732234e+05  2.995757e+08  0.000000e+00  0.000000e+00  2.694256e+09  0.000000e+00  0.000000e+00  2.094214e+08  1.666350e+08  1.433042e+08  1.320195e+08
1.735169e+05  2.987768e+08  0.000000e+00  0.000000e+00  2.687070e+09  0.000000e+00  0.000000e+00  2.085359e+08  1.659141e+08  1.426780e+08  1.314403e+08
1.738109e+05  2.979794e+08  0.000000e+00  0.000000e+00  2.679900e+09  0.000000e+00  0.000000e+00  2.076520e+08  1.651942e+08  1.420528e+08  1.308615e+08
1.741055e+05  2.971837e+08  0.000000e+00  0.000000e+00  2.672744e+09  0.000000e+00  0.000000e+00  2.067712e+08  1.644782e+08  1.414314e+08  1.302854e+08
1.744005e+05  2.963897e+08  0.000000e+00  0.000000e+00  2.665602e+09  0.000000e+00  0.000000e+00  2.058962e+08  1.637653e+08  1.408120e+08  1.297128e+08
1.746960e+05  2.955973e+08  0.000000e+00  0.000000e+00  2.658475e+09  0.000000e+00  0.000000e+00  2.050262e+08  1.630575e+08  1.401971e+08  1.291435e+08
1.749920e+05  2.948065e+08  0.000000e+00  0.000000e+00  2.651363e+09  0.000000e+00  0.000000e+00  2.041599e+08  1.623535e+08  1.395844e+08  1.285768e+08
1.752886e+05  2.940173e+08  0.000000e+00  0.000000e+00  2.644266e+09  0.000000e+00  0.000000e+00  2.032928e+08  1.616484e+08  1.389733e+08  1.280106e+08
1.755856e+05  2.932297e+08  0.000000e+00  0.000000e+00  2.637183e+09  0.000000e+00  0.000000e+00  2.024258e+08  1.609429e+08  1.383600e+08  1.274432e+08
1.758831e+05  2.924438e+08  0.000000e+00  0.000000e+00  2.630114e+09  0.000000e+00  0.000000e+00  2.015607e+08  1.602405e+08  1.377498e+08  1.268787e+08
1.761812e+05  2.916594e+08  0.000000e+00  0.000000e+00  2.623060e+09  0.000000e+00  0.000000e+00  2.007064e+08  1.595455e+08  1.371463e+08  1.263204e+08
1.764797e+05  2.908767e+08  0.000000e+00  0.000000e+00  2.616021e+09  0.000000e+00  0.000000e+00  1.998588e+08  1.588570e+08  1.365486e+08  1.257668e+08
1.767787e+05  2.900956e+08  0.000000e+00  0.000000e+00  2.608996e+09  0.000000e+00  0.000000e+00  1.990052e+08  1.581622e+08  1.359457e+08  1.252089e+08
1.770783e+05  2.893161e+08  0.000000e+00  0.000000e+00  2.601986e+09  0.000000e+00  0.000000e+00  1.981454e+08  1.574645e+08  1.353388e+08  1.246477e+08
1.773784e+05  2.885383e+08  0.000000e+00  0.000000e+00  2.594990e+09  0.000000e+00  0.000000e+00  1.973202e+08  1.567929e+08  1.347560e+08  1.241089e+08
1.776789e+05  2.877620e+08  0.000000e+00  0.000000e+00  2.588008e+09  0.000000e+00  0.000000e+00  1.964499e+08  1.560865e+08  1.341426e+08  1.235408e+08
1.780020e+05  2.869307e+08  0.000000e+00  0.000000e+00  2.580532e+09  0.000000e+00  0.000000e+00  1.955106e+08  1.553242e+08  1.334821e+08  1.229297e+08
1.783478e+05  2.860450e+08  0.000000e+00  0.000000e+00  2.572566e+09  0.000000e+00  0.000000e+00  1.945870e+08  1.545736e+08  1.328300e+08  1.223257e+08
1.786942e+05  2.851613e+08  0.000000e+00  0.000000e+00  2.564619e+09  0.000000e+00  0.000000e+00  1.936339e+08  1.537999e+08  1.321575e+08  1.217045e+08
1.790412e+05  2.842798e+08  0.000000e+00  0.000000e+00  2.556691e+09  0.000000e+00  0.000000e+00  1.926841e+08  1.530283e+08  1.314887e+08  1.210851e+08
1.793890e+05  2.834003e+08  0.000000e+00  0.000000e+00  2.548782e+09  0.000000e+00  0.000000e+00  1.917373e+08  1.522604e+08  1.308216e+08  1.204682e+08
1.797374e+05  2.825230e+08  0.000000e+00  0.000000e+00  2.540891e+09  0.000000e+00  0.000000e+00  1.907953e+08  1.514952e+08  1.301582e+08  1.198541e+08
1.800865e+05  2.816477e+08  0.000000e+00  0.000000e+00  2.533019e+09  0.000000e+00  0.000000e+00  1.898567e+08  1.507336e+08  1.294969e+08  1.192426e+08
1.804363e+05  2.807744e+08  0.000000e+00  0.000000e+00  2.525165e+09  0.000000e+00  0.000000e+00  1.889217e+08  1.499749e+08  1.288380e+08  1.186338e+08
1.807867e+05  2.799033e+08  0.000000e+00  0.000000e+00  2.517331e+09  0.000000e+00  0.000000e+00  1.879909e+08  1.492194e+08  1.281830e+08  1.180276e+08
1.811379e+05  2.790342e+08  0.000000e+00  0.000000e+00  2.509514e+09  0.000000e+00  0.000000e+00  1.870645e+08  1.484678e+08  1.275304e+08  1.174234e+08
1.814897e+05  2.781672e+08  0.000000e+00  0.000000e+00  2.501717e+09  0.000000e+00  0.000000e+00  1.861412e+08  1.477188e+08  1.268809e+08  1.168226e+08
1.818422e+05  2.773022e+08  0.000000e+00  0.000000e+00  2.493938e+09  0.000000e+00  0.000000e+00  1.852214e+08  1.469734e+08  1.262340e+08  1.162245e+08
1.821954e+05  2.764393e+08  0.000000e+00  0.000000e+00  2.486177e+09  0.000000e+00  0.000000e+00  1.843069e+08  1.462316e+08  1.255904e+08  1.156293e+08
1.825492e+05  2.755785e+08  0.000000e+00  0.000000e+00  2.478435e+09  0.000000e+00  0.000000e+00  1.833953e+08  1.454930e+08  1.249491e+08  1.150360e+08
1.829038e+05  2.747197e+08  0.000000e+00  0.000000e+00  2.470712e+09  0.000000e+00  0.000000e+00  1.824873e+08  1.447569e+08  1.243112e+08  1.144463e+08
1.832590e+05  2.738630e+08  0.000000e+00  0.000000e+00  2.463007e+09  0.000000e+00  0.000000e+00  1.815837e+08  1.440243e+08  1.236763e+08  1.138584e+08
1.836150e+05  2.730083e+08  0.000000e+00  0.000000e+00  2.455320e+09  0.000000e+00  0.000000e+00  1.806834e+08  1.432953e+08  1.230437e+08  1.132731e+08
1.839716e+05  2.721556e+08  0.000000e+00  0.000000e+00  2.447651e+09  0.000000e+00  0.000000e+00  1.797879e+08  1.425687e+08  1.224137e+08  1.126910e+08
1.843289e+05  2.713050e+08  0.000000e+00  0.000000e+00  2.440001e+09  0.000000e+00  0.000000e+00  1.788950e+08  1.418460e+08  1.217866e+08  1.121108e+08
1.846869e+05  2.704564e+08  0.000000e+00  0.000000e+00  2.432369e+09  0.000000e+00  0.000000e+00  1.780066e+08  1.411256e+08  1.211619e+08  1.115338e+08
1.850457e+05  2.696098e+08  0.000000e+00  0.000000e+00  2.424756e+09  0.000000e+00  0.000000e+00  1.771205e+08  1.404091e+08  1.205401e+08  1.109586e+08
1.854051e+05  2.687653e+08  0.000000e+00  0.000000e+00  2.417160e+09  0.000000e+00  0.000000e+00  1.762390e+08  1.396947e+08  1.199212e+08  1.103861e+08
1.857652e+05  2.679228e+08  0.000000e+00  0.000000e+00  2.409583e+09  0.000000e+00  0.000000e+00  1.753615e+08  1.389838e+08  1.193053e+08  1.098165e+08
1.861260e+05  2.670823e+08  0.000000e+00  0.000000e+00  2.402024e+09  0.000000e+00  0.000000e+00  1.744874e+08  1.382763e+08  1.186913e+08  1.092488e+08
1.864875e+05  2.662438e+08  0.000000e+00  0.000000e+00  2.394483e+09  0.000000e+00  0.000000e+00  1.736175e+08  1.375717e+08  1.180809e+08  1.086845e+08
1.868497e+05  2.654073e+08  0.000000e+00  0.000000e+00  2.386960e+09  0.000000e+00  0.000000e+00  1.727514e+08  1.368706e+08  1.174730e+08  1.081222e+08
1.872126e+05  2.645729e+08  0.000000e+00  0.000000e+00  2.379455e+09  0.000000e+00  0.000000e+00  1.718883e+08  1.361725e+08  1.168684e+08  1.075632e+08
1.875762e+05  2.637404e+08  0.000000e+00  0.000000e+00  2.371968e+09  0.000000e+00  0.000000e+00  1.710301e+08  1.354779e+08  1.162660e+08  1.070067e+08
1.879405e+05  2.629099e+08  0.000000e+00  0.000000e+00  2.364500e+09  0.000000e+00  0.000000e+00  1.701751e+08  1.347863e+08  1.156665e+08  1.064520e+08
1.883056e+05  2.620815e+08  0.000000e+00  0.000000e+00  2.357049e+09  0.000000e+00  0.000000e+00  1.693236e+08  1.340980e+08  1.150700e+08  1.059006e+08
1.886713e+05  2.612550e+08  0.000000e+00  0.000000e+00  2.349616e+09  0.000000e+00  0.000000e+00  1.684762e+08  1.334125e+08  1.144763e+08  1.053510e+08
1.890378e+05  2.604305e+08  0.000000e+00  0.000000e+00  2.342201e+09  0.000000e+00  0.000000e+00  1.676316e+08  1.327299e+08  1.138841e+08  1.048041e+08
1.894049e+05  2.596080e+08  0.000000e+00  0.000000e+00  2.334804e+09  0.000000e+00  0.000000e+00  1.667913e+08  1.320498e+08  1.132955e+08  1.042597e+08
1.897728e+05  2.587875e+08  0.000000e+00  0.000000e+00  2.327424e+09  0.000000e+00  0.000000e+00  1.659540e+08  1.313728e+08  1.127088e+08  1.037176e+08
1.901414e+05  2.579690e+08  0.000000e+00  0.000000e+00  2.320063e+09  0.000000e+00  0.000000e+00  1.651199e+08  1.306979e+08  1.121240e+08  1.031772e+08
1.905107e+05  2.571524e+08  0.000000e+00  0.000000e+00  2.312719e+09  0.000000e+00  0.000000e+00  1.642894e+08  1.300270e+08  1.115435e+08  1.026399e+08
1.908807e+05  2.563378e+08  0.000000e+00  0.000000e+00  2.305393e+09  0.000000e+00  0.000000e+00  1.634632e+08  1.293590e+08  1.109645e+08  1.021052e+08
1.912515e+05  2.555252e+08  0.000000e+00  0.000000e+00  2.298084e+09  0.000000e+00  0.000000e+00  1.626404e+08  1.286947e+08  1.103887e+08  1.015730e+08
1.916229e+05  2.547145e+08  0.000000e+00  0.000000e+00  2.290794e+09  0.000000e+00  0.000000e+00  1.618211e+08  1.280332e+08  1.098156e+08  1.010436e+08
1.919951e+05  2.539058e+08  0.000000e+00  0.000000e+00  2.283520e+09  0.000000e+00  0.000000e+00  1.610063e+08  1.273752e+08  1.092457e+08  1.005163e+08
1.923680e+05  2.530991e+08  0.000000e+00  0.000000e+00  2.276265e+09  0.000000e+00  0.000000e+00  1.601956e+08  1.267201e+08  1.086784e+08  9.999234e+07
1.927416e+05  2.522943e+08  0.000000e+00  0.000000e+00  2.269027e+09  0.000000e+00  0.000000e+00  1.593882e+08  1.260676e+08  1.081136e+08  9.947001e+07
1.931160e+05  2.514914e+08  0.000000e+00  0.000000e+00  2.261807e+09  0.000000e+00  0.000000e+00  1.585850e+08  1.254186e+08  1.075515e+08  9.895071e+07
1.934911e+05  2.506906e+08  0.000000e+00  0.000000e+00  2.254604e+09  0.000000e+00  0.000000e+00  1.577841e+08  1.247723e+08  1.069917e+08  9.843324e+07
1.938669e+05  2.498916e+08  0.000000e+00  0.000000e+00  2.247418e+09  0.000000e+00  0.000000e+00  1.569866e+08  1.241279e+08  1.064341e+08  9.791834e+07
1.942434e+05  2.490946e+08  0.000000e+00  0.000000e+00  2.240250e+09  0.000000e+00  0.000000e+00  1.561916e+08  1.234872e+08  1.058790e+08  9.740524e+07
1.946207e+05  2.482995e+08  0.000000e+00  0.000000e+00  2.233100e+09  0.000000e+00  0.000000e+00  1.554010e+08  1.228483e+08  1.053262e+08  9.689406e+07
1.949987e+05  2.475064e+08  0.000000e+00  0.000000e+00  2.225967e+09  0.000000e+00  0.000000e+00  1.546131e+08  1.222124e+08  1.047755e+08  9.638549e+07
1.953774e+05  2.467152e+08  0.000000e+00  0.000000e+00  2.218851e+09  0.000000e+00  0.000000e+00  1.538281e+08  1.215795e+08  1.042280e+08  9.587960e+07
1.957569e+05  2.459259e+08  0.000000e+00  0.000000e+00  2.211752e+09  0.000000e+00  0.000000e+00  1.530479e+08  1.209501e+08  1.036831e+08  9.537583e+07
1.961371e+05  2.451385e+08  0.000000e+00  0.000000e+00  2.204671e+09  0.000000e+00  0.000000e+00  1.522717e+08  1.203238e+08  1.031408e+08  9.487477e+07
1.965181e+05  2.443531e+08  0.000000e+00  0.000000e+00  2.197607e+09  0.000000e+00  0.000000e+00  1.514996e+08  1.197008e+08  1.026020e+08  9.437660e+07
1.968998e+05  2.435695e+08  0.000000e+00  0.000000e+00  2.190560e+09  0.000000e+00  0.000000e+00  1.507315e+08  1.190815e+08  1.020654e+08  9.388131e+07
1.972822e+05  2.427879e+08  0.000000e+00  0.000000e+00  2.183531e+09  0.000000e+00  0.000000e+00  1.499661e+08  1.184643e+08  1.015318e+08  9.338822e+07
1.976654e+05  2.420082e+08  0.000000e+00  0.000000e+00  2.176519e+09  0.000000e+00  0.000000e+00  1.492040e+08  1.178498e+08  1.010002e+08  9.289667e+07
1.980493e+05  2.412304e+08  0.000000e+00  0.000000e+00  2.169523e+09  0.000000e+00  0.000000e+00  1.484451e+08  1.172381e+08  1.004704e+08  9.240775e+07
1.984340e+05  2.404545e+08  0.000000e+00  0.000000e+00  2.162545e+09  0.000000e+00  0.000000e+00  1.476887e+08  1.166281e+08  9.994291e+07  9.191998e+07
1.988194e+05  2.396805e+08  0.000000e+00  0.000000e+00  2.155584e+09  0.000000e+00  0.000000e+00  1.469346e+08  1.160210e+08  9.941721e+07  9.143437e+07
1.992055e+05  2.389084e+08  0.000000e+00  0.000000e+00  2.148640e+09  0.000000e+00  0.000000e+00  1.461842e+08  1.154161e+08  9.889391e+07  9.095127e+07
1.995924e+05  2.381382e+08  0.000000e+00  0.000000e+00  2.141713e+09  0.000000e+00  0.000000e+00  1.454368e+08  1.148145e+08  9.837309e+07  9.047017e+07
1.999801e+05  2.373699e+08  0.000000e+00  0.000000e+00  2.134803e+09  0.000000e+00  0.000000e+00  1.446940e+08  1.142153e+08  9.785544e+07  8.999152e+07
2.003685e+05  2.366034e+08  0.000000e+00  0.000000e+00  2.127910e+09  0.000000e+00  0.000000e+00  1.439556e+08  1.136203e+08  9.734076e+07  8.951624e+07
2.007577e+05  2.358389e+08  0.000000e+00  0.000000e+00  2.121034e+09  0.000000e+00  0.000000e+00  1.432206e+08  1.130292e+08  9.682906e+07  8.904325e+07
2.011476e+05  2.350762e+08  0.000000e+00  0.000000e+00  2.114175e+09  0.000000e+00  0.000000e+00  1.424896e+08  1.124400e+08  9.631949e+07  8.857271e+07
2.015383e+05  2.343154e+08  0.000000e+00  0.000000e+00  2.107332e+09  0.000000e+00  0.000000e+00  1.417603e+08  1.118528e+08  9.581176e+07  8.810398e+07
2.019297e+05  2.335564e+08  0.000000e+00  0.000000e+00  2.100507e+09  0.000000e+00  0.000000e+00  1.410333e+08  1.112673e+08  9.530529e+07  8.763603e+07
2.023219e+05  2.327994e+08  0.000000e+00  0.000000e+00  2.093698e+09  0.000000e+00  0.000000e+00  1.403072e+08  1.106836e+08  9.480010e+07  8.716962e+07
2.027149e+05  2.320441e+08  0.000000e+00  0.000000e+00  2.086906e+09  0.000000e+00  0.000000e+00  1.395843e+08  1.101009e+08  9.429654e+07  8.670432e+07
2.031086e+05  2.312908e+08  0.000000e+00  0.000000e+00  2.080131e+09  0.000000e+00  0.000000e+00  1.388636e+08  1.095214e+08  9.379567e+07  8.624186e+07
2.035031e+05  2.305393e+08  0.000000e+00  0.000000e+00  2.073372e+09  0.000000e+00  0.000000e+00  1.381483e+08  1.089455e+08  9.329763e+07  8.578171e+07
2.038984e+05  2.297897e+08  0.000000e+00  0.000000e+00  2.066630e+09  0.000000e+00  0.000000e+00  1.374384e+08  1.083744e+08  9.280350e+07  8.532563e+07
2.042944e+05  2.290419e+08  0.000000e+00  0.000000e+00  2.059905e+09  0.000000e+00  0.000000e+00  1.367329e+08  1.078064e+08  9.231296e+07  8.487241e+07
2.046912e+05  2.282960e+08  0.000000e+00  0.000000e+00  2.053196e+09  0.000000e+00  0.000000e+00  1.360306e+08  1.072423e+08  9.182482e+07  8.442166e+07
2.050887e+05  2.275519e+08  0.000000e+00  0.000000e+00  2.046504e+09  0.000000e+00  0.000000e+00  1.353296e+08  1.066778e+08  9.133733e+07  8.397133e+07
2.054871e+05  2.268096e+08  0.000000e+00  0.000000e+00  2.039829e+09  0.000000e+00  0.000000e+00  1.346287e+08  1.061139e+08  9.084981e+07  8.352127e+07
2.058862e+05  2.260692e+08  0.000000e+00  0.000000e+00  2.033170e+09  0.000000e+00  0.000000e+00  1.339285e+08  1.055517e+08  9.036344e+07  8.307190e+07
2.062861e+05  2.253306e+08  0.000000e+00  0.000000e+00  2.026527e+09  0.000000e+00  0.000000e+00  1.332322e+08  1.049918e+08  8.987977e+07  8.262523e+07
2.066867e+05  2.245939e+08  0.000000e+00  0.000000e+00  2.019901e+09  0.000000e+00  0.000000e+00  1.325432e+08  1.044378e+08  8.940093e+07  8.218332e+07
2.070882e+05  2.238590e+08  0.000000e+00  0.000000e+00  2.013292e+09  0.000000e+00  0.000000e+00  1.318611e+08  1.038901e+08  8.892754e+07  8.174611e+07
2.074904e+05  2.231259e+08  0.000000e+00  0.000000e+00  2.006699e+09  0.000000e+00  0.000000e+00  1.311842e+08  1.033451e+08  8.845685e+07  8.131183e+07
2.078934e+05  2.223946e+08  0.000000e+00  0.000000e+00  2.000122e+09  0.000000e+00  0.000000e+00  1.305041e+08  1.027994e+08  8.798489e+07  8.087591e+07
2.082972e+05  2.216651e+08  0.000000e+00  0.000000e+00  1.993562e+09  0.000000e+00  0.000000e+00  1.298203e+08  1.022495e+08  8.751018e+07  8.043730e+07
2.087018e+05  2.209375e+08  0.000000e+00  0.000000e+00  1.987017e+09  0.000000e+00  0.000000e+00  1.291394e+08  1.017027e+08  8.703774e+07  8.000123e+07
2.091071e+05  2.202117e+08  0.000000e+00  0.000000e+00  1.980490e+09  0.000000e+00  0.000000e+00  1.284729e+08  1.011671e+08  8.657502e+07  7.957433e+07
2.095132e+05  2.194877e+08  0.000000e+00  0.000000e+00  1.973978e+09  0.000000e+00  0.000000e+00  1.278181e+08  1.006419e+08  8.612069e+07  7.915478e+07
2.099202e+05  2.187654e+08  0.000000e+00  0.000000e+00  1.967483e+09  0.000000e+00  0.000000e+00  1.271522e+08  1.001067e+08  8.565879e+07  7.872834e+07
2.103279e+05  2.180450e+08  0.000000e+00  0.000000e+00  1.961004e+09  0.000000e+00  0.000000e+00  1.264742e+08  9.956261e+07  8.518905e+07  7.829473e+07
2.107364e+05  2.173264e+08  0.000000e+00  0.000000e+00  1.954541e+09  0.000000e+00  0.000000e+00  1.258443e+08  9.905693e+07  8.475181e+07  7.789079e+07
2.111457e+05  2.166096e+08  0.000000e+00  0.000000e+00  1.948094e+09  0.000000e+00  0.000000e+00  1.251468e+08  9.849736e+07  8.426919e+07  7.744570e+07
2.115910e+05  2.158334e+08  0.000000e+00  0.000000e+00  1.941114e+09  0.000000e+00  0.000000e+00  1.243755e+08  9.788042e+07  8.373637e+07  7.695396e+07
2.120723e+05  2.149985e+08  0.000000e+00  0.000000e+00  1.933605e+09  0.000000e+00  0.000000e+00  1.236512e+08  9.729851e+07  8.323386e+07  7.648985e+07
2.125547e+05  2.141661e+08  0.000000e+00  0.000000e+00  1.926118e+09  0.000000e+00  0.000000e+00  1.228999e+08  9.669573e+07  8.271327e+07  7.600971e+07
2.130383e+05  2.133361e+08  0.000000e+00  0.000000e+00  1.918654e+09  0.000000e+00  0.000000e+00  1.221524e+08  9.609605e+07  8.219565e+07  7.553163e+07
2.135229e+05  2.125085e+08  0.000000e+00  0.000000e+00  1.911211e+09  0.000000e+00  0.000000e+00  1.214094e+08  9.549957e+07  8.168091e+07  7.505698e+07
2.140087e+05  2.116834e+08  0.000000e+00  0.000000e+00  1.903790e+09  0.000000e+00  0.000000e+00  1.206699e+08  9.490763e+07  8.116947e+07  7.458445e+07
2.144955e+05  2.108607e+08  0.000000e+00  0.000000e+00  1.896391e+09  0.000000e+00  0.000000e+00  1.199348e+08  9.431838e+07  8.066091e+07  7.411521e+07
2.149834e+05  2.100404e+08  0.000000e+00  0.000000e+00  1.889014e+09  0.000000e+00  0.000000e+00  1.192047e+08  9.373221e+07  8.015532e+07  7.364880e+07
2.154725e+05  2.092226e+08  0.000000e+00  0.000000e+00  1.881658e+09  0.000000e+00  0.000000e+00  1.184780e+08  9.315007e+07  7.965275e+07  7.318482e+07
2.159627e+05  2.084071e+08  0.000000e+00  0.000000e+00  1.874325e+09  0.000000e+00  0.000000e+00  1.177554e+08  9.257138e+07  7.915331e+07  7.272412e+07
2.164540e+05  2.075941e+08  0.000000e+00  0.000000e+00  1.867012e+09  0.000000e+00  0.000000e+00  1.170382e+08  9.199612e+07  7.865727e+07  7.226620e+07
2.169464e+05  2.067834e+08  0.000000e+00  0.000000e+00  1.859722e+09  0.000000e+00  0.000000e+00  1.163248e+08  9.142495e+07  7.816428e+07  7.181129e+07
2.174399e+05  2.059752e+08  0.000000e+00  0.000000e+00  1.852453e+09  0.000000e+00  0.000000e+00  1.156164e+08  9.085758e+07  7.767480e+07  7.135973e+07
2.179345e+05  2.051693e+08  0.000000e+00  0.000000e+00  1.845205e+09  0.000000e+00  0.000000e+00  1.149121e+08  9.029379e+07  7.718821e+07  7.091094e+07
2.184303e+05  2.043659e+08  0.000000e+00  0.000000e+00  1.837979e+09  0.000000e+00  0.000000e+00  1.142130e+08  8.973341e+07  7.670512e+07  7.046498e+07
2.189272e+05  2.035648e+08  0.000000e+00  0.000000e+00  1.830775e+09  0.000000e+00  0.000000e+00  1.135176e+08  8.917716e+07  7.622469e+07  7.002191e+07
2.194252e+05  2.027661e+08  0.000000e+00  0.000000e+00  1.823591e+09  0.000000e+00  0.000000e+00  1.128261e+08  8.862383e+07  7.574740e+07  6.958184e+07
2.199244e+05  2.019697e+08  0.000000e+00  0.000000e+00  1.816429e+09  0.000000e+00  0.000000e+00  1.121384e+08  8.807370e+07  7.527299e+07  6.914375e+07
2.204247e+05  2.011757e+08  0.000000e+00  0.000000e+00  1.809289e+09  0.000000e+00  0.000000e+00  1.114545e+08  8.752668e+07  7.480110e+07  6.870847e+07
2.209261e+05  2.003841e+08  0.000000e+00  0.000000e+00  1.802169e+09  0.000000e+00  0.000000e+00  1.107744e+08  8.698211e+07  7.433187e+07  6.827576e+07
2.214287e+05  1.995949e+08  0.000000e+00  0.000000e+00  1.795071e+09  0.000000e+00  0.000000e+00  1.100982e+08  8.644129e+07  7.386516e+07  6.784532e+07
2.219324e+05  1.988079e+08  0.000000e+00  0.000000e+00  1.787994e+09  0.000000e+00  0.000000e+00  1.094250e+08  8.590277e+07  7.340107e+07  6.741719e+07
2.224373e+05  1.980234e+08  0.000000e+00  0.000000e+00  1.780938e+09  0.000000e+00  0.000000e+00  1.087560e+08  8.536789e+07  7.293997e+07  6.699165e+07
2.229433e+05  1.972412e+08  0.000000e+00  0.000000e+00  1.773903e+09  0.000000e+00  0.000000e+00  1.080912e+08  8.483648e+07  7.248153e+07  6.656924e+07
2.234505e+05  1.964613e+08  0.000000e+00  0.000000e+00  1.766889e+09  0.000000e+00  0.000000e+00  1.074306e+08  8.430825e+07  7.202646e+07  6.614953e+07
2.239588e+05  1.956837e+08  0.000000e+00  0.000000e+00  1.759896e+09  0.000000e+00  0.000000e+00  1.067746e+08  8.378387e+07  7.157448e+07  6.573236e+07
2.244683e+05  1.949085e+08  0.000000e+00  0.000000e+00  1.752924e+09  0.000000e+00  0.000000e+00  1.061230e+08  8.326326e+07  7.112564e+07  6.531853e+07
2.249789e+05  1.941356e+08  0.000000e+00  0.000000e+00  1.745972e+09  0.000000e+00  0.000000e+00  1.054757e+08  8.274602e+07  7.067970e+07  6.490735e+07
2.254907e+05  1.933650e+08  0.000000e+00  0.000000e+00  1.739042e+09  0.000000e+00  0.000000e+00  1.048321e+08  8.223200e+07  7.023692e+07  6.449896e+07
2.260037e+05  1.925967e+08  0.000000e+00  0.000000e+00  1.732132e+09  0.000000e+00  0.000000e+00  1.041922e+08  8.172073e+07  6.979636e+07  6.409278e+07
2.265178e+05  1.918307e+08  0.000000e+00  0.000000e+00  1.725243e+09  0.000000e+00  0.000000e+00  1.035558e+08  8.121241e+07  6.935823e+07  6.368840e+07
2.270331e+05  1.910670e+08  0.000000e+00  0.000000e+00  1.718375e+09  0.000000e+00  0.000000e+00  1.029221e+08  8.070644e+07  6.892240e+07  6.328651e+07
2.275496e+05  1.903056e+08  0.000000e+00  0.000000e+00  1.711528e+09  0.000000e+00  0.000000e+00  1.022917e+08  8.020295e+07  6.848845e+07  6.288662e+07
2.280672e+05  1.895465e+08  0.000000e+00  0.000000e+00  1.704701e+09  0.000000e+00  0.000000e+00  1.016643e+08  7.970209e+07  6.805725e+07  6.248901e+07
2.285861e+05  1.887897e+08  0.000000e+00  0.000000e+00  1.697894e+09  0.000000e+00  0.000000e+00  1.010404e+08  7.920432e+07  6.762832e+07  6.209370e+07
2.291061e+05  1.880352e+08  0.000000e+00  0.000000e+00  1.691108e+09  0.000000e+00  0.000000e+00  1.004209e+08  7.870971e+07  6.720217e+07  6.170061e+07
2.296273e+05  1.872830e+08  0.000000e+00  0.000000e+00  1.684343e+09  0.000000e+00  0.000000e+00  9.980529e+07  7.821858e+07  6.677922e+07  6.131087e+07
2.301496e+05  1.865330e+08  0.000000e+00  0.000000e+00  1.677598e+09  0.000000e+00  0.000000e+00  9.919446e+07  7.773121e+07  6.635937e+07  6.092360e+07
2.306732e+05  1.857853e+08  0.000000e+00  0.000000e+00  1.670874e+09  0.000000e+00  0.000000e+00  9.858763e+07  7.724728e+07  6.594275e+07  6.053948e+07
2.311979e+05  1.850398e+08  0.000000e+00  0.000000e+00  1.664169e+09  0.000000e+00  0.000000e+00  9.798487e+07  7.676642e+07  6.552872e+07  6.015771e+07
2.317239e+05  1.842967e+08  0.000000e+00  0.000000e+00  1.657485e+09  0.000000e+00  0.000000e+00  9.738558e+07  7.628836e+07  6.511693e+07  5.977851e+07
2.322510e+05  1.835557e+08  0.000000e+00  0.000000e+00  1.650822e+09  0.000000e+00  0.000000e+00  9.678894e+07  7.581277e+07  6.470734e+07  5.940081e+07
2.327794e+05  1.828170e+08  0.000000e+00  0.000000e+00  1.644178e+09  0.000000e+00  0.000000e+00  9.619485e+07  7.533882e+07  6.429956e+07  5.902470e+07
2.333089e+05  1.820806e+08  0.000000e+00  0.000000e+00  1.637555e+09  0.000000e+00  0.000000e+00  9.560254e+07  7.486702e+07  6.389318e+07  5.865023e+07
2.338397e+05  1.813464e+08  0.000000e+00  0.000000e+00  1.630952e+09  0.000000e+00  0.000000e+00  9.501310e+07  7.439730e+07  6.348897e+07  5.827759e+07
2.343716e+05  1.806144e+08  0.000000e+00  0.000000e+00  1.624369e+09  0.000000e+00  0.000000e+00  9.442719e+07  7.393019e+07  6.308683e+07  5.790694e+07
2.349048e+05  1.798847e+08  0.000000e+00  0.000000e+00  1.617806e+09  0.000000e+00  0.000000e+00  9.384540e+07  7.346682e+07  6.268786e+07  5.753962e+07
2.354392e+05  1.791571e+08  0.000000e+00  0.000000e+00  1.611263e+09  0.000000e+00  0.000000e+00  9.326867e+07  7.300711e+07  6.229263e+07  5.717502e+07
2.359748e+05  1.784318e+08  0.000000e+00  0.000000e+00  1.604740e+09  0.000000e+00  0.000000e+00  9.269691e+07  7.255189e+07  6.190061e+07  5.681367e+07
2.365116e+05  1.777087e+08  0.000000e+00  0.000000e+00  1.598236e+09  0.000000e+00  0.000000e+00  9.212993e+07  7.210019e+07  6.151193e+07  5.645575e+07
2.370496e+05  1.769879e+08  0.000000e+00  0.000000e+00  1.591753e+09  0.000000e+00  0.000000e+00  9.156645e+07  7.165157e+07  6.112592e+07  5.610007e+07
2.375889e+05  1.762692e+08  0.000000e+00  0.000000e+00  1.585290e+09  0.000000e+00  0.000000e+00  9.100522e+07  7.120470e+07  6.074148e+07  5.574557e+07
2.381293e+05  1.755527e+08  0.000000e+00  0.000000e+00  1.578846e+09  0.000000e+00  0.000000e+00  9.044520e+07  7.075877e+07  6.035786e+07  5.539220e+07
2.386711e+05  1.748384e+08  0.000000e+00  0.000000e+00  1.572422e+09  0.000000e+00  0.000000e+00  8.988555e+07  7.031338e+07  5.997473e+07  5.503913e+07
2.392140e+05  1.741263e+08  0.000000e+00  0.000000e+00  1.566018e+09  0.000000e+00  0.000000e+00  8.932776e+07  6.986944e+07  5.959289e+07  5.468720e+07
2.397582e+05  1.734164e+08  0.000000e+00  0.000000e+00  1.559633e+09  0.000000e+00  0.000000e+00  8.877360e+07  6.942854e+07  5.921338e+07  5.433785e+07
2.403036e+05  1.727087e+08  0.000000e+00  0.000000e+00  1.553268e+09  0.000000e+00  0.000000e+00  8.822473e+07  6.899191e+07  5.883794e+07  5.399183e+07
2.408503e+05  1.720032e+08  0.000000e+00  0.000000e+00  1.546923e+09  0.000000e+00  0.000000e+00  8.768215e+07  6.856029e+07  5.846660e+07  5.364961e+07
2.413982e+05  1.712998e+08  0.000000e+00  0.000000e+00  1.540597e+09  0.000000e+00  0.000000e+00  8.714521e+07  6.813301e+07  5.809916e+07  5.331125e+07
2.419473e+05  1.705986e+08  0.000000e+00  0.000000e+00  1.534291e+09  0.000000e+00  0.000000e+00  8.661141e+07  6.770841e+07  5.773393e+07  5.297446e+07
2.424977e+05  1.698995e+08  0.000000e+00  0.000000e+00  1.528004e+09  0.000000e+00  0.000000e+00  8.607741e+07  6.728380e+07  5.736899e+07  5.263835e+07
2.430494e+05  1.692027e+08  0.000000e+00  0.000000e+00  1.521736e+09  0.000000e+00  0.000000e+00  8.554176e+07  6.685799e+07  5.700277e+07  5.230087e+07
2.436023e+05  1.685079e+08  0.000000e+00  0.000000e+00  1.515488e+09  0.000000e+00  0.000000e+00  8.500616e+07  6.643224e+07  5.663686e+07  5.196403e+07
2.441564e+05  1.678153e+08  0.000000e+00  0.000000e+00  1.509260e+09  0.000000e+00  0.000000e+00  8.447535e+07  6.601043e+07  5.627434e+07  5.162982e+07
2.447119e+05  1.671249e+08  0.000000e+00  0.000000e+00  1.503050e+09  0.000000e+00  0.000000e+00  8.395363e+07  6.559582e+07  5.591780e+07  5.130180e+07
2.452685e+05  1.664366e+08  0.000000e+00  0.000000e+00  1.496860e+09  0.000000e+00  0.000000e+00  8.344165e+07  6.518900e+07  5.556804e+07  5.097930e+07
2.458265e+05  1.657504e+08  0.000000e+00  0.000000e+00  1.490689e+09  0.000000e+00  0.000000e+00  8.293438e+07  6.478589e+07  5.522157e+07  5.066035e+07
2.463857e+05  1.650664e+08  0.000000e+00  0.000000e+00  1.484537e+09  0.000000e+00  0.000000e+00  8.242248e+07  6.437919e+07  5.487204e+07  5.033827e+07
2.469462e+05  1.643845e+08  0.000000e+00  0.000000e+00  1.478404e+09  0.000000e+00  0.000000e+00  8.190221e+07  6.396624e+07  5.451699e+07  5.001158e+07
2.475080e+05  1.637047e+08  0.000000e+00  0.000000e+00  1.472290e+09  0.000000e+00  0.000000e+00  8.138456e+07  6.355512e+07  5.416385e+07  4.968626e+07
2.480710e+05  1.630270e+08  0.000000e+00  0.000000e+00  1.466195e+09  0.000000e+00  0.000000e+00  8.088437e+07  6.315790e+07  5.382241e+07  4.937191e+07
2.486354e+05  1.623515e+08  0.000000e+00  0.000000e+00  1.460120e+09  0.000000e+00  0.000000e+00  8.040021e+07  6.277327e+07  5.349185e+07  4.906736e+07
2.492010e+05  1.616780e+08  0.000000e+00  0.000000e+00  1.454063e+09  0.000000e+00  0.000000e+00  7.989919e+07  6.237545e+07  5.315008e+07  4.875264e+07
2.497679e+05  1.610067e+08  0.000000e+00  0.000000e+00  1.448025e+09  0.000000e+00  0.000000e+00  7.937925e+07  6.196317e+07  5.279594e+07  4.842646e+07
2.503361e+05  1.603374e+08  0.000000e+00  0.000000e+00  1.442006e+09  0.000000e+00  0.000000e+00  7.891543e+07  6.159439e+07  5.247914e+07  4.813450e+07
2.509056e+05  1.596702e+08  0.000000e+00  0.000000e+00  1.436006e+09  0.000000e+00  0.000000e+00  7.834974e+07  6.114685e+07  5.209491e+07  4.778105e+07
2.515300e+05  1.589429e+08  0.000000e+00  0.000000e+00  1.429464e+09  0.000000e+00  0.000000e+00  7.771688e+07  6.064621e+07  5.166584e+07  4.738628e+07
2.522096e+05  1.581560e+08  0.000000e+00  0.000000e+00  1.422388e+09  0.000000e+00  0.000000e+00  7.716570e+07  6.020867e+07  5.128996e+07  4.704013e+07
2.528911e+05  1.573721e+08  0.000000e+00  0.000000e+00  1.415338e+09  0.000000e+00  0.000000e+00  7.659343e+07  5.975501e+07  5.090018e+07  4.668112e+07
2.535744e+05  1.565911e+08  0.000000e+00  0.000000e+00  1.408314e+09  0.000000e+00  0.000000e+00  7.602542e+07  5.930470e+07  5.051339e+07  4.632537e+07
2.542595e+05  1.558131e+08  0.000000e+00  0.000000e+00  1.401316e+09  0.000000e+00  0.000000e+00  7.546171e+07  5.885778e+07  5.012971e+07  4.597199e+07
2.549465e+05  1.550379e+08  0.000000e+00  0.000000e+00  1.394345e+09  0.000000e+00  0.000000e+00  7.490234e+07  5.841445e+07  4.974918e+07  4.562158e+07
2.556354e+05  1.542657e+08  0.000000e+00  0.000000e+00  1.387400e+09  0.000000e+00  0.000000e+00  7.434687e+07  5.797422e+07  4.937135e+07  4.527383e+07
2.563261e+05  1.534963e+08  0.000000e+00  0.000000e+00  1.380480e+09  0.000000e+00  0.000000e+00  7.379518e+07  5.753721e+07  4.899613e+07  4.492849e+07
2.570187e+05  1.527299e+08  0.000000e+00  0.000000e+00  1.373587e+09  0.000000e+00  0.000000e+00  7.324731e+07  5.710318e+07  4.862341e+07  4.458526e+07
2.577132e+05  1.519663e+08  0.000000e+00  0.000000e+00  1.366720e+09  0.000000e+00  0.000000e+00  7.270291e+07  5.667204e+07  4.825340e+07  4.424462e+07
2.584095e+05  1.512055e+08  0.000000e+00  0.000000e+00  1.359878e+09  0.000000e+00  0.000000e+00  7.216237e+07  5.624391e+07  4.788594e+07  4.390652e+07
2.591077e+05  1.504477e+08  0.000000e+00  0.000000e+00  1.353062e+09  0.000000e+00  0.000000e+00  7.162536e+07  5.581861e+07  4.752117e+07  4.357085e+07
2.598078e+05  1.496927e+08  0.000000e+00  0.000000e+00  1.346272e+09  0.000000e+00  0.000000e+00  7.109209e+07  5.539638e+07  4.715868e+07  4.323708e+07
2.605098e+05  1.489405e+08  0.000000e+00  0.000000e+00  1.339508e+09  0.000000e+00  0.000000e+00  7.056259e+07  5.497721e+07  4.679896e+07  4.290614e+07
2.612137e+05  1.481912e+08  0.000000e+00  0.000000e+00  1.332769e+09  0.000000e+00  0.000000e+00  7.003652e+07  5.456087e+07  4.644186e+07  4.257729e+07
2.619195e+05  1.474448e+08  0.000000e+00  0.000000e+00  1.326055e+09  0.000000e+00  0.000000e+00  6.951418e+07  5.414747e+07  4.608720e+07  4.225086e+07
2.626272e+05  1.467011e+08  0.000000e+00  0.000000e+00  1.319367e+09  0.000000e+00  0.000000e+00  6.899509e+07  5.373655e+07  4.573465e+07  4.192676e+07
2.633368e+05  1.459603e+08  0.000000e+00  0.000000e+00  1.312704e+09  0.000000e+00  0.000000e+00  6.847904e+07  5.332826e+07  4.538442e+07  4.160440e+07
2.640484e+05  1.452223e+08  0.000000e+00  0.000000e+00  1.306067e+09  0.000000e+00  0.000000e+00  6.796588e+07  5.292244e+07  4.503629e+07  4.128377e+07
2.647618e+05  1.444871e+08  0.000000e+00  0.000000e+00  1.299455e+09  0.000000e+00  0.000000e+00  6.745547e+07  5.251859e+07  4.468983e+07  4.096508e+07
2.654772e+05  1.437546e+08  0.000000e+00  0.000000e+00  1.292868e+09  0.000000e+00  0.000000e+00  6.694771e+07  5.211730e+07  4.434565e+07  4.064845e+07
2.661945e+05  1.430250e+08  0.000000e+00  0.000000e+00  1.286306e+09  0.000000e+00  0.000000e+00  6.644330e+07  5.171843e+07  4.400374e+07  4.033372e+07
2.669138e+05  1.422982e+08  0.000000e+00  0.000000e+00  1.279769e+09  0.000000e+00  0.000000e+00  6.594284e+07  5.132286e+07  4.366448e+07  4.002184e+07
2.676350e+05  1.415741e+08  0.000000e+00  0.000000e+00  1.273257e+09  0.000000e+00  0.000000e+00  6.544699e+07  5.093088e+07  4.332833e+07  3.971251e+07
2.683581e+05  1.408528e+08  0.000000e+00  0.000000e+00  1.266770e+09  0.000000e+00  0.000000e+00  6.495595e+07  5.054294e+07  4.299583e+07  3.940661e+07
2.690832e+05  1.401343e+08  0.000000e+00  0.000000e+00  1.260308e+09  0.000000e+00  0.000000e+00  6.447003e+07  5.015915e+07  4.266672e+07  3.910389e+07
2.698103e+05  1.394185e+08  0.000000e+00  0.000000e+00  1.253871e+09  0.000000e+00  0.000000e+00  6.398874e+07  4.977884e+07  4.234085e+07  3.880423e+07
2.705393e+05  1.387055e+08  0.000000e+00  0.000000e+00  1.247458e+09  0.000000e+00  0.000000e+00  6.351143e+07  4.940190e+07  4.201785e+07  3.850708e+07
2.712703e+05  1.379952e+08  0.000000e+00  0.000000e+00  1.241070e+09  0.000000e+00  0.000000e+00  6.303735e+07  4.902758e+07  4.169683e+07  3.821165e+07
2.720033e+05  1.372877e+08  0.000000e+00  0.000000e+00  1.234707e+09  0.000000e+00  0.000000e+00  6.256569e+07  4.865507e+07  4.137767e+07  3.791792e+07
2.727382e+05  1.365828e+08  0.000000e+00  0.000000e+00  1.228368e+09  0.000000e+00  0.000000e+00  6.209512e+07  4.828347e+07  4.105918e+07  3.762526e+07
2.734752e+05  1.358807e+08  0.000000e+00  0.000000e+00  1.222053e+09  0.000000e+00  0.000000e+00  6.162530e+07  4.791258e+07  4.074143e+07  3.733272e+07
2.742141e+05  1.351813e+08  0.000000e+00  0.000000e+00  1.215763e+09  0.000000e+00  0.000000e+00  6.115653e+07  4.754249e+07  4.042416e+07  3.704129e+07
2.749550e+05  1.344846e+08  0.000000e+00  0.000000e+00  1.209497e+09  0.000000e+00  0.000000e+00  6.068970e+07  4.717407e+07  4.010851e+07  3.675056e+07
2.756979e+05  1.337906e+08  0.000000e+00  0.000000e+00  1.203256e+09  0.000000e+00  0.000000e+00  6.022614e+07  4.680825e+07  3.979500e+07  3.646243e+07
2.764429e+05  1.330993e+08  0.000000e+00  0.000000e+00  1.197038e+09  0.000000e+00  0.000000e+00  5.976709e+07  4.644591e+07  3.948462e+07  3.617709e+07
2.771898e+05  1.324107e+08  0.000000e+00  0.000000e+00  1.190845e+09  0.000000e+00  0.000000e+00  5.931295e+07  4.608769e+07  3.917769e+07  3.589478e+07
2.779388e+05  1.317248e+08  0.000000e+00  0.000000e+00  1.184676e+09  0.000000e+00  0.000000e+00  5.886378e+07  4.573323e+07  3.887409e+07  3.561547e+07
2.786898e+05  1.310415e+08  0.000000e+00  0.000000e+00  1.178531e+09  0.000000e+00  0.000000e+00  5.841885e+07  4.538245e+07  3.857354e+07  3.533918e+07
2.794428e+05  1.303609e+08  0.000000e+00  0.000000e+00  1.172410e+09  0.000000e+00  0.000000e+00  5.797704e+07  4.503410e+07  3.827525e+07  3.506482e+07
2.801978e+05  1.296829e+08  0.000000e+00  0.000000e+00  1.166313e+09  0.000000e+00  0.000000e+00  5.753706e+07  4.468729e+07  3.797817e+07  3.479185e+07
2.809549e+05  1.290076e+08  0.000000e+00  0.000000e+00  1.160239e+09  0.000000e+00  0.000000e+00  5.709765e+07  4.434100e+07  3.768186e+07  3.451921e+07
2.817140e+05  1.283349e+08  0.000000e+00  0.000000e+00  1.154189e+09  0.000000e+00  0.000000e+00  5.666022e+07  4.399633e+07  3.738666e+07  3.424781e+07
2.824752e+05  1.276649e+08  0.000000e+00  0.000000e+00  1.148163e+09  0.000000e+00  0.000000e+00  5.622705e+07  4.365513e+07  3.709466e+07  3.397937e+07
2.832385e+05  1.269975e+08  0.000000e+00  0.000000e+00  1.142161e+09  0.000000e+00  0.000000e+00  5.580023e+07  4.331890e+07  3.680677e+07  3.371487e+07
2.840038e+05  1.263327e+08  0.000000e+00  0.000000e+00  1.136182e+09  0.000000e+00  0.000000e+00  5.538007e+07  4.298778e+07  3.652336e+07  3.345413e+07
2.847712e+05  1.256705e+08  0.000000e+00  0.000000e+00  1.130227e+09  0.000000e+00  0.000000e+00  5.496499e+07  4.266094e+07  3.624354e+07  3.319707e+07
2.855406e+05  1.250109e+08  0.000000e+00  0.000000e+00  1.124295e+09  0.000000e+00  0.000000e+00  5.455277e+07  4.233627e+07  3.596550e+07  3.294149e+07
2.863121e+05  1.243540e+08  0.000000e+00  0.000000e+00  1.118386e+09  0.000000e+00  0.000000e+00  5.413982e+07  4.201086e+07  3.568703e+07  3.268537e+07
2.870857e+05  1.236996e+08  0.000000e+00  0.000000e+00  1.112501e+09  0.000000e+00  0.000000e+00  5.372233e+07  4.168223e+07  3.540581e+07  3.242672e+07
2.878614e+05  1.230478e+08  0.000000e+00  0.000000e+00  1.106639e+09  0.000000e+00  0.000000e+00  5.330234e+07  4.135148e+07  3.512282e+07  3.216678e+07
2.886392e+05  1.223986e+08  0.000000e+00  0.000000e+00  1.100801e+09  0.000000e+00  0.000000e+00  5.288625e+07  4.102395e+07  3.484258e+07  3.190916e+07
2.894191e+05  1.217520e+08  0.000000e+00  0.000000e+00  1.094985e+09  0.000000e+00  0.000000e+00  5.247900e+07  4.070345e+07  3.456823e+07  3.165708e+07
2.902011e+05  1.211079e+08  0.000000e+00  0.000000e+00  1.089192e+09  0.000000e+00  0.000000e+00  5.208074e+07  4.038989e+07  3.429982e+07  3.141024e+07
2.909853e+05  1.204664e+08  0.000000e+00  0.000000e+00  1.083423e+09  0.000000e+00  0.000000e+00  5.168783e+07  4.008057e+07  3.403507e+07  3.116682e+07
2.917715e+05  1.198274e+08  0.000000e+00  0.000000e+00  1.077676e+09  0.000000e+00  0.000000e+00  5.129015e+07  3.976758e+07  3.376735e+07  3.092081e+07
2.925599e+05  1.191910e+08  0.000000e+00  0.000000e+00  1.071953e+09  0.000000e+00  0.000000e+00  5.088151e+07  3.944622e+07  3.349243e+07  3.066836e+07
2.933504e+05  1.185571e+08  0.000000e+00  0.000000e+00  1.066252e+09  0.000000e+00  0.000000e+00  5.047538e+07  3.912704e+07  3.321951e+07  3.041760e+07
2.941430e+05  1.179257e+08  0.000000e+00  0.000000e+00  1.060574e+09  0.000000e+00  0.000000e+00  5.008888e+07  3.882316e+07  3.295959e+07  3.017859e+07
2.949378e+05  1.172969e+08  0.000000e+00  0.000000e+00  1.054918e+09  0.000000e+00  0.000000e+00  4.972243e+07  3.853489e+07  3.271286e+07  2.995184e+07
2.957347e+05  1.166706e+08  0.000000e+00  0.000000e+00  1.049286e+09  0.000000e+00  0.000000e+00  4.933799e+07  3.823271e+07  3.245455e+07  2.971451e+07
2.965337e+05  1.160468e+08  0.000000e+00  0.000000e+00  1.043675e+09  0.000000e+00  0.000000e+00  4.893455e+07  3.791591e+07  3.218385e+07  2.946594e+07
2.973350e+05  1.154255e+08  0.000000e+00  0.000000e+00  1.038088e+09  0.000000e+00  0.000000e+00  4.858235e+07  3.763877e+07  3.194672e+07  2.924779e+07
2.981384e+05  1.148067e+08  0.000000e+00  0.000000e+00  1.032523e+09  0.000000e+00  0.000000e+00  4.811068e+07  3.726977e+07  3.163193e+07  2.895881e+07
2.990187e+05  1.141334e+08  0.000000e+00  0.000000e+00  1.026467e+09  0.000000e+00  0.000000e+00  4.759513e+07  3.686638e+07  3.128783e+07  2.864324e+07
2.999765e+05  1.134064e+08  0.000000e+00  0.000000e+00  1.019929e+09  0.000000e+00  0.000000e+00  4.717366e+07  3.653516e+07  3.100473e+07  2.838292e+07
3.009374e+05  1.126830e+08  0.000000e+00  0.000000e+00  1.013423e+09  0.000000e+00  0.000000e+00  4.674023e+07  3.619487e+07  3.071386e+07  2.811585e+07
3.019014e+05  1.119630e+08  0.000000e+00  0.000000e+00  1.006947e+09  0.000000e+00  0.000000e+00  4.631030e+07  3.585727e+07  3.042529e+07  2.785073e+07
3.028684e+05  1.112464e+08  0.000000e+00  0.000000e+00  1.000503e+09  0.000000e+00  0.000000e+00  4.588356e+07  3.552217e+07  3.013894e+07  2.758776e+07
3.038385e+05  1.105333e+08  0.000000e+00  0.000000e+00  9.940895e+08  0.000000e+00  0.000000e+00  4.545936e+07  3.518935e+07  2.985450e+07  2.732635e+07
3.048118e+05  1.098237e+08  0.000000e+00  0.000000e+00  9.877070e+08  0.000000e+00  0.000000e+00  4.503758e+07  3.485842e+07  2.957165e+07  2.706657e+07
3.057881e+05  1.091174e+08  0.000000e+00  0.000000e+00  9.813553e+08  0.000000e+00  0.000000e+00  4.461814e+07  3.452916e+07  2.929044e+07  2.680815e+07
3.067676e+05  1.084146e+08  0.000000e+00  0.000000e+00  9.750343e+08  0.000000e+00  0.000000e+00  4.420081e+07  3.420191e+07  2.901073e+07  2.655129e+07
3.077503e+05  1.077151e+08  0.000000e+00  0.000000e+00  9.687438e+08  0.000000e+00  0.000000e+00  4.378579e+07  3.387644e+07  2.873269e+07  2.629591e+07
3.087360e+05  1.070191e+08  0.000000e+00  0.000000e+00  9.624839e+08  0.000000e+00  0.000000e+00  4.337329e+07  3.355282e+07  2.845630e+07  2.604227e+07
3.097250e+05  1.063264e+08  0.000000e+00  0.000000e+00  9.562543e+08  0.000000e+00  0.000000e+00  4.296363e+07  3.323160e+07  2.818191e+07  2.579022e+07
3.107170e+05  1.056371e+08  0.000000e+00  0.000000e+00  9.500550e+08  0.000000e+00  0.000000e+00  4.255749e+07  3.291329e+07  2.791002e+07  2.554063e+07
3.117123e+05  1.049512e+08  0.000000e+00  0.000000e+00  9.438859e+08  0.000000e+00  0.000000e+00  4.215627e+07  3.259882e+07  2.764137e+07  2.529397e+07
3.127108e+05  1.042686e+08  0.000000e+00  0.000000e+00  9.377469e+08  0.000000e+00  0.000000e+00  4.176045e+07  3.228866e+07  2.737661e+07  2.505080e+07
3.137124e+05  1.035893e+08  0.000000e+00  0.000000e+00  9.316379e+08  0.000000e+00  0.000000e+00  4.137041e+07  3.198309e+07  2.711573e+07  2.481115e+07
3.147173e+05  1.029134e+08  0.000000e+00  0.000000e+00  9.255588e+08  0.000000e+00  0.000000e+00  4.098568e+07  3.168188e+07  2.685851e+07  2.457511e+07
3.157254e+05  1.022407e+08  0.000000e+00  0.000000e+00  9.195094e+08  0.000000e+00  0.000000e+00  4.060585e+07  3.138424e+07  2.660456e+07  2.434197e+07
3.167367e+05  1.015714e+08  0.000000e+00  0.000000e+00  9.134898e+08  0.000000e+00  0.000000e+00  4.022995e+07  3.108988e+07  2.635325e+07  2.411115e+07
3.177513e+05  1.009054e+08  0.000000e+00  0.000000e+00  9.074998e+08  0.000000e+00  0.000000e+00  3.985746e+07  3.079830e+07  2.610431e+07  2.388278e+07
3.187691e+05  1.002426e+08  0.000000e+00  0.000000e+00  9.015393e+08  0.000000e+00  0.000000e+00  3.948731e+07  3.050842e+07  2.585689e+07  2.365550e+07
3.197901e+05  9.958314e+07  0.000000e+00  0.000000e+00  8.956082e+08  0.000000e+00  0.000000e+00  3.911824e+07  3.021931e+07  2.561020e+07  2.342917e+07
3.208145e+05  9.892692e+07  0.000000e+00  0.000000e+00  8.897064e+08  0.000000e+00  0.000000e+00  3.874943e+07  2.993067e+07  2.536384e+07  2.320300e+07
3.218421e+05  9.827394e+07  0.000000e+00  0.000000e+00  8.838339e+08  0.000000e+00  0.000000e+00  3.838168e+07  2.964284e+07  2.511821e+07  2.297740e+07
3.228730e+05  9.762421e+07  0.000000e+00  0.000000e+00  8.779904e+08  0.000000e+00  0.000000e+00  3.801632e+07  2.935689e+07  2.487436e+07  2.275358e+07
3.239072e+05  9.697770e+07  0.000000e+00  0.000000e+00  8.721760e+08  0.000000e+00  0.000000e+00  3.765426e+07  2.907372e+07  2.463259e+07  2.253176e+07
3.249448e+05  9.633442e+07  0.000000e+00  0.000000e+00  8.663906e+08  0.000000e+00  0.000000e+00  3.729537e+07  2.879302e+07  2.439309e+07  2.231184e+07
3.259856e+05  9.569433e+07  0.000000e+00  0.000000e+00  8.606340e+08  0.000000e+00  0.000000e+00  3.693918e+07  2.851437e+07  2.415542e+07  2.209365e+07
3.270298e+05  9.505745e+07  0.000000e+00  0.000000e+00  8.549061e+08  0.000000e+00  0.000000e+00  3.658568e+07  2.823799e+07  2.391959e+07  2.187732e+07
3.280773e+05  9.442375e+07  0.000000e+00  0.000000e+00  8.492068e+08  0.000000e+00  0.000000e+00  3.623491e+07  2.796374e+07  2.368571e+07  2.166266e+07
3.291282e+05  9.379322e+07  0.000000e+00  0.000000e+00  8.435362e+08  0.000000e+00  0.000000e+00  3.588587e+07  2.769084e+07  2.345300e+07  2.144903e+07
3.301824e+05  9.316586e+07  0.000000e+00  0.000000e+00  8.378940e+08  0.000000e+00  0.000000e+00  3.553745e+07  2.741845e+07  2.322059e+07  2.123582e+07
3.312401e+05  9.254166e+07  0.000000e+00  0.000000e+00  8.322801e+08  0.000000e+00  0.000000e+00  3.519068e+07  2.714745e+07  2.298953e+07  2.102378e+07
3.323011e+05  9.192060e+07  0.000000e+00  0.000000e+00  8.266946e+08  0.000000e+00  0.000000e+00  3.484944e+07  2.688085e+07  2.276214e+07  2.081520e+07
3.333655e+05  9.130267e+07  0.000000e+00  0.000000e+00  8.211372e+08  0.000000e+00  0.000000e+00  3.451649e+07  2.662075e+07  2.254038e+07  2.061170e+07
3.344333e+05  9.068786e+07  0.000000e+00  0.000000e+00  8.156079e+08  0.000000e+00  0.000000e+00  3.419105e+07  2.636648e+07  2.232370e+07  2.041290e+07
3.355046e+05  9.007617e+07  0.000000e+00  0.000000e+00  8.101066e+08  0.000000e+00  0.000000e+00  3.387098e+07  2.611654e+07  2.211063e+07  2.021743e+07
3.365792e+05  8.946758e+07  0.000000e+00  0.000000e+00  8.046332e+08  0.000000e+00  0.000000e+00  3.355522e+07  2.586995e+07  2.190038e+07  2.002447e+07
3.376573e+05  8.886208e+07  0.000000e+00  0.000000e+00  7.991876e+08  0.000000e+00  0.000000e+00  3.324109e+07  2.562456e+07  2.169121e+07  1.983258e+07
3.387389e+05  8.825966e+07  0.000000e+00  0.000000e+00  7.937697e+08  0.000000e+00  0.000000e+00  3.292372e+07  2.537673e+07  2.148001e+07  1.963879e+07
3.398239e+05  8.766032e+07  0.000000e+00  0.000000e+00  7.883794e+08  0.000000e+00  0.000000e+00  3.260313e+07  2.512650e+07  2.126676e+07  1.944318e+07
3.409124e+05  8.706403e+07  0.000000e+00  0.000000e+00  7.830167e+08  0.000000e+00  0.000000e+00  3.228702e+07  2.487982e+07  2.105669e+07  1.925047e+07
3.420044e+05  8.647080e+07  0.000000e+00  0.000000e+00  7.776814e+08  0.000000e+00  0.000000e+00  3.197948e+07  2.463988e+07  2.085227e+07  1.906293e+07
3.430999e+05  8.588061e+07  0.000000e+00  0.000000e+00  7.723735e+08  0.000000e+00  0.000000e+00  3.167736e+07  2.440416e+07  2.065130e+07  1.887862e+07
3.441989e+05  8.529344e+07  0.000000e+00  0.000000e+00  7.670928e+08  0.000000e+00  0.000000e+00  3.137817e+07  2.417055e+07  2.045228e+07  1.869609e+07
3.453015e+05  8.470930e+07  0.000000e+00  0.000000e+00  7.618393e+08  0.000000e+00  0.000000e+00  3.107435e+07  2.393349e+07  2.025022e+07  1.851071e+07
3.464075e+05  8.412817e+07  0.000000e+00  0.000000e+00  7.566128e+08  0.000000e+00  0.000000e+00  3.075666e+07  2.368585e+07  2.003926e+07  1.831726e+07
3.475171e+05  8.355004e+07  0.000000e+00  0.000000e+00  7.514133e+08  0.000000e+00  0.000000e+00  3.044032e+07  2.343930e+07  1.982936e+07  1.812479e+07
3.486303e+05  8.297489e+07  0.000000e+00  0.000000e+00  7.462407e+08  0.000000e+00  0.000000e+00  3.014257e+07  2.320709e+07  1.963151e+07  1.794328e+07
3.497470e+05  8.240273e+07  0.000000e+00  0.000000e+00  7.410949e+08  0.000000e+00  0.000000e+00  2.986178e+07  2.298801e+07  1.944483e+07  1.777199e+07
3.508673e+05  8.183354e+07  0.000000e+00  0.000000e+00  7.359759e+08  0.000000e+00  0.000000e+00  2.956267e+07  2.275481e+07  1.924628e+07  1.758990e+07
3.519912e+05  8.126730e+07  0.000000e+00  0.000000e+00  7.308834e+08  0.000000e+00  0.000000e+00  2.925292e+07  2.251373e+07  1.904104e+07  1.740177e+07
3.531186e+05  8.070402e+07  0.000000e+00  0.000000e+00  7.258174e+08  0.000000e+00  0.000000e+00  2.898157e+07  2.230205e+07  1.886067e+07  1.723635e+07
3.542497e+05  8.014367e+07  0.000000e+00  0.000000e+00  7.207779e+08  0.000000e+00  0.000000e+00  2.859748e+07  2.200421e+07  1.860783e+07  1.700473e+07
3.554835e+05  7.953784e+07  0.000000e+00  0.000000e+00  7.153293e+08  0.000000e+00  0.000000e+00  2.819713e+07  2.169379e+07  1.834414e+07  1.676334e+07
3.568205e+05  7.888750e+07  0.000000e+00  0.000000e+00  7.094805e+08  0.000000e+00  0.000000e+00  2.788027e+07  2.144697e+07  1.813400e+07  1.657063e+07
3.581626e+05  7.824117e+07  0.000000e+00  0.000000e+00  7.036676e+08  0.000000e+00  0.000000e+00  2.755989e+07  2.119738e+07  1.792159e+07  1.637589e+07
3.595098e+05  7.759883e+07  0.000000e+00  0.000000e+00  6.978907e+08  0.000000e+00  0.000000e+00  2.724291e+07  2.095059e+07  1.771149e+07  1.618329e+07
3.608620e+05  7.696046e+07  0.000000e+00  0.000000e+00  6.921495e+08  0.000000e+00  0.000000e+00  2.692947e+07  2.070659e+07  1.750394e+07  1.599304e+07
3.622193e+05  7.632605e+07  0.000000e+00  0.000000e+00  6.864438e+08  0.000000e+00  0.000000e+00  2.662004e+07  2.046590e+07  1.729909e+07  1.580532e+07
3.635817e+05  7.569557e+07  0.000000e+00  0.000000e+00  6.807737e+08  0.000000e+00  0.000000e+00  2.631460e+07  2.022833e+07  1.709700e+07  1.562011e+07
3.649492e+05  7.506903e+07  0.000000e+00  0.000000e+00  6.751388e+08  0.000000e+00  0.000000e+00  2.601198e+07  1.999311e+07  1.689706e+07  1.543677e+07
3.663219e+05  7.444639e+07  0.000000e+00  0.000000e+00  6.695391e+08  0.000000e+00  0.000000e+00  2.571100e+07  1.975923e+07  1.669818e+07  1.525451e+07
3.676997e+05  7.382765e+07  0.000000e+00  0.000000e+00  6.639744e+08  0.000000e+00  0.000000e+00  2.541068e+07  1.952588e+07  1.649968e+07  1.507263e+07
3.690827e+05  7.321279e+07  0.000000e+00  0.000000e+00  6.584445e+08  0.000000e+00  0.000000e+00  2.511081e+07  1.929284e+07  1.630156e+07  1.489110e+07
3.704710e+05  7.260178e+07  0.000000e+00  0.000000e+00  6.529494e+08  0.000000e+00  0.000000e+00  2.481171e+07  1.906039e+07  1.610388e+07  1.470990e+07
3.718644e+05  7.199463e+07  0.000000e+00  0.000000e+00  6.474889e+08  0.000000e+00  0.000000e+00  2.451339e+07  1.882854e+07  1.590662e+07  1.452921e+07
3.732631e+05  7.139130e+07  0.000000e+00  0.000000e+00  6.420628e+08  0.000000e+00  0.000000e+00  2.421530e+07  1.859686e+07  1.570960e+07  1.434854e+07
3.746670e+05  7.079179e+07  0.000000e+00  0.000000e+00  6.366711e+08  0.000000e+00  0.000000e+00  2.391768e+07  1.836550e+07  1.551282e+07  1.416826e+07
3.760763e+05  7.019607e+07  0.000000e+00  0.000000e+00  6.313135e+08  0.000000e+00  0.000000e+00  2.362313e+07  1.813654e+07  1.531819e+07  1.398985e+07
3.774908e+05  6.960414e+07  0.000000e+00  0.000000e+00  6.259899e+08  0.000000e+00  0.000000e+00  2.333503e+07  1.791260e+07  1.512768e+07  1.381532e+07
3.789106e+05  6.901598e+07  0.000000e+00  0.000000e+00  6.207002e+08  0.000000e+00  0.000000e+00  2.305471e+07  1.769480e+07  1.494250e+07  1.364563e+07
3.803358e+05  6.843156e+07  0.000000e+00  0.000000e+00  6.154442e+08  0.000000e+00  0.000000e+00  2.278139e+07  1.748248e+07  1.476202e+07  1.348023e+07
3.817664e+05  6.785089e+07  0.000000e+00  0.000000e+00  6.102219e+08  0.000000e+00  0.000000e+00  2.251365e+07  1.727458e+07  1.458531e+07  1.331833e+07
3.832023e+05  6.727393e+07  0.000000e+00  0.000000e+00  6.050330e+08  0.000000e+00  0.000000e+00  2.225110e+07  1.707074e+07  1.441205e+07  1.315969e+07
3.846436e+05  6.670068e+07  0.000000e+00  0.000000e+00  5.998774e+08  0.000000e+00  0.000000e+00  2.199348e+07  1.687095e+07  1.424234e+07  1.300417e+07
3.860904e+05  6.613112e+07  0.000000e+00  0.000000e+00  5.947550e+08  0.000000e+00  0.000000e+00  2.173886e+07  1.667333e+07  1.407445e+07  1.285047e+07
3.875426e+05  6.556523e+07  0.000000e+00  0.000000e+00  5.896657e+08  0.000000e+00  0.000000e+00  2.148348e+07  1.647536e+07  1.390640e+07  1.269649e+07
3.890002e+05  6.500300e+07  0.000000e+00  0.000000e+00  5.846092e+08  0.000000e+00  0.000000e+00  2.122748e+07  1.627703e+07  1.373792e+07  1.254222e+07
3.904633e+05  6.444441e+07  0.000000e+00  0.000000e+00  5.795855e+08  0.000000e+00  0.000000e+00  2.097518e+07  1.608153e+07  1.357197e+07  1.239031e+07
3.919320e+05  6.388946e+07  0.000000e+00  0.000000e+00  5.745945e+08  0.000000e+00  0.000000e+00  2.072884e+07  1.589067e+07  1.340990e+07  1.224192e+07
3.934061e+05  6.333811e+07  0.000000e+00  0.000000e+00  5.696359e+08  0.000000e+00  0.000000e+00  2.048480e+07  1.570167e+07  1.324941e+07  1.209491e+07
3.948858e+05  6.279036e+07  0.000000e+00  0.000000e+00  5.647097e+08  0.000000e+00  0.000000e+00  2.023982e+07  1.551180e+07  1.308828e+07  1.194731e+07
3.963711e+05  6.224620e+07  0.000000e+00  0.000000e+00  5.598157e+08  0.000000e+00  0.000000e+00  1.999442e+07  1.532153e+07  1.292662e+07  1.179932e+07
3.978620e+05  6.170560e+07  0.000000e+00  0.000000e+00  5.549538e+08  0.000000e+00  0.000000e+00  1.974851e+07  1.513073e+07  1.276453e+07  1.165088e+07
3.993584e+05  6.116855e+07  0.000000e+00  0.000000e+00  5.501238e+08  0.000000e+00  0.000000e+00  1.949693e+07  1.493549e+07  1.259870e+07  1.149897e+07
4.008605e+05  6.063503e+07  0.000000e+00  0.000000e+00  5.453256e+08  0.000000e+00  0.000000e+00  1.924067e+07  1.473684e+07  1.242997e+07  1.134441e+07
4.023683e+05  6.010504e+07  0.000000e+00  0.000000e+00  5.405591e+08  0.000000e+00  0.000000e+00  1.899189e+07  1.454395e+07  1.226614e+07  1.119444e+07
4.038817e+05  5.957856e+07  0.000000e+00  0.000000e+00  5.358241e+08  0.000000e+00  0.000000e+00  1.875489e+07  1.436021e+07  1.211010e+07  1.105151e+07
4.054008e+05  5.905556e+07  0.000000e+00  0.000000e+00  5.311205e+08  0.000000e+00  0.000000e+00  1.852403e+07  1.418129e+07  1.195816e+07  1.091237e+07
4.069256e+05  5.853605e+07  0.000000e+00  0.000000e+00  5.264482e+08  0.000000e+00  0.000000e+00  1.830043e+07  1.400807e+07  1.181111e+07  1.077766e+07
4.084562e+05  5.801999e+07  0.000000e+00  0.000000e+00  5.218070e+08  0.000000e+00  0.000000e+00  1.807960e+07  1.383703e+07  1.166593e+07  1.064477e+07
4.099925e+05  5.750738e+07  0.000000e+00  0.000000e+00  5.171968e+08  0.000000e+00  0.000000e+00  1.784927e+07  1.365888e+07  1.151481e+07  1.050651e+07
4.115346e+05  5.699820e+07  0.000000e+00  0.000000e+00  5.126174e+08  0.000000e+00  0.000000e+00  1.762521e+07  1.348569e+07  1.136799e+07  1.037216e+07
4.130825e+05  5.649243e+07  0.000000e+00  0.000000e+00  5.080688e+08  0.000000e+00  0.000000e+00  1.742161e+07  1.332829e+07  1.123446e+07  1.024997e+07
4.146362e+05  5.599007e+07  0.000000e+00  0.000000e+00  5.035508e+08  0.000000e+00  0.000000e+00  1.722924e+07  1.317942e+07  1.110815e+07  1.013431e+07
4.161958e+05  5.549109e+07  0.000000e+00  0.000000e+00  4.990632e+08  0.000000e+00  0.000000e+00  1.701611e+07  1.301469e+07  1.096848e+07  1.000652e+07
4.177612e+05  5.499548e+07  0.000000e+00  0.000000e+00  4.946059e+08  0.000000e+00  0.000000e+00  1.680518e+07  1.285178e+07  1.083038e+07  9.880176e+06
4.193325e+05  5.450324e+07  0.000000e+00  0.000000e+00  4.901788e+08  0.000000e+00  0.000000e+00  1.661762e+07  1.270660e+07  1.070725e+07  9.767409e+06
4.209097e+05  5.401433e+07  0.000000e+00  0.000000e+00  4.857818e+08  0.000000e+00  0.000000e+00  1.631833e+07  1.247669e+07  1.051300e+07  9.589937e+06
4.226355e+05  5.348524e+07  0.000000e+00  0.000000e+00  4.810234e+08  0.000000e+00  0.000000e+00  1.602523e+07  1.225134e+07  1.032238e+07  9.415740e+06
4.245111e+05  5.291711e+07  0.000000e+00  0.000000e+00  4.759139e+08  0.000000e+00  0.000000e+00  1.579312e+07  1.207179e+07  1.017017e+07  9.276491e+06
4.263951e+05  5.235356e+07  0.000000e+00  0.000000e+00  4.708456e+08  0.000000e+00  0.000000e+00  1.555555e+07  1.188817e+07  1.001450e+07  9.133987e+06
4.282874e+05  5.179457e+07  0.000000e+00  0.000000e+00  4.658183e+08  0.000000e+00  0.000000e+00  1.531643e+07  1.170327e+07  9.857632e+06  8.990525e+06
4.301880e+05  5.124012e+07  0.000000e+00  0.000000e+00  4.608317e+08  0.000000e+00  0.000000e+00  1.507741e+07  1.151847e+07  9.700961e+06  8.847136e+06
4.320972e+05  5.069017e+07  0.000000e+00  0.000000e+00  4.558857e+08  0.000000e+00  0.000000e+00  1.484006e+07  1.133505e+07  9.545482e+06  8.704796e+06
4.340147e+05  5.014471e+07  0.000000e+00  0.000000e+00  4.509801e+08  0.000000e+00  0.000000e+00  1.460530e+07  1.115379e+07  9.391772e+06  8.564193e+06
4.359408e+05  4.960371e+07  0.000000e+00  0.000000e+00  4.461146e+08  0.000000e+00  0.000000e+00  1.437354e+07  1.097486e+07  9.240174e+06  8.425532e+06
4.378755e+05  4.906715e+07  0.000000e+00  0.000000e+00  4.412890e+08  0.000000e+00  0.000000e+00  1.414737e+07  1.080039e+07  9.092413e+06  8.290338e+06
4.398187e+05  4.853501e+07  0.000000e+00  0.000000e+00  4.365031e+08  0.000000e+00  0.000000e+00  1.393074e+07  1.063337e+07  8.950878e+06  8.160973e+06
4.417706e+05  4.800725e+07  0.000000e+00  0.000000e+00  4.317567e+08  0.000000e+00  0.000000e+00  1.372387e+07  1.047391e+07  8.815854e+06  8.037484e+06
4.437311e+05  4.748386e+07  0.000000e+00  0.000000e+00  4.270496e+08  0.000000e+00  0.000000e+00  1.352343e+07  1.031947e+07  8.685082e+06  7.917925e+06
4.457003e+05  4.696482e+07  0.000000e+00  0.000000e+00  4.223815e+08  0.000000e+00  0.000000e+00  1.332696e+07  1.016815e+07  8.557022e+06  7.800803e+06
4.476783e+05  4.645010e+07  0.000000e+00  0.000000e+00  4.177523e+08  0.000000e+00  0.000000e+00  1.313379e+07  1.001936e+07  8.431069e+06  7.685687e+06
4.496650e+05  4.593967e+07  0.000000e+00  0.000000e+00  4.131618e+08  0.000000e+00  0.000000e+00  1.294392e+07  9.873111e+06  8.307315e+06  7.572478e+06
4.516606e+05  4.543352e+07  0.000000e+00  0.000000e+00  4.086097e+08  0.000000e+00  0.000000e+00  1.275576e+07  9.727977e+06  8.184437e+06  7.460170e+06
4.536650e+05  4.493162e+07  0.000000e+00  0.000000e+00  4.040958e+08  0.000000e+00  0.000000e+00  1.256495e+07  9.580804e+06  8.059837e+06  7.346157e+06
4.556783e+05  4.443394e+07  0.000000e+00  0.000000e+00  3.996199e+08  0.000000e+00  0.000000e+00  1.237106e+07  9.431252e+06  7.933208e+06  7.230372e+06
4.577005e+05  4.394047e+07  0.000000e+00  0.000000e+00  3.951818e+08  0.000000e+00  0.000000e+00  1.218051e+07  9.284256e+06  7.808741e+06  7.116555e+06
4.597317e+05  4.345118e+07  0.000000e+00  0.000000e+00  3.907813e+08  0.000000e+00  0.000000e+00  1.199536e+07  9.141548e+06  7.687946e+06  7.006137e+06
4.617720e+05  4.296604e+07  0.000000e+00  0.000000e+00  3.864182e+08  0.000000e+00  0.000000e+00  1.181036e+07  8.999110e+06  7.567361e+06  6.895912e+06
4.638212e+05  4.248504e+07  0.000000e+00  0.000000e+00  3.820923e+08  0.000000e+00  0.000000e+00  1.162203e+07  8.854136e+06  7.444693e+06  6.783799e+06
4.658796e+05  4.200815e+07  0.000000e+00  0.000000e+00  3.778034e+08  0.000000e+00  0.000000e+00  1.143260e+07  8.708470e+06  7.321485e+06  6.671142e+06
4.679471e+05  4.153535e+07  0.000000e+00  0.000000e+00  3.735512e+08  0.000000e+00  0.000000e+00  1.124520e+07  8.564212e+06  7.199443e+06  6.559593e+06
4.700238e+05  4.106662e+07  0.000000e+00  0.000000e+00  3.693356e+08  0.000000e+00  0.000000e+00  1.105489e+07  8.417763e+06  7.075566e+06  6.446400e+06
4.721097e+05  4.060192e+07  0.000000e+00  0.000000e+00  3.651563e+08  0.000000e+00  0.000000e+00  1.086297e+07  8.270119e+06  6.950688e+06  6.332306e+06
4.742049e+05  4.014125e+07  0.000000e+00  0.000000e+00  3.610132e+08  0.000000e+00  0.000000e+00  1.068404e+07  8.132566e+06  6.834387e+06  6.225950e+06
4.763093e+05  3.968457e+07  0.000000e+00  0.000000e+00  3.569061e+08  0.000000e+00  0.000000e+00  1.051974e+07  8.006163e+06  6.727472e+06  6.128266e+06
4.784231e+05  3.923187e+07  0.000000e+00  0.000000e+00  3.528347e+08  0.000000e+00  0.000000e+00  1.035954e+07  7.882912e+06  6.623191e+06  6.032968e+06
4.805463e+05  3.878312e+07  0.000000e+00  0.000000e+00  3.487988e+08  0.000000e+00  0.000000e+00  1.020458e+07  7.763638e+06  6.522304e+06  5.940786e+06
4.826789e+05  3.833829e+07  0.000000e+00  0.000000e+00  3.447982e+08  0.000000e+00  0.000000e+00  1.005256e+07  7.646541e+06  6.423270e+06  5.850266e+06
4.848210e+05  3.789737e+07  0.000000e+00  0.000000e+00  3.408328e+08  0.000000e+00  0.000000e+00  9.889566e+06  7.521224e+06  6.317405e+06  5.753523e+06
4.869725e+05  3.746034e+07  0.000000e+00  0.000000e+00  3.369023e+08  0.000000e+00  0.000000e+00  9.731041e+06  7.399480e+06  6.214511e+06  5.659547e+06
4.891337e+05  3.702717e+07  0.000000e+00  0.000000e+00  3.330065e+08  0.000000e+00  0.000000e+00  9.591883e+06  7.292498e+06  6.124099e+06  5.576944e+06
4.913044e+05  3.659783e+07  0.000000e+00  0.000000e+00  3.291453e+08  0.000000e+00  0.000000e+00  9.456297e+06  7.188264e+06  6.035989e+06  5.496450e+06
4.934847e+05  3.617232e+07  0.000000e+00  0.000000e+00  3.253184e+08  0.000000e+00  0.000000e+00  9.304500e+06  7.071757e+06  5.937557e+06  5.406557e+06
4.956747e+05  3.575059e+07  0.000000e+00  0.000000e+00  3.215256e+08  0.000000e+00  0.000000e+00  9.172749e+06  6.970390e+06  5.851877e+06  5.328289e+06
4.978745e+05  3.533264e+07  0.000000e+00  0.000000e+00  3.177667e+08  0.000000e+00  0.000000e+00  9.045377e+06  6.872525e+06  5.769145e+06  5.252630e+06
5.000840e+05  3.491844e+07  0.000000e+00  0.000000e+00  3.140415e+08  0.000000e+00  0.000000e+00  8.811906e+06  6.694570e+06  5.619453e+06  5.116193e+06
5.025060e+05  3.447075e+07  0.000000e+00  0.000000e+00  3.100152e+08  0.000000e+00  0.000000e+00  8.598315e+06  6.531504e+06  5.482055e+06  4.990894e+06
5.051426e+05  3.399081e+07  0.000000e+00  0.000000e+00  3.056989e+08  0.000000e+00  0.000000e+00  8.421252e+06  6.395704e+06  5.367367e+06  4.886183e+06
5.077930e+05  3.351602e+07  0.000000e+00  0.000000e+00  3.014288e+08  0.000000e+00  0.000000e+00  8.238976e+06  6.255883e+06  5.249319e+06  4.778362e+06
5.104573e+05  3.304632e+07  0.000000e+00  0.000000e+00  2.972045e+08  0.000000e+00  0.000000e+00  8.060484e+06  6.118848e+06  5.133595e+06  4.672644e+06
5.131356e+05  3.258169e+07  0.000000e+00  0.000000e+00  2.930258e+08  0.000000e+00  0.000000e+00  7.891254e+06  5.988859e+06  5.023724e+06  4.572338e+06
5.158280e+05  3.212209e+07  0.000000e+00  0.000000e+00  2.888923e+08  0.000000e+00  0.000000e+00  7.731424e+06  5.866050e+06  4.920035e+06  4.477611e+06
5.185345e+05  3.166748e+07  0.000000e+00  0.000000e+00  2.848037e+08  0.000000e+00  0.000000e+00  7.580621e+06  5.750243e+06  4.822196e+06  4.388298e+06
5.212551e+05  3.121782e+07  0.000000e+00  0.000000e+00  2.807597e+08  0.000000e+00  0.000000e+00  7.437959e+06  5.640879e+06  4.729899e+06  4.304021e+06
5.239901e+05  3.077308e+07  0.000000e+00  0.000000e+00  2.767600e+08  0.000000e+00  0.000000e+00  7.302330e+06  5.537088e+06  4.642354e+06  4.224108e+06
5.267394e+05  3.033323e+07  0.000000e+00  0.000000e+00  2.728041e+08  0.000000e+00  0.000000e+00  7.172001e+06  5.437437e+06  4.558346e+06  4.147468e+06
5.295031e+05  2.989823e+07  0.000000e+00  0.000000e+00  2.688919e+08  0.000000e+00  0.000000e+00  7.042029e+06  5.338064e+06  4.474599e+06  4.071037e+06
5.322814e+05  2.946804e+07  0.000000e+00  0.000000e+00  2.650230e+08  0.000000e+00  0.000000e+00  6.909468e+06  5.236637e+06  4.389092e+06  3.993045e+06
5.350742e+05  2.904263e+07  0.000000e+00  0.000000e+00  2.611970e+08  0.000000e+00  0.000000e+00  6.779590e+06  5.137260e+06  4.305292e+06  3.916558e+06
5.378816e+05  2.862197e+07  0.000000e+00  0.000000e+00  2.574137e+08  0.000000e+00  0.000000e+00  6.654593e+06  5.041601e+06  4.224650e+06  3.842975e+06
5.407038e+05  2.820601e+07  0.000000e+00  0.000000e+00  2.536728e+08  0.000000e+00  0.000000e+00  6.529114e+06  4.945640e+06  4.143778e+06  3.769195e+06
5.435408e+05  2.779472e+07  0.000000e+00  0.000000e+00  2.499739e+08  0.000000e+00  0.000000e+00  6.399359e+06  4.846461e+06  4.060158e+06  3.692900e+06
5.463927e+05  2.738807e+07  0.000000e+00  0.000000e+00  2.463166e+08  0.000000e+00  0.000000e+00  6.264055e+06  4.742894e+06  3.972859e+06  3.613269e+06
5.492596e+05  2.698603e+07  0.000000e+00  0.000000e+00  2.427008e+08  0.000000e+00  0.000000e+00  6.123286e+06  4.635031e+06  3.881867e+06  3.530208e+06
5.521415e+05  2.658855e+07  0.000000e+00  0.000000e+00  2.391261e+08  0.000000e+00  0.000000e+00  5.974317e+06  4.520795e+06  3.785470e+06  3.442259e+06
5.550385e+05  2.619561e+07  0.000000e+00  0.000000e+00  2.355921e+08  0.000000e+00  0.000000e+00  5.822058e+06  4.404112e+06  3.687092e+06  3.352486e+06
5.579507e+05  2.580717e+07  0.000000e+00  0.000000e+00  2.320987e+08  0.000000e+00  0.000000e+00  5.684313e+06  4.298725e+06  3.598253e+06  3.271427e+06
5.608782e+05  2.542319e+07  0.000000e+00  0.000000e+00  2.286453e+08  0.000000e+00  0.000000e+00  5.563740e+06  4.206573e+06  3.520632e+06  3.200636e+06
5.638210e+05  2.504364e+07  0.000000e+00  0.000000e+00  2.252318e+08  0.000000e+00  0.000000e+00  5.451856e+06  4.121308e+06  3.448853e+06  3.135219e+06
5.667793e+05  2.466849e+07  0.000000e+00  0.000000e+00  2.218579e+08  0.000000e+00  0.000000e+00  5.348165e+06  4.042410e+06  3.382516e+06  3.074738e+06
5.697531e+05  2.429771e+07  0.000000e+00  0.000000e+00  2.185232e+08  0.000000e+00  0.000000e+00  5.250484e+06  3.968023e+06  3.319962e+06  3.017710e+06
5.727425e+05  2.393125e+07  0.000000e+00  0.000000e+00  2.152274e+08  0.000000e+00  0.000000e+00  5.144589e+06  3.887357e+06  3.252098e+06  2.955864e+06
5.757477e+05  2.356908e+07  0.000000e+00  0.000000e+00  2.119702e+08  0.000000e+00  0.000000e+00  5.040348e+06  3.807833e+06  3.185201e+06  2.894882e+06
5.787685e+05  2.321118e+07  0.000000e+00  0.000000e+00  2.087514e+08  0.000000e+00  0.000000e+00  4.949394e+06  3.738300e+06  3.126634e+06  2.841476e+06
5.818052e+05  2.285750e+07  0.000000e+00  0.000000e+00  2.055706e+08  0.000000e+00  0.000000e+00  4.856614e+06  3.667367e+06  3.066885e+06  2.786979e+06
5.848579e+05  2.250802e+07  0.000000e+00  0.000000e+00  2.024275e+08  0.000000e+00  0.000000e+00  4.755406e+06  3.589994e+06  3.001727e+06  2.727588e+06
5.879266e+05  2.216269e+07  0.000000e+00  0.000000e+00  1.993218e+08  0.000000e+00  0.000000e+00  4.675831e+06  3.528871e+06  2.950143e+06  2.680506e+06
5.910113e+05  2.182150e+07  0.000000e+00  0.000000e+00  1.962532e+08  0.000000e+00  0.000000e+00  4.598822e+06  3.469765e+06  2.900251e+06  2.634960e+06
5.941123e+05  2.148439e+07  0.000000e+00  0.000000e+00  1.932214e+08  0.000000e+00  0.000000e+00  4.453803e+06  3.359691e+06  2.807904e+06  2.550914e+06
5.974457e+05  2.112847e+07  0.000000e+00  0.000000e+00  1.900204e+08  0.000000e+00  0.000000e+00  4.308300e+06  3.249175e+06  2.715130e+06  2.466437e+06
6.010141e+05  2.075470e+07  0.000000e+00  0.000000e+00  1.866589e+08  0.000000e+00  0.000000e+00  4.177925e+06  3.149838e+06  2.631600e+06  2.390325e+06
6.046038e+05  2.038610e+07  0.000000e+00  0.000000e+00  1.833438e+08  0.000000e+00  0.000000e+00  4.049126e+06  3.051755e+06  2.549135e+06  2.315187e+06
6.082149e+05  2.002261e+07  0.000000e+00  0.000000e+00  1.800748e+08  0.000000e+00  0.000000e+00  3.933867e+06  2.964076e+06  2.475457e+06  2.248082e+06
6.118476e+05  1.966419e+07  0.000000e+00  0.000000e+00  1.768513e+08  0.000000e+00  0.000000e+00  3.836576e+06  2.890197e+06  2.413415e+06  2.191574e+06
6.155020e+05  1.931078e+07  0.000000e+00  0.000000e+00  1.736729e+08  0.000000e+00  0.000000e+00  3.750564e+06  2.824883e+06  2.358562e+06  2.141622e+06
6.191782e+05  1.896235e+07  0.000000e+00  0.000000e+00  1.705393e+08  0.000000e+00  0.000000e+00  3.664999e+06  2.759705e+06  2.303789e+06  2.091721e+06
6.228764e+05  1.861885e+07  0.000000e+00  0.000000e+00  1.674499e+08  0.000000e+00  0.000000e+00  3.579529e+06  2.694384e+06  2.248819e+06  2.041627e+06
6.265967e+05  1.828022e+07  0.000000e+00  0.000000e+00  1.644045e+08  0.000000e+00  0.000000e+00  3.497873e+06  2.631899e+06  2.196232e+06  1.993684e+06
6.303392e+05  1.794642e+07  0.000000e+00  0.000000e+00  1.614024e+08  0.000000e+00  0.000000e+00  3.417806e+06  2.570797e+06  2.144845e+06  1.946868e+06
6.341040e+05  1.761740e+07  0.000000e+00  0.000000e+00  1.584433e+08  0.000000e+00  0.000000e+00  3.338939e+06  2.510843e+06  2.094509e+06  1.901039e+06
6.378914e+05  1.729311e+07  0.000000e+00  0.000000e+00  1.555269e+08  0.000000e+00  0.000000e+00  3.261654e+06  2.452274e+06  2.045389e+06  1.856326e+06
6.417013e+05  1.697352e+07  0.000000e+00  0.000000e+00  1.526526e+08  0.000000e+00  0.000000e+00  3.185015e+06  2.394259e+06  1.996762e+06  1.812079e+06
6.455340e+05  1.665857e+07  0.000000e+00  0.000000e+00  1.498201e+08  0.000000e+00  0.000000e+00  3.103884e+06  2.332745e+06  1.945169e+06  1.765125e+06
6.493896e+05  1.634822e+07  0.000000e+00  0.000000e+00  1.470289e+08  0.000000e+00  0.000000e+00  3.003817e+06  2.256745e+06  1.881400e+06  1.707098e+06
6.532682e+05  1.604241e+07  0.000000e+00  0.000000e+00  1.442786e+08  0.000000e+00  0.000000e+00  2.888461e+06  2.169158e+06  1.807941e+06  1.640245e+06
6.571700e+05  1.574111e+07  0.000000e+00  0.000000e+00  1.415688e+08  0.000000e+00  0.000000e+00  2.776777e+06  2.084401e+06  1.736862e+06  1.575580e+06
6.610951e+05  1.544427e+07  0.000000e+00  0.000000e+00  1.388992e+08  0.000000e+00  0.000000e+00  2.677030e+06  2.008723e+06  1.673412e+06  1.517848e+06
6.650437e+05  1.515185e+07  0.000000e+00  0.000000e+00  1.362692e+08  0.000000e+00  0.000000e+00  2.595141e+06  1.946635e+06  1.621362e+06  1.470503e+06
6.690158e+05  1.486379e+07  0.000000e+00  0.000000e+00  1.336786e+08  0.000000e+00  0.000000e+00  2.529404e+06  1.896785e+06  1.579578e+06  1.432476e+06
6.730116e+05  1.458005e+07  0.000000e+00  0.000000e+00  1.311268e+08  0.000000e+00  0.000000e+00  2.467216e+06  1.849579e+06  1.539992e+06  1.396463e+06
6.770314e+05  1.430060e+07  0.000000e+00  0.000000e+00  1.286134e+08  0.000000e+00  0.000000e+00  2.402612e+06  1.800585e+06  1.498938e+06  1.359126e+06
6.810751e+05  1.402537e+07  0.000000e+00  0.000000e+00  1.261382e+08  0.000000e+00  0.000000e+00  2.341003e+06  1.753941e+06  1.459872e+06  1.323591e+06
6.851430e+05  1.375434e+07  0.000000e+00  0.000000e+00  1.237007e+08  0.000000e+00  0.000000e+00  2.285308e+06  1.711920e+06  1.424720e+06  1.291637e+06
6.892351e+05  1.348745e+07  0.000000e+00  0.000000e+00  1.213004e+08  0.000000e+00  0.000000e+00  2.231166e+06  1.671145e+06  1.390629e+06  1.260658e+06
6.933518e+05  1.322466e+07  0.000000e+00  0.000000e+00  1.189370e+08  0.000000e+00  0.000000e+00  2.166164e+06  1.622092e+06  1.349621e+06  1.223392e+06
6.974930e+05  1.296593e+07  0.000000e+00  0.000000e+00  1.166101e+08  0.000000e+00  0.000000e+00  2.134187e+06  1.597472e+06  1.328824e+06  1.204419e+06
7.016589e+05  1.271122e+07  0.000000e+00  0.000000e+00  1.143193e+08  0.000000e+00  0.000000e+00  2.121994e+06  1.587352e+06  1.320001e+06  1.196247e+06
7.058497e+05  1.246047e+07  0.000000e+00  0.000000e+00  1.120642e+08  0.000000e+00  0.000000e+00  2.034369e+06  1.520976e+06  1.264451e+06  1.145759e+06
7.104050e+05  1.219401e+07  0.000000e+00  0.000000e+00  1.096677e+08  0.000000e+00  0.000000e+00  1.920526e+06  1.435099e+06  1.192709e+06  1.080606e+06
7.153293e+05  1.191293e+07  0.000000e+00  0.000000e+00  1.071398e+08  0.000000e+00  0.000000e+00  1.815509e+06  1.355990e+06  1.126622e+06  1.020587e+06
7.202877e+05  1.163699e+07  0.000000e+00  0.000000e+00  1.046581e+08  0.000000e+00  0.000000e+00  1.733552e+06  1.294392e+06  1.075214e+06  9.739155e+05
7.252805e+05  1.136615e+07  0.000000e+00  0.000000e+00  1.022223e+08  0.000000e+00  0.000000e+00  1.675986e+06  1.251095e+06  1.039058e+06  9.410766e+05
7.303079e+05  1.110033e+07  0.000000e+00  0.000000e+00  9.983163e+07  0.000000e+00  0.000000e+00  1.628535e+06  1.215213e+06  1.009046e+06  9.137989e+05
7.353702e+05  1.083947e+07  0.000000e+00  0.000000e+00  9.748554e+07  0.000000e+00  0.000000e+00  1.582897e+06  1.180637e+06  9.801005e+05  8.874942e+05
7.404675e+05  1.058350e+07  0.000000e+00  0.000000e+00  9.518345e+07  0.000000e+00  0.000000e+00  1.538520e+06  1.147120e+06  9.520813e+05  8.620263e+05
7.456002e+05  1.033235e+07  0.000000e+00  0.000000e+00  9.292478e+07  0.000000e+00  0.000000e+00  1.494179e+06  1.113568e+06  9.240123e+05  8.365197e+05
7.507684e+05  1.008597e+07  0.000000e+00  0.000000e+00  9.070895e+07  0.000000e+00  0.000000e+00  1.448843e+06  1.079036e+06  8.950646e+05  8.102011e+05
7.559725e+05  9.844294e+06  0.000000e+00  0.000000e+00  8.853538e+07  0.000000e+00  0.000000e+00  1.402871e+06  1.044053e+06  8.657590e+05  7.835513e+05
7.612127e+05  9.607250e+06  0.000000e+00  0.000000e+00  8.640350e+07  0.000000e+00  0.000000e+00  1.347420e+06  1.002339e+06  8.309619e+05  7.519722e+05
7.664891e+05  9.374778e+06  0.000000e+00  0.000000e+00  8.431275e+07  0.000000e+00  0.000000e+00  1.267385e+06  9.425236e+05  7.812049e+05  7.068720e+05
7.718022e+05  9.146817e+06  0.000000e+00  0.000000e+00  8.226256e+07  0.000000e+00  0.000000e+00  1.165657e+06  8.665958e+05  7.180931e+05  6.496812e+05
7.771521e+05  8.923303e+06  0.000000e+00  0.000000e+00  8.025237e+07  0.000000e+00  0.000000e+00  1.078644e+06  8.015808e+05  6.640349e+05  6.006983e+05
7.825390e+05  8.704174e+06  0.000000e+00  0.000000e+00  7.828162e+07  0.000000e+00  0.000000e+00  1.024826e+06  7.611288e+05  6.303278e+05  5.701190e+05
7.879633e+05  8.489370e+06  0.000000e+00  0.000000e+00  7.634977e+07  0.000000e+00  0.000000e+00  9.881819e+05  7.333977e+05  6.071594e+05  5.490829e+05
7.934252e+05  8.278830e+06  0.000000e+00  0.000000e+00  7.445626e+07  0.000000e+00  0.000000e+00  9.536976e+05  7.073535e+05  5.854183e+05  5.293478e+05
7.989250e+05  8.072492e+06  0.000000e+00  0.000000e+00  7.260054e+07  0.000000e+00  0.000000e+00  9.207609e+05  6.825989e+05  5.647907e+05  5.106347e+05
8.044629e+05  7.870296e+06  0.000000e+00  0.000000e+00  7.078208e+07  0.000000e+00  0.000000e+00  8.913329e+05  6.605258e+05  5.464074e+05  4.939643e+05
8.100391e+05  7.672183e+06  0.000000e+00  0.000000e+00  6.900034e+07  0.000000e+00  0.000000e+00  8.612329e+05  6.379338e+05  5.275942e+05  4.769055e+05
8.156541e+05  7.478094e+06  0.000000e+00  0.000000e+00  6.725478e+07  0.000000e+00  0.000000e+00  8.320314e+05  6.160571e+05  5.093834e+05  4.603949e+05
8.213079e+05  7.287969e+06  0.000000e+00  0.000000e+00  6.554488e+07  0.000000e+00  0.000000e+00  7.867432e+05  5.823776e+05  4.814506e+05  4.351064e+05
8.270009e+05  7.101749e+06  0.000000e+00  0.000000e+00  6.387010e+07  0.000000e+00  0.000000e+00  7.164326e+05  5.300783e+05  4.380817e+05  3.958561e+05
8.327334e+05  6.919378e+06  0.000000e+00  0.000000e+00  6.222993e+07  0.000000e+00  0.000000e+00  6.459124e+05  4.773427e+05  3.942687e+05  3.561758e+05
8.385057e+05  6.740797e+06  0.000000e+00  0.000000e+00  6.062385e+07  0.000000e+00  0.000000e+00  6.018090e+05  4.442267e+05  3.667136e+05  3.312056e+05
8.445724e+05  6.558404e+06  0.000000e+00  0.000000e+00  5.898348e+07  0.000000e+00  0.000000e+00  5.793358e+05  4.274429e+05  3.527699e+05  3.185730e+05
8.509377e+05  6.372693e+06  0.000000e+00  0.000000e+00  5.731328e+07  0.000000e+00  0.000000e+00  5.561549e+05  4.102982e+05  3.385759e+05  3.057330e+05
8.573510e+05  6.191251e+06  0.000000e+00  0.000000e+00  5.568146e+07  0.000000e+00  0.000000e+00  5.328415e+05  3.929823e+05  3.242238e+05  2.927434e+05
8.638126e+05  6.014005e+06  0.000000e+00  0.000000e+00  5.408739e+07  0.000000e+00  0.000000e+00  5.087041e+05  3.748695e+05  3.091621e+05  2.790989e+05
8.703229e+05  5.840885e+06  0.000000e+00  0.000000e+00  5.253043e+07  0.000000e+00  0.000000e+00  4.850826e+05  3.571719e+05  2.944547e+05  2.657772e+05
8.768822e+05  5.671821e+06  0.000000e+00  0.000000e+00  5.100994e+07  0.000000e+00  0.000000e+00  4.515810e+05  3.322322e+05  2.737895e+05  2.470825e+05
8.834910e+05  5.506744e+06  0.000000e+00  0.000000e+00  4.952530e+07  0.000000e+00  0.000000e+00  3.705223e+05  2.723418e+05  2.243290e+05  2.024036e+05
8.901496e+05  5.345583e+06  0.000000e+00  0.000000e+00  4.807589e+07  0.000000e+00  0.000000e+00  2.871886e+05  2.109638e+05  1.737024e+05  1.566967e+05
8.968584e+05  5.188270e+06  0.000000e+00  0.000000e+00  4.666109e+07  0.000000e+00  0.000000e+00  2.583288e+05  1.897468e+05  1.562092e+05  1.409035e+05
9.036177e+05  5.034739e+06  0.000000e+00  0.000000e+00  4.528029e+07  0.000000e+00  0.000000e+00  2.474294e+05  1.816522e+05  1.495052e+05  1.348403e+05
9.104280e+05  4.884921e+06  0.000000e+00  0.000000e+00  4.393289e+07  0.000000e+00  0.000000e+00  2.375240e+05  1.741437e+05  1.432445e+05  1.291623e+05
9.172896e+05  4.738750e+06  0.000000e+00  0.000000e+00  4.261829e+07  0.000000e+00  0.000000e+00  2.295501e+05  1.681630e+05  1.382744e+05  1.246604e+05
9.242029e+05  4.596161e+06  0.000000e+00  0.000000e+00  4.133591e+07  0.000000e+00  0.000000e+00  2.204720e+05  1.614817e+05  1.327581e+05  1.196765e+05
9.311684e+05  4.457088e+06  0.000000e+00  0.000000e+00  4.008515e+07  0.000000e+00  0.000000e+00  1.619090e+05  1.185468e+05  9.743366e+04  8.782195e+04
9.381863e+05  4.321467e+06  0.000000e+00  0.000000e+00  3.886543e+07  0.000000e+00  0.000000e+00  9.579950e+04  7.007474e+04  5.756347e+04  5.187250e+04
9.452571e+05  4.189234e+06  0.000000e+00  0.000000e+00  3.767618e+07  0.000000e+00  0.000000e+00  8.491281e+04  6.203099e+04  5.092719e+04  4.588116e+04
9.523812e+05  4.060326e+06  0.000000e+00  0.000000e+00  3.651684e+07  0.000000e+00  0.000000e+00  8.567117e+04  6.255739e+04  5.134614e+04  4.625315e+04
9.595590e+05  3.934680e+06  0.000000e+00  0.000000e+00  3.538683e+07  0.000000e+00  0.000000e+00  8.701091e+04  6.351827e+04  5.212455e+04  4.694953e+04
9.667909e+05  3.812235e+06  0.000000e+00  0.000000e+00  3.428561e+07  0.000000e+00  0.000000e+00  5.500153e+04  4.013087e+04  3.292252e+04  2.964998e+04
9.740773e+05  3.692929e+06  0.000000e+00  0.000000e+00  3.321263e+07  0.000000e+00  0.000000e+00  1.492120e+04  1.087487e+04  8.916504e+03  8.028136e+03
9.814186e+05  3.576702e+06  0.000000e+00  0.000000e+00  3.216733e+07  0.000000e+00  0.000000e+00  1.073645e+04  7.820450e+03  6.409937e+03  5.770438e+03
9.888153e+05  3.463495e+06  0.000000e+00  0.000000e+00  3.114919e+07  0.000000e+00  0.000000e+00  5.646492e+03  4.111812e+03  3.369532e+03  3.033075e+03
9.962677e+05  3.353247e+06  0.000000e+00  0.000000e+00  3.015767e+07  0.000000e+00  0.000000e+00  4.965706e-02  3.613188e-02  2.959663e-02  2.663624e-02
