# compps benchmark slab (isothermal pure scattering)
# kTe=60.000 keV  kTbb=0.100 keV  tau_T=0.500  geom=slab
# Col 1: E [eV]
# Col 2: I_corona (incident, =0 here)
# Col 3: I_disk   (bottom blackbody seed, incident)
# Col 4: I_emergent(mu=-0.953090)
# Col 5: I_emergent(mu=-0.769235)
# Col 6: I_emergent(mu=-0.500000)
# Col 7: I_emergent(mu=-0.230765)
# Col 8: I_emergent(mu=-0.046910)
# Col 9: I_emergent(mu=0.046910)
# Col 10: I_emergent(mu=0.230765)
# Col 11: I_emergent(mu=0.500000)
# Col 12: I_emergent(mu=0.769235)
# Col 13: I_emergent(mu=0.953090)
1.005790e+01  0.000000e+00  9.377243e+07  0.000000e+00  0.000000e+00  0.000000e+00  0.000000e+00  0.000000e+00  3.286780e+07  5.852252e+07  9.788546e+07  1.205661e+08  1.306502e+08
1.017436e+01  0.000000e+00  9.589987e+07  0.000000e+00  0.000000e+00  0.000000e+00  0.000000e+00  0.000000e+00  3.389884e+07  6.037394e+07  1.006960e+08  1.238562e+08  1.341341e+08
1.029218e+01  0.000000e+00  9.807489e+07  0.000000e+00  0.000000e+00  0.000000e+00  0.000000e+00  0.000000e+00  3.495443e+07  6.221413e+07  1.034743e+08  1.271220e+08  1.376029e+08
1.041135e+01  0.000000e+00  1.002985e+08  0.000000e+00  0.000000e+00  0.000000e+00  0.000000e+00  0.000000e+00  3.603595e+07  6.407092e+07  1.062703e+08  1.304150e+08  1.411055e+08
1.053191e+01  0.000000e+00  1.025719e+08  0.000000e+00  0.000000e+00  0.000000e+00  0.000000e+00  0.000000e+00  3.714380e+07  6.595293e+07  1.090999e+08  1.337517e+08  1.446577e+08
1.065387e+01  0.000000e+00  1.048960e+08  0.000000e+00  0.000000e+00  0.000000e+00  0.000000e+00  0.000000e+00  3.827800e+07  6.786405e+07  1.119704e+08  1.371403e+08  1.482674e+08
1.077723e+01  0.000000e+00  1.072719e+08  0.000000e+00  0.000000e+00  0.000000e+00  0.000000e+00  0.000000e+00  3.943846e+07  6.980664e+07  1.148866e+08  1.405857e+08  1.519397e+08
1.090203e+01  0.000000e+00  1.097009e+08  0.000000e+00  0.000000e+00  0.000000e+00  0.000000e+00  0.000000e+00  4.062518e+07  7.178238e+07  1.178515e+08  1.440916e+08  1.556782e+08
1.102827e+01  0.000000e+00  1.121840e+08  0.000000e+00  0.000000e+00  0.000000e+00  0.000000e+00  0.000000e+00  4.183828e+07  7.379262e+07  1.208680e+08  1.476609e+08  1.594859e+08
1.115597e+01  0.000000e+00  1.147225e+08  0.000000e+00  0.000000e+00  0.000000e+00  0.000000e+00  0.000000e+00  4.307804e+07  7.583861e+07  1.239380e+08  1.512961e+08  1.633655e+08
1.128515e+01  0.000000e+00  1.173175e+08  0.000000e+00  0.000000e+00  0.000000e+00  0.000000e+00  0.000000e+00  4.434487e+07  7.792153e+07  1.270638e+08  1.549995e+08  1.673194e+08
1.141582e+01  0.000000e+00  1.199703e+08  0.000000e+00  0.000000e+00  0.000000e+00  0.000000e+00  0.000000e+00  4.563923e+07  8.004256e+07  1.302472e+08  1.587733e+08  1.713499e+08
1.154801e+01  0.000000e+00  1.226821e+08  0.000000e+00  0.000000e+00  0.000000e+00  0.000000e+00  0.000000e+00  4.696164e+07  8.220292e+07  1.334901e+08  1.626196e+08  1.754591e+08
1.168173e+01  0.000000e+00  1.254542e+08  0.000000e+00  0.000000e+00  0.000000e+00  0.000000e+00  0.000000e+00  4.831265e+07  8.440381e+07  1.367944e+08  1.665405e+08  1.796492e+08
1.181700e+01  0.000000e+00  1.282879e+08  0.000000e+00  0.000000e+00  0.000000e+00  0.000000e+00  0.000000e+00  4.969282e+07  8.664653e+07  1.401620e+08  1.705381e+08  1.839225e+08
1.195383e+01  0.000000e+00  1.311846e+08  0.000000e+00  0.000000e+00  0.000000e+00  0.000000e+00  0.000000e+00  5.110269e+07  8.893235e+07  1.435948e+08  1.746144e+08  1.882812e+08
1.209225e+01  0.000000e+00  1.341455e+08  0.000000e+00  0.000000e+00  0.000000e+00  0.000000e+00  0.000000e+00  5.254283e+07  9.126257e+07  1.470946e+08  1.787717e+08  1.927273e+08
1.223227e+01  0.000000e+00  1.371721e+08  0.000000e+00  0.000000e+00  0.000000e+00  0.000000e+00  0.000000e+00  5.401378e+07  9.363852e+07  1.506635e+08  1.830121e+08  1.972633e+08
1.237392e+01  0.000000e+00  1.402659e+08  0.000000e+00  0.000000e+00  0.000000e+00  0.000000e+00  0.000000e+00  5.551611e+07  9.606152e+07  1.543035e+08  1.873378e+08  2.018913e+08
1.251720e+01  0.000000e+00  1.434282e+08  0.000000e+00  0.000000e+00  0.000000e+00  0.000000e+00  0.000000e+00  5.705039e+07  9.853291e+07  1.580165e+08  1.917511e+08  2.066137e+08
1.266214e+01  0.000000e+00  1.466605e+08  0.000000e+00  0.000000e+00  0.000000e+00  0.000000e+00  0.000000e+00  5.861720e+07  1.010540e+08  1.618045e+08  1.962542e+08  2.114330e+08
1.280876e+01  0.000000e+00  1.499643e+08  0.000000e+00  0.000000e+00  0.000000e+00  0.000000e+00  0.000000e+00  6.021713e+07  1.036262e+08  1.656697e+08  2.008495e+08  2.163514e+08
1.295708e+01  0.000000e+00  1.533412e+08  0.000000e+00  0.000000e+00  0.000000e+00  0.000000e+00  0.000000e+00  6.185080e+07  1.062508e+08  1.696140e+08  2.055394e+08  2.213716e+08
1.310712e+01  0.000000e+00  1.567928e+08  0.000000e+00  0.000000e+00  0.000000e+00  0.000000e+00  0.000000e+00  6.351882e+07  1.089292e+08  1.736396e+08  2.103262e+08  2.264959e+08
1.325889e+01  0.000000e+00  1.603206e+08  0.000000e+00  0.000000e+00  0.000000e+00  0.000000e+00  0.000000e+00  6.522186e+07  1.116626e+08  1.777485e+08  2.152124e+08  2.317269e+08
1.341242e+01  0.000000e+00  1.639262e+08  0.000000e+00  0.000000e+00  0.000000e+00  0.000000e+00  0.000000e+00  6.696057e+07  1.144525e+08  1.819429e+08  2.202005e+08  2.370673e+08
1.356773e+01  0.000000e+00  1.676114e+08  0.000000e+00  0.000000e+00  0.000000e+00  0.000000e+00  0.000000e+00  6.873564e+07  1.173002e+08  1.862248e+08  2.252929e+08  2.425195e+08
1.372484e+01  0.000000e+00  1.713779e+08  0.000000e+00  0.000000e+00  0.000000e+00  0.000000e+00  0.000000e+00  7.054777e+07  1.202069e+08  1.905964e+08  2.304922e+08  2.480864e+08
1.388376e+01  0.000000e+00  1.752273e+08  0.000000e+00  0.000000e+00  0.000000e+00  0.000000e+00  0.000000e+00  7.239768e+07  1.231742e+08  1.950599e+08  2.358010e+08  2.537707e+08
1.404453e+01  0.000000e+00  1.791614e+08  0.000000e+00  0.000000e+00  0.000000e+00  0.000000e+00  0.000000e+00  7.428612e+07  1.262034e+08  1.996175e+08  2.412218e+08  2.595750e+08
1.420716e+01  0.000000e+00  1.831821e+08  0.000000e+00  0.000000e+00  0.000000e+00  0.000000e+00  0.000000e+00  7.621384e+07  1.292958e+08  2.042713e+08  2.467573e+08  2.655021e+08
1.437167e+01  0.000000e+00  1.872912e+08  0.000000e+00  0.000000e+00  0.000000e+00  0.000000e+00  0.000000e+00  7.818162e+07  1.324528e+08  2.090236e+08  2.524102e+08  2.715551e+08
1.453808e+01  0.000000e+00  1.914905e+08  0.000000e+00  0.000000e+00  0.000000e+00  0.000000e+00  0.000000e+00  8.019025e+07  1.356759e+08  2.138766e+08  2.581832e+08  2.777366e+08
1.470643e+01  0.000000e+00  1.957820e+08  0.000000e+00  0.000000e+00  0.000000e+00  0.000000e+00  0.000000e+00  8.224054e+07  1.389665e+08  2.188327e+08  2.640790e+08  2.840497e+08
1.487672e+01  0.000000e+00  2.001676e+08  0.000000e+00  0.000000e+00  0.000000e+00  0.000000e+00  0.000000e+00  8.433332e+07  1.423261e+08  2.238941e+08  2.701004e+08  2.904973e+08
1.504898e+01  0.000000e+00  2.046494e+08  0.000000e+00  0.000000e+00  0.000000e+00  0.000000e+00  0.000000e+00  8.646941e+07  1.457560e+08  2.290632e+08  2.762503e+08  2.970824e+08
1.522324e+01  0.000000e+00  2.092293e+08  0.000000e+00  0.000000e+00  0.000000e+00  0.000000e+00  0.000000e+00  8.864970e+07  1.492579e+08  2.343424e+08  2.825315e+08  3.038082e+08
1.539952e+01  0.000000e+00  2.139095e+08  0.000000e+00  0.000000e+00  0.000000e+00  0.000000e+00  0.000000e+00  9.087503e+07  1.528332e+08  2.397340e+08  2.889469e+08  3.106778e+08
1.557784e+01  0.000000e+00  2.186919e+08  0.000000e+00  0.000000e+00  0.000000e+00  0.000000e+00  0.000000e+00  9.314632e+07  1.564835e+08  2.452406e+08  2.954996e+08  3.176944e+08
1.575822e+01  0.000000e+00  2.235789e+08  0.000000e+00  0.000000e+00  0.000000e+00  0.000000e+00  0.000000e+00  9.546447e+07  1.602103e+08  2.508646e+08  3.021924e+08  3.248611e+08
1.594069e+01  0.000000e+00  2.285726e+08  0.000000e+00  0.000000e+00  0.000000e+00  0.000000e+00  0.000000e+00  9.783039e+07  1.640153e+08  2.566086e+08  3.090286e+08  3.321813e+08
1.612528e+01  0.000000e+00  2.336752e+08  0.000000e+00  0.000000e+00  0.000000e+00  0.000000e+00  0.000000e+00  1.002450e+08  1.679000e+08  2.624750e+08  3.160111e+08  3.396583e+08
1.631200e+01  0.000000e+00  2.388890e+08  0.000000e+00  0.000000e+00  0.000000e+00  0.000000e+00  0.000000e+00  1.027094e+08  1.718662e+08  2.684666e+08  3.231432e+08  3.472956e+08
1.650088e+01  0.000000e+00  2.442164e+08  0.000000e+00  0.000000e+00  0.000000e+00  0.000000e+00  0.000000e+00  1.052243e+08  1.759154e+08  2.745860e+08  3.304281e+08  3.550965e+08
1.669195e+01  0.000000e+00  2.496597e+08  0.000000e+00  0.000000e+00  0.000000e+00  0.000000e+00  0.000000e+00  1.077910e+08  1.800494e+08  2.808358e+08  3.378691e+08  3.630647e+08
1.688524e+01  0.000000e+00  2.552214e+08  0.000000e+00  0.000000e+00  0.000000e+00  0.000000e+00  0.000000e+00  1.104102e+08  1.842700e+08  2.872189e+08  3.454694e+08  3.712037e+08
1.708076e+01  0.000000e+00  2.609038e+08  0.000000e+00  0.000000e+00  0.000000e+00  0.000000e+00  0.000000e+00  1.130832e+08  1.885788e+08  2.937380e+08  3.532326e+08  3.795172e+08
1.727855e+01  0.000000e+00  2.667096e+08  0.000000e+00  0.000000e+00  0.000000e+00  0.000000e+00  0.000000e+00  1.158109e+08  1.929778e+08  3.003960e+08  3.611619e+08  3.880088e+08
1.747862e+01  0.000000e+00  2.726413e+08  0.000000e+00  0.000000e+00  0.000000e+00  0.000000e+00  0.000000e+00  1.185944e+08  1.974687e+08  3.071958e+08  3.692610e+08  3.966824e+08
1.768102e+01  0.000000e+00  2.787015e+08  0.000000e+00  0.000000e+00  0.000000e+00  0.000000e+00  0.000000e+00  1.214348e+08  2.020533e+08  3.141402e+08  3.775334e+08  4.055419e+08
1.788575e+01  0.000000e+00  2.848928e+08  0.000000e+00  0.000000e+00  0.000000e+00  0.000000e+00  0.000000e+00  1.243332e+08  2.067337e+08  3.212324e+08  3.859828e+08  4.145910e+08
1.809286e+01  0.000000e+00  2.912181e+08  0.000000e+00  0.000000e+00  0.000000e+00  0.000000e+00  0.000000e+00  1.272907e+08  2.115116e+08  3.284754e+08  3.946128e+08  4.238339e+08
1.830236e+01  0.000000e+00  2.976800e+08  0.000000e+00  0.000000e+00  0.000000e+00  0.000000e+00  0.000000e+00  1.303085e+08  2.163891e+08  3.358722e+08  4.034272e+08  4.332745e+08
1.851430e+01  0.000000e+00  3.042813e+08  0.000000e+00  0.000000e+00  0.000000e+00  0.000000e+00  0.000000e+00  1.333877e+08  2.213682e+08  3.434261e+08  4.124298e+08  4.429171e+08
1.872868e+01  0.000000e+00  3.110250e+08  0.000000e+00  0.000000e+00  0.000000e+00  0.000000e+00  0.000000e+00  1.365295e+08  2.264509e+08  3.511402e+08  4.216246e+08  4.527657e+08
1.894555e+01  0.000000e+00  3.179140e+08  0.000000e+00  0.000000e+00  0.000000e+00  0.000000e+00  0.000000e+00  1.397352e+08  2.316392e+08  3.590178e+08  4.310155e+08  4.628248e+08
1.916493e+01  0.000000e+00  3.249512e+08  0.000000e+00  0.000000e+00  0.000000e+00  0.000000e+00  0.000000e+00  1.430059e+08  2.369353e+08  3.670623e+08  4.406066e+08  4.730986e+08
1.938685e+01  0.000000e+00  3.321397e+08  0.000000e+00  0.000000e+00  0.000000e+00  0.000000e+00  0.000000e+00  1.463429e+08  2.423414e+08  3.752771e+08  4.504020e+08  4.835916e+08
1.961134e+01  0.000000e+00  3.394826e+08  0.000000e+00  0.000000e+00  0.000000e+00  0.000000e+00  0.000000e+00  1.497476e+08  2.478595e+08  3.836656e+08  4.604058e+08  4.943083e+08
1.983843e+01  0.000000e+00  3.469830e+08  0.000000e+00  0.000000e+00  0.000000e+00  0.000000e+00  0.000000e+00  1.532211e+08  2.534919e+08  3.922313e+08  4.706223e+08  5.052533e+08
2.006814e+01  0.000000e+00  3.546441e+08  0.000000e+00  0.000000e+00  0.000000e+00  0.000000e+00  0.000000e+00  1.567648e+08  2.592408e+08  4.009778e+08  4.810559e+08  5.164313e+08
2.030052e+01  0.000000e+00  3.624692e+08  0.000000e+00  0.000000e+00  0.000000e+00  0.000000e+00  0.000000e+00  1.603801e+08  2.651087e+08  4.099088e+08  4.917109e+08  5.278471e+08
2.053559e+01  0.000000e+00  3.704617e+08  0.000000e+00  0.000000e+00  0.000000e+00  0.000000e+00  0.000000e+00  1.640683e+08  2.710977e+08  4.190279e+08  5.025919e+08  5.395054e+08
2.077338e+01  0.000000e+00  3.786250e+08  0.000000e+00  0.000000e+00  0.000000e+00  0.000000e+00  0.000000e+00  1.678308e+08  2.772102e+08  4.283390e+08  5.137035e+08  5.514112e+08
2.101393e+01  0.000000e+00  3.869624e+08  0.000000e+00  0.000000e+00  0.000000e+00  0.000000e+00  0.000000e+00  1.716690e+08  2.834487e+08  4.378458e+08  5.250502e+08  5.635696e+08
2.125726e+01  0.000000e+00  3.954775e+08  0.000000e+00  0.000000e+00  0.000000e+00  0.000000e+00  0.000000e+00  1.755844e+08  2.898157e+08  4.475523e+08  5.366369e+08  5.759856e+08
2.150340e+01  0.000000e+00  4.041739e+08  0.000000e+00  0.000000e+00  0.000000e+00  0.000000e+00  0.000000e+00  1.795784e+08  2.963136e+08  4.574625e+08  5.484683e+08  5.886644e+08
2.175240e+01  0.000000e+00  4.130552e+08  0.000000e+00  0.000000e+00  0.000000e+00  0.000000e+00  0.000000e+00  1.836526e+08  3.029450e+08  4.675803e+08  5.605494e+08  6.016114e+08
2.200428e+01  0.000000e+00  4.221251e+08  0.000000e+00  0.000000e+00  0.000000e+00  0.000000e+00  0.000000e+00  1.878084e+08  3.097124e+08  4.779100e+08  5.728851e+08  6.148318e+08
2.225908e+01  0.000000e+00  4.313874e+08  0.000000e+00  0.000000e+00  0.000000e+00  0.000000e+00  0.000000e+00  1.920474e+08  3.166185e+08  4.884557e+08  5.854805e+08  6.283313e+08
2.251683e+01  0.000000e+00  4.408460e+08  0.000000e+00  0.000000e+00  0.000000e+00  0.000000e+00  0.000000e+00  1.963711e+08  3.236660e+08  4.992216e+08  5.983408e+08  6.421153e+08
2.277756e+01  0.000000e+00  4.505048e+08  0.000000e+00  0.000000e+00  0.000000e+00  0.000000e+00  0.000000e+00  2.007811e+08  3.308576e+08  5.102121e+08  6.114712e+08  6.561894e+08
2.304131e+01  0.000000e+00  4.603677e+08  0.000000e+00  0.000000e+00  0.000000e+00  0.000000e+00  0.000000e+00  2.052791e+08  3.381960e+08  5.214316e+08  6.248770e+08  6.705595e+08
2.330812e+01  0.000000e+00  4.704388e+08  0.000000e+00  0.000000e+00  0.000000e+00  0.000000e+00  0.000000e+00  2.098668e+08  3.456841e+08  5.328846e+08  6.385638e+08  6.852315e+08
2.357801e+01  0.000000e+00  4.807222e+08  0.000000e+00  0.000000e+00  0.000000e+00  0.000000e+00  0.000000e+00  2.145457e+08  3.533247e+08  5.445756e+08  6.525370e+08  7.002112e+08
2.385103e+01  0.000000e+00  4.912221e+08  0.000000e+00  0.000000e+00  0.000000e+00  0.000000e+00  0.000000e+00  2.193175e+08  3.611207e+08  5.565092e+08  6.668022e+08  7.155048e+08
2.412722e+01  0.000000e+00  5.019428e+08  0.000000e+00  0.000000e+00  0.000000e+00  0.000000e+00  0.000000e+00  2.241841e+08  3.690751e+08  5.686903e+08  6.813652e+08  7.311184e+08
2.440660e+01  0.000000e+00  5.128886e+08  0.000000e+00  0.000000e+00  0.000000e+00  0.000000e+00  0.000000e+00  2.291472e+08  3.771909e+08  5.811235e+08  6.962318e+08  7.470583e+08
2.468921e+01  0.000000e+00  5.240639e+08  0.000000e+00  0.000000e+00  0.000000e+00  0.000000e+00  0.000000e+00  2.342085e+08  3.854711e+08  5.938137e+08  7.114079e+08  7.633307e+08
2.497510e+01  0.000000e+00  5.354733e+08  0.000000e+00  0.000000e+00  0.000000e+00  0.000000e+00  0.000000e+00  2.393699e+08  3.939189e+08  6.067660e+08  7.268994e+08  7.799423e+08
2.526430e+01  0.000000e+00  5.471212e+08  0.000000e+00  0.000000e+00  0.000000e+00  0.000000e+00  0.000000e+00  2.446332e+08  4.025374e+08  6.199853e+08  7.427125e+08  7.968997e+08
2.555684e+01  0.000000e+00  5.590124e+08  0.000000e+00  0.000000e+00  0.000000e+00  0.000000e+00  0.000000e+00  2.500002e+08  4.113297e+08  6.334767e+08  7.588535e+08  8.142094e+08
2.585278e+01  0.000000e+00  5.711515e+08  0.000000e+00  0.000000e+00  0.000000e+00  0.000000e+00  0.000000e+00  2.554730e+08  4.202992e+08  6.472454e+08  7.753285e+08  8.318782e+08
2.615214e+01  0.000000e+00  5.835433e+08  0.000000e+00  0.000000e+00  0.000000e+00  0.000000e+00  0.000000e+00  2.610533e+08  4.294492e+08  6.612968e+08  7.921441e+08  8.499133e+08
2.645497e+01  0.000000e+00  5.961928e+08  0.000000e+00  0.000000e+00  0.000000e+00  0.000000e+00  0.000000e+00  2.667433e+08  4.387829e+08  6.756362e+08  8.093067e+08  8.683214e+08
2.676130e+01  0.000000e+00  6.091049e+08  0.000000e+00  0.000000e+00  0.000000e+00  0.000000e+00  0.000000e+00  2.725448e+08  4.483039e+08  6.902691e+08  8.268230e+08  8.871098e+08
2.707118e+01  0.000000e+00  6.222846e+08  0.000000e+00  0.000000e+00  0.000000e+00  0.000000e+00  0.000000e+00  2.784598e+08  4.580156e+08  7.052009e+08  8.446996e+08  9.062858e+08
2.738465e+01  0.000000e+00  6.357370e+08  0.000000e+00  0.000000e+00  0.000000e+00  0.000000e+00  0.000000e+00  2.844905e+08  4.679214e+08  7.204374e+08  8.629435e+08  9.258566e+08
2.770175e+01  0.000000e+00  6.494674e+08  0.000000e+00  0.000000e+00  0.000000e+00  0.000000e+00  0.000000e+00  2.906390e+08  4.780250e+08  7.359843e+08  8.815616e+08  9.458299e+08
2.802252e+01  0.000000e+00  6.634810e+08  0.000000e+00  0.000000e+00  0.000000e+00  0.000000e+00  0.000000e+00  2.969072e+08  4.883300e+08  7.518473e+08  9.005609e+08  9.662132e+08
2.834701e+01  0.000000e+00  6.777832e+08  0.000000e+00  0.000000e+00  0.000000e+00  0.000000e+00  0.000000e+00  3.032974e+08  4.988401e+08  7.680323e+08  9.199485e+08  9.870141e+08
2.867525e+01  0.000000e+00  6.923796e+08  0.000000e+00  0.000000e+00  0.000000e+00  0.000000e+00  0.000000e+00  3.098117e+08  5.095590e+08  7.845454e+08  9.397319e+08  1.008241e+09
2.900729e+01  0.000000e+00  7.072755e+08  0.000000e+00  0.000000e+00  0.000000e+00  0.000000e+00  0.000000e+00  3.164524e+08  5.204904e+08  8.013926e+08  9.599183e+08  1.029901e+09
2.934318e+01  0.000000e+00  7.224766e+08  0.000000e+00  0.000000e+00  0.000000e+00  0.000000e+00  0.000000e+00  3.232217e+08  5.316383e+08  8.185801e+08  9.805152e+08  1.052002e+09
2.968296e+01  0.000000e+00  7.379888e+08  0.000000e+00  0.000000e+00  0.000000e+00  0.000000e+00  0.000000e+00  3.301218e+08  5.430065e+08  8.361142e+08  1.001530e+09  1.074554e+09
3.002667e+01  0.000000e+00  7.538177e+08  0.000000e+00  0.000000e+00  0.000000e+00  0.000000e+00  0.000000e+00  3.371550e+08  5.545990e+08  8.540012e+08  1.022971e+09  1.097564e+09
3.037436e+01  0.000000e+00  7.699692e+08  0.000000e+00  0.000000e+00  0.000000e+00  0.000000e+00  0.000000e+00  3.443237e+08  5.664198e+08  8.722476e+08  1.044846e+09  1.121040e+09
3.072608e+01  0.000000e+00  7.864494e+08  0.000000e+00  0.000000e+00  0.000000e+00  0.000000e+00  0.000000e+00  3.516302e+08  5.784730e+08  8.908598e+08  1.067162e+09  1.144991e+09
3.108187e+01  0.000000e+00  8.032643e+08  0.000000e+00  0.000000e+00  0.000000e+00  0.000000e+00  0.000000e+00  3.590770e+08  5.907626e+08  9.098447e+08  1.089928e+09  1.169427e+09
3.144179e+01  0.000000e+00  8.204201e+08  0.000000e+00  0.000000e+00  0.000000e+00  0.000000e+00  0.000000e+00  3.666664e+08  6.032929e+08  9.292088e+08  1.113153e+09  1.194355e+09
3.180586e+01  0.000000e+00  8.379230e+08  0.000000e+00  0.000000e+00  0.000000e+00  0.000000e+00  0.000000e+00  3.744009e+08  6.160681e+08  9.489591e+08  1.136843e+09  1.219785e+09
3.217416e+01  0.000000e+00  8.557793e+08  0.000000e+00  0.000000e+00  0.000000e+00  0.000000e+00  0.000000e+00  3.822829e+08  6.290925e+08  9.691024e+08  1.161008e+09  1.245725e+09
3.254672e+01  0.000000e+00  8.739955e+08  0.000000e+00  0.000000e+00  0.000000e+00  0.000000e+00  0.000000e+00  3.903151e+08  6.423705e+08  9.896457e+08  1.185656e+09  1.272186e+09
3.292359e+01  0.000000e+00  8.925782e+08  0.000000e+00  0.000000e+00  0.000000e+00  0.000000e+00  0.000000e+00  3.984999e+08  6.559064e+08  1.010596e+09  1.210796e+09  1.299176e+09
3.330483e+01  0.000000e+00  9.115339e+08  0.000000e+00  0.000000e+00  0.000000e+00  0.000000e+00  0.000000e+00  4.068400e+08  6.697048e+08  1.031961e+09  1.236437e+09  1.326705e+09
3.369048e+01  0.000000e+00  9.308693e+08  0.000000e+00  0.000000e+00  0.000000e+00  0.000000e+00  0.000000e+00  4.153379e+08  6.837701e+08  1.053748e+09  1.262587e+09  1.354782e+09
3.408060e+01  0.000000e+00  9.505913e+08  0.000000e+00  0.000000e+00  0.000000e+00  0.000000e+00  0.000000e+00  4.239963e+08  6.981070e+08  1.075964e+09  1.289256e+09  1.383417e+09
3.447523e+01  0.000000e+00  9.707067e+08  0.000000e+00  0.000000e+00  0.000000e+00  0.000000e+00  0.000000e+00  4.328178e+08  7.127200e+08  1.098616e+09  1.316453e+09  1.412621e+09
3.487444e+01  0.000000e+00  9.912226e+08  0.000000e+00  0.000000e+00  0.000000e+00  0.000000e+00  0.000000e+00  4.418052e+08  7.276140e+08  1.121713e+09  1.344187e+09  1.442402e+09
3.527826e+01  0.000000e+00  1.012146e+09  0.000000e+00  0.000000e+00  0.000000e+00  0.000000e+00  0.000000e+00  4.509612e+08  7.427935e+08  1.145261e+09  1.372467e+09  1.472772e+09
3.568677e+01  0.000000e+00  1.033484e+09  0.000000e+00  0.000000e+00  0.000000e+00  0.000000e+00  0.000000e+00  4.602886e+08  7.582635e+08  1.169270e+09  1.401303e+09  1.503740e+09
3.610000e+01  0.000000e+00  1.055244e+09  0.000000e+00  0.000000e+00  0.000000e+00  0.000000e+00  0.000000e+00  4.697902e+08  7.740288e+08  1.193746e+09  1.430704e+09  1.535317e+09
3.651802e+01  0.000000e+00  1.077433e+09  0.000000e+00  0.000000e+00  0.000000e+00  0.000000e+00  0.000000e+00  4.794687e+08  7.900942e+08  1.218697e+09  1.460681e+09  1.567513e+09
3.694088e+01  0.000000e+00  1.100059e+09  0.000000e+00  0.000000e+00  0.000000e+00  0.000000e+00  0.000000e+00  4.893271e+08  8.064649e+08  1.244133e+09  1.491243e+09  1.600339e+09
3.736863e+01  0.000000e+00  1.123129e+09  0.000000e+00  0.000000e+00  0.000000e+00  0.000000e+00  0.000000e+00  4.993683e+08  8.231458e+08  1.270060e+09  1.522400e+09  1.633806e+09
3.780134e+01  0.000000e+00  1.146651e+09  0.000000e+00  0.000000e+00  0.000000e+00  0.000000e+00  0.000000e+00  5.095950e+08  8.401420e+08  1.296487e+09  1.554162e+09  1.667925e+09
3.823906e+01  0.000000e+00  1.170633e+09  0.000000e+00  0.000000e+00  0.000000e+00  0.000000e+00  0.000000e+00  5.200104e+08  8.574587e+08  1.323423e+09  1.586539e+09  1.702706e+09
3.868185e+01  0.000000e+00  1.195082e+09  0.000000e+00  0.000000e+00  0.000000e+00  0.000000e+00  0.000000e+00  5.306174e+08  8.751011e+08  1.350876e+09  1.619542e+09  1.738161e+09
3.912976e+01  0.000000e+00  1.220007e+09  0.000000e+00  0.000000e+00  0.000000e+00  0.000000e+00  0.000000e+00  5.414189e+08  8.930744e+08  1.378854e+09  1.653182e+09  1.774301e+09
3.958286e+01  0.000000e+00  1.245415e+09  0.000000e+00  0.000000e+00  0.000000e+00  0.000000e+00  0.000000e+00  5.524180e+08  9.113838e+08  1.407367e+09  1.687468e+09  1.811137e+09
4.004121e+01  0.000000e+00  1.271314e+09  0.000000e+00  0.000000e+00  0.000000e+00  0.000000e+00  0.000000e+00  5.636178e+08  9.300349e+08  1.436422e+09  1.722411e+09  1.848682e+09
4.050487e+01  0.000000e+00  1.297713e+09  0.000000e+00  0.000000e+00  0.000000e+00  0.000000e+00  0.000000e+00  5.750213e+08  9.490329e+08  1.466029e+09  1.758023e+09  1.886946e+09
4.097389e+01  0.000000e+00  1.324620e+09  0.000000e+00  0.000000e+00  0.000000e+00  0.000000e+00  0.000000e+00  5.866317e+08  9.683833e+08  1.496197e+09  1.794313e+09  1.925942e+09
4.144835e+01  0.000000e+00  1.352043e+09  0.000000e+00  0.000000e+00  0.000000e+00  0.000000e+00  0.000000e+00  5.984520e+08  9.880916e+08  1.526935e+09  1.831294e+09  1.965681e+09
4.192829e+01  0.000000e+00  1.379990e+09  0.000000e+00  0.000000e+00  0.000000e+00  0.000000e+00  0.000000e+00  6.104855e+08  1.008163e+09  1.558252e+09  1.868976e+09  2.006176e+09
4.241380e+01  0.000000e+00  1.408471e+09  0.000000e+00  0.000000e+00  0.000000e+00  0.000000e+00  0.000000e+00  6.227353e+08  1.028604e+09  1.590156e+09  1.907370e+09  2.047438e+09
4.290493e+01  0.000000e+00  1.437493e+09  0.000000e+00  0.000000e+00  0.000000e+00  0.000000e+00  0.000000e+00  6.352046e+08  1.049420e+09  1.622658e+09  1.946488e+09  2.089479e+09
4.340175e+01  0.000000e+00  1.467066e+09  0.000000e+00  0.000000e+00  0.000000e+00  0.000000e+00  0.000000e+00  6.478966e+08  1.070616e+09  1.655766e+09  1.986342e+09  2.132313e+09
4.390431e+01  0.000000e+00  1.497198e+09  0.000000e+00  0.000000e+00  0.000000e+00  0.000000e+00  0.000000e+00  6.608147e+08  1.092198e+09  1.689490e+09  2.026942e+09  2.175951e+09
4.441270e+01  0.000000e+00  1.527898e+09  0.000000e+00  0.000000e+00  0.000000e+00  0.000000e+00  0.000000e+00  6.739620e+08  1.114172e+09  1.723839e+09  2.068300e+09  2.220407e+09
4.492698e+01  0.000000e+00  1.559174e+09  0.000000e+00  0.000000e+00  0.000000e+00  0.000000e+00  0.000000e+00  6.873419e+08  1.136544e+09  1.758824e+09  2.110428e+09  2.265692e+09
4.544721e+01  0.000000e+00  1.591037e+09  0.000000e+00  0.000000e+00  0.000000e+00  0.000000e+00  0.000000e+00  7.009577e+08  1.159319e+09  1.794453e+09  2.153338e+09  2.311819e+09
4.597346e+01  0.000000e+00  1.623494e+09  0.000000e+00  0.000000e+00  0.000000e+00  0.000000e+00  0.000000e+00  7.148127e+08  1.182504e+09  1.830737e+09  2.197042e+09  2.358803e+09
4.650581e+01  0.000000e+00  1.656555e+09  0.000000e+00  0.000000e+00  0.000000e+00  0.000000e+00  0.000000e+00  7.289102e+08  1.206105e+09  1.867685e+09  2.241551e+09  2.406654e+09
4.704432e+01  0.000000e+00  1.690230e+09  0.000000e+00  0.000000e+00  0.000000e+00  0.000000e+00  0.000000e+00  7.432536e+08  1.230126e+09  1.905306e+09  2.286879e+09  2.455387e+09
4.758907e+01  0.000000e+00  1.724527e+09  0.000000e+00  0.000000e+00  0.000000e+00  0.000000e+00  0.000000e+00  7.578462e+08  1.254575e+09  1.943612e+09  2.333036e+09  2.505014e+09
4.814012e+01  0.000000e+00  1.759455e+09  0.000000e+00  0.000000e+00  0.000000e+00  0.000000e+00  0.000000e+00  7.726916e+08  1.279458e+09  1.982612e+09  2.380035e+09  2.555549e+09
4.869756e+01  0.000000e+00  1.795025e+09  0.000000e+00  0.000000e+00  0.000000e+00  0.000000e+00  0.000000e+00  7.877930e+08  1.304780e+09  2.022315e+09  2.427889e+09  2.607005e+09
4.926145e+01  0.000000e+00  1.831245e+09  0.000000e+00  0.000000e+00  0.000000e+00  0.000000e+00  0.000000e+00  8.031539e+08  1.330547e+09  2.062733e+09  2.476609e+09  2.659395e+09
4.983187e+01  0.000000e+00  1.868125e+09  0.000000e+00  0.000000e+00  0.000000e+00  0.000000e+00  0.000000e+00  8.187777e+08  1.356766e+09  2.103874e+09  2.526209e+09  2.712734e+09
5.040890e+01  0.000000e+00  1.905674e+09  0.000000e+00  0.000000e+00  0.000000e+00  0.000000e+00  0.000000e+00  8.346678e+08  1.383443e+09  2.145750e+09  2.576700e+09  2.767033e+09
5.099260e+01  0.000000e+00  1.943903e+09  0.000000e+00  0.000000e+00  0.000000e+00  0.000000e+00  0.000000e+00  8.508277e+08  1.410584e+09  2.188370e+09  2.628096e+09  2.822307e+09
5.158307e+01  0.000000e+00  1.982820e+09  0.000000e+00  0.000000e+00  0.000000e+00  0.000000e+00  0.000000e+00  8.672835e+08  1.438409e+09  2.232016e+09  2.680648e+09  2.878786e+09
5.218037e+01  0.000000e+00  2.022435e+09  0.000000e+00  0.000000e+00  0.000000e+00  0.000000e+00  0.000000e+00  8.839893e+08  1.466458e+09  2.276109e+09  2.733848e+09  2.936014e+09
5.278460e+01  0.000000e+00  2.062758e+09  0.000000e+00  0.000000e+00  0.000000e+00  0.000000e+00  0.000000e+00  9.009858e+08  1.495091e+09  2.321104e+09  2.788102e+09  2.994359e+09
5.339581e+01  0.000000e+00  2.103798e+09  0.000000e+00  0.000000e+00  0.000000e+00  0.000000e+00  0.000000e+00  9.182503e+08  1.524067e+09  2.366699e+09  2.843147e+09  3.053585e+09
5.401411e+01  0.000000e+00  2.145566e+09  0.000000e+00  0.000000e+00  0.000000e+00  0.000000e+00  0.000000e+00  9.358157e+08  1.553668e+09  2.413257e+09  2.899307e+09  3.113988e+09
5.463956e+01  0.000000e+00  2.188071e+09  0.000000e+00  0.000000e+00  0.000000e+00  0.000000e+00  0.000000e+00  9.536694e+08  1.583750e+09  2.460596e+09  2.956425e+09  3.175428e+09
5.527226e+01  0.000000e+00  2.231322e+09  0.000000e+00  0.000000e+00  0.000000e+00  0.000000e+00  0.000000e+00  9.718139e+08  1.614311e+09  2.508713e+09  3.014503e+09  3.237909e+09
5.591228e+01  0.000000e+00  2.275330e+09  0.000000e+00  0.000000e+00  0.000000e+00  0.000000e+00  0.000000e+00  9.902551e+08  1.645379e+09  2.557651e+09  3.073580e+09  3.301469e+09
5.655971e+01  0.000000e+00  2.320104e+09  0.000000e+00  0.000000e+00  0.000000e+00  0.000000e+00  0.000000e+00  1.009000e+09  1.676993e+09  2.607460e+09  3.133705e+09  3.366154e+09
5.721464e+01  0.000000e+00  2.365653e+09  0.000000e+00  0.000000e+00  0.000000e+00  0.000000e+00  0.000000e+00  1.028048e+09  1.709124e+09  2.658105e+09  3.194851e+09  3.431942e+09
5.787716e+01  0.000000e+00  2.411989e+09  0.000000e+00  0.000000e+00  0.000000e+00  0.000000e+00  0.000000e+00  1.047401e+09  1.741770e+09  2.709587e+09  3.257022e+09  3.498839e+09
5.854734e+01  0.000000e+00  2.459119e+09  0.000000e+00  0.000000e+00  0.000000e+00  0.000000e+00  0.000000e+00  1.067068e+09  1.774969e+09  2.761955e+09  3.320265e+09  3.566891e+09
5.922529e+01  0.000000e+00  2.507054e+09  0.000000e+00  0.000000e+00  0.000000e+00  0.000000e+00  0.000000e+00  1.087052e+09  1.808749e+09  2.815249e+09  3.384619e+09  3.636134e+09
5.991109e+01  0.000000e+00  2.555804e+09  0.000000e+00  0.000000e+00  0.000000e+00  0.000000e+00  0.000000e+00  1.107350e+09  1.843040e+09  2.869382e+09  3.450012e+09  3.706504e+09
6.060482e+01  0.000000e+00  2.605378e+09  0.000000e+00  0.000000e+00  0.000000e+00  0.000000e+00  0.000000e+00  1.127971e+09  1.877914e+09  2.924447e+09  3.516527e+09  3.778082e+09
6.130659e+01  0.000000e+00  2.655786e+09  0.000000e+00  0.000000e+00  0.000000e+00  0.000000e+00  0.000000e+00  1.148914e+09  1.913320e+09  2.980382e+09  3.584115e+09  3.850822e+09
6.201649e+01  0.000000e+00  2.707036e+09  0.000000e+00  0.000000e+00  0.000000e+00  0.000000e+00  0.000000e+00  1.170184e+09  1.949287e+09  3.037228e+09  3.652814e+09  3.924763e+09
6.273461e+01  0.000000e+00  2.759139e+09  0.000000e+00  0.000000e+00  0.000000e+00  0.000000e+00  0.000000e+00  1.191787e+09  1.985855e+09  3.095035e+09  3.722674e+09  3.999951e+09
6.346104e+01  0.000000e+00  2.812104e+09  0.000000e+00  0.000000e+00  0.000000e+00  0.000000e+00  0.000000e+00  1.213720e+09  2.022965e+09  3.153734e+09  3.793634e+09  4.076335e+09
6.419589e+01  0.000000e+00  2.865940e+09  0.000000e+00  0.000000e+00  0.000000e+00  0.000000e+00  0.000000e+00  1.235995e+09  2.060706e+09  3.213439e+09  3.865801e+09  4.154012e+09
6.493924e+01  0.000000e+00  2.920656e+09  0.000000e+00  0.000000e+00  0.000000e+00  0.000000e+00  0.000000e+00  1.258609e+09  2.099025e+09  3.274084e+09  3.939120e+09  4.232934e+09
6.569120e+01  0.000000e+00  2.976261e+09  0.000000e+00  0.000000e+00  0.000000e+00  0.000000e+00  0.000000e+00  1.281563e+09  2.137912e+09  3.335661e+09  4.013585e+09  4.313101e+09
6.645187e+01  0.000000e+00  3.032765e+09  0.000000e+00  0.000000e+00  0.000000e+00  0.000000e+00  0.000000e+00  1.304868e+09  2.177441e+09  3.398263e+09  4.089285e+09  4.394591e+09
6.722134e+01  0.000000e+00  3.090175e+09  0.000000e+00  0.000000e+00  0.000000e+00  0.000000e+00  0.000000e+00  1.328521e+09  2.217571e+09  3.461844e+09  4.166178e+09  4.477372e+09
6.799973e+01  0.000000e+00  3.148501e+09  0.000000e+00  0.000000e+00  0.000000e+00  0.000000e+00  0.000000e+00  1.352526e+09  2.258308e+09  3.526411e+09  4.244278e+09  4.561456e+09
6.878713e+01  0.000000e+00  3.207751e+09  0.000000e+00  0.000000e+00  0.000000e+00  0.000000e+00  0.000000e+00  1.376886e+09  2.299661e+09  3.591978e+09  4.323597e+09  4.646858e+09
6.958365e+01  0.000000e+00  3.267933e+09  0.000000e+00  0.000000e+00  0.000000e+00  0.000000e+00  0.000000e+00  1.401603e+09  2.341629e+09  3.658547e+09  4.404143e+09  4.733585e+09
7.038939e+01  0.000000e+00  3.329055e+09  0.000000e+00  0.000000e+00  0.000000e+00  0.000000e+00  0.000000e+00  1.426681e+09  2.384216e+09  3.726125e+09  4.485922e+09  4.821647e+09
7.120446e+01  0.000000e+00  3.391127e+09  0.000000e+00  0.000000e+00  0.000000e+00  0.000000e+00  0.000000e+00  1.452126e+09  2.427482e+09  3.794791e+09  4.569009e+09  4.911110e+09
7.202897e+01  0.000000e+00  3.454154e+09  0.000000e+00  0.000000e+00  0.000000e+00  0.000000e+00  0.000000e+00  1.477937e+09  2.471383e+09  3.864489e+09  4.653357e+09  5.001937e+09
7.286302e+01  0.000000e+00  3.518145e+09  0.000000e+00  0.000000e+00  0.000000e+00  0.000000e+00  0.000000e+00  1.504114e+09  2.515901e+09  3.935200e+09  4.738951e+09  5.094114e+09
7.370674e+01  0.000000e+00  3.583108e+09  0.000000e+00  0.000000e+00  0.000000e+00  0.000000e+00  0.000000e+00  1.530664e+09  2.561077e+09  4.006977e+09  4.825841e+09  5.187690e+09
7.456022e+01  0.000000e+00  3.649049e+09  0.000000e+00  0.000000e+00  0.000000e+00  0.000000e+00  0.000000e+00  1.557590e+09  2.606936e+09  4.079855e+09  4.914061e+09  5.282694e+09
7.542359e+01  0.000000e+00  3.715974e+09  0.000000e+00  0.000000e+00  0.000000e+00  0.000000e+00  0.000000e+00  1.584887e+09  2.653401e+09  4.153735e+09  5.003527e+09  5.379054e+09
7.629695e+01  0.000000e+00  3.783892e+09  0.000000e+00  0.000000e+00  0.000000e+00  0.000000e+00  0.000000e+00  1.612566e+09  2.700566e+09  4.228743e+09  5.094350e+09  5.476873e+09
7.718043e+01  0.000000e+00  3.852807e+09  0.000000e+00  0.000000e+00  0.000000e+00  0.000000e+00  0.000000e+00  1.640621e+09  2.748354e+09  4.304778e+09  5.186445e+09  5.576073e+09
7.807414e+01  0.000000e+00  3.922727e+09  0.000000e+00  0.000000e+00  0.000000e+00  0.000000e+00  0.000000e+00  1.669062e+09  2.796849e+09  4.381950e+09  5.279912e+09  5.676747e+09
7.897819e+01  0.000000e+00  3.993655e+09  0.000000e+00  0.000000e+00  0.000000e+00  0.000000e+00  0.000000e+00  1.697885e+09  2.845983e+09  4.460175e+09  5.374677e+09  5.778830e+09
7.989272e+01  0.000000e+00  4.065599e+09  0.000000e+00  0.000000e+00  0.000000e+00  0.000000e+00  0.000000e+00  1.727099e+09  2.895849e+09  4.539573e+09  5.470849e+09  5.882420e+09
8.081783e+01  0.000000e+00  4.138562e+09  0.000000e+00  0.000000e+00  0.000000e+00  0.000000e+00  0.000000e+00  1.756697e+09  2.946356e+09  4.620026e+09  5.568326e+09  5.987428e+09
8.175366e+01  0.000000e+00  4.212550e+09  0.000000e+00  0.000000e+00  0.000000e+00  0.000000e+00  0.000000e+00  1.786681e+09  2.997510e+09  4.701547e+09  5.667120e+09  6.093865e+09
8.270032e+01  0.000000e+00  4.287566e+09  0.000000e+00  0.000000e+00  0.000000e+00  0.000000e+00  0.000000e+00  1.817064e+09  3.049425e+09  4.784280e+09  5.767361e+09  6.201849e+09
8.365795e+01  0.000000e+00  4.363614e+09  0.000000e+00  0.000000e+00  0.000000e+00  0.000000e+00  0.000000e+00  1.847836e+09  3.101989e+09  4.868084e+09  5.868925e+09  6.311269e+09
8.462666e+01  0.000000e+00  4.440698e+09  0.000000e+00  0.000000e+00  0.000000e+00  0.000000e+00  0.000000e+00  1.878999e+09  3.155225e+09  4.952988e+09  5.971838e+09  6.422151e+09
8.560659e+01  0.000000e+00  4.518820e+09  0.000000e+00  0.000000e+00  0.000000e+00  0.000000e+00  0.000000e+00  1.910561e+09  3.209196e+09  5.039074e+09  6.076176e+09  6.534562e+09
8.659787e+01  0.000000e+00  4.597983e+09  0.000000e+00  0.000000e+00  0.000000e+00  0.000000e+00  0.000000e+00  1.942516e+09  3.263830e+09  5.126250e+09  6.181855e+09  6.648428e+09
8.760062e+01  0.000000e+00  4.678189e+09  0.000000e+00  0.000000e+00  0.000000e+00  0.000000e+00  0.000000e+00  1.974868e+09  3.319164e+09  5.214564e+09  6.288922e+09  6.763792e+09
8.861499e+01  0.000000e+00  4.759439e+09  0.000000e+00  0.000000e+00  0.000000e+00  0.000000e+00  0.000000e+00  2.007614e+09  3.375166e+09  5.303977e+09  6.397341e+09  6.880620e+09
8.964110e+01  0.000000e+00  4.841733e+09  0.000000e+00  0.000000e+00  0.000000e+00  0.000000e+00  0.000000e+00  2.040759e+09  3.431879e+09  5.394541e+09  6.507158e+09  6.998955e+09
9.067910e+01  0.000000e+00  4.925073e+09  0.000000e+00  0.000000e+00  0.000000e+00  0.000000e+00  0.000000e+00  2.074306e+09  3.489326e+09  5.486286e+09  6.618400e+09  7.118822e+09
9.172911e+01  0.000000e+00  5.009458e+09  0.000000e+00  0.000000e+00  0.000000e+00  0.000000e+00  0.000000e+00  2.108247e+09  3.547436e+09  5.579123e+09  6.730989e+09  7.240149e+09
9.279129e+01  0.000000e+00  5.094887e+09  0.000000e+00  0.000000e+00  0.000000e+00  0.000000e+00  0.000000e+00  2.142588e+09  3.606250e+09  5.673102e+09  6.844967e+09  7.362976e+09
9.386576e+01  0.000000e+00  5.181358e+09  0.000000e+00  0.000000e+00  0.000000e+00  0.000000e+00  0.000000e+00  2.177323e+09  3.665733e+09  5.768180e+09  6.960296e+09  7.487266e+09
9.495267e+01  0.000000e+00  5.268869e+09  0.000000e+00  0.000000e+00  0.000000e+00  0.000000e+00  0.000000e+00  2.212460e+09  3.725948e+09  5.864434e+09  7.077044e+09  7.613081e+09
9.605217e+01  0.000000e+00  5.357418e+09  0.000000e+00  0.000000e+00  0.000000e+00  0.000000e+00  0.000000e+00  2.247990e+09  3.786826e+09  5.961775e+09  7.195131e+09  7.740347e+09
9.716440e+01  0.000000e+00  5.447000e+09  0.000000e+00  0.000000e+00  0.000000e+00  0.000000e+00  0.000000e+00  2.283919e+09  3.848413e+09  6.060263e+09  7.314608e+09  7.869110e+09
9.828952e+01  0.000000e+00  5.537611e+09  0.000000e+00  0.000000e+00  0.000000e+00  0.000000e+00  0.000000e+00  2.320246e+09  3.910721e+09  6.159909e+09  7.435483e+09  7.999376e+09
9.942765e+01  0.000000e+00  5.629247e+09  0.000000e+00  0.000000e+00  0.000000e+00  0.000000e+00  0.000000e+00  2.356963e+09  3.973677e+09  6.260620e+09  7.557672e+09  8.131069e+09
1.005790e+02  0.000000e+00  5.721901e+09  0.000000e+00  0.000000e+00  0.000000e+00  0.000000e+00  0.000000e+00  2.394073e+09  4.037319e+09  6.362442e+09  7.681213e+09  8.264221e+09
1.017436e+02  0.000000e+00  5.815567e+09  0.000000e+00  0.000000e+00  0.000000e+00  0.000000e+00  0.000000e+00  2.431573e+09  4.101639e+09  6.465361e+09  7.806093e+09  8.398818e+09
1.029218e+02  0.000000e+00  5.910237e+09  0.000000e+00  0.000000e+00  0.000000e+00  0.000000e+00  0.000000e+00  2.469466e+09  4.166656e+09  6.569403e+09  7.932330e+09  8.534874e+09
1.041135e+02  0.000000e+00  6.005902e+09  0.000000e+00  0.000000e+00  0.000000e+00  0.000000e+00  0.000000e+00  2.507744e+09  4.232337e+09  6.674518e+09  8.059877e+09  8.672347e+09
1.053191e+02  0.000000e+00  6.102554e+09  0.000000e+00  0.000000e+00  0.000000e+00  0.000000e+00  0.000000e+00  2.546406e+09  4.298667e+09  6.780688e+09  8.188715e+09  8.811214e+09
1.065387e+02  0.000000e+00  6.200181e+09  0.000000e+00  0.000000e+00  0.000000e+00  0.000000e+00  0.000000e+00  2.585449e+09  4.365647e+09  6.887909e+09  8.318837e+09  8.951470e+09
1.077723e+02  0.000000e+00  6.298774e+09  0.000000e+00  0.000000e+00  0.000000e+00  0.000000e+00  0.000000e+00  2.624877e+09  4.433330e+09  6.996246e+09  8.450293e+09  9.093155e+09
1.090203e+02  0.000000e+00  6.398319e+09  0.000000e+00  0.000000e+00  0.000000e+00  0.000000e+00  0.000000e+00  2.664681e+09  4.501658e+09  7.105620e+09  8.583013e+09  9.236202e+09
1.102827e+02  0.000000e+00  6.498804e+09  0.000000e+00  0.000000e+00  0.000000e+00  0.000000e+00  0.000000e+00  2.704855e+09  4.570600e+09  7.215988e+09  8.716951e+09  9.380569e+09
1.115597e+02  0.000000e+00  6.600214e+09  0.000000e+00  0.000000e+00  0.000000e+00  0.000000e+00  0.000000e+00  2.745400e+09  4.640182e+09  7.327378e+09  8.852127e+09  9.526270e+09
1.128515e+02  0.000000e+00  6.702534e+09  0.000000e+00  0.000000e+00  0.000000e+00  0.000000e+00  0.000000e+00  2.786311e+09  4.710386e+09  7.439763e+09  8.988513e+09  9.673274e+09
1.141582e+02  0.000000e+00  6.805747e+09  0.000000e+00  0.000000e+00  0.000000e+00  0.000000e+00  0.000000e+00  2.827586e+09  4.781233e+09  7.553165e+09  9.126118e+09  9.821587e+09
1.154801e+02  0.000000e+00  6.909836e+09  0.000000e+00  0.000000e+00  0.000000e+00  0.000000e+00  0.000000e+00  2.869219e+09  4.852688e+09  7.667533e+09  9.264893e+09  9.971161e+09
1.168173e+02  0.000000e+00  7.014783e+09  0.000000e+00  0.000000e+00  0.000000e+00  0.000000e+00  0.000000e+00  2.911201e+09  4.924704e+09  7.782801e+09  9.404773e+09  1.012193e+10
1.181700e+02  0.000000e+00  7.120566e+09  0.000000e+00  0.000000e+00  0.000000e+00  0.000000e+00  0.000000e+00  2.953536e+09  4.997350e+09  7.899050e+09  9.545821e+09  1.027395e+10
1.195383e+02  0.000000e+00  7.227166e+09  0.000000e+00  0.000000e+00  0.000000e+00  0.000000e+00  0.000000e+00  2.996211e+09  5.070551e+09  8.016180e+09  9.687941e+09  1.042712e+10
1.209225e+02  0.000000e+00  7.334559e+09  0.000000e+00  0.000000e+00  0.000000e+00  0.000000e+00  0.000000e+00  3.039224e+09  5.144322e+09  8.134200e+09  9.831132e+09  1.058145e+10
1.223227e+02  0.000000e+00  7.442723e+09  0.000000e+00  0.000000e+00  0.000000e+00  0.000000e+00  0.000000e+00  3.082570e+09  5.218653e+09  8.253091e+09  9.975368e+09  1.073690e+10
1.237392e+02  0.000000e+00  7.551631e+09  0.000000e+00  0.000000e+00  0.000000e+00  0.000000e+00  0.000000e+00  3.126241e+09  5.293523e+09  8.372821e+09  1.012061e+10  1.089343e+10
1.251720e+02  0.000000e+00  7.661259e+09  0.000000e+00  0.000000e+00  0.000000e+00  0.000000e+00  0.000000e+00  3.170231e+09  5.368923e+09  8.493366e+09  1.026683e+10  1.105100e+10
1.266214e+02  0.000000e+00  7.771577e+09  0.000000e+00  0.000000e+00  0.000000e+00  0.000000e+00  0.000000e+00  3.214534e+09  5.444841e+09  8.614705e+09  1.041399e+10  1.120959e+10
1.280876e+02  0.000000e+00  7.882557e+09  0.000000e+00  0.000000e+00  0.000000e+00  0.000000e+00  0.000000e+00  3.259141e+09  5.521239e+09  8.736777e+09  1.056204e+10  1.136913e+10
1.295708e+02  0.000000e+00  7.994168e+09  0.000000e+00  0.000000e+00  0.000000e+00  0.000000e+00  0.000000e+00  3.304046e+09  5.598131e+09  8.859592e+09  1.071097e+10  1.152960e+10
1.310712e+02  0.000000e+00  8.106379e+09  0.000000e+00  0.000000e+00  0.000000e+00  0.000000e+00  0.000000e+00  3.349241e+09  5.675477e+09  8.983090e+09  1.086071e+10  1.169095e+10
1.325889e+02  0.000000e+00  8.219156e+09  0.000000e+00  0.000000e+00  0.000000e+00  0.000000e+00  0.000000e+00  3.394719e+09  5.753277e+09  9.107259e+09  1.101124e+10  1.185314e+10
1.341242e+02  0.000000e+00  8.332464e+09  0.000000e+00  0.000000e+00  0.000000e+00  0.000000e+00  0.000000e+00  3.440469e+09  5.831499e+09  9.232047e+09  1.116250e+10  1.201611e+10
1.356773e+02  0.000000e+00  8.446266e+09  0.000000e+00  0.000000e+00  0.000000e+00  0.000000e+00  0.000000e+00  3.486486e+09  5.910154e+09  9.357456e+09  1.131447e+10  1.217983e+10
1.372484e+02  0.000000e+00  8.560524e+09  0.000000e+00  0.000000e+00  0.000000e+00  0.000000e+00  0.000000e+00  3.532757e+09  5.989176e+09  9.483390e+09  1.146707e+10  1.234422e+10
1.388376e+02  0.000000e+00  8.675199e+09  0.000000e+00  0.000000e+00  0.000000e+00  0.000000e+00  0.000000e+00  3.579275e+09  6.068586e+09  9.609863e+09  1.162028e+10  1.250926e+10
1.404453e+02  0.000000e+00  8.790250e+09  0.000000e+00  0.000000e+00  0.000000e+00  0.000000e+00  0.000000e+00  3.626029e+09  6.148332e+09  9.736796e+09  1.177403e+10  1.267486e+10
1.420716e+02  0.000000e+00  8.905633e+09  0.000000e+00  0.000000e+00  0.000000e+00  0.000000e+00  0.000000e+00  3.673008e+09  6.228402e+09  9.864159e+09  1.192826e+10  1.284097e+10
1.437167e+02  0.000000e+00  9.021304e+09  0.000000e+00  0.000000e+00  0.000000e+00  0.000000e+00  0.000000e+00  3.720203e+09  6.308777e+09  9.991914e+09  1.208292e+10  1.300753e+10
1.453808e+02  0.000000e+00  9.137217e+09  0.000000e+00  0.000000e+00  0.000000e+00  0.000000e+00  0.000000e+00  3.767604e+09  6.389445e+09  1.012003e+10  1.223798e+10  1.317451e+10
1.470643e+02  0.000000e+00  9.253324e+09  0.000000e+00  0.000000e+00  0.000000e+00  0.000000e+00  0.000000e+00  3.815196e+09  6.470351e+09  1.024842e+10  1.239334e+10  1.334178e+10
1.487672e+02  0.000000e+00  9.369575e+09  0.000000e+00  0.000000e+00  0.000000e+00  0.000000e+00  0.000000e+00  3.862971e+09  6.551496e+09  1.037708e+10  1.254896e+10  1.350933e+10
1.504898e+02  0.000000e+00  9.485919e+09  0.000000e+00  0.000000e+00  0.000000e+00  0.000000e+00  0.000000e+00  3.910916e+09  6.632848e+09  1.050593e+10  1.270478e+10  1.367706e+10
1.522324e+02  0.000000e+00  9.602303e+09  0.000000e+00  0.000000e+00  0.000000e+00  0.000000e+00  0.000000e+00  3.959018e+09  6.714367e+09  1.063493e+10  1.286071e+10  1.384490e+10
1.539952e+02  0.000000e+00  9.718673e+09  0.000000e+00  0.000000e+00  0.000000e+00  0.000000e+00  0.000000e+00  4.007265e+09  6.796045e+09  1.076403e+10  1.301671e+10  1.401279e+10
1.557784e+02  0.000000e+00  9.834971e+09  0.000000e+00  0.000000e+00  0.000000e+00  0.000000e+00  0.000000e+00  4.055642e+09  6.877828e+09  1.089315e+10  1.317269e+10  1.418063e+10
1.575822e+02  0.000000e+00  9.951139e+09  0.000000e+00  0.000000e+00  0.000000e+00  0.000000e+00  0.000000e+00  4.104138e+09  6.959717e+09  1.102227e+10  1.332859e+10  1.434837e+10
1.594069e+02  0.000000e+00  1.006712e+10  0.000000e+00  0.000000e+00  0.000000e+00  0.000000e+00  0.000000e+00  4.152738e+09  7.041664e+09  1.115132e+10  1.348433e+10  1.451590e+10
1.612528e+02  0.000000e+00  1.018285e+10  0.000000e+00  0.000000e+00  0.000000e+00  0.000000e+00  0.000000e+00  4.201427e+09  7.123637e+09  1.128022e+10  1.363983e+10  1.468315e+10
1.631200e+02  0.000000e+00  1.029826e+10  0.000000e+00  0.000000e+00  0.000000e+00  0.000000e+00  0.000000e+00  4.250192e+09  7.205609e+09  1.140894e+10  1.379502e+10  1.485003e+10
1.650088e+02  0.000000e+00  1.041329e+10  0.000000e+00  0.000000e+00  0.000000e+00  0.000000e+00  0.000000e+00  4.299017e+09  7.287533e+09  1.153737e+10  1.394979e+10  1.501644e+10
1.669195e+02  0.000000e+00  1.052787e+10  0.000000e+00  0.000000e+00  0.000000e+00  0.000000e+00  0.000000e+00  4.347886e+09  7.369394e+09  1.166549e+10  1.410410e+10  1.518231e+10
1.688524e+02  0.000000e+00  1.064194e+10  0.000000e+00  0.000000e+00  0.000000e+00  0.000000e+00  0.000000e+00  4.396785e+09  7.451144e+09  1.179321e+10  1.425783e+10  1.534752e+10
1.708076e+02  0.000000e+00  1.075542e+10  0.000000e+00  0.000000e+00  0.000000e+00  0.000000e+00  0.000000e+00  4.445697e+09  7.532760e+09  1.192048e+10  1.441091e+10  1.551201e+10
1.727855e+02  0.000000e+00  1.086825e+10  0.000000e+00  0.000000e+00  0.000000e+00  0.000000e+00  0.000000e+00  4.494605e+09  7.614195e+09  1.204721e+10  1.456324e+10  1.567564e+10
1.747862e+02  0.000000e+00  1.098033e+10  0.000000e+00  0.000000e+00  0.000000e+00  0.000000e+00  0.000000e+00  4.543494e+09  7.695418e+09  1.217334e+10  1.471475e+10  1.583834e+10
1.768102e+02  0.000000e+00  1.109161e+10  0.000000e+00  0.000000e+00  0.000000e+00  0.000000e+00  0.000000e+00  4.592345e+09  7.776384e+09  1.229879e+10  1.486531e+10  1.599999e+10
1.788575e+02  0.000000e+00  1.120201e+10  0.000000e+00  0.000000e+00  0.000000e+00  0.000000e+00  0.000000e+00  4.641142e+09  7.857063e+09  1.242349e+10  1.501486e+10  1.616050e+10
1.809286e+02  0.000000e+00  1.131144e+10  0.000000e+00  0.000000e+00  0.000000e+00  0.000000e+00  0.000000e+00  4.689866e+09  7.937403e+09  1.254735e+10  1.516327e+10  1.631974e+10
1.830236e+02  0.000000e+00  1.141982e+10  0.000000e+00  0.000000e+00  0.000000e+00  0.000000e+00  0.000000e+00  4.738500e+09  8.017375e+09  1.267031e+10  1.531046e+10  1.647762e+10
1.851430e+02  0.000000e+00  1.152707e+10  0.000000e+00  0.000000e+00  0.000000e+00  0.000000e+00  0.000000e+00  4.787025e+09  8.096932e+09  1.279228e+10  1.545632e+10  1.663401e+10
1.872868e+02  0.000000e+00  1.163312e+10  0.000000e+00  0.000000e+00  0.000000e+00  0.000000e+00  0.000000e+00  4.835423e+09  8.176043e+09  1.291320e+10  1.560076e+10  1.678882e+10
1.894555e+02  0.000000e+00  1.173786e+10  0.000000e+00  0.000000e+00  0.000000e+00  0.000000e+00  0.000000e+00  4.883673e+09  8.254647e+09  1.303295e+10  1.574365e+10  1.694192e+10
1.916493e+02  0.000000e+00  1.184123e+10  0.000000e+00  0.000000e+00  0.000000e+00  0.000000e+00  0.000000e+00  4.931757e+09  8.332714e+09  1.315147e+10  1.588491e+10  1.709319e+10
1.938685e+02  0.000000e+00  1.194312e+10  0.000000e+00  0.000000e+00  0.000000e+00  0.000000e+00  0.000000e+00  4.979656e+09  8.410195e+09  1.326868e+10  1.602441e+10  1.724251e+10
1.961134e+02  0.000000e+00  1.204345e+10  0.000000e+00  0.000000e+00  0.000000e+00  0.000000e+00  0.000000e+00  5.027349e+09  8.487049e+09  1.338448e+10  1.616205e+10  1.738976e+10
1.983843e+02  0.000000e+00  1.214213e+10  0.000000e+00  0.000000e+00  0.000000e+00  0.000000e+00  0.000000e+00  5.074817e+09  8.563231e+09  1.349879e+10  1.629771e+10  1.753482e+10
2.006814e+02  0.000000e+00  1.223907e+10  0.000000e+00  0.000000e+00  0.000000e+00  0.000000e+00  0.000000e+00  5.122039e+09  8.638687e+09  1.361152e+10  1.643128e+10  1.767757e+10
2.030052e+02  0.000000e+00  1.233417e+10  0.000000e+00  0.000000e+00  0.000000e+00  0.000000e+00  0.000000e+00  5.168993e+09  8.713378e+09  1.372257e+10  1.656265e+10  1.781787e+10
2.053559e+02  0.000000e+00  1.242734e+10  0.000000e+00  0.000000e+00  0.000000e+00  0.000000e+00  0.000000e+00  5.215660e+09  8.787259e+09  1.383187e+10  1.669170e+10  1.795560e+10
2.077338e+02  0.000000e+00  1.251849e+10  0.000000e+00  0.000000e+00  0.000000e+00  0.000000e+00  0.000000e+00  5.262017e+09  8.860275e+09  1.393931e+10  1.681831e+10  1.809063e+10
2.101393e+02  0.000000e+00  1.260752e+10  0.000000e+00  0.000000e+00  0.000000e+00  0.000000e+00  0.000000e+00  5.308045e+09  8.932388e+09  1.404481e+10  1.694236e+10  1.822284e+10
2.125726e+02  0.000000e+00  1.269433e+10  0.000000e+00  0.000000e+00  0.000000e+00  0.000000e+00  0.000000e+00  5.353721e+09  9.003540e+09  1.414827e+10  1.706374e+10  1.835208e+10
2.150340e+02  0.000000e+00  1.277883e+10  0.000000e+00  0.000000e+00  0.000000e+00  0.000000e+00  0.000000e+00  5.399023e+09  9.073686e+09  1.424959e+10  1.718232e+10  1.847822e+10
2.175240e+02  0.000000e+00  1.286092e+10  0.000000e+00  0.000000e+00  0.000000e+00  0.000000e+00  0.000000e+00  5.443930e+09  9.142783e+09  1.434869e+10  1.729798e+10  1.860115e+10
2.200428e+02  0.000000e+00  1.294050e+10  0.000000e+00  0.000000e+00  0.000000e+00  0.000000e+00  0.000000e+00  5.488420e+09  9.210773e+09  1.444547e+10  1.741060e+10  1.872071e+10
2.225908e+02  0.000000e+00  1.301747e+10  0.000000e+00  0.000000e+00  0.000000e+00  0.000000e+00  0.000000e+00  5.532470e+09  9.277612e+09  1.453983e+10  1.752007e+10  1.883678e+10
2.251683e+02  0.000000e+00  1.309173e+10  0.000000e+00  0.000000e+00  0.000000e+00  0.000000e+00  0.000000e+00  5.576058e+09  9.343253e+09  1.463168e+10  1.762625e+10  1.894923e+10
2.277756e+02  0.000000e+00  1.316320e+10  0.000000e+00  0.000000e+00  0.000000e+00  0.000000e+00  0.000000e+00  5.619162e+09  9.407637e+09  1.472092e+10  1.772902e+10  1.905790e+10
2.304131e+02  0.000000e+00  1.323175e+10  0.000000e+00  0.000000e+00  0.000000e+00  0.000000e+00  0.000000e+00  5.661760e+09  9.470720e+09  1.480745e+10  1.782826e+10  1.916268e+10
2.330812e+02  0.000000e+00  1.329731e+10  0.000000e+00  0.000000e+00  0.000000e+00  0.000000e+00  0.000000e+00  5.703828e+09  9.532451e+09  1.489118e+10  1.792386e+10  1.926344e+10
2.357801e+02  0.000000e+00  1.335976e+10  0.000000e+00  0.000000e+00  0.000000e+00  0.000000e+00  0.000000e+00  5.745345e+09  9.592791e+09  1.497203e+10  1.801568e+10  1.936003e+10
2.385103e+02  0.000000e+00  1.341902e+10  0.000000e+00  0.000000e+00  0.000000e+00  0.000000e+00  0.000000e+00  5.786288e+09  9.651671e+09  1.504988e+10  1.810361e+10  1.945232e+10
2.412722e+02  0.000000e+00  1.347498e+10  0.000000e+00  0.000000e+00  0.000000e+00  0.000000e+00  0.000000e+00  5.826634e+09  9.709057e+09  1.512465e+10  1.818752e+10  1.954018e+10
2.440660e+02  0.000000e+00  1.352756e+10  0.000000e+00  0.000000e+00  0.000000e+00  0.000000e+00  0.000000e+00  5.866361e+09  9.764893e+09  1.519624e+10  1.826730e+10  1.962348e+10
2.468921e+02  0.000000e+00  1.357664e+10  0.000000e+00  0.000000e+00  0.000000e+00  0.000000e+00  0.000000e+00  5.905445e+09  9.819127e+09  1.526456e+10  1.834282e+10  1.970209e+10
2.497510e+02  0.000000e+00  1.362215e+10  0.000000e+00  0.000000e+00  0.000000e+00  0.000000e+00  0.000000e+00  5.943866e+09  9.871722e+09  1.532952e+10  1.841398e+10  1.977588e+10
2.526430e+02  0.000000e+00  1.366398e+10  0.000000e+00  0.000000e+00  0.000000e+00  0.000000e+00  0.000000e+00  5.981601e+09  9.922621e+09  1.539102e+10  1.848065e+10  1.984473e+10
2.555684e+02  0.000000e+00  1.370205e+10  0.000000e+00  0.000000e+00  0.000000e+00  0.000000e+00  0.000000e+00  6.018627e+09  9.971777e+09  1.544898e+10  1.854272e+10  1.990850e+10
2.585278e+02  0.000000e+00  1.373626e+10  0.000000e+00  0.000000e+00  0.000000e+00  0.000000e+00  0.000000e+00  6.054922e+09  1.001914e+10  1.550331e+10  1.860008e+10  1.996707e+10
2.615214e+02  0.000000e+00  1.376653e+10  0.000000e+00  0.000000e+00  0.000000e+00  0.000000e+00  0.000000e+00  6.090464e+09  1.006468e+10  1.555392e+10  1.865261e+10  2.002034e+10
2.645497e+02  0.000000e+00  1.379277e+10  0.000000e+00  0.000000e+00  0.000000e+00  0.000000e+00  0.000000e+00  6.125232e+09  1.010833e+10  1.560074e+10  1.870022e+10  2.006817e+10
2.676130e+02  0.000000e+00  1.381491e+10  0.000000e+00  0.000000e+00  0.000000e+00  0.000000e+00  0.000000e+00  6.159204e+09  1.015006e+10  1.564366e+10  1.874279e+10  2.011046e+10
2.707118e+02  0.000000e+00  1.383285e+10  0.000000e+00  0.000000e+00  0.000000e+00  0.000000e+00  0.000000e+00  6.192359e+09  1.018982e+10  1.568262e+10  1.878022e+10  2.014708e+10
2.738465e+02  0.000000e+00  1.384652e+10  0.000000e+00  0.000000e+00  0.000000e+00  0.000000e+00  0.000000e+00  6.224675e+09  1.022757e+10  1.571754e+10  1.881242e+10  2.017794e+10
2.770175e+02  0.000000e+00  1.385584e+10  0.000000e+00  0.000000e+00  0.000000e+00  0.000000e+00  0.000000e+00  6.256133e+09  1.026326e+10  1.574833e+10  1.883929e+10  2.020293e+10
2.802252e+02  0.000000e+00  1.386075e+10  0.000000e+00  0.000000e+00  0.000000e+00  0.000000e+00  0.000000e+00  6.286711e+09  1.029686e+10  1.577493e+10  1.886073e+10  2.022194e+10
2.834701e+02  0.000000e+00  1.386116e+10  0.000000e+00  0.000000e+00  0.000000e+00  0.000000e+00  0.000000e+00  6.316389e+09  1.032833e+10  1.579727e+10  1.887666e+10  2.023489e+10
2.867525e+02  0.000000e+00  1.385703e+10  0.000000e+00  0.000000e+00  0.000000e+00  0.000000e+00  0.000000e+00  6.345148e+09  1.035762e+10  1.581527e+10  1.888700e+10  2.024168e+10
2.900729e+02  0.000000e+00  1.384827e+10  0.000000e+00  0.000000e+00  0.000000e+00  0.000000e+00  0.000000e+00  6.372969e+09  1.038470e+10  1.582888e+10  1.889166e+10  2.024222e+10
2.934318e+02  0.000000e+00  1.383485e+10  0.000000e+00  0.000000e+00  0.000000e+00  0.000000e+00  0.000000e+00  6.399832e+09  1.040954e+10  1.583803e+10  1.889057e+10  2.023644e+10
2.968296e+02  0.000000e+00  1.381669e+10  0.000000e+00  0.000000e+00  0.000000e+00  0.000000e+00  0.000000e+00  6.425718e+09  1.043210e+10  1.584267e+10  1.888365e+10  2.022425e+10
3.002667e+02  0.000000e+00  1.379376e+10  0.000000e+00  0.000000e+00  0.000000e+00  0.000000e+00  0.000000e+00  6.450610e+09  1.045235e+10  1.584275e+10  1.887085e+10  2.020559e+10
3.037436e+02  0.000000e+00  1.376600e+10  0.000000e+00  0.000000e+00  0.000000e+00  0.000000e+00  0.000000e+00  6.474491e+09  1.047026e+10  1.583820e+10  1.885211e+10  2.018038e+10
3.072608e+02  0.000000e+00  1.373338e+10  0.000000e+00  0.000000e+00  0.000000e+00  0.000000e+00  0.000000e+00  6.497343e+09  1.048581e+10  1.582900e+10  1.882736e+10  2.014858e+10
3.108187e+02  0.000000e+00  1.369586e+10  0.000000e+00  0.000000e+00  0.000000e+00  0.000000e+00  0.000000e+00  6.519148e+09  1.049895e+10  1.581509e+10  1.879656e+10  2.011013e+10
3.144179e+02  0.000000e+00  1.365341e+10  0.000000e+00  0.000000e+00  0.000000e+00  0.000000e+00  0.000000e+00  6.539893e+09  1.050967e+10  1.579645e+10  1.875967e+10  2.006498e+10
3.180586e+02  0.000000e+00  1.360600e+10  0.000000e+00  0.000000e+00  0.000000e+00  0.000000e+00  0.000000e+00  6.559561e+09  1.051795e+10  1.577303e+10  1.871665e+10  2.001310e+10
3.217416e+02  0.000000e+00  1.355361e+10  0.000000e+00  0.000000e+00  0.000000e+00  0.000000e+00  0.000000e+00  6.578137e+09  1.052376e+10  1.574482e+10  1.866747e+10  1.995445e+10
3.254672e+02  0.000000e+00  1.349624e+10  0.000000e+00  0.000000e+00  0.000000e+00  0.000000e+00  0.000000e+00  6.595608e+09  1.052708e+10  1.571178e+10  1.861210e+10  1.988900e+10
3.292359e+02  0.000000e+00  1.343387e+10  0.000000e+00  0.000000e+00  0.000000e+00  0.000000e+00  0.000000e+00  6.611959e+09  1.052790e+10  1.567391e+10  1.855053e+10  1.981675e+10
3.330483e+02  0.000000e+00  1.336650e+10  0.000000e+00  0.000000e+00  0.000000e+00  0.000000e+00  0.000000e+00  6.627178e+09  1.052621e+10  1.563118e+10  1.848275e+10  1.973768e+10
3.369048e+02  0.000000e+00  1.329412e+10  0.000000e+00  0.000000e+00  0.000000e+00  0.000000e+00  0.000000e+00  6.641253e+09  1.052199e+10  1.558361e+10  1.840876e+10  1.965180e+10
3.408060e+02  0.000000e+00  1.321677e+10  0.000000e+00  0.000000e+00  0.000000e+00  0.000000e+00  0.000000e+00  6.654173e+09  1.051524e+10  1.553117e+10  1.832856e+10  1.955910e+10
3.447523e+02  0.000000e+00  1.313444e+10  0.000000e+00  0.000000e+00  0.000000e+00  0.000000e+00  0.000000e+00  6.665926e+09  1.050594e+10  1.547389e+10  1.824216e+10  1.945961e+10
3.487444e+02  0.000000e+00  1.304716e+10  0.000000e+00  0.000000e+00  0.000000e+00  0.000000e+00  0.000000e+00  6.676504e+09  1.049409e+10  1.541176e+10  1.814959e+10  1.935335e+10
3.527826e+02  0.000000e+00  1.295496e+10  0.000000e+00  0.000000e+00  0.000000e+00  0.000000e+00  0.000000e+00  6.685896e+09  1.047969e+10  1.534481e+10  1.805087e+10  1.924036e+10
3.568677e+02  0.000000e+00  1.285788e+10  0.000000e+00  0.000000e+00  0.000000e+00  0.000000e+00  0.000000e+00  6.694094e+09  1.046273e+10  1.527306e+10  1.794604e+10  1.912066e+10
3.610000e+02  0.000000e+00  1.275596e+10  0.000000e+00  0.000000e+00  0.000000e+00  0.000000e+00  0.000000e+00  6.701092e+09  1.044323e+10  1.519653e+10  1.783513e+10  1.899432e+10
3.651802e+02  0.000000e+00  1.264925e+10  0.000000e+00  0.000000e+00  0.000000e+00  0.000000e+00  0.000000e+00  6.706882e+09  1.042119e+10  1.511526e+10  1.771822e+10  1.886140e+10
3.694088e+02  0.000000e+00  1.253781e+10  0.000000e+00  0.000000e+00  0.000000e+00  0.000000e+00  0.000000e+00  6.711458e+09  1.039662e+10  1.502930e+10  1.759534e+10  1.872196e+10
3.736863e+02  0.000000e+00  1.242169e+10  0.000000e+00  0.000000e+00  0.000000e+00  0.000000e+00  0.000000e+00  6.714815e+09  1.036952e+10  1.493868e+10  1.746658e+10  1.857609e+10
3.780134e+02  0.000000e+00  1.230098e+10  0.000000e+00  0.000000e+00  0.000000e+00  0.000000e+00  0.000000e+00  6.716950e+09  1.033992e+10  1.484347e+10  1.733200e+10  1.842386e+10
3.823906e+02  0.000000e+00  1.217575e+10  0.000000e+00  0.000000e+00  0.000000e+00  0.000000e+00  0.000000e+00  6.717859e+09  1.030782e+10  1.474371e+10  1.719170e+10  1.826538e+10
3.868185e+02  0.000000e+00  1.204609e+10  0.000000e+00  0.000000e+00  0.000000e+00  0.000000e+00  0.000000e+00  6.717540e+09  1.027326e+10  1.463949e+10  1.704577e+10  1.810075e+10
3.912976e+02  0.000000e+00  1.191208e+10  0.000000e+00  0.000000e+00  0.000000e+00  0.000000e+00  0.000000e+00  6.715991e+09  1.023624e+10  1.453086e+10  1.689430e+10  1.793009e+10
3.958286e+02  0.000000e+00  1.177382e+10  0.000000e+00  0.000000e+00  0.000000e+00  0.000000e+00  0.000000e+00  6.713212e+09  1.019681e+10  1.441790e+10  1.673741e+10  1.775352e+10
4.004121e+02  0.000000e+00  1.163143e+10  0.000000e+00  0.000000e+00  0.000000e+00  0.000000e+00  0.000000e+00  6.709203e+09  1.015497e+10  1.430071e+10  1.657522e+10  1.757117e+10
4.050487e+02  0.000000e+00  1.148501e+10  0.000000e+00  0.000000e+00  0.000000e+00  0.000000e+00  0.000000e+00  6.703965e+09  1.011077e+10  1.417937e+10  1.640786e+10  1.738319e+10
4.097389e+02  0.000000e+00  1.133468e+10  0.000000e+00  0.000000e+00  0.000000e+00  0.000000e+00  0.000000e+00  6.697501e+09  1.006424e+10  1.405398e+10  1.623545e+10  1.718973e+10
4.144835e+02  0.000000e+00  1.118057e+10  0.000000e+00  0.000000e+00  0.000000e+00  0.000000e+00  0.000000e+00  6.689813e+09  1.001542e+10  1.392463e+10  1.605814e+10  1.699094e+10
4.192829e+02  0.000000e+00  1.102282e+10  0.000000e+00  0.000000e+00  0.000000e+00  0.000000e+00  0.000000e+00  6.680907e+09  9.964334e+09  1.379145e+10  1.587607e+10  1.678700e+10
4.241380e+02  0.000000e+00  1.086155e+10  0.000000e+00  0.000000e+00  0.000000e+00  0.000000e+00  0.000000e+00  6.670786e+09  9.911035e+09  1.365453e+10  1.568942e+10  1.657808e+10
4.290493e+02  0.000000e+00  1.069692e+10  0.000000e+00  0.000000e+00  0.000000e+00  0.000000e+00  0.000000e+00  6.659457e+09  9.855566e+09  1.351401e+10  1.549833e+10  1.636437e+10
4.340175e+02  0.000000e+00  1.052907e+10  0.000000e+00  0.000000e+00  0.000000e+00  0.000000e+00  0.000000e+00  6.646927e+09  9.797971e+09  1.337000e+10  1.530298e+10  1.614605e+10
4.390431e+02  0.000000e+00  1.035816e+10  0.000000e+00  0.000000e+00  0.000000e+00  0.000000e+00  0.000000e+00  6.633202e+09  9.738300e+09  1.322264e+10  1.510356e+10  1.592333e+10
4.441270e+02  0.000000e+00  1.018435e+10  0.000000e+00  0.000000e+00  0.000000e+00  0.000000e+00  0.000000e+00  6.618293e+09  9.676604e+09  1.307206e+10  1.490023e+10  1.569642e+10
4.492698e+02  0.000000e+00  1.000782e+10  0.000000e+00  0.000000e+00  0.000000e+00  0.000000e+00  0.000000e+00  6.602208e+09  9.612937e+09  1.291840e+10  1.469321e+10  1.546553e+10
4.544721e+02  0.000000e+00  9.828721e+09  0.000000e+00  0.000000e+00  0.000000e+00  0.000000e+00  0.000000e+00  6.584957e+09  9.547355e+09  1.276180e+10  1.448267e+10  1.523087e+10
4.597346e+02  0.000000e+00  9.647241e+09  0.000000e+00  0.000000e+00  0.000000e+00  0.000000e+00  0.000000e+00  6.566553e+09  9.479915e+09  1.260242e+10  1.426883e+10  1.499268e+10
4.650581e+02  0.000000e+00  9.463557e+09  0.000000e+00  0.000000e+00  0.000000e+00  0.000000e+00  0.000000e+00  6.547007e+09  9.410678e+09  1.244040e+10  1.405189e+10  1.475119e+10
4.704432e+02  0.000000e+00  9.277853e+09  0.000000e+00  0.000000e+00  0.000000e+00  0.000000e+00  0.000000e+00  6.526331e+09  9.339705e+09  1.227591e+10  1.383207e+10  1.450664e+10
4.758907e+02  0.000000e+00  9.090317e+09  0.000000e+00  0.000000e+00  0.000000e+00  0.000000e+00  0.000000e+00  6.504541e+09  9.267060e+09  1.210909e+10  1.360958e+10  1.425926e+10
4.814012e+02  0.000000e+00  8.901141e+09  0.000000e+00  0.000000e+00  0.000000e+00  0.000000e+00  0.000000e+00  6.481651e+09  9.192810e+09  1.194012e+10  1.338464e+10  1.400931e+10
4.869756e+02  0.000000e+00  8.710517e+09  0.000000e+00  0.000000e+00  0.000000e+00  0.000000e+00  0.000000e+00  6.457675e+09  9.117019e+09  1.176917e+10  1.315748e+10  1.375703e+10
4.926145e+02  0.000000e+00  8.518641e+09  0.000000e+00  0.000000e+00  0.000000e+00  0.000000e+00  0.000000e+00  6.432631e+09  9.039758e+09  1.159638e+10  1.292832e+10  1.350268e+10
4.983187e+02  0.000000e+00  8.325711e+09  0.000000e+00  0.000000e+00  0.000000e+00  0.000000e+00  0.000000e+00  6.406534e+09  8.961095e+09  1.142195e+10  1.269740e+10  1.324652e+10
5.040890e+02  0.000000e+00  8.131926e+09  0.000000e+00  0.000000e+00  0.000000e+00  0.000000e+00  0.000000e+00  6.379403e+09  8.881103e+09  1.124604e+10  1.246494e+10  1.298881e+10
5.099260e+02  0.000000e+00  7.937487e+09  0.000000e+00  0.000000e+00  0.000000e+00  0.000000e+00  0.000000e+00  6.351257e+09  8.799852e+09  1.106883e+10  1.223118e+10  1.272980e+10
5.158307e+02  0.000000e+00  7.742596e+09  0.000000e+00  0.000000e+00  0.000000e+00  0.000000e+00  0.000000e+00  6.322113e+09  8.717416e+09  1.089048e+10  1.199636e+10  1.246976e+10
5.218037e+02  0.000000e+00  7.547452e+09  0.000000e+00  0.000000e+00  0.000000e+00  0.000000e+00  0.000000e+00  6.291993e+09  8.633868e+09  1.071118e+10  1.176071e+10  1.220895e+10
5.278460e+02  0.000000e+00  7.352258e+09  0.000000e+00  0.000000e+00  0.000000e+00  0.000000e+00  0.000000e+00  6.260915e+09  8.549284e+09  1.053110e+10  1.152447e+10  1.194764e+10
5.339581e+02  0.000000e+00  7.157213e+09  0.000000e+00  0.000000e+00  0.000000e+00  0.000000e+00  0.000000e+00  6.228902e+09  8.463737e+09  1.035041e+10  1.128788e+10  1.168608e+10
5.401411e+02  0.000000e+00  6.962516e+09  0.000000e+00  0.000000e+00  0.000000e+00  0.000000e+00  0.000000e+00  6.195974e+09  8.377304e+09  1.016930e+10  1.105116e+10  1.142453e+10
5.463956e+02  0.000000e+00  6.768366e+09  0.000000e+00  0.000000e+00  0.000000e+00  0.000000e+00  0.000000e+00  6.162154e+09  8.290058e+09  9.987934e+09  1.081455e+10  1.116327e+10
5.527226e+02  0.000000e+00  6.574957e+09  0.000000e+00  0.000000e+00  0.000000e+00  0.000000e+00  0.000000e+00  6.127463e+09  8.202077e+09  9.806488e+09  1.057828e+10  1.090253e+10
5.591228e+02  0.000000e+00  6.382482e+09  0.000000e+00  0.000000e+00  0.000000e+00  0.000000e+00  0.000000e+00  6.091926e+09  8.113434e+09  9.625132e+09  1.034258e+10  1.064259e+10
5.655971e+02  0.000000e+00  6.191131e+09  0.000000e+00  0.000000e+00  0.000000e+00  0.000000e+00  0.000000e+00  6.055566e+09  8.024206e+09  9.444036e+09  1.010768e+10  1.038368e+10
5.721464e+02  0.000000e+00  6.001089e+09  0.000000e+00  0.000000e+00  0.000000e+00  0.000000e+00  0.000000e+00  6.018405e+09  7.934465e+09  9.263369e+09  9.873794e+09  1.012605e+10
5.787716e+02  0.000000e+00  5.812541e+09  0.000000e+00  0.000000e+00  0.000000e+00  0.000000e+00  0.000000e+00  5.980470e+09  7.844288e+09  9.083294e+09  9.641145e+09  9.869956e+09
5.854734e+02  0.000000e+00  5.625662e+09  0.000000e+00  0.000000e+00  0.000000e+00  0.000000e+00  0.000000e+00  5.941783e+09  7.753745e+09  8.903972e+09  9.409945e+09  9.615619e+09
5.922529e+02  0.000000e+00  5.440628e+09  0.000000e+00  0.000000e+00  0.000000e+00  0.000000e+00  0.000000e+00  5.902371e+09  7.662911e+09  8.725563e+09  9.180403e+09  9.363275e+09
5.991109e+02  0.000000e+00  5.257605e+09  0.000000e+00  0.000000e+00  0.000000e+00  0.000000e+00  0.000000e+00  5.862258e+09  7.571856e+09  8.548218e+09  8.952720e+09  9.113150e+09
6.060482e+02  0.000000e+00  5.076756e+09  0.000000e+00  0.000000e+00  0.000000e+00  0.000000e+00  0.000000e+00  5.821469e+09  7.480651e+09  8.372090e+09  8.727094e+09  8.865459e+09
6.130659e+02  0.000000e+00  4.898239e+09  0.000000e+00  0.000000e+00  0.000000e+00  0.000000e+00  0.000000e+00  5.780031e+09  7.389364e+09  8.197323e+09  8.503716e+09  8.620415e+09
6.201649e+02  0.000000e+00  4.722203e+09  0.000000e+00  0.000000e+00  0.000000e+00  0.000000e+00  0.000000e+00  5.737969e+09  7.298063e+09  8.024057e+09  8.282769e+09  8.378219e+09
6.273461e+02  0.000000e+00  4.548793e+09  0.000000e+00  0.000000e+00  0.000000e+00  0.000000e+00  0.000000e+00  5.695308e+09  7.206814e+09  7.852429e+09  8.064429e+09  8.139067e+09
6.346104e+02  0.000000e+00  4.378144e+09  0.000000e+00  0.000000e+00  0.000000e+00  0.000000e+00  0.000000e+00  5.652076e+09  7.115681e+09  7.682569e+09  7.848866e+09  7.903145e+09
6.419589e+02  0.000000e+00  4.210388e+09  0.000000e+00  0.000000e+00  0.000000e+00  0.000000e+00  0.000000e+00  5.608297e+09  7.024727e+09  7.514602e+09  7.636241e+09  7.670631e+09
6.493924e+02  0.000000e+00  4.045647e+09  0.000000e+00  0.000000e+00  0.000000e+00  0.000000e+00  0.000000e+00  5.563999e+09  6.934011e+09  7.348646e+09  7.426707e+09  7.441692e+09
6.569120e+02  0.000000e+00  3.884034e+09  0.000000e+00  0.000000e+00  0.000000e+00  0.000000e+00  0.000000e+00  5.519206e+09  6.843594e+09  7.184815e+09  7.220408e+09  7.216487e+09
6.645187e+02  0.000000e+00  3.725658e+09  0.000000e+00  0.000000e+00  0.000000e+00  0.000000e+00  0.000000e+00  5.473946e+09  6.753532e+09  7.023215e+09  7.017480e+09  6.995165e+09
6.722134e+02  0.000000e+00  3.570616e+09  0.000000e+00  0.000000e+00  0.000000e+00  0.000000e+00  0.000000e+00  5.428244e+09  6.663879e+09  6.863947e+09  6.818049e+09  6.777865e+09
6.799973e+02  0.000000e+00  3.419000e+09  0.000000e+00  0.000000e+00  0.000000e+00  0.000000e+00  0.000000e+00  5.382127e+09  6.574687e+09  6.707104e+09  6.622235e+09  6.564715e+09
6.878713e+02  0.000000e+00  3.270891e+09  0.000000e+00  0.000000e+00  0.000000e+00  0.000000e+00  0.000000e+00  5.335619e+09  6.486007e+09  6.552773e+09  6.430144e+09  6.355832e+09
6.958365e+02  0.000000e+00  3.126364e+09  0.000000e+00  0.000000e+00  0.000000e+00  0.000000e+00  0.000000e+00  5.288747e+09  6.397886e+09  6.401035e+09  6.241876e+09  6.151325e+09
7.038939e+02  0.000000e+00  2.985483e+09  0.000000e+00  0.000000e+00  0.000000e+00  0.000000e+00  0.000000e+00  5.241537e+09  6.310369e+09  6.251964e+09  6.057522e+09  5.951290e+09
7.120446e+02  0.000000e+00  2.848306e+09  0.000000e+00  0.000000e+00  0.000000e+00  0.000000e+00  0.000000e+00  5.194012e+09  6.223499e+09  6.105626e+09  5.877159e+09  5.755813e+09
7.202897e+02  0.000000e+00  2.714882e+09  0.000000e+00  0.000000e+00  0.000000e+00  0.000000e+00  0.000000e+00  5.146199e+09  6.137317e+09  5.962080e+09  5.700860e+09  5.564968e+09
7.286302e+02  0.000000e+00  2.585249e+09  0.000000e+00  0.000000e+00  0.000000e+00  0.000000e+00  0.000000e+00  5.098122e+09  6.051860e+09  5.821380e+09  5.528685e+09  5.378822e+09
7.370674e+02  0.000000e+00  2.459441e+09  0.000000e+00  0.000000e+00  0.000000e+00  0.000000e+00  0.000000e+00  5.049806e+09  5.967164e+09  5.683571e+09  5.360685e+09  5.197427e+09
7.456022e+02  0.000000e+00  2.337478e+09  0.000000e+00  0.000000e+00  0.000000e+00  0.000000e+00  0.000000e+00  5.001275e+09  5.883262e+09  5.548693e+09  5.196902e+09  5.020826e+09
7.542359e+02  0.000000e+00  2.219378e+09  0.000000e+00  0.000000e+00  0.000000e+00  0.000000e+00  0.000000e+00  4.952552e+09  5.800184e+09  5.416777e+09  5.037368e+09  4.849052e+09
7.629695e+02  0.000000e+00  2.105147e+09  0.000000e+00  0.000000e+00  0.000000e+00  0.000000e+00  0.000000e+00  4.903661e+09  5.717957e+09  5.287850e+09  4.882108e+09  4.682128e+09
7.718043e+02  0.000000e+00  1.994783e+09  0.000000e+00  0.000000e+00  0.000000e+00  0.000000e+00  0.000000e+00  4.854625e+09  5.636608e+09  5.161930e+09  4.731135e+09  4.520066e+09
7.807414e+02  0.000000e+00  1.888278e+09  0.000000e+00  0.000000e+00  0.000000e+00  0.000000e+00  0.000000e+00  4.805467e+09  5.556160e+09  5.039029e+09  4.584454e+09  4.362867e+09
7.897819e+02  0.000000e+00  1.785615e+09  0.000000e+00  0.000000e+00  0.000000e+00  0.000000e+00  0.000000e+00  4.756209e+09  5.476632e+09  4.919155e+09  4.442063e+09  4.210525e+09
7.989272e+02  0.000000e+00  1.686772e+09  0.000000e+00  0.000000e+00  0.000000e+00  0.000000e+00  0.000000e+00  4.706873e+09  5.398042e+09  4.802306e+09  4.303950e+09  4.063022e+09
8.081783e+02  0.000000e+00  1.591719e+09  0.000000e+00  0.000000e+00  0.000000e+00  0.000000e+00  0.000000e+00  4.657480e+09  5.320408e+09  4.688478e+09  4.170095e+09  3.920334e+09
8.175366e+02  0.000000e+00  1.500417e+09  0.000000e+00  0.000000e+00  0.000000e+00  0.000000e+00  0.000000e+00  4.608051e+09  5.243742e+09  4.577658e+09  4.040472e+09  3.782425e+09
8.270032e+02  0.000000e+00  1.412823e+09  0.000000e+00  0.000000e+00  0.000000e+00  0.000000e+00  0.000000e+00  4.558607e+09  5.168055e+09  4.469829e+09  3.915044e+09  3.649253e+09
8.365795e+02  0.000000e+00  1.328888e+09  0.000000e+00  0.000000e+00  0.000000e+00  0.000000e+00  0.000000e+00  4.509168e+09  5.093357e+09  4.364970e+09  3.793770e+09  3.520766e+09
8.462666e+02  0.000000e+00  1.248557e+09  0.000000e+00  0.000000e+00  0.000000e+00  0.000000e+00  0.000000e+00  4.459753e+09  5.019655e+09  4.263052e+09  3.676602e+09  3.396907e+09
8.560659e+02  0.000000e+00  1.171769e+09  0.000000e+00  0.000000e+00  0.000000e+00  0.000000e+00  0.000000e+00  4.410381e+09  4.946954e+09  4.164044e+09  3.563484e+09  3.277610e+09
8.659787e+02  0.000000e+00  1.098458e+09  0.000000e+00  0.000000e+00  0.000000e+00  0.000000e+00  0.000000e+00  4.361070e+09  4.875257e+09  4.067909e+09  3.454355e+09  3.162803e+09
8.760062e+02  0.000000e+00  1.028554e+09  0.000000e+00  0.000000e+00  0.000000e+00  0.000000e+00  0.000000e+00  4.311839e+09  4.804565e+09  3.974605e+09  3.349148e+09  3.052408e+09
8.861499e+02  0.000000e+00  9.619828e+08  0.000000e+00  0.000000e+00  0.000000e+00  0.000000e+00  0.000000e+00  4.262705e+09  4.734879e+09  3.884089e+09  3.247791e+09  2.946340e+09
8.964110e+02  0.000000e+00  8.986649e+08  0.000000e+00  0.000000e+00  0.000000e+00  0.000000e+00  0.000000e+00  4.213685e+09  4.666196e+09  3.796311e+09  3.150208e+09  2.844509e+09
9.067910e+02  0.000000e+00  8.385186e+08  0.000000e+00  0.000000e+00  0.000000e+00  0.000000e+00  0.000000e+00  4.164795e+09  4.598513e+09  3.711221e+09  3.056316e+09  2.746822e+09
9.172911e+02  0.000000e+00  7.814590e+08  0.000000e+00  0.000000e+00  0.000000e+00  0.000000e+00  0.000000e+00  4.116052e+09  4.531825e+09  3.628764e+09  2.966032e+09  2.653180e+09
9.279129e+02  0.000000e+00  7.273979e+08  0.000000e+00  0.000000e+00  0.000000e+00  0.000000e+00  0.000000e+00  4.067469e+09  4.466125e+09  3.548881e+09  2.879267e+09  2.563480e+09
9.386576e+02  0.000000e+00  6.762452e+08  0.000000e+00  0.000000e+00  0.000000e+00  0.000000e+00  0.000000e+00  4.019063e+09  4.401405e+09  3.471513e+09  2.795928e+09  2.477616e+09
9.495267e+02  0.000000e+00  6.279085e+08  0.000000e+00  0.000000e+00  0.000000e+00  0.000000e+00  0.000000e+00  3.970847e+09  4.337658e+09  3.396599e+09  2.715922e+09  2.395479e+09
9.605217e+02  0.000000e+00  5.822939e+08  0.000000e+00  0.000000e+00  0.000000e+00  0.000000e+00  0.000000e+00  3.922836e+09  4.274873e+09  3.324074e+09  2.639152e+09  2.316959e+09
9.716440e+02  0.000000e+00  5.393064e+08  0.000000e+00  0.000000e+00  0.000000e+00  0.000000e+00  0.000000e+00  3.875041e+09  4.213039e+09  3.253872e+09  2.565518e+09  2.241941e+09
9.828952e+02  0.000000e+00  4.988498e+08  0.000000e+00  0.000000e+00  0.000000e+00  0.000000e+00  0.000000e+00  3.827477e+09  4.152146e+09  3.185928e+09  2.494922e+09  2.170310e+09
9.942765e+02  0.000000e+00  4.608277e+08  0.000000e+00  0.000000e+00  0.000000e+00  0.000000e+00  0.000000e+00  3.780155e+09  4.092179e+09  3.120174e+09  2.427263e+09  2.101951e+09
1.005790e+03  0.000000e+00  4.251432e+08  0.000000e+00  0.000000e+00  0.000000e+00  0.000000e+00  0.000000e+00  3.733086e+09  4.033127e+09  3.056541e+09  2.362437e+09  2.036746e+09
1.017436e+03  0.000000e+00  3.916995e+08  0.000000e+00  0.000000e+00  0.000000e+00  0.000000e+00  0.000000e+00  3.686283e+09  3.974975e+09  2.994961e+09  2.300344e+09  1.974579e+09
1.029218e+03  0.000000e+00  3.604005e+08  0.000000e+00  0.000000e+00  0.000000e+00  0.000000e+00  0.000000e+00  3.639755e+09  3.917710e+09  2.935364e+09  2.240880e+09  1.915332e+09
1.041135e+03  0.000000e+00  3.311506e+08  0.000000e+00  0.000000e+00  0.000000e+00  0.000000e+00  0.000000e+00  3.593513e+09  3.861317e+09  2.877683e+09  2.183945e+09  1.858889e+09
1.053191e+03  0.000000e+00  3.038551e+08  0.000000e+00  0.000000e+00  0.000000e+00  0.000000e+00  0.000000e+00  3.547567e+09  3.805780e+09  2.821847e+09  2.129437e+09  1.805134e+09
1.065387e+03  0.000000e+00  2.784205e+08  0.000000e+00  0.000000e+00  0.000000e+00  0.000000e+00  0.000000e+00  3.501925e+09  3.751086e+09  2.767789e+09  2.077255e+09  1.753952e+09
1.077723e+03  0.000000e+00  2.547551e+08  0.000000e+00  0.000000e+00  0.000000e+00  0.000000e+00  0.000000e+00  3.456596e+09  3.697217e+09  2.715441e+09  2.027301e+09  1.705230e+09
1.090203e+03  0.000000e+00  2.327686e+08  0.000000e+00  0.000000e+00  0.000000e+00  0.000000e+00  0.000000e+00  3.411589e+09  3.644160e+09  2.664738e+09  1.979477e+09  1.658856e+09
1.102827e+03  0.000000e+00  2.123725e+08  0.000000e+00  0.000000e+00  0.000000e+00  0.000000e+00  0.000000e+00  3.366911e+09  3.591897e+09  2.615612e+09  1.933687e+09  1.614722e+09
1.115597e+03  0.000000e+00  1.934806e+08  0.000000e+00  0.000000e+00  0.000000e+00  0.000000e+00  0.000000e+00  3.322570e+09  3.540415e+09  2.567999e+09  1.889837e+09  1.572718e+09
1.128515e+03  0.000000e+00  1.760089e+08  0.000000e+00  0.000000e+00  0.000000e+00  0.000000e+00  0.000000e+00  3.278573e+09  3.489696e+09  2.521837e+09  1.847835e+09  1.532742e+09
1.141582e+03  0.000000e+00  1.598756e+08  0.000000e+00  0.000000e+00  0.000000e+00  0.000000e+00  0.000000e+00  3.234926e+09  3.439727e+09  2.477064e+09  1.807591e+09  1.494690e+09
1.154801e+03  0.000000e+00  1.450015e+08  0.000000e+00  0.000000e+00  0.000000e+00  0.000000e+00  0.000000e+00  3.191635e+09  3.390491e+09  2.433619e+09  1.769018e+09  1.458462e+09
1.168173e+03  0.000000e+00  1.313101e+08  0.000000e+00  0.000000e+00  0.000000e+00  0.000000e+00  0.000000e+00  3.148707e+09  3.341975e+09  2.391445e+09  1.732032e+09  1.423963e+09
1.181700e+03  0.000000e+00  1.187276e+08  0.000000e+00  0.000000e+00  0.000000e+00  0.000000e+00  0.000000e+00  3.106146e+09  3.294162e+09  2.350484e+09  1.696550e+09  1.391100e+09
1.195383e+03  0.000000e+00  1.071827e+08  0.000000e+00  0.000000e+00  0.000000e+00  0.000000e+00  0.000000e+00  3.063957e+09  3.247038e+09  2.310681e+09  1.662493e+09  1.359780e+09
1.209225e+03  0.000000e+00  9.660729e+07  0.000000e+00  0.000000e+00  0.000000e+00  0.000000e+00  0.000000e+00  3.022145e+09  3.200591e+09  2.271984e+09  1.629785e+09  1.329919e+09
1.223227e+03  0.000000e+00  8.693586e+07  0.000000e+00  0.000000e+00  0.000000e+00  0.000000e+00  0.000000e+00  2.980714e+09  3.154805e+09  2.234342e+09  1.598352e+09  1.301431e+09
1.237392e+03  0.000000e+00  7.810591e+07  0.000000e+00  0.000000e+00  0.000000e+00  0.000000e+00  0.000000e+00  2.939669e+09  3.109667e+09  2.197706e+09  1.568124e+09  1.274238e+09
1.251720e+03  0.000000e+00  7.005780e+07  0.000000e+00  0.000000e+00  0.000000e+00  0.000000e+00  0.000000e+00  2.899012e+09  3.065164e+09  2.162027e+09  1.539032e+09  1.248261e+09
1.266214e+03  0.000000e+00  6.273482e+07  0.000000e+00  0.000000e+00  0.000000e+00  0.000000e+00  0.000000e+00  2.858747e+09  3.021284e+09  2.127262e+09  1.511014e+09  1.223429e+09
1.280876e+03  0.000000e+00  5.608309e+07  0.000000e+00  0.000000e+00  0.000000e+00  0.000000e+00  0.000000e+00  2.818877e+09  2.978014e+09  2.093368e+09  1.484006e+09  1.199669e+09
1.295708e+03  0.000000e+00  5.005158e+07  0.000000e+00  0.000000e+00  0.000000e+00  0.000000e+00  0.000000e+00  2.779404e+09  2.935342e+09  2.060303e+09  1.457951e+09  1.176917e+09
1.310712e+03  0.000000e+00  4.459210e+07  0.000000e+00  0.000000e+00  0.000000e+00  0.000000e+00  0.000000e+00  2.740331e+09  2.893258e+09  2.028028e+09  1.432792e+09  1.155109e+09
1.325889e+03  0.000000e+00  3.965916e+07  0.000000e+00  0.000000e+00  0.000000e+00  0.000000e+00  0.000000e+00  2.701659e+09  2.851749e+09  1.996505e+09  1.408477e+09  1.134184e+09
1.341242e+03  0.000000e+00  3.520999e+07  0.000000e+00  0.000000e+00  0.000000e+00  0.000000e+00  0.000000e+00  2.663392e+09  2.810805e+09  1.965701e+09  1.384955e+09  1.114086e+09
1.356773e+03  0.000000e+00  3.120442e+07  0.000000e+00  0.000000e+00  0.000000e+00  0.000000e+00  0.000000e+00  2.625529e+09  2.770416e+09  1.935581e+09  1.362180e+09  1.094762e+09
1.372484e+03  0.000000e+00  2.760485e+07  0.000000e+00  0.000000e+00  0.000000e+00  0.000000e+00  0.000000e+00  2.588072e+09  2.730573e+09  1.906114e+09  1.340107e+09  1.076161e+09
1.388376e+03  0.000000e+00  2.437612e+07  0.000000e+00  0.000000e+00  0.000000e+00  0.000000e+00  0.000000e+00  2.551023e+09  2.691265e+09  1.877271e+09  1.318694e+09  1.058236e+09
1.404453e+03  0.000000e+00  2.148545e+07  0.000000e+00  0.000000e+00  0.000000e+00  0.000000e+00  0.000000e+00  2.514382e+09  2.652484e+09  1.849022e+09  1.297901e+09  1.040941e+09
1.420716e+03  0.000000e+00  1.890236e+07  0.000000e+00  0.000000e+00  0.000000e+00  0.000000e+00  0.000000e+00  2.478149e+09  2.614221e+09  1.821342e+09  1.277693e+09  1.024236e+09
1.437167e+03  0.000000e+00  1.659853e+07  0.000000e+00  0.000000e+00  0.000000e+00  0.000000e+00  0.000000e+00  2.442326e+09  2.576467e+09  1.794207e+09  1.258033e+09  1.008081e+09
1.453808e+03  0.000000e+00  1.454776e+07  0.000000e+00  0.000000e+00  0.000000e+00  0.000000e+00  0.000000e+00  2.406911e+09  2.539215e+09  1.767592e+09  1.238890e+09  9.924401e+08
1.470643e+03  0.000000e+00  1.272581e+07  0.000000e+00  0.000000e+00  0.000000e+00  0.000000e+00  0.000000e+00  2.371906e+09  2.502458e+09  1.741477e+09  1.220234e+09  9.772788e+08
1.487672e+03  0.000000e+00  1.111037e+07  0.000000e+00  0.000000e+00  0.000000e+00  0.000000e+00  0.000000e+00  2.337309e+09  2.466187e+09  1.715841e+09  1.202037e+09  9.625657e+08
1.504898e+03  0.000000e+00  9.680885e+06  0.000000e+00  0.000000e+00  0.000000e+00  0.000000e+00  0.000000e+00  2.303120e+09  2.430396e+09  1.690664e+09  1.184272e+09  9.482713e+08
1.522324e+03  0.000000e+00  8.418511e+06  0.000000e+00  0.000000e+00  0.000000e+00  0.000000e+00  0.000000e+00  2.269338e+09  2.395077e+09  1.665930e+09  1.166915e+09  9.343684e+08
1.539952e+03  0.000000e+00  7.305993e+06  0.000000e+00  0.000000e+00  0.000000e+00  0.000000e+00  0.000000e+00  2.235964e+09  2.360225e+09  1.641621e+09  1.149945e+09  9.208318e+08
1.557784e+03  0.000000e+00  6.327566e+06  0.000000e+00  0.000000e+00  0.000000e+00  0.000000e+00  0.000000e+00  2.202995e+09  2.325834e+09  1.617722e+09  1.133339e+09  9.076381e+08
1.575822e+03  0.000000e+00  5.468867e+06  0.000000e+00  0.000000e+00  0.000000e+00  0.000000e+00  0.000000e+00  2.170431e+09  2.291896e+09  1.594220e+09  1.117078e+09  8.947657e+08
1.594069e+03  0.000000e+00  4.716838e+06  0.000000e+00  0.000000e+00  0.000000e+00  0.000000e+00  0.000000e+00  2.138270e+09  2.258408e+09  1.571099e+09  1.101146e+09  8.821946e+08
1.612528e+03  0.000000e+00  4.059634e+06  0.000000e+00  0.000000e+00  0.000000e+00  0.000000e+00  0.000000e+00  2.106511e+09  2.225362e+09  1.548349e+09  1.085524e+09  8.699067e+08
1.631200e+03  0.000000e+00  3.486540e+06  0.000000e+00  0.000000e+00  0.000000e+00  0.000000e+00  0.000000e+00  2.075152e+09  2.192753e+09  1.525957e+09  1.070199e+09  8.578849e+08
1.650088e+03  0.000000e+00  2.987881e+06  0.000000e+00  0.000000e+00  0.000000e+00  0.000000e+00  0.000000e+00  2.044191e+09  2.160577e+09  1.503913e+09  1.055156e+09  8.461139e+08
1.669195e+03  0.000000e+00  2.554948e+06  0.000000e+00  0.000000e+00  0.000000e+00  0.000000e+00  0.000000e+00  2.013628e+09  2.128828e+09  1.482207e+09  1.040382e+09  8.345792e+08
1.688524e+03  0.000000e+00  2.179917e+06  0.000000e+00  0.000000e+00  0.000000e+00  0.000000e+00  0.000000e+00  1.983459e+09  2.097502e+09  1.460829e+09  1.025866e+09  8.232680e+08
1.708076e+03  0.000000e+00  1.855778e+06  0.000000e+00  0.000000e+00  0.000000e+00  0.000000e+00  0.000000e+00  1.953682e+09  2.066593e+09  1.439770e+09  1.011595e+09  8.121681e+08
1.727855e+03  0.000000e+00  1.576263e+06  0.000000e+00  0.000000e+00  0.000000e+00  0.000000e+00  0.000000e+00  1.924297e+09  2.036097e+09  1.419023e+09  9.975614e+08  8.012686e+08
1.747862e+03  0.000000e+00  1.335785e+06  0.000000e+00  0.000000e+00  0.000000e+00  0.000000e+00  0.000000e+00  1.895299e+09  2.006009e+09  1.398580e+09  9.837545e+08  7.905595e+08
1.768102e+03  0.000000e+00  1.129376e+06  0.000000e+00  0.000000e+00  0.000000e+00  0.000000e+00  0.000000e+00  1.866687e+09  1.976326e+09  1.378434e+09  9.701661e+08  7.800315e+08
1.788575e+03  0.000000e+00  9.526265e+05  0.000000e+00  0.000000e+00  0.000000e+00  0.000000e+00  0.000000e+00  1.838459e+09  1.947041e+09  1.358578e+09  9.567884e+08  7.696763e+08
1.809286e+03  0.000000e+00  8.016358e+05  0.000000e+00  0.000000e+00  0.000000e+00  0.000000e+00  0.000000e+00  1.810611e+09  1.918153e+09  1.339006e+09  9.436140e+08  7.594860e+08
1.830236e+03  0.000000e+00  6.729612e+05  0.000000e+00  0.000000e+00  0.000000e+00  0.000000e+00  0.000000e+00  1.783141e+09  1.889655e+09  1.319711e+09  9.306364e+08  7.494536e+08
1.851430e+03  0.000000e+00  5.635720e+05  0.000000e+00  0.000000e+00  0.000000e+00  0.000000e+00  0.000000e+00  1.756047e+09  1.861544e+09  1.300690e+09  9.178493e+08  7.395727e+08
1.872868e+03  0.000000e+00  4.708071e+05  0.000000e+00  0.000000e+00  0.000000e+00  0.000000e+00  0.000000e+00  1.729325e+09  1.833816e+09  1.281936e+09  9.052471e+08  7.298373e+08
1.894555e+03  0.000000e+00  3.923363e+05  0.000000e+00  0.000000e+00  0.000000e+00  0.000000e+00  0.000000e+00  1.702972e+09  1.806467e+09  1.263444e+09  8.928245e+08  7.202420e+08
1.916493e+03  0.000000e+00  3.261244e+05  0.000000e+00  0.000000e+00  0.000000e+00  0.000000e+00  0.000000e+00  1.676986e+09  1.779493e+09  1.245210e+09  8.805766e+08  7.107818e+08
1.938685e+03  0.000000e+00  2.703989e+05  0.000000e+00  0.000000e+00  0.000000e+00  0.000000e+00  0.000000e+00  1.651364e+09  1.752889e+09  1.227230e+09  8.684989e+08  7.014521e+08
1.961134e+03  0.000000e+00  2.236200e+05  0.000000e+00  0.000000e+00  0.000000e+00  0.000000e+00  0.000000e+00  1.626102e+09  1.726653e+09  1.209498e+09  8.565870e+08  6.922487e+08
1.983843e+03  0.000000e+00  1.844537e+05  0.000000e+00  0.000000e+00  0.000000e+00  0.000000e+00  0.000000e+00  1.601198e+09  1.700779e+09  1.192012e+09  8.448372e+08  6.831677e+08
2.006814e+03  0.000000e+00  1.517476e+05  0.000000e+00  0.000000e+00  0.000000e+00  0.000000e+00  0.000000e+00  1.576647e+09  1.675264e+09  1.174767e+09  8.332458e+08  6.742056e+08
2.030052e+03  0.000000e+00  1.245092e+05  0.000000e+00  0.000000e+00  0.000000e+00  0.000000e+00  0.000000e+00  1.552448e+09  1.650105e+09  1.157759e+09  8.218092e+08  6.653590e+08
2.053559e+03  0.000000e+00  1.018855e+05  0.000000e+00  0.000000e+00  0.000000e+00  0.000000e+00  0.000000e+00  1.528596e+09  1.625297e+09  1.140985e+09  8.105242e+08  6.566248e+08
2.077338e+03  0.000000e+00  8.314592e+04  0.000000e+00  0.000000e+00  0.000000e+00  0.000000e+00  0.000000e+00  1.505088e+09  1.600837e+09  1.124442e+09  7.993878e+08  6.480003e+08
2.101393e+03  0.000000e+00  6.766652e+04  0.000000e+00  0.000000e+00  0.000000e+00  0.000000e+00  0.000000e+00  1.481921e+09  1.576720e+09  1.108126e+09  7.883972e+08  6.394828e+08
2.125726e+03  0.000000e+00  5.491577e+04  0.000000e+00  0.000000e+00  0.000000e+00  0.000000e+00  0.000000e+00  1.459092e+09  1.552943e+09  1.092034e+09  7.775496e+08  6.310699e+08
2.150340e+03  0.000000e+00  4.444231e+04  0.000000e+00  0.000000e+00  0.000000e+00  0.000000e+00  0.000000e+00  1.436596e+09  1.529502e+09  1.076162e+09  7.668423e+08  6.227592e+08
2.175240e+03  0.000000e+00  3.586396e+04  0.000000e+00  0.000000e+00  0.000000e+00  0.000000e+00  0.000000e+00  1.414431e+09  1.506394e+09  1.060508e+09  7.562731e+08  6.145486e+08
2.200428e+03  0.000000e+00  2.885810e+04  0.000000e+00  0.000000e+00  0.000000e+00  0.000000e+00  0.000000e+00  1.392592e+09  1.483615e+09  1.045069e+09  7.458395e+08  6.064361e+08
2.225908e+03  0.000000e+00  2.315318e+04  0.000000e+00  0.000000e+00  0.000000e+00  0.000000e+00  0.000000e+00  1.371077e+09  1.461160e+09  1.029842e+09  7.355393e+08  5.984198e+08
2.251683e+03  0.000000e+00  1.852133e+04  0.000000e+00  0.000000e+00  0.000000e+00  0.000000e+00  0.000000e+00  1.349882e+09  1.439026e+09  1.014823e+09  7.253703e+08  5.904980e+08
2.277756e+03  0.000000e+00  1.477193e+04  0.000000e+00  0.000000e+00  0.000000e+00  0.000000e+00  0.000000e+00  1.329003e+09  1.417210e+09  1.000011e+09  7.153306e+08  5.826690e+08
2.304131e+03  0.000000e+00  1.174604e+04  0.000000e+00  0.000000e+00  0.000000e+00  0.000000e+00  0.000000e+00  1.308437e+09  1.395707e+09  9.854014e+08  7.054181e+08  5.749312e+08
2.330812e+03  0.000000e+00  9.311489e+03  0.000000e+00  0.000000e+00  0.000000e+00  0.000000e+00  0.000000e+00  1.288179e+09  1.374515e+09  9.709928e+08  6.956309e+08  5.672831e+08
2.357801e+03  0.000000e+00  7.358768e+03  0.000000e+00  0.000000e+00  0.000000e+00  0.000000e+00  0.000000e+00  1.268227e+09  1.353628e+09  9.567822e+08  6.859673e+08  5.597232e+08
2.385103e+03  0.000000e+00  5.797407e+03  0.000000e+00  0.000000e+00  0.000000e+00  0.000000e+00  0.000000e+00  1.248577e+09  1.333044e+09  9.427671e+08  6.764253e+08  5.522503e+08
2.412722e+03  0.000000e+00  4.552915e+03  0.000000e+00  0.000000e+00  0.000000e+00  0.000000e+00  0.000000e+00  1.229224e+09  1.312759e+09  9.289447e+08  6.670034e+08  5.448631e+08
2.440660e+03  0.000000e+00  3.564153e+03  0.000000e+00  0.000000e+00  0.000000e+00  0.000000e+00  0.000000e+00  1.210166e+09  1.292770e+09  9.153126e+08  6.576999e+08  5.375603e+08
2.468921e+03  0.000000e+00  2.781110e+03  0.000000e+00  0.000000e+00  0.000000e+00  0.000000e+00  0.000000e+00  1.191399e+09  1.273072e+09  9.018683e+08  6.485130e+08  5.303408e+08
2.497510e+03  0.000000e+00  2.163011e+03  0.000000e+00  0.000000e+00  0.000000e+00  0.000000e+00  0.000000e+00  1.172918e+09  1.253661e+09  8.886093e+08  6.394413e+08  5.232034e+08
2.526430e+03  0.000000e+00  1.676724e+03  0.000000e+00  0.000000e+00  0.000000e+00  0.000000e+00  0.000000e+00  1.154721e+09  1.234536e+09  8.755332e+08  6.304833e+08  5.161471e+08
2.555684e+03  0.000000e+00  1.295419e+03  0.000000e+00  0.000000e+00  0.000000e+00  0.000000e+00  0.000000e+00  1.136804e+09  1.215690e+09  8.626377e+08  6.216374e+08  5.091709e+08
2.585278e+03  0.000000e+00  9.974419e+02  0.000000e+00  0.000000e+00  0.000000e+00  0.000000e+00  0.000000e+00  1.119163e+09  1.197122e+09  8.499203e+08  6.129022e+08  5.022737e+08
2.615214e+03  0.000000e+00  7.653794e+02  0.000000e+00  0.000000e+00  0.000000e+00  0.000000e+00  0.000000e+00  1.101795e+09  1.178828e+09  8.373788e+08  6.042764e+08  4.954546e+08
2.645497e+03  0.000000e+00  5.852756e+02  0.000000e+00  0.000000e+00  0.000000e+00  0.000000e+00  0.000000e+00  1.084695e+09  1.160804e+09  8.250108e+08  5.957584e+08  4.887127e+08
2.676130e+03  0.000000e+00  4.459860e+02  0.000000e+00  0.000000e+00  0.000000e+00  0.000000e+00  0.000000e+00  1.067860e+09  1.143046e+09  8.128141e+08  5.873469e+08  4.820471e+08
2.707118e+03  0.000000e+00  3.386426e+02  0.000000e+00  0.000000e+00  0.000000e+00  0.000000e+00  0.000000e+00  1.051287e+09  1.125551e+09  8.007864e+08  5.790407e+08  4.754570e+08
2.738465e+03  0.000000e+00  2.562144e+02  0.000000e+00  0.000000e+00  0.000000e+00  0.000000e+00  0.000000e+00  1.034972e+09  1.108316e+09  7.889256e+08  5.708385e+08  4.689415e+08
2.770175e+03  0.000000e+00  1.931475e+02  0.000000e+00  0.000000e+00  0.000000e+00  0.000000e+00  0.000000e+00  1.018912e+09  1.091337e+09  7.772294e+08  5.627389e+08  4.624998e+08
2.802252e+03  0.000000e+00  1.450707e+02  0.000000e+00  0.000000e+00  0.000000e+00  0.000000e+00  0.000000e+00  1.003102e+09  1.074611e+09  7.656956e+08  5.547408e+08  4.561312e+08
2.834701e+03  0.000000e+00  1.085569e+02  0.000000e+00  0.000000e+00  0.000000e+00  0.000000e+00  0.000000e+00  9.875392e+08  1.058133e+09  7.543223e+08  5.468430e+08  4.498349e+08
2.867525e+03  0.000000e+00  8.092888e+01  0.000000e+00  0.000000e+00  0.000000e+00  0.000000e+00  0.000000e+00  9.722204e+08  1.041902e+09  7.431072e+08  5.390442e+08  4.436101e+08
2.900729e+03  0.000000e+00  6.010336e+01  0.000000e+00  0.000000e+00  0.000000e+00  0.000000e+00  0.000000e+00  9.571419e+08  1.025913e+09  7.320483e+08  5.313432e+08  4.374563e+08
2.934318e+03  0.000000e+00  4.446560e+01  0.000000e+00  0.000000e+00  0.000000e+00  0.000000e+00  0.000000e+00  9.423002e+08  1.010164e+09  7.211435e+08  5.237391e+08  4.313726e+08
2.968296e+03  0.000000e+00  3.276880e+01  0.000000e+00  0.000000e+00  0.000000e+00  0.000000e+00  0.000000e+00  9.276917e+08  9.946498e+08  7.103908e+08  5.162305e+08  4.253585e+08
3.002667e+03  0.000000e+00  2.405404e+01  0.000000e+00  0.000000e+00  0.000000e+00  0.000000e+00  0.000000e+00  9.133132e+08  9.793686e+08  6.997883e+08  5.088165e+08  4.194132e+08
3.037436e+03  0.000000e+00  1.758681e+01  0.000000e+00  0.000000e+00  0.000000e+00  0.000000e+00  0.000000e+00  8.991612e+08  9.643168e+08  6.893338e+08  5.014959e+08  4.135362e+08
3.072608e+03  0.000000e+00  1.280671e+01  0.000000e+00  0.000000e+00  0.000000e+00  0.000000e+00  0.000000e+00  8.852322e+08  9.494911e+08  6.790256e+08  4.942677e+08  4.077268e+08
3.108187e+03  0.000000e+00  9.287942e+00  0.000000e+00  0.000000e+00  0.000000e+00  0.000000e+00  0.000000e+00  8.715230e+08  9.348884e+08  6.688616e+08  4.871308e+08  4.019844e+08
3.144179e+03  0.000000e+00  6.708294e+00  0.000000e+00  0.000000e+00  0.000000e+00  0.000000e+00  0.000000e+00  8.580302e+08  9.205055e+08  6.588400e+08  4.800843e+08  3.963084e+08
3.180586e+03  0.000000e+00  4.824971e+00  0.000000e+00  0.000000e+00  0.000000e+00  0.000000e+00  0.000000e+00  8.447506e+08  9.063392e+08  6.489588e+08  4.731270e+08  3.906982e+08
3.217416e+03  0.000000e+00  3.455783e+00  0.000000e+00  0.000000e+00  0.000000e+00  0.000000e+00  0.000000e+00  8.316808e+08  8.923865e+08  6.392163e+08  4.662581e+08  3.851532e+08
3.254672e+03  0.000000e+00  2.464598e+00  0.000000e+00  0.000000e+00  0.000000e+00  0.000000e+00  0.000000e+00  8.188177e+08  8.786443e+08  6.296105e+08  4.594765e+08  3.796730e+08
3.292359e+03  0.000000e+00  1.750137e+00  0.000000e+00  0.000000e+00  0.000000e+00  0.000000e+00  0.000000e+00  8.061580e+08  8.651096e+08  6.201398e+08  4.527812e+08  3.742569e+08
3.330483e+03  0.000000e+00  1.237379e+00  0.000000e+00  0.000000e+00  0.000000e+00  0.000000e+00  0.000000e+00  7.936985e+08  8.517793e+08  6.108023e+08  4.461714e+08  3.689044e+08
3.369048e+03  0.000000e+00  8.709965e-01  0.000000e+00  0.000000e+00  0.000000e+00  0.000000e+00  0.000000e+00  7.814363e+08  8.386506e+08  6.015962e+08  4.396461e+08  3.636149e+08
3.408060e+03  0.000000e+00  6.103664e-01  0.000000e+00  0.000000e+00  0.000000e+00  0.000000e+00  0.000000e+00  7.693681e+08  8.257204e+08  5.925198e+08  4.332043e+08  3.583880e+08
3.447523e+03  0.000000e+00  4.257973e-01  0.000000e+00  0.000000e+00  0.000000e+00  0.000000e+00  0.000000e+00  7.574908e+08  8.129860e+08  5.835714e+08  4.268452e+08  3.532232e+08
3.487444e+03  0.000000e+00  2.956859e-01  0.000000e+00  0.000000e+00  0.000000e+00  0.000000e+00  0.000000e+00  7.458015e+08  8.004443e+08  5.747494e+08  4.205679e+08  3.481198e+08
3.527826e+03  0.000000e+00  2.043859e-01  0.000000e+00  0.000000e+00  0.000000e+00  0.000000e+00  0.000000e+00  7.342972e+08  7.880926e+08  5.660519e+08  4.143714e+08  3.430774e+08
3.568677e+03  0.000000e+00  1.406178e-01  0.000000e+00  0.000000e+00  0.000000e+00  0.000000e+00  0.000000e+00  7.229750e+08  7.759281e+08  5.574775e+08  4.082550e+08  3.380955e+08
3.610000e+03  0.000000e+00  9.628870e-02  0.000000e+00  0.000000e+00  0.000000e+00  0.000000e+00  0.000000e+00  7.118318e+08  7.639479e+08  5.490244e+08  4.022177e+08  3.331737e+08
3.651802e+03  0.000000e+00  6.561940e-02  0.000000e+00  0.000000e+00  0.000000e+00  0.000000e+00  0.000000e+00  7.008648e+08  7.521495e+08  5.406911e+08  3.962587e+08  3.283113e+08
3.694088e+03  0.000000e+00  4.450277e-02  0.000000e+00  0.000000e+00  0.000000e+00  0.000000e+00  0.000000e+00  6.900712e+08  7.405300e+08  5.324759e+08  3.903771e+08  3.235080e+08
3.736863e+03  0.000000e+00  3.003415e-02  0.000000e+00  0.000000e+00  0.000000e+00  0.000000e+00  0.000000e+00  6.794481e+08  7.290869e+08  5.243773e+08  3.845722e+08  3.187632e+08
3.780134e+03  0.000000e+00  2.016938e-02  0.000000e+00  0.000000e+00  0.000000e+00  0.000000e+00  0.000000e+00  6.689929e+08  7.178174e+08  5.163938e+08  3.788431e+08  3.140765e+08
3.823906e+03  0.000000e+00  1.347701e-02  0.000000e+00  0.000000e+00  0.000000e+00  0.000000e+00  0.000000e+00  6.587027e+08  7.067190e+08  5.085238e+08  3.731890e+08  3.094474e+08
3.868185e+03  0.000000e+00  8.959700e-03  0.000000e+00  0.000000e+00  0.000000e+00  0.000000e+00  0.000000e+00  6.485749e+08  6.957892e+08  5.007659e+08  3.676091e+08  3.048754e+08
3.912976e+03  0.000000e+00  5.926067e-03  0.000000e+00  0.000000e+00  0.000000e+00  0.000000e+00  0.000000e+00  6.386068e+08  6.850253e+08  4.931185e+08  3.621027e+08  3.003601e+08
3.958286e+03  0.000000e+00  3.899305e-03  0.000000e+00  0.000000e+00  0.000000e+00  0.000000e+00  0.000000e+00  6.287958e+08  6.744250e+08  4.855802e+08  3.566688e+08  2.959010e+08
4.004121e+03  0.000000e+00  2.552285e-03  0.000000e+00  0.000000e+00  0.000000e+00  0.000000e+00  0.000000e+00  6.191392e+08  6.639857e+08  4.781495e+08  3.513068e+08  2.914976e+08
4.050487e+03  0.000000e+00  1.661752e-03  0.000000e+00  0.000000e+00  0.000000e+00  0.000000e+00  0.000000e+00  6.096347e+08  6.537050e+08  4.708250e+08  3.460159e+08  2.871494e+08
4.097389e+03  0.000000e+00  1.076147e-03  0.000000e+00  0.000000e+00  0.000000e+00  0.000000e+00  0.000000e+00  6.002796e+08  6.435806e+08  4.636053e+08  3.407953e+08  2.828561e+08
4.144835e+03  0.000000e+00  6.931357e-04  0.000000e+00  0.000000e+00  0.000000e+00  0.000000e+00  0.000000e+00  5.910715e+08  6.336100e+08  4.564891e+08  3.356443e+08  2.786170e+08
4.192829e+03  0.000000e+00  4.439959e-04  0.000000e+00  0.000000e+00  0.000000e+00  0.000000e+00  0.000000e+00  5.820080e+08  6.237910e+08  4.494749e+08  3.305621e+08  2.744319e+08
4.241380e+03  0.000000e+00  2.828304e-04  0.000000e+00  0.000000e+00  0.000000e+00  0.000000e+00  0.000000e+00  5.730866e+08  6.141212e+08  4.425613e+08  3.255481e+08  2.703002e+08
4.290493e+03  0.000000e+00  1.791561e-04  0.000000e+00  0.000000e+00  0.000000e+00  0.000000e+00  0.000000e+00  5.643051e+08  6.045984e+08  4.357472e+08  3.206014e+08  2.662215e+08
4.340175e+03  0.000000e+00  1.128411e-04  0.000000e+00  0.000000e+00  0.000000e+00  0.000000e+00  0.000000e+00  5.556611e+08  5.952204e+08  4.290310e+08  3.157213e+08  2.621952e+08
4.390431e+03  0.000000e+00  7.066503e-05  0.000000e+00  0.000000e+00  0.000000e+00  0.000000e+00  0.000000e+00  5.471523e+08  5.859850e+08  4.224116e+08  3.109071e+08  2.582211e+08
4.441270e+03  0.000000e+00  4.399613e-05  0.000000e+00  0.000000e+00  0.000000e+00  0.000000e+00  0.000000e+00  5.387764e+08  5.768899e+08  4.158877e+08  3.061582e+08  2.542985e+08
4.492698e+03  0.000000e+00  2.723126e-05  0.000000e+00  0.000000e+00  0.000000e+00  0.000000e+00  0.000000e+00  5.305313e+08  5.679332e+08  4.094579e+08  3.014738e+08  2.504271e+08
4.544721e+03  0.000000e+00  1.675463e-05  0.000000e+00  0.000000e+00  0.000000e+00  0.000000e+00  0.000000e+00  5.224149e+08  5.591126e+08  4.031211e+08  2.968532e+08  2.466064e+08
4.597346e+03  0.000000e+00  1.024674e-05  0.000000e+00  0.000000e+00  0.000000e+00  0.000000e+00  0.000000e+00  5.144248e+08  5.504262e+08  3.968760e+08  2.922957e+08  2.428360e+08
4.650581e+03  0.000000e+00  6.228594e-06  0.000000e+00  0.000000e+00  0.000000e+00  0.000000e+00  0.000000e+00  5.065592e+08  5.418718e+08  3.907214e+08  2.878006e+08  2.391153e+08
4.704432e+03  0.000000e+00  3.762853e-06  0.000000e+00  0.000000e+00  0.000000e+00  0.000000e+00  0.000000e+00  4.988158e+08  5.334475e+08  3.846560e+08  2.833673e+08  2.354440e+08
4.758907e+03  0.000000e+00  2.259105e-06  0.000000e+00  0.000000e+00  0.000000e+00  0.000000e+00  0.000000e+00  4.911928e+08  5.251513e+08  3.786787e+08  2.789950e+08  2.318217e+08
4.814012e+03  0.000000e+00  1.347771e-06  0.000000e+00  0.000000e+00  0.000000e+00  0.000000e+00  0.000000e+00  4.836879e+08  5.169812e+08  3.727884e+08  2.746832e+08  2.282477e+08
4.869756e+03  0.000000e+00  7.989591e-07  0.000000e+00  0.000000e+00  0.000000e+00  0.000000e+00  0.000000e+00  4.762994e+08  5.089354e+08  3.669838e+08  2.704311e+08  2.247218e+08
4.926145e+03  0.000000e+00  4.705760e-07  0.000000e+00  0.000000e+00  0.000000e+00  0.000000e+00  0.000000e+00  4.690253e+08  5.010119e+08  3.612639e+08  2.662380e+08  2.212434e+08
4.983187e+03  0.000000e+00  2.753589e-07  0.000000e+00  0.000000e+00  0.000000e+00  0.000000e+00  0.000000e+00  4.618637e+08  4.932090e+08  3.556274e+08  2.621034e+08  2.178121e+08
5.040890e+03  0.000000e+00  1.600663e-07  0.000000e+00  0.000000e+00  0.000000e+00  0.000000e+00  0.000000e+00  4.548128e+08  4.855247e+08  3.500733e+08  2.580265e+08  2.144275e+08
5.099260e+03  0.000000e+00  9.242705e-08  0.000000e+00  0.000000e+00  0.000000e+00  0.000000e+00  0.000000e+00  4.478706e+08  4.779572e+08  3.446005e+08  2.540068e+08  2.110891e+08
5.158307e+03  0.000000e+00  5.301060e-08  0.000000e+00  0.000000e+00  0.000000e+00  0.000000e+00  0.000000e+00  4.410354e+08  4.705049e+08  3.392080e+08  2.500435e+08  2.077964e+08
5.218037e+03  0.000000e+00  3.019652e-08  0.000000e+00  0.000000e+00  0.000000e+00  0.000000e+00  0.000000e+00  4.343056e+08  4.631659e+08  3.338945e+08  2.461361e+08  2.045491e+08
5.278460e+03  0.000000e+00  1.708234e-08  0.000000e+00  0.000000e+00  0.000000e+00  0.000000e+00  0.000000e+00  4.276792e+08  4.559386e+08  3.286591e+08  2.422839e+08  2.013466e+08
5.339581e+03  0.000000e+00  9.596201e-09  0.000000e+00  0.000000e+00  0.000000e+00  0.000000e+00  0.000000e+00  4.211546e+08  4.488212e+08  3.235007e+08  2.384863e+08  1.981885e+08
5.401411e+03  0.000000e+00  5.352757e-09  0.000000e+00  0.000000e+00  0.000000e+00  0.000000e+00  0.000000e+00  4.147302e+08  4.418121e+08  3.184184e+08  2.347427e+08  1.950744e+08
5.463956e+03  0.000000e+00  2.964465e-09  0.000000e+00  0.000000e+00  0.000000e+00  0.000000e+00  0.000000e+00  4.084043e+08  4.349096e+08  3.134110e+08  2.310523e+08  1.920038e+08
5.527226e+03  0.000000e+00  1.629933e-09  0.000000e+00  0.000000e+00  0.000000e+00  0.000000e+00  0.000000e+00  4.021753e+08  4.281122e+08  3.084776e+08  2.274147e+08  1.889763e+08
5.591228e+03  0.000000e+00  8.896344e-10  0.000000e+00  0.000000e+00  0.000000e+00  0.000000e+00  0.000000e+00  3.960417e+08  4.214182e+08  3.036172e+08  2.238293e+08  1.859915e+08
5.655971e+03  0.000000e+00  4.819863e-10  0.000000e+00  0.000000e+00  0.000000e+00  0.000000e+00  0.000000e+00  3.900018e+08  4.148261e+08  2.988287e+08  2.202953e+08  1.830488e+08
5.721464e+03  0.000000e+00  2.591803e-10  0.000000e+00  0.000000e+00  0.000000e+00  0.000000e+00  0.000000e+00  3.840541e+08  4.083343e+08  2.941113e+08  2.168123e+08  1.801479e+08
5.787716e+03  0.000000e+00  1.383170e-10  0.000000e+00  0.000000e+00  0.000000e+00  0.000000e+00  0.000000e+00  3.781972e+08  4.019414e+08  2.894640e+08  2.133795e+08  1.772883e+08
5.854734e+03  0.000000e+00  7.325168e-11  0.000000e+00  0.000000e+00  0.000000e+00  0.000000e+00  0.000000e+00  3.724296e+08  3.956458e+08  2.848858e+08  2.099965e+08  1.744696e+08
5.922529e+03  0.000000e+00  3.849366e-11  0.000000e+00  0.000000e+00  0.000000e+00  0.000000e+00  0.000000e+00  3.667498e+08  3.894461e+08  2.803758e+08  2.066626e+08  1.716913e+08
5.991109e+03  0.000000e+00  2.007020e-11  0.000000e+00  0.000000e+00  0.000000e+00  0.000000e+00  0.000000e+00  3.611564e+08  3.833408e+08  2.759331e+08  2.033773e+08  1.689529e+08
6.060482e+03  0.000000e+00  1.038162e-11  0.000000e+00  0.000000e+00  0.000000e+00  0.000000e+00  0.000000e+00  3.556481e+08  3.773286e+08  2.715568e+08  2.001399e+08  1.662541e+08
6.130659e+03  0.000000e+00  5.327089e-12  0.000000e+00  0.000000e+00  0.000000e+00  0.000000e+00  0.000000e+00  3.502234e+08  3.714080e+08  2.672459e+08  1.969499e+08  1.635945e+08
6.201649e+03  0.000000e+00  2.711351e-12  0.000000e+00  0.000000e+00  0.000000e+00  0.000000e+00  0.000000e+00  3.448811e+08  3.655776e+08  2.629996e+08  1.938068e+08  1.609735e+08
6.273461e+03  0.000000e+00  1.368710e-12  0.000000e+00  0.000000e+00  0.000000e+00  0.000000e+00  0.000000e+00  3.396197e+08  3.598362e+08  2.588170e+08  1.907098e+08  1.583907e+08
6.346104e+03  0.000000e+00  6.852132e-13  0.000000e+00  0.000000e+00  0.000000e+00  0.000000e+00  0.000000e+00  3.344381e+08  3.541822e+08  2.546972e+08  1.876586e+08  1.558458e+08
6.419589e+03  0.000000e+00  3.401629e-13  0.000000e+00  0.000000e+00  0.000000e+00  0.000000e+00  0.000000e+00  3.293350e+08  3.486146e+08  2.506394e+08  1.846525e+08  1.533382e+08
6.493924e+03  0.000000e+00  1.674375e-13  0.000000e+00  0.000000e+00  0.000000e+00  0.000000e+00  0.000000e+00  3.243090e+08  3.431319e+08  2.466427e+08  1.816910e+08  1.508676e+08
6.569120e+03  0.000000e+00  8.171094e-14  0.000000e+00  0.000000e+00  0.000000e+00  0.000000e+00  0.000000e+00  3.193590e+08  3.377328e+08  2.427064e+08  1.787735e+08  1.484334e+08
6.645187e+03  0.000000e+00  3.952994e-14  0.000000e+00  0.000000e+00  0.000000e+00  0.000000e+00  0.000000e+00  3.144838e+08  3.324163e+08  2.388295e+08  1.758994e+08  1.460354e+08
6.722134e+03  0.000000e+00  1.895601e-14  0.000000e+00  0.000000e+00  0.000000e+00  0.000000e+00  0.000000e+00  3.096823e+08  3.271809e+08  2.350112e+08  1.730683e+08  1.436730e+08
6.799973e+03  0.000000e+00  9.009441e-15  0.000000e+00  0.000000e+00  0.000000e+00  0.000000e+00  0.000000e+00  3.049531e+08  3.220255e+08  2.312508e+08  1.702796e+08  1.413459e+08
6.878713e+03  0.000000e+00  4.243600e-15  0.000000e+00  0.000000e+00  0.000000e+00  0.000000e+00  0.000000e+00  3.002953e+08  3.169488e+08  2.275474e+08  1.675327e+08  1.390536e+08
6.958365e+03  0.000000e+00  1.980667e-15  0.000000e+00  0.000000e+00  0.000000e+00  0.000000e+00  0.000000e+00  2.957077e+08  3.119498e+08  2.239003e+08  1.648272e+08  1.367956e+08
7.038939e+03  0.000000e+00  9.159729e-16  0.000000e+00  0.000000e+00  0.000000e+00  0.000000e+00  0.000000e+00  2.911892e+08  3.070273e+08  2.203087e+08  1.621624e+08  1.345717e+08
7.120446e+03  0.000000e+00  4.196642e-16  0.000000e+00  0.000000e+00  0.000000e+00  0.000000e+00  0.000000e+00  2.867387e+08  3.021801e+08  2.167719e+08  1.595380e+08  1.323813e+08
7.202897e+03  0.000000e+00  1.904681e-16  0.000000e+00  0.000000e+00  0.000000e+00  0.000000e+00  0.000000e+00  2.823552e+08  2.974071e+08  2.132889e+08  1.569532e+08  1.302240e+08
7.286302e+03  0.000000e+00  8.562416e-17  0.000000e+00  0.000000e+00  0.000000e+00  0.000000e+00  0.000000e+00  2.780376e+08  2.927071e+08  2.098592e+08  1.544078e+08  1.280995e+08
7.370674e+03  0.000000e+00  3.812203e-17  0.000000e+00  0.000000e+00  0.000000e+00  0.000000e+00  0.000000e+00  2.737850e+08  2.880792e+08  2.064819e+08  1.519010e+08  1.260073e+08
7.456022e+03  0.000000e+00  1.680787e-17  0.000000e+00  0.000000e+00  0.000000e+00  0.000000e+00  0.000000e+00  2.695962e+08  2.835222e+08  2.031564e+08  1.494325e+08  1.239470e+08
7.542359e+03  0.000000e+00  7.337655e-18  0.000000e+00  0.000000e+00  0.000000e+00  0.000000e+00  0.000000e+00  2.654704e+08  2.790350e+08  1.998819e+08  1.470017e+08  1.219183e+08
7.629695e+03  0.000000e+00  3.171466e-18  0.000000e+00  0.000000e+00  0.000000e+00  0.000000e+00  0.000000e+00  2.614066e+08  2.746167e+08  1.966577e+08  1.446081e+08  1.199206e+08
7.718043e+03  0.000000e+00  1.356972e-18  0.000000e+00  0.000000e+00  0.000000e+00  0.000000e+00  0.000000e+00  2.574037e+08  2.702662e+08  1.934830e+08  1.422513e+08  1.179537e+08
7.807414e+03  0.000000e+00  5.746968e-19  0.000000e+00  0.000000e+00  0.000000e+00  0.000000e+00  0.000000e+00  2.534610e+08  2.659825e+08  1.903573e+08  1.399307e+08  1.160170e+08
7.897819e+03  0.000000e+00  2.408864e-19  0.000000e+00  0.000000e+00  0.000000e+00  0.000000e+00  0.000000e+00  2.495774e+08  2.617646e+08  1.872798e+08  1.376458e+08  1.141103e+08
7.989272e+03  0.000000e+00  9.991700e-20  0.000000e+00  0.000000e+00  0.000000e+00  0.000000e+00  0.000000e+00  2.457520e+08  2.576116e+08  1.842497e+08  1.353962e+08  1.122331e+08
8.081783e+03  0.000000e+00  4.100789e-20  0.000000e+00  0.000000e+00  0.000000e+00  0.000000e+00  0.000000e+00  2.419841e+08  2.535224e+08  1.812666e+08  1.331815e+08  1.103850e+08
8.175366e+03  0.000000e+00  1.665111e-20  0.000000e+00  0.000000e+00  0.000000e+00  0.000000e+00  0.000000e+00  2.382726e+08  2.494961e+08  1.783296e+08  1.310010e+08  1.085657e+08
8.270032e+03  0.000000e+00  6.688254e-21  0.000000e+00  0.000000e+00  0.000000e+00  0.000000e+00  0.000000e+00  2.346168e+08  2.455317e+08  1.754381e+08  1.288544e+08  1.067747e+08
8.365795e+03  0.000000e+00  2.657185e-21  0.000000e+00  0.000000e+00  0.000000e+00  0.000000e+00  0.000000e+00  2.310158e+08  2.416285e+08  1.725915e+08  1.267412e+08  1.050117e+08
8.462666e+03  0.000000e+00  1.044034e-21  0.000000e+00  0.000000e+00  0.000000e+00  0.000000e+00  0.000000e+00  2.274688e+08  2.377853e+08  1.697891e+08  1.246610e+08  1.032763e+08
8.560659e+03  0.000000e+00  4.056359e-22  0.000000e+00  0.000000e+00  0.000000e+00  0.000000e+00  0.000000e+00  2.239750e+08  2.340014e+08  1.670304e+08  1.226132e+08  1.015682e+08
8.659787e+03  0.000000e+00  1.558225e-22  0.000000e+00  0.000000e+00  0.000000e+00  0.000000e+00  0.000000e+00  2.205335e+08  2.302759e+08  1.643146e+08  1.205975e+08  9.988686e+07
8.760062e+03  0.000000e+00  5.917505e-23  0.000000e+00  0.000000e+00  0.000000e+00  0.000000e+00  0.000000e+00  2.171436e+08  2.266079e+08  1.616411e+08  1.186133e+08  9.823204e+07
8.861499e+03  0.000000e+00  2.221286e-23  0.000000e+00  0.000000e+00  0.000000e+00  0.000000e+00  0.000000e+00  2.138046e+08  2.229965e+08  1.590094e+08  1.166603e+08  9.660334e+07
8.964110e+03  0.000000e+00  8.240796e-24  0.000000e+00  0.000000e+00  0.000000e+00  0.000000e+00  0.000000e+00  2.105155e+08  2.194409e+08  1.564189e+08  1.147380e+08  9.500039e+07
9.067910e+03  0.000000e+00  3.021159e-24  0.000000e+00  0.000000e+00  0.000000e+00  0.000000e+00  0.000000e+00  2.072758e+08  2.159403e+08  1.538689e+08  1.128460e+08  9.342284e+07
9.172911e+03  0.000000e+00  1.094355e-24  0.000000e+00  0.000000e+00  0.000000e+00  0.000000e+00  0.000000e+00  2.040847e+08  2.124938e+08  1.513588e+08  1.109838e+08  9.187033e+07
9.279129e+03  0.000000e+00  3.916176e-25  0.000000e+00  0.000000e+00  0.000000e+00  0.000000e+00  0.000000e+00  2.009414e+08  2.091007e+08  1.488881e+08  1.091510e+08  9.034250e+07
9.386576e+03  0.000000e+00  1.384283e-25  0.000000e+00  0.000000e+00  0.000000e+00  0.000000e+00  0.000000e+00  1.978452e+08  2.057601e+08  1.464562e+08  1.073472e+08  8.883900e+07
9.495267e+03  0.000000e+00  4.832634e-26  0.000000e+00  0.000000e+00  0.000000e+00  0.000000e+00  0.000000e+00  1.947954e+08  2.024712e+08  1.440625e+08  1.055720e+08  8.735950e+07
9.605217e+03  0.000000e+00  1.666008e-26  0.000000e+00  0.000000e+00  0.000000e+00  0.000000e+00  0.000000e+00  1.917914e+08  1.992333e+08  1.417066e+08  1.038250e+08  8.590363e+07
9.716440e+03  0.000000e+00  5.670756e-27  0.000000e+00  0.000000e+00  0.000000e+00  0.000000e+00  0.000000e+00  1.888325e+08  1.960457e+08  1.393877e+08  1.021057e+08  8.447107e+07
9.828952e+03  0.000000e+00  1.905511e-27  0.000000e+00  0.000000e+00  0.000000e+00  0.000000e+00  0.000000e+00  1.859179e+08  1.929075e+08  1.371053e+08  1.004138e+08  8.306147e+07
9.942765e+03  0.000000e+00  6.320102e-28  0.000000e+00  0.000000e+00  0.000000e+00  0.000000e+00  0.000000e+00  1.830471e+08  1.898181e+08  1.348591e+08  9.874886e+07  8.167451e+07
1.005790e+04  0.000000e+00  2.068774e-28  0.000000e+00  0.000000e+00  0.000000e+00  0.000000e+00  0.000000e+00  1.802194e+08  1.867766e+08  1.326483e+08  9.711047e+07  8.030976e+07
1.017436e+04  0.000000e+00  6.682087e-29  0.000000e+00  0.000000e+00  0.000000e+00  0.000000e+00  0.000000e+00  1.774341e+08  1.837824e+08  1.304725e+08  9.549826e+07  7.896707e+07
1.029218e+04  0.000000e+00  2.129386e-29  0.000000e+00  0.000000e+00  0.000000e+00  0.000000e+00  0.000000e+00  1.746907e+08  1.808348e+08  1.283311e+08  9.391184e+07  7.764603e+07
1.041135e+04  0.000000e+00  6.693786e-30  0.000000e+00  0.000000e+00  0.000000e+00  0.000000e+00  0.000000e+00  1.719885e+08  1.779331e+08  1.262236e+08  9.235084e+07  7.634633e+07
1.053191e+04  0.000000e+00  2.075372e-30  0.000000e+00  0.000000e+00  0.000000e+00  0.000000e+00  0.000000e+00  1.693268e+08  1.750765e+08  1.241496e+08  9.081488e+07  7.506764e+07
1.065387e+04  0.000000e+00  6.345377e-31  0.000000e+00  0.000000e+00  0.000000e+00  0.000000e+00  0.000000e+00  1.667052e+08  1.722645e+08  1.221085e+08  8.930357e+07  7.380965e+07
1.077723e+04  0.000000e+00  1.912872e-31  0.000000e+00  0.000000e+00  0.000000e+00  0.000000e+00  0.000000e+00  1.641230e+08  1.694962e+08  1.200999e+08  8.781656e+07  7.257204e+07
1.090203e+04  0.000000e+00  5.684738e-32  0.000000e+00  0.000000e+00  0.000000e+00  0.000000e+00  0.000000e+00  1.615796e+08  1.667712e+08  1.181232e+08  8.635347e+07  7.135453e+07
1.102827e+04  0.000000e+00  1.665173e-32  0.000000e+00  0.000000e+00  0.000000e+00  0.000000e+00  0.000000e+00  1.590745e+08  1.640886e+08  1.161779e+08  8.491395e+07  7.015679e+07
1.115597e+04  0.000000e+00  4.806839e-33  0.000000e+00  0.000000e+00  0.000000e+00  0.000000e+00  0.000000e+00  1.566071e+08  1.614480e+08  1.142637e+08  8.349765e+07  6.897854e+07
1.128515e+04  0.000000e+00  1.367219e-33  0.000000e+00  0.000000e+00  0.000000e+00  0.000000e+00  0.000000e+00  1.541768e+08  1.588486e+08  1.123799e+08  8.210420e+07  6.781947e+07
1.141582e+04  0.000000e+00  3.831070e-34  0.000000e+00  0.000000e+00  0.000000e+00  0.000000e+00  0.000000e+00  1.517831e+08  1.562898e+08  1.105262e+08  8.073327e+07  6.667929e+07
1.154801e+04  0.000000e+00  1.057379e-34  0.000000e+00  0.000000e+00  0.000000e+00  0.000000e+00  0.000000e+00  1.494255e+08  1.537710e+08  1.087022e+08  7.938452e+07  6.555772e+07
1.168173e+04  0.000000e+00  2.874044e-35  0.000000e+00  0.000000e+00  0.000000e+00  0.000000e+00  0.000000e+00  1.471034e+08  1.512917e+08  1.069072e+08  7.805759e+07  6.445446e+07
1.181700e+04  0.000000e+00  7.691865e-36  0.000000e+00  0.000000e+00  0.000000e+00  0.000000e+00  0.000000e+00  1.448163e+08  1.488511e+08  1.051410e+08  7.675217e+07  6.336924e+07
1.195383e+04  0.000000e+00  2.026597e-36  0.000000e+00  0.000000e+00  0.000000e+00  0.000000e+00  0.000000e+00  1.425637e+08  1.464488e+08  1.034031e+08  7.546792e+07  6.230178e+07
1.209225e+04  0.000000e+00  5.255595e-37  0.000000e+00  0.000000e+00  0.000000e+00  0.000000e+00  0.000000e+00  1.403451e+08  1.440841e+08  1.016930e+08  7.420451e+07  6.125180e+07
1.223227e+04  0.000000e+00  1.341268e-37  0.000000e+00  0.000000e+00  0.000000e+00  0.000000e+00  0.000000e+00  1.381600e+08  1.417564e+08  1.000103e+08  7.296162e+07  6.021903e+07
1.237392e+04  0.000000e+00  3.367965e-38  0.000000e+00  0.000000e+00  0.000000e+00  0.000000e+00  0.000000e+00  1.360079e+08  1.394653e+08  9.835454e+07  7.173894e+07  5.920320e+07
1.251720e+04  0.000000e+00  8.319486e-39  0.000000e+00  0.000000e+00  0.000000e+00  0.000000e+00  0.000000e+00  1.338882e+08  1.372101e+08  9.672539e+07  7.053615e+07  5.820404e+07
1.266214e+04  0.000000e+00  2.021249e-39  0.000000e+00  0.000000e+00  0.000000e+00  0.000000e+00  0.000000e+00  1.318007e+08  1.349903e+08  9.512240e+07  6.935294e+07  5.722130e+07
1.280876e+04  0.000000e+00  4.828967e-40  0.000000e+00  0.000000e+00  0.000000e+00  0.000000e+00  0.000000e+00  1.297446e+08  1.328054e+08  9.354517e+07  6.818900e+07  5.625472e+07
1.295708e+04  0.000000e+00  1.134267e-40  0.000000e+00  0.000000e+00  0.000000e+00  0.000000e+00  0.000000e+00  1.277197e+08  1.306548e+08  9.199329e+07  6.704405e+07  5.530404e+07
1.310712e+04  0.000000e+00  2.618891e-41  0.000000e+00  0.000000e+00  0.000000e+00  0.000000e+00  0.000000e+00  1.257254e+08  1.285380e+08  9.046638e+07  6.591777e+07  5.436901e+07
1.325889e+04  0.000000e+00  5.942573e-42  0.000000e+00  0.000000e+00  0.000000e+00  0.000000e+00  0.000000e+00  1.237613e+08  1.264545e+08  8.896404e+07  6.480987e+07  5.344938e+07
1.341242e+04  0.000000e+00  1.324949e-42  0.000000e+00  0.000000e+00  0.000000e+00  0.000000e+00  0.000000e+00  1.218269e+08  1.244037e+08  8.748590e+07  6.372007e+07  5.254491e+07
1.356773e+04  0.000000e+00  2.902036e-43  0.000000e+00  0.000000e+00  0.000000e+00  0.000000e+00  0.000000e+00  1.199219e+08  1.223853e+08  8.603158e+07  6.264808e+07  5.165536e+07
1.372484e+04  0.000000e+00  6.243040e-44  0.000000e+00  0.000000e+00  0.000000e+00  0.000000e+00  0.000000e+00  1.180457e+08  1.203986e+08  8.460070e+07  6.159362e+07  5.078048e+07
1.388376e+04  0.000000e+00  1.318830e-44  0.000000e+00  0.000000e+00  0.000000e+00  0.000000e+00  0.000000e+00  1.161980e+08  1.184432e+08  8.319289e+07  6.055641e+07  4.992005e+07
1.404453e+04  0.000000e+00  2.735200e-45  0.000000e+00  0.000000e+00  0.000000e+00  0.000000e+00  0.000000e+00  1.143783e+08  1.165186e+08  8.180781e+07  5.953618e+07  4.907382e+07
1.420716e+04  0.000000e+00  5.568071e-46  0.000000e+00  0.000000e+00  0.000000e+00  0.000000e+00  0.000000e+00  1.125862e+08  1.146244e+08  8.044508e+07  5.853266e+07  4.824158e+07
1.437167e+04  0.000000e+00  1.112351e-46  0.000000e+00  0.000000e+00  0.000000e+00  0.000000e+00  0.000000e+00  1.108213e+08  1.127600e+08  7.910436e+07  5.754558e+07  4.742310e+07
1.453808e+04  0.000000e+00  2.180249e-47  0.000000e+00  0.000000e+00  0.000000e+00  0.000000e+00  0.000000e+00  1.090832e+08  1.109250e+08  7.778530e+07  5.657468e+07  4.661816e+07
1.470643e+04  0.000000e+00  4.191808e-48  0.000000e+00  0.000000e+00  0.000000e+00  0.000000e+00  0.000000e+00  1.073715e+08  1.091190e+08  7.648757e+07  5.561970e+07  4.582653e+07
1.487672e+04  0.000000e+00  7.903708e-49  0.000000e+00  0.000000e+00  0.000000e+00  0.000000e+00  0.000000e+00  1.056859e+08  1.073415e+08  7.521081e+07  5.468038e+07  4.504800e+07
1.504898e+04  0.000000e+00  1.461156e-49  0.000000e+00  0.000000e+00  0.000000e+00  0.000000e+00  0.000000e+00  1.040259e+08  1.055920e+08  7.395471e+07  5.375647e+07  4.428236e+07
1.522324e+04  0.000000e+00  2.647885e-50  0.000000e+00  0.000000e+00  0.000000e+00  0.000000e+00  0.000000e+00  1.023911e+08  1.038702e+08  7.271894e+07  5.284774e+07  4.352940e+07
1.539952e+04  0.000000e+00  4.702605e-51  0.000000e+00  0.000000e+00  0.000000e+00  0.000000e+00  0.000000e+00  1.007812e+08  1.021756e+08  7.150317e+07  5.195392e+07  4.278892e+07
1.557784e+04  0.000000e+00  8.183010e-52  0.000000e+00  0.000000e+00  0.000000e+00  0.000000e+00  0.000000e+00  9.919583e+07  1.005078e+08  7.030709e+07  5.107478e+07  4.206070e+07
1.575822e+04  0.000000e+00  1.394827e-52  0.000000e+00  0.000000e+00  0.000000e+00  0.000000e+00  0.000000e+00  9.763460e+07  9.886635e+07  6.913038e+07  5.021009e+07  4.134455e+07
1.594069e+04  0.000000e+00  2.328392e-53  0.000000e+00  0.000000e+00  0.000000e+00  0.000000e+00  0.000000e+00  9.609717e+07  9.725085e+07  6.797273e+07  4.935962e+07  4.064028e+07
1.612528e+04  0.000000e+00  3.805535e-54  0.000000e+00  0.000000e+00  0.000000e+00  0.000000e+00  0.000000e+00  9.458316e+07  9.566091e+07  6.683385e+07  4.852312e+07  3.994768e+07
1.631200e+04  0.000000e+00  6.088254e-55  0.000000e+00  0.000000e+00  0.000000e+00  0.000000e+00  0.000000e+00  9.309225e+07  9.409612e+07  6.571343e+07  4.770038e+07  3.926657e+07
1.650088e+04  0.000000e+00  9.531907e-56  0.000000e+00  0.000000e+00  0.000000e+00  0.000000e+00  0.000000e+00  9.162408e+07  9.255611e+07  6.461118e+07  4.689117e+07  3.859675e+07
1.669195e+04  0.000000e+00  1.460051e-56  0.000000e+00  0.000000e+00  0.000000e+00  0.000000e+00  0.000000e+00  9.017832e+07  9.104047e+07  6.352681e+07  4.609527e+07  3.793805e+07
1.688524e+04  0.000000e+00  2.187497e-57  0.000000e+00  0.000000e+00  0.000000e+00  0.000000e+00  0.000000e+00  8.875463e+07  8.954883e+07  6.246004e+07  4.531247e+07  3.729028e+07
1.708076e+04  0.000000e+00  3.204844e-58  0.000000e+00  0.000000e+00  0.000000e+00  0.000000e+00  0.000000e+00  8.735269e+07  8.808082e+07  6.141057e+07  4.454255e+07  3.665325e+07
1.727855e+04  0.000000e+00  4.590222e-59  0.000000e+00  0.000000e+00  0.000000e+00  0.000000e+00  0.000000e+00  8.597216e+07  8.663606e+07  6.037813e+07  4.378530e+07  3.602679e+07
1.747862e+04  0.000000e+00  6.425606e-60  0.000000e+00  0.000000e+00  0.000000e+00  0.000000e+00  0.000000e+00  8.461273e+07  8.521420e+07  5.936246e+07  4.304052e+07  3.541074e+07
1.768102e+04  0.000000e+00  8.788866e-61  0.000000e+00  0.000000e+00  0.000000e+00  0.000000e+00  0.000000e+00  8.327409e+07  8.381488e+07  5.836328e+07  4.230800e+07  3.480490e+07
1.788575e+04  0.000000e+00  1.174285e-61  0.000000e+00  0.000000e+00  0.000000e+00  0.000000e+00  0.000000e+00  8.195592e+07  8.243774e+07  5.738033e+07  4.158754e+07  3.420913e+07
1.809286e+04  0.000000e+00  1.532210e-62  0.000000e+00  0.000000e+00  0.000000e+00  0.000000e+00  0.000000e+00  8.065792e+07  8.108243e+07  5.641334e+07  4.087894e+07  3.362324e+07
1.830236e+04  0.000000e+00  1.951855e-63  0.000000e+00  0.000000e+00  0.000000e+00  0.000000e+00  0.000000e+00  7.937979e+07  7.974862e+07  5.546207e+07  4.018202e+07  3.304708e+07
1.851430e+04  0.000000e+00  2.426841e-64  0.000000e+00  0.000000e+00  0.000000e+00  0.000000e+00  0.000000e+00  7.812122e+07  7.843597e+07  5.452625e+07  3.949657e+07  3.248048e+07
1.872868e+04  0.000000e+00  2.944267e-65  0.000000e+00  0.000000e+00  0.000000e+00  0.000000e+00  0.000000e+00  7.688193e+07  7.714414e+07  5.360564e+07  3.882242e+07  3.192329e+07
1.894555e+04  0.000000e+00  3.484431e-66  0.000000e+00  0.000000e+00  0.000000e+00  0.000000e+00  0.000000e+00  7.566162e+07  7.587281e+07  5.269999e+07  3.815937e+07  3.137534e+07
1.916493e+04  0.000000e+00  4.021429e-67  0.000000e+00  0.000000e+00  0.000000e+00  0.000000e+00  0.000000e+00  7.446002e+07  7.462166e+07  5.180906e+07  3.750724e+07  3.083649e+07
1.938685e+04  0.000000e+00  4.524772e-68  0.000000e+00  0.000000e+00  0.000000e+00  0.000000e+00  0.000000e+00  7.327683e+07  7.339037e+07  5.093262e+07  3.686586e+07  3.030659e+07
1.961134e+04  0.000000e+00  4.961955e-69  0.000000e+00  0.000000e+00  0.000000e+00  0.000000e+00  0.000000e+00  7.211179e+07  7.217862e+07  5.007043e+07  3.623504e+07  2.978548e+07
1.983843e+04  0.000000e+00  5.301755e-70  0.000000e+00  0.000000e+00  0.000000e+00  0.000000e+00  0.000000e+00  7.096461e+07  7.098612e+07  4.922225e+07  3.561462e+07  2.927302e+07
2.006814e+04  0.000000e+00  5.517807e-71  0.000000e+00  0.000000e+00  0.000000e+00  0.000000e+00  0.000000e+00  6.983504e+07  6.981255e+07  4.838787e+07  3.500442e+07  2.876907e+07
2.030052e+04  0.000000e+00  5.591921e-72  0.000000e+00  0.000000e+00  0.000000e+00  0.000000e+00  0.000000e+00  6.872280e+07  6.865762e+07  4.756707e+07  3.440427e+07  2.827348e+07
2.053559e+04  0.000000e+00  5.516575e-73  0.000000e+00  0.000000e+00  0.000000e+00  0.000000e+00  0.000000e+00  6.762764e+07  6.752104e+07  4.675961e+07  3.381401e+07  2.778611e+07
2.077338e+04  0.000000e+00  5.296105e-74  0.000000e+00  0.000000e+00  0.000000e+00  0.000000e+00  0.000000e+00  6.654930e+07  6.640251e+07  4.596529e+07  3.323348e+07  2.730683e+07
2.101393e+04  0.000000e+00  4.946357e-75  0.000000e+00  0.000000e+00  0.000000e+00  0.000000e+00  0.000000e+00  6.548751e+07  6.530176e+07  4.518389e+07  3.266251e+07  2.683550e+07
2.125726e+04  0.000000e+00  4.492805e-76  0.000000e+00  0.000000e+00  0.000000e+00  0.000000e+00  0.000000e+00  6.444204e+07  6.421850e+07  4.441520e+07  3.210095e+07  2.637199e+07
2.150340e+04  0.000000e+00  3.967463e-77  0.000000e+00  0.000000e+00  0.000000e+00  0.000000e+00  0.000000e+00  6.341263e+07  6.315245e+07  4.365902e+07  3.154864e+07  2.591617e+07
2.175240e+04  0.000000e+00  3.405099e-78  0.000000e+00  0.000000e+00  0.000000e+00  0.000000e+00  0.000000e+00  6.239905e+07  6.210335e+07  4.291515e+07  3.100543e+07  2.546791e+07
2.200428e+04  0.000000e+00  2.839388e-79  0.000000e+00  0.000000e+00  0.000000e+00  0.000000e+00  0.000000e+00  6.140105e+07  6.107092e+07  4.218338e+07  3.047117e+07  2.502709e+07
2.225908e+04  0.000000e+00  2.299604e-80  0.000000e+00  0.000000e+00  0.000000e+00  0.000000e+00  0.000000e+00  6.041839e+07  6.005491e+07  4.146352e+07  2.994571e+07  2.459358e+07
2.251683e+04  0.000000e+00  1.808288e-81  0.000000e+00  0.000000e+00  0.000000e+00  0.000000e+00  0.000000e+00  5.945085e+07  5.905505e+07  4.075537e+07  2.942891e+07  2.416725e+07
2.277756e+04  0.000000e+00  1.380132e-82  0.000000e+00  0.000000e+00  0.000000e+00  0.000000e+00  0.000000e+00  5.849819e+07  5.807109e+07  4.005875e+07  2.892063e+07  2.374800e+07
2.304131e+04  0.000000e+00  1.022025e-83  0.000000e+00  0.000000e+00  0.000000e+00  0.000000e+00  0.000000e+00  5.756020e+07  5.710278e+07  3.937347e+07  2.842071e+07  2.333569e+07
2.330812e+04  0.000000e+00  7.340717e-85  0.000000e+00  0.000000e+00  0.000000e+00  0.000000e+00  0.000000e+00  5.663664e+07  5.614986e+07  3.869934e+07  2.792904e+07  2.293022e+07
2.357801e+04  0.000000e+00  5.112086e-86  0.000000e+00  0.000000e+00  0.000000e+00  0.000000e+00  0.000000e+00  5.572729e+07  5.521210e+07  3.803619e+07  2.744546e+07  2.253147e+07
2.385103e+04  0.000000e+00  3.450525e-87  0.000000e+00  0.000000e+00  0.000000e+00  0.000000e+00  0.000000e+00  5.483194e+07  5.428926e+07  3.738384e+07  2.696985e+07  2.213933e+07
2.412722e+04  0.000000e+00  2.256536e-88  0.000000e+00  0.000000e+00  0.000000e+00  0.000000e+00  0.000000e+00  5.395039e+07  5.338109e+07  3.674210e+07  2.650207e+07  2.175369e+07
2.440660e+04  0.000000e+00  1.429257e-89  0.000000e+00  0.000000e+00  0.000000e+00  0.000000e+00  0.000000e+00  5.308240e+07  5.248738e+07  3.611082e+07  2.604200e+07  2.137444e+07
2.468921e+04  0.000000e+00  8.764533e-91  0.000000e+00  0.000000e+00  0.000000e+00  0.000000e+00  0.000000e+00  5.222779e+07  5.160788e+07  3.548981e+07  2.558950e+07  2.100147e+07
2.497510e+04  0.000000e+00  5.201574e-92  0.000000e+00  0.000000e+00  0.000000e+00  0.000000e+00  0.000000e+00  5.138635e+07  5.074237e+07  3.487891e+07  2.514446e+07  2.063468e+07
2.526430e+04  0.000000e+00  2.986509e-93  0.000000e+00  0.000000e+00  0.000000e+00  0.000000e+00  0.000000e+00  5.055787e+07  4.989064e+07  3.427796e+07  2.470675e+07  2.027396e+07
2.555684e+04  0.000000e+00  1.658248e-94  0.000000e+00  0.000000e+00  0.000000e+00  0.000000e+00  0.000000e+00  4.974216e+07  4.905246e+07  3.368680e+07  2.427625e+07  1.991923e+07
2.585278e+04  0.000000e+00  8.900679e-96  0.000000e+00  0.000000e+00  0.000000e+00  0.000000e+00  0.000000e+00  4.893901e+07  4.822762e+07  3.310526e+07  2.385283e+07  1.957036e+07
2.615214e+04  0.000000e+00  4.616519e-97  0.000000e+00  0.000000e+00  0.000000e+00  0.000000e+00  0.000000e+00  4.814825e+07  4.741591e+07  3.253320e+07  2.343639e+07  1.922728e+07
2.645497e+04  0.000000e+00  2.312872e-98  0.000000e+00  0.000000e+00  0.000000e+00  0.000000e+00  0.000000e+00  4.736968e+07  4.661711e+07  3.197045e+07  2.302681e+07  1.888987e+07
2.676130e+04  0.000000e+00  1.118819e-99  0.000000e+00  0.000000e+00  0.000000e+00  0.000000e+00  0.000000e+00  4.660312e+07  4.583103e+07  3.141687e+07  2.262398e+07  1.855806e+07
2.707118e+04  0.000000e+00  5.223511e-101  0.000000e+00  0.000000e+00  0.000000e+00  0.000000e+00  0.000000e+00  4.584837e+07  4.505747e+07  3.087231e+07  2.222778e+07  1.823173e+07
2.738465e+04  0.000000e+00  2.352783e-102  0.000000e+00  0.000000e+00  0.000000e+00  0.000000e+00  0.000000e+00  4.510527e+07  4.429621e+07  3.033662e+07  2.183810e+07  1.791081e+07
2.770175e+04  0.000000e+00  1.021967e-103  0.000000e+00  0.000000e+00  0.000000e+00  0.000000e+00  0.000000e+00  4.437362e+07  4.354708e+07  2.980966e+07  2.145485e+07  1.759521e+07
2.802252e+04  0.000000e+00  4.279033e-105  0.000000e+00  0.000000e+00  0.000000e+00  0.000000e+00  0.000000e+00  4.365326e+07  4.280988e+07  2.929128e+07  2.107790e+07  1.728482e+07
2.834701e+04  0.000000e+00  1.726327e-106  0.000000e+00  0.000000e+00  0.000000e+00  0.000000e+00  0.000000e+00  4.294401e+07  4.208441e+07  2.878135e+07  2.070716e+07  1.697958e+07
2.867525e+04  0.000000e+00  6.707836e-108  0.000000e+00  0.000000e+00  0.000000e+00  0.000000e+00  0.000000e+00  4.224570e+07  4.137049e+07  2.827973e+07  2.034253e+07  1.667939e+07
2.900729e+04  0.000000e+00  2.509197e-109  0.000000e+00  0.000000e+00  0.000000e+00  0.000000e+00  0.000000e+00  4.155817e+07  4.066795e+07  2.778629e+07  1.998391e+07  1.638417e+07
2.934318e+04  0.000000e+00  9.032107e-111  0.000000e+00  0.000000e+00  0.000000e+00  0.000000e+00  0.000000e+00  4.088124e+07  3.997659e+07  2.730089e+07  1.963119e+07  1.609383e+07
2.968296e+04  0.000000e+00  3.127173e-112  0.000000e+00  0.000000e+00  0.000000e+00  0.000000e+00  0.000000e+00  4.021476e+07  3.929624e+07  2.682340e+07  1.928429e+07  1.580830e+07
3.002667e+04  0.000000e+00  1.040945e-113  0.000000e+00  0.000000e+00  0.000000e+00  0.000000e+00  0.000000e+00  3.955857e+07  3.862673e+07  2.635370e+07  1.894309e+07  1.552750e+07
3.037436e+04  0.000000e+00  3.329802e-115  0.000000e+00  0.000000e+00  0.000000e+00  0.000000e+00  0.000000e+00  3.891250e+07  3.796789e+07  2.589165e+07  1.860752e+07  1.525134e+07
3.072608e+04  0.000000e+00  1.023114e-116  0.000000e+00  0.000000e+00  0.000000e+00  0.000000e+00  0.000000e+00  3.827640e+07  3.731954e+07  2.543714e+07  1.827748e+07  1.497976e+07
3.108187e+04  0.000000e+00  3.018160e-118  0.000000e+00  0.000000e+00  0.000000e+00  0.000000e+00  0.000000e+00  3.765011e+07  3.668152e+07  2.499004e+07  1.795288e+07  1.471267e+07
3.144179e+04  0.000000e+00  8.544133e-120  0.000000e+00  0.000000e+00  0.000000e+00  0.000000e+00  0.000000e+00  3.703349e+07  3.605367e+07  2.455024e+07  1.763363e+07  1.445001e+07
3.180586e+04  0.000000e+00  2.320033e-121  0.000000e+00  0.000000e+00  0.000000e+00  0.000000e+00  0.000000e+00  3.642639e+07  3.543582e+07  2.411761e+07  1.731964e+07  1.419169e+07
3.217416e+04  0.000000e+00  6.039644e-123  0.000000e+00  0.000000e+00  0.000000e+00  0.000000e+00  0.000000e+00  3.582866e+07  3.482781e+07  2.369204e+07  1.701082e+07  1.393766e+07
3.254672e+04  0.000000e+00  1.506633e-124  0.000000e+00  0.000000e+00  0.000000e+00  0.000000e+00  0.000000e+00  3.524016e+07  3.422950e+07  2.327342e+07  1.670710e+07  1.368783e+07
3.292359e+04  0.000000e+00  3.599712e-126  0.000000e+00  0.000000e+00  0.000000e+00  0.000000e+00  0.000000e+00  3.466074e+07  3.364072e+07  2.286162e+07  1.640838e+07  1.344213e+07
3.330483e+04  0.000000e+00  8.233330e-128  0.000000e+00  0.000000e+00  0.000000e+00  0.000000e+00  0.000000e+00  3.409026e+07  3.306133e+07  2.245655e+07  1.611459e+07  1.320050e+07
3.369048e+04  0.000000e+00  1.801820e-129  0.000000e+00  0.000000e+00  0.000000e+00  0.000000e+00  0.000000e+00  3.352859e+07  3.249118e+07  2.205810e+07  1.582565e+07  1.296288e+07
3.408060e+04  0.000000e+00  3.770970e-131  0.000000e+00  0.000000e+00  0.000000e+00  0.000000e+00  0.000000e+00  3.297558e+07  3.193012e+07  2.166615e+07  1.554147e+07  1.272920e+07
3.447523e+04  0.000000e+00  7.543560e-133  0.000000e+00  0.000000e+00  0.000000e+00  0.000000e+00  0.000000e+00  3.243111e+07  3.137800e+07  2.128061e+07  1.526198e+07  1.249938e+07
3.487444e+04  0.000000e+00  1.441630e-134  0.000000e+00  0.000000e+00  0.000000e+00  0.000000e+00  0.000000e+00  3.189505e+07  3.083469e+07  2.090136e+07  1.498710e+07  1.227338e+07
3.527826e+04  0.000000e+00  2.630605e-136  0.000000e+00  0.000000e+00  0.000000e+00  0.000000e+00  0.000000e+00  3.136726e+07  3.030005e+07  2.052831e+07  1.471676e+07  1.205112e+07
3.568677e+04  0.000000e+00  4.580886e-138  0.000000e+00  0.000000e+00  0.000000e+00  0.000000e+00  0.000000e+00  3.084762e+07  2.977393e+07  2.016136e+07  1.445089e+07  1.183254e+07
3.610000e+04  0.000000e+00  7.608520e-140  0.000000e+00  0.000000e+00  0.000000e+00  0.000000e+00  0.000000e+00  3.033599e+07  2.925621e+07  1.980041e+07  1.418940e+07  1.161759e+07
3.651802e+04  0.000000e+00  1.204675e-141  0.000000e+00  0.000000e+00  0.000000e+00  0.000000e+00  0.000000e+00  2.983226e+07  2.874675e+07  1.944537e+07  1.393224e+07  1.140621e+07
3.694088e+04  0.000000e+00  1.817263e-143  0.000000e+00  0.000000e+00  0.000000e+00  0.000000e+00  0.000000e+00  2.933631e+07  2.824542e+07  1.909613e+07  1.367932e+07  1.119833e+07
3.736863e+04  0.000000e+00  2.610361e-145  0.000000e+00  0.000000e+00  0.000000e+00  0.000000e+00  0.000000e+00  2.884801e+07  2.775210e+07  1.875261e+07  1.343059e+07  1.099390e+07
3.780134e+04  0.000000e+00  3.568388e-147  0.000000e+00  0.000000e+00  0.000000e+00  0.000000e+00  0.000000e+00  2.836725e+07  2.726665e+07  1.841471e+07  1.318597e+07  1.079287e+07
3.823906e+04  0.000000e+00  4.639627e-149  0.000000e+00  0.000000e+00  0.000000e+00  0.000000e+00  0.000000e+00  2.789391e+07  2.678895e+07  1.808234e+07  1.294539e+07  1.059517e+07
3.868185e+04  0.000000e+00  5.734317e-151  0.000000e+00  0.000000e+00  0.000000e+00  0.000000e+00  0.000000e+00  2.742787e+07  2.631888e+07  1.775542e+07  1.270879e+07  1.040076e+07
3.912976e+04  0.000000e+00  6.733068e-153  0.000000e+00  0.000000e+00  0.000000e+00  0.000000e+00  0.000000e+00  2.696902e+07  2.585632e+07  1.743386e+07  1.247611e+07  1.020958e+07
3.958286e+04  0.000000e+00  7.506183e-155  0.000000e+00  0.000000e+00  0.000000e+00  0.000000e+00  0.000000e+00  2.651726e+07  2.540115e+07  1.711756e+07  1.224729e+07  1.002158e+07
4.004121e+04  0.000000e+00  7.940344e-157  0.000000e+00  0.000000e+00  0.000000e+00  0.000000e+00  0.000000e+00  2.607246e+07  2.495325e+07  1.680646e+07  1.202225e+07  9.836698e+06
4.050487e+04  0.000000e+00  7.965438e-159  0.000000e+00  0.000000e+00  0.000000e+00  0.000000e+00  0.000000e+00  2.563453e+07  2.451251e+07  1.650045e+07  1.180094e+07  9.654895e+06
4.097389e+04  0.000000e+00  7.572918e-161  0.000000e+00  0.000000e+00  0.000000e+00  0.000000e+00  0.000000e+00  2.520335e+07  2.407882e+07  1.619947e+07  1.158330e+07  9.476118e+06
4.144835e+04  0.000000e+00  6.819148e-163  0.000000e+00  0.000000e+00  0.000000e+00  0.000000e+00  0.000000e+00  2.477883e+07  2.365207e+07  1.590343e+07  1.136927e+07  9.300317e+06
4.192829e+04  0.000000e+00  5.812155e-165  0.000000e+00  0.000000e+00  0.000000e+00  0.000000e+00  0.000000e+00  2.436086e+07  2.323214e+07  1.561225e+07  1.115879e+07  9.127445e+06
4.241380e+04  0.000000e+00  4.686063e-167  0.000000e+00  0.000000e+00  0.000000e+00  0.000000e+00  0.000000e+00  2.394934e+07  2.281893e+07  1.532586e+07  1.095180e+07  8.957453e+06
4.290493e+04  0.000000e+00  3.571605e-169  0.000000e+00  0.000000e+00  0.000000e+00  0.000000e+00  0.000000e+00  2.354416e+07  2.241233e+07  1.504418e+07  1.074826e+07  8.790295e+06
4.340175e+04  0.000000e+00  2.571700e-171  0.000000e+00  0.000000e+00  0.000000e+00  0.000000e+00  0.000000e+00  2.314524e+07  2.201224e+07  1.476712e+07  1.054809e+07  8.625926e+06
4.390431e+04  0.000000e+00  1.748207e-173  0.000000e+00  0.000000e+00  0.000000e+00  0.000000e+00  0.000000e+00  2.275246e+07  2.161856e+07  1.449463e+07  1.035125e+07  8.464300e+06
4.441270e+04  0.000000e+00  1.121223e-175  0.000000e+00  0.000000e+00  0.000000e+00  0.000000e+00  0.000000e+00  2.236575e+07  2.123118e+07  1.422663e+07  1.015769e+07  8.305373e+06
4.492698e+04  0.000000e+00  6.779921e-178  0.000000e+00  0.000000e+00  0.000000e+00  0.000000e+00  0.000000e+00  2.198501e+07  2.085001e+07  1.396304e+07  9.967352e+06  8.149101e+06
4.544721e+04  0.000000e+00  3.862736e-180  0.000000e+00  0.000000e+00  0.000000e+00  0.000000e+00  0.000000e+00  2.161013e+07  2.047496e+07  1.370379e+07  9.780181e+06  7.995442e+06
4.597346e+04  0.000000e+00  2.072066e-182  0.000000e+00  0.000000e+00  0.000000e+00  0.000000e+00  0.000000e+00  2.124104e+07  2.010591e+07  1.344882e+07  9.596130e+06  7.844354e+06
4.650581e+04  0.000000e+00  1.045797e-184  0.000000e+00  0.000000e+00  0.000000e+00  0.000000e+00  0.000000e+00  2.087764e+07  1.974279e+07  1.319806e+07  9.415148e+06  7.695795e+06
4.704432e+04  0.000000e+00  4.962723e-187  0.000000e+00  0.000000e+00  0.000000e+00  0.000000e+00  0.000000e+00  2.051985e+07  1.938549e+07  1.295143e+07  9.237187e+06  7.549725e+06
4.758907e+04  0.000000e+00  2.212644e-189  0.000000e+00  0.000000e+00  0.000000e+00  0.000000e+00  0.000000e+00  2.016758e+07  1.903393e+07  1.270889e+07  9.062197e+06  7.406103e+06
4.814012e+04  0.000000e+00  9.262071e-192  0.000000e+00  0.000000e+00  0.000000e+00  0.000000e+00  0.000000e+00  1.982074e+07  1.868801e+07  1.247035e+07  8.890131e+06  7.264891e+06
4.869756e+04  0.000000e+00  3.637415e-194  0.000000e+00  0.000000e+00  0.000000e+00  0.000000e+00  0.000000e+00  1.947924e+07  1.834765e+07  1.223576e+07  8.720943e+06  7.126049e+06
4.926145e+04  0.000000e+00  1.339197e-196  0.000000e+00  0.000000e+00  0.000000e+00  0.000000e+00  0.000000e+00  1.914302e+07  1.801276e+07  1.200505e+07  8.554587e+06  6.989540e+06
4.983187e+04  0.000000e+00  4.618904e-199  0.000000e+00  0.000000e+00  0.000000e+00  0.000000e+00  0.000000e+00  1.881198e+07  1.768326e+07  1.177817e+07  8.391017e+06  6.855326e+06
5.040890e+04  0.000000e+00  1.491239e-201  0.000000e+00  0.000000e+00  0.000000e+00  0.000000e+00  0.000000e+00  1.848605e+07  1.735906e+07  1.155504e+07  8.230188e+06  6.723371e+06
5.099260e+04  0.000000e+00  4.503372e-204  0.000000e+00  0.000000e+00  0.000000e+00  0.000000e+00  0.000000e+00  1.816515e+07  1.704008e+07  1.133562e+07  8.072058e+06  6.593639e+06
5.158307e+04  0.000000e+00  1.271084e-206  0.000000e+00  0.000000e+00  0.000000e+00  0.000000e+00  0.000000e+00  1.784919e+07  1.672623e+07  1.111985e+07  7.916584e+06  6.466093e+06
5.218037e+04  0.000000e+00  3.350555e-209  0.000000e+00  0.000000e+00  0.000000e+00  0.000000e+00  0.000000e+00  1.753812e+07  1.641745e+07  1.090766e+07  7.763722e+06  6.340700e+06
5.278460e+04  0.000000e+00  8.241789e-212  0.000000e+00  0.000000e+00  0.000000e+00  0.000000e+00  0.000000e+00  1.723184e+07  1.611364e+07  1.069899e+07  7.613431e+06  6.217424e+06
5.339581e+04  0.000000e+00  1.890343e-214  0.000000e+00  0.000000e+00  0.000000e+00  0.000000e+00  0.000000e+00  1.693028e+07  1.581473e+07  1.049381e+07  7.465671e+06  6.096232e+06
5.401411e+04  0.000000e+00  4.039451e-217  0.000000e+00  0.000000e+00  0.000000e+00  0.000000e+00  0.000000e+00  1.663338e+07  1.552065e+07  1.029204e+07  7.320402e+06  5.977091e+06
5.463956e+04  0.000000e+00  8.035459e-220  0.000000e+00  0.000000e+00  0.000000e+00  0.000000e+00  0.000000e+00  1.634106e+07  1.523131e+07  1.009363e+07  7.177583e+06  5.859968e+06
5.527226e+04  0.000000e+00  1.486776e-222  0.000000e+00  0.000000e+00  0.000000e+00  0.000000e+00  0.000000e+00  1.605325e+07  1.494666e+07  9.898540e+06  7.037176e+06  5.744831e+06
5.591228e+04  0.000000e+00  2.556601e-225  0.000000e+00  0.000000e+00  0.000000e+00  0.000000e+00  0.000000e+00  1.576988e+07  1.466661e+07  9.706708e+06  6.899142e+06  5.631649e+06
5.655971e+04  0.000000e+00  4.082199e-228  0.000000e+00  0.000000e+00  0.000000e+00  0.000000e+00  0.000000e+00  1.549089e+07  1.439109e+07  9.518084e+06  6.763445e+06  5.520390e+06
5.721464e+04  0.000000e+00  6.047372e-231  0.000000e+00  0.000000e+00  0.000000e+00  0.000000e+00  0.000000e+00  1.521620e+07  1.412003e+07  9.332618e+06  6.630046e+06  5.411024e+06
5.787716e+04  0.000000e+00  8.304308e-234  0.000000e+00  0.000000e+00  0.000000e+00  0.000000e+00  0.000000e+00  1.494576e+07  1.385337e+07  9.150260e+06  6.498911e+06  5.303520e+06
5.854734e+04  0.000000e+00  1.056144e-236  0.000000e+00  0.000000e+00  0.000000e+00  0.000000e+00  0.000000e+00  1.467949e+07  1.359103e+07  8.970962e+06  6.370002e+06  5.197850e+06
5.922529e+04  0.000000e+00  1.242910e-239  0.000000e+00  0.000000e+00  0.000000e+00  0.000000e+00  0.000000e+00  1.441734e+07  1.333295e+07  8.794675e+06  6.243285e+06  5.093985e+06
5.991109e+04  0.000000e+00  1.352269e-242  0.000000e+00  0.000000e+00  0.000000e+00  0.000000e+00  0.000000e+00  1.415923e+07  1.307906e+07  8.621353e+06  6.118725e+06  4.991895e+06
6.060482e+04  0.000000e+00  1.358935e-245  0.000000e+00  0.000000e+00  0.000000e+00  0.000000e+00  0.000000e+00  1.390512e+07  1.282930e+07  8.450949e+06  5.996288e+06  4.891552e+06
6.130659e+04  0.000000e+00  1.260222e-248  0.000000e+00  0.000000e+00  0.000000e+00  0.000000e+00  0.000000e+00  1.365493e+07  1.258361e+07  8.283417e+06  5.875941e+06  4.792930e+06
6.201649e+04  0.000000e+00  1.077467e-251  0.000000e+00  0.000000e+00  0.000000e+00  0.000000e+00  0.000000e+00  1.340861e+07  1.234192e+07  8.118712e+06  5.757651e+06  4.696001e+06
6.273461e+04  0.000000e+00  8.485174e-255  0.000000e+00  0.000000e+00  0.000000e+00  0.000000e+00  0.000000e+00  1.316610e+07  1.210417e+07  7.956791e+06  5.641385e+06  4.600738e+06
6.346104e+04  0.000000e+00  6.148998e-258  0.000000e+00  0.000000e+00  0.000000e+00  0.000000e+00  0.000000e+00  1.292734e+07  1.187030e+07  7.797609e+06  5.527111e+06  4.507115e+06
6.419589e+04  0.000000e+00  4.096532e-261  0.000000e+00  0.000000e+00  0.000000e+00  0.000000e+00  0.000000e+00  1.269227e+07  1.164025e+07  7.641124e+06  5.414799e+06  4.415105e+06
6.493924e+04  0.000000e+00  2.506536e-264  0.000000e+00  0.000000e+00  0.000000e+00  0.000000e+00  0.000000e+00  1.246085e+07  1.141397e+07  7.487294e+06  5.304417e+06  4.324685e+06
6.569120e+04  0.000000e+00  1.407178e-267  0.000000e+00  0.000000e+00  0.000000e+00  0.000000e+00  0.000000e+00  1.223301e+07  1.119139e+07  7.336077e+06  5.195935e+06  4.235828e+06
6.645187e+04  0.000000e+00  7.241171e-271  0.000000e+00  0.000000e+00  0.000000e+00  0.000000e+00  0.000000e+00  1.200870e+07  1.097246e+07  7.187433e+06  5.089323e+06  4.148510e+06
6.722134e+04  0.000000e+00  3.412050e-274  0.000000e+00  0.000000e+00  0.000000e+00  0.000000e+00  0.000000e+00  1.178786e+07  1.075712e+07  7.041322e+06  4.984552e+06  4.062707e+06
6.799973e+04  0.000000e+00  1.470706e-277  0.000000e+00  0.000000e+00  0.000000e+00  0.000000e+00  0.000000e+00  1.157045e+07  1.054532e+07  6.897704e+06  4.881594e+06  3.978395e+06
6.878713e+04  0.000000e+00  5.792847e-281  0.000000e+00  0.000000e+00  0.000000e+00  0.000000e+00  0.000000e+00  1.135641e+07  1.033700e+07  6.756541e+06  4.780419e+06  3.895550e+06
6.958365e+04  0.000000e+00  2.082863e-284  0.000000e+00  0.000000e+00  0.000000e+00  0.000000e+00  0.000000e+00  1.114570e+07  1.013211e+07  6.617794e+06  4.680999e+06  3.814151e+06
7.038939e+04  0.000000e+00  6.829258e-288  0.000000e+00  0.000000e+00  0.000000e+00  0.000000e+00  0.000000e+00  1.093826e+07  9.930607e+06  6.481427e+06  4.583309e+06  3.734173e+06
7.120446e+04  0.000000e+00  0.000000e+00  0.000000e+00  0.000000e+00  0.000000e+00  0.000000e+00  0.000000e+00  1.073404e+07  9.732429e+06  6.347401e+06  4.487319e+06  3.655595e+06
7.202897e+04  0.000000e+00  0.000000e+00  0.000000e+00  0.000000e+00  0.000000e+00  0.000000e+00  0.000000e+00  1.053300e+07  9.537528e+06  6.215682e+06  4.393005e+06  3.578395e+06
7.286302e+04  0.000000e+00  0.000000e+00  0.000000e+00  0.000000e+00  0.000000e+00  0.000000e+00  0.000000e+00  1.033508e+07  9.345855e+06  6.086233e+06  4.300339e+06  3.502551e+06
7.370674e+04  0.000000e+00  0.000000e+00  0.000000e+00  0.000000e+00  0.000000e+00  0.000000e+00  0.000000e+00  1.014025e+07  9.157362e+06  5.959018e+06  4.209296e+06  3.428042e+06
7.456022e+04  0.000000e+00  0.000000e+00  0.000000e+00  0.000000e+00  0.000000e+00  0.000000e+00  0.000000e+00  9.948453e+06  8.971999e+06  5.834005e+06  4.119850e+06  3.354848e+06
7.542359e+04  0.000000e+00  0.000000e+00  0.000000e+00  0.000000e+00  0.000000e+00  0.000000e+00  0.000000e+00  9.759647e+06  8.789721e+06  5.711158e+06  4.031978e+06  3.282947e+06
7.629695e+04  0.000000e+00  0.000000e+00  0.000000e+00  0.000000e+00  0.000000e+00  0.000000e+00  0.000000e+00  9.573789e+06  8.610481e+06  5.590445e+06  3.945654e+06  3.212319e+06
7.718043e+04  0.000000e+00  0.000000e+00  0.000000e+00  0.000000e+00  0.000000e+00  0.000000e+00  0.000000e+00  9.390834e+06  8.434232e+06  5.471832e+06  3.860854e+06  3.142946e+06
7.807414e+04  0.000000e+00  0.000000e+00  0.000000e+00  0.000000e+00  0.000000e+00  0.000000e+00  0.000000e+00  9.210740e+06  8.260931e+06  5.355287e+06  3.777555e+06  3.074806e+06
7.897819e+04  0.000000e+00  0.000000e+00  0.000000e+00  0.000000e+00  0.000000e+00  0.000000e+00  0.000000e+00  9.033464e+06  8.090533e+06  5.240779e+06  3.695733e+06  3.007881e+06
7.989272e+04  0.000000e+00  0.000000e+00  0.000000e+00  0.000000e+00  0.000000e+00  0.000000e+00  0.000000e+00  8.858965e+06  7.922995e+06  5.128276e+06  3.615365e+06  2.942152e+06
8.081783e+04  0.000000e+00  0.000000e+00  0.000000e+00  0.000000e+00  0.000000e+00  0.000000e+00  0.000000e+00  8.687203e+06  7.758273e+06  5.017746e+06  3.536429e+06  2.877601e+06
8.175366e+04  0.000000e+00  0.000000e+00  0.000000e+00  0.000000e+00  0.000000e+00  0.000000e+00  0.000000e+00  8.518138e+06  7.596327e+06  4.909161e+06  3.458903e+06  2.814209e+06
8.270032e+04  0.000000e+00  0.000000e+00  0.000000e+00  0.000000e+00  0.000000e+00  0.000000e+00  0.000000e+00  8.351730e+06  7.437114e+06  4.802490e+06  3.382764e+06  2.751957e+06
8.365795e+04  0.000000e+00  0.000000e+00  0.000000e+00  0.000000e+00  0.000000e+00  0.000000e+00  0.000000e+00  8.187941e+06  7.280594e+06  4.697704e+06  3.307992e+06  2.690829e+06
8.462666e+04  0.000000e+00  0.000000e+00  0.000000e+00  0.000000e+00  0.000000e+00  0.000000e+00  0.000000e+00  8.026732e+06  7.126727e+06  4.594774e+06  3.234565e+06  2.630807e+06
8.560659e+04  0.000000e+00  0.000000e+00  0.000000e+00  0.000000e+00  0.000000e+00  0.000000e+00  0.000000e+00  7.868068e+06  6.975474e+06  4.493671e+06  3.162463e+06  2.571874e+06
8.659787e+04  0.000000e+00  0.000000e+00  0.000000e+00  0.000000e+00  0.000000e+00  0.000000e+00  0.000000e+00  7.711910e+06  6.826797e+06  4.394369e+06  3.091664e+06  2.514012e+06
8.760062e+04  0.000000e+00  0.000000e+00  0.000000e+00  0.000000e+00  0.000000e+00  0.000000e+00  0.000000e+00  7.558223e+06  6.680656e+06  4.296838e+06  3.022149e+06  2.457206e+06
8.861499e+04  0.000000e+00  0.000000e+00  0.000000e+00  0.000000e+00  0.000000e+00  0.000000e+00  0.000000e+00  7.406971e+06  6.537015e+06  4.201053e+06  2.953898e+06  2.401438e+06
8.964110e+04  0.000000e+00  0.000000e+00  0.000000e+00  0.000000e+00  0.000000e+00  0.000000e+00  0.000000e+00  7.258120e+06  6.395837e+06  4.106987e+06  2.886892e+06  2.346693e+06
9.067910e+04  0.000000e+00  0.000000e+00  0.000000e+00  0.000000e+00  0.000000e+00  0.000000e+00  0.000000e+00  7.111635e+06  6.257085e+06  4.014613e+06  2.821110e+06  2.292955e+06
9.172911e+04  0.000000e+00  0.000000e+00  0.000000e+00  0.000000e+00  0.000000e+00  0.000000e+00  0.000000e+00  6.967483e+06  6.120724e+06  3.923905e+06  2.756535e+06  2.240209e+06
9.279129e+04  0.000000e+00  0.000000e+00  0.000000e+00  0.000000e+00  0.000000e+00  0.000000e+00  0.000000e+00  6.825630e+06  5.986720e+06  3.834840e+06  2.693148e+06  2.188439e+06
9.386576e+04  0.000000e+00  0.000000e+00  0.000000e+00  0.000000e+00  0.000000e+00  0.000000e+00  0.000000e+00  6.686044e+06  5.855037e+06  3.747390e+06  2.630931e+06  2.137629e+06
9.495267e+04  0.000000e+00  0.000000e+00  0.000000e+00  0.000000e+00  0.000000e+00  0.000000e+00  0.000000e+00  6.548694e+06  5.725642e+06  3.661533e+06  2.569865e+06  2.087766e+06
9.605217e+04  0.000000e+00  0.000000e+00  0.000000e+00  0.000000e+00  0.000000e+00  0.000000e+00  0.000000e+00  6.413547e+06  5.598501e+06  3.577243e+06  2.509932e+06  2.038834e+06
9.716440e+04  0.000000e+00  0.000000e+00  0.000000e+00  0.000000e+00  0.000000e+00  0.000000e+00  0.000000e+00  6.280573e+06  5.473581e+06  3.494498e+06  2.451116e+06  1.990819e+06
9.828952e+04  0.000000e+00  0.000000e+00  0.000000e+00  0.000000e+00  0.000000e+00  0.000000e+00  0.000000e+00  6.149741e+06  5.350851e+06  3.413273e+06  2.393400e+06  1.943707e+06
9.942765e+04  0.000000e+00  0.000000e+00  0.000000e+00  0.000000e+00  0.000000e+00  0.000000e+00  0.000000e+00  6.021022e+06  5.230277e+06  3.333546e+06  2.336765e+06  1.897484e+06
1.005790e+05  0.000000e+00  0.000000e+00  0.000000e+00  0.000000e+00  0.000000e+00  0.000000e+00  0.000000e+00  5.894386e+06  5.111831e+06  3.255293e+06  2.281196e+06  1.852136e+06
1.017436e+05  0.000000e+00  0.000000e+00  0.000000e+00  0.000000e+00  0.000000e+00  0.000000e+00  0.000000e+00  5.769805e+06  4.995479e+06  3.178494e+06  2.226677e+06  1.807650e+06
1.029218e+05  0.000000e+00  0.000000e+00  0.000000e+00  0.000000e+00  0.000000e+00  0.000000e+00  0.000000e+00  5.647250e+06  4.881193e+06  3.103125e+06  2.173191e+06  1.764012e+06
1.041135e+05  0.000000e+00  0.000000e+00  0.000000e+00  0.000000e+00  0.000000e+00  0.000000e+00  0.000000e+00  5.526693e+06  4.768942e+06  3.029165e+06  2.120722e+06  1.721209e+06
1.053191e+05  0.000000e+00  0.000000e+00  0.000000e+00  0.000000e+00  0.000000e+00  0.000000e+00  0.000000e+00  5.408107e+06  4.658697e+06  2.956593e+06  2.069255e+06  1.679229e+06
1.065387e+05  0.000000e+00  0.000000e+00  0.000000e+00  0.000000e+00  0.000000e+00  0.000000e+00  0.000000e+00  5.291465e+06  4.550429e+06  2.885388e+06  2.018774e+06  1.638059e+06
1.077723e+05  0.000000e+00  0.000000e+00  0.000000e+00  0.000000e+00  0.000000e+00  0.000000e+00  0.000000e+00  5.176741e+06  4.444110e+06  2.815530e+06  1.969264e+06  1.597686e+06
1.090203e+05  0.000000e+00  0.000000e+00  0.000000e+00  0.000000e+00  0.000000e+00  0.000000e+00  0.000000e+00  5.063909e+06  4.339711e+06  2.746997e+06  1.920711e+06  1.558097e+06
1.102827e+05  0.000000e+00  0.000000e+00  0.000000e+00  0.000000e+00  0.000000e+00  0.000000e+00  0.000000e+00  4.952942e+06  4.237206e+06  2.679770e+06  1.873099e+06  1.519282e+06
1.115597e+05  0.000000e+00  0.000000e+00  0.000000e+00  0.000000e+00  0.000000e+00  0.000000e+00  0.000000e+00  4.843817e+06  4.136568e+06  2.613829e+06  1.826414e+06  1.481227e+06
1.128515e+05  0.000000e+00  0.000000e+00  0.000000e+00  0.000000e+00  0.000000e+00  0.000000e+00  0.000000e+00  4.736508e+06  4.037769e+06  2.549156e+06  1.780643e+06  1.443922e+06
1.141582e+05  0.000000e+00  0.000000e+00  0.000000e+00  0.000000e+00  0.000000e+00  0.000000e+00  0.000000e+00  4.630991e+06  3.940783e+06  2.485730e+06  1.735770e+06  1.407353e+06
1.154801e+05  0.000000e+00  0.000000e+00  0.000000e+00  0.000000e+00  0.000000e+00  0.000000e+00  0.000000e+00  4.527242e+06  3.845585e+06  2.423533e+06  1.691782e+06  1.371511e+06
1.168173e+05  0.000000e+00  0.000000e+00  0.000000e+00  0.000000e+00  0.000000e+00  0.000000e+00  0.000000e+00  4.425238e+06  3.752148e+06  2.362547e+06  1.648666e+06  1.336384e+06
1.181700e+05  0.000000e+00  0.000000e+00  0.000000e+00  0.000000e+00  0.000000e+00  0.000000e+00  0.000000e+00  4.324955e+06  3.660449e+06  2.302753e+06  1.606407e+06  1.301961e+06
1.195383e+05  0.000000e+00  0.000000e+00  0.000000e+00  0.000000e+00  0.000000e+00  0.000000e+00  0.000000e+00  4.226371e+06  3.570462e+06  2.244134e+06  1.564994e+06  1.268230e+06
1.209225e+05  0.000000e+00  0.000000e+00  0.000000e+00  0.000000e+00  0.000000e+00  0.000000e+00  0.000000e+00  4.129464e+06  3.482163e+06  2.186671e+06  1.524413e+06  1.235182e+06
1.223227e+05  0.000000e+00  0.000000e+00  0.000000e+00  0.000000e+00  0.000000e+00  0.000000e+00  0.000000e+00  4.034212e+06  3.395528e+06  2.130347e+06  1.484650e+06  1.202805e+06
1.237392e+05  0.000000e+00  0.000000e+00  0.000000e+00  0.000000e+00  0.000000e+00  0.000000e+00  0.000000e+00  3.940593e+06  3.310534e+06  2.075145e+06  1.445694e+06  1.171089e+06
1.251720e+05  0.000000e+00  0.000000e+00  0.000000e+00  0.000000e+00  0.000000e+00  0.000000e+00  0.000000e+00  3.848585e+06  3.227156e+06  2.021048e+06  1.407532e+06  1.140024e+06
1.266214e+05  0.000000e+00  0.000000e+00  0.000000e+00  0.000000e+00  0.000000e+00  0.000000e+00  0.000000e+00  3.758169e+06  3.145373e+06  1.968039e+06  1.370152e+06  1.109599e+06
1.280876e+05  0.000000e+00  0.000000e+00  0.000000e+00  0.000000e+00  0.000000e+00  0.000000e+00  0.000000e+00  3.669323e+06  3.065162e+06  1.916103e+06  1.333541e+06  1.079806e+06
1.295708e+05  0.000000e+00  0.000000e+00  0.000000e+00  0.000000e+00  0.000000e+00  0.000000e+00  0.000000e+00  3.582027e+06  2.986500e+06  1.865222e+06  1.297688e+06  1.050633e+06
1.310712e+05  0.000000e+00  0.000000e+00  0.000000e+00  0.000000e+00  0.000000e+00  0.000000e+00  0.000000e+00  3.496262e+06  2.909366e+06  1.815380e+06  1.262581e+06  1.022071e+06
1.325889e+05  0.000000e+00  0.000000e+00  0.000000e+00  0.000000e+00  0.000000e+00  0.000000e+00  0.000000e+00  3.412007e+06  2.833738e+06  1.766563e+06  1.228208e+06  9.941108e+05
1.341242e+05  0.000000e+00  0.000000e+00  0.000000e+00  0.000000e+00  0.000000e+00  0.000000e+00  0.000000e+00  3.329244e+06  2.759594e+06  1.718754e+06  1.194558e+06  9.667429e+05
1.356773e+05  0.000000e+00  0.000000e+00  0.000000e+00  0.000000e+00  0.000000e+00  0.000000e+00  0.000000e+00  3.247953e+06  2.686914e+06  1.671938e+06  1.161620e+06  9.399578e+05
1.372484e+05  0.000000e+00  0.000000e+00  0.000000e+00  0.000000e+00  0.000000e+00  0.000000e+00  0.000000e+00  3.168117e+06  2.615677e+06  1.626100e+06  1.129383e+06  9.137463e+05
1.388376e+05  0.000000e+00  0.000000e+00  0.000000e+00  0.000000e+00  0.000000e+00  0.000000e+00  0.000000e+00  3.089716e+06  2.545862e+06  1.581225e+06  1.097835e+06  8.880995e+05
1.404453e+05  0.000000e+00  0.000000e+00  0.000000e+00  0.000000e+00  0.000000e+00  0.000000e+00  0.000000e+00  3.012732e+06  2.477450e+06  1.537299e+06  1.066966e+06  8.630085e+05
1.420716e+05  0.000000e+00  0.000000e+00  0.000000e+00  0.000000e+00  0.000000e+00  0.000000e+00  0.000000e+00  2.937147e+06  2.410420e+06  1.494306e+06  1.036765e+06  8.384643e+05
1.437167e+05  0.000000e+00  0.000000e+00  0.000000e+00  0.000000e+00  0.000000e+00  0.000000e+00  0.000000e+00  2.862945e+06  2.344753e+06  1.452234e+06  1.007222e+06  8.144584e+05
1.453808e+05  0.000000e+00  0.000000e+00  0.000000e+00  0.000000e+00  0.000000e+00  0.000000e+00  0.000000e+00  2.790107e+06  2.280429e+06  1.411066e+06  9.783269e+05  7.909821e+05
1.470643e+05  0.000000e+00  0.000000e+00  0.000000e+00  0.000000e+00  0.000000e+00  0.000000e+00  0.000000e+00  2.718617e+06  2.217429e+06  1.370790e+06  9.500684e+05  7.680271e+05
1.487672e+05  0.000000e+00  0.000000e+00  0.000000e+00  0.000000e+00  0.000000e+00  0.000000e+00  0.000000e+00  2.648457e+06  2.155735e+06  1.331392e+06  9.224369e+05  7.455849e+05
1.504898e+05  0.000000e+00  0.000000e+00  0.000000e+00  0.000000e+00  0.000000e+00  0.000000e+00  0.000000e+00  2.579612e+06  2.095328e+06  1.292858e+06  8.954226e+05  7.236474e+05
1.522324e+05  0.000000e+00  0.000000e+00  0.000000e+00  0.000000e+00  0.000000e+00  0.000000e+00  0.000000e+00  2.512064e+06  2.036189e+06  1.255175e+06  8.690154e+05  7.022065e+05
1.539952e+05  0.000000e+00  0.000000e+00  0.000000e+00  0.000000e+00  0.000000e+00  0.000000e+00  0.000000e+00  2.445798e+06  1.978300e+06  1.218329e+06  8.432058e+05  6.812540e+05
1.557784e+05  0.000000e+00  0.000000e+00  0.000000e+00  0.000000e+00  0.000000e+00  0.000000e+00  0.000000e+00  2.380797e+06  1.921643e+06  1.182308e+06  8.179841e+05  6.607821e+05
1.575822e+05  0.000000e+00  0.000000e+00  0.000000e+00  0.000000e+00  0.000000e+00  0.000000e+00  0.000000e+00  2.317047e+06  1.866201e+06  1.147099e+06  7.933408e+05  6.407831e+05
1.594069e+05  0.000000e+00  0.000000e+00  0.000000e+00  0.000000e+00  0.000000e+00  0.000000e+00  0.000000e+00  2.254531e+06  1.811956e+06  1.112688e+06  7.692667e+05  6.212490e+05
1.612528e+05  0.000000e+00  0.000000e+00  0.000000e+00  0.000000e+00  0.000000e+00  0.000000e+00  0.000000e+00  2.193234e+06  1.758890e+06  1.079064e+06  7.457525e+05  6.021724e+05
1.631200e+05  0.000000e+00  0.000000e+00  0.000000e+00  0.000000e+00  0.000000e+00  0.000000e+00  0.000000e+00  2.133141e+06  1.706986e+06  1.046213e+06  7.227890e+05  5.835457e+05
1.650088e+05  0.000000e+00  0.000000e+00  0.000000e+00  0.000000e+00  0.000000e+00  0.000000e+00  0.000000e+00  2.074236e+06  1.656228e+06  1.014124e+06  7.003674e+05  5.653615e+05
1.669195e+05  0.000000e+00  0.000000e+00  0.000000e+00  0.000000e+00  0.000000e+00  0.000000e+00  0.000000e+00  2.016506e+06  1.606599e+06  9.827848e+05  6.784785e+05  5.476124e+05
1.688524e+05  0.000000e+00  0.000000e+00  0.000000e+00  0.000000e+00  0.000000e+00  0.000000e+00  0.000000e+00  1.959936e+06  1.558081e+06  9.521826e+05  6.571138e+05  5.302912e+05
1.708076e+05  0.000000e+00  0.000000e+00  0.000000e+00  0.000000e+00  0.000000e+00  0.000000e+00  0.000000e+00  1.904511e+06  1.510659e+06  9.223059e+05  6.362644e+05  5.133906e+05
1.727855e+05  0.000000e+00  0.000000e+00  0.000000e+00  0.000000e+00  0.000000e+00  0.000000e+00  0.000000e+00  1.850216e+06  1.464317e+06  8.931430e+05  6.159219e+05  4.969036e+05
1.747862e+05  0.000000e+00  0.000000e+00  0.000000e+00  0.000000e+00  0.000000e+00  0.000000e+00  0.000000e+00  1.797038e+06  1.419038e+06  8.646823e+05  5.960776e+05  4.808233e+05
1.768102e+05  0.000000e+00  0.000000e+00  0.000000e+00  0.000000e+00  0.000000e+00  0.000000e+00  0.000000e+00  1.744963e+06  1.374806e+06  8.369122e+05  5.767232e+05  4.651425e+05
1.788575e+05  0.000000e+00  0.000000e+00  0.000000e+00  0.000000e+00  0.000000e+00  0.000000e+00  0.000000e+00  1.693976e+06  1.331606e+06  8.098214e+05  5.578504e+05  4.498546e+05
1.809286e+05  0.000000e+00  0.000000e+00  0.000000e+00  0.000000e+00  0.000000e+00  0.000000e+00  0.000000e+00  1.644065e+06  1.289422e+06  7.833988e+05  5.394510e+05  4.349528e+05
1.830236e+05  0.000000e+00  0.000000e+00  0.000000e+00  0.000000e+00  0.000000e+00  0.000000e+00  0.000000e+00  1.595214e+06  1.248238e+06  7.576330e+05  5.215169e+05  4.204303e+05
1.851430e+05  0.000000e+00  0.000000e+00  0.000000e+00  0.000000e+00  0.000000e+00  0.000000e+00  0.000000e+00  1.547412e+06  1.208039e+06  7.325133e+05  5.040400e+05  4.062805e+05
1.872868e+05  0.000000e+00  0.000000e+00  0.000000e+00  0.000000e+00  0.000000e+00  0.000000e+00  0.000000e+00  1.500644e+06  1.168811e+06  7.080287e+05  4.870125e+05  3.924969e+05
1.894555e+05  0.000000e+00  0.000000e+00  0.000000e+00  0.000000e+00  0.000000e+00  0.000000e+00  0.000000e+00  1.454897e+06  1.130537e+06  6.841683e+05  4.704263e+05  3.790729e+05
1.916493e+05  0.000000e+00  0.000000e+00  0.000000e+00  0.000000e+00  0.000000e+00  0.000000e+00  0.000000e+00  1.410159e+06  1.093203e+06  6.609216e+05  4.542739e+05  3.660023e+05
1.938685e+05  0.000000e+00  0.000000e+00  0.000000e+00  0.000000e+00  0.000000e+00  0.000000e+00  0.000000e+00  1.366415e+06  1.056795e+06  6.382780e+05  4.385474e+05  3.532787e+05
1.961134e+05  0.000000e+00  0.000000e+00  0.000000e+00  0.000000e+00  0.000000e+00  0.000000e+00  0.000000e+00  1.323653e+06  1.021297e+06  6.162270e+05  4.232393e+05  3.408957e+05
1.983843e+05  0.000000e+00  0.000000e+00  0.000000e+00  0.000000e+00  0.000000e+00  0.000000e+00  0.000000e+00  1.281861e+06  9.866948e+05  5.947582e+05  4.083420e+05  3.288472e+05
2.006814e+05  0.000000e+00  0.000000e+00  0.000000e+00  0.000000e+00  0.000000e+00  0.000000e+00  0.000000e+00  1.241024e+06  9.529743e+05  5.738615e+05  3.938481e+05  3.171270e+05
2.030052e+05  0.000000e+00  0.000000e+00  0.000000e+00  0.000000e+00  0.000000e+00  0.000000e+00  0.000000e+00  1.201131e+06  9.201210e+05  5.535267e+05  3.797502e+05  3.057291e+05
2.053559e+05  0.000000e+00  0.000000e+00  0.000000e+00  0.000000e+00  0.000000e+00  0.000000e+00  0.000000e+00  1.162169e+06  8.881207e+05  5.337436e+05  3.660410e+05  2.946474e+05
2.077338e+05  0.000000e+00  0.000000e+00  0.000000e+00  0.000000e+00  0.000000e+00  0.000000e+00  0.000000e+00  1.124125e+06  8.569592e+05  5.145024e+05  3.527132e+05  2.838761e+05
2.101393e+05  0.000000e+00  0.000000e+00  0.000000e+00  0.000000e+00  0.000000e+00  0.000000e+00  0.000000e+00  1.086987e+06  8.266226e+05  4.957931e+05  3.397598e+05  2.734091e+05
2.125726e+05  0.000000e+00  0.000000e+00  0.000000e+00  0.000000e+00  0.000000e+00  0.000000e+00  0.000000e+00  1.050742e+06  7.970969e+05  4.776061e+05  3.271735e+05  2.632407e+05
2.150340e+05  0.000000e+00  0.000000e+00  0.000000e+00  0.000000e+00  0.000000e+00  0.000000e+00  0.000000e+00  1.015378e+06  7.683684e+05  4.599315e+05  3.149474e+05  2.533651e+05
2.175240e+05  0.000000e+00  0.000000e+00  0.000000e+00  0.000000e+00  0.000000e+00  0.000000e+00  0.000000e+00  9.808817e+05  7.404233e+05  4.427598e+05  3.030745e+05  2.437765e+05
2.200428e+05  0.000000e+00  0.000000e+00  0.000000e+00  0.000000e+00  0.000000e+00  0.000000e+00  0.000000e+00  9.472421e+05  7.132481e+05  4.260814e+05  2.915480e+05  2.344694e+05
2.225908e+05  0.000000e+00  0.000000e+00  0.000000e+00  0.000000e+00  0.000000e+00  0.000000e+00  0.000000e+00  9.144463e+05  6.868291e+05  4.098870e+05  2.803610e+05  2.254381e+05
2.251683e+05  0.000000e+00  0.000000e+00  0.000000e+00  0.000000e+00  0.000000e+00  0.000000e+00  0.000000e+00  8.824821e+05  6.611530e+05  3.941672e+05  2.695068e+05  2.166770e+05
2.277756e+05  0.000000e+00  0.000000e+00  0.000000e+00  0.000000e+00  0.000000e+00  0.000000e+00  0.000000e+00  8.513374e+05  6.362065e+05  3.789126e+05  2.589787e+05  2.081807e+05
2.304131e+05  0.000000e+00  0.000000e+00  0.000000e+00  0.000000e+00  0.000000e+00  0.000000e+00  0.000000e+00  8.209999e+05  6.119762e+05  3.641143e+05  2.487700e+05  1.999438e+05
2.330812e+05  0.000000e+00  0.000000e+00  0.000000e+00  0.000000e+00  0.000000e+00  0.000000e+00  0.000000e+00  7.914577e+05  5.884491e+05  3.497629e+05  2.388743e+05  1.919608e+05
2.357801e+05  0.000000e+00  0.000000e+00  0.000000e+00  0.000000e+00  0.000000e+00  0.000000e+00  0.000000e+00  7.626985e+05  5.656120e+05  3.358496e+05  2.292849e+05  1.842265e+05
2.385103e+05  0.000000e+00  0.000000e+00  0.000000e+00  0.000000e+00  0.000000e+00  0.000000e+00  0.000000e+00  7.347103e+05  5.434520e+05  3.223653e+05  2.199956e+05  1.767354e+05
2.412722e+05  0.000000e+00  0.000000e+00  0.000000e+00  0.000000e+00  0.000000e+00  0.000000e+00  0.000000e+00  7.074811e+05  5.219561e+05  3.093013e+05  2.109999e+05  1.694826e+05
2.440660e+05  0.000000e+00  0.000000e+00  0.000000e+00  0.000000e+00  0.000000e+00  0.000000e+00  0.000000e+00  6.809989e+05  5.011116e+05  2.966487e+05  2.022914e+05  1.624627e+05
2.468921e+05  0.000000e+00  0.000000e+00  0.000000e+00  0.000000e+00  0.000000e+00  0.000000e+00  0.000000e+00  6.552517e+05  4.809058e+05  2.843988e+05  1.938641e+05  1.556706e+05
2.497510e+05  0.000000e+00  0.000000e+00  0.000000e+00  0.000000e+00  0.000000e+00  0.000000e+00  0.000000e+00  6.302276e+05  4.613258e+05  2.725430e+05  1.857116e+05  1.491013e+05
2.526430e+05  0.000000e+00  0.000000e+00  0.000000e+00  0.000000e+00  0.000000e+00  0.000000e+00  0.000000e+00  6.059146e+05  4.423593e+05  2.610728e+05  1.778279e+05  1.427498e+05
2.555684e+05  0.000000e+00  0.000000e+00  0.000000e+00  0.000000e+00  0.000000e+00  0.000000e+00  0.000000e+00  5.823008e+05  4.239937e+05  2.499797e+05  1.702069e+05  1.366111e+05
2.585278e+05  0.000000e+00  0.000000e+00  0.000000e+00  0.000000e+00  0.000000e+00  0.000000e+00  0.000000e+00  5.593743e+05  4.062165e+05  2.392554e+05  1.628427e+05  1.306803e+05
2.615214e+05  0.000000e+00  0.000000e+00  0.000000e+00  0.000000e+00  0.000000e+00  0.000000e+00  0.000000e+00  5.371233e+05  3.890156e+05  2.288914e+05  1.557292e+05  1.249525e+05
2.645497e+05  0.000000e+00  0.000000e+00  0.000000e+00  0.000000e+00  0.000000e+00  0.000000e+00  0.000000e+00  5.155358e+05  3.723787e+05  2.188797e+05  1.488606e+05  1.194230e+05
2.676130e+05  0.000000e+00  0.000000e+00  0.000000e+00  0.000000e+00  0.000000e+00  0.000000e+00  0.000000e+00  4.946001e+05  3.562936e+05  2.092120e+05  1.422311e+05  1.140869e+05
2.707118e+05  0.000000e+00  0.000000e+00  0.000000e+00  0.000000e+00  0.000000e+00  0.000000e+00  0.000000e+00  4.743043e+05  3.407482e+05  1.998802e+05  1.358349e+05  1.089397e+05
2.738465e+05  0.000000e+00  0.000000e+00  0.000000e+00  0.000000e+00  0.000000e+00  0.000000e+00  0.000000e+00  4.546367e+05  3.257307e+05  1.908765e+05  1.296665e+05  1.039766e+05
2.770175e+05  0.000000e+00  0.000000e+00  0.000000e+00  0.000000e+00  0.000000e+00  0.000000e+00  0.000000e+00  4.355855e+05  3.112291e+05  1.821928e+05  1.237200e+05  9.919308e+04
2.802252e+05  0.000000e+00  0.000000e+00  0.000000e+00  0.000000e+00  0.000000e+00  0.000000e+00  0.000000e+00  4.171388e+05  2.972317e+05  1.738214e+05  1.179901e+05  9.458457e+04
2.834701e+05  0.000000e+00  0.000000e+00  0.000000e+00  0.000000e+00  0.000000e+00  0.000000e+00  0.000000e+00  3.992851e+05  2.837267e+05  1.657544e+05  1.124711e+05  9.014659e+04
2.867525e+05  0.000000e+00  0.000000e+00  0.000000e+00  0.000000e+00  0.000000e+00  0.000000e+00  0.000000e+00  3.820126e+05  2.707026e+05  1.579844e+05  1.071577e+05  8.587472e+04
2.900729e+05  0.000000e+00  0.000000e+00  0.000000e+00  0.000000e+00  0.000000e+00  0.000000e+00  0.000000e+00  3.653097e+05  2.581479e+05  1.505036e+05  1.020445e+05  8.176457e+04
2.934318e+05  0.000000e+00  0.000000e+00  0.000000e+00  0.000000e+00  0.000000e+00  0.000000e+00  0.000000e+00  3.491646e+05  2.460511e+05  1.433046e+05  9.712621e+04  7.781182e+04
2.968296e+05  0.000000e+00  0.000000e+00  0.000000e+00  0.000000e+00  0.000000e+00  0.000000e+00  0.000000e+00  3.335659e+05  2.344010e+05  1.363800e+05  9.239754e+04  7.401221e+04
3.002667e+05  0.000000e+00  0.000000e+00  0.000000e+00  0.000000e+00  0.000000e+00  0.000000e+00  0.000000e+00  3.185019e+05  2.231864e+05  1.297225e+05  8.785334e+04  7.036152e+04
3.037436e+05  0.000000e+00  0.000000e+00  0.000000e+00  0.000000e+00  0.000000e+00  0.000000e+00  0.000000e+00  3.039610e+05  2.123961e+05  1.233247e+05  8.348853e+04  6.685561e+04
3.072608e+05  0.000000e+00  0.000000e+00  0.000000e+00  0.000000e+00  0.000000e+00  0.000000e+00  0.000000e+00  2.899319e+05  2.020193e+05  1.171797e+05  7.929806e+04  6.349036e+04
3.108187e+05  0.000000e+00  0.000000e+00  0.000000e+00  0.000000e+00  0.000000e+00  0.000000e+00  0.000000e+00  2.764030e+05  1.920449e+05  1.112804e+05  7.527696e+04  6.026174e+04
3.144179e+05  0.000000e+00  0.000000e+00  0.000000e+00  0.000000e+00  0.000000e+00  0.000000e+00  0.000000e+00  2.633629e+05  1.824622e+05  1.056197e+05  7.142033e+04  5.716576e+04
3.180586e+05  0.000000e+00  0.000000e+00  0.000000e+00  0.000000e+00  0.000000e+00  0.000000e+00  0.000000e+00  2.508004e+05  1.732607e+05  1.001908e+05  6.772336e+04  5.419849e+04
3.217416e+05  0.000000e+00  0.000000e+00  0.000000e+00  0.000000e+00  0.000000e+00  0.000000e+00  0.000000e+00  2.387040e+05  1.644297e+05  9.498695e+04  6.418127e+04  5.135608e+04
3.254672e+05  0.000000e+00  0.000000e+00  0.000000e+00  0.000000e+00  0.000000e+00  0.000000e+00  0.000000e+00  2.270625e+05  1.559588e+05  9.000147e+04  6.078938e+04  4.863470e+04
3.292359e+05  0.000000e+00  0.000000e+00  0.000000e+00  0.000000e+00  0.000000e+00  0.000000e+00  0.000000e+00  2.158648e+05  1.478378e+05  8.522777e+04  5.754307e+04  4.603061e+04
3.330483e+05  0.000000e+00  0.000000e+00  0.000000e+00  0.000000e+00  0.000000e+00  0.000000e+00  0.000000e+00  2.050998e+05  1.400565e+05  8.065936e+04  5.443781e+04  4.354013e+04
3.369048e+05  0.000000e+00  0.000000e+00  0.000000e+00  0.000000e+00  0.000000e+00  0.000000e+00  0.000000e+00  1.947563e+05  1.326048e+05  7.628986e+04  5.146911e+04  4.115961e+04
3.408060e+05  0.000000e+00  0.000000e+00  0.000000e+00  0.000000e+00  0.000000e+00  0.000000e+00  0.000000e+00  1.848234e+05  1.254729e+05  7.211297e+04  4.863258e+04  3.888551e+04
3.447523e+05  0.000000e+00  0.000000e+00  0.000000e+00  0.000000e+00  0.000000e+00  0.000000e+00  0.000000e+00  1.752903e+05  1.186509e+05  6.812251e+04  4.592391e+04  3.671430e+04
3.487444e+05  0.000000e+00  0.000000e+00  0.000000e+00  0.000000e+00  0.000000e+00  0.000000e+00  0.000000e+00  1.661461e+05  1.121292e+05  6.431239e+04  4.333883e+04  3.464255e+04
3.527826e+05  0.000000e+00  0.000000e+00  0.000000e+00  0.000000e+00  0.000000e+00  0.000000e+00  0.000000e+00  1.573801e+05  1.058984e+05  6.067664e+04  4.087319e+04  3.266688e+04
3.568677e+05  0.000000e+00  0.000000e+00  0.000000e+00  0.000000e+00  0.000000e+00  0.000000e+00  0.000000e+00  1.489816e+05  9.994906e+04  5.720937e+04  3.852289e+04  3.078398e+04
3.610000e+05  0.000000e+00  0.000000e+00  0.000000e+00  0.000000e+00  0.000000e+00  0.000000e+00  0.000000e+00  1.409402e+05  9.427199e+04  5.390481e+04  3.628390e+04  2.899058e+04
3.651802e+05  0.000000e+00  0.000000e+00  0.000000e+00  0.000000e+00  0.000000e+00  0.000000e+00  0.000000e+00  1.332454e+05  8.885811e+04  5.075730e+04  3.415230e+04  2.728350e+04
3.694088e+05  0.000000e+00  0.000000e+00  0.000000e+00  0.000000e+00  0.000000e+00  0.000000e+00  0.000000e+00  1.258869e+05  8.369852e+04  4.776127e+04  3.212422e+04  2.565962e+04
3.736863e+05  0.000000e+00  0.000000e+00  0.000000e+00  0.000000e+00  0.000000e+00  0.000000e+00  0.000000e+00  1.188544e+05  7.878447e+04  4.491129e+04  3.019588e+04  2.411588e+04
3.780134e+05  0.000000e+00  0.000000e+00  0.000000e+00  0.000000e+00  0.000000e+00  0.000000e+00  0.000000e+00  1.121379e+05  7.410735e+04  4.220202e+04  2.836357e+04  2.264928e+04
3.823906e+05  0.000000e+00  0.000000e+00  0.000000e+00  0.000000e+00  0.000000e+00  0.000000e+00  0.000000e+00  1.057274e+05  6.965870e+04  3.962821e+04  2.662367e+04  2.125690e+04
3.868185e+05  0.000000e+00  0.000000e+00  0.000000e+00  0.000000e+00  0.000000e+00  0.000000e+00  0.000000e+00  9.961301e+04  6.543025e+04  3.718476e+04  2.497264e+04  1.993588e+04
3.912976e+05  0.000000e+00  0.000000e+00  0.000000e+00  0.000000e+00  0.000000e+00  0.000000e+00  0.000000e+00  9.378509e+04  6.141386e+04  3.486666e+04  2.340702e+04  1.868341e+04
3.958286e+05  0.000000e+00  0.000000e+00  0.000000e+00  0.000000e+00  0.000000e+00  0.000000e+00  0.000000e+00  8.823404e+04  5.760158e+04  3.266902e+04  2.192342e+04  1.749676e+04
4.004121e+05  0.000000e+00  0.000000e+00  0.000000e+00  0.000000e+00  0.000000e+00  0.000000e+00  0.000000e+00  8.295040e+04  5.398560e+04  3.058705e+04  2.051854e+04  1.637328e+04
4.050487e+05  0.000000e+00  0.000000e+00  0.000000e+00  0.000000e+00  0.000000e+00  0.000000e+00  0.000000e+00  7.792489e+04  5.055831e+04  2.861609e+04  1.918917e+04  1.531037e+04
4.097389e+05  0.000000e+00  0.000000e+00  0.000000e+00  0.000000e+00  0.000000e+00  0.000000e+00  0.000000e+00  7.314836e+04  4.731223e+04  2.675159e+04  1.793217e+04  1.430549e+04
4.144835e+05  0.000000e+00  0.000000e+00  0.000000e+00  0.000000e+00  0.000000e+00  0.000000e+00  0.000000e+00  6.861182e+04  4.424008e+04  2.498911e+04  1.674448e+04  1.335619e+04
4.192829e+05  0.000000e+00  0.000000e+00  0.000000e+00  0.000000e+00  0.000000e+00  0.000000e+00  0.000000e+00  6.430644e+04  4.133474e+04  2.332432e+04  1.562312e+04  1.246005e+04
4.241380e+05  0.000000e+00  0.000000e+00  0.000000e+00  0.000000e+00  0.000000e+00  0.000000e+00  0.000000e+00  6.022353e+04  3.858927e+04  2.175302e+04  1.456520e+04  1.161476e+04
4.290493e+05  0.000000e+00  0.000000e+00  0.000000e+00  0.000000e+00  0.000000e+00  0.000000e+00  0.000000e+00  5.635460e+04  3.599689e+04  2.027111e+04  1.356791e+04  1.081805e+04
4.340175e+05  0.000000e+00  0.000000e+00  0.000000e+00  0.000000e+00  0.000000e+00  0.000000e+00  0.000000e+00  5.269130e+04  3.355100e+04  1.887460e+04  1.262851e+04  1.006771e+04
4.390431e+05  0.000000e+00  0.000000e+00  0.000000e+00  0.000000e+00  0.000000e+00  0.000000e+00  0.000000e+00  4.922546e+04  3.124519e+04  1.755964e+04  1.174435e+04  9.361611e+03
4.441270e+05  0.000000e+00  0.000000e+00  0.000000e+00  0.000000e+00  0.000000e+00  0.000000e+00  0.000000e+00  4.594910e+04  2.907321e+04  1.632247e+04  1.091287e+04  8.697687e+03
4.492698e+05  0.000000e+00  0.000000e+00  0.000000e+00  0.000000e+00  0.000000e+00  0.000000e+00  0.000000e+00  4.285439e+04  2.702899e+04  1.515944e+04  1.013156e+04  8.073931e+03
4.544721e+05  0.000000e+00  0.000000e+00  0.000000e+00  0.000000e+00  0.000000e+00  0.000000e+00  0.000000e+00  3.993369e+04  2.510662e+04  1.406704e+04  9.398015e+03  7.488403e+03
4.597346e+05  0.000000e+00  0.000000e+00  0.000000e+00  0.000000e+00  0.000000e+00  0.000000e+00  0.000000e+00  3.717957e+04  2.330039e+04  1.304185e+04  8.709902e+03  6.939227e+03
4.650581e+05  0.000000e+00  0.000000e+00  0.000000e+00  0.000000e+00  0.000000e+00  0.000000e+00  0.000000e+00  3.458473e+04  2.160476e+04  1.208056e+04  8.064962e+03  6.424590e+03
4.704432e+05  0.000000e+00  0.000000e+00  0.000000e+00  0.000000e+00  0.000000e+00  0.000000e+00  0.000000e+00  3.214211e+04  2.001435e+04  1.117999e+04  7.461017e+03  5.942741e+03
4.758907e+05  0.000000e+00  0.000000e+00  0.000000e+00  0.000000e+00  0.000000e+00  0.000000e+00  0.000000e+00  2.984481e+04  1.852396e+04  1.033704e+04  6.895962e+03  5.491993e+03
4.814012e+05  0.000000e+00  0.000000e+00  0.000000e+00  0.000000e+00  0.000000e+00  0.000000e+00  0.000000e+00  2.768612e+04  1.712857e+04  9.548752e+03  6.367771e+03  5.070715e+03
4.869756e+05  0.000000e+00  0.000000e+00  0.000000e+00  0.000000e+00  0.000000e+00  0.000000e+00  0.000000e+00  2.565953e+04  1.582333e+04  8.812244e+03  5.874490e+03  4.677343e+03
4.926145e+05  0.000000e+00  0.000000e+00  0.000000e+00  0.000000e+00  0.000000e+00  0.000000e+00  0.000000e+00  2.375872e+04  1.460354e+04  8.124761e+03  5.414239e+03  4.310367e+03
4.983187e+05  0.000000e+00  0.000000e+00  0.000000e+00  0.000000e+00  0.000000e+00  0.000000e+00  0.000000e+00  2.197755e+04  1.346469e+04  7.483643e+03  4.985212e+03  3.968339e+03
5.040890e+05  0.000000e+00  0.000000e+00  0.000000e+00  0.000000e+00  0.000000e+00  0.000000e+00  0.000000e+00  2.031008e+04  1.240243e+04  6.886336e+03  4.585671e+03  3.649866e+03
5.099260e+05  0.000000e+00  0.000000e+00  0.000000e+00  0.000000e+00  0.000000e+00  0.000000e+00  0.000000e+00  1.875056e+04  1.141258e+04  6.330386e+03  4.213952e+03  3.353613e+03
5.158307e+05  0.000000e+00  0.000000e+00  0.000000e+00  0.000000e+00  0.000000e+00  0.000000e+00  0.000000e+00  1.729343e+04  1.049111e+04  5.813440e+03  3.868456e+03  3.078300e+03
5.218037e+05  0.000000e+00  0.000000e+00  0.000000e+00  0.000000e+00  0.000000e+00  0.000000e+00  0.000000e+00  1.593333e+04  9.634148e+03  5.333241e+03  3.547655e+03  2.822703e+03
5.278460e+05  0.000000e+00  0.000000e+00  0.000000e+00  0.000000e+00  0.000000e+00  0.000000e+00  0.000000e+00  1.466507e+04  8.837998e+03  4.887629e+03  3.250083e+03  2.585648e+03
5.339581e+05  0.000000e+00  0.000000e+00  0.000000e+00  0.000000e+00  0.000000e+00  0.000000e+00  0.000000e+00  1.348367e+04  8.099103e+03  4.474538e+03  2.974343e+03  2.366016e+03
5.401411e+05  0.000000e+00  0.000000e+00  0.000000e+00  0.000000e+00  0.000000e+00  0.000000e+00  0.000000e+00  1.238432e+04  7.414062e+03  4.091993e+03  2.719099e+03  2.162737e+03
5.463956e+05  0.000000e+00  0.000000e+00  0.000000e+00  0.000000e+00  0.000000e+00  0.000000e+00  0.000000e+00  1.136239e+04  6.779623e+03  3.738111e+03  2.483076e+03  1.974793e+03
5.527226e+05  0.000000e+00  0.000000e+00  0.000000e+00  0.000000e+00  0.000000e+00  0.000000e+00  0.000000e+00  1.041346e+04  6.192681e+03  3.411095e+03  2.265061e+03  1.801212e+03
5.591228e+05  0.000000e+00  0.000000e+00  0.000000e+00  0.000000e+00  0.000000e+00  0.000000e+00  0.000000e+00  9.533254e+03  5.650270e+03  3.109233e+03  2.063898e+03  1.641070e+03
5.655971e+05  0.000000e+00  0.000000e+00  0.000000e+00  0.000000e+00  0.000000e+00  0.000000e+00  0.000000e+00  8.717700e+03  5.149567e+03  2.830898e+03  1.878488e+03  1.493490e+03
5.721464e+05  0.000000e+00  0.000000e+00  0.000000e+00  0.000000e+00  0.000000e+00  0.000000e+00  0.000000e+00  7.962890e+03  4.687881e+03  2.574543e+03  1.707790e+03  1.357636e+03
5.787716e+05  0.000000e+00  0.000000e+00  0.000000e+00  0.000000e+00  0.000000e+00  0.000000e+00  0.000000e+00  7.265089e+03  4.262657e+03  2.338700e+03  1.550813e+03  1.232719e+03
5.854734e+05  0.000000e+00  0.000000e+00  0.000000e+00  0.000000e+00  0.000000e+00  0.000000e+00  0.000000e+00  6.620730e+03  3.871466e+03  2.121977e+03  1.406619e+03  1.117990e+03
5.922529e+05  0.000000e+00  0.000000e+00  0.000000e+00  0.000000e+00  0.000000e+00  0.000000e+00  0.000000e+00  6.026413e+03  3.512004e+03  1.923055e+03  1.274323e+03  1.012740e+03
5.991109e+05  0.000000e+00  0.000000e+00  0.000000e+00  0.000000e+00  0.000000e+00  0.000000e+00  0.000000e+00  5.478896e+03  3.182089e+03  1.740689e+03  1.153085e+03  9.163000e+02
6.060482e+05  0.000000e+00  0.000000e+00  0.000000e+00  0.000000e+00  0.000000e+00  0.000000e+00  0.000000e+00  4.975098e+03  2.879655e+03  1.573701e+03  1.042114e+03  8.280376e+02
6.130659e+05  0.000000e+00  0.000000e+00  0.000000e+00  0.000000e+00  0.000000e+00  0.000000e+00  0.000000e+00  4.512087e+03  2.602751e+03  1.420979e+03  9.406634e+02  7.473572e+02
6.201649e+05  0.000000e+00  0.000000e+00  0.000000e+00  0.000000e+00  0.000000e+00  0.000000e+00  0.000000e+00  4.087085e+03  2.349535e+03  1.281476e+03  8.480305e+02  6.736981e+02
6.273461e+05  0.000000e+00  0.000000e+00  0.000000e+00  0.000000e+00  0.000000e+00  0.000000e+00  0.000000e+00  3.697458e+03  2.118268e+03  1.154208e+03  7.635541e+02  6.065326e+02
6.346104e+05  0.000000e+00  0.000000e+00  0.000000e+00  0.000000e+00  0.000000e+00  0.000000e+00  0.000000e+00  3.340711e+03  1.907317e+03  1.038248e+03  6.866133e+02  5.453657e+02
6.419589e+05  0.000000e+00  0.000000e+00  0.000000e+00  0.000000e+00  0.000000e+00  0.000000e+00  0.000000e+00  3.014487e+03  1.715143e+03  9.327259e+02  6.166255e+02  4.897326e+02
6.493924e+05  0.000000e+00  0.000000e+00  0.000000e+00  0.000000e+00  0.000000e+00  0.000000e+00  0.000000e+00  2.716562e+03  1.540303e+03  8.368276e+02  5.530449e+02  4.391982e+02
6.569120e+05  0.000000e+00  0.000000e+00  0.000000e+00  0.000000e+00  0.000000e+00  0.000000e+00  0.000000e+00  2.444838e+03  1.381444e+03  7.497900e+02  4.953608e+02  3.933555e+02
6.645187e+05  0.000000e+00  0.000000e+00  0.000000e+00  0.000000e+00  0.000000e+00  0.000000e+00  0.000000e+00  2.197342e+03  1.237297e+03  6.708997e+02  4.430961e+02  3.518242e+02
6.722134e+05  0.000000e+00  0.000000e+00  0.000000e+00  0.000000e+00  0.000000e+00  0.000000e+00  0.000000e+00  1.972216e+03  1.106677e+03  5.994906e+02  3.958055e+02  3.142495e+02
6.799973e+05  0.000000e+00  0.000000e+00  0.000000e+00  0.000000e+00  0.000000e+00  0.000000e+00  0.000000e+00  1.767720e+03  9.884778e+02  5.349419e+02  3.530743e+02  2.803009e+02
6.878713e+05  0.000000e+00  0.000000e+00  0.000000e+00  0.000000e+00  0.000000e+00  0.000000e+00  0.000000e+00  1.582221e+03  8.816663e+02  4.766754e+02  3.145162e+02  2.496709e+02
6.958365e+05  0.000000e+00  0.000000e+00  0.000000e+00  0.000000e+00  0.000000e+00  0.000000e+00  0.000000e+00  1.414189e+03  7.852816e+02  4.241538e+02  2.797726e+02  2.220739e+02
7.038939e+05  0.000000e+00  0.000000e+00  0.000000e+00  0.000000e+00  0.000000e+00  0.000000e+00  0.000000e+00  1.262198e+03  6.984301e+02  3.768780e+02  2.485108e+02  1.972450e+02
7.120446e+05  0.000000e+00  0.000000e+00  0.000000e+00  0.000000e+00  0.000000e+00  0.000000e+00  0.000000e+00  1.124914e+03  6.202820e+02  3.343856e+02  2.204224e+02  1.749385e+02
7.202897e+05  0.000000e+00  0.000000e+00  0.000000e+00  0.000000e+00  0.000000e+00  0.000000e+00  0.000000e+00  1.001094e+03  5.500683e+02  2.962485e+02  1.952221e+02  1.549276e+02
7.286302e+05  0.000000e+00  0.000000e+00  0.000000e+00  0.000000e+00  0.000000e+00  0.000000e+00  0.000000e+00  8.895854e+02  4.870771e+02  2.620709e+02  1.726464e+02  1.370025e+02
7.370674e+05  0.000000e+00  0.000000e+00  0.000000e+00  0.000000e+00  0.000000e+00  0.000000e+00  0.000000e+00  7.893132e+02  4.306505e+02  2.314880e+02  1.524524e+02  1.209699e+02
7.456022e+05  0.000000e+00  0.000000e+00  0.000000e+00  0.000000e+00  0.000000e+00  0.000000e+00  0.000000e+00  6.992825e+02  3.801814e+02  2.041631e+02  1.344163e+02  1.066517e+02
7.542359e+05  0.000000e+00  0.000000e+00  0.000000e+00  0.000000e+00  0.000000e+00  0.000000e+00  0.000000e+00  6.185720e+02  3.351106e+02  1.797870e+02  1.183322e+02  9.388428e+01
7.629695e+05  0.000000e+00  0.000000e+00  0.000000e+00  0.000000e+00  0.000000e+00  0.000000e+00  0.000000e+00  5.463296e+02  2.949236e+02  1.580753e+02  1.040113e+02  8.251742e+01
7.718043e+05  0.000000e+00  0.000000e+00  0.000000e+00  0.000000e+00  0.000000e+00  0.000000e+00  0.000000e+00  4.817692e+02  2.591480e+02  1.387675e+02  9.128048e+01  7.241345e+01
7.807414e+05  0.000000e+00  0.000000e+00  0.000000e+00  0.000000e+00  0.000000e+00  0.000000e+00  0.000000e+00  4.241664e+02  2.273506e+02  1.216249e+02  7.998130e+01  6.344642e+01
7.897819e+05  0.000000e+00  0.000000e+00  0.000000e+00  0.000000e+00  0.000000e+00  0.000000e+00  0.000000e+00  3.728547e+02  1.991352e+02  1.064295e+02  6.996903e+01  5.550128e+01
7.989272e+05  0.000000e+00  0.000000e+00  0.000000e+00  0.000000e+00  0.000000e+00  0.000000e+00  0.000000e+00  3.272222e+02  1.741394e+02  9.298231e+01  6.111169e+01  4.847311e+01
8.081783e+05  0.000000e+00  0.000000e+00  0.000000e+00  0.000000e+00  0.000000e+00  0.000000e+00  0.000000e+00  2.867080e+02  1.520328e+02  8.110196e+01  5.328908e+01  4.226642e+01
8.175366e+05  0.000000e+00  0.000000e+00  0.000000e+00  0.000000e+00  0.000000e+00  0.000000e+00  0.000000e+00  2.507987e+02  1.325145e+02  7.062365e+01  4.639197e+01  3.679439e+01
8.270032e+05  0.000000e+00  0.000000e+00  0.000000e+00  0.000000e+00  0.000000e+00  0.000000e+00  0.000000e+00  2.190254e+02  1.153110e+02  6.139773e+01  4.032122e+01  3.197829e+01
8.365795e+05  0.000000e+00  0.000000e+00  0.000000e+00  0.000000e+00  0.000000e+00  0.000000e+00  0.000000e+00  1.909603e+02  1.001739e+02  5.328858e+01  3.498706e+01  2.774679e+01
8.462666e+05  0.000000e+00  0.000000e+00  0.000000e+00  0.000000e+00  0.000000e+00  0.000000e+00  0.000000e+00  1.662142e+02  8.687843e+01  4.617350e+01  3.030830e+01  2.403540e+01
8.560659e+05  0.000000e+00  0.000000e+00  0.000000e+00  0.000000e+00  0.000000e+00  0.000000e+00  0.000000e+00  1.444334e+02  7.522126e+01  3.994171e+01  2.621166e+01  2.078596e+01
8.659787e+05  0.000000e+00  0.000000e+00  0.000000e+00  0.000000e+00  0.000000e+00  0.000000e+00  0.000000e+00  1.252970e+02  6.501884e+01  3.449335e+01  2.263115e+01  1.794605e+01
8.760062e+05  0.000000e+00  0.000000e+00  0.000000e+00  0.000000e+00  0.000000e+00  0.000000e+00  0.000000e+00  1.085147e+02  5.610582e+01  2.973860e+01  1.950740e+01  1.546855e+01
8.861499e+05  0.000000e+00  0.000000e+00  0.000000e+00  0.000000e+00  0.000000e+00  0.000000e+00  0.000000e+00  9.382393e+01  4.833353e+01  2.559678e+01  1.678715e+01  1.331119e+01
8.964110e+05  0.000000e+00  0.000000e+00  0.000000e+00  0.000000e+00  0.000000e+00  0.000000e+00  0.000000e+00  8.098800e+01  4.156854e+01  2.199560e+01  1.442270e+01  1.143611e+01
9.067910e+05  0.000000e+00  0.000000e+00  0.000000e+00  0.000000e+00  0.000000e+00  0.000000e+00  0.000000e+00  6.979380e+01  3.569132e+01  1.887042e+01  1.237140e+01  9.809467e+00
9.172911e+05  0.000000e+00  0.000000e+00  0.000000e+00  0.000000e+00  0.000000e+00  0.000000e+00  0.000000e+00  6.004984e+01  3.059506e+01  1.616354e+01  1.059524e+01  8.401108e+00
9.279129e+05  0.000000e+00  0.000000e+00  0.000000e+00  0.000000e+00  0.000000e+00  0.000000e+00  0.000000e+00  5.158438e+01  2.618449e+01  1.382362e+01  9.060391e+00  7.184199e+00
9.386576e+05  0.000000e+00  0.000000e+00  0.000000e+00  0.000000e+00  0.000000e+00  0.000000e+00  0.000000e+00  4.424369e+01  2.237488e+01  1.180507e+01  7.736854e+00  6.134948e+00
9.495267e+05  0.000000e+00  0.000000e+00  0.000000e+00  0.000000e+00  0.000000e+00  0.000000e+00  0.000000e+00  3.789036e+01  1.909108e+01  1.006756e+01  6.598121e+00  5.232337e+00
9.605217e+05  0.000000e+00  0.000000e+00  0.000000e+00  0.000000e+00  0.000000e+00  0.000000e+00  0.000000e+00  3.240173e+01  1.626674e+01  8.575615e+00  5.620917e+00  4.457921e+00
9.716440e+05  0.000000e+00  0.000000e+00  0.000000e+00  0.000000e+00  0.000000e+00  0.000000e+00  0.000000e+00  2.766842e+01  1.384378e+01  7.298425e+00  4.785093e+00  3.795753e+00
9.828952e+05  0.000000e+00  0.000000e+00  0.000000e+00  0.000000e+00  0.000000e+00  0.000000e+00  0.000000e+00  2.359320e+01  1.177277e+01  6.210378e+00  4.074128e+00  3.232823e+00
9.942765e+05  0.000000e+00  0.000000e+00  0.000000e+00  0.000000e+00  0.000000e+00  0.000000e+00  0.000000e+00  2.009060e+01  1.001745e+01  5.295169e+00  3.478429e+00  2.761864e+00
