# Emergent specific intensity at upper slab face  iter=35
# Col 1: E [eV]
# Col 2: F_corona (incident normal flux, stored as I_corona) [erg cm^-2 s^-1 eV^-1]
# Col 3: I_disk (incident) [erg cm^-2 s^-1 eV^-1 sr^-1]
# Col 4: I(mu=-0.960290) [erg cm^-2 s^-1 eV^-1 sr^-1]
# Col 5: I(mu=-0.796666) [erg cm^-2 s^-1 eV^-1 sr^-1]
# Col 6: I(mu=-0.525532) [erg cm^-2 s^-1 eV^-1 sr^-1]
# Col 7: I(mu=-0.183435) [erg cm^-2 s^-1 eV^-1 sr^-1]
# Col 8: I(mu=0.183435) [erg cm^-2 s^-1 eV^-1 sr^-1]
# Col 9: I(mu=0.525532) [erg cm^-2 s^-1 eV^-1 sr^-1]
# Col 10: I(mu=0.796666) [erg cm^-2 s^-1 eV^-1 sr^-1]
# Col 11: I(mu=0.960290) [erg cm^-2 s^-1 eV^-1 sr^-1]
1.002511e+00  1.652480e+13  0.000000e+00  0.000000e+00  1.484506e+13  0.000000e+00  0.000000e+00  2.659013e+12  1.889426e+12  1.611260e+12  1.497542e+12
1.007531e+00  1.655251e+13  0.000000e+00  0.000000e+00  1.486995e+13  0.000000e+00  0.000000e+00  2.679787e+12  1.902644e+12  1.622316e+12  1.507757e+12
1.012576e+00  1.657966e+13  0.000000e+00  0.000000e+00  1.489435e+13  0.000000e+00  0.000000e+00  2.699362e+12  1.915196e+12  1.632882e+12  1.517550e+12
1.017646e+00  1.660665e+13  0.000000e+00  0.000000e+00  1.491859e+13  0.000000e+00  0.000000e+00  2.718339e+12  1.927420e+12  1.643212e+12  1.527143e+12
1.022741e+00  1.663385e+13  0.000000e+00  0.000000e+00  1.494303e+13  0.000000e+00  0.000000e+00  2.736912e+12  1.939431e+12  1.653392e+12  1.536609e+12
1.027862e+00  1.666088e+13  0.000000e+00  0.000000e+00  1.496731e+13  0.000000e+00  0.000000e+00  2.755192e+12  1.951302e+12  1.663479e+12  1.546000e+12
1.033008e+00  1.668735e+13  0.000000e+00  0.000000e+00  1.499109e+13  0.000000e+00  0.000000e+00  2.773282e+12  1.963105e+12  1.673533e+12  1.555370e+12
1.038181e+00  1.671441e+13  0.000000e+00  0.000000e+00  1.501540e+13  0.000000e+00  0.000000e+00  2.791292e+12  1.974922e+12  1.683621e+12  1.564779e+12
1.043379e+00  1.674055e+13  0.000000e+00  0.000000e+00  1.503888e+13  0.000000e+00  0.000000e+00  2.824141e+12  1.996159e+12  1.700853e+12  1.580416e+12
1.048603e+00  1.676787e+13  0.000000e+00  0.000000e+00  1.506343e+13  0.000000e+00  0.000000e+00  2.827327e+12  1.998835e+12  1.704131e+12  1.583947e+12
1.053853e+00  1.679545e+13  0.000000e+00  0.000000e+00  1.508820e+13  0.000000e+00  0.000000e+00  2.845618e+12  2.011194e+12  1.714814e+12  1.593962e+12
1.059130e+00  1.682301e+13  0.000000e+00  0.000000e+00  1.511296e+13  0.000000e+00  0.000000e+00  2.864406e+12  2.024158e+12  1.726123e+12  1.604607e+12
1.064433e+00  1.685075e+13  0.000000e+00  0.000000e+00  1.513788e+13  0.000000e+00  0.000000e+00  3.045856e+12  2.223168e+12  1.928898e+12  1.807564e+12
1.069763e+00  1.687794e+13  0.000000e+00  0.000000e+00  1.516231e+13  0.000000e+00  0.000000e+00  2.899413e+12  2.047530e+12  1.746241e+12  1.623438e+12
1.075119e+00  1.690531e+13  0.000000e+00  0.000000e+00  1.518689e+13  0.000000e+00  0.000000e+00  2.915566e+12  2.057856e+12  1.754968e+12  1.631544e+12
1.080502e+00  1.693248e+13  0.000000e+00  0.000000e+00  1.521131e+13  0.000000e+00  0.000000e+00  2.932218e+12  2.068769e+12  1.764302e+12  1.640260e+12
1.085912e+00  1.695947e+13  0.000000e+00  0.000000e+00  1.523555e+13  0.000000e+00  0.000000e+00  2.949249e+12  2.080084e+12  1.774035e+12  1.649370e+12
1.091349e+00  1.698662e+13  0.000000e+00  0.000000e+00  1.525994e+13  0.000000e+00  0.000000e+00  2.966584e+12  2.091693e+12  1.784046e+12  1.658749e+12
1.096814e+00  1.701366e+13  0.000000e+00  0.000000e+00  1.528423e+13  0.000000e+00  0.000000e+00  2.984189e+12  2.103534e+12  1.794267e+12  1.668327e+12
1.102305e+00  1.704132e+13  0.000000e+00  0.000000e+00  1.530908e+13  0.000000e+00  0.000000e+00  3.002051e+12  2.115578e+12  1.804661e+12  1.678066e+12
1.107825e+00  1.706984e+13  0.000000e+00  0.000000e+00  1.533470e+13  0.000000e+00  0.000000e+00  3.019122e+12  2.126531e+12  1.813823e+12  1.686507e+12
1.113372e+00  1.709743e+13  0.000000e+00  0.000000e+00  1.535949e+13  0.000000e+00  0.000000e+00  3.040270e+12  2.145213e+12  1.831844e+12  1.704058e+12
1.118946e+00  1.712518e+13  0.000000e+00  0.000000e+00  1.538442e+13  0.000000e+00  0.000000e+00  3.057899e+12  2.153794e+12  1.837798e+12  1.709169e+12
1.124549e+00  1.715308e+13  0.000000e+00  0.000000e+00  1.540948e+13  0.000000e+00  0.000000e+00  3.077087e+12  2.166973e+12  1.849207e+12  1.719864e+12
1.130179e+00  1.718076e+13  0.000000e+00  0.000000e+00  1.543434e+13  0.000000e+00  0.000000e+00  3.096923e+12  2.180820e+12  1.861254e+12  1.731174e+12
1.135838e+00  1.720788e+13  0.000000e+00  0.000000e+00  1.545871e+13  0.000000e+00  0.000000e+00  3.285709e+12  2.365921e+12  2.035740e+12  1.898996e+12
1.141525e+00  1.723514e+13  0.000000e+00  0.000000e+00  1.548320e+13  0.000000e+00  0.000000e+00  3.134540e+12  2.206552e+12  1.883503e+12  1.752022e+12
1.147241e+00  1.726246e+13  0.000000e+00  0.000000e+00  1.550774e+13  0.000000e+00  0.000000e+00  3.237009e+12  2.282656e+12  1.945801e+12  1.808146e+12
1.152985e+00  1.729073e+13  0.000000e+00  0.000000e+00  1.553314e+13  0.000000e+00  0.000000e+00  3.169278e+12  2.229798e+12  1.903535e+12  1.770789e+12
1.158758e+00  1.731931e+13  0.000000e+00  0.000000e+00  1.555881e+13  0.000000e+00  0.000000e+00  3.194136e+12  2.247262e+12  1.918293e+12  1.784422e+12
1.164560e+00  1.734732e+13  0.000000e+00  0.000000e+00  1.558397e+13  0.000000e+00  0.000000e+00  3.204794e+12  2.253945e+12  1.924500e+12  1.790492e+12
1.170391e+00  1.737580e+13  0.000000e+00  0.000000e+00  1.560956e+13  0.000000e+00  0.000000e+00  3.223345e+12  2.266656e+12  1.935534e+12  1.800855e+12
1.176251e+00  1.740370e+13  0.000000e+00  0.000000e+00  1.563462e+13  0.000000e+00  0.000000e+00  3.242502e+12  2.279795e+12  1.946923e+12  1.811543e+12
1.182141e+00  1.743138e+13  0.000000e+00  0.000000e+00  1.565949e+13  0.000000e+00  0.000000e+00  3.262396e+12  2.293447e+12  1.958740e+12  1.822622e+12
1.188060e+00  1.745951e+13  0.000000e+00  0.000000e+00  1.568476e+13  0.000000e+00  0.000000e+00  3.301652e+12  2.327827e+12  1.991528e+12  1.854700e+12
1.194008e+00  1.748706e+13  0.000000e+00  0.000000e+00  1.570951e+13  0.000000e+00  0.000000e+00  3.304809e+12  2.322544e+12  1.983824e+12  1.846086e+12
1.199987e+00  1.751449e+13  0.000000e+00  0.000000e+00  1.573415e+13  0.000000e+00  0.000000e+00  3.328146e+12  2.338895e+12  1.997991e+12  1.859358e+12
1.205995e+00  1.754283e+13  0.000000e+00  0.000000e+00  1.575961e+13  0.000000e+00  0.000000e+00  3.354034e+12  2.357854e+12  2.014726e+12  1.875168e+12
1.212033e+00  1.757166e+13  0.000000e+00  0.000000e+00  1.578551e+13  0.000000e+00  0.000000e+00  3.383430e+12  2.380863e+12  2.035686e+12  1.895264e+12
1.218102e+00  1.760059e+13  0.000000e+00  0.000000e+00  1.581150e+13  0.000000e+00  0.000000e+00  3.418367e+12  2.410803e+12  2.064114e+12  1.923053e+12
1.224201e+00  1.762893e+13  0.000000e+00  0.000000e+00  1.583696e+13  0.000000e+00  0.000000e+00  4.698733e+12  4.051839e+12  3.852177e+12  3.776606e+12
1.230331e+00  1.765736e+13  0.000000e+00  0.000000e+00  1.586250e+13  0.000000e+00  0.000000e+00  3.463382e+12  2.443287e+12  2.092485e+12  1.949713e+12
1.236491e+00  1.768554e+13  0.000000e+00  0.000000e+00  1.588782e+13  0.000000e+00  0.000000e+00  3.597052e+12  2.578221e+12  2.221534e+12  2.074584e+12
1.242682e+00  1.771381e+13  0.000000e+00  0.000000e+00  1.591321e+13  0.000000e+00  0.000000e+00  3.474379e+12  2.442738e+12  2.088827e+12  1.944863e+12
1.248904e+00  1.774183e+13  0.000000e+00  0.000000e+00  1.593839e+13  0.000000e+00  0.000000e+00  3.485719e+12  2.449384e+12  2.094283e+12  1.949877e+12
1.255157e+00  1.776960e+13  0.000000e+00  0.000000e+00  1.596333e+13  0.000000e+00  0.000000e+00  3.499842e+12  2.459006e+12  2.102696e+12  1.957821e+12
1.261442e+00  1.779819e+13  0.000000e+00  0.000000e+00  1.598901e+13  0.000000e+00  0.000000e+00  3.516016e+12  2.470595e+12  2.112971e+12  1.967566e+12
1.267758e+00  1.782734e+13  0.000000e+00  0.000000e+00  1.601520e+13  0.000000e+00  0.000000e+00  3.547410e+12  2.498737e+12  2.140022e+12  1.994116e+12
1.274106e+00  1.785632e+13  0.000000e+00  0.000000e+00  1.604123e+13  0.000000e+00  0.000000e+00  3.552181e+12  2.496738e+12  2.136061e+12  1.989400e+12
1.280485e+00  1.788536e+13  0.000000e+00  0.000000e+00  1.606732e+13  0.000000e+00  0.000000e+00  3.593335e+12  2.522998e+12  2.157327e+12  2.008703e+12
1.286896e+00  1.791413e+13  0.000000e+00  0.000000e+00  1.609317e+13  0.000000e+00  0.000000e+00  3.591587e+12  2.525197e+12  2.161088e+12  2.013008e+12
1.293340e+00  1.794296e+13  0.000000e+00  0.000000e+00  1.611907e+13  0.000000e+00  0.000000e+00  3.612480e+12  2.540474e+12  2.174575e+12  2.025750e+12
1.299816e+00  1.797121e+13  0.000000e+00  0.000000e+00  1.614445e+13  0.000000e+00  0.000000e+00  3.735447e+12  2.666842e+12  2.297763e+12  2.146323e+12
1.306324e+00  1.799951e+13  0.000000e+00  0.000000e+00  1.616987e+13  0.000000e+00  0.000000e+00  3.653662e+12  2.570130e+12  2.200602e+12  2.050281e+12
1.312865e+00  1.802786e+13  0.000000e+00  0.000000e+00  1.619534e+13  0.000000e+00  0.000000e+00  3.674018e+12  2.584691e+12  2.213357e+12  2.062297e+12
1.319438e+00  1.805650e+13  0.000000e+00  0.000000e+00  1.622107e+13  0.000000e+00  0.000000e+00  3.695612e+12  2.600650e+12  2.227526e+12  2.075721e+12
1.326045e+00  1.808602e+13  0.000000e+00  0.000000e+00  1.624759e+13  0.000000e+00  0.000000e+00  3.866319e+12  2.791460e+12  2.421958e+12  2.270223e+12
1.332684e+00  1.811521e+13  0.000000e+00  0.000000e+00  1.627381e+13  0.000000e+00  0.000000e+00  3.736850e+12  2.630511e+12  2.253785e+12  2.100495e+12
1.339357e+00  1.814475e+13  0.000000e+00  0.000000e+00  1.630035e+13  0.000000e+00  0.000000e+00  3.758202e+12  2.645648e+12  2.266851e+12  2.112713e+12
1.346063e+00  1.817370e+13  0.000000e+00  0.000000e+00  1.632635e+13  0.000000e+00  0.000000e+00  3.856694e+12  2.748408e+12  2.368393e+12  2.212846e+12
1.352803e+00  1.820268e+13  0.000000e+00  0.000000e+00  1.635238e+13  0.000000e+00  0.000000e+00  3.796246e+12  2.673048e+12  2.291019e+12  2.135563e+12
1.359576e+00  1.823168e+13  0.000000e+00  0.000000e+00  1.637844e+13  0.000000e+00  0.000000e+00  3.824010e+12  2.696632e+12  2.313218e+12  2.157169e+12
1.366384e+00  1.826071e+13  0.000000e+00  0.000000e+00  1.640452e+13  0.000000e+00  0.000000e+00  3.836707e+12  2.702479e+12  2.316946e+12  2.160048e+12
1.373225e+00  1.828883e+13  0.000000e+00  0.000000e+00  1.642978e+13  0.000000e+00  0.000000e+00  3.920912e+12  2.790065e+12  2.403917e+12  2.246141e+12
1.380101e+00  1.831798e+13  0.000000e+00  0.000000e+00  1.645596e+13  0.000000e+00  0.000000e+00  3.877861e+12  2.732579e+12  2.343487e+12  2.185119e+12
1.387011e+00  1.834736e+13  0.000000e+00  0.000000e+00  1.648236e+13  0.000000e+00  0.000000e+00  3.904426e+12  2.754775e+12  2.364228e+12  2.205242e+12
1.393956e+00  1.837721e+13  0.000000e+00  0.000000e+00  1.650918e+13  0.000000e+00  0.000000e+00  3.919292e+12  2.762860e+12  2.370154e+12  2.210292e+12
1.400935e+00  1.840676e+13  0.000000e+00  0.000000e+00  1.653572e+13  0.000000e+00  0.000000e+00  3.978280e+12  2.819482e+12  2.424873e+12  2.263855e+12
1.407950e+00  1.843662e+13  0.000000e+00  0.000000e+00  1.656255e+13  0.000000e+00  0.000000e+00  3.961830e+12  2.794263e+12  2.397903e+12  2.236525e+12
1.414999e+00  1.846588e+13  0.000000e+00  0.000000e+00  1.658883e+13  0.000000e+00  0.000000e+00  4.013734e+12  2.843410e+12  2.445351e+12  2.283006e+12
1.422084e+00  1.849483e+13  0.000000e+00  0.000000e+00  1.661484e+13  0.000000e+00  0.000000e+00  4.004437e+12  2.825689e+12  2.425650e+12  2.262746e+12
1.429205e+00  1.852438e+13  0.000000e+00  0.000000e+00  1.664139e+13  0.000000e+00  0.000000e+00  4.051169e+12  2.869367e+12  2.467731e+12  2.303971e+12
1.436361e+00  1.855303e+13  0.000000e+00  0.000000e+00  1.666713e+13  0.000000e+00  0.000000e+00  4.047825e+12  2.857730e+12  2.453944e+12  2.289485e+12
1.443553e+00  1.858218e+13  0.000000e+00  0.000000e+00  1.669331e+13  0.000000e+00  0.000000e+00  4.090538e+12  2.897321e+12  2.492021e+12  2.326783e+12
1.450780e+00  1.861185e+13  0.000000e+00  0.000000e+00  1.671997e+13  0.000000e+00  0.000000e+00  4.109224e+12  2.910202e+12  2.503055e+12  2.337081e+12
1.458044e+00  1.864186e+13  0.000000e+00  0.000000e+00  1.674693e+13  0.000000e+00  0.000000e+00  4.128615e+12  2.923800e+12  2.514780e+12  2.348049e+12
1.465345e+00  1.867215e+13  0.000000e+00  0.000000e+00  1.677414e+13  0.000000e+00  0.000000e+00  4.159761e+12  2.950785e+12  2.540215e+12  2.372798e+12
1.472682e+00  1.870212e+13  0.000000e+00  0.000000e+00  1.680106e+13  0.000000e+00  0.000000e+00  4.167527e+12  2.950994e+12  2.538142e+12  2.369857e+12
1.480056e+00  1.873177e+13  0.000000e+00  0.000000e+00  1.682769e+13  0.000000e+00  0.000000e+00  4.196244e+12  2.975216e+12  2.560731e+12  2.391738e+12
1.487466e+00  1.876139e+13  0.000000e+00  0.000000e+00  1.685430e+13  0.000000e+00  0.000000e+00  4.207674e+12  2.977311e+12  2.559480e+12  2.389139e+12
1.494914e+00  1.879069e+13  0.000000e+00  0.000000e+00  1.688062e+13  0.000000e+00  0.000000e+00  4.242998e+12  3.004675e+12  2.583030e+12  2.411032e+12
1.502399e+00  1.881996e+13  0.000000e+00  0.000000e+00  1.690692e+13  0.000000e+00  0.000000e+00  4.373697e+12  3.158401e+12  2.743433e+12  2.573163e+12
1.509922e+00  1.884951e+13  0.000000e+00  0.000000e+00  1.693346e+13  0.000000e+00  0.000000e+00  4.327236e+12  3.047985e+12  2.614725e+12  2.438377e+12
1.517482e+00  1.887899e+13  0.000000e+00  0.000000e+00  1.695995e+13  0.000000e+00  0.000000e+00  4.293762e+12  3.048693e+12  2.626092e+12  2.453731e+12
1.525080e+00  1.890985e+13  0.000000e+00  0.000000e+00  1.698768e+13  0.000000e+00  0.000000e+00  4.315279e+12  3.064878e+12  2.640476e+12  2.467370e+12
1.532716e+00  1.894009e+13  0.000000e+00  0.000000e+00  1.701484e+13  0.000000e+00  0.000000e+00  4.337503e+12  3.081731e+12  2.655479e+12  2.481600e+12
1.540390e+00  1.897028e+13  0.000000e+00  0.000000e+00  1.704196e+13  0.000000e+00  0.000000e+00  4.360360e+12  3.099137e+12  2.670971e+12  2.496288e+12
1.548103e+00  1.900070e+13  0.000000e+00  0.000000e+00  1.706929e+13  0.000000e+00  0.000000e+00  4.392146e+12  3.123521e+12  2.692009e+12  2.515888e+12
1.555854e+00  1.903051e+13  0.000000e+00  0.000000e+00  1.709606e+13  0.000000e+00  0.000000e+00  4.407817e+12  3.135391e+12  2.703189e+12  2.526800e+12
1.563644e+00  1.906025e+13  0.000000e+00  0.000000e+00  1.712279e+13  0.000000e+00  0.000000e+00  4.540768e+12  3.242418e+12  2.789797e+12  2.604406e+12
1.571473e+00  1.908995e+13  0.000000e+00  0.000000e+00  1.714946e+13  0.000000e+00  0.000000e+00  4.454376e+12  3.171074e+12  2.735000e+12  2.556980e+12
1.579342e+00  1.911930e+13  0.000000e+00  0.000000e+00  1.717583e+13  0.000000e+00  0.000000e+00  4.476780e+12  3.188139e+12  2.750263e+12  2.571492e+12
1.587250e+00  1.914955e+13  0.000000e+00  0.000000e+00  1.720301e+13  0.000000e+00  0.000000e+00  4.500047e+12  3.205998e+12  2.766212e+12  2.586636e+12
1.595197e+00  1.918031e+13  0.000000e+00  0.000000e+00  1.723064e+13  0.000000e+00  0.000000e+00  4.524099e+12  3.224511e+12  2.782716e+12  2.602289e+12
1.603184e+00  1.921089e+13  0.000000e+00  0.000000e+00  1.725812e+13  0.000000e+00  0.000000e+00  4.634796e+12  3.303161e+12  2.845752e+12  2.658761e+12
1.611211e+00  1.924168e+13  0.000000e+00  0.000000e+00  1.728577e+13  0.000000e+00  0.000000e+00  4.572134e+12  3.261722e+12  2.815994e+12  2.633898e+12
1.619279e+00  1.927211e+13  0.000000e+00  0.000000e+00  1.731311e+13  0.000000e+00  0.000000e+00  4.596232e+12  3.280661e+12  2.833052e+12  2.650152e+12
1.627386e+00  1.930247e+13  0.000000e+00  0.000000e+00  1.734038e+13  0.000000e+00  0.000000e+00  4.627838e+12  3.312784e+12  2.862630e+12  2.678217e+12
1.635535e+00  1.933247e+13  0.000000e+00  0.000000e+00  1.736733e+13  0.000000e+00  0.000000e+00  4.749304e+12  3.447502e+12  3.002363e+12  2.819646e+12
1.643724e+00  1.936266e+13  0.000000e+00  0.000000e+00  1.739446e+13  0.000000e+00  0.000000e+00  4.668468e+12  3.337404e+12  2.884129e+12  2.698815e+12
1.651954e+00  1.939222e+13  0.000000e+00  0.000000e+00  1.742101e+13  0.000000e+00  0.000000e+00  4.690585e+12  3.354149e+12  2.898951e+12  2.712836e+12
1.660225e+00  1.942274e+13  0.000000e+00  0.000000e+00  1.744843e+13  0.000000e+00  0.000000e+00  4.713514e+12  3.371859e+12  2.914768e+12  2.727858e+12
1.668538e+00  1.945347e+13  0.000000e+00  0.000000e+00  1.747604e+13  0.000000e+00  0.000000e+00  4.739727e+12  3.391906e+12  2.932490e+12  2.744609e+12
1.676892e+00  1.948474e+13  0.000000e+00  0.000000e+00  1.750413e+13  0.000000e+00  0.000000e+00  4.761016e+12  3.409003e+12  2.948089e+12  2.759561e+12
1.685289e+00  1.951564e+13  0.000000e+00  0.000000e+00  1.753189e+13  0.000000e+00  0.000000e+00  4.785307e+12  3.428086e+12  2.965226e+12  2.775870e+12
1.693727e+00  1.954644e+13  0.000000e+00  0.000000e+00  1.755955e+13  0.000000e+00  0.000000e+00  4.809953e+12  3.447475e+12  2.982638e+12  2.792440e+12
1.702207e+00  1.957687e+13  0.000000e+00  0.000000e+00  1.758689e+13  0.000000e+00  0.000000e+00  4.835010e+12  3.467237e+12  3.000391e+12  2.809335e+12
1.710730e+00  1.960772e+13  0.000000e+00  0.000000e+00  1.761461e+13  0.000000e+00  0.000000e+00  4.860469e+12  3.487423e+12  3.018562e+12  2.826642e+12
1.719296e+00  1.963794e+13  0.000000e+00  0.000000e+00  1.764175e+13  0.000000e+00  0.000000e+00  4.886513e+12  3.508280e+12  3.037413e+12  2.844628e+12
1.727904e+00  1.966805e+13  0.000000e+00  0.000000e+00  1.766880e+13  0.000000e+00  0.000000e+00  4.982016e+12  3.609070e+12  3.137799e+12  2.944196e+12
1.736556e+00  1.969835e+13  0.000000e+00  0.000000e+00  1.769602e+13  0.000000e+00  0.000000e+00  4.936788e+12  3.548036e+12  3.073160e+12  2.878667e+12
1.745251e+00  1.972966e+13  0.000000e+00  0.000000e+00  1.772415e+13  0.000000e+00  0.000000e+00  4.960999e+12  3.566895e+12  3.090013e+12  2.894674e+12
1.753989e+00  1.976087e+13  0.000000e+00  0.000000e+00  1.775219e+13  0.000000e+00  0.000000e+00  5.003926e+12  3.595501e+12  3.113990e+12  2.916844e+12
1.762772e+00  1.979222e+13  0.000000e+00  0.000000e+00  1.778036e+13  0.000000e+00  0.000000e+00  5.011395e+12  3.606552e+12  3.125625e+12  2.928575e+12
1.771598e+00  1.982345e+13  0.000000e+00  0.000000e+00  1.780841e+13  0.000000e+00  0.000000e+00  5.036362e+12  3.626692e+12  3.143841e+12  2.945960e+12
1.780468e+00  1.985429e+13  0.000000e+00  0.000000e+00  1.783611e+13  0.000000e+00  0.000000e+00  5.062462e+12  3.647607e+12  3.162730e+12  2.963981e+12
1.789383e+00  1.988526e+13  0.000000e+00  0.000000e+00  1.786393e+13  0.000000e+00  0.000000e+00  5.089354e+12  3.669317e+12  3.182392e+12  2.982759e+12
1.798342e+00  1.991583e+13  0.000000e+00  0.000000e+00  1.789140e+13  0.000000e+00  0.000000e+00  5.174453e+12  3.758741e+12  3.271438e+12  3.071140e+12
1.807347e+00  1.994654e+13  0.000000e+00  0.000000e+00  1.791898e+13  0.000000e+00  0.000000e+00  5.142321e+12  3.711312e+12  3.220188e+12  3.018770e+12
1.816396e+00  1.997670e+13  0.000000e+00  0.000000e+00  1.794608e+13  0.000000e+00  0.000000e+00  5.168785e+12  3.731832e+12  3.238496e+12  3.036152e+12
1.825491e+00  2.000811e+13  0.000000e+00  0.000000e+00  1.797429e+13  0.000000e+00  0.000000e+00  5.196757e+12  3.753547e+12  3.257891e+12  3.054574e+12
1.834631e+00  2.003985e+13  0.000000e+00  0.000000e+00  1.800281e+13  0.000000e+00  0.000000e+00  5.226691e+12  3.776726e+12  3.278564e+12  3.074196e+12
1.843817e+00  2.007170e+13  0.000000e+00  0.000000e+00  1.803142e+13  0.000000e+00  0.000000e+00  5.259437e+12  3.802109e+12  3.301178e+12  3.095644e+12
1.853049e+00  2.010289e+13  0.000000e+00  0.000000e+00  1.805944e+13  0.000000e+00  0.000000e+00  5.344437e+12  3.887942e+12  3.385624e+12  3.179110e+12
1.862327e+00  2.013418e+13  0.000000e+00  0.000000e+00  1.808755e+13  0.000000e+00  0.000000e+00  5.335943e+12  3.861986e+12  3.354497e+12  3.146160e+12
1.871652e+00  2.016532e+13  0.000000e+00  0.000000e+00  1.811553e+13  0.000000e+00  0.000000e+00  5.391530e+12  3.907212e+12  3.395055e+12  3.184702e+12
1.881023e+00  2.019655e+13  0.000000e+00  0.000000e+00  1.814358e+13  0.000000e+00  0.000000e+00  5.445489e+12  3.957533e+12  3.443728e+12  3.232575e+12
1.890442e+00  2.022713e+13  0.000000e+00  0.000000e+00  1.817105e+13  0.000000e+00  0.000000e+00  7.930059e+12  6.110977e+12  5.526703e+12  5.295352e+12
1.899907e+00  2.025804e+13  0.000000e+00  0.000000e+00  1.819882e+13  0.000000e+00  0.000000e+00  5.544025e+12  4.054212e+12  3.537959e+12  3.325419e+12
1.909420e+00  2.028908e+13  0.000000e+00  0.000000e+00  1.822671e+13  0.000000e+00  0.000000e+00  5.500131e+12  3.999868e+12  3.479705e+12  3.265706e+12
1.918980e+00  2.032131e+13  0.000000e+00  0.000000e+00  1.825566e+13  0.000000e+00  0.000000e+00  5.499413e+12  3.994566e+12  3.474517e+12  3.260789e+12
1.928589e+00  2.035319e+13  0.000000e+00  0.000000e+00  1.828430e+13  0.000000e+00  0.000000e+00  5.511977e+12  4.005675e+12  3.485024e+12  3.271043e+12
1.938245e+00  2.038514e+13  0.000000e+00  0.000000e+00  1.831301e+13  0.000000e+00  0.000000e+00  5.565214e+12  4.064862e+12  3.545061e+12  3.331161e+12
1.947950e+00  2.041643e+13  0.000000e+00  0.000000e+00  1.834111e+13  0.000000e+00  0.000000e+00  5.551383e+12  4.041226e+12  3.518417e+12  3.303440e+12
1.957703e+00  2.044827e+13  0.000000e+00  0.000000e+00  1.836972e+13  0.000000e+00  0.000000e+00  5.574897e+12  4.061493e+12  3.537187e+12  3.321548e+12
1.967505e+00  2.047920e+13  0.000000e+00  0.000000e+00  1.839750e+13  0.000000e+00  0.000000e+00  5.630712e+12  4.120674e+12  3.596312e+12  3.380409e+12
1.977357e+00  2.051068e+13  0.000000e+00  0.000000e+00  1.842578e+13  0.000000e+00  0.000000e+00  5.627240e+12  4.106104e+12  3.578182e+12  3.360945e+12
1.987257e+00  2.054148e+13  0.000000e+00  0.000000e+00  1.845345e+13  0.000000e+00  0.000000e+00  5.680564e+12  4.161336e+12  3.633018e+12  3.415424e+12
1.997208e+00  2.057271e+13  0.000000e+00  0.000000e+00  1.848150e+13  0.000000e+00  0.000000e+00  5.725418e+12  4.180838e+12  3.641862e+12  3.420023e+12
2.007208e+00  2.060508e+13  0.000000e+00  0.000000e+00  1.851058e+13  0.000000e+00  0.000000e+00  5.732416e+12  4.203401e+12  3.670986e+12  3.451648e+12
2.017258e+00  2.063751e+13  0.000000e+00  0.000000e+00  1.853972e+13  0.000000e+00  0.000000e+00  5.737841e+12  4.198315e+12  3.662359e+12  3.441637e+12
2.027358e+00  2.066927e+13  0.000000e+00  0.000000e+00  1.856825e+13  0.000000e+00  0.000000e+00  5.788084e+12  4.248238e+12  3.711352e+12  3.490123e+12
2.037509e+00  2.070131e+13  0.000000e+00  0.000000e+00  1.859703e+13  0.000000e+00  0.000000e+00  5.819447e+12  4.272058e+12  3.732184e+12  3.509725e+12
2.047711e+00  2.073314e+13  0.000000e+00  0.000000e+00  1.862563e+13  0.000000e+00  0.000000e+00  5.959675e+12  4.334073e+12  3.772540e+12  3.542169e+12
2.057964e+00  2.076477e+13  0.000000e+00  0.000000e+00  1.865405e+13  0.000000e+00  0.000000e+00  5.865322e+12  4.311579e+12  3.768790e+12  3.545032e+12
2.068268e+00  2.079573e+13  0.000000e+00  0.000000e+00  1.868185e+13  0.000000e+00  0.000000e+00  5.876973e+12  4.314580e+12  3.768634e+12  3.543592e+12
2.078624e+00  2.082742e+13  0.000000e+00  0.000000e+00  1.871032e+13  0.000000e+00  0.000000e+00  5.904215e+12  4.337563e+12  3.789716e+12  3.563848e+12
2.089031e+00  2.085930e+13  0.000000e+00  0.000000e+00  1.873896e+13  0.000000e+00  0.000000e+00  5.932341e+12  4.361280e+12  3.811464e+12  3.584743e+12
2.099491e+00  2.089089e+13  0.000000e+00  0.000000e+00  1.876735e+13  0.000000e+00  0.000000e+00  5.960600e+12  4.385244e+12  3.833478e+12  3.605907e+12
2.110003e+00  2.092365e+13  0.000000e+00  0.000000e+00  1.879677e+13  0.000000e+00  0.000000e+00  5.993487e+12  4.411969e+12  3.857592e+12  3.628921e+12
2.120568e+00  2.095619e+13  0.000000e+00  0.000000e+00  1.882600e+13  0.000000e+00  0.000000e+00  6.018681e+12  4.434324e+12  3.878506e+12  3.649176e+12
2.131186e+00  2.098850e+13  0.000000e+00  0.000000e+00  1.885503e+13  0.000000e+00  0.000000e+00  6.054440e+12  4.463426e+12  3.904581e+12  3.673970e+12
2.141857e+00  2.102012e+13  0.000000e+00  0.000000e+00  1.888344e+13  0.000000e+00  0.000000e+00  6.078157e+12  4.484731e+12  3.924809e+12  3.693694e+12
2.152581e+00  2.105198e+13  0.000000e+00  0.000000e+00  1.891206e+13  0.000000e+00  0.000000e+00  6.108412e+12  4.509896e+12  3.947729e+12  3.715652e+12
2.163359e+00  2.108407e+13  0.000000e+00  0.000000e+00  1.894089e+13  0.000000e+00  0.000000e+00  6.139535e+12  4.535975e+12  3.971535e+12  3.738477e+12
2.174191e+00  2.111547e+13  0.000000e+00  0.000000e+00  1.896910e+13  0.000000e+00  0.000000e+00  6.193009e+12  4.570230e+12  3.999316e+12  3.763658e+12
2.185077e+00  2.114686e+13  0.000000e+00  0.000000e+00  1.899730e+13  0.000000e+00  0.000000e+00  6.331636e+12  4.677797e+12  4.090331e+12  3.847921e+12
2.196018e+00  2.117977e+13  0.000000e+00  0.000000e+00  1.902686e+13  0.000000e+00  0.000000e+00  6.244298e+12  4.628308e+12  4.057881e+12  3.822175e+12
2.207013e+00  2.121217e+13  0.000000e+00  0.000000e+00  1.905597e+13  0.000000e+00  0.000000e+00  6.274563e+12  4.653992e+12  4.081573e+12  3.845009e+12
2.218064e+00  2.124479e+13  0.000000e+00  0.000000e+00  1.908526e+13  0.000000e+00  0.000000e+00  6.306173e+12  4.680648e+12  4.106099e+12  3.868624e+12
2.229169e+00  2.127715e+13  0.000000e+00  0.000000e+00  1.911434e+13  0.000000e+00  0.000000e+00  6.339511e+12  4.708522e+12  4.131545e+12  3.893021e+12
2.240331e+00  2.130971e+13  0.000000e+00  0.000000e+00  1.914359e+13  0.000000e+00  0.000000e+00  6.375474e+12  4.738811e+12  4.159240e+12  3.919587e+12
2.251548e+00  2.134158e+13  0.000000e+00  0.000000e+00  1.917222e+13  0.000000e+00  0.000000e+00  6.415108e+12  4.773076e+12  4.190981e+12  3.950214e+12
2.262822e+00  2.137408e+13  0.000000e+00  0.000000e+00  1.920142e+13  0.000000e+00  0.000000e+00  6.460641e+12  4.814544e+12  4.230166e+12  3.988344e+12
2.274152e+00  2.140545e+13  0.000000e+00  0.000000e+00  1.922960e+13  0.000000e+00  0.000000e+00  6.515482e+12  4.868984e+12  4.283782e+12  4.041523e+12
2.285538e+00  2.143704e+13  0.000000e+00  0.000000e+00  1.925797e+13  0.000000e+00  0.000000e+00  7.338487e+12  6.003921e+12  5.534966e+12  5.342052e+12
2.296982e+00  2.146965e+13  0.000000e+00  0.000000e+00  1.928727e+13  0.000000e+00  0.000000e+00  6.579451e+12  4.924683e+12  4.335437e+12  4.091408e+12
2.308483e+00  2.150282e+13  0.000000e+00  0.000000e+00  1.931707e+13  0.000000e+00  0.000000e+00  6.587738e+12  4.924471e+12  4.331819e+12  4.086387e+12
2.320042e+00  2.153573e+13  0.000000e+00  0.000000e+00  1.934663e+13  0.000000e+00  0.000000e+00  6.604790e+12  4.936740e+12  4.342099e+12  4.095857e+12
2.331658e+00  2.156836e+13  0.000000e+00  0.000000e+00  1.937595e+13  0.000000e+00  0.000000e+00  6.628825e+12  4.957206e+12  4.360862e+12  4.113907e+12
2.343333e+00  2.160073e+13  0.000000e+00  0.000000e+00  1.940503e+13  0.000000e+00  0.000000e+00  6.753984e+12  5.043092e+12  4.429444e+12  4.175574e+12
2.355066e+00  2.163326e+13  0.000000e+00  0.000000e+00  1.943425e+13  0.000000e+00  0.000000e+00  6.681438e+12  5.005132e+12  4.406060e+12  4.157883e+12
2.366858e+00  2.166552e+13  0.000000e+00  0.000000e+00  1.946323e+13  0.000000e+00  0.000000e+00  6.709642e+12  5.030769e+12  4.430211e+12  4.181367e+12
2.378708e+00  2.169749e+13  0.000000e+00  0.000000e+00  1.949196e+13  0.000000e+00  0.000000e+00  6.739388e+12  5.057522e+12  4.455289e+12  4.205696e+12
2.390619e+00  2.172920e+13  0.000000e+00  0.000000e+00  1.952044e+13  0.000000e+00  0.000000e+00  6.770225e+12  5.085029e+12  4.480991e+12  4.230598e+12
2.402588e+00  2.176216e+13  0.000000e+00  0.000000e+00  1.955005e+13  0.000000e+00  0.000000e+00  6.813425e+12  5.120151e+12  4.512368e+12  4.260416e+12
2.414618e+00  2.179484e+13  0.000000e+00  0.000000e+00  1.957941e+13  0.000000e+00  0.000000e+00  6.833885e+12  5.141320e+12  4.533461e+12  4.281387e+12
2.426708e+00  2.182823e+13  0.000000e+00  0.000000e+00  1.960940e+13  0.000000e+00  0.000000e+00  6.866539e+12  5.170082e+12  4.560284e+12  4.307356e+12
2.438859e+00  2.186132e+13  0.000000e+00  0.000000e+00  1.963913e+13  0.000000e+00  0.000000e+00  6.899941e+12  5.199085e+12  4.587168e+12  4.333328e+12
2.451070e+00  2.189371e+13  0.000000e+00  0.000000e+00  1.966823e+13  0.000000e+00  0.000000e+00  6.934428e+12  5.228830e+12  4.614719e+12  4.359934e+12
2.463343e+00  2.192664e+13  0.000000e+00  0.000000e+00  1.969781e+13  0.000000e+00  0.000000e+00  6.970504e+12  5.259504e+12  4.643002e+12  4.387200e+12
2.475677e+00  2.195886e+13  0.000000e+00  0.000000e+00  1.972675e+13  0.000000e+00  0.000000e+00  7.009055e+12  5.291690e+12  4.672485e+12  4.415542e+12
2.488072e+00  2.199119e+13  0.000000e+00  0.000000e+00  1.975580e+13  0.000000e+00  0.000000e+00  7.051608e+12  5.326536e+12  4.704125e+12  4.445832e+12
2.500530e+00  2.202323e+13  0.000000e+00  0.000000e+00  1.978458e+13  0.000000e+00  0.000000e+00  7.122768e+12  5.388952e+12  4.758462e+12  4.496501e+12
2.513050e+00  2.205587e+13  0.000000e+00  0.000000e+00  1.981391e+13  0.000000e+00  0.000000e+00  7.158014e+12  5.412860e+12  4.781946e+12  4.520034e+12
2.525633e+00  2.208905e+13  0.000000e+00  0.000000e+00  1.984371e+13  0.000000e+00  0.000000e+00  7.231117e+12  5.474426e+12  4.838158e+12  4.573877e+12
2.538279e+00  2.212227e+13  0.000000e+00  0.000000e+00  1.987355e+13  0.000000e+00  0.000000e+00  7.329279e+12  5.561840e+12  4.919749e+12  4.652767e+12
2.550988e+00  2.215557e+13  0.000000e+00  0.000000e+00  1.990347e+13  0.000000e+00  0.000000e+00  9.797614e+12  7.798653e+12  7.007552e+12  6.673122e+12
2.563761e+00  2.218856e+13  0.000000e+00  0.000000e+00  1.993310e+13  0.000000e+00  0.000000e+00  7.455383e+12  5.654617e+12  5.001143e+12  4.729603e+12
2.576598e+00  2.222124e+13  0.000000e+00  0.000000e+00  1.996246e+13  0.000000e+00  0.000000e+00  7.495431e+12  5.669704e+12  5.009269e+12  4.735230e+12
2.589499e+00  2.225360e+13  0.000000e+00  0.000000e+00  1.999153e+13  0.000000e+00  0.000000e+00  7.659103e+12  5.777324e+12  5.097625e+12  4.816023e+12
2.602464e+00  2.228645e+13  0.000000e+00  0.000000e+00  2.002105e+13  0.000000e+00  0.000000e+00  7.764211e+12  5.896676e+12  5.217696e+12  4.935490e+12
2.615495e+00  2.231898e+13  0.000000e+00  0.000000e+00  2.005027e+13  0.000000e+00  0.000000e+00  8.043613e+12  6.189913e+12  5.511197e+12  5.228268e+12
2.628590e+00  2.235109e+13  0.000000e+00  0.000000e+00  2.007912e+13  0.000000e+00  0.000000e+00  8.486151e+12  6.721177e+12  6.072293e+12  5.801245e+12
2.641752e+00  2.238451e+13  0.000000e+00  0.000000e+00  2.010913e+13  0.000000e+00  0.000000e+00  1.954597e+13  2.291072e+13  2.422391e+13  2.478865e+13
2.654979e+00  2.241811e+13  0.000000e+00  0.000000e+00  2.013932e+13  0.000000e+00  0.000000e+00  8.578275e+12  6.812751e+12  6.161703e+12  5.889558e+12
2.668273e+00  2.245099e+13  0.000000e+00  0.000000e+00  2.016886e+13  0.000000e+00  0.000000e+00  8.253591e+12  6.363790e+12  5.671348e+12  5.382794e+12
2.681633e+00  2.248432e+13  0.000000e+00  0.000000e+00  2.019880e+13  0.000000e+00  0.000000e+00  7.977147e+12  6.094687e+12  5.405661e+12  5.118870e+12
2.695060e+00  2.251770e+13  0.000000e+00  0.000000e+00  2.022879e+13  0.000000e+00  0.000000e+00  7.852601e+12  5.983576e+12  5.301968e+12  5.018720e+12
2.708554e+00  2.254997e+13  0.000000e+00  0.000000e+00  2.025778e+13  0.000000e+00  0.000000e+00  7.797128e+12  5.950957e+12  5.277608e+12  4.997822e+12
2.722115e+00  2.258307e+13  0.000000e+00  0.000000e+00  2.028751e+13  0.000000e+00  0.000000e+00  7.814769e+12  5.980484e+12  5.310169e+12  5.031563e+12
2.735745e+00  2.261543e+13  0.000000e+00  0.000000e+00  2.031659e+13  0.000000e+00  0.000000e+00  8.268466e+12  6.665074e+12  6.071041e+12  5.822228e+12
2.749443e+00  2.264797e+13  0.000000e+00  0.000000e+00  2.034582e+13  0.000000e+00  0.000000e+00  7.888080e+12  6.049276e+12  5.374123e+12  5.093415e+12
2.763209e+00  2.268098e+13  0.000000e+00  0.000000e+00  2.037547e+13  0.000000e+00  0.000000e+00  7.808579e+12  6.007185e+12  5.344181e+12  5.068101e+12
2.777045e+00  2.271472e+13  0.000000e+00  0.000000e+00  2.040579e+13  0.000000e+00  0.000000e+00  7.826666e+12  6.024803e+12  5.360374e+12  5.083544e+12
2.790949e+00  2.274811e+13  0.000000e+00  0.000000e+00  2.043578e+13  0.000000e+00  0.000000e+00  7.855895e+12  6.052480e+12  5.386674e+12  5.109219e+12
2.804924e+00  2.278153e+13  0.000000e+00  0.000000e+00  2.046580e+13  0.000000e+00  0.000000e+00  7.895865e+12  6.088829e+12  5.420736e+12  5.142252e+12
2.818968e+00  2.281459e+13  0.000000e+00  0.000000e+00  2.049550e+13  0.000000e+00  0.000000e+00  7.945833e+12  6.134497e+12  5.463344e+12  5.183433e+12
2.833082e+00  2.284766e+13  0.000000e+00  0.000000e+00  2.052521e+13  0.000000e+00  0.000000e+00  8.010809e+12  6.195107e+12  5.520114e+12  5.238324e+12
2.847268e+00  2.288038e+13  0.000000e+00  0.000000e+00  2.055461e+13  0.000000e+00  0.000000e+00  8.096720e+12  6.279783e+12  5.600795e+12  5.316826e+12
2.861524e+00  2.291349e+13  0.000000e+00  0.000000e+00  2.058435e+13  0.000000e+00  0.000000e+00  1.008139e+13  8.177385e+12  7.364622e+12  7.012426e+12
2.875852e+00  2.294549e+13  0.000000e+00  0.000000e+00  2.061310e+13  0.000000e+00  0.000000e+00  8.173815e+12  6.351330e+12  5.668685e+12  5.383060e+12
2.890251e+00  2.297862e+13  0.000000e+00  0.000000e+00  2.064286e+13  0.000000e+00  0.000000e+00  8.162788e+12  6.335970e+12  5.653779e+12  5.368742e+12
2.904723e+00  2.301255e+13  0.000000e+00  0.000000e+00  2.067334e+13  0.000000e+00  0.000000e+00  8.175107e+12  6.346344e+12  5.664224e+12  5.379391e+12
2.919266e+00  2.304617e+13  0.000000e+00  0.000000e+00  2.070354e+13  0.000000e+00  0.000000e+00  8.197694e+12  6.370803e+12  5.689133e+12  5.404467e+12
2.933883e+00  2.307941e+13  0.000000e+00  0.000000e+00  2.073340e+13  0.000000e+00  0.000000e+00  8.236127e+12  6.410373e+12  5.728397e+12  5.443507e+12
2.948573e+00  2.311301e+13  0.000000e+00  0.000000e+00  2.076358e+13  0.000000e+00  0.000000e+00  8.500830e+12  6.750650e+12  6.088244e+12  5.809472e+12
2.963337e+00  2.314586e+13  0.000000e+00  0.000000e+00  2.079310e+13  0.000000e+00  0.000000e+00  8.322088e+12  6.489613e+12  5.803285e+12  5.516404e+12
2.978174e+00  2.317871e+13  0.000000e+00  0.000000e+00  2.082261e+13  0.000000e+00  0.000000e+00  8.379861e+12  6.537410e+12  5.845938e+12  5.556799e+12
2.993086e+00  2.321154e+13  0.000000e+00  0.000000e+00  2.085210e+13  0.000000e+00  0.000000e+00  8.442860e+12  6.600438e+12  5.906241e+12  5.615488e+12
3.008072e+00  2.324434e+13  0.000000e+00  0.000000e+00  2.088157e+13  0.000000e+00  0.000000e+00  8.541464e+12  6.703557e+12  6.006372e+12  5.713448e+12
3.023134e+00  2.327733e+13  0.000000e+00  0.000000e+00  2.091120e+13  0.000000e+00  0.000000e+00  1.034913e+13  8.858179e+12  8.122816e+12  7.782112e+12
3.038270e+00  2.331071e+13  0.000000e+00  0.000000e+00  2.094119e+13  0.000000e+00  0.000000e+00  8.631824e+12  6.786565e+12  6.085028e+12  5.790132e+12
3.053483e+00  2.334465e+13  0.000000e+00  0.000000e+00  2.097168e+13  0.000000e+00  0.000000e+00  8.622312e+12  6.764723e+12  6.061702e+12  5.766984e+12
3.068772e+00  2.337819e+13  0.000000e+00  0.000000e+00  2.100181e+13  0.000000e+00  0.000000e+00  8.647056e+12  6.786445e+12  6.083052e+12  5.788401e+12
3.084137e+00  2.341134e+13  0.000000e+00  0.000000e+00  2.103159e+13  0.000000e+00  0.000000e+00  8.844489e+12  7.041624e+12  6.353943e+12  6.064596e+12
3.099579e+00  2.344480e+13  0.000000e+00  0.000000e+00  2.106165e+13  0.000000e+00  0.000000e+00  8.771699e+12  6.919769e+12  6.215350e+12  5.919390e+12
3.115099e+00  2.347786e+13  0.000000e+00  0.000000e+00  2.109135e+13  0.000000e+00  0.000000e+00  9.941050e+12  8.429930e+12  7.754942e+12  7.448973e+12
3.130696e+00  2.351053e+13  0.000000e+00  0.000000e+00  2.112069e+13  0.000000e+00  0.000000e+00  8.982998e+12  7.175473e+12  6.482209e+12  6.189952e+12
3.146372e+00  2.354314e+13  0.000000e+00  0.000000e+00  2.114999e+13  0.000000e+00  0.000000e+00  8.891075e+12  7.016078e+12  6.302711e+12  6.003429e+12
3.162126e+00  2.357643e+13  0.000000e+00  0.000000e+00  2.117990e+13  0.000000e+00  0.000000e+00  9.016200e+12  7.187539e+12  6.488260e+12  6.194227e+12
3.177958e+00  2.360973e+13  0.000000e+00  0.000000e+00  2.120982e+13  0.000000e+00  0.000000e+00  8.988095e+12  7.123188e+12  6.411081e+12  6.111841e+12
3.193870e+00  2.364337e+13  0.000000e+00  0.000000e+00  2.124003e+13  0.000000e+00  0.000000e+00  1.009678e+13  8.512545e+12  7.851903e+12  7.561013e+12
3.209862e+00  2.367693e+13  0.000000e+00  0.000000e+00  2.127019e+13  0.000000e+00  0.000000e+00  9.187550e+12  7.363291e+12  6.661551e+12  6.365774e+12
3.225934e+00  2.371043e+13  0.000000e+00  0.000000e+00  2.130028e+13  0.000000e+00  0.000000e+00  9.785573e+12  8.206291e+12  7.570050e+12  7.294581e+12
3.242086e+00  2.374386e+13  0.000000e+00  0.000000e+00  2.133031e+13  0.000000e+00  0.000000e+00  9.169653e+12  7.308880e+12  6.594974e+12  6.294676e+12
3.258319e+00  2.377686e+13  0.000000e+00  0.000000e+00  2.135996e+13  0.000000e+00  0.000000e+00  9.728523e+12  8.111387e+12  7.472566e+12  7.199514e+12
3.274634e+00  2.380979e+13  0.000000e+00  0.000000e+00  2.138954e+13  0.000000e+00  0.000000e+00  9.250458e+12  7.403589e+12  6.693298e+12  6.394428e+12
3.291030e+00  2.384231e+13  0.000000e+00  0.000000e+00  2.141875e+13  0.000000e+00  0.000000e+00  9.478532e+12  7.673564e+12  6.960948e+12  6.657133e+12
3.307508e+00  2.387528e+13  0.000000e+00  0.000000e+00  2.144837e+13  0.000000e+00  0.000000e+00  9.466454e+12  7.657000e+12  6.946274e+12  6.644115e+12
3.324069e+00  2.390858e+13  0.000000e+00  0.000000e+00  2.147828e+13  0.000000e+00  0.000000e+00  9.622454e+12  7.842053e+12  7.139297e+12  6.839741e+12
3.340712e+00  2.394266e+13  0.000000e+00  0.000000e+00  2.150890e+13  0.000000e+00  0.000000e+00  9.542596e+12  7.756376e+12  7.056423e+12  6.759510e+12
3.357439e+00  2.397598e+13  0.000000e+00  0.000000e+00  2.153884e+13  0.000000e+00  0.000000e+00  9.621389e+12  7.865354e+12  7.176646e+12  6.884640e+12
3.374250e+00  2.400921e+13  0.000000e+00  0.000000e+00  2.156868e+13  0.000000e+00  0.000000e+00  9.426272e+12  7.581718e+12  6.867785e+12  6.567103e+12
3.391145e+00  2.404299e+13  0.000000e+00  0.000000e+00  2.159903e+13  0.000000e+00  0.000000e+00  9.413207e+12  7.548849e+12  6.828510e+12  6.525478e+12
3.408111e+00  2.407554e+13  0.000000e+00  0.000000e+00  2.162827e+13  0.000000e+00  0.000000e+00  9.540514e+12  7.845930e+12  7.184036e+12  6.903733e+12
3.425148e+00  2.410877e+13  0.000000e+00  0.000000e+00  2.165813e+13  0.000000e+00  0.000000e+00  9.600491e+12  7.912177e+12  7.251706e+12  6.971906e+12
3.442271e+00  2.414125e+13  0.000000e+00  0.000000e+00  2.168731e+13  0.000000e+00  0.000000e+00  9.652869e+12  7.965040e+12  7.303753e+12  7.023502e+12
3.459480e+00  2.417397e+13  0.000000e+00  0.000000e+00  2.171670e+13  0.000000e+00  0.000000e+00  9.704226e+12  8.015219e+12  7.352537e+12  7.071599e+12
3.476774e+00  2.420698e+13  0.000000e+00  0.000000e+00  2.174636e+13  0.000000e+00  0.000000e+00  9.756255e+12  8.065409e+12  7.401179e+12  7.119499e+12
3.494155e+00  2.424090e+13  0.000000e+00  0.000000e+00  2.177683e+13  0.000000e+00  0.000000e+00  9.811046e+12  8.118882e+12  7.453475e+12  7.171217e+12
3.511623e+00  2.427405e+13  0.000000e+00  0.000000e+00  2.180661e+13  0.000000e+00  0.000000e+00  9.871290e+12  8.180934e+12  7.516232e+12  7.234241e+12
3.529178e+00  2.430772e+13  0.000000e+00  0.000000e+00  2.183685e+13  0.000000e+00  0.000000e+00  9.940890e+12  8.260825e+12  7.602434e+12  7.323301e+12
3.546821e+00  2.434094e+13  0.000000e+00  0.000000e+00  2.186670e+13  0.000000e+00  0.000000e+00  1.004639e+13  8.388402e+12  7.745364e+12  7.473571e+12
3.564552e+00  2.437371e+13  0.000000e+00  0.000000e+00  2.189613e+13  0.000000e+00  0.000000e+00  1.023906e+13  9.293341e+12  9.325310e+12  9.378541e+12
3.582372e+00  2.440667e+13  0.000000e+00  0.000000e+00  2.192574e+13  0.000000e+00  0.000000e+00  1.011954e+13  8.470572e+12  7.830398e+12  7.559513e+12
3.600280e+00  2.443917e+13  0.000000e+00  0.000000e+00  2.195494e+13  0.000000e+00  0.000000e+00  1.019314e+13  8.488439e+12  7.817008e+12  7.532282e+12
3.618279e+00  2.447186e+13  0.000000e+00  0.000000e+00  2.198431e+13  0.000000e+00  0.000000e+00  1.032794e+13  8.555739e+12  7.859320e+12  7.564601e+12
3.636367e+00  2.450497e+13  0.000000e+00  0.000000e+00  2.201405e+13  0.000000e+00  0.000000e+00  1.018995e+13  8.495058e+12  7.821208e+12  7.534583e+12
3.654546e+00  2.453801e+13  0.000000e+00  0.000000e+00  2.204374e+13  0.000000e+00  0.000000e+00  1.022741e+13  8.533067e+12  7.858488e+12  7.571463e+12
3.672815e+00  2.457167e+13  0.000000e+00  0.000000e+00  2.207397e+13  0.000000e+00  0.000000e+00  1.027021e+13  8.576559e+12  7.901485e+12  7.614154e+12
3.691176e+00  2.460517e+13  0.000000e+00  0.000000e+00  2.210406e+13  0.000000e+00  0.000000e+00  1.032025e+13  8.625015e+12  7.948730e+12  7.660815e+12
3.709629e+00  2.463789e+13  0.000000e+00  0.000000e+00  2.213346e+13  0.000000e+00  0.000000e+00  1.038099e+13  8.679655e+12  8.000795e+12  7.711776e+12
3.728174e+00  2.467108e+13  0.000000e+00  0.000000e+00  2.216328e+13  0.000000e+00  0.000000e+00  1.044627e+13  8.737851e+12  8.055963e+12  7.765636e+12
3.746812e+00  2.470380e+13  0.000000e+00  0.000000e+00  2.219267e+13  0.000000e+00  0.000000e+00  1.066678e+13  8.884198e+12  8.175944e+12  7.875465e+12
3.765543e+00  2.473635e+13  0.000000e+00  0.000000e+00  2.222192e+13  0.000000e+00  0.000000e+00  1.063045e+13  8.891736e+12  8.198198e+12  7.903000e+12
3.784367e+00  2.476875e+13  0.000000e+00  0.000000e+00  2.225102e+13  0.000000e+00  0.000000e+00  1.077562e+13  9.018128e+12  8.315937e+12  8.016955e+12
3.803286e+00  2.480136e+13  0.000000e+00  0.000000e+00  2.228032e+13  0.000000e+00  0.000000e+00  1.101087e+13  9.238367e+12  8.527895e+12  8.225115e+12
3.822299e+00  2.483478e+13  0.000000e+00  0.000000e+00  2.231034e+13  0.000000e+00  0.000000e+00  1.132541e+13  9.606005e+12  8.909455e+12  8.611660e+12
3.841407e+00  2.486801e+13  0.000000e+00  0.000000e+00  2.234019e+13  0.000000e+00  0.000000e+00  1.183176e+13  1.026700e+13  9.627688e+12  9.353649e+12
3.860611e+00  2.490106e+13  0.000000e+00  0.000000e+00  2.236988e+13  0.000000e+00  0.000000e+00  1.937769e+13  2.226371e+13  2.329405e+13  2.371171e+13
3.879911e+00  2.493393e+13  0.000000e+00  0.000000e+00  2.239941e+13  0.000000e+00  0.000000e+00  1.196596e+13  1.040643e+13  9.767065e+12  9.492763e+12
3.899307e+00  2.496691e+13  0.000000e+00  0.000000e+00  2.242904e+13  0.000000e+00  0.000000e+00  1.154857e+13  9.838313e+12  9.140792e+12  8.842010e+12
3.918800e+00  2.499971e+13  0.000000e+00  0.000000e+00  2.245850e+13  0.000000e+00  0.000000e+00  1.130660e+13  9.553263e+12  8.842496e+12  8.538594e+12
3.938391e+00  2.503172e+13  0.000000e+00  0.000000e+00  2.248726e+13  0.000000e+00  0.000000e+00  1.117532e+13  9.428450e+12  8.722224e+12  8.420501e+12
3.958079e+00  2.506473e+13  0.000000e+00  0.000000e+00  2.251691e+13  0.000000e+00  0.000000e+00  1.119057e+13  9.432764e+12  8.723241e+12  8.420549e+12
3.977866e+00  2.509658e+13  0.000000e+00  0.000000e+00  2.254553e+13  0.000000e+00  0.000000e+00  1.109991e+13  9.398164e+12  8.706984e+12  8.411236e+12
3.997752e+00  2.512946e+13  0.000000e+00  0.000000e+00  2.257507e+13  0.000000e+00  0.000000e+00  1.110886e+13  9.425301e+12  8.738852e+12  8.444794e+12
4.017738e+00  2.516258e+13  0.000000e+00  0.000000e+00  2.260482e+13  0.000000e+00  0.000000e+00  1.113361e+13  9.463335e+12  8.779829e+12  8.486735e+12
4.037823e+00  2.519606e+13  0.000000e+00  0.000000e+00  2.263490e+13  0.000000e+00  0.000000e+00  1.116819e+13  9.507388e+12  8.825625e+12  8.533026e+12
4.058009e+00  2.522818e+13  0.000000e+00  0.000000e+00  2.266375e+13  0.000000e+00  0.000000e+00  1.121130e+13  9.556069e+12  8.874952e+12  8.582441e+12
4.078295e+00  2.526125e+13  0.000000e+00  0.000000e+00  2.269346e+13  0.000000e+00  0.000000e+00  1.125307e+13  9.604373e+12  8.924201e+12  8.631881e+12
4.098683e+00  2.529352e+13  0.000000e+00  0.000000e+00  2.272245e+13  0.000000e+00  0.000000e+00  1.130047e+13  9.655763e+12  8.975794e+12  8.683387e+12
4.119173e+00  2.532559e+13  0.000000e+00  0.000000e+00  2.275126e+13  0.000000e+00  0.000000e+00  1.135131e+13  9.709506e+12  9.029274e+12  8.736583e+12
4.139765e+00  2.535801e+13  0.000000e+00  0.000000e+00  2.278038e+13  0.000000e+00  0.000000e+00  1.143284e+13  9.784661e+12  9.099121e+12  8.804092e+12
4.160461e+00  2.539027e+13  0.000000e+00  0.000000e+00  2.280936e+13  0.000000e+00  0.000000e+00  1.166337e+13  9.921276e+12  9.210783e+12  8.906663e+12
4.181259e+00  2.542235e+13  0.000000e+00  0.000000e+00  2.283819e+13  0.000000e+00  0.000000e+00  1.150001e+13  9.867483e+12  9.187553e+12  8.894520e+12
4.202162e+00  2.545589e+13  0.000000e+00  0.000000e+00  2.286831e+13  0.000000e+00  0.000000e+00  1.154685e+13  9.918205e+12  9.238917e+12  8.946017e+12
4.223169e+00  2.548805e+13  0.000000e+00  0.000000e+00  2.289721e+13  0.000000e+00  0.000000e+00  1.159640e+13  9.971776e+12  9.293711e+12  9.001303e+12
4.244282e+00  2.552056e+13  0.000000e+00  0.000000e+00  2.292641e+13  0.000000e+00  0.000000e+00  1.167293e+13  1.003812e+13  9.355372e+12  9.060913e+12
4.265499e+00  2.555282e+13  0.000000e+00  0.000000e+00  2.295539e+13  0.000000e+00  0.000000e+00  1.173040e+13  1.009273e+13  9.409596e+12  9.114917e+12
4.286823e+00  2.558542e+13  0.000000e+00  0.000000e+00  2.298467e+13  0.000000e+00  0.000000e+00  1.176514e+13  1.014038e+13  9.459649e+12  9.165646e+12
4.308254e+00  2.561721e+13  0.000000e+00  0.000000e+00  2.301323e+13  0.000000e+00  0.000000e+00  1.182354e+13  1.019948e+13  9.518141e+12  9.223712e+12
4.329791e+00  2.564931e+13  0.000000e+00  0.000000e+00  2.304208e+13  0.000000e+00  0.000000e+00  1.190169e+13  1.027214e+13  9.587554e+12  9.291592e+12
4.351437e+00  2.568117e+13  0.000000e+00  0.000000e+00  2.307070e+13  0.000000e+00  0.000000e+00  1.199433e+13  1.035901e+13  9.670038e+12  9.371812e+12
4.373190e+00  2.571328e+13  0.000000e+00  0.000000e+00  2.309954e+13  0.000000e+00  0.000000e+00  1.212358e+13  1.048526e+13  9.788680e+12  9.486102e+12
4.395052e+00  2.574572e+13  0.000000e+00  0.000000e+00  2.312868e+13  0.000000e+00  0.000000e+00  1.230858e+13  1.068297e+13  9.975895e+12  9.666015e+12
4.417024e+00  2.577797e+13  0.000000e+00  0.000000e+00  2.315765e+13  0.000000e+00  0.000000e+00  1.258159e+13  1.100982e+13  1.029179e+13  9.971077e+12
4.439105e+00  2.580996e+13  0.000000e+00  0.000000e+00  2.318639e+13  0.000000e+00  0.000000e+00  1.413624e+13  1.530483e+13  1.467580e+13  1.420571e+13
4.461297e+00  2.584278e+13  0.000000e+00  0.000000e+00  2.321588e+13  0.000000e+00  0.000000e+00  1.290310e+13  1.132575e+13  1.059856e+13  1.027312e+13
4.483599e+00  2.587426e+13  0.000000e+00  0.000000e+00  2.324415e+13  0.000000e+00  0.000000e+00  1.299716e+13  1.140571e+13  1.070224e+13  1.039260e+13
4.506014e+00  2.590601e+13  0.000000e+00  0.000000e+00  2.327268e+13  0.000000e+00  0.000000e+00  1.328733e+13  1.181717e+13  1.117604e+13  1.089550e+13
4.528540e+00  2.593750e+13  0.000000e+00  0.000000e+00  2.330097e+13  0.000000e+00  0.000000e+00  1.793335e+13  1.945299e+13  1.992652e+13  2.010555e+13
4.551179e+00  2.596926e+13  0.000000e+00  0.000000e+00  2.332950e+13  0.000000e+00  0.000000e+00  1.330502e+13  1.185744e+13  1.123146e+13  1.095833e+13
4.573931e+00  2.600054e+13  0.000000e+00  0.000000e+00  2.335760e+13  0.000000e+00  0.000000e+00  1.298747e+13  1.141252e+13  1.073578e+13  1.044101e+13
4.596796e+00  2.603261e+13  0.000000e+00  0.000000e+00  2.338641e+13  0.000000e+00  0.000000e+00  1.280256e+13  1.119102e+13  1.050123e+13  1.020106e+13
4.619777e+00  2.606513e+13  0.000000e+00  0.000000e+00  2.341562e+13  0.000000e+00  0.000000e+00  1.271003e+13  1.110439e+13  1.041755e+13  1.011863e+13
4.642871e+00  2.609631e+13  0.000000e+00  0.000000e+00  2.344363e+13  0.000000e+00  0.000000e+00  1.267851e+13  1.109109e+13  1.041083e+13  1.011451e+13
4.666082e+00  2.612878e+13  0.000000e+00  0.000000e+00  2.347281e+13  0.000000e+00  0.000000e+00  1.267725e+13  1.111222e+13  1.043839e+13  1.014444e+13
4.689408e+00  2.615992e+13  0.000000e+00  0.000000e+00  2.350078e+13  0.000000e+00  0.000000e+00  1.270336e+13  1.115409e+13  1.048435e+13  1.019180e+13
4.712851e+00  2.619130e+13  0.000000e+00  0.000000e+00  2.352897e+13  0.000000e+00  0.000000e+00  1.278626e+13  1.122451e+13  1.055186e+13  1.025822e+13
4.736412e+00  2.622239e+13  0.000000e+00  0.000000e+00  2.355690e+13  0.000000e+00  0.000000e+00  1.279371e+13  1.127555e+13  1.061391e+13  1.032375e+13
4.760090e+00  2.625370e+13  0.000000e+00  0.000000e+00  2.358503e+13  0.000000e+00  0.000000e+00  1.286718e+13  1.133604e+13  1.066988e+13  1.037822e+13
4.783886e+00  2.628492e+13  0.000000e+00  0.000000e+00  2.361307e+13  0.000000e+00  0.000000e+00  1.292246e+13  1.142912e+13  1.077780e+13  1.049151e+13
4.807801e+00  2.631631e+13  0.000000e+00  0.000000e+00  2.364127e+13  0.000000e+00  0.000000e+00  1.299773e+13  1.147428e+13  1.080896e+13  1.051722e+13
4.831836e+00  2.634770e+13  0.000000e+00  0.000000e+00  2.366947e+13  0.000000e+00  0.000000e+00  1.313066e+13  1.158970e+13  1.091820e+13  1.062391e+13
4.855991e+00  2.637930e+13  0.000000e+00  0.000000e+00  2.369786e+13  0.000000e+00  0.000000e+00  1.325146e+13  1.173361e+13  1.106676e+13  1.077384e+13
4.880267e+00  2.641059e+13  0.000000e+00  0.000000e+00  2.372597e+13  0.000000e+00  0.000000e+00  1.346496e+13  1.198753e+13  1.133388e+13  1.104615e+13
4.904664e+00  2.644158e+13  0.000000e+00  0.000000e+00  2.375380e+13  0.000000e+00  0.000000e+00  1.407179e+13  1.255514e+13  1.190208e+13  1.161707e+13
4.929183e+00  2.647226e+13  0.000000e+00  0.000000e+00  2.378137e+13  0.000000e+00  0.000000e+00  1.680852e+13  1.741207e+13  1.752758e+13  1.755586e+13
4.953825e+00  2.650362e+13  0.000000e+00  0.000000e+00  2.380954e+13  0.000000e+00  0.000000e+00  1.388193e+13  1.253351e+13  1.192818e+13  1.166036e+13
4.978590e+00  2.653418e+13  0.000000e+00  0.000000e+00  2.383699e+13  0.000000e+00  0.000000e+00  1.368896e+13  1.224188e+13  1.159633e+13  1.131115e+13
5.003479e+00  2.656449e+13  0.000000e+00  0.000000e+00  2.386422e+13  0.000000e+00  0.000000e+00  1.358586e+13  1.210744e+13  1.145030e+13  1.116019e+13
5.028492e+00  2.659541e+13  0.000000e+00  0.000000e+00  2.389200e+13  0.000000e+00  0.000000e+00  1.354916e+13  1.208438e+13  1.143579e+13  1.114910e+13
5.053630e+00  2.662687e+13  0.000000e+00  0.000000e+00  2.392026e+13  0.000000e+00  0.000000e+00  1.355503e+13  1.208719e+13  1.143418e+13  1.114557e+13
5.078894e+00  2.665751e+13  0.000000e+00  0.000000e+00  2.394779e+13  0.000000e+00  0.000000e+00  1.359734e+13  1.213891e+13  1.148827e+13  1.120039e+13
5.104284e+00  2.668832e+13  0.000000e+00  0.000000e+00  2.397546e+13  0.000000e+00  0.000000e+00  1.372858e+13  1.225289e+13  1.159528e+13  1.130458e+13
5.129801e+00  2.671879e+13  0.000000e+00  0.000000e+00  2.400284e+13  0.000000e+00  0.000000e+00  1.378260e+13  1.234835e+13  1.170319e+13  1.141695e+13
5.155446e+00  2.674894e+13  0.000000e+00  0.000000e+00  2.402993e+13  0.000000e+00  0.000000e+00  1.395968e+13  1.255589e+13  1.192125e+13  1.163921e+13
5.181218e+00  2.677973e+13  0.000000e+00  0.000000e+00  2.405758e+13  0.000000e+00  0.000000e+00  1.417863e+13  1.287902e+13  1.228527e+13  1.201989e+13
5.207120e+00  2.680969e+13  0.000000e+00  0.000000e+00  2.408450e+13  0.000000e+00  0.000000e+00  1.624762e+13  1.628048e+13  1.617535e+13  1.611055e+13
5.233151e+00  2.683981e+13  0.000000e+00  0.000000e+00  2.411156e+13  0.000000e+00  0.000000e+00  1.431896e+13  1.301990e+13  1.242385e+13  1.215747e+13
5.259313e+00  2.686993e+13  0.000000e+00  0.000000e+00  2.413862e+13  0.000000e+00  0.000000e+00  1.428823e+13  1.288683e+13  1.225035e+13  1.196690e+13
5.285605e+00  2.690057e+13  0.000000e+00  0.000000e+00  2.416614e+13  0.000000e+00  0.000000e+00  1.422249e+13  1.282777e+13  1.219173e+13  1.190786e+13
5.312028e+00  2.693041e+13  0.000000e+00  0.000000e+00  2.419295e+13  0.000000e+00  0.000000e+00  1.431254e+13  1.292966e+13  1.229932e+13  1.201784e+13
5.338584e+00  2.696085e+13  0.000000e+00  0.000000e+00  2.422029e+13  0.000000e+00  0.000000e+00  1.445079e+13  1.314422e+13  1.254261e+13  1.227302e+13
5.365272e+00  2.699095e+13  0.000000e+00  0.000000e+00  2.424733e+13  0.000000e+00  0.000000e+00  1.602870e+13  1.561726e+13  1.534598e+13  1.521224e+13
5.392094e+00  2.702069e+13  0.000000e+00  0.000000e+00  2.427405e+13  0.000000e+00  0.000000e+00  1.464641e+13  1.332524e+13  1.271943e+13  1.244802e+13
5.419050e+00  2.705007e+13  0.000000e+00  0.000000e+00  2.430045e+13  0.000000e+00  0.000000e+00  1.457584e+13  1.323660e+13  1.261473e+13  1.233529e+13
5.446140e+00  2.708005e+13  0.000000e+00  0.000000e+00  2.432737e+13  0.000000e+00  0.000000e+00  1.547415e+13  1.383147e+13  1.307632e+13  1.274334e+13
5.473366e+00  2.710919e+13  0.000000e+00  0.000000e+00  2.435356e+13  0.000000e+00  0.000000e+00  1.473791e+13  1.344420e+13  1.283989e+13  1.256759e+13
5.500729e+00  2.713913e+13  0.000000e+00  0.000000e+00  2.438045e+13  0.000000e+00  0.000000e+00  1.578054e+13  1.519905e+13  1.485684e+13  1.469188e+13
5.528227e+00  2.716856e+13  0.000000e+00  0.000000e+00  2.440689e+13  0.000000e+00  0.000000e+00  1.483795e+13  1.359702e+13  1.301309e+13  1.274894e+13
5.555864e+00  2.719773e+13  0.000000e+00  0.000000e+00  2.443310e+13  0.000000e+00  0.000000e+00  1.486792e+13  1.362976e+13  1.304594e+13  1.278151e+13
5.583638e+00  2.722745e+13  0.000000e+00  0.000000e+00  2.445979e+13  0.000000e+00  0.000000e+00  1.564768e+13  1.492614e+13  1.453140e+13  1.434418e+13
5.611552e+00  2.725725e+13  0.000000e+00  0.000000e+00  2.448657e+13  0.000000e+00  0.000000e+00  1.497999e+13  1.373745e+13  1.315304e+13  1.288812e+13
5.639605e+00  2.728577e+13  0.000000e+00  0.000000e+00  2.451219e+13  0.000000e+00  0.000000e+00  1.498885e+13  1.377027e+13  1.319143e+13  1.292821e+13
5.667798e+00  2.731483e+13  0.000000e+00  0.000000e+00  2.453829e+13  0.000000e+00  0.000000e+00  1.561464e+13  1.480444e+13  1.437469e+13  1.417230e+13
5.696132e+00  2.734397e+13  0.000000e+00  0.000000e+00  2.456447e+13  0.000000e+00  0.000000e+00  1.512472e+13  1.398586e+13  1.344397e+13  1.319562e+13
5.724608e+00  2.737273e+13  0.000000e+00  0.000000e+00  2.459030e+13  0.000000e+00  0.000000e+00  1.560558e+13  1.473461e+13  1.428099e+13  1.406826e+13
5.753226e+00  2.740123e+13  0.000000e+00  0.000000e+00  2.461591e+13  0.000000e+00  0.000000e+00  1.523714e+13  1.407271e+13  1.351142e+13  1.325443e+13
5.781987e+00  2.743049e+13  0.000000e+00  0.000000e+00  2.464219e+13  0.000000e+00  0.000000e+00  1.565458e+13  1.475118e+13  1.428470e+13  1.406626e+13
5.810892e+00  2.745863e+13  0.000000e+00  0.000000e+00  2.466747e+13  0.000000e+00  0.000000e+00  1.565690e+13  1.476092e+13  1.430191e+13  1.408632e+13
5.839942e+00  2.748770e+13  0.000000e+00  0.000000e+00  2.469359e+13  0.000000e+00  0.000000e+00  1.565729e+13  1.472191e+13  1.424313e+13  1.401915e+13
5.869137e+00  2.751639e+13  0.000000e+00  0.000000e+00  2.471936e+13  0.000000e+00  0.000000e+00  1.582186e+13  1.501251e+13  1.458522e+13  1.438201e+13
5.898477e+00  2.754425e+13  0.000000e+00  0.000000e+00  2.474439e+13  0.000000e+00  0.000000e+00  1.572544e+13  1.482403e+13  1.435690e+13  1.413671e+13
5.927965e+00  2.757303e+13  0.000000e+00  0.000000e+00  2.477025e+13  0.000000e+00  0.000000e+00  1.556196e+13  1.457192e+13  1.407529e+13  1.384191e+13
5.957599e+00  2.760098e+13  0.000000e+00  0.000000e+00  2.479536e+13  0.000000e+00  0.000000e+00  1.558104e+13  1.439163e+13  1.381764e+13  1.355368e+13
5.987382e+00  2.762898e+13  0.000000e+00  0.000000e+00  2.482051e+13  0.000000e+00  0.000000e+00  1.571147e+13  1.447507e+13  1.388639e+13  1.361667e+13
6.017314e+00  2.765662e+13  0.000000e+00  0.000000e+00  2.484534e+13  0.000000e+00  0.000000e+00  1.556714e+13  1.451366e+13  1.398745e+13  1.374040e+13
6.047396e+00  2.768448e+13  0.000000e+00  0.000000e+00  2.487037e+13  0.000000e+00  0.000000e+00  1.581621e+13  1.484579e+13  1.434706e+13  1.411251e+13
6.077627e+00  2.771294e+13  0.000000e+00  0.000000e+00  2.489594e+13  0.000000e+00  0.000000e+00  1.604596e+13  1.521381e+13  1.476754e+13  1.455402e+13
6.108010e+00  2.774015e+13  0.000000e+00  0.000000e+00  2.492038e+13  0.000000e+00  0.000000e+00  1.615020e+13  1.533067e+13  1.488844e+13  1.467680e+13
6.138545e+00  2.776823e+13  0.000000e+00  0.000000e+00  2.494561e+13  0.000000e+00  0.000000e+00  1.624154e+13  1.543819e+13  1.500141e+13  1.479171e+13
6.169233e+00  2.779548e+13  0.000000e+00  0.000000e+00  2.497009e+13  0.000000e+00  0.000000e+00  1.632538e+13  1.553964e+13  1.510924e+13  1.490174e+13
6.200074e+00  2.782275e+13  0.000000e+00  0.000000e+00  2.499458e+13  0.000000e+00  0.000000e+00  1.646272e+13  1.565937e+13  1.522303e+13  1.501304e+13
6.231069e+00  2.785044e+13  0.000000e+00  0.000000e+00  2.501946e+13  0.000000e+00  0.000000e+00  1.650526e+13  1.579267e+13  1.537987e+13  1.517649e+13
6.262219e+00  2.787731e+13  0.000000e+00  0.000000e+00  2.504359e+13  0.000000e+00  0.000000e+00  1.655927e+13  1.585950e+13  1.545748e+13  1.525888e+13
6.293524e+00  2.790417e+13  0.000000e+00  0.000000e+00  2.506773e+13  0.000000e+00  0.000000e+00  1.660540e+13  1.587116e+13  1.545781e+13  1.525597e+13
6.324987e+00  2.793116e+13  0.000000e+00  0.000000e+00  2.509197e+13  0.000000e+00  0.000000e+00  1.670231e+13  1.598584e+13  1.557979e+13  1.538025e+13
6.356606e+00  2.795825e+13  0.000000e+00  0.000000e+00  2.511631e+13  0.000000e+00  0.000000e+00  1.674301e+13  1.605795e+13  1.566046e+13  1.546353e+13
6.388384e+00  2.798493e+13  0.000000e+00  0.000000e+00  2.514028e+13  0.000000e+00  0.000000e+00  1.680904e+13  1.613063e+13  1.573889e+13  1.554472e+13
6.420320e+00  2.801160e+13  0.000000e+00  0.000000e+00  2.516424e+13  0.000000e+00  0.000000e+00  1.717208e+13  1.633261e+13  1.590217e+13  1.569408e+13
6.452416e+00  2.803825e+13  0.000000e+00  0.000000e+00  2.518818e+13  0.000000e+00  0.000000e+00  1.695903e+13  1.631900e+13  1.593914e+13  1.574845e+13
6.484673e+00  2.806448e+13  0.000000e+00  0.000000e+00  2.521174e+13  0.000000e+00  0.000000e+00  1.738461e+13  1.658934e+13  1.614973e+13  1.593630e+13
6.517091e+00  2.809069e+13  0.000000e+00  0.000000e+00  2.523529e+13  0.000000e+00  0.000000e+00  1.709689e+13  1.648196e+13  1.610664e+13  1.591676e+13
6.549671e+00  2.811688e+13  0.000000e+00  0.000000e+00  2.525881e+13  0.000000e+00  0.000000e+00  1.765853e+13  1.685634e+13  1.640823e+13  1.618978e+13
6.582413e+00  2.814304e+13  0.000000e+00  0.000000e+00  2.528231e+13  0.000000e+00  0.000000e+00  1.721192e+13  1.660173e+13  1.623068e+13  1.604278e+13
6.615320e+00  2.816879e+13  0.000000e+00  0.000000e+00  2.530545e+13  0.000000e+00  0.000000e+00  1.722888e+13  1.666163e+13  1.630272e+13  1.611874e+13
6.648391e+00  2.819496e+13  0.000000e+00  0.000000e+00  2.532895e+13  0.000000e+00  0.000000e+00  1.726529e+13  1.668712e+13  1.632761e+13  1.614428e+13
6.681627e+00  2.822029e+13  0.000000e+00  0.000000e+00  2.535172e+13  0.000000e+00  0.000000e+00  1.733621e+13  1.677543e+13  1.642265e+13  1.624171e+13
6.715030e+00  2.824599e+13  0.000000e+00  0.000000e+00  2.537480e+13  0.000000e+00  0.000000e+00  1.736138e+13  1.681564e+13  1.646864e+13  1.628989e+13
6.748599e+00  2.827164e+13  0.000000e+00  0.000000e+00  2.539785e+13  0.000000e+00  0.000000e+00  1.741555e+13  1.688652e+13  1.654536e+13  1.636863e+13
6.782336e+00  2.829646e+13  0.000000e+00  0.000000e+00  2.542014e+13  0.000000e+00  0.000000e+00  1.747556e+13  1.696570e+13  1.663028e+13  1.645537e+13
6.816242e+00  2.832202e+13  0.000000e+00  0.000000e+00  2.544310e+13  0.000000e+00  0.000000e+00  1.755042e+13  1.707280e+13  1.674264e+13  1.656857e+13
6.850317e+00  2.834712e+13  0.000000e+00  0.000000e+00  2.546565e+13  0.000000e+00  0.000000e+00  1.759081e+13  1.711122e+13  1.678742e+13  1.661664e+13
6.884563e+00  2.837218e+13  0.000000e+00  0.000000e+00  2.548816e+13  0.000000e+00  0.000000e+00  1.767217e+13  1.719550e+13  1.687427e+13  1.670435e+13
6.918980e+00  2.839676e+13  0.000000e+00  0.000000e+00  2.551024e+13  0.000000e+00  0.000000e+00  1.771330e+13  1.726257e+13  1.694954e+13  1.678247e+13
6.953569e+00  2.842124e+13  0.000000e+00  0.000000e+00  2.553224e+13  0.000000e+00  0.000000e+00  1.791184e+13  1.741244e+13  1.708467e+13  1.691192e+13
6.988331e+00  2.844602e+13  0.000000e+00  0.000000e+00  2.555450e+13  0.000000e+00  0.000000e+00  1.784421e+13  1.742097e+13  1.711844e+13  1.695490e+13
7.023267e+00  2.847035e+13  0.000000e+00  0.000000e+00  2.557635e+13  0.000000e+00  0.000000e+00  1.801156e+13  1.754611e+13  1.723567e+13  1.706930e+13
7.058377e+00  2.849460e+13  0.000000e+00  0.000000e+00  2.559814e+13  0.000000e+00  0.000000e+00  1.799583e+13  1.759525e+13  1.730269e+13  1.714261e+13
7.093663e+00  2.851840e+13  0.000000e+00  0.000000e+00  2.561952e+13  0.000000e+00  0.000000e+00  1.811515e+13  1.771336e+13  1.742217e+13  1.726237e+13
7.129125e+00  2.854288e+13  0.000000e+00  0.000000e+00  2.564151e+13  0.000000e+00  0.000000e+00  1.822439e+13  1.783542e+13  1.754908e+13  1.739059e+13
7.164765e+00  2.856652e+13  0.000000e+00  0.000000e+00  2.566275e+13  0.000000e+00  0.000000e+00  1.840964e+13  1.801862e+13  1.773196e+13  1.757223e+13
7.200582e+00  2.859045e+13  0.000000e+00  0.000000e+00  2.568425e+13  0.000000e+00  0.000000e+00  1.877636e+13  1.868197e+13  1.843527e+13  1.827614e+13
7.236579e+00  2.861389e+13  0.000000e+00  0.000000e+00  2.570531e+13  0.000000e+00  0.000000e+00  1.888150e+13  1.838391e+13  1.807116e+13  1.790058e+13
7.272756e+00  2.863748e+13  0.000000e+00  0.000000e+00  2.572650e+13  0.000000e+00  0.000000e+00  1.928468e+13  1.866300e+13  1.831993e+13  1.813800e+13
7.309113e+00  2.866052e+13  0.000000e+00  0.000000e+00  2.574719e+13  0.000000e+00  0.000000e+00  1.996976e+13  1.923751e+13  1.886478e+13  1.866952e+13
7.345653e+00  2.868346e+13  0.000000e+00  0.000000e+00  2.576780e+13  0.000000e+00  0.000000e+00  2.105721e+13  2.007853e+13  1.964355e+13  1.942588e+13
7.382375e+00  2.870631e+13  0.000000e+00  0.000000e+00  2.578833e+13  0.000000e+00  0.000000e+00  2.286484e+13  2.179893e+13  2.134425e+13  2.111716e+13
7.419280e+00  2.872941e+13  0.000000e+00  0.000000e+00  2.580908e+13  0.000000e+00  0.000000e+00  2.582679e+13  2.483035e+13  2.443924e+13  2.424265e+13
7.456370e+00  2.875204e+13  0.000000e+00  0.000000e+00  2.582942e+13  0.000000e+00  0.000000e+00  3.072131e+13  3.072835e+13  3.077019e+13  3.075968e+13
7.493646e+00  2.877457e+13  0.000000e+00  0.000000e+00  2.584966e+13  0.000000e+00  0.000000e+00  3.836885e+13  4.132614e+13  4.266357e+13  4.322254e+13
7.531108e+00  2.879699e+13  0.000000e+00  0.000000e+00  2.586979e+13  0.000000e+00  0.000000e+00  4.956771e+13  5.903468e+13  6.329225e+13  6.515122e+13
7.568757e+00  2.881964e+13  0.000000e+00  0.000000e+00  2.589014e+13  0.000000e+00  0.000000e+00  1.356260e+14  2.068206e+14  2.351838e+14  2.472824e+14
7.606594e+00  2.884125e+13  0.000000e+00  0.000000e+00  2.590955e+13  0.000000e+00  0.000000e+00  5.035732e+13  6.013569e+13  6.452704e+13  6.644119e+13
7.644621e+00  2.886323e+13  0.000000e+00  0.000000e+00  2.592930e+13  0.000000e+00  0.000000e+00  4.126121e+13  4.360220e+13  4.482107e+13  4.534117e+13
7.682837e+00  2.888474e+13  0.000000e+00  0.000000e+00  2.594862e+13  0.000000e+00  0.000000e+00  3.191156e+13  3.210304e+13  3.222640e+13  3.224626e+13
7.721245e+00  2.890647e+13  0.000000e+00  0.000000e+00  2.596815e+13  0.000000e+00  0.000000e+00  2.692963e+13  2.607998e+13  2.575372e+13  2.557904e+13
7.759844e+00  2.892773e+13  0.000000e+00  0.000000e+00  2.598725e+13  0.000000e+00  0.000000e+00  2.387361e+13  2.288326e+13  2.247539e+13  2.226452e+13
7.798637e+00  2.894852e+13  0.000000e+00  0.000000e+00  2.600592e+13  0.000000e+00  0.000000e+00  2.204988e+13  2.121646e+13  2.084285e+13  2.064440e+13
7.837624e+00  2.897021e+13  0.000000e+00  0.000000e+00  2.602541e+13  0.000000e+00  0.000000e+00  2.098000e+13  2.036295e+13  2.004671e+13  1.987008e+13
7.876805e+00  2.899142e+13  0.000000e+00  0.000000e+00  2.604446e+13  0.000000e+00  0.000000e+00  2.037491e+13  1.994891e+13  1.968554e+13  1.952891e+13
7.916182e+00  2.901180e+13  0.000000e+00  0.000000e+00  2.606277e+13  0.000000e+00  0.000000e+00  2.004761e+13  1.979077e+13  1.957281e+13  1.943274e+13
7.955756e+00  2.903316e+13  0.000000e+00  0.000000e+00  2.608195e+13  0.000000e+00  0.000000e+00  1.995259e+13  1.982556e+13  1.964133e+13  1.951287e+13
7.995528e+00  2.905269e+13  0.000000e+00  0.000000e+00  2.609950e+13  0.000000e+00  0.000000e+00  2.115660e+13  2.117331e+13  2.093676e+13  2.077626e+13
8.035499e+00  2.907269e+13  0.000000e+00  0.000000e+00  2.611747e+13  0.000000e+00  0.000000e+00  1.986147e+13  1.986856e+13  1.972167e+13  1.960611e+13
8.075670e+00  2.909323e+13  0.000000e+00  0.000000e+00  2.613592e+13  0.000000e+00  0.000000e+00  1.985021e+13  1.986996e+13  1.972627e+13  1.961145e+13
8.116041e+00  2.911227e+13  0.000000e+00  0.000000e+00  2.615302e+13  0.000000e+00  0.000000e+00  2.010437e+13  2.007726e+13  1.991639e+13  1.979334e+13
8.156615e+00  2.913250e+13  0.000000e+00  0.000000e+00  2.617120e+13  0.000000e+00  0.000000e+00  2.028804e+13  2.035667e+13  2.021192e+13  2.008985e+13
8.197391e+00  2.915191e+13  0.000000e+00  0.000000e+00  2.618863e+13  0.000000e+00  0.000000e+00  2.037701e+13  2.071245e+13  2.062965e+13  2.052179e+13
8.238371e+00  2.917181e+13  0.000000e+00  0.000000e+00  2.620652e+13  0.000000e+00  0.000000e+00  2.152355e+13  2.418008e+13  2.447985e+13  2.439207e+13
8.279556e+00  2.919090e+13  0.000000e+00  0.000000e+00  2.622366e+13  0.000000e+00  0.000000e+00  2.043631e+13  2.083565e+13  2.077429e+13  2.067371e+13
8.320946e+00  2.921024e+13  0.000000e+00  0.000000e+00  2.624104e+13  0.000000e+00  0.000000e+00  2.021265e+13  2.050985e+13  2.044402e+13  2.035026e+13
8.362544e+00  2.922835e+13  0.000000e+00  0.000000e+00  2.625730e+13  0.000000e+00  0.000000e+00  2.007092e+13  2.029514e+13  2.021696e+13  2.012301e+13
8.404349e+00  2.924741e+13  0.000000e+00  0.000000e+00  2.627442e+13  0.000000e+00  0.000000e+00  2.000326e+13  2.021856e+13  2.014560e+13  2.005563e+13
8.446364e+00  2.926500e+13  0.000000e+00  0.000000e+00  2.629023e+13  0.000000e+00  0.000000e+00  2.002952e+13  2.023536e+13  2.016441e+13  2.007593e+13
8.488589e+00  2.928308e+13  0.000000e+00  0.000000e+00  2.630647e+13  0.000000e+00  0.000000e+00  1.997501e+13  2.022383e+13  2.017022e+13  2.008866e+13
8.531024e+00  2.930162e+13  0.000000e+00  0.000000e+00  2.632313e+13  0.000000e+00  0.000000e+00  1.999680e+13  2.026816e+13  2.022388e+13  2.014575e+13
8.573672e+00  2.931934e+13  0.000000e+00  0.000000e+00  2.633905e+13  0.000000e+00  0.000000e+00  2.003563e+13  2.033596e+13  2.030340e+13  2.022940e+13
8.616533e+00  2.933689e+13  0.000000e+00  0.000000e+00  2.635481e+13  0.000000e+00  0.000000e+00  2.008129e+13  2.039392e+13  2.036540e+13  2.029257e+13
8.659609e+00  2.935489e+13  0.000000e+00  0.000000e+00  2.637098e+13  0.000000e+00  0.000000e+00  2.014168e+13  2.047415e+13  2.045273e+13  2.038206e+13
8.702899e+00  2.937252e+13  0.000000e+00  0.000000e+00  2.638682e+13  0.000000e+00  0.000000e+00  2.027718e+13  2.061616e+13  2.059623e+13  2.052505e+13
8.746406e+00  2.938944e+13  0.000000e+00  0.000000e+00  2.640202e+13  0.000000e+00  0.000000e+00  2.031261e+13  2.071730e+13  2.071737e+13  2.065242e+13
8.790131e+00  2.940583e+13  0.000000e+00  0.000000e+00  2.641674e+13  0.000000e+00  0.000000e+00  2.041695e+13  2.088134e+13  2.090136e+13  2.084277e+13
8.834074e+00  2.942203e+13  0.000000e+00  0.000000e+00  2.643130e+13  0.000000e+00  0.000000e+00  2.063925e+13  2.125233e+13  2.129273e+13  2.123610e+13
8.878237e+00  2.943867e+13  0.000000e+00  0.000000e+00  2.644624e+13  0.000000e+00  0.000000e+00  2.074704e+13  2.132719e+13  2.135737e+13  2.129728e+13
8.922620e+00  2.945449e+13  0.000000e+00  0.000000e+00  2.646045e+13  0.000000e+00  0.000000e+00  2.065584e+13  2.110763e+13  2.112454e+13  2.106399e+13
8.967226e+00  2.947134e+13  0.000000e+00  0.000000e+00  2.647559e+13  0.000000e+00  0.000000e+00  2.078112e+13  2.124133e+13  2.125661e+13  2.119406e+13
9.012054e+00  2.948677e+13  0.000000e+00  0.000000e+00  2.648945e+13  0.000000e+00  0.000000e+00  2.097670e+13  2.148847e+13  2.150905e+13  2.144575e+13
9.057107e+00  2.950261e+13  0.000000e+00  0.000000e+00  2.650369e+13  0.000000e+00  0.000000e+00  2.275829e+13  2.375836e+13  2.359660e+13  2.342384e+13
9.102385e+00  2.951878e+13  0.000000e+00  0.000000e+00  2.651822e+13  0.000000e+00  0.000000e+00  2.114752e+13  2.171521e+13  2.174972e+13  2.168936e+13
9.147889e+00  2.953412e+13  0.000000e+00  0.000000e+00  2.653199e+13  0.000000e+00  0.000000e+00  2.113876e+13  2.169944e+13  2.174914e+13  2.169624e+13
9.193620e+00  2.954808e+13  0.000000e+00  0.000000e+00  2.654453e+13  0.000000e+00  0.000000e+00  2.117538e+13  2.185101e+13  2.194210e+13  2.190393e+13
9.239581e+00  2.956304e+13  0.000000e+00  0.000000e+00  2.655797e+13  0.000000e+00  0.000000e+00  2.181307e+13  2.345015e+13  2.369155e+13  2.367327e+13
9.285771e+00  2.957659e+13  0.000000e+00  0.000000e+00  2.657015e+13  0.000000e+00  0.000000e+00  2.114617e+13  2.184157e+13  2.194329e+13  2.190915e+13
9.332192e+00  2.959171e+13  0.000000e+00  0.000000e+00  2.658373e+13  0.000000e+00  0.000000e+00  2.103035e+13  2.166781e+13  2.175902e+13  2.172291e+13
9.378845e+00  2.960544e+13  0.000000e+00  0.000000e+00  2.659606e+13  0.000000e+00  0.000000e+00  2.098139e+13  2.159995e+13  2.168758e+13  2.165082e+13
9.425731e+00  2.961954e+13  0.000000e+00  0.000000e+00  2.660873e+13  0.000000e+00  0.000000e+00  2.096081e+13  2.157494e+13  2.166662e+13  2.163197e+13
9.472852e+00  2.963400e+13  0.000000e+00  0.000000e+00  2.662172e+13  0.000000e+00  0.000000e+00  2.095595e+13  2.158484e+13  2.168481e+13  2.165332e+13
9.520208e+00  2.964766e+13  0.000000e+00  0.000000e+00  2.663399e+13  0.000000e+00  0.000000e+00  2.099663e+13  2.163417e+13  2.173927e+13  2.170959e+13
9.567801e+00  2.966102e+13  0.000000e+00  0.000000e+00  2.664599e+13  0.000000e+00  0.000000e+00  2.110630e+13  2.172844e+13  2.183107e+13  2.180023e+13
9.615631e+00  2.967340e+13  0.000000e+00  0.000000e+00  2.665711e+13  0.000000e+00  0.000000e+00  2.130435e+13  2.187655e+13  2.196542e+13  2.192854e+13
9.663701e+00  2.968546e+13  0.000000e+00  0.000000e+00  2.666795e+13  0.000000e+00  0.000000e+00  2.133509e+13  2.194894e+13  2.205263e+13  2.202041e+13
9.712012e+00  2.969788e+13  0.000000e+00  0.000000e+00  2.667911e+13  0.000000e+00  0.000000e+00  2.207718e+13  2.237868e+13  2.240415e+13  2.234298e+13
9.760563e+00  2.971006e+13  0.000000e+00  0.000000e+00  2.669005e+13  0.000000e+00  0.000000e+00  2.193270e+13  2.243764e+13  2.251815e+13  2.247553e+13
9.809358e+00  2.972202e+13  0.000000e+00  0.000000e+00  2.670079e+13  0.000000e+00  0.000000e+00  2.240165e+13  2.286357e+13  2.293638e+13  2.288946e+13
9.858396e+00  2.973431e+13  0.000000e+00  0.000000e+00  2.671183e+13  0.000000e+00  0.000000e+00  2.325368e+13  2.364160e+13  2.369756e+13  2.364188e+13
9.907680e+00  2.974635e+13  0.000000e+00  0.000000e+00  2.672265e+13  0.000000e+00  0.000000e+00  2.458002e+13  2.494853e+13  2.500332e+13  2.494373e+13
9.957210e+00  2.975817e+13  0.000000e+00  0.000000e+00  2.673326e+13  0.000000e+00  0.000000e+00  2.954838e+13  2.882439e+13  2.852985e+13  2.833394e+13
1.000699e+01  2.976974e+13  0.000000e+00  0.000000e+00  2.674366e+13  0.000000e+00  0.000000e+00  3.087039e+13  3.146579e+13  3.160676e+13  3.157812e+13
1.005701e+01  2.977965e+13  0.000000e+00  0.000000e+00  2.675257e+13  0.000000e+00  0.000000e+00  3.378393e+13  3.595325e+13  3.690212e+13  3.722012e+13
1.010729e+01  2.979012e+13  0.000000e+00  0.000000e+00  2.676197e+13  0.000000e+00  0.000000e+00  4.028994e+13  4.537261e+13  4.764873e+13  4.854098e+13
1.015782e+01  2.979979e+13  0.000000e+00  0.000000e+00  2.677066e+13  0.000000e+00  0.000000e+00  4.953352e+13  6.022564e+13  6.501547e+13  6.701056e+13
1.020860e+01  2.980977e+13  0.000000e+00  0.000000e+00  2.677962e+13  0.000000e+00  0.000000e+00  1.275295e+14  1.629016e+14  1.787009e+14  1.855244e+14
1.025963e+01  2.981951e+13  0.000000e+00  0.000000e+00  2.678837e+13  0.000000e+00  0.000000e+00  4.985668e+13  6.071525e+13  6.562855e+13  6.767835e+13
1.031092e+01  2.982954e+13  0.000000e+00  0.000000e+00  2.679738e+13  0.000000e+00  0.000000e+00  4.096446e+13  4.630780e+13  4.872178e+13  4.966935e+13
1.036247e+01  2.983932e+13  0.000000e+00  0.000000e+00  2.680617e+13  0.000000e+00  0.000000e+00  3.426654e+13  3.675436e+13  3.785980e+13  3.823727e+13
1.041427e+01  2.984884e+13  0.000000e+00  0.000000e+00  2.681473e+13  0.000000e+00  0.000000e+00  2.970785e+13  3.083453e+13  3.132580e+13  3.144454e+13
1.046633e+01  2.985826e+13  0.000000e+00  0.000000e+00  2.682318e+13  0.000000e+00  0.000000e+00  2.675998e+13  2.743678e+13  2.770123e+13  2.772587e+13
1.051866e+01  2.986642e+13  0.000000e+00  0.000000e+00  2.683052e+13  0.000000e+00  0.000000e+00  2.489897e+13  2.550300e+13  2.570576e+13  2.570702e+13
1.057124e+01  2.987427e+13  0.000000e+00  0.000000e+00  2.683757e+13  0.000000e+00  0.000000e+00  2.391921e+13  2.450049e+13  2.468726e+13  2.468554e+13
1.062409e+01  2.988187e+13  0.000000e+00  0.000000e+00  2.684440e+13  0.000000e+00  0.000000e+00  2.344677e+13  2.408071e+13  2.429314e+13  2.430374e+13
1.067720e+01  2.988921e+13  0.000000e+00  0.000000e+00  2.685099e+13  0.000000e+00  0.000000e+00  2.257910e+13  2.343047e+13  2.366165e+13  2.367075e+13
1.073058e+01  2.989683e+13  0.000000e+00  0.000000e+00  2.685783e+13  0.000000e+00  0.000000e+00  2.233120e+13  2.323100e+13  2.346972e+13  2.348019e+13
1.078422e+01  2.990418e+13  0.000000e+00  0.000000e+00  2.686443e+13  0.000000e+00  0.000000e+00  2.220850e+13  2.316938e+13  2.341874e+13  2.343153e+13
1.083813e+01  2.991126e+13  0.000000e+00  0.000000e+00  2.687080e+13  0.000000e+00  0.000000e+00  2.226005e+13  2.331034e+13  2.356435e+13  2.357458e+13
1.089231e+01  2.991912e+13  0.000000e+00  0.000000e+00  2.687786e+13  0.000000e+00  0.000000e+00  2.230512e+13  2.335634e+13  2.362402e+13  2.364048e+13
1.094677e+01  2.992651e+13  0.000000e+00  0.000000e+00  2.688450e+13  0.000000e+00  0.000000e+00  2.245139e+13  2.350023e+13  2.378561e+13  2.381028e+13
1.100149e+01  2.993202e+13  0.000000e+00  0.000000e+00  2.688945e+13  0.000000e+00  0.000000e+00  2.331327e+13  2.433074e+13  2.460273e+13  2.461940e+13
1.105649e+01  2.993735e+13  0.000000e+00  0.000000e+00  2.689423e+13  0.000000e+00  0.000000e+00  2.321608e+13  2.439412e+13  2.473698e+13  2.478194e+13
1.111176e+01  2.994242e+13  0.000000e+00  0.000000e+00  2.689879e+13  0.000000e+00  0.000000e+00  2.399112e+13  2.493888e+13  2.525446e+13  2.529319e+13
1.116731e+01  2.994772e+13  0.000000e+00  0.000000e+00  2.690355e+13  0.000000e+00  0.000000e+00  2.476765e+13  2.601306e+13  2.645510e+13  2.654586e+13
1.122314e+01  2.995225e+13  0.000000e+00  0.000000e+00  2.690762e+13  0.000000e+00  0.000000e+00  2.630391e+13  2.788229e+13  2.849419e+13  2.865506e+13
1.127924e+01  2.995701e+13  0.000000e+00  0.000000e+00  2.691190e+13  0.000000e+00  0.000000e+00  2.869458e+13  3.118882e+13  3.225328e+13  3.261146e+13
1.133563e+01  2.996250e+13  0.000000e+00  0.000000e+00  2.691683e+13  0.000000e+00  0.000000e+00  3.211564e+13  3.636522e+13  3.825486e+13  3.896902e+13
1.139230e+01  2.996721e+13  0.000000e+00  0.000000e+00  2.692106e+13  0.000000e+00  0.000000e+00  3.669937e+13  4.413248e+13  4.754704e+13  4.893819e+13
1.144925e+01  2.997213e+13  0.000000e+00  0.000000e+00  2.692548e+13  0.000000e+00  0.000000e+00  5.967326e+13  8.737410e+13  9.895947e+13  1.038205e+14
1.150649e+01  2.997562e+13  0.000000e+00  0.000000e+00  2.692862e+13  0.000000e+00  0.000000e+00  3.734839e+13  4.490652e+13  4.837395e+13  4.978255e+13
1.156401e+01  2.997856e+13  0.000000e+00  0.000000e+00  2.693126e+13  0.000000e+00  0.000000e+00  3.337970e+13  3.786121e+13  3.984378e+13  4.058588e+13
1.162182e+01  2.998066e+13  0.000000e+00  0.000000e+00  2.693315e+13  0.000000e+00  0.000000e+00  3.060455e+13  3.323271e+13  3.428197e+13  3.461040e+13
1.167992e+01  2.998298e+13  0.000000e+00  0.000000e+00  2.693522e+13  0.000000e+00  0.000000e+00  3.176815e+13  3.424065e+13  3.428899e+13  3.412204e+13
1.173831e+01  2.998549e+13  0.000000e+00  0.000000e+00  2.693748e+13  0.000000e+00  0.000000e+00  2.768713e+13  2.889747e+13  2.928689e+13  2.933010e+13
1.179699e+01  2.998771e+13  0.000000e+00  0.000000e+00  2.693948e+13  0.000000e+00  0.000000e+00  2.732758e+13  2.841317e+13  2.877711e+13  2.881261e+13
1.185596e+01  2.998966e+13  0.000000e+00  0.000000e+00  2.694123e+13  0.000000e+00  0.000000e+00  2.840972e+13  2.947889e+13  2.987325e+13  2.992192e+13
1.191523e+01  2.999228e+13  0.000000e+00  0.000000e+00  2.694358e+13  0.000000e+00  0.000000e+00  3.002834e+13  3.187444e+13  3.254421e+13  3.269637e+13
1.197480e+01  2.999459e+13  0.000000e+00  0.000000e+00  2.694566e+13  0.000000e+00  0.000000e+00  3.792330e+13  3.932774e+13  3.982113e+13  3.990285e+13
1.203466e+01  2.999614e+13  0.000000e+00  0.000000e+00  2.694705e+13  0.000000e+00  0.000000e+00  4.275254e+13  4.611975e+13  4.747235e+13  4.790915e+13
1.209483e+01  2.999556e+13  0.000000e+00  0.000000e+00  2.694653e+13  0.000000e+00  0.000000e+00  7.022395e+13  8.541723e+13  9.049038e+13  9.230829e+13
1.215529e+01  2.999569e+13  0.000000e+00  0.000000e+00  2.694664e+13  0.000000e+00  0.000000e+00  3.693745e+13  4.265073e+13  4.494480e+13  4.575850e+13
1.221606e+01  2.999506e+13  0.000000e+00  0.000000e+00  2.694608e+13  0.000000e+00  0.000000e+00  3.315652e+13  3.663868e+13  3.803831e+13  3.848713e+13
1.227713e+01  2.999416e+13  0.000000e+00  0.000000e+00  2.694527e+13  0.000000e+00  0.000000e+00  3.094147e+13  3.326556e+13  3.418120e+13  3.443463e+13
1.233850e+01  2.999433e+13  0.000000e+00  0.000000e+00  2.694542e+13  0.000000e+00  0.000000e+00  2.995757e+13  3.198699e+13  3.281434e+13  3.303817e+13
1.240018e+01  2.999330e+13  0.000000e+00  0.000000e+00  2.694450e+13  0.000000e+00  0.000000e+00  3.146325e+13  3.337731e+13  3.426160e+13  3.452272e+13
1.246217e+01  2.999334e+13  0.000000e+00  0.000000e+00  2.694454e+13  0.000000e+00  0.000000e+00  3.186790e+13  3.547475e+13  3.705343e+13  3.760976e+13
1.252447e+01  2.999264e+13  0.000000e+00  0.000000e+00  2.694390e+13  0.000000e+00  0.000000e+00  4.025678e+13  5.109701e+13  5.559380e+13  5.737149e+13
1.258709e+01  2.999139e+13  0.000000e+00  0.000000e+00  2.694278e+13  0.000000e+00  0.000000e+00  3.407450e+13  3.821110e+13  3.999750e+13  4.062474e+13
1.265001e+01  2.998924e+13  0.000000e+00  0.000000e+00  2.694085e+13  0.000000e+00  0.000000e+00  3.534705e+13  3.914697e+13  4.063001e+13  4.109442e+13
1.271325e+01  2.998556e+13  0.000000e+00  0.000000e+00  2.693754e+13  0.000000e+00  0.000000e+00  4.523789e+13  4.836435e+13  4.875315e+13  4.871280e+13
1.277681e+01  2.998204e+13  0.000000e+00  0.000000e+00  2.693438e+13  0.000000e+00  0.000000e+00  5.895079e+13  6.927517e+13  7.197882e+13  7.269385e+13
1.284068e+01  2.997865e+13  0.000000e+00  0.000000e+00  2.693134e+13  0.000000e+00  0.000000e+00  3.965407e+13  4.507371e+13  4.720179e+13  4.789727e+13
1.290487e+01  2.997542e+13  0.000000e+00  0.000000e+00  2.692843e+13  0.000000e+00  0.000000e+00  4.264882e+13  5.048285e+13  5.362582e+13  5.475298e+13
1.296938e+01  2.997232e+13  0.000000e+00  0.000000e+00  2.692565e+13  0.000000e+00  0.000000e+00  4.099387e+13  4.702048e+13  4.930296e+13  5.002500e+13
1.303422e+01  2.996849e+13  0.000000e+00  0.000000e+00  2.692221e+13  0.000000e+00  0.000000e+00  5.522871e+13  6.518734e+13  6.796577e+13  6.869399e+13
1.309938e+01  2.996565e+13  0.000000e+00  0.000000e+00  2.691966e+13  0.000000e+00  0.000000e+00  4.461288e+13  5.137633e+13  5.397249e+13  5.481356e+13
1.316487e+01  2.996171e+13  0.000000e+00  0.000000e+00  2.691612e+13  0.000000e+00  0.000000e+00  4.802553e+13  5.779866e+13  6.180650e+13  6.323972e+13
1.323068e+01  2.995627e+13  0.000000e+00  0.000000e+00  2.691124e+13  0.000000e+00  0.000000e+00  6.083810e+13  7.943608e+13  8.612078e+13  8.842414e+13
1.329682e+01  2.995013e+13  0.000000e+00  0.000000e+00  2.690572e+13  0.000000e+00  0.000000e+00  6.001731e+13  7.871934e+13  8.575070e+13  8.827380e+13
1.336329e+01  2.994328e+13  0.000000e+00  0.000000e+00  2.689956e+13  0.000000e+00  0.000000e+00  5.522357e+13  7.195821e+13  7.854787e+13  8.095881e+13
1.343010e+01  2.993697e+13  0.000000e+00  0.000000e+00  2.689390e+13  0.000000e+00  0.000000e+00  5.551089e+13  7.717123e+13  8.451862e+13  8.703104e+13
1.349724e+01  2.993078e+13  0.000000e+00  0.000000e+00  2.688834e+13  0.000000e+00  0.000000e+00  4.394145e+13  5.506600e+13  5.907792e+13  6.042585e+13
1.356471e+01  2.992429e+13  0.000000e+00  0.000000e+00  2.688250e+13  0.000000e+00  0.000000e+00  3.348662e+13  3.828197e+13  3.972741e+13  4.011575e+13
1.360153e+01  2.992241e+13  0.000000e+00  0.000000e+00  2.688081e+13  0.000000e+00  0.000000e+00  1.530482e+13  1.284491e+13  1.187276e+13  1.143560e+13
1.363845e+01  2.991716e+13  0.000000e+00  0.000000e+00  2.687610e+13  0.000000e+00  0.000000e+00  1.409189e+13  1.182713e+13  1.092510e+13  1.051680e+13
1.370645e+01  2.991123e+13  0.000000e+00  0.000000e+00  2.687077e+13  0.000000e+00  0.000000e+00  1.214720e+13  1.029771e+13  9.505607e+12  9.135386e+12
1.377479e+01  2.990487e+13  0.000000e+00  0.000000e+00  2.686506e+13  0.000000e+00  0.000000e+00  1.082977e+13  9.129455e+12  8.445354e+12  8.131426e+12
1.384346e+01  2.989647e+13  0.000000e+00  0.000000e+00  2.685751e+13  0.000000e+00  0.000000e+00  1.018057e+13  8.840146e+12  8.223184e+12  7.929812e+12
1.391249e+01  2.988695e+13  0.000000e+00  0.000000e+00  2.684896e+13  0.000000e+00  0.000000e+00  9.648406e+12  8.404837e+12  7.861511e+12  7.603441e+12
1.398185e+01  2.987756e+13  0.000000e+00  0.000000e+00  2.684052e+13  0.000000e+00  0.000000e+00  9.362124e+12  8.271082e+12  7.768350e+12  7.525114e+12
1.405156e+01  2.986747e+13  0.000000e+00  0.000000e+00  2.683145e+13  0.000000e+00  0.000000e+00  9.227359e+12  8.229923e+12  7.748215e+12  7.511862e+12
1.412162e+01  2.985828e+13  0.000000e+00  0.000000e+00  2.682320e+13  0.000000e+00  0.000000e+00  9.343135e+12  8.414388e+12  7.935490e+12  7.693561e+12
1.419203e+01  2.984880e+13  0.000000e+00  0.000000e+00  2.681468e+13  0.000000e+00  0.000000e+00  9.148281e+12  8.247232e+12  7.782354e+12  7.550249e+12
1.426279e+01  2.983941e+13  0.000000e+00  0.000000e+00  2.680625e+13  0.000000e+00  0.000000e+00  9.157231e+12  8.272246e+12  7.808077e+12  7.575659e+12
1.433390e+01  2.982972e+13  0.000000e+00  0.000000e+00  2.679755e+13  0.000000e+00  0.000000e+00  9.202775e+12  8.328442e+12  7.861441e+12  7.626897e+12
1.440536e+01  2.982051e+13  0.000000e+00  0.000000e+00  2.678927e+13  0.000000e+00  0.000000e+00  9.257588e+12  8.432036e+12  7.988446e+12  7.761534e+12
1.447719e+01  2.980986e+13  0.000000e+00  0.000000e+00  2.677971e+13  0.000000e+00  0.000000e+00  9.312007e+12  8.619486e+12  8.232158e+12  8.023464e+12
1.454937e+01  2.979704e+13  0.000000e+00  0.000000e+00  2.676819e+13  0.000000e+00  0.000000e+00  9.345173e+12  8.532810e+12  8.087381e+12  7.858279e+12
1.462191e+01  2.978397e+13  0.000000e+00  0.000000e+00  2.675645e+13  0.000000e+00  0.000000e+00  9.401843e+12  8.589941e+12  8.136446e+12  7.902611e+12
1.469481e+01  2.977138e+13  0.000000e+00  0.000000e+00  2.674513e+13  0.000000e+00  0.000000e+00  9.488494e+12  8.595919e+12  8.105106e+12  7.857649e+12
1.476808e+01  2.975848e+13  0.000000e+00  0.000000e+00  2.673355e+13  0.000000e+00  0.000000e+00  9.545261e+12  8.777993e+12  8.299776e+12  8.048741e+12
1.484171e+01  2.974567e+13  0.000000e+00  0.000000e+00  2.672204e+13  0.000000e+00  0.000000e+00  9.582958e+12  8.896746e+12  8.535255e+12  8.339684e+12
1.491570e+01  2.973294e+13  0.000000e+00  0.000000e+00  2.671061e+13  0.000000e+00  0.000000e+00  9.641619e+12  8.768646e+12  8.284089e+12  8.037824e+12
1.499007e+01  2.972065e+13  0.000000e+00  0.000000e+00  2.669957e+13  0.000000e+00  0.000000e+00  9.938085e+12  9.027519e+12  8.529158e+12  8.273942e+12
1.506481e+01  2.970770e+13  0.000000e+00  0.000000e+00  2.668793e+13  0.000000e+00  0.000000e+00  1.043654e+13  9.645147e+12  9.031269e+12  8.715790e+12
1.513992e+01  2.969443e+13  0.000000e+00  0.000000e+00  2.667601e+13  0.000000e+00  0.000000e+00  9.812024e+12  8.903605e+12  8.385495e+12  8.122776e+12
1.521540e+01  2.967888e+13  0.000000e+00  0.000000e+00  2.666204e+13  0.000000e+00  0.000000e+00  1.042056e+13  9.172100e+12  8.573573e+12  8.282833e+12
1.529127e+01  2.966251e+13  0.000000e+00  0.000000e+00  2.664733e+13  0.000000e+00  0.000000e+00  9.893536e+12  8.965878e+12  8.439004e+12  8.172370e+12
1.536751e+01  2.964621e+13  0.000000e+00  0.000000e+00  2.663269e+13  0.000000e+00  0.000000e+00  9.965023e+12  9.036777e+12  8.506396e+12  8.237004e+12
1.544413e+01  2.962998e+13  0.000000e+00  0.000000e+00  2.661811e+13  0.000000e+00  0.000000e+00  1.009558e+13  9.545277e+12  9.209265e+12  9.004441e+12
1.552113e+01  2.961383e+13  0.000000e+00  0.000000e+00  2.660360e+13  0.000000e+00  0.000000e+00  1.028793e+13  9.266641e+12  8.698033e+12  8.411916e+12
1.559851e+01  2.959809e+13  0.000000e+00  0.000000e+00  2.658946e+13  0.000000e+00  0.000000e+00  1.035110e+13  9.399755e+12  8.825415e+12  8.532246e+12
1.567628e+01  2.958205e+13  0.000000e+00  0.000000e+00  2.657505e+13  0.000000e+00  0.000000e+00  1.075032e+13  1.020202e+13  9.710476e+12  9.423627e+12
1.575444e+01  2.956641e+13  0.000000e+00  0.000000e+00  2.656100e+13  0.000000e+00  0.000000e+00  1.096970e+13  1.047584e+13  9.994116e+12  9.704657e+12
1.583299e+01  2.954951e+13  0.000000e+00  0.000000e+00  2.654582e+13  0.000000e+00  0.000000e+00  1.113689e+13  1.002554e+13  9.362824e+12  9.028396e+12
1.591193e+01  2.953124e+13  0.000000e+00  0.000000e+00  2.652941e+13  0.000000e+00  0.000000e+00  2.088841e+13  1.657976e+13  1.494493e+13  1.419456e+13
1.599127e+01  2.951154e+13  0.000000e+00  0.000000e+00  2.651171e+13  0.000000e+00  0.000000e+00  1.202072e+13  1.169369e+13  1.106734e+13  1.068827e+13
1.607100e+01  2.949191e+13  0.000000e+00  0.000000e+00  2.649407e+13  0.000000e+00  0.000000e+00  2.415398e+13  1.746314e+13  1.493325e+13  1.386755e+13
1.615112e+01  2.947232e+13  0.000000e+00  0.000000e+00  2.647648e+13  0.000000e+00  0.000000e+00  1.185990e+13  1.098917e+13  1.028972e+13  9.915098e+12
1.623165e+01  2.945278e+13  0.000000e+00  0.000000e+00  2.645893e+13  0.000000e+00  0.000000e+00  1.203054e+13  1.152809e+13  1.089930e+13  1.053189e+13
1.631258e+01  2.943330e+13  0.000000e+00  0.000000e+00  2.644142e+13  0.000000e+00  0.000000e+00  1.358997e+13  1.440219e+13  1.360625e+13  1.307365e+13
1.639391e+01  2.941386e+13  0.000000e+00  0.000000e+00  2.642396e+13  0.000000e+00  0.000000e+00  1.135377e+13  1.045017e+13  9.800668e+12  9.456577e+12
1.647565e+01  2.939446e+13  0.000000e+00  0.000000e+00  2.640653e+13  0.000000e+00  0.000000e+00  1.109381e+13  1.000476e+13  9.344896e+12  9.011662e+12
1.655779e+01  2.937568e+13  0.000000e+00  0.000000e+00  2.638966e+13  0.000000e+00  0.000000e+00  1.324426e+13  1.172622e+13  1.069346e+13  1.020184e+13
1.664034e+01  2.935405e+13  0.000000e+00  0.000000e+00  2.637023e+13  0.000000e+00  0.000000e+00  1.096140e+13  9.867720e+12  9.222141e+12  8.897449e+12
1.672331e+01  2.933098e+13  0.000000e+00  0.000000e+00  2.634950e+13  0.000000e+00  0.000000e+00  1.086670e+13  9.808127e+12  9.173331e+12  8.852613e+12
1.680669e+01  2.930730e+13  0.000000e+00  0.000000e+00  2.632823e+13  0.000000e+00  0.000000e+00  1.082455e+13  9.789494e+12  9.161995e+12  8.843843e+12
1.689048e+01  2.928432e+13  0.000000e+00  0.000000e+00  2.630758e+13  0.000000e+00  0.000000e+00  1.084356e+13  9.814561e+12  9.185696e+12  8.866379e+12
1.697470e+01  2.926137e+13  0.000000e+00  0.000000e+00  2.628697e+13  0.000000e+00  0.000000e+00  1.111961e+13  9.973712e+12  9.305932e+12  8.971530e+12
1.705933e+01  2.923846e+13  0.000000e+00  0.000000e+00  2.626639e+13  0.000000e+00  0.000000e+00  1.113384e+13  9.998399e+12  9.332011e+12  8.997231e+12
1.714438e+01  2.921558e+13  0.000000e+00  0.000000e+00  2.624583e+13  0.000000e+00  0.000000e+00  1.115756e+13  1.007215e+13  9.405285e+12  9.067443e+12
1.722986e+01  2.919274e+13  0.000000e+00  0.000000e+00  2.622531e+13  0.000000e+00  0.000000e+00  1.136227e+13  1.044033e+13  9.741229e+12  9.379360e+12
1.731577e+01  2.916992e+13  0.000000e+00  0.000000e+00  2.620481e+13  0.000000e+00  0.000000e+00  1.133949e+13  1.029705e+13  9.617546e+12  9.269942e+12
1.740210e+01  2.914595e+13  0.000000e+00  0.000000e+00  2.618328e+13  0.000000e+00  0.000000e+00  1.286370e+13  1.282909e+13  1.211251e+13  1.167907e+13
1.748886e+01  2.911966e+13  0.000000e+00  0.000000e+00  2.615966e+13  0.000000e+00  0.000000e+00  1.155506e+13  1.051761e+13  9.820254e+12  9.461756e+12
1.757606e+01  2.909289e+13  0.000000e+00  0.000000e+00  2.613561e+13  0.000000e+00  0.000000e+00  1.261614e+13  1.201097e+13  1.130768e+13  1.091462e+13
1.766369e+01  2.906554e+13  0.000000e+00  0.000000e+00  2.611105e+13  0.000000e+00  0.000000e+00  1.264220e+13  1.181860e+13  1.100461e+13  1.057992e+13
1.775176e+01  2.903946e+13  0.000000e+00  0.000000e+00  2.608761e+13  0.000000e+00  0.000000e+00  1.169813e+13  1.069920e+13  9.974729e+12  9.601334e+12
1.784027e+01  2.901278e+13  0.000000e+00  0.000000e+00  2.606365e+13  0.000000e+00  0.000000e+00  1.161288e+13  1.091360e+13  1.038657e+13  1.008880e+13
1.792922e+01  2.898613e+13  0.000000e+00  0.000000e+00  2.603971e+13  0.000000e+00  0.000000e+00  1.239764e+13  1.127372e+13  1.041104e+13  9.978640e+12
1.801861e+01  2.896071e+13  0.000000e+00  0.000000e+00  2.601687e+13  0.000000e+00  0.000000e+00  1.169070e+13  1.062812e+13  9.893106e+12  9.518231e+12
1.810844e+01  2.893409e+13  0.000000e+00  0.000000e+00  2.599296e+13  0.000000e+00  0.000000e+00  1.170569e+13  1.085553e+13  1.016341e+13  9.795424e+12
1.819873e+01  2.890684e+13  0.000000e+00  0.000000e+00  2.596847e+13  0.000000e+00  0.000000e+00  1.159388e+13  1.050538e+13  9.784051e+12  9.417231e+12
1.828947e+01  2.887717e+13  0.000000e+00  0.000000e+00  2.594182e+13  0.000000e+00  0.000000e+00  1.156303e+13  1.044295e+13  9.730451e+12  9.368561e+12
1.838065e+01  2.884695e+13  0.000000e+00  0.000000e+00  2.591468e+13  0.000000e+00  0.000000e+00  1.183624e+13  1.064634e+13  9.889626e+12  9.509033e+12
1.847230e+01  2.881676e+13  0.000000e+00  0.000000e+00  2.588755e+13  0.000000e+00  0.000000e+00  1.176104e+13  1.078439e+13  1.006688e+13  9.693423e+12
1.856440e+01  2.878600e+13  0.000000e+00  0.000000e+00  2.585992e+13  0.000000e+00  0.000000e+00  1.168154e+13  1.059338e+13  9.875710e+12  9.508325e+12
1.865695e+01  2.875643e+13  0.000000e+00  0.000000e+00  2.583335e+13  0.000000e+00  0.000000e+00  1.186639e+13  1.117219e+13  1.054378e+13  1.019217e+13
1.874997e+01  2.872629e+13  0.000000e+00  0.000000e+00  2.580628e+13  0.000000e+00  0.000000e+00  1.184955e+13  1.105224e+13  1.043609e+13  1.009772e+13
1.884346e+01  2.869617e+13  0.000000e+00  0.000000e+00  2.577922e+13  0.000000e+00  0.000000e+00  1.186864e+13  1.090972e+13  1.023371e+13  9.876862e+12
1.893741e+01  2.866719e+13  0.000000e+00  0.000000e+00  2.575319e+13  0.000000e+00  0.000000e+00  1.188627e+13  1.079766e+13  1.007962e+13  9.709968e+12
1.903183e+01  2.863643e+13  0.000000e+00  0.000000e+00  2.572556e+13  0.000000e+00  0.000000e+00  1.206781e+13  1.105465e+13  1.035463e+13  9.985275e+12
1.912672e+01  2.860430e+13  0.000000e+00  0.000000e+00  2.569669e+13  0.000000e+00  0.000000e+00  1.261728e+13  1.161015e+13  1.087987e+13  1.049028e+13
1.922208e+01  2.857032e+13  0.000000e+00  0.000000e+00  2.566616e+13  0.000000e+00  0.000000e+00  1.265212e+13  1.167213e+13  1.083038e+13  1.038873e+13
1.931792e+01  2.853580e+13  0.000000e+00  0.000000e+00  2.563515e+13  0.000000e+00  0.000000e+00  1.350922e+13  1.304466e+13  1.209219e+13  1.156486e+13
1.941423e+01  2.850240e+13  0.000000e+00  0.000000e+00  2.560515e+13  0.000000e+00  0.000000e+00  1.420948e+13  1.367691e+13  1.260269e+13  1.201743e+13
1.951103e+01  2.846847e+13  0.000000e+00  0.000000e+00  2.557466e+13  0.000000e+00  0.000000e+00  1.332832e+13  1.220506e+13  1.126663e+13  1.077969e+13
1.960831e+01  2.843509e+13  0.000000e+00  0.000000e+00  2.554468e+13  0.000000e+00  0.000000e+00  1.438644e+13  1.288602e+13  1.183505e+13  1.129995e+13
1.970607e+01  2.840171e+13  0.000000e+00  0.000000e+00  2.551469e+13  0.000000e+00  0.000000e+00  1.638716e+13  1.606867e+13  1.474140e+13  1.400836e+13
1.980432e+01  2.836834e+13  0.000000e+00  0.000000e+00  2.548471e+13  0.000000e+00  0.000000e+00  3.290272e+13  2.298985e+13  1.957916e+13  1.813812e+13
1.990306e+01  2.833551e+13  0.000000e+00  0.000000e+00  2.545522e+13  0.000000e+00  0.000000e+00  1.394329e+13  1.254524e+13  1.153379e+13  1.101941e+13
2.000229e+01  2.829956e+13  0.000000e+00  0.000000e+00  2.542292e+13  0.000000e+00  0.000000e+00  1.408651e+13  1.234798e+13  1.130892e+13  1.079934e+13
2.010202e+01  2.826208e+13  0.000000e+00  0.000000e+00  2.538926e+13  0.000000e+00  0.000000e+00  1.393711e+13  1.378855e+13  1.323434e+13  1.284993e+13
2.020225e+01  2.822462e+13  0.000000e+00  0.000000e+00  2.535560e+13  0.000000e+00  0.000000e+00  1.370548e+13  1.212902e+13  1.115716e+13  1.067221e+13
2.030297e+01  2.818716e+13  0.000000e+00  0.000000e+00  2.532195e+13  0.000000e+00  0.000000e+00  3.677667e+13  2.321760e+13  1.918209e+13  1.757673e+13
2.040420e+01  2.814971e+13  0.000000e+00  0.000000e+00  2.528831e+13  0.000000e+00  0.000000e+00  1.395418e+13  1.291702e+13  1.197671e+13  1.147210e+13
2.050593e+01  2.811228e+13  0.000000e+00  0.000000e+00  2.525468e+13  0.000000e+00  0.000000e+00  1.488039e+13  1.261220e+13  1.142048e+13  1.085925e+13
2.060817e+01  2.807587e+13  0.000000e+00  0.000000e+00  2.522197e+13  0.000000e+00  0.000000e+00  1.321033e+13  1.162152e+13  1.067688e+13  1.021158e+13
2.071092e+01  2.803894e+13  0.000000e+00  0.000000e+00  2.518880e+13  0.000000e+00  0.000000e+00  1.290434e+13  1.158175e+13  1.070024e+13  1.025580e+13
2.081418e+01  2.800201e+13  0.000000e+00  0.000000e+00  2.515562e+13  0.000000e+00  0.000000e+00  1.357507e+13  1.234997e+13  1.131765e+13  1.079642e+13
2.091795e+01  2.796414e+13  0.000000e+00  0.000000e+00  2.512160e+13  0.000000e+00  0.000000e+00  1.303889e+13  1.148144e+13  1.056454e+13  1.011027e+13
2.102225e+01  2.792309e+13  0.000000e+00  0.000000e+00  2.508473e+13  0.000000e+00  0.000000e+00  1.279381e+13  1.145377e+13  1.057632e+13  1.013348e+13
2.112706e+01  2.788187e+13  0.000000e+00  0.000000e+00  2.504769e+13  0.000000e+00  0.000000e+00  1.423078e+13  1.327587e+13  1.216687e+13  1.158906e+13
2.123239e+01  2.784065e+13  0.000000e+00  0.000000e+00  2.501067e+13  0.000000e+00  0.000000e+00  1.405195e+13  1.273565e+13  1.162968e+13  1.107366e+13
2.133826e+01  2.779993e+13  0.000000e+00  0.000000e+00  2.497409e+13  0.000000e+00  0.000000e+00  1.605994e+13  1.333419e+13  1.194023e+13  1.129873e+13
2.144464e+01  2.775922e+13  0.000000e+00  0.000000e+00  2.493751e+13  0.000000e+00  0.000000e+00  1.341667e+13  1.188738e+13  1.091178e+13  1.042568e+13
2.155156e+01  2.771898e+13  0.000000e+00  0.000000e+00  2.490137e+13  0.000000e+00  0.000000e+00  1.667490e+13  1.437089e+13  1.285922e+13  1.214395e+13
2.165902e+01  2.767827e+13  0.000000e+00  0.000000e+00  2.486479e+13  0.000000e+00  0.000000e+00  1.547092e+13  1.508008e+13  1.391015e+13  1.325752e+13
2.176700e+01  2.763851e+13  0.000000e+00  0.000000e+00  2.482907e+13  0.000000e+00  0.000000e+00  1.662156e+13  1.662825e+13  1.531240e+13  1.456378e+13
2.187553e+01  2.759696e+13  0.000000e+00  0.000000e+00  2.479175e+13  0.000000e+00  0.000000e+00  1.519492e+13  1.342639e+13  1.221627e+13  1.161455e+13
2.198460e+01  2.755367e+13  0.000000e+00  0.000000e+00  2.475285e+13  0.000000e+00  0.000000e+00  2.365362e+13  2.178406e+13  1.907826e+13  1.775861e+13
2.209421e+01  2.750850e+13  0.000000e+00  0.000000e+00  2.471228e+13  0.000000e+00  0.000000e+00  2.623859e+13  2.326647e+13  2.007909e+13  1.857831e+13
2.220437e+01  2.746428e+13  0.000000e+00  0.000000e+00  2.467255e+13  0.000000e+00  0.000000e+00  2.353423e+13  2.112881e+13  1.848442e+13  1.721283e+13
2.231507e+01  2.741959e+13  0.000000e+00  0.000000e+00  2.463241e+13  0.000000e+00  0.000000e+00  1.630625e+13  1.578010e+13  1.462985e+13  1.396727e+13
2.242633e+01  2.737538e+13  0.000000e+00  0.000000e+00  2.459268e+13  0.000000e+00  0.000000e+00  1.985448e+13  2.023123e+13  1.839782e+13  1.736622e+13
2.253814e+01  2.733161e+13  0.000000e+00  0.000000e+00  2.455337e+13  0.000000e+00  0.000000e+00  1.524010e+13  1.404158e+13  1.281645e+13  1.217973e+13
2.265052e+01  2.728784e+13  0.000000e+00  0.000000e+00  2.451405e+13  0.000000e+00  0.000000e+00  1.396891e+13  1.244213e+13  1.140218e+13  1.087726e+13
2.276345e+01  2.724407e+13  0.000000e+00  0.000000e+00  2.447472e+13  0.000000e+00  0.000000e+00  1.488199e+13  1.422717e+13  1.313780e+13  1.253457e+13
2.287694e+01  2.720013e+13  0.000000e+00  0.000000e+00  2.443525e+13  0.000000e+00  0.000000e+00  1.403141e+13  1.339068e+13  1.253102e+13  1.203473e+13
2.299100e+01  2.715389e+13  0.000000e+00  0.000000e+00  2.439371e+13  0.000000e+00  0.000000e+00  1.394889e+13  1.243917e+13  1.137500e+13  1.083986e+13
2.310563e+01  2.710550e+13  0.000000e+00  0.000000e+00  2.435024e+13  0.000000e+00  0.000000e+00  1.317644e+13  1.168142e+13  1.072008e+13  1.023877e+13
2.322083e+01  2.705757e+13  0.000000e+00  0.000000e+00  2.430718e+13  0.000000e+00  0.000000e+00  1.320842e+13  1.162458e+13  1.065188e+13  1.016915e+13
2.333661e+01  2.700920e+13  0.000000e+00  0.000000e+00  2.426373e+13  0.000000e+00  0.000000e+00  1.366358e+13  1.199645e+13  1.094090e+13  1.042183e+13
2.345296e+01  2.696214e+13  0.000000e+00  0.000000e+00  2.422145e+13  0.000000e+00  0.000000e+00  1.353286e+13  1.188520e+13  1.086425e+13  1.035879e+13
2.356989e+01  2.691421e+13  0.000000e+00  0.000000e+00  2.417840e+13  0.000000e+00  0.000000e+00  1.585558e+13  1.431048e+13  1.288195e+13  1.217632e+13
2.368741e+01  2.686757e+13  0.000000e+00  0.000000e+00  2.413650e+13  0.000000e+00  0.000000e+00  1.464784e+13  1.270789e+13  1.153436e+13  1.096084e+13
2.380551e+01  2.682007e+13  0.000000e+00  0.000000e+00  2.409382e+13  0.000000e+00  0.000000e+00  5.076539e+13  2.914788e+13  2.322602e+13  2.095706e+13
2.392420e+01  2.677383e+13  0.000000e+00  0.000000e+00  2.405228e+13  0.000000e+00  0.000000e+00  1.593958e+13  1.401428e+13  1.259532e+13  1.190347e+13
2.404348e+01  2.672451e+13  0.000000e+00  0.000000e+00  2.400798e+13  0.000000e+00  0.000000e+00  1.604623e+13  1.356689e+13  1.214542e+13  1.147493e+13
2.416335e+01  2.667284e+13  0.000000e+00  0.000000e+00  2.396156e+13  0.000000e+00  0.000000e+00  1.492354e+13  1.290345e+13  1.164345e+13  1.103552e+13
2.428383e+01  2.662149e+13  0.000000e+00  0.000000e+00  2.391543e+13  0.000000e+00  0.000000e+00  2.008576e+13  1.543838e+13  1.341700e+13  1.253538e+13
2.440490e+01  2.657014e+13  0.000000e+00  0.000000e+00  2.386930e+13  0.000000e+00  0.000000e+00  1.487104e+13  1.298820e+13  1.180716e+13  1.122906e+13
2.452658e+01  2.651921e+13  0.000000e+00  0.000000e+00  2.382355e+13  0.000000e+00  0.000000e+00  1.578546e+13  1.357387e+13  1.217222e+13  1.150180e+13
2.464892e+01  2.646857e+13  0.000000e+00  0.000000e+00  2.377805e+13  0.000000e+00  0.000000e+00  1.595438e+13  1.366306e+13  1.225035e+13  1.157376e+13
2.477193e+01  2.641776e+13  0.000000e+00  0.000000e+00  2.373241e+13  0.000000e+00  0.000000e+00  5.948139e+13  3.279484e+13  2.566915e+13  2.295966e+13
2.489555e+01  2.636774e+13  0.000000e+00  0.000000e+00  2.368748e+13  0.000000e+00  0.000000e+00  1.590629e+13  1.364703e+13  1.222975e+13  1.155031e+13
2.501978e+01  2.631771e+13  0.000000e+00  0.000000e+00  2.364253e+13  0.000000e+00  0.000000e+00  1.463581e+13  1.251928e+13  1.131235e+13  1.073010e+13
2.514464e+01  2.626613e+13  0.000000e+00  0.000000e+00  2.359619e+13  0.000000e+00  0.000000e+00  1.413064e+13  1.218191e+13  1.105392e+13  1.050428e+13
2.527012e+01  2.621177e+13  0.000000e+00  0.000000e+00  2.354736e+13  0.000000e+00  0.000000e+00  2.020328e+13  1.543613e+13  1.350015e+13  1.265297e+13
2.539622e+01  2.615699e+13  0.000000e+00  0.000000e+00  2.349815e+13  0.000000e+00  0.000000e+00  1.852599e+13  1.473757e+13  1.297665e+13  1.218663e+13
2.552296e+01  2.610222e+13  0.000000e+00  0.000000e+00  2.344895e+13  0.000000e+00  0.000000e+00  1.687725e+13  1.392357e+13  1.240618e+13  1.169834e+13
2.565033e+01  2.604822e+13  0.000000e+00  0.000000e+00  2.340044e+13  0.000000e+00  0.000000e+00  1.637801e+13  1.588191e+13  1.450367e+13  1.374936e+13
2.577833e+01  2.599423e+13  0.000000e+00  0.000000e+00  2.335193e+13  0.000000e+00  0.000000e+00  2.085172e+13  1.965817e+13  1.769108e+13  1.665345e+13
2.590697e+01  2.594062e+13  0.000000e+00  0.000000e+00  2.330377e+13  0.000000e+00  0.000000e+00  1.603895e+13  1.494760e+13  1.352722e+13  1.278631e+13
2.603625e+01  2.588737e+13  0.000000e+00  0.000000e+00  2.325593e+13  0.000000e+00  0.000000e+00  1.557660e+13  1.437842e+13  1.300828e+13  1.229953e+13
2.616618e+01  2.583375e+13  0.000000e+00  0.000000e+00  2.320777e+13  0.000000e+00  0.000000e+00  1.491372e+13  1.337443e+13  1.211561e+13  1.147786e+13
2.629676e+01  2.577999e+13  0.000000e+00  0.000000e+00  2.315947e+13  0.000000e+00  0.000000e+00  1.569761e+13  1.392690e+13  1.253745e+13  1.184846e+13
2.642799e+01  2.572310e+13  0.000000e+00  0.000000e+00  2.310837e+13  0.000000e+00  0.000000e+00  1.559777e+13  1.523644e+13  1.420350e+13  1.358771e+13
2.655987e+01  2.566545e+13  0.000000e+00  0.000000e+00  2.305657e+13  0.000000e+00  0.000000e+00  2.476791e+13  1.971605e+13  1.693526e+13  1.569182e+13
2.669242e+01  2.560781e+13  0.000000e+00  0.000000e+00  2.300479e+13  0.000000e+00  0.000000e+00  2.367063e+13  2.104870e+13  1.861278e+13  1.742785e+13
2.682562e+01  2.555054e+13  0.000000e+00  0.000000e+00  2.295334e+13  0.000000e+00  0.000000e+00  1.661320e+13  1.432042e+13  1.278991e+13  1.205074e+13
2.695949e+01  2.549328e+13  0.000000e+00  0.000000e+00  2.290190e+13  0.000000e+00  0.000000e+00  1.418983e+13  1.225702e+13  1.109846e+13  1.052945e+13
2.709402e+01  2.543708e+13  0.000000e+00  0.000000e+00  2.285142e+13  0.000000e+00  0.000000e+00  1.408688e+13  1.209172e+13  1.093423e+13  1.036942e+13
2.722923e+01  2.538018e+13  0.000000e+00  0.000000e+00  2.280030e+13  0.000000e+00  0.000000e+00  1.450840e+13  1.239749e+13  1.117294e+13  1.057799e+13
2.736511e+01  2.532433e+13  0.000000e+00  0.000000e+00  2.275013e+13  0.000000e+00  0.000000e+00  1.887651e+13  1.709154e+13  1.507605e+13  1.408476e+13
2.750167e+01  2.526793e+13  0.000000e+00  0.000000e+00  2.269946e+13  0.000000e+00  0.000000e+00  1.753376e+13  1.514207e+13  1.342091e+13  1.258994e+13
2.763891e+01  2.520880e+13  0.000000e+00  0.000000e+00  2.264634e+13  0.000000e+00  0.000000e+00  2.249048e+13  1.769145e+13  1.522238e+13  1.412002e+13
2.777684e+01  2.514819e+13  0.000000e+00  0.000000e+00  2.259189e+13  0.000000e+00  0.000000e+00  7.444876e+13  4.062210e+13  3.115149e+13  2.757981e+13
2.791546e+01  2.508794e+13  0.000000e+00  0.000000e+00  2.253776e+13  0.000000e+00  0.000000e+00  3.665823e+13  2.578446e+13  2.114665e+13  1.921686e+13
2.805476e+01  2.502769e+13  0.000000e+00  0.000000e+00  2.248364e+13  0.000000e+00  0.000000e+00  2.397862e+13  1.902792e+13  1.631526e+13  1.509867e+13
2.819476e+01  2.496746e+13  0.000000e+00  0.000000e+00  2.242953e+13  0.000000e+00  0.000000e+00  2.610958e+13  2.090365e+13  1.790472e+13  1.655279e+13
2.833546e+01  2.490824e+13  0.000000e+00  0.000000e+00  2.237633e+13  0.000000e+00  0.000000e+00  2.667813e+13  2.161320e+13  1.849504e+13  1.709021e+13
2.847687e+01  2.484903e+13  0.000000e+00  0.000000e+00  2.232314e+13  0.000000e+00  0.000000e+00  2.798789e+13  2.460272e+13  2.107625e+13  1.941417e+13
2.861897e+01  2.479014e+13  0.000000e+00  0.000000e+00  2.227023e+13  0.000000e+00  0.000000e+00  2.181432e+13  1.991051e+13  1.767482e+13  1.655500e+13
2.876179e+01  2.473126e+13  0.000000e+00  0.000000e+00  2.221734e+13  0.000000e+00  0.000000e+00  2.908268e+13  2.373142e+13  2.003540e+13  1.837637e+13
2.890532e+01  2.467047e+13  0.000000e+00  0.000000e+00  2.216273e+13  0.000000e+00  0.000000e+00  2.135470e+13  1.791245e+13  1.550660e+13  1.439165e+13
2.904957e+01  2.460734e+13  0.000000e+00  0.000000e+00  2.210602e+13  0.000000e+00  0.000000e+00  1.536193e+13  1.294052e+13  1.157574e+13  1.091871e+13
2.919453e+01  2.454409e+13  0.000000e+00  0.000000e+00  2.204920e+13  0.000000e+00  0.000000e+00  1.754093e+13  1.369904e+13  1.206943e+13  1.132747e+13
2.934022e+01  2.448118e+13  0.000000e+00  0.000000e+00  2.199268e+13  0.000000e+00  0.000000e+00  1.589306e+13  1.422233e+13  1.297574e+13  1.232228e+13
2.948664e+01  2.441861e+13  0.000000e+00  0.000000e+00  2.193647e+13  0.000000e+00  0.000000e+00  1.799354e+13  1.542824e+13  1.387518e+13  1.312372e+13
2.963379e+01  2.435667e+13  0.000000e+00  0.000000e+00  2.188082e+13  0.000000e+00  0.000000e+00  7.157373e+13  3.676176e+13  2.810897e+13  2.490455e+13
2.978167e+01  2.429473e+13  0.000000e+00  0.000000e+00  2.182519e+13  0.000000e+00  0.000000e+00  4.506992e+13  2.959608e+13  2.403972e+13  2.176782e+13
2.993029e+01  2.423311e+13  0.000000e+00  0.000000e+00  2.176983e+13  0.000000e+00  0.000000e+00  1.684555e+13  1.451260e+13  1.290714e+13  1.212275e+13
3.007965e+01  2.417182e+13  0.000000e+00  0.000000e+00  2.171476e+13  0.000000e+00  0.000000e+00  1.724894e+13  1.389450e+13  1.221363e+13  1.143930e+13
3.022976e+01  2.410929e+13  0.000000e+00  0.000000e+00  2.165859e+13  0.000000e+00  0.000000e+00  1.495470e+13  1.279662e+13  1.142899e+13  1.076290e+13
3.038061e+01  2.404386e+13  0.000000e+00  0.000000e+00  2.159982e+13  0.000000e+00  0.000000e+00  1.420980e+13  1.223057e+13  1.096987e+13  1.035088e+13
3.053222e+01  2.397857e+13  0.000000e+00  0.000000e+00  2.154116e+13  0.000000e+00  0.000000e+00  1.488773e+13  1.257052e+13  1.121859e+13  1.056623e+13
3.068459e+01  2.391330e+13  0.000000e+00  0.000000e+00  2.148253e+13  0.000000e+00  0.000000e+00  1.884852e+13  1.717147e+13  1.508349e+13  1.405146e+13
3.083771e+01  2.384834e+13  0.000000e+00  0.000000e+00  2.142417e+13  0.000000e+00  0.000000e+00  2.129877e+13  1.984459e+13  1.732997e+13  1.608145e+13
3.099160e+01  2.378398e+13  0.000000e+00  0.000000e+00  2.136636e+13  0.000000e+00  0.000000e+00  1.952463e+13  1.795306e+13  1.573039e+13  1.463059e+13
3.114626e+01  2.371936e+13  0.000000e+00  0.000000e+00  2.130830e+13  0.000000e+00  0.000000e+00  1.397049e+13  1.212154e+13  1.089271e+13  1.028273e+13
3.130169e+01  2.365561e+13  0.000000e+00  0.000000e+00  2.125103e+13  0.000000e+00  0.000000e+00  1.343598e+13  1.156826e+13  1.043197e+13  9.869701e+12
3.145789e+01  2.359243e+13  0.000000e+00  0.000000e+00  2.119427e+13  0.000000e+00  0.000000e+00  1.399263e+13  1.209923e+13  1.090629e+13  1.031640e+13
3.161488e+01  2.352756e+13  0.000000e+00  0.000000e+00  2.113600e+13  0.000000e+00  0.000000e+00  1.380260e+13  1.232775e+13  1.130308e+13  1.076693e+13
3.177265e+01  2.346102e+13  0.000000e+00  0.000000e+00  2.107622e+13  0.000000e+00  0.000000e+00  1.537271e+13  1.540838e+13  1.461512e+13  1.408772e+13
3.193120e+01  2.339283e+13  0.000000e+00  0.000000e+00  2.101496e+13  0.000000e+00  0.000000e+00  2.952437e+13  2.749910e+13  2.656620e+13  2.586537e+13
3.209055e+01  2.332604e+13  0.000000e+00  0.000000e+00  2.095496e+13  0.000000e+00  0.000000e+00  1.554935e+13  1.485633e+13  1.393180e+13  1.337763e+13
3.225069e+01  2.325900e+13  0.000000e+00  0.000000e+00  2.089474e+13  0.000000e+00  0.000000e+00  1.481916e+13  1.368738e+13  1.269062e+13  1.214585e+13
3.241163e+01  2.319172e+13  0.000000e+00  0.000000e+00  2.083430e+13  0.000000e+00  0.000000e+00  1.846863e+13  1.453631e+13  1.273317e+13  1.191665e+13
3.257337e+01  2.312581e+13  0.000000e+00  0.000000e+00  2.077508e+13  0.000000e+00  0.000000e+00  1.361535e+13  1.170846e+13  1.056789e+13  1.000344e+13
3.273592e+01  2.305965e+13  0.000000e+00  0.000000e+00  2.071565e+13  0.000000e+00  0.000000e+00  1.570704e+13  1.310643e+13  1.154819e+13  1.081379e+13
3.289929e+01  2.299430e+13  0.000000e+00  0.000000e+00  2.065694e+13  0.000000e+00  0.000000e+00  1.531806e+13  1.231120e+13  1.081493e+13  1.012422e+13
3.306346e+01  2.292770e+13  0.000000e+00  0.000000e+00  2.059711e+13  0.000000e+00  0.000000e+00  1.463925e+13  1.204342e+13  1.064238e+13  9.981352e+12
3.322846e+01  2.286050e+13  0.000000e+00  0.000000e+00  2.053674e+13  0.000000e+00  0.000000e+00  1.720199e+13  1.378235e+13  1.199426e+13  1.117189e+13
3.339428e+01  2.279008e+13  0.000000e+00  0.000000e+00  2.047348e+13  0.000000e+00  0.000000e+00  2.568781e+13  1.835578e+13  1.536305e+13  1.408569e+13
3.356093e+01  2.272149e+13  0.000000e+00  0.000000e+00  2.041186e+13  0.000000e+00  0.000000e+00  2.501536e+13  1.909108e+13  1.618303e+13  1.489231e+13
3.372841e+01  2.265217e+13  0.000000e+00  0.000000e+00  2.034959e+13  0.000000e+00  0.000000e+00  6.728343e+13  4.403565e+13  3.461606e+13  3.080807e+13
3.389672e+01  2.258364e+13  0.000000e+00  0.000000e+00  2.028802e+13  0.000000e+00  0.000000e+00  4.698649e+13  3.453016e+13  2.822391e+13  2.551138e+13
3.406588e+01  2.251588e+13  0.000000e+00  0.000000e+00  2.022715e+13  0.000000e+00  0.000000e+00  4.755248e+13  3.241444e+13  2.615526e+13  2.356038e+13
3.423588e+01  2.244741e+13  0.000000e+00  0.000000e+00  2.016564e+13  0.000000e+00  0.000000e+00  3.073556e+13  2.268444e+13  1.907175e+13  1.748691e+13
3.440672e+01  2.238019e+13  0.000000e+00  0.000000e+00  2.010526e+13  0.000000e+00  0.000000e+00  8.598593e+13  4.849310e+13  3.730012e+13  3.299625e+13
3.457842e+01  2.231276e+13  0.000000e+00  0.000000e+00  2.004468e+13  0.000000e+00  0.000000e+00  4.585619e+13  3.738014e+13  3.173889e+13  2.911960e+13
3.475098e+01  2.224339e+13  0.000000e+00  0.000000e+00  1.998236e+13  0.000000e+00  0.000000e+00  4.619483e+13  3.287315e+13  2.684026e+13  2.428503e+13
3.492440e+01  2.217291e+13  0.000000e+00  0.000000e+00  1.991904e+13  0.000000e+00  0.000000e+00  2.934191e+13  2.493113e+13  2.147073e+13  1.981120e+13
3.509868e+01  2.210163e+13  0.000000e+00  0.000000e+00  1.985501e+13  0.000000e+00  0.000000e+00  8.182645e+13  4.972541e+13  3.885469e+13  3.453310e+13
3.527384e+01  2.203111e+13  0.000000e+00  0.000000e+00  1.979166e+13  0.000000e+00  0.000000e+00  4.207889e+13  3.138365e+13  2.593522e+13  2.355244e+13
3.544986e+01  2.196132e+13  0.000000e+00  0.000000e+00  1.972896e+13  0.000000e+00  0.000000e+00  4.059009e+13  3.077573e+13  2.529266e+13  2.290378e+13
3.562677e+01  2.189133e+13  0.000000e+00  0.000000e+00  1.966609e+13  0.000000e+00  0.000000e+00  4.462598e+13  2.975264e+13  2.388529e+13  2.147904e+13
3.580456e+01  2.182161e+13  0.000000e+00  0.000000e+00  1.960346e+13  0.000000e+00  0.000000e+00  3.430864e+13  2.413013e+13  1.973626e+13  1.788640e+13
3.598323e+01  2.175306e+13  0.000000e+00  0.000000e+00  1.954188e+13  0.000000e+00  0.000000e+00  2.779020e+13  2.015802e+13  1.673497e+13  1.526597e+13
3.616280e+01  2.168387e+13  0.000000e+00  0.000000e+00  1.947971e+13  0.000000e+00  0.000000e+00  1.712398e+13  1.360064e+13  1.183508e+13  1.101449e+13
3.634326e+01  2.161384e+13  0.000000e+00  0.000000e+00  1.941680e+13  0.000000e+00  0.000000e+00  2.883866e+13  2.103243e+13  1.734475e+13  1.576922e+13
3.652463e+01  2.154230e+13  0.000000e+00  0.000000e+00  1.935254e+13  0.000000e+00  0.000000e+00  2.187483e+13  1.715286e+13  1.458047e+13  1.342051e+13
3.670690e+01  2.146991e+13  0.000000e+00  0.000000e+00  1.928751e+13  0.000000e+00  0.000000e+00  3.210972e+13  2.223554e+13  1.820415e+13  1.651293e+13
3.689007e+01  2.139823e+13  0.000000e+00  0.000000e+00  1.922311e+13  0.000000e+00  0.000000e+00  8.894789e+13  4.684532e+13  3.524283e+13  3.089453e+13
3.707417e+01  2.132680e+13  0.000000e+00  0.000000e+00  1.915895e+13  0.000000e+00  0.000000e+00  4.059500e+13  2.634039e+13  2.106599e+13  1.892485e+13
3.725918e+01  2.125564e+13  0.000000e+00  0.000000e+00  1.909501e+13  0.000000e+00  0.000000e+00  1.659296e+13  1.298159e+13  1.124973e+13  1.045413e+13
3.744511e+01  2.118515e+13  0.000000e+00  0.000000e+00  1.903169e+13  0.000000e+00  0.000000e+00  1.380798e+13  1.106665e+13  9.720519e+12  9.088138e+12
3.763198e+01  2.111448e+13  0.000000e+00  0.000000e+00  1.896821e+13  0.000000e+00  0.000000e+00  1.460533e+13  1.165197e+13  1.013089e+13  9.429630e+12
3.781977e+01  2.104491e+13  0.000000e+00  0.000000e+00  1.890570e+13  0.000000e+00  0.000000e+00  1.612098e+13  1.185244e+13  1.018638e+13  9.452394e+12
3.800850e+01  2.097382e+13  0.000000e+00  0.000000e+00  1.884184e+13  0.000000e+00  0.000000e+00  1.271180e+13  1.044713e+13  9.287131e+12  8.727428e+12
3.819818e+01  2.090172e+13  0.000000e+00  0.000000e+00  1.877708e+13  0.000000e+00  0.000000e+00  1.489411e+13  1.212759e+13  1.070049e+13  1.002141e+13
3.838880e+01  2.082872e+13  0.000000e+00  0.000000e+00  1.871149e+13  0.000000e+00  0.000000e+00  1.721244e+13  1.623167e+13  1.493905e+13  1.419322e+13
3.858037e+01  2.075556e+13  0.000000e+00  0.000000e+00  1.864577e+13  0.000000e+00  0.000000e+00  3.860957e+13  2.563676e+13  2.083252e+13  1.885322e+13
3.877290e+01  2.068347e+13  0.000000e+00  0.000000e+00  1.858101e+13  0.000000e+00  0.000000e+00  2.706571e+13  2.152799e+13  1.806942e+13  1.651640e+13
3.896639e+01  2.061161e+13  0.000000e+00  0.000000e+00  1.851645e+13  0.000000e+00  0.000000e+00  3.490504e+13  2.344701e+13  1.908190e+13  1.727046e+13
3.916084e+01  2.053961e+13  0.000000e+00  0.000000e+00  1.845177e+13  0.000000e+00  0.000000e+00  3.380937e+13  2.471879e+13  2.033815e+13  1.845286e+13
3.935626e+01  2.046823e+13  0.000000e+00  0.000000e+00  1.838765e+13  0.000000e+00  0.000000e+00  3.330128e+13  2.574551e+13  2.139164e+13  1.946909e+13
3.955266e+01  2.039749e+13  0.000000e+00  0.000000e+00  1.832409e+13  0.000000e+00  0.000000e+00  3.757117e+13  2.699978e+13  2.233917e+13  2.034202e+13
3.975004e+01  2.032659e+13  0.000000e+00  0.000000e+00  1.826041e+13  0.000000e+00  0.000000e+00  4.482638e+13  3.209808e+13  2.676277e+13  2.448380e+13
3.994841e+01  2.025400e+13  0.000000e+00  0.000000e+00  1.819519e+13  0.000000e+00  0.000000e+00  2.941263e+13  2.468139e+13  2.209963e+13  2.081373e+13
4.014776e+01  2.018008e+13  0.000000e+00  0.000000e+00  1.812878e+13  0.000000e+00  0.000000e+00  5.751000e+13  4.405921e+13  3.837749e+13  3.579846e+13
4.034811e+01  2.010640e+13  0.000000e+00  0.000000e+00  1.806260e+13  0.000000e+00  0.000000e+00  5.644401e+13  5.296992e+13  4.958062e+13  4.756780e+13
4.054946e+01  2.003371e+13  0.000000e+00  0.000000e+00  1.799730e+13  0.000000e+00  0.000000e+00  7.078233e+13  7.749647e+13  7.573849e+13  7.383830e+13
4.075182e+01  1.996089e+13  0.000000e+00  0.000000e+00  1.793187e+13  0.000000e+00  0.000000e+00  3.067129e+14  3.363210e+14  3.249873e+14  3.155043e+14
4.095518e+01  1.988866e+13  0.000000e+00  0.000000e+00  1.786699e+13  0.000000e+00  0.000000e+00  1.218107e+14  1.028181e+14  9.376768e+13  8.920277e+13
4.115956e+01  1.981666e+13  0.000000e+00  0.000000e+00  1.780231e+13  0.000000e+00  0.000000e+00  5.159953e+13  5.090949e+13  4.821194e+13  4.643356e+13
4.136496e+01  1.974525e+13  0.000000e+00  0.000000e+00  1.773816e+13  0.000000e+00  0.000000e+00  5.460716e+13  4.171590e+13  3.651768e+13  3.414485e+13
4.157138e+01  1.967371e+13  0.000000e+00  0.000000e+00  1.767389e+13  0.000000e+00  0.000000e+00  2.723356e+13  2.277768e+13  2.044628e+13  1.928178e+13
4.177884e+01  1.960141e+13  0.000000e+00  0.000000e+00  1.760894e+13  0.000000e+00  0.000000e+00  2.963591e+13  2.222274e+13  1.889374e+13  1.742391e+13
4.198732e+01  1.952720e+13  0.000000e+00  0.000000e+00  1.754227e+13  0.000000e+00  0.000000e+00  1.799379e+13  1.409161e+13  1.233353e+13  1.151044e+13
4.219685e+01  1.945346e+13  0.000000e+00  0.000000e+00  1.747602e+13  0.000000e+00  0.000000e+00  1.696035e+13  1.342716e+13  1.167351e+13  1.085256e+13
4.240743e+01  1.938029e+13  0.000000e+00  0.000000e+00  1.741029e+13  0.000000e+00  0.000000e+00  3.155235e+13  2.140485e+13  1.738161e+13  1.570889e+13
4.261905e+01  1.930701e+13  0.000000e+00  0.000000e+00  1.734446e+13  0.000000e+00  0.000000e+00  3.619911e+13  2.402666e+13  1.927229e+13  1.732378e+13
4.283174e+01  1.923463e+13  0.000000e+00  0.000000e+00  1.727944e+13  0.000000e+00  0.000000e+00  2.033818e+13  1.546656e+13  1.326576e+13  1.227133e+13
4.304548e+01  1.916213e+13  0.000000e+00  0.000000e+00  1.721431e+13  0.000000e+00  0.000000e+00  2.817158e+13  1.863977e+13  1.520269e+13  1.378104e+13
4.326029e+01  1.909018e+13  0.000000e+00  0.000000e+00  1.714968e+13  0.000000e+00  0.000000e+00  1.932523e+13  1.496699e+13  1.277765e+13  1.177812e+13
4.347617e+01  1.901846e+13  0.000000e+00  0.000000e+00  1.708524e+13  0.000000e+00  0.000000e+00  2.366825e+13  1.720488e+13  1.437250e+13  1.313601e+13
4.369313e+01  1.894646e+13  0.000000e+00  0.000000e+00  1.702057e+13  0.000000e+00  0.000000e+00  9.883312e+13  5.112429e+13  3.799381e+13  3.310877e+13
4.391117e+01  1.887272e+13  0.000000e+00  0.000000e+00  1.695432e+13  0.000000e+00  0.000000e+00  1.649169e+13  1.307353e+13  1.131007e+13  1.048195e+13
4.413030e+01  1.879901e+13  0.000000e+00  0.000000e+00  1.688810e+13  0.000000e+00  0.000000e+00  2.179536e+13  1.634529e+13  1.366163e+13  1.247850e+13
4.435053e+01  1.872520e+13  0.000000e+00  0.000000e+00  1.682179e+13  0.000000e+00  0.000000e+00  1.458307e+13  1.165763e+13  1.014137e+13  9.423325e+12
4.457185e+01  1.865256e+13  0.000000e+00  0.000000e+00  1.675654e+13  0.000000e+00  0.000000e+00  1.976795e+13  1.604820e+13  1.361207e+13  1.248943e+13
4.479428e+01  1.857981e+13  0.000000e+00  0.000000e+00  1.669119e+13  0.000000e+00  0.000000e+00  3.329685e+13  2.586975e+13  2.117997e+13  1.911960e+13
4.501781e+01  1.850759e+13  0.000000e+00  0.000000e+00  1.662630e+13  0.000000e+00  0.000000e+00  2.126036e+13  1.679544e+13  1.418343e+13  1.299404e+13
4.524247e+01  1.843557e+13  0.000000e+00  0.000000e+00  1.656161e+13  0.000000e+00  0.000000e+00  3.320413e+13  2.146710e+13  1.722960e+13  1.549786e+13
4.546824e+01  1.836376e+13  0.000000e+00  0.000000e+00  1.649710e+13  0.000000e+00  0.000000e+00  1.657130e+13  1.332161e+13  1.146379e+13  1.059479e+13
4.569514e+01  1.829211e+13  0.000000e+00  0.000000e+00  1.643273e+13  0.000000e+00  0.000000e+00  2.136346e+13  1.704070e+13  1.449231e+13  1.331205e+13
4.592317e+01  1.821887e+13  0.000000e+00  0.000000e+00  1.636693e+13  0.000000e+00  0.000000e+00  3.226744e+13  2.130687e+13  1.718700e+13  1.548560e+13
4.615234e+01  1.814561e+13  0.000000e+00  0.000000e+00  1.630111e+13  0.000000e+00  0.000000e+00  1.546220e+13  1.257924e+13  1.093495e+13  1.015218e+13
4.638266e+01  1.807225e+13  0.000000e+00  0.000000e+00  1.623522e+13  0.000000e+00  0.000000e+00  1.766178e+13  1.368326e+13  1.179673e+13  1.092954e+13
4.661412e+01  1.799969e+13  0.000000e+00  0.000000e+00  1.617003e+13  0.000000e+00  0.000000e+00  2.360324e+13  1.864166e+13  1.611628e+13  1.493491e+13
4.684674e+01  1.792704e+13  0.000000e+00  0.000000e+00  1.610477e+13  0.000000e+00  0.000000e+00  5.721291e+13  3.444150e+13  2.716543e+13  2.429980e+13
4.708052e+01  1.785517e+13  0.000000e+00  0.000000e+00  1.604020e+13  0.000000e+00  0.000000e+00  2.866989e+13  2.116751e+13  1.837268e+13  1.711652e+13
4.731547e+01  1.778350e+13  0.000000e+00  0.000000e+00  1.597581e+13  0.000000e+00  0.000000e+00  3.044928e+13  2.513453e+13  2.263246e+13  2.140393e+13
4.755158e+01  1.771202e+13  0.000000e+00  0.000000e+00  1.591160e+13  0.000000e+00  0.000000e+00  3.929879e+13  3.521834e+13  3.265372e+13  3.125954e+13
4.778888e+01  1.764104e+13  0.000000e+00  0.000000e+00  1.584784e+13  0.000000e+00  0.000000e+00  5.762055e+13  5.475287e+13  5.187437e+13  5.011775e+13
4.802736e+01  1.756865e+13  0.000000e+00  0.000000e+00  1.578281e+13  0.000000e+00  0.000000e+00  9.794895e+13  9.327295e+13  8.829281e+13  8.534588e+13
4.826703e+01  1.749564e+13  0.000000e+00  0.000000e+00  1.571722e+13  0.000000e+00  0.000000e+00  2.573039e+14  2.736522e+14  2.708503e+14  2.665894e+14
4.850790e+01  1.742338e+13  0.000000e+00  0.000000e+00  1.565230e+13  0.000000e+00  0.000000e+00  6.576387e+13  7.398294e+13  7.393665e+13  7.289451e+13
4.874997e+01  1.735078e+13  0.000000e+00  0.000000e+00  1.558708e+13  0.000000e+00  0.000000e+00  5.147769e+13  5.076173e+13  4.877947e+13  4.737843e+13
4.899325e+01  1.727917e+13  0.000000e+00  0.000000e+00  1.552275e+13  0.000000e+00  0.000000e+00  3.564801e+13  3.322191e+13  3.126975e+13  3.010050e+13
4.923774e+01  1.720750e+13  0.000000e+00  0.000000e+00  1.545836e+13  0.000000e+00  0.000000e+00  5.710932e+13  3.979167e+13  3.356399e+13  3.092321e+13
4.948345e+01  1.713653e+13  0.000000e+00  0.000000e+00  1.539461e+13  0.000000e+00  0.000000e+00  3.157424e+13  2.513434e+13  2.214612e+13  2.072713e+13
4.972209e+01  1.706801e+13  0.000000e+00  0.000000e+00  1.533305e+13  0.000000e+00  0.000000e+00  3.328772e+13  2.709542e+13  2.373893e+13  2.213555e+13
4.995359e+01  1.700235e+13  0.000000e+00  0.000000e+00  1.527407e+13  0.000000e+00  0.000000e+00  4.459286e+13  4.408016e+13  3.917472e+13  3.651386e+13
5.018617e+01  1.693604e+13  0.000000e+00  0.000000e+00  1.521450e+13  0.000000e+00  0.000000e+00  3.698866e+13  3.239421e+13  2.929620e+13  2.768511e+13
5.041982e+01  1.686883e+13  0.000000e+00  0.000000e+00  1.515412e+13  0.000000e+00  0.000000e+00  4.508436e+13  3.800647e+13  3.418607e+13  3.231434e+13
5.065457e+01  1.680161e+13  0.000000e+00  0.000000e+00  1.509374e+13  0.000000e+00  0.000000e+00  4.408518e+13  4.332882e+13  4.104534e+13  3.962983e+13
5.089041e+01  1.673514e+13  0.000000e+00  0.000000e+00  1.503402e+13  0.000000e+00  0.000000e+00  5.656784e+13  5.577297e+13  5.446883e+13  5.335751e+13
5.112735e+01  1.666860e+13  0.000000e+00  0.000000e+00  1.497425e+13  0.000000e+00  0.000000e+00  1.204513e+14  1.544439e+14  1.596734e+14  1.596811e+14
5.136539e+01  1.660255e+13  0.000000e+00  0.000000e+00  1.491491e+13  0.000000e+00  0.000000e+00  4.786387e+13  5.349346e+13  5.389798e+13  5.337352e+13
5.160454e+01  1.653695e+13  0.000000e+00  0.000000e+00  1.485598e+13  0.000000e+00  0.000000e+00  5.134812e+13  4.942802e+13  4.759226e+13  4.634698e+13
5.184480e+01  1.647130e+13  0.000000e+00  0.000000e+00  1.479700e+13  0.000000e+00  0.000000e+00  4.985481e+13  4.782619e+13  4.612991e+13  4.496992e+13
5.208618e+01  1.640587e+13  0.000000e+00  0.000000e+00  1.473822e+13  0.000000e+00  0.000000e+00  4.852391e+13  5.211612e+13  5.210211e+13  5.150247e+13
5.232869e+01  1.634138e+13  0.000000e+00  0.000000e+00  1.468029e+13  0.000000e+00  0.000000e+00  8.910521e+13  1.172050e+14  1.232909e+14  1.243349e+14
5.257125e+01  1.627582e+13  0.000000e+00  0.000000e+00  1.462139e+13  0.000000e+00  0.000000e+00  5.330639e+13  6.013905e+13  6.114704e+13  6.086322e+13
5.281385e+01  1.621058e+13  0.000000e+00  0.000000e+00  1.456279e+13  0.000000e+00  0.000000e+00  8.226159e+13  9.892455e+13  1.021717e+14  1.024555e+14
5.305758e+01  1.614518e+13  0.000000e+00  0.000000e+00  1.450403e+13  0.000000e+00  0.000000e+00  6.975102e+13  6.626757e+13  6.405651e+13  6.262873e+13
5.330242e+01  1.607999e+13  0.000000e+00  0.000000e+00  1.444547e+13  0.000000e+00  0.000000e+00  6.193249e+13  7.653361e+13  7.999616e+13  8.059311e+13
5.354840e+01  1.601548e+13  0.000000e+00  0.000000e+00  1.438751e+13  0.000000e+00  0.000000e+00  5.608652e+13  6.892296e+13  7.167771e+13  7.206684e+13
5.379552e+01  1.595093e+13  0.000000e+00  0.000000e+00  1.432953e+13  0.000000e+00  0.000000e+00  5.266969e+13  6.582415e+13  6.931215e+13  7.009251e+13
5.404377e+01  1.588681e+13  0.000000e+00  0.000000e+00  1.427193e+13  0.000000e+00  0.000000e+00  4.557178e+13  5.697588e+13  6.002413e+13  6.073213e+13
5.429317e+01  1.582290e+13  0.000000e+00  0.000000e+00  1.421451e+13  0.000000e+00  0.000000e+00  4.918750e+13  4.908445e+13  4.830389e+13  4.767745e+13
5.455453e+01  1.575666e+13  0.000000e+00  0.000000e+00  1.415501e+13  0.000000e+00  0.000000e+00  2.918766e+13  2.642492e+13  2.385601e+13  2.264810e+13
5.482795e+01  1.568775e+13  0.000000e+00  0.000000e+00  1.409310e+13  0.000000e+00  0.000000e+00  1.505578e+13  1.474196e+13  1.402380e+13  1.360910e+13
5.510275e+01  1.561873e+13  0.000000e+00  0.000000e+00  1.403110e+13  0.000000e+00  0.000000e+00  2.390462e+13  2.151702e+13  1.909940e+13  1.795090e+13
5.537892e+01  1.554880e+13  0.000000e+00  0.000000e+00  1.396827e+13  0.000000e+00  0.000000e+00  1.626374e+13  1.528036e+13  1.408833e+13  1.348196e+13
5.565647e+01  1.547945e+13  0.000000e+00  0.000000e+00  1.390597e+13  0.000000e+00  0.000000e+00  1.807471e+13  1.625040e+13  1.469005e+13  1.394892e+13
5.593542e+01  1.541026e+13  0.000000e+00  0.000000e+00  1.384382e+13  0.000000e+00  0.000000e+00  3.903553e+13  2.587715e+13  2.143034e+13  1.965149e+13
5.621576e+01  1.534145e+13  0.000000e+00  0.000000e+00  1.378200e+13  0.000000e+00  0.000000e+00  2.052486e+13  1.768294e+13  1.568713e+13  1.477302e+13
5.649751e+01  1.527321e+13  0.000000e+00  0.000000e+00  1.372070e+13  0.000000e+00  0.000000e+00  3.933151e+13  2.810588e+13  2.317435e+13  2.115658e+13
5.678067e+01  1.520493e+13  0.000000e+00  0.000000e+00  1.365935e+13  0.000000e+00  0.000000e+00  2.349934e+13  1.937088e+13  1.693276e+13  1.583639e+13
5.706525e+01  1.513740e+13  0.000000e+00  0.000000e+00  1.359869e+13  0.000000e+00  0.000000e+00  3.064278e+13  3.042554e+13  2.633337e+13  2.431049e+13
5.735126e+01  1.506983e+13  0.000000e+00  0.000000e+00  1.353799e+13  0.000000e+00  0.000000e+00  1.564556e+13  1.439890e+13  1.311555e+13  1.248006e+13
5.763870e+01  1.500217e+13  0.000000e+00  0.000000e+00  1.347721e+13  0.000000e+00  0.000000e+00  1.555532e+13  1.467658e+13  1.357982e+13  1.297668e+13
5.792758e+01  1.493388e+13  0.000000e+00  0.000000e+00  1.341586e+13  0.000000e+00  0.000000e+00  1.532761e+13  1.341419e+13  1.213733e+13  1.153731e+13
5.821790e+01  1.486601e+13  0.000000e+00  0.000000e+00  1.335489e+13  0.000000e+00  0.000000e+00  1.082235e+13  1.051980e+13  9.944865e+12  9.621191e+12
5.850969e+01  1.479848e+13  0.000000e+00  0.000000e+00  1.329422e+13  0.000000e+00  0.000000e+00  1.589305e+13  1.360318e+13  1.218096e+13  1.152785e+13
5.880293e+01  1.473111e+13  0.000000e+00  0.000000e+00  1.323370e+13  0.000000e+00  0.000000e+00  2.731115e+13  1.964264e+13  1.647477e+13  1.517350e+13
5.909765e+01  1.466426e+13  0.000000e+00  0.000000e+00  1.317365e+13  0.000000e+00  0.000000e+00  1.804858e+13  1.543861e+13  1.363289e+13  1.280263e+13
5.939384e+01  1.459775e+13  0.000000e+00  0.000000e+00  1.311390e+13  0.000000e+00  0.000000e+00  1.899701e+13  1.485849e+13  1.297891e+13  1.216149e+13
5.969152e+01  1.453121e+13  0.000000e+00  0.000000e+00  1.305412e+13  0.000000e+00  0.000000e+00  1.488975e+13  1.412564e+13  1.265794e+13  1.193530e+13
5.999069e+01  1.446554e+13  0.000000e+00  0.000000e+00  1.299513e+13  0.000000e+00  0.000000e+00  1.635721e+13  1.482849e+13  1.312815e+13  1.231956e+13
6.029136e+01  1.439944e+13  0.000000e+00  0.000000e+00  1.293574e+13  0.000000e+00  0.000000e+00  1.131748e+13  1.039522e+13  9.597877e+12  9.191248e+12
6.059353e+01  1.433299e+13  0.000000e+00  0.000000e+00  1.287605e+13  0.000000e+00  0.000000e+00  1.738595e+13  1.440345e+13  1.258924e+13  1.177353e+13
6.089722e+01  1.426680e+13  0.000000e+00  0.000000e+00  1.281659e+13  0.000000e+00  0.000000e+00  3.724485e+13  2.594682e+13  2.095000e+13  1.892269e+13
6.120243e+01  1.420076e+13  0.000000e+00  0.000000e+00  1.275726e+13  0.000000e+00  0.000000e+00  1.396921e+13  1.254372e+13  1.120425e+13  1.056225e+13
6.150917e+01  1.413521e+13  0.000000e+00  0.000000e+00  1.269837e+13  0.000000e+00  0.000000e+00  3.144233e+13  2.379591e+13  1.953124e+13  1.773442e+13
6.181745e+01  1.406997e+13  0.000000e+00  0.000000e+00  1.263977e+13  0.000000e+00  0.000000e+00  1.287808e+13  1.166095e+13  1.048649e+13  9.910605e+12
6.212728e+01  1.400505e+13  0.000000e+00  0.000000e+00  1.258144e+13  0.000000e+00  0.000000e+00  1.479174e+13  1.207967e+13  1.059401e+13  9.930644e+12
6.243865e+01  1.394043e+13  0.000000e+00  0.000000e+00  1.252340e+13  0.000000e+00  0.000000e+00  1.008004e+13  9.407152e+12  8.633009e+12  8.236631e+12
6.275159e+01  1.387580e+13  0.000000e+00  0.000000e+00  1.246533e+13  0.000000e+00  0.000000e+00  1.112629e+13  9.995275e+12  9.047777e+12  8.582747e+12
6.306610e+01  1.381190e+13  0.000000e+00  0.000000e+00  1.240793e+13  0.000000e+00  0.000000e+00  2.628655e+13  1.900655e+13  1.560756e+13  1.420045e+13
6.338218e+01  1.374742e+13  0.000000e+00  0.000000e+00  1.235001e+13  0.000000e+00  0.000000e+00  1.554223e+13  1.329569e+13  1.150835e+13  1.067999e+13
6.369985e+01  1.368292e+13  0.000000e+00  0.000000e+00  1.229206e+13  0.000000e+00  0.000000e+00  2.598468e+13  1.995398e+13  1.645382e+13  1.494344e+13
6.401910e+01  1.361872e+13  0.000000e+00  0.000000e+00  1.223438e+13  0.000000e+00  0.000000e+00  2.165135e+13  1.647256e+13  1.365104e+13  1.244205e+13
6.433996e+01  1.355513e+13  0.000000e+00  0.000000e+00  1.217726e+13  0.000000e+00  0.000000e+00  2.204363e+13  1.491913e+13  1.210862e+13  1.095150e+13
6.466243e+01  1.349152e+13  0.000000e+00  0.000000e+00  1.212011e+13  0.000000e+00  0.000000e+00  1.342416e+13  1.034065e+13  8.768057e+12  8.073176e+12
6.498651e+01  1.342820e+13  0.000000e+00  0.000000e+00  1.206323e+13  0.000000e+00  0.000000e+00  1.305266e+13  1.044015e+13  8.844258e+12  8.132489e+12
6.531222e+01  1.336548e+13  0.000000e+00  0.000000e+00  1.200688e+13  0.000000e+00  0.000000e+00  1.004161e+13  8.488886e+12  7.364750e+12  6.838949e+12
6.563956e+01  1.330303e+13  0.000000e+00  0.000000e+00  1.195079e+13  0.000000e+00  0.000000e+00  9.552416e+12  7.887422e+12  6.852749e+12  6.372242e+12
6.596854e+01  1.324048e+13  0.000000e+00  0.000000e+00  1.189460e+13  0.000000e+00  0.000000e+00  2.164425e+13  1.518425e+13  1.220936e+13  1.097535e+13
6.629917e+01  1.317806e+13  0.000000e+00  0.000000e+00  1.183852e+13  0.000000e+00  0.000000e+00  1.039667e+13  8.693287e+12  7.489109e+12  6.926105e+12
6.663145e+01  1.311555e+13  0.000000e+00  0.000000e+00  1.178236e+13  0.000000e+00  0.000000e+00  8.907424e+12  7.376092e+12  6.413697e+12  5.963449e+12
6.696540e+01  1.305360e+13  0.000000e+00  0.000000e+00  1.172671e+13  0.000000e+00  0.000000e+00  1.001715e+13  8.315163e+12  7.162264e+12  6.623249e+12
6.730103e+01  1.299135e+13  0.000000e+00  0.000000e+00  1.167079e+13  0.000000e+00  0.000000e+00  1.289074e+13  1.189826e+13  1.015225e+13  9.304689e+12
6.763834e+01  1.292995e+13  0.000000e+00  0.000000e+00  1.161563e+13  0.000000e+00  0.000000e+00  8.785824e+12  6.977563e+12  6.040061e+12  5.608602e+12
6.797733e+01  1.286853e+13  0.000000e+00  0.000000e+00  1.156045e+13  0.000000e+00  0.000000e+00  8.630051e+12  6.871052e+12  5.902240e+12  5.461959e+12
6.831803e+01  1.280766e+13  0.000000e+00  0.000000e+00  1.150577e+13  0.000000e+00  0.000000e+00  7.990876e+12  6.268511e+12  5.416089e+12  5.027634e+12
6.866044e+01  1.274678e+13  0.000000e+00  0.000000e+00  1.145107e+13  0.000000e+00  0.000000e+00  1.025071e+13  8.111179e+12  6.830255e+12  6.259393e+12
6.900456e+01  1.268670e+13  0.000000e+00  0.000000e+00  1.139711e+13  0.000000e+00  0.000000e+00  7.022063e+12  5.896551e+12  5.132210e+12  4.771726e+12
6.935040e+01  1.262625e+13  0.000000e+00  0.000000e+00  1.134280e+13  0.000000e+00  0.000000e+00  6.468664e+12  5.422031e+12  4.744984e+12  4.423177e+12
6.969798e+01  1.256541e+13  0.000000e+00  0.000000e+00  1.128815e+13  0.000000e+00  0.000000e+00  6.813904e+12  5.648940e+12  4.903925e+12  4.554657e+12
7.004730e+01  1.250563e+13  0.000000e+00  0.000000e+00  1.123444e+13  0.000000e+00  0.000000e+00  1.181889e+13  9.185285e+12  7.576203e+12  6.873015e+12
7.039837e+01  1.244531e+13  0.000000e+00  0.000000e+00  1.118025e+13  0.000000e+00  0.000000e+00  6.995803e+12  5.726612e+12  4.944792e+12  4.580234e+12
7.075120e+01  1.238602e+13  0.000000e+00  0.000000e+00  1.112699e+13  0.000000e+00  0.000000e+00  1.199001e+13  9.547756e+12  7.864269e+12  7.122096e+12
7.110580e+01  1.232647e+13  0.000000e+00  0.000000e+00  1.107349e+13  0.000000e+00  0.000000e+00  1.285498e+13  1.009786e+13  8.266152e+12  7.464927e+12
7.146218e+01  1.226767e+13  0.000000e+00  0.000000e+00  1.102067e+13  0.000000e+00  0.000000e+00  9.113340e+12  8.169388e+12  6.969557e+12  6.387968e+12
7.182034e+01  1.220886e+13  0.000000e+00  0.000000e+00  1.096784e+13  0.000000e+00  0.000000e+00  7.815155e+12  6.879731e+12  5.901279e+12  5.427947e+12
7.218030e+01  1.215030e+13  0.000000e+00  0.000000e+00  1.091523e+13  0.000000e+00  0.000000e+00  7.202183e+12  6.337255e+12  5.499803e+12  5.083205e+12
7.254206e+01  1.209200e+13  0.000000e+00  0.000000e+00  1.086286e+13  0.000000e+00  0.000000e+00  1.133502e+13  9.164199e+12  7.457581e+12  6.698233e+12
7.290563e+01  1.203389e+13  0.000000e+00  0.000000e+00  1.081065e+13  0.000000e+00  0.000000e+00  6.039243e+12  4.758513e+12  3.999455e+12  3.653134e+12
7.327103e+01  1.197545e+13  0.000000e+00  0.000000e+00  1.075815e+13  0.000000e+00  0.000000e+00  7.534812e+12  5.531726e+12  4.553606e+12  4.124020e+12
7.363826e+01  1.191774e+13  0.000000e+00  0.000000e+00  1.070631e+13  0.000000e+00  0.000000e+00  7.144586e+12  6.025861e+12  5.029006e+12  4.564681e+12
7.400733e+01  1.186002e+13  0.000000e+00  0.000000e+00  1.065446e+13  0.000000e+00  0.000000e+00  7.347045e+12  5.497891e+12  4.520412e+12  4.088354e+12
7.437825e+01  1.180277e+13  0.000000e+00  0.000000e+00  1.060303e+13  0.000000e+00  0.000000e+00  6.251734e+12  4.533066e+12  3.726879e+12  3.376148e+12
7.475102e+01  1.174598e+13  0.000000e+00  0.000000e+00  1.055201e+13  0.000000e+00  0.000000e+00  5.203478e+12  3.907169e+12  3.224049e+12  2.920922e+12
7.512567e+01  1.168918e+13  0.000000e+00  0.000000e+00  1.050098e+13  0.000000e+00  0.000000e+00  6.547501e+12  4.408211e+12  3.517570e+12  3.143098e+12
7.550219e+01  1.163261e+13  0.000000e+00  0.000000e+00  1.045016e+13  0.000000e+00  0.000000e+00  7.798180e+12  4.796418e+12  3.755171e+12  3.332830e+12
7.588060e+01  1.157658e+13  0.000000e+00  0.000000e+00  1.039983e+13  0.000000e+00  0.000000e+00  4.837326e+12  3.550453e+12  2.892465e+12  2.603607e+12
7.626091e+01  1.152008e+13  0.000000e+00  0.000000e+00  1.034907e+13  0.000000e+00  0.000000e+00  5.722658e+12  3.934280e+12  3.152382e+12  2.820125e+12
7.664313e+01  1.146414e+13  0.000000e+00  0.000000e+00  1.029882e+13  0.000000e+00  0.000000e+00  5.899585e+12  3.957019e+12  3.144851e+12  2.804645e+12
7.702725e+01  1.140842e+13  0.000000e+00  0.000000e+00  1.024876e+13  0.000000e+00  0.000000e+00  6.283024e+12  3.974067e+12  3.117047e+12  2.766774e+12
7.741331e+01  1.135291e+13  0.000000e+00  0.000000e+00  1.019889e+13  0.000000e+00  0.000000e+00  4.327184e+12  2.746763e+12  2.090116e+12  1.824080e+12
7.780130e+01  1.129762e+13  0.000000e+00  0.000000e+00  1.014922e+13  0.000000e+00  0.000000e+00  4.263146e+12  2.673732e+12  2.028317e+12  1.768125e+12
7.819123e+01  1.124275e+13  0.000000e+00  0.000000e+00  1.009993e+13  0.000000e+00  0.000000e+00  4.023534e+12  2.545351e+12  1.933713e+12  1.686376e+12
7.858312e+01  1.118808e+13  0.000000e+00  0.000000e+00  1.005082e+13  0.000000e+00  0.000000e+00  4.284285e+12  2.611064e+12  1.969374e+12  1.713344e+12
7.897697e+01  1.113362e+13  0.000000e+00  0.000000e+00  1.000190e+13  0.000000e+00  0.000000e+00  4.208000e+12  2.578726e+12  1.945038e+12  1.692037e+12
7.937280e+01  1.107931e+13  0.000000e+00  0.000000e+00  9.953102e+12  0.000000e+00  0.000000e+00  3.983147e+12  2.451639e+12  1.851802e+12  1.611745e+12
7.977061e+01  1.102543e+13  0.000000e+00  0.000000e+00  9.904697e+12  0.000000e+00  0.000000e+00  3.809348e+12  2.362958e+12  1.786994e+12  1.555932e+12
8.017041e+01  1.097142e+13  0.000000e+00  0.000000e+00  9.856179e+12  0.000000e+00  0.000000e+00  4.658218e+12  2.725233e+12  2.034189e+12  1.763177e+12
8.057222e+01  1.091761e+13  0.000000e+00  0.000000e+00  9.807840e+12  0.000000e+00  0.000000e+00  3.767677e+12  2.323670e+12  1.753881e+12  1.525986e+12
8.097604e+01  1.086440e+13  0.000000e+00  0.000000e+00  9.760042e+12  0.000000e+00  0.000000e+00  3.800740e+12  2.317346e+12  1.745066e+12  1.517123e+12
8.138189e+01  1.081119e+13  0.000000e+00  0.000000e+00  9.712236e+12  0.000000e+00  0.000000e+00  3.620135e+12  2.224510e+12  1.677822e+12  1.459437e+12
8.178976e+01  1.075817e+13  0.000000e+00  0.000000e+00  9.664607e+12  0.000000e+00  0.000000e+00  3.885739e+12  2.361749e+12  1.775179e+12  1.542137e+12
8.219969e+01  1.070573e+13  0.000000e+00  0.000000e+00  9.617500e+12  0.000000e+00  0.000000e+00  3.668450e+12  2.257284e+12  1.702135e+12  1.480355e+12
8.261167e+01  1.065329e+13  0.000000e+00  0.000000e+00  9.570387e+12  0.000000e+00  0.000000e+00  5.317343e+12  3.794553e+12  2.940183e+12  2.579123e+12
8.302571e+01  1.060102e+13  0.000000e+00  0.000000e+00  9.523429e+12  0.000000e+00  0.000000e+00  3.686744e+12  2.231521e+12  1.676602e+12  1.456316e+12
8.344183e+01  1.054917e+13  0.000000e+00  0.000000e+00  9.476855e+12  0.000000e+00  0.000000e+00  3.495458e+12  2.115946e+12  1.589374e+12  1.380409e+12
8.386003e+01  1.049739e+13  0.000000e+00  0.000000e+00  9.430336e+12  0.000000e+00  0.000000e+00  3.510397e+12  2.119671e+12  1.592246e+12  1.383009e+12
8.428033e+01  1.044579e+13  0.000000e+00  0.000000e+00  9.383978e+12  0.000000e+00  0.000000e+00  3.420160e+12  2.048129e+12  1.533999e+12  1.330935e+12
8.470274e+01  1.039437e+13  0.000000e+00  0.000000e+00  9.337786e+12  0.000000e+00  0.000000e+00  3.312779e+12  1.978961e+12  1.482070e+12  1.285887e+12
8.512726e+01  1.034331e+13  0.000000e+00  0.000000e+00  9.291919e+12  0.000000e+00  0.000000e+00  3.723966e+12  2.121951e+12  1.574543e+12  1.361882e+12
8.555391e+01  1.029243e+13  0.000000e+00  0.000000e+00  9.246213e+12  0.000000e+00  0.000000e+00  3.282681e+12  1.970011e+12  1.476903e+12  1.281847e+12
8.598270e+01  1.024191e+13  0.000000e+00  0.000000e+00  9.200824e+12  0.000000e+00  0.000000e+00  4.300166e+12  2.350709e+12  1.726863e+12  1.488368e+12
8.641364e+01  1.019156e+13  0.000000e+00  0.000000e+00  9.155592e+12  0.000000e+00  0.000000e+00  3.197424e+12  1.884468e+12  1.406150e+12  1.218383e+12
8.684674e+01  1.014155e+13  0.000000e+00  0.000000e+00  9.110670e+12  0.000000e+00  0.000000e+00  3.143091e+12  1.851506e+12  1.381284e+12  1.196742e+12
8.728200e+01  1.009162e+13  0.000000e+00  0.000000e+00  9.065816e+12  0.000000e+00  0.000000e+00  3.789940e+12  2.099394e+12  1.546724e+12  1.334400e+12
8.771945e+01  1.004176e+13  0.000000e+00  0.000000e+00  9.021021e+12  0.000000e+00  0.000000e+00  4.030010e+12  2.218164e+12  1.629741e+12  1.404537e+12
8.815910e+01  9.992229e+12  0.000000e+00  0.000000e+00  8.976524e+12  0.000000e+00  0.000000e+00  3.631095e+12  2.020987e+12  1.489626e+12  1.285296e+12
8.860094e+01  9.943032e+12  0.000000e+00  0.000000e+00  8.932329e+12  0.000000e+00  0.000000e+00  3.024680e+12  1.756752e+12  1.306215e+12  1.130372e+12
8.904500e+01  9.893998e+12  0.000000e+00  0.000000e+00  8.888278e+12  0.000000e+00  0.000000e+00  3.080441e+12  1.769110e+12  1.312050e+12  1.134410e+12
8.949129e+01  9.845126e+12  0.000000e+00  0.000000e+00  8.844375e+12  0.000000e+00  0.000000e+00  2.987620e+12  1.719165e+12  1.275326e+12  1.102732e+12
8.993981e+01  9.796581e+12  0.000000e+00  0.000000e+00  8.800764e+12  0.000000e+00  0.000000e+00  2.917112e+12  1.685633e+12  1.251335e+12  1.082224e+12
9.039058e+01  9.748358e+12  0.000000e+00  0.000000e+00  8.757443e+12  0.000000e+00  0.000000e+00  3.050546e+12  1.729103e+12  1.278558e+12  1.104287e+12
9.084361e+01  9.700291e+12  0.000000e+00  0.000000e+00  8.714262e+12  0.000000e+00  0.000000e+00  2.943279e+12  1.682760e+12  1.245852e+12  1.076439e+12
9.129891e+01  9.652327e+12  0.000000e+00  0.000000e+00  8.671173e+12  0.000000e+00  0.000000e+00  3.604190e+12  1.974176e+12  1.447412e+12  1.246352e+12
9.175650e+01  9.604600e+12  0.000000e+00  0.000000e+00  8.628298e+12  0.000000e+00  0.000000e+00  3.543772e+12  1.981805e+12  1.456802e+12  1.255364e+12
9.221637e+01  9.557159e+12  0.000000e+00  0.000000e+00  8.585680e+12  0.000000e+00  0.000000e+00  3.511559e+12  1.907932e+12  1.396458e+12  1.201780e+12
9.267855e+01  9.509871e+12  0.000000e+00  0.000000e+00  8.543198e+12  0.000000e+00  0.000000e+00  3.420751e+12  1.890478e+12  1.387039e+12  1.194533e+12
9.314305e+01  9.462736e+12  0.000000e+00  0.000000e+00  8.500854e+12  0.000000e+00  0.000000e+00  5.573793e+12  2.675003e+12  1.908004e+12  1.627623e+12
9.360988e+01  9.416053e+12  0.000000e+00  0.000000e+00  8.458916e+12  0.000000e+00  0.000000e+00  3.360981e+12  1.858903e+12  1.366901e+12  1.178220e+12
9.407904e+01  9.369516e+12  0.000000e+00  0.000000e+00  8.417110e+12  0.000000e+00  0.000000e+00  2.741294e+12  1.551565e+12  1.145498e+12  9.886911e+11
9.455056e+01  9.323126e+12  0.000000e+00  0.000000e+00  8.375435e+12  0.000000e+00  0.000000e+00  3.157369e+12  1.835632e+12  1.361856e+12  1.177176e+12
9.502444e+01  9.277027e+12  0.000000e+00  0.000000e+00  8.334022e+12  0.000000e+00  0.000000e+00  2.736919e+12  1.546791e+12  1.140767e+12  9.841772e+11
9.550069e+01  9.231190e+12  0.000000e+00  0.000000e+00  8.292844e+12  0.000000e+00  0.000000e+00  2.885018e+12  1.682803e+12  1.249916e+12  1.080895e+12
9.597933e+01  9.185296e+12  0.000000e+00  0.000000e+00  8.251616e+12  0.000000e+00  0.000000e+00  2.658288e+12  1.496945e+12  1.103376e+12  9.517377e+11
9.646037e+01  9.139943e+12  0.000000e+00  0.000000e+00  8.210873e+12  0.000000e+00  0.000000e+00  5.313793e+12  2.814592e+12  2.034114e+12  1.741769e+12
9.694383e+01  9.094588e+12  0.000000e+00  0.000000e+00  8.170128e+12  0.000000e+00  0.000000e+00  2.840533e+12  1.569068e+12  1.151312e+12  9.914825e+11
9.742970e+01  9.049511e+12  0.000000e+00  0.000000e+00  8.129633e+12  0.000000e+00  0.000000e+00  2.530806e+12  1.417265e+12  1.046841e+12  9.040928e+11
9.791801e+01  9.004709e+12  0.000000e+00  0.000000e+00  8.089386e+12  0.000000e+00  0.000000e+00  2.441603e+12  1.359007e+12  1.004665e+12  8.682236e+11
9.840877e+01  8.959908e+12  0.000000e+00  0.000000e+00  8.049138e+12  0.000000e+00  0.000000e+00  2.380473e+12  1.320682e+12  9.754467e+11  8.426857e+11
9.890198e+01  8.915647e+12  0.000000e+00  0.000000e+00  8.009377e+12  0.000000e+00  0.000000e+00  2.360791e+12  1.302623e+12  9.611727e+11  8.301310e+11
9.939767e+01  8.871518e+12  0.000000e+00  0.000000e+00  7.969733e+12  0.000000e+00  0.000000e+00  2.322079e+12  1.280212e+12  9.442150e+11  8.153298e+11
9.989584e+01  8.827509e+12  0.000000e+00  0.000000e+00  7.930198e+12  0.000000e+00  0.000000e+00  2.351887e+12  1.286307e+12  9.468458e+11  8.170184e+11
1.003965e+02  8.783593e+12  0.000000e+00  0.000000e+00  7.890746e+12  0.000000e+00  0.000000e+00  2.278444e+12  1.251674e+12  9.220448e+11  7.957992e+11
1.008997e+02  8.740168e+12  0.000000e+00  0.000000e+00  7.851735e+12  0.000000e+00  0.000000e+00  2.273330e+12  1.246558e+12  9.176704e+11  7.918135e+11
1.014054e+02  8.696614e+12  0.000000e+00  0.000000e+00  7.812608e+12  0.000000e+00  0.000000e+00  2.315978e+12  1.268371e+12  9.329355e+11  8.046916e+11
1.019136e+02  8.653571e+12  0.000000e+00  0.000000e+00  7.773940e+12  0.000000e+00  0.000000e+00  3.825830e+12  1.841011e+12  1.316685e+12  1.124715e+12
1.024244e+02  8.610650e+12  0.000000e+00  0.000000e+00  7.735382e+12  0.000000e+00  0.000000e+00  2.667138e+12  1.397303e+12  1.018258e+12  8.754602e+11
1.029378e+02  8.567853e+12  0.000000e+00  0.000000e+00  7.696935e+12  0.000000e+00  0.000000e+00  3.299935e+12  1.764477e+12  1.283536e+12  1.102220e+12
1.034537e+02  8.525304e+12  0.000000e+00  0.000000e+00  7.658712e+12  0.000000e+00  0.000000e+00  4.095665e+12  1.943003e+12  1.383611e+12  1.179945e+12
1.039722e+02  8.483002e+12  0.000000e+00  0.000000e+00  7.620710e+12  0.000000e+00  0.000000e+00  2.233489e+12  1.220800e+12  8.972621e+11  7.736450e+11
1.044933e+02  8.440818e+12  0.000000e+00  0.000000e+00  7.582814e+12  0.000000e+00  0.000000e+00  3.024883e+12  1.506292e+12  1.085098e+12  9.291379e+11
1.050170e+02  8.398967e+12  0.000000e+00  0.000000e+00  7.545217e+12  0.000000e+00  0.000000e+00  2.140551e+12  1.162394e+12  8.530886e+11  7.351795e+11
1.055433e+02  8.357327e+12  0.000000e+00  0.000000e+00  7.507810e+12  0.000000e+00  0.000000e+00  2.263907e+12  1.192712e+12  8.693549e+11  7.473951e+11
1.060723e+02  8.315685e+12  0.000000e+00  0.000000e+00  7.470400e+12  0.000000e+00  0.000000e+00  2.163040e+12  1.154863e+12  8.436737e+11  7.258337e+11
1.066039e+02  8.274394e+12  0.000000e+00  0.000000e+00  7.433307e+12  0.000000e+00  0.000000e+00  2.095379e+12  1.119401e+12  8.179773e+11  7.037926e+11
1.071382e+02  8.233218e+12  0.000000e+00  0.000000e+00  7.396316e+12  0.000000e+00  0.000000e+00  2.180677e+12  1.225718e+12  9.048081e+11  7.810582e+11
1.076752e+02  8.192384e+12  0.000000e+00  0.000000e+00  7.359633e+12  0.000000e+00  0.000000e+00  2.065283e+12  1.117980e+12  8.185738e+11  7.046989e+11
1.082148e+02  8.151663e+12  0.000000e+00  0.000000e+00  7.323051e+12  0.000000e+00  0.000000e+00  2.132429e+12  1.122238e+12  8.170585e+11  7.020651e+11
1.087572e+02  8.111167e+12  0.000000e+00  0.000000e+00  7.286671e+12  0.000000e+00  0.000000e+00  2.273534e+12  1.201955e+12  8.742238e+11  7.508151e+11
1.093023e+02  8.070781e+12  0.000000e+00  0.000000e+00  7.250390e+12  0.000000e+00  0.000000e+00  3.976533e+12  1.817140e+12  1.282612e+12  1.090449e+12
1.098501e+02  8.030708e+12  0.000000e+00  0.000000e+00  7.214391e+12  0.000000e+00  0.000000e+00  1.973217e+12  1.050000e+12  7.664519e+11  6.592757e+11
1.104007e+02  7.990832e+12  0.000000e+00  0.000000e+00  7.178568e+12  0.000000e+00  0.000000e+00  2.007332e+12  1.058488e+12  7.710453e+11  6.627359e+11
1.109540e+02  7.951061e+12  0.000000e+00  0.000000e+00  7.142840e+12  0.000000e+00  0.000000e+00  2.976606e+12  1.448427e+12  1.039385e+12  8.890688e+11
1.115101e+02  7.911504e+12  0.000000e+00  0.000000e+00  7.107304e+12  0.000000e+00  0.000000e+00  1.987577e+12  1.051490e+12  7.659453e+11  6.582914e+11
1.120689e+02  7.872157e+12  0.000000e+00  0.000000e+00  7.071957e+12  0.000000e+00  0.000000e+00  3.368096e+12  1.578090e+12  1.119199e+12  9.529758e+11
1.126306e+02  7.833020e+12  0.000000e+00  0.000000e+00  7.036798e+12  0.000000e+00  0.000000e+00  3.403934e+12  1.607228e+12  1.140131e+12  9.707272e+11
1.131951e+02  7.793986e+12  0.000000e+00  0.000000e+00  7.001732e+12  0.000000e+00  0.000000e+00  2.036930e+12  1.054072e+12  7.623706e+11  6.534176e+11
1.137624e+02  7.755362e+12  0.000000e+00  0.000000e+00  6.967033e+12  0.000000e+00  0.000000e+00  2.033990e+12  1.007942e+12  7.211626e+11  6.157820e+11
1.143326e+02  7.716737e+12  0.000000e+00  0.000000e+00  6.932335e+12  0.000000e+00  0.000000e+00  8.704385e+12  3.571404e+12  2.443332e+12  2.053198e+12
1.149056e+02  7.678305e+12  0.000000e+00  0.000000e+00  6.897809e+12  0.000000e+00  0.000000e+00  2.022314e+12  1.004141e+12  7.173594e+11  6.120641e+11
1.154815e+02  7.640157e+12  0.000000e+00  0.000000e+00  6.863540e+12  0.000000e+00  0.000000e+00  1.795025e+12  8.908062e+11  6.366415e+11  5.432947e+11
1.160603e+02  7.602104e+12  0.000000e+00  0.000000e+00  6.829354e+12  0.000000e+00  0.000000e+00  2.024753e+12  9.696733e+11  6.879937e+11  5.856573e+11
1.166420e+02  7.564343e+12  0.000000e+00  0.000000e+00  6.795432e+12  0.000000e+00  0.000000e+00  3.515076e+12  1.552008e+12  1.080614e+12  9.137609e+11
1.172266e+02  7.526676e+12  0.000000e+00  0.000000e+00  6.761594e+12  0.000000e+00  0.000000e+00  1.717639e+12  8.464734e+11  6.040025e+11  5.151478e+11
1.178141e+02  7.489201e+12  0.000000e+00  0.000000e+00  6.727928e+12  0.000000e+00  0.000000e+00  1.761775e+12  8.716449e+11  6.220682e+11  5.305461e+11
1.184046e+02  7.451918e+12  0.000000e+00  0.000000e+00  6.694435e+12  0.000000e+00  0.000000e+00  1.770496e+12  8.778543e+11  6.267901e+11  5.346544e+11
1.189980e+02  7.414822e+12  0.000000e+00  0.000000e+00  6.661109e+12  0.000000e+00  0.000000e+00  4.902336e+12  2.103094e+12  1.453111e+12  1.225289e+12
1.195945e+02  7.378001e+12  0.000000e+00  0.000000e+00  6.628032e+12  0.000000e+00  0.000000e+00  1.781000e+12  8.848172e+11  6.320222e+11  5.391853e+11
1.201939e+02  7.341270e+12  0.000000e+00  0.000000e+00  6.595034e+12  0.000000e+00  0.000000e+00  2.092852e+12  1.050479e+12  7.509682e+11  6.407259e+11
1.207963e+02  7.304710e+12  0.000000e+00  0.000000e+00  6.562190e+12  0.000000e+00  0.000000e+00  5.944153e+12  2.645286e+12  1.837357e+12  1.551690e+12
1.214017e+02  7.268326e+12  0.000000e+00  0.000000e+00  6.529505e+12  0.000000e+00  0.000000e+00  1.977623e+12  9.508865e+11  6.749749e+11  5.746100e+11
1.220101e+02  7.232210e+12  0.000000e+00  0.000000e+00  6.497060e+12  0.000000e+00  0.000000e+00  4.294793e+12  1.832534e+12  1.265749e+12  1.067248e+12
1.226216e+02  7.196181e+12  0.000000e+00  0.000000e+00  6.464693e+12  0.000000e+00  0.000000e+00  1.626367e+12  8.058479e+11  5.756831e+11  4.911729e+11
1.232362e+02  7.160327e+12  0.000000e+00  0.000000e+00  6.432483e+12  0.000000e+00  0.000000e+00  1.594776e+12  7.845953e+11  5.594041e+11  4.769358e+11
1.238539e+02  7.124732e+12  0.000000e+00  0.000000e+00  6.400507e+12  0.000000e+00  0.000000e+00  1.647374e+12  8.110718e+11  5.776304e+11  4.922165e+11
1.244746e+02  7.089222e+12  0.000000e+00  0.000000e+00  6.368607e+12  0.000000e+00  0.000000e+00  1.509931e+12  7.422041e+11  5.289110e+11  4.508468e+11
1.250985e+02  7.054051e+12  0.000000e+00  0.000000e+00  6.337011e+12  0.000000e+00  0.000000e+00  1.724950e+12  8.329466e+11  5.911808e+11  5.032512e+11
1.257254e+02  7.018795e+12  0.000000e+00  0.000000e+00  6.305338e+12  0.000000e+00  0.000000e+00  1.480930e+12  7.266409e+11  5.177143e+11  4.413112e+11
1.263556e+02  6.983950e+12  0.000000e+00  0.000000e+00  6.274035e+12  0.000000e+00  0.000000e+00  2.457873e+12  1.138001e+12  8.002439e+11  6.790772e+11
1.269888e+02  6.949099e+12  0.000000e+00  0.000000e+00  6.242727e+12  0.000000e+00  0.000000e+00  1.634524e+12  7.997285e+11  5.694710e+11  4.854167e+11
1.276253e+02  6.914574e+12  0.000000e+00  0.000000e+00  6.211711e+12  0.000000e+00  0.000000e+00  1.485518e+12  7.293323e+11  5.197319e+11  4.431580e+11
1.282650e+02  6.880050e+12  0.000000e+00  0.000000e+00  6.180697e+12  0.000000e+00  0.000000e+00  1.439513e+12  7.010304e+11  4.987284e+11  4.250108e+11
1.289078e+02  6.845846e+12  0.000000e+00  0.000000e+00  6.149970e+12  0.000000e+00  0.000000e+00  2.150139e+12  1.057660e+12  7.509161e+11  6.391502e+11
1.295539e+02  6.811798e+12  0.000000e+00  0.000000e+00  6.119383e+12  0.000000e+00  0.000000e+00  1.517898e+12  7.305987e+11  5.184085e+11  4.413664e+11
1.302032e+02  6.777752e+12  0.000000e+00  0.000000e+00  6.088798e+12  0.000000e+00  0.000000e+00  1.469282e+12  7.133700e+11  5.069796e+11  4.318562e+11
1.308558e+02  6.744171e+12  0.000000e+00  0.000000e+00  6.058629e+12  0.000000e+00  0.000000e+00  1.873857e+12  8.743545e+11  6.162516e+11  5.234134e+11
1.315116e+02  6.710435e+12  0.000000e+00  0.000000e+00  6.028323e+12  0.000000e+00  0.000000e+00  1.619164e+12  7.945080e+11  5.657516e+11  4.822192e+11
1.321707e+02  6.677151e+12  0.000000e+00  0.000000e+00  5.998423e+12  0.000000e+00  0.000000e+00  1.136753e+13  4.589593e+12  3.122737e+12  2.618655e+12
1.328332e+02  6.643863e+12  0.000000e+00  0.000000e+00  5.968518e+12  0.000000e+00  0.000000e+00  1.590186e+12  7.790011e+11  5.544750e+11  4.725299e+11
1.334989e+02  6.610724e+12  0.000000e+00  0.000000e+00  5.938748e+12  0.000000e+00  0.000000e+00  1.470067e+12  7.135685e+11  5.069520e+11  4.317560e+11
1.341680e+02  6.577880e+12  0.000000e+00  0.000000e+00  5.909242e+12  0.000000e+00  0.000000e+00  1.418804e+12  6.839732e+11  4.852675e+11  4.130981e+11
1.348404e+02  6.545179e+12  0.000000e+00  0.000000e+00  5.879865e+12  0.000000e+00  0.000000e+00  1.370230e+12  6.624292e+11  4.702725e+11  4.004194e+11
1.355162e+02  6.512481e+12  0.000000e+00  0.000000e+00  5.850491e+12  0.000000e+00  0.000000e+00  1.415463e+12  6.822504e+11  4.840701e+11  4.120848e+11
1.361954e+02  6.480068e+12  0.000000e+00  0.000000e+00  5.821373e+12  0.000000e+00  0.000000e+00  5.280052e+12  2.184800e+12  1.496546e+12  1.258088e+12
1.368780e+02  6.447797e+12  0.000000e+00  0.000000e+00  5.792382e+12  0.000000e+00  0.000000e+00  1.484031e+12  6.986524e+11  4.931189e+11  4.190033e+11
1.375641e+02  6.415668e+12  0.000000e+00  0.000000e+00  5.763519e+12  0.000000e+00  0.000000e+00  1.238621e+12  5.904479e+11  4.174185e+11  3.548349e+11
1.382535e+02  6.383675e+12  0.000000e+00  0.000000e+00  5.734778e+12  0.000000e+00  0.000000e+00  1.062045e+12  5.173026e+11  3.722308e+11  3.188598e+11
1.389464e+02  6.351954e+12  0.000000e+00  0.000000e+00  5.706281e+12  0.000000e+00  0.000000e+00  1.071805e+12  5.201592e+11  3.735398e+11  3.197479e+11
1.396428e+02  6.320368e+12  0.000000e+00  0.000000e+00  5.677906e+12  0.000000e+00  0.000000e+00  1.016221e+12  4.881409e+11  3.494077e+11  2.986679e+11
1.403427e+02  6.288781e+12  0.000000e+00  0.000000e+00  5.649530e+12  0.000000e+00  0.000000e+00  1.064569e+12  5.103876e+11  3.646107e+11  3.113903e+11
1.410461e+02  6.257595e+12  0.000000e+00  0.000000e+00  5.621514e+12  0.000000e+00  0.000000e+00  1.116689e+12  5.345278e+11  3.817246e+11  3.259703e+11
1.417530e+02  6.226407e+12  0.000000e+00  0.000000e+00  5.593497e+12  0.000000e+00  0.000000e+00  9.539959e+11  4.577980e+11  3.274206e+11  2.797710e+11
1.424634e+02  6.195222e+12  0.000000e+00  0.000000e+00  5.565481e+12  0.000000e+00  0.000000e+00  9.439565e+11  4.526093e+11  3.235806e+11  2.764416e+11
1.431775e+02  6.164556e+12  0.000000e+00  0.000000e+00  5.537932e+12  0.000000e+00  0.000000e+00  9.445084e+11  4.532150e+11  3.239656e+11  2.767449e+11
1.438951e+02  6.133759e+12  0.000000e+00  0.000000e+00  5.510266e+12  0.000000e+00  0.000000e+00  1.229001e+12  6.001455e+11  4.288121e+11  3.660777e+11
1.446162e+02  6.103217e+12  0.000000e+00  0.000000e+00  5.482828e+12  0.000000e+00  0.000000e+00  9.151368e+11  4.381255e+11  3.130171e+11  2.673382e+11
1.453410e+02  6.072922e+12  0.000000e+00  0.000000e+00  5.455613e+12  0.000000e+00  0.000000e+00  9.018262e+11  4.311984e+11  3.079327e+11  2.629486e+11
1.460695e+02  6.042624e+12  0.000000e+00  0.000000e+00  5.428395e+12  0.000000e+00  0.000000e+00  9.155479e+11  4.346568e+11  3.097829e+11  2.643292e+11
1.468016e+02  6.012453e+12  0.000000e+00  0.000000e+00  5.401291e+12  0.000000e+00  0.000000e+00  9.236956e+11  4.422245e+11  3.154976e+11  2.692735e+11
1.475373e+02  5.982527e+12  0.000000e+00  0.000000e+00  5.374406e+12  0.000000e+00  0.000000e+00  9.231986e+11  4.355475e+11  3.099209e+11  2.642892e+11
1.482768e+02  5.952839e+12  0.000000e+00  0.000000e+00  5.347736e+12  0.000000e+00  0.000000e+00  9.330829e+11  4.422026e+11  3.146219e+11  2.682532e+11
1.490199e+02  5.923033e+12  0.000000e+00  0.000000e+00  5.320960e+12  0.000000e+00  0.000000e+00  1.007313e+12  4.648915e+11  3.288857e+11  2.798606e+11
1.497668e+02  5.893700e+12  0.000000e+00  0.000000e+00  5.294609e+12  0.000000e+00  0.000000e+00  8.587040e+11  4.076143e+11  2.902008e+11  2.474896e+11
1.505174e+02  5.864249e+12  0.000000e+00  0.000000e+00  5.268151e+12  0.000000e+00  0.000000e+00  8.422594e+11  3.994513e+11  2.842442e+11  2.423552e+11
1.512718e+02  5.835031e+12  0.000000e+00  0.000000e+00  5.241903e+12  0.000000e+00  0.000000e+00  9.320154e+11  4.445408e+11  3.172080e+11  2.708915e+11
1.520300e+02  5.806040e+12  0.000000e+00  0.000000e+00  5.215859e+12  0.000000e+00  0.000000e+00  1.088444e+12  5.203628e+11  3.705101e+11  3.160551e+11
1.527919e+02  5.777049e+12  0.000000e+00  0.000000e+00  5.189815e+12  0.000000e+00  0.000000e+00  8.606423e+11  4.054342e+11  2.885302e+11  2.461612e+11
1.535577e+02  5.748283e+12  0.000000e+00  0.000000e+00  5.163974e+12  0.000000e+00  0.000000e+00  8.140019e+11  3.829164e+11  2.725539e+11  2.325565e+11
1.543273e+02  5.719629e+12  0.000000e+00  0.000000e+00  5.138232e+12  0.000000e+00  0.000000e+00  8.958924e+11  4.158263e+11  2.947781e+11  2.511209e+11
1.551008e+02  5.691196e+12  0.000000e+00  0.000000e+00  5.112689e+12  0.000000e+00  0.000000e+00  8.126203e+11  3.823600e+11  2.719722e+11  2.319759e+11
1.558782e+02  5.662871e+12  0.000000e+00  0.000000e+00  5.087243e+12  0.000000e+00  0.000000e+00  7.960680e+11  3.736703e+11  2.656620e+11  2.265524e+11
1.566594e+02  5.634546e+12  0.000000e+00  0.000000e+00  5.061797e+12  0.000000e+00  0.000000e+00  8.359977e+11  3.930740e+11  2.792681e+11  2.380638e+11
1.574446e+02  5.606650e+12  0.000000e+00  0.000000e+00  5.036737e+12  0.000000e+00  0.000000e+00  1.196582e+12  5.386374e+11  3.782533e+11  3.210401e+11
1.582337e+02  5.578542e+12  0.000000e+00  0.000000e+00  5.011486e+12  0.000000e+00  0.000000e+00  1.407867e+12  6.543626e+11  4.612769e+11  3.918885e+11
1.590267e+02  5.550853e+12  0.000000e+00  0.000000e+00  4.986612e+12  0.000000e+00  0.000000e+00  8.023917e+11  3.775447e+11  2.683914e+11  2.288594e+11
1.598237e+02  5.523265e+12  0.000000e+00  0.000000e+00  4.961828e+12  0.000000e+00  0.000000e+00  8.524608e+11  4.021022e+11  2.856259e+11  2.434461e+11
1.606248e+02  5.495677e+12  0.000000e+00  0.000000e+00  4.937045e+12  0.000000e+00  0.000000e+00  8.187781e+11  3.858229e+11  2.741055e+11  2.336489e+11
1.614298e+02  5.468295e+12  0.000000e+00  0.000000e+00  4.912446e+12  0.000000e+00  0.000000e+00  7.866293e+11  3.681101e+11  2.612288e+11  2.225945e+11
1.622389e+02  5.441114e+12  0.000000e+00  0.000000e+00  4.888028e+12  0.000000e+00  0.000000e+00  8.551628e+11  4.032020e+11  2.862483e+11  2.439075e+11
1.630520e+02  5.413933e+12  0.000000e+00  0.000000e+00  4.863609e+12  0.000000e+00  0.000000e+00  1.965553e+12  8.639528e+11  6.002349e+11  5.072128e+11
1.638692e+02  5.387048e+12  0.000000e+00  0.000000e+00  4.839457e+12  0.000000e+00  0.000000e+00  8.743739e+11  4.130326e+11  2.931528e+11  2.497432e+11
1.646905e+02  5.360163e+12  0.000000e+00  0.000000e+00  4.815305e+12  0.000000e+00  0.000000e+00  7.742590e+11  3.638239e+11  2.581881e+11  2.199704e+11
1.655159e+02  5.333472e+12  0.000000e+00  0.000000e+00  4.791328e+12  0.000000e+00  0.000000e+00  7.363733e+11  3.449988e+11  2.447625e+11  2.085199e+11
1.663455e+02  5.306972e+12  0.000000e+00  0.000000e+00  4.767521e+12  0.000000e+00  0.000000e+00  1.000127e+12  4.640633e+11  3.274116e+11  2.782693e+11
1.671792e+02  5.280469e+12  0.000000e+00  0.000000e+00  4.743713e+12  0.000000e+00  0.000000e+00  7.322670e+11  3.431863e+11  2.433765e+11  2.072951e+11
1.680171e+02  5.254157e+12  0.000000e+00  0.000000e+00  4.720075e+12  0.000000e+00  0.000000e+00  7.500913e+11  3.526893e+11  2.501348e+11  2.130385e+11
1.688592e+02  5.228031e+12  0.000000e+00  0.000000e+00  4.696604e+12  0.000000e+00  0.000000e+00  7.210512e+11  3.374219e+11  2.391313e+11  2.036200e+11
1.697055e+02  5.201995e+12  0.000000e+00  0.000000e+00  4.673215e+12  0.000000e+00  0.000000e+00  7.393597e+11  3.483109e+11  2.471521e+11  2.105304e+11
1.705560e+02  5.176051e+12  0.000000e+00  0.000000e+00  4.649908e+12  0.000000e+00  0.000000e+00  7.183952e+11  3.380257e+11  2.397893e+11  2.042380e+11
1.714108e+02  5.150288e+12  0.000000e+00  0.000000e+00  4.626764e+12  0.000000e+00  0.000000e+00  8.000604e+11  3.819341e+11  2.713983e+11  2.312538e+11
1.722699e+02  5.124615e+12  0.000000e+00  0.000000e+00  4.603701e+12  0.000000e+00  0.000000e+00  7.559263e+11  3.578702e+11  2.539081e+11  2.162397e+11
1.731333e+02  5.099119e+12  0.000000e+00  0.000000e+00  4.580796e+12  0.000000e+00  0.000000e+00  7.378630e+11  3.489003e+11  2.474691e+11  2.107307e+11
1.740011e+02  5.073709e+12  0.000000e+00  0.000000e+00  4.557970e+12  0.000000e+00  0.000000e+00  7.286907e+11  3.443510e+11  2.441927e+11  2.079220e+11
1.748731e+02  5.048387e+12  0.000000e+00  0.000000e+00  4.535221e+12  0.000000e+00  0.000000e+00  7.197692e+11  3.399387e+11  2.410179e+11  2.052017e+11
1.757496e+02  5.023322e+12  0.000000e+00  0.000000e+00  4.512704e+12  0.000000e+00  0.000000e+00  7.111773e+11  3.356977e+11  2.379684e+11  2.025893e+11
1.766304e+02  4.998256e+12  0.000000e+00  0.000000e+00  4.490186e+12  0.000000e+00  0.000000e+00  7.030207e+11  3.316773e+11  2.350785e+11  2.001142e+11
1.775157e+02  4.973359e+12  0.000000e+00  0.000000e+00  4.467820e+12  0.000000e+00  0.000000e+00  6.954695e+11  3.279565e+11  2.324022e+11  1.978210e+11
1.784054e+02  4.948629e+12  0.000000e+00  0.000000e+00  4.445604e+12  0.000000e+00  0.000000e+00  6.991166e+11  3.305562e+11  2.343293e+11  1.994797e+11
1.792995e+02  4.923899e+12  0.000000e+00  0.000000e+00  4.423387e+12  0.000000e+00  0.000000e+00  7.018217e+11  3.321592e+11  2.354660e+11  2.004413e+11
1.801982e+02  4.899415e+12  0.000000e+00  0.000000e+00  4.401392e+12  0.000000e+00  0.000000e+00  6.961807e+11  3.293718e+11  2.334598e+11  1.987221e+11
1.811013e+02  4.875011e+12  0.000000e+00  0.000000e+00  4.379469e+12  0.000000e+00  0.000000e+00  6.918361e+11  3.272727e+11  2.319539e+11  1.974326e+11
1.820090e+02  4.850767e+12  0.000000e+00  0.000000e+00  4.357689e+12  0.000000e+00  0.000000e+00  6.897674e+11  3.264029e+11  2.313439e+11  1.969131e+11
1.829212e+02  4.826601e+12  0.000000e+00  0.000000e+00  4.335979e+12  0.000000e+00  0.000000e+00  1.224364e+12  5.502633e+11  3.842476e+11  3.252446e+11
1.838380e+02  4.802514e+12  0.000000e+00  0.000000e+00  4.314341e+12  0.000000e+00  0.000000e+00  6.912533e+11  3.260479e+11  2.308724e+11  1.964403e+11
1.847594e+02  4.778583e+12  0.000000e+00  0.000000e+00  4.292842e+12  0.000000e+00  0.000000e+00  6.663240e+11  3.143706e+11  2.226350e+11  1.894420e+11
1.856854e+02  4.754805e+12  0.000000e+00  0.000000e+00  4.271482e+12  0.000000e+00  0.000000e+00  6.585765e+11  3.104044e+11  2.197618e+11  1.869762e+11
1.866160e+02  4.731180e+12  0.000000e+00  0.000000e+00  4.250258e+12  0.000000e+00  0.000000e+00  7.086462e+11  3.334705e+11  2.369583e+11  2.020050e+11
1.875513e+02  4.707554e+12  0.000000e+00  0.000000e+00  4.229034e+12  0.000000e+00  0.000000e+00  6.852101e+11  3.236461e+11  2.301653e+11  1.962693e+11
1.884913e+02  4.684079e+12  0.000000e+00  0.000000e+00  4.207945e+12  0.000000e+00  0.000000e+00  7.567073e+11  3.520319e+11  2.493056e+11  2.122614e+11
1.894360e+02  4.660825e+12  0.000000e+00  0.000000e+00  4.187055e+12  0.000000e+00  0.000000e+00  1.150817e+12  5.087801e+11  3.552723e+11  3.008863e+11
1.903854e+02  4.637570e+12  0.000000e+00  0.000000e+00  4.166164e+12  0.000000e+00  0.000000e+00  6.362675e+11  3.018954e+11  2.148877e+11  1.832988e+11
1.913396e+02  4.614460e+12  0.000000e+00  0.000000e+00  4.145403e+12  0.000000e+00  0.000000e+00  6.255003e+11  2.964656e+11  2.109446e+11  1.799094e+11
1.922986e+02  4.591493e+12  0.000000e+00  0.000000e+00  4.124771e+12  0.000000e+00  0.000000e+00  6.225827e+11  2.947475e+11  2.096261e+11  1.787515e+11
1.932624e+02  4.568597e+12  0.000000e+00  0.000000e+00  4.104202e+12  0.000000e+00  0.000000e+00  9.455217e+11  4.300681e+11  3.020198e+11  2.562823e+11
1.942310e+02  4.545843e+12  0.000000e+00  0.000000e+00  4.083761e+12  0.000000e+00  0.000000e+00  7.401774e+11  3.402652e+11  2.400750e+11  2.041082e+11
1.952045e+02  4.523227e+12  0.000000e+00  0.000000e+00  4.063444e+12  0.000000e+00  0.000000e+00  5.903288e+11  2.792084e+11  1.984732e+11  1.692047e+11
1.961828e+02  4.500681e+12  0.000000e+00  0.000000e+00  4.043189e+12  0.000000e+00  0.000000e+00  7.601472e+11  3.457979e+11  2.432896e+11  2.066224e+11
1.971661e+02  4.478203e+12  0.000000e+00  0.000000e+00  4.022996e+12  0.000000e+00  0.000000e+00  6.386166e+11  2.967272e+11  2.099034e+11  1.786249e+11
1.981543e+02  4.455996e+12  0.000000e+00  0.000000e+00  4.003047e+12  0.000000e+00  0.000000e+00  5.670362e+11  2.673610e+11  1.898375e+11  1.617698e+11
1.991474e+02  4.433721e+12  0.000000e+00  0.000000e+00  3.983036e+12  0.000000e+00  0.000000e+00  5.563016e+11  2.622646e+11  1.862005e+11  1.586636e+11
2.001455e+02  4.411711e+12  0.000000e+00  0.000000e+00  3.963263e+12  0.000000e+00  0.000000e+00  7.795523e+11  3.557555e+11  2.499982e+11  2.121845e+11
2.011486e+02  4.389700e+12  0.000000e+00  0.000000e+00  3.943490e+12  0.000000e+00  0.000000e+00  5.419818e+11  2.551547e+11  1.810446e+11  1.542321e+11
2.021568e+02  4.367820e+12  0.000000e+00  0.000000e+00  3.923834e+12  0.000000e+00  0.000000e+00  5.340104e+11  2.511119e+11  1.780982e+11  1.516950e+11
2.031699e+02  4.346069e+12  0.000000e+00  0.000000e+00  3.904293e+12  0.000000e+00  0.000000e+00  5.283912e+11  2.482451e+11  1.759800e+11  1.498594e+11
2.041882e+02  4.324444e+12  0.000000e+00  0.000000e+00  3.884867e+12  0.000000e+00  0.000000e+00  6.931924e+11  3.171434e+11  2.229029e+11  1.891859e+11
2.052116e+02  4.302883e+12  0.000000e+00  0.000000e+00  3.865497e+12  0.000000e+00  0.000000e+00  5.443703e+11  2.544405e+11  1.804725e+11  1.538432e+11
2.062401e+02  4.281508e+12  0.000000e+00  0.000000e+00  3.846295e+12  0.000000e+00  0.000000e+00  5.106313e+11  2.393994e+11  1.699045e+11  1.448251e+11
2.072738e+02  4.260133e+12  0.000000e+00  0.000000e+00  3.827093e+12  0.000000e+00  0.000000e+00  6.338919e+11  2.890158e+11  2.031770e+11  1.725988e+11
2.083126e+02  4.238881e+12  0.000000e+00  0.000000e+00  3.808001e+12  0.000000e+00  0.000000e+00  5.033477e+11  2.332154e+11  1.647794e+11  1.402609e+11
2.093566e+02  4.217811e+12  0.000000e+00  0.000000e+00  3.789073e+12  0.000000e+00  0.000000e+00  6.059879e+11  2.766085e+11  1.943855e+11  1.650799e+11
2.104059e+02  4.196799e+12  0.000000e+00  0.000000e+00  3.770197e+12  0.000000e+00  0.000000e+00  5.978701e+11  2.734091e+11  1.921698e+11  1.631969e+11
2.114605e+02  4.175906e+12  0.000000e+00  0.000000e+00  3.751427e+12  0.000000e+00  0.000000e+00  5.849067e+11  2.677830e+11  1.882569e+11  1.598815e+11
2.125203e+02  4.155072e+12  0.000000e+00  0.000000e+00  3.732711e+12  0.000000e+00  0.000000e+00  7.437712e+11  3.407398e+11  2.390516e+11  2.027858e+11
2.135854e+02  4.134413e+12  0.000000e+00  0.000000e+00  3.714152e+12  0.000000e+00  0.000000e+00  6.343171e+11  2.875062e+11  2.014831e+11  1.708882e+11
2.146559e+02  4.113753e+12  0.000000e+00  0.000000e+00  3.695592e+12  0.000000e+00  0.000000e+00  5.779705e+11  2.619095e+11  1.836668e+11  1.558282e+11
2.157317e+02  4.093322e+12  0.000000e+00  0.000000e+00  3.677239e+12  0.000000e+00  0.000000e+00  4.602876e+11  2.129031e+11  1.501597e+11  1.276831e+11
2.168129e+02  4.072892e+12  0.000000e+00  0.000000e+00  3.658884e+12  0.000000e+00  0.000000e+00  4.544183e+11  2.101671e+11  1.482059e+11  1.260093e+11
2.178996e+02  4.052683e+12  0.000000e+00  0.000000e+00  3.640730e+12  0.000000e+00  0.000000e+00  5.389742e+11  2.461275e+11  1.728090e+11  1.466622e+11
2.189917e+02  4.032420e+12  0.000000e+00  0.000000e+00  3.622527e+12  0.000000e+00  0.000000e+00  5.856643e+11  2.662051e+11  1.865618e+11  1.582084e+11
2.200893e+02  4.012375e+12  0.000000e+00  0.000000e+00  3.604520e+12  0.000000e+00  0.000000e+00  5.846845e+11  2.656798e+11  1.861566e+11  1.578475e+11
2.211923e+02  3.992331e+12  0.000000e+00  0.000000e+00  3.586513e+12  0.000000e+00  0.000000e+00  6.370647e+11  2.895026e+11  2.026886e+11  1.717912e+11
2.223009e+02  3.972501e+12  0.000000e+00  0.000000e+00  3.568699e+12  0.000000e+00  0.000000e+00  5.715242e+11  2.594408e+11  1.816987e+11  1.540300e+11
2.234151e+02  3.952724e+12  0.000000e+00  0.000000e+00  3.550932e+12  0.000000e+00  0.000000e+00  5.572649e+11  2.530053e+11  1.771593e+11  1.501636e+11
2.245348e+02  3.933000e+12  0.000000e+00  0.000000e+00  3.533213e+12  0.000000e+00  0.000000e+00  5.491980e+11  2.488922e+11  1.742456e+11  1.476855e+11
2.256602e+02  3.913381e+12  0.000000e+00  0.000000e+00  3.515588e+12  0.000000e+00  0.000000e+00  5.411824e+11  2.451329e+11  1.715584e+11  1.453829e+11
2.267912e+02  3.893968e+12  0.000000e+00  0.000000e+00  3.498148e+12  0.000000e+00  0.000000e+00  6.290458e+11  2.811082e+11  1.959875e+11  1.658374e+11
2.279278e+02  3.874503e+12  0.000000e+00  0.000000e+00  3.480662e+12  0.000000e+00  0.000000e+00  5.278872e+11  2.388637e+11  1.670948e+11  1.415680e+11
2.290702e+02  3.855242e+12  0.000000e+00  0.000000e+00  3.463359e+12  0.000000e+00  0.000000e+00  5.394268e+11  2.429209e+11  1.697227e+11  1.437261e+11
2.302183e+02  3.836030e+12  0.000000e+00  0.000000e+00  3.446100e+12  0.000000e+00  0.000000e+00  5.467299e+11  2.467155e+11  1.723787e+11  1.459662e+11
2.313721e+02  3.816919e+12  0.000000e+00  0.000000e+00  3.428931e+12  0.000000e+00  0.000000e+00  5.035813e+11  2.273879e+11  1.589243e+11  1.345903e+11
2.325317e+02  3.797906e+12  0.000000e+00  0.000000e+00  3.411851e+12  0.000000e+00  0.000000e+00  5.125802e+11  2.302827e+11  1.606783e+11  1.359831e+11
2.336971e+02  3.778990e+12  0.000000e+00  0.000000e+00  3.394858e+12  0.000000e+00  0.000000e+00  4.807779e+11  2.142639e+11  1.496176e+11  1.267203e+11
2.348684e+02  3.760218e+12  0.000000e+00  0.000000e+00  3.377994e+12  0.000000e+00  0.000000e+00  6.272524e+11  2.765026e+11  1.921673e+11  1.624258e+11
2.360455e+02  3.741446e+12  0.000000e+00  0.000000e+00  3.361130e+12  0.000000e+00  0.000000e+00  6.393673e+11  2.828352e+11  1.966525e+11  1.662314e+11
2.372286e+02  3.722815e+12  0.000000e+00  0.000000e+00  3.344393e+12  0.000000e+00  0.000000e+00  5.057336e+11  2.241786e+11  1.560998e+11  1.320408e+11
2.384176e+02  3.704232e+12  0.000000e+00  0.000000e+00  3.327699e+12  0.000000e+00  0.000000e+00  4.468125e+11  1.975897e+11  1.375330e+11  1.163223e+11
2.396125e+02  3.685834e+12  0.000000e+00  0.000000e+00  3.311171e+12  0.000000e+00  0.000000e+00  4.287138e+11  1.951573e+11  1.372747e+11  1.166129e+11
2.408134e+02  3.667479e+12  0.000000e+00  0.000000e+00  3.294682e+12  0.000000e+00  0.000000e+00  4.178722e+11  1.897813e+11  1.333694e+11  1.132496e+11
2.420203e+02  3.649214e+12  0.000000e+00  0.000000e+00  3.278273e+12  0.000000e+00  0.000000e+00  4.128497e+11  1.871071e+11  1.313884e+11  1.115303e+11
2.432333e+02  3.630995e+12  0.000000e+00  0.000000e+00  3.261906e+12  0.000000e+00  0.000000e+00  4.171801e+11  1.891627e+11  1.327960e+11  1.127064e+11
2.444524e+02  3.612952e+12  0.000000e+00  0.000000e+00  3.245698e+12  0.000000e+00  0.000000e+00  4.011689e+11  1.816086e+11  1.274455e+11  1.081498e+11
2.456776e+02  3.594910e+12  0.000000e+00  0.000000e+00  3.229490e+12  0.000000e+00  0.000000e+00  5.563027e+11  2.468915e+11  1.721020e+11  1.456454e+11
2.469089e+02  3.577043e+12  0.000000e+00  0.000000e+00  3.213439e+12  0.000000e+00  0.000000e+00  4.153931e+11  1.891299e+11  1.332321e+11  1.132953e+11
2.481464e+02  3.559218e+12  0.000000e+00  0.000000e+00  3.197425e+12  0.000000e+00  0.000000e+00  3.851432e+11  1.747880e+11  1.230659e+11  1.046334e+11
2.493901e+02  3.541521e+12  0.000000e+00  0.000000e+00  3.181527e+12  0.000000e+00  0.000000e+00  3.825940e+11  1.735497e+11  1.221311e+11  1.038102e+11
2.506400e+02  3.523825e+12  0.000000e+00  0.000000e+00  3.165630e+12  0.000000e+00  0.000000e+00  4.122369e+11  1.873790e+11  1.317850e+11  1.119699e+11
2.518962e+02  3.506295e+12  0.000000e+00  0.000000e+00  3.149882e+12  0.000000e+00  0.000000e+00  3.800262e+11  1.726502e+11  1.216034e+11  1.034027e+11
2.531587e+02  3.488848e+12  0.000000e+00  0.000000e+00  3.134208e+12  0.000000e+00  0.000000e+00  3.684952e+11  1.664344e+11  1.169165e+11  9.929660e+10
2.544275e+02  3.471401e+12  0.000000e+00  0.000000e+00  3.118535e+12  0.000000e+00  0.000000e+00  3.623072e+11  1.644879e+11  1.157990e+11  9.844144e+10
2.557026e+02  3.454197e+12  0.000000e+00  0.000000e+00  3.103080e+12  0.000000e+00  0.000000e+00  5.034618e+11  2.198944e+11  1.529578e+11  1.293959e+11
2.569842e+02  3.436913e+12  0.000000e+00  0.000000e+00  3.087552e+12  0.000000e+00  0.000000e+00  3.563050e+11  1.608848e+11  1.129216e+11  9.585751e+10
2.582722e+02  3.419868e+12  0.000000e+00  0.000000e+00  3.072240e+12  0.000000e+00  0.000000e+00  3.708006e+11  1.674626e+11  1.174664e+11  9.968158e+10
2.595666e+02  3.402822e+12  0.000000e+00  0.000000e+00  3.056927e+12  0.000000e+00  0.000000e+00  3.618182e+11  1.628487e+11  1.141138e+11  9.679628e+10
2.608675e+02  3.385854e+12  0.000000e+00  0.000000e+00  3.041684e+12  0.000000e+00  0.000000e+00  3.368070e+11  1.510914e+11  1.057763e+11  8.968995e+10
2.621750e+02  3.368964e+12  0.000000e+00  0.000000e+00  3.026511e+12  0.000000e+00  0.000000e+00  3.374214e+11  1.509533e+11  1.058686e+11  8.986451e+10
2.634890e+02  3.352227e+12  0.000000e+00  0.000000e+00  3.011475e+12  0.000000e+00  0.000000e+00  3.331908e+11  1.493026e+11  1.046818e+11  8.883591e+10
2.648096e+02  3.335490e+12  0.000000e+00  0.000000e+00  2.996439e+12  0.000000e+00  0.000000e+00  3.156685e+11  1.407713e+11  9.857580e+10  8.361220e+10
2.661368e+02  3.318903e+12  0.000000e+00  0.000000e+00  2.981538e+12  0.000000e+00  0.000000e+00  3.109958e+11  1.389922e+11  9.745160e+10  8.271131e+10
2.674706e+02  3.302315e+12  0.000000e+00  0.000000e+00  2.966636e+12  0.000000e+00  0.000000e+00  3.179531e+11  1.425290e+11  9.996366e+10  8.484676e+10
2.688112e+02  3.285948e+12  0.000000e+00  0.000000e+00  2.951933e+12  0.000000e+00  0.000000e+00  3.161444e+11  1.417244e+11  9.938272e+10  8.434491e+10
2.701584e+02  3.269580e+12  0.000000e+00  0.000000e+00  2.937229e+12  0.000000e+00  0.000000e+00  3.214943e+11  1.445563e+11  1.014156e+11  8.607997e+10
2.715124e+02  3.253213e+12  0.000000e+00  0.000000e+00  2.922526e+12  0.000000e+00  0.000000e+00  3.580036e+11  1.562973e+11  1.088479e+11  9.213337e+10
2.728732e+02  3.237061e+12  0.000000e+00  0.000000e+00  2.908015e+12  0.000000e+00  0.000000e+00  4.368328e+11  1.883976e+11  1.306722e+11  1.104214e+11
2.742409e+02  3.220908e+12  0.000000e+00  0.000000e+00  2.893505e+12  0.000000e+00  0.000000e+00  2.936062e+11  1.312169e+11  9.190906e+10  7.795978e+10
2.756153e+02  3.204895e+12  0.000000e+00  0.000000e+00  2.879119e+12  0.000000e+00  0.000000e+00  2.892272e+11  1.292372e+11  9.050650e+10  7.676256e+10
2.769967e+02  3.188950e+12  0.000000e+00  0.000000e+00  2.864795e+12  0.000000e+00  0.000000e+00  2.918219e+11  1.305270e+11  9.140772e+10  7.752216e+10
2.783850e+02  3.173072e+12  0.000000e+00  0.000000e+00  2.850531e+12  0.000000e+00  0.000000e+00  2.915104e+11  1.295689e+11  9.059374e+10  7.678538e+10
2.797802e+02  3.157196e+12  0.000000e+00  0.000000e+00  2.836269e+12  0.000000e+00  0.000000e+00  2.943782e+11  1.320162e+11  9.248633e+10  7.844530e+10
2.811825e+02  3.141522e+12  0.000000e+00  0.000000e+00  2.822188e+12  0.000000e+00  0.000000e+00  2.968088e+11  1.327537e+11  9.296703e+10  7.885038e+10
2.825917e+02  3.125847e+12  0.000000e+00  0.000000e+00  2.808106e+12  0.000000e+00  0.000000e+00  2.906979e+11  1.305495e+11  9.148754e+10  7.760975e+10
2.840080e+02  3.110304e+12  0.000000e+00  0.000000e+00  2.794143e+12  0.000000e+00  0.000000e+00  2.994569e+11  1.337012e+11  9.353985e+10  7.929747e+10
2.854315e+02  3.094826e+12  0.000000e+00  0.000000e+00  2.780238e+12  0.000000e+00  0.000000e+00  3.469362e+11  1.524999e+11  1.062151e+11  8.988396e+10
2.868620e+02  3.079348e+12  0.000000e+00  0.000000e+00  2.766334e+12  0.000000e+00  0.000000e+00  2.786564e+11  1.248026e+11  8.735720e+10  7.406467e+10
2.882998e+02  3.064062e+12  0.000000e+00  0.000000e+00  2.752602e+12  0.000000e+00  0.000000e+00  2.742071e+11  1.225386e+11  8.570582e+10  7.264050e+10
2.897447e+02  3.048775e+12  0.000000e+00  0.000000e+00  2.738869e+12  0.000000e+00  0.000000e+00  2.687823e+11  1.197659e+11  8.367573e+10  7.088718e+10
2.911969e+02  3.033613e+12  0.000000e+00  0.000000e+00  2.725248e+12  0.000000e+00  0.000000e+00  2.588355e+11  1.164102e+11  8.193849e+10  6.965454e+10
2.926563e+02  3.018513e+12  0.000000e+00  0.000000e+00  2.711683e+12  0.000000e+00  0.000000e+00  2.596950e+11  1.162642e+11  8.168991e+10  6.939025e+10
2.941231e+02  3.003414e+12  0.000000e+00  0.000000e+00  2.698119e+12  0.000000e+00  0.000000e+00  2.514823e+11  1.125958e+11  7.909341e+10  6.717530e+10
2.955972e+02  2.988497e+12  0.000000e+00  0.000000e+00  2.684718e+12  0.000000e+00  0.000000e+00  2.509257e+11  1.120333e+11  7.862231e+10  6.674805e+10
2.970787e+02  2.973640e+12  0.000000e+00  0.000000e+00  2.671371e+12  0.000000e+00  0.000000e+00  2.456185e+11  1.096911e+11  7.697317e+10  6.534419e+10
2.985677e+02  2.958782e+12  0.000000e+00  0.000000e+00  2.658024e+12  0.000000e+00  0.000000e+00  2.431957e+11  1.085451e+11  7.614851e+10  6.463585e+10
3.000641e+02  2.944044e+12  0.000000e+00  0.000000e+00  2.644783e+12  0.000000e+00  0.000000e+00  2.415228e+11  1.077805e+11  7.560343e+10  6.416908e+10
3.015679e+02  2.929364e+12  0.000000e+00  0.000000e+00  2.631595e+12  0.000000e+00  0.000000e+00  2.404887e+11  1.073953e+11  7.534753e+10  6.395587e+10
3.030794e+02  2.914856e+12  0.000000e+00  0.000000e+00  2.618563e+12  0.000000e+00  0.000000e+00  3.548638e+11  1.545682e+11  1.083412e+11  9.206220e+10
3.045984e+02  2.900233e+12  0.000000e+00  0.000000e+00  2.605426e+12  0.000000e+00  0.000000e+00  3.460123e+11  2.220196e+11  1.823618e+11  1.659622e+11
3.061250e+02  2.885839e+12  0.000000e+00  0.000000e+00  2.592495e+12  0.000000e+00  0.000000e+00  2.481270e+11  1.129931e+11  8.027136e+10  6.857674e+10
3.076593e+02  2.871498e+12  0.000000e+00  0.000000e+00  2.579612e+12  0.000000e+00  0.000000e+00  2.983464e+11  1.566557e+11  1.168245e+11  1.016650e+11
3.092012e+02  2.857159e+12  0.000000e+00  0.000000e+00  2.566730e+12  0.000000e+00  0.000000e+00  2.329567e+11  1.053915e+11  7.470888e+10  6.376530e+10
3.107509e+02  2.842929e+12  0.000000e+00  0.000000e+00  2.553947e+12  0.000000e+00  0.000000e+00  2.235593e+11  1.011957e+11  7.172602e+10  6.121252e+10
3.123084e+02  2.828754e+12  0.000000e+00  0.000000e+00  2.541213e+12  0.000000e+00  0.000000e+00  2.214611e+11  1.000178e+11  7.081400e+10  6.040255e+10
3.138737e+02  2.814687e+12  0.000000e+00  0.000000e+00  2.528576e+12  0.000000e+00  0.000000e+00  2.204198e+11  9.952409e+10  7.041614e+10  6.003936e+10
3.154468e+02  2.800673e+12  0.000000e+00  0.000000e+00  2.515986e+12  0.000000e+00  0.000000e+00  2.888985e+11  1.295793e+11  9.120944e+10  7.756813e+10
3.170278e+02  2.786712e+12  0.000000e+00  0.000000e+00  2.503444e+12  0.000000e+00  0.000000e+00  2.455808e+11  1.094880e+11  7.704498e+10  6.552981e+10
3.186167e+02  2.772802e+12  0.000000e+00  0.000000e+00  2.490948e+12  0.000000e+00  0.000000e+00  2.068361e+11  9.316599e+10  6.580991e+10  5.606271e+10
3.202136e+02  2.758998e+12  0.000000e+00  0.000000e+00  2.478547e+12  0.000000e+00  0.000000e+00  2.126302e+11  9.538516e+10  6.725159e+10  5.724144e+10
3.218184e+02  2.745294e+12  0.000000e+00  0.000000e+00  2.466236e+12  0.000000e+00  0.000000e+00  2.084173e+11  9.345950e+10  6.586579e+10  5.604825e+10
3.234314e+02  2.731590e+12  0.000000e+00  0.000000e+00  2.453926e+12  0.000000e+00  0.000000e+00  1.994067e+11  8.955071e+10  6.312805e+10  5.372130e+10
3.250524e+02  2.717988e+12  0.000000e+00  0.000000e+00  2.441706e+12  0.000000e+00  0.000000e+00  1.983546e+11  8.897221e+10  6.266897e+10  5.330842e+10
3.266815e+02  2.704485e+12  0.000000e+00  0.000000e+00  2.429575e+12  0.000000e+00  0.000000e+00  3.214234e+11  1.405084e+11  9.791206e+10  8.289827e+10
3.283188e+02  2.690981e+12  0.000000e+00  0.000000e+00  2.417444e+12  0.000000e+00  0.000000e+00  2.738348e+11  1.204251e+11  8.428897e+10  7.152975e+10
3.299643e+02  2.677576e+12  0.000000e+00  0.000000e+00  2.405402e+12  0.000000e+00  0.000000e+00  1.878567e+11  8.411853e+10  5.930555e+10  5.048711e+10
3.316181e+02  2.664219e+12  0.000000e+00  0.000000e+00  2.393402e+12  0.000000e+00  0.000000e+00  1.791698e+11  8.232206e+10  5.877086e+10  5.030609e+10
3.332801e+02  2.650957e+12  0.000000e+00  0.000000e+00  2.381489e+12  0.000000e+00  0.000000e+00  1.759665e+11  8.052240e+10  5.737637e+10  4.906951e+10
3.349505e+02  2.637790e+12  0.000000e+00  0.000000e+00  2.369660e+12  0.000000e+00  0.000000e+00  1.733675e+11  7.910656e+10  5.628748e+10  4.810608e+10
3.366292e+02  2.624622e+12  0.000000e+00  0.000000e+00  2.357831e+12  0.000000e+00  0.000000e+00  1.734943e+11  7.885340e+10  5.601133e+10  4.783273e+10
3.383164e+02  2.611547e+12  0.000000e+00  0.000000e+00  2.346085e+12  0.000000e+00  0.000000e+00  1.696654e+11  7.712178e+10  5.475897e+10  4.675125e+10
3.400120e+02  2.598565e+12  0.000000e+00  0.000000e+00  2.334422e+12  0.000000e+00  0.000000e+00  2.608583e+11  1.151682e+11  8.078698e+10  6.860841e+10
3.417161e+02  2.585582e+12  0.000000e+00  0.000000e+00  2.322759e+12  0.000000e+00  0.000000e+00  1.859891e+11  8.348798e+10  5.896924e+10  5.022897e+10
3.434288e+02  2.572734e+12  0.000000e+00  0.000000e+00  2.311217e+12  0.000000e+00  0.000000e+00  1.879934e+11  8.426916e+10  5.946678e+10  5.062961e+10
3.451500e+02  2.559887e+12  0.000000e+00  0.000000e+00  2.299676e+12  0.000000e+00  0.000000e+00  1.813470e+11  8.117677e+10  5.726150e+10  4.874374e+10
3.468799e+02  2.547172e+12  0.000000e+00  0.000000e+00  2.288253e+12  0.000000e+00  0.000000e+00  1.822123e+11  8.126214e+10  5.723870e+10  4.869290e+10
3.486184e+02  2.534456e+12  0.000000e+00  0.000000e+00  2.276830e+12  0.000000e+00  0.000000e+00  1.816319e+11  8.347158e+10  5.982172e+10  5.130384e+10
3.503657e+02  2.521870e+12  0.000000e+00  0.000000e+00  2.265523e+12  0.000000e+00  0.000000e+00  1.747261e+11  7.793995e+10  5.486886e+10  4.666084e+10
3.521217e+02  2.509284e+12  0.000000e+00  0.000000e+00  2.254217e+12  0.000000e+00  0.000000e+00  2.067847e+11  9.464341e+10  6.759916e+10  5.788565e+10
3.538865e+02  2.496783e+12  0.000000e+00  0.000000e+00  2.242986e+12  0.000000e+00  0.000000e+00  1.798555e+11  8.333017e+10  5.983909e+10  5.135058e+10
3.556601e+02  2.484324e+12  0.000000e+00  0.000000e+00  2.231794e+12  0.000000e+00  0.000000e+00  1.702266e+11  7.563218e+10  5.319913e+10  4.523161e+10
3.574427e+02  2.471990e+12  0.000000e+00  0.000000e+00  2.220714e+12  0.000000e+00  0.000000e+00  1.695321e+11  7.511581e+10  5.277134e+10  4.484340e+10
3.592341e+02  2.459656e+12  0.000000e+00  0.000000e+00  2.209633e+12  0.000000e+00  0.000000e+00  1.708098e+11  7.538312e+10  5.287055e+10  4.489474e+10
3.610346e+02  2.447403e+12  0.000000e+00  0.000000e+00  2.198626e+12  0.000000e+00  0.000000e+00  1.652865e+11  7.349131e+10  5.180190e+10  4.408693e+10
3.628441e+02  2.435231e+12  0.000000e+00  0.000000e+00  2.187691e+12  0.000000e+00  0.000000e+00  1.701939e+11  7.553568e+10  5.317331e+10  4.522516e+10
3.646626e+02  2.423099e+12  0.000000e+00  0.000000e+00  2.176792e+12  0.000000e+00  0.000000e+00  2.038242e+11  8.999741e+10  6.319081e+10  5.368100e+10
3.664903e+02  2.411006e+12  0.000000e+00  0.000000e+00  2.165928e+12  0.000000e+00  0.000000e+00  1.994235e+11  8.830493e+10  6.203290e+10  5.270421e+10
3.683271e+02  2.399030e+12  0.000000e+00  0.000000e+00  2.155170e+12  0.000000e+00  0.000000e+00  2.685235e+12  1.183858e+12  8.293631e+11  7.037259e+11
3.701731e+02  2.387054e+12  0.000000e+00  0.000000e+00  2.144412e+12  0.000000e+00  0.000000e+00  2.379623e+11  1.075188e+11  7.663347e+10  6.558865e+10
3.720284e+02  2.375156e+12  0.000000e+00  0.000000e+00  2.133723e+12  0.000000e+00  0.000000e+00  1.844172e+11  8.282191e+10  5.845100e+10  4.975287e+10
3.738930e+02  2.363334e+12  0.000000e+00  0.000000e+00  2.123102e+12  0.000000e+00  0.000000e+00  1.624369e+11  7.315182e+10  5.167384e+10  4.400048e+10
3.757669e+02  2.351586e+12  0.000000e+00  0.000000e+00  2.112549e+12  0.000000e+00  0.000000e+00  1.545928e+11  6.925544e+10  4.885335e+10  4.157698e+10
3.776502e+02  2.339839e+12  0.000000e+00  0.000000e+00  2.101995e+12  0.000000e+00  0.000000e+00  1.473785e+11  6.796972e+10  4.893187e+10  4.207320e+10
3.795429e+02  2.328202e+12  0.000000e+00  0.000000e+00  2.091542e+12  0.000000e+00  0.000000e+00  1.384861e+11  6.267448e+10  4.455402e+10  3.807376e+10
3.814452e+02  2.316601e+12  0.000000e+00  0.000000e+00  2.081120e+12  0.000000e+00  0.000000e+00  1.566198e+11  6.941275e+10  4.902260e+10  4.178556e+10
3.833569e+02  2.305073e+12  0.000000e+00  0.000000e+00  2.070763e+12  0.000000e+00  0.000000e+00  1.478657e+11  6.864659e+10  4.988498e+10  4.312594e+10
3.852783e+02  2.293580e+12  0.000000e+00  0.000000e+00  2.060438e+12  0.000000e+00  0.000000e+00  1.540584e+11  7.120360e+10  5.144245e+10  4.433680e+10
3.872093e+02  2.282158e+12  0.000000e+00  0.000000e+00  2.050178e+12  0.000000e+00  0.000000e+00  1.313258e+11  6.236870e+10  4.592658e+10  3.997802e+10
3.891499e+02  2.270805e+12  0.000000e+00  0.000000e+00  2.039979e+12  0.000000e+00  0.000000e+00  1.282052e+11  5.908434e+10  4.256531e+10  3.663782e+10
3.911003e+02  2.259454e+12  0.000000e+00  0.000000e+00  2.029781e+12  0.000000e+00  0.000000e+00  1.239851e+11  5.581176e+10  3.949661e+10  3.367055e+10
3.930605e+02  2.248240e+12  0.000000e+00  0.000000e+00  2.019707e+12  0.000000e+00  0.000000e+00  1.311288e+11  6.244613e+10  4.593021e+10  3.995548e+10
3.950305e+02  2.237025e+12  0.000000e+00  0.000000e+00  2.009633e+12  0.000000e+00  0.000000e+00  1.208721e+11  5.729534e+10  4.208541e+10  3.659116e+10
3.970103e+02  2.225879e+12  0.000000e+00  0.000000e+00  1.999619e+12  0.000000e+00  0.000000e+00  1.255018e+11  5.925244e+10  4.333038e+10  3.758038e+10
3.990001e+02  2.214798e+12  0.000000e+00  0.000000e+00  1.989665e+12  0.000000e+00  0.000000e+00  1.234606e+11  5.770021e+10  4.201375e+10  3.636592e+10
4.009999e+02  2.203751e+12  0.000000e+00  0.000000e+00  1.979741e+12  0.000000e+00  0.000000e+00  1.240489e+11  5.881016e+10  4.298433e+10  3.725194e+10
4.030097e+02  2.192801e+12  0.000000e+00  0.000000e+00  1.969904e+12  0.000000e+00  0.000000e+00  1.193563e+11  5.641447e+10  4.116779e+10  3.564962e+10
4.050295e+02  2.181852e+12  0.000000e+00  0.000000e+00  1.960068e+12  0.000000e+00  0.000000e+00  1.164061e+11  5.480073e+10  3.989898e+10  3.451164e+10
4.070595e+02  2.170999e+12  0.000000e+00  0.000000e+00  1.950318e+12  0.000000e+00  0.000000e+00  1.276154e+11  5.857837e+10  4.224743e+10  3.639230e+10
4.090996e+02  2.160178e+12  0.000000e+00  0.000000e+00  1.940597e+12  0.000000e+00  0.000000e+00  1.117610e+11  5.231077e+10  3.793023e+10  3.273776e+10
4.111500e+02  2.149419e+12  0.000000e+00  0.000000e+00  1.930932e+12  0.000000e+00  0.000000e+00  1.267689e+11  5.851678e+10  4.212702e+10  3.623454e+10
4.132107e+02  2.138723e+12  0.000000e+00  0.000000e+00  1.921323e+12  0.000000e+00  0.000000e+00  1.179292e+11  5.507595e+10  3.976299e+10  3.423221e+10
4.152816e+02  2.128058e+12  0.000000e+00  0.000000e+00  1.911742e+12  0.000000e+00  0.000000e+00  1.099951e+11  5.108462e+10  3.681218e+10  3.166690e+10
4.173630e+02  2.117483e+12  0.000000e+00  0.000000e+00  1.902242e+12  0.000000e+00  0.000000e+00  1.099703e+11  5.094956e+10  3.664707e+10  3.149366e+10
4.194548e+02  2.106909e+12  0.000000e+00  0.000000e+00  1.892743e+12  0.000000e+00  0.000000e+00  1.171404e+11  5.437828e+10  3.906930e+10  3.354656e+10
4.215571e+02  2.096424e+12  0.000000e+00  0.000000e+00  1.883323e+12  0.000000e+00  0.000000e+00  1.168308e+11  5.422774e+10  3.894479e+10  3.343128e+10
4.236699e+02  2.085968e+12  0.000000e+00  0.000000e+00  1.873931e+12  0.000000e+00  0.000000e+00  1.251129e+11  5.758409e+10  4.120812e+10  3.531687e+10
4.257933e+02  2.075601e+12  0.000000e+00  0.000000e+00  1.864618e+12  0.000000e+00  0.000000e+00  2.184441e+11  1.524134e+11  1.303200e+11  1.204515e+11
4.279273e+02  2.065234e+12  0.000000e+00  0.000000e+00  1.855304e+12  0.000000e+00  0.000000e+00  1.275994e+11  5.858362e+10  4.180850e+10  3.577736e+10
4.300720e+02  2.054982e+12  0.000000e+00  0.000000e+00  1.846094e+12  0.000000e+00  0.000000e+00  1.466130e+11  7.747610e+10  5.831679e+10  5.099575e+10
4.322275e+02  2.044701e+12  0.000000e+00  0.000000e+00  1.836858e+12  0.000000e+00  0.000000e+00  1.186600e+11  5.455457e+10  3.889590e+10  3.326202e+10
4.343938e+02  2.034561e+12  0.000000e+00  0.000000e+00  1.827749e+12  0.000000e+00  0.000000e+00  1.418379e+11  6.393421e+10  4.524210e+10  3.856485e+10
4.365710e+02  2.024393e+12  0.000000e+00  0.000000e+00  1.818614e+12  0.000000e+00  0.000000e+00  6.958887e+11  3.218795e+11  2.287242e+11  1.951147e+11
4.387590e+02  2.014335e+12  0.000000e+00  0.000000e+00  1.809579e+12  0.000000e+00  0.000000e+00  1.489068e+11  6.730293e+10  4.757773e+10  4.052492e+10
4.409580e+02  2.004278e+12  0.000000e+00  0.000000e+00  1.800544e+12  0.000000e+00  0.000000e+00  1.365498e+11  6.166397e+10  4.358417e+10  3.712104e+10
4.431681e+02  1.994301e+12  0.000000e+00  0.000000e+00  1.791582e+12  0.000000e+00  0.000000e+00  1.084253e+11  4.929904e+10  3.495439e+10  2.981224e+10
4.453892e+02  1.984378e+12  0.000000e+00  0.000000e+00  1.782667e+12  0.000000e+00  0.000000e+00  1.058707e+11  4.806965e+10  3.405934e+10  2.903922e+10
4.476215e+02  1.974481e+12  0.000000e+00  0.000000e+00  1.773777e+12  0.000000e+00  0.000000e+00  1.070417e+11  5.191032e+10  3.818767e+10  3.314125e+10
4.498649e+02  1.964664e+12  0.000000e+00  0.000000e+00  1.764957e+12  0.000000e+00  0.000000e+00  1.257345e+11  5.904248e+10  4.284351e+10  3.696064e+10
4.521196e+02  1.954872e+12  0.000000e+00  0.000000e+00  1.756160e+12  0.000000e+00  0.000000e+00  1.049300e+11  5.029760e+10  3.673583e+10  3.177038e+10
4.543856e+02  1.945131e+12  0.000000e+00  0.000000e+00  1.747410e+12  0.000000e+00  0.000000e+00  1.240928e+11  5.828123e+10  4.212524e+10  3.625834e+10
4.566629e+02  1.935442e+12  0.000000e+00  0.000000e+00  1.738705e+12  0.000000e+00  0.000000e+00  1.023877e+11  4.906547e+10  3.574578e+10  3.086805e+10
4.589517e+02  1.925803e+12  0.000000e+00  0.000000e+00  1.730046e+12  0.000000e+00  0.000000e+00  4.159813e+11  2.107820e+11  1.545967e+11  1.335817e+11
4.612519e+02  1.916188e+12  0.000000e+00  0.000000e+00  1.721409e+12  0.000000e+00  0.000000e+00  1.005589e+11  4.771152e+10  3.456122e+10  2.976395e+10
4.635637e+02  1.906673e+12  0.000000e+00  0.000000e+00  1.712861e+12  0.000000e+00  0.000000e+00  9.850107e+10  4.649168e+10  3.359017e+10  2.889299e+10
4.658870e+02  1.897158e+12  0.000000e+00  0.000000e+00  1.704313e+12  0.000000e+00  0.000000e+00  9.766516e+10  4.592673e+10  3.310936e+10  2.844944e+10
4.682220e+02  1.887715e+12  0.000000e+00  0.000000e+00  1.695830e+12  0.000000e+00  0.000000e+00  9.804887e+10  4.600629e+10  3.310855e+10  2.842347e+10
4.705687e+02  1.878320e+12  0.000000e+00  0.000000e+00  1.687390e+12  0.000000e+00  0.000000e+00  3.080766e+11  1.610097e+11  1.193843e+11  1.036059e+11
4.729271e+02  1.868949e+12  0.000000e+00  0.000000e+00  1.678971e+12  0.000000e+00  0.000000e+00  9.858852e+10  4.601828e+10  3.300041e+10  2.828165e+10
4.752974e+02  1.859649e+12  0.000000e+00  0.000000e+00  1.670617e+12  0.000000e+00  0.000000e+00  2.424005e+11  1.297917e+11  9.743947e+10  8.503796e+10
4.776795e+02  1.850395e+12  0.000000e+00  0.000000e+00  1.662303e+12  0.000000e+00  0.000000e+00  9.792388e+10  4.591478e+10  3.296810e+10  2.826743e+10
4.800736e+02  1.841164e+12  0.000000e+00  0.000000e+00  1.654010e+12  0.000000e+00  0.000000e+00  2.112776e+11  1.132288e+11  8.523191e+10  7.449538e+10
4.824797e+02  1.832000e+12  0.000000e+00  0.000000e+00  1.645779e+12  0.000000e+00  0.000000e+00  1.917049e+11  1.027670e+11  7.750019e+10  6.780492e+10
4.848979e+02  1.822860e+12  0.000000e+00  0.000000e+00  1.637568e+12  0.000000e+00  0.000000e+00  2.910814e+11  1.688809e+11  1.308615e+11  1.157448e+11
4.873281e+02  1.813787e+12  0.000000e+00  0.000000e+00  1.629417e+12  0.000000e+00  0.000000e+00  2.426834e+11  1.409228e+11  1.093821e+11  9.683231e+10
4.897706e+02  1.804759e+12  0.000000e+00  0.000000e+00  1.621306e+12  0.000000e+00  0.000000e+00  1.291696e+11  8.017202e+10  6.324698e+10  5.638530e+10
4.922253e+02  1.795774e+12  0.000000e+00  0.000000e+00  1.613234e+12  0.000000e+00  0.000000e+00  1.925537e+11  1.282753e+11  1.037848e+11  9.348051e+10
4.946923e+02  1.786811e+12  0.000000e+00  0.000000e+00  1.605182e+12  0.000000e+00  0.000000e+00  1.795941e+11  1.187734e+11  9.575114e+10  8.610161e+10
4.971716e+02  1.777912e+12  0.000000e+00  0.000000e+00  1.597189e+12  0.000000e+00  0.000000e+00  1.801743e+11  1.183415e+11  9.516703e+10  8.547800e+10
4.996634e+02  1.769078e+12  0.000000e+00  0.000000e+00  1.589252e+12  0.000000e+00  0.000000e+00  7.138927e+11  3.963177e+11  2.980260e+11  2.600517e+11
5.021677e+02  1.760263e+12  0.000000e+00  0.000000e+00  1.581334e+12  0.000000e+00  0.000000e+00  1.667895e+11  1.048372e+11  8.278762e+10  7.378364e+10
5.046845e+02  1.751450e+12  0.000000e+00  0.000000e+00  1.573416e+12  0.000000e+00  0.000000e+00  1.640552e+11  1.009463e+11  7.917842e+10  7.038783e+10
5.072139e+02  1.742760e+12  0.000000e+00  0.000000e+00  1.565609e+12  0.000000e+00  0.000000e+00  1.514823e+11  9.264246e+10  7.246321e+10  6.433658e+10
5.097561e+02  1.734110e+12  0.000000e+00  0.000000e+00  1.557839e+12  0.000000e+00  0.000000e+00  1.491578e+11  8.971656e+10  6.970704e+10  6.171090e+10
5.123109e+02  1.725421e+12  0.000000e+00  0.000000e+00  1.550032e+12  0.000000e+00  0.000000e+00  1.410070e+11  8.402587e+10  6.502693e+10  5.746659e+10
5.148786e+02  1.716852e+12  0.000000e+00  0.000000e+00  1.542335e+12  0.000000e+00  0.000000e+00  1.362045e+11  8.019899e+10  6.175625e+10  5.445688e+10
5.174591e+02  1.708282e+12  0.000000e+00  0.000000e+00  1.534636e+12  0.000000e+00  0.000000e+00  1.324749e+11  7.698047e+10  5.896483e+10  5.187627e+10
5.200526e+02  1.699792e+12  0.000000e+00  0.000000e+00  1.527009e+12  0.000000e+00  0.000000e+00  1.388716e+11  7.907094e+10  6.006278e+10  5.265141e+10
5.226590e+02  1.691340e+12  0.000000e+00  0.000000e+00  1.519416e+12  0.000000e+00  0.000000e+00  1.224693e+11  7.323984e+10  5.673148e+10  5.015092e+10
5.252786e+02  1.682887e+12  0.000000e+00  0.000000e+00  1.511823e+12  0.000000e+00  0.000000e+00  1.185142e+11  6.869354e+10  5.238977e+10  4.598209e+10
5.279112e+02  1.674512e+12  0.000000e+00  0.000000e+00  1.504298e+12  0.000000e+00  0.000000e+00  1.140999e+11  6.545410e+10  4.971229e+10  4.355387e+10
5.305571e+02  1.666173e+12  0.000000e+00  0.000000e+00  1.496808e+12  0.000000e+00  0.000000e+00  1.107266e+11  6.289920e+10  4.757787e+10  4.161004e+10
5.332162e+02  1.657872e+12  0.000000e+00  0.000000e+00  1.489350e+12  0.000000e+00  0.000000e+00  1.119537e+11  6.346967e+10  4.808087e+10  4.209584e+10
5.358886e+02  1.649609e+12  0.000000e+00  0.000000e+00  1.481927e+12  0.000000e+00  0.000000e+00  1.115965e+11  6.187751e+10  4.635027e+10  4.036580e+10
5.385744e+02  1.641382e+12  0.000000e+00  0.000000e+00  1.474536e+12  0.000000e+00  0.000000e+00  1.051612e+11  5.925929e+10  4.493657e+10  3.938764e+10
5.412737e+02  1.633227e+12  0.000000e+00  0.000000e+00  1.467210e+12  0.000000e+00  0.000000e+00  1.019057e+11  5.704660e+10  4.315566e+10  3.778881e+10
5.439865e+02  1.625072e+12  0.000000e+00  0.000000e+00  1.459885e+12  0.000000e+00  0.000000e+00  1.008762e+11  5.578299e+10  4.198891e+10  3.668779e+10
5.467130e+02  1.616989e+12  0.000000e+00  0.000000e+00  1.452623e+12  0.000000e+00  0.000000e+00  1.026306e+11  5.712508e+10  4.331957e+10  3.801322e+10
5.494530e+02  1.608941e+12  0.000000e+00  0.000000e+00  1.445393e+12  0.000000e+00  0.000000e+00  9.967400e+10  5.323342e+10  3.934444e+10  3.407431e+10
5.522068e+02  1.600927e+12  0.000000e+00  0.000000e+00  1.438194e+12  0.000000e+00  0.000000e+00  9.951368e+10  5.406684e+10  4.048716e+10  3.531664e+10
5.549745e+02  1.592948e+12  0.000000e+00  0.000000e+00  1.431025e+12  0.000000e+00  0.000000e+00  1.019004e+11  5.590960e+10  4.217702e+10  3.693590e+10
5.577559e+02  1.585003e+12  0.000000e+00  0.000000e+00  1.423888e+12  0.000000e+00  0.000000e+00  1.020337e+11  5.560454e+10  4.178026e+10  3.651407e+10
5.605514e+02  1.577125e+12  0.000000e+00  0.000000e+00  1.416811e+12  0.000000e+00  0.000000e+00  1.181886e+11  6.384524e+10  4.767754e+10  4.153255e+10
5.633608e+02  1.569248e+12  0.000000e+00  0.000000e+00  1.409735e+12  0.000000e+00  0.000000e+00  1.132078e+11  6.263642e+10  4.712715e+10  4.116396e+10
5.661843e+02  1.561437e+12  0.000000e+00  0.000000e+00  1.402718e+12  0.000000e+00  0.000000e+00  1.212847e+11  6.807932e+10  5.139315e+10  4.492902e+10
5.690220e+02  1.553692e+12  0.000000e+00  0.000000e+00  1.395760e+12  0.000000e+00  0.000000e+00  1.764285e+12  1.542988e+12  1.309566e+12  1.193356e+12
5.718739e+02  1.545913e+12  0.000000e+00  0.000000e+00  1.388772e+12  0.000000e+00  0.000000e+00  1.203302e+11  6.652536e+10  4.988925e+10  4.348361e+10
5.747401e+02  1.538232e+12  0.000000e+00  0.000000e+00  1.381872e+12  0.000000e+00  0.000000e+00  3.377591e+11  2.060692e+11  1.576727e+11  1.381823e+11
5.776206e+02  1.530551e+12  0.000000e+00  0.000000e+00  1.374971e+12  0.000000e+00  0.000000e+00  9.730679e+10  5.163497e+10  3.817612e+10  3.308610e+10
5.805156e+02  1.522932e+12  0.000000e+00  0.000000e+00  1.368127e+12  0.000000e+00  0.000000e+00  8.990972e+10  4.701875e+10  3.459023e+10  2.991804e+10
5.834251e+02  1.515376e+12  0.000000e+00  0.000000e+00  1.361339e+12  0.000000e+00  0.000000e+00  9.302191e+10  4.790760e+10  3.504054e+10  3.023267e+10
5.863492e+02  1.507789e+12  0.000000e+00  0.000000e+00  1.354523e+12  0.000000e+00  0.000000e+00  9.008653e+10  4.625053e+10  3.377645e+10  2.912033e+10
5.892879e+02  1.500294e+12  0.000000e+00  0.000000e+00  1.347790e+12  0.000000e+00  0.000000e+00  8.228918e+10  4.231196e+10  3.091000e+10  2.665060e+10
5.922414e+02  1.492828e+12  0.000000e+00  0.000000e+00  1.341083e+12  0.000000e+00  0.000000e+00  2.298325e+11  1.211190e+11  8.887637e+10  7.670548e+10
5.952096e+02  1.485393e+12  0.000000e+00  0.000000e+00  1.334404e+12  0.000000e+00  0.000000e+00  7.692443e+10  3.926928e+10  2.862184e+10  2.465517e+10
5.981928e+02  1.477988e+12  0.000000e+00  0.000000e+00  1.327751e+12  0.000000e+00  0.000000e+00  7.517932e+10  3.821391e+10  2.780292e+10  2.393043e+10
6.011909e+02  1.470612e+12  0.000000e+00  0.000000e+00  1.321125e+12  0.000000e+00  0.000000e+00  7.794819e+10  3.925549e+10  2.846126e+10  2.446059e+10
6.042040e+02  1.463295e+12  0.000000e+00  0.000000e+00  1.314552e+12  0.000000e+00  0.000000e+00  7.204818e+10  3.632388e+10  2.634214e+10  2.264050e+10
6.072322e+02  1.456006e+12  0.000000e+00  0.000000e+00  1.308004e+12  0.000000e+00  0.000000e+00  7.048153e+10  3.538889e+10  2.562520e+10  2.200990e+10
6.102756e+02  1.448746e+12  0.000000e+00  0.000000e+00  1.301481e+12  0.000000e+00  0.000000e+00  6.909103e+10  3.456736e+10  2.499703e+10  2.145798e+10
6.133343e+02  1.441542e+12  0.000000e+00  0.000000e+00  1.295010e+12  0.000000e+00  0.000000e+00  6.970382e+10  3.466761e+10  2.501840e+10  2.145808e+10
6.164082e+02  1.434366e+12  0.000000e+00  0.000000e+00  1.288563e+12  0.000000e+00  0.000000e+00  6.713783e+10  3.337355e+10  2.407670e+10  2.064694e+10
6.194976e+02  1.427217e+12  0.000000e+00  0.000000e+00  1.282141e+12  0.000000e+00  0.000000e+00  6.897373e+10  3.571329e+10  2.616823e+10  2.258088e+10
6.226025e+02  1.420096e+12  0.000000e+00  0.000000e+00  1.275744e+12  0.000000e+00  0.000000e+00  6.883679e+10  3.543605e+10  2.590681e+10  2.233437e+10
6.257229e+02  1.413030e+12  0.000000e+00  0.000000e+00  1.269397e+12  0.000000e+00  0.000000e+00  1.523347e+11  8.235796e+10  6.100152e+10  5.283789e+10
6.288590e+02  1.405991e+12  0.000000e+00  0.000000e+00  1.263073e+12  0.000000e+00  0.000000e+00  6.938412e+10  3.520370e+10  2.560075e+10  2.202278e+10
6.320108e+02  1.399004e+12  0.000000e+00  0.000000e+00  1.256796e+12  0.000000e+00  0.000000e+00  7.062203e+10  3.553785e+10  2.576673e+10  2.213879e+10
6.351784e+02  1.392017e+12  0.000000e+00  0.000000e+00  1.250519e+12  0.000000e+00  0.000000e+00  7.432835e+10  3.707735e+10  2.679637e+10  2.299327e+10
6.383618e+02  1.385082e+12  0.000000e+00  0.000000e+00  1.244290e+12  0.000000e+00  0.000000e+00  7.817094e+10  3.882822e+10  2.800757e+10  2.401283e+10
6.415613e+02  1.378199e+12  0.000000e+00  0.000000e+00  1.238106e+12  0.000000e+00  0.000000e+00  1.426222e+11  7.557664e+10  5.565013e+10  4.809509e+10
6.447767e+02  1.371316e+12  0.000000e+00  0.000000e+00  1.231923e+12  0.000000e+00  0.000000e+00  9.623557e+10  4.755082e+10  3.419619e+10  2.927940e+10
6.480083e+02  1.364484e+12  0.000000e+00  0.000000e+00  1.225785e+12  0.000000e+00  0.000000e+00  1.518371e+11  7.987455e+10  5.864273e+10  5.062065e+10
6.512560e+02  1.357702e+12  0.000000e+00  0.000000e+00  1.219692e+12  0.000000e+00  0.000000e+00  1.285289e+11  6.539202e+10  4.736828e+10  4.066134e+10
6.545201e+02  1.350920e+12  0.000000e+00  0.000000e+00  1.213599e+12  0.000000e+00  0.000000e+00  5.456503e+12  2.534321e+12  1.781321e+12  1.510821e+12
6.578005e+02  1.344211e+12  0.000000e+00  0.000000e+00  1.207573e+12  0.000000e+00  0.000000e+00  1.620572e+11  8.805146e+10  6.537359e+10  5.668383e+10
6.610973e+02  1.337503e+12  0.000000e+00  0.000000e+00  1.201546e+12  0.000000e+00  0.000000e+00  1.410289e+11  7.794128e+10  5.828639e+10  5.069078e+10
6.644107e+02  1.330842e+12  0.000000e+00  0.000000e+00  1.195563e+12  0.000000e+00  0.000000e+00  1.804029e+11  1.003889e+11  7.467615e+10  6.475410e+10
6.677407e+02  1.324205e+12  0.000000e+00  0.000000e+00  1.189601e+12  0.000000e+00  0.000000e+00  9.716926e+10  5.826776e+10  4.480966e+10  3.941849e+10
6.710873e+02  1.317616e+12  0.000000e+00  0.000000e+00  1.183681e+12  0.000000e+00  0.000000e+00  1.038923e+11  6.330614e+10  4.894277e+10  4.314105e+10
6.744508e+02  1.311050e+12  0.000000e+00  0.000000e+00  1.177782e+12  0.000000e+00  0.000000e+00  9.499681e+10  5.747599e+10  4.429679e+10  3.899285e+10
6.778311e+02  1.304530e+12  0.000000e+00  0.000000e+00  1.171925e+12  0.000000e+00  0.000000e+00  8.978484e+10  5.365589e+10  4.115250e+10  3.615182e+10
6.812283e+02  1.298010e+12  0.000000e+00  0.000000e+00  1.166068e+12  0.000000e+00  0.000000e+00  8.453958e+10  4.999049e+10  3.817807e+10  3.347876e+10
6.846425e+02  1.291559e+12  0.000000e+00  0.000000e+00  1.160272e+12  0.000000e+00  0.000000e+00  7.957574e+10  4.672360e+10  3.559727e+10  3.118630e+10
6.880739e+02  1.285129e+12  0.000000e+00  0.000000e+00  1.154497e+12  0.000000e+00  0.000000e+00  7.637850e+10  4.431761e+10  3.360870e+10  2.938776e+10
6.915225e+02  1.278722e+12  0.000000e+00  0.000000e+00  1.148741e+12  0.000000e+00  0.000000e+00  7.587625e+10  4.331391e+10  3.265081e+10  2.848043e+10
6.949883e+02  1.272359e+12  0.000000e+00  0.000000e+00  1.143024e+12  0.000000e+00  0.000000e+00  7.149687e+10  4.053936e+10  3.047475e+10  2.655130e+10
6.984716e+02  1.266017e+12  0.000000e+00  0.000000e+00  1.137327e+12  0.000000e+00  0.000000e+00  1.067391e+11  6.573893e+10  5.020968e+10  4.394785e+10
7.019722e+02  1.259697e+12  0.000000e+00  0.000000e+00  1.131650e+12  0.000000e+00  0.000000e+00  6.793736e+10  3.766963e+10  2.808662e+10  2.438959e+10
7.054905e+02  1.253441e+12  0.000000e+00  0.000000e+00  1.126030e+12  0.000000e+00  0.000000e+00  6.489700e+10  3.660463e+10  2.738105e+10  2.379981e+10
7.090263e+02  1.247186e+12  0.000000e+00  0.000000e+00  1.120410e+12  0.000000e+00  0.000000e+00  6.452011e+10  3.600922e+10  2.683304e+10  2.328745e+10
7.125799e+02  1.240972e+12  0.000000e+00  0.000000e+00  1.114827e+12  0.000000e+00  0.000000e+00  9.835246e+10  6.368796e+10  4.934556e+10  4.341361e+10
7.161513e+02  1.234799e+12  0.000000e+00  0.000000e+00  1.109283e+12  0.000000e+00  0.000000e+00  6.333260e+10  3.530311e+10  2.631986e+10  2.285037e+10
7.197406e+02  1.228647e+12  0.000000e+00  0.000000e+00  1.103756e+12  0.000000e+00  0.000000e+00  1.019786e+11  6.910872e+10  5.429350e+10  4.801237e+10
7.233479e+02  1.222516e+12  0.000000e+00  0.000000e+00  1.098248e+12  0.000000e+00  0.000000e+00  6.893192e+10  4.164618e+10  3.181973e+10  2.787580e+10
7.269732e+02  1.216444e+12  0.000000e+00  0.000000e+00  1.092793e+12  0.000000e+00  0.000000e+00  1.339086e+11  9.670994e+10  7.698585e+10  6.838489e+10
7.306168e+02  1.210372e+12  0.000000e+00  0.000000e+00  1.087339e+12  0.000000e+00  0.000000e+00  1.088918e+11  8.068768e+10  6.562895e+10  5.884945e+10
7.342786e+02  1.204340e+12  0.000000e+00  0.000000e+00  1.081920e+12  0.000000e+00  0.000000e+00  5.593680e+11  3.489507e+11  2.651405e+11  2.314267e+11
7.379587e+02  1.198347e+12  0.000000e+00  0.000000e+00  1.076536e+12  0.000000e+00  0.000000e+00  6.138869e+10  3.778808e+10  2.951973e+10  2.618972e+10
7.416573e+02  1.192373e+12  0.000000e+00  0.000000e+00  1.071169e+12  0.000000e+00  0.000000e+00  1.091374e+11  8.711894e+10  7.465358e+10  6.877487e+10
7.453744e+02  1.186438e+12  0.000000e+00  0.000000e+00  1.065837e+12  0.000000e+00  0.000000e+00  4.343148e+11  2.900081e+11  2.282214e+11  2.024919e+11
7.491102e+02  1.180521e+12  0.000000e+00  0.000000e+00  1.060522e+12  0.000000e+00  0.000000e+00  8.187122e+10  6.147881e+10  5.203987e+10  4.775961e+10
7.528646e+02  1.174642e+12  0.000000e+00  0.000000e+00  1.055241e+12  0.000000e+00  0.000000e+00  7.707076e+10  5.666736e+10  4.755690e+10  4.348588e+10
7.566379e+02  1.168800e+12  0.000000e+00  0.000000e+00  1.049993e+12  0.000000e+00  0.000000e+00  7.249884e+10  5.247083e+10  4.373655e+10  3.987345e+10
7.604301e+02  1.162977e+12  0.000000e+00  0.000000e+00  1.044761e+12  0.000000e+00  0.000000e+00  6.903520e+10  4.889924e+10  4.039547e+10  3.668615e+10
7.642414e+02  1.157172e+12  0.000000e+00  0.000000e+00  1.039546e+12  0.000000e+00  0.000000e+00  6.790942e+10  4.675174e+10  3.818300e+10  3.450977e+10
7.680717e+02  1.151421e+12  0.000000e+00  0.000000e+00  1.034380e+12  0.000000e+00  0.000000e+00  6.473389e+10  4.373636e+10  3.542973e+10  3.190776e+10
7.719212e+02  1.145671e+12  0.000000e+00  0.000000e+00  1.029214e+12  0.000000e+00  0.000000e+00  6.379619e+10  4.200363e+10  3.367111e+10  3.018862e+10
7.757900e+02  1.139973e+12  0.000000e+00  0.000000e+00  1.024095e+12  0.000000e+00  0.000000e+00  4.865522e+11  2.338625e+11  1.682056e+11  1.442321e+11
7.796782e+02  1.134293e+12  0.000000e+00  0.000000e+00  1.018992e+12  0.000000e+00  0.000000e+00  6.030982e+10  3.813154e+10  3.004596e+10  2.673847e+10
7.835859e+02  1.128647e+12  0.000000e+00  0.000000e+00  1.013921e+12  0.000000e+00  0.000000e+00  5.722930e+10  3.563647e+10  2.789733e+10  2.475577e+10
7.875131e+02  1.123035e+12  0.000000e+00  0.000000e+00  1.008879e+12  0.000000e+00  0.000000e+00  5.616131e+10  3.472950e+10  2.705799e+10  2.395493e+10
7.914601e+02  1.117424e+12  0.000000e+00  0.000000e+00  1.003838e+12  0.000000e+00  0.000000e+00  5.246502e+10  3.169710e+10  2.449499e+10  2.161432e+10
7.954268e+02  1.111863e+12  0.000000e+00  0.000000e+00  9.988425e+11  0.000000e+00  0.000000e+00  5.131047e+10  3.047769e+10  2.338792e+10  2.057487e+10
7.994134e+02  1.106334e+12  0.000000e+00  0.000000e+00  9.938760e+11  0.000000e+00  0.000000e+00  4.977708e+10  2.915213e+10  2.223687e+10  1.951108e+10
8.034200e+02  1.100806e+12  0.000000e+00  0.000000e+00  9.889095e+11  0.000000e+00  0.000000e+00  4.871931e+10  2.812850e+10  2.132860e+10  1.866573e+10
8.074467e+02  1.095326e+12  0.000000e+00  0.000000e+00  9.839871e+11  0.000000e+00  0.000000e+00  4.796942e+10  2.732899e+10  2.060678e+10  1.799013e+10
8.114936e+02  1.089879e+12  0.000000e+00  0.000000e+00  9.790936e+11  0.000000e+00  0.000000e+00  4.781166e+10  2.688318e+10  2.016021e+10  1.755854e+10
8.155607e+02  1.084448e+12  0.000000e+00  0.000000e+00  9.742143e+11  0.000000e+00  0.000000e+00  3.670817e+11  1.809179e+11  1.299426e+11  1.111987e+11
8.196482e+02  1.079048e+12  0.000000e+00  0.000000e+00  9.693635e+11  0.000000e+00  0.000000e+00  4.784511e+10  2.683156e+10  2.004681e+10  1.742485e+10
8.237562e+02  1.073664e+12  0.000000e+00  0.000000e+00  9.645269e+11  0.000000e+00  0.000000e+00  4.674976e+10  2.591078e+10  1.927436e+10  1.672281e+10
8.278848e+02  1.068312e+12  0.000000e+00  0.000000e+00  9.597184e+11  0.000000e+00  0.000000e+00  4.597422e+10  2.523742e+10  1.870395e+10  1.620242e+10
8.320341e+02  1.063005e+12  0.000000e+00  0.000000e+00  9.549511e+11  0.000000e+00  0.000000e+00  4.576058e+10  2.492694e+10  1.841597e+10  1.593143e+10
8.362042e+02  1.057698e+12  0.000000e+00  0.000000e+00  9.501834e+11  0.000000e+00  0.000000e+00  2.975879e+11  1.516723e+11  1.097795e+11  9.419231e+10
8.403952e+02  1.052436e+12  0.000000e+00  0.000000e+00  9.454564e+11  0.000000e+00  0.000000e+00  4.625659e+10  2.477375e+10  1.818820e+10  1.569307e+10
8.446072e+02  1.047189e+12  0.000000e+00  0.000000e+00  9.407428e+11  0.000000e+00  0.000000e+00  4.606330e+10  2.456673e+10  1.800499e+10  1.552331e+10
8.488403e+02  1.041971e+12  0.000000e+00  0.000000e+00  9.360557e+11  0.000000e+00  0.000000e+00  2.828172e+11  1.486297e+11  1.084852e+11  9.337143e+10
8.530946e+02  1.036783e+12  0.000000e+00  0.000000e+00  9.313950e+11  0.000000e+00  0.000000e+00  2.230421e+11  1.198639e+11  8.805790e+10  7.597584e+10
8.573702e+02  1.031624e+12  0.000000e+00  0.000000e+00  9.267600e+11  0.000000e+00  0.000000e+00  1.795710e+11  9.896676e+10  7.322544e+10  6.334648e+10
8.616673e+02  1.026479e+12  0.000000e+00  0.000000e+00  9.221381e+11  0.000000e+00  0.000000e+00  2.468393e+11  1.396398e+11  1.041641e+11  9.039138e+10
8.659859e+02  1.021363e+12  0.000000e+00  0.000000e+00  9.175416e+11  0.000000e+00  0.000000e+00  4.073954e+11  2.410065e+11  1.822983e+11  1.590394e+11
8.703262e+02  1.016288e+12  0.000000e+00  0.000000e+00  9.129828e+11  0.000000e+00  0.000000e+00  4.419771e+10  3.734131e+10  3.321164e+10  3.111850e+10
8.746882e+02  1.011213e+12  0.000000e+00  0.000000e+00  9.084239e+11  0.000000e+00  0.000000e+00  1.335910e+11  1.138839e+11  1.021110e+11  9.602670e+10
8.790720e+02  1.006180e+12  0.000000e+00  0.000000e+00  9.039023e+11  0.000000e+00  0.000000e+00  1.272889e+11  1.077283e+11  9.594422e+10  8.990967e+10
8.834779e+02  1.001160e+12  0.000000e+00  0.000000e+00  8.993928e+11  0.000000e+00  0.000000e+00  1.211118e+11  1.016361e+11  8.984621e+10  8.387188e+10
8.879058e+02  9.961809e+11  0.000000e+00  0.000000e+00  8.949197e+11  0.000000e+00  0.000000e+00  1.153549e+11  9.609362e+10  8.441246e+10  7.854688e+10
8.923559e+02  9.912150e+11  0.000000e+00  0.000000e+00  8.904586e+11  0.000000e+00  0.000000e+00  1.087858e+11  9.017216e+10  7.884255e+10  7.318719e+10
8.968283e+02  9.862756e+11  0.000000e+00  0.000000e+00  8.860212e+11  0.000000e+00  0.000000e+00  1.036640e+11  8.531391e+10  7.415606e+10  6.863285e+10
9.013231e+02  9.813754e+11  0.000000e+00  0.000000e+00  8.816191e+11  0.000000e+00  0.000000e+00  9.882895e+10  8.076295e+10  6.980330e+10  6.442171e+10
9.058405e+02  9.764751e+11  0.000000e+00  0.000000e+00  8.772169e+11  0.000000e+00  0.000000e+00  9.454202e+10  7.674789e+10  6.598078e+10  6.073291e+10
9.103805e+02  9.716134e+11  0.000000e+00  0.000000e+00  8.728495e+11  0.000000e+00  0.000000e+00  9.011373e+10  7.264423e+10  6.212102e+10  5.703051e+10
9.149432e+02  9.667643e+11  0.000000e+00  0.000000e+00  8.684932e+11  0.000000e+00  0.000000e+00  2.862087e+11  2.541963e+11  2.292541e+11  2.158520e+11
9.195289e+02  9.619530e+11  0.000000e+00  0.000000e+00  8.641710e+11  0.000000e+00  0.000000e+00  8.144117e+10  6.480376e+10  5.488116e+10  5.014542e+10
9.241375e+02  9.571664e+11  0.000000e+00  0.000000e+00  8.598710e+11  0.000000e+00  0.000000e+00  1.121333e+11  8.726332e+10  7.333184e+10  6.679312e+10
9.287692e+02  9.524042e+11  0.000000e+00  0.000000e+00  8.555928e+11  0.000000e+00  0.000000e+00  7.316523e+10  5.731380e+10  4.804454e+10  4.368650e+10
9.334241e+02  9.476424e+11  0.000000e+00  0.000000e+00  8.513151e+11  0.000000e+00  0.000000e+00  6.938643e+10  5.393846e+10  4.499830e+10  4.082470e+10
9.381023e+02  9.429289e+11  0.000000e+00  0.000000e+00  8.470807e+11  0.000000e+00  0.000000e+00  6.584242e+10  5.079949e+10  4.218533e+10  3.819138e+10
9.428040e+02  9.382391e+11  0.000000e+00  0.000000e+00  8.428677e+11  0.000000e+00  0.000000e+00  6.250210e+10  4.786466e+10  3.957100e+10  3.575073e+10
9.475293e+02  9.335614e+11  0.000000e+00  0.000000e+00  8.386654e+11  0.000000e+00  0.000000e+00  5.936730e+10  4.512879e+10  3.714890e+10  3.349660e+10
9.522782e+02  9.289069e+11  0.000000e+00  0.000000e+00  8.344841e+11  0.000000e+00  0.000000e+00  5.641497e+10  4.258001e+10  3.491362e+10  3.142646e+10
9.570510e+02  9.242759e+11  0.000000e+00  0.000000e+00  8.303238e+11  0.000000e+00  0.000000e+00  5.362046e+10  4.016677e+10  3.279396e+10  2.946067e+10
9.618476e+02  9.196792e+11  0.000000e+00  0.000000e+00  8.261943e+11  0.000000e+00  0.000000e+00  5.098787e+10  3.791734e+10  3.083648e+10  2.765399e+10
9.666683e+02  9.150937e+11  0.000000e+00  0.000000e+00  8.220749e+11  0.000000e+00  0.000000e+00  4.848579e+10  3.579765e+10  2.900288e+10  2.596635e+10
9.715132e+02  9.105419e+11  0.000000e+00  0.000000e+00  8.179858e+11  0.000000e+00  0.000000e+00  4.597340e+10  3.380014e+10  2.731519e+10  2.442703e+10
9.763823e+02  9.059904e+11  0.000000e+00  0.000000e+00  8.138970e+11  0.000000e+00  0.000000e+00  4.374208e+10  3.193276e+10  2.571503e+10  2.296085e+10
9.812759e+02  9.014941e+11  0.000000e+00  0.000000e+00  8.098577e+11  0.000000e+00  0.000000e+00  4.164010e+10  3.018449e+10  2.422406e+10  2.159776e+10
9.861939e+02  8.969976e+11  0.000000e+00  0.000000e+00  8.058183e+11  0.000000e+00  0.000000e+00  3.964956e+10  2.854128e+10  2.282977e+10  2.032601e+10
9.911367e+02  8.925230e+11  0.000000e+00  0.000000e+00  8.017985e+11  0.000000e+00  0.000000e+00  3.775867e+10  2.699298e+10  2.152275e+10  1.913663e+10
9.961042e+02  8.880805e+11  0.000000e+00  0.000000e+00  7.978076e+11  0.000000e+00  0.000000e+00  3.600500e+10  2.556070e+10  2.031737e+10  1.804141e+10
1.001097e+03  8.836486e+11  0.000000e+00  0.000000e+00  7.938263e+11  0.000000e+00  0.000000e+00  3.433778e+10  2.421161e+10  1.918807e+10  1.701771e+10
1.006114e+03  8.792690e+11  0.000000e+00  0.000000e+00  7.898918e+11  0.000000e+00  0.000000e+00  3.275834e+10  2.294375e+10  1.813144e+10  1.606175e+10
1.011157e+03  8.748787e+11  0.000000e+00  0.000000e+00  7.859478e+11  0.000000e+00  0.000000e+00  3.122975e+10  2.173044e+10  1.712644e+10  1.515486e+10
1.016224e+03  8.705092e+11  0.000000e+00  0.000000e+00  7.820224e+11  0.000000e+00  0.000000e+00  2.980364e+10  2.060420e+10  1.619670e+10  1.431716e+10
1.021318e+03  8.661807e+11  0.000000e+00  0.000000e+00  7.781339e+11  0.000000e+00  0.000000e+00  2.848983e+10  1.956980e+10  1.534486e+10  1.355054e+10
1.026436e+03  8.618522e+11  0.000000e+00  0.000000e+00  7.742454e+11  0.000000e+00  0.000000e+00  2.719622e+10  1.856560e+10  1.452323e+10  1.281305e+10
1.031581e+03  8.575836e+11  0.000000e+00  0.000000e+00  7.704107e+11  0.000000e+00  0.000000e+00  2.601058e+10  1.764675e+10  1.377287e+10  1.214015e+10
1.036751e+03  8.532950e+11  0.000000e+00  0.000000e+00  7.665580e+11  0.000000e+00  0.000000e+00  2.486891e+10  1.676998e+10  1.305982e+10  1.150186e+10
1.041947e+03  8.490458e+11  0.000000e+00  0.000000e+00  7.627407e+11  0.000000e+00  0.000000e+00  2.381133e+10  1.596344e+10  1.240633e+10  1.091774e+10
1.047169e+03  8.448160e+11  0.000000e+00  0.000000e+00  7.589409e+11  0.000000e+00  0.000000e+00  2.285576e+10  1.523286e+10  1.181502e+10  1.038955e+10
1.052418e+03  8.406053e+11  0.000000e+00  0.000000e+00  7.551583e+11  0.000000e+00  0.000000e+00  2.189406e+10  1.451510e+10  1.123873e+10  9.876357e+09
1.057692e+03  8.364324e+11  0.000000e+00  0.000000e+00  7.514095e+11  0.000000e+00  0.000000e+00  2.102219e+10  1.386410e+10  1.071679e+10  9.411894e+09
1.062993e+03  8.322406e+11  0.000000e+00  0.000000e+00  7.476438e+11  0.000000e+00  0.000000e+00  2.021377e+10  1.326382e+10  1.023695e+10  8.985435e+09
1.068321e+03  8.281236e+11  0.000000e+00  0.000000e+00  7.439453e+11  0.000000e+00  0.000000e+00  1.946572e+10  1.271198e+10  9.797264e+09  8.595191e+09
1.073675e+03  8.239695e+11  0.000000e+00  0.000000e+00  7.402134e+11  0.000000e+00  0.000000e+00  3.603534e+10  2.471223e+10  1.956087e+10  1.736805e+10
1.079056e+03  8.198887e+11  0.000000e+00  0.000000e+00  7.365474e+11  0.000000e+00  0.000000e+00  1.802471e+10  1.165334e+10  8.955010e+09  7.848088e+09
1.084465e+03  8.157895e+11  0.000000e+00  0.000000e+00  7.328649e+11  0.000000e+00  0.000000e+00  1.730889e+10  1.115685e+10  8.565927e+09  7.504716e+09
1.089900e+03  8.117265e+11  0.000000e+00  0.000000e+00  7.292149e+11  0.000000e+00  0.000000e+00  1.668827e+10  1.070718e+10  8.210221e+09  7.189863e+09
1.095362e+03  8.076811e+11  0.000000e+00  0.000000e+00  7.255808e+11  0.000000e+00  0.000000e+00  1.611621e+10  1.029529e+10  7.885419e+09  6.902745e+09
1.100852e+03  8.036706e+11  0.000000e+00  0.000000e+00  7.219780e+11  0.000000e+00  0.000000e+00  1.558881e+10  9.917781e+09  7.588527e+09  6.640590e+09
1.106370e+03  7.996427e+11  0.000000e+00  0.000000e+00  7.183595e+11  0.000000e+00  0.000000e+00  1.510791e+10  9.574810e+09  7.319314e+09  6.403059e+09
1.111915e+03  7.956838e+11  0.000000e+00  0.000000e+00  7.148030e+11  0.000000e+00  0.000000e+00  1.466429e+10  9.260229e+09  7.072912e+09  6.185826e+09
1.117487e+03  7.917075e+11  0.000000e+00  0.000000e+00  7.112309e+11  0.000000e+00  0.000000e+00  1.425939e+10  8.974246e+09  6.849212e+09  5.988690e+09
1.123088e+03  7.877652e+11  0.000000e+00  0.000000e+00  7.076893e+11  0.000000e+00  0.000000e+00  1.383091e+10  8.682311e+09  6.624275e+09  5.791903e+09
1.128717e+03  7.838396e+11  0.000000e+00  0.000000e+00  7.041627e+11  0.000000e+00  0.000000e+00  2.430029e+10  1.680555e+10  1.340500e+10  1.195062e+10
1.134374e+03  7.799306e+11  0.000000e+00  0.000000e+00  7.006511e+11  0.000000e+00  0.000000e+00  1.316099e+10  8.211934e+09  6.257419e+09  5.468996e+09
1.140059e+03  7.760543e+11  0.000000e+00  0.000000e+00  6.971688e+11  0.000000e+00  0.000000e+00  1.285732e+10  7.999747e+09  6.092400e+09  5.323934e+09
1.145773e+03  7.721780e+11  0.000000e+00  0.000000e+00  6.936866e+11  0.000000e+00  0.000000e+00  1.260141e+10  7.823355e+09  5.956456e+09  5.204945e+09
1.151516e+03  7.683338e+11  0.000000e+00  0.000000e+00  6.902331e+11  0.000000e+00  0.000000e+00  2.099637e+10  1.463874e+10  1.175845e+10  1.052005e+10
1.157287e+03  7.645210e+11  0.000000e+00  0.000000e+00  6.868079e+11  0.000000e+00  0.000000e+00  1.220052e+10  7.546365e+09  5.743494e+09  5.018801e+09
1.163087e+03  7.606925e+11  0.000000e+00  0.000000e+00  6.833685e+11  0.000000e+00  0.000000e+00  2.243384e+10  1.606898e+10  1.308614e+10  1.178159e+10
1.168917e+03  7.569109e+11  0.000000e+00  0.000000e+00  6.799714e+11  0.000000e+00  0.000000e+00  1.184606e+10  7.297632e+09  5.551163e+09  4.850261e+09
1.174775e+03  7.531446e+11  0.000000e+00  0.000000e+00  6.765879e+11  0.000000e+00  0.000000e+00  1.877258e+10  1.318458e+10  1.067540e+10  9.592020e+09
1.180663e+03  7.493785e+11  0.000000e+00  0.000000e+00  6.732046e+11  0.000000e+00  0.000000e+00  2.110957e+10  1.538065e+10  1.270556e+10  1.152405e+10
1.186580e+03  7.456576e+11  0.000000e+00  0.000000e+00  6.698619e+11  0.000000e+00  0.000000e+00  2.049086e+10  1.528635e+10  1.283149e+10  1.172972e+10
1.192527e+03  7.419367e+11  0.000000e+00  0.000000e+00  6.665192e+11  0.000000e+00  0.000000e+00  1.126926e+10  6.877205e+09  5.222146e+09  4.560582e+09
1.198504e+03  7.382454e+11  0.000000e+00  0.000000e+00  6.632032e+11  0.000000e+00  0.000000e+00  2.332456e+10  1.859921e+10  1.616987e+10  1.502160e+10
1.204511e+03  7.345542e+11  0.000000e+00  0.000000e+00  6.598872e+11  0.000000e+00  0.000000e+00  2.303398e+10  1.805028e+10  1.551716e+10  1.433652e+10
1.210548e+03  7.309065e+11  0.000000e+00  0.000000e+00  6.566102e+11  0.000000e+00  0.000000e+00  8.943266e+10  5.548346e+10  4.336234e+10  3.845121e+10
1.216615e+03  7.272726e+11  0.000000e+00  0.000000e+00  6.533458e+11  0.000000e+00  0.000000e+00  2.016703e+10  1.522720e+10  1.282541e+10  1.173717e+10
1.222713e+03  7.236391e+11  0.000000e+00  0.000000e+00  6.500816e+11  0.000000e+00  0.000000e+00  1.912914e+10  1.419150e+10  1.182958e+10  1.077207e+10
1.228841e+03  7.200336e+11  0.000000e+00  0.000000e+00  6.468426e+11  0.000000e+00  0.000000e+00  1.818934e+10  1.326620e+10  1.095087e+10  9.925704e+09
1.235000e+03  7.164423e+11  0.000000e+00  0.000000e+00  6.436164e+11  0.000000e+00  0.000000e+00  1.733033e+10  1.243301e+10  1.016967e+10  9.177931e+09
1.241189e+03  7.128787e+11  0.000000e+00  0.000000e+00  6.404150e+11  0.000000e+00  0.000000e+00  1.653357e+10  1.166781e+10  9.460889e+09  8.503794e+09
1.247410e+03  7.093285e+11  0.000000e+00  0.000000e+00  6.372257e+11  0.000000e+00  0.000000e+00  1.581710e+10  1.098800e+10  8.837875e+09  7.914161e+09
1.253662e+03  7.057920e+11  0.000000e+00  0.000000e+00  6.340487e+11  0.000000e+00  0.000000e+00  1.515463e+10  1.036484e+10  8.272719e+09  7.382100e+09
1.259945e+03  7.022689e+11  0.000000e+00  0.000000e+00  6.308837e+11  0.000000e+00  0.000000e+00  1.581089e+10  1.184851e+10  9.821811e+09  8.897859e+09
1.266260e+03  6.987724e+11  0.000000e+00  0.000000e+00  6.277426e+11  0.000000e+00  0.000000e+00  1.507153e+10  1.115017e+10  9.177358e+09  8.286981e+09
1.272606e+03  6.953018e+11  0.000000e+00  0.000000e+00  6.246248e+11  0.000000e+00  0.000000e+00  1.442933e+10  1.054282e+10  8.619265e+09  7.759308e+09
1.278985e+03  6.918312e+11  0.000000e+00  0.000000e+00  6.215070e+11  0.000000e+00  0.000000e+00  4.290438e+10  2.862643e+10  2.267509e+10  2.015972e+10
1.285395e+03  6.883864e+11  0.000000e+00  0.000000e+00  6.184123e+11  0.000000e+00  0.000000e+00  1.322677e+10  9.445385e+09  7.631480e+09  6.834016e+09
1.291837e+03  6.849545e+11  0.000000e+00  0.000000e+00  6.153292e+11  0.000000e+00  0.000000e+00  1.269907e+10  8.973201e+09  7.211900e+09  6.443283e+09
1.298312e+03  6.815352e+11  0.000000e+00  0.000000e+00  6.122576e+11  0.000000e+00  0.000000e+00  1.225937e+10  8.576908e+09  6.860369e+09  6.116388e+09
1.304819e+03  6.781411e+11  0.000000e+00  0.000000e+00  6.092084e+11  0.000000e+00  0.000000e+00  3.060220e+10  2.044823e+10  1.614518e+10  1.432849e+10
1.311358e+03  6.747715e+11  0.000000e+00  0.000000e+00  6.061814e+11  0.000000e+00  0.000000e+00  1.156054e+10  7.944792e+09  6.302967e+09  5.599834e+09
1.317931e+03  6.714019e+11  0.000000e+00  0.000000e+00  6.031543e+11  0.000000e+00  0.000000e+00  1.131658e+10  7.717632e+09  6.102929e+09  5.414895e+09
1.324536e+03  6.680685e+11  0.000000e+00  0.000000e+00  6.001597e+11  0.000000e+00  0.000000e+00  3.175767e+10  2.113587e+10  1.666972e+10  1.478867e+10
1.331175e+03  6.647232e+11  0.000000e+00  0.000000e+00  5.971544e+11  0.000000e+00  0.000000e+00  1.292564e+10  8.819864e+09  7.001311e+09  6.227680e+09
1.337846e+03  6.614255e+11  0.000000e+00  0.000000e+00  5.941919e+11  0.000000e+00  0.000000e+00  1.105785e+10  7.429054e+09  5.846875e+09  5.179404e+09
1.344552e+03  6.581159e+11  0.000000e+00  0.000000e+00  5.912188e+11  0.000000e+00  0.000000e+00  1.937115e+11  1.421050e+11  1.182516e+11  1.076503e+11
1.351290e+03  6.548530e+11  0.000000e+00  0.000000e+00  5.882875e+11  0.000000e+00  0.000000e+00  4.009504e+10  2.632558e+10  2.089254e+10  1.862779e+10
1.358063e+03  6.515784e+11  0.000000e+00  0.000000e+00  5.853458e+11  0.000000e+00  0.000000e+00  1.701257e+10  1.218351e+10  9.833275e+09  8.794526e+09
1.364869e+03  6.483383e+11  0.000000e+00  0.000000e+00  5.824351e+11  0.000000e+00  0.000000e+00  3.694134e+10  2.862702e+10  2.422448e+10  2.214742e+10
1.371710e+03  6.451094e+11  0.000000e+00  0.000000e+00  5.795344e+11  0.000000e+00  0.000000e+00  3.692308e+10  2.849614e+10  2.402080e+10  2.191744e+10
1.378585e+03  6.418806e+11  0.000000e+00  0.000000e+00  5.766338e+11  0.000000e+00  0.000000e+00  3.405451e+10  2.615111e+10  2.194168e+10  1.997283e+10
1.385494e+03  6.386961e+11  0.000000e+00  0.000000e+00  5.737730e+11  0.000000e+00  0.000000e+00  3.142015e+10  2.400891e+10  2.005563e+10  1.821548e+10
1.392438e+03  6.355113e+11  0.000000e+00  0.000000e+00  5.709119e+11  0.000000e+00  0.000000e+00  2.900307e+10  2.205296e+10  1.834467e+10  1.662683e+10
1.399417e+03  6.323482e+11  0.000000e+00  0.000000e+00  5.680704e+11  0.000000e+00  0.000000e+00  2.678689e+10  2.026767e+10  1.679237e+10  1.519015e+10
1.406431e+03  6.291959e+11  0.000000e+00  0.000000e+00  5.652385e+11  0.000000e+00  0.000000e+00  2.475599e+10  1.863851e+10  1.538379e+10  1.389039e+10
1.413480e+03  6.260542e+11  0.000000e+00  0.000000e+00  5.624162e+11  0.000000e+00  0.000000e+00  2.289569e+10  1.715205e+10  1.410533e+10  1.271398e+10
1.420564e+03  6.229339e+11  0.000000e+00  0.000000e+00  5.596130e+11  0.000000e+00  0.000000e+00  2.119231e+10  1.579590e+10  1.294468e+10  1.164873e+10
1.427684e+03  6.198447e+11  0.000000e+00  0.000000e+00  5.568379e+11  0.000000e+00  0.000000e+00  1.963311e+10  1.455860e+10  1.189061e+10  1.068362e+10
1.434839e+03  6.167452e+11  0.000000e+00  0.000000e+00  5.540534e+11  0.000000e+00  0.000000e+00  1.820629e+10  1.342957e+10  1.093284e+10  9.808626e+09
1.442030e+03  6.136663e+11  0.000000e+00  0.000000e+00  5.512875e+11  0.000000e+00  0.000000e+00  1.690087e+10  1.239894e+10  1.006190e+10  9.014539e+09
1.449258e+03  6.106177e+11  0.000000e+00  0.000000e+00  5.485488e+11  0.000000e+00  0.000000e+00  1.570670e+10  1.145742e+10  9.268936e+09  8.292816e+09
1.456521e+03  6.075790e+11  0.000000e+00  0.000000e+00  5.458189e+11  0.000000e+00  0.000000e+00  1.715430e+10  1.282216e+10  1.048214e+10  9.417408e+09
1.463821e+03  6.045402e+11  0.000000e+00  0.000000e+00  5.430890e+11  0.000000e+00  0.000000e+00  1.611843e+10  1.202666e+10  9.817113e+09  8.813746e+09
1.471158e+03  6.015408e+11  0.000000e+00  0.000000e+00  5.403945e+11  0.000000e+00  0.000000e+00  1.500234e+10  1.119427e+10  9.131021e+09  8.194683e+09
1.478531e+03  5.985317e+11  0.000000e+00  0.000000e+00  5.376913e+11  0.000000e+00  0.000000e+00  1.394820e+10  1.039715e+10  8.471463e+09  7.598833e+09
1.485941e+03  5.955517e+11  0.000000e+00  0.000000e+00  5.350142e+11  0.000000e+00  0.000000e+00  1.297610e+10  9.656350e+09  7.857655e+09  7.044168e+09
1.493389e+03  5.925906e+11  0.000000e+00  0.000000e+00  5.323541e+11  0.000000e+00  0.000000e+00  1.207887e+10  8.969281e+09  7.288254e+09  6.529724e+09
1.500874e+03  5.896388e+11  0.000000e+00  0.000000e+00  5.297023e+11  0.000000e+00  0.000000e+00  1.125413e+10  8.335889e+09  6.763627e+09  6.055952e+09
1.508396e+03  5.866965e+11  0.000000e+00  0.000000e+00  5.270591e+11  0.000000e+00  0.000000e+00  1.049859e+10  7.754701e+09  6.282738e+09  5.621954e+09
1.515956e+03  5.837726e+11  0.000000e+00  0.000000e+00  5.244325e+11  0.000000e+00  0.000000e+00  9.808474e+09  7.223453e+09  5.843766e+09  5.226082e+09
1.523554e+03  5.808580e+11  0.000000e+00  0.000000e+00  5.218141e+11  0.000000e+00  0.000000e+00  9.179784e+09  6.739453e+09  5.444469e+09  4.866284e+09
1.531190e+03  5.779705e+11  0.000000e+00  0.000000e+00  5.192201e+11  0.000000e+00  0.000000e+00  8.608514e+09  6.299834e+09  5.082417e+09  4.540334e+09
1.538864e+03  5.750920e+11  0.000000e+00  0.000000e+00  5.166342e+11  0.000000e+00  0.000000e+00  8.090755e+09  5.901692e+09  4.755138e+09  4.245962e+09
1.546576e+03  5.722222e+11  0.000000e+00  0.000000e+00  5.140562e+11  0.000000e+00  0.000000e+00  7.622799e+09  5.542200e+09  4.460214e+09  3.980947e+09
1.554328e+03  5.693704e+11  0.000000e+00  0.000000e+00  5.114942e+11  0.000000e+00  0.000000e+00  7.201222e+09  5.218704e+09  4.195367e+09  3.743198e+09
1.562118e+03  5.665358e+11  0.000000e+00  0.000000e+00  5.089478e+11  0.000000e+00  0.000000e+00  6.823054e+09  4.928858e+09  3.958581e+09  3.530864e+09
1.569947e+03  5.637184e+11  0.000000e+00  0.000000e+00  5.064167e+11  0.000000e+00  0.000000e+00  6.485877e+09  4.670744e+09  3.748219e+09  3.342448e+09
1.577815e+03  5.609011e+11  0.000000e+00  0.000000e+00  5.038858e+11  0.000000e+00  0.000000e+00  1.533828e+10  1.150162e+10  9.542729e+09  8.652564e+09
1.585723e+03  5.581093e+11  0.000000e+00  0.000000e+00  5.013778e+11  0.000000e+00  0.000000e+00  8.199759e+09  5.769820e+09  4.595400e+09  4.085808e+09
1.593671e+03  5.553256e+11  0.000000e+00  0.000000e+00  4.988771e+11  0.000000e+00  0.000000e+00  7.716525e+09  5.418576e+09  4.312479e+09  3.833287e+09
1.601658e+03  5.525586e+11  0.000000e+00  0.000000e+00  4.963913e+11  0.000000e+00  0.000000e+00  7.278259e+09  5.101628e+09  4.058080e+09  3.606592e+09
1.609686e+03  5.498080e+11  0.000000e+00  0.000000e+00  4.939203e+11  0.000000e+00  0.000000e+00  6.881526e+09  4.816037e+09  3.829555e+09  3.403236e+09
1.617753e+03  5.470655e+11  0.000000e+00  0.000000e+00  4.914566e+11  0.000000e+00  0.000000e+00  6.522571e+09  4.558943e+09  3.624464e+09  3.220980e+09
1.625861e+03  5.443472e+11  0.000000e+00  0.000000e+00  4.890146e+11  0.000000e+00  0.000000e+00  6.200071e+09  4.328906e+09  3.441475e+09  3.058572e+09
1.634010e+03  5.416209e+11  0.000000e+00  0.000000e+00  4.865654e+11  0.000000e+00  0.000000e+00  5.910847e+09  4.123664e+09  3.278733e+09  2.914340e+09
1.642199e+03  5.389341e+11  0.000000e+00  0.000000e+00  4.841518e+11  0.000000e+00  0.000000e+00  5.652823e+09  3.941668e+09  3.134959e+09  2.787134e+09
1.650430e+03  5.362472e+11  0.000000e+00  0.000000e+00  4.817380e+11  0.000000e+00  0.000000e+00  5.424337e+09  3.781782e+09  3.009270e+09  2.676180e+09
1.658702e+03  5.335681e+11  0.000000e+00  0.000000e+00  4.793312e+11  0.000000e+00  0.000000e+00  9.801972e+09  7.517711e+09  6.320574e+09  5.765740e+09
1.667015e+03  5.309119e+11  0.000000e+00  0.000000e+00  4.769450e+11  0.000000e+00  0.000000e+00  5.029193e+09  3.503638e+09  2.789665e+09  2.481838e+09
1.675370e+03  5.282708e+11  0.000000e+00  0.000000e+00  4.745724e+11  0.000000e+00  0.000000e+00  4.844213e+09  3.376552e+09  2.690155e+09  2.394069e+09
1.683767e+03  5.256297e+11  0.000000e+00  0.000000e+00  4.721998e+11  0.000000e+00  0.000000e+00  4.715070e+09  3.293655e+09  2.627263e+09  2.339363e+09
1.692206e+03  5.230184e+11  0.000000e+00  0.000000e+00  4.698538e+11  0.000000e+00  0.000000e+00  8.323287e+09  6.447964e+09  5.450394e+09  4.983398e+09
1.700687e+03  5.204070e+11  0.000000e+00  0.000000e+00  4.675079e+11  0.000000e+00  0.000000e+00  4.473579e+09  3.128173e+09  2.498825e+09  2.226612e+09
1.709211e+03  5.178175e+11  0.000000e+00  0.000000e+00  4.651816e+11  0.000000e+00  0.000000e+00  4.379777e+09  3.065709e+09  2.451322e+09  2.185339e+09
1.717777e+03  5.152352e+11  0.000000e+00  0.000000e+00  4.628618e+11  0.000000e+00  0.000000e+00  8.725849e+09  6.889625e+09  5.880902e+09  5.399318e+09
1.726386e+03  5.126673e+11  0.000000e+00  0.000000e+00  4.605549e+11  0.000000e+00  0.000000e+00  7.304819e+09  5.683188e+09  4.819025e+09  4.412008e+09
1.735039e+03  5.101134e+11  0.000000e+00  0.000000e+00  4.582606e+11  0.000000e+00  0.000000e+00  6.481463e+09  4.981964e+09  4.201337e+09  3.837549e+09
1.743735e+03  5.075665e+11  0.000000e+00  0.000000e+00  4.559727e+11  0.000000e+00  0.000000e+00  1.146198e+10  9.572374e+09  8.446068e+09  7.869392e+09
1.752474e+03  5.050472e+11  0.000000e+00  0.000000e+00  4.537094e+11  0.000000e+00  0.000000e+00  4.085707e+09  2.864399e+09  2.295875e+09  2.049276e+09
1.761258e+03  5.025210e+11  0.000000e+00  0.000000e+00  4.514401e+11  0.000000e+00  0.000000e+00  7.097312e+09  5.827888e+09  5.138589e+09  4.793694e+09
1.770085e+03  5.000221e+11  0.000000e+00  0.000000e+00  4.491951e+11  0.000000e+00  0.000000e+00  1.083397e+10  9.217364e+09  8.245902e+09  7.735060e+09
1.778956e+03  4.975232e+11  0.000000e+00  0.000000e+00  4.469502e+11  0.000000e+00  0.000000e+00  1.004727e+10  8.358945e+09  7.346549e+09  6.831522e+09
1.787872e+03  4.950510e+11  0.000000e+00  0.000000e+00  4.447293e+11  0.000000e+00  0.000000e+00  9.354285e+09  7.626646e+09  6.606269e+09  6.105405e+09
1.796833e+03  4.925852e+11  0.000000e+00  0.000000e+00  4.425141e+11  0.000000e+00  0.000000e+00  8.766689e+09  7.015563e+09  5.990339e+09  5.493689e+09
1.805839e+03  4.901260e+11  0.000000e+00  0.000000e+00  4.403049e+11  0.000000e+00  0.000000e+00  8.256514e+09  6.516215e+09  5.538003e+09  5.083519e+09
1.814889e+03  4.876798e+11  0.000000e+00  0.000000e+00  4.381074e+11  0.000000e+00  0.000000e+00  7.833941e+09  6.089671e+09  5.095400e+09  4.628450e+09
1.823985e+03  4.852528e+11  0.000000e+00  0.000000e+00  4.359271e+11  0.000000e+00  0.000000e+00  7.528909e+09  5.855396e+09  4.963896e+09  4.560534e+09
1.833127e+03  4.828382e+11  0.000000e+00  0.000000e+00  4.337580e+11  0.000000e+00  0.000000e+00  7.274453e+09  5.557355e+09  4.596304e+09  4.152787e+09
1.842315e+03  4.804299e+11  0.000000e+00  0.000000e+00  4.315945e+11  0.000000e+00  0.000000e+00  2.030958e+10  1.548868e+10  1.280655e+10  1.156992e+10
1.851548e+03  4.780341e+11  0.000000e+00  0.000000e+00  4.294422e+11  0.000000e+00  0.000000e+00  1.419889e+11  1.133660e+11  9.577599e+10  8.730583e+10
1.860828e+03  4.756506e+11  0.000000e+00  0.000000e+00  4.273010e+11  0.000000e+00  0.000000e+00  2.746061e+10  1.992465e+10  1.633611e+10  1.472773e+10
1.870154e+03  4.732794e+11  0.000000e+00  0.000000e+00  4.251708e+11  0.000000e+00  0.000000e+00  5.958793e+09  4.373587e+09  3.545477e+09  3.175810e+09
1.879527e+03  4.709261e+11  0.000000e+00  0.000000e+00  4.230567e+11  0.000000e+00  0.000000e+00  5.550148e+09  4.019661e+09  3.240730e+09  2.896330e+09
1.888947e+03  4.685729e+11  0.000000e+00  0.000000e+00  4.209427e+11  0.000000e+00  0.000000e+00  8.226917e+09  5.876622e+09  4.715952e+09  4.207079e+09
1.898415e+03  4.662433e+11  0.000000e+00  0.000000e+00  4.188499e+11  0.000000e+00  0.000000e+00  4.980257e+09  3.539699e+09  2.834966e+09  2.527305e+09
1.907929e+03  4.639194e+11  0.000000e+00  0.000000e+00  4.167623e+11  0.000000e+00  0.000000e+00  8.854051e+09  6.277721e+09  5.030337e+09  4.485599e+09
1.917492e+03  4.616013e+11  0.000000e+00  0.000000e+00  4.146797e+11  0.000000e+00  0.000000e+00  4.611584e+09  3.236690e+09  2.582976e+09  2.299822e+09
1.927102e+03  4.593061e+11  0.000000e+00  0.000000e+00  4.126179e+11  0.000000e+00  0.000000e+00  4.480588e+09  3.129799e+09  2.494738e+09  2.220438e+09
1.936760e+03  4.570109e+11  0.000000e+00  0.000000e+00  4.105560e+11  0.000000e+00  0.000000e+00  4.382489e+09  3.049569e+09  2.428769e+09  2.161213e+09
1.946467e+03  4.547383e+11  0.000000e+00  0.000000e+00  4.085144e+11  0.000000e+00  0.000000e+00  4.312841e+09  2.991799e+09  2.381354e+09  2.118708e+09
1.956223e+03  4.524711e+11  0.000000e+00  0.000000e+00  4.064777e+11  0.000000e+00  0.000000e+00  4.268630e+09  2.953669e+09  2.350030e+09  2.090655e+09
1.966027e+03  4.502150e+11  0.000000e+00  0.000000e+00  4.044509e+11  0.000000e+00  0.000000e+00  1.185686e+10  8.651874e+09  7.050713e+09  6.333380e+09
1.975881e+03  4.479752e+11  0.000000e+00  0.000000e+00  4.024388e+11  0.000000e+00  0.000000e+00  1.224913e+10  8.844667e+09  7.161474e+09  6.414209e+09
1.985784e+03  4.457354e+11  0.000000e+00  0.000000e+00  4.004267e+11  0.000000e+00  0.000000e+00  1.116757e+10  7.970887e+09  6.411634e+09  5.726090e+09
1.995736e+03  4.435171e+11  0.000000e+00  0.000000e+00  3.984338e+11  0.000000e+00  0.000000e+00  1.020989e+10  7.212983e+09  5.770388e+09  5.141356e+09
2.005739e+03  4.413040e+11  0.000000e+00  0.000000e+00  3.964457e+11  0.000000e+00  0.000000e+00  9.386574e+09  6.571810e+09  5.233941e+09  4.654648e+09
2.015791e+03  4.391065e+11  0.000000e+00  0.000000e+00  3.944715e+11  0.000000e+00  0.000000e+00  8.625903e+09  5.992260e+09  4.755428e+09  4.223001e+09
2.025894e+03  4.369193e+11  0.000000e+00  0.000000e+00  3.925067e+11  0.000000e+00  0.000000e+00  7.976453e+09  5.504002e+09  4.355757e+09  3.863857e+09
2.036048e+03  4.347424e+11  0.000000e+00  0.000000e+00  3.905511e+11  0.000000e+00  0.000000e+00  7.408717e+09  5.083246e+09  4.014280e+09  3.558151e+09
2.046252e+03  4.325756e+11  0.000000e+00  0.000000e+00  3.886045e+11  0.000000e+00  0.000000e+00  6.913870e+09  4.721257e+09  3.722713e+09  3.297978e+09
2.056508e+03  4.304190e+11  0.000000e+00  0.000000e+00  3.866671e+11  0.000000e+00  0.000000e+00  6.483357e+09  4.410119e+09  3.473778e+09  3.076476e+09
2.066815e+03  4.282723e+11  0.000000e+00  0.000000e+00  3.847387e+11  0.000000e+00  0.000000e+00  6.110015e+09  4.143277e+09  3.261580e+09  2.888157e+09
2.077174e+03  4.261356e+11  0.000000e+00  0.000000e+00  3.828191e+11  0.000000e+00  0.000000e+00  5.787286e+09  3.914953e+09  3.080990e+09  2.728253e+09
2.087585e+03  4.240087e+11  0.000000e+00  0.000000e+00  3.809084e+11  0.000000e+00  0.000000e+00  5.509339e+09  3.720169e+09  2.927677e+09  2.592777e+09
2.098047e+03  4.219010e+11  0.000000e+00  0.000000e+00  3.790150e+11  0.000000e+00  0.000000e+00  5.271056e+09  3.554670e+09  2.797999e+09  2.478399e+09
2.108563e+03  4.198026e+11  0.000000e+00  0.000000e+00  3.771299e+11  0.000000e+00  0.000000e+00  5.067951e+09  3.414829e+09  2.688896e+09  2.382337e+09
2.119130e+03  4.176950e+11  0.000000e+00  0.000000e+00  3.752365e+11  0.000000e+00  0.000000e+00  4.896101e+09  3.297563e+09  2.597806e+09  2.302279e+09
2.129751e+03  4.156250e+11  0.000000e+00  0.000000e+00  3.733769e+11  0.000000e+00  0.000000e+00  4.752122e+09  3.200171e+09  2.522411e+09  2.236092e+09
2.140426e+03  4.135548e+11  0.000000e+00  0.000000e+00  3.715172e+11  0.000000e+00  0.000000e+00  4.633206e+09  3.120771e+09  2.461440e+09  2.182773e+09
2.151153e+03  4.114847e+11  0.000000e+00  0.000000e+00  3.696575e+11  0.000000e+00  0.000000e+00  4.537009e+09  3.057525e+09  2.413298e+09  2.140837e+09
2.161935e+03  4.094419e+11  0.000000e+00  0.000000e+00  3.678224e+11  0.000000e+00  0.000000e+00  4.461921e+09  3.009283e+09  2.377064e+09  2.109467e+09
2.172770e+03  4.073901e+11  0.000000e+00  0.000000e+00  3.659792e+11  0.000000e+00  0.000000e+00  4.407260e+09  2.975712e+09  2.352531e+09  2.088496e+09
2.183660e+03  4.053652e+11  0.000000e+00  0.000000e+00  3.641601e+11  0.000000e+00  0.000000e+00  1.563883e+10  1.077484e+10  8.593623e+09  7.651896e+09
2.194604e+03  4.033490e+11  0.000000e+00  0.000000e+00  3.623488e+11  0.000000e+00  0.000000e+00  4.288587e+09  2.891937e+09  2.286126e+09  2.029547e+09
2.205603e+03  4.013327e+11  0.000000e+00  0.000000e+00  3.605374e+11  0.000000e+00  0.000000e+00  4.228009e+09  2.847144e+09  2.250078e+09  1.997363e+09
2.216658e+03  3.993337e+11  0.000000e+00  0.000000e+00  3.587416e+11  0.000000e+00  0.000000e+00  4.185272e+09  2.816175e+09  2.225522e+09  1.975590e+09
2.227767e+03  3.973433e+11  0.000000e+00  0.000000e+00  3.569536e+11  0.000000e+00  0.000000e+00  4.156756e+09  2.795637e+09  2.209386e+09  1.961344e+09
2.238933e+03  3.953614e+11  0.000000e+00  0.000000e+00  3.551731e+11  0.000000e+00  0.000000e+00  4.140243e+09  2.783580e+09  2.199958e+09  1.953042e+09
2.250154e+03  3.933963e+11  0.000000e+00  0.000000e+00  3.534078e+11  0.000000e+00  0.000000e+00  4.134428e+09  2.778888e+09  2.196273e+09  1.949793e+09
2.261432e+03  3.914229e+11  0.000000e+00  0.000000e+00  3.516350e+11  0.000000e+00  0.000000e+00  4.138721e+09  2.781019e+09  2.197846e+09  1.951148e+09
2.272766e+03  3.894826e+11  0.000000e+00  0.000000e+00  3.498920e+11  0.000000e+00  0.000000e+00  4.143010e+09  2.782713e+09  2.198926e+09  1.952105e+09
2.284157e+03  3.875340e+11  0.000000e+00  0.000000e+00  3.481414e+11  0.000000e+00  0.000000e+00  4.169337e+09  2.800458e+09  2.213038e+09  1.964692e+09
2.295605e+03  3.856097e+11  0.000000e+00  0.000000e+00  3.464127e+11  0.000000e+00  0.000000e+00  1.208294e+10  8.346558e+09  6.638006e+09  5.901556e+09
2.307110e+03  3.836773e+11  0.000000e+00  0.000000e+00  3.446767e+11  0.000000e+00  0.000000e+00  4.210028e+09  2.820521e+09  2.226766e+09  1.976251e+09
2.318673e+03  3.817765e+11  0.000000e+00  0.000000e+00  3.429691e+11  0.000000e+00  0.000000e+00  4.232247e+09  2.832788e+09  2.250564e+09  2.015823e+09
2.330294e+03  3.798601e+11  0.000000e+00  0.000000e+00  3.412475e+11  0.000000e+00  0.000000e+00  4.174403e+09  2.819469e+09  2.270239e+09  2.050193e+09
2.341973e+03  3.779748e+11  0.000000e+00  0.000000e+00  3.395539e+11  0.000000e+00  0.000000e+00  1.062011e+10  7.383641e+09  5.883158e+09  5.234618e+09
2.353711e+03  3.760894e+11  0.000000e+00  0.000000e+00  3.378601e+11  0.000000e+00  0.000000e+00  4.290102e+09  2.939531e+09  2.423365e+09  2.217078e+09
2.365508e+03  3.742117e+11  0.000000e+00  0.000000e+00  3.361733e+11  0.000000e+00  0.000000e+00  4.371960e+09  2.942552e+09  2.328655e+09  2.069041e+09
2.377363e+03  3.723490e+11  0.000000e+00  0.000000e+00  3.345000e+11  0.000000e+00  0.000000e+00  1.201944e+10  8.542059e+09  6.982012e+09  6.304408e+09
2.389279e+03  3.704938e+11  0.000000e+00  0.000000e+00  3.328333e+11  0.000000e+00  0.000000e+00  1.000786e+10  7.544399e+09  6.405250e+09  5.877580e+09
2.401253e+03  3.686459e+11  0.000000e+00  0.000000e+00  3.311733e+11  0.000000e+00  0.000000e+00  8.721685e+09  6.050892e+09  4.816401e+09  4.283939e+09
2.413288e+03  3.668053e+11  0.000000e+00  0.000000e+00  3.295197e+11  0.000000e+00  0.000000e+00  1.944490e+10  1.479143e+10  1.228195e+10  1.111345e+10
2.425383e+03  3.649719e+11  0.000000e+00  0.000000e+00  3.278727e+11  0.000000e+00  0.000000e+00  1.651424e+10  1.058622e+10  8.133038e+09  7.128975e+09
2.437539e+03  3.631600e+11  0.000000e+00  0.000000e+00  3.262450e+11  0.000000e+00  0.000000e+00  1.105992e+10  8.521322e+09  7.069902e+09  6.390218e+09
2.449756e+03  3.613481e+11  0.000000e+00  0.000000e+00  3.246172e+11  0.000000e+00  0.000000e+00  6.063497e+10  4.243291e+10  3.358073e+10  2.976102e+10
2.462034e+03  3.595432e+11  0.000000e+00  0.000000e+00  3.229958e+11  0.000000e+00  0.000000e+00  2.297363e+10  1.630484e+10  1.302519e+10  1.159130e+10
2.474374e+03  3.577523e+11  0.000000e+00  0.000000e+00  3.213870e+11  0.000000e+00  0.000000e+00  1.277183e+10  9.164509e+09  7.350627e+09  6.552581e+09
2.486775e+03  3.559682e+11  0.000000e+00  0.000000e+00  3.197842e+11  0.000000e+00  0.000000e+00  1.127853e+10  7.910199e+09  6.285925e+09  5.583256e+09
2.499238e+03  3.541978e+11  0.000000e+00  0.000000e+00  3.181938e+11  0.000000e+00  0.000000e+00  1.003542e+10  6.910585e+09  5.453593e+09  4.831254e+09
2.511764e+03  3.524273e+11  0.000000e+00  0.000000e+00  3.166033e+11  0.000000e+00  0.000000e+00  1.154149e+10  7.726141e+09  6.034887e+09  5.324849e+09
2.524353e+03  3.506703e+11  0.000000e+00  0.000000e+00  3.150249e+11  0.000000e+00  0.000000e+00  8.128031e+09  5.455242e+09  4.269140e+09  3.770767e+09
2.537005e+03  3.489199e+11  0.000000e+00  0.000000e+00  3.134524e+11  0.000000e+00  0.000000e+00  7.404009e+09  4.927945e+09  3.848523e+09  3.397177e+09
2.549720e+03  3.471827e+11  0.000000e+00  0.000000e+00  3.118917e+11  0.000000e+00  0.000000e+00  6.805487e+09  4.503017e+09  3.513190e+09  3.100612e+09
2.562499e+03  3.454519e+11  0.000000e+00  0.000000e+00  3.103369e+11  0.000000e+00  0.000000e+00  7.665645e+09  5.010513e+09  3.892876e+09  3.430009e+09
2.575342e+03  3.437276e+11  0.000000e+00  0.000000e+00  3.087878e+11  0.000000e+00  0.000000e+00  5.900992e+09  3.880162e+09  3.027761e+09  2.673412e+09
2.588250e+03  3.420159e+11  0.000000e+00  0.000000e+00  3.072502e+11  0.000000e+00  0.000000e+00  5.566355e+09  3.656301e+09  2.855365e+09  2.522423e+09
2.601222e+03  3.403106e+11  0.000000e+00  0.000000e+00  3.057182e+11  0.000000e+00  0.000000e+00  7.363594e+09  4.775292e+09  3.707336e+09  3.266375e+09
2.614259e+03  3.386176e+11  0.000000e+00  0.000000e+00  3.041974e+11  0.000000e+00  0.000000e+00  6.539551e+09  4.251333e+09  3.307720e+09  2.917383e+09
2.627361e+03  3.369247e+11  0.000000e+00  0.000000e+00  3.026765e+11  0.000000e+00  0.000000e+00  5.962284e+09  3.885348e+09  3.029073e+09  2.674207e+09
2.640529e+03  3.352438e+11  0.000000e+00  0.000000e+00  3.011665e+11  0.000000e+00  0.000000e+00  6.204343e+09  4.033991e+09  3.142525e+09  2.773401e+09
2.653764e+03  3.335690e+11  0.000000e+00  0.000000e+00  2.996619e+11  0.000000e+00  0.000000e+00  6.244201e+09  4.060704e+09  3.164417e+09  2.793099e+09
2.667064e+03  3.319121e+11  0.000000e+00  0.000000e+00  2.981734e+11  0.000000e+00  0.000000e+00  5.133597e+09  3.432669e+09  2.703983e+09  2.397203e+09
2.680431e+03  3.302551e+11  0.000000e+00  0.000000e+00  2.966849e+11  0.000000e+00  0.000000e+00  1.011179e+10  6.661130e+09  5.194622e+09  4.582609e+09
2.693865e+03  3.286041e+11  0.000000e+00  0.000000e+00  2.952017e+11  0.000000e+00  0.000000e+00  9.031076e+09  5.881855e+09  4.570068e+09  4.026578e+09
2.707367e+03  3.269705e+11  0.000000e+00  0.000000e+00  2.937342e+11  0.000000e+00  0.000000e+00  8.129499e+09  5.254452e+09  4.074344e+09  3.587665e+09
2.720936e+03  3.253369e+11  0.000000e+00  0.000000e+00  2.922666e+11  0.000000e+00  0.000000e+00  7.380670e+09  4.749418e+09  3.680472e+09  3.240727e+09
2.734573e+03  3.237148e+11  0.000000e+00  0.000000e+00  2.908094e+11  0.000000e+00  0.000000e+00  6.761113e+09  4.342486e+09  3.366444e+09  2.965262e+09
2.748278e+03  3.221038e+11  0.000000e+00  0.000000e+00  2.893622e+11  0.000000e+00  0.000000e+00  6.250478e+09  4.014652e+09  3.115687e+09  2.746056e+09
2.762052e+03  3.204928e+11  0.000000e+00  0.000000e+00  2.879149e+11  0.000000e+00  0.000000e+00  5.831350e+09  3.750828e+09  2.915382e+09  2.571450e+09
2.775896e+03  3.188983e+11  0.000000e+00  0.000000e+00  2.864825e+11  0.000000e+00  0.000000e+00  5.488770e+09  3.538109e+09  2.754505e+09  2.431423e+09
2.789808e+03  3.173039e+11  0.000000e+00  0.000000e+00  2.850501e+11  0.000000e+00  0.000000e+00  5.210649e+09  3.368801e+09  2.627572e+09  2.321327e+09
2.803790e+03  3.157257e+11  0.000000e+00  0.000000e+00  2.836323e+11  0.000000e+00  0.000000e+00  4.986315e+09  3.234265e+09  2.527277e+09  2.234532e+09
2.817843e+03  3.141474e+11  0.000000e+00  0.000000e+00  2.822145e+11  0.000000e+00  0.000000e+00  4.806982e+09  3.128238e+09  2.448641e+09  2.166616e+09
2.831966e+03  3.125799e+11  0.000000e+00  0.000000e+00  2.808063e+11  0.000000e+00  0.000000e+00  4.665371e+09  3.045689e+09  2.387716e+09  2.114094e+09
2.846159e+03  3.110229e+11  0.000000e+00  0.000000e+00  2.794076e+11  0.000000e+00  0.000000e+00  4.555538e+09  2.982596e+09  2.341361e+09  2.074195e+09
2.860424e+03  3.094710e+11  0.000000e+00  0.000000e+00  2.780135e+11  0.000000e+00  0.000000e+00  4.470955e+09  2.932426e+09  2.304000e+09  2.041929e+09
2.874760e+03  3.079295e+11  0.000000e+00  0.000000e+00  2.766286e+11  0.000000e+00  0.000000e+00  5.995782e+09  3.861940e+09  3.002053e+09  2.647892e+09
2.889168e+03  3.063930e+11  0.000000e+00  0.000000e+00  2.752483e+11  0.000000e+00  0.000000e+00  8.270165e+09  5.216913e+09  4.014964e+09  3.525810e+09
2.903648e+03  3.048615e+11  0.000000e+00  0.000000e+00  2.738725e+11  0.000000e+00  0.000000e+00  4.302510e+09  2.833712e+09  2.230904e+09  1.978830e+09
2.918201e+03  3.033450e+11  0.000000e+00  0.000000e+00  2.725101e+11  0.000000e+00  0.000000e+00  4.262830e+09  2.808845e+09  2.212004e+09  1.962339e+09
2.932827e+03  3.018285e+11  0.000000e+00  0.000000e+00  2.711478e+11  0.000000e+00  0.000000e+00  4.238232e+09  2.793423e+09  2.200250e+09  1.952066e+09
2.947526e+03  3.003267e+11  0.000000e+00  0.000000e+00  2.697987e+11  0.000000e+00  0.000000e+00  4.215461e+09  2.775789e+09  2.186551e+09  1.940185e+09
2.962299e+03  2.988249e+11  0.000000e+00  0.000000e+00  2.684495e+11  0.000000e+00  0.000000e+00  4.213013e+09  2.774357e+09  2.185666e+09  1.939520e+09
2.977146e+03  2.973376e+11  0.000000e+00  0.000000e+00  2.671134e+11  0.000000e+00  0.000000e+00  4.219448e+09  2.778734e+09  2.189404e+09  1.942996e+09
2.992067e+03  2.958502e+11  0.000000e+00  0.000000e+00  2.657772e+11  0.000000e+00  0.000000e+00  4.233886e+09  2.788330e+09  2.197315e+09  1.950226e+09
3.007063e+03  2.943771e+11  0.000000e+00  0.000000e+00  2.644538e+11  0.000000e+00  0.000000e+00  4.255938e+09  2.802925e+09  2.209269e+09  1.961126e+09
3.022134e+03  2.929085e+11  0.000000e+00  0.000000e+00  2.631345e+11  0.000000e+00  0.000000e+00  4.240128e+09  2.798212e+09  2.209460e+09  1.963412e+09
3.037281e+03  2.914491e+11  0.000000e+00  0.000000e+00  2.618234e+11  0.000000e+00  0.000000e+00  7.662885e+09  4.811639e+09  3.715151e+09  3.275225e+09
3.052503e+03  2.899941e+11  0.000000e+00  0.000000e+00  2.605164e+11  0.000000e+00  0.000000e+00  4.302733e+09  2.849484e+09  2.269802e+09  2.031418e+09
3.067802e+03  2.885438e+11  0.000000e+00  0.000000e+00  2.592135e+11  0.000000e+00  0.000000e+00  6.917075e+09  5.953233e+09  5.192295e+09  4.806661e+09
3.083178e+03  2.871114e+11  0.000000e+00  0.000000e+00  2.579267e+11  0.000000e+00  0.000000e+00  4.401649e+09  3.140078e+09  2.602512e+09  2.360865e+09
3.098630e+03  2.856745e+11  0.000000e+00  0.000000e+00  2.566359e+11  0.000000e+00  0.000000e+00  8.783608e+09  5.304578e+09  4.038082e+09  3.533384e+09
3.114161e+03  2.842465e+11  0.000000e+00  0.000000e+00  2.553530e+11  0.000000e+00  0.000000e+00  4.234557e+09  2.797189e+09  2.209387e+09  1.963074e+09
3.129768e+03  2.828316e+11  0.000000e+00  0.000000e+00  2.540819e+11  0.000000e+00  0.000000e+00  7.672243e+09  4.590558e+09  3.497881e+09  3.063676e+09
3.145455e+03  2.814209e+11  0.000000e+00  0.000000e+00  2.528146e+11  0.000000e+00  0.000000e+00  7.985104e+09  4.919540e+09  3.770404e+09  3.307966e+09
3.161219e+03  2.800187e+11  0.000000e+00  0.000000e+00  2.515549e+11  0.000000e+00  0.000000e+00  6.228771e+09  3.953213e+09  3.065348e+09  2.702348e+09
3.177063e+03  2.786164e+11  0.000000e+00  0.000000e+00  2.502952e+11  0.000000e+00  0.000000e+00  5.800366e+09  3.700286e+09  2.877478e+09  2.539970e+09
3.192986e+03  2.772309e+11  0.000000e+00  0.000000e+00  2.490505e+11  0.000000e+00  0.000000e+00  9.676938e+09  5.970970e+09  4.562877e+09  3.996690e+09
3.208989e+03  2.758452e+11  0.000000e+00  0.000000e+00  2.478057e+11  0.000000e+00  0.000000e+00  4.356584e+09  2.849560e+09  2.244957e+09  1.992911e+09
3.225072e+03  2.744679e+11  0.000000e+00  0.000000e+00  2.465684e+11  0.000000e+00  0.000000e+00  7.723315e+09  5.015772e+09  3.897724e+09  3.436159e+09
3.241236e+03  2.731027e+11  0.000000e+00  0.000000e+00  2.453420e+11  0.000000e+00  0.000000e+00  9.333850e+09  5.929053e+09  4.567087e+09  4.011869e+09
3.257481e+03  2.717374e+11  0.000000e+00  0.000000e+00  2.441155e+11  0.000000e+00  0.000000e+00  8.213483e+09  5.179039e+09  3.989390e+09  3.505901e+09
3.273807e+03  2.703802e+11  0.000000e+00  0.000000e+00  2.428962e+11  0.000000e+00  0.000000e+00  7.328474e+09  4.609701e+09  3.556139e+09  3.128126e+09
3.290215e+03  2.690348e+11  0.000000e+00  0.000000e+00  2.416875e+11  0.000000e+00  0.000000e+00  6.631442e+09  4.176116e+09  3.229630e+09  2.844562e+09
3.306706e+03  2.676893e+11  0.000000e+00  0.000000e+00  2.404789e+11  0.000000e+00  0.000000e+00  6.084179e+09  3.845269e+09  2.982612e+09  2.630637e+09
3.323279e+03  2.663516e+11  0.000000e+00  0.000000e+00  2.392771e+11  0.000000e+00  0.000000e+00  5.657232e+09  3.593315e+09  2.795925e+09  2.469451e+09
3.339935e+03  2.650252e+11  0.000000e+00  0.000000e+00  2.380856e+11  0.000000e+00  0.000000e+00  5.323006e+09  3.400453e+09  2.654059e+09  2.347305e+09
3.356674e+03  2.637026e+11  0.000000e+00  0.000000e+00  2.368974e+11  0.000000e+00  0.000000e+00  5.268538e+09  3.363858e+09  2.626334e+09  2.323206e+09
3.373497e+03  2.623875e+11  0.000000e+00  0.000000e+00  2.357159e+11  0.000000e+00  0.000000e+00  4.866090e+09  3.143194e+09  2.466187e+09  2.185997e+09
3.390405e+03  2.610760e+11  0.000000e+00  0.000000e+00  2.345378e+11  0.000000e+00  0.000000e+00  5.062858e+09  3.248156e+09  2.542585e+09  2.251645e+09
3.407398e+03  2.597756e+11  0.000000e+00  0.000000e+00  2.333696e+11  0.000000e+00  0.000000e+00  4.599151e+09  2.997955e+09  2.361654e+09  2.096820e+09
3.424475e+03  2.584753e+11  0.000000e+00  0.000000e+00  2.322014e+11  0.000000e+00  0.000000e+00  4.514113e+09  2.952959e+09  2.329673e+09  2.069689e+09
3.441638e+03  2.571893e+11  0.000000e+00  0.000000e+00  2.310462e+11  0.000000e+00  0.000000e+00  4.453277e+09  2.920935e+09  2.306938e+09  2.050434e+09
3.458888e+03  2.559034e+11  0.000000e+00  0.000000e+00  2.298909e+11  0.000000e+00  0.000000e+00  4.411865e+09  2.900327e+09  2.292822e+09  2.038681e+09
3.476223e+03  2.546279e+11  0.000000e+00  0.000000e+00  2.287451e+11  0.000000e+00  0.000000e+00  4.385950e+09  2.888182e+09  2.284853e+09  2.032198e+09
3.493646e+03  2.533558e+11  0.000000e+00  0.000000e+00  2.276023e+11  0.000000e+00  0.000000e+00  4.893532e+09  3.175061e+09  2.496377e+09  2.214719e+09
3.511156e+03  2.520907e+11  0.000000e+00  0.000000e+00  2.264658e+11  0.000000e+00  0.000000e+00  5.322439e+09  3.401825e+09  2.660255e+09  2.355068e+09
3.528753e+03  2.508358e+11  0.000000e+00  0.000000e+00  2.253385e+11  0.000000e+00  0.000000e+00  5.090056e+09  3.268938e+09  2.562659e+09  2.271145e+09
3.546439e+03  2.495809e+11  0.000000e+00  0.000000e+00  2.242112e+11  0.000000e+00  0.000000e+00  4.914312e+09  3.172167e+09  2.492524e+09  2.211135e+09
3.564213e+03  2.483361e+11  0.000000e+00  0.000000e+00  2.230929e+11  0.000000e+00  0.000000e+00  4.782560e+09  3.101390e+09  2.441721e+09  2.167848e+09
3.582077e+03  2.470947e+11  0.000000e+00  0.000000e+00  2.219776e+11  0.000000e+00  0.000000e+00  4.685409e+09  3.050412e+09  2.405495e+09  2.137119e+09
3.600030e+03  2.458631e+11  0.000000e+00  0.000000e+00  2.208713e+11  0.000000e+00  0.000000e+00  4.615469e+09  3.014573e+09  2.380311e+09  2.115872e+09
3.618073e+03  2.446348e+11  0.000000e+00  0.000000e+00  2.197678e+11  0.000000e+00  0.000000e+00  4.563239e+09  2.986437e+09  2.360575e+09  2.099327e+09
3.636207e+03  2.434160e+11  0.000000e+00  0.000000e+00  2.186729e+11  0.000000e+00  0.000000e+00  4.531916e+09  2.971885e+09  2.351022e+09  2.091561e+09
3.654431e+03  2.421972e+11  0.000000e+00  0.000000e+00  2.175780e+11  0.000000e+00  0.000000e+00  4.514359e+09  2.964835e+09  2.346980e+09  2.088558e+09
3.672747e+03  2.409911e+11  0.000000e+00  0.000000e+00  2.164945e+11  0.000000e+00  0.000000e+00  4.732916e+09  3.073829e+09  2.425178e+09  2.155494e+09
3.691154e+03  2.397880e+11  0.000000e+00  0.000000e+00  2.154137e+11  0.000000e+00  0.000000e+00  5.010881e+09  3.211673e+09  2.523863e+09  2.239904e+09
3.709654e+03  2.385880e+11  0.000000e+00  0.000000e+00  2.143357e+11  0.000000e+00  0.000000e+00  4.500017e+09  2.963193e+09  2.350109e+09  2.093339e+09
3.728246e+03  2.374004e+11  0.000000e+00  0.000000e+00  2.132688e+11  0.000000e+00  0.000000e+00  4.513358e+09  2.974668e+09  2.360776e+09  2.103591e+09
3.746932e+03  2.362127e+11  0.000000e+00  0.000000e+00  2.122018e+11  0.000000e+00  0.000000e+00  4.533330e+09  2.991503e+09  2.379392e+09  2.125469e+09
3.765711e+03  2.350341e+11  0.000000e+00  0.000000e+00  2.111430e+11  0.000000e+00  0.000000e+00  4.558862e+09  3.013282e+09  2.402678e+09  2.149492e+09
3.784585e+03  2.338614e+11  0.000000e+00  0.000000e+00  2.100895e+11  0.000000e+00  0.000000e+00  4.589586e+09  3.058423e+09  2.477145e+09  2.238390e+09
3.803553e+03  2.326917e+11  0.000000e+00  0.000000e+00  2.090387e+11  0.000000e+00  0.000000e+00  4.599573e+09  3.118685e+09  2.552139e+09  2.311412e+09
3.822616e+03  2.315335e+11  0.000000e+00  0.000000e+00  2.079982e+11  0.000000e+00  0.000000e+00  9.017599e+09  6.121291e+09  4.908732e+09  4.390962e+09
3.841775e+03  2.303752e+11  0.000000e+00  0.000000e+00  2.069577e+11  0.000000e+00  0.000000e+00  5.254154e+09  4.025064e+09  3.317706e+09  2.991375e+09
3.861029e+03  2.292228e+11  0.000000e+00  0.000000e+00  2.059224e+11  0.000000e+00  0.000000e+00  4.814014e+09  3.129953e+09  2.476428e+09  2.204104e+09
3.880380e+03  2.280816e+11  0.000000e+00  0.000000e+00  2.048972e+11  0.000000e+00  0.000000e+00  5.619280e+09  3.508099e+09  2.741211e+09  2.428261e+09
3.899829e+03  2.269404e+11  0.000000e+00  0.000000e+00  2.038721e+11  0.000000e+00  0.000000e+00  4.680240e+09  3.068771e+09  2.434947e+09  2.169646e+09
3.919374e+03  2.258076e+11  0.000000e+00  0.000000e+00  2.028544e+11  0.000000e+00  0.000000e+00  4.595498e+09  3.032171e+09  2.410526e+09  2.149477e+09
3.939018e+03  2.246803e+11  0.000000e+00  0.000000e+00  2.018417e+11  0.000000e+00  0.000000e+00  4.612790e+09  3.042777e+09  2.419213e+09  2.157372e+09
3.958760e+03  2.235611e+11  0.000000e+00  0.000000e+00  2.008363e+11  0.000000e+00  0.000000e+00  5.879406e+09  3.645816e+09  2.843887e+09  2.517739e+09
3.978601e+03  2.224419e+11  0.000000e+00  0.000000e+00  1.998308e+11  0.000000e+00  0.000000e+00  4.599818e+09  3.047019e+09  2.426173e+09  2.164866e+09
3.998541e+03  2.213306e+11  0.000000e+00  0.000000e+00  1.988325e+11  0.000000e+00  0.000000e+00  4.616527e+09  3.057453e+09  2.434797e+09  2.172733e+09
4.018582e+03  2.202272e+11  0.000000e+00  0.000000e+00  1.978413e+11  0.000000e+00  0.000000e+00  4.636530e+09  3.070107e+09  2.445173e+09  2.182155e+09
4.038722e+03  2.191264e+11  0.000000e+00  0.000000e+00  1.968523e+11  0.000000e+00  0.000000e+00  4.658315e+09  3.083889e+09  2.456415e+09  2.192336e+09
4.058964e+03  2.180308e+11  0.000000e+00  0.000000e+00  1.958681e+11  0.000000e+00  0.000000e+00  4.681231e+09  3.098329e+09  2.468142e+09  2.202932e+09
4.079307e+03  2.169404e+11  0.000000e+00  0.000000e+00  1.948885e+11  0.000000e+00  0.000000e+00  4.704922e+09  3.113172e+09  2.480137e+09  2.213740e+09
4.099752e+03  2.158601e+11  0.000000e+00  0.000000e+00  1.939180e+11  0.000000e+00  0.000000e+00  4.729303e+09  3.128441e+09  2.493068e+09  2.226054e+09
4.120300e+03  2.147798e+11  0.000000e+00  0.000000e+00  1.929475e+11  0.000000e+00  0.000000e+00  5.053267e+09  3.292587e+09  2.611747e+09  2.327754e+09
4.140951e+03  2.137094e+11  0.000000e+00  0.000000e+00  1.919860e+11  0.000000e+00  0.000000e+00  5.305117e+09  3.413831e+09  2.698898e+09  2.402513e+09
4.161705e+03  2.126390e+11  0.000000e+00  0.000000e+00  1.910244e+11  0.000000e+00  0.000000e+00  5.176420e+09  3.354114e+09  2.656847e+09  2.366541e+09
4.182563e+03  2.115784e+11  0.000000e+00  0.000000e+00  1.900715e+11  0.000000e+00  0.000000e+00  5.085900e+09  3.312943e+09  2.628098e+09  2.342133e+09
4.203526e+03  2.105224e+11  0.000000e+00  0.000000e+00  1.891229e+11  0.000000e+00  0.000000e+00  5.024163e+09  3.286434e+09  2.610561e+09  2.327724e+09
4.224593e+03  2.094712e+11  0.000000e+00  0.000000e+00  1.881785e+11  0.000000e+00  0.000000e+00  4.983940e+09  3.270149e+09  2.600243e+09  2.319461e+09
4.245767e+03  2.084200e+11  0.000000e+00  0.000000e+00  1.872343e+11  0.000000e+00  0.000000e+00  4.960033e+09  3.262456e+09  2.596280e+09  2.316686e+09
4.267046e+03  2.073830e+11  0.000000e+00  0.000000e+00  1.863026e+11  0.000000e+00  0.000000e+00  4.947071e+09  3.257625e+09  2.593790e+09  2.315047e+09
4.288432e+03  2.063458e+11  0.000000e+00  0.000000e+00  1.853709e+11  0.000000e+00  0.000000e+00  4.944235e+09  3.260177e+09  2.597214e+09  2.318621e+09
4.309925e+03  2.053134e+11  0.000000e+00  0.000000e+00  1.844434e+11  0.000000e+00  0.000000e+00  4.948065e+09  3.265884e+09  2.602870e+09  2.324097e+09
4.331526e+03  2.042899e+11  0.000000e+00  0.000000e+00  1.835240e+11  0.000000e+00  0.000000e+00  4.956781e+09  3.273786e+09  2.610031e+09  2.330833e+09
4.353236e+03  2.032666e+11  0.000000e+00  0.000000e+00  1.826047e+11  0.000000e+00  0.000000e+00  4.965596e+09  3.279293e+09  2.615275e+09  2.335948e+09
4.375054e+03  2.022565e+11  0.000000e+00  0.000000e+00  1.816972e+11  0.000000e+00  0.000000e+00  4.980606e+09  3.290349e+09  2.624791e+09  2.344743e+09
4.396981e+03  2.012418e+11  0.000000e+00  0.000000e+00  1.807857e+11  0.000000e+00  0.000000e+00  4.997570e+09  3.302330e+09  2.634968e+09  2.354103e+09
4.419018e+03  2.002359e+11  0.000000e+00  0.000000e+00  1.798821e+11  0.000000e+00  0.000000e+00  5.024974e+09  3.319337e+09  2.648708e+09  2.366495e+09
4.441166e+03  1.992344e+11  0.000000e+00  0.000000e+00  1.789824e+11  0.000000e+00  0.000000e+00  5.088989e+09  3.352147e+09  2.673242e+09  2.387934e+09
4.463425e+03  1.982414e+11  0.000000e+00  0.000000e+00  1.780903e+11  0.000000e+00  0.000000e+00  5.082621e+09  3.351149e+09  2.674404e+09  2.389776e+09
4.485795e+03  1.972485e+11  0.000000e+00  0.000000e+00  1.771983e+11  0.000000e+00  0.000000e+00  5.091059e+09  3.359280e+09  2.681960e+09  2.396951e+09
4.508278e+03  1.962639e+11  0.000000e+00  0.000000e+00  1.763138e+11  0.000000e+00  0.000000e+00  5.102957e+09  3.369060e+09  2.690695e+09  2.405132e+09
4.530873e+03  1.952835e+11  0.000000e+00  0.000000e+00  1.754331e+11  0.000000e+00  0.000000e+00  5.117187e+09  3.379801e+09  2.700068e+09  2.413841e+09
4.553581e+03  1.943072e+11  0.000000e+00  0.000000e+00  1.745560e+11  0.000000e+00  0.000000e+00  5.111290e+09  3.381810e+09  2.704116e+09  2.418389e+09
4.576403e+03  1.933350e+11  0.000000e+00  0.000000e+00  1.736826e+11  0.000000e+00  0.000000e+00  5.201936e+09  3.425696e+09  2.736427e+09  2.446459e+09
4.599340e+03  1.923706e+11  0.000000e+00  0.000000e+00  1.728163e+11  0.000000e+00  0.000000e+00  5.147113e+09  3.407521e+09  2.726160e+09  2.438736e+09
4.622391e+03  1.914063e+11  0.000000e+00  0.000000e+00  1.719500e+11  0.000000e+00  0.000000e+00  5.165970e+09  3.420807e+09  2.737488e+09  2.449170e+09
4.645558e+03  1.904500e+11  0.000000e+00  0.000000e+00  1.710908e+11  0.000000e+00  0.000000e+00  5.185123e+09  3.434123e+09  2.748807e+09  2.459586e+09
4.668842e+03  1.895013e+11  0.000000e+00  0.000000e+00  1.702386e+11  0.000000e+00  0.000000e+00  5.170109e+09  3.435491e+09  2.753137e+09  2.464607e+09
4.692241e+03  1.885489e+11  0.000000e+00  0.000000e+00  1.693830e+11  0.000000e+00  0.000000e+00  5.190490e+09  3.449896e+09  2.765410e+09  2.475907e+09
4.715758e+03  1.876080e+11  0.000000e+00  0.000000e+00  1.685378e+11  0.000000e+00  0.000000e+00  5.211353e+09  3.464687e+09  2.778007e+09  2.487502e+09
4.739393e+03  1.866746e+11  0.000000e+00  0.000000e+00  1.676992e+11  0.000000e+00  0.000000e+00  5.232324e+09  3.479538e+09  2.790652e+09  2.499138e+09
4.763147e+03  1.857375e+11  0.000000e+00  0.000000e+00  1.668573e+11  0.000000e+00  0.000000e+00  5.224519e+09  3.485422e+09  2.798206e+09  2.506892e+09
4.787019e+03  1.848078e+11  0.000000e+00  0.000000e+00  1.660222e+11  0.000000e+00  0.000000e+00  5.246212e+09  3.501066e+09  2.811570e+09  2.519204e+09
4.811012e+03  1.838854e+11  0.000000e+00  0.000000e+00  1.651936e+11  0.000000e+00  0.000000e+00  5.333014e+09  3.544296e+09  2.843862e+09  2.547430e+09
4.835124e+03  1.829666e+11  0.000000e+00  0.000000e+00  1.643681e+11  0.000000e+00  0.000000e+00  5.290149e+09  3.532808e+09  2.838691e+09  2.544188e+09
4.859357e+03  1.820514e+11  0.000000e+00  0.000000e+00  1.635460e+11  0.000000e+00  0.000000e+00  5.312053e+09  3.548711e+09  2.852302e+09  2.556735e+09
4.883712e+03  1.811398e+11  0.000000e+00  0.000000e+00  1.627270e+11  0.000000e+00  0.000000e+00  5.315321e+09  3.559196e+09  2.862907e+09  2.567013e+09
4.908189e+03  1.802353e+11  0.000000e+00  0.000000e+00  1.619145e+11  0.000000e+00  0.000000e+00  5.337919e+09  3.575761e+09  2.877107e+09  2.580108e+09
4.932788e+03  1.793308e+11  0.000000e+00  0.000000e+00  1.611019e+11  0.000000e+00  0.000000e+00  5.469998e+09  3.638330e+09  2.922798e+09  2.619660e+09
4.957511e+03  1.784367e+11  0.000000e+00  0.000000e+00  1.602987e+11  0.000000e+00  0.000000e+00  5.382686e+09  3.608808e+09  2.905503e+09  2.606319e+09
4.982357e+03  1.775461e+11  0.000000e+00  0.000000e+00  1.594986e+11  0.000000e+00  0.000000e+00  5.395178e+09  3.622636e+09  2.918268e+09  2.618372e+09
5.007329e+03  1.766554e+11  0.000000e+00  0.000000e+00  1.586985e+11  0.000000e+00  0.000000e+00  5.418014e+09  3.639725e+09  2.932995e+09  2.631978e+09
5.032425e+03  1.757714e+11  0.000000e+00  0.000000e+00  1.579043e+11  0.000000e+00  0.000000e+00  5.441102e+09  3.657053e+09  2.947933e+09  2.645780e+09
5.057647e+03  1.748940e+11  0.000000e+00  0.000000e+00  1.571161e+11  0.000000e+00  0.000000e+00  5.464326e+09  3.674537e+09  2.963014e+09  2.659718e+09
5.082996e+03  1.740198e+11  0.000000e+00  0.000000e+00  1.563308e+11  0.000000e+00  0.000000e+00  5.487625e+09  3.692134e+09  2.978207e+09  2.673762e+09
5.108471e+03  1.731458e+11  0.000000e+00  0.000000e+00  1.555456e+11  0.000000e+00  0.000000e+00  5.510974e+09  3.709832e+09  2.993501e+09  2.687905e+09
5.134074e+03  1.722814e+11  0.000000e+00  0.000000e+00  1.547691e+11  0.000000e+00  0.000000e+00  5.576117e+09  3.745676e+09  3.021395e+09  2.712700e+09
5.159806e+03  1.714203e+11  0.000000e+00  0.000000e+00  1.539955e+11  0.000000e+00  0.000000e+00  5.601129e+09  3.764116e+09  3.037245e+09  2.727333e+09
5.185666e+03  1.705623e+11  0.000000e+00  0.000000e+00  1.532247e+11  0.000000e+00  0.000000e+00  5.608824e+09  3.775450e+09  3.048280e+09  2.737939e+09
5.211657e+03  1.697106e+11  0.000000e+00  0.000000e+00  1.524596e+11  0.000000e+00  0.000000e+00  5.621242e+09  3.788877e+09  3.060789e+09  2.749800e+09
5.237777e+03  1.688589e+11  0.000000e+00  0.000000e+00  1.516945e+11  0.000000e+00  0.000000e+00  5.636982e+09  3.803802e+09  3.074363e+09  2.762573e+09
5.264028e+03  1.680163e+11  0.000000e+00  0.000000e+00  1.509375e+11  0.000000e+00  0.000000e+00  5.655060e+09  3.819812e+09  3.088722e+09  2.776022e+09
5.290411e+03  1.671737e+11  0.000000e+00  0.000000e+00  1.501806e+11  0.000000e+00  0.000000e+00  5.674759e+09  3.836595e+09  3.103648e+09  2.789963e+09
5.316926e+03  1.663371e+11  0.000000e+00  0.000000e+00  1.494290e+11  0.000000e+00  0.000000e+00  5.695596e+09  3.853951e+09  3.119007e+09  2.804284e+09
5.343574e+03  1.655065e+11  0.000000e+00  0.000000e+00  1.486828e+11  0.000000e+00  0.000000e+00  5.717224e+09  3.871733e+09  3.134696e+09  2.818898e+09
5.370356e+03  1.646759e+11  0.000000e+00  0.000000e+00  1.479367e+11  0.000000e+00  0.000000e+00  5.739395e+09  3.889833e+09  3.150640e+09  2.833742e+09
5.397272e+03  1.638540e+11  0.000000e+00  0.000000e+00  1.471984e+11  0.000000e+00  0.000000e+00  5.761957e+09  3.908192e+09  3.166801e+09  2.848786e+09
5.424322e+03  1.630322e+11  0.000000e+00  0.000000e+00  1.464601e+11  0.000000e+00  0.000000e+00  5.784782e+09  3.926752e+09  3.183138e+09  2.863993e+09
5.451508e+03  1.622162e+11  0.000000e+00  0.000000e+00  1.457270e+11  0.000000e+00  0.000000e+00  5.807806e+09  3.945492e+09  3.199639e+09  2.879354e+09
5.478831e+03  1.614058e+11  0.000000e+00  0.000000e+00  1.449990e+11  0.000000e+00  0.000000e+00  5.833464e+09  3.965425e+09  3.216997e+09  2.895452e+09
5.506290e+03  1.605954e+11  0.000000e+00  0.000000e+00  1.442710e+11  0.000000e+00  0.000000e+00  5.856309e+09  3.984281e+09  3.233658e+09  2.910981e+09
5.533888e+03  1.597932e+11  0.000000e+00  0.000000e+00  1.435503e+11  0.000000e+00  0.000000e+00  5.878935e+09  4.003158e+09  3.250377e+09  2.926579e+09
5.561623e+03  1.589938e+11  0.000000e+00  0.000000e+00  1.428321e+11  0.000000e+00  0.000000e+00  5.901906e+09  4.022284e+09  3.267313e+09  2.942377e+09
5.589497e+03  1.581971e+11  0.000000e+00  0.000000e+00  1.421164e+11  0.000000e+00  0.000000e+00  5.925165e+09  4.041645e+09  3.284457e+09  2.958370e+09
5.617511e+03  1.574058e+11  0.000000e+00  0.000000e+00  1.414056e+11  0.000000e+00  0.000000e+00  5.948698e+09  4.061250e+09  3.301822e+09  2.974572e+09
5.645666e+03  1.566145e+11  0.000000e+00  0.000000e+00  1.406947e+11  0.000000e+00  0.000000e+00  5.972525e+09  4.081120e+09  3.319428e+09  2.991003e+09
5.673961e+03  1.558339e+11  0.000000e+00  0.000000e+00  1.399934e+11  0.000000e+00  0.000000e+00  5.996727e+09  4.101322e+09  3.337337e+09  3.007719e+09
5.702399e+03  1.550532e+11  0.000000e+00  0.000000e+00  1.392921e+11  0.000000e+00  0.000000e+00  6.021397e+09  4.121923e+09  3.355605e+09  3.024776e+09
5.730979e+03  1.542751e+11  0.000000e+00  0.000000e+00  1.385932e+11  0.000000e+00  0.000000e+00  6.046727e+09  4.143062e+09  3.374355e+09  3.042288e+09
5.759702e+03  1.535022e+11  0.000000e+00  0.000000e+00  1.378988e+11  0.000000e+00  0.000000e+00  6.073001e+09  4.164946e+09  3.393768e+09  3.060424e+09
5.788569e+03  1.527367e+11  0.000000e+00  0.000000e+00  1.372111e+11  0.000000e+00  0.000000e+00  6.100627e+09  4.187869e+09  3.414100e+09  3.079426e+09
5.817581e+03  1.519688e+11  0.000000e+00  0.000000e+00  1.365212e+11  0.000000e+00  0.000000e+00  6.130177e+09  4.212248e+09  3.435718e+09  3.099640e+09
5.846738e+03  1.512082e+11  0.000000e+00  0.000000e+00  1.358380e+11  0.000000e+00  0.000000e+00  6.162531e+09  4.238735e+09  3.459199e+09  3.121608e+09
5.876042e+03  1.504503e+11  0.000000e+00  0.000000e+00  1.351571e+11  0.000000e+00  0.000000e+00  6.198917e+09  4.268245e+09  3.485353e+09  3.146095e+09
5.905492e+03  1.496971e+11  0.000000e+00  0.000000e+00  1.344805e+11  0.000000e+00  0.000000e+00  6.241102e+09  4.302125e+09  3.515377e+09  3.174233e+09
5.935090e+03  1.489465e+11  0.000000e+00  0.000000e+00  1.338062e+11  0.000000e+00  0.000000e+00  6.291565e+09  4.342317e+09  3.551020e+09  3.207679e+09
5.964836e+03  1.482030e+11  0.000000e+00  0.000000e+00  1.331383e+11  0.000000e+00  0.000000e+00  6.353745e+09  4.391611e+09  3.594830e+09  3.248865e+09
5.994731e+03  1.474572e+11  0.000000e+00  0.000000e+00  1.324682e+11  0.000000e+00  0.000000e+00  6.432277e+09  4.453874e+09  3.650391e+09  3.301236e+09
6.024776e+03  1.467207e+11  0.000000e+00  0.000000e+00  1.318066e+11  0.000000e+00  0.000000e+00  6.533393e+09  4.534400e+09  3.722608e+09  3.369501e+09
6.054972e+03  1.459841e+11  0.000000e+00  0.000000e+00  1.311449e+11  0.000000e+00  0.000000e+00  6.665404e+09  4.640398e+09  3.818021e+09  3.459871e+09
6.085319e+03  1.452544e+11  0.000000e+00  0.000000e+00  1.304894e+11  0.000000e+00  0.000000e+00  6.839758e+09  4.782719e+09  3.946342e+09  3.581443e+09
6.115818e+03  1.445247e+11  0.000000e+00  0.000000e+00  1.298338e+11  0.000000e+00  0.000000e+00  7.072157e+09  4.979698e+09  4.124753e+09  3.750554e+09
6.146470e+03  1.437995e+11  0.000000e+00  0.000000e+00  1.291824e+11  0.000000e+00  0.000000e+00  7.382286e+09  5.261977e+09  4.384835e+09  3.998424e+09
6.177276e+03  1.430811e+11  0.000000e+00  0.000000e+00  1.285369e+11  0.000000e+00  0.000000e+00  7.788231e+09  5.668634e+09  4.771210e+09  4.371014e+09
6.208236e+03  1.423626e+11  0.000000e+00  0.000000e+00  1.278915e+11  0.000000e+00  0.000000e+00  8.293348e+09  6.219275e+09  5.310174e+09  4.896970e+09
6.239351e+03  1.416486e+11  0.000000e+00  0.000000e+00  1.272501e+11  0.000000e+00  0.000000e+00  8.872628e+09  6.870201e+09  5.953522e+09  5.527169e+09
6.270622e+03  1.409389e+11  0.000000e+00  0.000000e+00  1.266125e+11  0.000000e+00  0.000000e+00  9.476543e+09  7.512485e+09  6.572576e+09  6.126988e+09
6.302050e+03  1.402334e+11  0.000000e+00  0.000000e+00  1.259788e+11  0.000000e+00  0.000000e+00  1.006330e+10  8.055903e+09  7.063094e+09  6.588453e+09
6.333635e+03  1.395300e+11  0.000000e+00  0.000000e+00  1.253469e+11  0.000000e+00  0.000000e+00  1.064136e+10  8.530756e+09  7.467851e+09  6.959263e+09
6.365379e+03  1.388307e+11  0.000000e+00  0.000000e+00  1.247186e+11  0.000000e+00  0.000000e+00  1.128826e+10  9.097020e+09  7.973196e+09  7.433212e+09
6.397282e+03  1.381335e+11  0.000000e+00  0.000000e+00  1.240923e+11  0.000000e+00  0.000000e+00  3.837202e+10  5.678515e+10  5.681500e+10  5.544939e+10
6.429344e+03  1.374405e+11  0.000000e+00  0.000000e+00  1.234698e+11  0.000000e+00  0.000000e+00  6.480054e+10  3.874551e+10  2.888141e+10  2.503630e+10
6.461568e+03  1.367516e+11  0.000000e+00  0.000000e+00  1.228509e+11  0.000000e+00  0.000000e+00  4.087470e+10  1.980569e+10  1.434169e+10  1.234422e+10
6.493952e+03  1.360667e+11  0.000000e+00  0.000000e+00  1.222356e+11  0.000000e+00  0.000000e+00  3.033225e+10  1.457763e+10  1.063838e+10  9.195814e+09
6.526499e+03  1.353838e+11  0.000000e+00  0.000000e+00  1.216221e+11  0.000000e+00  0.000000e+00  1.513920e+10  8.141268e+09  6.221324e+09  5.481428e+09
6.559210e+03  1.347049e+11  0.000000e+00  0.000000e+00  1.210122e+11  0.000000e+00  0.000000e+00  8.793928e+09  5.570661e+09  4.475075e+09  4.018502e+09
6.592084e+03  1.340280e+11  0.000000e+00  0.000000e+00  1.204042e+11  0.000000e+00  0.000000e+00  6.886679e+09  4.822704e+09  3.973302e+09  3.600543e+09
6.625123e+03  1.333568e+11  0.000000e+00  0.000000e+00  1.198012e+11  0.000000e+00  0.000000e+00  6.824301e+09  4.809008e+09  3.969776e+09  3.600097e+09
6.658328e+03  1.326874e+11  0.000000e+00  0.000000e+00  1.191998e+11  0.000000e+00  0.000000e+00  6.808530e+09  4.817683e+09  3.982399e+09  3.613552e+09
6.691699e+03  1.320219e+11  0.000000e+00  0.000000e+00  1.186019e+11  0.000000e+00  0.000000e+00  6.816890e+09  4.838065e+09  4.003692e+09  3.634582e+09
6.725237e+03  1.313601e+11  0.000000e+00  0.000000e+00  1.180074e+11  0.000000e+00  0.000000e+00  6.838417e+09  4.865473e+09  4.030457e+09  3.660503e+09
6.758943e+03  1.307002e+11  0.000000e+00  0.000000e+00  1.174146e+11  0.000000e+00  0.000000e+00  6.868790e+09  4.898518e+09  4.061851e+09  3.690636e+09
6.792818e+03  1.300440e+11  0.000000e+00  0.000000e+00  1.168251e+11  0.000000e+00  0.000000e+00  6.906200e+09  4.938000e+09  4.099068e+09  3.726248e+09
6.826863e+03  1.293915e+11  0.000000e+00  0.000000e+00  1.162389e+11  0.000000e+00  0.000000e+00  6.950696e+09  4.987296e+09  4.146233e+09  3.771640e+09
6.861079e+03  1.287426e+11  0.000000e+00  0.000000e+00  1.156560e+11  0.000000e+00  0.000000e+00  7.002176e+09  5.050079e+09  4.208263e+09  3.832116e+09
6.895466e+03  1.280955e+11  0.000000e+00  0.000000e+00  1.150747e+11  0.000000e+00  0.000000e+00  7.057888e+09  5.123766e+09  4.282912e+09  3.905614e+09
6.930026e+03  1.274537e+11  0.000000e+00  0.000000e+00  1.144981e+11  0.000000e+00  0.000000e+00  7.111126e+09  5.193952e+09  4.353339e+09  3.974641e+09
6.964758e+03  1.268135e+11  0.000000e+00  0.000000e+00  1.139230e+11  0.000000e+00  0.000000e+00  7.153731e+09  5.240711e+09  4.395831e+09  4.014439e+09
6.999665e+03  1.261768e+11  0.000000e+00  0.000000e+00  1.133510e+11  0.000000e+00  0.000000e+00  7.181786e+09  5.255445e+09  4.400940e+09  4.015518e+09
7.034747e+03  1.255435e+11  0.000000e+00  0.000000e+00  1.127821e+11  0.000000e+00  0.000000e+00  7.199460e+09  5.250024e+09  4.383904e+09  3.994284e+09
7.070005e+03  1.249120e+11  0.000000e+00  0.000000e+00  1.122147e+11  0.000000e+00  0.000000e+00  7.217577e+09  5.251134e+09  4.379298e+09  3.988678e+09
7.105439e+03  1.242855e+11  0.000000e+00  0.000000e+00  1.116520e+11  0.000000e+00  0.000000e+00  8.919452e+09  9.933381e+09  9.512026e+09  9.136411e+09
7.141051e+03  1.236607e+11  0.000000e+00  0.000000e+00  1.110907e+11  0.000000e+00  0.000000e+00  9.283992e+09  6.849422e+09  5.501317e+09  4.911260e+09
7.176841e+03  1.230393e+11  0.000000e+00  0.000000e+00  1.105325e+11  0.000000e+00  0.000000e+00  6.953717e+09  4.719493e+09  3.787161e+09  3.386854e+09
7.212811e+03  1.224228e+11  0.000000e+00  0.000000e+00  1.099786e+11  0.000000e+00  0.000000e+00  6.673402e+09  4.413300e+09  3.504018e+09  3.121774e+09
7.248961e+03  1.218062e+11  0.000000e+00  0.000000e+00  1.094247e+11  0.000000e+00  0.000000e+00  6.561427e+09  4.257654e+09  3.369753e+09  3.000694e+09
7.285292e+03  1.211960e+11  0.000000e+00  0.000000e+00  1.088765e+11  0.000000e+00  0.000000e+00  6.407089e+09  4.092724e+09  3.240017e+09  2.887804e+09
7.321805e+03  1.205857e+11  0.000000e+00  0.000000e+00  1.083282e+11  0.000000e+00  0.000000e+00  6.280022e+09  3.987010e+09  3.160411e+09  2.819401e+09
7.358502e+03  1.199801e+11  0.000000e+00  0.000000e+00  1.077842e+11  0.000000e+00  0.000000e+00  6.141883e+09  3.890904e+09  3.091009e+09  2.760679e+09
7.395382e+03  1.193777e+11  0.000000e+00  0.000000e+00  1.072430e+11  0.000000e+00  0.000000e+00  5.983816e+09  3.795411e+09  3.024758e+09  2.705539e+09
7.432447e+03  1.187768e+11  0.000000e+00  0.000000e+00  1.067032e+11  0.000000e+00  0.000000e+00  5.839608e+09  3.717467e+09  2.972141e+09  2.662219e+09
7.469698e+03  1.181805e+11  0.000000e+00  0.000000e+00  1.061676e+11  0.000000e+00  0.000000e+00  5.810846e+09  3.698782e+09  2.957828e+09  2.649698e+09
7.507135e+03  1.175873e+11  0.000000e+00  0.000000e+00  1.056346e+11  0.000000e+00  0.000000e+00  5.681436e+09  3.633119e+09  2.913830e+09  2.613523e+09
7.544760e+03  1.169956e+11  0.000000e+00  0.000000e+00  1.051030e+11  0.000000e+00  0.000000e+00  5.564551e+09  3.578630e+09  2.877844e+09  2.584076e+09
7.582574e+03  1.164068e+11  0.000000e+00  0.000000e+00  1.045741e+11  0.000000e+00  0.000000e+00  5.438522e+09  3.526240e+09  2.844162e+09  2.556805e+09
7.620577e+03  1.158223e+11  0.000000e+00  0.000000e+00  1.040490e+11  0.000000e+00  0.000000e+00  5.411919e+09  3.510752e+09  2.832721e+09  2.546956e+09
7.658771e+03  1.152392e+11  0.000000e+00  0.000000e+00  1.035252e+11  0.000000e+00  0.000000e+00  4.999546e+09  3.368483e+09  2.747349e+09  2.480017e+09
7.697156e+03  1.146604e+11  0.000000e+00  0.000000e+00  1.030052e+11  0.000000e+00  0.000000e+00  4.986538e+09  3.362923e+09  2.744138e+09  2.477639e+09
7.735734e+03  1.140831e+11  0.000000e+00  0.000000e+00  1.024866e+11  0.000000e+00  0.000000e+00  4.974013e+09  3.357177e+09  2.740615e+09  2.474923e+09
7.774504e+03  1.135086e+11  0.000000e+00  0.000000e+00  1.019705e+11  0.000000e+00  0.000000e+00  4.549713e+09  3.222591e+09  2.662828e+09  2.415118e+09
7.813470e+03  1.129383e+11  0.000000e+00  0.000000e+00  1.014582e+11  0.000000e+00  0.000000e+00  4.551569e+09  3.227421e+09  2.668130e+09  2.420435e+09
7.852630e+03  1.123708e+11  0.000000e+00  0.000000e+00  1.009483e+11  0.000000e+00  0.000000e+00  4.555943e+09  3.233737e+09  2.674546e+09  2.426721e+09
7.891987e+03  1.118060e+11  0.000000e+00  0.000000e+00  1.004410e+11  0.000000e+00  0.000000e+00  4.560407e+09  3.239818e+09  2.680711e+09  2.432763e+09
7.931541e+03  1.112426e+11  0.000000e+00  0.000000e+00  9.993481e+10  0.000000e+00  0.000000e+00  4.309575e+09  3.166703e+09  2.641370e+09  2.403880e+09
7.971293e+03  1.106818e+11  0.000000e+00  0.000000e+00  9.943101e+10  0.000000e+00  0.000000e+00  4.322203e+09  3.179218e+09  2.653000e+09  2.414930e+09
8.011244e+03  1.101262e+11  0.000000e+00  0.000000e+00  9.893192e+10  0.000000e+00  0.000000e+00  4.336618e+09  3.192823e+09  2.665459e+09  2.426704e+09
8.051396e+03  1.095706e+11  0.000000e+00  0.000000e+00  9.843284e+10  0.000000e+00  0.000000e+00  4.271682e+09  3.182265e+09  2.664143e+09  2.427950e+09
8.091749e+03  1.090203e+11  0.000000e+00  0.000000e+00  9.793844e+10  0.000000e+00  0.000000e+00  4.289459e+09  3.198377e+09  2.678700e+09  2.441637e+09
8.132304e+03  1.084725e+11  0.000000e+00  0.000000e+00  9.744635e+10  0.000000e+00  0.000000e+00  4.307967e+09  3.214954e+09  2.693624e+09  2.455652e+09
8.173063e+03  1.079248e+11  0.000000e+00  0.000000e+00  9.695429e+10  0.000000e+00  0.000000e+00  4.311927e+09  3.227240e+09  2.706149e+09  2.467855e+09
8.214025e+03  1.073821e+11  0.000000e+00  0.000000e+00  9.646679e+10  0.000000e+00  0.000000e+00  4.331259e+09  3.244483e+09  2.721652e+09  2.482406e+09
8.255193e+03  1.068420e+11  0.000000e+00  0.000000e+00  9.598154e+10  0.000000e+00  0.000000e+00  4.350847e+09  3.261910e+09  2.737313e+09  2.497104e+09
8.296568e+03  1.063019e+11  0.000000e+00  0.000000e+00  9.549635e+10  0.000000e+00  0.000000e+00  4.370546e+09  3.279445e+09  2.753077e+09  2.511902e+09
8.338149e+03  1.057690e+11  0.000000e+00  0.000000e+00  9.501760e+10  0.000000e+00  0.000000e+00  4.388439e+09  3.296508e+09  2.768613e+09  2.526546e+09
8.379940e+03  1.052335e+11  0.000000e+00  0.000000e+00  9.453656e+10  0.000000e+00  0.000000e+00  4.408253e+09  3.314237e+09  2.784578e+09  2.541543e+09
8.421939e+03  1.047052e+11  0.000000e+00  0.000000e+00  9.406201e+10  0.000000e+00  0.000000e+00  4.428119e+09  3.332056e+09  2.800638e+09  2.556634e+09
8.464149e+03  1.041770e+11  0.000000e+00  0.000000e+00  9.358746e+10  0.000000e+00  0.000000e+00  4.447787e+09  3.349879e+09  2.816737e+09  2.571774e+09
8.506571e+03  1.036535e+11  0.000000e+00  0.000000e+00  9.311716e+10  0.000000e+00  0.000000e+00  4.467719e+09  3.367851e+09  2.832964e+09  2.587033e+09
8.549205e+03  1.031300e+11  0.000000e+00  0.000000e+00  9.264685e+10  0.000000e+00  0.000000e+00  4.487644e+09  3.385880e+09  2.849259e+09  2.602364e+09
8.592053e+03  1.026088e+11  0.000000e+00  0.000000e+00  9.217869e+10  0.000000e+00  0.000000e+00  4.507617e+09  3.403993e+09  2.865644e+09  2.617784e+09
8.635116e+03  1.020945e+11  0.000000e+00  0.000000e+00  9.171667e+10  0.000000e+00  0.000000e+00  4.527574e+09  3.422167e+09  2.882104e+09  2.633283e+09
8.678394e+03  1.015780e+11  0.000000e+00  0.000000e+00  9.125263e+10  0.000000e+00  0.000000e+00  4.547561e+09  3.440407e+09  2.898638e+09  2.648857e+09
8.721890e+03  1.010658e+11  0.000000e+00  0.000000e+00  9.079255e+10  0.000000e+00  0.000000e+00  4.567595e+09  3.458732e+09  2.915263e+09  2.664522e+09
8.765603e+03  1.005580e+11  0.000000e+00  0.000000e+00  9.033632e+10  0.000000e+00  0.000000e+00  4.587589e+09  3.477104e+09  2.931952e+09  2.680256e+09
8.809535e+03  1.000479e+11  0.000000e+00  0.000000e+00  8.987813e+10  0.000000e+00  0.000000e+00  4.607616e+09  3.495547e+09  2.948721e+09  2.696071e+09
8.853688e+03  9.954445e+10  0.000000e+00  0.000000e+00  8.942582e+10  0.000000e+00  0.000000e+00  4.627679e+09  3.514071e+09  2.965579e+09  2.711976e+09
8.898062e+03  9.904310e+10  0.000000e+00  0.000000e+00  8.897542e+10  0.000000e+00  0.000000e+00  4.647736e+09  3.532654e+09  2.982508e+09  2.727956e+09
8.942658e+03  9.854389e+10  0.000000e+00  0.000000e+00  8.852696e+10  0.000000e+00  0.000000e+00  4.667799e+09  3.551299e+09  2.999512e+09  2.744014e+09
8.987478e+03  9.804474e+10  0.000000e+00  0.000000e+00  8.807855e+10  0.000000e+00  0.000000e+00  4.687869e+09  3.570006e+09  3.016590e+09  2.760148e+09
9.032523e+03  9.755185e+10  0.000000e+00  0.000000e+00  8.763576e+10  0.000000e+00  0.000000e+00  4.707953e+09  3.588784e+09  3.033751e+09  2.776367e+09
9.077793e+03  9.705898e+10  0.000000e+00  0.000000e+00  8.719299e+10  0.000000e+00  0.000000e+00  4.728037e+09  3.607618e+09  3.050982e+09  2.792661e+09
9.123290e+03  9.656811e+10  0.000000e+00  0.000000e+00  8.675201e+10  0.000000e+00  0.000000e+00  4.748125e+09  3.626516e+09  3.068289e+09  2.809034e+09
9.169015e+03  9.608118e+10  0.000000e+00  0.000000e+00  8.631458e+10  0.000000e+00  0.000000e+00  4.768221e+09  3.645480e+09  3.085675e+09  2.825488e+09
9.214970e+03  9.559817e+10  0.000000e+00  0.000000e+00  8.588067e+10  0.000000e+00  0.000000e+00  4.788317e+09  3.664503e+09  3.103134e+09  2.842020e+09
9.261154e+03  9.511320e+10  0.000000e+00  0.000000e+00  8.544499e+10  0.000000e+00  0.000000e+00  4.808402e+09  3.683576e+09  3.120658e+09  2.858621e+09
9.307570e+03  9.463222e+10  0.000000e+00  0.000000e+00  8.501291e+10  0.000000e+00  0.000000e+00  4.828492e+09  3.702715e+09  3.138263e+09  2.875306e+09
9.354219e+03  9.415515e+10  0.000000e+00  0.000000e+00  8.458433e+10  0.000000e+00  0.000000e+00  4.848586e+09  3.721916e+09  3.155944e+09  2.892072e+09
9.401102e+03  9.368001e+10  0.000000e+00  0.000000e+00  8.415749e+10  0.000000e+00  0.000000e+00  4.868673e+09  3.741172e+09  3.173695e+09  2.908912e+09
9.448219e+03  9.320680e+10  0.000000e+00  0.000000e+00  8.373238e+10  0.000000e+00  0.000000e+00  4.888751e+09  3.760482e+09  3.191517e+09  2.925827e+09
9.495573e+03  9.273550e+10  0.000000e+00  0.000000e+00  8.330899e+10  0.000000e+00  0.000000e+00  4.908821e+09  3.779847e+09  3.209410e+09  2.942818e+09
9.543164e+03  9.226791e+10  0.000000e+00  0.000000e+00  8.288893e+10  0.000000e+00  0.000000e+00  4.928884e+09  3.799268e+09  3.227375e+09  2.959886e+09
9.590994e+03  9.180018e+10  0.000000e+00  0.000000e+00  8.246874e+10  0.000000e+00  0.000000e+00  4.948932e+09  3.818738e+09  3.245407e+09  2.977027e+09
9.639063e+03  9.133607e+10  0.000000e+00  0.000000e+00  8.205181e+10  0.000000e+00  0.000000e+00  4.968974e+09  3.838267e+09  3.263514e+09  2.994247e+09
9.687373e+03  9.087556e+10  0.000000e+00  0.000000e+00  8.163811e+10  0.000000e+00  0.000000e+00  4.989006e+09  3.857848e+09  3.281692e+09  3.011543e+09
9.735925e+03  9.041510e+10  0.000000e+00  0.000000e+00  8.122445e+10  0.000000e+00  0.000000e+00  5.009017e+09  3.877475e+09  3.299933e+09  3.028910e+09
9.784721e+03  8.995821e+10  0.000000e+00  0.000000e+00  8.081401e+10  0.000000e+00  0.000000e+00  5.029016e+09  3.897156e+09  3.318247e+09  3.046354e+09
9.833761e+03  8.950138e+10  0.000000e+00  0.000000e+00  8.040362e+10  0.000000e+00  0.000000e+00  5.048998e+09  3.916886e+09  3.336629e+09  3.063872e+09
9.883047e+03  8.905150e+10  0.000000e+00  0.000000e+00  7.999947e+10  0.000000e+00  0.000000e+00  5.068973e+09  3.936673e+09  3.355086e+09  3.081471e+09
9.932580e+03  8.859992e+10  0.000000e+00  0.000000e+00  7.959379e+10  0.000000e+00  0.000000e+00  5.088915e+09  3.956496e+09  3.373601e+09  3.099135e+09
9.982362e+03  8.815177e+10  0.000000e+00  0.000000e+00  7.919119e+10  0.000000e+00  0.000000e+00  5.108838e+09  3.976369e+09  3.392186e+09  3.116875e+09
1.003239e+04  8.770519e+10  0.000000e+00  0.000000e+00  7.879000e+10  0.000000e+00  0.000000e+00  5.128739e+09  3.996288e+09  3.410836e+09  3.134688e+09
1.008267e+04  8.726183e+10  0.000000e+00  0.000000e+00  7.839171e+10  0.000000e+00  0.000000e+00  5.148618e+09  4.016253e+09  3.429555e+09  3.152576e+09
1.013321e+04  8.681852e+10  0.000000e+00  0.000000e+00  7.799346e+10  0.000000e+00  0.000000e+00  5.168468e+09  4.036260e+09  3.448336e+09  3.170534e+09
1.018399e+04  8.638014e+10  0.000000e+00  0.000000e+00  7.759965e+10  0.000000e+00  0.000000e+00  5.188300e+09  4.056316e+09  3.467189e+09  3.188571e+09
1.023504e+04  8.594339e+10  0.000000e+00  0.000000e+00  7.720729e+10  0.000000e+00  0.000000e+00  5.208099e+09  4.076410e+09  3.486102e+09  3.206676e+09
1.028633e+04  8.550668e+10  0.000000e+00  0.000000e+00  7.681497e+10  0.000000e+00  0.000000e+00  5.227863e+09  4.096541e+09  3.505076e+09  3.224850e+09
1.033789e+04  8.507477e+10  0.000000e+00  0.000000e+00  7.642697e+10  0.000000e+00  0.000000e+00  5.247602e+09  4.116718e+09  3.524118e+09  3.243100e+09
1.038970e+04  8.464289e+10  0.000000e+00  0.000000e+00  7.603898e+10  0.000000e+00  0.000000e+00  5.267303e+09  4.136929e+09  3.543218e+09  3.261417e+09
1.044177e+04  8.421415e+10  0.000000e+00  0.000000e+00  7.565383e+10  0.000000e+00  0.000000e+00  5.286973e+09  4.157182e+09  3.562385e+09  3.279809e+09
1.049411e+04  8.378837e+10  0.000000e+00  0.000000e+00  7.527133e+10  0.000000e+00  0.000000e+00  5.306608e+09  4.177472e+09  3.581613e+09  3.298271e+09
1.054670e+04  8.336245e+10  0.000000e+00  0.000000e+00  7.488871e+10  0.000000e+00  0.000000e+00  5.326200e+09  4.197793e+09  3.600899e+09  3.316801e+09
1.059956e+04  8.294107e+10  0.000000e+00  0.000000e+00  7.451015e+10  0.000000e+00  0.000000e+00  5.345759e+09  4.218154e+09  3.620251e+09  3.335405e+09
1.065268e+04  8.251972e+10  0.000000e+00  0.000000e+00  7.413163e+10  0.000000e+00  0.000000e+00  5.365270e+09  4.238544e+09  3.639657e+09  3.354074e+09
1.070607e+04  8.210137e+10  0.000000e+00  0.000000e+00  7.375581e+10  0.000000e+00  0.000000e+00  5.384743e+09  4.258970e+09  3.659126e+09  3.372815e+09
1.075973e+04  8.168451e+10  0.000000e+00  0.000000e+00  7.338133e+10  0.000000e+00  0.000000e+00  5.404172e+09  4.279427e+09  3.678654e+09  3.391626e+09
1.081366e+04  8.126917e+10  0.000000e+00  0.000000e+00  7.300820e+10  0.000000e+00  0.000000e+00  5.423559e+09  4.299917e+09  3.698243e+09  3.410507e+09
1.086786e+04  8.085816e+10  0.000000e+00  0.000000e+00  7.263897e+10  0.000000e+00  0.000000e+00  5.442906e+09  4.320444e+09  3.717895e+09  3.429463e+09
1.092233e+04  8.044857e+10  0.000000e+00  0.000000e+00  7.227102e+10  0.000000e+00  0.000000e+00  5.462200e+09  4.340994e+09  3.737601e+09  3.448483e+09
1.097707e+04  8.003891e+10  0.000000e+00  0.000000e+00  7.190300e+10  0.000000e+00  0.000000e+00  5.481439e+09  4.361568e+09  3.757360e+09  3.467568e+09
1.103208e+04  7.963329e+10  0.000000e+00  0.000000e+00  7.153861e+10  0.000000e+00  0.000000e+00  5.500634e+09  4.382175e+09  3.777181e+09  3.486726e+09
1.108738e+04  7.922903e+10  0.000000e+00  0.000000e+00  7.117544e+10  0.000000e+00  0.000000e+00  5.519774e+09  4.402805e+09  3.797057e+09  3.505951e+09
1.114294e+04  7.882616e+10  0.000000e+00  0.000000e+00  7.081353e+10  0.000000e+00  0.000000e+00  5.538859e+09  4.423460e+09  3.816987e+09  3.525242e+09
1.119879e+04  7.842471e+10  0.000000e+00  0.000000e+00  7.045288e+10  0.000000e+00  0.000000e+00  5.557892e+09  4.444141e+09  3.836976e+09  3.544603e+09
1.125492e+04  7.802730e+10  0.000000e+00  0.000000e+00  7.009587e+10  0.000000e+00  0.000000e+00  5.576876e+09  4.464851e+09  3.857024e+09  3.564037e+09
1.131133e+04  7.763123e+10  0.000000e+00  0.000000e+00  6.974006e+10  0.000000e+00  0.000000e+00  5.595799e+09  4.485580e+09  3.877124e+09  3.583535e+09
1.136802e+04  7.723651e+10  0.000000e+00  0.000000e+00  6.938546e+10  0.000000e+00  0.000000e+00  5.614659e+09  4.506328e+09  3.897277e+09  3.603099e+09
1.142499e+04  7.684441e+10  0.000000e+00  0.000000e+00  6.903322e+10  0.000000e+00  0.000000e+00  5.633459e+09  4.527097e+09  3.917484e+09  3.622730e+09
1.148226e+04  7.645226e+10  0.000000e+00  0.000000e+00  6.868093e+10  0.000000e+00  0.000000e+00  5.652194e+09  4.547882e+09  3.937741e+09  3.642425e+09
1.153980e+04  7.606506e+10  0.000000e+00  0.000000e+00  6.833309e+10  0.000000e+00  0.000000e+00  5.670872e+09  4.568692e+09  3.958056e+09  3.662192e+09
1.159764e+04  7.567655e+10  0.000000e+00  0.000000e+00  6.798407e+10  0.000000e+00  0.000000e+00  5.689477e+09  4.589510e+09  3.978417e+09  3.682019e+09
1.165577e+04  7.529306e+10  0.000000e+00  0.000000e+00  6.763956e+10  0.000000e+00  0.000000e+00  5.708024e+09  4.610353e+09  3.998835e+09  3.701918e+09
1.171418e+04  7.490836e+10  0.000000e+00  0.000000e+00  6.729397e+10  0.000000e+00  0.000000e+00  5.726495e+09  4.631202e+09  4.019298e+09  3.721876e+09
1.177290e+04  7.452739e+10  0.000000e+00  0.000000e+00  6.695172e+10  0.000000e+00  0.000000e+00  5.744905e+09  4.652073e+09  4.039818e+09  3.741905e+09
1.183190e+04  7.414885e+10  0.000000e+00  0.000000e+00  6.661166e+10  0.000000e+00  0.000000e+00  5.763244e+09  4.672956e+09  4.060386e+09  3.761999e+09
1.189120e+04  7.377153e+10  0.000000e+00  0.000000e+00  6.627270e+10  0.000000e+00  0.000000e+00  5.781506e+09  4.693847e+09  4.081000e+09  3.782153e+09
1.195080e+04  7.339544e+10  0.000000e+00  0.000000e+00  6.593484e+10  0.000000e+00  0.000000e+00  5.799691e+09  4.714745e+09  4.101660e+09  3.802369e+09
1.201069e+04  7.302169e+10  0.000000e+00  0.000000e+00  6.559907e+10  0.000000e+00  0.000000e+00  5.817803e+09  4.735653e+09  4.122368e+09  3.822649e+09
1.207089e+04  7.264896e+10  0.000000e+00  0.000000e+00  6.526423e+10  0.000000e+00  0.000000e+00  5.835836e+09  4.756567e+09  4.143121e+09  3.842990e+09
1.213139e+04  7.227958e+10  0.000000e+00  0.000000e+00  6.493240e+10  0.000000e+00  0.000000e+00  5.853794e+09  4.777491e+09  4.163922e+09  3.863395e+09
1.219219e+04  7.191024e+10  0.000000e+00  0.000000e+00  6.460060e+10  0.000000e+00  0.000000e+00  5.871666e+09  4.798414e+09  4.184762e+09  3.883857e+09
1.225330e+04  7.154432e+10  0.000000e+00  0.000000e+00  6.427188e+10  0.000000e+00  0.000000e+00  5.889461e+09  4.819343e+09  4.205649e+09  3.904382e+09
1.231471e+04  7.117844e+10  0.000000e+00  0.000000e+00  6.394319e+10  0.000000e+00  0.000000e+00  5.907168e+09  4.840270e+09  4.226574e+09  3.924962e+09
1.237643e+04  7.081700e+10  0.000000e+00  0.000000e+00  6.361849e+10  0.000000e+00  0.000000e+00  5.924795e+09  4.861202e+09  4.247544e+09  3.945604e+09
1.243846e+04  7.045451e+10  0.000000e+00  0.000000e+00  6.329285e+10  0.000000e+00  0.000000e+00  5.942326e+09  4.882123e+09  4.268545e+09  3.966295e+09
1.250080e+04  7.009533e+10  0.000000e+00  0.000000e+00  6.297018e+10  0.000000e+00  0.000000e+00  5.959773e+09  4.903045e+09  4.289588e+09  3.987046e+09
1.256345e+04  6.973828e+10  0.000000e+00  0.000000e+00  6.264942e+10  0.000000e+00  0.000000e+00  5.977127e+09  4.923960e+09  4.310666e+09  4.007849e+09
1.262642e+04  6.938214e+10  0.000000e+00  0.000000e+00  6.232948e+10  0.000000e+00  0.000000e+00  5.994383e+09  4.944861e+09  4.331773e+09  4.028700e+09
1.268970e+04  6.902693e+10  0.000000e+00  0.000000e+00  6.201038e+10  0.000000e+00  0.000000e+00  6.011541e+09  4.965751e+09  4.352911e+09  4.049600e+09
1.275330e+04  6.867489e+10  0.000000e+00  0.000000e+00  6.169413e+10  0.000000e+00  0.000000e+00  6.028608e+09  4.986632e+09  4.374083e+09  4.070552e+09
1.281722e+04  6.832391e+10  0.000000e+00  0.000000e+00  6.137882e+10  0.000000e+00  0.000000e+00  6.045571e+09  5.007495e+09  4.395279e+09  4.091547e+09
1.288146e+04  6.797500e+10  0.000000e+00  0.000000e+00  6.106538e+10  0.000000e+00  0.000000e+00  6.062432e+09  5.028340e+09  4.416500e+09  4.112586e+09
1.294602e+04  6.762714e+10  0.000000e+00  0.000000e+00  6.075288e+10  0.000000e+00  0.000000e+00  6.079187e+09  5.049162e+09  4.437743e+09  4.133666e+09
1.301091e+04  6.728132e+10  0.000000e+00  0.000000e+00  6.044221e+10  0.000000e+00  0.000000e+00  6.095836e+09  5.069963e+09  4.459007e+09  4.154785e+09
1.307611e+04  6.693752e+10  0.000000e+00  0.000000e+00  6.013336e+10  0.000000e+00  0.000000e+00  6.112376e+09  5.090738e+09  4.480289e+09  4.175941e+09
1.314165e+04  6.659570e+10  0.000000e+00  0.000000e+00  5.982629e+10  0.000000e+00  0.000000e+00  6.128802e+09  5.111481e+09  4.501583e+09  4.197129e+09
1.320752e+04  6.625473e+10  0.000000e+00  0.000000e+00  5.951997e+10  0.000000e+00  0.000000e+00  6.145108e+09  5.132187e+09  4.522884e+09  4.218344e+09
1.327371e+04  6.591552e+10  0.000000e+00  0.000000e+00  5.921524e+10  0.000000e+00  0.000000e+00  6.161295e+09  5.152857e+09  4.544193e+09  4.239585e+09
1.334024e+04  6.557728e+10  0.000000e+00  0.000000e+00  5.891139e+10  0.000000e+00  0.000000e+00  6.177362e+09  5.173487e+09  4.565506e+09  4.260850e+09
1.340710e+04  6.524284e+10  0.000000e+00  0.000000e+00  5.861094e+10  0.000000e+00  0.000000e+00  6.193310e+09  5.194077e+09  4.586823e+09  4.282137e+09
1.347429e+04  6.490750e+10  0.000000e+00  0.000000e+00  5.830969e+10  0.000000e+00  0.000000e+00  6.209122e+09  5.214612e+09  4.608129e+09  4.303435e+09
1.354183e+04  6.457589e+10  0.000000e+00  0.000000e+00  5.801179e+10  0.000000e+00  0.000000e+00  6.224809e+09  5.235102e+09  4.629432e+09  4.324748e+09
1.360970e+04  6.424431e+10  0.000000e+00  0.000000e+00  5.771391e+10  0.000000e+00  0.000000e+00  6.240358e+09  5.255530e+09  4.650718e+09  4.346064e+09
1.367791e+04  6.391549e+10  0.000000e+00  0.000000e+00  5.741852e+10  0.000000e+00  0.000000e+00  6.255772e+09  5.275901e+09  4.671991e+09  4.367385e+09
1.374646e+04  6.358760e+10  0.000000e+00  0.000000e+00  5.712396e+10  0.000000e+00  0.000000e+00  6.271042e+09  5.296205e+09  4.693239e+09  4.388702e+09
1.381535e+04  6.326141e+10  0.000000e+00  0.000000e+00  5.683092e+10  0.000000e+00  0.000000e+00  6.286168e+09  5.316439e+09  4.714460e+09  4.410012e+09
1.388460e+04  6.293765e+10  0.000000e+00  0.000000e+00  5.654007e+10  0.000000e+00  0.000000e+00  6.301145e+09  5.336598e+09  4.735650e+09  4.431309e+09
1.395418e+04  6.261389e+10  0.000000e+00  0.000000e+00  5.624922e+10  0.000000e+00  0.000000e+00  6.315965e+09  5.356673e+09  4.756798e+09  4.452584e+09
1.402412e+04  6.229274e+10  0.000000e+00  0.000000e+00  5.596071e+10  0.000000e+00  0.000000e+00  6.330632e+09  5.376666e+09  4.777907e+09  4.473838e+09
1.409441e+04  6.197248e+10  0.000000e+00  0.000000e+00  5.567302e+10  0.000000e+00  0.000000e+00  6.345137e+09  5.396568e+09  4.798965e+09  4.495061e+09
1.416505e+04  6.165479e+10  0.000000e+00  0.000000e+00  5.538762e+10  0.000000e+00  0.000000e+00  6.359480e+09  5.416376e+09  4.819971e+09  4.516251e+09
1.423604e+04  6.133715e+10  0.000000e+00  0.000000e+00  5.510226e+10  0.000000e+00  0.000000e+00  6.373651e+09  5.436079e+09  4.840913e+09  4.537396e+09
1.430739e+04  6.102284e+10  0.000000e+00  0.000000e+00  5.481991e+10  0.000000e+00  0.000000e+00  6.387653e+09  5.455678e+09  4.861792e+09  4.558495e+09
1.437910e+04  6.070938e+10  0.000000e+00  0.000000e+00  5.453831e+10  0.000000e+00  0.000000e+00  6.401472e+09  5.475159e+09  4.882592e+09  4.579535e+09
1.445117e+04  6.039669e+10  0.000000e+00  0.000000e+00  5.425740e+10  0.000000e+00  0.000000e+00  6.415105e+09  5.494517e+09  4.903310e+09  4.600511e+09
1.452360e+04  6.008624e+10  0.000000e+00  0.000000e+00  5.397850e+10  0.000000e+00  0.000000e+00  6.428553e+09  5.513751e+09  4.923942e+09  4.621419e+09
1.459639e+04  5.977729e+10  0.000000e+00  0.000000e+00  5.370097e+10  0.000000e+00  0.000000e+00  6.441808e+09  5.532850e+09  4.944477e+09  4.642248e+09
1.466954e+04  5.946918e+10  0.000000e+00  0.000000e+00  5.342417e+10  0.000000e+00  0.000000e+00  6.454864e+09  5.551808e+09  4.964909e+09  4.662992e+09
1.474307e+04  5.916343e+10  0.000000e+00  0.000000e+00  5.314950e+10  0.000000e+00  0.000000e+00  6.467720e+09  5.570621e+09  4.985233e+09  4.683646e+09
1.481696e+04  5.885849e+10  0.000000e+00  0.000000e+00  5.287556e+10  0.000000e+00  0.000000e+00  6.480367e+09  5.589279e+09  5.005438e+09  4.704197e+09
1.489122e+04  5.855513e+10  0.000000e+00  0.000000e+00  5.260303e+10  0.000000e+00  0.000000e+00  6.492803e+09  5.607777e+09  5.025519e+09  4.724641e+09
1.496585e+04  5.825405e+10  0.000000e+00  0.000000e+00  5.233256e+10  0.000000e+00  0.000000e+00  6.505023e+09  5.626107e+09  5.045466e+09  4.744968e+09
1.504086e+04  5.795376e+10  0.000000e+00  0.000000e+00  5.206279e+10  0.000000e+00  0.000000e+00  6.517015e+09  5.644259e+09  5.065269e+09  4.765168e+09
1.511624e+04  5.765495e+10  0.000000e+00  0.000000e+00  5.179435e+10  0.000000e+00  0.000000e+00  6.528778e+09  5.662226e+09  5.084922e+09  4.785233e+09
1.519200e+04  5.735743e+10  0.000000e+00  0.000000e+00  5.152708e+10  0.000000e+00  0.000000e+00  6.540307e+09  5.680003e+09  5.104415e+09  4.805155e+09
1.526815e+04  5.706124e+10  0.000000e+00  0.000000e+00  5.126100e+10  0.000000e+00  0.000000e+00  6.551597e+09  5.697581e+09  5.123742e+09  4.824926e+09
1.534467e+04  5.676723e+10  0.000000e+00  0.000000e+00  5.099687e+10  0.000000e+00  0.000000e+00  6.562644e+09  5.714955e+09  5.142895e+09  4.844538e+09
1.542157e+04  5.647329e+10  0.000000e+00  0.000000e+00  5.073281e+10  0.000000e+00  0.000000e+00  6.573438e+09  5.732112e+09  5.161861e+09  4.863979e+09
1.549887e+04  5.618217e+10  0.000000e+00  0.000000e+00  5.047129e+10  0.000000e+00  0.000000e+00  6.583983e+09  5.749052e+09  5.180639e+09  4.883245e+09
1.557654e+04  5.589180e+10  0.000000e+00  0.000000e+00  5.021043e+10  0.000000e+00  0.000000e+00  6.594263e+09  5.765761e+09  5.199212e+09  4.902321e+09
1.565461e+04  5.560286e+10  0.000000e+00  0.000000e+00  4.995086e+10  0.000000e+00  0.000000e+00  6.604278e+09  5.782232e+09  5.217576e+09  4.921202e+09
1.573307e+04  5.531599e+10  0.000000e+00  0.000000e+00  4.969315e+10  0.000000e+00  0.000000e+00  6.614022e+09  5.798459e+09  5.235720e+09  4.939876e+09
1.581193e+04  5.502984e+10  0.000000e+00  0.000000e+00  4.943609e+10  0.000000e+00  0.000000e+00  6.623485e+09  5.814429e+09  5.253634e+09  4.958333e+09
1.589117e+04  5.474486e+10  0.000000e+00  0.000000e+00  4.918007e+10  0.000000e+00  0.000000e+00  6.632664e+09  5.830138e+09  5.271310e+09  4.976566e+09
1.597082e+04  5.446103e+10  0.000000e+00  0.000000e+00  4.892510e+10  0.000000e+00  0.000000e+00  6.641558e+09  5.845580e+09  5.288741e+09  4.994565e+09
1.605086e+04  5.418050e+10  0.000000e+00  0.000000e+00  4.867309e+10  0.000000e+00  0.000000e+00  6.650162e+09  5.860747e+09  5.305919e+09  5.012325e+09
1.613131e+04  5.389873e+10  0.000000e+00  0.000000e+00  4.841995e+10  0.000000e+00  0.000000e+00  6.658457e+09  5.875623e+09  5.322827e+09  5.029825e+09
1.621216e+04  5.361957e+10  0.000000e+00  0.000000e+00  4.816917e+10  0.000000e+00  0.000000e+00  6.666456e+09  5.890211e+09  5.339467e+09  5.047069e+09
1.629341e+04  5.334172e+10  0.000000e+00  0.000000e+00  4.791956e+10  0.000000e+00  0.000000e+00  6.674145e+09  5.904498e+09  5.355826e+09  5.064042e+09
1.637507e+04  5.306517e+10  0.000000e+00  0.000000e+00  4.767112e+10  0.000000e+00  0.000000e+00  6.681518e+09  5.918477e+09  5.371893e+09  5.080735e+09
1.645714e+04  5.278992e+10  0.000000e+00  0.000000e+00  4.742386e+10  0.000000e+00  0.000000e+00  6.688571e+09  5.932140e+09  5.387660e+09  5.097138e+09
1.653963e+04  5.251596e+10  0.000000e+00  0.000000e+00  4.717774e+10  0.000000e+00  0.000000e+00  6.695300e+09  5.945479e+09  5.403120e+09  5.113243e+09
1.662252e+04  5.224426e+10  0.000000e+00  0.000000e+00  4.693366e+10  0.000000e+00  0.000000e+00  6.701699e+09  5.958488e+09  5.418264e+09  5.129041e+09
1.670583e+04  5.197240e+10  0.000000e+00  0.000000e+00  4.668944e+10  0.000000e+00  0.000000e+00  6.707756e+09  5.971153e+09  5.433078e+09  5.144520e+09
1.678956e+04  5.170175e+10  0.000000e+00  0.000000e+00  4.644630e+10  0.000000e+00  0.000000e+00  6.713477e+09  5.983475e+09  5.447563e+09  5.159678e+09
1.687371e+04  5.143351e+10  0.000000e+00  0.000000e+00  4.620532e+10  0.000000e+00  0.000000e+00  6.718859e+09  5.995449e+09  5.461709e+09  5.174505e+09
1.695828e+04  5.116647e+10  0.000000e+00  0.000000e+00  4.596543e+10  0.000000e+00  0.000000e+00  6.723890e+09  6.007061e+09  5.475504e+09  5.188990e+09
1.704327e+04  5.089949e+10  0.000000e+00  0.000000e+00  4.572559e+10  0.000000e+00  0.000000e+00  6.728565e+09  6.018305e+09  5.488941e+09  5.203123e+09
1.712869e+04  5.063598e+10  0.000000e+00  0.000000e+00  4.548886e+10  0.000000e+00  0.000000e+00  6.732889e+09  6.029180e+09  5.502017e+09  5.216903e+09
1.721454e+04  5.037140e+10  0.000000e+00  0.000000e+00  4.525117e+10  0.000000e+00  0.000000e+00  6.736842e+09  6.039668e+09  5.514715e+09  5.230313e+09
1.730082e+04  5.011022e+10  0.000000e+00  0.000000e+00  4.501654e+10  0.000000e+00  0.000000e+00  6.740435e+09  6.049775e+09  5.527038e+09  5.243353e+09
1.738753e+04  4.984786e+10  0.000000e+00  0.000000e+00  4.478085e+10  0.000000e+00  0.000000e+00  6.743652e+09  6.059485e+09  5.538969e+09  5.256009e+09
1.747467e+04  4.958970e+10  0.000000e+00  0.000000e+00  4.454893e+10  0.000000e+00  0.000000e+00  6.746504e+09  6.068803e+09  5.550512e+09  5.268283e+09
1.756225e+04  4.932934e+10  0.000000e+00  0.000000e+00  4.431504e+10  0.000000e+00  0.000000e+00  6.748969e+09  6.077708e+09  5.561648e+09  5.280155e+09
1.765027e+04  4.907332e+10  0.000000e+00  0.000000e+00  4.408504e+10  0.000000e+00  0.000000e+00  6.751066e+09  6.086215e+09  5.572386e+09  5.291634e+09
1.773873e+04  4.881629e+10  0.000000e+00  0.000000e+00  4.385414e+10  0.000000e+00  0.000000e+00  6.752772e+09  6.094300e+09  5.582706e+09  5.302701e+09
1.782764e+04  4.856246e+10  0.000000e+00  0.000000e+00  4.362612e+10  0.000000e+00  0.000000e+00  6.754099e+09  6.101970e+09  5.592611e+09  5.313357e+09
1.791699e+04  4.830766e+10  0.000000e+00  0.000000e+00  4.339721e+10  0.000000e+00  0.000000e+00  6.755029e+09  6.109210e+09  5.602087e+09  5.323589e+09
1.800679e+04  4.805602e+10  0.000000e+00  0.000000e+00  4.317115e+10  0.000000e+00  0.000000e+00  6.755576e+09  6.116026e+09  5.611138e+09  5.333399e+09
1.809704e+04  4.780543e+10  0.000000e+00  0.000000e+00  4.294603e+10  0.000000e+00  0.000000e+00  6.755723e+09  6.122405e+09  5.619750e+09  5.342775e+09
1.818774e+04  4.755481e+10  0.000000e+00  0.000000e+00  4.272089e+10  0.000000e+00  0.000000e+00  6.755469e+09  6.128342e+09  5.627919e+09  5.351712e+09
1.827889e+04  4.730602e+10  0.000000e+00  0.000000e+00  4.249739e+10  0.000000e+00  0.000000e+00  6.754821e+09  6.133840e+09  5.635646e+09  5.360209e+09
1.837051e+04  4.705813e+10  0.000000e+00  0.000000e+00  4.227470e+10  0.000000e+00  0.000000e+00  6.753771e+09  6.138893e+09  5.642923e+09  5.368260e+09
1.846258e+04  4.681225e+10  0.000000e+00  0.000000e+00  4.205381e+10  0.000000e+00  0.000000e+00  6.752321e+09  6.143497e+09  5.649748e+09  5.375861e+09
1.855511e+04  4.656642e+10  0.000000e+00  0.000000e+00  4.183297e+10  0.000000e+00  0.000000e+00  6.750464e+09  6.147647e+09  5.656112e+09  5.383005e+09
1.864811e+04  4.632258e+10  0.000000e+00  0.000000e+00  4.161391e+10  0.000000e+00  0.000000e+00  6.748204e+09  6.151343e+09  5.662017e+09  5.389692e+09
1.874157e+04  4.607974e+10  0.000000e+00  0.000000e+00  4.139576e+10  0.000000e+00  0.000000e+00  6.745536e+09  6.154580e+09  5.667457e+09  5.395915e+09
1.883550e+04  4.583790e+10  0.000000e+00  0.000000e+00  4.117850e+10  0.000000e+00  0.000000e+00  6.742460e+09  6.157355e+09  5.672428e+09  5.401673e+09
1.892990e+04  4.559705e+10  0.000000e+00  0.000000e+00  4.096214e+10  0.000000e+00  0.000000e+00  6.738976e+09  6.159668e+09  5.676929e+09  5.406961e+09
1.902478e+04  4.535897e+10  0.000000e+00  0.000000e+00  4.074826e+10  0.000000e+00  0.000000e+00  6.735085e+09  6.161518e+09  5.680958e+09  5.411780e+09
1.912013e+04  4.511978e+10  0.000000e+00  0.000000e+00  4.053338e+10  0.000000e+00  0.000000e+00  6.730775e+09  6.162893e+09  5.684506e+09  5.416119e+09
1.921596e+04  4.488228e+10  0.000000e+00  0.000000e+00  4.032002e+10  0.000000e+00  0.000000e+00  6.726060e+09  6.163805e+09  5.687580e+09  5.419985e+09
1.931227e+04  4.464661e+10  0.000000e+00  0.000000e+00  4.010831e+10  0.000000e+00  0.000000e+00  6.720938e+09  6.164250e+09  5.690176e+09  5.423375e+09
1.940906e+04  4.441101e+10  0.000000e+00  0.000000e+00  3.989666e+10  0.000000e+00  0.000000e+00  6.715404e+09  6.164222e+09  5.692290e+09  5.426283e+09
1.950633e+04  4.417809e+10  0.000000e+00  0.000000e+00  3.968741e+10  0.000000e+00  0.000000e+00  6.709465e+09  6.163727e+09  5.693926e+09  5.428713e+09
1.960410e+04  4.394521e+10  0.000000e+00  0.000000e+00  3.947820e+10  0.000000e+00  0.000000e+00  6.703112e+09  6.162755e+09  5.695075e+09  5.430658e+09
1.970235e+04  4.371326e+10  0.000000e+00  0.000000e+00  3.926983e+10  0.000000e+00  0.000000e+00  6.696351e+09  6.161313e+09  5.695741e+09  5.432121e+09
1.980110e+04  4.348307e+10  0.000000e+00  0.000000e+00  3.906304e+10  0.000000e+00  0.000000e+00  6.689186e+09  6.159401e+09  5.695926e+09  5.433103e+09
1.990034e+04  4.325378e+10  0.000000e+00  0.000000e+00  3.885706e+10  0.000000e+00  0.000000e+00  6.681613e+09  6.157017e+09  5.695627e+09  5.433600e+09
2.000008e+04  4.302596e+10  0.000000e+00  0.000000e+00  3.865240e+10  0.000000e+00  0.000000e+00  6.673635e+09  6.154163e+09  5.694844e+09  5.433614e+09
2.010032e+04  4.279796e+10  0.000000e+00  0.000000e+00  3.844757e+10  0.000000e+00  0.000000e+00  6.665251e+09  6.150835e+09  5.693576e+09  5.433145e+09
2.020106e+04  4.257166e+10  0.000000e+00  0.000000e+00  3.824427e+10  0.000000e+00  0.000000e+00  6.656470e+09  6.147044e+09  5.691830e+09  5.432196e+09
2.030230e+04  4.234701e+10  0.000000e+00  0.000000e+00  3.804246e+10  0.000000e+00  0.000000e+00  6.647290e+09  6.142785e+09  5.689604e+09  5.430767e+09
2.040406e+04  4.212322e+10  0.000000e+00  0.000000e+00  3.784142e+10  0.000000e+00  0.000000e+00  6.637711e+09  6.138059e+09  5.686897e+09  5.428857e+09
2.050632e+04  4.189950e+10  0.000000e+00  0.000000e+00  3.764044e+10  0.000000e+00  0.000000e+00  6.627734e+09  6.132867e+09  5.683710e+09  5.426467e+09
2.060910e+04  4.167819e+10  0.000000e+00  0.000000e+00  3.744162e+10  0.000000e+00  0.000000e+00  6.617369e+09  6.127216e+09  5.680051e+09  5.423603e+09
2.071239e+04  4.145769e+10  0.000000e+00  0.000000e+00  3.724354e+10  0.000000e+00  0.000000e+00  6.606610e+09  6.121103e+09  5.675914e+09  5.420263e+09
2.081620e+04  4.123729e+10  0.000000e+00  0.000000e+00  3.704554e+10  0.000000e+00  0.000000e+00  6.595461e+09  6.114531e+09  5.671305e+09  5.416450e+09
2.092053e+04  4.101976e+10  0.000000e+00  0.000000e+00  3.685013e+10  0.000000e+00  0.000000e+00  6.583930e+09  6.107506e+09  5.666228e+09  5.412168e+09
2.102538e+04  4.080129e+10  0.000000e+00  0.000000e+00  3.665386e+10  0.000000e+00  0.000000e+00  6.572010e+09  6.100024e+09  5.660680e+09  5.407415e+09
2.113076e+04  4.058432e+10  0.000000e+00  0.000000e+00  3.645895e+10  0.000000e+00  0.000000e+00  6.559715e+09  6.092095e+09  5.654671e+09  5.402200e+09
2.123666e+04  4.036888e+10  0.000000e+00  0.000000e+00  3.626541e+10  0.000000e+00  0.000000e+00  6.547046e+09  6.083722e+09  5.648202e+09  5.396525e+09
2.134310e+04  4.015352e+10  0.000000e+00  0.000000e+00  3.607194e+10  0.000000e+00  0.000000e+00  6.534003e+09  6.074905e+09  5.641274e+09  5.390391e+09
2.145007e+04  3.994108e+10  0.000000e+00  0.000000e+00  3.588109e+10  0.000000e+00  0.000000e+00  6.520596e+09  6.065653e+09  5.633896e+09  5.383805e+09
2.155757e+04  3.972799e+10  0.000000e+00  0.000000e+00  3.568967e+10  0.000000e+00  0.000000e+00  6.506817e+09  6.055959e+09  5.626063e+09  5.376763e+09
2.166562e+04  3.951639e+10  0.000000e+00  0.000000e+00  3.549957e+10  0.000000e+00  0.000000e+00  6.492679e+09  6.045836e+09  5.617785e+09  5.369277e+09
2.177420e+04  3.930624e+10  0.000000e+00  0.000000e+00  3.531078e+10  0.000000e+00  0.000000e+00  6.478184e+09  6.035286e+09  5.609065e+09  5.361347e+09
2.188334e+04  3.909602e+10  0.000000e+00  0.000000e+00  3.512193e+10  0.000000e+00  0.000000e+00  6.463331e+09  6.024311e+09  5.599905e+09  5.352977e+09
2.199301e+04  3.888833e+10  0.000000e+00  0.000000e+00  3.493535e+10  0.000000e+00  0.000000e+00  6.448133e+09  6.012918e+09  5.590313e+09  5.344175e+09
2.210324e+04  3.867991e+10  0.000000e+00  0.000000e+00  3.474812e+10  0.000000e+00  0.000000e+00  6.432583e+09  6.001106e+09  5.580287e+09  5.334938e+09
2.221402e+04  3.847356e+10  0.000000e+00  0.000000e+00  3.456275e+10  0.000000e+00  0.000000e+00  6.416695e+09  5.988887e+09  5.569839e+09  5.325278e+09
2.232535e+04  3.826729e+10  0.000000e+00  0.000000e+00  3.437744e+10  0.000000e+00  0.000000e+00  6.400468e+09  5.976260e+09  5.558969e+09  5.315195e+09
2.243725e+04  3.806305e+10  0.000000e+00  0.000000e+00  3.419396e+10  0.000000e+00  0.000000e+00  6.383912e+09  5.963235e+09  5.547686e+09  5.304699e+09
2.254970e+04  3.785888e+10  0.000000e+00  0.000000e+00  3.401054e+10  0.000000e+00  0.000000e+00  6.367025e+09  5.949811e+09  5.535990e+09  5.293789e+09
2.266272e+04  3.765670e+10  0.000000e+00  0.000000e+00  3.382891e+10  0.000000e+00  0.000000e+00  6.349818e+09  5.935999e+09  5.523891e+09  5.282476e+09
2.277630e+04  3.745458e+10  0.000000e+00  0.000000e+00  3.364735e+10  0.000000e+00  0.000000e+00  6.332290e+09  5.921800e+09  5.511391e+09  5.270761e+09
2.289045e+04  3.725433e+10  0.000000e+00  0.000000e+00  3.346745e+10  0.000000e+00  0.000000e+00  6.314452e+09  5.907223e+09  5.498499e+09  5.258654e+09
2.300518e+04  3.705388e+10  0.000000e+00  0.000000e+00  3.328738e+10  0.000000e+00  0.000000e+00  6.296305e+09  5.892271e+09  5.485218e+09  5.246157e+09
2.312048e+04  3.685517e+10  0.000000e+00  0.000000e+00  3.310886e+10  0.000000e+00  0.000000e+00  6.277860e+09  5.876955e+09  5.471559e+09  5.233281e+09
2.323636e+04  3.665653e+10  0.000000e+00  0.000000e+00  3.293042e+10  0.000000e+00  0.000000e+00  6.259118e+09  5.861278e+09  5.457524e+09  5.220029e+09
2.335282e+04  3.645977e+10  0.000000e+00  0.000000e+00  3.275365e+10  0.000000e+00  0.000000e+00  6.240090e+09  5.845248e+09  5.443123e+09  5.206409e+09
2.346986e+04  3.626308e+10  0.000000e+00  0.000000e+00  3.257695e+10  0.000000e+00  0.000000e+00  6.220774e+09  5.828867e+09  5.428356e+09  5.192424e+09
2.358749e+04  3.606823e+10  0.000000e+00  0.000000e+00  3.240191e+10  0.000000e+00  0.000000e+00  6.201179e+09  5.812143e+09  5.413234e+09  5.178082e+09
2.370571e+04  3.587345e+10  0.000000e+00  0.000000e+00  3.222693e+10  0.000000e+00  0.000000e+00  6.181304e+09  5.795077e+09  5.397756e+09  5.163384e+09
2.382452e+04  3.568048e+10  0.000000e+00  0.000000e+00  3.205358e+10  0.000000e+00  0.000000e+00  6.161157e+09  5.777677e+09  5.381931e+09  5.148340e+09
2.394392e+04  3.548812e+10  0.000000e+00  0.000000e+00  3.188077e+10  0.000000e+00  0.000000e+00  6.140737e+09  5.759943e+09  5.365761e+09  5.132949e+09
2.406393e+04  3.529612e+10  0.000000e+00  0.000000e+00  3.170829e+10  0.000000e+00  0.000000e+00  6.120047e+09  5.741881e+09  5.349251e+09  5.117219e+09
2.418454e+04  3.510563e+10  0.000000e+00  0.000000e+00  3.153717e+10  0.000000e+00  0.000000e+00  6.099097e+09  5.723499e+09  5.332409e+09  5.101157e+09
2.430575e+04  3.491522e+10  0.000000e+00  0.000000e+00  3.136611e+10  0.000000e+00  0.000000e+00  6.077887e+09  5.704799e+09  5.315239e+09  5.084767e+09
2.442756e+04  3.472653e+10  0.000000e+00  0.000000e+00  3.119659e+10  0.000000e+00  0.000000e+00  6.056427e+09  5.685793e+09  5.297750e+09  5.068059e+09
2.454999e+04  3.453791e+10  0.000000e+00  0.000000e+00  3.102715e+10  0.000000e+00  0.000000e+00  6.034720e+09  5.666483e+09  5.279947e+09  5.051037e+09
2.467304e+04  3.435098e+10  0.000000e+00  0.000000e+00  3.085922e+10  0.000000e+00  0.000000e+00  6.012775e+09  5.646880e+09  5.261840e+09  5.033711e+09
2.479670e+04  3.416465e+10  0.000000e+00  0.000000e+00  3.069183e+10  0.000000e+00  0.000000e+00  5.990594e+09  5.626987e+09  5.243433e+09  5.016085e+09
2.492097e+04  3.397945e+10  0.000000e+00  0.000000e+00  3.052546e+10  0.000000e+00  0.000000e+00  5.968184e+09  5.606811e+09  5.224733e+09  4.998166e+09
2.504588e+04  3.379484e+10  0.000000e+00  0.000000e+00  3.035962e+10  0.000000e+00  0.000000e+00  5.945551e+09  5.586359e+09  5.205746e+09  4.979961e+09
2.517140e+04  3.361246e+10  0.000000e+00  0.000000e+00  3.019578e+10  0.000000e+00  0.000000e+00  5.922700e+09  5.565638e+09  5.186480e+09  4.961477e+09
2.529756e+04  3.343084e+10  0.000000e+00  0.000000e+00  3.003261e+10  0.000000e+00  0.000000e+00  5.899631e+09  5.544648e+09  5.166936e+09  4.942716e+09
2.542435e+04  3.325034e+10  0.000000e+00  0.000000e+00  2.987046e+10  0.000000e+00  0.000000e+00  5.876348e+09  5.523396e+09  5.147122e+09  4.923685e+09
2.555177e+04  3.307092e+10  0.000000e+00  0.000000e+00  2.970928e+10  0.000000e+00  0.000000e+00  5.852856e+09  5.501887e+09  5.127042e+09  4.904389e+09
2.567984e+04  3.289255e+10  0.000000e+00  0.000000e+00  2.954904e+10  0.000000e+00  0.000000e+00  5.829159e+09  5.480126e+09  5.106703e+09  4.884835e+09
2.580854e+04  3.271474e+10  0.000000e+00  0.000000e+00  2.938930e+10  0.000000e+00  0.000000e+00  5.805259e+09  5.458119e+09  5.086110e+09  4.865028e+09
2.593789e+04  3.253844e+10  0.000000e+00  0.000000e+00  2.923092e+10  0.000000e+00  0.000000e+00  5.781164e+09  5.435872e+09  5.065269e+09  4.844975e+09
2.606789e+04  3.236221e+10  0.000000e+00  0.000000e+00  2.907261e+10  0.000000e+00  0.000000e+00  5.756874e+09  5.413387e+09  5.044186e+09  4.824680e+09
2.619854e+04  3.218700e+10  0.000000e+00  0.000000e+00  2.891521e+10  0.000000e+00  0.000000e+00  5.732397e+09  5.390675e+09  5.022867e+09  4.804151e+09
2.632985e+04  3.201249e+10  0.000000e+00  0.000000e+00  2.875844e+10  0.000000e+00  0.000000e+00  5.707739e+09  5.367739e+09  5.001318e+09  4.783394e+09
2.646181e+04  3.183695e+10  0.000000e+00  0.000000e+00  2.860074e+10  0.000000e+00  0.000000e+00  5.682903e+09  5.344586e+09  4.979547e+09  4.762415e+09
2.659443e+04  3.166300e+10  0.000000e+00  0.000000e+00  2.844448e+10  0.000000e+00  0.000000e+00  5.657906e+09  5.321231e+09  4.957566e+09  4.741227e+09
2.672772e+04  3.148868e+10  0.000000e+00  0.000000e+00  2.828787e+10  0.000000e+00  0.000000e+00  5.632748e+09  5.297675e+09  4.935378e+09  4.719833e+09
2.686168e+04  3.131623e+10  0.000000e+00  0.000000e+00  2.813295e+10  0.000000e+00  0.000000e+00  5.607442e+09  5.273931e+09  4.912995e+09  4.698244e+09
2.699631e+04  3.114387e+10  0.000000e+00  0.000000e+00  2.797811e+10  0.000000e+00  0.000000e+00  5.581987e+09  5.249998e+09  4.890417e+09  4.676463e+09
2.713161e+04  3.097334e+10  0.000000e+00  0.000000e+00  2.782491e+10  0.000000e+00  0.000000e+00  5.556390e+09  5.225887e+09  4.867654e+09  4.654497e+09
2.726759e+04  3.080245e+10  0.000000e+00  0.000000e+00  2.767140e+10  0.000000e+00  0.000000e+00  5.530651e+09  5.201598e+09  4.844709e+09  4.632349e+09
2.740426e+04  3.063337e+10  0.000000e+00  0.000000e+00  2.751951e+10  0.000000e+00  0.000000e+00  5.504782e+09  5.177141e+09  4.821590e+09  4.610029e+09
2.754161e+04  3.046466e+10  0.000000e+00  0.000000e+00  2.736794e+10  0.000000e+00  0.000000e+00  5.478780e+09  5.152519e+09  4.798300e+09  4.587539e+09
2.767964e+04  3.029659e+10  0.000000e+00  0.000000e+00  2.721696e+10  0.000000e+00  0.000000e+00  5.452654e+09  5.127738e+09  4.774846e+09  4.564886e+09
2.781837e+04  3.012888e+10  0.000000e+00  0.000000e+00  2.706630e+10  0.000000e+00  0.000000e+00  5.426409e+09  5.102805e+09  4.751236e+09  4.542078e+09
2.795779e+04  2.996250e+10  0.000000e+00  0.000000e+00  2.691683e+10  0.000000e+00  0.000000e+00  5.400053e+09  5.077727e+09  4.727476e+09  4.519121e+09
2.809791e+04  2.979660e+10  0.000000e+00  0.000000e+00  2.676779e+10  0.000000e+00  0.000000e+00  5.373586e+09  5.052508e+09  4.703570e+09  4.496020e+09
2.823874e+04  2.963160e+10  0.000000e+00  0.000000e+00  2.661956e+10  0.000000e+00  0.000000e+00  5.347014e+09  5.027154e+09  4.679525e+09  4.472780e+09
2.838027e+04  2.946748e+10  0.000000e+00  0.000000e+00  2.647212e+10  0.000000e+00  0.000000e+00  5.320342e+09  5.001669e+09  4.655345e+09  4.449407e+09
2.852251e+04  2.930423e+10  0.000000e+00  0.000000e+00  2.632547e+10  0.000000e+00  0.000000e+00  5.293573e+09  4.976059e+09  4.631036e+09  4.425905e+09
2.866546e+04  2.914146e+10  0.000000e+00  0.000000e+00  2.617925e+10  0.000000e+00  0.000000e+00  5.266711e+09  4.950328e+09  4.606602e+09  4.402280e+09
2.880913e+04  2.897985e+10  0.000000e+00  0.000000e+00  2.603407e+10  0.000000e+00  0.000000e+00  5.239762e+09  4.924482e+09  4.582051e+09  4.378539e+09
2.895352e+04  2.881882e+10  0.000000e+00  0.000000e+00  2.588941e+10  0.000000e+00  0.000000e+00  5.212727e+09  4.898525e+09  4.557385e+09  4.354684e+09
2.909863e+04  2.865806e+10  0.000000e+00  0.000000e+00  2.574498e+10  0.000000e+00  0.000000e+00  5.185613e+09  4.872464e+09  4.532611e+09  4.330723e+09
2.924447e+04  2.849814e+10  0.000000e+00  0.000000e+00  2.560132e+10  0.000000e+00  0.000000e+00  5.158425e+09  4.846304e+09  4.507736e+09  4.306662e+09
2.939104e+04  2.833941e+10  0.000000e+00  0.000000e+00  2.545873e+10  0.000000e+00  0.000000e+00  5.131169e+09  4.820050e+09  4.482765e+09  4.282506e+09
2.953835e+04  2.818077e+10  0.000000e+00  0.000000e+00  2.531621e+10  0.000000e+00  0.000000e+00  5.103844e+09  4.793706e+09  4.457700e+09  4.258257e+09
2.968639e+04  2.802367e+10  0.000000e+00  0.000000e+00  2.517508e+10  0.000000e+00  0.000000e+00  5.076459e+09  4.767278e+09  4.432549e+09  4.233924e+09
2.983518e+04  2.786700e+10  0.000000e+00  0.000000e+00  2.503434e+10  0.000000e+00  0.000000e+00  5.049013e+09  4.740768e+09  4.407314e+09  4.209508e+09
2.998471e+04  2.771079e+10  0.000000e+00  0.000000e+00  2.489400e+10  0.000000e+00  0.000000e+00  5.021511e+09  4.714182e+09  4.382002e+09  4.185015e+09
3.013499e+04  2.755570e+10  0.000000e+00  0.000000e+00  2.475468e+10  0.000000e+00  0.000000e+00  4.993960e+09  4.687526e+09  4.356617e+09  4.160451e+09
3.028602e+04  2.740147e+10  0.000000e+00  0.000000e+00  2.461612e+10  0.000000e+00  0.000000e+00  4.966360e+09  4.660803e+09  4.331163e+09  4.135820e+09
3.043782e+04  2.724706e+10  0.000000e+00  0.000000e+00  2.447741e+10  0.000000e+00  0.000000e+00  4.938715e+09  4.634016e+09  4.305644e+09  4.111126e+09
3.059037e+04  2.709376e+10  0.000000e+00  0.000000e+00  2.433970e+10  0.000000e+00  0.000000e+00  4.911033e+09  4.607174e+09  4.280068e+09  4.086375e+09
3.074368e+04  2.694123e+10  0.000000e+00  0.000000e+00  2.420267e+10  0.000000e+00  0.000000e+00  4.883316e+09  4.580278e+09  4.254438e+09  4.061571e+09
3.089777e+04  2.678946e+10  0.000000e+00  0.000000e+00  2.406632e+10  0.000000e+00  0.000000e+00  4.855566e+09  4.553334e+09  4.228758e+09  4.036718e+09
3.105263e+04  2.663810e+10  0.000000e+00  0.000000e+00  2.393035e+10  0.000000e+00  0.000000e+00  4.827787e+09  4.526345e+09  4.203031e+09  4.011820e+09
3.120826e+04  2.648815e+10  0.000000e+00  0.000000e+00  2.379564e+10  0.000000e+00  0.000000e+00  4.799984e+09  4.499316e+09  4.177264e+09  3.986883e+09
3.136467e+04  2.633827e+10  0.000000e+00  0.000000e+00  2.366100e+10  0.000000e+00  0.000000e+00  4.772156e+09  4.472249e+09  4.151458e+09  3.961909e+09
3.152187e+04  2.618977e+10  0.000000e+00  0.000000e+00  2.352759e+10  0.000000e+00  0.000000e+00  4.744311e+09  4.445150e+09  4.125620e+09  3.936903e+09
3.167985e+04  2.604143e+10  0.000000e+00  0.000000e+00  2.339433e+10  0.000000e+00  0.000000e+00  4.716449e+09  4.418021e+09  4.099751e+09  3.911867e+09
3.183863e+04  2.589322e+10  0.000000e+00  0.000000e+00  2.326119e+10  0.000000e+00  0.000000e+00  4.688574e+09  4.390866e+09  4.073857e+09  3.886808e+09
3.199820e+04  2.574661e+10  0.000000e+00  0.000000e+00  2.312948e+10  0.000000e+00  0.000000e+00  4.660692e+09  4.363693e+09  4.047943e+09  3.861730e+09
3.215858e+04  2.560008e+10  0.000000e+00  0.000000e+00  2.299785e+10  0.000000e+00  0.000000e+00  4.632803e+09  4.336501e+09  4.022010e+09  3.836635e+09
3.231975e+04  2.545426e+10  0.000000e+00  0.000000e+00  2.286685e+10  0.000000e+00  0.000000e+00  4.604912e+09  4.309296e+09  3.996064e+09  3.811527e+09
3.248174e+04  2.530913e+10  0.000000e+00  0.000000e+00  2.273647e+10  0.000000e+00  0.000000e+00  4.577023e+09  4.282082e+09  3.970109e+09  3.786412e+09
3.264453e+04  2.516469e+10  0.000000e+00  0.000000e+00  2.260672e+10  0.000000e+00  0.000000e+00  4.549138e+09  4.254863e+09  3.944148e+09  3.761291e+09
3.280814e+04  2.502152e+10  0.000000e+00  0.000000e+00  2.247810e+10  0.000000e+00  0.000000e+00  4.521260e+09  4.227641e+09  3.918185e+09  3.736170e+09
3.297257e+04  2.487900e+10  0.000000e+00  0.000000e+00  2.235007e+10  0.000000e+00  0.000000e+00  4.493389e+09  4.200418e+09  3.892222e+09  3.711049e+09
3.313783e+04  2.473641e+10  0.000000e+00  0.000000e+00  2.222196e+10  0.000000e+00  0.000000e+00  4.465527e+09  4.173197e+09  3.866262e+09  3.685933e+09
3.330391e+04  2.459476e+10  0.000000e+00  0.000000e+00  2.209472e+10  0.000000e+00  0.000000e+00  4.437682e+09  4.145985e+09  3.840309e+09  3.660825e+09
3.347083e+04  2.445311e+10  0.000000e+00  0.000000e+00  2.196747e+10  0.000000e+00  0.000000e+00  4.409853e+09  4.118782e+09  3.814368e+09  3.635730e+09
3.363858e+04  2.431322e+10  0.000000e+00  0.000000e+00  2.184180e+10  0.000000e+00  0.000000e+00  4.382048e+09  4.091595e+09  3.788442e+09  3.610650e+09
3.380718e+04  2.417287e+10  0.000000e+00  0.000000e+00  2.171571e+10  0.000000e+00  0.000000e+00  4.354263e+09  4.064423e+09  3.762532e+09  3.585588e+09
3.397662e+04  2.403372e+10  0.000000e+00  0.000000e+00  2.159071e+10  0.000000e+00  0.000000e+00  4.326506e+09  4.037272e+09  3.736644e+09  3.560549e+09
3.414690e+04  2.389574e+10  0.000000e+00  0.000000e+00  2.146675e+10  0.000000e+00  0.000000e+00  4.298777e+09  4.010145e+09  3.710779e+09  3.535534e+09
3.431805e+04  2.375784e+10  0.000000e+00  0.000000e+00  2.134287e+10  0.000000e+00  0.000000e+00  4.271076e+09  3.983041e+09  3.684940e+09  3.510545e+09
3.449005e+04  2.362056e+10  0.000000e+00  0.000000e+00  2.121955e+10  0.000000e+00  0.000000e+00  4.243408e+09  3.955966e+09  3.659130e+09  3.485586e+09
3.466291e+04  2.348431e+10  0.000000e+00  0.000000e+00  2.109714e+10  0.000000e+00  0.000000e+00  4.215775e+09  3.928923e+09  3.633352e+09  3.460661e+09
3.483663e+04  2.334787e+10  0.000000e+00  0.000000e+00  2.097457e+10  0.000000e+00  0.000000e+00  4.188178e+09  3.901911e+09  3.607608e+09  3.435769e+09
3.501123e+04  2.321289e+10  0.000000e+00  0.000000e+00  2.085331e+10  0.000000e+00  0.000000e+00  4.160622e+09  3.874938e+09  3.581902e+09  3.410918e+09
3.518671e+04  2.307751e+10  0.000000e+00  0.000000e+00  2.073169e+10  0.000000e+00  0.000000e+00  4.133106e+09  3.848003e+09  3.556236e+09  3.386106e+09
3.536306e+04  2.294323e+10  0.000000e+00  0.000000e+00  2.061107e+10  0.000000e+00  0.000000e+00  4.105637e+09  3.821111e+09  3.530614e+09  3.361339e+09
3.554030e+04  2.281003e+10  0.000000e+00  0.000000e+00  2.049140e+10  0.000000e+00  0.000000e+00  4.078214e+09  3.794264e+09  3.505038e+09  3.336619e+09
3.571842e+04  2.267693e+10  0.000000e+00  0.000000e+00  2.037183e+10  0.000000e+00  0.000000e+00  4.050839e+09  3.767463e+09  3.479509e+09  3.311946e+09
3.589744e+04  2.254489e+10  0.000000e+00  0.000000e+00  2.025321e+10  0.000000e+00  0.000000e+00  4.023515e+09  3.740712e+09  3.454031e+09  3.287325e+09
3.607735e+04  2.241342e+10  0.000000e+00  0.000000e+00  2.013511e+10  0.000000e+00  0.000000e+00  3.996242e+09  3.714011e+09  3.428604e+09  3.262756e+09
3.625817e+04  2.228199e+10  0.000000e+00  0.000000e+00  2.001704e+10  0.000000e+00  0.000000e+00  3.969021e+09  3.687363e+09  3.403232e+09  3.238242e+09
3.643989e+04  2.215179e+10  0.000000e+00  0.000000e+00  1.990007e+10  0.000000e+00  0.000000e+00  3.941858e+09  3.660772e+09  3.377918e+09  3.213787e+09
3.662253e+04  2.202147e+10  0.000000e+00  0.000000e+00  1.978300e+10  0.000000e+00  0.000000e+00  3.914752e+09  3.634239e+09  3.352663e+09  3.189391e+09
3.680608e+04  2.189171e+10  0.000000e+00  0.000000e+00  1.966643e+10  0.000000e+00  0.000000e+00  3.887708e+09  3.607767e+09  3.327471e+09  3.165058e+09
3.699054e+04  2.176340e+10  0.000000e+00  0.000000e+00  1.955116e+10  0.000000e+00  0.000000e+00  3.860728e+09  3.581360e+09  3.302344e+09  3.140791e+09
3.717594e+04  2.163474e+10  0.000000e+00  0.000000e+00  1.943558e+10  0.000000e+00  0.000000e+00  3.833810e+09  3.555017e+09  3.277282e+09  3.116590e+09
3.736226e+04  2.150708e+10  0.000000e+00  0.000000e+00  1.932090e+10  0.000000e+00  0.000000e+00  3.806960e+09  3.528742e+09  3.252290e+09  3.092458e+09
3.754952e+04  2.138039e+10  0.000000e+00  0.000000e+00  1.920709e+10  0.000000e+00  0.000000e+00  3.780177e+09  3.502536e+09  3.227368e+09  3.068397e+09
3.773771e+04  2.125423e+10  0.000000e+00  0.000000e+00  1.909375e+10  0.000000e+00  0.000000e+00  3.753461e+09  3.476400e+09  3.202517e+09  3.044407e+09
3.792685e+04  2.112817e+10  0.000000e+00  0.000000e+00  1.898050e+10  0.000000e+00  0.000000e+00  3.726815e+09  3.450335e+09  3.177739e+09  3.020490e+09
3.811694e+04  2.100320e+10  0.000000e+00  0.000000e+00  1.886823e+10  0.000000e+00  0.000000e+00  3.700241e+09  3.424345e+09  3.153036e+09  2.996649e+09
3.830798e+04  2.087805e+10  0.000000e+00  0.000000e+00  1.875581e+10  0.000000e+00  0.000000e+00  3.673738e+09  3.398430e+09  3.128410e+09  2.972885e+09
3.849997e+04  2.075344e+10  0.000000e+00  0.000000e+00  1.864386e+10  0.000000e+00  0.000000e+00  3.647313e+09  3.372594e+09  3.103864e+09  2.949201e+09
3.869293e+04  2.063015e+10  0.000000e+00  0.000000e+00  1.853310e+10  0.000000e+00  0.000000e+00  3.620965e+09  3.346839e+09  3.079400e+09  2.925598e+09
3.888686e+04  2.050655e+10  0.000000e+00  0.000000e+00  1.842207e+10  0.000000e+00  0.000000e+00  3.594694e+09  3.321163e+09  3.055017e+09  2.902077e+09
3.908175e+04  2.038427e+10  0.000000e+00  0.000000e+00  1.831222e+10  0.000000e+00  0.000000e+00  3.568504e+09  3.295572e+09  3.030719e+09  2.878640e+09
3.927763e+04  2.026249e+10  0.000000e+00  0.000000e+00  1.820282e+10  0.000000e+00  0.000000e+00  3.542392e+09  3.270063e+09  3.006505e+09  2.855288e+09
3.947449e+04  2.014080e+10  0.000000e+00  0.000000e+00  1.809350e+10  0.000000e+00  0.000000e+00  3.516361e+09  3.244639e+09  2.982376e+09  2.832021e+09
3.967233e+04  2.002039e+10  0.000000e+00  0.000000e+00  1.798533e+10  0.000000e+00  0.000000e+00  3.490413e+09  3.219302e+09  2.958336e+09  2.808842e+09
3.987116e+04  1.990024e+10  0.000000e+00  0.000000e+00  1.787739e+10  0.000000e+00  0.000000e+00  3.464548e+09  3.194051e+09  2.934384e+09  2.785751e+09
4.007099e+04  1.977992e+10  0.000000e+00  0.000000e+00  1.776930e+10  0.000000e+00  0.000000e+00  3.438766e+09  3.168890e+09  2.910522e+09  2.762751e+09
4.027183e+04  1.966077e+10  0.000000e+00  0.000000e+00  1.766226e+10  0.000000e+00  0.000000e+00  3.413073e+09  3.143821e+09  2.886753e+09  2.739843e+09
4.047367e+04  1.954173e+10  0.000000e+00  0.000000e+00  1.755533e+10  0.000000e+00  0.000000e+00  3.387466e+09  3.118843e+09  2.863077e+09  2.717027e+09
4.067652e+04  1.942354e+10  0.000000e+00  0.000000e+00  1.744914e+10  0.000000e+00  0.000000e+00  3.361949e+09  3.093959e+09  2.839496e+09  2.694306e+09
4.088038e+04  1.930581e+10  0.000000e+00  0.000000e+00  1.734338e+10  0.000000e+00  0.000000e+00  3.336521e+09  3.069170e+09  2.816010e+09  2.671679e+09
4.108527e+04  1.918890e+10  0.000000e+00  0.000000e+00  1.723836e+10  0.000000e+00  0.000000e+00  3.311185e+09  3.044477e+09  2.792620e+09  2.649149e+09
4.129119e+04  1.907245e+10  0.000000e+00  0.000000e+00  1.713375e+10  0.000000e+00  0.000000e+00  3.285939e+09  3.019879e+09  2.769328e+09  2.626716e+09
4.149814e+04  1.895612e+10  0.000000e+00  0.000000e+00  1.702924e+10  0.000000e+00  0.000000e+00  3.260786e+09  2.995380e+09  2.746135e+09  2.604381e+09
4.170612e+04  1.884111e+10  0.000000e+00  0.000000e+00  1.692592e+10  0.000000e+00  0.000000e+00  3.235729e+09  2.970982e+09  2.723043e+09  2.582147e+09
4.191515e+04  1.872559e+10  0.000000e+00  0.000000e+00  1.682215e+10  0.000000e+00  0.000000e+00  3.210767e+09  2.946684e+09  2.700052e+09  2.560014e+09
4.212522e+04  1.861109e+10  0.000000e+00  0.000000e+00  1.671929e+10  0.000000e+00  0.000000e+00  3.185906e+09  2.922491e+09  2.677167e+09  2.537985e+09
4.233635e+04  1.849670e+10  0.000000e+00  0.000000e+00  1.661652e+10  0.000000e+00  0.000000e+00  3.161146e+09  2.898404e+09  2.654387e+09  2.516061e+09
4.254854e+04  1.838308e+10  0.000000e+00  0.000000e+00  1.651445e+10  0.000000e+00  0.000000e+00  3.136490e+09  2.874426e+09  2.631716e+09  2.494244e+09
4.276179e+04  1.827023e+10  0.000000e+00  0.000000e+00  1.641307e+10  0.000000e+00  0.000000e+00  3.111937e+09  2.850556e+09  2.609153e+09  2.472534e+09
4.297611e+04  1.815781e+10  0.000000e+00  0.000000e+00  1.631208e+10  0.000000e+00  0.000000e+00  3.087489e+09  2.826795e+09  2.586699e+09  2.450932e+09
4.319150e+04  1.804582e+10  0.000000e+00  0.000000e+00  1.621147e+10  0.000000e+00  0.000000e+00  3.063144e+09  2.803142e+09  2.564353e+09  2.429438e+09
4.340797e+04  1.793457e+10  0.000000e+00  0.000000e+00  1.611153e+10  0.000000e+00  0.000000e+00  3.038905e+09  2.779600e+09  2.542118e+09  2.408052e+09
4.362553e+04  1.782364e+10  0.000000e+00  0.000000e+00  1.601188e+10  0.000000e+00  0.000000e+00  3.014769e+09  2.756166e+09  2.519991e+09  2.386774e+09
4.384418e+04  1.771286e+10  0.000000e+00  0.000000e+00  1.591236e+10  0.000000e+00  0.000000e+00  2.990737e+09  2.732842e+09  2.497974e+09  2.365605e+09
4.406392e+04  1.760295e+10  0.000000e+00  0.000000e+00  1.581362e+10  0.000000e+00  0.000000e+00  2.966812e+09  2.709630e+09  2.476068e+09  2.344546e+09
4.428477e+04  1.749285e+10  0.000000e+00  0.000000e+00  1.571471e+10  0.000000e+00  0.000000e+00  2.942991e+09  2.686527e+09  2.454273e+09  2.323596e+09
4.450672e+04  1.738406e+10  0.000000e+00  0.000000e+00  1.561698e+10  0.000000e+00  0.000000e+00  2.919278e+09  2.663538e+09  2.432589e+09  2.302757e+09
4.472978e+04  1.727538e+10  0.000000e+00  0.000000e+00  1.551935e+10  0.000000e+00  0.000000e+00  2.895670e+09  2.640659e+09  2.411017e+09  2.282027e+09
4.495396e+04  1.716740e+10  0.000000e+00  0.000000e+00  1.542234e+10  0.000000e+00  0.000000e+00  2.872169e+09  2.617892e+09  2.389557e+09  2.261409e+09
4.517927e+04  1.705982e+10  0.000000e+00  0.000000e+00  1.532569e+10  0.000000e+00  0.000000e+00  2.848773e+09  2.595237e+09  2.368208e+09  2.240901e+09
4.540570e+04  1.695292e+10  0.000000e+00  0.000000e+00  1.522967e+10  0.000000e+00  0.000000e+00  2.825484e+09  2.572695e+09  2.346972e+09  2.220505e+09
4.563327e+04  1.684637e+10  0.000000e+00  0.000000e+00  1.513395e+10  0.000000e+00  0.000000e+00  2.802300e+09  2.550265e+09  2.325848e+09  2.200219e+09
4.586198e+04  1.674023e+10  0.000000e+00  0.000000e+00  1.503860e+10  0.000000e+00  0.000000e+00  2.779223e+09  2.527948e+09  2.304837e+09  2.180045e+09
4.609184e+04  1.663426e+10  0.000000e+00  0.000000e+00  1.494340e+10  0.000000e+00  0.000000e+00  2.756253e+09  2.505744e+09  2.283940e+09  2.159983e+09
4.632285e+04  1.652895e+10  0.000000e+00  0.000000e+00  1.484879e+10  0.000000e+00  0.000000e+00  2.733392e+09  2.483655e+09  2.263157e+09  2.140034e+09
4.655501e+04  1.642402e+10  0.000000e+00  0.000000e+00  1.475453e+10  0.000000e+00  0.000000e+00  2.710640e+09  2.461681e+09  2.242488e+09  2.120199e+09
4.678834e+04  1.631975e+10  0.000000e+00  0.000000e+00  1.466086e+10  0.000000e+00  0.000000e+00  2.687997e+09  2.439822e+09  2.221934e+09  2.100476e+09
4.702284e+04  1.621586e+10  0.000000e+00  0.000000e+00  1.456752e+10  0.000000e+00  0.000000e+00  2.665462e+09  2.418079e+09  2.201496e+09  2.080868e+09
4.725852e+04  1.611260e+10  0.000000e+00  0.000000e+00  1.447476e+10  0.000000e+00  0.000000e+00  2.643038e+09  2.396452e+09  2.181173e+09  2.061373e+09
4.749537e+04  1.600997e+10  0.000000e+00  0.000000e+00  1.438257e+10  0.000000e+00  0.000000e+00  2.620722e+09  2.374940e+09  2.160965e+09  2.041992e+09
4.773342e+04  1.590771e+10  0.000000e+00  0.000000e+00  1.429070e+10  0.000000e+00  0.000000e+00  2.598516e+09  2.353544e+09  2.140872e+09  2.022725e+09
4.797265e+04  1.580557e+10  0.000000e+00  0.000000e+00  1.419894e+10  0.000000e+00  0.000000e+00  2.576419e+09  2.332264e+09  2.120895e+09  2.003572e+09
4.821309e+04  1.570378e+10  0.000000e+00  0.000000e+00  1.410750e+10  0.000000e+00  0.000000e+00  2.554434e+09  2.311102e+09  2.101035e+09  1.984534e+09
4.845473e+04  1.560260e+10  0.000000e+00  0.000000e+00  1.401660e+10  0.000000e+00  0.000000e+00  2.532562e+09  2.290059e+09  2.081293e+09  1.965613e+09
4.869758e+04  1.550177e+10  0.000000e+00  0.000000e+00  1.392603e+10  0.000000e+00  0.000000e+00  2.510801e+09  2.269133e+09  2.061668e+09  1.946807e+09
4.894165e+04  1.540155e+10  0.000000e+00  0.000000e+00  1.383599e+10  0.000000e+00  0.000000e+00  2.489154e+09  2.248327e+09  2.042162e+09  1.928117e+09
4.918694e+04  1.530168e+10  0.000000e+00  0.000000e+00  1.374627e+10  0.000000e+00  0.000000e+00  2.467620e+09  2.227640e+09  2.022773e+09  1.909543e+09
4.943346e+04  1.520241e+10  0.000000e+00  0.000000e+00  1.365709e+10  0.000000e+00  0.000000e+00  2.446199e+09  2.207072e+09  2.003502e+09  1.891085e+09
4.968122e+04  1.510394e+10  0.000000e+00  0.000000e+00  1.356864e+10  0.000000e+00  0.000000e+00  2.424891e+09  2.186623e+09  1.984349e+09  1.872744e+09
4.993021e+04  1.500537e+10  0.000000e+00  0.000000e+00  1.348008e+10  0.000000e+00  0.000000e+00  2.403697e+09  2.166293e+09  1.965314e+09  1.854518e+09
5.018046e+04  1.490850e+10  0.000000e+00  0.000000e+00  1.339306e+10  0.000000e+00  0.000000e+00  2.382617e+09  2.146084e+09  1.946399e+09  1.836410e+09
5.043196e+04  1.481266e+10  0.000000e+00  0.000000e+00  1.330696e+10  0.000000e+00  0.000000e+00  2.361647e+09  2.125991e+09  1.927599e+09  1.818416e+09
5.068472e+04  1.471760e+10  0.000000e+00  0.000000e+00  1.322157e+10  0.000000e+00  0.000000e+00  2.340787e+09  2.106015e+09  1.908915e+09  1.800535e+09
5.093875e+04  1.462310e+10  0.000000e+00  0.000000e+00  1.313667e+10  0.000000e+00  0.000000e+00  2.320034e+09  2.086154e+09  1.890345e+09  1.782768e+09
5.119405e+04  1.452914e+10  0.000000e+00  0.000000e+00  1.305226e+10  0.000000e+00  0.000000e+00  2.299388e+09  2.066407e+09  1.871890e+09  1.765113e+09
5.145063e+04  1.443550e+10  0.000000e+00  0.000000e+00  1.296814e+10  0.000000e+00  0.000000e+00  2.278849e+09  2.046776e+09  1.853548e+09  1.747570e+09
5.170850e+04  1.434260e+10  0.000000e+00  0.000000e+00  1.288469e+10  0.000000e+00  0.000000e+00  2.258418e+09  2.027259e+09  1.835321e+09  1.730140e+09
5.196765e+04  1.424961e+10  0.000000e+00  0.000000e+00  1.280114e+10  0.000000e+00  0.000000e+00  2.238093e+09  2.007856e+09  1.817208e+09  1.712821e+09
5.222811e+04  1.415755e+10  0.000000e+00  0.000000e+00  1.271845e+10  0.000000e+00  0.000000e+00  2.217877e+09  1.988569e+09  1.799209e+09  1.695616e+09
5.248988e+04  1.406566e+10  0.000000e+00  0.000000e+00  1.263590e+10  0.000000e+00  0.000000e+00  2.197767e+09  1.969397e+09  1.781324e+09  1.678523e+09
5.275295e+04  1.397400e+10  0.000000e+00  0.000000e+00  1.255355e+10  0.000000e+00  0.000000e+00  2.177766e+09  1.950340e+09  1.763554e+09  1.661542e+09
5.301734e+04  1.388272e+10  0.000000e+00  0.000000e+00  1.247155e+10  0.000000e+00  0.000000e+00  2.157872e+09  1.931398e+09  1.745898e+09  1.644673e+09
5.328306e+04  1.379155e+10  0.000000e+00  0.000000e+00  1.238965e+10  0.000000e+00  0.000000e+00  2.138087e+09  1.912572e+09  1.728356e+09  1.627918e+09
5.355011e+04  1.370128e+10  0.000000e+00  0.000000e+00  1.230855e+10  0.000000e+00  0.000000e+00  2.118412e+09  1.893863e+09  1.710930e+09  1.611275e+09
5.381850e+04  1.361112e+10  0.000000e+00  0.000000e+00  1.222756e+10  0.000000e+00  0.000000e+00  2.098845e+09  1.875269e+09  1.693618e+09  1.594745e+09
5.408824e+04  1.352165e+10  0.000000e+00  0.000000e+00  1.214718e+10  0.000000e+00  0.000000e+00  2.079387e+09  1.856791e+09  1.676420e+09  1.578327e+09
5.435932e+04  1.343247e+10  0.000000e+00  0.000000e+00  1.206707e+10  0.000000e+00  0.000000e+00  2.060038e+09  1.838428e+09  1.659337e+09  1.562021e+09
5.463177e+04  1.334397e+10  0.000000e+00  0.000000e+00  1.198756e+10  0.000000e+00  0.000000e+00  2.040797e+09  1.820181e+09  1.642368e+09  1.545827e+09
5.490558e+04  1.325549e+10  0.000000e+00  0.000000e+00  1.190808e+10  0.000000e+00  0.000000e+00  2.021664e+09  1.802048e+09  1.625512e+09  1.529745e+09
5.518076e+04  1.316723e+10  0.000000e+00  0.000000e+00  1.182879e+10  0.000000e+00  0.000000e+00  2.002639e+09  1.784032e+09  1.608771e+09  1.513774e+09
5.545732e+04  1.307945e+10  0.000000e+00  0.000000e+00  1.174993e+10  0.000000e+00  0.000000e+00  1.983725e+09  1.766131e+09  1.592144e+09  1.497916e+09
5.573527e+04  1.299214e+10  0.000000e+00  0.000000e+00  1.167150e+10  0.000000e+00  0.000000e+00  1.964919e+09  1.748346e+09  1.575630e+09  1.482169e+09
5.601461e+04  1.290494e+10  0.000000e+00  0.000000e+00  1.159316e+10  0.000000e+00  0.000000e+00  1.946223e+09  1.730677e+09  1.559231e+09  1.466534e+09
5.629535e+04  1.281856e+10  0.000000e+00  0.000000e+00  1.151556e+10  0.000000e+00  0.000000e+00  1.927637e+09  1.713124e+09  1.542946e+09  1.451011e+09
5.657750e+04  1.273228e+10  0.000000e+00  0.000000e+00  1.143805e+10  0.000000e+00  0.000000e+00  1.909160e+09  1.695686e+09  1.526775e+09  1.435599e+09
5.686106e+04  1.264663e+10  0.000000e+00  0.000000e+00  1.136111e+10  0.000000e+00  0.000000e+00  1.890792e+09  1.678364e+09  1.510717e+09  1.420298e+09
5.714604e+04  1.256127e+10  0.000000e+00  0.000000e+00  1.128442e+10  0.000000e+00  0.000000e+00  1.872533e+09  1.661156e+09  1.494772e+09  1.405108e+09
5.743245e+04  1.247649e+10  0.000000e+00  0.000000e+00  1.120826e+10  0.000000e+00  0.000000e+00  1.854383e+09  1.644064e+09  1.478939e+09  1.390028e+09
5.772030e+04  1.239175e+10  0.000000e+00  0.000000e+00  1.113214e+10  0.000000e+00  0.000000e+00  1.836341e+09  1.627086e+09  1.463220e+09  1.375058e+09
5.800959e+04  1.230724e+10  0.000000e+00  0.000000e+00  1.105622e+10  0.000000e+00  0.000000e+00  1.818408e+09  1.610223e+09  1.447613e+09  1.360198e+09
5.830033e+04  1.222317e+10  0.000000e+00  0.000000e+00  1.098069e+10  0.000000e+00  0.000000e+00  1.800585e+09  1.593476e+09  1.432119e+09  1.345449e+09
5.859252e+04  1.213953e+10  0.000000e+00  0.000000e+00  1.090555e+10  0.000000e+00  0.000000e+00  1.782872e+09  1.576843e+09  1.416738e+09  1.330810e+09
5.888618e+04  1.205631e+10  0.000000e+00  0.000000e+00  1.083080e+10  0.000000e+00  0.000000e+00  1.765268e+09  1.560326e+09  1.401469e+09  1.316281e+09
5.918132e+04  1.197337e+10  0.000000e+00  0.000000e+00  1.075629e+10  0.000000e+00  0.000000e+00  1.747773e+09  1.543923e+09  1.386312e+09  1.301861e+09
5.947793e+04  1.189117e+10  0.000000e+00  0.000000e+00  1.068244e+10  0.000000e+00  0.000000e+00  1.730388e+09  1.527634e+09  1.371268e+09  1.287551e+09
5.977603e+04  1.180907e+10  0.000000e+00  0.000000e+00  1.060868e+10  0.000000e+00  0.000000e+00  1.713110e+09  1.511459e+09  1.356334e+09  1.273348e+09
6.007562e+04  1.172739e+10  0.000000e+00  0.000000e+00  1.053531e+10  0.000000e+00  0.000000e+00  1.695942e+09  1.495398e+09  1.341511e+09  1.259255e+09
6.037671e+04  1.164623e+10  0.000000e+00  0.000000e+00  1.046239e+10  0.000000e+00  0.000000e+00  1.678882e+09  1.479451e+09  1.326800e+09  1.245269e+09
6.067932e+04  1.156496e+10  0.000000e+00  0.000000e+00  1.038939e+10  0.000000e+00  0.000000e+00  1.661930e+09  1.463616e+09  1.312198e+09  1.231391e+09
6.098344e+04  1.148409e+10  0.000000e+00  0.000000e+00  1.031674e+10  0.000000e+00  0.000000e+00  1.645087e+09  1.447896e+09  1.297708e+09  1.217622e+09
6.128908e+04  1.140376e+10  0.000000e+00  0.000000e+00  1.024457e+10  0.000000e+00  0.000000e+00  1.628353e+09  1.432289e+09  1.283329e+09  1.203960e+09
6.159626e+04  1.132383e+10  0.000000e+00  0.000000e+00  1.017276e+10  0.000000e+00  0.000000e+00  1.611728e+09  1.416796e+09  1.269059e+09  1.190405e+09
6.190497e+04  1.124415e+10  0.000000e+00  0.000000e+00  1.010119e+10  0.000000e+00  0.000000e+00  1.595212e+09  1.401415e+09  1.254899e+09  1.176957e+09
6.221523e+04  1.116501e+10  0.000000e+00  0.000000e+00  1.003009e+10  0.000000e+00  0.000000e+00  1.578804e+09  1.386147e+09  1.240849e+09  1.163616e+09
6.252705e+04  1.108612e+10  0.000000e+00  0.000000e+00  9.959220e+09  0.000000e+00  0.000000e+00  1.562503e+09  1.370991e+09  1.226908e+09  1.150381e+09
6.284043e+04  1.100775e+10  0.000000e+00  0.000000e+00  9.888820e+09  0.000000e+00  0.000000e+00  1.546311e+09  1.355947e+09  1.213076e+09  1.137252e+09
6.315538e+04  1.092964e+10  0.000000e+00  0.000000e+00  9.818647e+09  0.000000e+00  0.000000e+00  1.530226e+09  1.341015e+09  1.199352e+09  1.124228e+09
6.347191e+04  1.085172e+10  0.000000e+00  0.000000e+00  9.748648e+09  0.000000e+00  0.000000e+00  1.514249e+09  1.326194e+09  1.185736e+09  1.111309e+09
6.379003e+04  1.077399e+10  0.000000e+00  0.000000e+00  9.678820e+09  0.000000e+00  0.000000e+00  1.498379e+09  1.311484e+09  1.172228e+09  1.098496e+09
6.410974e+04  1.069702e+10  0.000000e+00  0.000000e+00  9.609676e+09  0.000000e+00  0.000000e+00  1.482618e+09  1.296887e+09  1.158828e+09  1.085787e+09
6.443105e+04  1.061992e+10  0.000000e+00  0.000000e+00  9.540407e+09  0.000000e+00  0.000000e+00  1.466963e+09  1.282400e+09  1.145535e+09  1.073182e+09
6.475397e+04  1.054356e+10  0.000000e+00  0.000000e+00  9.471813e+09  0.000000e+00  0.000000e+00  1.451417e+09  1.268024e+09  1.132350e+09  1.060682e+09
6.507852e+04  1.046757e+10  0.000000e+00  0.000000e+00  9.403545e+09  0.000000e+00  0.000000e+00  1.435977e+09  1.253758e+09  1.119271e+09  1.048285e+09
6.540468e+04  1.039169e+10  0.000000e+00  0.000000e+00  9.335384e+09  0.000000e+00  0.000000e+00  1.420644e+09  1.239602e+09  1.106299e+09  1.035991e+09
6.573249e+04  1.031643e+10  0.000000e+00  0.000000e+00  9.267766e+09  0.000000e+00  0.000000e+00  1.405418e+09  1.225556e+09  1.093432e+09  1.023800e+09
6.606193e+04  1.024144e+10  0.000000e+00  0.000000e+00  9.200401e+09  0.000000e+00  0.000000e+00  1.390298e+09  1.211620e+09  1.080671e+09  1.011711e+09
6.639303e+04  1.016665e+10  0.000000e+00  0.000000e+00  9.133213e+09  0.000000e+00  0.000000e+00  1.375284e+09  1.197792e+09  1.068015e+09  9.997243e+08
6.672579e+04  1.009212e+10  0.000000e+00  0.000000e+00  9.066266e+09  0.000000e+00  0.000000e+00  1.360376e+09  1.184073e+09  1.055464e+09  9.878391e+08
6.706021e+04  1.001795e+10  0.000000e+00  0.000000e+00  8.999635e+09  0.000000e+00  0.000000e+00  1.345575e+09  1.170463e+09  1.043018e+09  9.760554e+08
6.739631e+04  9.944356e+09  0.000000e+00  0.000000e+00  8.933518e+09  0.000000e+00  0.000000e+00  1.330880e+09  1.156962e+09  1.030676e+09  9.643729e+08
6.773409e+04  9.870876e+09  0.000000e+00  0.000000e+00  8.867507e+09  0.000000e+00  0.000000e+00  1.316290e+09  1.143568e+09  1.018437e+09  9.527906e+08
6.807357e+04  9.797741e+09  0.000000e+00  0.000000e+00  8.801806e+09  0.000000e+00  0.000000e+00  1.301806e+09  1.130282e+09  1.006303e+09  9.413087e+08
6.841475e+04  9.725165e+09  0.000000e+00  0.000000e+00  8.736607e+09  0.000000e+00  0.000000e+00  1.287428e+09  1.117104e+09  9.942714e+08  9.299267e+08
6.875764e+04  9.652708e+09  0.000000e+00  0.000000e+00  8.671516e+09  0.000000e+00  0.000000e+00  1.273154e+09  1.104033e+09  9.823425e+08  9.186438e+08
6.910225e+04  9.580978e+09  0.000000e+00  0.000000e+00  8.607077e+09  0.000000e+00  0.000000e+00  1.258985e+09  1.091068e+09  9.705159e+08  9.074599e+08
6.944858e+04  9.509030e+09  0.000000e+00  0.000000e+00  8.542442e+09  0.000000e+00  0.000000e+00  1.244920e+09  1.078209e+09  9.587907e+08  8.963740e+08
6.979665e+04  9.437532e+09  0.000000e+00  0.000000e+00  8.478213e+09  0.000000e+00  0.000000e+00  1.230960e+09  1.065456e+09  9.471674e+08  8.853866e+08
7.014647e+04  9.366564e+09  0.000000e+00  0.000000e+00  8.414458e+09  0.000000e+00  0.000000e+00  1.217105e+09  1.052809e+09  9.356455e+08  8.744972e+08
7.049804e+04  9.295715e+09  0.000000e+00  0.000000e+00  8.350811e+09  0.000000e+00  0.000000e+00  1.203353e+09  1.040268e+09  9.242242e+08  8.637049e+08
7.085137e+04  9.225193e+09  0.000000e+00  0.000000e+00  8.287457e+09  0.000000e+00  0.000000e+00  1.189705e+09  1.027831e+09  9.129034e+08  8.530097e+08
7.120647e+04  9.155188e+09  0.000000e+00  0.000000e+00  8.224569e+09  0.000000e+00  0.000000e+00  1.176162e+09  1.015500e+09  9.016827e+08  8.424111e+08
7.156335e+04  9.085498e+09  0.000000e+00  0.000000e+00  8.161963e+09  0.000000e+00  0.000000e+00  1.162721e+09  1.003272e+09  8.905614e+08  8.319083e+08
7.192202e+04  9.016123e+09  0.000000e+00  0.000000e+00  8.099639e+09  0.000000e+00  0.000000e+00  1.149383e+09  9.911484e+08  8.795390e+08  8.215011e+08
7.228249e+04  8.947244e+09  0.000000e+00  0.000000e+00  8.037761e+09  0.000000e+00  0.000000e+00  1.136148e+09  9.791280e+08  8.686152e+08  8.111889e+08
7.264476e+04  8.878206e+09  0.000000e+00  0.000000e+00  7.975741e+09  0.000000e+00  0.000000e+00  1.123015e+09  9.672104e+08  8.577894e+08  8.009712e+08
7.300885e+04  8.809949e+09  0.000000e+00  0.000000e+00  7.914423e+09  0.000000e+00  0.000000e+00  1.109984e+09  9.553960e+08  8.470619e+08  7.908482e+08
7.337476e+04  8.741627e+09  0.000000e+00  0.000000e+00  7.853045e+09  0.000000e+00  0.000000e+00  1.097056e+09  9.436837e+08  8.364315e+08  7.808188e+08
7.374251e+04  8.673790e+09  0.000000e+00  0.000000e+00  7.792104e+09  0.000000e+00  0.000000e+00  1.084229e+09  9.320737e+08  8.258983e+08  7.708830e+08
7.411210e+04  8.606258e+09  0.000000e+00  0.000000e+00  7.731437e+09  0.000000e+00  0.000000e+00  1.071505e+09  9.205652e+08  8.154617e+08  7.610401e+08
7.448355e+04  8.539025e+09  0.000000e+00  0.000000e+00  7.671038e+09  0.000000e+00  0.000000e+00  1.058881e+09  9.091581e+08  8.051211e+08  7.512898e+08
7.485685e+04  8.472265e+09  0.000000e+00  0.000000e+00  7.611064e+09  0.000000e+00  0.000000e+00  1.046359e+09  8.978519e+08  7.948764e+08  7.416317e+08
7.523203e+04  8.405967e+09  0.000000e+00  0.000000e+00  7.551505e+09  0.000000e+00  0.000000e+00  1.033937e+09  8.866460e+08  7.847269e+08  7.320651e+08
7.560909e+04  8.339617e+09  0.000000e+00  0.000000e+00  7.491900e+09  0.000000e+00  0.000000e+00  1.021615e+09  8.755398e+08  7.746717e+08  7.225893e+08
7.598803e+04  8.273684e+09  0.000000e+00  0.000000e+00  7.432669e+09  0.000000e+00  0.000000e+00  1.009394e+09  8.645333e+08  7.647111e+08  7.132044e+08
7.636888e+04  8.208148e+09  0.000000e+00  0.000000e+00  7.373794e+09  0.000000e+00  0.000000e+00  9.972727e+08  8.536260e+08  7.548443e+08  7.039096e+08
7.675163e+04  8.142888e+09  0.000000e+00  0.000000e+00  7.315168e+09  0.000000e+00  0.000000e+00  9.852506e+08  8.428174e+08  7.450708e+08  6.947045e+08
7.713631e+04  8.077910e+09  0.000000e+00  0.000000e+00  7.256795e+09  0.000000e+00  0.000000e+00  9.733278e+08  8.321071e+08  7.353903e+08  6.855887e+08
7.752291e+04  8.013215e+09  0.000000e+00  0.000000e+00  7.198677e+09  0.000000e+00  0.000000e+00  9.615042e+08  8.214949e+08  7.258023e+08  6.765617e+08
7.791144e+04  7.948958e+09  0.000000e+00  0.000000e+00  7.140951e+09  0.000000e+00  0.000000e+00  9.497794e+08  8.109803e+08  7.163066e+08  6.676233e+08
7.830193e+04  7.884824e+09  0.000000e+00  0.000000e+00  7.083336e+09  0.000000e+00  0.000000e+00  9.381528e+08  8.005627e+08  7.069023e+08  6.587726e+08
7.869437e+04  7.821275e+09  0.000000e+00  0.000000e+00  7.026247e+09  0.000000e+00  0.000000e+00  9.266245e+08  7.902419e+08  6.975892e+08  6.500094e+08
7.908878e+04  7.757994e+09  0.000000e+00  0.000000e+00  6.969398e+09  0.000000e+00  0.000000e+00  9.151935e+08  7.800170e+08  6.883665e+08  6.413328e+08
7.948517e+04  7.694825e+09  0.000000e+00  0.000000e+00  6.912650e+09  0.000000e+00  0.000000e+00  9.038598e+08  7.698876e+08  6.792337e+08  6.327425e+08
7.988354e+04  7.632056e+09  0.000000e+00  0.000000e+00  6.856262e+09  0.000000e+00  0.000000e+00  8.926234e+08  7.598539e+08  6.701908e+08  6.242384e+08
8.028391e+04  7.569550e+09  0.000000e+00  0.000000e+00  6.800110e+09  0.000000e+00  0.000000e+00  8.814839e+08  7.499151e+08  6.612373e+08  6.158198e+08
8.068629e+04  7.507454e+09  0.000000e+00  0.000000e+00  6.744326e+09  0.000000e+00  0.000000e+00  8.704410e+08  7.400710e+08  6.523725e+08  6.074863e+08
8.109068e+04  7.445622e+09  0.000000e+00  0.000000e+00  6.688779e+09  0.000000e+00  0.000000e+00  8.594942e+08  7.303207e+08  6.435960e+08  5.992372e+08
8.149710e+04  7.384190e+09  0.000000e+00  0.000000e+00  6.633591e+09  0.000000e+00  0.000000e+00  8.486431e+08  7.206639e+08  6.349071e+08  5.910721e+08
8.190556e+04  7.322880e+09  0.000000e+00  0.000000e+00  6.578514e+09  0.000000e+00  0.000000e+00  8.378872e+08  7.111001e+08  6.263054e+08  5.829903e+08
8.231606e+04  7.261967e+09  0.000000e+00  0.000000e+00  6.523792e+09  0.000000e+00  0.000000e+00  8.272267e+08  7.016291e+08  6.177906e+08  5.749917e+08
8.272862e+04  7.201312e+09  0.000000e+00  0.000000e+00  6.469303e+09  0.000000e+00  0.000000e+00  8.166611e+08  6.922505e+08  6.093624e+08  5.670759e+08
8.314325e+04  7.141054e+09  0.000000e+00  0.000000e+00  6.415169e+09  0.000000e+00  0.000000e+00  8.061902e+08  6.829638e+08  6.010201e+08  5.592422e+08
8.355996e+04  7.081199e+09  0.000000e+00  0.000000e+00  6.361399e+09  0.000000e+00  0.000000e+00  7.958132e+08  6.737683e+08  5.927631e+08  5.514900e+08
8.397875e+04  7.021352e+09  0.000000e+00  0.000000e+00  6.307636e+09  0.000000e+00  0.000000e+00  7.855297e+08  6.646633e+08  5.845907e+08  5.438187e+08
8.439965e+04  6.962137e+09  0.000000e+00  0.000000e+00  6.254440e+09  0.000000e+00  0.000000e+00  7.753399e+08  6.556490e+08  5.765029e+08  5.362282e+08
8.482265e+04  6.902919e+09  0.000000e+00  0.000000e+00  6.201241e+09  0.000000e+00  0.000000e+00  7.652429e+08  6.467243e+08  5.684988e+08  5.287176e+08
8.524778e+04  6.844197e+09  0.000000e+00  0.000000e+00  6.148488e+09  0.000000e+00  0.000000e+00  7.552389e+08  6.378895e+08  5.605784e+08  5.212869e+08
8.567503e+04  6.785719e+09  0.000000e+00  0.000000e+00  6.095955e+09  0.000000e+00  0.000000e+00  7.453273e+08  6.291437e+08  5.527410e+08  5.139354e+08
8.610443e+04  6.727603e+09  0.000000e+00  0.000000e+00  6.043746e+09  0.000000e+00  0.000000e+00  7.355078e+08  6.204864e+08  5.449861e+08  5.066626e+08
8.653598e+04  6.669609e+09  0.000000e+00  0.000000e+00  5.991647e+09  0.000000e+00  0.000000e+00  7.257797e+08  6.119171e+08  5.373131e+08  4.994678e+08
8.696969e+04  6.612102e+09  0.000000e+00  0.000000e+00  5.939986e+09  0.000000e+00  0.000000e+00  7.161431e+08  6.034356e+08  5.297216e+08  4.923509e+08
8.740557e+04  6.554776e+09  0.000000e+00  0.000000e+00  5.888486e+09  0.000000e+00  0.000000e+00  7.065973e+08  5.950411e+08  5.222110e+08  4.853110e+08
8.784364e+04  6.497849e+09  0.000000e+00  0.000000e+00  5.837347e+09  0.000000e+00  0.000000e+00  6.971424e+08  5.867335e+08  5.147812e+08  4.783481e+08
8.828391e+04  6.441267e+09  0.000000e+00  0.000000e+00  5.786516e+09  0.000000e+00  0.000000e+00  6.877776e+08  5.785122e+08  5.074314e+08  4.714614e+08
8.872638e+04  6.384808e+09  0.000000e+00  0.000000e+00  5.735796e+09  0.000000e+00  0.000000e+00  6.785024e+08  5.703765e+08  5.001610e+08  4.646503e+08
8.917107e+04  6.328800e+09  0.000000e+00  0.000000e+00  5.685481e+09  0.000000e+00  0.000000e+00  6.693168e+08  5.623261e+08  4.929697e+08  4.579145e+08
8.961799e+04  6.273022e+09  0.000000e+00  0.000000e+00  5.635373e+09  0.000000e+00  0.000000e+00  6.602200e+08  5.543603e+08  4.858568e+08  4.512533e+08
9.006714e+04  6.217472e+09  0.000000e+00  0.000000e+00  5.585469e+09  0.000000e+00  0.000000e+00  6.512120e+08  5.464788e+08  4.788220e+08  4.446665e+08
9.051855e+04  6.162254e+09  0.000000e+00  0.000000e+00  5.535864e+09  0.000000e+00  0.000000e+00  6.422925e+08  5.386815e+08  4.718650e+08  4.381535e+08
9.097222e+04  6.107362e+09  0.000000e+00  0.000000e+00  5.486552e+09  0.000000e+00  0.000000e+00  6.334611e+08  5.309676e+08  4.649851e+08  4.317140e+08
9.142817e+04  6.052696e+09  0.000000e+00  0.000000e+00  5.437443e+09  0.000000e+00  0.000000e+00  6.247173e+08  5.233367e+08  4.581819e+08  4.253473e+08
9.188640e+04  5.998458e+09  0.000000e+00  0.000000e+00  5.388718e+09  0.000000e+00  0.000000e+00  6.160606e+08  5.157882e+08  4.514547e+08  4.190529e+08
9.234693e+04  5.944538e+09  0.000000e+00  0.000000e+00  5.340279e+09  0.000000e+00  0.000000e+00  6.074906e+08  5.083214e+08  4.448030e+08  4.128302e+08
9.280976e+04  5.890839e+09  0.000000e+00  0.000000e+00  5.292038e+09  0.000000e+00  0.000000e+00  5.990067e+08  5.009359e+08  4.382262e+08  4.066786e+08
9.327492e+04  5.837549e+09  0.000000e+00  0.000000e+00  5.244165e+09  0.000000e+00  0.000000e+00  5.906088e+08  4.936315e+08  4.317242e+08  4.005980e+08
9.374240e+04  5.784282e+09  0.000000e+00  0.000000e+00  5.196313e+09  0.000000e+00  0.000000e+00  5.822963e+08  4.864074e+08  4.252961e+08  3.945877e+08
9.421223e+04  5.731422e+09  0.000000e+00  0.000000e+00  5.148826e+09  0.000000e+00  0.000000e+00  5.740691e+08  4.792635e+08  4.189418e+08  3.886473e+08
9.468442e+04  5.678866e+09  0.000000e+00  0.000000e+00  5.101613e+09  0.000000e+00  0.000000e+00  5.659267e+08  4.721989e+08  4.126605e+08  3.827761e+08
9.515897e+04  5.626521e+09  0.000000e+00  0.000000e+00  5.054588e+09  0.000000e+00  0.000000e+00  5.578686e+08  4.652133e+08  4.064518e+08  3.769738e+08
9.563590e+04  5.574501e+09  0.000000e+00  0.000000e+00  5.007856e+09  0.000000e+00  0.000000e+00  5.498946e+08  4.583063e+08  4.003153e+08  3.712400e+08
9.611522e+04  5.523012e+09  0.000000e+00  0.000000e+00  4.961601e+09  0.000000e+00  0.000000e+00  5.420043e+08  4.514775e+08  3.942505e+08  3.655741e+08
9.659694e+04  5.471673e+09  0.000000e+00  0.000000e+00  4.915481e+09  0.000000e+00  0.000000e+00  5.341967e+08  4.447260e+08  3.882566e+08  3.599754e+08
9.708107e+04  5.420627e+09  0.000000e+00  0.000000e+00  4.869623e+09  0.000000e+00  0.000000e+00  5.264716e+08  4.380513e+08  3.823332e+08  3.544435e+08
9.756764e+04  5.369871e+09  0.000000e+00  0.000000e+00  4.824026e+09  0.000000e+00  0.000000e+00  5.188285e+08  4.314528e+08  3.764796e+08  3.489777e+08
9.805664e+04  5.319400e+09  0.000000e+00  0.000000e+00  4.778686e+09  0.000000e+00  0.000000e+00  5.112670e+08  4.249302e+08  3.706955e+08  3.435777e+08
9.854809e+04  5.269048e+09  0.000000e+00  0.000000e+00  4.733453e+09  0.000000e+00  0.000000e+00  5.037868e+08  4.184830e+08  3.649804e+08  3.382430e+08
9.904200e+04  5.219063e+09  0.000000e+00  0.000000e+00  4.688548e+09  0.000000e+00  0.000000e+00  4.963878e+08  4.121110e+08  3.593341e+08  3.329734e+08
9.953839e+04  5.169355e+09  0.000000e+00  0.000000e+00  4.643893e+09  0.000000e+00  0.000000e+00  4.890694e+08  4.058136e+08  3.537559e+08  3.277682e+08
1.000373e+05  5.119872e+09  0.000000e+00  0.000000e+00  4.599440e+09  0.000000e+00  0.000000e+00  4.818310e+08  3.995900e+08  3.482451e+08  3.226268e+08
1.005386e+05  5.070930e+09  0.000000e+00  0.000000e+00  4.555473e+09  0.000000e+00  0.000000e+00  4.746723e+08  3.934399e+08  3.428014e+08  3.175488e+08
1.010425e+05  5.022336e+09  0.000000e+00  0.000000e+00  4.511818e+09  0.000000e+00  0.000000e+00  4.675924e+08  3.873624e+08  3.374239e+08  3.125333e+08
1.015490e+05  4.973785e+09  0.000000e+00  0.000000e+00  4.468202e+09  0.000000e+00  0.000000e+00  4.605908e+08  3.813570e+08  3.321122e+08  3.075801e+08
1.020579e+05  4.925725e+09  0.000000e+00  0.000000e+00  4.425028e+09  0.000000e+00  0.000000e+00  4.536674e+08  3.754236e+08  3.268661e+08  3.026887e+08
1.025694e+05  4.877781e+09  0.000000e+00  0.000000e+00  4.381957e+09  0.000000e+00  0.000000e+00  4.468215e+08  3.695612e+08  3.216846e+08  2.978585e+08
1.030835e+05  4.830028e+09  0.000000e+00  0.000000e+00  4.339058e+09  0.000000e+00  0.000000e+00  4.400527e+08  3.637694e+08  3.165674e+08  2.930889e+08
1.036001e+05  4.782606e+09  0.000000e+00  0.000000e+00  4.296457e+09  0.000000e+00  0.000000e+00  4.333608e+08  3.580480e+08  3.115142e+08  2.883797e+08
1.041194e+05  4.735442e+09  0.000000e+00  0.000000e+00  4.254087e+09  0.000000e+00  0.000000e+00  4.267454e+08  3.523964e+08  3.065244e+08  2.837304e+08
1.046412e+05  4.688479e+09  0.000000e+00  0.000000e+00  4.211898e+09  0.000000e+00  0.000000e+00  4.202060e+08  3.468143e+08  3.015976e+08  2.791405e+08
1.051657e+05  4.642070e+09  0.000000e+00  0.000000e+00  4.170207e+09  0.000000e+00  0.000000e+00  4.137424e+08  3.413011e+08  2.967334e+08  2.746096e+08
1.056927e+05  4.595994e+09  0.000000e+00  0.000000e+00  4.128814e+09  0.000000e+00  0.000000e+00  4.073534e+08  3.358558e+08  2.919308e+08  2.701368e+08
1.062225e+05  4.550231e+09  0.000000e+00  0.000000e+00  4.087702e+09  0.000000e+00  0.000000e+00  4.010384e+08  3.304777e+08  2.871892e+08  2.657215e+08
1.067548e+05  4.504582e+09  0.000000e+00  0.000000e+00  4.046694e+09  0.000000e+00  0.000000e+00  3.947969e+08  3.251665e+08  2.825082e+08  2.613632e+08
1.072899e+05  4.459242e+09  0.000000e+00  0.000000e+00  4.005962e+09  0.000000e+00  0.000000e+00  3.886289e+08  3.199218e+08  2.778875e+08  2.570618e+08
1.078276e+05  4.414080e+09  0.000000e+00  0.000000e+00  3.965391e+09  0.000000e+00  0.000000e+00  3.825339e+08  3.147432e+08  2.733265e+08  2.528166e+08
1.083680e+05  4.369219e+09  0.000000e+00  0.000000e+00  3.925091e+09  0.000000e+00  0.000000e+00  3.765114e+08  3.096302e+08  2.688248e+08  2.486273e+08
1.089112e+05  4.324474e+09  0.000000e+00  0.000000e+00  3.884894e+09  0.000000e+00  0.000000e+00  3.705609e+08  3.045821e+08  2.643818e+08  2.444932e+08
1.094570e+05  4.280067e+09  0.000000e+00  0.000000e+00  3.845001e+09  0.000000e+00  0.000000e+00  3.646823e+08  2.995987e+08  2.599972e+08  2.404141e+08
1.100056e+05  4.236102e+09  0.000000e+00  0.000000e+00  3.805505e+09  0.000000e+00  0.000000e+00  3.588750e+08  2.946795e+08  2.556705e+08  2.363894e+08
1.105570e+05  4.192656e+09  0.000000e+00  0.000000e+00  3.766475e+09  0.000000e+00  0.000000e+00  3.531384e+08  2.898238e+08  2.514011e+08  2.324186e+08
1.111111e+05  4.149379e+09  0.000000e+00  0.000000e+00  3.727597e+09  0.000000e+00  0.000000e+00  3.474713e+08  2.850305e+08  2.471881e+08  2.285009e+08
1.116679e+05  4.106328e+09  0.000000e+00  0.000000e+00  3.688922e+09  0.000000e+00  0.000000e+00  3.418734e+08  2.802994e+08  2.430310e+08  2.246357e+08
1.122276e+05  4.063447e+09  0.000000e+00  0.000000e+00  3.650399e+09  0.000000e+00  0.000000e+00  3.363444e+08  2.756299e+08  2.389295e+08  2.208228e+08
1.127901e+05  4.020843e+09  0.000000e+00  0.000000e+00  3.612126e+09  0.000000e+00  0.000000e+00  3.308840e+08  2.710218e+08  2.348832e+08  2.170617e+08
1.133554e+05  3.978459e+09  0.000000e+00  0.000000e+00  3.574051e+09  0.000000e+00  0.000000e+00  3.254918e+08  2.664746e+08  2.308917e+08  2.133522e+08
1.139235e+05  3.936240e+09  0.000000e+00  0.000000e+00  3.536124e+09  0.000000e+00  0.000000e+00  3.201675e+08  2.619879e+08  2.269545e+08  2.096936e+08
1.144945e+05  3.894189e+09  0.000000e+00  0.000000e+00  3.498346e+09  0.000000e+00  0.000000e+00  3.149105e+08  2.575611e+08  2.230712e+08  2.060856e+08
1.150683e+05  3.852752e+09  0.000000e+00  0.000000e+00  3.461122e+09  0.000000e+00  0.000000e+00  3.097207e+08  2.531939e+08  2.192414e+08  2.025278e+08
1.156450e+05  3.811791e+09  0.000000e+00  0.000000e+00  3.424325e+09  0.000000e+00  0.000000e+00  3.045970e+08  2.488855e+08  2.154643e+08  1.990195e+08
1.162246e+05  3.771059e+09  0.000000e+00  0.000000e+00  3.387733e+09  0.000000e+00  0.000000e+00  2.995386e+08  2.446351e+08  2.117393e+08  1.955600e+08
1.168071e+05  3.730485e+09  0.000000e+00  0.000000e+00  3.351284e+09  0.000000e+00  0.000000e+00  2.945451e+08  2.404421e+08  2.080658e+08  1.921489e+08
1.173926e+05  3.690168e+09  0.000000e+00  0.000000e+00  3.315064e+09  0.000000e+00  0.000000e+00  2.896160e+08  2.363063e+08  2.044435e+08  1.887857e+08
1.179809e+05  3.650053e+09  0.000000e+00  0.000000e+00  3.279028e+09  0.000000e+00  0.000000e+00  2.847510e+08  2.322270e+08  2.008718e+08  1.854700e+08
1.185722e+05  3.610096e+09  0.000000e+00  0.000000e+00  3.243132e+09  0.000000e+00  0.000000e+00  2.799497e+08  2.282040e+08  1.973505e+08  1.822016e+08
1.191665e+05  3.570341e+09  0.000000e+00  0.000000e+00  3.207418e+09  0.000000e+00  0.000000e+00  2.752120e+08  2.242370e+08  1.938792e+08  1.789800e+08
1.197638e+05  3.530832e+09  0.000000e+00  0.000000e+00  3.171925e+09  0.000000e+00  0.000000e+00  2.705374e+08  2.203256e+08  1.904576e+08  1.758050e+08
1.203640e+05  3.491730e+09  0.000000e+00  0.000000e+00  3.136798e+09  0.000000e+00  0.000000e+00  2.659255e+08  2.164691e+08  1.870851e+08  1.726759e+08
1.209673e+05  3.453219e+09  0.000000e+00  0.000000e+00  3.102201e+09  0.000000e+00  0.000000e+00  2.613754e+08  2.126669e+08  1.837611e+08  1.695922e+08
1.215735e+05  3.414909e+09  0.000000e+00  0.000000e+00  3.067785e+09  0.000000e+00  0.000000e+00  2.568862e+08  2.089182e+08  1.804848e+08  1.665532e+08
1.221829e+05  3.376876e+09  0.000000e+00  0.000000e+00  3.033619e+09  0.000000e+00  0.000000e+00  2.524576e+08  2.052226e+08  1.772560e+08  1.635586e+08
1.227952e+05  3.339032e+09  0.000000e+00  0.000000e+00  2.999621e+09  0.000000e+00  0.000000e+00  2.480890e+08  2.015796e+08  1.740740e+08  1.606078e+08
1.234107e+05  3.301294e+09  0.000000e+00  0.000000e+00  2.965719e+09  0.000000e+00  0.000000e+00  2.437800e+08  1.979887e+08  1.709384e+08  1.577005e+08
1.240292e+05  3.263825e+09  0.000000e+00  0.000000e+00  2.932059e+09  0.000000e+00  0.000000e+00  2.395305e+08  1.944496e+08  1.678490e+08  1.548364e+08
1.246508e+05  3.226501e+09  0.000000e+00  0.000000e+00  2.898529e+09  0.000000e+00  0.000000e+00  2.353400e+08  1.909620e+08  1.648054e+08  1.520150e+08
1.252756e+05  3.189401e+09  0.000000e+00  0.000000e+00  2.865200e+09  0.000000e+00  0.000000e+00  2.312082e+08  1.875255e+08  1.618072e+08  1.492362e+08
1.259034e+05  3.152646e+09  0.000000e+00  0.000000e+00  2.832182e+09  0.000000e+00  0.000000e+00  2.271347e+08  1.841396e+08  1.588541e+08  1.464995e+08
1.265344e+05  3.116465e+09  0.000000e+00  0.000000e+00  2.799678e+09  0.000000e+00  0.000000e+00  2.231189e+08  1.808037e+08  1.559454e+08  1.438042e+08
1.271686e+05  3.080687e+09  0.000000e+00  0.000000e+00  2.767537e+09  0.000000e+00  0.000000e+00  2.191596e+08  1.775170e+08  1.530804e+08  1.411498e+08
1.278060e+05  3.045048e+09  0.000000e+00  0.000000e+00  2.735521e+09  0.000000e+00  0.000000e+00  2.152563e+08  1.742789e+08  1.502585e+08  1.385356e+08
1.284465e+05  3.009691e+09  0.000000e+00  0.000000e+00  2.703757e+09  0.000000e+00  0.000000e+00  2.114087e+08  1.710890e+08  1.474795e+08  1.359615e+08
1.290903e+05  2.974363e+09  0.000000e+00  0.000000e+00  2.672021e+09  0.000000e+00  0.000000e+00  2.076161e+08  1.679468e+08  1.447427e+08  1.334268e+08
1.297373e+05  2.939280e+09  0.000000e+00  0.000000e+00  2.640504e+09  0.000000e+00  0.000000e+00  2.038786e+08  1.648520e+08  1.420480e+08  1.309314e+08
1.303875e+05  2.904367e+09  0.000000e+00  0.000000e+00  2.609140e+09  0.000000e+00  0.000000e+00  2.001956e+08  1.618043e+08  1.393951e+08  1.284750e+08
1.310410e+05  2.869624e+09  0.000000e+00  0.000000e+00  2.577928e+09  0.000000e+00  0.000000e+00  1.965669e+08  1.588034e+08  1.367835e+08  1.260572e+08
1.316978e+05  2.835243e+09  0.000000e+00  0.000000e+00  2.547042e+09  0.000000e+00  0.000000e+00  1.929921e+08  1.558489e+08  1.342130e+08  1.236777e+08
1.323578e+05  2.801383e+09  0.000000e+00  0.000000e+00  2.516624e+09  0.000000e+00  0.000000e+00  1.894705e+08  1.529400e+08  1.316829e+08  1.213358e+08
1.330212e+05  2.767980e+09  0.000000e+00  0.000000e+00  2.486616e+09  0.000000e+00  0.000000e+00  1.860012e+08  1.500761e+08  1.291926e+08  1.190310e+08
1.336879e+05  2.734739e+09  0.000000e+00  0.000000e+00  2.456754e+09  0.000000e+00  0.000000e+00  1.825833e+08  1.472564e+08  1.267414e+08  1.167627e+08
1.343579e+05  2.701720e+09  0.000000e+00  0.000000e+00  2.427092e+09  0.000000e+00  0.000000e+00  1.792167e+08  1.444806e+08  1.243290e+08  1.145306e+08
1.350313e+05  2.668859e+09  0.000000e+00  0.000000e+00  2.397571e+09  0.000000e+00  0.000000e+00  1.759006e+08  1.417483e+08  1.219550e+08  1.123343e+08
1.357081e+05  2.636095e+09  0.000000e+00  0.000000e+00  2.368137e+09  0.000000e+00  0.000000e+00  1.726350e+08  1.390590e+08  1.196190e+08  1.101734e+08
1.363882e+05  2.603548e+09  0.000000e+00  0.000000e+00  2.338899e+09  0.000000e+00  0.000000e+00  1.694195e+08  1.364126e+08  1.173208e+08  1.080477e+08
1.370718e+05  2.571213e+09  0.000000e+00  0.000000e+00  2.309851e+09  0.000000e+00  0.000000e+00  1.662537e+08  1.338086e+08  1.150601e+08  1.059569e+08
1.377588e+05  2.538962e+09  0.000000e+00  0.000000e+00  2.280878e+09  0.000000e+00  0.000000e+00  1.631372e+08  1.312466e+08  1.128364e+08  1.039005e+08
1.384492e+05  2.507375e+09  0.000000e+00  0.000000e+00  2.252502e+09  0.000000e+00  0.000000e+00  1.600698e+08  1.287263e+08  1.106494e+08  1.018783e+08
1.391431e+05  2.476407e+09  0.000000e+00  0.000000e+00  2.224682e+09  0.000000e+00  0.000000e+00  1.570502e+08  1.262468e+08  1.084983e+08  9.988960e+07
1.398405e+05  2.445585e+09  0.000000e+00  0.000000e+00  2.196993e+09  0.000000e+00  0.000000e+00  1.540774e+08  1.238072e+08  1.063824e+08  9.793359e+07
1.405414e+05  2.414855e+09  0.000000e+00  0.000000e+00  2.169386e+09  0.000000e+00  0.000000e+00  1.511511e+08  1.214071e+08  1.043013e+08  9.600999e+07
1.412458e+05  2.384272e+09  0.000000e+00  0.000000e+00  2.141912e+09  0.000000e+00  0.000000e+00  1.482710e+08  1.190462e+08  1.022547e+08  9.411853e+07
1.419537e+05  2.353937e+09  0.000000e+00  0.000000e+00  2.114660e+09  0.000000e+00  0.000000e+00  1.454368e+08  1.167243e+08  1.002424e+08  9.225890e+07
1.426651e+05  2.323693e+09  0.000000e+00  0.000000e+00  2.087491e+09  0.000000e+00  0.000000e+00  1.426481e+08  1.144408e+08  9.826394e+07  9.043075e+07
1.433802e+05  2.293591e+09  0.000000e+00  0.000000e+00  2.060449e+09  0.000000e+00  0.000000e+00  1.399044e+08  1.121956e+08  9.631904e+07  8.863382e+07
1.440988e+05  2.263632e+09  0.000000e+00  0.000000e+00  2.033535e+09  0.000000e+00  0.000000e+00  1.372057e+08  1.099882e+08  9.440738e+07  8.686779e+07
1.448210e+05  2.234330e+09  0.000000e+00  0.000000e+00  2.007212e+09  0.000000e+00  0.000000e+00  1.345513e+08  1.078183e+08  9.252863e+07  8.513234e+07
1.455468e+05  2.205552e+09  0.000000e+00  0.000000e+00  1.981359e+09  0.000000e+00  0.000000e+00  1.319404e+08  1.056851e+08  9.068202e+07  8.342676e+07
1.462763e+05  2.176966e+09  0.000000e+00  0.000000e+00  1.955679e+09  0.000000e+00  0.000000e+00  1.293718e+08  1.035876e+08  8.886686e+07  8.175041e+07
1.470094e+05  2.148649e+09  0.000000e+00  0.000000e+00  1.930240e+09  0.000000e+00  0.000000e+00  1.268452e+08  1.015256e+08  8.708277e+07  8.010293e+07
1.477462e+05  2.120331e+09  0.000000e+00  0.000000e+00  1.904800e+09  0.000000e+00  0.000000e+00  1.243601e+08  9.949845e+07  8.532934e+07  7.848394e+07
1.484867e+05  2.092232e+09  0.000000e+00  0.000000e+00  1.879558e+09  0.000000e+00  0.000000e+00  1.219163e+08  9.750614e+07  8.360641e+07  7.689327e+07
1.492309e+05  2.064264e+09  0.000000e+00  0.000000e+00  1.854433e+09  0.000000e+00  0.000000e+00  1.195134e+08  9.554819e+07  8.191359e+07  7.533057e+07
1.499788e+05  2.036426e+09  0.000000e+00  0.000000e+00  1.829425e+09  0.000000e+00  0.000000e+00  1.171511e+08  9.362427e+07  8.025057e+07  7.379553e+07
1.507305e+05  2.008759e+09  0.000000e+00  0.000000e+00  1.804569e+09  0.000000e+00  0.000000e+00  1.148290e+08  9.173408e+07  7.861707e+07  7.228790e+07
1.514860e+05  1.981516e+09  0.000000e+00  0.000000e+00  1.780096e+09  0.000000e+00  0.000000e+00  1.125467e+08  8.987726e+07  7.701276e+07  7.080735e+07
1.522452e+05  1.954907e+09  0.000000e+00  0.000000e+00  1.756192e+09  0.000000e+00  0.000000e+00  1.103035e+08  8.805312e+07  7.543705e+07  6.935334e+07
1.530082e+05  1.928665e+09  0.000000e+00  0.000000e+00  1.732618e+09  0.000000e+00  0.000000e+00  1.080982e+08  8.626079e+07  7.388917e+07  6.792515e+07
1.537751e+05  1.902505e+09  0.000000e+00  0.000000e+00  1.709117e+09  0.000000e+00  0.000000e+00  1.059303e+08  8.449970e+07  7.236863e+07  6.652234e+07
1.545458e+05  1.876467e+09  0.000000e+00  0.000000e+00  1.685725e+09  0.000000e+00  0.000000e+00  1.037993e+08  8.276960e+07  7.087518e+07  6.514466e+07
1.553204e+05  1.850585e+09  0.000000e+00  0.000000e+00  1.662474e+09  0.000000e+00  0.000000e+00  1.017051e+08  8.107016e+07  6.940854e+07  6.379185e+07
1.560988e+05  1.824823e+09  0.000000e+00  0.000000e+00  1.639331e+09  0.000000e+00  0.000000e+00  9.964725e+07  7.940105e+07  6.796839e+07  6.246360e+07
1.568812e+05  1.799214e+09  0.000000e+00  0.000000e+00  1.616325e+09  0.000000e+00  0.000000e+00  9.762542e+07  7.776199e+07  6.655446e+07  6.115967e+07
1.576675e+05  1.773688e+09  0.000000e+00  0.000000e+00  1.593394e+09  0.000000e+00  0.000000e+00  9.563928e+07  7.615263e+07  6.516647e+07  5.987978e+07
1.584577e+05  1.748554e+09  0.000000e+00  0.000000e+00  1.570814e+09  0.000000e+00  0.000000e+00  9.368855e+07  7.457269e+07  6.380413e+07  5.862366e+07
1.592519e+05  1.724089e+09  0.000000e+00  0.000000e+00  1.548836e+09  0.000000e+00  0.000000e+00  9.177250e+07  7.302159e+07  6.246694e+07  5.739084e+07
1.600500e+05  1.699952e+09  0.000000e+00  0.000000e+00  1.527153e+09  0.000000e+00  0.000000e+00  8.989003e+07  7.149842e+07  6.115412e+07  5.618062e+07
1.608522e+05  1.676024e+09  0.000000e+00  0.000000e+00  1.505657e+09  0.000000e+00  0.000000e+00  8.804051e+07  7.000267e+07  5.986522e+07  5.499256e+07
1.616584e+05  1.652171e+09  0.000000e+00  0.000000e+00  1.484229e+09  0.000000e+00  0.000000e+00  8.622351e+07  6.853395e+07  5.859990e+07  5.382635e+07
1.624686e+05  1.628429e+09  0.000000e+00  0.000000e+00  1.462900e+09  0.000000e+00  0.000000e+00  8.443878e+07  6.709203e+07  5.735793e+07  5.268178e+07
1.632828e+05  1.604825e+09  0.000000e+00  0.000000e+00  1.441696e+09  0.000000e+00  0.000000e+00  8.268604e+07  6.567662e+07  5.613905e+07  5.155859e+07
1.641012e+05  1.581329e+09  0.000000e+00  0.000000e+00  1.420588e+09  0.000000e+00  0.000000e+00  8.096495e+07  6.428743e+07  5.494300e+07  5.045654e+07
1.649237e+05  1.557969e+09  0.000000e+00  0.000000e+00  1.399602e+09  0.000000e+00  0.000000e+00  7.927523e+07  6.292417e+07  5.376952e+07  4.937539e+07
1.657503e+05  1.534819e+09  0.000000e+00  0.000000e+00  1.378805e+09  0.000000e+00  0.000000e+00  7.761656e+07  6.158655e+07  5.261835e+07  4.831488e+07
1.665810e+05  1.512363e+09  0.000000e+00  0.000000e+00  1.358632e+09  0.000000e+00  0.000000e+00  7.598846e+07  6.027418e+07  5.148911e+07  4.727468e+07
1.674159e+05  1.490383e+09  0.000000e+00  0.000000e+00  1.338886e+09  0.000000e+00  0.000000e+00  7.438983e+07  5.898616e+07  5.038107e+07  4.625410e+07
1.682549e+05  1.468530e+09  0.000000e+00  0.000000e+00  1.319254e+09  0.000000e+00  0.000000e+00  7.281987e+07  5.772185e+07  4.929367e+07  4.525262e+07
1.690982e+05  1.446776e+09  0.000000e+00  0.000000e+00  1.299712e+09  0.000000e+00  0.000000e+00  7.127828e+07  5.648099e+07  4.822665e+07  4.427001e+07
1.699457e+05  1.425146e+09  0.000000e+00  0.000000e+00  1.280281e+09  0.000000e+00  0.000000e+00  6.976478e+07  5.526330e+07  4.717978e+07  4.330605e+07
1.707975e+05  1.403614e+09  0.000000e+00  0.000000e+00  1.260938e+09  0.000000e+00  0.000000e+00  6.827909e+07  5.406854e+07  4.615283e+07  4.236051e+07
1.716535e+05  1.382204e+09  0.000000e+00  0.000000e+00  1.241704e+09  0.000000e+00  0.000000e+00  6.682095e+07  5.289645e+07  4.514557e+07  4.143319e+07
1.725138e+05  1.360867e+09  0.000000e+00  0.000000e+00  1.222536e+09  0.000000e+00  0.000000e+00  6.539006e+07  5.174677e+07  4.415776e+07  4.052385e+07
1.733784e+05  1.339695e+09  0.000000e+00  0.000000e+00  1.203515e+09  0.000000e+00  0.000000e+00  6.398623e+07  5.061930e+07  4.318922e+07  3.963233e+07
1.742474e+05  1.319136e+09  0.000000e+00  0.000000e+00  1.185046e+09  0.000000e+00  0.000000e+00  6.260907e+07  4.951371e+07  4.223965e+07  3.875834e+07
1.751207e+05  1.299240e+09  0.000000e+00  0.000000e+00  1.167173e+09  0.000000e+00  0.000000e+00  6.125762e+07  4.842923e+07  4.130840e+07  3.790129e+07
1.759984e+05  1.279410e+09  0.000000e+00  0.000000e+00  1.149359e+09  0.000000e+00  0.000000e+00  5.993088e+07  4.736508e+07  4.039480e+07  3.706057e+07
1.768805e+05  1.259693e+09  0.000000e+00  0.000000e+00  1.131646e+09  0.000000e+00  0.000000e+00  5.862864e+07  4.632107e+07  3.949866e+07  3.623599e+07
1.777670e+05  1.240085e+09  0.000000e+00  0.000000e+00  1.114031e+09  0.000000e+00  0.000000e+00  5.735065e+07  4.529695e+07  3.861979e+07  3.542738e+07
1.786580e+05  1.220544e+09  0.000000e+00  0.000000e+00  1.096476e+09  0.000000e+00  0.000000e+00  5.609667e+07  4.429252e+07  3.775798e+07  3.463452e+07
1.795534e+05  1.201133e+09  0.000000e+00  0.000000e+00  1.079039e+09  0.000000e+00  0.000000e+00  5.486649e+07  4.330757e+07  3.691304e+07  3.385726e+07
1.804533e+05  1.181809e+09  0.000000e+00  0.000000e+00  1.061678e+09  0.000000e+00  0.000000e+00  5.365986e+07  4.234187e+07  3.608478e+07  3.309541e+07
1.813577e+05  1.162571e+09  0.000000e+00  0.000000e+00  1.044397e+09  0.000000e+00  0.000000e+00  5.247656e+07  4.139523e+07  3.527301e+07  3.234878e+07
1.822667e+05  1.143887e+09  0.000000e+00  0.000000e+00  1.027612e+09  0.000000e+00  0.000000e+00  5.131637e+07  4.046743e+07  3.447753e+07  3.161720e+07
1.831802e+05  1.125830e+09  0.000000e+00  0.000000e+00  1.011390e+09  0.000000e+00  0.000000e+00  5.017843e+07  3.955781e+07  3.369778e+07  3.090014e+07
1.840982e+05  1.107968e+09  0.000000e+00  0.000000e+00  9.953441e+08  0.000000e+00  0.000000e+00  4.906185e+07  3.866565e+07  3.293316e+07  3.019706e+07
1.850209e+05  1.090186e+09  0.000000e+00  0.000000e+00  9.793696e+08  0.000000e+00  0.000000e+00  4.796628e+07  3.779067e+07  3.218341e+07  2.950771e+07
1.859482e+05  1.072502e+09  0.000000e+00  0.000000e+00  9.634824e+08  0.000000e+00  0.000000e+00  4.689154e+07  3.693270e+07  3.144837e+07  2.883195e+07
1.868802e+05  1.054896e+09  0.000000e+00  0.000000e+00  9.476664e+08  0.000000e+00  0.000000e+00  4.583743e+07  3.609154e+07  3.072788e+07  2.816962e+07
1.878168e+05  1.037403e+09  0.000000e+00  0.000000e+00  9.319516e+08  0.000000e+00  0.000000e+00  4.480376e+07  3.526703e+07  3.002178e+07  2.752057e+07
1.887581e+05  1.019955e+09  0.000000e+00  0.000000e+00  9.162769e+08  0.000000e+00  0.000000e+00  4.379032e+07  3.445899e+07  2.932990e+07  2.688465e+07
1.897042e+05  1.002634e+09  0.000000e+00  0.000000e+00  9.007170e+08  0.000000e+00  0.000000e+00  4.279699e+07  3.366727e+07  2.865212e+07  2.626173e+07
1.906550e+05  9.857064e+08  0.000000e+00  0.000000e+00  8.855099e+08  0.000000e+00  0.000000e+00  4.182351e+07  3.289167e+07  2.798824e+07  2.565164e+07
1.916105e+05  9.694117e+08  0.000000e+00  0.000000e+00  8.708716e+08  0.000000e+00  0.000000e+00  4.086931e+07  3.213170e+07  2.733786e+07  2.505400e+07
1.925709e+05  9.534143e+08  0.000000e+00  0.000000e+00  8.565003e+08  0.000000e+00  0.000000e+00  3.993350e+07  3.138671e+07  2.670041e+07  2.446829e+07
1.935360e+05  9.374878e+08  0.000000e+00  0.000000e+00  8.421927e+08  0.000000e+00  0.000000e+00  3.901566e+07  3.065632e+07  2.607559e+07  2.389423e+07
1.945060e+05  9.216468e+08  0.000000e+00  0.000000e+00  8.279619e+08  0.000000e+00  0.000000e+00  3.811564e+07  2.994042e+07  2.546327e+07  2.333170e+07
1.954808e+05  9.058902e+08  0.000000e+00  0.000000e+00  8.138070e+08  0.000000e+00  0.000000e+00  3.723327e+07  2.923884e+07  2.486331e+07  2.278058e+07
1.964606e+05  8.901901e+08  0.000000e+00  0.000000e+00  7.997028e+08  0.000000e+00  0.000000e+00  3.636840e+07  2.855145e+07  2.427558e+07  2.224074e+07
1.974452e+05  8.745875e+08  0.000000e+00  0.000000e+00  7.856862e+08  0.000000e+00  0.000000e+00  3.552092e+07  2.787813e+07  2.369998e+07  2.171207e+07
1.984348e+05  8.590544e+08  0.000000e+00  0.000000e+00  7.717320e+08  0.000000e+00  0.000000e+00  3.469066e+07  2.721872e+07  2.313637e+07  2.119446e+07
1.994293e+05  8.438171e+08  0.000000e+00  0.000000e+00  7.580436e+08  0.000000e+00  0.000000e+00  3.387747e+07  2.657310e+07  2.258463e+07  2.068779e+07
2.004289e+05  8.291911e+08  0.000000e+00  0.000000e+00  7.449043e+08  0.000000e+00  0.000000e+00  3.308093e+07  2.594092e+07  2.204447e+07  2.019178e+07
2.014334e+05  8.149354e+08  0.000000e+00  0.000000e+00  7.320977e+08  0.000000e+00  0.000000e+00  3.230023e+07  2.532155e+07  2.151534e+07  1.970595e+07
2.024430e+05  8.007799e+08  0.000000e+00  0.000000e+00  7.193810e+08  0.000000e+00  0.000000e+00  3.153488e+07  2.471462e+07  2.099693e+07  1.922999e+07
2.034576e+05  7.866747e+08  0.000000e+00  0.000000e+00  7.067096e+08  0.000000e+00  0.000000e+00  3.078472e+07  2.411997e+07  2.048911e+07  1.876380e+07
2.044773e+05  7.726438e+08  0.000000e+00  0.000000e+00  6.941049e+08  0.000000e+00  0.000000e+00  3.004966e+07  2.353751e+07  1.999179e+07  1.830728e+07
2.055021e+05  7.586755e+08  0.000000e+00  0.000000e+00  6.815566e+08  0.000000e+00  0.000000e+00  2.932957e+07  2.296714e+07  1.950486e+07  1.786034e+07
2.065321e+05  7.447918e+08  0.000000e+00  0.000000e+00  6.690841e+08  0.000000e+00  0.000000e+00  2.862436e+07  2.240874e+07  1.902824e+07  1.742289e+07
2.075672e+05  7.309803e+08  0.000000e+00  0.000000e+00  6.566765e+08  0.000000e+00  0.000000e+00  2.793389e+07  2.186221e+07  1.856182e+07  1.699482e+07
2.086075e+05  7.173182e+08  0.000000e+00  0.000000e+00  6.444032e+08  0.000000e+00  0.000000e+00  2.725804e+07  2.132743e+07  1.810549e+07  1.657606e+07
2.096530e+05  7.042555e+08  0.000000e+00  0.000000e+00  6.326683e+08  0.000000e+00  0.000000e+00  2.659658e+07  2.080420e+07  1.765909e+07  1.616643e+07
2.107038e+05  6.916707e+08  0.000000e+00  0.000000e+00  6.213628e+08  0.000000e+00  0.000000e+00  2.594877e+07  2.029195e+07  1.722213e+07  1.576549e+07
2.117598e+05  6.791516e+08  0.000000e+00  0.000000e+00  6.101162e+08  0.000000e+00  0.000000e+00  2.531400e+07  1.979022e+07  1.679422e+07  1.537289e+07
2.128212e+05  6.666879e+08  0.000000e+00  0.000000e+00  5.989194e+08  0.000000e+00  0.000000e+00  2.469218e+07  1.929892e+07  1.637528e+07  1.498855e+07
2.138878e+05  6.542983e+08  0.000000e+00  0.000000e+00  5.877893e+08  0.000000e+00  0.000000e+00  2.408323e+07  1.881796e+07  1.596522e+07  1.461239e+07
2.149598e+05  6.419725e+08  0.000000e+00  0.000000e+00  5.767163e+08  0.000000e+00  0.000000e+00  2.348704e+07  1.834725e+07  1.556397e+07  1.424433e+07
2.160371e+05  6.296922e+08  0.000000e+00  0.000000e+00  5.656844e+08  0.000000e+00  0.000000e+00  2.290352e+07  1.788671e+07  1.517144e+07  1.388430e+07
2.171199e+05  6.174844e+08  0.000000e+00  0.000000e+00  5.547175e+08  0.000000e+00  0.000000e+00  2.233259e+07  1.743625e+07  1.478757e+07  1.353224e+07
2.182081e+05  6.053391e+08  0.000000e+00  0.000000e+00  5.438067e+08  0.000000e+00  0.000000e+00  2.177417e+07  1.699580e+07  1.441228e+07  1.318806e+07
2.193017e+05  5.937345e+08  0.000000e+00  0.000000e+00  5.333817e+08  0.000000e+00  0.000000e+00  2.122814e+07  1.656524e+07  1.404547e+07  1.285169e+07
2.204009e+05  5.826892e+08  0.000000e+00  0.000000e+00  5.234592e+08  0.000000e+00  0.000000e+00  2.069383e+07  1.614407e+07  1.368671e+07  1.252272e+07
2.215055e+05  5.717109e+08  0.000000e+00  0.000000e+00  5.135968e+08  0.000000e+00  0.000000e+00  2.017060e+07  1.573179e+07  1.333559e+07  1.220078e+07
2.226156e+05  5.607888e+08  0.000000e+00  0.000000e+00  5.037850e+08  0.000000e+00  0.000000e+00  1.965836e+07  1.532832e+07  1.299203e+07  1.188580e+07
2.237314e+05  5.499149e+08  0.000000e+00  0.000000e+00  4.940163e+08  0.000000e+00  0.000000e+00  1.915702e+07  1.493359e+07  1.265596e+07  1.157771e+07
2.248527e+05  5.391039e+08  0.000000e+00  0.000000e+00  4.843043e+08  0.000000e+00  0.000000e+00  1.866653e+07  1.454754e+07  1.232733e+07  1.127646e+07
2.259796e+05  5.283406e+08  0.000000e+00  0.000000e+00  4.746350e+08  0.000000e+00  0.000000e+00  1.818681e+07  1.417008e+07  1.200607e+07  1.098198e+07
2.271122e+05  5.176321e+08  0.000000e+00  0.000000e+00  4.650151e+08  0.000000e+00  0.000000e+00  1.771779e+07  1.380116e+07  1.169212e+07  1.069423e+07
2.282505e+05  5.069780e+08  0.000000e+00  0.000000e+00  4.554439e+08  0.000000e+00  0.000000e+00  1.725940e+07  1.344071e+07  1.138542e+07  1.041313e+07
2.293945e+05  4.967428e+08  0.000000e+00  0.000000e+00  4.462492e+08  0.000000e+00  0.000000e+00  1.681157e+07  1.308865e+07  1.108590e+07  1.013864e+07
2.305442e+05  4.870299e+08  0.000000e+00  0.000000e+00  4.375236e+08  0.000000e+00  0.000000e+00  1.637378e+07  1.274460e+07  1.079323e+07  9.870439e+06
2.316997e+05  4.774830e+08  0.000000e+00  0.000000e+00  4.289471e+08  0.000000e+00  0.000000e+00  1.594544e+07  1.240810e+07  1.050703e+07  9.608193e+06
2.328609e+05  4.679842e+08  0.000000e+00  0.000000e+00  4.204139e+08  0.000000e+00  0.000000e+00  1.552638e+07  1.207901e+07  1.022718e+07  9.351778e+06
2.340280e+05  4.585272e+08  0.000000e+00  0.000000e+00  4.119182e+08  0.000000e+00  0.000000e+00  1.511653e+07  1.175726e+07  9.953621e+06  9.101145e+06
2.352009e+05  4.491180e+08  0.000000e+00  0.000000e+00  4.034654e+08  0.000000e+00  0.000000e+00  1.471583e+07  1.144280e+07  9.686304e+06  8.856249e+06
2.363797e+05  4.397619e+08  0.000000e+00  0.000000e+00  3.950604e+08  0.000000e+00  0.000000e+00  1.432424e+07  1.113559e+07  9.425180e+06  8.617044e+06
2.375644e+05  4.304415e+08  0.000000e+00  0.000000e+00  3.866874e+08  0.000000e+00  0.000000e+00  1.394168e+07  1.083557e+07  9.170197e+06  8.383480e+06
2.387551e+05  4.211791e+08  0.000000e+00  0.000000e+00  3.783664e+08  0.000000e+00  0.000000e+00  1.356813e+07  1.054268e+07  8.921316e+06  8.155517e+06
2.399517e+05  4.122066e+08  0.000000e+00  0.000000e+00  3.703060e+08  0.000000e+00  0.000000e+00  1.320350e+07  1.025686e+07  8.678470e+06  7.933096e+06
2.411543e+05  4.037224e+08  0.000000e+00  0.000000e+00  3.626843e+08  0.000000e+00  0.000000e+00  1.284744e+07  9.977848e+06  8.441437e+06  7.716011e+06
2.423630e+05  3.954900e+08  0.000000e+00  0.000000e+00  3.552887e+08  0.000000e+00  0.000000e+00  1.249943e+07  9.705229e+06  8.209871e+06  7.503950e+06
2.435777e+05  3.872935e+08  0.000000e+00  0.000000e+00  3.479253e+08  0.000000e+00  0.000000e+00  1.215920e+07  9.438794e+06  7.983596e+06  7.296748e+06
2.447985e+05  3.791380e+08  0.000000e+00  0.000000e+00  3.405988e+08  0.000000e+00  0.000000e+00  1.182669e+07  9.178503e+06  7.762572e+06  7.094369e+06
2.460254e+05  3.710231e+08  0.000000e+00  0.000000e+00  3.333088e+08  0.000000e+00  0.000000e+00  1.150187e+07  8.924311e+06  7.546760e+06  6.896776e+06
2.472584e+05  3.629442e+08  0.000000e+00  0.000000e+00  3.260511e+08  0.000000e+00  0.000000e+00  1.118468e+07  8.676176e+06  7.336120e+06  6.703930e+06
2.484977e+05  3.549143e+08  0.000000e+00  0.000000e+00  3.188374e+08  0.000000e+00  0.000000e+00  1.087510e+07  8.434058e+06  7.130615e+06  6.515798e+06
2.497431e+05  3.469199e+08  0.000000e+00  0.000000e+00  3.116556e+08  0.000000e+00  0.000000e+00  1.057307e+07  8.197909e+06  6.930202e+06  6.332338e+06
2.509948e+05  3.391097e+08  0.000000e+00  0.000000e+00  3.046393e+08  0.000000e+00  0.000000e+00  1.027855e+07  7.967686e+06  6.734840e+06  6.153511e+06
2.522528e+05  3.317567e+08  0.000000e+00  0.000000e+00  2.980338e+08  0.000000e+00  0.000000e+00  9.991318e+06  7.743217e+06  6.544383e+06  5.979184e+06
2.535171e+05  3.247150e+08  0.000000e+00  0.000000e+00  2.917079e+08  0.000000e+00  0.000000e+00  9.710883e+06  7.524130e+06  6.358519e+06  5.809073e+06
2.547877e+05  3.177118e+08  0.000000e+00  0.000000e+00  2.854166e+08  0.000000e+00  0.000000e+00  9.436923e+06  7.310177e+06  6.177040e+06  5.642986e+06
2.560646e+05  3.107358e+08  0.000000e+00  0.000000e+00  2.791497e+08  0.000000e+00  0.000000e+00  9.169398e+06  7.101321e+06  5.999911e+06  5.480892e+06
2.573480e+05  3.038053e+08  0.000000e+00  0.000000e+00  2.729236e+08  0.000000e+00  0.000000e+00  8.908281e+06  6.897531e+06  5.827105e+06  5.322764e+06
2.586378e+05  2.969016e+08  0.000000e+00  0.000000e+00  2.667217e+08  0.000000e+00  0.000000e+00  8.653524e+06  6.698767e+06  5.658582e+06  5.168567e+06
2.599341e+05  2.900389e+08  0.000000e+00  0.000000e+00  2.605566e+08  0.000000e+00  0.000000e+00  8.405102e+06  6.504998e+06  5.494317e+06  5.018273e+06
2.612369e+05  2.831966e+08  0.000000e+00  0.000000e+00  2.544098e+08  0.000000e+00  0.000000e+00  8.162975e+06  6.316189e+06  5.334275e+06  4.871852e+06
2.625462e+05  2.764591e+08  0.000000e+00  0.000000e+00  2.483572e+08  0.000000e+00  0.000000e+00  7.927118e+06  6.132313e+06  5.178432e+06  4.729280e+06
2.638620e+05  2.701268e+08  0.000000e+00  0.000000e+00  2.426686e+08  0.000000e+00  0.000000e+00  7.697407e+06  5.953268e+06  5.026699e+06  4.590475e+06
2.651845e+05  2.641607e+08  0.000000e+00  0.000000e+00  2.373090e+08  0.000000e+00  0.000000e+00  7.473415e+06  5.778729e+06  4.878805e+06  4.455190e+06
2.665136e+05  2.582301e+08  0.000000e+00  0.000000e+00  2.319812e+08  0.000000e+00  0.000000e+00  7.254774e+06  5.608420e+06  4.734518e+06  4.323214e+06
2.678493e+05  2.523284e+08  0.000000e+00  0.000000e+00  2.266794e+08  0.000000e+00  0.000000e+00  7.041450e+06  5.442307e+06  4.593807e+06  4.194518e+06
2.691917e+05  2.464555e+08  0.000000e+00  0.000000e+00  2.214035e+08  0.000000e+00  0.000000e+00  6.833415e+06  5.280363e+06  4.456647e+06  4.069077e+06
2.705409e+05  2.406113e+08  0.000000e+00  0.000000e+00  2.161533e+08  0.000000e+00  0.000000e+00  6.630641e+06  5.122562e+06  4.323013e+06  3.946870e+06
2.718968e+05  2.348009e+08  0.000000e+00  0.000000e+00  2.109336e+08  0.000000e+00  0.000000e+00  6.433101e+06  4.968875e+06  4.192880e+06  3.827871e+06
2.732596e+05  2.290085e+08  0.000000e+00  0.000000e+00  2.057299e+08  0.000000e+00  0.000000e+00  6.240765e+06  4.819274e+06  4.066222e+06  3.712056e+06
2.746291e+05  2.232546e+08  0.000000e+00  0.000000e+00  2.005609e+08  0.000000e+00  0.000000e+00  6.053615e+06  4.673740e+06  3.943020e+06  3.599407e+06
2.760055e+05  2.178478e+08  0.000000e+00  0.000000e+00  1.957037e+08  0.000000e+00  0.000000e+00  5.871598e+06  4.532226e+06  3.823232e+06  3.489884e+06
2.773888e+05  2.128248e+08  0.000000e+00  0.000000e+00  1.911913e+08  0.000000e+00  0.000000e+00  5.694356e+06  4.394458e+06  3.706630e+06  3.383281e+06
2.787791e+05  2.078491e+08  0.000000e+00  0.000000e+00  1.867213e+08  0.000000e+00  0.000000e+00  5.521516e+06  4.260157e+06  3.592979e+06  3.279383e+06
2.801763e+05  2.029065e+08  0.000000e+00  0.000000e+00  1.822811e+08  0.000000e+00  0.000000e+00  5.353031e+06  4.129283e+06  3.482244e+06  3.178158e+06
2.815805e+05  1.979790e+08  0.000000e+00  0.000000e+00  1.778545e+08  0.000000e+00  0.000000e+00  5.188871e+06  4.001808e+06  3.374402e+06  3.079583e+06
2.829918e+05  1.930841e+08  0.000000e+00  0.000000e+00  1.734572e+08  0.000000e+00  0.000000e+00  5.029024e+06  3.877718e+06  3.269435e+06  2.983643e+06
2.844101e+05  1.882087e+08  0.000000e+00  0.000000e+00  1.690774e+08  0.000000e+00  0.000000e+00  4.873459e+06  3.756984e+06  3.167321e+06  2.890315e+06
2.858356e+05  1.833609e+08  0.000000e+00  0.000000e+00  1.647224e+08  0.000000e+00  0.000000e+00  4.722160e+06  3.639589e+06  3.068042e+06  2.799583e+06
2.872682e+05  1.785328e+08  0.000000e+00  0.000000e+00  1.603850e+08  0.000000e+00  0.000000e+00  4.575102e+06  3.525509e+06  2.971577e+06  2.711428e+06
2.887079e+05  1.739565e+08  0.000000e+00  0.000000e+00  1.562739e+08  0.000000e+00  0.000000e+00  4.432257e+06  3.414718e+06  2.877901e+06  2.625825e+06
2.901549e+05  1.697193e+08  0.000000e+00  0.000000e+00  1.524674e+08  0.000000e+00  0.000000e+00  4.293369e+06  3.307020e+06  2.786851e+06  2.542625e+06
2.916091e+05  1.655976e+08  0.000000e+00  0.000000e+00  1.487647e+08  0.000000e+00  0.000000e+00  4.158113e+06  3.202171e+06  2.698221e+06  2.461644e+06
2.930706e+05  1.614890e+08  0.000000e+00  0.000000e+00  1.450738e+08  0.000000e+00  0.000000e+00  4.026382e+06  3.100088e+06  2.611943e+06  2.382815e+06
2.945395e+05  1.574103e+08  0.000000e+00  0.000000e+00  1.414096e+08  0.000000e+00  0.000000e+00  3.898166e+06  3.000759e+06  2.528003e+06  2.306129e+06
2.960157e+05  1.533447e+08  0.000000e+00  0.000000e+00  1.377573e+08  0.000000e+00  0.000000e+00  3.773438e+06  2.904158e+06  2.446380e+06  2.231564e+06
2.974993e+05  1.493049e+08  0.000000e+00  0.000000e+00  1.341282e+08  0.000000e+00  0.000000e+00  3.652187e+06  2.810275e+06  2.367063e+06  2.159109e+06
2.989904e+05  1.452786e+08  0.000000e+00  0.000000e+00  1.305111e+08  0.000000e+00  0.000000e+00  3.534391e+06  2.719089e+06  2.290033e+06  2.088747e+06
3.004889e+05  1.412777e+08  0.000000e+00  0.000000e+00  1.269169e+08  0.000000e+00  0.000000e+00  3.420039e+06  2.630587e+06  2.215278e+06  2.020466e+06
3.019949e+05  1.374366e+08  0.000000e+00  0.000000e+00  1.234662e+08  0.000000e+00  0.000000e+00  3.309102e+06  2.544744e+06  2.142775e+06  1.954245e+06
3.035085e+05  1.338956e+08  0.000000e+00  0.000000e+00  1.202852e+08  0.000000e+00  0.000000e+00  3.201419e+06  2.461434e+06  2.072418e+06  1.889988e+06
3.050296e+05  1.305128e+08  0.000000e+00  0.000000e+00  1.172462e+08  0.000000e+00  0.000000e+00  3.096707e+06  2.380446e+06  2.004031e+06  1.827534e+06
3.065584e+05  1.271463e+08  0.000000e+00  0.000000e+00  1.142219e+08  0.000000e+00  0.000000e+00  2.994824e+06  2.301670e+06  1.937523e+06  1.766799e+06
3.080949e+05  1.237985e+08  0.000000e+00  0.000000e+00  1.112144e+08  0.000000e+00  0.000000e+00  2.895756e+06  2.225094e+06  1.872880e+06  1.707772e+06
3.096390e+05  1.204667e+08  0.000000e+00  0.000000e+00  1.082213e+08  0.000000e+00  0.000000e+00  2.799487e+06  2.150703e+06  1.810090e+06  1.650439e+06
3.111909e+05  1.171531e+08  0.000000e+00  0.000000e+00  1.052446e+08  0.000000e+00  0.000000e+00  2.706004e+06  2.078482e+06  1.749139e+06  1.594790e+06
3.127505e+05  1.138510e+08  0.000000e+00  0.000000e+00  1.022781e+08  0.000000e+00  0.000000e+00  2.615292e+06  2.008419e+06  1.690015e+06  1.540811e+06
3.143180e+05  1.105714e+08  0.000000e+00  0.000000e+00  9.933188e+07  0.000000e+00  0.000000e+00  2.527342e+06  1.940503e+06  1.632709e+06  1.488495e+06
3.158934e+05  1.073763e+08  0.000000e+00  0.000000e+00  9.646153e+07  0.000000e+00  0.000000e+00  2.442133e+06  1.874713e+06  1.577202e+06  1.437823e+06
3.174766e+05  1.044432e+08  0.000000e+00  0.000000e+00  9.382661e+07  0.000000e+00  0.000000e+00  2.359576e+06  1.810982e+06  1.523435e+06  1.388742e+06
3.190678e+05  1.017005e+08  0.000000e+00  0.000000e+00  9.136266e+07  0.000000e+00  0.000000e+00  2.279428e+06  1.749127e+06  1.471258e+06  1.341115e+06
3.206669e+05  9.897463e+07  0.000000e+00  0.000000e+00  8.891391e+07  0.000000e+00  0.000000e+00  2.201523e+06  1.689021e+06  1.420564e+06  1.294844e+06
3.222741e+05  9.625986e+07  0.000000e+00  0.000000e+00  8.647510e+07  0.000000e+00  0.000000e+00  2.125847e+06  1.630652e+06  1.371342e+06  1.249920e+06
3.238893e+05  9.355814e+07  0.000000e+00  0.000000e+00  8.404801e+07  0.000000e+00  0.000000e+00  2.052390e+06  1.574010e+06  1.323583e+06  1.206334e+06
3.255126e+05  9.087281e+07  0.000000e+00  0.000000e+00  8.163564e+07  0.000000e+00  0.000000e+00  1.981143e+06  1.519086e+06  1.277277e+06  1.164076e+06
3.271440e+05  8.819850e+07  0.000000e+00  0.000000e+00  7.923317e+07  0.000000e+00  0.000000e+00  1.912092e+06  1.465868e+06  1.232414e+06  1.123138e+06
3.287836e+05  8.553709e+07  0.000000e+00  0.000000e+00  7.684229e+07  0.000000e+00  0.000000e+00  1.845230e+06  1.414345e+06  1.188985e+06  1.083509e+06
3.304315e+05  8.290638e+07  0.000000e+00  0.000000e+00  7.447899e+07  0.000000e+00  0.000000e+00  1.780545e+06  1.364509e+06  1.146981e+06  1.045183e+06
3.320876e+05  8.050319e+07  0.000000e+00  0.000000e+00  7.232008e+07  0.000000e+00  0.000000e+00  1.717999e+06  1.316327e+06  1.106374e+06  1.008133e+06
3.337520e+05  7.830799e+07  0.000000e+00  0.000000e+00  7.034802e+07  0.000000e+00  0.000000e+00  1.657387e+06  1.269645e+06  1.067035e+06  9.722413e+05
3.354247e+05  7.612468e+07  0.000000e+00  0.000000e+00  6.838665e+07  0.000000e+00  0.000000e+00  1.598530e+06  1.224329e+06  1.028853e+06  9.374078e+05
3.371058e+05  7.395308e+07  0.000000e+00  0.000000e+00  6.643579e+07  0.000000e+00  0.000000e+00  1.541419e+06  1.180370e+06  9.918199e+05  9.036243e+05
3.387954e+05  7.179049e+07  0.000000e+00  0.000000e+00  6.449302e+07  0.000000e+00  0.000000e+00  1.486045e+06  1.137760e+06  9.559271e+05  8.708833e+05
3.404934e+05  6.964075e+07  0.000000e+00  0.000000e+00  6.256180e+07  0.000000e+00  0.000000e+00  1.432400e+06  1.096490e+06  9.211682e+05  8.391785e+05
3.421999e+05  6.749999e+07  0.000000e+00  0.000000e+00  6.063865e+07  0.000000e+00  0.000000e+00  1.380475e+06  1.056553e+06  8.875347e+05  8.085018e+05
3.439150e+05  6.537065e+07  0.000000e+00  0.000000e+00  5.872576e+07  0.000000e+00  0.000000e+00  1.330264e+06  1.017941e+06  8.550203e+05  7.788472e+05
3.456387e+05  6.325257e+07  0.000000e+00  0.000000e+00  5.682298e+07  0.000000e+00  0.000000e+00  1.281758e+06  9.806452e+05  8.236173e+05  7.502073e+05
3.473710e+05  6.130092e+07  0.000000e+00  0.000000e+00  5.506972e+07  0.000000e+00  0.000000e+00  1.234938e+06  9.446511e+05  7.933120e+05  7.225696e+05
3.491120e+05  5.954347e+07  0.000000e+00  0.000000e+00  5.349091e+07  0.000000e+00  0.000000e+00  1.189657e+06  9.098461e+05  7.640106e+05  6.958486e+05
3.508617e+05  5.781793e+07  0.000000e+00  0.000000e+00  5.194077e+07  0.000000e+00  0.000000e+00  1.145752e+06  8.761083e+05  7.356117e+05  6.699524e+05
3.526202e+05  5.610160e+07  0.000000e+00  0.000000e+00  5.039890e+07  0.000000e+00  0.000000e+00  1.103196e+06  8.434172e+05  7.080976e+05  6.448647e+05
3.543875e+05  5.439435e+07  0.000000e+00  0.000000e+00  4.886519e+07  0.000000e+00  0.000000e+00  1.061983e+06  8.117659e+05  6.814622e+05  6.205796e+05
3.561636e+05  5.269426e+07  0.000000e+00  0.000000e+00  4.733792e+07  0.000000e+00  0.000000e+00  1.022105e+06  7.811480e+05  6.556994e+05  5.970916e+05
3.579487e+05  5.100493e+07  0.000000e+00  0.000000e+00  4.582031e+07  0.000000e+00  0.000000e+00  9.835575e+05  7.515580e+05  6.308043e+05  5.743956e+05
3.597427e+05  4.932185e+07  0.000000e+00  0.000000e+00  4.430832e+07  0.000000e+00  0.000000e+00  9.463328e+05  7.229886e+05  6.067700e+05  5.524856e+05
3.615457e+05  4.764767e+07  0.000000e+00  0.000000e+00  4.280431e+07  0.000000e+00  0.000000e+00  9.104262e+05  6.954350e+05  5.835921e+05  5.313571e+05
3.633577e+05  4.608241e+07  0.000000e+00  0.000000e+00  4.139816e+07  0.000000e+00  0.000000e+00  8.758256e+05  6.688864e+05  5.612610e+05  5.110012e+05
3.651789e+05  4.467894e+07  0.000000e+00  0.000000e+00  4.013735e+07  0.000000e+00  0.000000e+00  8.424342e+05  6.432694e+05  5.397154e+05  4.913621e+05
3.670091e+05  4.333457e+07  0.000000e+00  0.000000e+00  3.892963e+07  0.000000e+00  0.000000e+00  8.101184e+05  6.184842e+05  5.188720e+05  4.723644e+05
3.688485e+05  4.199798e+07  0.000000e+00  0.000000e+00  3.772891e+07  0.000000e+00  0.000000e+00  7.788310e+05  5.944948e+05  4.987007e+05  4.539804e+05
3.706972e+05  4.066768e+07  0.000000e+00  0.000000e+00  3.653384e+07  0.000000e+00  0.000000e+00  7.485661e+05  5.712957e+05  4.791965e+05  4.362055e+05
3.725551e+05  3.934368e+07  0.000000e+00  0.000000e+00  3.534442e+07  0.000000e+00  0.000000e+00  7.193191e+05  5.488825e+05  4.603552e+05  4.190357e+05
3.744223e+05  3.802658e+07  0.000000e+00  0.000000e+00  3.416120e+07  0.000000e+00  0.000000e+00  6.910857e+05  5.272506e+05  4.421727e+05  4.024671e+05
3.762989e+05  3.671574e+07  0.000000e+00  0.000000e+00  3.298360e+07  0.000000e+00  0.000000e+00  6.638608e+05  5.063952e+05  4.246446e+05  3.864956e+05
3.781848e+05  3.541172e+07  0.000000e+00  0.000000e+00  3.181214e+07  0.000000e+00  0.000000e+00  6.376401e+05  4.863121e+05  4.077668e+05  3.711173e+05
3.800803e+05  3.417052e+07  0.000000e+00  0.000000e+00  3.069711e+07  0.000000e+00  0.000000e+00  6.124155e+05  4.669939e+05  3.915329e+05  3.563261e+05
3.819852e+05  3.306217e+07  0.000000e+00  0.000000e+00  2.970142e+07  0.000000e+00  0.000000e+00  5.881307e+05  4.483976e+05  3.759067e+05  3.420892e+05
3.838997e+05  3.203003e+07  0.000000e+00  0.000000e+00  2.877420e+07  0.000000e+00  0.000000e+00  5.646775e+05  4.304423e+05  3.608208e+05  3.283454e+05
3.858238e+05  3.100376e+07  0.000000e+00  0.000000e+00  2.785224e+07  0.000000e+00  0.000000e+00  5.419964e+05  4.130832e+05  3.462380e+05  3.150608e+05
3.877575e+05  2.998184e+07  0.000000e+00  0.000000e+00  2.693420e+07  0.000000e+00  0.000000e+00  5.200833e+05  3.963164e+05  3.321547e+05  3.022319e+05
3.897009e+05  2.896568e+07  0.000000e+00  0.000000e+00  2.602134e+07  0.000000e+00  0.000000e+00  4.989349e+05  3.801388e+05  3.185679e+05  2.898561e+05
3.916540e+05  2.795429e+07  0.000000e+00  0.000000e+00  2.511276e+07  0.000000e+00  0.000000e+00  4.785474e+05  3.645466e+05  3.054741e+05  2.779300e+05
3.936170e+05  2.694771e+07  0.000000e+00  0.000000e+00  2.420849e+07  0.000000e+00  0.000000e+00  4.589173e+05  3.495364e+05  2.928702e+05  2.664507e+05
3.955897e+05  2.594633e+07  0.000000e+00  0.000000e+00  2.330890e+07  0.000000e+00  0.000000e+00  4.400413e+05  3.351049e+05  2.807534e+05  2.554154e+05
3.975724e+05  2.497435e+07  0.000000e+00  0.000000e+00  2.243572e+07  0.000000e+00  0.000000e+00  4.219146e+05  3.212477e+05  2.691193e+05  2.448202e+05
3.995650e+05  2.410962e+07  0.000000e+00  0.000000e+00  2.165890e+07  0.000000e+00  0.000000e+00  4.045091e+05  3.079429e+05  2.579497e+05  2.346482e+05
4.015676e+05  2.332990e+07  0.000000e+00  0.000000e+00  2.095843e+07  0.000000e+00  0.000000e+00  3.877386e+05  2.951259e+05  2.471907e+05  2.248507e+05
4.035802e+05  2.255380e+07  0.000000e+00  0.000000e+00  2.026122e+07  0.000000e+00  0.000000e+00  3.715384e+05  2.827485e+05  2.368022e+05  2.153912e+05
4.056029e+05  2.178136e+07  0.000000e+00  0.000000e+00  1.956730e+07  0.000000e+00  0.000000e+00  3.559062e+05  2.708083e+05  2.267821e+05  2.062678e+05
4.076358e+05  2.101289e+07  0.000000e+00  0.000000e+00  1.887694e+07  0.000000e+00  0.000000e+00  3.408393e+05  2.593028e+05  2.171279e+05  1.974780e+05
4.096788e+05  2.024805e+07  0.000000e+00  0.000000e+00  1.818985e+07  0.000000e+00  0.000000e+00  3.263351e+05  2.482294e+05  2.078373e+05  1.890198e+05
4.117321e+05  1.948742e+07  0.000000e+00  0.000000e+00  1.750654e+07  0.000000e+00  0.000000e+00  3.123910e+05  2.375856e+05  1.989080e+05  1.808909e+05
4.137957e+05  1.873038e+07  0.000000e+00  0.000000e+00  1.682645e+07  0.000000e+00  0.000000e+00  2.990043e+05  2.273688e+05  1.903376e+05  1.730890e+05
4.158696e+05  1.797878e+07  0.000000e+00  0.000000e+00  1.615125e+07  0.000000e+00  0.000000e+00  2.861725e+05  2.175764e+05  1.821237e+05  1.656119e+05
4.179539e+05  1.731347e+07  0.000000e+00  0.000000e+00  1.555357e+07  0.000000e+00  0.000000e+00  2.738870e+05  2.082013e+05  1.742602e+05  1.584540e+05
4.200486e+05  1.673310e+07  0.000000e+00  0.000000e+00  1.503219e+07  0.000000e+00  0.000000e+00  2.620794e+05  1.991923e+05  1.667045e+05  1.515765e+05
4.221539e+05  1.615591e+07  0.000000e+00  0.000000e+00  1.451367e+07  0.000000e+00  0.000000e+00  2.506871e+05  1.905027e+05  1.594177e+05  1.449443e+05
4.242697e+05  1.558097e+07  0.000000e+00  0.000000e+00  1.399718e+07  0.000000e+00  0.000000e+00  2.397077e+05  1.821304e+05  1.523980e+05  1.385556e+05
4.263961e+05  1.500963e+07  0.000000e+00  0.000000e+00  1.348391e+07  0.000000e+00  0.000000e+00  2.291398e+05  1.740740e+05  1.456439e+05  1.324090e+05
4.285331e+05  1.444055e+07  0.000000e+00  0.000000e+00  1.297267e+07  0.000000e+00  0.000000e+00  2.189809e+05  1.663311e+05  1.391534e+05  1.265027e+05
4.306809e+05  1.387457e+07  0.000000e+00  0.000000e+00  1.246422e+07  0.000000e+00  0.000000e+00  2.092297e+05  1.589002e+05  1.329251e+05  1.208352e+05
4.328394e+05  1.331145e+07  0.000000e+00  0.000000e+00  1.195834e+07  0.000000e+00  0.000000e+00  1.998839e+05  1.517794e+05  1.269572e+05  1.154049e+05
4.350088e+05  1.275099e+07  0.000000e+00  0.000000e+00  1.145486e+07  0.000000e+00  0.000000e+00  1.909419e+05  1.449669e+05  1.212480e+05  1.102102e+05
4.371890e+05  1.224604e+07  0.000000e+00  0.000000e+00  1.100124e+07  0.000000e+00  0.000000e+00  1.823987e+05  1.384585e+05  1.157939e+05  1.052477e+05
4.393802e+05  1.180907e+07  0.000000e+00  0.000000e+00  1.060868e+07  0.000000e+00  0.000000e+00  1.742109e+05  1.322216e+05  1.105676e+05  1.004927e+05
4.415823e+05  1.138686e+07  0.000000e+00  0.000000e+00  1.022939e+07  0.000000e+00  0.000000e+00  1.663290e+05  1.262192e+05  1.055387e+05  9.591757e+04
4.437955e+05  1.096678e+07  0.000000e+00  0.000000e+00  9.852014e+06  0.000000e+00  0.000000e+00  1.587424e+05  1.204435e+05  1.007002e+05  9.151603e+04
4.460198e+05  1.054867e+07  0.000000e+00  0.000000e+00  9.476405e+06  0.000000e+00  0.000000e+00  1.514498e+05  1.148930e+05  9.605109e+04  8.728694e+04
4.482552e+05  1.013268e+07  0.000000e+00  0.000000e+00  9.102699e+06  0.000000e+00  0.000000e+00  1.444499e+05  1.095664e+05  9.159005e+04  8.322920e+04
4.505018e+05  9.718788e+06  0.000000e+00  0.000000e+00  8.730879e+06  0.000000e+00  0.000000e+00  1.377412e+05  1.044624e+05  8.731590e+04  7.934166e+04
4.527597e+05  9.306976e+06  0.000000e+00  0.000000e+00  8.360927e+06  0.000000e+00  0.000000e+00  1.313226e+05  9.957984e+04  8.322744e+04  7.562318e+04
4.550289e+05  8.897235e+06  0.000000e+00  0.000000e+00  7.992836e+06  0.000000e+00  0.000000e+00  1.251925e+05  9.491727e+04  7.932349e+04  7.207263e+04
4.573094e+05  8.519599e+06  0.000000e+00  0.000000e+00  7.653586e+06  0.000000e+00  0.000000e+00  1.193480e+05  9.047209e+04  7.560173e+04  6.868787e+04
4.596014e+05  8.194244e+06  0.000000e+00  0.000000e+00  7.361304e+06  0.000000e+00  0.000000e+00  1.137639e+05  8.622526e+04  7.204625e+04  6.545445e+04
4.619049e+05  7.890930e+06  0.000000e+00  0.000000e+00  7.088821e+06  0.000000e+00  0.000000e+00  1.084025e+05  8.214877e+04  6.863381e+04  6.235131e+04
4.642199e+05  7.589143e+06  0.000000e+00  0.000000e+00  6.817711e+06  0.000000e+00  0.000000e+00  1.032486e+05  7.823116e+04  6.535485e+04  5.936975e+04
4.665466e+05  7.288968e+06  0.000000e+00  0.000000e+00  6.548048e+06  0.000000e+00  0.000000e+00  9.830108e+04  7.447146e+04  6.220848e+04  5.650895e+04
4.688849e+05  6.990198e+06  0.000000e+00  0.000000e+00  6.279648e+06  0.000000e+00  0.000000e+00  9.355899e+04  7.086871e+04  5.919382e+04  5.376807e+04
4.712349e+05  6.692839e+06  0.000000e+00  0.000000e+00  6.012516e+06  0.000000e+00  0.000000e+00  8.902144e+04  6.742203e+04  5.631007e+04  5.114634e+04
4.735967e+05  6.397144e+06  0.000000e+00  0.000000e+00  5.746878e+06  0.000000e+00  0.000000e+00  8.468752e+04  6.413055e+04  5.355641e+04  4.864300e+04
4.759703e+05  6.102763e+06  0.000000e+00  0.000000e+00  5.482420e+06  0.000000e+00  0.000000e+00  8.055621e+04  6.099328e+04  5.093195e+04  4.625721e+04
4.783558e+05  5.824738e+06  0.000000e+00  0.000000e+00  5.232656e+06  0.000000e+00  0.000000e+00  7.662585e+04  5.800876e+04  4.843538e+04  4.398774e+04
4.807533e+05  5.586230e+06  0.000000e+00  0.000000e+00  5.018393e+06  0.000000e+00  0.000000e+00  7.288321e+04  5.516690e+04  4.605827e+04  4.182693e+04
4.831628e+05  5.372509e+06  0.000000e+00  0.000000e+00  4.826397e+06  0.000000e+00  0.000000e+00  6.930017e+04  5.244676e+04  4.378324e+04  3.975902e+04
4.855844e+05  5.159989e+06  0.000000e+00  0.000000e+00  4.635479e+06  0.000000e+00  0.000000e+00  6.586000e+04  4.983587e+04  4.159990e+04  3.777462e+04
4.880181e+05  4.948397e+06  0.000000e+00  0.000000e+00  4.445395e+06  0.000000e+00  0.000000e+00  6.256194e+04  4.733352e+04  3.950763e+04  3.587310e+04
4.904640e+05  4.737923e+06  0.000000e+00  0.000000e+00  4.256316e+06  0.000000e+00  0.000000e+00  5.940539e+04  4.493914e+04  3.750589e+04  3.405398e+04
4.929221e+05  4.528442e+06  0.000000e+00  0.000000e+00  4.068129e+06  0.000000e+00  0.000000e+00  5.638968e+04  4.265207e+04  3.559408e+04  3.231668e+04
4.953926e+05  4.320062e+06  0.000000e+00  0.000000e+00  3.880930e+06  0.000000e+00  0.000000e+00  5.351418e+04  4.047170e+04  3.377164e+04  3.066068e+04
4.978755e+05  4.112718e+06  0.000000e+00  0.000000e+00  3.694663e+06  0.000000e+00  0.000000e+00  5.077822e+04  3.839740e+04  3.203799e+04  2.908542e+04
5.003708e+05  3.911080e+06  0.000000e+00  0.000000e+00  3.513521e+06  0.000000e+00  0.000000e+00  4.818092e+04  3.642835e+04  3.039239e+04  2.759022e+04
5.028786e+05  3.737386e+06  0.000000e+00  0.000000e+00  3.357483e+06  0.000000e+00  0.000000e+00  4.571702e+04  3.456044e+04  2.883139e+04  2.617191e+04
5.053990e+05  3.586865e+06  0.000000e+00  0.000000e+00  3.222262e+06  0.000000e+00  0.000000e+00  4.336685e+04  3.277902e+04  2.734279e+04  2.481946e+04
5.079320e+05  3.437177e+06  0.000000e+00  0.000000e+00  3.087790e+06  0.000000e+00  0.000000e+00  4.111519e+04  3.107277e+04  2.591723e+04  2.352438e+04
5.104777e+05  3.288151e+06  0.000000e+00  0.000000e+00  2.953912e+06  0.000000e+00  0.000000e+00  3.896153e+04  2.944123e+04  2.455428e+04  2.228626e+04
5.130362e+05  3.139944e+06  0.000000e+00  0.000000e+00  2.820770e+06  0.000000e+00  0.000000e+00  3.690547e+04  2.788398e+04  2.325356e+04  2.110474e+04
5.156075e+05  2.992397e+06  0.000000e+00  0.000000e+00  2.688222e+06  0.000000e+00  0.000000e+00  3.494651e+04  2.640057e+04  2.201464e+04  1.997943e+04
5.181917e+05  2.845655e+06  0.000000e+00  0.000000e+00  2.556396e+06  0.000000e+00  0.000000e+00  3.308425e+04  2.499061e+04  2.083717e+04  1.890997e+04
5.207888e+05  2.699636e+06  0.000000e+00  0.000000e+00  2.425220e+06  0.000000e+00  0.000000e+00  3.131821e+04  2.365363e+04  1.972074e+04  1.789600e+04
5.233990e+05  2.554341e+06  0.000000e+00  0.000000e+00  2.294693e+06  0.000000e+00  0.000000e+00  2.964798e+04  2.238924e+04  1.866496e+04  1.693713e+04
5.260222e+05  2.430441e+06  0.000000e+00  0.000000e+00  2.183388e+06  0.000000e+00  0.000000e+00  2.807195e+04  2.119608e+04  1.766866e+04  1.603231e+04
5.286586e+05  2.328926e+06  0.000000e+00  0.000000e+00  2.092192e+06  0.000000e+00  0.000000e+00  2.657519e+04  2.006300e+04  1.672261e+04  1.517314e+04
5.313082e+05  2.228633e+06  0.000000e+00  0.000000e+00  2.002093e+06  0.000000e+00  0.000000e+00  2.514336e+04  1.897941e+04  1.581800e+04  1.435168e+04
5.339711e+05  2.128939e+06  0.000000e+00  0.000000e+00  1.912534e+06  0.000000e+00  0.000000e+00  2.377569e+04  1.794465e+04  1.495430e+04  1.356742e+04
5.366473e+05  2.029642e+06  0.000000e+00  0.000000e+00  1.823330e+06  0.000000e+00  0.000000e+00  2.247183e+04  1.695842e+04  1.413120e+04  1.282007e+04
5.393369e+05  1.930928e+06  0.000000e+00  0.000000e+00  1.734651e+06  0.000000e+00  0.000000e+00  2.123155e+04  1.602046e+04  1.334848e+04  1.210943e+04
5.420400e+05  1.832698e+06  0.000000e+00  0.000000e+00  1.646405e+06  0.000000e+00  0.000000e+00  2.005449e+04  1.513046e+04  1.260586e+04  1.143522e+04
5.447567e+05  1.734912e+06  0.000000e+00  0.000000e+00  1.558559e+06  0.000000e+00  0.000000e+00  1.894037e+04  1.428815e+04  1.190308e+04  1.079722e+04
5.474870e+05  1.637649e+06  0.000000e+00  0.000000e+00  1.471183e+06  0.000000e+00  0.000000e+00  1.788896e+04  1.349328e+04  1.123991e+04  1.019519e+04
5.502309e+05  1.552175e+06  0.000000e+00  0.000000e+00  1.394397e+06  0.000000e+00  0.000000e+00  1.689930e+04  1.274505e+04  1.061566e+04  9.628510e+03
5.529886e+05  1.482322e+06  0.000000e+00  0.000000e+00  1.331645e+06  0.000000e+00  0.000000e+00  1.596319e+04  1.203732e+04  1.002525e+04  9.092551e+03
5.557602e+05  1.416625e+06  0.000000e+00  0.000000e+00  1.272626e+06  0.000000e+00  0.000000e+00  1.507072e+04  1.136276e+04  9.462565e+03  8.581806e+03
5.585456e+05  1.351189e+06  0.000000e+00  0.000000e+00  1.213842e+06  0.000000e+00  0.000000e+00  1.421933e+04  1.071943e+04  8.926018e+03  8.094819e+03
5.613450e+05  1.286136e+06  0.000000e+00  0.000000e+00  1.155401e+06  0.000000e+00  0.000000e+00  1.340886e+04  1.010717e+04  8.415460e+03  7.631451e+03
5.641584e+05  1.221374e+06  0.000000e+00  0.000000e+00  1.097222e+06  0.000000e+00  0.000000e+00  1.263910e+04  9.525791e+03  7.930706e+03  7.191528e+03
5.669859e+05  1.156957e+06  0.000000e+00  0.000000e+00  1.039353e+06  0.000000e+00  0.000000e+00  1.190987e+04  8.975119e+03  7.471604e+03  6.774907e+03
5.698276e+05  1.092834e+06  0.000000e+00  0.000000e+00  9.817481e+05  0.000000e+00  0.000000e+00  1.122098e+04  8.454971e+03  7.037986e+03  6.381429e+03
5.726835e+05  1.029072e+06  0.000000e+00  0.000000e+00  9.244675e+05  0.000000e+00  0.000000e+00  1.057226e+04  7.965186e+03  6.629701e+03  6.010952e+03
5.755538e+05  9.711880e+05  0.000000e+00  0.000000e+00  8.724672e+05  0.000000e+00  0.000000e+00  9.963204e+03  7.505321e+03  6.246365e+03  5.663119e+03
5.784384e+05  9.239554e+05  0.000000e+00  0.000000e+00  8.300358e+05  0.000000e+00  0.000000e+00  9.389661e+03  7.072261e+03  5.885387e+03  5.335582e+03
5.813375e+05  8.818065e+05  0.000000e+00  0.000000e+00  7.921714e+05  0.000000e+00  0.000000e+00  8.844927e+03  6.661032e+03  5.542646e+03  5.024610e+03
5.842511e+05  8.398263e+05  0.000000e+00  0.000000e+00  7.544585e+05  0.000000e+00  0.000000e+00  8.325945e+03  6.269360e+03  5.216256e+03  4.728498e+03
5.871793e+05  7.980701e+05  0.000000e+00  0.000000e+00  7.169467e+05  0.000000e+00  0.000000e+00  7.832621e+03  5.897149e+03  4.906129e+03  4.447159e+03
5.901222e+05  7.565183e+05  0.000000e+00  0.000000e+00  6.796187e+05  0.000000e+00  0.000000e+00  7.364826e+03  5.544281e+03  4.612155e+03  4.180491e+03
5.930798e+05  7.151715e+05  0.000000e+00  0.000000e+00  6.424747e+05  0.000000e+00  0.000000e+00  6.922447e+03  5.210645e+03  4.334234e+03  3.928398e+03
5.960523e+05  6.740282e+05  0.000000e+00  0.000000e+00  6.055136e+05  0.000000e+00  0.000000e+00  6.505371e+03  4.896133e+03  4.072266e+03  3.690787e+03
5.990397e+05  6.331135e+05  0.000000e+00  0.000000e+00  5.687579e+05  0.000000e+00  0.000000e+00  6.113485e+03  4.600636e+03  3.826152e+03  3.467564e+03
6.020420e+05  5.946538e+05  0.000000e+00  0.000000e+00  5.342075e+05  0.000000e+00  0.000000e+00  5.746536e+03  4.323936e+03  3.595699e+03  3.258550e+03
6.050594e+05  5.633549e+05  0.000000e+00  0.000000e+00  5.060902e+05  0.000000e+00  0.000000e+00  5.402690e+03  4.064637e+03  3.379743e+03  3.062688e+03
6.080919e+05  5.369106e+05  0.000000e+00  0.000000e+00  4.823340e+05  0.000000e+00  0.000000e+00  5.077474e+03  3.819419e+03  3.175533e+03  2.877489e+03
6.111396e+05  5.105948e+05  0.000000e+00  0.000000e+00  4.586931e+05  0.000000e+00  0.000000e+00  4.768047e+03  3.586177e+03  2.981329e+03  2.701378e+03
6.142026e+05  4.843982e+05  0.000000e+00  0.000000e+00  4.351594e+05  0.000000e+00  0.000000e+00  4.474337e+03  3.364844e+03  2.797069e+03  2.534296e+03
6.172809e+05  4.583402e+05  0.000000e+00  0.000000e+00  4.117501e+05  0.000000e+00  0.000000e+00  4.196279e+03  3.155356e+03  2.622693e+03  2.376188e+03
6.203747e+05  4.324182e+05  0.000000e+00  0.000000e+00  3.884631e+05  0.000000e+00  0.000000e+00  3.933796e+03  2.957640e+03  2.458135e+03  2.226991e+03
6.234839e+05  4.066225e+05  0.000000e+00  0.000000e+00  3.652895e+05  0.000000e+00  0.000000e+00  3.686815e+03  2.771628e+03  2.303333e+03  2.086646e+03
6.266088e+05  3.809460e+05  0.000000e+00  0.000000e+00  3.422230e+05  0.000000e+00  0.000000e+00  3.455268e+03  2.597254e+03  2.158227e+03  1.955097e+03
6.297493e+05  3.559390e+05  0.000000e+00  0.000000e+00  3.197580e+05  0.000000e+00  0.000000e+00  3.239064e+03  2.434434e+03  2.022739e+03  1.832270e+03
6.329056e+05  3.355992e+05  0.000000e+00  0.000000e+00  3.014857e+05  0.000000e+00  0.000000e+00  3.037565e+03  2.282669e+03  1.896451e+03  1.717784e+03
6.360776e+05  3.194059e+05  0.000000e+00  0.000000e+00  2.869385e+05  0.000000e+00  0.000000e+00  2.847876e+03  2.139807e+03  1.777580e+03  1.610028e+03
6.392656e+05  3.032970e+05  0.000000e+00  0.000000e+00  2.724670e+05  0.000000e+00  0.000000e+00  2.667635e+03  2.004103e+03  1.664685e+03  1.507697e+03
6.424695e+05  2.872553e+05  0.000000e+00  0.000000e+00  2.580560e+05  0.000000e+00  0.000000e+00  2.496796e+03  1.875517e+03  1.557728e+03  1.410755e+03
6.456896e+05  2.713085e+05  0.000000e+00  0.000000e+00  2.437301e+05  0.000000e+00  0.000000e+00  2.335323e+03  1.754009e+03  1.456673e+03  1.319170e+03
6.489257e+05  2.554292e+05  0.000000e+00  0.000000e+00  2.294650e+05  0.000000e+00  0.000000e+00  2.183166e+03  1.639536e+03  1.361481e+03  1.232903e+03
6.521781e+05  2.396372e+05  0.000000e+00  0.000000e+00  2.152782e+05  0.000000e+00  0.000000e+00  2.040288e+03  1.532061e+03  1.272117e+03  1.151922e+03
6.554467e+05  2.239221e+05  0.000000e+00  0.000000e+00  2.011606e+05  0.000000e+00  0.000000e+00  1.906644e+03  1.431541e+03  1.188542e+03  1.076192e+03
6.587318e+05  2.082840e+05  0.000000e+00  0.000000e+00  1.871120e+05  0.000000e+00  0.000000e+00  1.782194e+03  1.337939e+03  1.110723e+03  1.005677e+03
6.620333e+05  1.953534e+05  0.000000e+00  0.000000e+00  1.754958e+05  0.000000e+00  0.000000e+00  1.666751e+03  1.251097e+03  1.038523e+03  9.402561e+02
6.653513e+05  1.854098e+05  0.000000e+00  0.000000e+00  1.665630e+05  0.000000e+00  0.000000e+00  1.558644e+03  1.169773e+03  9.709149e+02  8.789971e+02
6.686860e+05  1.757923e+05  0.000000e+00  0.000000e+00  1.579231e+05  0.000000e+00  0.000000e+00  1.456201e+03  1.092734e+03  9.068789e+02  8.209798e+02
6.720374e+05  1.662217e+05  0.000000e+00  0.000000e+00  1.493254e+05  0.000000e+00  0.000000e+00  1.359244e+03  1.019841e+03  8.463003e+02  7.660992e+02
6.754056e+05  1.567036e+05  0.000000e+00  0.000000e+00  1.407748e+05  0.000000e+00  0.000000e+00  1.267748e+03  9.510724e+02  7.891573e+02  7.143350e+02
6.787907e+05  1.472263e+05  0.000000e+00  0.000000e+00  1.322608e+05  0.000000e+00  0.000000e+00  1.181685e+03  8.864020e+02  7.354269e+02  6.656654e+02
6.821927e+05  1.378030e+05  0.000000e+00  0.000000e+00  1.237954e+05  0.000000e+00  0.000000e+00  1.101034e+03  8.258091e+02  6.850899e+02  6.200722e+02
6.856118e+05  1.284208e+05  0.000000e+00  0.000000e+00  1.153669e+05  0.000000e+00  0.000000e+00  1.025769e+03  7.692683e+02  6.381232e+02  5.775336e+02
6.890481e+05  1.190892e+05  0.000000e+00  0.000000e+00  1.069839e+05  0.000000e+00  0.000000e+00  9.558681e+02  7.167592e+02  5.945076e+02  5.380315e+02
6.925015e+05  1.110578e+05  0.000000e+00  0.000000e+00  9.976881e+04  0.000000e+00  0.000000e+00  8.912353e+02  6.682014e+02  5.541742e+02  5.015024e+02
6.959723e+05  1.048809e+05  0.000000e+00  0.000000e+00  9.421982e+04  0.000000e+00  0.000000e+00  8.310651e+02  6.229933e+02  5.166245e+02  4.674954e+02
6.994604e+05  9.929286e+04  0.000000e+00  0.000000e+00  8.919979e+04  0.000000e+00  0.000000e+00  7.743259e+02  5.803728e+02  4.812292e+02  4.354419e+02
7.029661e+05  9.373193e+04  0.000000e+00  0.000000e+00  8.420413e+04  0.000000e+00  0.000000e+00  7.207015e+02  5.401048e+02  4.477934e+02  4.051654e+02
7.064893e+05  8.819811e+04  0.000000e+00  0.000000e+00  7.923283e+04  0.000000e+00  0.000000e+00  6.701780e+02  5.021761e+02  4.163051e+02  3.766546e+02
7.100301e+05  8.269421e+04  0.000000e+00  0.000000e+00  7.428839e+04  0.000000e+00  0.000000e+00  6.227416e+02  4.665735e+02  3.867521e+02  3.498980e+02
7.135887e+05  7.721564e+04  0.000000e+00  0.000000e+00  6.936671e+04  0.000000e+00  0.000000e+00  5.783775e+02  4.332829e+02  3.591216e+02  3.248837e+02
7.171652e+05  7.176512e+04  0.000000e+00  0.000000e+00  6.447023e+04  0.000000e+00  0.000000e+00  5.370730e+02  4.022923e+02  3.334025e+02  3.016008e+02
7.207596e+05  6.634131e+04  0.000000e+00  0.000000e+00  5.959775e+04  0.000000e+00  0.000000e+00  4.988145e+02  3.735886e+02  3.095828e+02  2.800382e+02
7.243720e+05  6.147481e+04  0.000000e+00  0.000000e+00  5.522593e+04  0.000000e+00  0.000000e+00  4.635590e+02  3.471355e+02  2.876309e+02  2.601668e+02
7.280024e+05  5.772828e+04  0.000000e+00  0.000000e+00  5.186023e+04  0.000000e+00  0.000000e+00  4.309516e+02  3.226663e+02  2.673258e+02  2.417863e+02
7.316511e+05  5.457274e+04  0.000000e+00  0.000000e+00  4.902545e+04  0.000000e+00  0.000000e+00  4.003721e+02  2.997224e+02  2.482886e+02  2.245548e+02
7.353181e+05  5.143151e+04  0.000000e+00  0.000000e+00  4.620353e+04  0.000000e+00  0.000000e+00  3.715117e+02  2.780755e+02  2.303310e+02  2.083019e+02
7.390035e+05  4.830637e+04  0.000000e+00  0.000000e+00  4.339606e+04  0.000000e+00  0.000000e+00  3.443632e+02  2.577187e+02  2.134465e+02  1.930215e+02
7.427073e+05  4.519644e+04  0.000000e+00  0.000000e+00  4.060224e+04  0.000000e+00  0.000000e+00  3.189186e+02  2.386446e+02  1.976282e+02  1.787071e+02
7.464297e+05  4.210241e+04  0.000000e+00  0.000000e+00  3.782273e+04  0.000000e+00  0.000000e+00  2.951706e+02  2.208459e+02  1.828697e+02  1.653526e+02
7.501707e+05  3.902346e+04  0.000000e+00  0.000000e+00  3.505675e+04  0.000000e+00  0.000000e+00  2.731114e+02  2.043156e+02  1.691643e+02  1.529516e+02
7.539305e+05  3.596075e+04  0.000000e+00  0.000000e+00  3.230536e+04  0.000000e+00  0.000000e+00  2.527340e+02  1.890465e+02  1.565055e+02  1.414983e+02
7.577091e+05  3.308681e+04  0.000000e+00  0.000000e+00  2.972356e+04  0.000000e+00  0.000000e+00  2.340207e+02  1.750237e+02  1.448803e+02  1.309802e+02
7.615067e+05  3.087269e+04  0.000000e+00  0.000000e+00  2.773450e+04  0.000000e+00  0.000000e+00  2.168386e+02  1.621460e+02  1.342044e+02  1.213211e+02
7.653233e+05  2.914163e+04  0.000000e+00  0.000000e+00  2.617940e+04  0.000000e+00  0.000000e+00  2.008241e+02  1.501442e+02  1.242555e+02  1.123204e+02
7.691591e+05  2.741988e+04  0.000000e+00  0.000000e+00  2.463266e+04  0.000000e+00  0.000000e+00  1.857312e+02  1.388370e+02  1.148843e+02  1.038430e+02
7.730140e+05  2.570641e+04  0.000000e+00  0.000000e+00  2.309337e+04  0.000000e+00  0.000000e+00  1.715554e+02  1.282203e+02  1.060869e+02  9.588543e+01
7.768883e+05  2.400126e+04  0.000000e+00  0.000000e+00  2.156155e+04  0.000000e+00  0.000000e+00  1.582927e+02  1.182903e+02  9.785989e+01  8.844438e+01
7.807820e+05  2.230445e+04  0.000000e+00  0.000000e+00  2.003722e+04  0.000000e+00  0.000000e+00  1.459392e+02  1.090431e+02  9.019976e+01  8.151654e+01
7.846952e+05  2.061691e+04  0.000000e+00  0.000000e+00  1.852121e+04  0.000000e+00  0.000000e+00  1.344910e+02  1.004751e+02  8.310303e+01  7.509865e+01
7.886281e+05  1.893693e+04  0.000000e+00  0.000000e+00  1.701200e+04  0.000000e+00  0.000000e+00  1.239437e+02  9.258217e+01  7.656605e+01  6.918724e+01
7.925806e+05  1.728776e+04  0.000000e+00  0.000000e+00  1.553047e+04  0.000000e+00  0.000000e+00  1.142928e+02  8.535996e+01  7.058483e+01  6.377856e+01
7.965529e+05  1.601394e+04  0.000000e+00  0.000000e+00  1.438613e+04  0.000000e+00  0.000000e+00  1.055022e+02  7.878008e+01  6.513545e+01  5.885083e+01
8.005452e+05  1.509475e+04  0.000000e+00  0.000000e+00  1.356038e+04  0.000000e+00  0.000000e+00  9.736563e+01  7.268960e+01  6.009172e+01  5.429011e+01
8.045575e+05  1.417976e+04  0.000000e+00  0.000000e+00  1.273840e+04  0.000000e+00  0.000000e+00  8.970741e+01  6.695931e+01  5.534726e+01  5.000044e+01
8.085898e+05  1.326963e+04  0.000000e+00  0.000000e+00  1.192078e+04  0.000000e+00  0.000000e+00  8.252551e+01  6.158728e+01  5.090031e+01  4.598012e+01
8.126424e+05  1.236370e+04  0.000000e+00  0.000000e+00  1.110694e+04  0.000000e+00  0.000000e+00  7.581769e+01  5.657142e+01  4.674892e+01  4.222734e+01
8.167153e+05  1.146256e+04  0.000000e+00  0.000000e+00  1.029740e+04  0.000000e+00  0.000000e+00  6.958199e+01  5.190981e+01  4.289137e+01  3.874045e+01
8.208086e+05  1.056594e+04  0.000000e+00  0.000000e+00  9.491923e+03  0.000000e+00  0.000000e+00  6.381622e+01  4.760041e+01  3.932575e+01  3.551766e+01
8.249225e+05  9.673537e+03  0.000000e+00  0.000000e+00  8.690228e+03  0.000000e+00  0.000000e+00  5.851837e+01  4.364128e+01  3.605028e+01  3.255729e+01
8.290569e+05  8.785781e+03  0.000000e+00  0.000000e+00  7.892712e+03  0.000000e+00  0.000000e+00  5.368657e+01  4.003059e+01  3.306328e+01  2.985775e+01
8.332121e+05  8.074623e+03  0.000000e+00  0.000000e+00  7.253842e+03  0.000000e+00  0.000000e+00  4.930893e+01  3.675863e+01  3.035648e+01  2.741145e+01
8.373881e+05  7.570769e+03  0.000000e+00  0.000000e+00  6.801204e+03  0.000000e+00  0.000000e+00  4.528847e+01  3.375337e+01  2.787043e+01  2.516474e+01
8.415850e+05  7.100675e+03  0.000000e+00  0.000000e+00  6.378896e+03  0.000000e+00  0.000000e+00  4.152339e+01  3.093993e+01  2.554353e+01  2.306205e+01
8.458029e+05  6.632948e+03  0.000000e+00  0.000000e+00  5.958712e+03  0.000000e+00  0.000000e+00  3.799750e+01  2.830624e+01  2.336574e+01  2.109432e+01
8.500420e+05  6.167476e+03  0.000000e+00  0.000000e+00  5.540555e+03  0.000000e+00  0.000000e+00  3.470973e+01  2.585126e+01  2.133614e+01  1.926065e+01
8.543024e+05  5.704351e+03  0.000000e+00  0.000000e+00  5.124507e+03  0.000000e+00  0.000000e+00  3.165907e+01  2.357403e+01  1.945384e+01  1.756020e+01
8.585841e+05  5.243484e+03  0.000000e+00  0.000000e+00  4.710487e+03  0.000000e+00  0.000000e+00  2.884447e+01  2.147356e+01  1.771791e+01  1.599212e+01
8.628872e+05  4.785073e+03  0.000000e+00  0.000000e+00  4.298673e+03  0.000000e+00  0.000000e+00  2.626495e+01  1.954889e+01  1.612749e+01  1.455556e+01
8.672119e+05  4.328756e+03  0.000000e+00  0.000000e+00  3.888741e+03  0.000000e+00  0.000000e+00  2.391945e+01  1.779902e+01  1.468164e+01  1.324966e+01
8.715583e+05  3.943864e+03  0.000000e+00  0.000000e+00  3.542972e+03  0.000000e+00  0.000000e+00  2.180314e+01  1.621997e+01  1.337697e+01  1.207129e+01
8.759265e+05  3.669708e+03  0.000000e+00  0.000000e+00  3.296684e+03  0.000000e+00  0.000000e+00  1.987620e+01  1.478206e+01  1.218897e+01  1.099835e+01
8.803166e+05  3.436527e+03  0.000000e+00  0.000000e+00  3.087206e+03  0.000000e+00  0.000000e+00  1.808438e+01  1.344534e+01  1.108477e+01  1.000117e+01
8.847286e+05  3.204471e+03  0.000000e+00  0.000000e+00  2.878738e+03  0.000000e+00  0.000000e+00  1.640850e+01  1.219566e+01  1.005273e+01  9.069267e+00
8.891628e+05  2.973585e+03  0.000000e+00  0.000000e+00  2.671322e+03  0.000000e+00  0.000000e+00  1.484807e+01  1.103255e+01  9.092403e+00  8.202212e+00
8.936192e+05  2.743895e+03  0.000000e+00  0.000000e+00  2.464979e+03  0.000000e+00  0.000000e+00  1.340257e+01  9.955532e+00  8.203346e+00  7.399586e+00
8.980980e+05  2.515280e+03  0.000000e+00  0.000000e+00  2.259604e+03  0.000000e+00  0.000000e+00  1.207150e+01  8.964107e+00  7.385111e+00  6.660968e+00
9.025992e+05  2.287847e+03  0.000000e+00  0.000000e+00  2.055289e+03  0.000000e+00  0.000000e+00  1.085438e+01  8.057835e+00  6.637286e+00  5.985965e+00
9.071229e+05  2.061524e+03  0.000000e+00  0.000000e+00  1.851971e+03  0.000000e+00  0.000000e+00  9.750743e+00  7.236241e+00  5.959434e+00  5.374167e+00
9.116694e+05  1.860104e+03  0.000000e+00  0.000000e+00  1.671025e+03  0.000000e+00  0.000000e+00  8.758753e+00  6.497809e+00  5.350251e+00  4.824375e+00
9.162386e+05  1.715645e+03  0.000000e+00  0.000000e+00  1.541250e+03  0.000000e+00  0.000000e+00  7.863824e+00  5.831596e+00  4.800689e+00  4.328413e+00
9.208307e+05  1.604187e+03  0.000000e+00  0.000000e+00  1.441122e+03  0.000000e+00  0.000000e+00  7.038067e+00  5.217041e+00  4.293838e+00  3.871041e+00
9.254458e+05  1.493307e+03  0.000000e+00  0.000000e+00  1.341513e+03  0.000000e+00  0.000000e+00  6.266439e+00  4.643091e+00  3.820616e+00  3.444073e+00
9.300841e+05  1.382942e+03  0.000000e+00  0.000000e+00  1.242367e+03  0.000000e+00  0.000000e+00  5.548691e+00  4.109514e+00  3.380811e+00  3.047308e+00
9.347456e+05  1.273150e+03  0.000000e+00  0.000000e+00  1.143735e+03  0.000000e+00  0.000000e+00  4.884605e+00  3.616098e+00  2.974224e+00  2.680559e+00
9.394304e+05  1.163905e+03  0.000000e+00  0.000000e+00  1.045594e+03  0.000000e+00  0.000000e+00  4.273942e+00  3.162614e+00  2.600648e+00  2.343630e+00
9.441388e+05  1.055191e+03  0.000000e+00  0.000000e+00  9.479318e+02  0.000000e+00  0.000000e+00  3.716474e+00  2.748846e+00  2.259882e+00  2.036329e+00
9.488707e+05  9.470360e+02  0.000000e+00  0.000000e+00  8.507703e+02  0.000000e+00  0.000000e+00  3.211986e+00  2.374584e+00  1.951731e+00  1.758475e+00
9.536264e+05  8.453383e+02  0.000000e+00  0.000000e+00  7.594102e+02  0.000000e+00  0.000000e+00  2.759914e+00  2.039345e+00  1.675774e+00  1.509676e+00
9.584059e+05  7.718726e+02  0.000000e+00  0.000000e+00  6.934122e+02  0.000000e+00  0.000000e+00  2.355804e+00  1.739739e+00  1.429196e+00  1.287386e+00
9.632093e+05  7.206700e+02  0.000000e+00  0.000000e+00  6.474143e+02  0.000000e+00  0.000000e+00  1.985831e+00  1.465563e+00  1.203612e+00  1.084049e+00
9.680369e+05  6.697320e+02  0.000000e+00  0.000000e+00  6.016541e+02  0.000000e+00  0.000000e+00  1.640111e+00  1.209573e+00  9.930774e-01  8.943120e-01
9.728886e+05  6.190395e+02  0.000000e+00  0.000000e+00  5.561145e+02  0.000000e+00  0.000000e+00  1.318532e+00  9.716642e-01  7.974957e-01  7.180838e-01
9.777646e+05  5.686073e+02  0.000000e+00  0.000000e+00  5.108087e+02  0.000000e+00  0.000000e+00  1.020993e+00  7.517380e-01  6.167768e-01  5.552792e-01
9.826651e+05  5.184191e+02  0.000000e+00  0.000000e+00  4.657221e+02  0.000000e+00  0.000000e+00  7.473870e-01  5.496940e-01  4.508280e-01  4.058107e-01
9.875901e+05  4.684876e+02  0.000000e+00  0.000000e+00  4.208661e+02  0.000000e+00  0.000000e+00  4.976157e-01  3.654370e-01  2.995611e-01  2.695948e-01
9.925399e+05  4.187944e+02  0.000000e+00  0.000000e+00  3.762242e+02  0.000000e+00  0.000000e+00  2.715777e-01  1.988694e-01  1.628864e-01  1.465465e-01
9.975144e+05  3.693850e+02  0.000000e+00  0.000000e+00  3.318372e+02  0.000000e+00  0.000000e+00  8.003754e-02  5.840148e-02  4.778750e-02  4.297788e-02
