# Emergent specific intensity at upper slab face  iter=63
# Col 1: E [eV]
# Col 2: F_corona (incident normal flux, stored as I_corona) [erg cm^-2 s^-1 eV^-1]
# Col 3: I_disk (incident) [erg cm^-2 s^-1 eV^-1 sr^-1]
# Col 4: I(mu=-0.960290) [erg cm^-2 s^-1 eV^-1 sr^-1]
# Col 5: I(mu=-0.796666) [erg cm^-2 s^-1 eV^-1 sr^-1]
# Col 6: I(mu=-0.525532) [erg cm^-2 s^-1 eV^-1 sr^-1]
# Col 7: I(mu=-0.183435) [erg cm^-2 s^-1 eV^-1 sr^-1]
# Col 8: I(mu=0.183435) [erg cm^-2 s^-1 eV^-1 sr^-1]
# Col 9: I(mu=0.525532) [erg cm^-2 s^-1 eV^-1 sr^-1]
# Col 10: I(mu=0.796666) [erg cm^-2 s^-1 eV^-1 sr^-1]
# Col 11: I(mu=0.960290) [erg cm^-2 s^-1 eV^-1 sr^-1]
1.002511e+00  1.652480e+12  0.000000e+00  0.000000e+00  1.484506e+12  0.000000e+00  0.000000e+00  4.876913e+11  4.066920e+11  3.735841e+11  3.599450e+11
1.007531e+00  1.655251e+12  0.000000e+00  0.000000e+00  1.486995e+12  0.000000e+00  0.000000e+00  4.917888e+11  4.097444e+11  3.763942e+11  3.626720e+11
1.012576e+00  1.657966e+12  0.000000e+00  0.000000e+00  1.489435e+12  0.000000e+00  0.000000e+00  4.958888e+11  4.128024e+11  3.792129e+11  3.654087e+11
1.017646e+00  1.660665e+12  0.000000e+00  0.000000e+00  1.491859e+12  0.000000e+00  0.000000e+00  4.999995e+11  4.158718e+11  3.820450e+11  3.681597e+11
1.022741e+00  1.663385e+12  0.000000e+00  0.000000e+00  1.494303e+12  0.000000e+00  0.000000e+00  5.041268e+11  4.189571e+11  3.848942e+11  3.709281e+11
1.027862e+00  1.666088e+12  0.000000e+00  0.000000e+00  1.496731e+12  0.000000e+00  0.000000e+00  5.082762e+11  4.220620e+11  3.877635e+11  3.737169e+11
1.033008e+00  1.668735e+12  0.000000e+00  0.000000e+00  1.499109e+12  0.000000e+00  0.000000e+00  5.124507e+11  4.251883e+11  3.906544e+11  3.765271e+11
1.038181e+00  1.671441e+12  0.000000e+00  0.000000e+00  1.501540e+12  0.000000e+00  0.000000e+00  5.166563e+11  4.283426e+11  3.935741e+11  3.793665e+11
1.043379e+00  1.674055e+12  0.000000e+00  0.000000e+00  1.503888e+12  0.000000e+00  0.000000e+00  5.217042e+11  4.318771e+11  3.967597e+11  3.824310e+11
1.048603e+00  1.676787e+12  0.000000e+00  0.000000e+00  1.506343e+12  0.000000e+00  0.000000e+00  5.252278e+11  4.347663e+11  3.995128e+11  3.851375e+11
1.053853e+00  1.679545e+12  0.000000e+00  0.000000e+00  1.508820e+12  0.000000e+00  0.000000e+00  5.297357e+11  4.381576e+11  4.026409e+11  3.881721e+11
1.059130e+00  1.682301e+12  0.000000e+00  0.000000e+00  1.511296e+12  0.000000e+00  0.000000e+00  5.346246e+11  4.418839e+11  4.060698e+11  3.914898e+11
1.064433e+00  1.685075e+12  0.000000e+00  0.000000e+00  1.513788e+12  0.000000e+00  0.000000e+00  7.914491e+11  6.540328e+11  5.905897e+11  5.625898e+11
1.069763e+00  1.687794e+12  0.000000e+00  0.000000e+00  1.516231e+12  0.000000e+00  0.000000e+00  5.433286e+11  4.484418e+11  4.121553e+11  3.974119e+11
1.075119e+00  1.690531e+12  0.000000e+00  0.000000e+00  1.518689e+12  0.000000e+00  0.000000e+00  5.471030e+11  4.512443e+11  4.147881e+11  3.999950e+11
1.080502e+00  1.693248e+12  0.000000e+00  0.000000e+00  1.521131e+12  0.000000e+00  0.000000e+00  5.512547e+11  4.543816e+11  4.177222e+11  4.028619e+11
1.085912e+00  1.695947e+12  0.000000e+00  0.000000e+00  1.523555e+12  0.000000e+00  0.000000e+00  5.555936e+11  4.576712e+11  4.207901e+11  4.058538e+11
1.091349e+00  1.698662e+12  0.000000e+00  0.000000e+00  1.525994e+12  0.000000e+00  0.000000e+00  5.600211e+11  4.610281e+11  4.239171e+11  4.089010e+11
1.096814e+00  1.701366e+12  0.000000e+00  0.000000e+00  1.528423e+12  0.000000e+00  0.000000e+00  5.644968e+11  4.644214e+11  4.270771e+11  4.119799e+11
1.102305e+00  1.704132e+12  0.000000e+00  0.000000e+00  1.530908e+12  0.000000e+00  0.000000e+00  5.690072e+11  4.678418e+11  4.302623e+11  4.150830e+11
1.107825e+00  1.706984e+12  0.000000e+00  0.000000e+00  1.533470e+12  0.000000e+00  0.000000e+00  5.712542e+11  4.689176e+11  4.309962e+11  4.156861e+11
1.113372e+00  1.709743e+12  0.000000e+00  0.000000e+00  1.535949e+12  0.000000e+00  0.000000e+00  5.978733e+11  4.877608e+11  4.467241e+11  4.301629e+11
1.118946e+00  1.712518e+12  0.000000e+00  0.000000e+00  1.538442e+12  0.000000e+00  0.000000e+00  5.834299e+11  4.790305e+11  4.406889e+11  4.252344e+11
1.124549e+00  1.715308e+12  0.000000e+00  0.000000e+00  1.540948e+12  0.000000e+00  0.000000e+00  5.882001e+11  4.826597e+11  4.440663e+11  4.285223e+11
1.130179e+00  1.718076e+12  0.000000e+00  0.000000e+00  1.543434e+12  0.000000e+00  0.000000e+00  5.933006e+11  4.865863e+11  4.477367e+11  4.321010e+11
1.135838e+00  1.720788e+12  0.000000e+00  0.000000e+00  1.545871e+12  0.000000e+00  0.000000e+00  8.100115e+11  6.364121e+11  5.704413e+11  5.433358e+11
1.141525e+00  1.723514e+12  0.000000e+00  0.000000e+00  1.548320e+12  0.000000e+00  0.000000e+00  6.027479e+11  4.937651e+11  4.544063e+11  4.385866e+11
1.147241e+00  1.726246e+12  0.000000e+00  0.000000e+00  1.550774e+12  0.000000e+00  0.000000e+00  6.352336e+11  5.111270e+11  4.675591e+11  4.502015e+11
1.152985e+00  1.729073e+12  0.000000e+00  0.000000e+00  1.553314e+12  0.000000e+00  0.000000e+00  6.115658e+11  5.005459e+11  4.608027e+11  4.448533e+11
1.158758e+00  1.731931e+12  0.000000e+00  0.000000e+00  1.555881e+12  0.000000e+00  0.000000e+00  6.174296e+11  5.046836e+11  4.645601e+11  4.484763e+11
1.164560e+00  1.734732e+12  0.000000e+00  0.000000e+00  1.558397e+12  0.000000e+00  0.000000e+00  6.210030e+11  5.078271e+11  4.676404e+11  4.515336e+11
1.170391e+00  1.737580e+12  0.000000e+00  0.000000e+00  1.560956e+12  0.000000e+00  0.000000e+00  6.258343e+11  5.115514e+11  4.711329e+11  4.549428e+11
1.176251e+00  1.740370e+12  0.000000e+00  0.000000e+00  1.563462e+12  0.000000e+00  0.000000e+00  6.307228e+11  5.153247e+11  4.746717e+11  4.583971e+11
1.182141e+00  1.743138e+12  0.000000e+00  0.000000e+00  1.565949e+12  0.000000e+00  0.000000e+00  6.356891e+11  5.191713e+11  4.782814e+11  4.619205e+11
1.188060e+00  1.745951e+12  0.000000e+00  0.000000e+00  1.568476e+12  0.000000e+00  0.000000e+00  6.641001e+11  5.452598e+11  5.029795e+11  4.858670e+11
1.194008e+00  1.748706e+12  0.000000e+00  0.000000e+00  1.570951e+12  0.000000e+00  0.000000e+00  6.456089e+11  5.268396e+11  4.854778e+11  4.689455e+11
1.199987e+00  1.751449e+12  0.000000e+00  0.000000e+00  1.573415e+12  0.000000e+00  0.000000e+00  6.507136e+11  5.307568e+11  4.891410e+11  4.725161e+11
1.205995e+00  1.754283e+12  0.000000e+00  0.000000e+00  1.575961e+12  0.000000e+00  0.000000e+00  6.564575e+11  5.351489e+11  4.932084e+11  4.764589e+11
1.212033e+00  1.757166e+12  0.000000e+00  0.000000e+00  1.578551e+12  0.000000e+00  0.000000e+00  6.638389e+11  5.409551e+11  4.985504e+11  4.816040e+11
1.218102e+00  1.760059e+12  0.000000e+00  0.000000e+00  1.581150e+12  0.000000e+00  0.000000e+00  6.750240e+11  5.504649e+11  5.073643e+11  4.900715e+11
1.224201e+00  1.762893e+12  0.000000e+00  0.000000e+00  1.583696e+12  0.000000e+00  0.000000e+00  2.327783e+12  2.257349e+12  2.117658e+12  2.030285e+12
1.230331e+00  1.765736e+12  0.000000e+00  0.000000e+00  1.586250e+12  0.000000e+00  0.000000e+00  6.867277e+11  5.594190e+11  5.156679e+11  4.981240e+11
1.236491e+00  1.768554e+12  0.000000e+00  0.000000e+00  1.588782e+12  0.000000e+00  0.000000e+00  8.585567e+11  6.847711e+11  6.201944e+11  5.935821e+11
1.242682e+00  1.771381e+12  0.000000e+00  0.000000e+00  1.591321e+12  0.000000e+00  0.000000e+00  6.879451e+11  5.596854e+11  5.162462e+11  4.989331e+11
1.248904e+00  1.774183e+12  0.000000e+00  0.000000e+00  1.593839e+12  0.000000e+00  0.000000e+00  6.918840e+11  5.628608e+11  5.193388e+11  5.020032e+11
1.255157e+00  1.776960e+12  0.000000e+00  0.000000e+00  1.596333e+12  0.000000e+00  0.000000e+00  6.966864e+11  5.667025e+11  5.230069e+11  5.056071e+11
1.261442e+00  1.779819e+12  0.000000e+00  0.000000e+00  1.598901e+12  0.000000e+00  0.000000e+00  7.018997e+11  5.708383e+11  5.269228e+11  5.094388e+11
1.267758e+00  1.782734e+12  0.000000e+00  0.000000e+00  1.601520e+12  0.000000e+00  0.000000e+00  7.245789e+11  5.917425e+11  5.469325e+11  5.289691e+11
1.274106e+00  1.785632e+12  0.000000e+00  0.000000e+00  1.604123e+12  0.000000e+00  0.000000e+00  7.125107e+11  5.792148e+11  5.348350e+11  5.171725e+11
1.280485e+00  1.788536e+12  0.000000e+00  0.000000e+00  1.606732e+12  0.000000e+00  0.000000e+00  7.189259e+11  5.838667e+11  5.391093e+11  5.213068e+11
1.286896e+00  1.791413e+12  0.000000e+00  0.000000e+00  1.609317e+12  0.000000e+00  0.000000e+00  7.233856e+11  5.877927e+11  5.429244e+11  5.250719e+11
1.293340e+00  1.794296e+12  0.000000e+00  0.000000e+00  1.611907e+12  0.000000e+00  0.000000e+00  7.292333e+11  5.924320e+11  5.472842e+11  5.293189e+11
1.299816e+00  1.797121e+12  0.000000e+00  0.000000e+00  1.614445e+12  0.000000e+00  0.000000e+00  8.744214e+11  7.054922e+11  6.442004e+11  6.188752e+11
1.306324e+00  1.799951e+12  0.000000e+00  0.000000e+00  1.616987e+12  0.000000e+00  0.000000e+00  7.403077e+11  6.012128e+11  5.555771e+11  5.374188e+11
1.312865e+00  1.802786e+12  0.000000e+00  0.000000e+00  1.619534e+12  0.000000e+00  0.000000e+00  7.456955e+11  6.054886e+11  5.596292e+11  5.413835e+11
1.319438e+00  1.805650e+12  0.000000e+00  0.000000e+00  1.622107e+12  0.000000e+00  0.000000e+00  7.519041e+11  6.104802e+11  5.643243e+11  5.459534e+11
1.326045e+00  1.808602e+12  0.000000e+00  0.000000e+00  1.624759e+12  0.000000e+00  0.000000e+00  9.941870e+11  8.156455e+11  7.451300e+11  7.147298e+11
1.332684e+00  1.811521e+12  0.000000e+00  0.000000e+00  1.627381e+12  0.000000e+00  0.000000e+00  7.632483e+11  6.195492e+11  5.729037e+11  5.543339e+11
1.339357e+00  1.814475e+12  0.000000e+00  0.000000e+00  1.630035e+12  0.000000e+00  0.000000e+00  7.687302e+11  6.239937e+11  5.772058e+11  5.585807e+11
1.346063e+00  1.817370e+12  0.000000e+00  0.000000e+00  1.632635e+12  0.000000e+00  0.000000e+00  8.868721e+11  7.209139e+11  6.622733e+11  6.380034e+11
1.352803e+00  1.820268e+12  0.000000e+00  0.000000e+00  1.635238e+12  0.000000e+00  0.000000e+00  7.794915e+11  6.326122e+11  5.853384e+11  5.665151e+11
1.359576e+00  1.823168e+12  0.000000e+00  0.000000e+00  1.637844e+12  0.000000e+00  0.000000e+00  7.952854e+11  6.470349e+11  5.992903e+11  5.802284e+11
1.366384e+00  1.826071e+12  0.000000e+00  0.000000e+00  1.640452e+12  0.000000e+00  0.000000e+00  7.908828e+11  6.418165e+11  5.940827e+11  5.750676e+11
1.373225e+00  1.828883e+12  0.000000e+00  0.000000e+00  1.642978e+12  0.000000e+00  0.000000e+00  8.883285e+11  7.250728e+11  6.687026e+11  6.454077e+11
1.380101e+00  1.831798e+12  0.000000e+00  0.000000e+00  1.645596e+12  0.000000e+00  0.000000e+00  8.024783e+11  6.511993e+11  6.029887e+11  5.837713e+11
1.387011e+00  1.834736e+12  0.000000e+00  0.000000e+00  1.648236e+12  0.000000e+00  0.000000e+00  8.163507e+11  6.637936e+11  6.152002e+11  5.957949e+11
1.393956e+00  1.837721e+12  0.000000e+00  0.000000e+00  1.650918e+12  0.000000e+00  0.000000e+00  8.140265e+11  6.605600e+11  6.118829e+11  5.924659e+11
1.400935e+00  1.840676e+12  0.000000e+00  0.000000e+00  1.653572e+12  0.000000e+00  0.000000e+00  8.694248e+11  7.067328e+11  6.528901e+11  6.309558e+11
1.407950e+00  1.843662e+12  0.000000e+00  0.000000e+00  1.656255e+12  0.000000e+00  0.000000e+00  8.260644e+11  6.703597e+11  6.211817e+11  6.015454e+11
1.414999e+00  1.846588e+12  0.000000e+00  0.000000e+00  1.658883e+12  0.000000e+00  0.000000e+00  8.719128e+11  7.096052e+11  6.566145e+11  6.350711e+11
1.422084e+00  1.849483e+12  0.000000e+00  0.000000e+00  1.661484e+12  0.000000e+00  0.000000e+00  8.380408e+11  6.801397e+11  6.304789e+11  6.106298e+11
1.429205e+00  1.852438e+12  0.000000e+00  0.000000e+00  1.664139e+12  0.000000e+00  0.000000e+00  8.768036e+11  7.139799e+11  6.614432e+11  6.401237e+11
1.436361e+00  1.855303e+12  0.000000e+00  0.000000e+00  1.666713e+12  0.000000e+00  0.000000e+00  8.501922e+11  6.900911e+11  6.399386e+11  6.198692e+11
1.443553e+00  1.858218e+12  0.000000e+00  0.000000e+00  1.669331e+12  0.000000e+00  0.000000e+00  8.836546e+11  7.197239e+11  6.673519e+11  6.461284e+11
1.450780e+00  1.861185e+12  0.000000e+00  0.000000e+00  1.671997e+12  0.000000e+00  0.000000e+00  8.855335e+11  7.212637e+11  6.691295e+11  6.480341e+11
1.458044e+00  1.864186e+12  0.000000e+00  0.000000e+00  1.674693e+12  0.000000e+00  0.000000e+00  8.883308e+11  7.234861e+11  6.714591e+11  6.504311e+11
1.465345e+00  1.867215e+12  0.000000e+00  0.000000e+00  1.677414e+12  0.000000e+00  0.000000e+00  9.061800e+11  7.397809e+11  6.870930e+11  6.657081e+11
1.472682e+00  1.870212e+12  0.000000e+00  0.000000e+00  1.680106e+12  0.000000e+00  0.000000e+00  8.939538e+11  7.276959e+11  6.757520e+11  6.548027e+11
1.480056e+00  1.873177e+12  0.000000e+00  0.000000e+00  1.682769e+12  0.000000e+00  0.000000e+00  9.084599e+11  7.408138e+11  6.883823e+11  6.671784e+11
1.487466e+00  1.876139e+12  0.000000e+00  0.000000e+00  1.685430e+12  0.000000e+00  0.000000e+00  8.958638e+11  7.270106e+11  6.748218e+11  6.538374e+11
1.494914e+00  1.879069e+12  0.000000e+00  0.000000e+00  1.688062e+12  0.000000e+00  0.000000e+00  9.076842e+11  7.349412e+11  6.817931e+11  6.604289e+11
1.502399e+00  1.881996e+12  0.000000e+00  0.000000e+00  1.690692e+12  0.000000e+00  0.000000e+00  1.113359e+12  9.188094e+11  8.475446e+11  8.166661e+11
1.509922e+00  1.884951e+12  0.000000e+00  0.000000e+00  1.693346e+12  0.000000e+00  0.000000e+00  8.937493e+11  7.198397e+11  6.659848e+11  6.444085e+11
1.517482e+00  1.887899e+12  0.000000e+00  0.000000e+00  1.695995e+12  0.000000e+00  0.000000e+00  9.297972e+11  7.577517e+11  7.043929e+11  6.829791e+11
1.525080e+00  1.890985e+12  0.000000e+00  0.000000e+00  1.698768e+12  0.000000e+00  0.000000e+00  9.363333e+11  7.632191e+11  7.096224e+11  6.880977e+11
1.532716e+00  1.894009e+12  0.000000e+00  0.000000e+00  1.701484e+12  0.000000e+00  0.000000e+00  9.430265e+11  7.687987e+11  7.149406e+11  6.932930e+11
1.540390e+00  1.897028e+12  0.000000e+00  0.000000e+00  1.704196e+12  0.000000e+00  0.000000e+00  9.498122e+11  7.744421e+11  7.203107e+11  6.985343e+11
1.548103e+00  1.900070e+12  0.000000e+00  0.000000e+00  1.706929e+12  0.000000e+00  0.000000e+00  9.598844e+11  7.815131e+11  7.266717e+11  7.046131e+11
1.555854e+00  1.903051e+12  0.000000e+00  0.000000e+00  1.709606e+12  0.000000e+00  0.000000e+00  9.636994e+11  7.859614e+11  7.312533e+11  7.092068e+11
1.563644e+00  1.906025e+12  0.000000e+00  0.000000e+00  1.712279e+12  0.000000e+00  0.000000e+00  1.054643e+12  8.268179e+11  7.607273e+11  7.346967e+11
1.571473e+00  1.908995e+12  0.000000e+00  0.000000e+00  1.714946e+12  0.000000e+00  0.000000e+00  9.778638e+11  7.989831e+11  7.440199e+11  7.217667e+11
1.579342e+00  1.911930e+12  0.000000e+00  0.000000e+00  1.717583e+12  0.000000e+00  0.000000e+00  9.843022e+11  8.032518e+11  7.477275e+11  7.252804e+11
1.587250e+00  1.914955e+12  0.000000e+00  0.000000e+00  1.720301e+12  0.000000e+00  0.000000e+00  9.912531e+11  8.090971e+11  7.532961e+11  7.307127e+11
1.595197e+00  1.918031e+12  0.000000e+00  0.000000e+00  1.723064e+12  0.000000e+00  0.000000e+00  9.983424e+11  8.150431e+11  7.589512e+11  7.362256e+11
1.603184e+00  1.921089e+12  0.000000e+00  0.000000e+00  1.725812e+12  0.000000e+00  0.000000e+00  1.034090e+12  8.334379e+11  7.731972e+11  7.489737e+11
1.611211e+00  1.924168e+12  0.000000e+00  0.000000e+00  1.728577e+12  0.000000e+00  0.000000e+00  1.012718e+12  8.271095e+11  7.704190e+11  7.473951e+11
1.619279e+00  1.927211e+12  0.000000e+00  0.000000e+00  1.731311e+12  0.000000e+00  0.000000e+00  1.020236e+12  8.334222e+11  7.764052e+11  7.532183e+11
1.627386e+00  1.930247e+12  0.000000e+00  0.000000e+00  1.734038e+12  0.000000e+00  0.000000e+00  1.062463e+12  8.574133e+11  7.951191e+11  7.699438e+11
1.635535e+00  1.933247e+12  0.000000e+00  0.000000e+00  1.736733e+12  0.000000e+00  0.000000e+00  1.206639e+12  1.002872e+12  9.327306e+11  9.024236e+11
1.643724e+00  1.936266e+12  0.000000e+00  0.000000e+00  1.739446e+12  0.000000e+00  0.000000e+00  1.042769e+12  8.525404e+11  7.945822e+11  7.709116e+11
1.651954e+00  1.939222e+12  0.000000e+00  0.000000e+00  1.742101e+12  0.000000e+00  0.000000e+00  1.049176e+12  8.579687e+11  7.997766e+11  7.759846e+11
1.660225e+00  1.942274e+12  0.000000e+00  0.000000e+00  1.744843e+12  0.000000e+00  0.000000e+00  1.056205e+12  8.639729e+11  8.055082e+11  7.815725e+11
1.668538e+00  1.945347e+12  0.000000e+00  0.000000e+00  1.747604e+12  0.000000e+00  0.000000e+00  1.063882e+12  8.703619e+11  8.115525e+11  7.874433e+11
1.676892e+00  1.948474e+12  0.000000e+00  0.000000e+00  1.750413e+12  0.000000e+00  0.000000e+00  1.070960e+12  8.765594e+11  8.174872e+11  7.932308e+11
1.685289e+00  1.951564e+12  0.000000e+00  0.000000e+00  1.753189e+12  0.000000e+00  0.000000e+00  1.078464e+12  8.829588e+11  8.235712e+11  7.991478e+11
1.693727e+00  1.954644e+12  0.000000e+00  0.000000e+00  1.755955e+12  0.000000e+00  0.000000e+00  1.086025e+12  8.894118e+11  8.297034e+11  8.051098e+11
1.702207e+00  1.957687e+12  0.000000e+00  0.000000e+00  1.758689e+12  0.000000e+00  0.000000e+00  1.093694e+12  8.959541e+11  8.359245e+11  8.111694e+11
1.710730e+00  1.960772e+12  0.000000e+00  0.000000e+00  1.761461e+12  0.000000e+00  0.000000e+00  1.101514e+12  9.026207e+11  8.422397e+11  8.172897e+11
1.719296e+00  1.963794e+12  0.000000e+00  0.000000e+00  1.764175e+12  0.000000e+00  0.000000e+00  1.109704e+12  9.096327e+11  8.488782e+11  8.237265e+11
1.727904e+00  1.966805e+12  0.000000e+00  0.000000e+00  1.766880e+12  0.000000e+00  0.000000e+00  1.212606e+12  9.989752e+11  9.297160e+11  9.002248e+11
1.736556e+00  1.969835e+12  0.000000e+00  0.000000e+00  1.769602e+12  0.000000e+00  0.000000e+00  1.125234e+12  9.229591e+11  8.615293e+11  8.360114e+11
1.745251e+00  1.972966e+12  0.000000e+00  0.000000e+00  1.772415e+12  0.000000e+00  0.000000e+00  1.132544e+12  9.292467e+11  8.675147e+11  8.418300e+11
1.753989e+00  1.976087e+12  0.000000e+00  0.000000e+00  1.775219e+12  0.000000e+00  0.000000e+00  1.141029e+12  9.362298e+11  8.741002e+11  8.482274e+11
1.762772e+00  1.979222e+12  0.000000e+00  0.000000e+00  1.778036e+12  0.000000e+00  0.000000e+00  1.148087e+12  9.426616e+11  8.802555e+11  8.541977e+11
1.771598e+00  1.982345e+12  0.000000e+00  0.000000e+00  1.780841e+12  0.000000e+00  0.000000e+00  1.156087e+12  9.495535e+11  8.867872e+11  8.605311e+11
1.780468e+00  1.985429e+12  0.000000e+00  0.000000e+00  1.783611e+12  0.000000e+00  0.000000e+00  1.164247e+12  9.565863e+11  8.934455e+11  8.669826e+11
1.789383e+00  1.988526e+12  0.000000e+00  0.000000e+00  1.786393e+12  0.000000e+00  0.000000e+00  1.172782e+12  9.639538e+11  9.004125e+11  8.737283e+11
1.798342e+00  1.991583e+12  0.000000e+00  0.000000e+00  1.789140e+12  0.000000e+00  0.000000e+00  1.260269e+12  1.041413e+12  9.714106e+11  9.413428e+11
1.807347e+00  1.994654e+12  0.000000e+00  0.000000e+00  1.791898e+12  0.000000e+00  0.000000e+00  1.189032e+12  9.780299e+11  9.137433e+11  8.866419e+11
1.816396e+00  1.997670e+12  0.000000e+00  0.000000e+00  1.794608e+12  0.000000e+00  0.000000e+00  1.196772e+12  9.847367e+11  9.201017e+11  8.928037e+11
1.825491e+00  2.000811e+12  0.000000e+00  0.000000e+00  1.797429e+12  0.000000e+00  0.000000e+00  1.204890e+12  9.917891e+11  9.267794e+11  8.992697e+11
1.834631e+00  2.003985e+12  0.000000e+00  0.000000e+00  1.800281e+12  0.000000e+00  0.000000e+00  1.213292e+12  9.990801e+11  9.336710e+11  9.059369e+11
1.843817e+00  2.007170e+12  0.000000e+00  0.000000e+00  1.803142e+12  0.000000e+00  0.000000e+00  1.222112e+12  1.006728e+12  9.408902e+11  9.129173e+11
1.853049e+00  2.010289e+12  0.000000e+00  0.000000e+00  1.805944e+12  0.000000e+00  0.000000e+00  1.297770e+12  1.074730e+12  1.004273e+12  9.741813e+11
1.862327e+00  2.013418e+12  0.000000e+00  0.000000e+00  1.808755e+12  0.000000e+00  0.000000e+00  1.240819e+12  1.022464e+12  9.555783e+11  9.270514e+11
1.871652e+00  2.016532e+12  0.000000e+00  0.000000e+00  1.811553e+12  0.000000e+00  0.000000e+00  1.256219e+12  1.033861e+12  9.656958e+11  9.365859e+11
1.881023e+00  2.019655e+12  0.000000e+00  0.000000e+00  1.814358e+12  0.000000e+00  0.000000e+00  1.275871e+12  1.050833e+12  9.811705e+11  9.513071e+11
1.890442e+00  2.022713e+12  0.000000e+00  0.000000e+00  1.817105e+12  0.000000e+00  0.000000e+00  4.070540e+12  3.002674e+12  2.599458e+12  2.423032e+12
1.899907e+00  2.025804e+12  0.000000e+00  0.000000e+00  1.819882e+12  0.000000e+00  0.000000e+00  1.350914e+12  1.118536e+12  1.044335e+12  1.011962e+12
1.909420e+00  2.028908e+12  0.000000e+00  0.000000e+00  1.822671e+12  0.000000e+00  0.000000e+00  1.310087e+12  1.073422e+12  1.000831e+12  9.697560e+11
1.918980e+00  2.032131e+12  0.000000e+00  0.000000e+00  1.825566e+12  0.000000e+00  0.000000e+00  1.292478e+12  1.067491e+12  9.979986e+11  9.679901e+11
1.928589e+00  2.035319e+12  0.000000e+00  0.000000e+00  1.828430e+12  0.000000e+00  0.000000e+00  1.299827e+12  1.074422e+12  1.004677e+12  9.744878e+11
1.938245e+00  2.038514e+12  0.000000e+00  0.000000e+00  1.831301e+12  0.000000e+00  0.000000e+00  1.357009e+12  1.127034e+12  1.054199e+12  1.022279e+12
1.947950e+00  2.041643e+12  0.000000e+00  0.000000e+00  1.834111e+12  0.000000e+00  0.000000e+00  1.317460e+12  1.089939e+12  1.019304e+12  9.886078e+11
1.957703e+00  2.044827e+12  0.000000e+00  0.000000e+00  1.836972e+12  0.000000e+00  0.000000e+00  1.326077e+12  1.097652e+12  1.026590e+12  9.956398e+11
1.967505e+00  2.047920e+12  0.000000e+00  0.000000e+00  1.839750e+12  0.000000e+00  0.000000e+00  1.377167e+12  1.144752e+12  1.071091e+12  1.038669e+12
1.977357e+00  2.051068e+12  0.000000e+00  0.000000e+00  1.842578e+12  0.000000e+00  0.000000e+00  1.344388e+12  1.113743e+12  1.041670e+12  1.010135e+12
1.987257e+00  2.054148e+12  0.000000e+00  0.000000e+00  1.845345e+12  0.000000e+00  0.000000e+00  1.389907e+12  1.155889e+12  1.081680e+12  1.048930e+12
1.997208e+00  2.057271e+12  0.000000e+00  0.000000e+00  1.848150e+12  0.000000e+00  0.000000e+00  1.376298e+12  1.135218e+12  1.060383e+12  1.027673e+12
2.007208e+00  2.060508e+12  0.000000e+00  0.000000e+00  1.851058e+12  0.000000e+00  0.000000e+00  1.403742e+12  1.167981e+12  1.093086e+12  1.059934e+12
2.017258e+00  2.063751e+12  0.000000e+00  0.000000e+00  1.853972e+12  0.000000e+00  0.000000e+00  1.381071e+12  1.146035e+12  1.071924e+12  1.039225e+12
2.027358e+00  2.066927e+12  0.000000e+00  0.000000e+00  1.856825e+12  0.000000e+00  0.000000e+00  1.418980e+12  1.181201e+12  1.105469e+12  1.071840e+12
2.037509e+00  2.070131e+12  0.000000e+00  0.000000e+00  1.859703e+12  0.000000e+00  0.000000e+00  1.425709e+12  1.186733e+12  1.110587e+12  1.076738e+12
2.047711e+00  2.073314e+12  0.000000e+00  0.000000e+00  1.862563e+12  0.000000e+00  0.000000e+00  1.413537e+12  1.172419e+12  1.096141e+12  1.062337e+12
2.057964e+00  2.076477e+12  0.000000e+00  0.000000e+00  1.865405e+12  0.000000e+00  0.000000e+00  1.440790e+12  1.200385e+12  1.123408e+12  1.089059e+12
2.068268e+00  2.079573e+12  0.000000e+00  0.000000e+00  1.868185e+12  0.000000e+00  0.000000e+00  1.427703e+12  1.187209e+12  1.110387e+12  1.076145e+12
2.078624e+00  2.082742e+12  0.000000e+00  0.000000e+00  1.871032e+12  0.000000e+00  0.000000e+00  1.437092e+12  1.195502e+12  1.118115e+12  1.083552e+12
2.089031e+00  2.085930e+12  0.000000e+00  0.000000e+00  1.873896e+12  0.000000e+00  0.000000e+00  1.446704e+12  1.203992e+12  1.126021e+12  1.091130e+12
2.099491e+00  2.089089e+12  0.000000e+00  0.000000e+00  1.876735e+12  0.000000e+00  0.000000e+00  1.456380e+12  1.212566e+12  1.134009e+12  1.098786e+12
2.110003e+00  2.092365e+12  0.000000e+00  0.000000e+00  1.879677e+12  0.000000e+00  0.000000e+00  1.467142e+12  1.222437e+12  1.143708e+12  1.108434e+12
2.120568e+00  2.095619e+12  0.000000e+00  0.000000e+00  1.882600e+12  0.000000e+00  0.000000e+00  1.475990e+12  1.229911e+12  1.150135e+12  1.114227e+12
2.131186e+00  2.098850e+12  0.000000e+00  0.000000e+00  1.885503e+12  0.000000e+00  0.000000e+00  1.488521e+12  1.240372e+12  1.159731e+12  1.123368e+12
2.141857e+00  2.102012e+12  0.000000e+00  0.000000e+00  1.888344e+12  0.000000e+00  0.000000e+00  1.497119e+12  1.248815e+12  1.167696e+12  1.131026e+12
2.152581e+00  2.105198e+12  0.000000e+00  0.000000e+00  1.891206e+12  0.000000e+00  0.000000e+00  1.505775e+12  1.256250e+12  1.174567e+12  1.137594e+12
2.163359e+00  2.108407e+12  0.000000e+00  0.000000e+00  1.894089e+12  0.000000e+00  0.000000e+00  1.515817e+12  1.265089e+12  1.182735e+12  1.145394e+12
2.174191e+00  2.111547e+12  0.000000e+00  0.000000e+00  1.896910e+12  0.000000e+00  0.000000e+00  1.516559e+12  1.261962e+12  1.178757e+12  1.141118e+12
2.185077e+00  2.114686e+12  0.000000e+00  0.000000e+00  1.899730e+12  0.000000e+00  0.000000e+00  1.600265e+12  1.314926e+12  1.224964e+12  1.184855e+12
2.196018e+00  2.117977e+12  0.000000e+00  0.000000e+00  1.902686e+12  0.000000e+00  0.000000e+00  1.560133e+12  1.304721e+12  1.220486e+12  1.182170e+12
2.207013e+00  2.121217e+12  0.000000e+00  0.000000e+00  1.905597e+12  0.000000e+00  0.000000e+00  1.570450e+12  1.313914e+12  1.229010e+12  1.190319e+12
2.218064e+00  2.124479e+12  0.000000e+00  0.000000e+00  1.908526e+12  0.000000e+00  0.000000e+00  1.580870e+12  1.323166e+12  1.237568e+12  1.198494e+12
2.229169e+00  2.127715e+12  0.000000e+00  0.000000e+00  1.911434e+12  0.000000e+00  0.000000e+00  1.591409e+12  1.332494e+12  1.246185e+12  1.206719e+12
2.240331e+00  2.130971e+12  0.000000e+00  0.000000e+00  1.914359e+12  0.000000e+00  0.000000e+00  1.602352e+12  1.342049e+12  1.254973e+12  1.215094e+12
2.251548e+00  2.134158e+12  0.000000e+00  0.000000e+00  1.917222e+12  0.000000e+00  0.000000e+00  1.614150e+12  1.352237e+12  1.264293e+12  1.223956e+12
2.262822e+00  2.137408e+12  0.000000e+00  0.000000e+00  1.920142e+12  0.000000e+00  0.000000e+00  1.629304e+12  1.365095e+12  1.275939e+12  1.234974e+12
2.274152e+00  2.140545e+12  0.000000e+00  0.000000e+00  1.922960e+12  0.000000e+00  0.000000e+00  1.653174e+12  1.385811e+12  1.294682e+12  1.252670e+12
2.285538e+00  2.143704e+12  0.000000e+00  0.000000e+00  1.925797e+12  0.000000e+00  0.000000e+00  3.263217e+12  2.772450e+12  2.514216e+12  2.387502e+12
2.296982e+00  2.146965e+12  0.000000e+00  0.000000e+00  1.928727e+12  0.000000e+00  0.000000e+00  1.675424e+12  1.405462e+12  1.312716e+12  1.269833e+12
2.308483e+00  2.150282e+12  0.000000e+00  0.000000e+00  1.931707e+12  0.000000e+00  0.000000e+00  1.672986e+12  1.403747e+12  1.311465e+12  1.268813e+12
2.320042e+00  2.153573e+12  0.000000e+00  0.000000e+00  1.934663e+12  0.000000e+00  0.000000e+00  1.679298e+12  1.409939e+12  1.317357e+12  1.274513e+12
2.331658e+00  2.156836e+12  0.000000e+00  0.000000e+00  1.937595e+12  0.000000e+00  0.000000e+00  1.689103e+12  1.418928e+12  1.325682e+12  1.282468e+12
2.343333e+00  2.160073e+12  0.000000e+00  0.000000e+00  1.940503e+12  0.000000e+00  0.000000e+00  1.732051e+12  1.441230e+12  1.343100e+12  1.298066e+12
2.355066e+00  2.163326e+12  0.000000e+00  0.000000e+00  1.943425e+12  0.000000e+00  0.000000e+00  1.710985e+12  1.438451e+12  1.343599e+12  1.299524e+12
2.366858e+00  2.166552e+12  0.000000e+00  0.000000e+00  1.946323e+12  0.000000e+00  0.000000e+00  1.722089e+12  1.448325e+12  1.352644e+12  1.308127e+12
2.378708e+00  2.169749e+12  0.000000e+00  0.000000e+00  1.949196e+12  0.000000e+00  0.000000e+00  1.733339e+12  1.458296e+12  1.361764e+12  1.316798e+12
2.390619e+00  2.172920e+12  0.000000e+00  0.000000e+00  1.952044e+12  0.000000e+00  0.000000e+00  1.744691e+12  1.468345e+12  1.370945e+12  1.325524e+12
2.402588e+00  2.176216e+12  0.000000e+00  0.000000e+00  1.955005e+12  0.000000e+00  0.000000e+00  1.759431e+12  1.479717e+12  1.381015e+12  1.334991e+12
2.414618e+00  2.179484e+12  0.000000e+00  0.000000e+00  1.957941e+12  0.000000e+00  0.000000e+00  1.767582e+12  1.488582e+12  1.389404e+12  1.343056e+12
2.426708e+00  2.182823e+12  0.000000e+00  0.000000e+00  1.960940e+12  0.000000e+00  0.000000e+00  1.779185e+12  1.498808e+12  1.398715e+12  1.351894e+12
2.438859e+00  2.186132e+12  0.000000e+00  0.000000e+00  1.963913e+12  0.000000e+00  0.000000e+00  1.790714e+12  1.509021e+12  1.408021e+12  1.360731e+12
2.451070e+00  2.189371e+12  0.000000e+00  0.000000e+00  1.966823e+12  0.000000e+00  0.000000e+00  1.802393e+12  1.519356e+12  1.417507e+12  1.369811e+12
2.463343e+00  2.192664e+12  0.000000e+00  0.000000e+00  1.969781e+12  0.000000e+00  0.000000e+00  1.814143e+12  1.529687e+12  1.426813e+12  1.378561e+12
2.475677e+00  2.195886e+12  0.000000e+00  0.000000e+00  1.972675e+12  0.000000e+00  0.000000e+00  1.826068e+12  1.540306e+12  1.436773e+12  1.388260e+12
2.488072e+00  2.199119e+12  0.000000e+00  0.000000e+00  1.975580e+12  0.000000e+00  0.000000e+00  1.838195e+12  1.550749e+12  1.445899e+12  1.396649e+12
2.500530e+00  2.202323e+12  0.000000e+00  0.000000e+00  1.978458e+12  0.000000e+00  0.000000e+00  1.900635e+12  1.582585e+12  1.470080e+12  1.418016e+12
2.513050e+00  2.205587e+12  0.000000e+00  0.000000e+00  1.981391e+12  0.000000e+00  0.000000e+00  1.864562e+12  1.573737e+12  1.467926e+12  1.418707e+12
2.525633e+00  2.208905e+12  0.000000e+00  0.000000e+00  1.984371e+12  0.000000e+00  0.000000e+00  1.883015e+12  1.588499e+12  1.479683e+12  1.428499e+12
2.538279e+00  2.212227e+12  0.000000e+00  0.000000e+00  1.987355e+12  0.000000e+00  0.000000e+00  1.914908e+12  1.615092e+12  1.503308e+12  1.450647e+12
2.550988e+00  2.215557e+12  0.000000e+00  0.000000e+00  1.990347e+12  0.000000e+00  0.000000e+00  4.545719e+12  3.408026e+12  3.011488e+12  2.835609e+12
2.563761e+00  2.218856e+12  0.000000e+00  0.000000e+00  1.993310e+12  0.000000e+00  0.000000e+00  1.940437e+12  1.637332e+12  1.523396e+12  1.469678e+12
2.576598e+00  2.222124e+12  0.000000e+00  0.000000e+00  1.996246e+12  0.000000e+00  0.000000e+00  1.933910e+12  1.632437e+12  1.519202e+12  1.465850e+12
2.589499e+00  2.225360e+12  0.000000e+00  0.000000e+00  1.999153e+12  0.000000e+00  0.000000e+00  1.951068e+12  1.643999e+12  1.529062e+12  1.475012e+12
2.602464e+00  2.228645e+12  0.000000e+00  0.000000e+00  2.002105e+12  0.000000e+00  0.000000e+00  1.987235e+12  1.673580e+12  1.555247e+12  1.499494e+12
2.615495e+00  2.231898e+12  0.000000e+00  0.000000e+00  2.005027e+12  0.000000e+00  0.000000e+00  2.113808e+12  1.783127e+12  1.654639e+12  1.593188e+12
2.628590e+00  2.235109e+12  0.000000e+00  0.000000e+00  2.007912e+12  0.000000e+00  0.000000e+00  2.473462e+12  2.135599e+12  1.986721e+12  1.910534e+12
2.641752e+00  2.238451e+12  0.000000e+00  0.000000e+00  2.010913e+12  0.000000e+00  0.000000e+00  2.900270e+13  3.101140e+13  2.993927e+13  2.885861e+13
2.654979e+00  2.241811e+12  0.000000e+00  0.000000e+00  2.013932e+12  0.000000e+00  0.000000e+00  2.515596e+12  2.173370e+12  2.020220e+12  1.941734e+12
2.668273e+00  2.245099e+12  0.000000e+00  0.000000e+00  2.016886e+12  0.000000e+00  0.000000e+00  2.181154e+12  1.878688e+12  1.792356e+12  1.754629e+12
2.681633e+00  2.248432e+12  0.000000e+00  0.000000e+00  2.019880e+12  0.000000e+00  0.000000e+00  2.067099e+12  1.743371e+12  1.618328e+12  1.559356e+12
2.695060e+00  2.251770e+12  0.000000e+00  0.000000e+00  2.022879e+12  0.000000e+00  0.000000e+00  2.047547e+12  1.730823e+12  1.607606e+12  1.549479e+12
2.708554e+00  2.254997e+12  0.000000e+00  0.000000e+00  2.025778e+12  0.000000e+00  0.000000e+00  2.056653e+12  1.740718e+12  1.616803e+12  1.558272e+12
2.722115e+00  2.258307e+12  0.000000e+00  0.000000e+00  2.028751e+12  0.000000e+00  0.000000e+00  2.084954e+12  1.764447e+12  1.638086e+12  1.578351e+12
2.735745e+00  2.261543e+12  0.000000e+00  0.000000e+00  2.031659e+12  0.000000e+00  0.000000e+00  3.147559e+12  2.761576e+12  2.561244e+12  2.458548e+12
2.749443e+00  2.264797e+12  0.000000e+00  0.000000e+00  2.034582e+12  0.000000e+00  0.000000e+00  2.132252e+12  1.795773e+12  1.664347e+12  1.602570e+12
2.763209e+00  2.268098e+12  0.000000e+00  0.000000e+00  2.037547e+12  0.000000e+00  0.000000e+00  2.128983e+12  1.810232e+12  1.678970e+12  1.616696e+12
2.777045e+00  2.271472e+12  0.000000e+00  0.000000e+00  2.040579e+12  0.000000e+00  0.000000e+00  2.117362e+12  1.795893e+12  1.668652e+12  1.608755e+12
2.790949e+00  2.274811e+12  0.000000e+00  0.000000e+00  2.043578e+12  0.000000e+00  0.000000e+00  2.128683e+12  1.804181e+12  1.673846e+12  1.612371e+12
2.804924e+00  2.278153e+12  0.000000e+00  0.000000e+00  2.046580e+12  0.000000e+00  0.000000e+00  2.142035e+12  1.815583e+12  1.683873e+12  1.621739e+12
2.818968e+00  2.281459e+12  0.000000e+00  0.000000e+00  2.049550e+12  0.000000e+00  0.000000e+00  2.157213e+12  1.829012e+12  1.697611e+12  1.636160e+12
2.833082e+00  2.284766e+12  0.000000e+00  0.000000e+00  2.052521e+12  0.000000e+00  0.000000e+00  2.177005e+12  1.844420e+12  1.709280e+12  1.645594e+12
2.847268e+00  2.288038e+12  0.000000e+00  0.000000e+00  2.055461e+12  0.000000e+00  0.000000e+00  2.209869e+12  1.871803e+12  1.733569e+12  1.668408e+12
2.861524e+00  2.291349e+12  0.000000e+00  0.000000e+00  2.058435e+12  0.000000e+00  0.000000e+00  4.332085e+12  3.312652e+12  2.959344e+12  2.803760e+12
2.875852e+00  2.294549e+12  0.000000e+00  0.000000e+00  2.061310e+12  0.000000e+00  0.000000e+00  2.237990e+12  1.895790e+12  1.754848e+12  1.688475e+12
2.890251e+00  2.297862e+12  0.000000e+00  0.000000e+00  2.064286e+12  0.000000e+00  0.000000e+00  2.232172e+12  1.891530e+12  1.751097e+12  1.685040e+12
2.904723e+00  2.301255e+12  0.000000e+00  0.000000e+00  2.067334e+12  0.000000e+00  0.000000e+00  2.239967e+12  1.898801e+12  1.757699e+12  1.691360e+12
2.919266e+00  2.304617e+12  0.000000e+00  0.000000e+00  2.070354e+12  0.000000e+00  0.000000e+00  2.253234e+12  1.910563e+12  1.768222e+12  1.701321e+12
2.933883e+00  2.307941e+12  0.000000e+00  0.000000e+00  2.073340e+12  0.000000e+00  0.000000e+00  2.271405e+12  1.926277e+12  1.782209e+12  1.714506e+12
2.948573e+00  2.311301e+12  0.000000e+00  0.000000e+00  2.076358e+12  0.000000e+00  0.000000e+00  2.660042e+12  2.258507e+12  2.075734e+12  1.988436e+12
2.963337e+00  2.314586e+12  0.000000e+00  0.000000e+00  2.079310e+12  0.000000e+00  0.000000e+00  2.300151e+12  1.950512e+12  1.803643e+12  1.734723e+12
2.978174e+00  2.317871e+12  0.000000e+00  0.000000e+00  2.082261e+12  0.000000e+00  0.000000e+00  2.313659e+12  1.960428e+12  1.812238e+12  1.742853e+12
2.993086e+00  2.321154e+12  0.000000e+00  0.000000e+00  2.085210e+12  0.000000e+00  0.000000e+00  2.332623e+12  1.976786e+12  1.827876e+12  1.758511e+12
3.008072e+00  2.324434e+12  0.000000e+00  0.000000e+00  2.088157e+12  0.000000e+00  0.000000e+00  2.375156e+12  2.011860e+12  1.857690e+12  1.785579e+12
3.023134e+00  2.327733e+12  0.000000e+00  0.000000e+00  2.091120e+12  0.000000e+00  0.000000e+00  4.985672e+12  3.666529e+12  3.173595e+12  2.963644e+12
3.038270e+00  2.331071e+12  0.000000e+00  0.000000e+00  2.094119e+12  0.000000e+00  0.000000e+00  2.408176e+12  2.039236e+12  1.881081e+12  1.807138e+12
3.053483e+00  2.334465e+12  0.000000e+00  0.000000e+00  2.097168e+12  0.000000e+00  0.000000e+00  2.391880e+12  2.025718e+12  1.869582e+12  1.796748e+12
3.068772e+00  2.337819e+12  0.000000e+00  0.000000e+00  2.100181e+12  0.000000e+00  0.000000e+00  2.403188e+12  2.036410e+12  1.879440e+12  1.806235e+12
3.084137e+00  2.341134e+12  0.000000e+00  0.000000e+00  2.103159e+12  0.000000e+00  0.000000e+00  2.678563e+12  2.283842e+12  2.106850e+12  2.023222e+12
3.099579e+00  2.344480e+12  0.000000e+00  0.000000e+00  2.106165e+12  0.000000e+00  0.000000e+00  2.458569e+12  2.080984e+12  1.918004e+12  1.842146e+12
3.115099e+00  2.347786e+12  0.000000e+00  0.000000e+00  2.109135e+12  0.000000e+00  0.000000e+00  4.419224e+12  3.406640e+12  2.986835e+12  2.803670e+12
3.130696e+00  2.351053e+12  0.000000e+00  0.000000e+00  2.112069e+12  0.000000e+00  0.000000e+00  2.703549e+12  2.301777e+12  2.120089e+12  2.034426e+12
3.146372e+00  2.354314e+12  0.000000e+00  0.000000e+00  2.114999e+12  0.000000e+00  0.000000e+00  2.491043e+12  2.107292e+12  1.941738e+12  1.864982e+12
3.162126e+00  2.357643e+12  0.000000e+00  0.000000e+00  2.117990e+12  0.000000e+00  0.000000e+00  2.681051e+12  2.283792e+12  2.104802e+12  2.020699e+12
3.177958e+00  2.360973e+12  0.000000e+00  0.000000e+00  2.120982e+12  0.000000e+00  0.000000e+00  2.535191e+12  2.145663e+12  1.975354e+12  1.896413e+12
3.193870e+00  2.364337e+12  0.000000e+00  0.000000e+00  2.124003e+12  0.000000e+00  0.000000e+00  4.338026e+12  3.506585e+12  3.124879e+12  2.951934e+12
3.209862e+00  2.367693e+12  0.000000e+00  0.000000e+00  2.127019e+12  0.000000e+00  0.000000e+00  2.725782e+12  2.319440e+12  2.135975e+12  2.050164e+12
3.225934e+00  2.371043e+12  0.000000e+00  0.000000e+00  2.130028e+12  0.000000e+00  0.000000e+00  3.955667e+12  3.321982e+12  3.002759e+12  2.853387e+12
3.242086e+00  2.374386e+12  0.000000e+00  0.000000e+00  2.133031e+12  0.000000e+00  0.000000e+00  2.614230e+12  2.215538e+12  2.041284e+12  1.960949e+12
3.258319e+00  2.377686e+12  0.000000e+00  0.000000e+00  2.135996e+12  0.000000e+00  0.000000e+00  3.788681e+12  3.255351e+12  2.975976e+12  2.842301e+12
3.274634e+00  2.380979e+12  0.000000e+00  0.000000e+00  2.138954e+12  0.000000e+00  0.000000e+00  2.706035e+12  2.299751e+12  2.117548e+12  2.033112e+12
3.291030e+00  2.384231e+12  0.000000e+00  0.000000e+00  2.141875e+12  0.000000e+00  0.000000e+00  3.001576e+12  2.488604e+12  2.261227e+12  2.157919e+12
3.307508e+00  2.387528e+12  0.000000e+00  0.000000e+00  2.144837e+12  0.000000e+00  0.000000e+00  2.951853e+12  2.461566e+12  2.241718e+12  2.141470e+12
3.324069e+00  2.390858e+12  0.000000e+00  0.000000e+00  2.147828e+12  0.000000e+00  0.000000e+00  3.138802e+12  2.619956e+12  2.380627e+12  2.270867e+12
3.340712e+00  2.394266e+12  0.000000e+00  0.000000e+00  2.150890e+12  0.000000e+00  0.000000e+00  3.025461e+12  2.551822e+12  2.332121e+12  2.230598e+12
3.357439e+00  2.397598e+12  0.000000e+00  0.000000e+00  2.153884e+12  0.000000e+00  0.000000e+00  3.148811e+12  2.674690e+12  2.447829e+12  2.341734e+12
3.374250e+00  2.400921e+12  0.000000e+00  0.000000e+00  2.156868e+12  0.000000e+00  0.000000e+00  2.779854e+12  2.355207e+12  2.163364e+12  2.075191e+12
3.391145e+00  2.404299e+12  0.000000e+00  0.000000e+00  2.159903e+12  0.000000e+00  0.000000e+00  2.708721e+12  2.289049e+12  2.102216e+12  2.016979e+12
3.408111e+00  2.407554e+12  0.000000e+00  0.000000e+00  2.162827e+12  0.000000e+00  0.000000e+00  2.942759e+12  2.544131e+12  2.359158e+12  2.270099e+12
3.425148e+00  2.410877e+12  0.000000e+00  0.000000e+00  2.165813e+12  0.000000e+00  0.000000e+00  2.977097e+12  2.574528e+12  2.386584e+12  2.296094e+12
3.442271e+00  2.414125e+12  0.000000e+00  0.000000e+00  2.168731e+12  0.000000e+00  0.000000e+00  2.996936e+12  2.590681e+12  2.400285e+12  2.308633e+12
3.459480e+00  2.417397e+12  0.000000e+00  0.000000e+00  2.171670e+12  0.000000e+00  0.000000e+00  3.015652e+12  2.606475e+12  2.414683e+12  2.322528e+12
3.476774e+00  2.420698e+12  0.000000e+00  0.000000e+00  2.174636e+12  0.000000e+00  0.000000e+00  3.033944e+12  2.621236e+12  2.426982e+12  2.333663e+12
3.494155e+00  2.424090e+12  0.000000e+00  0.000000e+00  2.177683e+12  0.000000e+00  0.000000e+00  3.052369e+12  2.636735e+12  2.441028e+12  2.347178e+12
3.511623e+00  2.427405e+12  0.000000e+00  0.000000e+00  2.180661e+12  0.000000e+00  0.000000e+00  3.070978e+12  2.651983e+12  2.454247e+12  2.359517e+12
3.529178e+00  2.430772e+12  0.000000e+00  0.000000e+00  2.183685e+12  0.000000e+00  0.000000e+00  3.090297e+12  2.667769e+12  2.467923e+12  2.372280e+12
3.546821e+00  2.434094e+12  0.000000e+00  0.000000e+00  2.186670e+12  0.000000e+00  0.000000e+00  3.137495e+12  2.695579e+12  2.490294e+12  2.392644e+12
3.564552e+00  2.437371e+12  0.000000e+00  0.000000e+00  2.189613e+12  0.000000e+00  0.000000e+00  3.281060e+12  2.845865e+12  2.619298e+12  2.510365e+12
3.582372e+00  2.440667e+12  0.000000e+00  0.000000e+00  2.192574e+12  0.000000e+00  0.000000e+00  3.148473e+12  2.715598e+12  2.509746e+12  2.411593e+12
3.600280e+00  2.443917e+12  0.000000e+00  0.000000e+00  2.195494e+12  0.000000e+00  0.000000e+00  3.187273e+12  2.737522e+12  2.527449e+12  2.427848e+12
3.618279e+00  2.447186e+12  0.000000e+00  0.000000e+00  2.198431e+12  0.000000e+00  0.000000e+00  3.208201e+12  2.752227e+12  2.538380e+12  2.436835e+12
3.636367e+00  2.450497e+12  0.000000e+00  0.000000e+00  2.201405e+12  0.000000e+00  0.000000e+00  3.200843e+12  2.757989e+12  2.545884e+12  2.444941e+12
3.654546e+00  2.453801e+12  0.000000e+00  0.000000e+00  2.204374e+12  0.000000e+00  0.000000e+00  3.219413e+12  2.773157e+12  2.559088e+12  2.457331e+12
3.672815e+00  2.457167e+12  0.000000e+00  0.000000e+00  2.207397e+12  0.000000e+00  0.000000e+00  3.238178e+12  2.788421e+12  2.572361e+12  2.469783e+12
3.691176e+00  2.460517e+12  0.000000e+00  0.000000e+00  2.210406e+12  0.000000e+00  0.000000e+00  3.257094e+12  2.803879e+12  2.586015e+12  2.482743e+12
3.709629e+00  2.463789e+12  0.000000e+00  0.000000e+00  2.213346e+12  0.000000e+00  0.000000e+00  3.276474e+12  2.819244e+12  2.599095e+12  2.494843e+12
3.728174e+00  2.467108e+12  0.000000e+00  0.000000e+00  2.216328e+12  0.000000e+00  0.000000e+00  3.295564e+12  2.834676e+12  2.612481e+12  2.507393e+12
3.746812e+00  2.470380e+12  0.000000e+00  0.000000e+00  2.219267e+12  0.000000e+00  0.000000e+00  3.382452e+12  2.875156e+12  2.642591e+12  2.533881e+12
3.765543e+00  2.473635e+12  0.000000e+00  0.000000e+00  2.222192e+12  0.000000e+00  0.000000e+00  3.334985e+12  2.866133e+12  2.639867e+12  2.533170e+12
3.784367e+00  2.476875e+12  0.000000e+00  0.000000e+00  2.225102e+12  0.000000e+00  0.000000e+00  3.359699e+12  2.884599e+12  2.655421e+12  2.547513e+12
3.803286e+00  2.480136e+12  0.000000e+00  0.000000e+00  2.228032e+12  0.000000e+00  0.000000e+00  3.407381e+12  2.919446e+12  2.684819e+12  2.574606e+12
3.822299e+00  2.483478e+12  0.000000e+00  0.000000e+00  2.231034e+12  0.000000e+00  0.000000e+00  3.536175e+12  3.024106e+12  2.775022e+12  2.657761e+12
3.841407e+00  2.486801e+12  0.000000e+00  0.000000e+00  2.234019e+12  0.000000e+00  0.000000e+00  3.901647e+12  3.355343e+12  3.071103e+12  2.934500e+12
3.860611e+00  2.490106e+12  0.000000e+00  0.000000e+00  2.236988e+12  0.000000e+00  0.000000e+00  2.283370e+13  2.232286e+13  2.061648e+13  1.954322e+13
3.879911e+00  2.493393e+12  0.000000e+00  0.000000e+00  2.239941e+12  0.000000e+00  0.000000e+00  3.957535e+12  3.399893e+12  3.110080e+12  2.971210e+12
3.899307e+00  2.496691e+12  0.000000e+00  0.000000e+00  2.242904e+12  0.000000e+00  0.000000e+00  3.621899e+12  3.092147e+12  2.833943e+12  2.713067e+12
3.918800e+00  2.499971e+12  0.000000e+00  0.000000e+00  2.245850e+12  0.000000e+00  0.000000e+00  3.537906e+12  3.025805e+12  2.777310e+12  2.661370e+12
3.938391e+00  2.503172e+12  0.000000e+00  0.000000e+00  2.248726e+12  0.000000e+00  0.000000e+00  3.522359e+12  3.015756e+12  2.769296e+12  2.654415e+12
3.958079e+00  2.506473e+12  0.000000e+00  0.000000e+00  2.251691e+12  0.000000e+00  0.000000e+00  3.551608e+12  3.028546e+12  2.778605e+12  2.662683e+12
3.977866e+00  2.509658e+12  0.000000e+00  0.000000e+00  2.254553e+12  0.000000e+00  0.000000e+00  3.545758e+12  3.034125e+12  2.785264e+12  2.669617e+12
3.997752e+00  2.512946e+12  0.000000e+00  0.000000e+00  2.257507e+12  0.000000e+00  0.000000e+00  3.564783e+12  3.049208e+12  2.798354e+12  2.681944e+12
4.017738e+00  2.516258e+12  0.000000e+00  0.000000e+00  2.260482e+12  0.000000e+00  0.000000e+00  3.584186e+12  3.064462e+12  2.811551e+12  2.694353e+12
4.037823e+00  2.519606e+12  0.000000e+00  0.000000e+00  2.263490e+12  0.000000e+00  0.000000e+00  3.603731e+12  3.079777e+12  2.824796e+12  2.706807e+12
4.058009e+00  2.522818e+12  0.000000e+00  0.000000e+00  2.266375e+12  0.000000e+00  0.000000e+00  3.623721e+12  3.095286e+12  2.838189e+12  2.719394e+12
4.078295e+00  2.526125e+12  0.000000e+00  0.000000e+00  2.269346e+12  0.000000e+00  0.000000e+00  3.644608e+12  3.113886e+12  2.855140e+12  2.735593e+12
4.098683e+00  2.529352e+12  0.000000e+00  0.000000e+00  2.272245e+12  0.000000e+00  0.000000e+00  3.665046e+12  3.130810e+12  2.870155e+12  2.749828e+12
4.119173e+00  2.532559e+12  0.000000e+00  0.000000e+00  2.275126e+12  0.000000e+00  0.000000e+00  3.683952e+12  3.141728e+12  2.878239e+12  2.757038e+12
4.139765e+00  2.535801e+12  0.000000e+00  0.000000e+00  2.278038e+12  0.000000e+00  0.000000e+00  3.741547e+12  3.171789e+12  2.901406e+12  2.777789e+12
4.160461e+00  2.539027e+12  0.000000e+00  0.000000e+00  2.280936e+12  0.000000e+00  0.000000e+00  3.782028e+12  3.194979e+12  2.919926e+12  2.794658e+12
4.181259e+00  2.542235e+12  0.000000e+00  0.000000e+00  2.283819e+12  0.000000e+00  0.000000e+00  3.742107e+12  3.187090e+12  2.917524e+12  2.794058e+12
4.202162e+00  2.545589e+12  0.000000e+00  0.000000e+00  2.286831e+12  0.000000e+00  0.000000e+00  3.762389e+12  3.204262e+12  2.933927e+12  2.810302e+12
4.223169e+00  2.548805e+12  0.000000e+00  0.000000e+00  2.289721e+12  0.000000e+00  0.000000e+00  3.819990e+12  3.253511e+12  2.974503e+12  2.846896e+12
4.244282e+00  2.552056e+12  0.000000e+00  0.000000e+00  2.292641e+12  0.000000e+00  0.000000e+00  3.807502e+12  3.235040e+12  2.958538e+12  2.832538e+12
4.265499e+00  2.555282e+12  0.000000e+00  0.000000e+00  2.295539e+12  0.000000e+00  0.000000e+00  3.821385e+12  3.247596e+12  2.969763e+12  2.843269e+12
4.286823e+00  2.558542e+12  0.000000e+00  0.000000e+00  2.298467e+12  0.000000e+00  0.000000e+00  3.840266e+12  3.262251e+12  2.982485e+12  2.855291e+12
4.308254e+00  2.561721e+12  0.000000e+00  0.000000e+00  2.301323e+12  0.000000e+00  0.000000e+00  3.859356e+12  3.277059e+12  2.995343e+12  2.867442e+12
4.329791e+00  2.564931e+12  0.000000e+00  0.000000e+00  2.304208e+12  0.000000e+00  0.000000e+00  3.882653e+12  3.293582e+12  3.009413e+12  2.880636e+12
4.351437e+00  2.568117e+12  0.000000e+00  0.000000e+00  2.307070e+12  0.000000e+00  0.000000e+00  3.899638e+12  3.308322e+12  3.022778e+12  2.893503e+12
4.373190e+00  2.571328e+12  0.000000e+00  0.000000e+00  2.309954e+12  0.000000e+00  0.000000e+00  3.922512e+12  3.348471e+12  3.074700e+12  2.949734e+12
4.395052e+00  2.574572e+12  0.000000e+00  0.000000e+00  2.312868e+12  0.000000e+00  0.000000e+00  3.941523e+12  3.339567e+12  3.049522e+12  2.918607e+12
4.417024e+00  2.577797e+12  0.000000e+00  0.000000e+00  2.315765e+12  0.000000e+00  0.000000e+00  4.009944e+12  3.388449e+12  3.088881e+12  2.954128e+12
4.439105e+00  2.580996e+12  0.000000e+00  0.000000e+00  2.318639e+12  0.000000e+00  0.000000e+00  4.253597e+12  3.534038e+12  3.200884e+12  3.053092e+12
4.461297e+00  2.584278e+12  0.000000e+00  0.000000e+00  2.321588e+12  0.000000e+00  0.000000e+00  4.030884e+12  3.403699e+12  3.103738e+12  2.969068e+12
4.483599e+00  2.587426e+12  0.000000e+00  0.000000e+00  2.324415e+12  0.000000e+00  0.000000e+00  4.137718e+12  3.488516e+12  3.176765e+12  3.036730e+12
4.506014e+00  2.590601e+12  0.000000e+00  0.000000e+00  2.327268e+12  0.000000e+00  0.000000e+00  4.446312e+12  3.760968e+12  3.418321e+12  3.262497e+12
4.528540e+00  2.593750e+12  0.000000e+00  0.000000e+00  2.330097e+12  0.000000e+00  0.000000e+00  1.706497e+13  1.611898e+13  1.480887e+13  1.407294e+13
4.551179e+00  2.596926e+12  0.000000e+00  0.000000e+00  2.332950e+12  0.000000e+00  0.000000e+00  4.496667e+12  3.799226e+12  3.451409e+12  3.293691e+12
4.573931e+00  2.600054e+12  0.000000e+00  0.000000e+00  2.335760e+12  0.000000e+00  0.000000e+00  4.220521e+12  3.549462e+12  3.228616e+12  3.085316e+12
4.596796e+00  2.603261e+12  0.000000e+00  0.000000e+00  2.338641e+12  0.000000e+00  0.000000e+00  4.144724e+12  3.489227e+12  3.178358e+12  3.040007e+12
4.619777e+00  2.606513e+12  0.000000e+00  0.000000e+00  2.341562e+12  0.000000e+00  0.000000e+00  4.140792e+12  3.487176e+12  3.177041e+12  3.039161e+12
4.642871e+00  2.609631e+12  0.000000e+00  0.000000e+00  2.344363e+12  0.000000e+00  0.000000e+00  4.154400e+12  3.498804e+12  3.187939e+12  3.049914e+12
4.666082e+00  2.612878e+12  0.000000e+00  0.000000e+00  2.347281e+12  0.000000e+00  0.000000e+00  4.172814e+12  3.512856e+12  3.200451e+12  3.061951e+12
4.689408e+00  2.615992e+12  0.000000e+00  0.000000e+00  2.350078e+12  0.000000e+00  0.000000e+00  4.192175e+12  3.526966e+12  3.212552e+12  3.073356e+12
4.712851e+00  2.619130e+12  0.000000e+00  0.000000e+00  2.352897e+12  0.000000e+00  0.000000e+00  4.213144e+12  3.542905e+12  3.227368e+12  3.087904e+12
4.736412e+00  2.622239e+12  0.000000e+00  0.000000e+00  2.355690e+12  0.000000e+00  0.000000e+00  4.232266e+12  3.557378e+12  3.240094e+12  3.100071e+12
4.760090e+00  2.625370e+12  0.000000e+00  0.000000e+00  2.358503e+12  0.000000e+00  0.000000e+00  4.256661e+12  3.572659e+12  3.251500e+12  3.109847e+12
4.783886e+00  2.628492e+12  0.000000e+00  0.000000e+00  2.361307e+12  0.000000e+00  0.000000e+00  4.344683e+12  3.649679e+12  3.316010e+12  3.168748e+12
4.807801e+00  2.631631e+12  0.000000e+00  0.000000e+00  2.364127e+12  0.000000e+00  0.000000e+00  4.292288e+12  3.599646e+12  3.274838e+12  3.131984e+12
4.831836e+00  2.634770e+12  0.000000e+00  0.000000e+00  2.366947e+12  0.000000e+00  0.000000e+00  4.318326e+12  3.618596e+12  3.291277e+12  3.147491e+12
4.855991e+00  2.637930e+12  0.000000e+00  0.000000e+00  2.369786e+12  0.000000e+00  0.000000e+00  4.364894e+12  3.658066e+12  3.326440e+12  3.180593e+12
4.880267e+00  2.641059e+12  0.000000e+00  0.000000e+00  2.372597e+12  0.000000e+00  0.000000e+00  4.574145e+12  4.236250e+12  3.969897e+12  3.821785e+12
4.904664e+00  2.644158e+12  0.000000e+00  0.000000e+00  2.375380e+12  0.000000e+00  0.000000e+00  4.751218e+12  3.958497e+12  3.588131e+12  3.424926e+12
4.929183e+00  2.647226e+12  0.000000e+00  0.000000e+00  2.378137e+12  0.000000e+00  0.000000e+00  1.300994e+13  1.212070e+13  1.124770e+13  1.078577e+13
4.953825e+00  2.650362e+12  0.000000e+00  0.000000e+00  2.380954e+12  0.000000e+00  0.000000e+00  4.721265e+12  3.950699e+12  3.584145e+12  3.422757e+12
4.978590e+00  2.653418e+12  0.000000e+00  0.000000e+00  2.383699e+12  0.000000e+00  0.000000e+00  4.515008e+12  3.763622e+12  3.415951e+12  3.264409e+12
5.003479e+00  2.656449e+12  0.000000e+00  0.000000e+00  2.386422e+12  0.000000e+00  0.000000e+00  4.461690e+12  3.720632e+12  3.379681e+12  3.231450e+12
5.028492e+00  2.659541e+12  0.000000e+00  0.000000e+00  2.389200e+12  0.000000e+00  0.000000e+00  4.464790e+12  3.723854e+12  3.383205e+12  3.235278e+12
5.053630e+00  2.662687e+12  0.000000e+00  0.000000e+00  2.392026e+12  0.000000e+00  0.000000e+00  4.477056e+12  3.733078e+12  3.391730e+12  3.243679e+12
5.078894e+00  2.665751e+12  0.000000e+00  0.000000e+00  2.394779e+12  0.000000e+00  0.000000e+00  4.495346e+12  3.746508e+12  3.403759e+12  3.255288e+12
5.104284e+00  2.668832e+12  0.000000e+00  0.000000e+00  2.397546e+12  0.000000e+00  0.000000e+00  4.537361e+12  3.768718e+12  3.421305e+12  3.271289e+12
5.129801e+00  2.671879e+12  0.000000e+00  0.000000e+00  2.400284e+12  0.000000e+00  0.000000e+00  4.547171e+12  3.784167e+12  3.437302e+12  3.287461e+12
5.155446e+00  2.674894e+12  0.000000e+00  0.000000e+00  2.402993e+12  0.000000e+00  0.000000e+00  4.620180e+12  3.839027e+12  3.484616e+12  3.331651e+12
5.181218e+00  2.677973e+12  0.000000e+00  0.000000e+00  2.405758e+12  0.000000e+00  0.000000e+00  4.806148e+12  4.003252e+12  3.633131e+12  3.472724e+12
5.207120e+00  2.680969e+12  0.000000e+00  0.000000e+00  2.408450e+12  0.000000e+00  0.000000e+00  1.050603e+13  9.666228e+12  9.031032e+12  8.713807e+12
5.233151e+00  2.683981e+12  0.000000e+00  0.000000e+00  2.411156e+12  0.000000e+00  0.000000e+00  4.842703e+12  4.028662e+12  3.655371e+12  3.494021e+12
5.259313e+00  2.686993e+12  0.000000e+00  0.000000e+00  2.413862e+12  0.000000e+00  0.000000e+00  4.725021e+12  3.903997e+12  3.539342e+12  3.383103e+12
5.285605e+00  2.690057e+12  0.000000e+00  0.000000e+00  2.416614e+12  0.000000e+00  0.000000e+00  4.667665e+12  3.869929e+12  3.513035e+12  3.360066e+12
5.312028e+00  2.693041e+12  0.000000e+00  0.000000e+00  2.419295e+12  0.000000e+00  0.000000e+00  4.711125e+12  3.902703e+12  3.541162e+12  3.386369e+12
5.338584e+00  2.696085e+12  0.000000e+00  0.000000e+00  2.422029e+12  0.000000e+00  0.000000e+00  4.851486e+12  4.025776e+12  3.653281e+12  3.493474e+12
5.365272e+00  2.699095e+12  0.000000e+00  0.000000e+00  2.424733e+12  0.000000e+00  0.000000e+00  8.931168e+12  8.077851e+12  7.551160e+12  7.301515e+12
5.392094e+00  2.702069e+12  0.000000e+00  0.000000e+00  2.427405e+12  0.000000e+00  0.000000e+00  5.218599e+12  4.331119e+12  3.904015e+12  3.719707e+12
5.419050e+00  2.705007e+12  0.000000e+00  0.000000e+00  2.430045e+12  0.000000e+00  0.000000e+00  4.811786e+12  3.971169e+12  3.599024e+12  3.440511e+12
5.446140e+00  2.708005e+12  0.000000e+00  0.000000e+00  2.432737e+12  0.000000e+00  0.000000e+00  5.782379e+12  4.341497e+12  3.849059e+12  3.650070e+12
5.473366e+00  2.710919e+12  0.000000e+00  0.000000e+00  2.435356e+12  0.000000e+00  0.000000e+00  4.911315e+12  4.057997e+12  3.680400e+12  3.519687e+12
5.500729e+00  2.713913e+12  0.000000e+00  0.000000e+00  2.438045e+12  0.000000e+00  0.000000e+00  7.858718e+12  7.020126e+12  6.552584e+12  6.338565e+12
5.528227e+00  2.716856e+12  0.000000e+00  0.000000e+00  2.440689e+12  0.000000e+00  0.000000e+00  4.950670e+12  4.089614e+12  3.709151e+12  3.547453e+12
5.555864e+00  2.719773e+12  0.000000e+00  0.000000e+00  2.443310e+12  0.000000e+00  0.000000e+00  4.926536e+12  4.061683e+12  3.681087e+12  3.519542e+12
5.583638e+00  2.722745e+12  0.000000e+00  0.000000e+00  2.445979e+12  0.000000e+00  0.000000e+00  6.792712e+12  5.761533e+12  5.213782e+12  4.966053e+12
5.611552e+00  2.725725e+12  0.000000e+00  0.000000e+00  2.448657e+12  0.000000e+00  0.000000e+00  4.941654e+12  4.070255e+12  3.689107e+12  3.527715e+12
5.639605e+00  2.728577e+12  0.000000e+00  0.000000e+00  2.451219e+12  0.000000e+00  0.000000e+00  4.946445e+12  4.072512e+12  3.691621e+12  3.530587e+12
5.667798e+00  2.731483e+12  0.000000e+00  0.000000e+00  2.453829e+12  0.000000e+00  0.000000e+00  6.423811e+12  5.433248e+12  4.932812e+12  4.709696e+12
5.696132e+00  2.734397e+12  0.000000e+00  0.000000e+00  2.456447e+12  0.000000e+00  0.000000e+00  5.012790e+12  4.124860e+12  3.738589e+12  3.575466e+12
5.724608e+00  2.737273e+12  0.000000e+00  0.000000e+00  2.459030e+12  0.000000e+00  0.000000e+00  6.160836e+12  5.194518e+12  4.724999e+12  4.518267e+12
5.753226e+00  2.740123e+12  0.000000e+00  0.000000e+00  2.461591e+12  0.000000e+00  0.000000e+00  5.033957e+12  4.137104e+12  3.750251e+12  3.587362e+12
5.781987e+00  2.743049e+12  0.000000e+00  0.000000e+00  2.464219e+12  0.000000e+00  0.000000e+00  5.994946e+12  5.038873e+12  4.588299e+12  4.392027e+12
5.810892e+00  2.745863e+12  0.000000e+00  0.000000e+00  2.466747e+12  0.000000e+00  0.000000e+00  5.867593e+12  4.919342e+12  4.481472e+12  4.292221e+12
5.839942e+00  2.748770e+12  0.000000e+00  0.000000e+00  2.469359e+12  0.000000e+00  0.000000e+00  5.785437e+12  4.847280e+12  4.416244e+12  4.230685e+12
5.869137e+00  2.751639e+12  0.000000e+00  0.000000e+00  2.471936e+12  0.000000e+00  0.000000e+00  6.133808e+12  5.179454e+12  4.737223e+12  4.546105e+12
5.898477e+00  2.754425e+12  0.000000e+00  0.000000e+00  2.474439e+12  0.000000e+00  0.000000e+00  5.854522e+12  4.915975e+12  4.493278e+12  4.312630e+12
5.927965e+00  2.757303e+12  0.000000e+00  0.000000e+00  2.477025e+12  0.000000e+00  0.000000e+00  5.388638e+12  4.463472e+12  4.062762e+12  3.893985e+12
5.957599e+00  2.760098e+12  0.000000e+00  0.000000e+00  2.479536e+12  0.000000e+00  0.000000e+00  5.087715e+12  4.153393e+12  3.764791e+12  3.603053e+12
5.987382e+00  2.762898e+12  0.000000e+00  0.000000e+00  2.482051e+12  0.000000e+00  0.000000e+00  5.098016e+12  4.153934e+12  3.764322e+12  3.602489e+12
6.017314e+00  2.765662e+12  0.000000e+00  0.000000e+00  2.484534e+12  0.000000e+00  0.000000e+00  5.111394e+12  4.178031e+12  3.786900e+12  3.624188e+12
6.047396e+00  2.768448e+12  0.000000e+00  0.000000e+00  2.487037e+12  0.000000e+00  0.000000e+00  5.525490e+12  4.521253e+12  4.092865e+12  3.913738e+12
6.077627e+00  2.771294e+12  0.000000e+00  0.000000e+00  2.489594e+12  0.000000e+00  0.000000e+00  5.928417e+12  4.920833e+12  4.478744e+12  4.292576e+12
6.108010e+00  2.774015e+12  0.000000e+00  0.000000e+00  2.492038e+12  0.000000e+00  0.000000e+00  5.961445e+12  4.946486e+12  4.502355e+12  4.315480e+12
6.138545e+00  2.776823e+12  0.000000e+00  0.000000e+00  2.494561e+12  0.000000e+00  0.000000e+00  5.982752e+12  4.961007e+12  4.515323e+12  4.327991e+12
6.169233e+00  2.779548e+12  0.000000e+00  0.000000e+00  2.497009e+12  0.000000e+00  0.000000e+00  5.999650e+12  4.972174e+12  4.525396e+12  4.337800e+12
6.200074e+00  2.782275e+12  0.000000e+00  0.000000e+00  2.499458e+12  0.000000e+00  0.000000e+00  6.018605e+12  4.983348e+12  4.535289e+12  4.347390e+12
6.231069e+00  2.785044e+12  0.000000e+00  0.000000e+00  2.501946e+12  0.000000e+00  0.000000e+00  6.031906e+12  4.993014e+12  4.544308e+12  4.356295e+12
6.262219e+00  2.787731e+12  0.000000e+00  0.000000e+00  2.504359e+12  0.000000e+00  0.000000e+00  6.052290e+12  5.007560e+12  4.557256e+12  4.368722e+12
6.293524e+00  2.790417e+12  0.000000e+00  0.000000e+00  2.506773e+12  0.000000e+00  0.000000e+00  6.096854e+12  5.056066e+12  4.601720e+12  4.410840e+12
6.324987e+00  2.793116e+12  0.000000e+00  0.000000e+00  2.509197e+12  0.000000e+00  0.000000e+00  6.318121e+12  5.344271e+12  4.865528e+12  4.658426e+12
6.356606e+00  2.795825e+12  0.000000e+00  0.000000e+00  2.511631e+12  0.000000e+00  0.000000e+00  6.109935e+12  5.050369e+12  4.596263e+12  4.406473e+12
6.388384e+00  2.798493e+12  0.000000e+00  0.000000e+00  2.514028e+12  0.000000e+00  0.000000e+00  6.251333e+12  5.234881e+12  4.765222e+12  4.565165e+12
6.420320e+00  2.801160e+12  0.000000e+00  0.000000e+00  2.516424e+12  0.000000e+00  0.000000e+00  6.131735e+12  5.059595e+12  4.604814e+12  4.415296e+12
6.452416e+00  2.803825e+12  0.000000e+00  0.000000e+00  2.518818e+12  0.000000e+00  0.000000e+00  6.134760e+12  5.067333e+12  4.614275e+12  4.425381e+12
6.484673e+00  2.806448e+12  0.000000e+00  0.000000e+00  2.521174e+12  0.000000e+00  0.000000e+00  6.366948e+12  5.161194e+12  4.681880e+12  4.484212e+12
6.517091e+00  2.809069e+12  0.000000e+00  0.000000e+00  2.523529e+12  0.000000e+00  0.000000e+00  6.156461e+12  5.075302e+12  4.620670e+12  4.431731e+12
6.549671e+00  2.811688e+12  0.000000e+00  0.000000e+00  2.525881e+12  0.000000e+00  0.000000e+00  6.522603e+12  5.228049e+12  4.731548e+12  4.528194e+12
6.582413e+00  2.814304e+12  0.000000e+00  0.000000e+00  2.528231e+12  0.000000e+00  0.000000e+00  6.184693e+12  5.091984e+12  4.635908e+12  4.446754e+12
6.615320e+00  2.816879e+12  0.000000e+00  0.000000e+00  2.530545e+12  0.000000e+00  0.000000e+00  6.182386e+12  5.091971e+12  4.637399e+12  4.448962e+12
6.648391e+00  2.819496e+12  0.000000e+00  0.000000e+00  2.532895e+12  0.000000e+00  0.000000e+00  6.197659e+12  5.100368e+12  4.645005e+12  4.456445e+12
6.681627e+00  2.822029e+12  0.000000e+00  0.000000e+00  2.535172e+12  0.000000e+00  0.000000e+00  6.235458e+12  5.118034e+12  4.659014e+12  4.469334e+12
6.715030e+00  2.824599e+12  0.000000e+00  0.000000e+00  2.537480e+12  0.000000e+00  0.000000e+00  6.212987e+12  5.112074e+12  4.657061e+12  4.468886e+12
6.748599e+00  2.827164e+12  0.000000e+00  0.000000e+00  2.539785e+12  0.000000e+00  0.000000e+00  6.224490e+12  5.125826e+12  4.673247e+12  4.486166e+12
6.782336e+00  2.829646e+12  0.000000e+00  0.000000e+00  2.542014e+12  0.000000e+00  0.000000e+00  6.233134e+12  5.125184e+12  4.669911e+12  4.481919e+12
6.816242e+00  2.832202e+12  0.000000e+00  0.000000e+00  2.544310e+12  0.000000e+00  0.000000e+00  6.252540e+12  5.138316e+12  4.682546e+12  4.494471e+12
6.850317e+00  2.834712e+12  0.000000e+00  0.000000e+00  2.546565e+12  0.000000e+00  0.000000e+00  6.251529e+12  5.138187e+12  4.683183e+12  4.495541e+12
6.884563e+00  2.837218e+12  0.000000e+00  0.000000e+00  2.548816e+12  0.000000e+00  0.000000e+00  6.260418e+12  5.142312e+12  4.686779e+12  4.499092e+12
6.918980e+00  2.839676e+12  0.000000e+00  0.000000e+00  2.551024e+12  0.000000e+00  0.000000e+00  6.268720e+12  5.147702e+12  4.692145e+12  4.504571e+12
6.953569e+00  2.842124e+12  0.000000e+00  0.000000e+00  2.553224e+12  0.000000e+00  0.000000e+00  6.337625e+12  5.175302e+12  4.712417e+12  4.522515e+12
6.988331e+00  2.844602e+12  0.000000e+00  0.000000e+00  2.555450e+12  0.000000e+00  0.000000e+00  6.288101e+12  5.160250e+12  4.704445e+12  4.517016e+12
7.023267e+00  2.847035e+12  0.000000e+00  0.000000e+00  2.557635e+12  0.000000e+00  0.000000e+00  6.305605e+12  5.172805e+12  4.716186e+12  4.528497e+12
7.058377e+00  2.849460e+12  0.000000e+00  0.000000e+00  2.559814e+12  0.000000e+00  0.000000e+00  6.388070e+12  5.301448e+12  4.845289e+12  4.654657e+12
7.093663e+00  2.851840e+12  0.000000e+00  0.000000e+00  2.561952e+12  0.000000e+00  0.000000e+00  6.464479e+12  5.366725e+12  4.901082e+12  4.706538e+12
7.129125e+00  2.854288e+12  0.000000e+00  0.000000e+00  2.564151e+12  0.000000e+00  0.000000e+00  6.435818e+12  5.277049e+12  4.807404e+12  4.614139e+12
7.164765e+00  2.856652e+12  0.000000e+00  0.000000e+00  2.566275e+12  0.000000e+00  0.000000e+00  6.507357e+12  5.331945e+12  4.852089e+12  4.654454e+12
7.200582e+00  2.859045e+12  0.000000e+00  0.000000e+00  2.568425e+12  0.000000e+00  0.000000e+00  8.176319e+12  6.114426e+12  5.409184e+12  5.130882e+12
7.236579e+00  2.861389e+12  0.000000e+00  0.000000e+00  2.570531e+12  0.000000e+00  0.000000e+00  6.388452e+12  5.225906e+12  4.765156e+12  4.576460e+12
7.272756e+00  2.863748e+12  0.000000e+00  0.000000e+00  2.572650e+12  0.000000e+00  0.000000e+00  6.353503e+12  5.200260e+12  4.744482e+12  4.558005e+12
7.309113e+00  2.866052e+12  0.000000e+00  0.000000e+00  2.574719e+12  0.000000e+00  0.000000e+00  6.348515e+12  5.196973e+12  4.742968e+12  4.557309e+12
7.345653e+00  2.868346e+12  0.000000e+00  0.000000e+00  2.576780e+12  0.000000e+00  0.000000e+00  6.356415e+12  5.202064e+12  4.748365e+12  4.562931e+12
7.382375e+00  2.870631e+12  0.000000e+00  0.000000e+00  2.578833e+12  0.000000e+00  0.000000e+00  6.393123e+12  5.221080e+12  4.763264e+12  4.576383e+12
7.419280e+00  2.872941e+12  0.000000e+00  0.000000e+00  2.580908e+12  0.000000e+00  0.000000e+00  6.548138e+12  5.308537e+12  4.831060e+12  4.636686e+12
7.456370e+00  2.875204e+12  0.000000e+00  0.000000e+00  2.582942e+12  0.000000e+00  0.000000e+00  7.291812e+12  5.773962e+12  5.200278e+12  4.967490e+12
7.493646e+00  2.877457e+12  0.000000e+00  0.000000e+00  2.584966e+12  0.000000e+00  0.000000e+00  1.032280e+13  7.806550e+12  6.837303e+12  6.442521e+12
7.531108e+00  2.879699e+12  0.000000e+00  0.000000e+00  2.586979e+12  0.000000e+00  0.000000e+00  2.016467e+13  1.514461e+13  1.299256e+13  1.209006e+13
7.568757e+00  2.881964e+12  0.000000e+00  0.000000e+00  2.589014e+12  0.000000e+00  0.000000e+00  3.154290e+14  2.208105e+14  1.792831e+14  1.623048e+14
7.606594e+00  2.884125e+12  0.000000e+00  0.000000e+00  2.590955e+12  0.000000e+00  0.000000e+00  2.044806e+13  1.532655e+13  1.314151e+13  1.222622e+13
7.644621e+00  2.886323e+12  0.000000e+00  0.000000e+00  2.592930e+12  0.000000e+00  0.000000e+00  1.126016e+13  8.189231e+12  7.108696e+12  6.676067e+12
7.682837e+00  2.888474e+12  0.000000e+00  0.000000e+00  2.594862e+12  0.000000e+00  0.000000e+00  7.388723e+12  5.808755e+12  5.225425e+12  4.990092e+12
7.721245e+00  2.890647e+12  0.000000e+00  0.000000e+00  2.596815e+12  0.000000e+00  0.000000e+00  6.587871e+12  5.329105e+12  4.854064e+12  4.661382e+12
7.759844e+00  2.892773e+12  0.000000e+00  0.000000e+00  2.598725e+12  0.000000e+00  0.000000e+00  6.422065e+12  5.236287e+12  4.784368e+12  4.600661e+12
7.798637e+00  2.894852e+12  0.000000e+00  0.000000e+00  2.600592e+12  0.000000e+00  0.000000e+00  6.388476e+12  5.218130e+12  4.771603e+12  4.590024e+12
7.837624e+00  2.897021e+12  0.000000e+00  0.000000e+00  2.602541e+12  0.000000e+00  0.000000e+00  6.385376e+12  5.215714e+12  4.770472e+12  4.589468e+12
7.876805e+00  2.899142e+12  0.000000e+00  0.000000e+00  2.604446e+12  0.000000e+00  0.000000e+00  6.385751e+12  5.216052e+12  4.771596e+12  4.590952e+12
7.916182e+00  2.901180e+12  0.000000e+00  0.000000e+00  2.606277e+12  0.000000e+00  0.000000e+00  6.403238e+12  5.225650e+12  4.779591e+12  4.598381e+12
7.955756e+00  2.903316e+12  0.000000e+00  0.000000e+00  2.608195e+12  0.000000e+00  0.000000e+00  6.469174e+12  5.263509e+12  4.809370e+12  4.625046e+12
7.995528e+00  2.905269e+12  0.000000e+00  0.000000e+00  2.609950e+12  0.000000e+00  0.000000e+00  9.747976e+12  6.618732e+12  5.749627e+12  5.421396e+12
8.035499e+00  2.907269e+12  0.000000e+00  0.000000e+00  2.611747e+12  0.000000e+00  0.000000e+00  6.461871e+12  5.260630e+12  4.809135e+12  4.625886e+12
8.075670e+00  2.909323e+12  0.000000e+00  0.000000e+00  2.613592e+12  0.000000e+00  0.000000e+00  6.424290e+12  5.250559e+12  4.806622e+12  4.625957e+12
8.116041e+00  2.911227e+12  0.000000e+00  0.000000e+00  2.615302e+12  0.000000e+00  0.000000e+00  6.450144e+12  5.255972e+12  4.809794e+12  4.628594e+12
8.156615e+00  2.913250e+12  0.000000e+00  0.000000e+00  2.617120e+12  0.000000e+00  0.000000e+00  6.480205e+12  5.259134e+12  4.807774e+12  4.625031e+12
8.197391e+00  2.915191e+12  0.000000e+00  0.000000e+00  2.618863e+12  0.000000e+00  0.000000e+00  6.593827e+12  5.340930e+12  4.873388e+12  4.683702e+12
8.238371e+00  2.917181e+12  0.000000e+00  0.000000e+00  2.620652e+12  0.000000e+00  0.000000e+00  1.269822e+13  8.444492e+12  7.108951e+12  6.597879e+12
8.279556e+00  2.919090e+12  0.000000e+00  0.000000e+00  2.622366e+12  0.000000e+00  0.000000e+00  6.609647e+12  5.345303e+12  4.877231e+12  4.687535e+12
8.320946e+00  2.921024e+12  0.000000e+00  0.000000e+00  2.624104e+12  0.000000e+00  0.000000e+00  6.490891e+12  5.274017e+12  4.822868e+12  4.640069e+12
8.362544e+00  2.922835e+12  0.000000e+00  0.000000e+00  2.625730e+12  0.000000e+00  0.000000e+00  6.372752e+12  5.199816e+12  4.765922e+12  4.589984e+12
8.404349e+00  2.924741e+12  0.000000e+00  0.000000e+00  2.627442e+12  0.000000e+00  0.000000e+00  6.356750e+12  5.188983e+12  4.757930e+12  4.583149e+12
8.446364e+00  2.926500e+12  0.000000e+00  0.000000e+00  2.629023e+12  0.000000e+00  0.000000e+00  6.353924e+12  5.185079e+12  4.755033e+12  4.580713e+12
8.488589e+00  2.928308e+12  0.000000e+00  0.000000e+00  2.630647e+12  0.000000e+00  0.000000e+00  6.339700e+12  5.177534e+12  4.749855e+12  4.576428e+12
8.531024e+00  2.930162e+12  0.000000e+00  0.000000e+00  2.632313e+12  0.000000e+00  0.000000e+00  6.334686e+12  5.173745e+12  4.747317e+12  4.574392e+12
8.573672e+00  2.931934e+12  0.000000e+00  0.000000e+00  2.633905e+12  0.000000e+00  0.000000e+00  6.338149e+12  5.181425e+12  4.755372e+12  4.582356e+12
8.616533e+00  2.933689e+12  0.000000e+00  0.000000e+00  2.635481e+12  0.000000e+00  0.000000e+00  6.331049e+12  5.175629e+12  4.751120e+12  4.578739e+12
8.659609e+00  2.935489e+12  0.000000e+00  0.000000e+00  2.637098e+12  0.000000e+00  0.000000e+00  6.322271e+12  5.163658e+12  4.740467e+12  4.568831e+12
8.702899e+00  2.937252e+12  0.000000e+00  0.000000e+00  2.638682e+12  0.000000e+00  0.000000e+00  6.364979e+12  5.192537e+12  4.764845e+12  4.591299e+12
8.746406e+00  2.938944e+12  0.000000e+00  0.000000e+00  2.640202e+12  0.000000e+00  0.000000e+00  6.491832e+12  5.344774e+12  4.902129e+12  4.720018e+12
8.790131e+00  2.940583e+12  0.000000e+00  0.000000e+00  2.641674e+12  0.000000e+00  0.000000e+00  6.466257e+12  5.251396e+12  4.810194e+12  4.631442e+12
8.834074e+00  2.942203e+12  0.000000e+00  0.000000e+00  2.643130e+12  0.000000e+00  0.000000e+00  7.068583e+12  5.577597e+12  5.055689e+12  4.846512e+12
8.878237e+00  2.943867e+12  0.000000e+00  0.000000e+00  2.644624e+12  0.000000e+00  0.000000e+00  6.948535e+12  5.488802e+12  4.983857e+12  4.781703e+12
8.922620e+00  2.945449e+12  0.000000e+00  0.000000e+00  2.646045e+12  0.000000e+00  0.000000e+00  6.313699e+12  5.150303e+12  4.730452e+12  4.560117e+12
8.967226e+00  2.947134e+12  0.000000e+00  0.000000e+00  2.647559e+12  0.000000e+00  0.000000e+00  6.320808e+12  5.150615e+12  4.729895e+12  4.559273e+12
9.012054e+00  2.948677e+12  0.000000e+00  0.000000e+00  2.648945e+12  0.000000e+00  0.000000e+00  6.440520e+12  5.232351e+12  4.797017e+12  4.620155e+12
9.057107e+00  2.950261e+12  0.000000e+00  0.000000e+00  2.650369e+12  0.000000e+00  0.000000e+00  1.279090e+13  7.808955e+12  6.560835e+12  6.102867e+12
9.102385e+00  2.951878e+12  0.000000e+00  0.000000e+00  2.651822e+12  0.000000e+00  0.000000e+00  6.432720e+12  5.225722e+12  4.792883e+12  4.616920e+12
9.147889e+00  2.953412e+12  0.000000e+00  0.000000e+00  2.653199e+12  0.000000e+00  0.000000e+00  6.306448e+12  5.135520e+12  4.717602e+12  4.548010e+12
9.193620e+00  2.954808e+12  0.000000e+00  0.000000e+00  2.654453e+12  0.000000e+00  0.000000e+00  6.377338e+12  5.180537e+12  4.752653e+12  4.578997e+12
9.239581e+00  2.956304e+12  0.000000e+00  0.000000e+00  2.655797e+12  0.000000e+00  0.000000e+00  8.996258e+12  6.471789e+12  5.690411e+12  5.388271e+12
9.285771e+00  2.957659e+12  0.000000e+00  0.000000e+00  2.657015e+12  0.000000e+00  0.000000e+00  6.570389e+12  5.430309e+12  4.980786e+12  4.793728e+12
9.332192e+00  2.959171e+12  0.000000e+00  0.000000e+00  2.658373e+12  0.000000e+00  0.000000e+00  6.238421e+12  5.095873e+12  4.688414e+12  4.522575e+12
9.378845e+00  2.960544e+12  0.000000e+00  0.000000e+00  2.659606e+12  0.000000e+00  0.000000e+00  6.218188e+12  5.083229e+12  4.679000e+12  4.514377e+12
9.425731e+00  2.961954e+12  0.000000e+00  0.000000e+00  2.660873e+12  0.000000e+00  0.000000e+00  6.554224e+12  5.471828e+12  5.025994e+12  4.838490e+12
9.472852e+00  2.963400e+12  0.000000e+00  0.000000e+00  2.662172e+12  0.000000e+00  0.000000e+00  6.270941e+12  5.175558e+12  4.774224e+12  4.608911e+12
9.520208e+00  2.964766e+12  0.000000e+00  0.000000e+00  2.663399e+12  0.000000e+00  0.000000e+00  6.484324e+12  5.323714e+12  4.888382e+12  4.708812e+12
9.567801e+00  2.966102e+12  0.000000e+00  0.000000e+00  2.664599e+12  0.000000e+00  0.000000e+00  6.743568e+12  5.488575e+12  5.011871e+12  4.815479e+12
9.615631e+00  2.967340e+12  0.000000e+00  0.000000e+00  2.665711e+12  0.000000e+00  0.000000e+00  6.167693e+12  5.033289e+12  4.635122e+12  4.472936e+12
9.663701e+00  2.968546e+12  0.000000e+00  0.000000e+00  2.666795e+12  0.000000e+00  0.000000e+00  6.092320e+12  4.985744e+12  4.596419e+12  4.437685e+12
9.712012e+00  2.969788e+12  0.000000e+00  0.000000e+00  2.667911e+12  0.000000e+00  0.000000e+00  6.083312e+12  4.974288e+12  4.586120e+12  4.427908e+12
9.760563e+00  2.971006e+12  0.000000e+00  0.000000e+00  2.669005e+12  0.000000e+00  0.000000e+00  6.065222e+12  4.967052e+12  4.581538e+12  4.424142e+12
9.809358e+00  2.972202e+12  0.000000e+00  0.000000e+00  2.670079e+12  0.000000e+00  0.000000e+00  6.146089e+12  5.080298e+12  4.689547e+12  4.527768e+12
9.858396e+00  2.973431e+12  0.000000e+00  0.000000e+00  2.671183e+12  0.000000e+00  0.000000e+00  6.164756e+12  5.095628e+12  4.703211e+12  4.540414e+12
9.907680e+00  2.974635e+12  0.000000e+00  0.000000e+00  2.672265e+12  0.000000e+00  0.000000e+00  6.196143e+12  5.090826e+12  4.691871e+12  4.527055e+12
9.957210e+00  2.975817e+12  0.000000e+00  0.000000e+00  2.673326e+12  0.000000e+00  0.000000e+00  8.834615e+12  6.247176e+12  5.513914e+12  5.230990e+12
1.000699e+01  2.976974e+12  0.000000e+00  0.000000e+00  2.674366e+12  0.000000e+00  0.000000e+00  8.741916e+12  6.134531e+12  5.427909e+12  5.157652e+12
1.005701e+01  2.977965e+12  0.000000e+00  0.000000e+00  2.675257e+12  0.000000e+00  0.000000e+00  8.009517e+12  6.350199e+12  5.783954e+12  5.553427e+12
1.010729e+01  2.979012e+12  0.000000e+00  0.000000e+00  2.676197e+12  0.000000e+00  0.000000e+00  1.328627e+13  1.083648e+13  9.960719e+12  9.593395e+12
1.015782e+01  2.979979e+12  0.000000e+00  0.000000e+00  2.677066e+12  0.000000e+00  0.000000e+00  3.077972e+13  2.763010e+13  2.623357e+13  2.558356e+13
1.020860e+01  2.980977e+12  0.000000e+00  0.000000e+00  2.677962e+12  0.000000e+00  0.000000e+00  2.808149e+14  2.729986e+14  2.602412e+14  2.535252e+14
1.025963e+01  2.981951e+12  0.000000e+00  0.000000e+00  2.678837e+12  0.000000e+00  0.000000e+00  3.129238e+13  2.816808e+13  2.674536e+13  2.607903e+13
1.031092e+01  2.982954e+12  0.000000e+00  0.000000e+00  2.679738e+12  0.000000e+00  0.000000e+00  1.380744e+13  1.134933e+13  1.043232e+13  1.004248e+13
1.036247e+01  2.983932e+12  0.000000e+00  0.000000e+00  2.680617e+12  0.000000e+00  0.000000e+00  8.369610e+12  6.672142e+12  6.065219e+12  5.814705e+12
1.041427e+01  2.984884e+12  0.000000e+00  0.000000e+00  2.681473e+12  0.000000e+00  0.000000e+00  6.558963e+12  5.378461e+12  4.946573e+12  4.766347e+12
1.046633e+01  2.985826e+12  0.000000e+00  0.000000e+00  2.682318e+12  0.000000e+00  0.000000e+00  6.302947e+12  5.289407e+12  4.900311e+12  4.734541e+12
1.051866e+01  2.986642e+12  0.000000e+00  0.000000e+00  2.683052e+12  0.000000e+00  0.000000e+00  6.885275e+12  5.444571e+12  4.941410e+12  4.736257e+12
1.057124e+01  2.987427e+12  0.000000e+00  0.000000e+00  2.683757e+12  0.000000e+00  0.000000e+00  7.779046e+12  5.952131e+12  5.320001e+12  5.065047e+12
1.062409e+01  2.988187e+12  0.000000e+00  0.000000e+00  2.684440e+12  0.000000e+00  0.000000e+00  6.416452e+12  5.117612e+12  4.665180e+12  4.480824e+12
1.067720e+01  2.988921e+12  0.000000e+00  0.000000e+00  2.685099e+12  0.000000e+00  0.000000e+00  5.772048e+12  4.729611e+12  4.371098e+12  4.223098e+12
1.073058e+01  2.989683e+12  0.000000e+00  0.000000e+00  2.685783e+12  0.000000e+00  0.000000e+00  5.707321e+12  4.682185e+12  4.331290e+12  4.186392e+12
1.078422e+01  2.990418e+12  0.000000e+00  0.000000e+00  2.686443e+12  0.000000e+00  0.000000e+00  5.672067e+12  4.657663e+12  4.310566e+12  4.167076e+12
1.083813e+01  2.991126e+12  0.000000e+00  0.000000e+00  2.687080e+12  0.000000e+00  0.000000e+00  5.701072e+12  4.668233e+12  4.317395e+12  4.172448e+12
1.089231e+01  2.991912e+12  0.000000e+00  0.000000e+00  2.687786e+12  0.000000e+00  0.000000e+00  5.659104e+12  4.640146e+12  4.293190e+12  4.149657e+12
1.094677e+01  2.992651e+12  0.000000e+00  0.000000e+00  2.688450e+12  0.000000e+00  0.000000e+00  5.670412e+12  4.653582e+12  4.305467e+12  4.161136e+12
1.100149e+01  2.993202e+12  0.000000e+00  0.000000e+00  2.688945e+12  0.000000e+00  0.000000e+00  6.749373e+12  5.213408e+12  4.721263e+12  4.523231e+12
1.105649e+01  2.993735e+12  0.000000e+00  0.000000e+00  2.689423e+12  0.000000e+00  0.000000e+00  6.845232e+12  5.396948e+12  4.886283e+12  4.676669e+12
1.111176e+01  2.994242e+12  0.000000e+00  0.000000e+00  2.689879e+12  0.000000e+00  0.000000e+00  6.081232e+12  4.963612e+12  4.555344e+12  4.384618e+12
1.116731e+01  2.994772e+12  0.000000e+00  0.000000e+00  2.690355e+12  0.000000e+00  0.000000e+00  5.900913e+12  4.781824e+12  4.398930e+12  4.240628e+12
1.122314e+01  2.995225e+12  0.000000e+00  0.000000e+00  2.690762e+12  0.000000e+00  0.000000e+00  5.998234e+12  4.919505e+12  4.546513e+12  4.390131e+12
1.127924e+01  2.995701e+12  0.000000e+00  0.000000e+00  2.691190e+12  0.000000e+00  0.000000e+00  8.630321e+12  6.825458e+12  6.171687e+12  5.901400e+12
1.133563e+01  2.996250e+12  0.000000e+00  0.000000e+00  2.691683e+12  0.000000e+00  0.000000e+00  1.088957e+13  9.291250e+12  8.752693e+12  8.517675e+12
1.139230e+01  2.996721e+12  0.000000e+00  0.000000e+00  2.692106e+12  0.000000e+00  0.000000e+00  2.279544e+13  2.190777e+13  2.150684e+13  2.126505e+13
1.144925e+01  2.997213e+12  0.000000e+00  0.000000e+00  2.692548e+12  0.000000e+00  0.000000e+00  1.555192e+14  1.675255e+14  1.669074e+14  1.655387e+14
1.150649e+01  2.997562e+12  0.000000e+00  0.000000e+00  2.692862e+12  0.000000e+00  0.000000e+00  2.312080e+13  2.222046e+13  2.180624e+13  2.155559e+13
1.156401e+01  2.997856e+12  0.000000e+00  0.000000e+00  2.693126e+12  0.000000e+00  0.000000e+00  1.187397e+13  9.835839e+12  9.182442e+12  8.903684e+12
1.162182e+01  2.998066e+12  0.000000e+00  0.000000e+00  2.693315e+12  0.000000e+00  0.000000e+00  7.802330e+12  6.264057e+12  5.723680e+12  5.497941e+12
1.167992e+01  2.998298e+12  0.000000e+00  0.000000e+00  2.693522e+12  0.000000e+00  0.000000e+00  7.219463e+12  5.363298e+12  4.816830e+12  4.599343e+12
1.173831e+01  2.998549e+12  0.000000e+00  0.000000e+00  2.693748e+12  0.000000e+00  0.000000e+00  5.432873e+12  4.446520e+12  4.112806e+12  3.972252e+12
1.179699e+01  2.998771e+12  0.000000e+00  0.000000e+00  2.693948e+12  0.000000e+00  0.000000e+00  5.355354e+12  4.384225e+12  4.058440e+12  3.921243e+12
1.185596e+01  2.998966e+12  0.000000e+00  0.000000e+00  2.694123e+12  0.000000e+00  0.000000e+00  5.543522e+12  4.510144e+12  4.169616e+12  4.026589e+12
1.191523e+01  2.999228e+12  0.000000e+00  0.000000e+00  2.694358e+12  0.000000e+00  0.000000e+00  6.253162e+12  5.122928e+12  4.749602e+12  4.591476e+12
1.197480e+01  2.999459e+12  0.000000e+00  0.000000e+00  2.694566e+12  0.000000e+00  0.000000e+00  1.170491e+13  8.787804e+12  8.005418e+12  7.689864e+12
1.203466e+01  2.999614e+12  0.000000e+00  0.000000e+00  2.694705e+12  0.000000e+00  0.000000e+00  1.914695e+13  1.671301e+13  1.609989e+13  1.581317e+13
1.209483e+01  2.999556e+12  0.000000e+00  0.000000e+00  2.694653e+12  0.000000e+00  0.000000e+00  9.575795e+13  1.013728e+14  1.013991e+14  1.007532e+14
1.215529e+01  2.999569e+12  0.000000e+00  0.000000e+00  2.694664e+12  0.000000e+00  0.000000e+00  1.655582e+13  1.592934e+13  1.565359e+13  1.547581e+13
1.221606e+01  2.999506e+12  0.000000e+00  0.000000e+00  2.694608e+12  0.000000e+00  0.000000e+00  9.207819e+12  8.007113e+12  7.547721e+12  7.337665e+12
1.227713e+01  2.999416e+12  0.000000e+00  0.000000e+00  2.694527e+12  0.000000e+00  0.000000e+00  6.475475e+12  5.390452e+12  5.003567e+12  4.834542e+12
1.233850e+01  2.999433e+12  0.000000e+00  0.000000e+00  2.694542e+12  0.000000e+00  0.000000e+00  6.043605e+12  5.025815e+12  4.675373e+12  4.522926e+12
1.240018e+01  2.999330e+12  0.000000e+00  0.000000e+00  2.694450e+12  0.000000e+00  0.000000e+00  7.664128e+12  6.471784e+12  6.075676e+12  5.900683e+12
1.246217e+01  2.999334e+12  0.000000e+00  0.000000e+00  2.694454e+12  0.000000e+00  0.000000e+00  1.223198e+13  1.161627e+13  1.137501e+13  1.122998e+13
1.252447e+01  2.999264e+12  0.000000e+00  0.000000e+00  2.694390e+12  0.000000e+00  0.000000e+00  5.830886e+13  6.309590e+13  6.345603e+13  6.315957e+13
1.258709e+01  2.999139e+12  0.000000e+00  0.000000e+00  2.694278e+12  0.000000e+00  0.000000e+00  1.245963e+13  1.184058e+13  1.161680e+13  1.147722e+13
1.265001e+01  2.998924e+12  0.000000e+00  0.000000e+00  2.694085e+12  0.000000e+00  0.000000e+00  9.739175e+12  8.397104e+12  7.906821e+12  7.682963e+12
1.271325e+01  2.998556e+12  0.000000e+00  0.000000e+00  2.693754e+12  0.000000e+00  0.000000e+00  1.581970e+13  1.200270e+13  1.107400e+13  1.069643e+13
1.277681e+01  2.998204e+12  0.000000e+00  0.000000e+00  2.693438e+12  0.000000e+00  0.000000e+00  4.487376e+13  4.519240e+13  4.483970e+13  4.442591e+13
1.284068e+01  2.997865e+12  0.000000e+00  0.000000e+00  2.693134e+12  0.000000e+00  0.000000e+00  1.304817e+13  1.255965e+13  1.238173e+13  1.225360e+13
1.290487e+01  2.997542e+12  0.000000e+00  0.000000e+00  2.692843e+12  0.000000e+00  0.000000e+00  2.990312e+13  3.186127e+13  3.198614e+13  3.181599e+13
1.296938e+01  2.997232e+12  0.000000e+00  0.000000e+00  2.692565e+12  0.000000e+00  0.000000e+00  1.237901e+13  1.104433e+13  1.064577e+13  1.044784e+13
1.303422e+01  2.996849e+12  0.000000e+00  0.000000e+00  2.692221e+12  0.000000e+00  0.000000e+00  2.769865e+13  2.621334e+13  2.561581e+13  2.524082e+13
1.309938e+01  2.996565e+12  0.000000e+00  0.000000e+00  2.691966e+12  0.000000e+00  0.000000e+00  1.171545e+13  9.981083e+12  9.489402e+12  9.262986e+12
1.316487e+01  2.996171e+12  0.000000e+00  0.000000e+00  2.691612e+12  0.000000e+00  0.000000e+00  2.068819e+13  2.078803e+13  2.048601e+13  2.022942e+13
1.323068e+01  2.995627e+12  0.000000e+00  0.000000e+00  2.691124e+12  0.000000e+00  0.000000e+00  3.564485e+13  2.910032e+13  2.694308e+13  2.599335e+13
1.329682e+01  2.995013e+12  0.000000e+00  0.000000e+00  2.690572e+12  0.000000e+00  0.000000e+00  3.885014e+13  3.333669e+13  3.135465e+13  3.042834e+13
1.336329e+01  2.994328e+12  0.000000e+00  0.000000e+00  2.689956e+12  0.000000e+00  0.000000e+00  3.154340e+13  2.797218e+13  2.650649e+13  2.579196e+13
1.343010e+01  2.993697e+12  0.000000e+00  0.000000e+00  2.689390e+12  0.000000e+00  0.000000e+00  4.771364e+13  3.657219e+13  3.309824e+13  3.164692e+13
1.349724e+01  2.993078e+12  0.000000e+00  0.000000e+00  2.688834e+12  0.000000e+00  0.000000e+00  1.923923e+13  1.557509e+13  1.437875e+13  1.385328e+13
1.356471e+01  2.992429e+12  0.000000e+00  0.000000e+00  2.688250e+12  0.000000e+00  0.000000e+00  1.256633e+13  8.948150e+12  7.798798e+12  7.334012e+12
1.360153e+01  2.992241e+12  0.000000e+00  0.000000e+00  2.688081e+12  0.000000e+00  0.000000e+00  1.025448e+12  8.352695e+11  7.590214e+11  7.258380e+11
1.363845e+01  2.991716e+12  0.000000e+00  0.000000e+00  2.687610e+12  0.000000e+00  0.000000e+00  1.112240e+12  9.232281e+11  8.449903e+11  8.104164e+11
1.370645e+01  2.991123e+12  0.000000e+00  0.000000e+00  2.687077e+12  0.000000e+00  0.000000e+00  1.096161e+12  9.143785e+11  8.370979e+11  8.027075e+11
1.377479e+01  2.990487e+12  0.000000e+00  0.000000e+00  2.686506e+12  0.000000e+00  0.000000e+00  1.069000e+12  9.020159e+11  8.279336e+11  7.944837e+11
1.384346e+01  2.989647e+12  0.000000e+00  0.000000e+00  2.685751e+12  0.000000e+00  0.000000e+00  1.202279e+12  9.661628e+11  8.714561e+11  8.306803e+11
1.391249e+01  2.988695e+12  0.000000e+00  0.000000e+00  2.684896e+12  0.000000e+00  0.000000e+00  1.061766e+12  8.871544e+11  8.138543e+11  7.812007e+11
1.398185e+01  2.987756e+12  0.000000e+00  0.000000e+00  2.684052e+12  0.000000e+00  0.000000e+00  1.066216e+12  8.902946e+11  8.163228e+11  7.833616e+11
1.405156e+01  2.986747e+12  0.000000e+00  0.000000e+00  2.683145e+12  0.000000e+00  0.000000e+00  1.070100e+12  8.912246e+11  8.166494e+11  7.835042e+11
1.412162e+01  2.985828e+12  0.000000e+00  0.000000e+00  2.682320e+12  0.000000e+00  0.000000e+00  1.114258e+12  9.303594e+11  8.481769e+11  8.114742e+11
1.419203e+01  2.984880e+12  0.000000e+00  0.000000e+00  2.681468e+12  0.000000e+00  0.000000e+00  1.080662e+12  8.961940e+11  8.198886e+11  7.860477e+11
1.426279e+01  2.983941e+12  0.000000e+00  0.000000e+00  2.680625e+12  0.000000e+00  0.000000e+00  1.086426e+12  8.987423e+11  8.215000e+11  7.873022e+11
1.433390e+01  2.982972e+12  0.000000e+00  0.000000e+00  2.679755e+12  0.000000e+00  0.000000e+00  1.105900e+12  9.091363e+11  8.289375e+11  7.936002e+11
1.440536e+01  2.982051e+12  0.000000e+00  0.000000e+00  2.678927e+12  0.000000e+00  0.000000e+00  1.154449e+12  9.751227e+11  8.894373e+11  8.504024e+11
1.447719e+01  2.980986e+12  0.000000e+00  0.000000e+00  2.677971e+12  0.000000e+00  0.000000e+00  1.304157e+12  1.147971e+12  1.043662e+12  9.938495e+11
1.454937e+01  2.979704e+12  0.000000e+00  0.000000e+00  2.676819e+12  0.000000e+00  0.000000e+00  1.166286e+12  9.870887e+11  9.016970e+11  8.626423e+11
1.462191e+01  2.978397e+12  0.000000e+00  0.000000e+00  2.675645e+12  0.000000e+00  0.000000e+00  1.178719e+12  9.898494e+11  9.000994e+11  8.593603e+11
1.469481e+01  2.977138e+12  0.000000e+00  0.000000e+00  2.674513e+12  0.000000e+00  0.000000e+00  1.128144e+12  9.199200e+11  8.377281e+11  8.016914e+11
1.476808e+01  2.975848e+12  0.000000e+00  0.000000e+00  2.673355e+12  0.000000e+00  0.000000e+00  1.126097e+12  9.186662e+11  8.360157e+11  7.997654e+11
1.484171e+01  2.974567e+12  0.000000e+00  0.000000e+00  2.672204e+12  0.000000e+00  0.000000e+00  1.278987e+12  1.186175e+12  1.110507e+12  1.068775e+12
1.491570e+01  2.973294e+12  0.000000e+00  0.000000e+00  2.671061e+12  0.000000e+00  0.000000e+00  1.138849e+12  9.447823e+11  8.656697e+11  8.297589e+11
1.499007e+01  2.972065e+12  0.000000e+00  0.000000e+00  2.669957e+12  0.000000e+00  0.000000e+00  1.264262e+12  1.051161e+12  9.496593e+11  9.036597e+11
1.506481e+01  2.970770e+12  0.000000e+00  0.000000e+00  2.668793e+12  0.000000e+00  0.000000e+00  1.316146e+12  1.037009e+12  9.274225e+11  8.800349e+11
1.513992e+01  2.969443e+12  0.000000e+00  0.000000e+00  2.667601e+12  0.000000e+00  0.000000e+00  1.147837e+12  9.378614e+11  8.537914e+11  8.166016e+11
1.521540e+01  2.967888e+12  0.000000e+00  0.000000e+00  2.666204e+12  0.000000e+00  0.000000e+00  1.155471e+12  9.493963e+11  8.652384e+11  8.275857e+11
1.529127e+01  2.966251e+12  0.000000e+00  0.000000e+00  2.664733e+12  0.000000e+00  0.000000e+00  1.153927e+12  9.385921e+11  8.525261e+11  8.143836e+11
1.536751e+01  2.964621e+12  0.000000e+00  0.000000e+00  2.663269e+12  0.000000e+00  0.000000e+00  1.152386e+12  9.236048e+11  8.348986e+11  7.963203e+11
1.544413e+01  2.962998e+12  0.000000e+00  0.000000e+00  2.661811e+12  0.000000e+00  0.000000e+00  1.186032e+12  1.012542e+12  9.344720e+11  8.968202e+11
1.552113e+01  2.961383e+12  0.000000e+00  0.000000e+00  2.660360e+12  0.000000e+00  0.000000e+00  1.178651e+12  9.339111e+11  8.412287e+11  8.012162e+11
1.559851e+01  2.959809e+12  0.000000e+00  0.000000e+00  2.658946e+12  0.000000e+00  0.000000e+00  1.190644e+12  9.413893e+11  8.465048e+11  8.055989e+11
1.567628e+01  2.958205e+12  0.000000e+00  0.000000e+00  2.657505e+12  0.000000e+00  0.000000e+00  2.520122e+12  1.771771e+12  1.486210e+12  1.368688e+12
1.575444e+01  2.956641e+12  0.000000e+00  0.000000e+00  2.656100e+12  0.000000e+00  0.000000e+00  2.391303e+12  1.790430e+12  1.521094e+12  1.406185e+12
1.583299e+01  2.954951e+12  0.000000e+00  0.000000e+00  2.654582e+12  0.000000e+00  0.000000e+00  1.224256e+12  9.548952e+11  8.549187e+11  8.121285e+11
1.591193e+01  2.953124e+12  0.000000e+00  0.000000e+00  2.652941e+12  0.000000e+00  0.000000e+00  4.308181e+12  2.656990e+12  2.164554e+12  1.967096e+12
1.599127e+01  2.951154e+12  0.000000e+00  0.000000e+00  2.651171e+12  0.000000e+00  0.000000e+00  2.188637e+12  1.615276e+12  1.364001e+12  1.258466e+12
1.607100e+01  2.949191e+12  0.000000e+00  0.000000e+00  2.649407e+12  0.000000e+00  0.000000e+00  4.139138e+12  2.216829e+12  1.736053e+12  1.559241e+12
1.615112e+01  2.947232e+12  0.000000e+00  0.000000e+00  2.647648e+12  0.000000e+00  0.000000e+00  1.836694e+12  1.337991e+12  1.144488e+12  1.064268e+12
1.623165e+01  2.945278e+12  0.000000e+00  0.000000e+00  2.645893e+12  0.000000e+00  0.000000e+00  3.820661e+12  2.356090e+12  1.906050e+12  1.728972e+12
1.631258e+01  2.943330e+12  0.000000e+00  0.000000e+00  2.644142e+12  0.000000e+00  0.000000e+00  1.039032e+13  5.343131e+12  3.991596e+12  3.491392e+12
1.639391e+01  2.941386e+12  0.000000e+00  0.000000e+00  2.642396e+12  0.000000e+00  0.000000e+00  1.568037e+12  1.164513e+12  1.010513e+12  9.461778e+11
1.647565e+01  2.939446e+12  0.000000e+00  0.000000e+00  2.640653e+12  0.000000e+00  0.000000e+00  1.223415e+12  9.594740e+11  8.593619e+11  8.159603e+11
1.655779e+01  2.937568e+12  0.000000e+00  0.000000e+00  2.638966e+12  0.000000e+00  0.000000e+00  1.563129e+12  1.140935e+12  9.973667e+11  9.374115e+11
1.664034e+01  2.935405e+12  0.000000e+00  0.000000e+00  2.637023e+12  0.000000e+00  0.000000e+00  1.213315e+12  9.514389e+11  8.521751e+11  8.091133e+11
1.672331e+01  2.933098e+12  0.000000e+00  0.000000e+00  2.634950e+12  0.000000e+00  0.000000e+00  1.207342e+12  9.311843e+11  8.307166e+11  7.878530e+11
1.680669e+01  2.930730e+12  0.000000e+00  0.000000e+00  2.632823e+12  0.000000e+00  0.000000e+00  1.204493e+12  9.285871e+11  8.281920e+11  7.853532e+11
1.689048e+01  2.928432e+12  0.000000e+00  0.000000e+00  2.630758e+12  0.000000e+00  0.000000e+00  1.208396e+12  9.290028e+11  8.277676e+11  7.846298e+11
1.697470e+01  2.926137e+12  0.000000e+00  0.000000e+00  2.628697e+12  0.000000e+00  0.000000e+00  1.236958e+12  9.396319e+11  8.343028e+11  7.897409e+11
1.705933e+01  2.923846e+12  0.000000e+00  0.000000e+00  2.626639e+12  0.000000e+00  0.000000e+00  1.229599e+12  9.359656e+11  8.311890e+11  7.867867e+11
1.714438e+01  2.921558e+12  0.000000e+00  0.000000e+00  2.624583e+12  0.000000e+00  0.000000e+00  1.215082e+12  9.276960e+11  8.246233e+11  7.808370e+11
1.722986e+01  2.919274e+12  0.000000e+00  0.000000e+00  2.622531e+12  0.000000e+00  0.000000e+00  1.238813e+12  9.370369e+11  8.304048e+11  7.853581e+11
1.731577e+01  2.916992e+12  0.000000e+00  0.000000e+00  2.620481e+12  0.000000e+00  0.000000e+00  1.248313e+12  9.411271e+11  8.327564e+11  7.870378e+11
1.740210e+01  2.914595e+12  0.000000e+00  0.000000e+00  2.618328e+12  0.000000e+00  0.000000e+00  2.557636e+12  1.667237e+12  1.373136e+12  1.256051e+12
1.748886e+01  2.911966e+12  0.000000e+00  0.000000e+00  2.615966e+12  0.000000e+00  0.000000e+00  1.261453e+12  9.447304e+11  8.338663e+11  7.872407e+11
1.757606e+01  2.909289e+12  0.000000e+00  0.000000e+00  2.613561e+12  0.000000e+00  0.000000e+00  1.744195e+12  1.310306e+12  1.136110e+12  1.060716e+12
1.766369e+01  2.906554e+12  0.000000e+00  0.000000e+00  2.611105e+12  0.000000e+00  0.000000e+00  2.471899e+12  1.556576e+12  1.297505e+12  1.195242e+12
1.775176e+01  2.903946e+12  0.000000e+00  0.000000e+00  2.608761e+12  0.000000e+00  0.000000e+00  1.243520e+12  9.302538e+11  8.211189e+11  7.751697e+11
1.784027e+01  2.901278e+12  0.000000e+00  0.000000e+00  2.606365e+12  0.000000e+00  0.000000e+00  1.422238e+12  1.165236e+12  1.039241e+12  9.816119e+11
1.792922e+01  2.898613e+12  0.000000e+00  0.000000e+00  2.603971e+12  0.000000e+00  0.000000e+00  1.557093e+12  1.060603e+12  9.097752e+11  8.495635e+11
1.801861e+01  2.896071e+12  0.000000e+00  0.000000e+00  2.601687e+12  0.000000e+00  0.000000e+00  1.244214e+12  9.246718e+11  8.143343e+11  7.680063e+11
1.810844e+01  2.893409e+12  0.000000e+00  0.000000e+00  2.599296e+12  0.000000e+00  0.000000e+00  1.286796e+12  1.017163e+12  9.091332e+11  8.607128e+11
1.819873e+01  2.890684e+12  0.000000e+00  0.000000e+00  2.596847e+12  0.000000e+00  0.000000e+00  1.242012e+12  9.197214e+11  8.088854e+11  7.624050e+11
1.828947e+01  2.887717e+12  0.000000e+00  0.000000e+00  2.594182e+12  0.000000e+00  0.000000e+00  1.221909e+12  9.081862e+11  7.997651e+11  7.541699e+11
1.838065e+01  2.884695e+12  0.000000e+00  0.000000e+00  2.591468e+12  0.000000e+00  0.000000e+00  1.289997e+12  9.338707e+11  8.162229e+11  7.674650e+11
1.847230e+01  2.881676e+12  0.000000e+00  0.000000e+00  2.588755e+12  0.000000e+00  0.000000e+00  1.313566e+12  9.751012e+11  8.552109e+11  8.044688e+11
1.856440e+01  2.878600e+12  0.000000e+00  0.000000e+00  2.585992e+12  0.000000e+00  0.000000e+00  1.233924e+12  9.084457e+11  7.972898e+11  7.507224e+11
1.865695e+01  2.875643e+12  0.000000e+00  0.000000e+00  2.583335e+12  0.000000e+00  0.000000e+00  1.567447e+12  1.188559e+12  1.028707e+12  9.599111e+11
1.874997e+01  2.872629e+12  0.000000e+00  0.000000e+00  2.580628e+12  0.000000e+00  0.000000e+00  1.551638e+12  1.211830e+12  1.057959e+12  9.901102e+11
1.884346e+01  2.869617e+12  0.000000e+00  0.000000e+00  2.577922e+12  0.000000e+00  0.000000e+00  1.383330e+12  1.058012e+12  9.269156e+11  8.700466e+11
1.893741e+01  2.866719e+12  0.000000e+00  0.000000e+00  2.575319e+12  0.000000e+00  0.000000e+00  1.244312e+12  9.355046e+11  8.243935e+11  7.766653e+11
1.903183e+01  2.863643e+12  0.000000e+00  0.000000e+00  2.572556e+12  0.000000e+00  0.000000e+00  1.223655e+12  8.933129e+11  7.815483e+11  7.348297e+11
1.912672e+01  2.860430e+12  0.000000e+00  0.000000e+00  2.569669e+12  0.000000e+00  0.000000e+00  1.282108e+12  9.148714e+11  7.951735e+11  7.457278e+11
1.922208e+01  2.857032e+12  0.000000e+00  0.000000e+00  2.566616e+12  0.000000e+00  0.000000e+00  1.479145e+12  1.023767e+12  8.731659e+11  8.120676e+11
1.931792e+01  2.853580e+12  0.000000e+00  0.000000e+00  2.563515e+12  0.000000e+00  0.000000e+00  1.951775e+12  1.271098e+12  1.050692e+12  9.636210e+11
1.941423e+01  2.850240e+12  0.000000e+00  0.000000e+00  2.560515e+12  0.000000e+00  0.000000e+00  2.220917e+12  1.386571e+12  1.128683e+12  1.028529e+12
1.951103e+01  2.846847e+12  0.000000e+00  0.000000e+00  2.557466e+12  0.000000e+00  0.000000e+00  1.477992e+12  1.016256e+12  8.646433e+11  8.032366e+11
1.960831e+01  2.843509e+12  0.000000e+00  0.000000e+00  2.554468e+12  0.000000e+00  0.000000e+00  1.645781e+12  1.104444e+12  9.282100e+11  8.575506e+11
1.970607e+01  2.840171e+12  0.000000e+00  0.000000e+00  2.551469e+12  0.000000e+00  0.000000e+00  6.059998e+12  3.097093e+12  2.323864e+12  2.040651e+12
1.980432e+01  2.836834e+12  0.000000e+00  0.000000e+00  2.548471e+12  0.000000e+00  0.000000e+00  5.650687e+12  2.961735e+12  2.262833e+12  2.002518e+12
1.990306e+01  2.833551e+12  0.000000e+00  0.000000e+00  2.545522e+12  0.000000e+00  0.000000e+00  1.340685e+12  9.335230e+11  8.010452e+11  7.468500e+11
2.000229e+01  2.829956e+12  0.000000e+00  0.000000e+00  2.542292e+12  0.000000e+00  0.000000e+00  1.314582e+12  9.056296e+11  7.783300e+11  7.264302e+11
2.010202e+01  2.826208e+12  0.000000e+00  0.000000e+00  2.538926e+12  0.000000e+00  0.000000e+00  1.648834e+12  1.311015e+12  1.133609e+12  1.053765e+12
2.020225e+01  2.822462e+12  0.000000e+00  0.000000e+00  2.535560e+12  0.000000e+00  0.000000e+00  1.223286e+12  8.667283e+11  7.500337e+11  7.017003e+11
2.030297e+01  2.818716e+12  0.000000e+00  0.000000e+00  2.532195e+12  0.000000e+00  0.000000e+00  5.589413e+12  2.715889e+12  2.033905e+12  1.787586e+12
2.040420e+01  2.814971e+12  0.000000e+00  0.000000e+00  2.528831e+12  0.000000e+00  0.000000e+00  1.828022e+12  1.248564e+12  1.042632e+12  9.582145e+11
2.050593e+01  2.811228e+12  0.000000e+00  0.000000e+00  2.525468e+12  0.000000e+00  0.000000e+00  1.210853e+12  8.511968e+11  7.349638e+11  6.869494e+11
2.060817e+01  2.807587e+12  0.000000e+00  0.000000e+00  2.522197e+12  0.000000e+00  0.000000e+00  1.213157e+12  8.486841e+11  7.317629e+11  6.835645e+11
2.071092e+01  2.803894e+12  0.000000e+00  0.000000e+00  2.518880e+12  0.000000e+00  0.000000e+00  1.317823e+12  9.353152e+11  8.053356e+11  7.509518e+11
2.081418e+01  2.800201e+12  0.000000e+00  0.000000e+00  2.515562e+12  0.000000e+00  0.000000e+00  2.080476e+12  1.215746e+12  9.818791e+11  8.929181e+11
2.091795e+01  2.796414e+12  0.000000e+00  0.000000e+00  2.512160e+12  0.000000e+00  0.000000e+00  1.182890e+12  8.284781e+11  7.141230e+11  6.668620e+11
2.102225e+01  2.792309e+12  0.000000e+00  0.000000e+00  2.508473e+12  0.000000e+00  0.000000e+00  1.183423e+12  8.266445e+11  7.118017e+11  6.643696e+11
2.112706e+01  2.788187e+12  0.000000e+00  0.000000e+00  2.504769e+12  0.000000e+00  0.000000e+00  2.565429e+12  1.446980e+12  1.142474e+12  1.027870e+12
2.123239e+01  2.784065e+12  0.000000e+00  0.000000e+00  2.501067e+12  0.000000e+00  0.000000e+00  1.881729e+12  1.122845e+12  9.137506e+11  8.335012e+11
2.133826e+01  2.779993e+12  0.000000e+00  0.000000e+00  2.497409e+12  0.000000e+00  0.000000e+00  1.259354e+12  8.458452e+11  7.202717e+11  6.693187e+11
2.144464e+01  2.775922e+12  0.000000e+00  0.000000e+00  2.493751e+12  0.000000e+00  0.000000e+00  1.172853e+12  8.110263e+11  6.957189e+11  6.482200e+11
2.155156e+01  2.771898e+12  0.000000e+00  0.000000e+00  2.490137e+12  0.000000e+00  0.000000e+00  2.574893e+12  1.357264e+12  1.063107e+12  9.547561e+11
2.165902e+01  2.767827e+12  0.000000e+00  0.000000e+00  2.486479e+12  0.000000e+00  0.000000e+00  3.344057e+12  1.894283e+12  1.467983e+12  1.306609e+12
2.176700e+01  2.763851e+12  0.000000e+00  0.000000e+00  2.482907e+12  0.000000e+00  0.000000e+00  3.785035e+12  2.141023e+12  1.647833e+12  1.461157e+12
2.187553e+01  2.759696e+12  0.000000e+00  0.000000e+00  2.479175e+12  0.000000e+00  0.000000e+00  1.232173e+12  8.311139e+11  7.057889e+11  6.546436e+11
2.198460e+01  2.755367e+12  0.000000e+00  0.000000e+00  2.475285e+12  0.000000e+00  0.000000e+00  1.156871e+13  4.954679e+12  3.505379e+12  3.000939e+12
2.209421e+01  2.750850e+12  0.000000e+00  0.000000e+00  2.471228e+12  0.000000e+00  0.000000e+00  1.002845e+13  4.294630e+12  3.045808e+12  2.611357e+12
2.220437e+01  2.746428e+12  0.000000e+00  0.000000e+00  2.467255e+12  0.000000e+00  0.000000e+00  9.167538e+12  3.973543e+12  2.833938e+12  2.436116e+12
2.231507e+01  2.741959e+12  0.000000e+00  0.000000e+00  2.463241e+12  0.000000e+00  0.000000e+00  3.182467e+12  1.917376e+12  1.509114e+12  1.349320e+12
2.242633e+01  2.737538e+12  0.000000e+00  0.000000e+00  2.459268e+12  0.000000e+00  0.000000e+00  3.584427e+12  2.100988e+12  1.638886e+12  1.459932e+12
2.253814e+01  2.733161e+12  0.000000e+00  0.000000e+00  2.455337e+12  0.000000e+00  0.000000e+00  1.736545e+12  1.051903e+12  8.546041e+11  7.778282e+11
2.265052e+01  2.728784e+12  0.000000e+00  0.000000e+00  2.451405e+12  0.000000e+00  0.000000e+00  1.125645e+12  7.608227e+11  6.466787e+11  5.998209e+11
2.276345e+01  2.724407e+12  0.000000e+00  0.000000e+00  2.447472e+12  0.000000e+00  0.000000e+00  1.749584e+12  1.136499e+12  9.313516e+11  8.486353e+11
2.287694e+01  2.720013e+12  0.000000e+00  0.000000e+00  2.443525e+12  0.000000e+00  0.000000e+00  1.588623e+12  1.119191e+12  9.346583e+11  8.570414e+11
2.299100e+01  2.715389e+12  0.000000e+00  0.000000e+00  2.439371e+12  0.000000e+00  0.000000e+00  1.242856e+12  8.252962e+11  7.004155e+11  6.496661e+11
2.310563e+01  2.710550e+12  0.000000e+00  0.000000e+00  2.435024e+12  0.000000e+00  0.000000e+00  1.093905e+12  7.347596e+11  6.233452e+11  5.776701e+11
2.322083e+01  2.705757e+12  0.000000e+00  0.000000e+00  2.430718e+12  0.000000e+00  0.000000e+00  1.116004e+12  7.386051e+11  6.237170e+11  5.768732e+11
2.333661e+01  2.700920e+12  0.000000e+00  0.000000e+00  2.426373e+12  0.000000e+00  0.000000e+00  1.130896e+12  7.416152e+11  6.242867e+11  5.766371e+11
2.345296e+01  2.696214e+12  0.000000e+00  0.000000e+00  2.422145e+12  0.000000e+00  0.000000e+00  1.071924e+12  7.157727e+11  6.055298e+11  5.603095e+11
2.356989e+01  2.691421e+12  0.000000e+00  0.000000e+00  2.417840e+12  0.000000e+00  0.000000e+00  1.272750e+12  8.242578e+11  6.878137e+11  6.325692e+11
2.368741e+01  2.686757e+12  0.000000e+00  0.000000e+00  2.413650e+12  0.000000e+00  0.000000e+00  1.068749e+12  7.090434e+11  5.984394e+11  5.531739e+11
2.380551e+01  2.682007e+12  0.000000e+00  0.000000e+00  2.409382e+12  0.000000e+00  0.000000e+00  1.626572e+12  9.821371e+11  7.982016e+11  7.257709e+11
2.392420e+01  2.677383e+12  0.000000e+00  0.000000e+00  2.405228e+12  0.000000e+00  0.000000e+00  1.139698e+12  7.320090e+11  6.109644e+11  5.621333e+11
2.404348e+01  2.672451e+12  0.000000e+00  0.000000e+00  2.400798e+12  0.000000e+00  0.000000e+00  1.237758e+12  7.687956e+11  6.362325e+11  5.836276e+11
2.416335e+01  2.667284e+12  0.000000e+00  0.000000e+00  2.396156e+12  0.000000e+00  0.000000e+00  1.226836e+12  7.580425e+11  6.253653e+11  5.727205e+11
2.428383e+01  2.662149e+12  0.000000e+00  0.000000e+00  2.391543e+12  0.000000e+00  0.000000e+00  1.084358e+12  6.976396e+11  5.829927e+11  5.365523e+11
2.440490e+01  2.657014e+12  0.000000e+00  0.000000e+00  2.386930e+12  0.000000e+00  0.000000e+00  1.232778e+12  8.207760e+11  6.880267e+11  6.330505e+11
2.452658e+01  2.651921e+12  0.000000e+00  0.000000e+00  2.382355e+12  0.000000e+00  0.000000e+00  1.491412e+12  8.499386e+11  6.826861e+11  6.184197e+11
2.464892e+01  2.646857e+12  0.000000e+00  0.000000e+00  2.377805e+12  0.000000e+00  0.000000e+00  1.172861e+12  7.233621e+11  5.959222e+11  5.451898e+11
2.477193e+01  2.641776e+12  0.000000e+00  0.000000e+00  2.373241e+12  0.000000e+00  0.000000e+00  1.592507e+12  8.801792e+11  6.997906e+11  6.311911e+11
2.489555e+01  2.636774e+12  0.000000e+00  0.000000e+00  2.368748e+12  0.000000e+00  0.000000e+00  1.197303e+12  7.263826e+11  5.949619e+11  5.429605e+11
2.501978e+01  2.631771e+12  0.000000e+00  0.000000e+00  2.364253e+12  0.000000e+00  0.000000e+00  1.044142e+12  6.625058e+11  5.503106e+11  5.049111e+11
2.514464e+01  2.626613e+12  0.000000e+00  0.000000e+00  2.359619e+12  0.000000e+00  0.000000e+00  9.790467e+11  6.354822e+11  5.309288e+11  4.881189e+11
2.527012e+01  2.621177e+12  0.000000e+00  0.000000e+00  2.354736e+12  0.000000e+00  0.000000e+00  1.110914e+12  7.634253e+11  6.443902e+11  5.936741e+11
2.539622e+01  2.615699e+12  0.000000e+00  0.000000e+00  2.349815e+12  0.000000e+00  0.000000e+00  1.056839e+12  6.956567e+11  5.820530e+11  5.348717e+11
2.552296e+01  2.610222e+12  0.000000e+00  0.000000e+00  2.344895e+12  0.000000e+00  0.000000e+00  9.838345e+11  6.297296e+11  5.231314e+11  4.796747e+11
2.565033e+01  2.604822e+12  0.000000e+00  0.000000e+00  2.340044e+12  0.000000e+00  0.000000e+00  2.623168e+12  1.391351e+12  1.057152e+12  9.322562e+11
2.577833e+01  2.599423e+12  0.000000e+00  0.000000e+00  2.335193e+12  0.000000e+00  0.000000e+00  3.183856e+12  1.678096e+12  1.262162e+12  1.107148e+12
2.590697e+01  2.594062e+12  0.000000e+00  0.000000e+00  2.330377e+12  0.000000e+00  0.000000e+00  1.529904e+12  8.577796e+11  6.763102e+11  6.067671e+11
2.603625e+01  2.588737e+12  0.000000e+00  0.000000e+00  2.325593e+12  0.000000e+00  0.000000e+00  1.381402e+12  7.911827e+11  6.288869e+11  5.660978e+11
2.616618e+01  2.583375e+12  0.000000e+00  0.000000e+00  2.320777e+12  0.000000e+00  0.000000e+00  1.113805e+12  6.718896e+11  5.452380e+11  4.949769e+11
2.629676e+01  2.577999e+12  0.000000e+00  0.000000e+00  2.315947e+12  0.000000e+00  0.000000e+00  1.374606e+12  7.658763e+11  6.067071e+11  5.455748e+11
2.642799e+01  2.572310e+12  0.000000e+00  0.000000e+00  2.310837e+12  0.000000e+00  0.000000e+00  1.560830e+12  1.034480e+12  8.369724e+11  7.553944e+11
2.655987e+01  2.566545e+12  0.000000e+00  0.000000e+00  2.305657e+12  0.000000e+00  0.000000e+00  3.014756e+12  1.380406e+12  1.016632e+12  8.865285e+11
2.669242e+01  2.560781e+12  0.000000e+00  0.000000e+00  2.300479e+12  0.000000e+00  0.000000e+00  6.399545e+12  2.684512e+12  1.895225e+12  1.620721e+12
2.682562e+01  2.555054e+12  0.000000e+00  0.000000e+00  2.295334e+12  0.000000e+00  0.000000e+00  1.322691e+12  7.342796e+11  5.800184e+11  5.207011e+11
2.695949e+01  2.549328e+12  0.000000e+00  0.000000e+00  2.290190e+12  0.000000e+00  0.000000e+00  8.911351e+11  5.582414e+11  4.589686e+11  4.185579e+11
2.709402e+01  2.543708e+12  0.000000e+00  0.000000e+00  2.285142e+12  0.000000e+00  0.000000e+00  9.027084e+11  5.731310e+11  4.723679e+11  4.310139e+11
2.722923e+01  2.538018e+12  0.000000e+00  0.000000e+00  2.280030e+12  0.000000e+00  0.000000e+00  8.885193e+11  5.518379e+11  4.520645e+11  4.115575e+11
2.736511e+01  2.532433e+12  0.000000e+00  0.000000e+00  2.275013e+12  0.000000e+00  0.000000e+00  3.671005e+12  1.652028e+12  1.197859e+12  1.036303e+12
2.750167e+01  2.526793e+12  0.000000e+00  0.000000e+00  2.269946e+12  0.000000e+00  0.000000e+00  1.780328e+12  9.063103e+11  6.916076e+11  6.117585e+11
2.763891e+01  2.520880e+12  0.000000e+00  0.000000e+00  2.264634e+12  0.000000e+00  0.000000e+00  2.191728e+12  1.026250e+12  7.647810e+11  6.701766e+11
2.777684e+01  2.514819e+12  0.000000e+00  0.000000e+00  2.259189e+12  0.000000e+00  0.000000e+00  2.057616e+12  9.738373e+11  7.285693e+11  6.394329e+11
2.791546e+01  2.508794e+12  0.000000e+00  0.000000e+00  2.253776e+12  0.000000e+00  0.000000e+00  4.271164e+12  1.789191e+12  1.271325e+12  1.090871e+12
2.805476e+01  2.502769e+12  0.000000e+00  0.000000e+00  2.248364e+12  0.000000e+00  0.000000e+00  2.394968e+12  1.100745e+12  8.119137e+11  7.080263e+11
2.819476e+01  2.496746e+12  0.000000e+00  0.000000e+00  2.242953e+12  0.000000e+00  0.000000e+00  2.560045e+12  1.186734e+12  8.760918e+11  7.639001e+11
2.833546e+01  2.490824e+12  0.000000e+00  0.000000e+00  2.237633e+12  0.000000e+00  0.000000e+00  6.094124e+12  2.520284e+12  1.770771e+12  1.510533e+12
2.847687e+01  2.484903e+12  0.000000e+00  0.000000e+00  2.232314e+12  0.000000e+00  0.000000e+00  7.353908e+12  3.029771e+12  2.111310e+12  1.793311e+12
2.861897e+01  2.479014e+12  0.000000e+00  0.000000e+00  2.227023e+12  0.000000e+00  0.000000e+00  3.342085e+12  1.504766e+12  1.088917e+12  9.404856e+11
2.876179e+01  2.473126e+12  0.000000e+00  0.000000e+00  2.221734e+12  0.000000e+00  0.000000e+00  7.454887e+12  3.014057e+12  2.089889e+12  1.771632e+12
2.890532e+01  2.467047e+12  0.000000e+00  0.000000e+00  2.216273e+12  0.000000e+00  0.000000e+00  2.454246e+12  1.124873e+12  8.227662e+11  7.141990e+11
2.904957e+01  2.460734e+12  0.000000e+00  0.000000e+00  2.210602e+12  0.000000e+00  0.000000e+00  7.988848e+11  4.812641e+11  3.883341e+11  3.508082e+11
2.919453e+01  2.454409e+12  0.000000e+00  0.000000e+00  2.204920e+12  0.000000e+00  0.000000e+00  7.611622e+11  4.606415e+11  3.721292e+11  3.362850e+11
2.934022e+01  2.448118e+12  0.000000e+00  0.000000e+00  2.199268e+12  0.000000e+00  0.000000e+00  9.752526e+11  6.128372e+11  4.917614e+11  4.421745e+11
2.948664e+01  2.441861e+12  0.000000e+00  0.000000e+00  2.193647e+12  0.000000e+00  0.000000e+00  1.441699e+12  8.666259e+11  6.843636e+11  6.110952e+11
2.963379e+01  2.435667e+12  0.000000e+00  0.000000e+00  2.188082e+12  0.000000e+00  0.000000e+00  7.578678e+11  4.524410e+11  3.633586e+11  3.274493e+11
2.978167e+01  2.429473e+12  0.000000e+00  0.000000e+00  2.182519e+12  0.000000e+00  0.000000e+00  1.989214e+12  9.899945e+11  7.344091e+11  6.400303e+11
2.993029e+01  2.423311e+12  0.000000e+00  0.000000e+00  2.176983e+12  0.000000e+00  0.000000e+00  1.000749e+12  5.445509e+11  4.233946e+11  3.766384e+11
3.007965e+01  2.417182e+12  0.000000e+00  0.000000e+00  2.171476e+12  0.000000e+00  0.000000e+00  7.455692e+11  4.369291e+11  3.487016e+11  3.133828e+11
3.022976e+01  2.410929e+12  0.000000e+00  0.000000e+00  2.165859e+12  0.000000e+00  0.000000e+00  8.888707e+11  4.928713e+11  3.857094e+11  3.439507e+11
3.038061e+01  2.404386e+12  0.000000e+00  0.000000e+00  2.159982e+12  0.000000e+00  0.000000e+00  7.770231e+11  4.460644e+11  3.528788e+11  3.159442e+11
3.053222e+01  2.397857e+12  0.000000e+00  0.000000e+00  2.154116e+12  0.000000e+00  0.000000e+00  7.723857e+11  4.416969e+11  3.490918e+11  3.123924e+11
3.068459e+01  2.391330e+12  0.000000e+00  0.000000e+00  2.148253e+12  0.000000e+00  0.000000e+00  3.431692e+12  1.488346e+12  1.056977e+12  9.046868e+11
3.083771e+01  2.384834e+12  0.000000e+00  0.000000e+00  2.142417e+12  0.000000e+00  0.000000e+00  6.307605e+12  2.569420e+12  1.781232e+12  1.508740e+12
3.099160e+01  2.378398e+12  0.000000e+00  0.000000e+00  2.136636e+12  0.000000e+00  0.000000e+00  3.655172e+12  1.575072e+12  1.113638e+12  9.511544e+11
3.114626e+01  2.371936e+12  0.000000e+00  0.000000e+00  2.130830e+12  0.000000e+00  0.000000e+00  7.063819e+11  4.074174e+11  3.218216e+11  2.877343e+11
3.130169e+01  2.365561e+12  0.000000e+00  0.000000e+00  2.125103e+12  0.000000e+00  0.000000e+00  6.750158e+11  3.891238e+11  3.076439e+11  2.751620e+11
3.145789e+01  2.359243e+12  0.000000e+00  0.000000e+00  2.119427e+12  0.000000e+00  0.000000e+00  6.779979e+11  3.867845e+11  3.048202e+11  2.722819e+11
3.161488e+01  2.352756e+12  0.000000e+00  0.000000e+00  2.113600e+12  0.000000e+00  0.000000e+00  6.390903e+11  3.705911e+11  2.931512e+11  2.621731e+11
3.177265e+01  2.346102e+12  0.000000e+00  0.000000e+00  2.107622e+12  0.000000e+00  0.000000e+00  6.984118e+11  4.007153e+11  3.143596e+11  2.800808e+11
3.193120e+01  2.339283e+12  0.000000e+00  0.000000e+00  2.101496e+12  0.000000e+00  0.000000e+00  1.248946e+12  7.889640e+11  6.263832e+11  5.590478e+11
3.209055e+01  2.332604e+12  0.000000e+00  0.000000e+00  2.095496e+12  0.000000e+00  0.000000e+00  7.529796e+11  4.659329e+11  3.727669e+11  3.344845e+11
3.225069e+01  2.325900e+12  0.000000e+00  0.000000e+00  2.089474e+12  0.000000e+00  0.000000e+00  1.485943e+12  8.614896e+11  6.698249e+11  5.934095e+11
3.241163e+01  2.319172e+12  0.000000e+00  0.000000e+00  2.083430e+12  0.000000e+00  0.000000e+00  8.467976e+11  4.374110e+11  3.335225e+11  2.939327e+11
3.257337e+01  2.312581e+12  0.000000e+00  0.000000e+00  2.077508e+12  0.000000e+00  0.000000e+00  6.195809e+11  3.507242e+11  2.743779e+11  2.441246e+11
3.273592e+01  2.305965e+12  0.000000e+00  0.000000e+00  2.071565e+12  0.000000e+00  0.000000e+00  9.415723e+11  4.807674e+11  3.642143e+11  3.200114e+11
3.289929e+01  2.299430e+12  0.000000e+00  0.000000e+00  2.065694e+12  0.000000e+00  0.000000e+00  5.995606e+11  3.356395e+11  2.617329e+11  2.325594e+11
3.306346e+01  2.292770e+12  0.000000e+00  0.000000e+00  2.059711e+12  0.000000e+00  0.000000e+00  5.890350e+11  3.295157e+11  2.567108e+11  2.279802e+11
3.322846e+01  2.286050e+12  0.000000e+00  0.000000e+00  2.053674e+12  0.000000e+00  0.000000e+00  7.836401e+11  4.011923e+11  3.040081e+11  2.671141e+11
3.339428e+01  2.279008e+12  0.000000e+00  0.000000e+00  2.047348e+12  0.000000e+00  0.000000e+00  7.144187e+11  3.734447e+11  2.847526e+11  2.507575e+11
3.356093e+01  2.272149e+12  0.000000e+00  0.000000e+00  2.041186e+12  0.000000e+00  0.000000e+00  1.267298e+12  5.780497e+11  4.212909e+11  3.644101e+11
3.372841e+01  2.265217e+12  0.000000e+00  0.000000e+00  2.034959e+12  0.000000e+00  0.000000e+00  6.683518e+12  2.578059e+12  1.755733e+12  1.475764e+12
3.389672e+01  2.258364e+12  0.000000e+00  0.000000e+00  2.028802e+12  0.000000e+00  0.000000e+00  4.359883e+12  1.765510e+12  1.219615e+12  1.030904e+12
3.406588e+01  2.251588e+12  0.000000e+00  0.000000e+00  2.022715e+12  0.000000e+00  0.000000e+00  2.257703e+12  9.404222e+11  6.610852e+11  5.632478e+11
3.423588e+01  2.244741e+12  0.000000e+00  0.000000e+00  2.016564e+12  0.000000e+00  0.000000e+00  6.400953e+11  3.405351e+11  2.602903e+11  2.292662e+11
3.440672e+01  2.238019e+12  0.000000e+00  0.000000e+00  2.010526e+12  0.000000e+00  0.000000e+00  8.499071e+11  4.154753e+11  3.088978e+11  2.691422e+11
3.457842e+01  2.231276e+12  0.000000e+00  0.000000e+00  2.004468e+12  0.000000e+00  0.000000e+00  3.710091e+12  1.666962e+12  1.180788e+12  1.006988e+12
3.475098e+01  2.224339e+12  0.000000e+00  0.000000e+00  1.998236e+12  0.000000e+00  0.000000e+00  3.815129e+12  1.493330e+12  1.025409e+12  8.650193e+11
3.492440e+01  2.217291e+12  0.000000e+00  0.000000e+00  1.991904e+12  0.000000e+00  0.000000e+00  1.457014e+12  6.614746e+11  4.752835e+11  4.081548e+11
3.509868e+01  2.210163e+12  0.000000e+00  0.000000e+00  1.985501e+12  0.000000e+00  0.000000e+00  3.605236e+12  1.444715e+12  9.973628e+11  8.430972e+11
3.527384e+01  2.203111e+12  0.000000e+00  0.000000e+00  1.979166e+12  0.000000e+00  0.000000e+00  1.620626e+12  7.115591e+11  5.070760e+11  4.342734e+11
3.544986e+01  2.196132e+12  0.000000e+00  0.000000e+00  1.972896e+12  0.000000e+00  0.000000e+00  4.448887e+12  1.739568e+12  1.189848e+12  1.001894e+12
3.562677e+01  2.189133e+12  0.000000e+00  0.000000e+00  1.966609e+12  0.000000e+00  0.000000e+00  1.880953e+12  7.757812e+11  5.441355e+11  4.632562e+11
3.580456e+01  2.182161e+12  0.000000e+00  0.000000e+00  1.960346e+12  0.000000e+00  0.000000e+00  2.335622e+12  9.398830e+11  6.526008e+11  5.532103e+11
3.598323e+01  2.175306e+12  0.000000e+00  0.000000e+00  1.954188e+12  0.000000e+00  0.000000e+00  2.829565e+12  1.125472e+12  7.770519e+11  6.571056e+11
3.616280e+01  2.168387e+12  0.000000e+00  0.000000e+00  1.947971e+12  0.000000e+00  0.000000e+00  4.798305e+11  2.588357e+11  1.975313e+11  1.738147e+11
3.634326e+01  2.161384e+12  0.000000e+00  0.000000e+00  1.941680e+12  0.000000e+00  0.000000e+00  1.991812e+12  8.063100e+11  5.610984e+11  4.760694e+11
3.652463e+01  2.154230e+12  0.000000e+00  0.000000e+00  1.935254e+12  0.000000e+00  0.000000e+00  1.915100e+12  8.162886e+11  5.758866e+11  4.910470e+11
3.670690e+01  2.146991e+12  0.000000e+00  0.000000e+00  1.928751e+12  0.000000e+00  0.000000e+00  8.184724e+11  3.738491e+11  2.716652e+11  2.345907e+11
3.689007e+01  2.139823e+12  0.000000e+00  0.000000e+00  1.922311e+12  0.000000e+00  0.000000e+00  7.855014e+11  3.596585e+11  2.614879e+11  2.258392e+11
3.707417e+01  2.132680e+12  0.000000e+00  0.000000e+00  1.915895e+12  0.000000e+00  0.000000e+00  1.686823e+12  6.927198e+11  4.835586e+11  4.107029e+11
3.725918e+01  2.125564e+12  0.000000e+00  0.000000e+00  1.909501e+12  0.000000e+00  0.000000e+00  4.054780e+11  2.175949e+11  1.655523e+11  1.454570e+11
3.744511e+01  2.118515e+12  0.000000e+00  0.000000e+00  1.903169e+12  0.000000e+00  0.000000e+00  3.845276e+11  2.071762e+11  1.577894e+11  1.386869e+11
3.763198e+01  2.111448e+12  0.000000e+00  0.000000e+00  1.896821e+12  0.000000e+00  0.000000e+00  4.685273e+11  2.361222e+11  1.764990e+11  1.540411e+11
3.781977e+01  2.104491e+12  0.000000e+00  0.000000e+00  1.890570e+12  0.000000e+00  0.000000e+00  3.719891e+11  1.992803e+11  1.514031e+11  1.329293e+11
3.800850e+01  2.097382e+12  0.000000e+00  0.000000e+00  1.884184e+12  0.000000e+00  0.000000e+00  3.684028e+11  1.968533e+11  1.493586e+11  1.310539e+11
3.819818e+01  2.090172e+12  0.000000e+00  0.000000e+00  1.877708e+12  0.000000e+00  0.000000e+00  4.102373e+11  2.119346e+11  1.592120e+11  1.391625e+11
3.838880e+01  2.082872e+12  0.000000e+00  0.000000e+00  1.871149e+12  0.000000e+00  0.000000e+00  7.744657e+11  4.190615e+11  3.124960e+11  2.716710e+11
3.858037e+01  2.075556e+12  0.000000e+00  0.000000e+00  1.864577e+12  0.000000e+00  0.000000e+00  6.223023e+11  3.060693e+11  2.248938e+11  1.947182e+11
3.877290e+01  2.068347e+12  0.000000e+00  0.000000e+00  1.858101e+12  0.000000e+00  0.000000e+00  3.456043e+12  1.334227e+12  9.075490e+11  7.622073e+11
3.896639e+01  2.061161e+12  0.000000e+00  0.000000e+00  1.851645e+12  0.000000e+00  0.000000e+00  5.241412e+11  2.553477e+11  1.878599e+11  1.627972e+11
3.916084e+01  2.053961e+12  0.000000e+00  0.000000e+00  1.845177e+12  0.000000e+00  0.000000e+00  2.926666e+12  1.135505e+12  7.742623e+11  6.509341e+11
3.935626e+01  2.046823e+12  0.000000e+00  0.000000e+00  1.838765e+12  0.000000e+00  0.000000e+00  3.761341e+12  1.441621e+12  9.782405e+11  8.207267e+11
3.955266e+01  2.039749e+12  0.000000e+00  0.000000e+00  1.832409e+12  0.000000e+00  0.000000e+00  1.923507e+12  7.792524e+11  5.400321e+11  4.570126e+11
3.975004e+01  2.032659e+12  0.000000e+00  0.000000e+00  1.826041e+12  0.000000e+00  0.000000e+00  2.086647e+12  9.327919e+11  6.626359e+11  5.656112e+11
3.994841e+01  2.025400e+12  0.000000e+00  0.000000e+00  1.819519e+12  0.000000e+00  0.000000e+00  3.797313e+11  1.959667e+11  1.461345e+11  1.272266e+11
4.014776e+01  2.018008e+12  0.000000e+00  0.000000e+00  1.812878e+12  0.000000e+00  0.000000e+00  1.333432e+12  5.503928e+11  3.837283e+11  3.254935e+11
4.034811e+01  2.010640e+12  0.000000e+00  0.000000e+00  1.806260e+12  0.000000e+00  0.000000e+00  9.319386e+11  4.709778e+11  3.459894e+11  2.990322e+11
4.054946e+01  2.003371e+12  0.000000e+00  0.000000e+00  1.799730e+12  0.000000e+00  0.000000e+00  2.037320e+12  1.108794e+12  8.257669e+11  7.165793e+11
4.075182e+01  1.996089e+12  0.000000e+00  0.000000e+00  1.793187e+12  0.000000e+00  0.000000e+00  1.217466e+14  5.553628e+13  3.929695e+13  3.345663e+13
4.095518e+01  1.988866e+12  0.000000e+00  0.000000e+00  1.786699e+12  0.000000e+00  0.000000e+00  2.902061e+12  1.412233e+12  1.024777e+12  8.811504e+11
4.115956e+01  1.981666e+12  0.000000e+00  0.000000e+00  1.780231e+12  0.000000e+00  0.000000e+00  8.427440e+11  4.311665e+11  3.171878e+11  2.742131e+11
4.136496e+01  1.974525e+12  0.000000e+00  0.000000e+00  1.773816e+12  0.000000e+00  0.000000e+00  4.785074e+11  2.321422e+11  1.695288e+11  1.463414e+11
4.157138e+01  1.967371e+12  0.000000e+00  0.000000e+00  1.767389e+12  0.000000e+00  0.000000e+00  3.423197e+11  1.763451e+11  1.308308e+11  1.136084e+11
4.177884e+01  1.960141e+12  0.000000e+00  0.000000e+00  1.760894e+12  0.000000e+00  0.000000e+00  1.759110e+12  6.944193e+11  4.764711e+11  4.015220e+11
4.198732e+01  1.952720e+12  0.000000e+00  0.000000e+00  1.754227e+12  0.000000e+00  0.000000e+00  2.905789e+11  1.484208e+11  1.100887e+11  9.561471e+10
4.219685e+01  1.945346e+12  0.000000e+00  0.000000e+00  1.747602e+12  0.000000e+00  0.000000e+00  3.322257e+11  1.631048e+11  1.195844e+11  1.034052e+11
4.240743e+01  1.938029e+12  0.000000e+00  0.000000e+00  1.741029e+12  0.000000e+00  0.000000e+00  1.431708e+12  5.606723e+11  3.838022e+11  3.231600e+11
4.261905e+01  1.930701e+12  0.000000e+00  0.000000e+00  1.734446e+12  0.000000e+00  0.000000e+00  9.982569e+11  4.025680e+11  2.783787e+11  2.353470e+11
4.283174e+01  1.923463e+12  0.000000e+00  0.000000e+00  1.727944e+12  0.000000e+00  0.000000e+00  4.570053e+11  2.253638e+11  1.647406e+11  1.421586e+11
4.304548e+01  1.916213e+12  0.000000e+00  0.000000e+00  1.721431e+12  0.000000e+00  0.000000e+00  2.973187e+11  1.445276e+11  1.057055e+11  9.131261e+10
4.326029e+01  1.909018e+12  0.000000e+00  0.000000e+00  1.714968e+12  0.000000e+00  0.000000e+00  3.274167e+11  1.545528e+11  1.120700e+11  9.649399e+10
4.347617e+01  1.901846e+12  0.000000e+00  0.000000e+00  1.708524e+12  0.000000e+00  0.000000e+00  4.178990e+11  1.859373e+11  1.326251e+11  1.134841e+11
4.369313e+01  1.894646e+12  0.000000e+00  0.000000e+00  1.702057e+12  0.000000e+00  0.000000e+00  3.525098e+11  1.654819e+11  1.198233e+11  1.030955e+11
4.391117e+01  1.887272e+12  0.000000e+00  0.000000e+00  1.695432e+12  0.000000e+00  0.000000e+00  2.409669e+11  1.213614e+11  8.939870e+10  7.740308e+10
4.413030e+01  1.879901e+12  0.000000e+00  0.000000e+00  1.688810e+12  0.000000e+00  0.000000e+00  8.267147e+11  3.361086e+11  2.324514e+11  1.964691e+11
4.435053e+01  1.872520e+12  0.000000e+00  0.000000e+00  1.682179e+12  0.000000e+00  0.000000e+00  2.707614e+11  1.330978e+11  9.726361e+10  8.394148e+10
4.457185e+01  1.865256e+12  0.000000e+00  0.000000e+00  1.675654e+12  0.000000e+00  0.000000e+00  1.070977e+12  4.306746e+11  2.963102e+11  2.498734e+11
4.479428e+01  1.857981e+12  0.000000e+00  0.000000e+00  1.669119e+12  0.000000e+00  0.000000e+00  2.864449e+12  1.088345e+12  7.347708e+11  6.149639e+11
4.501781e+01  1.850759e+12  0.000000e+00  0.000000e+00  1.662630e+12  0.000000e+00  0.000000e+00  8.773567e+11  3.652538e+11  2.537121e+11  2.147025e+11
4.524247e+01  1.843557e+12  0.000000e+00  0.000000e+00  1.656161e+12  0.000000e+00  0.000000e+00  3.989520e+11  1.771566e+11  1.257612e+11  1.073549e+11
4.546824e+01  1.836376e+12  0.000000e+00  0.000000e+00  1.649710e+12  0.000000e+00  0.000000e+00  4.162204e+11  1.818217e+11  1.284322e+11  1.094268e+11
4.569514e+01  1.829211e+12  0.000000e+00  0.000000e+00  1.643273e+12  0.000000e+00  0.000000e+00  5.329159e+11  2.218899e+11  1.546747e+11  1.311280e+11
4.592317e+01  1.821887e+12  0.000000e+00  0.000000e+00  1.636693e+12  0.000000e+00  0.000000e+00  4.242364e+11  1.842912e+11  1.297709e+11  1.104182e+11
4.615234e+01  1.814561e+12  0.000000e+00  0.000000e+00  1.630111e+12  0.000000e+00  0.000000e+00  3.021178e+11  1.378355e+11  9.848548e+10  8.426442e+10
4.638266e+01  1.807225e+12  0.000000e+00  0.000000e+00  1.623522e+12  0.000000e+00  0.000000e+00  3.473654e+11  1.529663e+11  1.083268e+11  9.237922e+10
4.661412e+01  1.799969e+12  0.000000e+00  0.000000e+00  1.617003e+12  0.000000e+00  0.000000e+00  5.403739e+11  2.264750e+11  1.576814e+11  1.335665e+11
4.684674e+01  1.792704e+12  0.000000e+00  0.000000e+00  1.610477e+12  0.000000e+00  0.000000e+00  6.081341e+11  2.457354e+11  1.696540e+11  1.432743e+11
4.708052e+01  1.785517e+12  0.000000e+00  0.000000e+00  1.604020e+12  0.000000e+00  0.000000e+00  2.071191e+11  1.000535e+11  7.257217e+10  6.242919e+10
4.731547e+01  1.778350e+12  0.000000e+00  0.000000e+00  1.597581e+12  0.000000e+00  0.000000e+00  2.197846e+11  1.042062e+11  7.522046e+10  6.459462e+10
4.755158e+01  1.771202e+12  0.000000e+00  0.000000e+00  1.591160e+12  0.000000e+00  0.000000e+00  5.775558e+11  2.409825e+11  1.678659e+11  1.422303e+11
4.778888e+01  1.764104e+12  0.000000e+00  0.000000e+00  1.584784e+12  0.000000e+00  0.000000e+00  8.336450e+11  3.616592e+11  2.541833e+11  2.160315e+11
4.802736e+01  1.756865e+12  0.000000e+00  0.000000e+00  1.578281e+12  0.000000e+00  0.000000e+00  3.197067e+12  1.315314e+12  9.096892e+11  7.682801e+11
4.826703e+01  1.749564e+12  0.000000e+00  0.000000e+00  1.571722e+12  0.000000e+00  0.000000e+00  6.123225e+13  2.749616e+13  1.933635e+13  1.642245e+13
4.850790e+01  1.742338e+12  0.000000e+00  0.000000e+00  1.565230e+12  0.000000e+00  0.000000e+00  1.360646e+12  6.488875e+11  4.657201e+11  3.986195e+11
4.874997e+01  1.735078e+12  0.000000e+00  0.000000e+00  1.558708e+12  0.000000e+00  0.000000e+00  7.082636e+11  3.105249e+11  2.187568e+11  1.860717e+11
4.899325e+01  1.727917e+12  0.000000e+00  0.000000e+00  1.552275e+12  0.000000e+00  0.000000e+00  2.241058e+11  1.069346e+11  7.736416e+10  6.650670e+10
4.923774e+01  1.720750e+12  0.000000e+00  0.000000e+00  1.545836e+12  0.000000e+00  0.000000e+00  2.319275e+11  1.045133e+11  7.460353e+10  6.383588e+10
4.948345e+01  1.713653e+12  0.000000e+00  0.000000e+00  1.539461e+12  0.000000e+00  0.000000e+00  4.494128e+11  1.834954e+11  1.270429e+11  1.074253e+11
4.972209e+01  1.706801e+12  0.000000e+00  0.000000e+00  1.533305e+12  0.000000e+00  0.000000e+00  2.925509e+11  1.277325e+11  9.025848e+10  7.692720e+10
4.995359e+01  1.700235e+12  0.000000e+00  0.000000e+00  1.527407e+12  0.000000e+00  0.000000e+00  1.245886e+12  4.907356e+11  3.341683e+11  2.805776e+11
5.018617e+01  1.693604e+12  0.000000e+00  0.000000e+00  1.521450e+12  0.000000e+00  0.000000e+00  5.464701e+11  2.439466e+11  1.721190e+11  1.464556e+11
5.041982e+01  1.686883e+12  0.000000e+00  0.000000e+00  1.515412e+12  0.000000e+00  0.000000e+00  3.987239e+11  1.731562e+11  1.218255e+11  1.036126e+11
5.065457e+01  1.680161e+12  0.000000e+00  0.000000e+00  1.509374e+12  0.000000e+00  0.000000e+00  1.616303e+12  6.399197e+11  4.378055e+11  3.682985e+11
5.089041e+01  1.673514e+12  0.000000e+00  0.000000e+00  1.503402e+12  0.000000e+00  0.000000e+00  7.878864e+11  3.953676e+11  2.873230e+11  2.470328e+11
5.112735e+01  1.666860e+12  0.000000e+00  0.000000e+00  1.497425e+12  0.000000e+00  0.000000e+00  4.098629e+13  1.840593e+13  1.294578e+13  1.099548e+13
5.136539e+01  1.660255e+12  0.000000e+00  0.000000e+00  1.491491e+12  0.000000e+00  0.000000e+00  7.549064e+11  3.791223e+11  2.754946e+11  2.368470e+11
5.160454e+01  1.653695e+12  0.000000e+00  0.000000e+00  1.485598e+12  0.000000e+00  0.000000e+00  4.694571e+11  2.135506e+11  1.519006e+11  1.296556e+11
5.184480e+01  1.647130e+12  0.000000e+00  0.000000e+00  1.479700e+12  0.000000e+00  0.000000e+00  3.224495e+11  1.523759e+11  1.094921e+11  9.381365e+10
5.208618e+01  1.640587e+12  0.000000e+00  0.000000e+00  1.473822e+12  0.000000e+00  0.000000e+00  5.366572e+11  2.634022e+11  1.905526e+11  1.635889e+11
5.232869e+01  1.634138e+12  0.000000e+00  0.000000e+00  1.468029e+12  0.000000e+00  0.000000e+00  2.262186e+13  1.016941e+13  7.161992e+12  6.087432e+12
5.257125e+01  1.627582e+12  0.000000e+00  0.000000e+00  1.462139e+12  0.000000e+00  0.000000e+00  7.382953e+11  3.604113e+11  2.619783e+11  2.254951e+11
5.281385e+01  1.621058e+12  0.000000e+00  0.000000e+00  1.456279e+12  0.000000e+00  0.000000e+00  1.520787e+13  7.139505e+12  5.116537e+12  4.380924e+12
5.305758e+01  1.614518e+12  0.000000e+00  0.000000e+00  1.450403e+12  0.000000e+00  0.000000e+00  1.386335e+12  5.765142e+11  4.012468e+11  3.398534e+11
5.330242e+01  1.607999e+12  0.000000e+00  0.000000e+00  1.444547e+12  0.000000e+00  0.000000e+00  1.026793e+13  5.086336e+12  3.703708e+12  3.190696e+12
5.354840e+01  1.601548e+12  0.000000e+00  0.000000e+00  1.438751e+12  0.000000e+00  0.000000e+00  8.255015e+12  4.159223e+12  3.050223e+12  2.635420e+12
5.379552e+01  1.595093e+12  0.000000e+00  0.000000e+00  1.432953e+12  0.000000e+00  0.000000e+00  9.666196e+12  5.231686e+12  3.920747e+12  3.416171e+12
5.404377e+01  1.588681e+12  0.000000e+00  0.000000e+00  1.427193e+12  0.000000e+00  0.000000e+00  9.391772e+12  5.411745e+12  4.148011e+12  3.647528e+12
5.429317e+01  1.582290e+12  0.000000e+00  0.000000e+00  1.421451e+12  0.000000e+00  0.000000e+00  6.580461e+12  3.911506e+12  3.054104e+12  2.708440e+12
5.455453e+01  1.575666e+12  0.000000e+00  0.000000e+00  1.415501e+12  0.000000e+00  0.000000e+00  4.068373e+12  2.092797e+12  1.631541e+12  1.464986e+12
5.482795e+01  1.568775e+12  0.000000e+00  0.000000e+00  1.409310e+12  0.000000e+00  0.000000e+00  2.758932e+12  1.557382e+12  1.249772e+12  1.135409e+12
5.510275e+01  1.561873e+12  0.000000e+00  0.000000e+00  1.403110e+12  0.000000e+00  0.000000e+00  4.163485e+12  2.055171e+12  1.573459e+12  1.401193e+12
5.537892e+01  1.554880e+12  0.000000e+00  0.000000e+00  1.396827e+12  0.000000e+00  0.000000e+00  2.873220e+12  1.561341e+12  1.236860e+12  1.117592e+12
5.565647e+01  1.547945e+12  0.000000e+00  0.000000e+00  1.390597e+12  0.000000e+00  0.000000e+00  2.609200e+12  1.443579e+12  1.150797e+12  1.042570e+12
5.593542e+01  1.541026e+12  0.000000e+00  0.000000e+00  1.384382e+12  0.000000e+00  0.000000e+00  2.652950e+12  1.444119e+12  1.144418e+12  1.034165e+12
5.621576e+01  1.534145e+12  0.000000e+00  0.000000e+00  1.378200e+12  0.000000e+00  0.000000e+00  2.507274e+12  1.370870e+12  1.088462e+12  9.844118e+11
5.649751e+01  1.527321e+12  0.000000e+00  0.000000e+00  1.372070e+12  0.000000e+00  0.000000e+00  2.341195e+12  1.293357e+12  1.030275e+12  9.330159e+11
5.678067e+01  1.520493e+12  0.000000e+00  0.000000e+00  1.365935e+12  0.000000e+00  0.000000e+00  2.394668e+12  1.298984e+12  1.027930e+12  9.282600e+11
5.706525e+01  1.513740e+12  0.000000e+00  0.000000e+00  1.359869e+12  0.000000e+00  0.000000e+00  5.356425e+12  2.379963e+12  1.742826e+12  1.520768e+12
5.735126e+01  1.506983e+12  0.000000e+00  0.000000e+00  1.353799e+12  0.000000e+00  0.000000e+00  2.250021e+12  1.213774e+12  9.587959e+11  8.651575e+11
5.763870e+01  1.500217e+12  0.000000e+00  0.000000e+00  1.347721e+12  0.000000e+00  0.000000e+00  2.370505e+12  1.255044e+12  9.823902e+11  8.827462e+11
5.792758e+01  1.493388e+12  0.000000e+00  0.000000e+00  1.341586e+12  0.000000e+00  0.000000e+00  1.979444e+12  1.084422e+12  8.609986e+11  7.785332e+11
5.821790e+01  1.486601e+12  0.000000e+00  0.000000e+00  1.335489e+12  0.000000e+00  0.000000e+00  1.913618e+12  1.046352e+12  8.301705e+11  7.504096e+11
5.850969e+01  1.479848e+12  0.000000e+00  0.000000e+00  1.329422e+12  0.000000e+00  0.000000e+00  1.879666e+12  1.020336e+12  8.075450e+11  7.291939e+11
5.880293e+01  1.473111e+12  0.000000e+00  0.000000e+00  1.323370e+12  0.000000e+00  0.000000e+00  1.816541e+12  9.843035e+11  7.784600e+11  7.026923e+11
5.909765e+01  1.466426e+12  0.000000e+00  0.000000e+00  1.317365e+12  0.000000e+00  0.000000e+00  1.943070e+12  1.019545e+12  7.972461e+11  7.161827e+11
5.939384e+01  1.459775e+12  0.000000e+00  0.000000e+00  1.311390e+12  0.000000e+00  0.000000e+00  1.724284e+12  9.262228e+11  7.302126e+11  6.582186e+11
5.969152e+01  1.453121e+12  0.000000e+00  0.000000e+00  1.305412e+12  0.000000e+00  0.000000e+00  2.266479e+12  1.111957e+12  8.488742e+11  7.547167e+11
5.999069e+01  1.446554e+12  0.000000e+00  0.000000e+00  1.299513e+12  0.000000e+00  0.000000e+00  1.931317e+12  9.787059e+11  7.558271e+11  6.753182e+11
6.029136e+01  1.439944e+12  0.000000e+00  0.000000e+00  1.293574e+12  0.000000e+00  0.000000e+00  1.552964e+12  8.287258e+11  6.516154e+11  5.866465e+11
6.059353e+01  1.433299e+12  0.000000e+00  0.000000e+00  1.287605e+12  0.000000e+00  0.000000e+00  1.629848e+12  8.466882e+11  6.594822e+11  5.913462e+11
6.089722e+01  1.426680e+12  0.000000e+00  0.000000e+00  1.281659e+12  0.000000e+00  0.000000e+00  1.531796e+12  8.002289e+11  6.245469e+11  5.604812e+11
6.120243e+01  1.420076e+12  0.000000e+00  0.000000e+00  1.275726e+12  0.000000e+00  0.000000e+00  1.571739e+12  8.048683e+11  6.237776e+11  5.581124e+11
6.150917e+01  1.413521e+12  0.000000e+00  0.000000e+00  1.269837e+12  0.000000e+00  0.000000e+00  1.933976e+12  9.267088e+11  7.010072e+11  6.206632e+11
6.181745e+01  1.406997e+12  0.000000e+00  0.000000e+00  1.263977e+12  0.000000e+00  0.000000e+00  3.299607e+12  1.454594e+12  1.054854e+12  9.153731e+11
6.212728e+01  1.400505e+12  0.000000e+00  0.000000e+00  1.258144e+12  0.000000e+00  0.000000e+00  1.332018e+12  6.900126e+11  5.366048e+11  4.807525e+11
6.243865e+01  1.394043e+12  0.000000e+00  0.000000e+00  1.252340e+12  0.000000e+00  0.000000e+00  1.308510e+12  6.729308e+11  5.219334e+11  4.670652e+11
6.275159e+01  1.387580e+12  0.000000e+00  0.000000e+00  1.246533e+12  0.000000e+00  0.000000e+00  1.278221e+12  6.533813e+11  5.056128e+11  4.520058e+11
6.306610e+01  1.381190e+12  0.000000e+00  0.000000e+00  1.240793e+12  0.000000e+00  0.000000e+00  1.255593e+12  6.368686e+11  4.914999e+11  4.388678e+11
6.338218e+01  1.374742e+12  0.000000e+00  0.000000e+00  1.235001e+12  0.000000e+00  0.000000e+00  1.395978e+12  6.758427e+11  5.107043e+11  4.514527e+11
6.369985e+01  1.368292e+12  0.000000e+00  0.000000e+00  1.229206e+12  0.000000e+00  0.000000e+00  3.257261e+12  1.375518e+12  9.773952e+11  8.396389e+11
6.401910e+01  1.361872e+12  0.000000e+00  0.000000e+00  1.223438e+12  0.000000e+00  0.000000e+00  1.308373e+12  6.272869e+11  4.722750e+11  4.167687e+11
6.433996e+01  1.355513e+12  0.000000e+00  0.000000e+00  1.217726e+12  0.000000e+00  0.000000e+00  1.029195e+12  5.018756e+11  3.773931e+11  3.322873e+11
6.466243e+01  1.349152e+12  0.000000e+00  0.000000e+00  1.212011e+12  0.000000e+00  0.000000e+00  9.813780e+11  4.787901e+11  3.599182e+11  3.168340e+11
6.498651e+01  1.342820e+12  0.000000e+00  0.000000e+00  1.206323e+12  0.000000e+00  0.000000e+00  1.240726e+12  5.921038e+11  4.390786e+11  3.838962e+11
6.531222e+01  1.336548e+12  0.000000e+00  0.000000e+00  1.200688e+12  0.000000e+00  0.000000e+00  9.609728e+11  4.601025e+11  3.435168e+11  3.014964e+11
6.563956e+01  1.330303e+12  0.000000e+00  0.000000e+00  1.195079e+12  0.000000e+00  0.000000e+00  8.512437e+11  4.151297e+11  3.117923e+11  2.743281e+11
6.596854e+01  1.324048e+12  0.000000e+00  0.000000e+00  1.189460e+12  0.000000e+00  0.000000e+00  1.107540e+12  5.025610e+11  3.680593e+11  3.203531e+11
6.629917e+01  1.317806e+12  0.000000e+00  0.000000e+00  1.183852e+12  0.000000e+00  0.000000e+00  1.139543e+12  5.154459e+11  3.758363e+11  3.263706e+11
6.663145e+01  1.311555e+12  0.000000e+00  0.000000e+00  1.178236e+12  0.000000e+00  0.000000e+00  7.584845e+11  3.675099e+11  2.751717e+11  2.417496e+11
6.696540e+01  1.305360e+12  0.000000e+00  0.000000e+00  1.172671e+12  0.000000e+00  0.000000e+00  1.252065e+12  5.641720e+11  4.087403e+11  3.536644e+11
6.730103e+01  1.299135e+12  0.000000e+00  0.000000e+00  1.167079e+12  0.000000e+00  0.000000e+00  1.471106e+12  6.209251e+11  4.409979e+11  3.785014e+11
6.763834e+01  1.292995e+12  0.000000e+00  0.000000e+00  1.161563e+12  0.000000e+00  0.000000e+00  7.069757e+11  3.362427e+11  2.499960e+11  2.189470e+11
6.797733e+01  1.286853e+12  0.000000e+00  0.000000e+00  1.156045e+12  0.000000e+00  0.000000e+00  8.912117e+11  3.993954e+11  2.906067e+11  2.521445e+11
6.831803e+01  1.280766e+12  0.000000e+00  0.000000e+00  1.150577e+12  0.000000e+00  0.000000e+00  6.263917e+11  2.995631e+11  2.231239e+11  1.955490e+11
6.866044e+01  1.274678e+12  0.000000e+00  0.000000e+00  1.145107e+12  0.000000e+00  0.000000e+00  8.316108e+11  3.705325e+11  2.690809e+11  2.332607e+11
6.900456e+01  1.268670e+12  0.000000e+00  0.000000e+00  1.139711e+12  0.000000e+00  0.000000e+00  6.308739e+11  2.942995e+11  2.172387e+11  1.896478e+11
6.935040e+01  1.262625e+12  0.000000e+00  0.000000e+00  1.134280e+12  0.000000e+00  0.000000e+00  5.646279e+11  2.669623e+11  1.979472e+11  1.731315e+11
6.969798e+01  1.256541e+12  0.000000e+00  0.000000e+00  1.128815e+12  0.000000e+00  0.000000e+00  5.555237e+11  2.606515e+11  1.927108e+11  1.683365e+11
7.004730e+01  1.250563e+12  0.000000e+00  0.000000e+00  1.123444e+12  0.000000e+00  0.000000e+00  9.837215e+11  4.159434e+11  2.960450e+11  2.543501e+11
7.039837e+01  1.244531e+12  0.000000e+00  0.000000e+00  1.118025e+12  0.000000e+00  0.000000e+00  5.119838e+11  2.393023e+11  1.765902e+11  1.541135e+11
7.075120e+01  1.238602e+12  0.000000e+00  0.000000e+00  1.112699e+12  0.000000e+00  0.000000e+00  9.479433e+11  3.945800e+11  2.788464e+11  2.387686e+11
7.110580e+01  1.232647e+12  0.000000e+00  0.000000e+00  1.107349e+12  0.000000e+00  0.000000e+00  1.152634e+12  4.665727e+11  3.258583e+11  2.775128e+11
7.146218e+01  1.226767e+12  0.000000e+00  0.000000e+00  1.102067e+12  0.000000e+00  0.000000e+00  8.651606e+11  3.628082e+11  2.564732e+11  2.195745e+11
7.182034e+01  1.220886e+12  0.000000e+00  0.000000e+00  1.096784e+12  0.000000e+00  0.000000e+00  6.133122e+11  2.696212e+11  1.943181e+11  1.678156e+11
7.218030e+01  1.215030e+12  0.000000e+00  0.000000e+00  1.091523e+12  0.000000e+00  0.000000e+00  5.232362e+11  2.350293e+11  1.702500e+11  1.473058e+11
7.254206e+01  1.209200e+12  0.000000e+00  0.000000e+00  1.086286e+12  0.000000e+00  0.000000e+00  1.486120e+12  5.760017e+11  3.949029e+11  3.334401e+11
7.290563e+01  1.203389e+12  0.000000e+00  0.000000e+00  1.081065e+12  0.000000e+00  0.000000e+00  3.985676e+11  1.802625e+11  1.313624e+11  1.140165e+11
7.327103e+01  1.197545e+12  0.000000e+00  0.000000e+00  1.075815e+12  0.000000e+00  0.000000e+00  4.501248e+11  1.973005e+11  1.420732e+11  1.226652e+11
7.363826e+01  1.191774e+12  0.000000e+00  0.000000e+00  1.070631e+12  0.000000e+00  0.000000e+00  6.846561e+11  2.816516e+11  1.976662e+11  1.686887e+11
7.400733e+01  1.186002e+12  0.000000e+00  0.000000e+00  1.065446e+12  0.000000e+00  0.000000e+00  5.536365e+11  2.333621e+11  1.652398e+11  1.415703e+11
7.437825e+01  1.180277e+12  0.000000e+00  0.000000e+00  1.060303e+12  0.000000e+00  0.000000e+00  3.517438e+11  1.560954e+11  1.129308e+11  9.770157e+10
7.475102e+01  1.174598e+12  0.000000e+00  0.000000e+00  1.055201e+12  0.000000e+00  0.000000e+00  3.413637e+11  1.499794e+11  1.080605e+11  9.332434e+10
7.512567e+01  1.168918e+12  0.000000e+00  0.000000e+00  1.050098e+12  0.000000e+00  0.000000e+00  3.131869e+11  1.350474e+11  9.607906e+10  8.242744e+10
7.550219e+01  1.163261e+12  0.000000e+00  0.000000e+00  1.045016e+12  0.000000e+00  0.000000e+00  3.055269e+11  1.311092e+11  9.310155e+10  7.980467e+10
7.588060e+01  1.157658e+12  0.000000e+00  0.000000e+00  1.039983e+12  0.000000e+00  0.000000e+00  2.943507e+11  1.259675e+11  8.934907e+10  7.654790e+10
7.626091e+01  1.152008e+12  0.000000e+00  0.000000e+00  1.034907e+12  0.000000e+00  0.000000e+00  2.879186e+11  1.226427e+11  8.682836e+10  7.432494e+10
7.664313e+01  1.146414e+12  0.000000e+00  0.000000e+00  1.029882e+12  0.000000e+00  0.000000e+00  2.737302e+11  1.164233e+11  8.237636e+10  7.049500e+10
7.702725e+01  1.140842e+12  0.000000e+00  0.000000e+00  1.024876e+12  0.000000e+00  0.000000e+00  2.972075e+11  1.241744e+11  8.724526e+10  7.442732e+10
7.741331e+01  1.135291e+12  0.000000e+00  0.000000e+00  1.019889e+12  0.000000e+00  0.000000e+00  2.286730e+11  9.495946e+10  6.612667e+10  5.608888e+10
7.780130e+01  1.129762e+12  0.000000e+00  0.000000e+00  1.014922e+12  0.000000e+00  0.000000e+00  2.153702e+11  8.931307e+10  6.218252e+10  5.273910e+10
7.819123e+01  1.124275e+12  0.000000e+00  0.000000e+00  1.009993e+12  0.000000e+00  0.000000e+00  2.443318e+11  1.005241e+11  6.972493e+10  5.903321e+10
7.858312e+01  1.118808e+12  0.000000e+00  0.000000e+00  1.005082e+12  0.000000e+00  0.000000e+00  2.007788e+11  8.292830e+10  5.767255e+10  4.889010e+10
7.897697e+01  1.113362e+12  0.000000e+00  0.000000e+00  1.000190e+12  0.000000e+00  0.000000e+00  1.998498e+11  8.225122e+10  5.712972e+10  4.840319e+10
7.937280e+01  1.107931e+12  0.000000e+00  0.000000e+00  9.953102e+11  0.000000e+00  0.000000e+00  2.017000e+11  8.286360e+10  5.749364e+10  4.868622e+10
7.977061e+01  1.102543e+12  0.000000e+00  0.000000e+00  9.904697e+11  0.000000e+00  0.000000e+00  1.785318e+11  7.342394e+10  5.100130e+10  4.321210e+10
8.017041e+01  1.097142e+12  0.000000e+00  0.000000e+00  9.856179e+11  0.000000e+00  0.000000e+00  1.753494e+11  7.199003e+10  4.997116e+10  4.232629e+10
8.057222e+01  1.091761e+12  0.000000e+00  0.000000e+00  9.807840e+11  0.000000e+00  0.000000e+00  1.885775e+11  7.708455e+10  5.338298e+10  4.516693e+10
8.097604e+01  1.086440e+12  0.000000e+00  0.000000e+00  9.760042e+11  0.000000e+00  0.000000e+00  1.626703e+11  6.655415e+10  4.614867e+10  3.907096e+10
8.138189e+01  1.081119e+12  0.000000e+00  0.000000e+00  9.712236e+11  0.000000e+00  0.000000e+00  1.536380e+11  6.277666e+10  4.351907e+10  3.684169e+10
8.178976e+01  1.075817e+12  0.000000e+00  0.000000e+00  9.664607e+11  0.000000e+00  0.000000e+00  1.491182e+11  6.077997e+10  4.210098e+10  3.562913e+10
8.219969e+01  1.070573e+12  0.000000e+00  0.000000e+00  9.617500e+11  0.000000e+00  0.000000e+00  1.634692e+11  6.644635e+10  4.592891e+10  3.882834e+10
8.261167e+01  1.065329e+12  0.000000e+00  0.000000e+00  9.570387e+11  0.000000e+00  0.000000e+00  3.801235e+11  1.450313e+11  9.805859e+10  8.214331e+10
8.302571e+01  1.060102e+12  0.000000e+00  0.000000e+00  9.523429e+11  0.000000e+00  0.000000e+00  1.350378e+11  5.471089e+10  3.781960e+10  3.197807e+10
8.344183e+01  1.054917e+12  0.000000e+00  0.000000e+00  9.476855e+11  0.000000e+00  0.000000e+00  1.445167e+11  5.852236e+10  4.040156e+10  3.413748e+10
8.386003e+01  1.049739e+12  0.000000e+00  0.000000e+00  9.430336e+11  0.000000e+00  0.000000e+00  2.527775e+11  1.018637e+11  6.995851e+10  5.895684e+10
8.428033e+01  1.044579e+12  0.000000e+00  0.000000e+00  9.383978e+11  0.000000e+00  0.000000e+00  1.346727e+11  5.437902e+10  3.750264e+10  3.167399e+10
8.470274e+01  1.039437e+12  0.000000e+00  0.000000e+00  9.337786e+11  0.000000e+00  0.000000e+00  1.157770e+11  4.670310e+10  3.222760e+10  2.722853e+10
8.512726e+01  1.034331e+12  0.000000e+00  0.000000e+00  9.291919e+11  0.000000e+00  0.000000e+00  1.135303e+11  4.564963e+10  3.146517e+10  2.657178e+10
8.555391e+01  1.029243e+12  0.000000e+00  0.000000e+00  9.246213e+11  0.000000e+00  0.000000e+00  2.703442e+11  1.079253e+11  7.379607e+10  6.206838e+10
8.598270e+01  1.024191e+12  0.000000e+00  0.000000e+00  9.200824e+11  0.000000e+00  0.000000e+00  1.153574e+11  4.617347e+10  3.175488e+10  2.678889e+10
8.641364e+01  1.019156e+12  0.000000e+00  0.000000e+00  9.155592e+11  0.000000e+00  0.000000e+00  9.919800e+10  3.976002e+10  2.737335e+10  2.310451e+10
8.684674e+01  1.014155e+12  0.000000e+00  0.000000e+00  9.110670e+11  0.000000e+00  0.000000e+00  9.526669e+10  3.812741e+10  2.623518e+10  2.213872e+10
8.728200e+01  1.009162e+12  0.000000e+00  0.000000e+00  9.065816e+11  0.000000e+00  0.000000e+00  9.175387e+10  3.666133e+10  2.521120e+10  2.126914e+10
8.771945e+01  1.004176e+12  0.000000e+00  0.000000e+00  9.021021e+11  0.000000e+00  0.000000e+00  1.047067e+11  4.176252e+10  2.866317e+10  2.415757e+10
8.815910e+01  9.992229e+11  0.000000e+00  0.000000e+00  8.976524e+11  0.000000e+00  0.000000e+00  9.817378e+10  3.903776e+10  2.677702e+10  2.256351e+10
8.860094e+01  9.943032e+11  0.000000e+00  0.000000e+00  8.932329e+11  0.000000e+00  0.000000e+00  9.225889e+10  3.671664e+10  2.518896e+10  2.122637e+10
8.904500e+01  9.893998e+11  0.000000e+00  0.000000e+00  8.888278e+11  0.000000e+00  0.000000e+00  9.725243e+10  3.866904e+10  2.650233e+10  2.232199e+10
8.949129e+01  9.845126e+11  0.000000e+00  0.000000e+00  8.844375e+11  0.000000e+00  0.000000e+00  8.758813e+10  3.466631e+10  2.373847e+10  1.998874e+10
8.993981e+01  9.796581e+11  0.000000e+00  0.000000e+00  8.800764e+11  0.000000e+00  0.000000e+00  9.170218e+10  3.631701e+10  2.485542e+10  2.092248e+10
9.039058e+01  9.748358e+11  0.000000e+00  0.000000e+00  8.757443e+11  0.000000e+00  0.000000e+00  7.920771e+10  3.133507e+10  2.144997e+10  1.805865e+10
9.084361e+01  9.700291e+11  0.000000e+00  0.000000e+00  8.714262e+11  0.000000e+00  0.000000e+00  8.369024e+10  3.288942e+10  2.246032e+10  1.889027e+10
9.129891e+01  9.652327e+11  0.000000e+00  0.000000e+00  8.671173e+11  0.000000e+00  0.000000e+00  1.471946e+11  5.571266e+10  3.758406e+10  3.145358e+10
9.175650e+01  9.604600e+11  0.000000e+00  0.000000e+00  8.628298e+11  0.000000e+00  0.000000e+00  1.501560e+11  5.678682e+10  3.828483e+10  3.203050e+10
9.221637e+01  9.557159e+11  0.000000e+00  0.000000e+00  8.585680e+11  0.000000e+00  0.000000e+00  6.966984e+10  2.736461e+10  1.868543e+10  1.571469e+10
9.267855e+01  9.509871e+11  0.000000e+00  0.000000e+00  8.543198e+11  0.000000e+00  0.000000e+00  9.258536e+10  3.548805e+10  2.404579e+10  2.015989e+10
9.314305e+01  9.462736e+11  0.000000e+00  0.000000e+00  8.500854e+11  0.000000e+00  0.000000e+00  8.244798e+10  3.185016e+10  2.162450e+10  1.814361e+10
9.360988e+01  9.416053e+11  0.000000e+00  0.000000e+00  8.458916e+11  0.000000e+00  0.000000e+00  8.298204e+10  3.200389e+10  2.171230e+10  1.821106e+10
9.407904e+01  9.369516e+11  0.000000e+00  0.000000e+00  8.417110e+11  0.000000e+00  0.000000e+00  6.270414e+10  2.457231e+10  1.675320e+10  1.407932e+10
9.455056e+01  9.323126e+11  0.000000e+00  0.000000e+00  8.375435e+11  0.000000e+00  0.000000e+00  7.326719e+10  2.831986e+10  1.922038e+10  1.612284e+10
9.502444e+01  9.277027e+11  0.000000e+00  0.000000e+00  8.334022e+11  0.000000e+00  0.000000e+00  9.382260e+10  3.618100e+10  2.451137e+10  2.054279e+10
9.550069e+01  9.231190e+11  0.000000e+00  0.000000e+00  8.292844e+11  0.000000e+00  0.000000e+00  6.536954e+10  2.527116e+10  1.715188e+10  1.438767e+10
9.597933e+01  9.185296e+11  0.000000e+00  0.000000e+00  8.251616e+11  0.000000e+00  0.000000e+00  5.443181e+10  2.125709e+10  1.447207e+10  1.215442e+10
9.646037e+01  9.139943e+11  0.000000e+00  0.000000e+00  8.210873e+11  0.000000e+00  0.000000e+00  5.433575e+11  1.980340e+11  1.318689e+11  1.097657e+11
9.694383e+01  9.094588e+11  0.000000e+00  0.000000e+00  8.170128e+11  0.000000e+00  0.000000e+00  5.748278e+10  2.219814e+10  1.505897e+10  1.262912e+10
9.742970e+01  9.049511e+11  0.000000e+00  0.000000e+00  8.129633e+11  0.000000e+00  0.000000e+00  5.526011e+10  2.503680e+10  1.817213e+10  1.568255e+10
9.791801e+01  9.004709e+11  0.000000e+00  0.000000e+00  8.089386e+11  0.000000e+00  0.000000e+00  4.988670e+10  2.311320e+10  1.693102e+10  1.467155e+10
9.840877e+01  8.959908e+11  0.000000e+00  0.000000e+00  8.049138e+11  0.000000e+00  0.000000e+00  4.774034e+10  2.203224e+10  1.611109e+10  1.395058e+10
9.890198e+01  8.915647e+11  0.000000e+00  0.000000e+00  8.009377e+11  0.000000e+00  0.000000e+00  4.585675e+10  2.114942e+10  1.549396e+10  1.343065e+10
9.939767e+01  8.871518e+11  0.000000e+00  0.000000e+00  7.969733e+11  0.000000e+00  0.000000e+00  4.432333e+10  2.032890e+10  1.485749e+10  1.286587e+10
9.989584e+01  8.827509e+11  0.000000e+00  0.000000e+00  7.930198e+11  0.000000e+00  0.000000e+00  4.282201e+10  1.953615e+10  1.424527e+10  1.232356e+10
1.003965e+02  8.783593e+11  0.000000e+00  0.000000e+00  7.890746e+11  0.000000e+00  0.000000e+00  4.066983e+10  1.852231e+10  1.349145e+10  1.166559e+10
1.008997e+02  8.740168e+11  0.000000e+00  0.000000e+00  7.851735e+11  0.000000e+00  0.000000e+00  3.911564e+10  1.773974e+10  1.289636e+10  1.114159e+10
1.014054e+02  8.696614e+11  0.000000e+00  0.000000e+00  7.812608e+11  0.000000e+00  0.000000e+00  4.795156e+10  2.096754e+10  1.501050e+10  1.288477e+10
1.019136e+02  8.653571e+11  0.000000e+00  0.000000e+00  7.773940e+11  0.000000e+00  0.000000e+00  4.017882e+10  1.781879e+10  1.282857e+10  1.103742e+10
1.024244e+02  8.610650e+11  0.000000e+00  0.000000e+00  7.735382e+11  0.000000e+00  0.000000e+00  3.542169e+10  1.583959e+10  1.143924e+10  9.854343e+09
1.029378e+02  8.567853e+11  0.000000e+00  0.000000e+00  7.696935e+11  0.000000e+00  0.000000e+00  2.255291e+11  8.559377e+10  5.788614e+10  4.850497e+10
1.034537e+02  8.525304e+11  0.000000e+00  0.000000e+00  7.658712e+11  0.000000e+00  0.000000e+00  3.328358e+10  1.488399e+10  1.072846e+10  9.232351e+09
1.039722e+02  8.483002e+11  0.000000e+00  0.000000e+00  7.620710e+11  0.000000e+00  0.000000e+00  3.156013e+10  1.393159e+10  1.000377e+10  8.596374e+09
1.044933e+02  8.440818e+11  0.000000e+00  0.000000e+00  7.582814e+11  0.000000e+00  0.000000e+00  3.042297e+10  1.336903e+10  9.580754e+09  8.225796e+09
1.050170e+02  8.398967e+11  0.000000e+00  0.000000e+00  7.545217e+11  0.000000e+00  0.000000e+00  2.904672e+10  1.272945e+10  9.110295e+09  7.817229e+09
1.055433e+02  8.357327e+11  0.000000e+00  0.000000e+00  7.507810e+11  0.000000e+00  0.000000e+00  2.814528e+10  1.229135e+10  8.780012e+09  7.527389e+09
1.060723e+02  8.315685e+11  0.000000e+00  0.000000e+00  7.470400e+11  0.000000e+00  0.000000e+00  4.359224e+10  1.813303e+10  1.268470e+10  1.077884e+10
1.066039e+02  8.274394e+11  0.000000e+00  0.000000e+00  7.433307e+11  0.000000e+00  0.000000e+00  2.582720e+10  1.120517e+10  7.980061e+09  6.832518e+09
1.071382e+02  8.233218e+11  0.000000e+00  0.000000e+00  7.396316e+11  0.000000e+00  0.000000e+00  3.347918e+10  1.390576e+10  9.743952e+09  8.287407e+09
1.076752e+02  8.192384e+11  0.000000e+00  0.000000e+00  7.359633e+11  0.000000e+00  0.000000e+00  2.804320e+10  1.186646e+10  8.363670e+09  7.129584e+09
1.082148e+02  8.151663e+11  0.000000e+00  0.000000e+00  7.323051e+11  0.000000e+00  0.000000e+00  2.306818e+10  9.909008e+09  7.022937e+09  6.000179e+09
1.087572e+02  8.111167e+11  0.000000e+00  0.000000e+00  7.286671e+11  0.000000e+00  0.000000e+00  5.109431e+10  2.016010e+10  1.383527e+10  1.166382e+10
1.093023e+02  8.070781e+11  0.000000e+00  0.000000e+00  7.250390e+11  0.000000e+00  0.000000e+00  2.189642e+10  9.678262e+09  6.952675e+09  5.975193e+09
1.098501e+02  8.030708e+11  0.000000e+00  0.000000e+00  7.214391e+11  0.000000e+00  0.000000e+00  2.094081e+10  9.227900e+09  6.618780e+09  5.684251e+09
1.104007e+02  7.990832e+11  0.000000e+00  0.000000e+00  7.178568e+11  0.000000e+00  0.000000e+00  2.050860e+10  8.975989e+09  6.419668e+09  5.506523e+09
1.109540e+02  7.951061e+11  0.000000e+00  0.000000e+00  7.142840e+11  0.000000e+00  0.000000e+00  2.102823e+10  9.322919e+09  6.700170e+09  5.758525e+09
1.115101e+02  7.911504e+11  0.000000e+00  0.000000e+00  7.107304e+11  0.000000e+00  0.000000e+00  2.163485e+10  9.244705e+09  6.546983e+09  5.592430e+09
1.120689e+02  7.872157e+11  0.000000e+00  0.000000e+00  7.071957e+11  0.000000e+00  0.000000e+00  2.816202e+10  1.171259e+10  8.192271e+09  6.960522e+09
1.126306e+02  7.833020e+11  0.000000e+00  0.000000e+00  7.036798e+11  0.000000e+00  0.000000e+00  4.592436e+10  1.807943e+10  1.239479e+10  1.044469e+10
1.131951e+02  7.793986e+11  0.000000e+00  0.000000e+00  7.001732e+11  0.000000e+00  0.000000e+00  1.796697e+10  7.614957e+09  5.374801e+09  4.584559e+09
1.137624e+02  7.755362e+11  0.000000e+00  0.000000e+00  6.967033e+11  0.000000e+00  0.000000e+00  1.280732e+10  6.107528e+09  4.452091e+09  3.853714e+09
1.143326e+02  7.716737e+11  0.000000e+00  0.000000e+00  6.932335e+11  0.000000e+00  0.000000e+00  1.149758e+10  5.475435e+09  3.989171e+09  3.452206e+09
1.149056e+02  7.678305e+11  0.000000e+00  0.000000e+00  6.897809e+11  0.000000e+00  0.000000e+00  2.846112e+10  1.240408e+10  8.713233e+09  7.415088e+09
1.154815e+02  7.640157e+11  0.000000e+00  0.000000e+00  6.863540e+11  0.000000e+00  0.000000e+00  1.459075e+10  6.766540e+09  4.867390e+09  4.186217e+09
1.160603e+02  7.602104e+11  0.000000e+00  0.000000e+00  6.829354e+11  0.000000e+00  0.000000e+00  1.210927e+10  5.653627e+09  4.079023e+09  3.513161e+09
1.166420e+02  7.564343e+11  0.000000e+00  0.000000e+00  6.795432e+11  0.000000e+00  0.000000e+00  2.778836e+10  1.204033e+10  8.432444e+09  7.165151e+09
1.172266e+02  7.526676e+11  0.000000e+00  0.000000e+00  6.761594e+11  0.000000e+00  0.000000e+00  9.853420e+09  4.606501e+09  3.326563e+09  2.866399e+09
1.178141e+02  7.489201e+11  0.000000e+00  0.000000e+00  6.727928e+11  0.000000e+00  0.000000e+00  2.709626e+10  1.172615e+10  8.203956e+09  6.966844e+09
1.184046e+02  7.451918e+11  0.000000e+00  0.000000e+00  6.694435e+11  0.000000e+00  0.000000e+00  2.570879e+10  1.115388e+10  7.808838e+09  6.632849e+09
1.189980e+02  7.414822e+11  0.000000e+00  0.000000e+00  6.661109e+11  0.000000e+00  0.000000e+00  1.966945e+10  8.538179e+09  5.984340e+09  5.086598e+09
1.195945e+02  7.378001e+11  0.000000e+00  0.000000e+00  6.628032e+11  0.000000e+00  0.000000e+00  2.132098e+10  9.320706e+09  6.542647e+09  5.563416e+09
1.201939e+02  7.341270e+11  0.000000e+00  0.000000e+00  6.595034e+11  0.000000e+00  0.000000e+00  2.194907e+10  9.398165e+09  6.550782e+09  5.553930e+09
1.207963e+02  7.304710e+11  0.000000e+00  0.000000e+00  6.562190e+11  0.000000e+00  0.000000e+00  7.386802e+10  2.913672e+10  1.980614e+10  1.661910e+10
1.214017e+02  7.268326e+11  0.000000e+00  0.000000e+00  6.529505e+11  0.000000e+00  0.000000e+00  8.481824e+09  3.875478e+09  2.767946e+09  2.372215e+09
1.220101e+02  7.232210e+11  0.000000e+00  0.000000e+00  6.497060e+11  0.000000e+00  0.000000e+00  1.036607e+10  4.683208e+09  3.326902e+09  2.843758e+09
1.226216e+02  7.196181e+11  0.000000e+00  0.000000e+00  6.464693e+11  0.000000e+00  0.000000e+00  1.596101e+10  6.874574e+09  4.800883e+09  4.073312e+09
1.232362e+02  7.160327e+11  0.000000e+00  0.000000e+00  6.432483e+11  0.000000e+00  0.000000e+00  1.845365e+10  7.857977e+09  5.463694e+09  4.626577e+09
1.238539e+02  7.124732e+11  0.000000e+00  0.000000e+00  6.400507e+11  0.000000e+00  0.000000e+00  3.912353e+10  1.605050e+10  1.101419e+10  9.273430e+09
1.244746e+02  7.089222e+11  0.000000e+00  0.000000e+00  6.368607e+11  0.000000e+00  0.000000e+00  1.854289e+10  7.905251e+09  5.496106e+09  4.653262e+09
1.250985e+02  7.054051e+11  0.000000e+00  0.000000e+00  6.337011e+11  0.000000e+00  0.000000e+00  2.395419e+10  1.016432e+10  7.076504e+09  5.997116e+09
1.257254e+02  7.018795e+11  0.000000e+00  0.000000e+00  6.305338e+11  0.000000e+00  0.000000e+00  1.753247e+10  7.689905e+09  5.409373e+09  4.603519e+09
1.263556e+02  6.983950e+11  0.000000e+00  0.000000e+00  6.274035e+11  0.000000e+00  0.000000e+00  2.094804e+10  9.409580e+09  6.679661e+09  5.707462e+09
1.269888e+02  6.949099e+11  0.000000e+00  0.000000e+00  6.242727e+11  0.000000e+00  0.000000e+00  1.871845e+10  8.377869e+09  5.941594e+09  5.075030e+09
1.276253e+02  6.914574e+11  0.000000e+00  0.000000e+00  6.211711e+11  0.000000e+00  0.000000e+00  2.499735e+10  1.098140e+10  7.727954e+09  6.577683e+09
1.282650e+02  6.880050e+11  0.000000e+00  0.000000e+00  6.180697e+11  0.000000e+00  0.000000e+00  1.650449e+10  7.404045e+09  5.252073e+09  4.485902e+09
1.289078e+02  6.845846e+11  0.000000e+00  0.000000e+00  6.149970e+11  0.000000e+00  0.000000e+00  1.453794e+11  5.909420e+10  4.039628e+10  3.394986e+10
1.295539e+02  6.811798e+11  0.000000e+00  0.000000e+00  6.119383e+11  0.000000e+00  0.000000e+00  1.506336e+10  6.734850e+09  4.769730e+09  4.070797e+09
1.302032e+02  6.777752e+11  0.000000e+00  0.000000e+00  6.088798e+11  0.000000e+00  0.000000e+00  1.423778e+10  6.357576e+09  4.500186e+09  3.839808e+09
1.308558e+02  6.744171e+11  0.000000e+00  0.000000e+00  6.058629e+11  0.000000e+00  0.000000e+00  1.352525e+10  6.028591e+09  4.264002e+09  3.636962e+09
1.315116e+02  6.710435e+11  0.000000e+00  0.000000e+00  6.028323e+11  0.000000e+00  0.000000e+00  1.292380e+10  5.750750e+09  4.064270e+09  3.465291e+09
1.321707e+02  6.677151e+11  0.000000e+00  0.000000e+00  5.998423e+11  0.000000e+00  0.000000e+00  1.274000e+10  5.658323e+09  3.994903e+09  3.404460e+09
1.328332e+02  6.643863e+11  0.000000e+00  0.000000e+00  5.968518e+11  0.000000e+00  0.000000e+00  1.287999e+10  5.708136e+09  4.025282e+09  3.428351e+09
1.334989e+02  6.610724e+11  0.000000e+00  0.000000e+00  5.938748e+11  0.000000e+00  0.000000e+00  1.233827e+10  5.458301e+09  3.846014e+09  3.274432e+09
1.341680e+02  6.577880e+11  0.000000e+00  0.000000e+00  5.909242e+11  0.000000e+00  0.000000e+00  1.182919e+10  5.223833e+09  3.677876e+09  3.130111e+09
1.348404e+02  6.545179e+11  0.000000e+00  0.000000e+00  5.879865e+11  0.000000e+00  0.000000e+00  1.136138e+10  5.008425e+09  3.523408e+09  2.997525e+09
1.355162e+02  6.512481e+11  0.000000e+00  0.000000e+00  5.850491e+11  0.000000e+00  0.000000e+00  1.095005e+10  4.818576e+09  3.387092e+09  2.880448e+09
1.361954e+02  6.480068e+11  0.000000e+00  0.000000e+00  5.821373e+11  0.000000e+00  0.000000e+00  4.802164e+10  1.956355e+10  1.339117e+10  1.126108e+10
1.368780e+02  6.447797e+11  0.000000e+00  0.000000e+00  5.792382e+11  0.000000e+00  0.000000e+00  1.003557e+10  4.395999e+09  3.084531e+09  2.621048e+09
1.375641e+02  6.415668e+11  0.000000e+00  0.000000e+00  5.763519e+11  0.000000e+00  0.000000e+00  9.487745e+09  4.134720e+09  2.896337e+09  2.459437e+09
1.382535e+02  6.383675e+11  0.000000e+00  0.000000e+00  5.734778e+11  0.000000e+00  0.000000e+00  1.073545e+10  6.958297e+09  5.484328e+09  4.871299e+09
1.389464e+02  6.351954e+11  0.000000e+00  0.000000e+00  5.706281e+11  0.000000e+00  0.000000e+00  1.503456e+10  9.174998e+09  7.089505e+09  6.248467e+09
1.396428e+02  6.320368e+11  0.000000e+00  0.000000e+00  5.677906e+11  0.000000e+00  0.000000e+00  9.590086e+09  6.173568e+09  4.847873e+09  4.298785e+09
1.403427e+02  6.288781e+11  0.000000e+00  0.000000e+00  5.649530e+11  0.000000e+00  0.000000e+00  1.149499e+10  7.045025e+09  5.444010e+09  4.796954e+09
1.410461e+02  6.257595e+11  0.000000e+00  0.000000e+00  5.621514e+11  0.000000e+00  0.000000e+00  8.880809e+09  5.736642e+09  4.533023e+09  4.035992e+09
1.417530e+02  6.226407e+11  0.000000e+00  0.000000e+00  5.593497e+11  0.000000e+00  0.000000e+00  8.405119e+09  5.416426e+09  4.274268e+09  3.803171e+09
1.424634e+02  6.195222e+11  0.000000e+00  0.000000e+00  5.565481e+11  0.000000e+00  0.000000e+00  8.049306e+09  5.164214e+09  4.066436e+09  3.614703e+09
1.431775e+02  6.164556e+11  0.000000e+00  0.000000e+00  5.537932e+11  0.000000e+00  0.000000e+00  9.149093e+09  5.675953e+09  4.416792e+09  3.906949e+09
1.438951e+02  6.133759e+11  0.000000e+00  0.000000e+00  5.510266e+11  0.000000e+00  0.000000e+00  4.620618e+10  2.483533e+10  1.831479e+10  1.583603e+10
1.446162e+02  6.103217e+11  0.000000e+00  0.000000e+00  5.482828e+11  0.000000e+00  0.000000e+00  7.070681e+09  4.478046e+09  3.504137e+09  3.106048e+09
1.453410e+02  6.072922e+11  0.000000e+00  0.000000e+00  5.455613e+11  0.000000e+00  0.000000e+00  6.731282e+09  4.246346e+09  3.316609e+09  2.937333e+09
1.460695e+02  6.042624e+11  0.000000e+00  0.000000e+00  5.428395e+11  0.000000e+00  0.000000e+00  6.427743e+09  4.037522e+09  3.147242e+09  2.784840e+09
1.468016e+02  6.012453e+11  0.000000e+00  0.000000e+00  5.401291e+11  0.000000e+00  0.000000e+00  1.193376e+10  6.821691e+09  5.149141e+09  4.496473e+09
1.475373e+02  5.982527e+11  0.000000e+00  0.000000e+00  5.374406e+11  0.000000e+00  0.000000e+00  5.883612e+09  3.664697e+09  2.845426e+09  2.513324e+09
1.482768e+02  5.952839e+11  0.000000e+00  0.000000e+00  5.347736e+11  0.000000e+00  0.000000e+00  7.307900e+09  4.316408e+09  3.294539e+09  2.890142e+09
1.490199e+02  5.923033e+11  0.000000e+00  0.000000e+00  5.320960e+11  0.000000e+00  0.000000e+00  5.390321e+09  3.327017e+09  2.572797e+09  2.268418e+09
1.497668e+02  5.893700e+11  0.000000e+00  0.000000e+00  5.294609e+11  0.000000e+00  0.000000e+00  5.216302e+09  3.197895e+09  2.466279e+09  2.171974e+09
1.505174e+02  5.864249e+11  0.000000e+00  0.000000e+00  5.268151e+11  0.000000e+00  0.000000e+00  4.968171e+09  3.034567e+09  2.336136e+09  2.055697e+09
1.512718e+02  5.835031e+11  0.000000e+00  0.000000e+00  5.241903e+11  0.000000e+00  0.000000e+00  1.678927e+10  9.743594e+09  7.391180e+09  6.465186e+09
1.520300e+02  5.806040e+11  0.000000e+00  0.000000e+00  5.215859e+11  0.000000e+00  0.000000e+00  2.976508e+10  1.655158e+10  1.234991e+10  1.072758e+10
1.527919e+02  5.777049e+11  0.000000e+00  0.000000e+00  5.189815e+11  0.000000e+00  0.000000e+00  6.590856e+09  4.168286e+09  3.257965e+09  2.884613e+09
1.535577e+02  5.748283e+11  0.000000e+00  0.000000e+00  5.163974e+11  0.000000e+00  0.000000e+00  5.134488e+09  3.370529e+09  2.662895e+09  2.367272e+09
1.543273e+02  5.719629e+11  0.000000e+00  0.000000e+00  5.138232e+11  0.000000e+00  0.000000e+00  5.565216e+09  3.535671e+09  2.762922e+09  2.445482e+09
1.551008e+02  5.691196e+11  0.000000e+00  0.000000e+00  5.112689e+11  0.000000e+00  0.000000e+00  6.912428e+09  4.216024e+09  3.249846e+09  2.860564e+09
1.558782e+02  5.662871e+11  0.000000e+00  0.000000e+00  5.087243e+11  0.000000e+00  0.000000e+00  4.478887e+09  2.891974e+09  2.267750e+09  2.009373e+09
1.566594e+02  5.634546e+11  0.000000e+00  0.000000e+00  5.061797e+11  0.000000e+00  0.000000e+00  6.881792e+09  4.091272e+09  3.124335e+09  2.739537e+09
1.574446e+02  5.606650e+11  0.000000e+00  0.000000e+00  5.036737e+11  0.000000e+00  0.000000e+00  1.664579e+10  9.183268e+09  6.831534e+09  5.926192e+09
1.582337e+02  5.578542e+11  0.000000e+00  0.000000e+00  5.011486e+11  0.000000e+00  0.000000e+00  1.393796e+10  7.863346e+09  5.906528e+09  5.147092e+09
1.590267e+02  5.550853e+11  0.000000e+00  0.000000e+00  4.986612e+11  0.000000e+00  0.000000e+00  8.250382e+09  4.980221e+09  3.841919e+09  3.384474e+09
1.598237e+02  5.523265e+11  0.000000e+00  0.000000e+00  4.961828e+11  0.000000e+00  0.000000e+00  1.221119e+10  7.031364e+09  5.324395e+09  4.654303e+09
1.606248e+02  5.495677e+11  0.000000e+00  0.000000e+00  4.937045e+11  0.000000e+00  0.000000e+00  1.201297e+10  6.916477e+09  5.237446e+09  4.578151e+09
1.614298e+02  5.468295e+11  0.000000e+00  0.000000e+00  4.912446e+11  0.000000e+00  0.000000e+00  4.768274e+09  3.033136e+09  2.379151e+09  2.109630e+09
1.622389e+02  5.441114e+11  0.000000e+00  0.000000e+00  4.888028e+11  0.000000e+00  0.000000e+00  1.491035e+10  8.374630e+09  6.285473e+09  5.474090e+09
1.630520e+02  5.413933e+11  0.000000e+00  0.000000e+00  4.863609e+11  0.000000e+00  0.000000e+00  1.573847e+10  8.212606e+09  6.023917e+09  5.200572e+09
1.638692e+02  5.387048e+11  0.000000e+00  0.000000e+00  4.839457e+11  0.000000e+00  0.000000e+00  2.282753e+10  1.248415e+10  9.284143e+09  8.055061e+09
1.646905e+02  5.360163e+11  0.000000e+00  0.000000e+00  4.815305e+11  0.000000e+00  0.000000e+00  8.041897e+09  4.679529e+09  3.554126e+09  3.110136e+09
1.655159e+02  5.333472e+11  0.000000e+00  0.000000e+00  4.791328e+11  0.000000e+00  0.000000e+00  5.119612e+09  3.110801e+09  2.398119e+09  2.111114e+09
1.663455e+02  5.306972e+11  0.000000e+00  0.000000e+00  4.767521e+11  0.000000e+00  0.000000e+00  9.319313e+09  5.217920e+09  3.905411e+09  3.397134e+09
1.671792e+02  5.280469e+11  0.000000e+00  0.000000e+00  4.743713e+11  0.000000e+00  0.000000e+00  6.390064e+09  3.725093e+09  2.838591e+09  2.489794e+09
1.680171e+02  5.254157e+11  0.000000e+00  0.000000e+00  4.720075e+11  0.000000e+00  0.000000e+00  1.046546e+10  5.835112e+09  4.368942e+09  3.802705e+09
1.688592e+02  5.228031e+11  0.000000e+00  0.000000e+00  4.696604e+11  0.000000e+00  0.000000e+00  5.733124e+09  3.332942e+09  2.535447e+09  2.222138e+09
1.697055e+02  5.201995e+11  0.000000e+00  0.000000e+00  4.673215e+11  0.000000e+00  0.000000e+00  1.228496e+10  8.154570e+09  6.860545e+09  6.331515e+09
1.705560e+02  5.176051e+11  0.000000e+00  0.000000e+00  4.649908e+11  0.000000e+00  0.000000e+00  8.972671e+09  4.977511e+09  3.717583e+09  3.232098e+09
1.714108e+02  5.150288e+11  0.000000e+00  0.000000e+00  4.626764e+11  0.000000e+00  0.000000e+00  2.841703e+10  1.646928e+10  1.288434e+10  1.149567e+10
1.722699e+02  5.124615e+11  0.000000e+00  0.000000e+00  4.603701e+11  0.000000e+00  0.000000e+00  1.528857e+10  8.210599e+09  6.054501e+09  5.234737e+09
1.731333e+02  5.099119e+11  0.000000e+00  0.000000e+00  4.580796e+11  0.000000e+00  0.000000e+00  1.426896e+10  7.650038e+09  5.636322e+09  4.871324e+09
1.740011e+02  5.073709e+11  0.000000e+00  0.000000e+00  4.557970e+11  0.000000e+00  0.000000e+00  1.332507e+10  7.132165e+09  5.250460e+09  4.536186e+09
1.748731e+02  5.048387e+11  0.000000e+00  0.000000e+00  4.535221e+11  0.000000e+00  0.000000e+00  1.244421e+10  6.649985e+09  4.891635e+09  4.224703e+09
1.757496e+02  5.023322e+11  0.000000e+00  0.000000e+00  4.512704e+11  0.000000e+00  0.000000e+00  1.162156e+10  6.200689e+09  4.557667e+09  3.934946e+09
1.766304e+02  4.998256e+11  0.000000e+00  0.000000e+00  4.490186e+11  0.000000e+00  0.000000e+00  1.085364e+10  5.782296e+09  4.247034e+09  3.665574e+09
1.775157e+02  4.973359e+11  0.000000e+00  0.000000e+00  4.467820e+11  0.000000e+00  0.000000e+00  1.013562e+10  5.391603e+09  3.957185e+09  3.414309e+09
1.784054e+02  4.948629e+11  0.000000e+00  0.000000e+00  4.445604e+11  0.000000e+00  0.000000e+00  1.174221e+10  6.197500e+09  4.536597e+09  3.909875e+09
1.792995e+02  4.923899e+11  0.000000e+00  0.000000e+00  4.423387e+11  0.000000e+00  0.000000e+00  1.264095e+10  6.638018e+09  4.850352e+09  4.177139e+09
1.801982e+02  4.899415e+11  0.000000e+00  0.000000e+00  4.401392e+11  0.000000e+00  0.000000e+00  1.180229e+10  6.189851e+09  4.520076e+09  3.891647e+09
1.811013e+02  4.875011e+11  0.000000e+00  0.000000e+00  4.379469e+11  0.000000e+00  0.000000e+00  1.101746e+10  5.771613e+09  4.212243e+09  3.625698e+09
1.820090e+02  4.850767e+11  0.000000e+00  0.000000e+00  4.357689e+11  0.000000e+00  0.000000e+00  1.028549e+10  5.382707e+09  3.926367e+09  3.378854e+09
1.829212e+02  4.826601e+11  0.000000e+00  0.000000e+00  4.335979e+11  0.000000e+00  0.000000e+00  1.524855e+10  7.617619e+09  5.480665e+09  4.691556e+09
1.838380e+02  4.802514e+11  0.000000e+00  0.000000e+00  4.314341e+11  0.000000e+00  0.000000e+00  8.958663e+09  4.680475e+09  3.411077e+09  2.934256e+09
1.847594e+02  4.778583e+11  0.000000e+00  0.000000e+00  4.292842e+11  0.000000e+00  0.000000e+00  8.354395e+09  4.362215e+09  3.178031e+09  2.733359e+09
1.856854e+02  4.754805e+11  0.000000e+00  0.000000e+00  4.271482e+11  0.000000e+00  0.000000e+00  7.802959e+09  4.072634e+09  2.966222e+09  2.550855e+09
1.866160e+02  4.731180e+11  0.000000e+00  0.000000e+00  4.250258e+11  0.000000e+00  0.000000e+00  9.263792e+09  5.709398e+09  4.509908e+09  4.021759e+09
1.875513e+02  4.707554e+11  0.000000e+00  0.000000e+00  4.229034e+11  0.000000e+00  0.000000e+00  8.684812e+09  5.348856e+09  4.220207e+09  3.761051e+09
1.884913e+02  4.684079e+11  0.000000e+00  0.000000e+00  4.207945e+11  0.000000e+00  0.000000e+00  8.121551e+09  5.000066e+09  3.940786e+09  3.509958e+09
1.894360e+02  4.660825e+11  0.000000e+00  0.000000e+00  4.187055e+11  0.000000e+00  0.000000e+00  8.043656e+09  4.881006e+09  3.824003e+09  3.397301e+09
1.903854e+02  4.637570e+11  0.000000e+00  0.000000e+00  4.166164e+11  0.000000e+00  0.000000e+00  7.113294e+09  4.365390e+09  3.430194e+09  3.050505e+09
1.913396e+02  4.614460e+11  0.000000e+00  0.000000e+00  4.145403e+11  0.000000e+00  0.000000e+00  6.654992e+09  4.075964e+09  3.197453e+09  2.841177e+09
1.922986e+02  4.591493e+11  0.000000e+00  0.000000e+00  4.124771e+11  0.000000e+00  0.000000e+00  6.227464e+09  3.805545e+09  2.980094e+09  2.645758e+09
1.932624e+02  4.568597e+11  0.000000e+00  0.000000e+00  4.104202e+11  0.000000e+00  0.000000e+00  9.720228e+09  5.353706e+09  4.052287e+09  3.551783e+09
1.942310e+02  4.545843e+11  0.000000e+00  0.000000e+00  4.083761e+11  0.000000e+00  0.000000e+00  5.456044e+09  3.324361e+09  2.599782e+09  2.307584e+09
1.952045e+02  4.523227e+11  0.000000e+00  0.000000e+00  4.063444e+11  0.000000e+00  0.000000e+00  5.101424e+09  3.093358e+09  2.408992e+09  2.132994e+09
1.961828e+02  4.500681e+11  0.000000e+00  0.000000e+00  4.043189e+11  0.000000e+00  0.000000e+00  4.775775e+09  2.887635e+09  2.244472e+09  1.985500e+09
1.971661e+02  4.478203e+11  0.000000e+00  0.000000e+00  4.022996e+11  0.000000e+00  0.000000e+00  4.473870e+09  2.697019e+09  2.092230e+09  1.849108e+09
1.981543e+02  4.455996e+11  0.000000e+00  0.000000e+00  4.003047e+11  0.000000e+00  0.000000e+00  4.194300e+09  2.520650e+09  1.951556e+09  1.723171e+09
1.991474e+02  4.433721e+11  0.000000e+00  0.000000e+00  3.983036e+11  0.000000e+00  0.000000e+00  3.935816e+09  2.357746e+09  1.821807e+09  1.607101e+09
2.001455e+02  4.411711e+11  0.000000e+00  0.000000e+00  3.963263e+11  0.000000e+00  0.000000e+00  6.574507e+09  3.523868e+09  2.623989e+09  2.280930e+09
2.011486e+02  4.389700e+11  0.000000e+00  0.000000e+00  3.943490e+11  0.000000e+00  0.000000e+00  3.472335e+09  2.066398e+09  1.590371e+09  1.400341e+09
2.021568e+02  4.367820e+11  0.000000e+00  0.000000e+00  3.923834e+11  0.000000e+00  0.000000e+00  3.266152e+09  1.936921e+09  1.487742e+09  1.308761e+09
2.031699e+02  4.346069e+11  0.000000e+00  0.000000e+00  3.904293e+11  0.000000e+00  0.000000e+00  3.077290e+09  1.817992e+09  1.393491e+09  1.224679e+09
2.041882e+02  4.324444e+11  0.000000e+00  0.000000e+00  3.884867e+11  0.000000e+00  0.000000e+00  5.242615e+09  2.775738e+09  2.053478e+09  1.779620e+09
2.052116e+02  4.302883e+11  0.000000e+00  0.000000e+00  3.865497e+11  0.000000e+00  0.000000e+00  3.355423e+09  2.251304e+09  1.853024e+09  1.684891e+09
2.062401e+02  4.281508e+11  0.000000e+00  0.000000e+00  3.846295e+11  0.000000e+00  0.000000e+00  3.028836e+09  2.044629e+09  1.679830e+09  1.524465e+09
2.072738e+02  4.260133e+11  0.000000e+00  0.000000e+00  3.827093e+11  0.000000e+00  0.000000e+00  4.532228e+09  2.852600e+09  2.276234e+09  2.041235e+09
2.083126e+02  4.238881e+11  0.000000e+00  0.000000e+00  3.808001e+11  0.000000e+00  0.000000e+00  2.613232e+09  1.845650e+09  1.532501e+09  1.396119e+09
2.093566e+02  4.217811e+11  0.000000e+00  0.000000e+00  3.789073e+11  0.000000e+00  0.000000e+00  4.174484e+09  2.575798e+09  2.034465e+09  1.815686e+09
2.104059e+02  4.196799e+11  0.000000e+00  0.000000e+00  3.770197e+11  0.000000e+00  0.000000e+00  4.179013e+09  2.539026e+09  1.990452e+09  1.770327e+09
2.114605e+02  4.175906e+11  0.000000e+00  0.000000e+00  3.751427e+11  0.000000e+00  0.000000e+00  3.998645e+09  2.410424e+09  1.881940e+09  1.670561e+09
2.125203e+02  4.155072e+11  0.000000e+00  0.000000e+00  3.732711e+11  0.000000e+00  0.000000e+00  6.306153e+09  3.603274e+09  2.735432e+09  2.397362e+09
2.135854e+02  4.134413e+11  0.000000e+00  0.000000e+00  3.714152e+11  0.000000e+00  0.000000e+00  4.719776e+09  2.691594e+09  2.052923e+09  1.803786e+09
2.146559e+02  4.113753e+11  0.000000e+00  0.000000e+00  3.695592e+11  0.000000e+00  0.000000e+00  2.982326e+09  1.808534e+09  1.410486e+09  1.250624e+09
2.157317e+02  4.093322e+11  0.000000e+00  0.000000e+00  3.677239e+11  0.000000e+00  0.000000e+00  1.783976e+09  1.194888e+09  9.619211e+08  8.634915e+08
2.168129e+02  4.072892e+11  0.000000e+00  0.000000e+00  3.658884e+11  0.000000e+00  0.000000e+00  1.698858e+09  1.129147e+09  9.052113e+08  8.109963e+08
2.178996e+02  4.052683e+11  0.000000e+00  0.000000e+00  3.640730e+11  0.000000e+00  0.000000e+00  3.105350e+09  1.794052e+09  1.369818e+09  1.203219e+09
2.189917e+02  4.032420e+11  0.000000e+00  0.000000e+00  3.622527e+11  0.000000e+00  0.000000e+00  3.854769e+09  2.138704e+09  1.606892e+09  1.401806e+09
2.200893e+02  4.012375e+11  0.000000e+00  0.000000e+00  3.604520e+11  0.000000e+00  0.000000e+00  3.577722e+09  1.984260e+09  1.489440e+09  1.298641e+09
2.211923e+02  3.992331e+11  0.000000e+00  0.000000e+00  3.586513e+11  0.000000e+00  0.000000e+00  4.209592e+09  2.302559e+09  1.714349e+09  1.489087e+09
2.223009e+02  3.972501e+11  0.000000e+00  0.000000e+00  3.568699e+11  0.000000e+00  0.000000e+00  3.089159e+09  1.711617e+09  1.282383e+09  1.116937e+09
2.234151e+02  3.952724e+11  0.000000e+00  0.000000e+00  3.550932e+11  0.000000e+00  0.000000e+00  2.873796e+09  1.590659e+09  1.190451e+09  1.036264e+09
2.245348e+02  3.933000e+11  0.000000e+00  0.000000e+00  3.533213e+11  0.000000e+00  0.000000e+00  3.036348e+09  1.810423e+09  1.392165e+09  1.225133e+09
2.256602e+02  3.913381e+11  0.000000e+00  0.000000e+00  3.515588e+11  0.000000e+00  0.000000e+00  2.822958e+09  1.680471e+09  1.290267e+09  1.134587e+09
2.267912e+02  3.893968e+11  0.000000e+00  0.000000e+00  3.498148e+11  0.000000e+00  0.000000e+00  2.658901e+09  1.578255e+09  1.209369e+09  1.062434e+09
2.279278e+02  3.874503e+11  0.000000e+00  0.000000e+00  3.480662e+11  0.000000e+00  0.000000e+00  2.453335e+09  1.456285e+09  1.115043e+09  9.791318e+08
2.290702e+02  3.855242e+11  0.000000e+00  0.000000e+00  3.463359e+11  0.000000e+00  0.000000e+00  2.298490e+09  1.361967e+09  1.041315e+09  9.137354e+08
2.302183e+02  3.836030e+11  0.000000e+00  0.000000e+00  3.446100e+11  0.000000e+00  0.000000e+00  2.358237e+09  1.381613e+09  1.050809e+09  9.199681e+08
2.313721e+02  3.816919e+11  0.000000e+00  0.000000e+00  3.428931e+11  0.000000e+00  0.000000e+00  2.008644e+09  1.185978e+09  9.043202e+08  7.924853e+08
2.325317e+02  3.797906e+11  0.000000e+00  0.000000e+00  3.411851e+11  0.000000e+00  0.000000e+00  1.881157e+09  1.106910e+09  8.424834e+08  7.376795e+08
2.336971e+02  3.778990e+11  0.000000e+00  0.000000e+00  3.394858e+11  0.000000e+00  0.000000e+00  1.672494e+09  1.064094e+09  8.307437e+08  7.346651e+08
2.348684e+02  3.760218e+11  0.000000e+00  0.000000e+00  3.377994e+11  0.000000e+00  0.000000e+00  1.637414e+09  1.033601e+09  8.037897e+08  7.096158e+08
2.360455e+02  3.741446e+11  0.000000e+00  0.000000e+00  3.361130e+11  0.000000e+00  0.000000e+00  2.231343e+09  1.363864e+09  1.045656e+09  9.175691e+08
2.372286e+02  3.722815e+11  0.000000e+00  0.000000e+00  3.344393e+11  0.000000e+00  0.000000e+00  1.870997e+09  1.152275e+09  8.859255e+08  7.782761e+08
2.384176e+02  3.704232e+11  0.000000e+00  0.000000e+00  3.327699e+11  0.000000e+00  0.000000e+00  1.295093e+09  8.178271e+08  6.350076e+08  5.601013e+08
2.396125e+02  3.685834e+11  0.000000e+00  0.000000e+00  3.311171e+11  0.000000e+00  0.000000e+00  2.129091e+09  1.389703e+09  1.086960e+09  9.608175e+08
2.408134e+02  3.667479e+11  0.000000e+00  0.000000e+00  3.294682e+11  0.000000e+00  0.000000e+00  1.942316e+09  1.271413e+09  9.950064e+08  8.797051e+08
2.420203e+02  3.649214e+11  0.000000e+00  0.000000e+00  3.278273e+11  0.000000e+00  0.000000e+00  1.798275e+09  1.176489e+09  9.201551e+08  8.133254e+08
2.432333e+02  3.630995e+11  0.000000e+00  0.000000e+00  3.261906e+11  0.000000e+00  0.000000e+00  1.823803e+09  1.183369e+09  9.218817e+08  8.134360e+08
2.444524e+02  3.612952e+11  0.000000e+00  0.000000e+00  3.245698e+11  0.000000e+00  0.000000e+00  1.550649e+09  1.012605e+09  7.904608e+08  6.980232e+08
2.456776e+02  3.594910e+11  0.000000e+00  0.000000e+00  3.229490e+11  0.000000e+00  0.000000e+00  1.502726e+09  9.823259e+08  7.692075e+08  6.806984e+08
2.469089e+02  3.577043e+11  0.000000e+00  0.000000e+00  3.213439e+11  0.000000e+00  0.000000e+00  3.224077e+09  2.459602e+09  2.092709e+09  1.921097e+09
2.481464e+02  3.559218e+11  0.000000e+00  0.000000e+00  3.197425e+11  0.000000e+00  0.000000e+00  2.711194e+09  2.118952e+09  1.820740e+09  1.678222e+09
2.493901e+02  3.541521e+11  0.000000e+00  0.000000e+00  3.181527e+11  0.000000e+00  0.000000e+00  2.504763e+09  1.928457e+09  1.640403e+09  1.504758e+09
2.506400e+02  3.523825e+11  0.000000e+00  0.000000e+00  3.165630e+11  0.000000e+00  0.000000e+00  2.802749e+09  2.088397e+09  1.752710e+09  1.599277e+09
2.518962e+02  3.506295e+11  0.000000e+00  0.000000e+00  3.149882e+11  0.000000e+00  0.000000e+00  6.497946e+09  5.415404e+09  4.766127e+09  4.429489e+09
2.531587e+02  3.488848e+11  0.000000e+00  0.000000e+00  3.134208e+11  0.000000e+00  0.000000e+00  1.911710e+09  1.459648e+09  1.230298e+09  1.123402e+09
2.544275e+02  3.471401e+11  0.000000e+00  0.000000e+00  3.118535e+11  0.000000e+00  0.000000e+00  5.951687e+09  4.974191e+09  4.373523e+09  4.061032e+09
2.557026e+02  3.454197e+11  0.000000e+00  0.000000e+00  3.103080e+11  0.000000e+00  0.000000e+00  1.704715e+09  1.272890e+09  1.060248e+09  9.630863e+08
2.569842e+02  3.436913e+11  0.000000e+00  0.000000e+00  3.087552e+11  0.000000e+00  0.000000e+00  1.557163e+09  1.159721e+09  9.634660e+08  8.740290e+08
2.582722e+02  3.419868e+11  0.000000e+00  0.000000e+00  3.072240e+11  0.000000e+00  0.000000e+00  1.704670e+09  1.223964e+09  1.001324e+09  9.026046e+08
2.595666e+02  3.402822e+11  0.000000e+00  0.000000e+00  3.056927e+11  0.000000e+00  0.000000e+00  1.512274e+09  1.087587e+09  8.892788e+08  8.012812e+08
2.608675e+02  3.385854e+11  0.000000e+00  0.000000e+00  3.041684e+11  0.000000e+00  0.000000e+00  1.199262e+09  8.813357e+08  7.256507e+08  6.555268e+08
2.621750e+02  3.368964e+11  0.000000e+00  0.000000e+00  3.026511e+11  0.000000e+00  0.000000e+00  1.500127e+09  1.088365e+09  8.916975e+08  8.038592e+08
2.634890e+02  3.352227e+11  0.000000e+00  0.000000e+00  3.011475e+11  0.000000e+00  0.000000e+00  1.461110e+09  1.049883e+09  8.553810e+08  7.692086e+08
2.648096e+02  3.335490e+11  0.000000e+00  0.000000e+00  2.996439e+11  0.000000e+00  0.000000e+00  1.154284e+09  8.428435e+08  6.906805e+08  6.224886e+08
2.661368e+02  3.318903e+11  0.000000e+00  0.000000e+00  2.981538e+11  0.000000e+00  0.000000e+00  1.607576e+09  1.166233e+09  9.530664e+08  8.577977e+08
2.674706e+02  3.302315e+11  0.000000e+00  0.000000e+00  2.966636e+11  0.000000e+00  0.000000e+00  1.739002e+09  1.243973e+09  1.009257e+09  9.055348e+08
2.688112e+02  3.285948e+11  0.000000e+00  0.000000e+00  2.951933e+11  0.000000e+00  0.000000e+00  1.687439e+09  1.203602e+09  9.743268e+08  8.732803e+08
2.701584e+02  3.269580e+11  0.000000e+00  0.000000e+00  2.937229e+11  0.000000e+00  0.000000e+00  1.890879e+09  1.324426e+09  1.063437e+09  9.498791e+08
2.715124e+02  3.253213e+11  0.000000e+00  0.000000e+00  2.922526e+11  0.000000e+00  0.000000e+00  1.289636e+09  9.336443e+08  7.588242e+08  6.810643e+08
2.728732e+02  3.237061e+11  0.000000e+00  0.000000e+00  2.908015e+11  0.000000e+00  0.000000e+00  1.307722e+09  9.375439e+08  7.582325e+08  6.790915e+08
2.742409e+02  3.220908e+11  0.000000e+00  0.000000e+00  2.893505e+11  0.000000e+00  0.000000e+00  1.208715e+09  8.664567e+08  7.001360e+08  6.267783e+08
2.756153e+02  3.204895e+11  0.000000e+00  0.000000e+00  2.879119e+11  0.000000e+00  0.000000e+00  1.141686e+09  8.163704e+08  6.584505e+08  5.889663e+08
2.769967e+02  3.188950e+11  0.000000e+00  0.000000e+00  2.864795e+11  0.000000e+00  0.000000e+00  1.169926e+09  8.273894e+08  6.640070e+08  5.926922e+08
2.783850e+02  3.173072e+11  0.000000e+00  0.000000e+00  2.850531e+11  0.000000e+00  0.000000e+00  9.913196e+08  7.068677e+08  5.686673e+08  5.080512e+08
2.797802e+02  3.157196e+11  0.000000e+00  0.000000e+00  2.836269e+11  0.000000e+00  0.000000e+00  1.307649e+09  9.086075e+08  7.262876e+08  6.476704e+08
2.811825e+02  3.141522e+11  0.000000e+00  0.000000e+00  2.822188e+11  0.000000e+00  0.000000e+00  1.276557e+09  9.521730e+08  8.008120e+08  7.327237e+08
2.825917e+02  3.125847e+11  0.000000e+00  0.000000e+00  2.808106e+11  0.000000e+00  0.000000e+00  1.261296e+09  9.243881e+08  7.684723e+08  6.991969e+08
2.840080e+02  3.110304e+11  0.000000e+00  0.000000e+00  2.794143e+11  0.000000e+00  0.000000e+00  1.157816e+09  8.460237e+08  7.008849e+08  6.364999e+08
2.854315e+02  3.094826e+11  0.000000e+00  0.000000e+00  2.780238e+11  0.000000e+00  0.000000e+00  1.098422e+09  7.962021e+08  6.559235e+08  5.940229e+08
2.868620e+02  3.079348e+11  0.000000e+00  0.000000e+00  2.766334e+11  0.000000e+00  0.000000e+00  9.828950e+08  7.132287e+08  5.868461e+08  5.310058e+08
2.882998e+02  3.064062e+11  0.000000e+00  0.000000e+00  2.752602e+11  0.000000e+00  0.000000e+00  9.092493e+08  6.571310e+08  5.388687e+08  4.867421e+08
2.897447e+02  3.048775e+11  0.000000e+00  0.000000e+00  2.738869e+11  0.000000e+00  0.000000e+00  8.433983e+08  6.067647e+08  4.958897e+08  4.471540e+08
2.911969e+02  3.033613e+11  0.000000e+00  0.000000e+00  2.725248e+11  0.000000e+00  0.000000e+00  1.025753e+09  7.194930e+08  5.805753e+08  5.204506e+08
2.926563e+02  3.018513e+11  0.000000e+00  0.000000e+00  2.711683e+11  0.000000e+00  0.000000e+00  9.645991e+08  6.743429e+08  5.426144e+08  4.857259e+08
2.941231e+02  3.003414e+11  0.000000e+00  0.000000e+00  2.698119e+11  0.000000e+00  0.000000e+00  8.901361e+08  6.213716e+08  4.991006e+08  4.463487e+08
2.955972e+02  2.988497e+11  0.000000e+00  0.000000e+00  2.684718e+11  0.000000e+00  0.000000e+00  8.242615e+08  5.745171e+08  4.606921e+08  4.116335e+08
2.970787e+02  2.973640e+11  0.000000e+00  0.000000e+00  2.671371e+11  0.000000e+00  0.000000e+00  7.668527e+08  5.337741e+08  4.273666e+08  3.815471e+08
2.985677e+02  2.958782e+11  0.000000e+00  0.000000e+00  2.658024e+11  0.000000e+00  0.000000e+00  7.206736e+08  5.015962e+08  4.012301e+08  3.580178e+08
3.000641e+02  2.944044e+11  0.000000e+00  0.000000e+00  2.644783e+11  0.000000e+00  0.000000e+00  6.896846e+08  4.814350e+08  3.851786e+08  3.436662e+08
3.015679e+02  2.929364e+11  0.000000e+00  0.000000e+00  2.631595e+11  0.000000e+00  0.000000e+00  6.905853e+08  4.874417e+08  3.915412e+08  3.499007e+08
3.030794e+02  2.914856e+11  0.000000e+00  0.000000e+00  2.618563e+11  0.000000e+00  0.000000e+00  5.732736e+09  4.315922e+09  3.584033e+09  3.245536e+09
3.045984e+02  2.900233e+11  0.000000e+00  0.000000e+00  2.605426e+11  0.000000e+00  0.000000e+00  1.041159e+11  8.881759e+10  7.918908e+10  7.413439e+10
3.061250e+02  2.885839e+11  0.000000e+00  0.000000e+00  2.592495e+11  0.000000e+00  0.000000e+00  4.959808e+09  3.757896e+09  3.116854e+09  2.820031e+09
3.076593e+02  2.871498e+11  0.000000e+00  0.000000e+00  2.579612e+11  0.000000e+00  0.000000e+00  4.803435e+10  3.030743e+10  2.385102e+10  2.117018e+10
3.092012e+02  2.857159e+11  0.000000e+00  0.000000e+00  2.566730e+11  0.000000e+00  0.000000e+00  4.030522e+09  3.056753e+09  2.527203e+09  2.282633e+09
3.107509e+02  2.842929e+11  0.000000e+00  0.000000e+00  2.553947e+11  0.000000e+00  0.000000e+00  3.615270e+09  2.744483e+09  2.266172e+09  2.045481e+09
3.123084e+02  2.828754e+11  0.000000e+00  0.000000e+00  2.541213e+11  0.000000e+00  0.000000e+00  3.246476e+09  2.466231e+09  2.033715e+09  1.834394e+09
3.138737e+02  2.814687e+11  0.000000e+00  0.000000e+00  2.528576e+11  0.000000e+00  0.000000e+00  2.915916e+09  2.215540e+09  1.824305e+09  1.644294e+09
3.154468e+02  2.800673e+11  0.000000e+00  0.000000e+00  2.515986e+11  0.000000e+00  0.000000e+00  2.647293e+09  2.007311e+09  1.649114e+09  1.484850e+09
3.170278e+02  2.786712e+11  0.000000e+00  0.000000e+00  2.503444e+11  0.000000e+00  0.000000e+00  2.344113e+09  1.779660e+09  1.460775e+09  1.314618e+09
3.186167e+02  2.772802e+11  0.000000e+00  0.000000e+00  2.490948e+11  0.000000e+00  0.000000e+00  2.101135e+09  1.593374e+09  1.305628e+09  1.174053e+09
3.202136e+02  2.758998e+11  0.000000e+00  0.000000e+00  2.478547e+11  0.000000e+00  0.000000e+00  1.884223e+09  1.426526e+09  1.166814e+09  1.048368e+09
3.218184e+02  2.745294e+11  0.000000e+00  0.000000e+00  2.466236e+11  0.000000e+00  0.000000e+00  1.690998e+09  1.277523e+09  1.043006e+09  9.363520e+08
3.234314e+02  2.731590e+11  0.000000e+00  0.000000e+00  2.453926e+11  0.000000e+00  0.000000e+00  1.519476e+09  1.144943e+09  9.329826e+08  8.368796e+08
3.250524e+02  2.717988e+11  0.000000e+00  0.000000e+00  2.441706e+11  0.000000e+00  0.000000e+00  1.367842e+09  1.027415e+09  8.355549e+08  7.488511e+08
3.266815e+02  2.704485e+11  0.000000e+00  0.000000e+00  2.429575e+11  0.000000e+00  0.000000e+00  1.246236e+09  9.310111e+08  7.551660e+08  6.760707e+08
3.283188e+02  2.690981e+11  0.000000e+00  0.000000e+00  2.417444e+11  0.000000e+00  0.000000e+00  2.394717e+09  1.934689e+09  1.653455e+09  1.515490e+09
3.299643e+02  2.677576e+11  0.000000e+00  0.000000e+00  2.405402e+11  0.000000e+00  0.000000e+00  2.126073e+09  1.715453e+09  1.461797e+09  1.337862e+09
3.316181e+02  2.664219e+11  0.000000e+00  0.000000e+00  2.393402e+11  0.000000e+00  0.000000e+00  2.032288e+09  1.608847e+09  1.359825e+09  1.240363e+09
3.332801e+02  2.650957e+11  0.000000e+00  0.000000e+00  2.381489e+11  0.000000e+00  0.000000e+00  1.805890e+09  1.427174e+09  1.202837e+09  1.095628e+09
3.349505e+02  2.637790e+11  0.000000e+00  0.000000e+00  2.369660e+11  0.000000e+00  0.000000e+00  1.608112e+09  1.268610e+09  1.066583e+09  9.704171e+08
3.366292e+02  2.624622e+11  0.000000e+00  0.000000e+00  2.357831e+11  0.000000e+00  0.000000e+00  1.433403e+09  1.127004e+09  9.442892e+08  8.577187e+08
3.383164e+02  2.611547e+11  0.000000e+00  0.000000e+00  2.346085e+11  0.000000e+00  0.000000e+00  1.319244e+09  1.046433e+09  8.807220e+08  8.016902e+08
3.400120e+02  2.598565e+11  0.000000e+00  0.000000e+00  2.334422e+11  0.000000e+00  0.000000e+00  1.156377e+09  9.011691e+08  7.501095e+08  6.793079e+08
3.417161e+02  2.585582e+11  0.000000e+00  0.000000e+00  2.322759e+11  0.000000e+00  0.000000e+00  1.057357e+09  8.176010e+08  6.776822e+08  6.126027e+08
3.434288e+02  2.572734e+11  0.000000e+00  0.000000e+00  2.311217e+11  0.000000e+00  0.000000e+00  1.084565e+09  8.494558e+08  7.087817e+08  6.425264e+08
3.451500e+02  2.559887e+11  0.000000e+00  0.000000e+00  2.299676e+11  0.000000e+00  0.000000e+00  1.087025e+09  8.315005e+08  6.853667e+08  6.180015e+08
3.468799e+02  2.547172e+11  0.000000e+00  0.000000e+00  2.288253e+11  0.000000e+00  0.000000e+00  8.086849e+08  6.174594e+08  5.080916e+08  4.578540e+08
3.486184e+02  2.534456e+11  0.000000e+00  0.000000e+00  2.276830e+11  0.000000e+00  0.000000e+00  6.998039e+09  4.849599e+09  3.851151e+09  3.420120e+09
3.503657e+02  2.521870e+11  0.000000e+00  0.000000e+00  2.265523e+11  0.000000e+00  0.000000e+00  6.675477e+08  5.008292e+08  4.087210e+08  3.670398e+08
3.521217e+02  2.509284e+11  0.000000e+00  0.000000e+00  2.254217e+11  0.000000e+00  0.000000e+00  6.368181e+09  4.482143e+09  3.578517e+09  3.184362e+09
3.538865e+02  2.496783e+11  0.000000e+00  0.000000e+00  2.242986e+11  0.000000e+00  0.000000e+00  7.119213e+09  4.488874e+09  3.510079e+09  3.105215e+09
3.556601e+02  2.484324e+11  0.000000e+00  0.000000e+00  2.231794e+11  0.000000e+00  0.000000e+00  7.693358e+08  5.611294e+08  4.537240e+08  4.059756e+08
3.574427e+02  2.471990e+11  0.000000e+00  0.000000e+00  2.220714e+11  0.000000e+00  0.000000e+00  6.997998e+08  5.093743e+08  4.113073e+08  3.677926e+08
3.592341e+02  2.459656e+11  0.000000e+00  0.000000e+00  2.209633e+11  0.000000e+00  0.000000e+00  6.399464e+08  4.648092e+08  3.748633e+08  3.350365e+08
3.610346e+02  2.447403e+11  0.000000e+00  0.000000e+00  2.198626e+11  0.000000e+00  0.000000e+00  5.927489e+08  4.292721e+08  3.457451e+08  3.088517e+08
3.628441e+02  2.435231e+11  0.000000e+00  0.000000e+00  2.187691e+11  0.000000e+00  0.000000e+00  5.525785e+08  3.992850e+08  3.212553e+08  2.868599e+08
3.646626e+02  2.423099e+11  0.000000e+00  0.000000e+00  2.176792e+11  0.000000e+00  0.000000e+00  5.361530e+08  3.859562e+08  3.100845e+08  2.767394e+08
3.664903e+02  2.411006e+11  0.000000e+00  0.000000e+00  2.165928e+11  0.000000e+00  0.000000e+00  5.307905e+08  3.816874e+08  3.067212e+08  2.737974e+08
3.683271e+02  2.399030e+11  0.000000e+00  0.000000e+00  2.155170e+11  0.000000e+00  0.000000e+00  7.682384e+10  4.315320e+10  3.255689e+10  2.841160e+10
3.701731e+02  2.387054e+11  0.000000e+00  0.000000e+00  2.144412e+11  0.000000e+00  0.000000e+00  6.564927e+09  4.574557e+09  3.697176e+09  3.312648e+09
3.720284e+02  2.375156e+11  0.000000e+00  0.000000e+00  2.133723e+11  0.000000e+00  0.000000e+00  4.727460e+08  3.339400e+08  2.665835e+08  2.373547e+08
3.738930e+02  2.363334e+11  0.000000e+00  0.000000e+00  2.123102e+11  0.000000e+00  0.000000e+00  4.284854e+08  3.018470e+08  2.408369e+08  2.144030e+08
3.757669e+02  2.351586e+11  0.000000e+00  0.000000e+00  2.112549e+11  0.000000e+00  0.000000e+00  4.014776e+08  2.825525e+08  2.255315e+08  2.008328e+08
3.776502e+02  2.339839e+11  0.000000e+00  0.000000e+00  2.101995e+11  0.000000e+00  0.000000e+00  5.616601e+09  4.189923e+09  3.476007e+09  3.147275e+09
3.795429e+02  2.328202e+11  0.000000e+00  0.000000e+00  2.091542e+11  0.000000e+00  0.000000e+00  1.860210e+09  1.349333e+09  1.094665e+09  9.807986e+08
3.814452e+02  2.316601e+11  0.000000e+00  0.000000e+00  2.081120e+11  0.000000e+00  0.000000e+00  1.633572e+09  1.189615e+09  9.648920e+08  8.643486e+08
3.833569e+02  2.305073e+11  0.000000e+00  0.000000e+00  2.070763e+11  0.000000e+00  0.000000e+00  8.352162e+09  6.586252e+09  5.613584e+09  5.141460e+09
3.852783e+02  2.293580e+11  0.000000e+00  0.000000e+00  2.060438e+11  0.000000e+00  0.000000e+00  7.196611e+09  5.858796e+09  5.086421e+09  4.697170e+09
3.872093e+02  2.282158e+11  0.000000e+00  0.000000e+00  2.050178e+11  0.000000e+00  0.000000e+00  1.177856e+10  9.909844e+09  8.797982e+09  8.207670e+09
3.891499e+02  2.270805e+11  0.000000e+00  0.000000e+00  2.039979e+11  0.000000e+00  0.000000e+00  5.606976e+09  4.723741e+09  4.209274e+09  3.935317e+09
3.911003e+02  2.259454e+11  0.000000e+00  0.000000e+00  2.029781e+11  0.000000e+00  0.000000e+00  8.421336e+08  6.124468e+08  4.937144e+08  4.410669e+08
3.930605e+02  2.248240e+11  0.000000e+00  0.000000e+00  2.019707e+11  0.000000e+00  0.000000e+00  8.837301e+09  7.563772e+09  6.863530e+09  6.493916e+09
3.950305e+02  2.237025e+11  0.000000e+00  0.000000e+00  2.009633e+11  0.000000e+00  0.000000e+00  7.489626e+09  6.434743e+09  5.817377e+09  5.490823e+09
3.970103e+02  2.225879e+11  0.000000e+00  0.000000e+00  1.999619e+11  0.000000e+00  0.000000e+00  6.307023e+09  5.433586e+09  4.892682e+09  4.606590e+09
3.990001e+02  2.214798e+11  0.000000e+00  0.000000e+00  1.989665e+11  0.000000e+00  0.000000e+00  5.310281e+09  4.584754e+09  4.111932e+09  3.862127e+09
4.009999e+02  2.203751e+11  0.000000e+00  0.000000e+00  1.979741e+11  0.000000e+00  0.000000e+00  4.591070e+09  3.950254e+09  3.522073e+09  3.297842e+09
4.030097e+02  2.192801e+11  0.000000e+00  0.000000e+00  1.969904e+11  0.000000e+00  0.000000e+00  3.885876e+09  3.345543e+09  2.970856e+09  2.775232e+09
4.050295e+02  2.181852e+11  0.000000e+00  0.000000e+00  1.960068e+11  0.000000e+00  0.000000e+00  3.286906e+09  2.830761e+09  2.503795e+09  2.333659e+09
4.070595e+02  2.170999e+11  0.000000e+00  0.000000e+00  1.950318e+11  0.000000e+00  0.000000e+00  2.783837e+09  2.396281e+09  2.110843e+09  1.962954e+09
4.090996e+02  2.160178e+11  0.000000e+00  0.000000e+00  1.940597e+11  0.000000e+00  0.000000e+00  2.363528e+09  2.031422e+09  1.781831e+09  1.653197e+09
4.111500e+02  2.149419e+11  0.000000e+00  0.000000e+00  1.930932e+11  0.000000e+00  0.000000e+00  2.013668e+09  1.726060e+09  1.507195e+09  1.395114e+09
4.132107e+02  2.138723e+11  0.000000e+00  0.000000e+00  1.921323e+11  0.000000e+00  0.000000e+00  1.721778e+09  1.470190e+09  1.277763e+09  1.179936e+09
4.152816e+02  2.128058e+11  0.000000e+00  0.000000e+00  1.911742e+11  0.000000e+00  0.000000e+00  1.467426e+09  1.248771e+09  1.080713e+09  9.958142e+08
4.173630e+02  2.117483e+11  0.000000e+00  0.000000e+00  1.902242e+11  0.000000e+00  0.000000e+00  1.261900e+09  1.068249e+09  9.201163e+08  8.458722e+08
4.194548e+02  2.106909e+11  0.000000e+00  0.000000e+00  1.892743e+11  0.000000e+00  0.000000e+00  1.103255e+09  9.267869e+08  7.939822e+08  7.280719e+08
4.215571e+02  2.096424e+11  0.000000e+00  0.000000e+00  1.883323e+11  0.000000e+00  0.000000e+00  1.124545e+09  9.370107e+08  8.009068e+08  7.336306e+08
4.236699e+02  2.085968e+11  0.000000e+00  0.000000e+00  1.873931e+11  0.000000e+00  0.000000e+00  1.011307e+09  8.385627e+08  7.138991e+08  6.527105e+08
4.257933e+02  2.075601e+11  0.000000e+00  0.000000e+00  1.864618e+11  0.000000e+00  0.000000e+00  5.687293e+10  4.499677e+10  3.829884e+10  3.510117e+10
4.279273e+02  2.065234e+11  0.000000e+00  0.000000e+00  1.855304e+11  0.000000e+00  0.000000e+00  7.834805e+08  6.397853e+08  5.396398e+08  4.913199e+08
4.300720e+02  2.054982e+11  0.000000e+00  0.000000e+00  1.846094e+11  0.000000e+00  0.000000e+00  1.328145e+10  8.738295e+09  6.945547e+09  6.189865e+09
4.322275e+02  2.044701e+11  0.000000e+00  0.000000e+00  1.836858e+11  0.000000e+00  0.000000e+00  5.859333e+08  4.670428e+08  3.895019e+08  3.528935e+08
4.343938e+02  2.034561e+11  0.000000e+00  0.000000e+00  1.827749e+11  0.000000e+00  0.000000e+00  5.251027e+08  4.131062e+08  3.426868e+08  3.097918e+08
4.365710e+02  2.024393e+11  0.000000e+00  0.000000e+00  1.818614e+11  0.000000e+00  0.000000e+00  2.281518e+10  1.269640e+10  9.546788e+09  8.322542e+09
4.387590e+02  2.014335e+11  0.000000e+00  0.000000e+00  1.809579e+11  0.000000e+00  0.000000e+00  4.267879e+08  3.283277e+08  2.700823e+08  2.433535e+08
4.409580e+02  2.004278e+11  0.000000e+00  0.000000e+00  1.800544e+11  0.000000e+00  0.000000e+00  3.824611e+08  2.909988e+08  2.382854e+08  2.142760e+08
4.431681e+02  1.994301e+11  0.000000e+00  0.000000e+00  1.791582e+11  0.000000e+00  0.000000e+00  3.548162e+08  2.682399e+08  2.195344e+08  1.974442e+08
4.453892e+02  1.984378e+11  0.000000e+00  0.000000e+00  1.782667e+11  0.000000e+00  0.000000e+00  3.280285e+08  2.437057e+08  1.979605e+08  1.774570e+08
4.476215e+02  1.974481e+11  0.000000e+00  0.000000e+00  1.773777e+11  0.000000e+00  0.000000e+00  2.748394e+09  1.822385e+09  1.422394e+09  1.254696e+09
4.498649e+02  1.964664e+11  0.000000e+00  0.000000e+00  1.764957e+11  0.000000e+00  0.000000e+00  2.281144e+09  1.515669e+09  1.182120e+09  1.042307e+09
4.521196e+02  1.954872e+11  0.000000e+00  0.000000e+00  1.756160e+11  0.000000e+00  0.000000e+00  1.904374e+09  1.268519e+09  9.891236e+08  8.719893e+08
4.543856e+02  1.945131e+11  0.000000e+00  0.000000e+00  1.747410e+11  0.000000e+00  0.000000e+00  1.598982e+09  1.067672e+09  8.324402e+08  7.337977e+08
4.566629e+02  1.935442e+11  0.000000e+00  0.000000e+00  1.738705e+11  0.000000e+00  0.000000e+00  1.354588e+09  9.069203e+08  7.072876e+08  6.235280e+08
4.589517e+02  1.925803e+11  0.000000e+00  0.000000e+00  1.730046e+11  0.000000e+00  0.000000e+00  1.914735e+10  1.169316e+10  8.999547e+09  7.909148e+09
4.612519e+02  1.916188e+11  0.000000e+00  0.000000e+00  1.721409e+11  0.000000e+00  0.000000e+00  9.758474e+08  6.553588e+08  5.111623e+08  4.506526e+08
4.635637e+02  1.906673e+11  0.000000e+00  0.000000e+00  1.712861e+11  0.000000e+00  0.000000e+00  8.302632e+08  5.579116e+08  4.351340e+08  3.836220e+08
4.658870e+02  1.897158e+11  0.000000e+00  0.000000e+00  1.704313e+11  0.000000e+00  0.000000e+00  7.184473e+08  4.834344e+08  3.772535e+08  3.326853e+08
4.682220e+02  1.887715e+11  0.000000e+00  0.000000e+00  1.695830e+11  0.000000e+00  0.000000e+00  6.346665e+08  4.282970e+08  3.347079e+08  2.953648e+08
4.705687e+02  1.878320e+11  0.000000e+00  0.000000e+00  1.687390e+11  0.000000e+00  0.000000e+00  1.524440e+10  9.719948e+09  7.564001e+09  6.673060e+09
4.729271e+02  1.868949e+11  0.000000e+00  0.000000e+00  1.678971e+11  0.000000e+00  0.000000e+00  5.099043e+08  3.458696e+08  2.711658e+08  2.396671e+08
4.752974e+02  1.859649e+11  0.000000e+00  0.000000e+00  1.670617e+11  0.000000e+00  0.000000e+00  1.290259e+10  8.460194e+09  6.633175e+09  5.867298e+09
4.776795e+02  1.850395e+11  0.000000e+00  0.000000e+00  1.662303e+11  0.000000e+00  0.000000e+00  4.364649e+08  2.968271e+08  2.331716e+08  2.062680e+08
4.800736e+02  1.841164e+11  0.000000e+00  0.000000e+00  1.654010e+11  0.000000e+00  0.000000e+00  1.154957e+10  7.719667e+09  6.086338e+09  5.394339e+09
4.824797e+02  1.832000e+11  0.000000e+00  0.000000e+00  1.645779e+11  0.000000e+00  0.000000e+00  1.098653e+10  7.388119e+09  5.837166e+09  5.177596e+09
4.848979e+02  1.822860e+11  0.000000e+00  0.000000e+00  1.637568e+11  0.000000e+00  0.000000e+00  2.801114e+10  1.890383e+10  1.496984e+10  1.329117e+10
4.873281e+02  1.813787e+11  0.000000e+00  0.000000e+00  1.629417e+11  0.000000e+00  0.000000e+00  2.342614e+10  1.587116e+10  1.257938e+10  1.117172e+10
4.897706e+02  1.804759e+11  0.000000e+00  0.000000e+00  1.621306e+11  0.000000e+00  0.000000e+00  7.657266e+09  5.837832e+09  4.863891e+09  4.410705e+09
4.922253e+02  1.795774e+11  0.000000e+00  0.000000e+00  1.613234e+11  0.000000e+00  0.000000e+00  1.566825e+10  1.197874e+10  9.970355e+09  9.035423e+09
4.946923e+02  1.786811e+11  0.000000e+00  0.000000e+00  1.605182e+11  0.000000e+00  0.000000e+00  1.254865e+10  9.646047e+09  8.018182e+09  7.259681e+09
4.971716e+02  1.777912e+11  0.000000e+00  0.000000e+00  1.597189e+11  0.000000e+00  0.000000e+00  1.256091e+10  9.477608e+09  7.828165e+09  7.070855e+09
4.996634e+02  1.769078e+11  0.000000e+00  0.000000e+00  1.589252e+11  0.000000e+00  0.000000e+00  2.352552e+10  1.610492e+10  1.286388e+10  1.146660e+10
5.021677e+02  1.760263e+11  0.000000e+00  0.000000e+00  1.581334e+11  0.000000e+00  0.000000e+00  6.453659e+09  5.023455e+09  4.157906e+09  3.754547e+09
5.046845e+02  1.751450e+11  0.000000e+00  0.000000e+00  1.573416e+11  0.000000e+00  0.000000e+00  5.138487e+09  4.029084e+09  3.335693e+09  3.011662e+09
5.072139e+02  1.742760e+11  0.000000e+00  0.000000e+00  1.565609e+11  0.000000e+00  0.000000e+00  4.128886e+09  3.244417e+09  2.681418e+09  2.418650e+09
5.097561e+02  1.734110e+11  0.000000e+00  0.000000e+00  1.557839e+11  0.000000e+00  0.000000e+00  3.323839e+09  2.615578e+09  2.157812e+09  1.944512e+09
5.123109e+02  1.725421e+11  0.000000e+00  0.000000e+00  1.550032e+11  0.000000e+00  0.000000e+00  2.681045e+09  2.111268e+09  1.738524e+09  1.565192e+09
5.148786e+02  1.716852e+11  0.000000e+00  0.000000e+00  1.542335e+11  0.000000e+00  0.000000e+00  2.168302e+09  1.707449e+09  1.403320e+09  1.262229e+09
5.174591e+02  1.708282e+11  0.000000e+00  0.000000e+00  1.534636e+11  0.000000e+00  0.000000e+00  1.759371e+09  1.384350e+09  1.135572e+09  1.020470e+09
5.200526e+02  1.699792e+11  0.000000e+00  0.000000e+00  1.527009e+11  0.000000e+00  0.000000e+00  1.436343e+09  1.128510e+09  9.240230e+08  8.296834e+08
5.226590e+02  1.691340e+11  0.000000e+00  0.000000e+00  1.519416e+11  0.000000e+00  0.000000e+00  3.617504e+09  2.720115e+09  2.242633e+09  2.025035e+09
5.252786e+02  1.682887e+11  0.000000e+00  0.000000e+00  1.511823e+11  0.000000e+00  0.000000e+00  9.670642e+08  7.551598e+08  6.157511e+08  5.518978e+08
5.279112e+02  1.674512e+11  0.000000e+00  0.000000e+00  1.504298e+11  0.000000e+00  0.000000e+00  7.965445e+08  6.203029e+08  5.050786e+08  4.524490e+08
5.305571e+02  1.666173e+11  0.000000e+00  0.000000e+00  1.496808e+11  0.000000e+00  0.000000e+00  6.652390e+08  5.155231e+08  4.190041e+08  3.750906e+08
5.332162e+02  1.657872e+11  0.000000e+00  0.000000e+00  1.489350e+11  0.000000e+00  0.000000e+00  1.801229e+09  1.381977e+09  1.149352e+09  1.041708e+09
5.358886e+02  1.649609e+11  0.000000e+00  0.000000e+00  1.481927e+11  0.000000e+00  0.000000e+00  4.800953e+08  3.678531e+08  2.981381e+08  2.666605e+08
5.385744e+02  1.641382e+11  0.000000e+00  0.000000e+00  1.474536e+11  0.000000e+00  0.000000e+00  3.006070e+09  2.336080e+09  1.968143e+09  1.794596e+09
5.412737e+02  1.633227e+11  0.000000e+00  0.000000e+00  1.467210e+11  0.000000e+00  0.000000e+00  2.633477e+09  2.046885e+09  1.729211e+09  1.580016e+09
5.439865e+02  1.625072e+11  0.000000e+00  0.000000e+00  1.459885e+11  0.000000e+00  0.000000e+00  2.497220e+09  1.946178e+09  1.648344e+09  1.506915e+09
5.467130e+02  1.616989e+11  0.000000e+00  0.000000e+00  1.452623e+11  0.000000e+00  0.000000e+00  5.550741e+09  4.358982e+09  3.736072e+09  3.435067e+09
5.494530e+02  1.608941e+11  0.000000e+00  0.000000e+00  1.445393e+11  0.000000e+00  0.000000e+00  3.574214e+08  2.575980e+08  2.058748e+08  1.832922e+08
5.522068e+02  1.600927e+11  0.000000e+00  0.000000e+00  1.438194e+11  0.000000e+00  0.000000e+00  2.971789e+09  2.383422e+09  2.054154e+09  1.893188e+09
5.549745e+02  1.592948e+11  0.000000e+00  0.000000e+00  1.431025e+11  0.000000e+00  0.000000e+00  4.303761e+09  3.472162e+09  2.990067e+09  2.753420e+09
5.577559e+02  1.585003e+11  0.000000e+00  0.000000e+00  1.423888e+11  0.000000e+00  0.000000e+00  3.376288e+09  2.735182e+09  2.346814e+09  2.156351e+09
5.605514e+02  1.577125e+11  0.000000e+00  0.000000e+00  1.416811e+11  0.000000e+00  0.000000e+00  2.723668e+09  2.208084e+09  1.885074e+09  1.727384e+09
5.633608e+02  1.569248e+11  0.000000e+00  0.000000e+00  1.409735e+11  0.000000e+00  0.000000e+00  2.250091e+09  1.826111e+09  1.551555e+09  1.418126e+09
5.661843e+02  1.561437e+11  0.000000e+00  0.000000e+00  1.402718e+11  0.000000e+00  0.000000e+00  2.028155e+09  1.642884e+09  1.388415e+09  1.265600e+09
5.690220e+02  1.553692e+11  0.000000e+00  0.000000e+00  1.395760e+11  0.000000e+00  0.000000e+00  3.785618e+11  2.637900e+11  2.109084e+11  1.879427e+11
5.718739e+02  1.545913e+11  0.000000e+00  0.000000e+00  1.388772e+11  0.000000e+00  0.000000e+00  1.379375e+09  1.109137e+09  9.289702e+08  8.431298e+08
5.747401e+02  1.538232e+11  0.000000e+00  0.000000e+00  1.381872e+11  0.000000e+00  0.000000e+00  4.313448e+10  2.332541e+10  1.735130e+10  1.505633e+10
5.776206e+02  1.530551e+11  0.000000e+00  0.000000e+00  1.374971e+11  0.000000e+00  0.000000e+00  7.500048e+08  5.961243e+08  4.953851e+08  4.479949e+08
5.805156e+02  1.522932e+11  0.000000e+00  0.000000e+00  1.368127e+11  0.000000e+00  0.000000e+00  5.889355e+08  4.652528e+08  3.852825e+08  3.478904e+08
5.834251e+02  1.515376e+11  0.000000e+00  0.000000e+00  1.361339e+11  0.000000e+00  0.000000e+00  4.824552e+08  3.778835e+08  3.117063e+08  2.809942e+08
5.863492e+02  1.507789e+11  0.000000e+00  0.000000e+00  1.354523e+11  0.000000e+00  0.000000e+00  4.065273e+08  3.151715e+08  2.589242e+08  2.330334e+08
5.892879e+02  1.500294e+11  0.000000e+00  0.000000e+00  1.347790e+11  0.000000e+00  0.000000e+00  3.507354e+08  2.688278e+08  2.199761e+08  1.976782e+08
5.922414e+02  1.492828e+11  0.000000e+00  0.000000e+00  1.341083e+11  0.000000e+00  0.000000e+00  4.759568e+09  2.945466e+09  2.262374e+09  1.984851e+09
5.952096e+02  1.485393e+11  0.000000e+00  0.000000e+00  1.334404e+11  0.000000e+00  0.000000e+00  3.377202e+08  2.470025e+08  1.990891e+08  1.778793e+08
5.981928e+02  1.477988e+11  0.000000e+00  0.000000e+00  1.327751e+11  0.000000e+00  0.000000e+00  2.932492e+08  2.131964e+08  1.715807e+08  1.532303e+08
6.011909e+02  1.470612e+11  0.000000e+00  0.000000e+00  1.321125e+11  0.000000e+00  0.000000e+00  2.597960e+08  1.877436e+08  1.509268e+08  1.347493e+08
6.042040e+02  1.463295e+11  0.000000e+00  0.000000e+00  1.314552e+11  0.000000e+00  0.000000e+00  2.346660e+08  1.685451e+08  1.353682e+08  1.208383e+08
6.072322e+02  1.456006e+11  0.000000e+00  0.000000e+00  1.308004e+11  0.000000e+00  0.000000e+00  2.156360e+08  1.539727e+08  1.235790e+08  1.103067e+08
6.102756e+02  1.448746e+11  0.000000e+00  0.000000e+00  1.301481e+11  0.000000e+00  0.000000e+00  2.012545e+08  1.429257e+08  1.146520e+08  1.023358e+08
6.133343e+02  1.441542e+11  0.000000e+00  0.000000e+00  1.295010e+11  0.000000e+00  0.000000e+00  1.904003e+08  1.345552e+08  1.078735e+08  9.627340e+07
6.164082e+02  1.434366e+11  0.000000e+00  0.000000e+00  1.288563e+11  0.000000e+00  0.000000e+00  1.826511e+08  1.285316e+08  1.030151e+08  9.194054e+07
6.194976e+02  1.427217e+11  0.000000e+00  0.000000e+00  1.282141e+11  0.000000e+00  0.000000e+00  2.594981e+08  1.729039e+08  1.358289e+08  1.202680e+08
6.226025e+02  1.420096e+11  0.000000e+00  0.000000e+00  1.275744e+11  0.000000e+00  0.000000e+00  2.391493e+08  1.602765e+08  1.262756e+08  1.119506e+08
6.257229e+02  1.413030e+11  0.000000e+00  0.000000e+00  1.269397e+11  0.000000e+00  0.000000e+00  2.988593e+09  1.845863e+09  1.410689e+09  1.234608e+09
6.288590e+02  1.405991e+11  0.000000e+00  0.000000e+00  1.263073e+11  0.000000e+00  0.000000e+00  2.078321e+08  1.405355e+08  1.112568e+08  9.884302e+07
6.320108e+02  1.399004e+11  0.000000e+00  0.000000e+00  1.256796e+11  0.000000e+00  0.000000e+00  1.961382e+08  1.330932e+08  1.055803e+08  9.388393e+07
6.351784e+02  1.392017e+11  0.000000e+00  0.000000e+00  1.250519e+11  0.000000e+00  0.000000e+00  1.885392e+08  1.283319e+08  1.019806e+08  9.075106e+07
6.383618e+02  1.385082e+11  0.000000e+00  0.000000e+00  1.244290e+11  0.000000e+00  0.000000e+00  1.844022e+08  1.258590e+08  1.001503e+08  8.917152e+07
6.415613e+02  1.378199e+11  0.000000e+00  0.000000e+00  1.238106e+11  0.000000e+00  0.000000e+00  2.303341e+09  1.420316e+09  1.083806e+09  9.478637e+08
6.447767e+02  1.371316e+11  0.000000e+00  0.000000e+00  1.231923e+11  0.000000e+00  0.000000e+00  1.837487e+08  1.255029e+08  9.979767e+07  8.880686e+07
6.480083e+02  1.364484e+11  0.000000e+00  0.000000e+00  1.225785e+11  0.000000e+00  0.000000e+00  1.964344e+09  1.220366e+09  9.331398e+08  8.167357e+08
6.512560e+02  1.357702e+11  0.000000e+00  0.000000e+00  1.219692e+11  0.000000e+00  0.000000e+00  2.059971e+08  1.403813e+08  1.111987e+08  9.875342e+07
6.545201e+02  1.350920e+11  0.000000e+00  0.000000e+00  1.213599e+11  0.000000e+00  0.000000e+00  3.939938e+10  2.082454e+10  1.525166e+10  1.313961e+10
6.578005e+02  1.344211e+11  0.000000e+00  0.000000e+00  1.207573e+11  0.000000e+00  0.000000e+00  2.675445e+09  1.644412e+09  1.252886e+09  1.095024e+09
6.610973e+02  1.337503e+11  0.000000e+00  0.000000e+00  1.201546e+11  0.000000e+00  0.000000e+00  3.589005e+09  2.187127e+09  1.663402e+09  1.452912e+09
6.644107e+02  1.330842e+11  0.000000e+00  0.000000e+00  1.195563e+11  0.000000e+00  0.000000e+00  1.104495e+10  5.635752e+09  4.118567e+09  3.549050e+09
6.677407e+02  1.324205e+11  0.000000e+00  0.000000e+00  1.189601e+11  0.000000e+00  0.000000e+00  2.980313e+09  1.879844e+09  1.444020e+09  1.265945e+09
6.710873e+02  1.317616e+11  0.000000e+00  0.000000e+00  1.183681e+11  0.000000e+00  0.000000e+00  3.233491e+09  2.042088e+09  1.566655e+09  1.372559e+09
6.744508e+02  1.311050e+11  0.000000e+00  0.000000e+00  1.177782e+11  0.000000e+00  0.000000e+00  2.423209e+09  1.536683e+09  1.179069e+09  1.033058e+09
6.778311e+02  1.304530e+11  0.000000e+00  0.000000e+00  1.171925e+11  0.000000e+00  0.000000e+00  1.823668e+09  1.159550e+09  8.889531e+08  7.784406e+08
6.812283e+02  1.298010e+11  0.000000e+00  0.000000e+00  1.166068e+11  0.000000e+00  0.000000e+00  1.381349e+09  8.798264e+08  6.740199e+08  5.899939e+08
6.846425e+02  1.291559e+11  0.000000e+00  0.000000e+00  1.160272e+11  0.000000e+00  0.000000e+00  8.471535e+08  5.997955e+08  4.775535e+08  4.247595e+08
6.880739e+02  1.285129e+11  0.000000e+00  0.000000e+00  1.154497e+11  0.000000e+00  0.000000e+00  6.322233e+08  4.454216e+08  3.527553e+08  3.129185e+08
6.915225e+02  1.278722e+11  0.000000e+00  0.000000e+00  1.148741e+11  0.000000e+00  0.000000e+00  4.955876e+08  3.493895e+08  2.764332e+08  2.450507e+08
6.949883e+02  1.272359e+11  0.000000e+00  0.000000e+00  1.143024e+11  0.000000e+00  0.000000e+00  4.738381e+08  3.373354e+08  2.687777e+08  2.390484e+08
6.984716e+02  1.266017e+11  0.000000e+00  0.000000e+00  1.137327e+11  0.000000e+00  0.000000e+00  8.020162e+09  4.380416e+09  3.272457e+09  2.846272e+09
7.019722e+02  1.259697e+11  0.000000e+00  0.000000e+00  1.131650e+11  0.000000e+00  0.000000e+00  3.856152e+08  2.671639e+08  2.109227e+08  1.868964e+08
7.054905e+02  1.253441e+11  0.000000e+00  0.000000e+00  1.126030e+11  0.000000e+00  0.000000e+00  3.088564e+08  2.200987e+08  1.760028e+08  1.568209e+08
7.090263e+02  1.247186e+11  0.000000e+00  0.000000e+00  1.120410e+11  0.000000e+00  0.000000e+00  2.073420e+08  1.456768e+08  1.155453e+08  1.025847e+08
7.125799e+02  1.240972e+11  0.000000e+00  0.000000e+00  1.114827e+11  0.000000e+00  0.000000e+00  1.014897e+10  5.829576e+09  4.411116e+09  3.853834e+09
7.161513e+02  1.234799e+11  0.000000e+00  0.000000e+00  1.109283e+11  0.000000e+00  0.000000e+00  3.406640e+08  2.274275e+08  1.780117e+08  1.572769e+08
7.197406e+02  1.228647e+11  0.000000e+00  0.000000e+00  1.103756e+11  0.000000e+00  0.000000e+00  1.391393e+10  8.325513e+09  6.371710e+09  5.589683e+09
7.233479e+02  1.222516e+11  0.000000e+00  0.000000e+00  1.098248e+11  0.000000e+00  0.000000e+00  3.311122e+08  2.147781e+08  1.667182e+08  1.468545e+08
7.269732e+02  1.216444e+11  0.000000e+00  0.000000e+00  1.092793e+11  0.000000e+00  0.000000e+00  1.177675e+10  7.299450e+09  5.640421e+09  4.965042e+09
7.306168e+02  1.210372e+11  0.000000e+00  0.000000e+00  1.087339e+11  0.000000e+00  0.000000e+00  2.497841e+10  1.584987e+10  1.234086e+10  1.089410e+10
7.342786e+02  1.204340e+11  0.000000e+00  0.000000e+00  1.081920e+11  0.000000e+00  0.000000e+00  2.719240e+10  1.731718e+10  1.353126e+10  1.196403e+10
7.379587e+02  1.198347e+11  0.000000e+00  0.000000e+00  1.076536e+11  0.000000e+00  0.000000e+00  2.955074e+09  2.378987e+09  2.064346e+09  1.911574e+09
7.416573e+02  1.192373e+11  0.000000e+00  0.000000e+00  1.071169e+11  0.000000e+00  0.000000e+00  1.868507e+10  1.519984e+10  1.320858e+10  1.223336e+10
7.453744e+02  1.186438e+11  0.000000e+00  0.000000e+00  1.065837e+11  0.000000e+00  0.000000e+00  1.305809e+10  1.085301e+10  9.457729e+09  8.762516e+09
7.491102e+02  1.180521e+11  0.000000e+00  0.000000e+00  1.060522e+11  0.000000e+00  0.000000e+00  9.136025e+09  7.747403e+09  6.767629e+09  6.271558e+09
7.528646e+02  1.174642e+11  0.000000e+00  0.000000e+00  1.055241e+11  0.000000e+00  0.000000e+00  6.408428e+09  5.536090e+09  4.845270e+09  4.490391e+09
7.566379e+02  1.168800e+11  0.000000e+00  0.000000e+00  1.049993e+11  0.000000e+00  0.000000e+00  4.505300e+09  3.958767e+09  3.469939e+09  3.215555e+09
7.604301e+02  1.162977e+11  0.000000e+00  0.000000e+00  1.044761e+11  0.000000e+00  0.000000e+00  3.175388e+09  2.833476e+09  2.486245e+09  2.303500e+09
7.642414e+02  1.157172e+11  0.000000e+00  0.000000e+00  1.039546e+11  0.000000e+00  0.000000e+00  2.244884e+09  2.030741e+09  1.783014e+09  1.651399e+09
7.680717e+02  1.151421e+11  0.000000e+00  0.000000e+00  1.034380e+11  0.000000e+00  0.000000e+00  1.593330e+09  1.458369e+09  1.280699e+09  1.185595e+09
7.719212e+02  1.145671e+11  0.000000e+00  0.000000e+00  1.029214e+11  0.000000e+00  0.000000e+00  1.137164e+09  1.050750e+09  9.224533e+08  8.534317e+08
7.757900e+02  1.139973e+11  0.000000e+00  0.000000e+00  1.024095e+11  0.000000e+00  0.000000e+00  5.423261e+09  3.712351e+09  2.992673e+09  2.682872e+09
7.796782e+02  1.134293e+11  0.000000e+00  0.000000e+00  1.018992e+11  0.000000e+00  0.000000e+00  5.899361e+08  5.512935e+08  4.829061e+08  4.459933e+08
7.835859e+02  1.128647e+11  0.000000e+00  0.000000e+00  1.013921e+11  0.000000e+00  0.000000e+00  4.492042e+08  4.194800e+08  3.679927e+08  3.403506e+08
7.875131e+02  1.123035e+11  0.000000e+00  0.000000e+00  1.008879e+11  0.000000e+00  0.000000e+00  3.187960e+08  2.971481e+08  2.590300e+08  2.386333e+08
7.914601e+02  1.117424e+11  0.000000e+00  0.000000e+00  1.003838e+11  0.000000e+00  0.000000e+00  2.455835e+08  2.270395e+08  1.983984e+08  1.835367e+08
7.954268e+02  1.111863e+11  0.000000e+00  0.000000e+00  9.988425e+10  0.000000e+00  0.000000e+00  2.755184e+08  2.499795e+08  2.225828e+08  2.082336e+08
7.994134e+02  1.106334e+11  0.000000e+00  0.000000e+00  9.938760e+10  0.000000e+00  0.000000e+00  1.471296e+08  1.316961e+08  1.132282e+08  1.037281e+08
8.034200e+02  1.100806e+11  0.000000e+00  0.000000e+00  9.889095e+10  0.000000e+00  0.000000e+00  1.203329e+08  1.052421e+08  8.991840e+07  8.218286e+07
8.074467e+02  1.095326e+11  0.000000e+00  0.000000e+00  9.839871e+10  0.000000e+00  0.000000e+00  1.019650e+08  8.686485e+07  7.372164e+07  6.721840e+07
8.114936e+02  1.089879e+11  0.000000e+00  0.000000e+00  9.790936e+10  0.000000e+00  0.000000e+00  8.982026e+07  7.445024e+07  6.276334e+07  5.709409e+07
8.155607e+02  1.084448e+11  0.000000e+00  0.000000e+00  9.742143e+10  0.000000e+00  0.000000e+00  3.120963e+09  2.122602e+09  1.690615e+09  1.505981e+09
8.196482e+02  1.079048e+11  0.000000e+00  0.000000e+00  9.693635e+10  0.000000e+00  0.000000e+00  7.460587e+07  5.885040e+07  4.900382e+07  4.438867e+07
8.237562e+02  1.073664e+11  0.000000e+00  0.000000e+00  9.645269e+10  0.000000e+00  0.000000e+00  6.949358e+07  5.370924e+07  4.450762e+07  4.025170e+07
8.278848e+02  1.068312e+11  0.000000e+00  0.000000e+00  9.597184e+10  0.000000e+00  0.000000e+00  6.678575e+07  5.083209e+07  4.202949e+07  3.800885e+07
8.320341e+02  1.063005e+11  0.000000e+00  0.000000e+00  9.549511e+10  0.000000e+00  0.000000e+00  6.555598e+07  4.924142e+07  4.056411e+07  3.664083e+07
8.362042e+02  1.057698e+11  0.000000e+00  0.000000e+00  9.501834e+10  0.000000e+00  0.000000e+00  2.525669e+09  1.738744e+09  1.385108e+09  1.233136e+09
8.403952e+02  1.052436e+11  0.000000e+00  0.000000e+00  9.454564e+10  0.000000e+00  0.000000e+00  6.441619e+07  4.775327e+07  3.941310e+07  3.572512e+07
8.446072e+02  1.047189e+11  0.000000e+00  0.000000e+00  9.407428e+10  0.000000e+00  0.000000e+00  6.529714e+07  4.837299e+07  4.014987e+07  3.659053e+07
8.488403e+02  1.041971e+11  0.000000e+00  0.000000e+00  9.360557e+10  0.000000e+00  0.000000e+00  2.747309e+09  1.940727e+09  1.575365e+09  1.417397e+09
8.530946e+02  1.036783e+11  0.000000e+00  0.000000e+00  9.313950e+10  0.000000e+00  0.000000e+00  2.023549e+09  1.399660e+09  1.114021e+09  9.910792e+08
8.573702e+02  1.031624e+11  0.000000e+00  0.000000e+00  9.267600e+10  0.000000e+00  0.000000e+00  2.197097e+09  1.602607e+09  1.315532e+09  1.187459e+09
8.616673e+02  1.026479e+11  0.000000e+00  0.000000e+00  9.221381e+10  0.000000e+00  0.000000e+00  3.028736e+09  2.079107e+09  1.650419e+09  1.466667e+09
8.659859e+02  1.021363e+11  0.000000e+00  0.000000e+00  9.175416e+10  0.000000e+00  0.000000e+00  8.368094e+09  5.711130e+09  4.535612e+09  4.032494e+09
8.703262e+02  1.016288e+11  0.000000e+00  0.000000e+00  9.129828e+10  0.000000e+00  0.000000e+00  1.931786e+09  1.402650e+09  1.137881e+09  1.020078e+09
8.746882e+02  1.011213e+11  0.000000e+00  0.000000e+00  9.084239e+10  0.000000e+00  0.000000e+00  5.950398e+09  4.357062e+09  3.537213e+09  3.171334e+09
8.790720e+02  1.006180e+11  0.000000e+00  0.000000e+00  9.039023e+10  0.000000e+00  0.000000e+00  3.893329e+09  2.915320e+09  2.397020e+09  2.166122e+09
8.834779e+02  1.001160e+11  0.000000e+00  0.000000e+00  8.993928e+10  0.000000e+00  0.000000e+00  2.467078e+09  1.872762e+09  1.528882e+09  1.372704e+09
8.879058e+02  9.961809e+10  0.000000e+00  0.000000e+00  8.949197e+10  0.000000e+00  0.000000e+00  1.646763e+09  1.267272e+09  1.036117e+09  9.305082e+08
8.923559e+02  9.912150e+10  0.000000e+00  0.000000e+00  8.904586e+10  0.000000e+00  0.000000e+00  1.106365e+09  8.615696e+08  7.052625e+08  6.334932e+08
8.968283e+02  9.862756e+10  0.000000e+00  0.000000e+00  8.860212e+10  0.000000e+00  0.000000e+00  7.500233e+08  5.898889e+08  4.833387e+08  4.342178e+08
9.013231e+02  9.813754e+10  0.000000e+00  0.000000e+00  8.816191e+10  0.000000e+00  0.000000e+00  5.164836e+08  4.093970e+08  3.357536e+08  3.016940e+08
9.058405e+02  9.764751e+10  0.000000e+00  0.000000e+00  8.772169e+10  0.000000e+00  0.000000e+00  3.717285e+08  2.960925e+08  2.431293e+08  2.185707e+08
9.103805e+02  9.716134e+10  0.000000e+00  0.000000e+00  8.728495e+10  0.000000e+00  0.000000e+00  2.628266e+08  2.101523e+08  1.727535e+08  1.553798e+08
9.149432e+02  9.667643e+10  0.000000e+00  0.000000e+00  8.684932e+10  0.000000e+00  0.000000e+00  1.006259e+10  7.960071e+09  6.618073e+09  5.985947e+09
9.195289e+02  9.619530e+10  0.000000e+00  0.000000e+00  8.641710e+10  0.000000e+00  0.000000e+00  1.393625e+08  1.127642e+08  9.342436e+07  8.433147e+07
9.241375e+02  9.571664e+10  0.000000e+00  0.000000e+00  8.598710e+10  0.000000e+00  0.000000e+00  1.679141e+09  1.270772e+09  1.048866e+09  9.470907e+08
9.287692e+02  9.524042e+10  0.000000e+00  0.000000e+00  8.555928e+10  0.000000e+00  0.000000e+00  8.865890e+07  6.963647e+07  5.744106e+07  5.179759e+07
9.334241e+02  9.476424e+10  0.000000e+00  0.000000e+00  8.513151e+10  0.000000e+00  0.000000e+00  7.593774e+07  5.868370e+07  4.832444e+07  4.356854e+07
9.381023e+02  9.429289e+10  0.000000e+00  0.000000e+00  8.470807e+10  0.000000e+00  0.000000e+00  6.818072e+07  5.191838e+07  4.269943e+07  3.849613e+07
9.428040e+02  9.382391e+10  0.000000e+00  0.000000e+00  8.428677e+10  0.000000e+00  0.000000e+00  6.288802e+07  4.728129e+07  3.884512e+07  3.502150e+07
9.475293e+02  9.335614e+10  0.000000e+00  0.000000e+00  8.386654e+10  0.000000e+00  0.000000e+00  5.966004e+07  4.436797e+07  3.641079e+07  3.282297e+07
9.522782e+02  9.289069e+10  0.000000e+00  0.000000e+00  8.344841e+10  0.000000e+00  0.000000e+00  5.763509e+07  4.243927e+07  3.477428e+07  3.133569e+07
9.570510e+02  9.242759e+10  0.000000e+00  0.000000e+00  8.303238e+10  0.000000e+00  0.000000e+00  5.318689e+07  3.944762e+07  3.248983e+07  2.934705e+07
9.618476e+02  9.196792e+10  0.000000e+00  0.000000e+00  8.261943e+10  0.000000e+00  0.000000e+00  5.253403e+07  3.872561e+07  3.185974e+07  2.876893e+07
9.666683e+02  9.150937e+10  0.000000e+00  0.000000e+00  8.220749e+10  0.000000e+00  0.000000e+00  5.228159e+07  3.839121e+07  3.156634e+07  2.850025e+07
9.715132e+02  9.105419e+10  0.000000e+00  0.000000e+00  8.179858e+10  0.000000e+00  0.000000e+00  5.226063e+07  3.827746e+07  3.146130e+07  2.840313e+07
9.763823e+02  9.059904e+10  0.000000e+00  0.000000e+00  8.138970e+10  0.000000e+00  0.000000e+00  5.239014e+07  3.830021e+07  3.147069e+07  2.840950e+07
9.812759e+02  9.014941e+10  0.000000e+00  0.000000e+00  8.098577e+10  0.000000e+00  0.000000e+00  5.260673e+07  3.839732e+07  3.153995e+07  2.846885e+07
9.861939e+02  8.969976e+10  0.000000e+00  0.000000e+00  8.058183e+10  0.000000e+00  0.000000e+00  5.284222e+07  3.850639e+07  3.161300e+07  2.852842e+07
9.911367e+02  8.925230e+10  0.000000e+00  0.000000e+00  8.017985e+10  0.000000e+00  0.000000e+00  5.310084e+07  3.861211e+07  3.167692e+07  2.857778e+07
9.961042e+02  8.880805e+10  0.000000e+00  0.000000e+00  7.978076e+10  0.000000e+00  0.000000e+00  5.179056e+07  3.791194e+07  3.119364e+07  2.817618e+07
1.001097e+03  8.836486e+10  0.000000e+00  0.000000e+00  7.938263e+10  0.000000e+00  0.000000e+00  5.194872e+07  3.798298e+07  3.123939e+07  2.821312e+07
1.006114e+03  8.792690e+10  0.000000e+00  0.000000e+00  7.898918e+10  0.000000e+00  0.000000e+00  5.231792e+07  3.821870e+07  3.142314e+07  2.837532e+07
1.011157e+03  8.748787e+10  0.000000e+00  0.000000e+00  7.859478e+10  0.000000e+00  0.000000e+00  5.271006e+07  3.848108e+07  3.163177e+07  2.856110e+07
1.016224e+03  8.705092e+10  0.000000e+00  0.000000e+00  7.820224e+10  0.000000e+00  0.000000e+00  5.310892e+07  3.874753e+07  3.184268e+07  2.874838e+07
1.021318e+03  8.661807e+10  0.000000e+00  0.000000e+00  7.781339e+10  0.000000e+00  0.000000e+00  5.350459e+07  3.900174e+07  3.203847e+07  2.891973e+07
1.026436e+03  8.618522e+10  0.000000e+00  0.000000e+00  7.742454e+10  0.000000e+00  0.000000e+00  5.387356e+07  3.921429e+07  3.218929e+07  2.904564e+07
1.031581e+03  8.575836e+10  0.000000e+00  0.000000e+00  7.704107e+10  0.000000e+00  0.000000e+00  5.368052e+07  3.905516e+07  3.203756e+07  2.889961e+07
1.036751e+03  8.532950e+10  0.000000e+00  0.000000e+00  7.665580e+10  0.000000e+00  0.000000e+00  5.305316e+07  3.871522e+07  3.179972e+07  2.870045e+07
1.041947e+03  8.490458e+10  0.000000e+00  0.000000e+00  7.627407e+10  0.000000e+00  0.000000e+00  5.343312e+07  3.895053e+07  3.197832e+07  2.885600e+07
1.047169e+03  8.448160e+10  0.000000e+00  0.000000e+00  7.589409e+10  0.000000e+00  0.000000e+00  5.384970e+07  3.922959e+07  3.219900e+07  2.905194e+07
1.052418e+03  8.406053e+10  0.000000e+00  0.000000e+00  7.551583e+10  0.000000e+00  0.000000e+00  5.429526e+07  3.953591e+07  3.244373e+07  2.927017e+07
1.057692e+03  8.364324e+10  0.000000e+00  0.000000e+00  7.514095e+10  0.000000e+00  0.000000e+00  5.478818e+07  3.987719e+07  3.271656e+07  2.951345e+07
1.062993e+03  8.322406e+10  0.000000e+00  0.000000e+00  7.476438e+10  0.000000e+00  0.000000e+00  5.535615e+07  4.026522e+07  3.302379e+07  2.978606e+07
1.068321e+03  8.281236e+10  0.000000e+00  0.000000e+00  7.439453e+10  0.000000e+00  0.000000e+00  5.603272e+07  4.071016e+07  3.336727e+07  3.008695e+07
1.073675e+03  8.239695e+10  0.000000e+00  0.000000e+00  7.402134e+10  0.000000e+00  0.000000e+00  7.994891e+08  5.673155e+08  4.560757e+08  4.072326e+08
1.079056e+03  8.198887e+10  0.000000e+00  0.000000e+00  7.365474e+10  0.000000e+00  0.000000e+00  5.343823e+07  3.902255e+07  3.204510e+07  2.891960e+07
1.084465e+03  8.157895e+10  0.000000e+00  0.000000e+00  7.328649e+10  0.000000e+00  0.000000e+00  5.352403e+07  3.897559e+07  3.197021e+07  2.883832e+07
1.089900e+03  8.117265e+10  0.000000e+00  0.000000e+00  7.292149e+10  0.000000e+00  0.000000e+00  5.383934e+07  3.915553e+07  3.210294e+07  2.895274e+07
1.095362e+03  8.076811e+10  0.000000e+00  0.000000e+00  7.255808e+10  0.000000e+00  0.000000e+00  5.423060e+07  3.940911e+07  3.230182e+07  2.912895e+07
1.100852e+03  8.036706e+10  0.000000e+00  0.000000e+00  7.219780e+10  0.000000e+00  0.000000e+00  5.464023e+07  3.967517e+07  3.251030e+07  2.931355e+07
1.106370e+03  7.996427e+10  0.000000e+00  0.000000e+00  7.183595e+10  0.000000e+00  0.000000e+00  5.504320e+07  3.992001e+07  3.269558e+07  2.947501e+07
1.111915e+03  7.956838e+10  0.000000e+00  0.000000e+00  7.148030e+10  0.000000e+00  0.000000e+00  5.542621e+07  4.011327e+07  3.282528e+07  2.958120e+07
1.117487e+03  7.917075e+10  0.000000e+00  0.000000e+00  7.112309e+10  0.000000e+00  0.000000e+00  5.547514e+07  4.007301e+07  3.276388e+07  2.951462e+07
1.123088e+03  7.877652e+10  0.000000e+00  0.000000e+00  7.076893e+10  0.000000e+00  0.000000e+00  5.222678e+07  3.824725e+07  3.146608e+07  2.842216e+07
1.128717e+03  7.838396e+10  0.000000e+00  0.000000e+00  7.041627e+10  0.000000e+00  0.000000e+00  5.254161e+08  3.850212e+08  3.117901e+08  2.790898e+08
1.134374e+03  7.799306e+10  0.000000e+00  0.000000e+00  7.006511e+10  0.000000e+00  0.000000e+00  5.280201e+07  3.852844e+07  3.165150e+07  2.857273e+07
1.140059e+03  7.760543e+10  0.000000e+00  0.000000e+00  6.971688e+10  0.000000e+00  0.000000e+00  5.316012e+07  3.876037e+07  3.183407e+07  2.873485e+07
1.145773e+03  7.721780e+10  0.000000e+00  0.000000e+00  6.936866e+10  0.000000e+00  0.000000e+00  5.378165e+07  3.921694e+07  3.220897e+07  2.907310e+07
1.151516e+03  7.683338e+10  0.000000e+00  0.000000e+00  6.902331e+10  0.000000e+00  0.000000e+00  4.694347e+08  3.420430e+08  2.759071e+08  2.465396e+08
1.157287e+03  7.645210e+10  0.000000e+00  0.000000e+00  6.868079e+10  0.000000e+00  0.000000e+00  5.488016e+07  4.004353e+07  3.289168e+07  2.969022e+07
1.163087e+03  7.606925e+10  0.000000e+00  0.000000e+00  6.833685e+10  0.000000e+00  0.000000e+00  6.002382e+08  4.355816e+08  3.504428e+08  3.127659e+08
1.168917e+03  7.569109e+10  0.000000e+00  0.000000e+00  6.799714e+10  0.000000e+00  0.000000e+00  5.614151e+07  4.097073e+07  3.364994e+07  3.037284e+07
1.174775e+03  7.531446e+10  0.000000e+00  0.000000e+00  6.765879e+10  0.000000e+00  0.000000e+00  4.690511e+08  3.381528e+08  2.715287e+08  2.421690e+08
1.180663e+03  7.493785e+10  0.000000e+00  0.000000e+00  6.732046e+10  0.000000e+00  0.000000e+00  7.779447e+08  5.569513e+08  4.459244e+08  3.971996e+08
1.186580e+03  7.456576e+10  0.000000e+00  0.000000e+00  6.698619e+10  0.000000e+00  0.000000e+00  1.325200e+09  9.349914e+08  7.460749e+08  6.637283e+08
1.192527e+03  7.419367e+10  0.000000e+00  0.000000e+00  6.665192e+10  0.000000e+00  0.000000e+00  5.913797e+07  4.305302e+07  3.530980e+07  3.185058e+07
1.198504e+03  7.382454e+10  0.000000e+00  0.000000e+00  6.632032e+10  0.000000e+00  0.000000e+00  1.492899e+09  1.083809e+09  8.705931e+08  7.762509e+08
1.204511e+03  7.345542e+10  0.000000e+00  0.000000e+00  6.598872e+10  0.000000e+00  0.000000e+00  9.390806e+08  6.906494e+08  5.551690e+08  4.950003e+08
1.210548e+03  7.309065e+10  0.000000e+00  0.000000e+00  6.566102e+10  0.000000e+00  0.000000e+00  6.477006e+08  4.779341e+08  3.834645e+08  3.415946e+08
1.216615e+03  7.272726e+10  0.000000e+00  0.000000e+00  6.533458e+10  0.000000e+00  0.000000e+00  3.477208e+08  2.604020e+08  2.097381e+08  1.871274e+08
1.222713e+03  7.236391e+10  0.000000e+00  0.000000e+00  6.500816e+10  0.000000e+00  0.000000e+00  2.239270e+08  1.683279e+08  1.358052e+08  1.212731e+08
1.228841e+03  7.200336e+10  0.000000e+00  0.000000e+00  6.468426e+10  0.000000e+00  0.000000e+00  1.528341e+08  1.148750e+08  9.290063e+07  8.307579e+07
1.235000e+03  7.164423e+10  0.000000e+00  0.000000e+00  6.436164e+10  0.000000e+00  0.000000e+00  1.120461e+08  8.391958e+07  6.807006e+07  6.098217e+07
1.241189e+03  7.128787e+10  0.000000e+00  0.000000e+00  6.404150e+10  0.000000e+00  0.000000e+00  8.870120e+07  6.606014e+07  5.375805e+07  4.825634e+07
1.247410e+03  7.093285e+10  0.000000e+00  0.000000e+00  6.372257e+10  0.000000e+00  0.000000e+00  7.543415e+07  5.583086e+07  4.556945e+07  4.098065e+07
1.253662e+03  7.057920e+10  0.000000e+00  0.000000e+00  6.340487e+10  0.000000e+00  0.000000e+00  6.797555e+07  5.003639e+07  4.093789e+07  3.686934e+07
1.259945e+03  7.022689e+10  0.000000e+00  0.000000e+00  6.308837e+10  0.000000e+00  0.000000e+00  6.387297e+07  4.682097e+07  3.837330e+07  3.459601e+07
1.266260e+03  6.987724e+10  0.000000e+00  0.000000e+00  6.277426e+10  0.000000e+00  0.000000e+00  6.171580e+07  4.510904e+07  3.701349e+07  3.339419e+07
1.272606e+03  6.953018e+10  0.000000e+00  0.000000e+00  6.246248e+10  0.000000e+00  0.000000e+00  6.069715e+07  4.428426e+07  3.636652e+07  3.282745e+07
1.278985e+03  6.918312e+10  0.000000e+00  0.000000e+00  6.215070e+10  0.000000e+00  0.000000e+00  9.913668e+07  7.003791e+07  5.726992e+07  5.238771e+07
1.285395e+03  6.883864e+10  0.000000e+00  0.000000e+00  6.184123e+10  0.000000e+00  0.000000e+00  6.040861e+07  4.404576e+07  3.623051e+07  3.273532e+07
1.291837e+03  6.849545e+10  0.000000e+00  0.000000e+00  6.153292e+10  0.000000e+00  0.000000e+00  6.082984e+07  4.573394e+07  4.182546e+07  4.122711e+07
1.298312e+03  6.815352e+10  0.000000e+00  0.000000e+00  6.122576e+10  0.000000e+00  0.000000e+00  7.814577e+07  8.117442e+07  8.496335e+07  8.509835e+07
1.304819e+03  6.781411e+10  0.000000e+00  0.000000e+00  6.092084e+10  0.000000e+00  0.000000e+00  5.793068e+08  5.363692e+08  4.954306e+08  4.704403e+08
1.311358e+03  6.747715e+10  0.000000e+00  0.000000e+00  6.061814e+10  0.000000e+00  0.000000e+00  6.196077e+07  4.514770e+07  3.714632e+07  3.356444e+07
1.317931e+03  6.714019e+10  0.000000e+00  0.000000e+00  6.031543e+10  0.000000e+00  0.000000e+00  6.212975e+07  4.515002e+07  3.710114e+07  3.350456e+07
1.324536e+03  6.680685e+10  0.000000e+00  0.000000e+00  6.001597e+10  0.000000e+00  0.000000e+00  9.893126e+07  6.889512e+07  5.527578e+07  4.939763e+07
1.331175e+03  6.647232e+10  0.000000e+00  0.000000e+00  5.971544e+10  0.000000e+00  0.000000e+00  6.641383e+07  4.793585e+07  3.925279e+07  3.539462e+07
1.337846e+03  6.614255e+10  0.000000e+00  0.000000e+00  5.941919e+10  0.000000e+00  0.000000e+00  6.377203e+07  4.627290e+07  3.800106e+07  3.430863e+07
1.344552e+03  6.581159e+10  0.000000e+00  0.000000e+00  5.912188e+10  0.000000e+00  0.000000e+00  3.747188e+08  2.479882e+08  1.922586e+08  1.691306e+08
1.351290e+03  6.548530e+10  0.000000e+00  0.000000e+00  5.882875e+10  0.000000e+00  0.000000e+00  1.238565e+08  8.509185e+07  6.766652e+07  6.023194e+07
1.358063e+03  6.515784e+10  0.000000e+00  0.000000e+00  5.853458e+10  0.000000e+00  0.000000e+00  6.516695e+07  4.721726e+07  3.875625e+07  3.498222e+07
1.364869e+03  6.483383e+10  0.000000e+00  0.000000e+00  5.824351e+10  0.000000e+00  0.000000e+00  2.049357e+08  1.347883e+08  1.052270e+08  9.292964e+07
1.371710e+03  6.451094e+10  0.000000e+00  0.000000e+00  5.795344e+10  0.000000e+00  0.000000e+00  1.531058e+08  1.027671e+08  8.094051e+07  7.175906e+07
1.378585e+03  6.418806e+10  0.000000e+00  0.000000e+00  5.766338e+10  0.000000e+00  0.000000e+00  1.130522e+08  7.772193e+07  6.194799e+07  5.520940e+07
1.385494e+03  6.386961e+10  0.000000e+00  0.000000e+00  5.737730e+10  0.000000e+00  0.000000e+00  9.182792e+07  6.435058e+07  5.181472e+07  4.638374e+07
1.392438e+03  6.355113e+10  0.000000e+00  0.000000e+00  5.709119e+10  0.000000e+00  0.000000e+00  8.068770e+07  5.729520e+07  4.647411e+07  4.173491e+07
1.399417e+03  6.323482e+10  0.000000e+00  0.000000e+00  5.680704e+10  0.000000e+00  0.000000e+00  7.495307e+07  5.363187e+07  4.368878e+07  3.930450e+07
1.406431e+03  6.291959e+10  0.000000e+00  0.000000e+00  5.652385e+10  0.000000e+00  0.000000e+00  7.212774e+07  5.184312e+07  4.234879e+07  3.814422e+07
1.413480e+03  6.260542e+10  0.000000e+00  0.000000e+00  5.624162e+10  0.000000e+00  0.000000e+00  7.086434e+07  5.105413e+07  4.176878e+07  3.764688e+07
1.420564e+03  6.229339e+10  0.000000e+00  0.000000e+00  5.596130e+10  0.000000e+00  0.000000e+00  7.044178e+07  5.080479e+07  4.159800e+07  3.750597e+07
1.427684e+03  6.198447e+10  0.000000e+00  0.000000e+00  5.568379e+10  0.000000e+00  0.000000e+00  7.047221e+07  5.084568e+07  4.164615e+07  3.755519e+07
1.434839e+03  6.167452e+10  0.000000e+00  0.000000e+00  5.540534e+10  0.000000e+00  0.000000e+00  7.074581e+07  5.103966e+07  4.180746e+07  3.770152e+07
1.442030e+03  6.136663e+10  0.000000e+00  0.000000e+00  5.512875e+10  0.000000e+00  0.000000e+00  7.115075e+07  5.131147e+07  4.202243e+07  3.789198e+07
1.449258e+03  6.106177e+10  0.000000e+00  0.000000e+00  5.485488e+10  0.000000e+00  0.000000e+00  7.154003e+07  5.151575e+07  4.216291e+07  3.801015e+07
1.456521e+03  6.075790e+10  0.000000e+00  0.000000e+00  5.458189e+10  0.000000e+00  0.000000e+00  7.206038e+07  5.186673e+07  4.244303e+07  3.826010e+07
1.463821e+03  6.045402e+10  0.000000e+00  0.000000e+00  5.430890e+10  0.000000e+00  0.000000e+00  7.260545e+07  5.223701e+07  4.274040e+07  3.852636e+07
1.471158e+03  6.015408e+10  0.000000e+00  0.000000e+00  5.403945e+10  0.000000e+00  0.000000e+00  7.316421e+07  5.261447e+07  4.304279e+07  3.879685e+07
1.478531e+03  5.985317e+10  0.000000e+00  0.000000e+00  5.376913e+10  0.000000e+00  0.000000e+00  7.372542e+07  5.298629e+07  4.333763e+07  3.905939e+07
1.485941e+03  5.955517e+10  0.000000e+00  0.000000e+00  5.350142e+10  0.000000e+00  0.000000e+00  7.428199e+07  5.333895e+07  4.360999e+07  3.929895e+07
1.493389e+03  5.925906e+10  0.000000e+00  0.000000e+00  5.323541e+10  0.000000e+00  0.000000e+00  7.482273e+07  5.365275e+07  4.383852e+07  3.949414e+07
1.500874e+03  5.896388e+10  0.000000e+00  0.000000e+00  5.297023e+10  0.000000e+00  0.000000e+00  7.450809e+07  5.336170e+07  4.360737e+07  3.929399e+07
1.508396e+03  5.866965e+10  0.000000e+00  0.000000e+00  5.270591e+10  0.000000e+00  0.000000e+00  7.506918e+07  5.371758e+07  4.388486e+07  3.953941e+07
1.515956e+03  5.837726e+10  0.000000e+00  0.000000e+00  5.244325e+10  0.000000e+00  0.000000e+00  7.564811e+07  5.410147e+07  4.419166e+07  3.981381e+07
1.523554e+03  5.808580e+10  0.000000e+00  0.000000e+00  5.218141e+10  0.000000e+00  0.000000e+00  7.622846e+07  5.448548e+07  4.449867e+07  4.008848e+07
1.531190e+03  5.779705e+10  0.000000e+00  0.000000e+00  5.192201e+10  0.000000e+00  0.000000e+00  7.679564e+07  5.484820e+07  4.478474e+07  4.034301e+07
1.538864e+03  5.750920e+10  0.000000e+00  0.000000e+00  5.166342e+10  0.000000e+00  0.000000e+00  7.733030e+07  5.516116e+07  4.502139e+07  4.054975e+07
1.546576e+03  5.722222e+10  0.000000e+00  0.000000e+00  5.140562e+10  0.000000e+00  0.000000e+00  7.780772e+07  5.538761e+07  4.517196e+07  4.067317e+07
1.554328e+03  5.693704e+10  0.000000e+00  0.000000e+00  5.114942e+10  0.000000e+00  0.000000e+00  7.581989e+07  5.430608e+07  4.442753e+07  4.005724e+07
1.562118e+03  5.665358e+10  0.000000e+00  0.000000e+00  5.089478e+10  0.000000e+00  0.000000e+00  7.634312e+07  5.462491e+07  4.467526e+07  4.027647e+07
1.569947e+03  5.637184e+10  0.000000e+00  0.000000e+00  5.064167e+10  0.000000e+00  0.000000e+00  7.693751e+07  5.502099e+07  4.499388e+07  4.056232e+07
1.577815e+03  5.609011e+10  0.000000e+00  0.000000e+00  5.038858e+10  0.000000e+00  0.000000e+00  1.026590e+08  6.978941e+07  5.590537e+07  4.998075e+07
1.585723e+03  5.581093e+10  0.000000e+00  0.000000e+00  5.013778e+10  0.000000e+00  0.000000e+00  7.810594e+07  5.580863e+07  4.563062e+07  4.113466e+07
1.593671e+03  5.553256e+10  0.000000e+00  0.000000e+00  4.988771e+10  0.000000e+00  0.000000e+00  7.867393e+07  5.618219e+07  4.593043e+07  4.140346e+07
1.601658e+03  5.525586e+10  0.000000e+00  0.000000e+00  4.963913e+10  0.000000e+00  0.000000e+00  7.922293e+07  5.652491e+07  4.620000e+07  4.164318e+07
1.609686e+03  5.498080e+10  0.000000e+00  0.000000e+00  4.939203e+10  0.000000e+00  0.000000e+00  7.972450e+07  5.680489e+07  4.640980e+07  4.182600e+07
1.617753e+03  5.470655e+10  0.000000e+00  0.000000e+00  4.914566e+10  0.000000e+00  0.000000e+00  7.801986e+07  5.607375e+07  4.596134e+07  4.147535e+07
1.625861e+03  5.443472e+10  0.000000e+00  0.000000e+00  4.890146e+10  0.000000e+00  0.000000e+00  7.857560e+07  5.643361e+07  4.624899e+07  4.173290e+07
1.634010e+03  5.416209e+10  0.000000e+00  0.000000e+00  4.865654e+10  0.000000e+00  0.000000e+00  7.918007e+07  5.684591e+07  4.658388e+07  4.203448e+07
1.642199e+03  5.389341e+10  0.000000e+00  0.000000e+00  4.841518e+10  0.000000e+00  0.000000e+00  7.980218e+07  5.727374e+07  4.693202e+07  4.234817e+07
1.650430e+03  5.362472e+10  0.000000e+00  0.000000e+00  4.817380e+10  0.000000e+00  0.000000e+00  8.042924e+07  5.770277e+07  4.728051e+07  4.266195e+07
1.658702e+03  5.335681e+10  0.000000e+00  0.000000e+00  4.793312e+10  0.000000e+00  0.000000e+00  9.932544e+07  6.824786e+07  5.501691e+07  4.932367e+07
1.667015e+03  5.309119e+10  0.000000e+00  0.000000e+00  4.769450e+10  0.000000e+00  0.000000e+00  8.161275e+07  5.848866e+07  4.791306e+07  4.322957e+07
1.675370e+03  5.282708e+10  0.000000e+00  0.000000e+00  4.745724e+10  0.000000e+00  0.000000e+00  8.125793e+07  5.847467e+07  4.796842e+07  4.330281e+07
1.683767e+03  5.256297e+10  0.000000e+00  0.000000e+00  4.721998e+10  0.000000e+00  0.000000e+00  8.188669e+07  5.890436e+07  4.831768e+07  4.361741e+07
1.692206e+03  5.230184e+10  0.000000e+00  0.000000e+00  4.698538e+10  0.000000e+00  0.000000e+00  9.820986e+07  6.793997e+07  5.493807e+07  4.931655e+07
1.700687e+03  5.204070e+10  0.000000e+00  0.000000e+00  4.675079e+10  0.000000e+00  0.000000e+00  8.319334e+07  5.981524e+07  4.906283e+07  4.429035e+07
1.709211e+03  5.178175e+10  0.000000e+00  0.000000e+00  4.651816e+10  0.000000e+00  0.000000e+00  8.389122e+07  6.031502e+07  4.947949e+07  4.467048e+07
1.717777e+03  5.152352e+10  0.000000e+00  0.000000e+00  4.628618e+10  0.000000e+00  0.000000e+00  1.040753e+08  7.139910e+07  5.761263e+07  5.168421e+07
1.726386e+03  5.126673e+10  0.000000e+00  0.000000e+00  4.605549e+10  0.000000e+00  0.000000e+00  1.000162e+08  6.942415e+07  5.632799e+07  5.065755e+07
1.735039e+03  5.101134e+10  0.000000e+00  0.000000e+00  4.582606e+10  0.000000e+00  0.000000e+00  9.835384e+07  6.888795e+07  5.618197e+07  5.065507e+07
1.743735e+03  5.075665e+10  0.000000e+00  0.000000e+00  4.559727e+10  0.000000e+00  0.000000e+00  1.465012e+08  1.687902e+08  2.037215e+08  2.184703e+08
1.752474e+03  5.050472e+10  0.000000e+00  0.000000e+00  4.537094e+10  0.000000e+00  0.000000e+00  1.049045e+08  1.292914e+08  1.277426e+08  1.231252e+08
1.761258e+03  5.025210e+10  0.000000e+00  0.000000e+00  4.514401e+10  0.000000e+00  0.000000e+00  1.260092e+08  8.383756e+07  6.693904e+07  5.979875e+07
1.770085e+03  5.000221e+10  0.000000e+00  0.000000e+00  4.491951e+10  0.000000e+00  0.000000e+00  2.898455e+08  2.856160e+08  2.504173e+08  2.303236e+08
1.778956e+03  4.975232e+10  0.000000e+00  0.000000e+00  4.469502e+10  0.000000e+00  0.000000e+00  1.131910e+08  7.736775e+07  6.233530e+07  5.588216e+07
1.787872e+03  4.950510e+10  0.000000e+00  0.000000e+00  4.447293e+10  0.000000e+00  0.000000e+00  5.934713e+08  4.523768e+08  3.632383e+08  3.232756e+08
1.796833e+03  4.925852e+10  0.000000e+00  0.000000e+00  4.425141e+10  0.000000e+00  0.000000e+00  9.707031e+07  6.892718e+07  5.628792e+07  5.072666e+07
1.805839e+03  4.901260e+10  0.000000e+00  0.000000e+00  4.403049e+10  0.000000e+00  0.000000e+00  7.925027e+08  4.958105e+08  3.770087e+08  3.291175e+08
1.814889e+03  4.876798e+10  0.000000e+00  0.000000e+00  4.381074e+10  0.000000e+00  0.000000e+00  9.393801e+07  6.722545e+07  5.507253e+07  4.969507e+07
1.823985e+03  4.852528e+10  0.000000e+00  0.000000e+00  4.359271e+10  0.000000e+00  0.000000e+00  3.957657e+08  2.314872e+08  1.745756e+08  1.522406e+08
1.833127e+03  4.828382e+10  0.000000e+00  0.000000e+00  4.337580e+10  0.000000e+00  0.000000e+00  9.370097e+07  6.717031e+07  5.508244e+07  4.972567e+07
1.842315e+03  4.804299e+10  0.000000e+00  0.000000e+00  4.315945e+10  0.000000e+00  0.000000e+00  9.496748e+07  6.791141e+07  5.565550e+07  5.023212e+07
1.851548e+03  4.780341e+10  0.000000e+00  0.000000e+00  4.294422e+10  0.000000e+00  0.000000e+00  1.007181e+08  7.089292e+07  5.782182e+07  5.209452e+07
1.860828e+03  4.756506e+10  0.000000e+00  0.000000e+00  4.273010e+10  0.000000e+00  0.000000e+00  9.657606e+07  6.898209e+07  5.651429e+07  5.100013e+07
1.870154e+03  4.732794e+10  0.000000e+00  0.000000e+00  4.251708e+10  0.000000e+00  0.000000e+00  9.620362e+07  6.892376e+07  5.650187e+07  5.099665e+07
1.879527e+03  4.709261e+10  0.000000e+00  0.000000e+00  4.230567e+10  0.000000e+00  0.000000e+00  9.695244e+07  6.939226e+07  5.683440e+07  5.127077e+07
1.888947e+03  4.685729e+10  0.000000e+00  0.000000e+00  4.209427e+10  0.000000e+00  0.000000e+00  9.790267e+07  6.962756e+07  5.682056e+07  5.118056e+07
1.898415e+03  4.662433e+10  0.000000e+00  0.000000e+00  4.188499e+10  0.000000e+00  0.000000e+00  9.842961e+07  7.001498e+07  5.713422e+07  5.146094e+07
1.907929e+03  4.639194e+10  0.000000e+00  0.000000e+00  4.167623e+10  0.000000e+00  0.000000e+00  9.962033e+07  7.073951e+07  5.769606e+07  5.195737e+07
1.917492e+03  4.616013e+10  0.000000e+00  0.000000e+00  4.146797e+10  0.000000e+00  0.000000e+00  9.997423e+07  7.104612e+07  5.795898e+07  5.219854e+07
1.927102e+03  4.593061e+10  0.000000e+00  0.000000e+00  4.126179e+10  0.000000e+00  0.000000e+00  1.007513e+08  7.154725e+07  5.835111e+07  5.254566e+07
1.936760e+03  4.570109e+10  0.000000e+00  0.000000e+00  4.105560e+10  0.000000e+00  0.000000e+00  1.015279e+08  7.202435e+07  5.871200e+07  5.285988e+07
1.946467e+03  4.547383e+10  0.000000e+00  0.000000e+00  4.085144e+10  0.000000e+00  0.000000e+00  1.021171e+08  7.214972e+07  5.876402e+07  5.289693e+07
1.956223e+03  4.524711e+10  0.000000e+00  0.000000e+00  4.064777e+10  0.000000e+00  0.000000e+00  1.029058e+08  7.266394e+07  5.917367e+07  5.326296e+07
1.966027e+03  4.502150e+10  0.000000e+00  0.000000e+00  4.044509e+10  0.000000e+00  0.000000e+00  1.056819e+08  7.414177e+07  6.026667e+07  5.421063e+07
1.975881e+03  4.479752e+10  0.000000e+00  0.000000e+00  4.024388e+10  0.000000e+00  0.000000e+00  1.055302e+08  7.419130e+07  6.034521e+07  5.429448e+07
1.985784e+03  4.457354e+10  0.000000e+00  0.000000e+00  4.004267e+10  0.000000e+00  0.000000e+00  1.056679e+08  7.434374e+07  6.048017e+07  5.441952e+07
1.995736e+03  4.435171e+10  0.000000e+00  0.000000e+00  3.984338e+10  0.000000e+00  0.000000e+00  1.061386e+08  7.460022e+07  6.066345e+07  5.457524e+07
2.005739e+03  4.413040e+10  0.000000e+00  0.000000e+00  3.964457e+10  0.000000e+00  0.000000e+00  1.053412e+08  7.388423e+07  6.013734e+07  5.413383e+07
2.015791e+03  4.391065e+10  0.000000e+00  0.000000e+00  3.944715e+10  0.000000e+00  0.000000e+00  1.060470e+08  7.433218e+07  6.049493e+07  5.445401e+07
2.025894e+03  4.369193e+10  0.000000e+00  0.000000e+00  3.925067e+10  0.000000e+00  0.000000e+00  1.067719e+08  7.478973e+07  6.086046e+07  5.478147e+07
2.036048e+03  4.347424e+10  0.000000e+00  0.000000e+00  3.905511e+10  0.000000e+00  0.000000e+00  1.074564e+08  7.518093e+07  6.116099e+07  5.504651e+07
2.046252e+03  4.325756e+10  0.000000e+00  0.000000e+00  3.886045e+10  0.000000e+00  0.000000e+00  1.080593e+08  7.545703e+07  6.135131e+07  5.520653e+07
2.056508e+03  4.304190e+10  0.000000e+00  0.000000e+00  3.866671e+10  0.000000e+00  0.000000e+00  1.050192e+08  7.396059e+07  6.037741e+07  5.442125e+07
2.066815e+03  4.282723e+10  0.000000e+00  0.000000e+00  3.847387e+10  0.000000e+00  0.000000e+00  1.057400e+08  7.442593e+07  6.075329e+07  5.475949e+07
2.077174e+03  4.261356e+10  0.000000e+00  0.000000e+00  3.828191e+10  0.000000e+00  0.000000e+00  1.065139e+08  7.495350e+07  6.118598e+07  5.515089e+07
2.087585e+03  4.240087e+10  0.000000e+00  0.000000e+00  3.809084e+10  0.000000e+00  0.000000e+00  1.072886e+08  7.548075e+07  6.161818e+07  5.554176e+07
2.098047e+03  4.219010e+10  0.000000e+00  0.000000e+00  3.790150e+10  0.000000e+00  0.000000e+00  1.080325e+08  7.597305e+07  6.201868e+07  5.590298e+07
2.108563e+03  4.198026e+10  0.000000e+00  0.000000e+00  3.771299e+10  0.000000e+00  0.000000e+00  1.087142e+08  7.639386e+07  6.235363e+07  5.620265e+07
2.119130e+03  4.176950e+10  0.000000e+00  0.000000e+00  3.752365e+10  0.000000e+00  0.000000e+00  1.093005e+08  7.670750e+07  6.259097e+07  5.641085e+07
2.129751e+03  4.156250e+10  0.000000e+00  0.000000e+00  3.733769e+10  0.000000e+00  0.000000e+00  1.057471e+08  7.534351e+07  6.177783e+07  5.578084e+07
2.140426e+03  4.135548e+10  0.000000e+00  0.000000e+00  3.715172e+10  0.000000e+00  0.000000e+00  1.064738e+08  7.583823e+07  6.218424e+07  5.614877e+07
2.151153e+03  4.114847e+10  0.000000e+00  0.000000e+00  3.696575e+10  0.000000e+00  0.000000e+00  1.072601e+08  7.639038e+07  6.264033e+07  5.656230e+07
2.161935e+03  4.094419e+10  0.000000e+00  0.000000e+00  3.678224e+10  0.000000e+00  0.000000e+00  1.080474e+08  7.693984e+07  6.309313e+07  5.697247e+07
2.172770e+03  4.073901e+10  0.000000e+00  0.000000e+00  3.659792e+10  0.000000e+00  0.000000e+00  1.088088e+08  7.746030e+07  6.351949e+07  5.735784e+07
2.183660e+03  4.053652e+10  0.000000e+00  0.000000e+00  3.641601e+10  0.000000e+00  0.000000e+00  1.100258e+08  7.816244e+07  6.406318e+07  5.783879e+07
2.194604e+03  4.033490e+10  0.000000e+00  0.000000e+00  3.623488e+10  0.000000e+00  0.000000e+00  1.081107e+08  7.761932e+07  6.380719e+07  5.767034e+07
2.205603e+03  4.013327e+10  0.000000e+00  0.000000e+00  3.605374e+10  0.000000e+00  0.000000e+00  1.089122e+08  7.818752e+07  6.427744e+07  5.809698e+07
2.216658e+03  3.993337e+10  0.000000e+00  0.000000e+00  3.587416e+10  0.000000e+00  0.000000e+00  1.097529e+08  7.878971e+07  6.477643e+07  5.854979e+07
2.227767e+03  3.973433e+10  0.000000e+00  0.000000e+00  3.569536e+10  0.000000e+00  0.000000e+00  1.106070e+08  7.940210e+07  6.528387e+07  5.901027e+07
2.238933e+03  3.953614e+10  0.000000e+00  0.000000e+00  3.551731e+10  0.000000e+00  0.000000e+00  1.114716e+08  8.002231e+07  6.579817e+07  5.947718e+07
2.250154e+03  3.933963e+10  0.000000e+00  0.000000e+00  3.534078e+10  0.000000e+00  0.000000e+00  1.123606e+08  8.066575e+07  6.633556e+07  5.996700e+07
2.261432e+03  3.914229e+10  0.000000e+00  0.000000e+00  3.516350e+10  0.000000e+00  0.000000e+00  1.133170e+08  8.139546e+07  6.696753e+07  6.055400e+07
2.272766e+03  3.894826e+10  0.000000e+00  0.000000e+00  3.498920e+10  0.000000e+00  0.000000e+00  1.139927e+08  8.221850e+07  6.778762e+07  6.135969e+07
2.284157e+03  3.875340e+10  0.000000e+00  0.000000e+00  3.481414e+10  0.000000e+00  0.000000e+00  1.154197e+08  8.364913e+07  6.919935e+07  6.274918e+07
2.295605e+03  3.856097e+10  0.000000e+00  0.000000e+00  3.464127e+10  0.000000e+00  0.000000e+00  1.175751e+08  8.574002e+07  7.123969e+07  6.474733e+07
2.307110e+03  3.836773e+10  0.000000e+00  0.000000e+00  3.446767e+10  0.000000e+00  0.000000e+00  1.343803e+08  2.149137e+08  2.583541e+08  2.731761e+08
2.318673e+03  3.817765e+10  0.000000e+00  0.000000e+00  3.429691e+10  0.000000e+00  0.000000e+00  2.272503e+08  2.995911e+08  2.783460e+08  2.612058e+08
2.330294e+03  3.798601e+10  0.000000e+00  0.000000e+00  3.412475e+10  0.000000e+00  0.000000e+00  3.441305e+08  2.652151e+08  2.127753e+08  1.895441e+08
2.341973e+03  3.779748e+10  0.000000e+00  0.000000e+00  3.395539e+10  0.000000e+00  0.000000e+00  1.216294e+08  8.739628e+07  7.187802e+07  6.497802e+07
2.353711e+03  3.760894e+10  0.000000e+00  0.000000e+00  3.378601e+10  0.000000e+00  0.000000e+00  6.021827e+08  3.604194e+08  2.717623e+08  2.368193e+08
2.365508e+03  3.742117e+10  0.000000e+00  0.000000e+00  3.361733e+10  0.000000e+00  0.000000e+00  1.225018e+08  8.803133e+07  7.242462e+07  6.548304e+07
2.377363e+03  3.723490e+10  0.000000e+00  0.000000e+00  3.345000e+10  0.000000e+00  0.000000e+00  4.358688e+08  2.420026e+08  1.814980e+08  1.581970e+08
2.389279e+03  3.704938e+10  0.000000e+00  0.000000e+00  3.328333e+10  0.000000e+00  0.000000e+00  2.664513e+08  1.542075e+08  1.186713e+08  1.046211e+08
2.401253e+03  3.686459e+10  0.000000e+00  0.000000e+00  3.311733e+10  0.000000e+00  0.000000e+00  1.241212e+08  8.924670e+07  7.347067e+07  6.644787e+07
2.413288e+03  3.668053e+10  0.000000e+00  0.000000e+00  3.295197e+10  0.000000e+00  0.000000e+00  1.487320e+08  1.002848e+08  8.118408e+07  7.298251e+07
2.425383e+03  3.649719e+10  0.000000e+00  0.000000e+00  3.278727e+10  0.000000e+00  0.000000e+00  1.256486e+08  9.044669e+07  7.449154e+07  6.738314e+07
2.437539e+03  3.631600e+10  0.000000e+00  0.000000e+00  3.262450e+10  0.000000e+00  0.000000e+00  1.274989e+08  9.153665e+07  7.534462e+07  6.814107e+07
2.449756e+03  3.613481e+10  0.000000e+00  0.000000e+00  3.246172e+10  0.000000e+00  0.000000e+00  1.284554e+08  9.224331e+07  7.593470e+07  6.867791e+07
2.462034e+03  3.595432e+10  0.000000e+00  0.000000e+00  3.229958e+10  0.000000e+00  0.000000e+00  1.288724e+08  9.271873e+07  7.636544e+07  6.908040e+07
2.474374e+03  3.577523e+10  0.000000e+00  0.000000e+00  3.213870e+10  0.000000e+00  0.000000e+00  1.296854e+08  9.336127e+07  7.690639e+07  6.957301e+07
2.486775e+03  3.559682e+10  0.000000e+00  0.000000e+00  3.197842e+10  0.000000e+00  0.000000e+00  1.306332e+08  9.404384e+07  7.745852e+07  7.006663e+07
2.499238e+03  3.541978e+10  0.000000e+00  0.000000e+00  3.181938e+10  0.000000e+00  0.000000e+00  1.316211e+08  9.469475e+07  7.795380e+07  7.049825e+07
2.511764e+03  3.524273e+10  0.000000e+00  0.000000e+00  3.166033e+10  0.000000e+00  0.000000e+00  1.326234e+08  9.530597e+07  7.837984e+07  7.084355e+07
2.524353e+03  3.506703e+10  0.000000e+00  0.000000e+00  3.150249e+10  0.000000e+00  0.000000e+00  1.334516e+08  9.530784e+07  7.819962e+07  7.063323e+07
2.537005e+03  3.489199e+10  0.000000e+00  0.000000e+00  3.134524e+10  0.000000e+00  0.000000e+00  1.344381e+08  9.585730e+07  7.856485e+07  7.091816e+07
2.549720e+03  3.471827e+10  0.000000e+00  0.000000e+00  3.118917e+10  0.000000e+00  0.000000e+00  1.351513e+08  9.599216e+07  7.862638e+07  7.096649e+07
2.562499e+03  3.454519e+10  0.000000e+00  0.000000e+00  3.103369e+10  0.000000e+00  0.000000e+00  1.361330e+08  9.659753e+07  7.909755e+07  7.138327e+07
2.575342e+03  3.437276e+10  0.000000e+00  0.000000e+00  3.087878e+10  0.000000e+00  0.000000e+00  1.363132e+08  9.650835e+07  7.906653e+07  7.138051e+07
2.588250e+03  3.420159e+10  0.000000e+00  0.000000e+00  3.072502e+10  0.000000e+00  0.000000e+00  1.373223e+08  9.720835e+07  7.964255e+07  7.190201e+07
2.601222e+03  3.403106e+10  0.000000e+00  0.000000e+00  3.057182e+10  0.000000e+00  0.000000e+00  1.383269e+08  9.789979e+07  8.021047e+07  7.241582e+07
2.614259e+03  3.386176e+10  0.000000e+00  0.000000e+00  3.041974e+10  0.000000e+00  0.000000e+00  1.393004e+08  9.854777e+07  8.073692e+07  7.289017e+07
2.627361e+03  3.369247e+10  0.000000e+00  0.000000e+00  3.026765e+10  0.000000e+00  0.000000e+00  1.402331e+08  9.913952e+07  8.121031e+07  7.331423e+07
2.640529e+03  3.352438e+10  0.000000e+00  0.000000e+00  3.011665e+10  0.000000e+00  0.000000e+00  1.392410e+08  9.876434e+07  8.105276e+07  7.322837e+07
2.653764e+03  3.335690e+10  0.000000e+00  0.000000e+00  2.996619e+10  0.000000e+00  0.000000e+00  1.402360e+08  9.946996e+07  8.163828e+07  7.376015e+07
2.667064e+03  3.319121e+10  0.000000e+00  0.000000e+00  2.981734e+10  0.000000e+00  0.000000e+00  1.412174e+08  1.001611e+08  8.221058e+07  7.427950e+07
2.680431e+03  3.302551e+10  0.000000e+00  0.000000e+00  2.966849e+10  0.000000e+00  0.000000e+00  1.421469e+08  1.007939e+08  8.272984e+07  7.474918e+07
2.693865e+03  3.286041e+10  0.000000e+00  0.000000e+00  2.952017e+10  0.000000e+00  0.000000e+00  1.430069e+08  1.013524e+08  8.318279e+07  7.515721e+07
2.707367e+03  3.269705e+10  0.000000e+00  0.000000e+00  2.937342e+10  0.000000e+00  0.000000e+00  1.403085e+08  1.005455e+08  8.279806e+07  7.490302e+07
2.720936e+03  3.253369e+10  0.000000e+00  0.000000e+00  2.922666e+10  0.000000e+00  0.000000e+00  1.413166e+08  1.012820e+08  8.341343e+07  7.546320e+07
2.734573e+03  3.237148e+10  0.000000e+00  0.000000e+00  2.908094e+10  0.000000e+00  0.000000e+00  1.423501e+08  1.020371e+08  8.404350e+07  7.603640e+07
2.748278e+03  3.221038e+10  0.000000e+00  0.000000e+00  2.893622e+10  0.000000e+00  0.000000e+00  1.433653e+08  1.027709e+08  8.465409e+07  7.659134e+07
2.762052e+03  3.204928e+10  0.000000e+00  0.000000e+00  2.879149e+10  0.000000e+00  0.000000e+00  1.443477e+08  1.034727e+08  8.523664e+07  7.712036e+07
2.775896e+03  3.188983e+10  0.000000e+00  0.000000e+00  2.864825e+10  0.000000e+00  0.000000e+00  1.433417e+08  1.034935e+08  8.541298e+07  7.733168e+07
2.789808e+03  3.173039e+10  0.000000e+00  0.000000e+00  2.850501e+10  0.000000e+00  0.000000e+00  1.444135e+08  1.042933e+08  8.608335e+07  7.794249e+07
2.803790e+03  3.157257e+10  0.000000e+00  0.000000e+00  2.836323e+10  0.000000e+00  0.000000e+00  1.455234e+08  1.051178e+08  8.677323e+07  7.857064e+07
2.817843e+03  3.141474e+10  0.000000e+00  0.000000e+00  2.822145e+10  0.000000e+00  0.000000e+00  1.466363e+08  1.059432e+08  8.746362e+07  7.919915e+07
2.831966e+03  3.125799e+10  0.000000e+00  0.000000e+00  2.808063e+10  0.000000e+00  0.000000e+00  1.477466e+08  1.067649e+08  8.815049e+07  7.982435e+07
2.846159e+03  3.110229e+10  0.000000e+00  0.000000e+00  2.794076e+10  0.000000e+00  0.000000e+00  1.488509e+08  1.075805e+08  8.883202e+07  8.044463e+07
2.860424e+03  3.094710e+10  0.000000e+00  0.000000e+00  2.780135e+10  0.000000e+00  0.000000e+00  1.491780e+08  1.081479e+08  8.936884e+07  8.095286e+07
2.874760e+03  3.079295e+10  0.000000e+00  0.000000e+00  2.766286e+10  0.000000e+00  0.000000e+00  1.503357e+08  1.090121e+08  9.009264e+07  8.161213e+07
2.889168e+03  3.063930e+10  0.000000e+00  0.000000e+00  2.752483e+10  0.000000e+00  0.000000e+00  1.515106e+08  1.098895e+08  9.082745e+07  8.228140e+07
2.903648e+03  3.048615e+10  0.000000e+00  0.000000e+00  2.738725e+10  0.000000e+00  0.000000e+00  1.526940e+08  1.107746e+08  9.156912e+07  8.295711e+07
2.918201e+03  3.033450e+10  0.000000e+00  0.000000e+00  2.725101e+10  0.000000e+00  0.000000e+00  1.538949e+08  1.116736e+08  9.232334e+07  8.364477e+07
2.932827e+03  3.018285e+10  0.000000e+00  0.000000e+00  2.711478e+10  0.000000e+00  0.000000e+00  1.551270e+08  1.126041e+08  9.310922e+07  8.436407e+07
2.947526e+03  3.003267e+10  0.000000e+00  0.000000e+00  2.697987e+10  0.000000e+00  0.000000e+00  1.562831e+08  1.135845e+08  9.397153e+07  8.516834e+07
2.962299e+03  2.988249e+10  0.000000e+00  0.000000e+00  2.684495e+10  0.000000e+00  0.000000e+00  1.577586e+08  1.148432e+08  9.511160e+07  8.624944e+07
2.977146e+03  2.973376e+10  0.000000e+00  0.000000e+00  2.671134e+10  0.000000e+00  0.000000e+00  1.594708e+08  1.164305e+08  9.660291e+07  8.768940e+07
2.992067e+03  2.958502e+10  0.000000e+00  0.000000e+00  2.657772e+10  0.000000e+00  0.000000e+00  1.614443e+08  1.183671e+08  9.881945e+07  9.033213e+07
3.007063e+03  2.943771e+10  0.000000e+00  0.000000e+00  2.644538e+10  0.000000e+00  0.000000e+00  1.739678e+08  1.616679e+08  1.526141e+08  1.470991e+08
3.022134e+03  2.929085e+10  0.000000e+00  0.000000e+00  2.631345e+10  0.000000e+00  0.000000e+00  2.010231e+08  2.125619e+08  2.017421e+08  1.930688e+08
3.037281e+03  2.914491e+10  0.000000e+00  0.000000e+00  2.618234e+10  0.000000e+00  0.000000e+00  2.432557e+08  2.019990e+08  1.675834e+08  1.514198e+08
3.052503e+03  2.899941e+10  0.000000e+00  0.000000e+00  2.605164e+10  0.000000e+00  0.000000e+00  1.984832e+08  1.419006e+08  1.157992e+08  1.043377e+08
3.067802e+03  2.885438e+10  0.000000e+00  0.000000e+00  2.592135e+10  0.000000e+00  0.000000e+00  3.969545e+08  2.331035e+08  1.793849e+08  1.580913e+08
3.083178e+03  2.871114e+10  0.000000e+00  0.000000e+00  2.579267e+10  0.000000e+00  0.000000e+00  2.424049e+08  1.537613e+08  1.227693e+08  1.098499e+08
3.098630e+03  2.856745e+10  0.000000e+00  0.000000e+00  2.566359e+10  0.000000e+00  0.000000e+00  1.689096e+08  1.230034e+08  1.018301e+08  9.230849e+07
3.114161e+03  2.842465e+10  0.000000e+00  0.000000e+00  2.553530e+10  0.000000e+00  0.000000e+00  1.701453e+08  1.239586e+08  1.026374e+08  9.304617e+07
3.129768e+03  2.828316e+10  0.000000e+00  0.000000e+00  2.540819e+10  0.000000e+00  0.000000e+00  1.714694e+08  1.249630e+08  1.034815e+08  9.381591e+07
3.145455e+03  2.814209e+10  0.000000e+00  0.000000e+00  2.528146e+10  0.000000e+00  0.000000e+00  1.728166e+08  1.259813e+08  1.043364e+08  9.459518e+07
3.161219e+03  2.800187e+10  0.000000e+00  0.000000e+00  2.515549e+10  0.000000e+00  0.000000e+00  1.741737e+08  1.270068e+08  1.051967e+08  9.537897e+07
3.177063e+03  2.786164e+10  0.000000e+00  0.000000e+00  2.502952e+10  0.000000e+00  0.000000e+00  1.755402e+08  1.280358e+08  1.060575e+08  9.616208e+07
3.192986e+03  2.772309e+10  0.000000e+00  0.000000e+00  2.490505e+10  0.000000e+00  0.000000e+00  1.769188e+08  1.290621e+08  1.069097e+08  9.693463e+07
3.208989e+03  2.758452e+10  0.000000e+00  0.000000e+00  2.478057e+10  0.000000e+00  0.000000e+00  1.782939e+08  1.300646e+08  1.077303e+08  9.767391e+07
3.225072e+03  2.744679e+10  0.000000e+00  0.000000e+00  2.465684e+10  0.000000e+00  0.000000e+00  1.796623e+08  1.309943e+08  1.084600e+08  9.831757e+07
3.241236e+03  2.731027e+10  0.000000e+00  0.000000e+00  2.453420e+10  0.000000e+00  0.000000e+00  1.810323e+08  1.319354e+08  1.092626e+08  9.909684e+07
3.257481e+03  2.717374e+10  0.000000e+00  0.000000e+00  2.441155e+10  0.000000e+00  0.000000e+00  1.821449e+08  1.327145e+08  1.101261e+08  9.999300e+07
3.273807e+03  2.703802e+10  0.000000e+00  0.000000e+00  2.428962e+10  0.000000e+00  0.000000e+00  1.844565e+08  1.369607e+08  1.144528e+08  1.041620e+08
3.290215e+03  2.690348e+10  0.000000e+00  0.000000e+00  2.416875e+10  0.000000e+00  0.000000e+00  1.852944e+08  1.348118e+08  1.115164e+08  1.010535e+08
3.306706e+03  2.676893e+10  0.000000e+00  0.000000e+00  2.404789e+10  0.000000e+00  0.000000e+00  1.851034e+08  1.343590e+08  1.111780e+08  1.007703e+08
3.323279e+03  2.663516e+10  0.000000e+00  0.000000e+00  2.392771e+10  0.000000e+00  0.000000e+00  1.861665e+08  1.352381e+08  1.119422e+08  1.014760e+08
3.339935e+03  2.650252e+10  0.000000e+00  0.000000e+00  2.380856e+10  0.000000e+00  0.000000e+00  1.875473e+08  1.362718e+08  1.128090e+08  1.022660e+08
3.356674e+03  2.637026e+10  0.000000e+00  0.000000e+00  2.368974e+10  0.000000e+00  0.000000e+00  1.880483e+08  1.369733e+08  1.134754e+08  1.028991e+08
3.373497e+03  2.623875e+10  0.000000e+00  0.000000e+00  2.357159e+10  0.000000e+00  0.000000e+00  1.894815e+08  1.380656e+08  1.143951e+08  1.037384e+08
3.390405e+03  2.610760e+10  0.000000e+00  0.000000e+00  2.345378e+10  0.000000e+00  0.000000e+00  1.909236e+08  1.391611e+08  1.153166e+08  1.045789e+08
3.407398e+03  2.597756e+10  0.000000e+00  0.000000e+00  2.333696e+10  0.000000e+00  0.000000e+00  1.923617e+08  1.402515e+08  1.162334e+08  1.054152e+08
3.424475e+03  2.584753e+10  0.000000e+00  0.000000e+00  2.322014e+10  0.000000e+00  0.000000e+00  1.937930e+08  1.413358e+08  1.171452e+08  1.062469e+08
3.441638e+03  2.571893e+10  0.000000e+00  0.000000e+00  2.310462e+10  0.000000e+00  0.000000e+00  1.941884e+08  1.420834e+08  1.178606e+08  1.069268e+08
3.458888e+03  2.559034e+10  0.000000e+00  0.000000e+00  2.298909e+10  0.000000e+00  0.000000e+00  1.956836e+08  1.432295e+08  1.188265e+08  1.078085e+08
3.476223e+03  2.546279e+10  0.000000e+00  0.000000e+00  2.287451e+10  0.000000e+00  0.000000e+00  1.971942e+08  1.443846e+08  1.197994e+08  1.086964e+08
3.493646e+03  2.533558e+10  0.000000e+00  0.000000e+00  2.276023e+10  0.000000e+00  0.000000e+00  1.987074e+08  1.455413e+08  1.207735e+08  1.095853e+08
3.511156e+03  2.520907e+10  0.000000e+00  0.000000e+00  2.264658e+10  0.000000e+00  0.000000e+00  2.002231e+08  1.467001e+08  1.217495e+08  1.104762e+08
3.528753e+03  2.508358e+10  0.000000e+00  0.000000e+00  2.253385e+10  0.000000e+00  0.000000e+00  2.011036e+08  1.476683e+08  1.226174e+08  1.112845e+08
3.546439e+03  2.495809e+10  0.000000e+00  0.000000e+00  2.242112e+10  0.000000e+00  0.000000e+00  2.026741e+08  1.488744e+08  1.236343e+08  1.122128e+08
3.564213e+03  2.483361e+10  0.000000e+00  0.000000e+00  2.230929e+10  0.000000e+00  0.000000e+00  2.042607e+08  1.500931e+08  1.246617e+08  1.131508e+08
3.582077e+03  2.470947e+10  0.000000e+00  0.000000e+00  2.219776e+10  0.000000e+00  0.000000e+00  2.058600e+08  1.513225e+08  1.256987e+08  1.140979e+08
3.600030e+03  2.458631e+10  0.000000e+00  0.000000e+00  2.208713e+10  0.000000e+00  0.000000e+00  2.074766e+08  1.525673e+08  1.267498e+08  1.150583e+08
3.618073e+03  2.446348e+10  0.000000e+00  0.000000e+00  2.197678e+10  0.000000e+00  0.000000e+00  2.089685e+08  1.537932e+08  1.278000e+08  1.160230e+08
3.636207e+03  2.434160e+10  0.000000e+00  0.000000e+00  2.186729e+10  0.000000e+00  0.000000e+00  2.106878e+08  1.551396e+08  1.289496e+08  1.170796e+08
3.654431e+03  2.421972e+10  0.000000e+00  0.000000e+00  2.175780e+10  0.000000e+00  0.000000e+00  2.125553e+08  1.566697e+08  1.302918e+08  1.183306e+08
3.672747e+03  2.409911e+10  0.000000e+00  0.000000e+00  2.164945e+10  0.000000e+00  0.000000e+00  2.146940e+08  1.585677e+08  1.320239e+08  1.199761e+08
3.691154e+03  2.397880e+10  0.000000e+00  0.000000e+00  2.154137e+10  0.000000e+00  0.000000e+00  2.171296e+08  1.608413e+08  1.341305e+08  1.219870e+08
3.709654e+03  2.385880e+10  0.000000e+00  0.000000e+00  2.143357e+10  0.000000e+00  0.000000e+00  2.196983e+08  1.631955e+08  1.362771e+08  1.240179e+08
3.728246e+03  2.374004e+10  0.000000e+00  0.000000e+00  2.132688e+10  0.000000e+00  0.000000e+00  2.264497e+08  1.825338e+08  1.620561e+08  1.526306e+08
3.746932e+03  2.362127e+10  0.000000e+00  0.000000e+00  2.122018e+10  0.000000e+00  0.000000e+00  2.900602e+08  2.885034e+08  2.622094e+08  2.462145e+08
3.765711e+03  2.350341e+10  0.000000e+00  0.000000e+00  2.111430e+10  0.000000e+00  0.000000e+00  2.585117e+08  1.904764e+08  1.567815e+08  1.417208e+08
3.784585e+03  2.338614e+10  0.000000e+00  0.000000e+00  2.100895e+10  0.000000e+00  0.000000e+00  2.861915e+08  2.003998e+08  1.630995e+08  1.468744e+08
3.803553e+03  2.326917e+10  0.000000e+00  0.000000e+00  2.090387e+10  0.000000e+00  0.000000e+00  2.817111e+08  1.930018e+08  1.571602e+08  1.416296e+08
3.822616e+03  2.315335e+10  0.000000e+00  0.000000e+00  2.079982e+10  0.000000e+00  0.000000e+00  2.964396e+08  1.962936e+08  1.590792e+08  1.431592e+08
3.841775e+03  2.303752e+10  0.000000e+00  0.000000e+00  2.069577e+10  0.000000e+00  0.000000e+00  2.520256e+08  1.783395e+08  1.470247e+08  1.331222e+08
3.861029e+03  2.292228e+10  0.000000e+00  0.000000e+00  2.059224e+10  0.000000e+00  0.000000e+00  2.312596e+08  1.710132e+08  1.423328e+08  1.292952e+08
3.880380e+03  2.280816e+10  0.000000e+00  0.000000e+00  2.048972e+10  0.000000e+00  0.000000e+00  2.330521e+08  1.724103e+08  1.435150e+08  1.303759e+08
3.899829e+03  2.269404e+10  0.000000e+00  0.000000e+00  2.038721e+10  0.000000e+00  0.000000e+00  2.348744e+08  1.738260e+08  1.447118e+08  1.314698e+08
3.919374e+03  2.258076e+10  0.000000e+00  0.000000e+00  2.028544e+10  0.000000e+00  0.000000e+00  2.367128e+08  1.752538e+08  1.459188e+08  1.325729e+08
3.939018e+03  2.246803e+10  0.000000e+00  0.000000e+00  2.018417e+10  0.000000e+00  0.000000e+00  2.385646e+08  1.766915e+08  1.471339e+08  1.336832e+08
3.958760e+03  2.235611e+10  0.000000e+00  0.000000e+00  2.008363e+10  0.000000e+00  0.000000e+00  2.404296e+08  1.781361e+08  1.483531e+08  1.347968e+08
3.978601e+03  2.224419e+10  0.000000e+00  0.000000e+00  1.998308e+10  0.000000e+00  0.000000e+00  2.423068e+08  1.795796e+08  1.495668e+08  1.359036e+08
3.998541e+03  2.213306e+10  0.000000e+00  0.000000e+00  1.988325e+10  0.000000e+00  0.000000e+00  2.441986e+08  1.810138e+08  1.507633e+08  1.369910e+08
4.018582e+03  2.202272e+10  0.000000e+00  0.000000e+00  1.978413e+10  0.000000e+00  0.000000e+00  2.461001e+08  1.824257e+08  1.519260e+08  1.380409e+08
4.038722e+03  2.191264e+10  0.000000e+00  0.000000e+00  1.968523e+10  0.000000e+00  0.000000e+00  2.479925e+08  1.837891e+08  1.530282e+08  1.390272e+08
4.058964e+03  2.180308e+10  0.000000e+00  0.000000e+00  1.958681e+10  0.000000e+00  0.000000e+00  2.496336e+08  1.849624e+08  1.545226e+08  1.407660e+08
4.079307e+03  2.169404e+10  0.000000e+00  0.000000e+00  1.948885e+10  0.000000e+00  0.000000e+00  2.526243e+08  1.913000e+08  1.611652e+08  1.471783e+08
4.099752e+03  2.158601e+10  0.000000e+00  0.000000e+00  1.939180e+10  0.000000e+00  0.000000e+00  2.581197e+08  1.941046e+08  1.619944e+08  1.472517e+08
4.120300e+03  2.147798e+10  0.000000e+00  0.000000e+00  1.929475e+10  0.000000e+00  0.000000e+00  2.557806e+08  1.887628e+08  1.569992e+08  1.425861e+08
4.140951e+03  2.137094e+10  0.000000e+00  0.000000e+00  1.919860e+10  0.000000e+00  0.000000e+00  2.566172e+08  1.894605e+08  1.576627e+08  1.432213e+08
4.161705e+03  2.126390e+10  0.000000e+00  0.000000e+00  1.910244e+10  0.000000e+00  0.000000e+00  2.566359e+08  1.899749e+08  1.582352e+08  1.437912e+08
4.182563e+03  2.115784e+10  0.000000e+00  0.000000e+00  1.900715e+10  0.000000e+00  0.000000e+00  2.577650e+08  1.911054e+08  1.592470e+08  1.447342e+08
4.203526e+03  2.105224e+10  0.000000e+00  0.000000e+00  1.891229e+10  0.000000e+00  0.000000e+00  2.592793e+08  1.924733e+08  1.604410e+08  1.458374e+08
4.224593e+03  2.094712e+10  0.000000e+00  0.000000e+00  1.881785e+10  0.000000e+00  0.000000e+00  2.608973e+08  1.938963e+08  1.616749e+08  1.469751e+08
4.245767e+03  2.084200e+10  0.000000e+00  0.000000e+00  1.872343e+10  0.000000e+00  0.000000e+00  2.628714e+08  1.954441e+08  1.629876e+08  1.481763e+08
4.267046e+03  2.073830e+10  0.000000e+00  0.000000e+00  1.863026e+10  0.000000e+00  0.000000e+00  2.642537e+08  1.968220e+08  1.642058e+08  1.493064e+08
4.288432e+03  2.063458e+10  0.000000e+00  0.000000e+00  1.853709e+10  0.000000e+00  0.000000e+00  2.662850e+08  1.984167e+08  1.655585e+08  1.505445e+08
4.309925e+03  2.053134e+10  0.000000e+00  0.000000e+00  1.844434e+10  0.000000e+00  0.000000e+00  2.683304e+08  2.000231e+08  1.669214e+08  1.517920e+08
4.331526e+03  2.042899e+10  0.000000e+00  0.000000e+00  1.835240e+10  0.000000e+00  0.000000e+00  2.703886e+08  2.016407e+08  1.682941e+08  1.530486e+08
4.353236e+03  2.032666e+10  0.000000e+00  0.000000e+00  1.826047e+10  0.000000e+00  0.000000e+00  2.722170e+08  2.031989e+08  1.696362e+08  1.542833e+08
4.375054e+03  2.022565e+10  0.000000e+00  0.000000e+00  1.816972e+10  0.000000e+00  0.000000e+00  2.743151e+08  2.048505e+08  1.710385e+08  1.555671e+08
4.396981e+03  2.012418e+10  0.000000e+00  0.000000e+00  1.807857e+10  0.000000e+00  0.000000e+00  2.764267e+08  2.065131e+08  1.724502e+08  1.568598e+08
4.419018e+03  2.002359e+10  0.000000e+00  0.000000e+00  1.798821e+10  0.000000e+00  0.000000e+00  2.785539e+08  2.081890e+08  1.738736e+08  1.581633e+08
4.441166e+03  1.992344e+10  0.000000e+00  0.000000e+00  1.789824e+10  0.000000e+00  0.000000e+00  2.806954e+08  2.098774e+08  1.753079e+08  1.594769e+08
4.463425e+03  1.982414e+10  0.000000e+00  0.000000e+00  1.780903e+10  0.000000e+00  0.000000e+00  2.828060e+08  2.115656e+08  1.767461e+08  1.607953e+08
4.485795e+03  1.972485e+10  0.000000e+00  0.000000e+00  1.771983e+10  0.000000e+00  0.000000e+00  2.849786e+08  2.132806e+08  1.782036e+08  1.621305e+08
4.508278e+03  1.962639e+10  0.000000e+00  0.000000e+00  1.763138e+10  0.000000e+00  0.000000e+00  2.871669e+08  2.150091e+08  1.796731e+08  1.634767e+08
4.530873e+03  1.952835e+10  0.000000e+00  0.000000e+00  1.754331e+10  0.000000e+00  0.000000e+00  2.893694e+08  2.167501e+08  1.811534e+08  1.648330e+08
4.553581e+03  1.943072e+10  0.000000e+00  0.000000e+00  1.745560e+10  0.000000e+00  0.000000e+00  2.915822e+08  2.185024e+08  1.826442e+08  1.661991e+08
4.576403e+03  1.933350e+10  0.000000e+00  0.000000e+00  1.736826e+10  0.000000e+00  0.000000e+00  2.938142e+08  2.202690e+08  1.841471e+08  1.675765e+08
4.599340e+03  1.923706e+10  0.000000e+00  0.000000e+00  1.728163e+10  0.000000e+00  0.000000e+00  2.960615e+08  2.220490e+08  1.856617e+08  1.689647e+08
4.622391e+03  1.914063e+10  0.000000e+00  0.000000e+00  1.719500e+10  0.000000e+00  0.000000e+00  2.983224e+08  2.238410e+08  1.871871e+08  1.703630e+08
4.645558e+03  1.904500e+10  0.000000e+00  0.000000e+00  1.710908e+10  0.000000e+00  0.000000e+00  3.005996e+08  2.256471e+08  1.887248e+08  1.717728e+08
4.668842e+03  1.895013e+10  0.000000e+00  0.000000e+00  1.702386e+10  0.000000e+00  0.000000e+00  3.028915e+08  2.274662e+08  1.902741e+08  1.731933e+08
4.692241e+03  1.885489e+10  0.000000e+00  0.000000e+00  1.693830e+10  0.000000e+00  0.000000e+00  3.051963e+08  2.292969e+08  1.918337e+08  1.746234e+08
4.715758e+03  1.876080e+10  0.000000e+00  0.000000e+00  1.685378e+10  0.000000e+00  0.000000e+00  3.075184e+08  2.311424e+08  1.934063e+08  1.760657e+08
4.739393e+03  1.866746e+10  0.000000e+00  0.000000e+00  1.676992e+10  0.000000e+00  0.000000e+00  3.098549e+08  2.330008e+08  1.949904e+08  1.775187e+08
4.763147e+03  1.857375e+10  0.000000e+00  0.000000e+00  1.668573e+10  0.000000e+00  0.000000e+00  3.122036e+08  2.348704e+08  1.965844e+08  1.789810e+08
4.787019e+03  1.848078e+10  0.000000e+00  0.000000e+00  1.660222e+10  0.000000e+00  0.000000e+00  3.145685e+08  2.367541e+08  1.981910e+08  1.804551e+08
4.811012e+03  1.838854e+10  0.000000e+00  0.000000e+00  1.651936e+10  0.000000e+00  0.000000e+00  3.169487e+08  2.386514e+08  1.998097e+08  1.819404e+08
4.835124e+03  1.829666e+10  0.000000e+00  0.000000e+00  1.643681e+10  0.000000e+00  0.000000e+00  3.193431e+08  2.405615e+08  2.014398e+08  1.834364e+08
4.859357e+03  1.820514e+10  0.000000e+00  0.000000e+00  1.635460e+10  0.000000e+00  0.000000e+00  3.217522e+08  2.424848e+08  2.030817e+08  1.849435e+08
4.883712e+03  1.811398e+10  0.000000e+00  0.000000e+00  1.627270e+10  0.000000e+00  0.000000e+00  3.241763e+08  2.444216e+08  2.047357e+08  1.864619e+08
4.908189e+03  1.802353e+10  0.000000e+00  0.000000e+00  1.619145e+10  0.000000e+00  0.000000e+00  3.266159e+08  2.463723e+08  2.064020e+08  1.879918e+08
4.932788e+03  1.793308e+10  0.000000e+00  0.000000e+00  1.611019e+10  0.000000e+00  0.000000e+00  3.290693e+08  2.483356e+08  2.080797e+08  1.895324e+08
4.957511e+03  1.784367e+10  0.000000e+00  0.000000e+00  1.602987e+10  0.000000e+00  0.000000e+00  3.315393e+08  2.503137e+08  2.097706e+08  1.910853e+08
4.982357e+03  1.775461e+10  0.000000e+00  0.000000e+00  1.594986e+10  0.000000e+00  0.000000e+00  3.340227e+08  2.523042e+08  2.114726e+08  1.926488e+08
5.007329e+03  1.766554e+10  0.000000e+00  0.000000e+00  1.586985e+10  0.000000e+00  0.000000e+00  3.365194e+08  2.543070e+08  2.131859e+08  1.942228e+08
5.032425e+03  1.757714e+10  0.000000e+00  0.000000e+00  1.579043e+10  0.000000e+00  0.000000e+00  3.390321e+08  2.563242e+08  2.149121e+08  1.958089e+08
5.057647e+03  1.748940e+10  0.000000e+00  0.000000e+00  1.571161e+10  0.000000e+00  0.000000e+00  3.415599e+08  2.583552e+08  2.166506e+08  1.974067e+08
5.082996e+03  1.740198e+10  0.000000e+00  0.000000e+00  1.563308e+10  0.000000e+00  0.000000e+00  3.441014e+08  2.603990e+08  2.184008e+08  1.990155e+08
5.108471e+03  1.731458e+10  0.000000e+00  0.000000e+00  1.555456e+10  0.000000e+00  0.000000e+00  3.466567e+08  2.624558e+08  2.201628e+08  2.006353e+08
5.134074e+03  1.722814e+10  0.000000e+00  0.000000e+00  1.547691e+10  0.000000e+00  0.000000e+00  3.492284e+08  2.645274e+08  2.219381e+08  2.022677e+08
5.159806e+03  1.714203e+10  0.000000e+00  0.000000e+00  1.539955e+10  0.000000e+00  0.000000e+00  3.518138e+08  2.666119e+08  2.237252e+08  2.039112e+08
5.185666e+03  1.705623e+10  0.000000e+00  0.000000e+00  1.532247e+10  0.000000e+00  0.000000e+00  3.544131e+08  2.687094e+08  2.255241e+08  2.055659e+08
5.211657e+03  1.697106e+10  0.000000e+00  0.000000e+00  1.524596e+10  0.000000e+00  0.000000e+00  3.570269e+08  2.708206e+08  2.273355e+08  2.072324e+08
5.237777e+03  1.688589e+10  0.000000e+00  0.000000e+00  1.516945e+10  0.000000e+00  0.000000e+00  3.596539e+08  2.729444e+08  2.291585e+08  2.089098e+08
5.264028e+03  1.680163e+10  0.000000e+00  0.000000e+00  1.509375e+10  0.000000e+00  0.000000e+00  3.622965e+08  2.750828e+08  2.309948e+08  2.105998e+08
5.290411e+03  1.671737e+10  0.000000e+00  0.000000e+00  1.501806e+10  0.000000e+00  0.000000e+00  3.649519e+08  2.772336e+08  2.328425e+08  2.123006e+08
5.316926e+03  1.663371e+10  0.000000e+00  0.000000e+00  1.494290e+10  0.000000e+00  0.000000e+00  3.676222e+08  2.793985e+08  2.347031e+08  2.140137e+08
5.343574e+03  1.655065e+10  0.000000e+00  0.000000e+00  1.486828e+10  0.000000e+00  0.000000e+00  3.703067e+08  2.815769e+08  2.365762e+08  2.157385e+08
5.370356e+03  1.646759e+10  0.000000e+00  0.000000e+00  1.479367e+10  0.000000e+00  0.000000e+00  3.730038e+08  2.837679e+08  2.384609e+08  2.174744e+08
5.397272e+03  1.638540e+10  0.000000e+00  0.000000e+00  1.471984e+10  0.000000e+00  0.000000e+00  3.757161e+08  2.859733e+08  2.403589e+08  2.192229e+08
5.424322e+03  1.630322e+10  0.000000e+00  0.000000e+00  1.464601e+10  0.000000e+00  0.000000e+00  3.784407e+08  2.881911e+08  2.422684e+08  2.209825e+08
5.451508e+03  1.622162e+10  0.000000e+00  0.000000e+00  1.457270e+10  0.000000e+00  0.000000e+00  3.811802e+08  2.904232e+08  2.441911e+08  2.227545e+08
5.478831e+03  1.614058e+10  0.000000e+00  0.000000e+00  1.449990e+10  0.000000e+00  0.000000e+00  3.839335e+08  2.926687e+08  2.461264e+08  2.245384e+08
5.506290e+03  1.605954e+10  0.000000e+00  0.000000e+00  1.442710e+10  0.000000e+00  0.000000e+00  3.866991e+08  2.949269e+08  2.480734e+08  2.263337e+08
5.533888e+03  1.597932e+10  0.000000e+00  0.000000e+00  1.435503e+10  0.000000e+00  0.000000e+00  3.894799e+08  2.971997e+08  2.500341e+08  2.281419e+08
5.561623e+03  1.589938e+10  0.000000e+00  0.000000e+00  1.428321e+10  0.000000e+00  0.000000e+00  3.922734e+08  2.994856e+08  2.520071e+08  2.299620e+08
5.589497e+03  1.581971e+10  0.000000e+00  0.000000e+00  1.421164e+10  0.000000e+00  0.000000e+00  3.950802e+08  3.017851e+08  2.539930e+08  2.317943e+08
5.617511e+03  1.574058e+10  0.000000e+00  0.000000e+00  1.414056e+10  0.000000e+00  0.000000e+00  3.979011e+08  3.040990e+08  2.559925e+08  2.336398e+08
5.645666e+03  1.566145e+10  0.000000e+00  0.000000e+00  1.406947e+10  0.000000e+00  0.000000e+00  4.007357e+08  3.064272e+08  2.580058e+08  2.354986e+08
5.673961e+03  1.558339e+10  0.000000e+00  0.000000e+00  1.399934e+10  0.000000e+00  0.000000e+00  4.035878e+08  3.087732e+08  2.600359e+08  2.373736e+08
5.702399e+03  1.550532e+10  0.000000e+00  0.000000e+00  1.392921e+10  0.000000e+00  0.000000e+00  4.064542e+08  3.111352e+08  2.620819e+08  2.392641e+08
5.730979e+03  1.542751e+10  0.000000e+00  0.000000e+00  1.385932e+10  0.000000e+00  0.000000e+00  4.093397e+08  3.135180e+08  2.641483e+08  2.411747e+08
5.759702e+03  1.535022e+10  0.000000e+00  0.000000e+00  1.378988e+10  0.000000e+00  0.000000e+00  4.122497e+08  3.159274e+08  2.662411e+08  2.431112e+08
5.788569e+03  1.527367e+10  0.000000e+00  0.000000e+00  1.372111e+10  0.000000e+00  0.000000e+00  4.151908e+08  3.183716e+08  2.683689e+08  2.450823e+08
5.817581e+03  1.519688e+10  0.000000e+00  0.000000e+00  1.365212e+10  0.000000e+00  0.000000e+00  4.181719e+08  3.208617e+08  2.705434e+08  2.471000e+08
5.846738e+03  1.512082e+10  0.000000e+00  0.000000e+00  1.358380e+10  0.000000e+00  0.000000e+00  4.212168e+08  3.234232e+08  2.727899e+08  2.491891e+08
5.876042e+03  1.504503e+10  0.000000e+00  0.000000e+00  1.351571e+10  0.000000e+00  0.000000e+00  4.243562e+08  3.260913e+08  2.751446e+08  2.513857e+08
5.905492e+03  1.496971e+10  0.000000e+00  0.000000e+00  1.344805e+10  0.000000e+00  0.000000e+00  4.276451e+08  3.289293e+08  2.776716e+08  2.537536e+08
5.935090e+03  1.489465e+10  0.000000e+00  0.000000e+00  1.338062e+10  0.000000e+00  0.000000e+00  4.311651e+08  3.320315e+08  2.804675e+08  2.563892e+08
5.964836e+03  1.482030e+10  0.000000e+00  0.000000e+00  1.331383e+10  0.000000e+00  0.000000e+00  4.350453e+08  3.355338e+08  2.836667e+08  2.594245e+08
5.994731e+03  1.474572e+10  0.000000e+00  0.000000e+00  1.324682e+10  0.000000e+00  0.000000e+00  4.395131e+08  3.396605e+08  2.874810e+08  2.630636e+08
6.024776e+03  1.467207e+10  0.000000e+00  0.000000e+00  1.318066e+10  0.000000e+00  0.000000e+00  4.450229e+08  3.448914e+08  2.923733e+08  2.677555e+08
6.054972e+03  1.459841e+10  0.000000e+00  0.000000e+00  1.311449e+10  0.000000e+00  0.000000e+00  4.522920e+08  3.520993e+08  2.992343e+08  2.743845e+08
6.085319e+03  1.452544e+10  0.000000e+00  0.000000e+00  1.304894e+10  0.000000e+00  0.000000e+00  4.620635e+08  3.622341e+08  3.090632e+08  2.839544e+08
6.115818e+03  1.445247e+10  0.000000e+00  0.000000e+00  1.298338e+10  0.000000e+00  0.000000e+00  4.748550e+08  3.755637e+08  3.220490e+08  2.966227e+08
6.146470e+03  1.437995e+10  0.000000e+00  0.000000e+00  1.291824e+10  0.000000e+00  0.000000e+00  4.926958e+08  3.928713e+08  3.384791e+08  3.124857e+08
6.177276e+03  1.430811e+10  0.000000e+00  0.000000e+00  1.285369e+10  0.000000e+00  0.000000e+00  5.253040e+08  4.228919e+08  3.661058e+08  3.387919e+08
6.208236e+03  1.423626e+10  0.000000e+00  0.000000e+00  1.278915e+10  0.000000e+00  0.000000e+00  5.923754e+08  4.905645e+08  4.301569e+08  4.004240e+08
6.239351e+03  1.416486e+10  0.000000e+00  0.000000e+00  1.272501e+10  0.000000e+00  0.000000e+00  6.944210e+08  6.038541e+08  5.410141e+08  5.084667e+08
6.270622e+03  1.409389e+10  0.000000e+00  0.000000e+00  1.266125e+10  0.000000e+00  0.000000e+00  7.805973e+08  6.968823e+08  6.309561e+08  5.956678e+08
6.302050e+03  1.402334e+10  0.000000e+00  0.000000e+00  1.259788e+10  0.000000e+00  0.000000e+00  8.102202e+08  7.166923e+08  6.457955e+08  6.083665e+08
6.333635e+03  1.395300e+10  0.000000e+00  0.000000e+00  1.253469e+10  0.000000e+00  0.000000e+00  8.195239e+08  7.166047e+08  6.424227e+08  6.038219e+08
6.365379e+03  1.388307e+10  0.000000e+00  0.000000e+00  1.247186e+10  0.000000e+00  0.000000e+00  8.701639e+08  7.671739e+08  6.899467e+08  6.493474e+08
6.397282e+03  1.381335e+10  0.000000e+00  0.000000e+00  1.240923e+10  0.000000e+00  0.000000e+00  1.144928e+10  9.621112e+09  8.522431e+09  7.977349e+09
6.429344e+03  1.374405e+10  0.000000e+00  0.000000e+00  1.234698e+10  0.000000e+00  0.000000e+00  5.367669e+08  3.930297e+08  3.291459e+08  3.000831e+08
6.461568e+03  1.367516e+10  0.000000e+00  0.000000e+00  1.228509e+10  0.000000e+00  0.000000e+00  4.818073e+08  3.741968e+08  3.170983e+08  2.902599e+08
6.493952e+03  1.360667e+10  0.000000e+00  0.000000e+00  1.222356e+10  0.000000e+00  0.000000e+00  4.848588e+08  3.768850e+08  3.194846e+08  2.924884e+08
6.526499e+03  1.353838e+10  0.000000e+00  0.000000e+00  1.216221e+10  0.000000e+00  0.000000e+00  4.880796e+08  3.796691e+08  3.219519e+08  2.947921e+08
6.559210e+03  1.347049e+10  0.000000e+00  0.000000e+00  1.210122e+10  0.000000e+00  0.000000e+00  4.913553e+08  3.825135e+08  3.244796e+08  2.971556e+08
6.592084e+03  1.340280e+10  0.000000e+00  0.000000e+00  1.204042e+10  0.000000e+00  0.000000e+00  4.946965e+08  3.854296e+08  3.270782e+08  2.995886e+08
6.625123e+03  1.333568e+10  0.000000e+00  0.000000e+00  1.198012e+10  0.000000e+00  0.000000e+00  4.981439e+08  3.884569e+08  3.297844e+08  3.021261e+08
6.658328e+03  1.326874e+10  0.000000e+00  0.000000e+00  1.191998e+10  0.000000e+00  0.000000e+00  5.017768e+08  3.916919e+08  3.326964e+08  3.048659e+08
6.691699e+03  1.320219e+10  0.000000e+00  0.000000e+00  1.186019e+10  0.000000e+00  0.000000e+00  5.056911e+08  3.952644e+08  3.359506e+08  3.079443e+08
6.725237e+03  1.313601e+10  0.000000e+00  0.000000e+00  1.180074e+10  0.000000e+00  0.000000e+00  5.098997e+08  3.991810e+08  3.395476e+08  3.113590e+08
6.758943e+03  1.307002e+10  0.000000e+00  0.000000e+00  1.174146e+10  0.000000e+00  0.000000e+00  5.143102e+08  4.032345e+08  3.432454e+08  3.148586e+08
6.792818e+03  1.300440e+10  0.000000e+00  0.000000e+00  1.168251e+10  0.000000e+00  0.000000e+00  5.191017e+08  4.074334e+08  3.469947e+08  3.183743e+08
6.826863e+03  1.293915e+10  0.000000e+00  0.000000e+00  1.162389e+10  0.000000e+00  0.000000e+00  5.256745e+08  4.133550e+08  3.523622e+08  3.234443e+08
6.861079e+03  1.287426e+10  0.000000e+00  0.000000e+00  1.156560e+10  0.000000e+00  0.000000e+00  5.367450e+08  4.246904e+08  3.631759e+08  3.338785e+08
6.895466e+03  1.280955e+10  0.000000e+00  0.000000e+00  1.150747e+10  0.000000e+00  0.000000e+00  5.521797e+08  4.408879e+08  3.786172e+08  3.487536e+08
6.930026e+03  1.274537e+10  0.000000e+00  0.000000e+00  1.144981e+10  0.000000e+00  0.000000e+00  5.647987e+08  4.516871e+08  3.878544e+08  3.572188e+08
6.964758e+03  1.268135e+10  0.000000e+00  0.000000e+00  1.139230e+10  0.000000e+00  0.000000e+00  5.674020e+08  4.495823e+08  3.841295e+08  3.529764e+08
6.999665e+03  1.261768e+10  0.000000e+00  0.000000e+00  1.133510e+10  0.000000e+00  0.000000e+00  5.625586e+08  4.400187e+08  3.737766e+08  3.425933e+08
7.034747e+03  1.255435e+10  0.000000e+00  0.000000e+00  1.127821e+10  0.000000e+00  0.000000e+00  5.591557e+08  4.335197e+08  3.670032e+08  3.359283e+08
7.070005e+03  1.249120e+10  0.000000e+00  0.000000e+00  1.122147e+10  0.000000e+00  0.000000e+00  8.161210e+08  8.721659e+08  8.298360e+08  7.966804e+08
7.105439e+03  1.242855e+10  0.000000e+00  0.000000e+00  1.116520e+10  0.000000e+00  0.000000e+00  1.737634e+09  1.177418e+09  9.312410e+08  8.273615e+08
7.141051e+03  1.236607e+10  0.000000e+00  0.000000e+00  1.110907e+10  0.000000e+00  0.000000e+00  5.578508e+08  3.681131e+08  2.945351e+08  2.632478e+08
7.176841e+03  1.230393e+10  0.000000e+00  0.000000e+00  1.105325e+10  0.000000e+00  0.000000e+00  4.091658e+08  2.813720e+08  2.300559e+08  2.077439e+08
7.212811e+03  1.224228e+10  0.000000e+00  0.000000e+00  1.099786e+10  0.000000e+00  0.000000e+00  3.601349e+08  2.598142e+08  2.162622e+08  1.966579e+08
7.248961e+03  1.218062e+10  0.000000e+00  0.000000e+00  1.094247e+10  0.000000e+00  0.000000e+00  3.458653e+08  2.558095e+08  2.141530e+08  1.951316e+08
7.285292e+03  1.211960e+10  0.000000e+00  0.000000e+00  1.088765e+10  0.000000e+00  0.000000e+00  3.355016e+08  2.534877e+08  2.131652e+08  1.945321e+08
7.321805e+03  1.205857e+10  0.000000e+00  0.000000e+00  1.083282e+10  0.000000e+00  0.000000e+00  3.304611e+08  2.529571e+08  2.132941e+08  1.948311e+08
7.358502e+03  1.199801e+10  0.000000e+00  0.000000e+00  1.077842e+10  0.000000e+00  0.000000e+00  3.297207e+08  2.537999e+08  2.142602e+08  1.957960e+08
7.395382e+03  1.193777e+10  0.000000e+00  0.000000e+00  1.072430e+10  0.000000e+00  0.000000e+00  3.310160e+08  2.552794e+08  2.156116e+08  1.970667e+08
7.432447e+03  1.187768e+10  0.000000e+00  0.000000e+00  1.067032e+10  0.000000e+00  0.000000e+00  3.329006e+08  2.569457e+08  2.170780e+08  1.984294e+08
7.469698e+03  1.181805e+10  0.000000e+00  0.000000e+00  1.061676e+10  0.000000e+00  0.000000e+00  3.349723e+08  2.586746e+08  2.185847e+08  1.998254e+08
7.507135e+03  1.175873e+10  0.000000e+00  0.000000e+00  1.056346e+10  0.000000e+00  0.000000e+00  3.370115e+08  2.604006e+08  2.200931e+08  2.012243e+08
7.544760e+03  1.169956e+10  0.000000e+00  0.000000e+00  1.051030e+10  0.000000e+00  0.000000e+00  3.390939e+08  2.621455e+08  2.216160e+08  2.026361e+08
7.582574e+03  1.164068e+10  0.000000e+00  0.000000e+00  1.045741e+10  0.000000e+00  0.000000e+00  3.411885e+08  2.639006e+08  2.231483e+08  2.040568e+08
7.620577e+03  1.158223e+10  0.000000e+00  0.000000e+00  1.040490e+10  0.000000e+00  0.000000e+00  3.432926e+08  2.656649e+08  2.246894e+08  2.054861e+08
7.658771e+03  1.152392e+10  0.000000e+00  0.000000e+00  1.035252e+10  0.000000e+00  0.000000e+00  3.454030e+08  2.674373e+08  2.262386e+08  2.069233e+08
7.697156e+03  1.146604e+10  0.000000e+00  0.000000e+00  1.030052e+10  0.000000e+00  0.000000e+00  3.475211e+08  2.692183e+08  2.277962e+08  2.083687e+08
7.735734e+03  1.140831e+10  0.000000e+00  0.000000e+00  1.024866e+10  0.000000e+00  0.000000e+00  3.496456e+08  2.710071e+08  2.293617e+08  2.098219e+08
7.774504e+03  1.135086e+10  0.000000e+00  0.000000e+00  1.019705e+10  0.000000e+00  0.000000e+00  3.517771e+08  2.728045e+08  2.309357e+08  2.112833e+08
7.813470e+03  1.129383e+10  0.000000e+00  0.000000e+00  1.014582e+10  0.000000e+00  0.000000e+00  3.539160e+08  2.746105e+08  2.325183e+08  2.127531e+08
7.852630e+03  1.123708e+10  0.000000e+00  0.000000e+00  1.009483e+10  0.000000e+00  0.000000e+00  3.560612e+08  2.764246e+08  2.341090e+08  2.142309e+08
7.891987e+03  1.118060e+10  0.000000e+00  0.000000e+00  1.004410e+10  0.000000e+00  0.000000e+00  3.582125e+08  2.782466e+08  2.357077e+08  2.157166e+08
7.931541e+03  1.112426e+10  0.000000e+00  0.000000e+00  9.993481e+09  0.000000e+00  0.000000e+00  3.603697e+08  2.800762e+08  2.373143e+08  2.172101e+08
7.971293e+03  1.106818e+10  0.000000e+00  0.000000e+00  9.943101e+09  0.000000e+00  0.000000e+00  3.625334e+08  2.819142e+08  2.389292e+08  2.187118e+08
8.011244e+03  1.101262e+10  0.000000e+00  0.000000e+00  9.893192e+09  0.000000e+00  0.000000e+00  3.647038e+08  2.837606e+08  2.405528e+08  2.202219e+08
8.051396e+03  1.095706e+10  0.000000e+00  0.000000e+00  9.843284e+09  0.000000e+00  0.000000e+00  3.668793e+08  2.856143e+08  2.421838e+08  2.217395e+08
8.091749e+03  1.090203e+10  0.000000e+00  0.000000e+00  9.793844e+09  0.000000e+00  0.000000e+00  3.690615e+08  2.874765e+08  2.438235e+08  2.232657e+08
8.132304e+03  1.084725e+10  0.000000e+00  0.000000e+00  9.744635e+09  0.000000e+00  0.000000e+00  3.712486e+08  2.893460e+08  2.454709e+08  2.247994e+08
8.173063e+03  1.079248e+10  0.000000e+00  0.000000e+00  9.695429e+09  0.000000e+00  0.000000e+00  3.734406e+08  2.912228e+08  2.471259e+08  2.263408e+08
8.214025e+03  1.073821e+10  0.000000e+00  0.000000e+00  9.646679e+09  0.000000e+00  0.000000e+00  3.756390e+08  2.931081e+08  2.487896e+08  2.278908e+08
8.255193e+03  1.068420e+10  0.000000e+00  0.000000e+00  9.598154e+09  0.000000e+00  0.000000e+00  3.778423e+08  2.950006e+08  2.504610e+08  2.294485e+08
8.296568e+03  1.063019e+10  0.000000e+00  0.000000e+00  9.549635e+09  0.000000e+00  0.000000e+00  3.800501e+08  2.969003e+08  2.521399e+08  2.310138e+08
8.338149e+03  1.057690e+10  0.000000e+00  0.000000e+00  9.501760e+09  0.000000e+00  0.000000e+00  3.822641e+08  2.988085e+08  2.538277e+08  2.325877e+08
8.379940e+03  1.052335e+10  0.000000e+00  0.000000e+00  9.453656e+09  0.000000e+00  0.000000e+00  3.844814e+08  3.007229e+08  2.555223e+08  2.341687e+08
8.421939e+03  1.047052e+10  0.000000e+00  0.000000e+00  9.406201e+09  0.000000e+00  0.000000e+00  3.867051e+08  3.026461e+08  2.572260e+08  2.357587e+08
8.464149e+03  1.041770e+10  0.000000e+00  0.000000e+00  9.358746e+09  0.000000e+00  0.000000e+00  3.889321e+08  3.045757e+08  2.589367e+08  2.373558e+08
8.506571e+03  1.036535e+10  0.000000e+00  0.000000e+00  9.311716e+09  0.000000e+00  0.000000e+00  3.911639e+08  3.065128e+08  2.606555e+08  2.389610e+08
8.549205e+03  1.031300e+10  0.000000e+00  0.000000e+00  9.264685e+09  0.000000e+00  0.000000e+00  3.933988e+08  3.084562e+08  2.623814e+08  2.405734e+08
8.592053e+03  1.026088e+10  0.000000e+00  0.000000e+00  9.217869e+09  0.000000e+00  0.000000e+00  3.956385e+08  3.104073e+08  2.641155e+08  2.421941e+08
8.635116e+03  1.020945e+10  0.000000e+00  0.000000e+00  9.171667e+09  0.000000e+00  0.000000e+00  3.978832e+08  3.123663e+08  2.658581e+08  2.438232e+08
8.678394e+03  1.015780e+10  0.000000e+00  0.000000e+00  9.125263e+09  0.000000e+00  0.000000e+00  4.001296e+08  3.143308e+08  2.676070e+08  2.454590e+08
8.721890e+03  1.010658e+10  0.000000e+00  0.000000e+00  9.079255e+09  0.000000e+00  0.000000e+00  4.023808e+08  3.163029e+08  2.693642e+08  2.471032e+08
8.765603e+03  1.005580e+10  0.000000e+00  0.000000e+00  9.033632e+09  0.000000e+00  0.000000e+00  4.046353e+08  3.182819e+08  2.711291e+08  2.487551e+08
8.809535e+03  1.000479e+10  0.000000e+00  0.000000e+00  8.987813e+09  0.000000e+00  0.000000e+00  4.068917e+08  3.202665e+08  2.729006e+08  2.504140e+08
8.853688e+03  9.954445e+09  0.000000e+00  0.000000e+00  8.942582e+09  0.000000e+00  0.000000e+00  4.091533e+08  3.222593e+08  2.746810e+08  2.520817e+08
8.898062e+03  9.904310e+09  0.000000e+00  0.000000e+00  8.897542e+09  0.000000e+00  0.000000e+00  4.114171e+08  3.242583e+08  2.764684e+08  2.537567e+08
8.942658e+03  9.854389e+09  0.000000e+00  0.000000e+00  8.852696e+09  0.000000e+00  0.000000e+00  4.136831e+08  3.262633e+08  2.782629e+08  2.554391e+08
8.987478e+03  9.804474e+09  0.000000e+00  0.000000e+00  8.807855e+09  0.000000e+00  0.000000e+00  4.159510e+08  3.282742e+08  2.800644e+08  2.571286e+08
9.032523e+03  9.755185e+09  0.000000e+00  0.000000e+00  8.763576e+09  0.000000e+00  0.000000e+00  4.182227e+08  3.302924e+08  2.818740e+08  2.588265e+08
9.077793e+03  9.705898e+09  0.000000e+00  0.000000e+00  8.719299e+09  0.000000e+00  0.000000e+00  4.204954e+08  3.323159e+08  2.836902e+08  2.605314e+08
9.123290e+03  9.656811e+09  0.000000e+00  0.000000e+00  8.675201e+09  0.000000e+00  0.000000e+00  4.227705e+08  3.343459e+08  2.855140e+08  2.622440e+08
9.169015e+03  9.608118e+09  0.000000e+00  0.000000e+00  8.631458e+09  0.000000e+00  0.000000e+00  4.250483e+08  3.363826e+08  2.873453e+08  2.639645e+08
9.214970e+03  9.559817e+09  0.000000e+00  0.000000e+00  8.588067e+09  0.000000e+00  0.000000e+00  4.273273e+08  3.384248e+08  2.891836e+08  2.656922e+08
9.261154e+03  9.511320e+09  0.000000e+00  0.000000e+00  8.544499e+09  0.000000e+00  0.000000e+00  4.296061e+08  3.404715e+08  2.910279e+08  2.674264e+08
9.307570e+03  9.463222e+09  0.000000e+00  0.000000e+00  8.501291e+09  0.000000e+00  0.000000e+00  4.318876e+08  3.425251e+08  2.928800e+08  2.691687e+08
9.354219e+03  9.415515e+09  0.000000e+00  0.000000e+00  8.458433e+09  0.000000e+00  0.000000e+00  4.341707e+08  3.445848e+08  2.947396e+08  2.709188e+08
9.401102e+03  9.368001e+09  0.000000e+00  0.000000e+00  8.415749e+09  0.000000e+00  0.000000e+00  4.364543e+08  3.466496e+08  2.966057e+08  2.726758e+08
9.448219e+03  9.320680e+09  0.000000e+00  0.000000e+00  8.373238e+09  0.000000e+00  0.000000e+00  4.387381e+08  3.487196e+08  2.984784e+08  2.744399e+08
9.495573e+03  9.273550e+09  0.000000e+00  0.000000e+00  8.330899e+09  0.000000e+00  0.000000e+00  4.410224e+08  3.507948e+08  3.003578e+08  2.762112e+08
9.543164e+03  9.226791e+09  0.000000e+00  0.000000e+00  8.288893e+09  0.000000e+00  0.000000e+00  4.433075e+08  3.528756e+08  3.022443e+08  2.779899e+08
9.590994e+03  9.180018e+09  0.000000e+00  0.000000e+00  8.246874e+09  0.000000e+00  0.000000e+00  4.455919e+08  3.549610e+08  3.041370e+08  2.797754e+08
9.639063e+03  9.133607e+09  0.000000e+00  0.000000e+00  8.205181e+09  0.000000e+00  0.000000e+00  4.478772e+08  3.570521e+08  3.060369e+08  2.815684e+08
9.687373e+03  9.087556e+09  0.000000e+00  0.000000e+00  8.163811e+09  0.000000e+00  0.000000e+00  4.501622e+08  3.591481e+08  3.079434e+08  2.833686e+08
9.735925e+03  9.041510e+09  0.000000e+00  0.000000e+00  8.122445e+09  0.000000e+00  0.000000e+00  4.524457e+08  3.612481e+08  3.098557e+08  2.851753e+08
9.784721e+03  8.995821e+09  0.000000e+00  0.000000e+00  8.081401e+09  0.000000e+00  0.000000e+00  4.547293e+08  3.633534e+08  3.117749e+08  2.869893e+08
9.833761e+03  8.950138e+09  0.000000e+00  0.000000e+00  8.040362e+09  0.000000e+00  0.000000e+00  4.570119e+08  3.654631e+08  3.137005e+08  2.888102e+08
9.883047e+03  8.905150e+09  0.000000e+00  0.000000e+00  7.999947e+09  0.000000e+00  0.000000e+00  4.592950e+08  3.675786e+08  3.156333e+08  2.906390e+08
9.932580e+03  8.859992e+09  0.000000e+00  0.000000e+00  7.959379e+09  0.000000e+00  0.000000e+00  4.615748e+08  3.696968e+08  3.175711e+08  2.924734e+08
9.982362e+03  8.815177e+09  0.000000e+00  0.000000e+00  7.919119e+09  0.000000e+00  0.000000e+00  4.638538e+08  3.718198e+08  3.195155e+08  2.943151e+08
1.003239e+04  8.770519e+09  0.000000e+00  0.000000e+00  7.879000e+09  0.000000e+00  0.000000e+00  4.661311e+08  3.739469e+08  3.214660e+08  2.961635e+08
1.008267e+04  8.726183e+09  0.000000e+00  0.000000e+00  7.839171e+09  0.000000e+00  0.000000e+00  4.684069e+08  3.760784e+08  3.234228e+08  2.980189e+08
1.013321e+04  8.681852e+09  0.000000e+00  0.000000e+00  7.799346e+09  0.000000e+00  0.000000e+00  4.706803e+08  3.782135e+08  3.253855e+08  2.998809e+08
1.018399e+04  8.638014e+09  0.000000e+00  0.000000e+00  7.759965e+09  0.000000e+00  0.000000e+00  4.729527e+08  3.803534e+08  3.273548e+08  3.017502e+08
1.023504e+04  8.594339e+09  0.000000e+00  0.000000e+00  7.720729e+09  0.000000e+00  0.000000e+00  4.752218e+08  3.824963e+08  3.293296e+08  3.036258e+08
1.028633e+04  8.550668e+09  0.000000e+00  0.000000e+00  7.681497e+09  0.000000e+00  0.000000e+00  4.774877e+08  3.846424e+08  3.313097e+08  3.055075e+08
1.033789e+04  8.507477e+09  0.000000e+00  0.000000e+00  7.642697e+09  0.000000e+00  0.000000e+00  4.797517e+08  3.867927e+08  3.332963e+08  3.073965e+08
1.038970e+04  8.464289e+09  0.000000e+00  0.000000e+00  7.603898e+09  0.000000e+00  0.000000e+00  4.820118e+08  3.889458e+08  3.352880e+08  3.092914e+08
1.044177e+04  8.421415e+09  0.000000e+00  0.000000e+00  7.565383e+09  0.000000e+00  0.000000e+00  4.842695e+08  3.911027e+08  3.372860e+08  3.111934e+08
1.049411e+04  8.378837e+09  0.000000e+00  0.000000e+00  7.527133e+09  0.000000e+00  0.000000e+00  4.865240e+08  3.932630e+08  3.392897e+08  3.131020e+08
1.054670e+04  8.336245e+09  0.000000e+00  0.000000e+00  7.488871e+09  0.000000e+00  0.000000e+00  4.887741e+08  3.954257e+08  3.412984e+08  3.150165e+08
1.059956e+04  8.294107e+09  0.000000e+00  0.000000e+00  7.451015e+09  0.000000e+00  0.000000e+00  4.910212e+08  3.975920e+08  3.433131e+08  3.169380e+08
1.065268e+04  8.251972e+09  0.000000e+00  0.000000e+00  7.413163e+09  0.000000e+00  0.000000e+00  4.932633e+08  3.997604e+08  3.453326e+08  3.188652e+08
1.070607e+04  8.210137e+09  0.000000e+00  0.000000e+00  7.375581e+09  0.000000e+00  0.000000e+00  4.955016e+08  4.019318e+08  3.473578e+08  3.207990e+08
1.075973e+04  8.168451e+09  0.000000e+00  0.000000e+00  7.338133e+09  0.000000e+00  0.000000e+00  4.977354e+08  4.041057e+08  3.493881e+08  3.227391e+08
1.081366e+04  8.126917e+09  0.000000e+00  0.000000e+00  7.300820e+09  0.000000e+00  0.000000e+00  4.999651e+08  4.062824e+08  3.514241e+08  3.246857e+08
1.086786e+04  8.085816e+09  0.000000e+00  0.000000e+00  7.263897e+09  0.000000e+00  0.000000e+00  5.021910e+08  4.084624e+08  3.534659e+08  3.266392e+08
1.092233e+04  8.044857e+09  0.000000e+00  0.000000e+00  7.227102e+09  0.000000e+00  0.000000e+00  5.044111e+08  4.106439e+08  3.555123e+08  3.285983e+08
1.097707e+04  8.003891e+09  0.000000e+00  0.000000e+00  7.190300e+09  0.000000e+00  0.000000e+00  5.066253e+08  4.128271e+08  3.575632e+08  3.305633e+08
1.103208e+04  7.963329e+09  0.000000e+00  0.000000e+00  7.153861e+09  0.000000e+00  0.000000e+00  5.088352e+08  4.150130e+08  3.596199e+08  3.325349e+08
1.108738e+04  7.922903e+09  0.000000e+00  0.000000e+00  7.117544e+09  0.000000e+00  0.000000e+00  5.110389e+08  4.172004e+08  3.616811e+08  3.345123e+08
1.114294e+04  7.882616e+09  0.000000e+00  0.000000e+00  7.081353e+09  0.000000e+00  0.000000e+00  5.132367e+08  4.193895e+08  3.637471e+08  3.364958e+08
1.119879e+04  7.842471e+09  0.000000e+00  0.000000e+00  7.045288e+09  0.000000e+00  0.000000e+00  5.154290e+08  4.215807e+08  3.658182e+08  3.384854e+08
1.125492e+04  7.802730e+09  0.000000e+00  0.000000e+00  7.009587e+09  0.000000e+00  0.000000e+00  5.176161e+08  4.237741e+08  3.678947e+08  3.404817e+08
1.131133e+04  7.763123e+09  0.000000e+00  0.000000e+00  6.974006e+09  0.000000e+00  0.000000e+00  5.197964e+08  4.259686e+08  3.699755e+08  3.424836e+08
1.136802e+04  7.723651e+09  0.000000e+00  0.000000e+00  6.938546e+09  0.000000e+00  0.000000e+00  5.219700e+08  4.281643e+08  3.720610e+08  3.444914e+08
1.142499e+04  7.684441e+09  0.000000e+00  0.000000e+00  6.903322e+09  0.000000e+00  0.000000e+00  5.241371e+08  4.303615e+08  3.741512e+08  3.465053e+08
1.148226e+04  7.645226e+09  0.000000e+00  0.000000e+00  6.868093e+09  0.000000e+00  0.000000e+00  5.262968e+08  4.325593e+08  3.762455e+08  3.485247e+08
1.153980e+04  7.606506e+09  0.000000e+00  0.000000e+00  6.833309e+09  0.000000e+00  0.000000e+00  5.284506e+08  4.347591e+08  3.783450e+08  3.505506e+08
1.159764e+04  7.567655e+09  0.000000e+00  0.000000e+00  6.798407e+09  0.000000e+00  0.000000e+00  5.305959e+08  4.369587e+08  3.804482e+08  3.525815e+08
1.165577e+04  7.529306e+09  0.000000e+00  0.000000e+00  6.763956e+09  0.000000e+00  0.000000e+00  5.327351e+08  4.391601e+08  3.825565e+08  3.546190e+08
1.171418e+04  7.490836e+09  0.000000e+00  0.000000e+00  6.729397e+09  0.000000e+00  0.000000e+00  5.348656e+08  4.413613e+08  3.846684e+08  3.566616e+08
1.177290e+04  7.452739e+09  0.000000e+00  0.000000e+00  6.695172e+09  0.000000e+00  0.000000e+00  5.369896e+08  4.435641e+08  3.867853e+08  3.587106e+08
1.183190e+04  7.414885e+09  0.000000e+00  0.000000e+00  6.661166e+09  0.000000e+00  0.000000e+00  5.391056e+08  4.457673e+08  3.889064e+08  3.607652e+08
1.189120e+04  7.377153e+09  0.000000e+00  0.000000e+00  6.627270e+09  0.000000e+00  0.000000e+00  5.412130e+08  4.479703e+08  3.910311e+08  3.628252e+08
1.195080e+04  7.339544e+09  0.000000e+00  0.000000e+00  6.593484e+09  0.000000e+00  0.000000e+00  5.433118e+08  4.501734e+08  3.931598e+08  3.648905e+08
1.201069e+04  7.302169e+09  0.000000e+00  0.000000e+00  6.559907e+09  0.000000e+00  0.000000e+00  5.454026e+08  4.523767e+08  3.952925e+08  3.669616e+08
1.207089e+04  7.264896e+09  0.000000e+00  0.000000e+00  6.526423e+09  0.000000e+00  0.000000e+00  5.474845e+08  4.545799e+08  3.974290e+08  3.690380e+08
1.213139e+04  7.227958e+09  0.000000e+00  0.000000e+00  6.493240e+09  0.000000e+00  0.000000e+00  5.495580e+08  4.567831e+08  3.995695e+08  3.711199e+08
1.219219e+04  7.191024e+09  0.000000e+00  0.000000e+00  6.460060e+09  0.000000e+00  0.000000e+00  5.516217e+08  4.589855e+08  4.017132e+08  3.732068e+08
1.225330e+04  7.154432e+09  0.000000e+00  0.000000e+00  6.427188e+09  0.000000e+00  0.000000e+00  5.536770e+08  4.611878e+08  4.038608e+08  3.752992e+08
1.231471e+04  7.117844e+09  0.000000e+00  0.000000e+00  6.394319e+09  0.000000e+00  0.000000e+00  5.557222e+08  4.633891e+08  4.060115e+08  3.773965e+08
1.237643e+04  7.081700e+09  0.000000e+00  0.000000e+00  6.361849e+09  0.000000e+00  0.000000e+00  5.577588e+08  4.655901e+08  4.081661e+08  3.794992e+08
1.243846e+04  7.045451e+09  0.000000e+00  0.000000e+00  6.329285e+09  0.000000e+00  0.000000e+00  5.597842e+08  4.677892e+08  4.103230e+08  3.816061e+08
1.250080e+04  7.009533e+09  0.000000e+00  0.000000e+00  6.297018e+09  0.000000e+00  0.000000e+00  5.618007e+08  4.699879e+08  4.124835e+08  3.837184e+08
1.256345e+04  6.973828e+09  0.000000e+00  0.000000e+00  6.264942e+09  0.000000e+00  0.000000e+00  5.638068e+08  4.721850e+08  4.146468e+08  3.858352e+08
1.262642e+04  6.938214e+09  0.000000e+00  0.000000e+00  6.232948e+09  0.000000e+00  0.000000e+00  5.658016e+08  4.743800e+08  4.168123e+08  3.879561e+08
1.268970e+04  6.902693e+09  0.000000e+00  0.000000e+00  6.201038e+09  0.000000e+00  0.000000e+00  5.677858e+08  4.765731e+08  4.189803e+08  3.900813e+08
1.275330e+04  6.867489e+09  0.000000e+00  0.000000e+00  6.169413e+09  0.000000e+00  0.000000e+00  5.697597e+08  4.787648e+08  4.211511e+08  3.922110e+08
1.281722e+04  6.832391e+09  0.000000e+00  0.000000e+00  6.137882e+09  0.000000e+00  0.000000e+00  5.717221e+08  4.809539e+08  4.233237e+08  3.943445e+08
1.288146e+04  6.797500e+09  0.000000e+00  0.000000e+00  6.106538e+09  0.000000e+00  0.000000e+00  5.736732e+08  4.831406e+08  4.254984e+08  3.964819e+08
1.294602e+04  6.762714e+09  0.000000e+00  0.000000e+00  6.075288e+09  0.000000e+00  0.000000e+00  5.756125e+08  4.853244e+08  4.276746e+08  3.986227e+08
1.301091e+04  6.728132e+09  0.000000e+00  0.000000e+00  6.044221e+09  0.000000e+00  0.000000e+00  5.775403e+08  4.875055e+08  4.298525e+08  4.007671e+08
1.307611e+04  6.693752e+09  0.000000e+00  0.000000e+00  6.013336e+09  0.000000e+00  0.000000e+00  5.794560e+08  4.896833e+08  4.320316e+08  4.029147e+08
1.314165e+04  6.659570e+09  0.000000e+00  0.000000e+00  5.982629e+09  0.000000e+00  0.000000e+00  5.813593e+08  4.918576e+08  4.342116e+08  4.050650e+08
1.320752e+04  6.625473e+09  0.000000e+00  0.000000e+00  5.951997e+09  0.000000e+00  0.000000e+00  5.832493e+08  4.940275e+08  4.363919e+08  4.072177e+08
1.327371e+04  6.591552e+09  0.000000e+00  0.000000e+00  5.921524e+09  0.000000e+00  0.000000e+00  5.851264e+08  4.961934e+08  4.385726e+08  4.093726e+08
1.334024e+04  6.557728e+09  0.000000e+00  0.000000e+00  5.891139e+09  0.000000e+00  0.000000e+00  5.869904e+08  4.983547e+08  4.407533e+08  4.115295e+08
1.340710e+04  6.524284e+09  0.000000e+00  0.000000e+00  5.861094e+09  0.000000e+00  0.000000e+00  5.888414e+08  5.005118e+08  4.429341e+08  4.136885e+08
1.347429e+04  6.490750e+09  0.000000e+00  0.000000e+00  5.830969e+09  0.000000e+00  0.000000e+00  5.906775e+08  5.026628e+08  4.451136e+08  4.158481e+08
1.354183e+04  6.457589e+09  0.000000e+00  0.000000e+00  5.801179e+09  0.000000e+00  0.000000e+00  5.925005e+08  5.048090e+08  4.472926e+08  4.180093e+08
1.360970e+04  6.424431e+09  0.000000e+00  0.000000e+00  5.771391e+09  0.000000e+00  0.000000e+00  5.943084e+08  5.069487e+08  4.494699e+08  4.201706e+08
1.367791e+04  6.391549e+09  0.000000e+00  0.000000e+00  5.741852e+09  0.000000e+00  0.000000e+00  5.961020e+08  5.090826e+08  4.516456e+08  4.223324e+08
1.374646e+04  6.358760e+09  0.000000e+00  0.000000e+00  5.712396e+09  0.000000e+00  0.000000e+00  5.978800e+08  5.112093e+08  4.538188e+08  4.244937e+08
1.381535e+04  6.326141e+09  0.000000e+00  0.000000e+00  5.683092e+09  0.000000e+00  0.000000e+00  5.996425e+08  5.133288e+08  4.559893e+08  4.266542e+08
1.388460e+04  6.293765e+09  0.000000e+00  0.000000e+00  5.654007e+09  0.000000e+00  0.000000e+00  6.013893e+08  5.154407e+08  4.581567e+08  4.288135e+08
1.395418e+04  6.261389e+09  0.000000e+00  0.000000e+00  5.624922e+09  0.000000e+00  0.000000e+00  6.031190e+08  5.175440e+08  4.603199e+08  4.309708e+08
1.402412e+04  6.229274e+09  0.000000e+00  0.000000e+00  5.596071e+09  0.000000e+00  0.000000e+00  6.048328e+08  5.196391e+08  4.624793e+08  4.331261e+08
1.409441e+04  6.197248e+09  0.000000e+00  0.000000e+00  5.567302e+09  0.000000e+00  0.000000e+00  6.065294e+08  5.217249e+08  4.646339e+08  4.352786e+08
1.416505e+04  6.165479e+09  0.000000e+00  0.000000e+00  5.538762e+09  0.000000e+00  0.000000e+00  6.082089e+08  5.238015e+08  4.667835e+08  4.374280e+08
1.423604e+04  6.133715e+09  0.000000e+00  0.000000e+00  5.510226e+09  0.000000e+00  0.000000e+00  6.098703e+08  5.258675e+08  4.689269e+08  4.395733e+08
1.430739e+04  6.102284e+09  0.000000e+00  0.000000e+00  5.481991e+09  0.000000e+00  0.000000e+00  6.115140e+08  5.279233e+08  4.710644e+08  4.417145e+08
1.437910e+04  6.070938e+09  0.000000e+00  0.000000e+00  5.453831e+09  0.000000e+00  0.000000e+00  6.131383e+08  5.299672e+08  4.731943e+08  4.438501e+08
1.445117e+04  6.039669e+09  0.000000e+00  0.000000e+00  5.425740e+09  0.000000e+00  0.000000e+00  6.147432e+08  5.319991e+08  4.753164e+08  4.459797e+08
1.452360e+04  6.008624e+09  0.000000e+00  0.000000e+00  5.397850e+09  0.000000e+00  0.000000e+00  6.163288e+08  5.340187e+08  4.774304e+08  4.481031e+08
1.459639e+04  5.977729e+09  0.000000e+00  0.000000e+00  5.370097e+09  0.000000e+00  0.000000e+00  6.178942e+08  5.360251e+08  4.795352e+08  4.502193e+08
1.466954e+04  5.946918e+09  0.000000e+00  0.000000e+00  5.342417e+09  0.000000e+00  0.000000e+00  6.194389e+08  5.380176e+08  4.816303e+08  4.523276e+08
1.474307e+04  5.916343e+09  0.000000e+00  0.000000e+00  5.314950e+09  0.000000e+00  0.000000e+00  6.209631e+08  5.399961e+08  4.837153e+08  4.544276e+08
1.481696e+04  5.885849e+09  0.000000e+00  0.000000e+00  5.287556e+09  0.000000e+00  0.000000e+00  6.224655e+08  5.419593e+08  4.857891e+08  4.565182e+08
1.489122e+04  5.855513e+09  0.000000e+00  0.000000e+00  5.260303e+09  0.000000e+00  0.000000e+00  6.239462e+08  5.439071e+08  4.878511e+08  4.585989e+08
1.496585e+04  5.825405e+09  0.000000e+00  0.000000e+00  5.233256e+09  0.000000e+00  0.000000e+00  6.254046e+08  5.458385e+08  4.899007e+08  4.606688e+08
1.504086e+04  5.795376e+09  0.000000e+00  0.000000e+00  5.206279e+09  0.000000e+00  0.000000e+00  6.268394e+08  5.477523e+08  4.919365e+08  4.627267e+08
1.511624e+04  5.765495e+09  0.000000e+00  0.000000e+00  5.179435e+09  0.000000e+00  0.000000e+00  6.282507e+08  5.496484e+08  4.939581e+08  4.647723e+08
1.519200e+04  5.735743e+09  0.000000e+00  0.000000e+00  5.152708e+09  0.000000e+00  0.000000e+00  6.296379e+08  5.515259e+08  4.959648e+08  4.668046e+08
1.526815e+04  5.706124e+09  0.000000e+00  0.000000e+00  5.126100e+09  0.000000e+00  0.000000e+00  6.310006e+08  5.533841e+08  4.979558e+08  4.688228e+08
1.534467e+04  5.676723e+09  0.000000e+00  0.000000e+00  5.099687e+09  0.000000e+00  0.000000e+00  6.323384e+08  5.552225e+08  4.999303e+08  4.708262e+08
1.542157e+04  5.647329e+09  0.000000e+00  0.000000e+00  5.073281e+09  0.000000e+00  0.000000e+00  6.336502e+08  5.570399e+08  5.018871e+08  4.728136e+08
1.549887e+04  5.618217e+09  0.000000e+00  0.000000e+00  5.047129e+09  0.000000e+00  0.000000e+00  6.349366e+08  5.588363e+08  5.038262e+08  4.747848e+08
1.557654e+04  5.589180e+09  0.000000e+00  0.000000e+00  5.021043e+09  0.000000e+00  0.000000e+00  6.361960e+08  5.606102e+08  5.057461e+08  4.767383e+08
1.565461e+04  5.560286e+09  0.000000e+00  0.000000e+00  4.995086e+09  0.000000e+00  0.000000e+00  6.374283e+08  5.623612e+08  5.076460e+08  4.786735e+08
1.573307e+04  5.531599e+09  0.000000e+00  0.000000e+00  4.969315e+09  0.000000e+00  0.000000e+00  6.386329e+08  5.640883e+08  5.095252e+08  4.805893e+08
1.581193e+04  5.502984e+09  0.000000e+00  0.000000e+00  4.943609e+09  0.000000e+00  0.000000e+00  6.398086e+08  5.657905e+08  5.113823e+08  4.824846e+08
1.589117e+04  5.474486e+09  0.000000e+00  0.000000e+00  4.918007e+09  0.000000e+00  0.000000e+00  6.409555e+08  5.674673e+08  5.132170e+08  4.843589e+08
1.597082e+04  5.446103e+09  0.000000e+00  0.000000e+00  4.892510e+09  0.000000e+00  0.000000e+00  6.420733e+08  5.691183e+08  5.150284e+08  4.862114e+08
1.605086e+04  5.418050e+09  0.000000e+00  0.000000e+00  4.867309e+09  0.000000e+00  0.000000e+00  6.431616e+08  5.707427e+08  5.168159e+08  4.880412e+08
1.613131e+04  5.389873e+09  0.000000e+00  0.000000e+00  4.841995e+09  0.000000e+00  0.000000e+00  6.442184e+08  5.723386e+08  5.185775e+08  4.898465e+08
1.621216e+04  5.361957e+09  0.000000e+00  0.000000e+00  4.816917e+09  0.000000e+00  0.000000e+00  6.452451e+08  5.739067e+08  5.203137e+08  4.916277e+08
1.629341e+04  5.334172e+09  0.000000e+00  0.000000e+00  4.791956e+09  0.000000e+00  0.000000e+00  6.462403e+08  5.754456e+08  5.220230e+08  4.933832e+08
1.637507e+04  5.306517e+09  0.000000e+00  0.000000e+00  4.767112e+09  0.000000e+00  0.000000e+00  6.472034e+08  5.769544e+08  5.237044e+08  4.951122e+08
1.645714e+04  5.278992e+09  0.000000e+00  0.000000e+00  4.742386e+09  0.000000e+00  0.000000e+00  6.481339e+08  5.784325e+08  5.253573e+08  4.968137e+08
1.653963e+04  5.251596e+09  0.000000e+00  0.000000e+00  4.717774e+09  0.000000e+00  0.000000e+00  6.490313e+08  5.798790e+08  5.269807e+08  4.984870e+08
1.662252e+04  5.224426e+09  0.000000e+00  0.000000e+00  4.693366e+09  0.000000e+00  0.000000e+00  6.498953e+08  5.812934e+08  5.285738e+08  5.001311e+08
1.670583e+04  5.197240e+09  0.000000e+00  0.000000e+00  4.668944e+09  0.000000e+00  0.000000e+00  6.507245e+08  5.826742e+08  5.301353e+08  5.017447e+08
1.678956e+04  5.170175e+09  0.000000e+00  0.000000e+00  4.644630e+09  0.000000e+00  0.000000e+00  6.515196e+08  5.840217e+08  5.316652e+08  5.033277e+08
1.687371e+04  5.143351e+09  0.000000e+00  0.000000e+00  4.620532e+09  0.000000e+00  0.000000e+00  6.522804e+08  5.853352e+08  5.331627e+08  5.048794e+08
1.695828e+04  5.116647e+09  0.000000e+00  0.000000e+00  4.596543e+09  0.000000e+00  0.000000e+00  6.530054e+08  5.866135e+08  5.346264e+08  5.063982e+08
1.704327e+04  5.089949e+09  0.000000e+00  0.000000e+00  4.572559e+09  0.000000e+00  0.000000e+00  6.536942e+08  5.878556e+08  5.360555e+08  5.078835e+08
1.712869e+04  5.063598e+09  0.000000e+00  0.000000e+00  4.548886e+09  0.000000e+00  0.000000e+00  6.543473e+08  5.890617e+08  5.374499e+08  5.093349e+08
1.721454e+04  5.037140e+09  0.000000e+00  0.000000e+00  4.525117e+09  0.000000e+00  0.000000e+00  6.549626e+08  5.902299e+08  5.388077e+08  5.107507e+08
1.730082e+04  5.011022e+09  0.000000e+00  0.000000e+00  4.501654e+09  0.000000e+00  0.000000e+00  6.555414e+08  5.913608e+08  5.401294e+08  5.121311e+08
1.738753e+04  4.984786e+09  0.000000e+00  0.000000e+00  4.478085e+09  0.000000e+00  0.000000e+00  6.560818e+08  5.924527e+08  5.414131e+08  5.134745e+08
1.747467e+04  4.958970e+09  0.000000e+00  0.000000e+00  4.454893e+09  0.000000e+00  0.000000e+00  6.565852e+08  5.935062e+08  5.426594e+08  5.147812e+08
1.756225e+04  4.932934e+09  0.000000e+00  0.000000e+00  4.431504e+09  0.000000e+00  0.000000e+00  6.570491e+08  5.945192e+08  5.438661e+08  5.160491e+08
1.765027e+04  4.907332e+09  0.000000e+00  0.000000e+00  4.408504e+09  0.000000e+00  0.000000e+00  6.574757e+08  5.954930e+08  5.450343e+08  5.172792e+08
1.773873e+04  4.881629e+09  0.000000e+00  0.000000e+00  4.385414e+09  0.000000e+00  0.000000e+00  6.578623e+08  5.964254e+08  5.461619e+08  5.184694e+08
1.782764e+04  4.856246e+09  0.000000e+00  0.000000e+00  4.362612e+09  0.000000e+00  0.000000e+00  6.582103e+08  5.973170e+08  5.472491e+08  5.196199e+08
1.791699e+04  4.830766e+09  0.000000e+00  0.000000e+00  4.339721e+09  0.000000e+00  0.000000e+00  6.585177e+08  5.981660e+08  5.482945e+08  5.207292e+08
1.800679e+04  4.805602e+09  0.000000e+00  0.000000e+00  4.317115e+09  0.000000e+00  0.000000e+00  6.587859e+08  5.989734e+08  5.492985e+08  5.217977e+08
1.809704e+04  4.780543e+09  0.000000e+00  0.000000e+00  4.294603e+09  0.000000e+00  0.000000e+00  6.590134e+08  5.997375e+08  5.502597e+08  5.228240e+08
1.818774e+04  4.755481e+09  0.000000e+00  0.000000e+00  4.272089e+09  0.000000e+00  0.000000e+00  6.591999e+08  6.004580e+08  5.511776e+08  5.238077e+08
1.827889e+04  4.730602e+09  0.000000e+00  0.000000e+00  4.249739e+09  0.000000e+00  0.000000e+00  6.593461e+08  6.011351e+08  5.520523e+08  5.247486e+08
1.837051e+04  4.705813e+09  0.000000e+00  0.000000e+00  4.227470e+09  0.000000e+00  0.000000e+00  6.594513e+08  6.017681e+08  5.528829e+08  5.256460e+08
1.846258e+04  4.681225e+09  0.000000e+00  0.000000e+00  4.205381e+09  0.000000e+00  0.000000e+00  6.595155e+08  6.023568e+08  5.536693e+08  5.264996e+08
1.855511e+04  4.656642e+09  0.000000e+00  0.000000e+00  4.183297e+09  0.000000e+00  0.000000e+00  6.595381e+08  6.029004e+08  5.544106e+08  5.273086e+08
1.864811e+04  4.632258e+09  0.000000e+00  0.000000e+00  4.161391e+09  0.000000e+00  0.000000e+00  6.595194e+08  6.033991e+08  5.551068e+08  5.280729e+08
1.874157e+04  4.607974e+09  0.000000e+00  0.000000e+00  4.139576e+09  0.000000e+00  0.000000e+00  6.594589e+08  6.038520e+08  5.557572e+08  5.287918e+08
1.883550e+04  4.583790e+09  0.000000e+00  0.000000e+00  4.117850e+09  0.000000e+00  0.000000e+00  6.593564e+08  6.042592e+08  5.563615e+08  5.294651e+08
1.892990e+04  4.559705e+09  0.000000e+00  0.000000e+00  4.096214e+09  0.000000e+00  0.000000e+00  6.592122e+08  6.046203e+08  5.569196e+08  5.300925e+08
1.902478e+04  4.535897e+09  0.000000e+00  0.000000e+00  4.074826e+09  0.000000e+00  0.000000e+00  6.590262e+08  6.049353e+08  5.574311e+08  5.306737e+08
1.912013e+04  4.511978e+09  0.000000e+00  0.000000e+00  4.053338e+09  0.000000e+00  0.000000e+00  6.587970e+08  6.052031e+08  5.578951e+08  5.312078e+08
1.921596e+04  4.488228e+09  0.000000e+00  0.000000e+00  4.032002e+09  0.000000e+00  0.000000e+00  6.585265e+08  6.054247e+08  5.583124e+08  5.316954e+08
1.931227e+04  4.464661e+09  0.000000e+00  0.000000e+00  4.010831e+09  0.000000e+00  0.000000e+00  6.582141e+08  6.055998e+08  5.586826e+08  5.321362e+08
1.940906e+04  4.441101e+09  0.000000e+00  0.000000e+00  3.989666e+09  0.000000e+00  0.000000e+00  6.578593e+08  6.057276e+08  5.590050e+08  5.325295e+08
1.950633e+04  4.417809e+09  0.000000e+00  0.000000e+00  3.968741e+09  0.000000e+00  0.000000e+00  6.574627e+08  6.058087e+08  5.592800e+08  5.328757e+08
1.960410e+04  4.394521e+09  0.000000e+00  0.000000e+00  3.947820e+09  0.000000e+00  0.000000e+00  6.570233e+08  6.058421e+08  5.595067e+08  5.331738e+08
1.970235e+04  4.371326e+09  0.000000e+00  0.000000e+00  3.926983e+09  0.000000e+00  0.000000e+00  6.565418e+08  6.058283e+08  5.596855e+08  5.334243e+08
1.980110e+04  4.348307e+09  0.000000e+00  0.000000e+00  3.906304e+09  0.000000e+00  0.000000e+00  6.560188e+08  6.057675e+08  5.598165e+08  5.336272e+08
1.990034e+04  4.325378e+09  0.000000e+00  0.000000e+00  3.885706e+09  0.000000e+00  0.000000e+00  6.554536e+08  6.056594e+08  5.598994e+08  5.337822e+08
2.000008e+04  4.302596e+09  0.000000e+00  0.000000e+00  3.865240e+09  0.000000e+00  0.000000e+00  6.548466e+08  6.055040e+08  5.599342e+08  5.338893e+08
2.010032e+04  4.279796e+09  0.000000e+00  0.000000e+00  3.844757e+09  0.000000e+00  0.000000e+00  6.541976e+08  6.053012e+08  5.599207e+08  5.339483e+08
2.020106e+04  4.257166e+09  0.000000e+00  0.000000e+00  3.824427e+09  0.000000e+00  0.000000e+00  6.535076e+08  6.050516e+08  5.598596e+08  5.339598e+08
2.030230e+04  4.234701e+09  0.000000e+00  0.000000e+00  3.804246e+09  0.000000e+00  0.000000e+00  6.527763e+08  6.047552e+08  5.597506e+08  5.339236e+08
2.040406e+04  4.212322e+09  0.000000e+00  0.000000e+00  3.784142e+09  0.000000e+00  0.000000e+00  6.520035e+08  6.044115e+08  5.595934e+08  5.338394e+08
2.050632e+04  4.189950e+09  0.000000e+00  0.000000e+00  3.764044e+09  0.000000e+00  0.000000e+00  6.511894e+08  6.040209e+08  5.593884e+08  5.337075e+08
2.060910e+04  4.167819e+09  0.000000e+00  0.000000e+00  3.744162e+09  0.000000e+00  0.000000e+00  6.503350e+08  6.035840e+08  5.591359e+08  5.335283e+08
2.071239e+04  4.145769e+09  0.000000e+00  0.000000e+00  3.724354e+09  0.000000e+00  0.000000e+00  6.494397e+08  6.031004e+08  5.588358e+08  5.333015e+08
2.081620e+04  4.123729e+09  0.000000e+00  0.000000e+00  3.704554e+09  0.000000e+00  0.000000e+00  6.485038e+08  6.025704e+08  5.584882e+08  5.330275e+08
2.092053e+04  4.101976e+09  0.000000e+00  0.000000e+00  3.685013e+09  0.000000e+00  0.000000e+00  6.475283e+08  6.019947e+08  5.580938e+08  5.327067e+08
2.102538e+04  4.080129e+09  0.000000e+00  0.000000e+00  3.665386e+09  0.000000e+00  0.000000e+00  6.465122e+08  6.013726e+08  5.576520e+08  5.323386e+08
2.113076e+04  4.058432e+09  0.000000e+00  0.000000e+00  3.645895e+09  0.000000e+00  0.000000e+00  6.454571e+08  6.007054e+08  5.571639e+08  5.319244e+08
2.123666e+04  4.036888e+09  0.000000e+00  0.000000e+00  3.626541e+09  0.000000e+00  0.000000e+00  6.443630e+08  5.999930e+08  5.566296e+08  5.314639e+08
2.134310e+04  4.015352e+09  0.000000e+00  0.000000e+00  3.607194e+09  0.000000e+00  0.000000e+00  6.432298e+08  5.992356e+08  5.560490e+08  5.309574e+08
2.145007e+04  3.994108e+09  0.000000e+00  0.000000e+00  3.588109e+09  0.000000e+00  0.000000e+00  6.420586e+08  5.984340e+08  5.554230e+08  5.304055e+08
2.155757e+04  3.972799e+09  0.000000e+00  0.000000e+00  3.568967e+09  0.000000e+00  0.000000e+00  6.408484e+08  5.975876e+08  5.547512e+08  5.298078e+08
2.166562e+04  3.951639e+09  0.000000e+00  0.000000e+00  3.549957e+09  0.000000e+00  0.000000e+00  6.396008e+08  5.966975e+08  5.540345e+08  5.291654e+08
2.177420e+04  3.930624e+09  0.000000e+00  0.000000e+00  3.531078e+09  0.000000e+00  0.000000e+00  6.383157e+08  5.957639e+08  5.532731e+08  5.284784e+08
2.188334e+04  3.909602e+09  0.000000e+00  0.000000e+00  3.512193e+09  0.000000e+00  0.000000e+00  6.369934e+08  5.947871e+08  5.524673e+08  5.277470e+08
2.199301e+04  3.888833e+09  0.000000e+00  0.000000e+00  3.493535e+09  0.000000e+00  0.000000e+00  6.356348e+08  5.937677e+08  5.516179e+08  5.269720e+08
2.210324e+04  3.867991e+09  0.000000e+00  0.000000e+00  3.474812e+09  0.000000e+00  0.000000e+00  6.342391e+08  5.927055e+08  5.507244e+08  5.261531e+08
2.221402e+04  3.847356e+09  0.000000e+00  0.000000e+00  3.456275e+09  0.000000e+00  0.000000e+00  6.328080e+08  5.916017e+08  5.497881e+08  5.252914e+08
2.232535e+04  3.826729e+09  0.000000e+00  0.000000e+00  3.437744e+09  0.000000e+00  0.000000e+00  6.313411e+08  5.904561e+08  5.488089e+08  5.243869e+08
2.243725e+04  3.806305e+09  0.000000e+00  0.000000e+00  3.419396e+09  0.000000e+00  0.000000e+00  6.298394e+08  5.892697e+08  5.477877e+08  5.234405e+08
2.254970e+04  3.785888e+09  0.000000e+00  0.000000e+00  3.401054e+09  0.000000e+00  0.000000e+00  6.283027e+08  5.880424e+08  5.467246e+08  5.224522e+08
2.266272e+04  3.765670e+09  0.000000e+00  0.000000e+00  3.382891e+09  0.000000e+00  0.000000e+00  6.267323e+08  5.867754e+08  5.456204e+08  5.214229e+08
2.277630e+04  3.745458e+09  0.000000e+00  0.000000e+00  3.364735e+09  0.000000e+00  0.000000e+00  6.251279e+08  5.854685e+08  5.444753e+08  5.203529e+08
2.289045e+04  3.725433e+09  0.000000e+00  0.000000e+00  3.346745e+09  0.000000e+00  0.000000e+00  6.234907e+08  5.841229e+08  5.432903e+08  5.192429e+08
2.300518e+04  3.705388e+09  0.000000e+00  0.000000e+00  3.328738e+09  0.000000e+00  0.000000e+00  6.218209e+08  5.827389e+08  5.420657e+08  5.180934e+08
2.312048e+04  3.685517e+09  0.000000e+00  0.000000e+00  3.310886e+09  0.000000e+00  0.000000e+00  6.201198e+08  5.813175e+08  5.408025e+08  5.169053e+08
2.323636e+04  3.665653e+09  0.000000e+00  0.000000e+00  3.293042e+09  0.000000e+00  0.000000e+00  6.183873e+08  5.798589e+08  5.395010e+08  5.156790e+08
2.335282e+04  3.645977e+09  0.000000e+00  0.000000e+00  3.275365e+09  0.000000e+00  0.000000e+00  6.166246e+08  5.783642e+08  5.381621e+08  5.144152e+08
2.346986e+04  3.626308e+09  0.000000e+00  0.000000e+00  3.257695e+09  0.000000e+00  0.000000e+00  6.148314e+08  5.768333e+08  5.367859e+08  5.131142e+08
2.358749e+04  3.606823e+09  0.000000e+00  0.000000e+00  3.240191e+09  0.000000e+00  0.000000e+00  6.130088e+08  5.752670e+08  5.353732e+08  5.117768e+08
2.370571e+04  3.587345e+09  0.000000e+00  0.000000e+00  3.222693e+09  0.000000e+00  0.000000e+00  6.111564e+08  5.736655e+08  5.339241e+08  5.104031e+08
2.382452e+04  3.568048e+09  0.000000e+00  0.000000e+00  3.205358e+09  0.000000e+00  0.000000e+00  6.092751e+08  5.720295e+08  5.324395e+08  5.089938e+08
2.394392e+04  3.548812e+09  0.000000e+00  0.000000e+00  3.188077e+09  0.000000e+00  0.000000e+00  6.073645e+08  5.703589e+08  5.309193e+08  5.075491e+08
2.406393e+04  3.529612e+09  0.000000e+00  0.000000e+00  3.170829e+09  0.000000e+00  0.000000e+00  6.054250e+08  5.686542e+08  5.293641e+08  5.060695e+08
2.418454e+04  3.510563e+09  0.000000e+00  0.000000e+00  3.153717e+09  0.000000e+00  0.000000e+00  6.034573e+08  5.669161e+08  5.277746e+08  5.045558e+08
2.430575e+04  3.491522e+09  0.000000e+00  0.000000e+00  3.136611e+09  0.000000e+00  0.000000e+00  6.014617e+08  5.651451e+08  5.261512e+08  5.030082e+08
2.442756e+04  3.472653e+09  0.000000e+00  0.000000e+00  3.119659e+09  0.000000e+00  0.000000e+00  5.994393e+08  5.633421e+08  5.244949e+08  5.014280e+08
2.454999e+04  3.453791e+09  0.000000e+00  0.000000e+00  3.102715e+09  0.000000e+00  0.000000e+00  5.973903e+08  5.615076e+08  5.228063e+08  4.998155e+08
2.467304e+04  3.435098e+09  0.000000e+00  0.000000e+00  3.085922e+09  0.000000e+00  0.000000e+00  5.953159e+08  5.596427e+08  5.210863e+08  4.981716e+08
2.479670e+04  3.416465e+09  0.000000e+00  0.000000e+00  3.069183e+09  0.000000e+00  0.000000e+00  5.932162e+08  5.577476e+08  5.193352e+08  4.964968e+08
2.492097e+04  3.397945e+09  0.000000e+00  0.000000e+00  3.052546e+09  0.000000e+00  0.000000e+00  5.910920e+08  5.558231e+08  5.175539e+08  4.947919e+08
2.504588e+04  3.379484e+09  0.000000e+00  0.000000e+00  3.035962e+09  0.000000e+00  0.000000e+00  5.889436e+08  5.538698e+08  5.157429e+08  4.930574e+08
2.517140e+04  3.361246e+09  0.000000e+00  0.000000e+00  3.019578e+09  0.000000e+00  0.000000e+00  5.867718e+08  5.518883e+08  5.139029e+08  4.912940e+08
2.529756e+04  3.343084e+09  0.000000e+00  0.000000e+00  3.003261e+09  0.000000e+00  0.000000e+00  5.845764e+08  5.498787e+08  5.120341e+08  4.895020e+08
2.542435e+04  3.325034e+09  0.000000e+00  0.000000e+00  2.987046e+09  0.000000e+00  0.000000e+00  5.823579e+08  5.478417e+08  5.101372e+08  4.876819e+08
2.555177e+04  3.307092e+09  0.000000e+00  0.000000e+00  2.970928e+09  0.000000e+00  0.000000e+00  5.801168e+08  5.457779e+08  5.082127e+08  4.858345e+08
2.567984e+04  3.289255e+09  0.000000e+00  0.000000e+00  2.954904e+09  0.000000e+00  0.000000e+00  5.778535e+08  5.436877e+08  5.062612e+08  4.839603e+08
2.580854e+04  3.271474e+09  0.000000e+00  0.000000e+00  2.938930e+09  0.000000e+00  0.000000e+00  5.755684e+08  5.415716e+08  5.042832e+08  4.820597e+08
2.593789e+04  3.253844e+09  0.000000e+00  0.000000e+00  2.923092e+09  0.000000e+00  0.000000e+00  5.732621e+08  5.394304e+08  5.022795e+08  4.801336e+08
2.606789e+04  3.236221e+09  0.000000e+00  0.000000e+00  2.907261e+09  0.000000e+00  0.000000e+00  5.709346e+08  5.372642e+08  5.002504e+08  4.781822e+08
2.619854e+04  3.218700e+09  0.000000e+00  0.000000e+00  2.891521e+09  0.000000e+00  0.000000e+00  5.685868e+08  5.350740e+08  4.981967e+08  4.762065e+08
2.632985e+04  3.201249e+09  0.000000e+00  0.000000e+00  2.875844e+09  0.000000e+00  0.000000e+00  5.662190e+08  5.328602e+08  4.961189e+08  4.742069e+08
2.646181e+04  3.183695e+09  0.000000e+00  0.000000e+00  2.860074e+09  0.000000e+00  0.000000e+00  5.638320e+08  5.306236e+08  4.940178e+08  4.721841e+08
2.659443e+04  3.166300e+09  0.000000e+00  0.000000e+00  2.844448e+09  0.000000e+00  0.000000e+00  5.614272e+08  5.283655e+08  4.918946e+08  4.701394e+08
2.672772e+04  3.148868e+09  0.000000e+00  0.000000e+00  2.828787e+09  0.000000e+00  0.000000e+00  5.590048e+08  5.260862e+08  4.897497e+08  4.680732e+08
2.686168e+04  3.131623e+09  0.000000e+00  0.000000e+00  2.813295e+09  0.000000e+00  0.000000e+00  5.565660e+08  5.237868e+08  4.875842e+08  4.659864e+08
2.699631e+04  3.114387e+09  0.000000e+00  0.000000e+00  2.797811e+09  0.000000e+00  0.000000e+00  5.541108e+08  5.214676e+08  4.853983e+08  4.638794e+08
2.713161e+04  3.097334e+09  0.000000e+00  0.000000e+00  2.782491e+09  0.000000e+00  0.000000e+00  5.516398e+08  5.191292e+08  4.831927e+08  4.617530e+08
2.726759e+04  3.080245e+09  0.000000e+00  0.000000e+00  2.767140e+09  0.000000e+00  0.000000e+00  5.491532e+08  5.167719e+08  4.809678e+08  4.596073e+08
2.740426e+04  3.063337e+09  0.000000e+00  0.000000e+00  2.751951e+09  0.000000e+00  0.000000e+00  5.466518e+08  5.143967e+08  4.787245e+08  4.574434e+08
2.754161e+04  3.046466e+09  0.000000e+00  0.000000e+00  2.736794e+09  0.000000e+00  0.000000e+00  5.441358e+08  5.120037e+08  4.764631e+08  4.552615e+08
2.767964e+04  3.029659e+09  0.000000e+00  0.000000e+00  2.721696e+09  0.000000e+00  0.000000e+00  5.416057e+08  5.095938e+08  4.741842e+08  4.530623e+08
2.781837e+04  3.012888e+09  0.000000e+00  0.000000e+00  2.706630e+09  0.000000e+00  0.000000e+00  5.390624e+08  5.071675e+08  4.718887e+08  4.508466e+08
2.795779e+04  2.996250e+09  0.000000e+00  0.000000e+00  2.691683e+09  0.000000e+00  0.000000e+00  5.365064e+08  5.047257e+08  4.695771e+08  4.486151e+08
2.809791e+04  2.979660e+09  0.000000e+00  0.000000e+00  2.676779e+09  0.000000e+00  0.000000e+00  5.339380e+08  5.022686e+08  4.672500e+08  4.463682e+08
2.823874e+04  2.963160e+09  0.000000e+00  0.000000e+00  2.661956e+09  0.000000e+00  0.000000e+00  5.313578e+08  4.997969e+08  4.649079e+08  4.441064e+08
2.838027e+04  2.946748e+09  0.000000e+00  0.000000e+00  2.647212e+09  0.000000e+00  0.000000e+00  5.287661e+08  4.973111e+08  4.625514e+08  4.418303e+08
2.852251e+04  2.930423e+09  0.000000e+00  0.000000e+00  2.632547e+09  0.000000e+00  0.000000e+00  5.261632e+08  4.948116e+08  4.601808e+08  4.395404e+08
2.866546e+04  2.914146e+09  0.000000e+00  0.000000e+00  2.617925e+09  0.000000e+00  0.000000e+00  5.235497e+08  4.922989e+08  4.577969e+08  4.372373e+08
2.880913e+04  2.897985e+09  0.000000e+00  0.000000e+00  2.603407e+09  0.000000e+00  0.000000e+00  5.209260e+08  4.897737e+08  4.554001e+08  4.349214e+08
2.895352e+04  2.881882e+09  0.000000e+00  0.000000e+00  2.588941e+09  0.000000e+00  0.000000e+00  5.182924e+08  4.872363e+08  4.529909e+08  4.325934e+08
2.909863e+04  2.865806e+09  0.000000e+00  0.000000e+00  2.574498e+09  0.000000e+00  0.000000e+00  5.156496e+08  4.846874e+08  4.505700e+08  4.302538e+08
2.924447e+04  2.849814e+09  0.000000e+00  0.000000e+00  2.560132e+09  0.000000e+00  0.000000e+00  5.129983e+08  4.821277e+08  4.481380e+08  4.279033e+08
2.939104e+04  2.833941e+09  0.000000e+00  0.000000e+00  2.545873e+09  0.000000e+00  0.000000e+00  5.103387e+08  4.795577e+08  4.456955e+08  4.255423e+08
2.953835e+04  2.818077e+09  0.000000e+00  0.000000e+00  2.531621e+09  0.000000e+00  0.000000e+00  5.076711e+08  4.769775e+08  4.432426e+08  4.231712e+08
2.968639e+04  2.802367e+09  0.000000e+00  0.000000e+00  2.517508e+09  0.000000e+00  0.000000e+00  5.049961e+08  4.743879e+08  4.407802e+08  4.207907e+08
2.983518e+04  2.786700e+09  0.000000e+00  0.000000e+00  2.503434e+09  0.000000e+00  0.000000e+00  5.023137e+08  4.717892e+08  4.383085e+08  4.184010e+08
2.998471e+04  2.771079e+09  0.000000e+00  0.000000e+00  2.489400e+09  0.000000e+00  0.000000e+00  4.996246e+08  4.691818e+08  4.358280e+08  4.160028e+08
3.013499e+04  2.755570e+09  0.000000e+00  0.000000e+00  2.475468e+09  0.000000e+00  0.000000e+00  4.969292e+08  4.665665e+08  4.333394e+08  4.135966e+08
3.028602e+04  2.740147e+09  0.000000e+00  0.000000e+00  2.461612e+09  0.000000e+00  0.000000e+00  4.942279e+08  4.639435e+08  4.308431e+08  4.111828e+08
3.043782e+04  2.724706e+09  0.000000e+00  0.000000e+00  2.447741e+09  0.000000e+00  0.000000e+00  4.915210e+08  4.613133e+08  4.283394e+08  4.087618e+08
3.059037e+04  2.709376e+09  0.000000e+00  0.000000e+00  2.433970e+09  0.000000e+00  0.000000e+00  4.888092e+08  4.586766e+08  4.258291e+08  4.063343e+08
3.074368e+04  2.694123e+09  0.000000e+00  0.000000e+00  2.420267e+09  0.000000e+00  0.000000e+00  4.860927e+08  4.560337e+08  4.233125e+08  4.039007e+08
3.089777e+04  2.678946e+09  0.000000e+00  0.000000e+00  2.406632e+09  0.000000e+00  0.000000e+00  4.833718e+08  4.533849e+08  4.207900e+08  4.014614e+08
3.105263e+04  2.663810e+09  0.000000e+00  0.000000e+00  2.393035e+09  0.000000e+00  0.000000e+00  4.806468e+08  4.507307e+08  4.182620e+08  3.990167e+08
3.120826e+04  2.648815e+09  0.000000e+00  0.000000e+00  2.379564e+09  0.000000e+00  0.000000e+00  4.779183e+08  4.480717e+08  4.157291e+08  3.965672e+08
3.136467e+04  2.633827e+09  0.000000e+00  0.000000e+00  2.366100e+09  0.000000e+00  0.000000e+00  4.751864e+08  4.454080e+08  4.131916e+08  3.941133e+08
3.152187e+04  2.618977e+09  0.000000e+00  0.000000e+00  2.352759e+09  0.000000e+00  0.000000e+00  4.724517e+08  4.427403e+08  4.106500e+08  3.916554e+08
3.167985e+04  2.604143e+09  0.000000e+00  0.000000e+00  2.339433e+09  0.000000e+00  0.000000e+00  4.697142e+08  4.400687e+08  4.081045e+08  3.891938e+08
3.183863e+04  2.589322e+09  0.000000e+00  0.000000e+00  2.326119e+09  0.000000e+00  0.000000e+00  4.669745e+08  4.373939e+08  4.055558e+08  3.867291e+08
3.199820e+04  2.574661e+09  0.000000e+00  0.000000e+00  2.312948e+09  0.000000e+00  0.000000e+00  4.642331e+08  4.347163e+08  4.030043e+08  3.842617e+08
3.215858e+04  2.560008e+09  0.000000e+00  0.000000e+00  2.299785e+09  0.000000e+00  0.000000e+00  4.614899e+08  4.320359e+08  4.004501e+08  3.817918e+08
3.231975e+04  2.545426e+09  0.000000e+00  0.000000e+00  2.286685e+09  0.000000e+00  0.000000e+00  4.587455e+08  4.293535e+08  3.978938e+08  3.793199e+08
3.248174e+04  2.530913e+09  0.000000e+00  0.000000e+00  2.273647e+09  0.000000e+00  0.000000e+00  4.560003e+08  4.266694e+08  3.953358e+08  3.768465e+08
3.264453e+04  2.516469e+09  0.000000e+00  0.000000e+00  2.260672e+09  0.000000e+00  0.000000e+00  4.532546e+08  4.239839e+08  3.927765e+08  3.743718e+08
3.280814e+04  2.502152e+09  0.000000e+00  0.000000e+00  2.247810e+09  0.000000e+00  0.000000e+00  4.505088e+08  4.212975e+08  3.902164e+08  3.718964e+08
3.297257e+04  2.487900e+09  0.000000e+00  0.000000e+00  2.235007e+09  0.000000e+00  0.000000e+00  4.477627e+08  4.186102e+08  3.876555e+08  3.694204e+08
3.313783e+04  2.473641e+09  0.000000e+00  0.000000e+00  2.222196e+09  0.000000e+00  0.000000e+00  4.450168e+08  4.159225e+08  3.850941e+08  3.669441e+08
3.330391e+04  2.459476e+09  0.000000e+00  0.000000e+00  2.209472e+09  0.000000e+00  0.000000e+00  4.422716e+08  4.132349e+08  3.825329e+08  3.644681e+08
3.347083e+04  2.445311e+09  0.000000e+00  0.000000e+00  2.196747e+09  0.000000e+00  0.000000e+00  4.395271e+08  4.105475e+08  3.799721e+08  3.619925e+08
3.363858e+04  2.431322e+09  0.000000e+00  0.000000e+00  2.184180e+09  0.000000e+00  0.000000e+00  4.367841e+08  4.078609e+08  3.774121e+08  3.595179e+08
3.380718e+04  2.417287e+09  0.000000e+00  0.000000e+00  2.171571e+09  0.000000e+00  0.000000e+00  4.340423e+08  4.051751e+08  3.748530e+08  3.570443e+08
3.397662e+04  2.403372e+09  0.000000e+00  0.000000e+00  2.159071e+09  0.000000e+00  0.000000e+00  4.313025e+08  4.024909e+08  3.722956e+08  3.545724e+08
3.414690e+04  2.389574e+09  0.000000e+00  0.000000e+00  2.146675e+09  0.000000e+00  0.000000e+00  4.285647e+08  3.998083e+08  3.697398e+08  3.521023e+08
3.431805e+04  2.375784e+09  0.000000e+00  0.000000e+00  2.134287e+09  0.000000e+00  0.000000e+00  4.258290e+08  3.971274e+08  3.671859e+08  3.496342e+08
3.449005e+04  2.362056e+09  0.000000e+00  0.000000e+00  2.121955e+09  0.000000e+00  0.000000e+00  4.230958e+08  3.944488e+08  3.646344e+08  3.471685e+08
3.466291e+04  2.348431e+09  0.000000e+00  0.000000e+00  2.109714e+09  0.000000e+00  0.000000e+00  4.203653e+08  3.917727e+08  3.620855e+08  3.447056e+08
3.483663e+04  2.334787e+09  0.000000e+00  0.000000e+00  2.097457e+09  0.000000e+00  0.000000e+00  4.176376e+08  3.890991e+08  3.595393e+08  3.422454e+08
3.501123e+04  2.321289e+09  0.000000e+00  0.000000e+00  2.085331e+09  0.000000e+00  0.000000e+00  4.149133e+08  3.864288e+08  3.569964e+08  3.397886e+08
3.518671e+04  2.307751e+09  0.000000e+00  0.000000e+00  2.073169e+09  0.000000e+00  0.000000e+00  4.121923e+08  3.837616e+08  3.544567e+08  3.373352e+08
3.536306e+04  2.294323e+09  0.000000e+00  0.000000e+00  2.061107e+09  0.000000e+00  0.000000e+00  4.094752e+08  3.810982e+08  3.519210e+08  3.348858e+08
3.554030e+04  2.281003e+09  0.000000e+00  0.000000e+00  2.049140e+09  0.000000e+00  0.000000e+00  4.067622e+08  3.784387e+08  3.493893e+08  3.324405e+08
3.571842e+04  2.267693e+09  0.000000e+00  0.000000e+00  2.037183e+09  0.000000e+00  0.000000e+00  4.040532e+08  3.757833e+08  3.468618e+08  3.299994e+08
3.589744e+04  2.254489e+09  0.000000e+00  0.000000e+00  2.025321e+09  0.000000e+00  0.000000e+00  4.013487e+08  3.731323e+08  3.443389e+08  3.275630e+08
3.607735e+04  2.241342e+09  0.000000e+00  0.000000e+00  2.013511e+09  0.000000e+00  0.000000e+00  3.986485e+08  3.704858e+08  3.418205e+08  3.251312e+08
3.625817e+04  2.228199e+09  0.000000e+00  0.000000e+00  2.001704e+09  0.000000e+00  0.000000e+00  3.959530e+08  3.678439e+08  3.393070e+08  3.227044e+08
3.643989e+04  2.215179e+09  0.000000e+00  0.000000e+00  1.990007e+09  0.000000e+00  0.000000e+00  3.932626e+08  3.652073e+08  3.367989e+08  3.202829e+08
3.662253e+04  2.202147e+09  0.000000e+00  0.000000e+00  1.978300e+09  0.000000e+00  0.000000e+00  3.905772e+08  3.625759e+08  3.342960e+08  3.178668e+08
3.680608e+04  2.189171e+09  0.000000e+00  0.000000e+00  1.966643e+09  0.000000e+00  0.000000e+00  3.878974e+08  3.599502e+08  3.317991e+08  3.154566e+08
3.699054e+04  2.176340e+09  0.000000e+00  0.000000e+00  1.955116e+09  0.000000e+00  0.000000e+00  3.852236e+08  3.573304e+08  3.293082e+08  3.130525e+08
3.717594e+04  2.163474e+09  0.000000e+00  0.000000e+00  1.943558e+09  0.000000e+00  0.000000e+00  3.825553e+08  3.547166e+08  3.268233e+08  3.106545e+08
3.736226e+04  2.150708e+09  0.000000e+00  0.000000e+00  1.932090e+09  0.000000e+00  0.000000e+00  3.798934e+08  3.521092e+08  3.243450e+08  3.082631e+08
3.754952e+04  2.138039e+09  0.000000e+00  0.000000e+00  1.920709e+09  0.000000e+00  0.000000e+00  3.772375e+08  3.495082e+08  3.218732e+08  3.058782e+08
3.773771e+04  2.125423e+09  0.000000e+00  0.000000e+00  1.909375e+09  0.000000e+00  0.000000e+00  3.745879e+08  3.469137e+08  3.194080e+08  3.035000e+08
3.792685e+04  2.112817e+09  0.000000e+00  0.000000e+00  1.898050e+09  0.000000e+00  0.000000e+00  3.719445e+08  3.443258e+08  3.169497e+08  3.011286e+08
3.811694e+04  2.100320e+09  0.000000e+00  0.000000e+00  1.886823e+09  0.000000e+00  0.000000e+00  3.693080e+08  3.417450e+08  3.144985e+08  2.987645e+08
3.830798e+04  2.087805e+09  0.000000e+00  0.000000e+00  1.875581e+09  0.000000e+00  0.000000e+00  3.666781e+08  3.391713e+08  3.120546e+08  2.964075e+08
3.849997e+04  2.075344e+09  0.000000e+00  0.000000e+00  1.864386e+09  0.000000e+00  0.000000e+00  3.640553e+08  3.366051e+08  3.096182e+08  2.940582e+08
3.869293e+04  2.063015e+09  0.000000e+00  0.000000e+00  1.853310e+09  0.000000e+00  0.000000e+00  3.614400e+08  3.340465e+08  3.071897e+08  2.917166e+08
3.888686e+04  2.050655e+09  0.000000e+00  0.000000e+00  1.842207e+09  0.000000e+00  0.000000e+00  3.588318e+08  3.314956e+08  3.047688e+08  2.893828e+08
3.908175e+04  2.038427e+09  0.000000e+00  0.000000e+00  1.831222e+09  0.000000e+00  0.000000e+00  3.562311e+08  3.289526e+08  3.023560e+08  2.870570e+08
3.927763e+04  2.026249e+09  0.000000e+00  0.000000e+00  1.820282e+09  0.000000e+00  0.000000e+00  3.536379e+08  3.264174e+08  2.999513e+08  2.847392e+08
3.947449e+04  2.014080e+09  0.000000e+00  0.000000e+00  1.809350e+09  0.000000e+00  0.000000e+00  3.510522e+08  3.238903e+08  2.975547e+08  2.824296e+08
3.967233e+04  2.002039e+09  0.000000e+00  0.000000e+00  1.798533e+09  0.000000e+00  0.000000e+00  3.484745e+08  3.213716e+08  2.951666e+08  2.801285e+08
3.987116e+04  1.990024e+09  0.000000e+00  0.000000e+00  1.787739e+09  0.000000e+00  0.000000e+00  3.459045e+08  3.188612e+08  2.927869e+08  2.778358e+08
4.007099e+04  1.977992e+09  0.000000e+00  0.000000e+00  1.776930e+09  0.000000e+00  0.000000e+00  3.433425e+08  3.163593e+08  2.904159e+08  2.755517e+08
4.027183e+04  1.966077e+09  0.000000e+00  0.000000e+00  1.766226e+09  0.000000e+00  0.000000e+00  3.407890e+08  3.138664e+08  2.880538e+08  2.732766e+08
4.047367e+04  1.954173e+09  0.000000e+00  0.000000e+00  1.755533e+09  0.000000e+00  0.000000e+00  3.382437e+08  3.113822e+08  2.857007e+08  2.710104e+08
4.067652e+04  1.942354e+09  0.000000e+00  0.000000e+00  1.744914e+09  0.000000e+00  0.000000e+00  3.357069e+08  3.089071e+08  2.833568e+08  2.687533e+08
4.088038e+04  1.930581e+09  0.000000e+00  0.000000e+00  1.734338e+09  0.000000e+00  0.000000e+00  3.331787e+08  3.064411e+08  2.810220e+08  2.665053e+08
4.108527e+04  1.918890e+09  0.000000e+00  0.000000e+00  1.723836e+09  0.000000e+00  0.000000e+00  3.306590e+08  3.039843e+08  2.786965e+08  2.642666e+08
4.129119e+04  1.907245e+09  0.000000e+00  0.000000e+00  1.713375e+09  0.000000e+00  0.000000e+00  3.281481e+08  3.015367e+08  2.763804e+08  2.620373e+08
4.149814e+04  1.895612e+09  0.000000e+00  0.000000e+00  1.702924e+09  0.000000e+00  0.000000e+00  3.256460e+08  2.990987e+08  2.740739e+08  2.598175e+08
4.170612e+04  1.884111e+09  0.000000e+00  0.000000e+00  1.692592e+09  0.000000e+00  0.000000e+00  3.231531e+08  2.966703e+08  2.717772e+08  2.576074e+08
4.191515e+04  1.872559e+09  0.000000e+00  0.000000e+00  1.682215e+09  0.000000e+00  0.000000e+00  3.206692e+08  2.942517e+08  2.694902e+08  2.554070e+08
4.212522e+04  1.861109e+09  0.000000e+00  0.000000e+00  1.671929e+09  0.000000e+00  0.000000e+00  3.181952e+08  2.918434e+08  2.672136e+08  2.532168e+08
4.233635e+04  1.849670e+09  0.000000e+00  0.000000e+00  1.661652e+09  0.000000e+00  0.000000e+00  3.157311e+08  2.894454e+08  2.649473e+08  2.510369e+08
4.254854e+04  1.838308e+09  0.000000e+00  0.000000e+00  1.651445e+09  0.000000e+00  0.000000e+00  3.132773e+08  2.870581e+08  2.626917e+08  2.488675e+08
4.276179e+04  1.827023e+09  0.000000e+00  0.000000e+00  1.641307e+09  0.000000e+00  0.000000e+00  3.108336e+08  2.846815e+08  2.604466e+08  2.467086e+08
4.297611e+04  1.815781e+09  0.000000e+00  0.000000e+00  1.631208e+09  0.000000e+00  0.000000e+00  3.084000e+08  2.823155e+08  2.582122e+08  2.445602e+08
4.319150e+04  1.804582e+09  0.000000e+00  0.000000e+00  1.621147e+09  0.000000e+00  0.000000e+00  3.059766e+08  2.799601e+08  2.559884e+08  2.424223e+08
4.340797e+04  1.793457e+09  0.000000e+00  0.000000e+00  1.611153e+09  0.000000e+00  0.000000e+00  3.035634e+08  2.776155e+08  2.537754e+08  2.402951e+08
4.362553e+04  1.782364e+09  0.000000e+00  0.000000e+00  1.601188e+09  0.000000e+00  0.000000e+00  3.011603e+08  2.752815e+08  2.515730e+08  2.381783e+08
4.384418e+04  1.771286e+09  0.000000e+00  0.000000e+00  1.591236e+09  0.000000e+00  0.000000e+00  2.987674e+08  2.729583e+08  2.493813e+08  2.360722e+08
4.406392e+04  1.760295e+09  0.000000e+00  0.000000e+00  1.581362e+09  0.000000e+00  0.000000e+00  2.963847e+08  2.706459e+08  2.472005e+08  2.339769e+08
4.428477e+04  1.749285e+09  0.000000e+00  0.000000e+00  1.571471e+09  0.000000e+00  0.000000e+00  2.940122e+08  2.683443e+08  2.450304e+08  2.318921e+08
4.450672e+04  1.738406e+09  0.000000e+00  0.000000e+00  1.561698e+09  0.000000e+00  0.000000e+00  2.916502e+08  2.660537e+08  2.428714e+08  2.298183e+08
4.472978e+04  1.727538e+09  0.000000e+00  0.000000e+00  1.551935e+09  0.000000e+00  0.000000e+00  2.892983e+08  2.637739e+08  2.407232e+08  2.277551e+08
4.495396e+04  1.716740e+09  0.000000e+00  0.000000e+00  1.542234e+09  0.000000e+00  0.000000e+00  2.869569e+08  2.615052e+08  2.385860e+08  2.257029e+08
4.517927e+04  1.705982e+09  0.000000e+00  0.000000e+00  1.532569e+09  0.000000e+00  0.000000e+00  2.846259e+08  2.592475e+08  2.364598e+08  2.236615e+08
4.540570e+04  1.695292e+09  0.000000e+00  0.000000e+00  1.522967e+09  0.000000e+00  0.000000e+00  2.823052e+08  2.570008e+08  2.343446e+08  2.216311e+08
4.563327e+04  1.684637e+09  0.000000e+00  0.000000e+00  1.513395e+09  0.000000e+00  0.000000e+00  2.799948e+08  2.547651e+08  2.322404e+08  2.196115e+08
4.586198e+04  1.674023e+09  0.000000e+00  0.000000e+00  1.503860e+09  0.000000e+00  0.000000e+00  2.776949e+08  2.525405e+08  2.301473e+08  2.176028e+08
4.609184e+04  1.663426e+09  0.000000e+00  0.000000e+00  1.494340e+09  0.000000e+00  0.000000e+00  2.754054e+08  2.503270e+08  2.280653e+08  2.156052e+08
4.632285e+04  1.652895e+09  0.000000e+00  0.000000e+00  1.484879e+09  0.000000e+00  0.000000e+00  2.731266e+08  2.481249e+08  2.259946e+08  2.136186e+08
4.655501e+04  1.642402e+09  0.000000e+00  0.000000e+00  1.475453e+09  0.000000e+00  0.000000e+00  2.708584e+08  2.459340e+08  2.239352e+08  2.116432e+08
4.678834e+04  1.631975e+09  0.000000e+00  0.000000e+00  1.466086e+09  0.000000e+00  0.000000e+00  2.686010e+08  2.437545e+08  2.218871e+08  2.096790e+08
4.702284e+04  1.621586e+09  0.000000e+00  0.000000e+00  1.456752e+09  0.000000e+00  0.000000e+00  2.663543e+08  2.415864e+08  2.198503e+08  2.077259e+08
4.725852e+04  1.611260e+09  0.000000e+00  0.000000e+00  1.447476e+09  0.000000e+00  0.000000e+00  2.641183e+08  2.394297e+08  2.178249e+08  2.057841e+08
4.749537e+04  1.600997e+09  0.000000e+00  0.000000e+00  1.438257e+09  0.000000e+00  0.000000e+00  2.618930e+08  2.372844e+08  2.158108e+08  2.038534e+08
4.773342e+04  1.590771e+09  0.000000e+00  0.000000e+00  1.429070e+09  0.000000e+00  0.000000e+00  2.596784e+08  2.351505e+08  2.138081e+08  2.019340e+08
4.797265e+04  1.580557e+09  0.000000e+00  0.000000e+00  1.419894e+09  0.000000e+00  0.000000e+00  2.574747e+08  2.330281e+08  2.118168e+08  2.000258e+08
4.821309e+04  1.570378e+09  0.000000e+00  0.000000e+00  1.410750e+09  0.000000e+00  0.000000e+00  2.552819e+08  2.309173e+08  2.098370e+08  1.981289e+08
4.845473e+04  1.560260e+09  0.000000e+00  0.000000e+00  1.401660e+09  0.000000e+00  0.000000e+00  2.531002e+08  2.288182e+08  2.078689e+08  1.962436e+08
4.869758e+04  1.550177e+09  0.000000e+00  0.000000e+00  1.392603e+09  0.000000e+00  0.000000e+00  2.509296e+08  2.267308e+08  2.059124e+08  1.943696e+08
4.894165e+04  1.540155e+09  0.000000e+00  0.000000e+00  1.383599e+09  0.000000e+00  0.000000e+00  2.487701e+08  2.246551e+08  2.039675e+08  1.925071e+08
4.918694e+04  1.530168e+09  0.000000e+00  0.000000e+00  1.374627e+09  0.000000e+00  0.000000e+00  2.466217e+08  2.225912e+08  2.020343e+08  1.906561e+08
4.943346e+04  1.520241e+09  0.000000e+00  0.000000e+00  1.365709e+09  0.000000e+00  0.000000e+00  2.444846e+08  2.205391e+08  2.001127e+08  1.888165e+08
4.968122e+04  1.510394e+09  0.000000e+00  0.000000e+00  1.356864e+09  0.000000e+00  0.000000e+00  2.423586e+08  2.184988e+08  1.982028e+08  1.869884e+08
4.993021e+04  1.500537e+09  0.000000e+00  0.000000e+00  1.348008e+09  0.000000e+00  0.000000e+00  2.402437e+08  2.164703e+08  1.963046e+08  1.851717e+08
5.018046e+04  1.490850e+09  0.000000e+00  0.000000e+00  1.339306e+09  0.000000e+00  0.000000e+00  2.381402e+08  2.144536e+08  1.944181e+08  1.833667e+08
5.043196e+04  1.481266e+09  0.000000e+00  0.000000e+00  1.330696e+09  0.000000e+00  0.000000e+00  2.360476e+08  2.124486e+08  1.925432e+08  1.815729e+08
5.068472e+04  1.471760e+09  0.000000e+00  0.000000e+00  1.322157e+09  0.000000e+00  0.000000e+00  2.339657e+08  2.104551e+08  1.906797e+08  1.797904e+08
5.093875e+04  1.462310e+09  0.000000e+00  0.000000e+00  1.313667e+09  0.000000e+00  0.000000e+00  2.318945e+08  2.084729e+08  1.888275e+08  1.780191e+08
5.119405e+04  1.452914e+09  0.000000e+00  0.000000e+00  1.305226e+09  0.000000e+00  0.000000e+00  2.298339e+08  2.065021e+08  1.869865e+08  1.762588e+08
5.145063e+04  1.443550e+09  0.000000e+00  0.000000e+00  1.296814e+09  0.000000e+00  0.000000e+00  2.277838e+08  2.045427e+08  1.851569e+08  1.745097e+08
5.170850e+04  1.434260e+09  0.000000e+00  0.000000e+00  1.288469e+09  0.000000e+00  0.000000e+00  2.257443e+08  2.025946e+08  1.833386e+08  1.727717e+08
5.196765e+04  1.424961e+09  0.000000e+00  0.000000e+00  1.280114e+09  0.000000e+00  0.000000e+00  2.237154e+08  2.006579e+08  1.815315e+08  1.710448e+08
5.222811e+04  1.415755e+09  0.000000e+00  0.000000e+00  1.271845e+09  0.000000e+00  0.000000e+00  2.216972e+08  1.987327e+08  1.797359e+08  1.693291e+08
5.248988e+04  1.406566e+09  0.000000e+00  0.000000e+00  1.263590e+09  0.000000e+00  0.000000e+00  2.196896e+08  1.968188e+08  1.779515e+08  1.676244e+08
5.275295e+04  1.397400e+09  0.000000e+00  0.000000e+00  1.255355e+09  0.000000e+00  0.000000e+00  2.176927e+08  1.949163e+08  1.761784e+08  1.659309e+08
5.301734e+04  1.388272e+09  0.000000e+00  0.000000e+00  1.247155e+09  0.000000e+00  0.000000e+00  2.157065e+08  1.930253e+08  1.744167e+08  1.642486e+08
5.328306e+04  1.379155e+09  0.000000e+00  0.000000e+00  1.238965e+09  0.000000e+00  0.000000e+00  2.137310e+08  1.911457e+08  1.726663e+08  1.625774e+08
5.355011e+04  1.370128e+09  0.000000e+00  0.000000e+00  1.230855e+09  0.000000e+00  0.000000e+00  2.117664e+08  1.892778e+08  1.709274e+08  1.609174e+08
5.381850e+04  1.361112e+09  0.000000e+00  0.000000e+00  1.222756e+09  0.000000e+00  0.000000e+00  2.098125e+08  1.874212e+08  1.691998e+08  1.592686e+08
5.408824e+04  1.352165e+09  0.000000e+00  0.000000e+00  1.214718e+09  0.000000e+00  0.000000e+00  2.078694e+08  1.855762e+08  1.674836e+08  1.576309e+08
5.435932e+04  1.343247e+09  0.000000e+00  0.000000e+00  1.206707e+09  0.000000e+00  0.000000e+00  2.059371e+08  1.837427e+08  1.657787e+08  1.560043e+08
5.463177e+04  1.334397e+09  0.000000e+00  0.000000e+00  1.198756e+09  0.000000e+00  0.000000e+00  2.040156e+08  1.819206e+08  1.640851e+08  1.543888e+08
5.490558e+04  1.325549e+09  0.000000e+00  0.000000e+00  1.190808e+09  0.000000e+00  0.000000e+00  2.021047e+08  1.801099e+08  1.624028e+08  1.527844e+08
5.518076e+04  1.316723e+09  0.000000e+00  0.000000e+00  1.182879e+09  0.000000e+00  0.000000e+00  2.002046e+08  1.783107e+08  1.607318e+08  1.511911e+08
5.545732e+04  1.307945e+09  0.000000e+00  0.000000e+00  1.174993e+09  0.000000e+00  0.000000e+00  1.983154e+08  1.765231e+08  1.590722e+08  1.496089e+08
5.573527e+04  1.299214e+09  0.000000e+00  0.000000e+00  1.167150e+09  0.000000e+00  0.000000e+00  1.964371e+08  1.747469e+08  1.574239e+08  1.480378e+08
5.601461e+04  1.290494e+09  0.000000e+00  0.000000e+00  1.159316e+09  0.000000e+00  0.000000e+00  1.945696e+08  1.729823e+08  1.557869e+08  1.464778e+08
5.629535e+04  1.281856e+09  0.000000e+00  0.000000e+00  1.151556e+09  0.000000e+00  0.000000e+00  1.927130e+08  1.712292e+08  1.541613e+08  1.449289e+08
5.657750e+04  1.273228e+09  0.000000e+00  0.000000e+00  1.143805e+09  0.000000e+00  0.000000e+00  1.908672e+08  1.694875e+08  1.525469e+08  1.433910e+08
5.686106e+04  1.264663e+09  0.000000e+00  0.000000e+00  1.136111e+09  0.000000e+00  0.000000e+00  1.890323e+08  1.677574e+08  1.509439e+08  1.418642e+08
5.714604e+04  1.256127e+09  0.000000e+00  0.000000e+00  1.128442e+09  0.000000e+00  0.000000e+00  1.872082e+08  1.660386e+08  1.493520e+08  1.403483e+08
5.743245e+04  1.247649e+09  0.000000e+00  0.000000e+00  1.120826e+09  0.000000e+00  0.000000e+00  1.853950e+08  1.643313e+08  1.477714e+08  1.388434e+08
5.772030e+04  1.239175e+09  0.000000e+00  0.000000e+00  1.113214e+09  0.000000e+00  0.000000e+00  1.835924e+08  1.626354e+08  1.462020e+08  1.373495e+08
5.800959e+04  1.230724e+09  0.000000e+00  0.000000e+00  1.105622e+09  0.000000e+00  0.000000e+00  1.818008e+08  1.609510e+08  1.446438e+08  1.358665e+08
5.830033e+04  1.222317e+09  0.000000e+00  0.000000e+00  1.098069e+09  0.000000e+00  0.000000e+00  1.800201e+08  1.592780e+08  1.430968e+08  1.343945e+08
5.859252e+04  1.213953e+09  0.000000e+00  0.000000e+00  1.090555e+09  0.000000e+00  0.000000e+00  1.782503e+08  1.576165e+08  1.415610e+08  1.329334e+08
5.888618e+04  1.205631e+09  0.000000e+00  0.000000e+00  1.083080e+09  0.000000e+00  0.000000e+00  1.764913e+08  1.559665e+08  1.400365e+08  1.314833e+08
5.918132e+04  1.197337e+09  0.000000e+00  0.000000e+00  1.075629e+09  0.000000e+00  0.000000e+00  1.747432e+08  1.543278e+08  1.385230e+08  1.300440e+08
5.947793e+04  1.189117e+09  0.000000e+00  0.000000e+00  1.068244e+09  0.000000e+00  0.000000e+00  1.730060e+08  1.527005e+08  1.370207e+08  1.286156e+08
5.977603e+04  1.180907e+09  0.000000e+00  0.000000e+00  1.060868e+09  0.000000e+00  0.000000e+00  1.712795e+08  1.510845e+08  1.355294e+08  1.271980e+08
6.007562e+04  1.172739e+09  0.000000e+00  0.000000e+00  1.053531e+09  0.000000e+00  0.000000e+00  1.695639e+08  1.494799e+08  1.340493e+08  1.257911e+08
6.037671e+04  1.164623e+09  0.000000e+00  0.000000e+00  1.046239e+09  0.000000e+00  0.000000e+00  1.678590e+08  1.478866e+08  1.325801e+08  1.243951e+08
6.067932e+04  1.156496e+09  0.000000e+00  0.000000e+00  1.038939e+09  0.000000e+00  0.000000e+00  1.661650e+08  1.463045e+08  1.311220e+08  1.230097e+08
6.098344e+04  1.148409e+09  0.000000e+00  0.000000e+00  1.031674e+09  0.000000e+00  0.000000e+00  1.644818e+08  1.447339e+08  1.296749e+08  1.216351e+08
6.128908e+04  1.140376e+09  0.000000e+00  0.000000e+00  1.024457e+09  0.000000e+00  0.000000e+00  1.628095e+08  1.431745e+08  1.282388e+08  1.202713e+08
6.159626e+04  1.132383e+09  0.000000e+00  0.000000e+00  1.017276e+09  0.000000e+00  0.000000e+00  1.611480e+08  1.416264e+08  1.268137e+08  1.189181e+08
6.190497e+04  1.124415e+09  0.000000e+00  0.000000e+00  1.010119e+09  0.000000e+00  0.000000e+00  1.594973e+08  1.400896e+08  1.253995e+08  1.175755e+08
6.221523e+04  1.116501e+09  0.000000e+00  0.000000e+00  1.003009e+09  0.000000e+00  0.000000e+00  1.578573e+08  1.385639e+08  1.239962e+08  1.162436e+08
6.252705e+04  1.108612e+09  0.000000e+00  0.000000e+00  9.959220e+08  0.000000e+00  0.000000e+00  1.562282e+08  1.370495e+08  1.226038e+08  1.149222e+08
6.284043e+04  1.100775e+09  0.000000e+00  0.000000e+00  9.888820e+08  0.000000e+00  0.000000e+00  1.546097e+08  1.355462e+08  1.212222e+08  1.136113e+08
6.315538e+04  1.092964e+09  0.000000e+00  0.000000e+00  9.818647e+08  0.000000e+00  0.000000e+00  1.530020e+08  1.340541e+08  1.198514e+08  1.123110e+08
6.347191e+04  1.085172e+09  0.000000e+00  0.000000e+00  9.748648e+08  0.000000e+00  0.000000e+00  1.514051e+08  1.325731e+08  1.184914e+08  1.110211e+08
6.379003e+04  1.077399e+09  0.000000e+00  0.000000e+00  9.678820e+08  0.000000e+00  0.000000e+00  1.498188e+08  1.311032e+08  1.171422e+08  1.097417e+08
6.410974e+04  1.069702e+09  0.000000e+00  0.000000e+00  9.609676e+08  0.000000e+00  0.000000e+00  1.482434e+08  1.296444e+08  1.158037e+08  1.084727e+08
6.443105e+04  1.061992e+09  0.000000e+00  0.000000e+00  9.540407e+08  0.000000e+00  0.000000e+00  1.466786e+08  1.281966e+08  1.144759e+08  1.072141e+08
6.475397e+04  1.054356e+09  0.000000e+00  0.000000e+00  9.471813e+08  0.000000e+00  0.000000e+00  1.451245e+08  1.267600e+08  1.131588e+08  1.059659e+08
6.507852e+04  1.046757e+09  0.000000e+00  0.000000e+00  9.403545e+08  0.000000e+00  0.000000e+00  1.435811e+08  1.253343e+08  1.118523e+08  1.047280e+08
6.540468e+04  1.039169e+09  0.000000e+00  0.000000e+00  9.335384e+08  0.000000e+00  0.000000e+00  1.420484e+08  1.239196e+08  1.105564e+08  1.035003e+08
6.573249e+04  1.031643e+09  0.000000e+00  0.000000e+00  9.267766e+08  0.000000e+00  0.000000e+00  1.405263e+08  1.225158e+08  1.092711e+08  1.022829e+08
6.606193e+04  1.024144e+09  0.000000e+00  0.000000e+00  9.200401e+08  0.000000e+00  0.000000e+00  1.390148e+08  1.211230e+08  1.079963e+08  1.010757e+08
6.639303e+04  1.016665e+09  0.000000e+00  0.000000e+00  9.133213e+08  0.000000e+00  0.000000e+00  1.375139e+08  1.197410e+08  1.067320e+08  9.987867e+07
6.672579e+04  1.009212e+09  0.000000e+00  0.000000e+00  9.066266e+08  0.000000e+00  0.000000e+00  1.360236e+08  1.183699e+08  1.054781e+08  9.869176e+07
6.706021e+04  1.001795e+09  0.000000e+00  0.000000e+00  8.999635e+08  0.000000e+00  0.000000e+00  1.345439e+08  1.170097e+08  1.042347e+08  9.751496e+07
6.739631e+04  9.944356e+08  0.000000e+00  0.000000e+00  8.933518e+08  0.000000e+00  0.000000e+00  1.330748e+08  1.156602e+08  1.030017e+08  9.634823e+07
6.773409e+04  9.870876e+08  0.000000e+00  0.000000e+00  8.867507e+08  0.000000e+00  0.000000e+00  1.316162e+08  1.143216e+08  1.017790e+08  9.519151e+07
6.807357e+04  9.797741e+08  0.000000e+00  0.000000e+00  8.801806e+08  0.000000e+00  0.000000e+00  1.301682e+08  1.129937e+08  1.005667e+08  9.404480e+07
6.841475e+04  9.725165e+08  0.000000e+00  0.000000e+00  8.736607e+08  0.000000e+00  0.000000e+00  1.287307e+08  1.116765e+08  9.936464e+07  9.290804e+07
6.875764e+04  9.652708e+08  0.000000e+00  0.000000e+00  8.671516e+08  0.000000e+00  0.000000e+00  1.273037e+08  1.103700e+08  9.817283e+07  9.178117e+07
6.910225e+04  9.580978e+08  0.000000e+00  0.000000e+00  8.607077e+08  0.000000e+00  0.000000e+00  1.258871e+08  1.090741e+08  9.699122e+07  9.066416e+07
6.944858e+04  9.509030e+08  0.000000e+00  0.000000e+00  8.542442e+08  0.000000e+00  0.000000e+00  1.244808e+08  1.077888e+08  9.581972e+07  8.955692e+07
6.979665e+04  9.437532e+08  0.000000e+00  0.000000e+00  8.478213e+08  0.000000e+00  0.000000e+00  1.230851e+08  1.065141e+08  9.465839e+07  8.845951e+07
7.014647e+04  9.366564e+08  0.000000e+00  0.000000e+00  8.414458e+08  0.000000e+00  0.000000e+00  1.216998e+08  1.052500e+08  9.350718e+07  8.737186e+07
7.049804e+04  9.295715e+08  0.000000e+00  0.000000e+00  8.350811e+08  0.000000e+00  0.000000e+00  1.203249e+08  1.039964e+08  9.236601e+07  8.629391e+07
7.085137e+04  9.225193e+08  0.000000e+00  0.000000e+00  8.287457e+08  0.000000e+00  0.000000e+00  1.189603e+08  1.027533e+08  9.123488e+07  8.522564e+07
7.120647e+04  9.155188e+08  0.000000e+00  0.000000e+00  8.224569e+08  0.000000e+00  0.000000e+00  1.176061e+08  1.015206e+08  9.011373e+07  8.416701e+07
7.156335e+04  9.085498e+08  0.000000e+00  0.000000e+00  8.161963e+08  0.000000e+00  0.000000e+00  1.162623e+08  1.002984e+08  8.900249e+07  8.311793e+07
7.192202e+04  9.016123e+08  0.000000e+00  0.000000e+00  8.099639e+08  0.000000e+00  0.000000e+00  1.149286e+08  9.908647e+07  8.790112e+07  8.207838e+07
7.228249e+04  8.947244e+08  0.000000e+00  0.000000e+00  8.037761e+08  0.000000e+00  0.000000e+00  1.136053e+08  9.788490e+07  8.680960e+07  8.104831e+07
7.264476e+04  8.878206e+08  0.000000e+00  0.000000e+00  7.975741e+08  0.000000e+00  0.000000e+00  1.122921e+08  9.669360e+07  8.572786e+07  8.002767e+07
7.300885e+04  8.809949e+08  0.000000e+00  0.000000e+00  7.914423e+08  0.000000e+00  0.000000e+00  1.109892e+08  9.551261e+07  8.465594e+07  7.901649e+07
7.337476e+04  8.741627e+08  0.000000e+00  0.000000e+00  7.853045e+08  0.000000e+00  0.000000e+00  1.096965e+08  9.434182e+07  8.359370e+07  7.801464e+07
7.374251e+04  8.673790e+08  0.000000e+00  0.000000e+00  7.792104e+08  0.000000e+00  0.000000e+00  1.084140e+08  9.318124e+07  8.254117e+07  7.702212e+07
7.411210e+04  8.606258e+08  0.000000e+00  0.000000e+00  7.731437e+08  0.000000e+00  0.000000e+00  1.071416e+08  9.203079e+07  8.149827e+07  7.603887e+07
7.448355e+04  8.539025e+08  0.000000e+00  0.000000e+00  7.671038e+08  0.000000e+00  0.000000e+00  1.058793e+08  9.089046e+07  8.046496e+07  7.506486e+07
7.485685e+04  8.472265e+08  0.000000e+00  0.000000e+00  7.611064e+08  0.000000e+00  0.000000e+00  1.046272e+08  8.976022e+07  7.944122e+07  7.410005e+07
7.523203e+04  8.405967e+08  0.000000e+00  0.000000e+00  7.551505e+08  0.000000e+00  0.000000e+00  1.033851e+08  8.864001e+07  7.842699e+07  7.314438e+07
7.560909e+04  8.339617e+08  0.000000e+00  0.000000e+00  7.491900e+08  0.000000e+00  0.000000e+00  1.021530e+08  8.752975e+07  7.742219e+07  7.219777e+07
7.598803e+04  8.273684e+08  0.000000e+00  0.000000e+00  7.432669e+08  0.000000e+00  0.000000e+00  1.009309e+08  8.642946e+07  7.642682e+07  7.126023e+07
7.636888e+04  8.208148e+08  0.000000e+00  0.000000e+00  7.373794e+08  0.000000e+00  0.000000e+00  9.971884e+07  8.533907e+07  7.544082e+07  7.033169e+07
7.675163e+04  8.142888e+08  0.000000e+00  0.000000e+00  7.315168e+08  0.000000e+00  0.000000e+00  9.851667e+07  8.425853e+07  7.446412e+07  6.941208e+07
7.713631e+04  8.077910e+08  0.000000e+00  0.000000e+00  7.256795e+08  0.000000e+00  0.000000e+00  9.732441e+07  8.318781e+07  7.349671e+07  6.850139e+07
7.752291e+04  8.013215e+08  0.000000e+00  0.000000e+00  7.198677e+08  0.000000e+00  0.000000e+00  9.614208e+07  8.212691e+07  7.253856e+07  6.759958e+07
7.791144e+04  7.948958e+08  0.000000e+00  0.000000e+00  7.140951e+08  0.000000e+00  0.000000e+00  9.496964e+07  8.107577e+07  7.158961e+07  6.670660e+07
7.830193e+04  7.884824e+08  0.000000e+00  0.000000e+00  7.083336e+08  0.000000e+00  0.000000e+00  9.380702e+07  8.003432e+07  7.064980e+07  6.582239e+07
7.869437e+04  7.821275e+08  0.000000e+00  0.000000e+00  7.026247e+08  0.000000e+00  0.000000e+00  9.265421e+07  7.900253e+07  6.971910e+07  6.494691e+07
7.908878e+04  7.757994e+08  0.000000e+00  0.000000e+00  6.969398e+08  0.000000e+00  0.000000e+00  9.151111e+07  7.798031e+07  6.879740e+07  6.408006e+07
7.948517e+04  7.694825e+08  0.000000e+00  0.000000e+00  6.912650e+08  0.000000e+00  0.000000e+00  9.037771e+07  7.696763e+07  6.788468e+07  6.322182e+07
7.988354e+04  7.632056e+08  0.000000e+00  0.000000e+00  6.856262e+08  0.000000e+00  0.000000e+00  8.925406e+07  7.596452e+07  6.698096e+07  6.237219e+07
8.028391e+04  7.569550e+08  0.000000e+00  0.000000e+00  6.800110e+08  0.000000e+00  0.000000e+00  8.814013e+07  7.497091e+07  6.608616e+07  6.153111e+07
8.068629e+04  7.507454e+08  0.000000e+00  0.000000e+00  6.744326e+08  0.000000e+00  0.000000e+00  8.703585e+07  7.398677e+07  6.520025e+07  6.069853e+07
8.109068e+04  7.445622e+08  0.000000e+00  0.000000e+00  6.688779e+08  0.000000e+00  0.000000e+00  8.594117e+07  7.301200e+07  6.432313e+07  5.987438e+07
8.149710e+04  7.384190e+08  0.000000e+00  0.000000e+00  6.633591e+08  0.000000e+00  0.000000e+00  8.485603e+07  7.204655e+07  6.345476e+07  5.905859e+07
8.190556e+04  7.322880e+08  0.000000e+00  0.000000e+00  6.578514e+08  0.000000e+00  0.000000e+00  8.378040e+07  7.109039e+07  6.259508e+07  5.825112e+07
8.231606e+04  7.261967e+08  0.000000e+00  0.000000e+00  6.523792e+08  0.000000e+00  0.000000e+00  8.271432e+07  7.014351e+07  6.174411e+07  5.745197e+07
8.272862e+04  7.201312e+08  0.000000e+00  0.000000e+00  6.469303e+08  0.000000e+00  0.000000e+00  8.165775e+07  6.920588e+07  6.090178e+07  5.666108e+07
8.314325e+04  7.141054e+08  0.000000e+00  0.000000e+00  6.415169e+08  0.000000e+00  0.000000e+00  8.061065e+07  6.827745e+07  6.006804e+07  5.587841e+07
8.355996e+04  7.081199e+08  0.000000e+00  0.000000e+00  6.361399e+08  0.000000e+00  0.000000e+00  7.957295e+07  6.735812e+07  5.924283e+07  5.510387e+07
8.397875e+04  7.021352e+08  0.000000e+00  0.000000e+00  6.307636e+08  0.000000e+00  0.000000e+00  7.854456e+07  6.644783e+07  5.842605e+07  5.433740e+07
8.439965e+04  6.962137e+08  0.000000e+00  0.000000e+00  6.254440e+08  0.000000e+00  0.000000e+00  7.752552e+07  6.554659e+07  5.761772e+07  5.357898e+07
8.482265e+04  6.902919e+08  0.000000e+00  0.000000e+00  6.201241e+08  0.000000e+00  0.000000e+00  7.651577e+07  6.465431e+07  5.681775e+07  5.282855e+07
8.524778e+04  6.844197e+08  0.000000e+00  0.000000e+00  6.148488e+08  0.000000e+00  0.000000e+00  7.551534e+07  6.377103e+07  5.602616e+07  5.208612e+07
8.567503e+04  6.785719e+08  0.000000e+00  0.000000e+00  6.095955e+08  0.000000e+00  0.000000e+00  7.452417e+07  6.289666e+07  5.524287e+07  5.135160e+07
8.610443e+04  6.727603e+08  0.000000e+00  0.000000e+00  6.043746e+08  0.000000e+00  0.000000e+00  7.354220e+07  6.203114e+07  5.446782e+07  5.062493e+07
8.653598e+04  6.669609e+08  0.000000e+00  0.000000e+00  5.991647e+08  0.000000e+00  0.000000e+00  7.256935e+07  6.117439e+07  5.370093e+07  4.990605e+07
8.696969e+04  6.612102e+08  0.000000e+00  0.000000e+00  5.939986e+08  0.000000e+00  0.000000e+00  7.160564e+07  6.032640e+07  5.294218e+07  4.919493e+07
8.740557e+04  6.554776e+08  0.000000e+00  0.000000e+00  5.888486e+08  0.000000e+00  0.000000e+00  7.065100e+07  5.948712e+07  5.219152e+07  4.849152e+07
8.784364e+04  6.497849e+08  0.000000e+00  0.000000e+00  5.837347e+08  0.000000e+00  0.000000e+00  6.970547e+07  5.865654e+07  5.144894e+07  4.779579e+07
8.828391e+04  6.441267e+08  0.000000e+00  0.000000e+00  5.786516e+08  0.000000e+00  0.000000e+00  6.876897e+07  5.783460e+07  5.071436e+07  4.710770e+07
8.872638e+04  6.384808e+08  0.000000e+00  0.000000e+00  5.735796e+08  0.000000e+00  0.000000e+00  6.784144e+07  5.702121e+07  4.998773e+07  4.642715e+07
8.917107e+04  6.328800e+08  0.000000e+00  0.000000e+00  5.685481e+08  0.000000e+00  0.000000e+00  6.692284e+07  5.621633e+07  4.926898e+07  4.575412e+07
8.961799e+04  6.273022e+08  0.000000e+00  0.000000e+00  5.635373e+08  0.000000e+00  0.000000e+00  6.601311e+07  5.541990e+07  4.855805e+07  4.508852e+07
9.006714e+04  6.217472e+08  0.000000e+00  0.000000e+00  5.585469e+08  0.000000e+00  0.000000e+00  6.511224e+07  5.463190e+07  4.785492e+07  4.443034e+07
9.051855e+04  6.162254e+08  0.000000e+00  0.000000e+00  5.535864e+08  0.000000e+00  0.000000e+00  6.422026e+07  5.385233e+07  4.715958e+07  4.377957e+07
9.097222e+04  6.107362e+08  0.000000e+00  0.000000e+00  5.486552e+08  0.000000e+00  0.000000e+00  6.333711e+07  5.308112e+07  4.647197e+07  4.313614e+07
9.142817e+04  6.052696e+08  0.000000e+00  0.000000e+00  5.437443e+08  0.000000e+00  0.000000e+00  6.246272e+07  5.231819e+07  4.579201e+07  4.249998e+07
9.188640e+04  5.998458e+08  0.000000e+00  0.000000e+00  5.388718e+08  0.000000e+00  0.000000e+00  6.159702e+07  5.156349e+07  4.511964e+07  4.187104e+07
9.234693e+04  5.944538e+08  0.000000e+00  0.000000e+00  5.340279e+08  0.000000e+00  0.000000e+00  6.073996e+07  5.081695e+07  4.445479e+07  4.124924e+07
9.280976e+04  5.890839e+08  0.000000e+00  0.000000e+00  5.292038e+08  0.000000e+00  0.000000e+00  5.989152e+07  5.007854e+07  4.379744e+07  4.063456e+07
9.327492e+04  5.837549e+08  0.000000e+00  0.000000e+00  5.244165e+08  0.000000e+00  0.000000e+00  5.905171e+07  4.934824e+07  4.314757e+07  4.002697e+07
9.374240e+04  5.784282e+08  0.000000e+00  0.000000e+00  5.196313e+08  0.000000e+00  0.000000e+00  5.822045e+07  4.862600e+07  4.250511e+07  3.942641e+07
9.421223e+04  5.731422e+08  0.000000e+00  0.000000e+00  5.148826e+08  0.000000e+00  0.000000e+00  5.739773e+07  4.791176e+07  4.187001e+07  3.883284e+07
9.468442e+04  5.678866e+08  0.000000e+00  0.000000e+00  5.101613e+08  0.000000e+00  0.000000e+00  5.658346e+07  4.720544e+07  4.124220e+07  3.824618e+07
9.515897e+04  5.626521e+08  0.000000e+00  0.000000e+00  5.054588e+08  0.000000e+00  0.000000e+00  5.577760e+07  4.650700e+07  4.062162e+07  3.766638e+07
9.563590e+04  5.574501e+08  0.000000e+00  0.000000e+00  5.007856e+08  0.000000e+00  0.000000e+00  5.498016e+07  4.581644e+07  4.000827e+07  3.709342e+07
9.611522e+04  5.523012e+08  0.000000e+00  0.000000e+00  4.961601e+08  0.000000e+00  0.000000e+00  5.419112e+07  4.513370e+07  3.940210e+07  3.652728e+07
9.659694e+04  5.471673e+08  0.000000e+00  0.000000e+00  4.915481e+08  0.000000e+00  0.000000e+00  5.341037e+07  4.445870e+07  3.880303e+07  3.596785e+07
9.708107e+04  5.420627e+08  0.000000e+00  0.000000e+00  4.869623e+08  0.000000e+00  0.000000e+00  5.263786e+07  4.379137e+07  3.821099e+07  3.541509e+07
9.756764e+04  5.369871e+08  0.000000e+00  0.000000e+00  4.824026e+08  0.000000e+00  0.000000e+00  5.187352e+07  4.313165e+07  3.762593e+07  3.486892e+07
9.805664e+04  5.319400e+08  0.000000e+00  0.000000e+00  4.778686e+08  0.000000e+00  0.000000e+00  5.111733e+07  4.247951e+07  3.704779e+07  3.432931e+07
9.854809e+04  5.269048e+08  0.000000e+00  0.000000e+00  4.733453e+08  0.000000e+00  0.000000e+00  5.036929e+07  4.183491e+07  3.647656e+07  3.379624e+07
9.904200e+04  5.219063e+08  0.000000e+00  0.000000e+00  4.688548e+08  0.000000e+00  0.000000e+00  4.962940e+07  4.119786e+07  3.591222e+07  3.326969e+07
9.953839e+04  5.169355e+08  0.000000e+00  0.000000e+00  4.643893e+08  0.000000e+00  0.000000e+00  4.889758e+07  4.056826e+07  3.535469e+07  3.274957e+07
1.000373e+05  5.119872e+08  0.000000e+00  0.000000e+00  4.599440e+08  0.000000e+00  0.000000e+00  4.817374e+07  3.994604e+07  3.480389e+07  3.223582e+07
1.005386e+05  5.070930e+08  0.000000e+00  0.000000e+00  4.555473e+08  0.000000e+00  0.000000e+00  4.745785e+07  3.933114e+07  3.425978e+07  3.172839e+07
1.010425e+05  5.022336e+08  0.000000e+00  0.000000e+00  4.511818e+08  0.000000e+00  0.000000e+00  4.674983e+07  3.872349e+07  3.372228e+07  3.122721e+07
1.015490e+05  4.973785e+08  0.000000e+00  0.000000e+00  4.468202e+08  0.000000e+00  0.000000e+00  4.604967e+07  3.812308e+07  3.319138e+07  3.073226e+07
1.020579e+05  4.925725e+08  0.000000e+00  0.000000e+00  4.425028e+08  0.000000e+00  0.000000e+00  4.535736e+07  3.752988e+07  3.266704e+07  3.024350e+07
1.025694e+05  4.877781e+08  0.000000e+00  0.000000e+00  4.381957e+08  0.000000e+00  0.000000e+00  4.467279e+07  3.694378e+07  3.214916e+07  2.976085e+07
1.030835e+05  4.830028e+08  0.000000e+00  0.000000e+00  4.339058e+08  0.000000e+00  0.000000e+00  4.399591e+07  3.636473e+07  3.163769e+07  2.928424e+07
1.036001e+05  4.782606e+08  0.000000e+00  0.000000e+00  4.296457e+08  0.000000e+00  0.000000e+00  4.332671e+07  3.579269e+07  3.113260e+07  2.881366e+07
1.041194e+05  4.735442e+08  0.000000e+00  0.000000e+00  4.254087e+08  0.000000e+00  0.000000e+00  4.266516e+07  3.522764e+07  3.063386e+07  2.834906e+07
1.046412e+05  4.688479e+08  0.000000e+00  0.000000e+00  4.211898e+08  0.000000e+00  0.000000e+00  4.201125e+07  3.466955e+07  3.014144e+07  2.789043e+07
1.051657e+05  4.642070e+08  0.000000e+00  0.000000e+00  4.170207e+08  0.000000e+00  0.000000e+00  4.136492e+07  3.411837e+07  2.965528e+07  2.743769e+07
1.056927e+05  4.595994e+08  0.000000e+00  0.000000e+00  4.128814e+08  0.000000e+00  0.000000e+00  4.072604e+07  3.357396e+07  2.917527e+07  2.699074e+07
1.062225e+05  4.550231e+08  0.000000e+00  0.000000e+00  4.087702e+08  0.000000e+00  0.000000e+00  4.009454e+07  3.303626e+07  2.870133e+07  2.654953e+07
1.067548e+05  4.504582e+08  0.000000e+00  0.000000e+00  4.046694e+08  0.000000e+00  0.000000e+00  3.947039e+07  3.250524e+07  2.823345e+07  2.611402e+07
1.072899e+05  4.459242e+08  0.000000e+00  0.000000e+00  4.005962e+08  0.000000e+00  0.000000e+00  3.885361e+07  3.198089e+07  2.777160e+07  2.568419e+07
1.078276e+05  4.414080e+08  0.000000e+00  0.000000e+00  3.965391e+08  0.000000e+00  0.000000e+00  3.824415e+07  3.146317e+07  2.731575e+07  2.526001e+07
1.083680e+05  4.369219e+08  0.000000e+00  0.000000e+00  3.925091e+08  0.000000e+00  0.000000e+00  3.764194e+07  3.095199e+07  2.686581e+07  2.484139e+07
1.089112e+05  4.324474e+08  0.000000e+00  0.000000e+00  3.884894e+08  0.000000e+00  0.000000e+00  3.704691e+07  3.044728e+07  2.642173e+07  2.442828e+07
1.094570e+05  4.280067e+08  0.000000e+00  0.000000e+00  3.845001e+08  0.000000e+00  0.000000e+00  3.645905e+07  2.994904e+07  2.598347e+07  2.402066e+07
1.100056e+05  4.236102e+08  0.000000e+00  0.000000e+00  3.805505e+08  0.000000e+00  0.000000e+00  3.587835e+07  2.945723e+07  2.555102e+07  2.361849e+07
1.105570e+05  4.192656e+08  0.000000e+00  0.000000e+00  3.766475e+08  0.000000e+00  0.000000e+00  3.530472e+07  2.897178e+07  2.512430e+07  2.322172e+07
1.111111e+05  4.149379e+08  0.000000e+00  0.000000e+00  3.727597e+08  0.000000e+00  0.000000e+00  3.473806e+07  2.849258e+07  2.470322e+07  2.283024e+07
1.116679e+05  4.106328e+08  0.000000e+00  0.000000e+00  3.688922e+08  0.000000e+00  0.000000e+00  3.417830e+07  2.801958e+07  2.428773e+07  2.244402e+07
1.122276e+05  4.063447e+08  0.000000e+00  0.000000e+00  3.650399e+08  0.000000e+00  0.000000e+00  3.362541e+07  2.755272e+07  2.387776e+07  2.206299e+07
1.127901e+05  4.020843e+08  0.000000e+00  0.000000e+00  3.612126e+08  0.000000e+00  0.000000e+00  3.307940e+07  2.709201e+07  2.347333e+07  2.168716e+07
1.133554e+05  3.978459e+08  0.000000e+00  0.000000e+00  3.574051e+08  0.000000e+00  0.000000e+00  3.254023e+07  2.663741e+07  2.307440e+07  2.131649e+07
1.139235e+05  3.936240e+08  0.000000e+00  0.000000e+00  3.536124e+08  0.000000e+00  0.000000e+00  3.200785e+07  2.618886e+07  2.268089e+07  2.095091e+07
1.144945e+05  3.894189e+08  0.000000e+00  0.000000e+00  3.498346e+08  0.000000e+00  0.000000e+00  3.148220e+07  2.574629e+07  2.229276e+07  2.059038e+07
1.150683e+05  3.852752e+08  0.000000e+00  0.000000e+00  3.461122e+08  0.000000e+00  0.000000e+00  3.096324e+07  2.530967e+07  2.190996e+07  2.023486e+07
1.156450e+05  3.811791e+08  0.000000e+00  0.000000e+00  3.424325e+08  0.000000e+00  0.000000e+00  3.045090e+07  2.487892e+07  2.153243e+07  1.988428e+07
1.162246e+05  3.771059e+08  0.000000e+00  0.000000e+00  3.387733e+08  0.000000e+00  0.000000e+00  2.994511e+07  2.445399e+07  2.116013e+07  1.953859e+07
1.168071e+05  3.730485e+08  0.000000e+00  0.000000e+00  3.351284e+08  0.000000e+00  0.000000e+00  2.944582e+07  2.403481e+07  2.079298e+07  1.919775e+07
1.173926e+05  3.690168e+08  0.000000e+00  0.000000e+00  3.315064e+08  0.000000e+00  0.000000e+00  2.895296e+07  2.362133e+07  2.043093e+07  1.886168e+07
1.179809e+05  3.650053e+08  0.000000e+00  0.000000e+00  3.279028e+08  0.000000e+00  0.000000e+00  2.846649e+07  2.321349e+07  2.007394e+07  1.853035e+07
1.185722e+05  3.610096e+08  0.000000e+00  0.000000e+00  3.243132e+08  0.000000e+00  0.000000e+00  2.798640e+07  2.281129e+07  1.972198e+07  1.820375e+07
1.191665e+05  3.570341e+08  0.000000e+00  0.000000e+00  3.207418e+08  0.000000e+00  0.000000e+00  2.751269e+07  2.241470e+07  1.937504e+07  1.788184e+07
1.197638e+05  3.530832e+08  0.000000e+00  0.000000e+00  3.171925e+08  0.000000e+00  0.000000e+00  2.704530e+07  2.202367e+07  1.903307e+07  1.756458e+07
1.203640e+05  3.491730e+08  0.000000e+00  0.000000e+00  3.136798e+08  0.000000e+00  0.000000e+00  2.658416e+07  2.163812e+07  1.869600e+07  1.725191e+07
1.209673e+05  3.453219e+08  0.000000e+00  0.000000e+00  3.102201e+08  0.000000e+00  0.000000e+00  2.612918e+07  2.125799e+07  1.836376e+07  1.694377e+07
1.215735e+05  3.414909e+08  0.000000e+00  0.000000e+00  3.067785e+08  0.000000e+00  0.000000e+00  2.568031e+07  2.088322e+07  1.803630e+07  1.664009e+07
1.221829e+05  3.376876e+08  0.000000e+00  0.000000e+00  3.033619e+08  0.000000e+00  0.000000e+00  2.523751e+07  2.051377e+07  1.771359e+07  1.634086e+07
1.227952e+05  3.339032e+08  0.000000e+00  0.000000e+00  2.999621e+08  0.000000e+00  0.000000e+00  2.480073e+07  2.014957e+07  1.739556e+07  1.604602e+07
1.234107e+05  3.301294e+08  0.000000e+00  0.000000e+00  2.965719e+08  0.000000e+00  0.000000e+00  2.436988e+07  1.979058e+07  1.708217e+07  1.575551e+07
1.240292e+05  3.263825e+08  0.000000e+00  0.000000e+00  2.932059e+08  0.000000e+00  0.000000e+00  2.394497e+07  1.943676e+07  1.677338e+07  1.546930e+07
1.246508e+05  3.226501e+08  0.000000e+00  0.000000e+00  2.898529e+08  0.000000e+00  0.000000e+00  2.352598e+07  1.908809e+07  1.646918e+07  1.518738e+07
1.252756e+05  3.189401e+08  0.000000e+00  0.000000e+00  2.865200e+08  0.000000e+00  0.000000e+00  2.311288e+07  1.874455e+07  1.616954e+07  1.490972e+07
1.259034e+05  3.152646e+08  0.000000e+00  0.000000e+00  2.832182e+08  0.000000e+00  0.000000e+00  2.270560e+07  1.840607e+07  1.587440e+07  1.463626e+07
1.265344e+05  3.116465e+08  0.000000e+00  0.000000e+00  2.799678e+08  0.000000e+00  0.000000e+00  2.230407e+07  1.807257e+07  1.558368e+07  1.436694e+07
1.271686e+05  3.080687e+08  0.000000e+00  0.000000e+00  2.767537e+08  0.000000e+00  0.000000e+00  2.190820e+07  1.774399e+07  1.529732e+07  1.410169e+07
1.278060e+05  3.045048e+08  0.000000e+00  0.000000e+00  2.735521e+08  0.000000e+00  0.000000e+00  2.151793e+07  1.742027e+07  1.501529e+07  1.384049e+07
1.284465e+05  3.009691e+08  0.000000e+00  0.000000e+00  2.703757e+08  0.000000e+00  0.000000e+00  2.113325e+07  1.710138e+07  1.473755e+07  1.358328e+07
1.290903e+05  2.974363e+08  0.000000e+00  0.000000e+00  2.672021e+08  0.000000e+00  0.000000e+00  2.075407e+07  1.678726e+07  1.446403e+07  1.333001e+07
1.297373e+05  2.939280e+08  0.000000e+00  0.000000e+00  2.640504e+08  0.000000e+00  0.000000e+00  2.038037e+07  1.647787e+07  1.419470e+07  1.308067e+07
1.303875e+05  2.904367e+08  0.000000e+00  0.000000e+00  2.609140e+08  0.000000e+00  0.000000e+00  2.001213e+07  1.617319e+07  1.392955e+07  1.283521e+07
1.310410e+05  2.869624e+08  0.000000e+00  0.000000e+00  2.577928e+08  0.000000e+00  0.000000e+00  1.964935e+07  1.587320e+07  1.366855e+07  1.259363e+07
1.316978e+05  2.835243e+08  0.000000e+00  0.000000e+00  2.547042e+08  0.000000e+00  0.000000e+00  1.929195e+07  1.557785e+07  1.341165e+07  1.235587e+07
1.323578e+05  2.801383e+08  0.000000e+00  0.000000e+00  2.516624e+08  0.000000e+00  0.000000e+00  1.893985e+07  1.528705e+07  1.315878e+07  1.212187e+07
1.330212e+05  2.767980e+08  0.000000e+00  0.000000e+00  2.486616e+08  0.000000e+00  0.000000e+00  1.859298e+07  1.500074e+07  1.290988e+07  1.189156e+07
1.336879e+05  2.734739e+08  0.000000e+00  0.000000e+00  2.456754e+08  0.000000e+00  0.000000e+00  1.825127e+07  1.471886e+07  1.266490e+07  1.166492e+07
1.343579e+05  2.701720e+08  0.000000e+00  0.000000e+00  2.427092e+08  0.000000e+00  0.000000e+00  1.791469e+07  1.444138e+07  1.242381e+07  1.144189e+07
1.350313e+05  2.668859e+08  0.000000e+00  0.000000e+00  2.397571e+08  0.000000e+00  0.000000e+00  1.758316e+07  1.416824e+07  1.218654e+07  1.122244e+07
1.357081e+05  2.636095e+08  0.000000e+00  0.000000e+00  2.368137e+08  0.000000e+00  0.000000e+00  1.725667e+07  1.389940e+07  1.195308e+07  1.100651e+07
1.363882e+05  2.603548e+08  0.000000e+00  0.000000e+00  2.338899e+08  0.000000e+00  0.000000e+00  1.693519e+07  1.363484e+07  1.172339e+07  1.079412e+07
1.370718e+05  2.571213e+08  0.000000e+00  0.000000e+00  2.309851e+08  0.000000e+00  0.000000e+00  1.661870e+07  1.337454e+07  1.149746e+07  1.058521e+07
1.377588e+05  2.538962e+08  0.000000e+00  0.000000e+00  2.280878e+08  0.000000e+00  0.000000e+00  1.630713e+07  1.311844e+07  1.127522e+07  1.037975e+07
1.384492e+05  2.507375e+08  0.000000e+00  0.000000e+00  2.252502e+08  0.000000e+00  0.000000e+00  1.600046e+07  1.286649e+07  1.105665e+07  1.017769e+07
1.391431e+05  2.476407e+08  0.000000e+00  0.000000e+00  2.224682e+08  0.000000e+00  0.000000e+00  1.569857e+07  1.261862e+07  1.084167e+07  9.978981e+06
1.398405e+05  2.445585e+08  0.000000e+00  0.000000e+00  2.196993e+08  0.000000e+00  0.000000e+00  1.540138e+07  1.237475e+07  1.063021e+07  9.783545e+06
1.405414e+05  2.414855e+08  0.000000e+00  0.000000e+00  2.169386e+08  0.000000e+00  0.000000e+00  1.510883e+07  1.213483e+07  1.042223e+07  9.591349e+06
1.412458e+05  2.384272e+08  0.000000e+00  0.000000e+00  2.141912e+08  0.000000e+00  0.000000e+00  1.482090e+07  1.189883e+07  1.021769e+07  9.402358e+06
1.419537e+05  2.353937e+08  0.000000e+00  0.000000e+00  2.114660e+08  0.000000e+00  0.000000e+00  1.453756e+07  1.166672e+07  1.001658e+07  9.216548e+06
1.426651e+05  2.323693e+08  0.000000e+00  0.000000e+00  2.087491e+08  0.000000e+00  0.000000e+00  1.425876e+07  1.143846e+07  9.818858e+06  9.033890e+06
1.433802e+05  2.293591e+08  0.000000e+00  0.000000e+00  2.060449e+08  0.000000e+00  0.000000e+00  1.398449e+07  1.121403e+07  9.624493e+06  8.854353e+06
1.440988e+05  2.263632e+08  0.000000e+00  0.000000e+00  2.033535e+08  0.000000e+00  0.000000e+00  1.371469e+07  1.099337e+07  9.433445e+06  8.677899e+06
1.448210e+05  2.234330e+08  0.000000e+00  0.000000e+00  2.007212e+08  0.000000e+00  0.000000e+00  1.344933e+07  1.077646e+07  9.245685e+06  8.504500e+06
1.455468e+05  2.205552e+08  0.000000e+00  0.000000e+00  1.981359e+08  0.000000e+00  0.000000e+00  1.318832e+07  1.056322e+07  9.061142e+06  8.334089e+06
1.462763e+05  2.176966e+08  0.000000e+00  0.000000e+00  1.955679e+08  0.000000e+00  0.000000e+00  1.293155e+07  1.035356e+07  8.879744e+06  8.166602e+06
1.470094e+05  2.148649e+08  0.000000e+00  0.000000e+00  1.930240e+08  0.000000e+00  0.000000e+00  1.267897e+07  1.014743e+07  8.701447e+06  8.001995e+06
1.477462e+05  2.120331e+08  0.000000e+00  0.000000e+00  1.904800e+08  0.000000e+00  0.000000e+00  1.243053e+07  9.944800e+06  8.526214e+06  7.840234e+06
1.484867e+05  2.092232e+08  0.000000e+00  0.000000e+00  1.879558e+08  0.000000e+00  0.000000e+00  1.218624e+07  9.745651e+06  8.354033e+06  7.681308e+06
1.492309e+05  2.064264e+08  0.000000e+00  0.000000e+00  1.854433e+08  0.000000e+00  0.000000e+00  1.194603e+07  9.549938e+06  8.184864e+06  7.525177e+06
1.499788e+05  2.036426e+08  0.000000e+00  0.000000e+00  1.829425e+08  0.000000e+00  0.000000e+00  1.170988e+07  9.357624e+06  8.018670e+06  7.371807e+06
1.507305e+05  2.008759e+08  0.000000e+00  0.000000e+00  1.804569e+08  0.000000e+00  0.000000e+00  1.147775e+07  9.168682e+06  7.855426e+06  7.221176e+06
1.514860e+05  1.981516e+08  0.000000e+00  0.000000e+00  1.780096e+08  0.000000e+00  0.000000e+00  1.124960e+07  8.983079e+06  7.695103e+06  7.073254e+06
1.522452e+05  1.954907e+08  0.000000e+00  0.000000e+00  1.756192e+08  0.000000e+00  0.000000e+00  1.102536e+07  8.800743e+06  7.537638e+06  6.927984e+06
1.530082e+05  1.928665e+08  0.000000e+00  0.000000e+00  1.732618e+08  0.000000e+00  0.000000e+00  1.080492e+07  8.621583e+06  7.382951e+06  6.785291e+06
1.537751e+05  1.902505e+08  0.000000e+00  0.000000e+00  1.709117e+08  0.000000e+00  0.000000e+00  1.058820e+07  8.445548e+06  7.230997e+06  6.645134e+06
1.545458e+05  1.876467e+08  0.000000e+00  0.000000e+00  1.685725e+08  0.000000e+00  0.000000e+00  1.037519e+07  8.272614e+06  7.081755e+06  6.507493e+06
1.553204e+05  1.850585e+08  0.000000e+00  0.000000e+00  1.662474e+08  0.000000e+00  0.000000e+00  1.016584e+07  8.102745e+06  6.935190e+06  6.372334e+06
1.560988e+05  1.824823e+08  0.000000e+00  0.000000e+00  1.639331e+08  0.000000e+00  0.000000e+00  9.960132e+06  7.935905e+06  6.791272e+06  6.239629e+06
1.568812e+05  1.799214e+08  0.000000e+00  0.000000e+00  1.616325e+08  0.000000e+00  0.000000e+00  9.758028e+06  7.772071e+06  6.649977e+06  6.109356e+06
1.576675e+05  1.773688e+08  0.000000e+00  0.000000e+00  1.593394e+08  0.000000e+00  0.000000e+00  9.559493e+06  7.611208e+06  6.511274e+06  5.981485e+06
1.584577e+05  1.748554e+08  0.000000e+00  0.000000e+00  1.570814e+08  0.000000e+00  0.000000e+00  9.364496e+06  7.453285e+06  6.375135e+06  5.855989e+06
1.592519e+05  1.724089e+08  0.000000e+00  0.000000e+00  1.548836e+08  0.000000e+00  0.000000e+00  9.172966e+06  7.298243e+06  6.241507e+06  5.732820e+06
1.600500e+05  1.699952e+08  0.000000e+00  0.000000e+00  1.527153e+08  0.000000e+00  0.000000e+00  8.984794e+06  7.145996e+06  6.110317e+06  5.611910e+06
1.608522e+05  1.676024e+08  0.000000e+00  0.000000e+00  1.505657e+08  0.000000e+00  0.000000e+00  8.799916e+06  6.996488e+06  5.981518e+06  5.493215e+06
1.616584e+05  1.652171e+08  0.000000e+00  0.000000e+00  1.484229e+08  0.000000e+00  0.000000e+00  8.618288e+06  6.849682e+06  5.855073e+06  5.376702e+06
1.624686e+05  1.628429e+08  0.000000e+00  0.000000e+00  1.462900e+08  0.000000e+00  0.000000e+00  8.439889e+06  6.705556e+06  5.730964e+06  5.262351e+06
1.632828e+05  1.604825e+08  0.000000e+00  0.000000e+00  1.441696e+08  0.000000e+00  0.000000e+00  8.264688e+06  6.564082e+06  5.609164e+06  5.150140e+06
1.641012e+05  1.581329e+08  0.000000e+00  0.000000e+00  1.420588e+08  0.000000e+00  0.000000e+00  8.092650e+06  6.425226e+06  5.489643e+06  5.040038e+06
1.649237e+05  1.557969e+08  0.000000e+00  0.000000e+00  1.399602e+08  0.000000e+00  0.000000e+00  7.923750e+06  6.288964e+06  5.372379e+06  4.932025e+06
1.657503e+05  1.534819e+08  0.000000e+00  0.000000e+00  1.378805e+08  0.000000e+00  0.000000e+00  7.757953e+06  6.155267e+06  5.257345e+06  4.826076e+06
1.665810e+05  1.512363e+08  0.000000e+00  0.000000e+00  1.358632e+08  0.000000e+00  0.000000e+00  7.595212e+06  6.024090e+06  5.144503e+06  4.722155e+06
1.674159e+05  1.490383e+08  0.000000e+00  0.000000e+00  1.338886e+08  0.000000e+00  0.000000e+00  7.435416e+06  5.895348e+06  5.033778e+06  4.620193e+06
1.682549e+05  1.468530e+08  0.000000e+00  0.000000e+00  1.319254e+08  0.000000e+00  0.000000e+00  7.278487e+06  5.768978e+06  4.925116e+06  4.520141e+06
1.690982e+05  1.446776e+08  0.000000e+00  0.000000e+00  1.299712e+08  0.000000e+00  0.000000e+00  7.124393e+06  5.644950e+06  4.818492e+06  4.421974e+06
1.699457e+05  1.425146e+08  0.000000e+00  0.000000e+00  1.280281e+08  0.000000e+00  0.000000e+00  6.973108e+06  5.523239e+06  4.713881e+06  4.325671e+06
1.707975e+05  1.403614e+08  0.000000e+00  0.000000e+00  1.260938e+08  0.000000e+00  0.000000e+00  6.824603e+06  5.403820e+06  4.611261e+06  4.231209e+06
1.716535e+05  1.382204e+08  0.000000e+00  0.000000e+00  1.241704e+08  0.000000e+00  0.000000e+00  6.678852e+06  5.286668e+06  4.510609e+06  4.138567e+06
1.725138e+05  1.360867e+08  0.000000e+00  0.000000e+00  1.222536e+08  0.000000e+00  0.000000e+00  6.535826e+06  5.171756e+06  4.411902e+06  4.047722e+06
1.733784e+05  1.339695e+08  0.000000e+00  0.000000e+00  1.203515e+08  0.000000e+00  0.000000e+00  6.395505e+06  5.059064e+06  4.315119e+06  3.958657e+06
1.742474e+05  1.319136e+08  0.000000e+00  0.000000e+00  1.185046e+08  0.000000e+00  0.000000e+00  6.257849e+06  4.948558e+06  4.220233e+06  3.871344e+06
1.751207e+05  1.299240e+08  0.000000e+00  0.000000e+00  1.167173e+08  0.000000e+00  0.000000e+00  6.122761e+06  4.840162e+06  4.127176e+06  3.785722e+06
1.759984e+05  1.279410e+08  0.000000e+00  0.000000e+00  1.149359e+08  0.000000e+00  0.000000e+00  5.990144e+06  4.733798e+06  4.035883e+06  3.701731e+06
1.768805e+05  1.259693e+08  0.000000e+00  0.000000e+00  1.131646e+08  0.000000e+00  0.000000e+00  5.859977e+06  4.629448e+06  3.946336e+06  3.619355e+06
1.777670e+05  1.240085e+08  0.000000e+00  0.000000e+00  1.114031e+08  0.000000e+00  0.000000e+00  5.732234e+06  4.527086e+06  3.858515e+06  3.538573e+06
1.786580e+05  1.220544e+08  0.000000e+00  0.000000e+00  1.096476e+08  0.000000e+00  0.000000e+00  5.606890e+06  4.426692e+06  3.772398e+06  3.459365e+06
1.795534e+05  1.201133e+08  0.000000e+00  0.000000e+00  1.079039e+08  0.000000e+00  0.000000e+00  5.483927e+06  4.328246e+06  3.687968e+06  3.381717e+06
1.804533e+05  1.181809e+08  0.000000e+00  0.000000e+00  1.061678e+08  0.000000e+00  0.000000e+00  5.363317e+06  4.231724e+06  3.605204e+06  3.305607e+06
1.813577e+05  1.162571e+08  0.000000e+00  0.000000e+00  1.044397e+08  0.000000e+00  0.000000e+00  5.245040e+06  4.137107e+06  3.524089e+06  3.231019e+06
1.822667e+05  1.143887e+08  0.000000e+00  0.000000e+00  1.027612e+08  0.000000e+00  0.000000e+00  5.129072e+06  4.044373e+06  3.444602e+06  3.157934e+06
1.831802e+05  1.125830e+08  0.000000e+00  0.000000e+00  1.011390e+08  0.000000e+00  0.000000e+00  5.015327e+06  3.953455e+06  3.366685e+06  3.086300e+06
1.840982e+05  1.107968e+08  0.000000e+00  0.000000e+00  9.953441e+07  0.000000e+00  0.000000e+00  4.903717e+06  3.864282e+06  3.290281e+06  3.016062e+06
1.850209e+05  1.090186e+08  0.000000e+00  0.000000e+00  9.793696e+07  0.000000e+00  0.000000e+00  4.794207e+06  3.776827e+06  3.215363e+06  2.947196e+06
1.859482e+05  1.072502e+08  0.000000e+00  0.000000e+00  9.634824e+07  0.000000e+00  0.000000e+00  4.686780e+06  3.691072e+06  3.141915e+06  2.879688e+06
1.868802e+05  1.054896e+08  0.000000e+00  0.000000e+00  9.476664e+07  0.000000e+00  0.000000e+00  4.581414e+06  3.606998e+06  3.069921e+06  2.813522e+06
1.878168e+05  1.037403e+08  0.000000e+00  0.000000e+00  9.319516e+07  0.000000e+00  0.000000e+00  4.478092e+06  3.524588e+06  2.999365e+06  2.748683e+06
1.887581e+05  1.019955e+08  0.000000e+00  0.000000e+00  9.162769e+07  0.000000e+00  0.000000e+00  4.376793e+06  3.443824e+06  2.930230e+06  2.685155e+06
1.897042e+05  1.002634e+08  0.000000e+00  0.000000e+00  9.007170e+07  0.000000e+00  0.000000e+00  4.277504e+06  3.364693e+06  2.862505e+06  2.622927e+06
1.906550e+05  9.857064e+07  0.000000e+00  0.000000e+00  8.855099e+07  0.000000e+00  0.000000e+00  4.180200e+06  3.287171e+06  2.796169e+06  2.561981e+06
1.916105e+05  9.694117e+07  0.000000e+00  0.000000e+00  8.708716e+07  0.000000e+00  0.000000e+00  4.084820e+06  3.211213e+06  2.731181e+06  2.502278e+06
1.925709e+05  9.534143e+07  0.000000e+00  0.000000e+00  8.565003e+07  0.000000e+00  0.000000e+00  3.991279e+06  3.136749e+06  2.667485e+06  2.443767e+06
1.935360e+05  9.374878e+07  0.000000e+00  0.000000e+00  8.421927e+07  0.000000e+00  0.000000e+00  3.899534e+06  3.063747e+06  2.605051e+06  2.386420e+06
1.945060e+05  9.216468e+07  0.000000e+00  0.000000e+00  8.279619e+07  0.000000e+00  0.000000e+00  3.809570e+06  2.992192e+06  2.543866e+06  2.330225e+06
1.954808e+05  9.058902e+07  0.000000e+00  0.000000e+00  8.138070e+07  0.000000e+00  0.000000e+00  3.721371e+06  2.922070e+06  2.483917e+06  2.275169e+06
1.964606e+05  8.901901e+07  0.000000e+00  0.000000e+00  7.997028e+07  0.000000e+00  0.000000e+00  3.634923e+06  2.853365e+06  2.425191e+06  2.221241e+06
1.974452e+05  8.745875e+07  0.000000e+00  0.000000e+00  7.856862e+07  0.000000e+00  0.000000e+00  3.550212e+06  2.786067e+06  2.367676e+06  2.168430e+06
1.984348e+05  8.590544e+07  0.000000e+00  0.000000e+00  7.717320e+07  0.000000e+00  0.000000e+00  3.467222e+06  2.720161e+06  2.311361e+06  2.116724e+06
1.994293e+05  8.438171e+07  0.000000e+00  0.000000e+00  7.580436e+07  0.000000e+00  0.000000e+00  3.385939e+06  2.655632e+06  2.256231e+06  2.066110e+06
2.004289e+05  8.291911e+07  0.000000e+00  0.000000e+00  7.449043e+07  0.000000e+00  0.000000e+00  3.306319e+06  2.592446e+06  2.202257e+06  2.016561e+06
2.014334e+05  8.149354e+07  0.000000e+00  0.000000e+00  7.320977e+07  0.000000e+00  0.000000e+00  3.228282e+06  2.530540e+06  2.149386e+06  1.968028e+06
2.024430e+05  8.007799e+07  0.000000e+00  0.000000e+00  7.193810e+07  0.000000e+00  0.000000e+00  3.151779e+06  2.469877e+06  2.097586e+06  1.920483e+06
2.034576e+05  7.866747e+07  0.000000e+00  0.000000e+00  7.067096e+07  0.000000e+00  0.000000e+00  3.076795e+06  2.410442e+06  2.046844e+06  1.873913e+06
2.044773e+05  7.726438e+07  0.000000e+00  0.000000e+00  6.941049e+07  0.000000e+00  0.000000e+00  3.003321e+06  2.352226e+06  1.997152e+06  1.828310e+06
2.055021e+05  7.586755e+07  0.000000e+00  0.000000e+00  6.815566e+07  0.000000e+00  0.000000e+00  2.931344e+06  2.295218e+06  1.948499e+06  1.783663e+06
2.065321e+05  7.447918e+07  0.000000e+00  0.000000e+00  6.690841e+07  0.000000e+00  0.000000e+00  2.860854e+06  2.239408e+06  1.900876e+06  1.739966e+06
2.075672e+05  7.309803e+07  0.000000e+00  0.000000e+00  6.566765e+07  0.000000e+00  0.000000e+00  2.791838e+06  2.184784e+06  1.854272e+06  1.697206e+06
2.086075e+05  7.173182e+07  0.000000e+00  0.000000e+00  6.444032e+07  0.000000e+00  0.000000e+00  2.724283e+06  2.131334e+06  1.808678e+06  1.655375e+06
2.096530e+05  7.042555e+07  0.000000e+00  0.000000e+00  6.326683e+07  0.000000e+00  0.000000e+00  2.658167e+06  2.079039e+06  1.764075e+06  1.614457e+06
2.107038e+05  6.916707e+07  0.000000e+00  0.000000e+00  6.213628e+07  0.000000e+00  0.000000e+00  2.593413e+06  2.027840e+06  1.720414e+06  1.574406e+06
2.117598e+05  6.791516e+07  0.000000e+00  0.000000e+00  6.101162e+07  0.000000e+00  0.000000e+00  2.529964e+06  1.977693e+06  1.677658e+06  1.535189e+06
2.128212e+05  6.666879e+07  0.000000e+00  0.000000e+00  5.989194e+07  0.000000e+00  0.000000e+00  2.467809e+06  1.928588e+06  1.635798e+06  1.496797e+06
2.138878e+05  6.542983e+07  0.000000e+00  0.000000e+00  5.877893e+07  0.000000e+00  0.000000e+00  2.406941e+06  1.880518e+06  1.594827e+06  1.459222e+06
2.149598e+05  6.419725e+07  0.000000e+00  0.000000e+00  5.767163e+07  0.000000e+00  0.000000e+00  2.347349e+06  1.833472e+06  1.554735e+06  1.422458e+06
2.160371e+05  6.296922e+07  0.000000e+00  0.000000e+00  5.656844e+07  0.000000e+00  0.000000e+00  2.289023e+06  1.787443e+06  1.515516e+06  1.386495e+06
2.171199e+05  6.174844e+07  0.000000e+00  0.000000e+00  5.547175e+07  0.000000e+00  0.000000e+00  2.231957e+06  1.742422e+06  1.477162e+06  1.351329e+06
2.182081e+05  6.053391e+07  0.000000e+00  0.000000e+00  5.438067e+07  0.000000e+00  0.000000e+00  2.176141e+06  1.698401e+06  1.439665e+06  1.316950e+06
2.193017e+05  5.937345e+07  0.000000e+00  0.000000e+00  5.333817e+07  0.000000e+00  0.000000e+00  2.121562e+06  1.655368e+06  1.403016e+06  1.283351e+06
2.204009e+05  5.826892e+07  0.000000e+00  0.000000e+00  5.234592e+07  0.000000e+00  0.000000e+00  2.068155e+06  1.613274e+06  1.367171e+06  1.250491e+06
2.215055e+05  5.717109e+07  0.000000e+00  0.000000e+00  5.135968e+07  0.000000e+00  0.000000e+00  2.015855e+06  1.572068e+06  1.332088e+06  1.218334e+06
2.226156e+05  5.607888e+07  0.000000e+00  0.000000e+00  5.037850e+07  0.000000e+00  0.000000e+00  1.964654e+06  1.531743e+06  1.297762e+06  1.186871e+06
2.237314e+05  5.499149e+07  0.000000e+00  0.000000e+00  4.940163e+07  0.000000e+00  0.000000e+00  1.914544e+06  1.492292e+06  1.264184e+06  1.156098e+06
2.248527e+05  5.391039e+07  0.000000e+00  0.000000e+00  4.843043e+07  0.000000e+00  0.000000e+00  1.865517e+06  1.453708e+06  1.231350e+06  1.126008e+06
2.259796e+05  5.283406e+07  0.000000e+00  0.000000e+00  4.746350e+07  0.000000e+00  0.000000e+00  1.817568e+06  1.415983e+06  1.199253e+06  1.096595e+06
2.271122e+05  5.176321e+07  0.000000e+00  0.000000e+00  4.650151e+07  0.000000e+00  0.000000e+00  1.770688e+06  1.379112e+06  1.167886e+06  1.067853e+06
2.282505e+05  5.069780e+07  0.000000e+00  0.000000e+00  4.554439e+07  0.000000e+00  0.000000e+00  1.724873e+06  1.343088e+06  1.137244e+06  1.039778e+06
2.293945e+05  4.967428e+07  0.000000e+00  0.000000e+00  4.462492e+07  0.000000e+00  0.000000e+00  1.680110e+06  1.307903e+06  1.107319e+06  1.012361e+06
2.305442e+05  4.870299e+07  0.000000e+00  0.000000e+00  4.375236e+07  0.000000e+00  0.000000e+00  1.636352e+06  1.273517e+06  1.078078e+06  9.855723e+05
2.316997e+05  4.774830e+07  0.000000e+00  0.000000e+00  4.289471e+07  0.000000e+00  0.000000e+00  1.593538e+06  1.239886e+06  1.049484e+06  9.593787e+05
2.328609e+05  4.679842e+07  0.000000e+00  0.000000e+00  4.204139e+07  0.000000e+00  0.000000e+00  1.551652e+06  1.206995e+06  1.021525e+06  9.337678e+05
2.340280e+05  4.585272e+07  0.000000e+00  0.000000e+00  4.119182e+07  0.000000e+00  0.000000e+00  1.510686e+06  1.174839e+06  9.941934e+05  9.087347e+05
2.352009e+05  4.491180e+07  0.000000e+00  0.000000e+00  4.034654e+07  0.000000e+00  0.000000e+00  1.470636e+06  1.143412e+06  9.674864e+05  8.842750e+05
2.363797e+05  4.397619e+07  0.000000e+00  0.000000e+00  3.950604e+07  0.000000e+00  0.000000e+00  1.431496e+06  1.112710e+06  9.413985e+05  8.603838e+05
2.375644e+05  4.304415e+07  0.000000e+00  0.000000e+00  3.866874e+07  0.000000e+00  0.000000e+00  1.393261e+06  1.082725e+06  9.159244e+05  8.370564e+05
2.387551e+05  4.211791e+07  0.000000e+00  0.000000e+00  3.783664e+07  0.000000e+00  0.000000e+00  1.355925e+06  1.053454e+06  8.910601e+05  8.142887e+05
2.399517e+05  4.122066e+07  0.000000e+00  0.000000e+00  3.703060e+07  0.000000e+00  0.000000e+00  1.319480e+06  1.024890e+06  8.667988e+05  7.920744e+05
2.411543e+05  4.037224e+07  0.000000e+00  0.000000e+00  3.626843e+07  0.000000e+00  0.000000e+00  1.283893e+06  9.970053e+05  8.431178e+05  7.703929e+05
2.423630e+05  3.954900e+07  0.000000e+00  0.000000e+00  3.552887e+07  0.000000e+00  0.000000e+00  1.249109e+06  9.697596e+05  8.199831e+05  7.492131e+05
2.435777e+05  3.872935e+07  0.000000e+00  0.000000e+00  3.479253e+07  0.000000e+00  0.000000e+00  1.215102e+06  9.431321e+05  7.973772e+05  7.285189e+05
2.447985e+05  3.791380e+07  0.000000e+00  0.000000e+00  3.405988e+07  0.000000e+00  0.000000e+00  1.181868e+06  9.171188e+05  7.752961e+05  7.083066e+05
2.460254e+05  3.710231e+07  0.000000e+00  0.000000e+00  3.333088e+07  0.000000e+00  0.000000e+00  1.149402e+06  8.917154e+05  7.537360e+05  6.885726e+05
2.472584e+05  3.629442e+07  0.000000e+00  0.000000e+00  3.260511e+07  0.000000e+00  0.000000e+00  1.117701e+06  8.669175e+05  7.326928e+05  6.693130e+05
2.484977e+05  3.549143e+07  0.000000e+00  0.000000e+00  3.188374e+07  0.000000e+00  0.000000e+00  1.086760e+06  8.427213e+05  7.121628e+05  6.505243e+05
2.497431e+05  3.469199e+07  0.000000e+00  0.000000e+00  3.116556e+07  0.000000e+00  0.000000e+00  1.056574e+06  8.191218e+05  6.921419e+05  6.322025e+05
2.509948e+05  3.391097e+07  0.000000e+00  0.000000e+00  3.046393e+07  0.000000e+00  0.000000e+00  1.027138e+06  7.961146e+05  6.726256e+05  6.143436e+05
2.522528e+05  3.317567e+07  0.000000e+00  0.000000e+00  2.980338e+07  0.000000e+00  0.000000e+00  9.984296e+05  7.736819e+05  6.535990e+05  5.969338e+05
2.535171e+05  3.247150e+07  0.000000e+00  0.000000e+00  2.917079e+07  0.000000e+00  0.000000e+00  9.704006e+05  7.517869e+05  6.350311e+05  5.799449e+05
2.547877e+05  3.177118e+07  0.000000e+00  0.000000e+00  2.854166e+07  0.000000e+00  0.000000e+00  9.430191e+05  7.304052e+05  6.169015e+05  5.633581e+05
2.560646e+05  3.107358e+07  0.000000e+00  0.000000e+00  2.791497e+07  0.000000e+00  0.000000e+00  9.162811e+05  7.095331e+05  5.992067e+05  5.471704e+05
2.573480e+05  3.038053e+07  0.000000e+00  0.000000e+00  2.729236e+07  0.000000e+00  0.000000e+00  8.901838e+05  6.891675e+05  5.819439e+05  5.313789e+05
2.586378e+05  2.969016e+07  0.000000e+00  0.000000e+00  2.667217e+07  0.000000e+00  0.000000e+00  8.647226e+05  6.693043e+05  5.651093e+05  5.159801e+05
2.599341e+05  2.900389e+07  0.000000e+00  0.000000e+00  2.605566e+07  0.000000e+00  0.000000e+00  8.398947e+05  6.499407e+05  5.487002e+05  5.009715e+05
2.612369e+05  2.831966e+07  0.000000e+00  0.000000e+00  2.544098e+07  0.000000e+00  0.000000e+00  8.156963e+05  6.310729e+05  5.327132e+05  4.863498e+05
2.625462e+05  2.764591e+07  0.000000e+00  0.000000e+00  2.483572e+07  0.000000e+00  0.000000e+00  7.921248e+05  6.126982e+05  5.171458e+05  4.721127e+05
2.638620e+05  2.701268e+07  0.000000e+00  0.000000e+00  2.426686e+07  0.000000e+00  0.000000e+00  7.691669e+05  5.948059e+05  5.019888e+05  4.582515e+05
2.651845e+05  2.641607e+07  0.000000e+00  0.000000e+00  2.373090e+07  0.000000e+00  0.000000e+00  7.467800e+05  5.773636e+05  4.872150e+05  4.447417e+05
2.665136e+05  2.582301e+07  0.000000e+00  0.000000e+00  2.319812e+07  0.000000e+00  0.000000e+00  7.249283e+05  5.603441e+05  4.728016e+05  4.315624e+05
2.678493e+05  2.523284e+07  0.000000e+00  0.000000e+00  2.266794e+07  0.000000e+00  0.000000e+00  7.036081e+05  5.437442e+05  4.587457e+05  4.187109e+05
2.691917e+05  2.464555e+07  0.000000e+00  0.000000e+00  2.214035e+07  0.000000e+00  0.000000e+00  6.828169e+05  5.275612e+05  4.450447e+05  4.061848e+05
2.705409e+05  2.406113e+07  0.000000e+00  0.000000e+00  2.161533e+07  0.000000e+00  0.000000e+00  6.625517e+05  5.117922e+05  4.316962e+05  3.939816e+05
2.718968e+05  2.348009e+07  0.000000e+00  0.000000e+00  2.109336e+07  0.000000e+00  0.000000e+00  6.428099e+05  4.964347e+05  4.186976e+05  3.820991e+05
2.732596e+05  2.290085e+07  0.000000e+00  0.000000e+00  2.057299e+07  0.000000e+00  0.000000e+00  6.235884e+05  4.814857e+05  4.060462e+05  3.705347e+05
2.746291e+05  2.232546e+07  0.000000e+00  0.000000e+00  2.005609e+07  0.000000e+00  0.000000e+00  6.048856e+05  4.669433e+05  3.937403e+05  3.592866e+05
2.760055e+05  2.178478e+07  0.000000e+00  0.000000e+00  1.957037e+07  0.000000e+00  0.000000e+00  5.866953e+05  4.528022e+05  3.817752e+05  3.483506e+05
2.773888e+05  2.128248e+07  0.000000e+00  0.000000e+00  1.911913e+07  0.000000e+00  0.000000e+00  5.689815e+05  4.390352e+05  3.701281e+05  3.377058e+05
2.787791e+05  2.078491e+07  0.000000e+00  0.000000e+00  1.867213e+07  0.000000e+00  0.000000e+00  5.517078e+05  4.256147e+05  3.587759e+05  3.273313e+05
2.801763e+05  2.029065e+07  0.000000e+00  0.000000e+00  1.822811e+07  0.000000e+00  0.000000e+00  5.348697e+05  4.125368e+05  3.477151e+05  3.172239e+05
2.815805e+05  1.979790e+07  0.000000e+00  0.000000e+00  1.778545e+07  0.000000e+00  0.000000e+00  5.184641e+05  3.997988e+05  3.369434e+05  3.073812e+05
2.829918e+05  1.930841e+07  0.000000e+00  0.000000e+00  1.734572e+07  0.000000e+00  0.000000e+00  5.024896e+05  3.873991e+05  3.264591e+05  2.978018e+05
2.844101e+05  1.882087e+07  0.000000e+00  0.000000e+00  1.690774e+07  0.000000e+00  0.000000e+00  4.869434e+05  3.753351e+05  3.162600e+05  2.884835e+05
2.858356e+05  1.833609e+07  0.000000e+00  0.000000e+00  1.647224e+07  0.000000e+00  0.000000e+00  4.718237e+05  3.636048e+05  3.063441e+05  2.794245e+05
2.872682e+05  1.785328e+07  0.000000e+00  0.000000e+00  1.603850e+07  0.000000e+00  0.000000e+00  4.571283e+05  3.522061e+05  2.967096e+05  2.706230e+05
2.887079e+05  1.739565e+07  0.000000e+00  0.000000e+00  1.562739e+07  0.000000e+00  0.000000e+00  4.428534e+05  3.411357e+05  2.873534e+05  2.620761e+05
2.901549e+05  1.697193e+07  0.000000e+00  0.000000e+00  1.524674e+07  0.000000e+00  0.000000e+00  4.289734e+05  3.303741e+05  2.782593e+05  2.537691e+05
2.916091e+05  1.655976e+07  0.000000e+00  0.000000e+00  1.487647e+07  0.000000e+00  0.000000e+00  4.154565e+05  3.198972e+05  2.694070e+05  2.456835e+05
2.930706e+05  1.614890e+07  0.000000e+00  0.000000e+00  1.450738e+07  0.000000e+00  0.000000e+00  4.022921e+05  3.096969e+05  2.607897e+05  2.378132e+05
2.945395e+05  1.574103e+07  0.000000e+00  0.000000e+00  1.414096e+07  0.000000e+00  0.000000e+00  3.894790e+05  2.997717e+05  2.524061e+05  2.301567e+05
2.960157e+05  1.533447e+07  0.000000e+00  0.000000e+00  1.377573e+07  0.000000e+00  0.000000e+00  3.770148e+05  2.901195e+05  2.442541e+05  2.227123e+05
2.974993e+05  1.493049e+07  0.000000e+00  0.000000e+00  1.341282e+07  0.000000e+00  0.000000e+00  3.648983e+05  2.807390e+05  2.363324e+05  2.154787e+05
2.989904e+05  1.452786e+07  0.000000e+00  0.000000e+00  1.305111e+07  0.000000e+00  0.000000e+00  3.531272e+05  2.716280e+05  2.286394e+05  2.084541e+05
3.004889e+05  1.412777e+07  0.000000e+00  0.000000e+00  1.269169e+07  0.000000e+00  0.000000e+00  3.417006e+05  2.627855e+05  2.211738e+05  2.016376e+05
3.019949e+05  1.374366e+07  0.000000e+00  0.000000e+00  1.234662e+07  0.000000e+00  0.000000e+00  3.306151e+05  2.542084e+05  2.139329e+05  1.950266e+05
3.035085e+05  1.338956e+07  0.000000e+00  0.000000e+00  1.202852e+07  0.000000e+00  0.000000e+00  3.198542e+05  2.458843e+05  2.069063e+05  1.886115e+05
3.050296e+05  1.305128e+07  0.000000e+00  0.000000e+00  1.172462e+07  0.000000e+00  0.000000e+00  3.093902e+05  2.377920e+05  2.000764e+05  1.823764e+05
3.065584e+05  1.271463e+07  0.000000e+00  0.000000e+00  1.142219e+07  0.000000e+00  0.000000e+00  2.992090e+05  2.299210e+05  1.934342e+05  1.763131e+05
3.080949e+05  1.237985e+07  0.000000e+00  0.000000e+00  1.112144e+07  0.000000e+00  0.000000e+00  2.893093e+05  2.222699e+05  1.869784e+05  1.704204e+05
3.096390e+05  1.204667e+07  0.000000e+00  0.000000e+00  1.082213e+07  0.000000e+00  0.000000e+00  2.796895e+05  2.148371e+05  1.807078e+05  1.646970e+05
3.111909e+05  1.171531e+07  0.000000e+00  0.000000e+00  1.052446e+07  0.000000e+00  0.000000e+00  2.703482e+05  2.076214e+05  1.746209e+05  1.591417e+05
3.127505e+05  1.138510e+07  0.000000e+00  0.000000e+00  1.022781e+07  0.000000e+00  0.000000e+00  2.612841e+05  2.006214e+05  1.687168e+05  1.537534e+05
3.143180e+05  1.105714e+07  0.000000e+00  0.000000e+00  9.933188e+06  0.000000e+00  0.000000e+00  2.524962e+05  1.938360e+05  1.629942e+05  1.485310e+05
3.158934e+05  1.073763e+07  0.000000e+00  0.000000e+00  9.646153e+06  0.000000e+00  0.000000e+00  2.439821e+05  1.872632e+05  1.574513e+05  1.434730e+05
3.174766e+05  1.044432e+07  0.000000e+00  0.000000e+00  9.382661e+06  0.000000e+00  0.000000e+00  2.357326e+05  1.808957e+05  1.520821e+05  1.385736e+05
3.190678e+05  1.017005e+07  0.000000e+00  0.000000e+00  9.136266e+06  0.000000e+00  0.000000e+00  2.277237e+05  1.747155e+05  1.468715e+05  1.338192e+05
3.206669e+05  9.897463e+06  0.000000e+00  0.000000e+00  8.891391e+06  0.000000e+00  0.000000e+00  2.199389e+05  1.687102e+05  1.418091e+05  1.292003e+05
3.222741e+05  9.625986e+06  0.000000e+00  0.000000e+00  8.647510e+06  0.000000e+00  0.000000e+00  2.123771e+05  1.628786e+05  1.368938e+05  1.247160e+05
3.238893e+05  9.355814e+06  0.000000e+00  0.000000e+00  8.404801e+06  0.000000e+00  0.000000e+00  2.050372e+05  1.572196e+05  1.321246e+05  1.203653e+05
3.255126e+05  9.087281e+06  0.000000e+00  0.000000e+00  8.163564e+06  0.000000e+00  0.000000e+00  1.979182e+05  1.517324e+05  1.275008e+05  1.161473e+05
3.271440e+05  8.819850e+06  0.000000e+00  0.000000e+00  7.923317e+06  0.000000e+00  0.000000e+00  1.910189e+05  1.464157e+05  1.230211e+05  1.120611e+05
3.287836e+05  8.553709e+06  0.000000e+00  0.000000e+00  7.684229e+06  0.000000e+00  0.000000e+00  1.843384e+05  1.412685e+05  1.186847e+05  1.081059e+05
3.304315e+05  8.290638e+06  0.000000e+00  0.000000e+00  7.447899e+06  0.000000e+00  0.000000e+00  1.778755e+05  1.362899e+05  1.144907e+05  1.042806e+05
3.320876e+05  8.050319e+06  0.000000e+00  0.000000e+00  7.232008e+06  0.000000e+00  0.000000e+00  1.716262e+05  1.314763e+05  1.104360e+05  1.005826e+05
3.337520e+05  7.830799e+06  0.000000e+00  0.000000e+00  7.034802e+06  0.000000e+00  0.000000e+00  1.655696e+05  1.268124e+05  1.065078e+05  9.700009e+04
3.354247e+05  7.612468e+06  0.000000e+00  0.000000e+00  6.838665e+06  0.000000e+00  0.000000e+00  1.596886e+05  1.222851e+05  1.026953e+05  9.352330e+04
3.371058e+05  7.395308e+06  0.000000e+00  0.000000e+00  6.643579e+06  0.000000e+00  0.000000e+00  1.539821e+05  1.178934e+05  9.899744e+04  9.015139e+04
3.387954e+05  7.179049e+06  0.000000e+00  0.000000e+00  6.449302e+06  0.000000e+00  0.000000e+00  1.484493e+05  1.136365e+05  9.541361e+04  8.688363e+04
3.404934e+05  6.964075e+06  0.000000e+00  0.000000e+00  6.256180e+06  0.000000e+00  0.000000e+00  1.430895e+05  1.095137e+05  9.194308e+04  8.371936e+04
3.421999e+05  6.749999e+06  0.000000e+00  0.000000e+00  6.063865e+06  0.000000e+00  0.000000e+00  1.379016e+05  1.055241e+05  8.858504e+04  8.065781e+04
3.439150e+05  6.537065e+06  0.000000e+00  0.000000e+00  5.872576e+06  0.000000e+00  0.000000e+00  1.328851e+05  1.016669e+05  8.533880e+04  7.769834e+04
3.456387e+05  6.325257e+06  0.000000e+00  0.000000e+00  5.682298e+06  0.000000e+00  0.000000e+00  1.280390e+05  9.794141e+04  8.220362e+04  7.484024e+04
3.473710e+05  6.130092e+06  0.000000e+00  0.000000e+00  5.506972e+06  0.000000e+00  0.000000e+00  1.233613e+05  9.434577e+04  7.917794e+04  7.208207e+04
3.491120e+05  5.954347e+06  0.000000e+00  0.000000e+00  5.349091e+06  0.000000e+00  0.000000e+00  1.188370e+05  9.086869e+04  7.625233e+04  6.941525e+04
3.508617e+05  5.781793e+06  0.000000e+00  0.000000e+00  5.194077e+06  0.000000e+00  0.000000e+00  1.144501e+05  8.749829e+04  7.341690e+04  6.683081e+04
3.526202e+05  5.610160e+06  0.000000e+00  0.000000e+00  5.039890e+06  0.000000e+00  0.000000e+00  1.101982e+05  8.423251e+04  7.066986e+04  6.432712e+04
3.543875e+05  5.439435e+06  0.000000e+00  0.000000e+00  4.886519e+06  0.000000e+00  0.000000e+00  1.060805e+05  8.107069e+04  6.801064e+04  6.190360e+04
3.561636e+05  5.269426e+06  0.000000e+00  0.000000e+00  4.733792e+06  0.000000e+00  0.000000e+00  1.020964e+05  7.801219e+04  6.543861e+04  5.955969e+04
3.579487e+05  5.100493e+06  0.000000e+00  0.000000e+00  4.582031e+06  0.000000e+00  0.000000e+00  9.824536e+04  7.505644e+04  6.295326e+04  5.729490e+04
3.597427e+05  4.932185e+06  0.000000e+00  0.000000e+00  4.430832e+06  0.000000e+00  0.000000e+00  9.452653e+04  7.220273e+04  6.055395e+04  5.510862e+04
3.615457e+05  4.764767e+06  0.000000e+00  0.000000e+00  4.280431e+06  0.000000e+00  0.000000e+00  9.093950e+04  6.945056e+04  5.824021e+04  5.300040e+04
3.633577e+05  4.608241e+06  0.000000e+00  0.000000e+00  4.139816e+06  0.000000e+00  0.000000e+00  8.748283e+04  6.679871e+04  5.601095e+04  5.096923e+04
3.651789e+05  4.467894e+06  0.000000e+00  0.000000e+00  4.013735e+06  0.000000e+00  0.000000e+00  8.414671e+04  6.423975e+04  5.385998e+04  4.900948e+04
3.670091e+05  4.333457e+06  0.000000e+00  0.000000e+00  3.892963e+06  0.000000e+00  0.000000e+00  8.091802e+04  6.176387e+04  5.177913e+04  4.711374e+04
3.688485e+05  4.199798e+06  0.000000e+00  0.000000e+00  3.772891e+06  0.000000e+00  0.000000e+00  7.779216e+04  5.936755e+04  4.976542e+04  4.527929e+04
3.706972e+05  4.066768e+06  0.000000e+00  0.000000e+00  3.653384e+06  0.000000e+00  0.000000e+00  7.476853e+04  5.705022e+04  4.781836e+04  4.350568e+04
3.725551e+05  3.934368e+06  0.000000e+00  0.000000e+00  3.534442e+06  0.000000e+00  0.000000e+00  7.184670e+04  5.481147e+04  4.593754e+04  4.179251e+04
3.744223e+05  3.802658e+06  0.000000e+00  0.000000e+00  3.416120e+06  0.000000e+00  0.000000e+00  6.902621e+04  5.265081e+04  4.412255e+04  4.013939e+04
3.762989e+05  3.671574e+06  0.000000e+00  0.000000e+00  3.298360e+06  0.000000e+00  0.000000e+00  6.630656e+04  5.056780e+04  4.237294e+04  3.854589e+04
3.781848e+05  3.541172e+06  0.000000e+00  0.000000e+00  3.181214e+06  0.000000e+00  0.000000e+00  6.368733e+04  4.856198e+04  4.068831e+04  3.701165e+04
3.800803e+05  3.417052e+06  0.000000e+00  0.000000e+00  3.069711e+06  0.000000e+00  0.000000e+00  6.116756e+04  4.663254e+04  3.906794e+04  3.553598e+04
3.819852e+05  3.306217e+06  0.000000e+00  0.000000e+00  2.970142e+06  0.000000e+00  0.000000e+00  5.874148e+04  4.477508e+04  3.750814e+04  3.411553e+04
3.838997e+05  3.203003e+06  0.000000e+00  0.000000e+00  2.877420e+06  0.000000e+00  0.000000e+00  5.639838e+04  4.298158e+04  3.600223e+04  3.274424e+04
3.858238e+05  3.100376e+06  0.000000e+00  0.000000e+00  2.785224e+06  0.000000e+00  0.000000e+00  5.413249e+04  4.124769e+04  3.454659e+04  3.141881e+04
3.877575e+05  2.998184e+06  0.000000e+00  0.000000e+00  2.693420e+06  0.000000e+00  0.000000e+00  5.194338e+04  3.957301e+04  3.314085e+04  3.013891e+04
3.897009e+05  2.896568e+06  0.000000e+00  0.000000e+00  2.602134e+06  0.000000e+00  0.000000e+00  4.983075e+04  3.795722e+04  3.178471e+04  2.890424e+04
3.916540e+05  2.795429e+06  0.000000e+00  0.000000e+00  2.511276e+06  0.000000e+00  0.000000e+00  4.779418e+04  3.639996e+04  3.047784e+04  2.771449e+04
3.936170e+05  2.694771e+06  0.000000e+00  0.000000e+00  2.420849e+06  0.000000e+00  0.000000e+00  4.583336e+04  3.490087e+04  2.921992e+04  2.656936e+04
3.955897e+05  2.594633e+06  0.000000e+00  0.000000e+00  2.330890e+06  0.000000e+00  0.000000e+00  4.394794e+04  3.345965e+04  2.801065e+04  2.546857e+04
3.975724e+05  2.497435e+06  0.000000e+00  0.000000e+00  2.243572e+06  0.000000e+00  0.000000e+00  4.213739e+04  3.207579e+04  2.684959e+04  2.441170e+04
3.995650e+05  2.410962e+06  0.000000e+00  0.000000e+00  2.165890e+06  0.000000e+00  0.000000e+00  4.039871e+04  3.074699e+04  2.573479e+04  2.339698e+04
4.015676e+05  2.332990e+06  0.000000e+00  0.000000e+00  2.095843e+06  0.000000e+00  0.000000e+00  3.872334e+04  2.946684e+04  2.466093e+04  2.241958e+04
4.035802e+05  2.255380e+06  0.000000e+00  0.000000e+00  2.026122e+06  0.000000e+00  0.000000e+00  3.710500e+04  2.823063e+04  2.362409e+04  2.147593e+04
4.056029e+05  2.178136e+06  0.000000e+00  0.000000e+00  1.956730e+06  0.000000e+00  0.000000e+00  3.554345e+04  2.703813e+04  2.262404e+04  2.056583e+04
4.076358e+05  2.101289e+06  0.000000e+00  0.000000e+00  1.887694e+06  0.000000e+00  0.000000e+00  3.403843e+04  2.588908e+04  2.166056e+04  1.968907e+04
4.096788e+05  2.024805e+06  0.000000e+00  0.000000e+00  1.818985e+06  0.000000e+00  0.000000e+00  3.258966e+04  2.478323e+04  2.073339e+04  1.884540e+04
4.117321e+05  1.948742e+06  0.000000e+00  0.000000e+00  1.750654e+06  0.000000e+00  0.000000e+00  3.119691e+04  2.372032e+04  1.984233e+04  1.803462e+04
4.137957e+05  1.873038e+06  0.000000e+00  0.000000e+00  1.682645e+06  0.000000e+00  0.000000e+00  2.985989e+04  2.270008e+04  1.898711e+04  1.725649e+04
4.158696e+05  1.797878e+06  0.000000e+00  0.000000e+00  1.615125e+06  0.000000e+00  0.000000e+00  2.857834e+04  2.172228e+04  1.816751e+04  1.651080e+04
4.179539e+05  1.731347e+06  0.000000e+00  0.000000e+00  1.555357e+06  0.000000e+00  0.000000e+00  2.735124e+04  2.078607e+04  1.738282e+04  1.579689e+04
4.200486e+05  1.673310e+06  0.000000e+00  0.000000e+00  1.503219e+06  0.000000e+00  0.000000e+00  2.617173e+04  1.988632e+04  1.662877e+04  1.511088e+04
4.221539e+05  1.615591e+06  0.000000e+00  0.000000e+00  1.451367e+06  0.000000e+00  0.000000e+00  2.503374e+04  1.901851e+04  1.590158e+04  1.444937e+04
4.242697e+05  1.558097e+06  0.000000e+00  0.000000e+00  1.399718e+06  0.000000e+00  0.000000e+00  2.393705e+04  1.818242e+04  1.520108e+04  1.381218e+04
4.263961e+05  1.500963e+06  0.000000e+00  0.000000e+00  1.348391e+06  0.000000e+00  0.000000e+00  2.288150e+04  1.737789e+04  1.452711e+04  1.319916e+04
4.285331e+05  1.444055e+06  0.000000e+00  0.000000e+00  1.297267e+06  0.000000e+00  0.000000e+00  2.186685e+04  1.660471e+04  1.387948e+04  1.261013e+04
4.306809e+05  1.387457e+06  0.000000e+00  0.000000e+00  1.246422e+06  0.000000e+00  0.000000e+00  2.089295e+04  1.586273e+04  1.325804e+04  1.204495e+04
4.328394e+05  1.331145e+06  0.000000e+00  0.000000e+00  1.195834e+06  0.000000e+00  0.000000e+00  1.995960e+04  1.515173e+04  1.266260e+04  1.150344e+04
4.350088e+05  1.275099e+06  0.000000e+00  0.000000e+00  1.145486e+06  0.000000e+00  0.000000e+00  1.906661e+04  1.447155e+04  1.209302e+04  1.098546e+04
4.371890e+05  1.224604e+06  0.000000e+00  0.000000e+00  1.100124e+06  0.000000e+00  0.000000e+00  1.821340e+04  1.382170e+04  1.154885e+04  1.049062e+04
4.393802e+05  1.180907e+06  0.000000e+00  0.000000e+00  1.060868e+06  0.000000e+00  0.000000e+00  1.739556e+04  1.319887e+04  1.102736e+04  1.001642e+04
4.415823e+05  1.138686e+06  0.000000e+00  0.000000e+00  1.022939e+06  0.000000e+00  0.000000e+00  1.660828e+04  1.259948e+04  1.052557e+04  9.560153e+03
4.437955e+05  1.096678e+06  0.000000e+00  0.000000e+00  9.852014e+05  0.000000e+00  0.000000e+00  1.585053e+04  1.202274e+04  1.004280e+04  9.121224e+03
4.460198e+05  1.054867e+06  0.000000e+00  0.000000e+00  9.476405e+05  0.000000e+00  0.000000e+00  1.512218e+04  1.146851e+04  9.578946e+03  8.699514e+03
4.482552e+05  1.013268e+06  0.000000e+00  0.000000e+00  9.102699e+05  0.000000e+00  0.000000e+00  1.442309e+04  1.093667e+04  9.133880e+03  8.294912e+03
4.505018e+05  9.718788e+05  0.000000e+00  0.000000e+00  8.730879e+05  0.000000e+00  0.000000e+00  1.375312e+04  1.042708e+04  8.707481e+03  7.907300e+03
4.527597e+05  9.306976e+05  0.000000e+00  0.000000e+00  8.360927e+05  0.000000e+00  0.000000e+00  1.311215e+04  9.939613e+03  8.299631e+03  7.536567e+03
4.550289e+05  8.897235e+05  0.000000e+00  0.000000e+00  7.992836e+05  0.000000e+00  0.000000e+00  1.250003e+04  9.474143e+03  7.910212e+03  7.182601e+03
4.573094e+05  8.519599e+05  0.000000e+00  0.000000e+00  7.653586e+05  0.000000e+00  0.000000e+00  1.191641e+04  9.030357e+03  7.538952e+03  6.845151e+03
4.596014e+05  8.194244e+05  0.000000e+00  0.000000e+00  7.361304e+05  0.000000e+00  0.000000e+00  1.135870e+04  8.606321e+03  7.184241e+03  6.522757e+03
4.619049e+05  7.890930e+05  0.000000e+00  0.000000e+00  7.088821e+05  0.000000e+00  0.000000e+00  1.082322e+04  8.199282e+03  6.843792e+03  6.213346e+03
4.642199e+05  7.589143e+05  0.000000e+00  0.000000e+00  6.817711e+05  0.000000e+00  0.000000e+00  1.030847e+04  7.808123e+03  6.516675e+03  5.916072e+03
4.665466e+05  7.288968e+05  0.000000e+00  0.000000e+00  6.548048e+05  0.000000e+00  0.000000e+00  9.814373e+03  7.432749e+03  6.202803e+03  5.630854e+03
4.688849e+05  6.990198e+05  0.000000e+00  0.000000e+00  6.279648e+05  0.000000e+00  0.000000e+00  9.340811e+03  7.073061e+03  5.902084e+03  5.357606e+03
4.712349e+05  6.692839e+05  0.000000e+00  0.000000e+00  6.012516e+05  0.000000e+00  0.000000e+00  8.887701e+03  6.728974e+03  5.614441e+03  5.096253e+03
4.735967e+05  6.397144e+05  0.000000e+00  0.000000e+00  5.746878e+05  0.000000e+00  0.000000e+00  8.454951e+03  6.400400e+03  5.339791e+03  4.846719e+03
4.759703e+05  6.102763e+05  0.000000e+00  0.000000e+00  5.482420e+05  0.000000e+00  0.000000e+00  8.042459e+03  6.087240e+03  5.078046e+03  4.608918e+03
4.783558e+05  5.824738e+05  0.000000e+00  0.000000e+00  5.232656e+05  0.000000e+00  0.000000e+00  7.650026e+03  5.789325e+03  4.829056e+03  4.382713e+03
4.807533e+05  5.586230e+05  0.000000e+00  0.000000e+00  5.018393e+05  0.000000e+00  0.000000e+00  7.276278e+03  5.505613e+03  4.591951e+03  4.167313e+03
4.831628e+05  5.372509e+05  0.000000e+00  0.000000e+00  4.826397e+05  0.000000e+00  0.000000e+00  6.918436e+03  5.234031e+03  4.365011e+03  3.961160e+03
4.855844e+05  5.159989e+05  0.000000e+00  0.000000e+00  4.635479e+05  0.000000e+00  0.000000e+00  6.574878e+03  4.973369e+03  4.147230e+03  3.763343e+03
4.880181e+05  4.948397e+05  0.000000e+00  0.000000e+00  4.445395e+05  0.000000e+00  0.000000e+00  6.245528e+03  4.723556e+03  3.938544e+03  3.573800e+03
4.904640e+05  4.737923e+05  0.000000e+00  0.000000e+00  4.256316e+05  0.000000e+00  0.000000e+00  5.930328e+03  4.484534e+03  3.738899e+03  3.392480e+03
4.929221e+05  4.528442e+05  0.000000e+00  0.000000e+00  4.068129e+05  0.000000e+00  0.000000e+00  5.629210e+03  4.256238e+03  3.548235e+03  3.219327e+03
4.953926e+05  4.320062e+05  0.000000e+00  0.000000e+00  3.880930e+05  0.000000e+00  0.000000e+00  5.342112e+03  4.038608e+03  3.366498e+03  3.054290e+03
4.978755e+05  4.112718e+05  0.000000e+00  0.000000e+00  3.694663e+05  0.000000e+00  0.000000e+00  5.068965e+03  3.831578e+03  3.193626e+03  2.897311e+03
5.003708e+05  3.911080e+05  0.000000e+00  0.000000e+00  3.513521e+05  0.000000e+00  0.000000e+00  4.809672e+03  3.635061e+03  3.029543e+03  2.748317e+03
5.028786e+05  3.737386e+05  0.000000e+00  0.000000e+00  3.357483e+05  0.000000e+00  0.000000e+00  4.563658e+03  3.448614e+03  2.873876e+03  2.606970e+03
5.053990e+05  3.586865e+05  0.000000e+00  0.000000e+00  3.222262e+05  0.000000e+00  0.000000e+00  4.328965e+03  3.270777e+03  2.725412e+03  2.472171e+03
5.079320e+05  3.437177e+05  0.000000e+00  0.000000e+00  3.087790e+05  0.000000e+00  0.000000e+00  4.104122e+03  3.100453e+03  2.583244e+03  2.343098e+03
5.104777e+05  3.288151e+05  0.000000e+00  0.000000e+00  2.953912e+05  0.000000e+00  0.000000e+00  3.889079e+03  2.937597e+03  2.447328e+03  2.219709e+03
5.130362e+05  3.139944e+05  0.000000e+00  0.000000e+00  2.820770e+05  0.000000e+00  0.000000e+00  3.683792e+03  2.782166e+03  2.317626e+03  2.101970e+03
5.156075e+05  2.992397e+05  0.000000e+00  0.000000e+00  2.688222e+05  0.000000e+00  0.000000e+00  3.488214e+03  2.634114e+03  2.194096e+03  1.989839e+03
5.181917e+05  2.845655e+05  0.000000e+00  0.000000e+00  2.556396e+05  0.000000e+00  0.000000e+00  3.302306e+03  2.493404e+03  2.076702e+03  1.883285e+03
5.207888e+05  2.699636e+05  0.000000e+00  0.000000e+00  2.425220e+05  0.000000e+00  0.000000e+00  3.126018e+03  2.359988e+03  1.965403e+03  1.782265e+03
5.233990e+05  2.554341e+05  0.000000e+00  0.000000e+00  2.294693e+05  0.000000e+00  0.000000e+00  2.959309e+03  2.233826e+03  1.860160e+03  1.686746e+03
5.260222e+05  2.430441e+05  0.000000e+00  0.000000e+00  2.183388e+05  0.000000e+00  0.000000e+00  2.801975e+03  2.114753e+03  1.760833e+03  1.596598e+03
5.286586e+05  2.328926e+05  0.000000e+00  0.000000e+00  2.092192e+05  0.000000e+00  0.000000e+00  2.652517e+03  2.001653e+03  1.666496e+03  1.510983e+03
5.313082e+05  2.228633e+05  0.000000e+00  0.000000e+00  2.002093e+05  0.000000e+00  0.000000e+00  2.509549e+03  1.893496e+03  1.576297e+03  1.429129e+03
5.339711e+05  2.128939e+05  0.000000e+00  0.000000e+00  1.912534e+05  0.000000e+00  0.000000e+00  2.372998e+03  1.790222e+03  1.490182e+03  1.350988e+03
5.366473e+05  2.029642e+05  0.000000e+00  0.000000e+00  1.823330e+05  0.000000e+00  0.000000e+00  2.242826e+03  1.691796e+03  1.408122e+03  1.276530e+03
5.393369e+05  1.930928e+05  0.000000e+00  0.000000e+00  1.734651e+05  0.000000e+00  0.000000e+00  2.119010e+03  1.598196e+03  1.330093e+03  1.205735e+03
5.420400e+05  1.832698e+05  0.000000e+00  0.000000e+00  1.646405e+05  0.000000e+00  0.000000e+00  2.001516e+03  1.509388e+03  1.256068e+03  1.138576e+03
5.447567e+05  1.734912e+05  0.000000e+00  0.000000e+00  1.558559e+05  0.000000e+00  0.000000e+00  1.890316e+03  1.425346e+03  1.186021e+03  1.075029e+03
5.474870e+05  1.637649e+05  0.000000e+00  0.000000e+00  1.471183e+05  0.000000e+00  0.000000e+00  1.785385e+03  1.346046e+03  1.119929e+03  1.015071e+03
5.502309e+05  1.552175e+05  0.000000e+00  0.000000e+00  1.394397e+05  0.000000e+00  0.000000e+00  1.686603e+03  1.271390e+03  1.057711e+03  9.586289e+02
5.529886e+05  1.482322e+05  0.000000e+00  0.000000e+00  1.331645e+05  0.000000e+00  0.000000e+00  1.593142e+03  1.200760e+03  9.988503e+02  9.052353e+02
5.557602e+05  1.416625e+05  0.000000e+00  0.000000e+00  1.272626e+05  0.000000e+00  0.000000e+00  1.504036e+03  1.133438e+03  9.427552e+02  8.543537e+02
5.585456e+05  1.351189e+05  0.000000e+00  0.000000e+00  1.213842e+05  0.000000e+00  0.000000e+00  1.419038e+03  1.069238e+03  8.892697e+02  8.058428e+02
5.613450e+05  1.286136e+05  0.000000e+00  0.000000e+00  1.155401e+05  0.000000e+00  0.000000e+00  1.338131e+03  1.008143e+03  8.383785e+02  7.596881e+02
5.641584e+05  1.221374e+05  0.000000e+00  0.000000e+00  1.097222e+05  0.000000e+00  0.000000e+00  1.261294e+03  9.501337e+02  7.900635e+02  7.158726e+02
5.669859e+05  1.156957e+05  0.000000e+00  0.000000e+00  1.039353e+05  0.000000e+00  0.000000e+00  1.188510e+03  8.951935e+02  7.443098e+02  6.743822e+02
5.698276e+05  1.092834e+05  0.000000e+00  0.000000e+00  9.817481e+04  0.000000e+00  0.000000e+00  1.119759e+03  8.433038e+02  7.011000e+02  6.352005e+02
5.726835e+05  1.029072e+05  0.000000e+00  0.000000e+00  9.244675e+04  0.000000e+00  0.000000e+00  1.055025e+03  7.944480e+02  6.604191e+02  5.983132e+02
5.755538e+05  9.711880e+04  0.000000e+00  0.000000e+00  8.724672e+04  0.000000e+00  0.000000e+00  9.942433e+02  7.485743e+02  6.222226e+02  5.636795e+02
5.784384e+05  9.239554e+04  0.000000e+00  0.000000e+00  8.300358e+04  0.000000e+00  0.000000e+00  9.369906e+02  7.053643e+02  5.862458e+02  5.310594e+02
5.813375e+05  8.818065e+04  0.000000e+00  0.000000e+00  7.921714e+04  0.000000e+00  0.000000e+00  8.826074e+02  6.643284e+02  5.520835e+02  5.000866e+02
5.842511e+05  8.398263e+04  0.000000e+00  0.000000e+00  7.544585e+04  0.000000e+00  0.000000e+00  8.307993e+02  6.252472e+02  5.195539e+02  4.705964e+02
5.871793e+05  7.980701e+04  0.000000e+00  0.000000e+00  7.169467e+04  0.000000e+00  0.000000e+00  7.815565e+02  5.881109e+02  4.886477e+02  4.425799e+02
5.901222e+05  7.565183e+04  0.000000e+00  0.000000e+00  6.796187e+04  0.000000e+00  0.000000e+00  7.348660e+02  5.529072e+02  4.593538e+02  4.160267e+02
5.930798e+05  7.151715e+04  0.000000e+00  0.000000e+00  6.424747e+04  0.000000e+00  0.000000e+00  6.907169e+02  5.196256e+02  4.316625e+02  3.909277e+02
5.960523e+05  6.740282e+04  0.000000e+00  0.000000e+00  6.055136e+04  0.000000e+00  0.000000e+00  6.490977e+02  4.882551e+02  4.055638e+02  3.672733e+02
5.990397e+05  6.331135e+04  0.000000e+00  0.000000e+00  5.687579e+04  0.000000e+00  0.000000e+00  6.099970e+02  4.587846e+02  3.810473e+02  3.450539e+02
6.020420e+05  5.946538e+04  0.000000e+00  0.000000e+00  5.342075e+04  0.000000e+00  0.000000e+00  5.733847e+02  4.311892e+02  3.580915e+02  3.242493e+02
6.050594e+05  5.633549e+04  0.000000e+00  0.000000e+00  5.060902e+04  0.000000e+00  0.000000e+00  5.390672e+02  4.053226e+02  3.365746e+02  3.047494e+02
6.080919e+05  5.369106e+04  0.000000e+00  0.000000e+00  4.823340e+04  0.000000e+00  0.000000e+00  5.066023e+02  3.808561e+02  3.162246e+02  2.863081e+02
6.111396e+05  5.105948e+04  0.000000e+00  0.000000e+00  4.586931e+04  0.000000e+00  0.000000e+00  4.757157e+02  3.575862e+02  2.968732e+02  2.687732e+02
6.142026e+05  4.843982e+04  0.000000e+00  0.000000e+00  4.351594e+04  0.000000e+00  0.000000e+00  4.464008e+02  3.355065e+02  2.785145e+02  2.521390e+02
6.172809e+05  4.583402e+04  0.000000e+00  0.000000e+00  4.117501e+04  0.000000e+00  0.000000e+00  4.186508e+02  3.146104e+02  2.611424e+02  2.363998e+02
6.203747e+05  4.324182e+04  0.000000e+00  0.000000e+00  3.884631e+04  0.000000e+00  0.000000e+00  3.924580e+02  2.948905e+02  2.447501e+02  2.215493e+02
6.234839e+05  4.066225e+04  0.000000e+00  0.000000e+00  3.652895e+04  0.000000e+00  0.000000e+00  3.678151e+02  2.763401e+02  2.293315e+02  2.075816e+02
6.266088e+05  3.809460e+04  0.000000e+00  0.000000e+00  3.422230e+04  0.000000e+00  0.000000e+00  3.447155e+02  2.589528e+02  2.148807e+02  1.944912e+02
6.297493e+05  3.559390e+04  0.000000e+00  0.000000e+00  3.197580e+04  0.000000e+00  0.000000e+00  3.231487e+02  2.427191e+02  2.013891e+02  1.822701e+02
6.329056e+05  3.355992e+04  0.000000e+00  0.000000e+00  3.014857e+04  0.000000e+00  0.000000e+00  3.030422e+02  2.275833e+02  1.888103e+02  1.708759e+02
6.360776e+05  3.194059e+04  0.000000e+00  0.000000e+00  2.869385e+04  0.000000e+00  0.000000e+00  2.841079e+02  2.133314e+02  1.769671e+02  1.601487e+02
6.392656e+05  3.032970e+04  0.000000e+00  0.000000e+00  2.724670e+04  0.000000e+00  0.000000e+00  2.661182e+02  1.997948e+02  1.657204e+02  1.499626e+02
6.424695e+05  2.872553e+04  0.000000e+00  0.000000e+00  2.580560e+04  0.000000e+00  0.000000e+00  2.490686e+02  1.869691e+02  1.550661e+02  1.403138e+02
6.456896e+05  2.713085e+04  0.000000e+00  0.000000e+00  2.437301e+04  0.000000e+00  0.000000e+00  2.329553e+02  1.748509e+02  1.450009e+02  1.311993e+02
6.489257e+05  2.554292e+04  0.000000e+00  0.000000e+00  2.294650e+04  0.000000e+00  0.000000e+00  2.177734e+02  1.634356e+02  1.355209e+02  1.226151e+02
6.521781e+05  2.396372e+04  0.000000e+00  0.000000e+00  2.152782e+04  0.000000e+00  0.000000e+00  2.035194e+02  1.527194e+02  1.266223e+02  1.145579e+02
6.554467e+05  2.239221e+04  0.000000e+00  0.000000e+00  2.011606e+04  0.000000e+00  0.000000e+00  1.901885e+02  1.426981e+02  1.183015e+02  1.070242e+02
6.587318e+05  2.082840e+04  0.000000e+00  0.000000e+00  1.871120e+04  0.000000e+00  0.000000e+00  1.777770e+02  1.333681e+02  1.105551e+02  1.000108e+02
6.620333e+05  1.953534e+04  0.000000e+00  0.000000e+00  1.754958e+04  0.000000e+00  0.000000e+00  1.662604e+02  1.247098e+02  1.033664e+02  9.350238e+01
6.653513e+05  1.854098e+04  0.000000e+00  0.000000e+00  1.665630e+04  0.000000e+00  0.000000e+00  1.554708e+02  1.165985e+02  9.663228e+01  8.740585e+01
6.686860e+05  1.757923e+04  0.000000e+00  0.000000e+00  1.579231e+04  0.000000e+00  0.000000e+00  1.452470e+02  1.089148e+02  9.025438e+01  8.163227e+01
6.720374e+05  1.662217e+04  0.000000e+00  0.000000e+00  1.493254e+04  0.000000e+00  0.000000e+00  1.355716e+02  1.016456e+02  8.422154e+01  7.617151e+01
6.754056e+05  1.567036e+04  0.000000e+00  0.000000e+00  1.407748e+04  0.000000e+00  0.000000e+00  1.264423e+02  9.478827e+01  7.853146e+01  7.102141e+01
6.787907e+05  1.472263e+04  0.000000e+00  0.000000e+00  1.322608e+04  0.000000e+00  0.000000e+00  1.178561e+02  8.834041e+01  7.318186e+01  6.617981e+01
6.821927e+05  1.378030e+04  0.000000e+00  0.000000e+00  1.237954e+04  0.000000e+00  0.000000e+00  1.098111e+02  8.229998e+01  6.817089e+01  6.164495e+01
6.856118e+05  1.284208e+04  0.000000e+00  0.000000e+00  1.153669e+04  0.000000e+00  0.000000e+00  1.023046e+02  7.666442e+01  6.349621e+01  5.741465e+01
6.890481e+05  1.190892e+04  0.000000e+00  0.000000e+00  1.069839e+04  0.000000e+00  0.000000e+00  9.533444e+01  7.143160e+01  5.915583e+01  5.348700e+01
6.925015e+05  1.110578e+04  0.000000e+00  0.000000e+00  9.976881e+03  0.000000e+00  0.000000e+00  8.888825e+01  6.659172e+01  5.514145e+01  4.985441e+01
6.959723e+05  1.048809e+04  0.000000e+00  0.000000e+00  9.421982e+03  0.000000e+00  0.000000e+00  8.288437e+01  6.208392e+01  5.140274e+01  4.647140e+01
6.994604e+05  9.929286e+03  0.000000e+00  0.000000e+00  8.919979e+03  0.000000e+00  0.000000e+00  7.722233e+01  5.783384e+01  4.787831e+01  4.328253e+01
7.029661e+05  9.373193e+03  0.000000e+00  0.000000e+00  8.420413e+03  0.000000e+00  0.000000e+00  7.187168e+01  5.381873e+01  4.454935e+01  4.027077e+01
7.064893e+05  8.819811e+03  0.000000e+00  0.000000e+00  7.923283e+03  0.000000e+00  0.000000e+00  6.683107e+01  5.003734e+01  4.141469e+01  3.743504e+01
7.100301e+05  8.269421e+03  0.000000e+00  0.000000e+00  7.428839e+03  0.000000e+00  0.000000e+00  6.209914e+01  4.648837e+01  3.847313e+01  3.477420e+01
7.135887e+05  7.721564e+03  0.000000e+00  0.000000e+00  6.936671e+03  0.000000e+00  0.000000e+00  5.767437e+01  4.317037e+01  3.572336e+01  3.228699e+01
7.171652e+05  7.176512e+03  0.000000e+00  0.000000e+00  6.447023e+03  0.000000e+00  0.000000e+00  5.355549e+01  4.008210e+01  3.316423e+01  2.997235e+01
7.207596e+05  6.634131e+03  0.000000e+00  0.000000e+00  5.959775e+03  0.000000e+00  0.000000e+00  4.974117e+01  3.722231e+01  3.079459e+01  2.782917e+01
7.243720e+05  6.147481e+03  0.000000e+00  0.000000e+00  5.522593e+03  0.000000e+00  0.000000e+00  4.622598e+01  3.458660e+01  2.861069e+01  2.585403e+01
7.280024e+05  5.772828e+03  0.000000e+00  0.000000e+00  5.186023e+03  0.000000e+00  0.000000e+00  4.297318e+01  3.214748e+01  2.658975e+01  2.402633e+01
7.316511e+05  5.457274e+03  0.000000e+00  0.000000e+00  4.902545e+03  0.000000e+00  0.000000e+00  3.992191e+01  2.985991e+01  2.469463e+01  2.231253e+01
7.353181e+05  5.143151e+03  0.000000e+00  0.000000e+00  4.620353e+03  0.000000e+00  0.000000e+00  3.704252e+01  2.770192e+01  2.290721e+01  2.069627e+01
7.390035e+05  4.830637e+03  0.000000e+00  0.000000e+00  4.339606e+03  0.000000e+00  0.000000e+00  3.433430e+01  2.567282e+01  2.122685e+01  1.917696e+01
7.427073e+05  4.519644e+03  0.000000e+00  0.000000e+00  4.060224e+03  0.000000e+00  0.000000e+00  3.179642e+01  2.377182e+01  1.965282e+01  1.775389e+01
7.464297e+05  4.210241e+03  0.000000e+00  0.000000e+00  3.782273e+03  0.000000e+00  0.000000e+00  2.942817e+01  2.199824e+01  1.818449e+01  1.642647e+01
7.501707e+05  3.902346e+03  0.000000e+00  0.000000e+00  3.505675e+03  0.000000e+00  0.000000e+00  2.722878e+01  2.035135e+01  1.682121e+01  1.519410e+01
7.539305e+05  3.596075e+03  0.000000e+00  0.000000e+00  3.230536e+03  0.000000e+00  0.000000e+00  2.519754e+01  1.883047e+01  1.556233e+01  1.405615e+01
7.577091e+05  3.308681e+03  0.000000e+00  0.000000e+00  2.972356e+03  0.000000e+00  0.000000e+00  2.333230e+01  1.743381e+01  1.440630e+01  1.301121e+01
7.615067e+05  3.087269e+03  0.000000e+00  0.000000e+00  2.773450e+03  0.000000e+00  0.000000e+00  2.161877e+01  1.615060e+01  1.334421e+01  1.205119e+01
7.653233e+05  2.914163e+03  0.000000e+00  0.000000e+00  2.617940e+03  0.000000e+00  0.000000e+00  2.002098e+01  1.495422e+01  1.235410e+01  1.115629e+01
7.691591e+05  2.741988e+03  0.000000e+00  0.000000e+00  2.463266e+03  0.000000e+00  0.000000e+00  1.851534e+01  1.382723e+01  1.142160e+01  1.031354e+01
7.730140e+05  2.570641e+03  0.000000e+00  0.000000e+00  2.309337e+03  0.000000e+00  0.000000e+00  1.710137e+01  1.276919e+01  1.054632e+01  9.522579e+00
7.768883e+05  2.400126e+03  0.000000e+00  0.000000e+00  2.156155e+03  0.000000e+00  0.000000e+00  1.577870e+01  1.177974e+01  9.727924e+00  8.783076e+00
7.807820e+05  2.230445e+03  0.000000e+00  0.000000e+00  2.003722e+03  0.000000e+00  0.000000e+00  1.454694e+01  1.085850e+01  8.966065e+00  8.094716e+00
7.846952e+05  2.061691e+03  0.000000e+00  0.000000e+00  1.852121e+03  0.000000e+00  0.000000e+00  1.340569e+01  1.000510e+01  8.260394e+00  7.457163e+00
7.886281e+05  1.893693e+03  0.000000e+00  0.000000e+00  1.701200e+03  0.000000e+00  0.000000e+00  1.235451e+01  9.219126e+00  7.610529e+00  6.870059e+00
7.925806e+05  1.728776e+03  0.000000e+00  0.000000e+00  1.553047e+03  0.000000e+00  0.000000e+00  1.139290e+01  8.500105e+00  7.016056e+00  6.333013e+00
7.965529e+05  1.601394e+03  0.000000e+00  0.000000e+00  1.438613e+03  0.000000e+00  0.000000e+00  1.051653e+01  7.844719e+00  6.474197e+00  5.843506e+00
8.005452e+05  1.509475e+03  0.000000e+00  0.000000e+00  1.356038e+03  0.000000e+00  0.000000e+00  9.704821e+00  7.237720e+00  5.972392e+00  5.390207e+00
8.045575e+05  1.417976e+03  0.000000e+00  0.000000e+00  1.273840e+03  0.000000e+00  0.000000e+00  8.940926e+00  6.666688e+00  5.500421e+00  4.963902e+00
8.085898e+05  1.326963e+03  0.000000e+00  0.000000e+00  1.192078e+03  0.000000e+00  0.000000e+00  8.224652e+00  6.131437e+00  5.058113e+00  4.564427e+00
8.126424e+05  1.236370e+03  0.000000e+00  0.000000e+00  1.110694e+03  0.000000e+00  0.000000e+00  7.555779e+00  5.631761e+00  4.645280e+00  4.191607e+00
8.167153e+05  1.146256e+03  0.000000e+00  0.000000e+00  1.029740e+03  0.000000e+00  0.000000e+00  6.934113e+00  5.167472e+00  4.261747e+00  3.845276e+00
8.208086e+05  1.056594e+03  0.000000e+00  0.000000e+00  9.491923e+02  0.000000e+00  0.000000e+00  6.359426e+00  4.738350e+00  3.907315e+00  3.525244e+00
8.249225e+05  9.673537e+02  0.000000e+00  0.000000e+00  8.690228e+02  0.000000e+00  0.000000e+00  5.831520e+00  4.344209e+00  3.581809e+00  3.231348e+00
8.290569e+05  8.785781e+02  0.000000e+00  0.000000e+00  7.892712e+02  0.000000e+00  0.000000e+00  5.350212e+00  3.984868e+00  3.285065e+00  2.963431e+00
8.332121e+05  8.074623e+02  0.000000e+00  0.000000e+00  7.253842e+02  0.000000e+00  0.000000e+00  4.913951e+00  3.659113e+00  3.016060e+00  2.720564e+00
8.373881e+05  7.570769e+02  0.000000e+00  0.000000e+00  6.801204e+02  0.000000e+00  0.000000e+00  4.512965e+00  3.359698e+00  2.768825e+00  2.497361e+00
8.415850e+05  7.100675e+02  0.000000e+00  0.000000e+00  6.378896e+02  0.000000e+00  0.000000e+00  4.137444e+00  3.079394e+00  2.537418e+00  2.288469e+00
8.458029e+05  6.632948e+02  0.000000e+00  0.000000e+00  5.958712e+02  0.000000e+00  0.000000e+00  3.785838e+00  2.817041e+00  2.320879e+00  2.093018e+00
8.500420e+05  6.167476e+02  0.000000e+00  0.000000e+00  5.540555e+02  0.000000e+00  0.000000e+00  3.458041e+00  2.572537e+00  2.119114e+00  1.910920e+00
8.543024e+05  5.704351e+02  0.000000e+00  0.000000e+00  5.124507e+02  0.000000e+00  0.000000e+00  3.153950e+00  2.345785e+00  1.932032e+00  1.742089e+00
8.585841e+05  5.243484e+02  0.000000e+00  0.000000e+00  4.710487e+02  0.000000e+00  0.000000e+00  2.873458e+00  2.136680e+00  1.759539e+00  1.586436e+00
8.628872e+05  4.785073e+02  0.000000e+00  0.000000e+00  4.298673e+02  0.000000e+00  0.000000e+00  2.616469e+00  1.945131e+00  1.601549e+00  1.443880e+00
8.672119e+05  4.328756e+02  0.000000e+00  0.000000e+00  3.888741e+02  0.000000e+00  0.000000e+00  2.382880e+00  1.771038e+00  1.457971e+00  1.314335e+00
8.715583e+05  3.943864e+02  0.000000e+00  0.000000e+00  3.542972e+02  0.000000e+00  0.000000e+00  2.172059e+00  1.613905e+00  1.328386e+00  1.197419e+00
8.759265e+05  3.669708e+02  0.000000e+00  0.000000e+00  3.296684e+02  0.000000e+00  0.000000e+00  1.979941e+00  1.470708e+00  1.210303e+00  1.090885e+00
8.803166e+05  3.436527e+02  0.000000e+00  0.000000e+00  3.087206e+02  0.000000e+00  0.000000e+00  1.801247e+00  1.337559e+00  1.100527e+00  9.918560e-01
8.847286e+05  3.204471e+02  0.000000e+00  0.000000e+00  2.878738e+02  0.000000e+00  0.000000e+00  1.634146e+00  1.213103e+00  9.979444e-01  8.993258e-01
8.891628e+05  2.973585e+02  0.000000e+00  0.000000e+00  2.671322e+02  0.000000e+00  0.000000e+00  1.478588e+00  1.097293e+00  9.025104e-01  8.132536e-01
8.936192e+05  2.743895e+02  0.000000e+00  0.000000e+00  2.464979e+02  0.000000e+00  0.000000e+00  1.334520e+00  9.900759e-01  8.141777e-01  7.335943e-01
8.980980e+05  2.515280e+02  0.000000e+00  0.000000e+00  2.259604e+02  0.000000e+00  0.000000e+00  1.201891e+00  8.914055e-01  7.329026e-01  6.603068e-01
9.025992e+05  2.287847e+02  0.000000e+00  0.000000e+00  2.055289e+02  0.000000e+00  0.000000e+00  1.080656e+00  8.012373e-01  6.586443e-01  5.933523e-01
9.071229e+05  2.061524e+02  0.000000e+00  0.000000e+00  1.851971e+02  0.000000e+00  0.000000e+00  9.707671e-01  7.195245e-01  5.913596e-01  5.326900e-01
9.116694e+05  1.860104e+02  0.000000e+00  0.000000e+00  1.671025e+02  0.000000e+00  0.000000e+00  8.719912e-01  6.460814e-01  5.308908e-01  4.781759e-01
9.162386e+05  1.715645e+02  0.000000e+00  0.000000e+00  1.541250e+02  0.000000e+00  0.000000e+00  7.828005e-01  5.797682e-01  4.762982e-01  4.289621e-01
9.208307e+05  1.604187e+02  0.000000e+00  0.000000e+00  1.441122e+02  0.000000e+00  0.000000e+00  7.004574e-01  5.185668e-01  4.259249e-01  3.835566e-01
9.254458e+05  1.493307e+02  0.000000e+00  0.000000e+00  1.341513e+02  0.000000e+00  0.000000e+00  6.235262e-01  4.614197e-01  3.789029e-01  3.411778e-01
9.300841e+05  1.382942e+02  0.000000e+00  0.000000e+00  1.242367e+02  0.000000e+00  0.000000e+00  5.519826e-01  4.083042e-01  3.352112e-01  3.018058e-01
9.347456e+05  1.273150e+02  0.000000e+00  0.000000e+00  1.143735e+02  0.000000e+00  0.000000e+00  4.858033e-01  3.591975e-01  2.948288e-01  2.654207e-01
9.394304e+05  1.163905e+02  0.000000e+00  0.000000e+00  1.045594e+02  0.000000e+00  0.000000e+00  4.249649e-01  3.140772e-01  2.577352e-01  2.320032e-01
9.441388e+05  1.055191e+02  0.000000e+00  0.000000e+00  9.479318e+01  0.000000e+00  0.000000e+00  3.694451e-01  2.729220e-01  2.239105e-01  2.015345e-01
9.488707e+05  9.470360e+01  0.000000e+00  0.000000e+00  8.507703e+01  0.000000e+00  0.000000e+00  3.192223e-01  2.357108e-01  1.933354e-01  1.739963e-01
9.536264e+05  8.453383e+01  0.000000e+00  0.000000e+00  7.594102e+01  0.000000e+00  0.000000e+00  2.742278e-01  2.023870e-01  1.659610e-01  1.493435e-01
9.584059e+05  7.718726e+01  0.000000e+00  0.000000e+00  6.934122e+01  0.000000e+00  0.000000e+00  2.339699e-01  1.725807e-01  1.414815e-01  1.273002e-01
9.632093e+05  7.206700e+01  0.000000e+00  0.000000e+00  6.474143e+01  0.000000e+00  0.000000e+00  1.970789e-01  1.452820e-01  1.190686e-01  1.071207e-01
9.680369e+05  6.697320e+01  0.000000e+00  0.000000e+00  6.016541e+01  0.000000e+00  0.000000e+00  1.626126e-01  1.197988e-01  9.815493e-02  8.829457e-02
9.728886e+05  6.190395e+01  0.000000e+00  0.000000e+00  5.561145e+01  0.000000e+00  0.000000e+00  1.305600e-01  9.612067e-02  7.873098e-02  7.081273e-02
9.777646e+05  5.686073e+01  0.000000e+00  0.000000e+00  5.108087e+01  0.000000e+00  0.000000e+00  1.009108e-01  7.423768e-02  6.078762e-02  5.466658e-02
9.826651e+05  5.184191e+01  0.000000e+00  0.000000e+00  4.657221e+01  0.000000e+00  0.000000e+00  7.365430e-02  5.413953e-02  4.431536e-02  3.984718e-02
9.875901e+05  4.684876e+01  0.000000e+00  0.000000e+00  4.208661e+01  0.000000e+00  0.000000e+00  4.878073e-02  3.581683e-02  2.930551e-02  2.634629e-02
9.925399e+05  4.187944e+01  0.000000e+00  0.000000e+00  3.762242e+01  0.000000e+00  0.000000e+00  2.628005e-02  1.925987e-02  1.574908e-02  1.415543e-02
9.975144e+05  3.693850e+01  0.000000e+00  0.000000e+00  3.318372e+01  0.000000e+00  0.000000e+00  7.614630e-03  5.567716e-03  4.549606e-03  4.088118e-03
